# Exported by CF Rez Manager
# Coordinates centered and scaled by 0.051448978219335917 for Blender import.
mtllib --out.mtl
o --out

g QV-M4A1_S_BornBeast_QV-M4A1_S_BornBeast
usemtl QV-M4A1_S_BornBeast
v 1.2943222615459136 0.010034304478875244 -0.13722427766977538
v 1.1780333545122137 0.047781851314904915 -0.10828763747845367
v 0.26097377621965884 0.068805656506146798 -0.15608594109200855
v 0.25906277043306186 0.072738617597543007 0.051406757297096865
v 0.67339412317472813 0.066446976466779203 0.12449557732772948
v 0.67663598345849196 0.066446976466779203 -0.01715744447674776
v 0.72534376646149845 0.066446921268013937 -0.059277389774526047
v 0.86832947045559283 0.058981625590389636 -0.059345296522206291
v 1.2064978612645518 0.042288384330014236 -0.4828780626401149
v 1.2943220407508524 0.047781802249335786 -0.41905533667223444
v 0.21266744770329959 0.047781231862094611 -0.41899478975992416
v 1.2943222124803444 0.074366981173148605 -0.24392540450309402
v 0.21266744770329959 0.085223124735209474 -0.32454224440829149
v 1.2943220407508524 0.088359816038134545 -0.32454214627715322
v 0.2154820450110522 0.067649647164585811 -0.17475664131917559
v 1.2943222615459136 -0.042103063675398421 -0.13722435126812907
v 1.1787352865442322 -0.093952625467529458 -0.1082875393473154
v 0.21266744770329959 -0.086781250948601008 -0.48287835703352971
v 0.26097387435079711 -0.10400329024711252 -0.15608589202643941
v 0.25906286856420013 -0.10480840717101797 0.051406757297096865
v 0.67339422130586635 -0.098516361249308834 0.12449557732772948
v 0.67663598345849196 -0.098516361249308834 -0.01715744447674776
v 0.72534381552706761 -0.098516361249308834 -0.059277389774526047
v 0.86832947045559283 -0.097946292934335613 -0.059345296522206291
v 1.2943217954230066 -0.079850714775762499 -0.41905533667223444
v 0.21266754583443787 -0.079851229964238393 -0.41899478975992416
v 1.2943222124803444 -0.11027445876915552 -0.24392535543752489
v 0.21266744770329959 -0.1339024006425496 -0.34385783794335978
v 1.2943222615459136 -0.13703791130521742 -0.34385783794335978
v 0.21548214314219044 -0.10355829006785965 -0.17475664131917559
v 0.21266744770329959 0.051365477820465549 -0.48287835703352971
v 1.2064978121989827 -0.077703139347590169 -0.4828780626401149
v 1.1440094734492467 0.054988362914528827 -0.056529963230916698
v 1.1447117734730337 -0.093952674533098593 -0.056529963230916698
v 1.2064978612645518 0.047781802249335786 -0.41893394845419907
v 1.2064976159367062 -0.079850714775762499 -0.41893394845419907
v 1.134103969155944 0.054988362914528827 0.00073865761051463373
v 0.8995871819275415 0.047781648919432242 0.12631059859470978
v 1.1610465600849109 0.054620966066056126 0.473676453001596
v 1.1929299556944453 0.051201457756049652 0.43729538839912002
v 1.4477319947679095 -0.016034220135161904 0.42508345889757648
v 1.1690438798618419 -0.023085408542498763 -0.013039273128266296
v 1.1399924507715331 -0.016034379598261587 0.47125155897668325
v -1.378335640941567 -0.051161279188125769 -0.3786123543962881
v -2.2499693830848608 0.015332674494500339 -0.37788515359616603
v -1.3783635101848346 0.015884416819402333 -0.37756058485635041
v -1.3783937345754207 0.048447346028645921 -0.31583786524736768
v -2.2499709531830732 -0.053632834569284117 -0.25654315532693761
v 0.12834100544379218 -0.016757851415129518 -0.5268280064698514
v 0.093949868595863781 -0.016757851415129518 -0.11168893632911561
v -0.7879583018550449 -0.016757912747090934 -0.4746822971688251
v -0.96410173242019914 -0.016757912747090934 -0.40251376321924565
v -1.2185202504725341 -0.016757961812660069 -0.052343345413494523
v 0.061708686856210671 -0.016757851415129518 -0.51880691442467541
v 0.072934398418178392 -0.016757851415129518 -0.50981579607773764
v 0.093949770464725524 0.099296684727811696 -0.19180221629829983
v -0.48985238983340473 0.14261286546734497 -0.33427184863625192
v -0.48985238983340473 0.092448774973393377 -0.44733938026130099
v -0.48985238983340473 -0.016757851415129518 -0.51880691442467541
v -0.44881375154818226 0.10481988544759706 -0.19180221629829983
v -0.79250648385140909 0.13195793673770095 -0.25489401248280413
v -0.7879583018550449 0.10288916143540472 -0.40361656095108178
v -0.89230859914005722 -0.016757912747090934 -0.017212765905945362
v -0.87822992099527475 0.10044708526150116 -0.090976347909689004
v -0.52057646417546166 0.13594147674042045 -0.15710142664357227
v -0.61089243859018794 -0.016757912747090934 0.03037261767035631
v -1.0741242057592773 0.052983188034373116 -0.2095025712975056
v -1.103666977458885 0.058613253563730421 -0.31036420848601448
v -1.1346167534189542 -0.016757912747090934 -0.35668269453451429
v -1.085665801455324 -0.016757961812660069 0.00618032362079302
v -1.1133248478247728 0.047356624560012689 -0.080266560807156093
v -1.2152931098595103 0.010834073255745185 -0.16699142621702892
v -1.2435124850284593 0.023148083673870189 -0.10842273952306174
v -0.99104716915217572 0.10225129677028182 -0.22877837265600692
v -1.4551886119729933 -0.016757961812660069 -0.18239271584336386
v -0.9816271686654453 0.096182631051845435 -0.33852558815224826
v -0.46943169248475108 0.15510045913596973 -0.26934244875657382
v -1.0793139691376261 -0.016757961812660069 -0.023061259082691056
v 0.12790451814078391 0.087125758709073103 -0.4604506816450547
v -0.5539771634448688 -0.016757912747090934 -0.074020096799171611
v -0.5211008769783565 0.096901889362964053 -0.089205767781951037
v 0.093949868595863781 -0.016757851415129518 -0.33427184863625192
v 0.12790451814078391 -0.016757851415129518 -0.4604506816450547
v 0.093949770464725524 -0.016757851415129518 -0.20378584370666691
v 0.093949770464725524 -0.13281233542590354 -0.1918023144294381
v 0.093949868595863781 0.14261286546734497 -0.33427184863625192
v 0.093949868595863781 -0.17612852383193198 -0.33427184863625192
v 0.12790451814078391 -0.1206414247401553 -0.4604506816450547
v -0.48985238983340473 -0.17612857289750111 -0.33427189770182109
v -0.48985238983340473 -0.12596459740097718 -0.44733938026130099
v -0.44881375154818226 -0.13833564654321945 -0.19180221629829983
v -0.79250648385140909 -0.1654737392323973 -0.2548940615483733
v -0.7879583018550449 -0.13640491639783095 -0.40361656095108178
v -0.87822992099527475 -0.13396289848929074 -0.090976396975258125
v -0.52057646417546166 -0.1694572501263929 -0.15710142664357227
v -1.0741242057592773 -0.0864990012621627 -0.2095025712975056
v -1.103666977458885 -0.092129128123481424 -0.31036420848601448
v -1.1133248478247728 -0.080872554318528966 -0.080266560807156093
v -1.2152931098595103 -0.044349947815496192 -0.16699142621702892
v -1.2435124850284593 -0.056663945967228908 -0.10842273952306174
v -0.99104716915217572 -0.13576706399910032 -0.22877837265600692
v -0.9816271686654453 -0.12969843814643889 -0.33852558815224826
v -0.46943169248475108 -0.18861622636478825 -0.26934244875657382
v -0.5211008769783565 -0.13041771485714593 -0.089205767781951037
v -1.2160657944422186 -0.016757961812660069 -0.023114568823554196
v -0.46648716954993397 -0.016757912747090934 -0.11168888726354648
v -1.1266459535821398 -0.016757961812660069 -0.2095025712975056
v -1.2152931098595103 -0.016757961812660069 -0.17965049025008262
v -1.1895870694038364 -0.016757961812660069 -0.26278493357306987
v -0.72078910781000871 -0.016757912747090934 -0.003198265525589068
v -0.92513582003743633 -0.064214192544611068 -0.31419147007510567
v -1.3975493252895457 -0.064214339741318474 -0.31419142100953651
v -0.92513582003743633 -0.016277732554769605 -0.36212769700349373
v -0.92513582003743633 0.031658776500640994 -0.31419117568169086
v -1.3975493252895457 0.031658567971972175 -0.31419142100953651
v -1.3975493252895457 -0.016277892017869288 -0.362127795134632
v -1.3783358372038435 -0.085643984654448863 -0.31794135526167389
v -2.2499411213170402 -0.051713009246635473 -0.37893667780825802
v -2.2499419063661463 -0.086195702446566283 -0.31826572773921297
v -2.2499992149508938 0.047895603703743926 -0.31616267931502895
v -1.3783656690698765 -0.053081092244382122 -0.25621853752155288
v -2.25 0.013412849171851699 -0.2554914839181382
v -1.378393538313144 0.013964640562322824 -0.25516671891604609
v -1.3975493252895457 -0.016277892017869288 -0.26625485062216453
v -0.92513582003743633 -0.016277732554769605 -0.26625485062216453
v -0.76263615041226851 -0.050789141379035577 -0.430034052159186
v -0.96469051924979665 -0.048111988996817151 -0.62210975993983386
v -0.92586473813247805 -0.048111988996817151 -0.62210975993983386
v -0.99192838677380668 -0.042138562614666232 -0.60342480616483363
v -0.99192838677380668 -0.03453379192358489 -0.60496036221642391
v -0.88750252851232936 -0.0027210875327790714 -0.58385883103047898
v -0.88750233225005282 0.0071209013812808183 -0.58385883103047898
v -0.92586473813247805 0.007094810764894279 -0.62479305778458616
v -0.92586473813247805 0.014596237100988979 -0.62210975993983386
v -0.96469051924979665 0.014596237100988979 -0.62210975993983386
v -0.76263615041226851 0.017273426282384256 -0.430034052159186
v -0.99192819051153014 -0.031299647200567222 -0.58295916475485399
v -0.99192838677380668 0.0086227984524457815 -0.60342480616483363
v -0.9919279942492536 0.035726483911269043 -0.35241516759359159
v -0.88491638049446053 -0.046523871454293 -0.52559979714331095
v -0.92522708199602399 -0.04592031588838643 -0.52559979714331095
v -0.95373751412107077 -0.05523525472521057 -0.36823675288512087
v -0.95441893674519163 -0.050169283777784526 -0.46830372411594967
v -0.92641466503132219 -0.050169283777784526 -0.48194355981040543
v -0.92641466503132219 0.016653519615564071 -0.48194355981040543
v 0.20182042420390134 -0.18000911969467084 -0.32168098574429327
v 0.099101949617118462 -0.090879379012091588 -0.44453101428082831
v 0.099115687976475741 -0.16647663946547839 -0.32146244769937432
v 0.099074472898403917 0.056417869871634004 -0.44221997690908899
v 0.099060832670184909 0.12811773333810142 -0.31684076548044876
v 0.099102047748256733 -0.094776828897827695 -0.19608313813959585
v 0.099074571029542188 0.05252040771950562 -0.19377234609570221
v 0.24793970404172064 -0.017209782106022451 -0.31912697567420673
v 0.201816989614062 -0.0964556564112867 -0.45770173406880221
v 0.20181031669665991 0.066343717976538541 -0.45514772399871567
v 0.20180698023795884 0.14558965208046518 -0.31657267121070537
v 0.20181031669665991 0.062036049266868808 -0.1805520700829038
v 0.20181689148292375 -0.10076334352054486 -0.18310612921855951
v -0.97802987739888114 -0.04608166801248071 -0.5255999934055875
v -0.88750233225005282 -0.040636665543501274 -0.58385883103047898
v -0.96469051924979665 -0.041115545498240577 -0.62479305778458616
v -0.92586473813247805 -0.0406105258615456 -0.62479305778458616
v -0.79818376272466474 -0.055235156594072306 -0.42183490116362593
v -0.88750252851232936 -0.030794627563872249 -0.58385883103047898
v -0.9919279942492536 -0.069242297139058634 -0.35241516759359159
v -0.88491638049446053 0.013008107292072548 -0.52559979714331095
v -0.79818376272466474 0.021719441497420982 -0.42183490116362593
v -0.92522708199602399 0.012404613058127392 -0.52559979714331095
v -0.99192819051153014 -0.0022161169616532299 -0.58295916475485399
v -0.99192838677380668 0.0010180277613644362 -0.60496036221642391
v -0.96469051924979665 0.0075998426679815372 -0.62479305778458616
v -0.95441893674519163 0.016653519615564071 -0.46830372411594967
v -0.97802987739888114 0.01256595291582939 -0.5255999934055875
v -0.95373751412107077 0.021719502829382398 -0.36823675288512087
v 0.80337308451289147 0.069650087217320175 -0.31151332411511229
v 0.80166192278937365 0.044844062629451328 -0.43236849380740183
v 0.6842361910516439 0.044512060455912036 -0.43243119960475396
v 0.76646135124745607 0.18012704265688617 -0.36614871852509162
v 0.7796362416088064 0.17585049991763527 -0.41102663946384288
v 0.76646120405074869 0.17832432151476796 -0.41102668852941199
v 0.66510734107269631 0.069745213089477023 -0.31260866388044017
v 0.77963638880551378 0.17765316892758629 -0.36614862039395335
v 1.1820752043679086 0.18513873788505678 -0.31936538527462455
v 0.88767111780787078 0.057029858582235332 -0.36165519557274173
v 0.86197533205614563 0.070928748215321705 -0.31891565026795032
v 0.90781027692083849 0.05672667016416947 -0.27266462937700858
v 1.185795478483505 0.16855431485722444 -0.28356528154346933
v 1.2171460710778228 0.053321672996234117 -0.26423148468225266
v 1.1887899501676995 0.15743891802765833 -0.36077064149240978
v 1.2171403058734496 0.054698808591485827 -0.38857104576653112
v 1.2671825006273851 0.098355889238860877 -0.32151367215354931
v 1.1965718230305669 0.10824973432629834 -0.29255684148052935
v 1.2505006977778139 0.16388038087377013 -0.28358770450856319
v 1.1879466111654393 0.14240387987541664 -0.29201849405600072
v 1.1831781983620213 0.16170583778216299 -0.32050351021623652
v 1.1965549444747852 0.10915394836686235 -0.35020927773650457
v 1.2504781030832279 0.16503901215668168 -0.35746941186999481
v 1.1879300270030724 0.14330814758144689 -0.34967102844311415
v 1.2443886979620387 0.18861622636478825 -0.32009126130438004
v 1.2009650559596088 0.091273010607060154 -0.32161337339002782
v 1.261531619030323 0.1212702352744741 -0.35815942096871395
v 1.2615534286758028 0.12011170672259792 -0.28427751734500578
v 0.87537862264181066 -0.0084110253228710709 -0.06442959345970356
v 0.80328285293125556 -0.028665365859378865 -0.064429544394134425
v 0.82499225745319082 -0.0084110866548324868 0.094130245894389439
v 0.80328295106239389 -0.0084110866548324868 -0.06442959345970356
v 0.82499225745319082 -0.028665365859378865 0.094130245894389439
v 0.84346475731384463 -0.028665304527417449 0.094409404449972353
v 0.87537852451067233 -0.028665304527417449 -0.064429544394134425
v 0.84960928760195498 -0.0084110253228710709 0.024027311073353156
v 0.87540423486889807 -0.028665304527417449 0.041925940037425911
v 0.87540433300003639 -0.0084110253228710709 0.041925940037425911
v 0.84960928760195498 -0.028665304527417449 0.024027311073353156
v 0.84346480637941368 -0.0084110866548324868 0.094409453515541489
v 0.50956202895418112 -0.083961379092166596 0.7248720010142834
v 0.16524753775889939 -0.083961599887227692 0.63371492008069263
v 0.63439190227080688 -0.083961280961028326 0.032504443050836905
v 0.25572268087989353 -0.083961477223304867 0.28589210882867533
v 0.63439180413966867 0.046088923583516274 0.032504443050836905
v 0.27736687726045078 0.046088770253612729 0.022405522284011402
v 0.25572258274875526 0.046088715054847455 0.28589215789424449
v 0.61039756325991124 0.046088874517947138 0.35855174925950245
v 0.27736707352272733 -0.083961477223304867 0.022405522284011402
v 0.61039785765332599 -0.083961280961028326 0.35855174925950245
v 0.50956193082304291 0.046088819319181865 0.7248720010142834
v 0.16524734149662285 0.04608866598927832 0.63371492008069263
v 0.85126265008503388 -0.086006284816927861 -0.49674556257534835
v 0.87450496111782616 -0.14106003680212079 -0.44797644761092548
v 0.92197428009034343 -0.086006235751358726 -0.47377002104193289
v 0.92197428009034343 -0.086006162153005022 -0.51972154569888607
v 0.87827211738472932 -0.086006235751358726 -0.53392087607816685
v 0.87450496111782616 -0.14105991413819796 -0.54551467753977123
v 0.87827211738472932 -0.086006284816927861 -0.45957088692492865
v 0.83907196597492506 -0.14105998773655165 -0.49674600416547054
v 0.93183660668280899 -0.14105991413819796 -0.46660507411256086
v 0.93183660668280899 -0.14105991413819796 -0.52688688515281112
v 0.97586942225881135 0.041289863198978288 -0.64673871302189734
v 1.0214059012664674 0.041289863198978288 -0.70941408972116893
v 0.9792356146947585 0.095819196248080232 -0.64673930180872696
v 1.095084697966749 0.041289863198978288 -0.68547421349201099
v 1.0923619759371981 0.095819196248080232 -0.68349628226911641
v 1.095084697966749 0.041289863198978288 -0.60800340881406034
v 1.0214059012664674 0.041289863198978288 -0.58406372884717894
v 1.0224460913320896 0.095819196248080232 -0.58726506097083886
v 1.0224460913320896 0.095819196248080232 -0.70621324825320031
v 1.0923619759371981 0.095819196248080232 -0.60998232134833752
v 1.4906539719919338 0.026233473857668502 -0.057727015921057556
v 1.674135851472111 -0.058638197272438471 -0.058584583938366318
v 1.8258191022466275 -0.058638405801107289 0.073326432315552054
v 1.8253701768218438 0.026262336678711064 -0.023910068895909554
v 1.6736753220402274 0.026251272392871543 -0.0576766501143424
v 1.6956555194382084 0.026266764846325331 -0.1230898119728886
v 1.4960078045002678 0.026246856491649564 -0.12314574672170035
v 1.4964684788289102 -0.058638356735538154 -0.12405370507850884
v 1.4911145949550586 -0.058638871924014048 -0.058634998810650603
v 1.8258306817209429 -0.058637792481493124 -0.024818100851071737
v 1.8253586954786667 0.026246230905643115 0.074234513336283378
v 1.6961162328659762 -0.058637633018393441 -0.12399779486248164
v 1.5570997616852598 -0.01696174338766222 -0.11439323423745694
v 1.5878647567119737 0.014043157739328108 -0.11390412411155339
v 1.588354553755845 -0.047554236139696351 -0.11486924385640196
v 1.6188384889361722 -0.016470817835700736 -0.1143799129354373
v 1.5878324470346994 0.013990166924664333 -0.03040294019208058
v 1.6188061792588979 -0.016523710519226246 -0.030877649573443567
v 1.5883227592670468 -0.047607226954360121 -0.031369188445019215
v 1.5570679671964613 -0.01701474646871828 -0.030893080694935935
v 1.2434348387653062 -0.15431353020522232 -0.41572927987183811
v 1.2434346425030296 0.12201928098595365 -0.47012744225505881
v 1.2181317738289226 0.12954770641811336 -0.41572927987183811
v 1.2434348387653062 -0.15431348113965318 -0.47012734412392054
v 1.2181314058371542 0.12954770641811336 -0.47012734412392054
v 1.2169314092128654 -0.16374609147765082 -0.47012724599278227
v 1.1812176854161689 -0.14696951848129897 -0.41572927987183811
v 1.1850052038942622 0.12201928098595365 -0.41572927987183811
v 1.1812176854161689 -0.14696946941572983 -0.47012739318948965
v 1.1850049585664166 0.12201928098595365 -0.47012744225505881
v 1.1712519286039706 -0.047240191964459784 -0.42933737014306472
v 1.2032817849373676 -0.047240191964459784 -0.42933737014306472
v 1.1712519286039706 -0.047240191964459784 -0.44240976253049591
v 1.2032817849373676 -0.047240191964459784 -0.44240976253049591
v 1.1482482724994421 -0.13003615645878217 -0.44240986066163418
v 1.1975007323853952 -0.15770329864713797 -0.44240986066163418
v 1.1482482724994421 -0.13003615645878217 -0.42933741920863389
v 1.1975007323853952 -0.15770329864713797 -0.42933741920863389
v 1.3402736022069823 -0.07151994539100287 -0.41198969845478783
v 1.2906789958410716 -0.1269020932304038 -0.30803732293544517
v 1.2906789958410716 -0.071519896325433735 -0.41198969845478783
v 1.2906789467755024 -0.071519896325433735 -0.20408504554724072
v 1.3402736022069823 0.038004383624255088 -0.41198969845478783
v 1.2906789958410716 0.038004383624255088 -0.41198969845478783
v 1.2906789958410716 0.09338648239808689 -0.30803732293544517
v 1.2906789467755024 0.038004334558685952 -0.20408499648167158
v 1.3402736022069823 -0.1269020932304038 -0.30803732293544517
v 1.3402735531414132 -0.071519896325433735 -0.20408494741610245
v 1.3402736022069823 0.093386534530254098 -0.30803732293544517
v 1.3402735531414132 0.038004383624255088 -0.20408494741610245
v 1.926135351101437 -0.016506010115161469 -0.46902793191635461
v 2.2033125899371884 -0.016478079539932439 -0.4591651146681977
v 2.2031985124889539 0.0085882317589914946 -0.42368393713640778
v 2.2034229384021686 -0.04213023373430589 -0.42412650856998857
v 1.9631433510135115 -0.042413759125541649 -0.42460867591785978
v 1.9629643598173139 0.0085428951731124862 -0.42416644794326291
v 2.2015254747126525 -0.1086613791183349 -0.31921455771510937
v 1.3391229900780259 -0.061707641146268519 -0.41212536475344091
v 2.201130202487716 -0.061149986420285983 -0.41192949500146148
v 2.2011088098995741 -0.063846531968704281 -0.21779553566124818
v 1.3387171196901568 -0.016757753283991251 -0.44511980111042582
v 2.2015254747126525 0.075145915482725381 -0.31921450864954021
v 2.201130202487716 0.027634590249834029 -0.41192949500146148
v 2.2007245283621231 -0.016757704218422119 -0.44492299911263283
v 2.2011088098995741 0.030331074466290908 -0.21779553566124818
v 1.3395181764382165 -0.1090214713302029 -0.31941052559822702
v 1.3391014870923534 -0.063899056660461293 -0.21799150354436586
v 1.3391229900780259 0.028192134578286013 -0.41212536475344091
v 1.3395181764382165 0.075505958629024261 -0.31941047653265792
v 1.3391014870923534 0.030383562358871068 -0.21799150354436586
v 1.4553338889900003 -0.053216145223421052 -0.082236298080005404
v 1.3262613220436295 -0.052988174322836271 -0.2289229198226731
v 2.1520166472279785 -0.053215679100514286 0.10564004710163795
v 2.1609313704837763 -0.053604793596524536 -0.22966101317914273
v 1.7322424263695901 0.019854569612201441 -0.083204926013046993
v 2.1609313704837763 0.020089336094111163 -0.22966101317914273
v 2.1520166472279785 0.019700172532531781 0.10564004710163795
v 1.4254774288405323 0.019874428901308076 -0.15939475134485454
v 1.7322424263695901 -0.053370076180183947 -0.083204926013046993
v 1.4254774288405323 -0.053389935469290578 -0.15939475134485454
v 1.4553338889900003 0.019700638655438547 -0.082236298080005404
v 1.3262613220436295 0.019472667754853762 -0.2289229198226731
v 2.1247031205963651 -0.071989061297484683 0.21915619749166343
v 2.1917626040288196 -0.071839239582136685 0.23020697496668122
v 2.2010806462628913 -0.071937248056480094 -0.39931301988241535
v 2.2016249796868546 -0.016757704218422119 -0.46456188568271928
v 2.200774477111501 -0.11693751399186481 -0.31023472444907219
v 2.2246362409545988 -0.1167714761059183 -0.31023423379338083
v 1.9347495968118633 -0.056285073908775199 -0.0084693060192070121
v 2.1073391100735668 0.072713667755638811 0.068328834238713027
v 2.2007746733737772 0.083422105555020554 -0.31023472444907219
v 2.2010809406563063 0.038421790554066727 -0.39931301988241535
v 1.9347498912052781 0.022769567340792697 -0.0084693060192070121
v 2.0206655672490075 0.033968832560997662 0.14978522283095511
v 2.1650157847206941 0.072553714000264821 0.06832899370181271
v 2.25 0.038335919674887614 -0.39931272548900054
v 2.2246362409545988 0.083256073802270208 -0.31023418472781172
v 2.2498762566346464 -0.016757704218422119 -0.46455663566682204
v 2.1650157847206941 -0.10606922056824733 0.068328944636243574
v 2.25 -0.071851383310497133 -0.39931272548900054
v 2.2128497099374393 -0.016757753283991251 0.29518230021906794
v 2.1917626040288196 0.038323726880958031 0.23020697496668122
v 2.0527909542455065 -0.016757753283991251 0.021583477738755023
v 2.1881559903041201 -0.016757704218422119 -0.39931301988241535
v 2.1643892174028641 -0.016757704218422119 -0.31023472444907219
v 2.1073390119424289 -0.10622917432362132 0.068328834238713027
v 2.0206655672490075 -0.067484290063411029 0.14978522283095511
v 2.1247031205963651 0.038473548596306029 0.21915619749166343
v 2.1744354908140098 -0.016757753283991251 0.29517813271228971
v 0.67291200489242609 0.015284516638396176 0.11843602860535765
v 0.91869037061383252 0.015284614769534443 0.10107312205786492
v 0.9186905178105399 -0.052850594466986985 0.11843597953978852
v 0.67291190676128776 -0.052850655798948404 0.10107318338982633
v 0.9186905178105399 0.015284614769534443 0.11843597953978852
v 0.67291190676128776 0.015284516638396176 0.10107318338982633
v 0.6729121030235643 -0.052850655798948404 0.11843602860535765
v 0.91869037061383252 -0.052850594466986985 0.10107312205786492
v 0.93243059446273469 0.054988154385860008 -0.0011077778871031348
v 0.93243054539716552 -0.093952723598667714 -0.0011077778871031348
v 0.89958728005867983 -0.016034588126930403 0.12631059859470978
v 1.1794582922381933 0.061460025618442063 0.49488340156282346
v 1.4181119938624862 0.055884140743800007 0.43289870861384666
v 1.1801498223695557 -0.093528797081357515 0.49488340156282346
v 1.0224737643130808 0.054988209584625282 0.12573915644380082
v 1.1348059747863162 -0.093952674533098593 0.00073865761051463373
v 1.4188142202879195 -0.087952593280516106 0.43289870861384666
v 1.0231653925755813 -0.079850763841331635 0.12573915644380082
v 0.89958728005867983 -0.07985081290690077 0.12631059859470978
v 1.1617380411507041 -0.086689719129383155 0.473676453001596
v 1.1936212650307465 -0.083270167887003699 0.43729538839912002
v 0.98897964420004414 -0.016034477729399855 0.1292045471941429
v 1.1597613610998223 -0.016034379598261587 0.49992763646312349
v 1.160671183948258 -0.016034379598261587 0.43729538839912002
v 1.2039502787840217 -0.023085408542498763 -0.1082875393473154
v 1.1699264958521931 -0.023085408542498763 -0.056529963230916698
v 1.2434348387653062 0.12201928098595365 -0.41572927987183811
v 1.2169314092128654 -0.16374609147765082 -0.415729230806269
v 1.9825785173405572 -0.026611616065781357 0.075468156674605255
v 2.1054006275682555 -0.022385905256152364 0.20390985999924896
v 2.0266600059611397 -0.024257670853835109 0.14839183426592806
v 1.9501262555224934 -0.020365667246272784 -0.014435752824148738
v 1.9308669401952208 -0.016757593820891571 0.08887766632115783
v 2.0822198938247252 -0.016757655152852987 0.22430408034015917
v 1.8874419734224241 -0.016757544755322436 0.13470568067421065
v 1.9893059956555383 -0.016757704218422119 0.17060240677738128
v 1.9404919366297895 -0.016757544755322436 0.0079543383383702954
v 2.1301669642438918 -0.016757544755322436 0.21113313975712414
v 1.9825785173405572 -0.0069033753137252487 0.075468156674605255
v 2.0266600059611397 -0.0092578357141473964 0.14839183426592806
v 1.9501262555224934 -0.013149373198802957 -0.014435703758579605
v 2.1054006275682555 -0.011129184254492509 0.2039099090648181
v 2.0688271523364241 -0.016757655152852987 0.27446904481456091
v 1.9566911305413672 -0.016757753283991251 0.23392225972721636
v 1.9506950235998846 -0.016757544755322436 0.11038189089937057
v 2.1016503498571342 -0.016757655152852987 0.23195207319774969
v 2.0092252428876516 -0.016757704218422119 0.19185639081981892
v 0.25952938399551789 0.037676190165519756 -0.57746323222511442
v 0.85768989618248936 0.036762098612569634 -0.63009783085698312
v 0.89496790392150349 0.036533508259174542 -0.58950882944729666
v 0.29069485219749636 -0.076166969976385723 -0.52594845707757099
v 0.85768989618248936 -0.074272867278355123 -0.63009783085698312
v 0.85768989618248936 0.036762098612569634 -0.52594845707757099
v 0.29227309529423245 0.038655318130355831 -0.62380605479590423
v 0.29227319342537073 -0.076167019041954859 -0.62380605479590423
v 0.22313568500899011 0.043833710563058154 -0.48279455304145036
v 0.25949336986777416 0.037676190165519756 -0.65919861990983974
v 1.1116630951293722 0.034681344356360479 -0.68742613996326496
v 1.1116630951293722 -0.072191751163573611 -0.68742613996326496
v 0.22313568500899011 -0.081345521872187729 -0.61491714002947073
v 1.1891843637451762 -0.074000921361434782 -0.48279420958246638
v 0.29069485219749636 0.038655269064786703 -0.52594845707757099
v 0.25952958025779443 -0.075187940142687912 -0.57746323222511442
v 0.89496790392150349 -0.074044246258979332 -0.58950882944729666
v 0.85768989618248936 -0.074272867278355123 -0.52594845707757099
v 0.22313568500899011 0.043833710563058154 -0.61491714002947073
v 1.0553775765638767 0.032872039228184206 -0.7248720010142834
v 1.0553775765638767 -0.070382556432927887 -0.7248720010142834
v 0.22313568500899011 -0.081345521872187729 -0.48279455304145036
v 0.25949346799891243 -0.075187940142687912 -0.65919861990983974
v 1.1891843637451762 0.036490753748871167 -0.48279420958246638
v 0.35551449239902372 -0.14106003680212079 -0.49674605323103971
v 0.36770532370584003 -0.086006333882496996 -0.49674556257534835
v 0.39471474193996625 -0.086006333882496996 -0.45957088692492865
v 0.39094758567306315 -0.14106008586768992 -0.44797644761092548
v 0.43841695371114958 -0.086006284816927861 -0.47376997197636372
v 0.44827932936918424 -0.14105998773655165 -0.46660512317813002
v 0.43841695371114958 -0.086006235751358726 -0.5197214966333169
v 0.44827932936918424 -0.14105998773655165 -0.52688693421838029
v 0.39471474193996625 -0.086006284816927861 -0.53392087607816685
v 0.39094758567306315 -0.14105998773655165 -0.54551472660534039
v 1.2064978612645518 0.047781802249335786 -0.41893394845419907
v 1.2943220407508524 0.088359816038134545 -0.32454214627715322
v 1.2943220407508524 0.047781802249335786 -0.41905533667223444
v 1.2943222124803444 0.074366981173148605 -0.24392540450309402
v 0.2154820450110522 0.067649647164585811 -0.17475664131917559
v 0.72534376646149845 0.066446921268013937 -0.059277389774526047
v 0.72534376646149845 0.066446921268013937 -0.059277389774526047
v 0.86832947045559283 0.058981625590389636 -0.059345296522206291
v 1.2943222124803444 0.074366981173148605 -0.24392540450309402
v 0.2154820450110522 0.067649647164585811 -0.17475664131917559
v 0.26097377621965884 0.068805656506146798 -0.15608594109200855
v 0.72534376646149845 0.066446921268013937 -0.059277389774526047
v 0.21266744770329959 0.085223124735209474 -0.32454224440829149
v 0.2154820450110522 0.067649647164585811 -0.17475664131917559
v 1.2943222124803444 0.074366981173148605 -0.24392540450309402
v 1.2943222124803444 0.074366981173148605 -0.24392540450309402
v 1.2943220407508524 0.088359816038134545 -0.32454214627715322
v 0.21266744770329959 0.085223124735209474 -0.32454224440829149
v 1.2943222615459136 0.010034304478875244 -0.13722427766977538
v 1.2943222124803444 0.074366981173148605 -0.24392540450309402
v 1.1780333545122137 0.047781851314904915 -0.10828763747845367
v 0.25906277043306186 0.072738617597543007 0.051406757297096865
v 0.67339412317472813 0.066446976466779203 0.12449557732772948
v 0.67663598345849196 0.066446976466779203 -0.01715744447674776
v 0.67663598345849196 0.066446976466779203 -0.01715744447674776
v 0.26097377621965884 0.068805656506146798 -0.15608594109200855
v 0.25906277043306186 0.072738617597543007 0.051406757297096865
v 0.86832947045559283 0.058981625590389636 -0.059345296522206291
v 1.1440094734492467 0.054988362914528827 -0.056529963230916698
v 1.1780333545122137 0.047781851314904915 -0.10828763747845367
v 1.1780333545122137 0.047781851314904915 -0.10828763747845367
v 1.2943222124803444 0.074366981173148605 -0.24392540450309402
v 0.86832947045559283 0.058981625590389636 -0.059345296522206291
v 0.21266744770329959 -0.1339024006425496 -0.34385783794335978
v 0.21266754583443787 -0.079851229964238393 -0.41899478975992416
v 1.2064976159367062 -0.079850714775762499 -0.41893394845419907
v 1.2064976159367062 -0.079850714775762499 -0.41893394845419907
v 1.2943222615459136 -0.13703791130521742 -0.34385783794335978
v 0.21266744770329959 -0.1339024006425496 -0.34385783794335978
v 0.67663598345849196 -0.098516361249308834 -0.01715744447674776
v 0.26097387435079711 -0.10400329024711252 -0.15608589202643941
v 0.72534381552706761 -0.098516361249308834 -0.059277389774526047
v 0.21266744770329959 -0.1339024006425496 -0.34385783794335978
v 1.2943222615459136 -0.13703791130521742 -0.34385783794335978
v 1.2943222124803444 -0.11027445876915552 -0.24392535543752489
v 1.2943222124803444 -0.11027445876915552 -0.24392535543752489
v 0.21548214314219044 -0.10355829006785965 -0.17475664131917559
v 0.21266744770329959 -0.1339024006425496 -0.34385783794335978
v 1.2943222124803444 -0.11027445876915552 -0.24392535543752489
v 1.2943222615459136 -0.042103063675398421 -0.13722435126812907
v 1.1787352865442322 -0.093952625467529458 -0.1082875393473154
v 0.67663598345849196 -0.098516361249308834 -0.01715744447674776
v 0.67339422130586635 -0.098516361249308834 0.12449557732772948
v 0.25906286856420013 -0.10480840717101797 0.051406757297096865
v 0.25906286856420013 -0.10480840717101797 0.051406757297096865
v 0.26097387435079711 -0.10400329024711252 -0.15608589202643941
v 0.67663598345849196 -0.098516361249308834 -0.01715744447674776
v 1.2943222124803444 -0.11027445876915552 -0.24392535543752489
v 1.1787352865442322 -0.093952625467529458 -0.1082875393473154
v 0.86832947045559283 -0.097946292934335613 -0.059345296522206291
v 1.2064978612645518 0.047781802249335786 -0.41893394845419907
v 1.2064978612645518 0.042288384330014236 -0.4828780626401149
v 0.21266744770329959 0.051365477820465549 -0.48287835703352971
v 0.21266744770329959 0.051365477820465549 -0.48287835703352971
v 0.21266744770329959 0.047781231862094611 -0.41899478975992416
v 1.2064978612645518 0.047781802249335786 -0.41893394845419907
v 1.2064976159367062 -0.079850714775762499 -0.41893394845419907
v 0.21266754583443787 -0.079851229964238393 -0.41899478975992416
v 0.21266744770329959 -0.086781250948601008 -0.48287835703352971
v 0.21266744770329959 -0.086781250948601008 -0.48287835703352971
v 1.2064978121989827 -0.077703139347590169 -0.4828780626401149
v 1.2064976159367062 -0.079850714775762499 -0.41893394845419907
v 0.86832947045559283 -0.097946292934335613 -0.059345296522206291
v 1.1787352865442322 -0.093952625467529458 -0.1082875393473154
v 1.1447117734730337 -0.093952674533098593 -0.056529963230916698
v 0.21266744770329959 0.085223124735209474 -0.32454224440829149
v 1.2943220407508524 0.088359816038134545 -0.32454214627715322
v 1.2064978612645518 0.047781802249335786 -0.41893394845419907
v 1.2064978612645518 0.047781802249335786 -0.41893394845419907
v 0.21266744770329959 0.047781231862094611 -0.41899478975992416
v 0.21266744770329959 0.085223124735209474 -0.32454224440829149
v 1.2064976159367062 -0.079850714775762499 -0.41893394845419907
v 1.2943217954230066 -0.079850714775762499 -0.41905533667223444
v 1.2943222615459136 -0.13703791130521742 -0.34385783794335978
v 0.26097377621965884 0.068805656506146798 -0.15608594109200855
v 0.67663598345849196 0.066446976466779203 -0.01715744447674776
v 0.72534376646149845 0.066446921268013937 -0.059277389774526047
v 0.72534381552706761 -0.098516361249308834 -0.059277389774526047
v 0.21548214314219044 -0.10355829006785965 -0.17475664131917559
v 1.2943222124803444 -0.11027445876915552 -0.24392535543752489
v 1.2943222124803444 -0.11027445876915552 -0.24392535543752489
v 0.86832947045559283 -0.097946292934335613 -0.059345296522206291
v 0.72534381552706761 -0.098516361249308834 -0.059277389774526047
v 0.26097387435079711 -0.10400329024711252 -0.15608589202643941
v 0.21548214314219044 -0.10355829006785965 -0.17475664131917559
v 0.72534381552706761 -0.098516361249308834 -0.059277389774526047
v 1.160671183948258 -0.016034379598261587 0.43729538839912002
v 1.0224737643130808 0.054988209584625282 0.12573915644380082
v 1.0224737643130808 0.054988209584625282 0.12573915644380082
v 0.98897964420004414 -0.016034477729399855 0.1292045471941429
v 1.160671183948258 -0.016034379598261587 0.43729538839912002
v 1.0224737643130808 0.054988209584625282 0.12573915644380082
v 0.93243059446273469 0.054988154385860008 -0.0011077778871031348
v 1.0224737643130808 0.054988209584625282 0.12573915644380082
v 1.4181119938624862 0.055884140743800007 0.43289870861384666
v 0.8995871819275415 0.047781648919432242 0.12631059859470978
v 1.0224737643130808 0.054988209584625282 0.12573915644380082
v 0.93243059446273469 0.054988154385860008 -0.0011077778871031348
v 1.1597613610998223 -0.016034379598261587 0.49992763646312349
v 1.1794582922381933 0.061460025618442063 0.49488340156282346
v 1.1399924507715331 -0.016034379598261587 0.47125155897668325
v 1.1597613610998223 -0.016034379598261587 0.49992763646312349
v 1.160671183948258 -0.016034379598261587 0.43729538839912002
v 1.160671183948258 -0.016034379598261587 0.43729538839912002
v 1.1399924507715331 -0.016034379598261587 0.47125155897668325
v 1.1794582922381933 0.061460025618442063 0.49488340156282346
v 1.4181119938624862 0.055884140743800007 0.43289870861384666
v 1.1794582922381933 0.061460025618442063 0.49488340156282346
v 1.1440094734492467 0.054988362914528827 -0.056529963230916698
v 0.86832947045559283 0.058981625590389636 -0.059345296522206291
v 0.93243059446273469 0.054988154385860008 -0.0011077778871031348
v 0.93243059446273469 0.054988154385860008 -0.0011077778871031348
v 1.1440094734492467 0.054988362914528827 -0.056529963230916698
v 1.4181119938624862 0.055884140743800007 0.43289870861384666
v 1.4477319947679095 -0.016034220135161904 0.42508345889757648
v 1.1690438798618419 -0.023085408542498763 -0.013039273128266296
v 1.1690438798618419 -0.023085408542498763 -0.013039273128266296
v 1.4181119938624862 0.055884140743800007 0.43289870861384666
v 1.1440094734492467 0.054988362914528827 -0.056529963230916698
v 1.1690438798618419 -0.023085408542498763 -0.013039273128266296
v 1.1690438798618419 -0.023085408542498763 -0.013039273128266296
v 1.1699264958521931 -0.023085408542498763 -0.056529963230916698
v 1.1440094734492467 0.054988362914528827 -0.056529963230916698
v -1.378393538313144 0.013964640562322824 -0.25516671891604609
v -1.3783358372038435 -0.085643984654448863 -0.31794135526167389
v -1.378335640941567 -0.051161279188125769 -0.3786123543962881
v -1.378393538313144 0.013964640562322824 -0.25516671891604609
v -1.378335640941567 -0.051161279188125769 -0.3786123543962881
v -1.3783635101848346 0.015884416819402333 -0.37756058485635041
v -1.378393538313144 0.013964640562322824 -0.25516671891604609
v -1.3783635101848346 0.015884416819402333 -0.37756058485635041
v -1.3783937345754207 0.048447346028645921 -0.31583786524736768
v -1.378393538313144 0.013964640562322824 -0.25516671891604609
v -1.3783656690698765 -0.053081092244382122 -0.25621853752155288
v -1.3783358372038435 -0.085643984654448863 -0.31794135526167389
v -2.25 0.013412849171851699 -0.2554914839181382
v -2.2499411213170402 -0.051713009246635473 -0.37893667780825802
v -2.2499419063661463 -0.086195702446566283 -0.31826572773921297
v -2.25 0.013412849171851699 -0.2554914839181382
v -2.2499693830848608 0.015332674494500339 -0.37788515359616603
v -2.2499411213170402 -0.051713009246635473 -0.37893667780825802
v -2.25 0.013412849171851699 -0.2554914839181382
v -2.2499992149508938 0.047895603703743926 -0.31616267931502895
v -2.2499693830848608 0.015332674494500339 -0.37788515359616603
v -2.25 0.013412849171851699 -0.2554914839181382
v -2.2499419063661463 -0.086195702446566283 -0.31826572773921297
v -2.2499709531830732 -0.053632834569284117 -0.25654315532693761
v 0.093949868595863781 0.14261286546734497 -0.33427184863625192
v 0.12790451814078391 0.087125758709073103 -0.4604506816450547
v 0.093949868595863781 0.14261286546734497 -0.33427184863625192
v 0.12834100544379218 -0.016757851415129518 -0.5268280064698514
v 0.072934398418178392 -0.016757851415129518 -0.50981579607773764
v 0.12790451814078391 0.087125758709073103 -0.4604506816450547
v 0.093949868595863781 -0.016757851415129518 -0.11168893632911561
v 0.093949770464725524 0.099296684727811696 -0.19180221629829983
v -0.46648716954993397 -0.016757912747090934 -0.11168888726354648
v 0.093949868595863781 -0.016757851415129518 -0.11168893632911561
v 0.093949770464725524 0.099296684727811696 -0.19180221629829983
v -0.48985238983340473 -0.016757851415129518 -0.51880691442467541
v -0.7879583018550449 -0.016757912747090934 -0.4746822971688251
v -0.7879583018550449 -0.016757912747090934 -0.4746822971688251
v -0.61089243859018794 -0.016757912747090934 0.03037261767035631
v -0.5539771634448688 -0.016757912747090934 -0.074020096799171611
v -0.61089243859018794 -0.016757912747090934 0.03037261767035631
v -0.72078910781000871 -0.016757912747090934 -0.003198265525589068
v -0.96410173242019914 -0.016757912747090934 -0.40251376321924565
v -1.1346167534189542 -0.016757912747090934 -0.35668269453451429
v -0.96410173242019914 -0.016757912747090934 -0.40251376321924565
v -0.89230859914005722 -0.016757912747090934 -0.017212765905945362
v -1.0793139691376261 -0.016757961812660069 -0.023061259082691056
v -0.89230859914005722 -0.016757912747090934 -0.017212765905945362
v -1.2185202504725341 -0.016757961812660069 -0.052343345413494523
v -1.085665801455324 -0.016757961812660069 0.00618032362079302
v -1.2185202504725341 -0.016757961812660069 -0.052343345413494523
v -1.1266459535821398 -0.016757961812660069 -0.2095025712975056
v -1.4551886119729933 -0.016757961812660069 -0.18239271584336386
v -1.2160657944422186 -0.016757961812660069 -0.023114568823554196
v -1.4551886119729933 -0.016757961812660069 -0.18239271584336386
v -1.1266459535821398 -0.016757961812660069 -0.2095025712975056
v -1.1266459535821398 -0.016757961812660069 -0.2095025712975056
v -1.2152931098595103 -0.016757961812660069 -0.17965049025008262
v -1.2152931098595103 -0.016757961812660069 -0.17965049025008262
v -1.4551886119729933 -0.016757961812660069 -0.18239271584336386
v -0.7879583018550449 -0.016757912747090934 -0.4746822971688251
v -0.96410173242019914 -0.016757912747090934 -0.40251376321924565
v -0.96410173242019914 -0.016757912747090934 -0.40251376321924565
v -1.1346167534189542 -0.016757912747090934 -0.35668269453451429
v -1.1895870694038364 -0.016757961812660069 -0.26278493357306987
v 0.093949868595863781 0.14261286546734497 -0.33427184863625192
v 0.093949868595863781 0.14261286546734497 -0.33427184863625192
v 0.093949770464725524 0.099296684727811696 -0.19180221629829983
v -1.2160657944422186 -0.016757961812660069 -0.023114568823554196
v -1.2185202504725341 -0.016757961812660069 -0.052343345413494523
v -1.085665801455324 -0.016757961812660069 0.00618032362079302
v -1.0793139691376261 -0.016757961812660069 -0.023061259082691056
v 0.061708686856210671 -0.016757851415129518 -0.51880691442467541
v -0.48985238983340473 -0.016757851415129518 -0.51880691442467541
v 0.12790451814078391 0.087125758709073103 -0.4604506816450547
v 0.061708686856210671 -0.016757851415129518 -0.51880691442467541
v 0.061708686856210671 -0.016757851415129518 -0.51880691442467541
v 0.12790451814078391 0.087125758709073103 -0.4604506816450547
v 0.072934398418178392 -0.016757851415129518 -0.50981579607773764
v -1.1895870694038364 -0.016757961812660069 -0.26278493357306987
v -1.1266459535821398 -0.016757961812660069 -0.2095025712975056
v -0.46648716954993397 -0.016757912747090934 -0.11168888726354648
v -0.5539771634448688 -0.016757912747090934 -0.074020096799171611
v -0.46648716954993397 -0.016757912747090934 -0.11168888726354648
v -0.89230859914005722 -0.016757912747090934 -0.017212765905945362
v -0.72078910781000871 -0.016757912747090934 -0.003198265525589068
v -0.72078910781000871 -0.016757912747090934 -0.003198265525589068
v 0.12790451814078391 -0.1206414247401553 -0.4604506816450547
v 0.093949868595863781 -0.17612852383193198 -0.33427184863625192
v 0.12790451814078391 -0.1206414247401553 -0.4604506816450547
v 0.12790451814078391 -0.1206414247401553 -0.4604506816450547
v 0.12834100544379218 -0.016757851415129518 -0.5268280064698514
v 0.093949868595863781 -0.016757851415129518 -0.11168893632911561
v 0.093949770464725524 -0.13281233542590354 -0.1918023144294381
v 0.093949770464725524 -0.13281233542590354 -0.1918023144294381
v 0.093949868595863781 -0.17612852383193198 -0.33427184863625192
v 0.093949770464725524 -0.13281233542590354 -0.1918023144294381
v 0.12834100544379218 -0.016757851415129518 -0.5268280064698514
v 0.093949868595863781 -0.016757851415129518 -0.11168893632911561
v -0.92513582003743633 -0.016277732554769605 -0.26625485062216453
v -1.3975493252895457 -0.016277892017869288 -0.26625485062216453
v -0.92513582003743633 -0.016277732554769605 -0.26625485062216453
v -1.378393538313144 0.013964640562322824 -0.25516671891604609
v -2.25 0.013412849171851699 -0.2554914839181382
v -1.378393538313144 0.013964640562322824 -0.25516671891604609
v -0.92586473813247805 -0.0406105258615456 -0.62479305778458616
v -0.88750252851232936 -0.030794627563872249 -0.58385883103047898
v -0.88750233225005282 -0.040636665543501274 -0.58385883103047898
v -0.88750233225005282 -0.040636665543501274 -0.58385883103047898
v -0.92586473813247805 -0.048111988996817151 -0.62210975993983386
v -0.92586473813247805 -0.0406105258615456 -0.62479305778458616
v -0.96469051924979665 -0.041115545498240577 -0.62479305778458616
v -0.96469051924979665 -0.048111988996817151 -0.62210975993983386
v -0.99192838677380668 -0.042138562614666232 -0.60342480616483363
v -0.99192838677380668 -0.042138562614666232 -0.60342480616483363
v -0.99192838677380668 -0.03453379192358489 -0.60496036221642391
v -0.96469051924979665 -0.041115545498240577 -0.62479305778458616
v -0.88750252851232936 -0.030794627563872249 -0.58385883103047898
v -0.76263615041226851 -0.050789141379035577 -0.430034052159186
v -0.88750233225005282 -0.040636665543501274 -0.58385883103047898
v -0.92586473813247805 -0.0406105258615456 -0.62479305778458616
v -0.92586473813247805 -0.048111988996817151 -0.62210975993983386
v -0.96469051924979665 -0.048111988996817151 -0.62210975993983386
v -0.96469051924979665 -0.048111988996817151 -0.62210975993983386
v -0.96469051924979665 -0.041115545498240577 -0.62479305778458616
v -0.92586473813247805 -0.0406105258615456 -0.62479305778458616
v -0.76263615041226851 -0.050789141379035577 -0.430034052159186
v -0.88750252851232936 -0.030794627563872249 -0.58385883103047898
v -0.88750252851232936 -0.0027210875327790714 -0.58385883103047898
v -0.88750252851232936 -0.0027210875327790714 -0.58385883103047898
v -0.76263615041226851 0.017273426282384256 -0.430034052159186
v -0.76263615041226851 -0.050789141379035577 -0.430034052159186
v -0.92586473813247805 0.007094810764894279 -0.62479305778458616
v -0.92586473813247805 0.014596237100988979 -0.62210975993983386
v -0.88750233225005282 0.0071209013812808183 -0.58385883103047898
v -0.88750233225005282 0.0071209013812808183 -0.58385883103047898
v -0.88750252851232936 -0.0027210875327790714 -0.58385883103047898
v -0.92586473813247805 0.007094810764894279 -0.62479305778458616
v -0.99192838677380668 0.0086227984524457815 -0.60342480616483363
v -0.96469051924979665 0.014596237100988979 -0.62210975993983386
v -0.96469051924979665 0.0075998426679815372 -0.62479305778458616
v -0.96469051924979665 0.0075998426679815372 -0.62479305778458616
v -0.99192838677380668 0.0010180277613644362 -0.60496036221642391
v -0.99192838677380668 0.0086227984524457815 -0.60342480616483363
v -0.76263615041226851 0.017273426282384256 -0.430034052159186
v -0.88750252851232936 -0.0027210875327790714 -0.58385883103047898
v -0.88750233225005282 0.0071209013812808183 -0.58385883103047898
v -0.96469051924979665 0.014596237100988979 -0.62210975993983386
v -0.92586473813247805 0.014596237100988979 -0.62210975993983386
v -0.92586473813247805 0.007094810764894279 -0.62479305778458616
v -0.92586473813247805 0.007094810764894279 -0.62479305778458616
v -0.96469051924979665 0.0075998426679815372 -0.62479305778458616
v -0.96469051924979665 0.014596237100988979 -0.62210975993983386
v -0.99192838677380668 -0.042138562614666232 -0.60342480616483363
v -0.99192819051153014 -0.031299647200567222 -0.58295916475485399
v -0.99192838677380668 -0.03453379192358489 -0.60496036221642391
v -0.99192819051153014 -0.031299647200567222 -0.58295916475485399
v -0.99192838677380668 -0.042138562614666232 -0.60342480616483363
v -0.9919279942492536 -0.069242297139058634 -0.35241516759359159
v -0.99192819051153014 -0.031299647200567222 -0.58295916475485399
v -0.9919279942492536 -0.069242297139058634 -0.35241516759359159
v -0.9919279942492536 0.035726483911269043 -0.35241516759359159
v -0.9919279942492536 0.035726483911269043 -0.35241516759359159
v -0.99192819051153014 -0.0022161169616532299 -0.58295916475485399
v -0.99192819051153014 -0.031299647200567222 -0.58295916475485399
v -0.99192819051153014 -0.0022161169616532299 -0.58295916475485399
v -0.99192838677380668 0.0086227984524457815 -0.60342480616483363
v -0.99192838677380668 0.0010180277613644362 -0.60496036221642391
v -0.99192838677380668 0.0086227984524457815 -0.60342480616483363
v -0.99192819051153014 -0.0022161169616532299 -0.58295916475485399
v -0.9919279942492536 0.035726483911269043 -0.35241516759359159
v -0.79818376272466474 0.021719441497420982 -0.42183490116362593
v -0.88491638049446053 0.013008107292072548 -0.52559979714331095
v -0.88491638049446053 -0.046523871454293 -0.52559979714331095
v -0.88491638049446053 -0.046523871454293 -0.52559979714331095
v -0.79818376272466474 -0.055235156594072306 -0.42183490116362593
v -0.79818376272466474 0.021719441497420982 -0.42183490116362593
v -0.92522708199602399 -0.04592031588838643 -0.52559979714331095
v -0.92522708199602399 0.012404613058127392 -0.52559979714331095
v -0.92641466503132219 0.016653519615564071 -0.48194355981040543
v -0.92641466503132219 0.016653519615564071 -0.48194355981040543
v -0.92641466503132219 -0.050169283777784526 -0.48194355981040543
v -0.92522708199602399 -0.04592031588838643 -0.52559979714331095
v -0.95373751412107077 -0.05523525472521057 -0.36823675288512087
v -0.95441893674519163 -0.050169283777784526 -0.46830372411594967
v -0.95441893674519163 0.016653519615564071 -0.46830372411594967
v -0.95441893674519163 0.016653519615564071 -0.46830372411594967
v -0.95373751412107077 0.021719502829382398 -0.36823675288512087
v -0.95373751412107077 -0.05523525472521057 -0.36823675288512087
v -0.92522708199602399 -0.04592031588838643 -0.52559979714331095
v -0.88491638049446053 -0.046523871454293 -0.52559979714331095
v -0.88491638049446053 0.013008107292072548 -0.52559979714331095
v -0.88491638049446053 0.013008107292072548 -0.52559979714331095
v -0.92522708199602399 0.012404613058127392 -0.52559979714331095
v -0.92522708199602399 -0.04592031588838643 -0.52559979714331095
v -0.95441893674519163 0.016653519615564071 -0.46830372411594967
v -0.95441893674519163 -0.050169283777784526 -0.46830372411594967
v -0.92641466503132219 -0.050169283777784526 -0.48194355981040543
v -0.92641466503132219 -0.050169283777784526 -0.48194355981040543
v -0.92641466503132219 0.016653519615564071 -0.48194355981040543
v -0.95441893674519163 0.016653519615564071 -0.46830372411594967
v 0.20182042420390134 -0.18000911969467084 -0.32168098574429327
v 0.201816989614062 -0.0964556564112867 -0.45770173406880221
v 0.20181031669665991 0.066343717976538541 -0.45514772399871567
v 0.20180698023795884 0.14558965208046518 -0.31657267121070537
v 0.099074571029542188 0.05252040771950562 -0.19377234609570221
v 0.20181031669665991 0.062036049266868808 -0.1805520700829038
v 0.20181689148292375 -0.10076334352054486 -0.18310612921855951
v 0.201816989614062 -0.0964556564112867 -0.45770173406880221
v 0.20182042420390134 -0.18000911969467084 -0.32168098574429327
v 0.20181031669665991 0.066343717976538541 -0.45514772399871567
v 0.201816989614062 -0.0964556564112867 -0.45770173406880221
v 0.20180698023795884 0.14558965208046518 -0.31657267121070537
v 0.20181031669665991 0.066343717976538541 -0.45514772399871567
v 0.20181031669665991 0.062036049266868808 -0.1805520700829038
v 0.20180698023795884 0.14558965208046518 -0.31657267121070537
v 0.20181689148292375 -0.10076334352054486 -0.18310612921855951
v 0.20181031669665991 0.062036049266868808 -0.1805520700829038
v 0.20182042420390134 -0.18000911969467084 -0.32168098574429327
v 0.20181689148292375 -0.10076334352054486 -0.18310612921855951
v 0.76646135124745607 0.18012704265688617 -0.36614871852509162
v 0.76646135124745607 0.18012704265688617 -0.36614871852509162
v 0.77963638880551378 0.17765316892758629 -0.36614862039395335
v 0.76646135124745607 0.18012704265688617 -0.36614871852509162
v 0.66510734107269631 0.069745213089477023 -0.31260866388044017
v 0.80337308451289147 0.069650087217320175 -0.31151332411511229
v 0.80337308451289147 0.069650087217320175 -0.31151332411511229
v 0.77963638880551378 0.17765316892758629 -0.36614862039395335
v 0.76646135124745607 0.18012704265688617 -0.36614871852509162
v 1.1887899501676995 0.15743891802765833 -0.36077064149240978
v 1.1820752043679086 0.18513873788505678 -0.31936538527462455
v 1.1820752043679086 0.18513873788505678 -0.31936538527462455
v 1.1820752043679086 0.18513873788505678 -0.31936538527462455
v 1.185795478483505 0.16855431485722444 -0.28356528154346933
v 1.1820752043679086 0.18513873788505678 -0.31936538527462455
v 1.1887899501676995 0.15743891802765833 -0.36077064149240978
v 1.2171403058734496 0.054698808591485827 -0.38857104576653112
v 1.185795478483505 0.16855431485722444 -0.28356528154346933
v 1.2171460710778228 0.053321672996234117 -0.26423148468225266
v 1.2615534286758028 0.12011170672259792 -0.28427751734500578
v 1.2671825006273851 0.098355889238860877 -0.32151367215354931
v 1.2505006977778139 0.16388038087377013 -0.28358770450856319
v 1.1965718230305669 0.10824973432629834 -0.29255684148052935
v 1.2615534286758028 0.12011170672259792 -0.28427751734500578
v 1.2505006977778139 0.16388038087377013 -0.28358770450856319
v 1.1965718230305669 0.10824973432629834 -0.29255684148052935
v 1.2505006977778139 0.16388038087377013 -0.28358770450856319
v 1.2504781030832279 0.16503901215668168 -0.35746941186999481
v 1.2504781030832279 0.16503901215668168 -0.35746941186999481
v 1.2443886979620387 0.18861622636478825 -0.32009126130438004
v 1.2504781030832279 0.16503901215668168 -0.35746941186999481
v 1.2505006977778139 0.16388038087377013 -0.28358770450856319
v 1.2443886979620387 0.18861622636478825 -0.32009126130438004
v 1.2671825006273851 0.098355889238860877 -0.32151367215354931
v 1.2671825006273851 0.098355889238860877 -0.32151367215354931
v 1.261531619030323 0.1212702352744741 -0.35815942096871395
v 1.2671825006273851 0.098355889238860877 -0.32151367215354931
v 1.2504781030832279 0.16503901215668168 -0.35746941186999481
v 1.261531619030323 0.1212702352744741 -0.35815942096871395
v 0.87540423486889807 -0.028665304527417449 0.041925940037425911
v 0.87540433300003639 -0.0084110253228710709 0.041925940037425911
v 0.84346480637941368 -0.0084110866548324868 0.094409453515541489
v 0.84346480637941368 -0.0084110866548324868 0.094409453515541489
v 0.84346475731384463 -0.028665304527417449 0.094409404449972353
v 0.87540423486889807 -0.028665304527417449 0.041925940037425911
v 0.84960928760195498 -0.028665304527417449 0.024027311073353156
v 0.84960928760195498 -0.0084110253228710709 0.024027311073353156
v 0.80328295106239389 -0.0084110866548324868 -0.06442959345970356
v 0.80328295106239389 -0.0084110866548324868 -0.06442959345970356
v 0.80328285293125556 -0.028665365859378865 -0.064429544394134425
v 0.84960928760195498 -0.028665304527417449 0.024027311073353156
v 0.82499225745319082 -0.028665365859378865 0.094130245894389439
v 0.82499225745319082 -0.0084110866548324868 0.094130245894389439
v 0.84960928760195498 -0.0084110253228710709 0.024027311073353156
v 0.84960928760195498 -0.0084110253228710709 0.024027311073353156
v 0.84960928760195498 -0.028665304527417449 0.024027311073353156
v 0.82499225745319082 -0.028665365859378865 0.094130245894389439
v 0.87537852451067233 -0.028665304527417449 -0.064429544394134425
v 0.87537862264181066 -0.0084110253228710709 -0.06442959345970356
v 0.87540433300003639 -0.0084110253228710709 0.041925940037425911
v 0.87540433300003639 -0.0084110253228710709 0.041925940037425911
v 0.87540423486889807 -0.028665304527417449 0.041925940037425911
v 0.87537852451067233 -0.028665304527417449 -0.064429544394134425
v 0.82499225745319082 -0.0084110866548324868 0.094130245894389439
v 0.84346480637941368 -0.0084110866548324868 0.094409453515541489
v 0.84346480637941368 -0.0084110866548324868 0.094409453515541489
v 0.84346475731384463 -0.028665304527417449 0.094409404449972353
v 0.82499225745319082 -0.028665365859378865 0.094130245894389439
v 0.84346475731384463 -0.028665304527417449 0.094409404449972353
v 0.25572268087989353 -0.083961477223304867 0.28589210882867533
v 0.16524753775889939 -0.083961599887227692 0.63371492008069263
v 0.16524734149662285 0.04608866598927832 0.63371492008069263
v 0.16524734149662285 0.04608866598927832 0.63371492008069263
v 0.25572258274875526 0.046088715054847455 0.28589215789424449
v 0.25572268087989353 -0.083961477223304867 0.28589210882867533
v 0.27736707352272733 -0.083961477223304867 0.022405522284011402
v 0.25572268087989353 -0.083961477223304867 0.28589210882867533
v 0.25572258274875526 0.046088715054847455 0.28589215789424449
v 0.25572258274875526 0.046088715054847455 0.28589215789424449
v 0.27736687726045078 0.046088770253612729 0.022405522284011402
v 0.27736707352272733 -0.083961477223304867 0.022405522284011402
v 0.63439190227080688 -0.083961280961028326 0.032504443050836905
v 0.63439180413966867 0.046088923583516274 0.032504443050836905
v 0.61039756325991124 0.046088874517947138 0.35855174925950245
v 0.61039756325991124 0.046088874517947138 0.35855174925950245
v 0.61039785765332599 -0.083961280961028326 0.35855174925950245
v 0.63439190227080688 -0.083961280961028326 0.032504443050836905
v 0.61039756325991124 0.046088874517947138 0.35855174925950245
v 0.50956193082304291 0.046088819319181865 0.7248720010142834
v 0.50956202895418112 -0.083961379092166596 0.7248720010142834
v 0.50956202895418112 -0.083961379092166596 0.7248720010142834
v 0.61039785765332599 -0.083961280961028326 0.35855174925950245
v 0.61039756325991124 0.046088874517947138 0.35855174925950245
v 0.50956202895418112 -0.083961379092166596 0.7248720010142834
v 0.16524753775889939 -0.083961599887227692 0.63371492008069263
v 0.50956202895418112 -0.083961379092166596 0.7248720010142834
v 0.50956193082304291 0.046088819319181865 0.7248720010142834
v 0.16524734149662285 0.04608866598927832 0.63371492008069263
v 0.50956193082304291 0.046088819319181865 0.7248720010142834
v 0.83907196597492506 -0.14105998773655165 -0.49674600416547054
v 0.87450496111782616 -0.14106003680212079 -0.44797644761092548
v 0.87827211738472932 -0.086006284816927861 -0.45957088692492865
v 0.87827211738472932 -0.086006284816927861 -0.45957088692492865
v 0.83907196597492506 -0.14105998773655165 -0.49674600416547054
v 0.87450496111782616 -0.14106003680212079 -0.44797644761092548
v 0.93183660668280899 -0.14105991413819796 -0.46660507411256086
v 0.87450496111782616 -0.14106003680212079 -0.44797644761092548
v 0.93183660668280899 -0.14105991413819796 -0.46660507411256086
v 0.93183660668280899 -0.14105991413819796 -0.52688688515281112
v 0.93183660668280899 -0.14105991413819796 -0.46660507411256086
v 0.93183660668280899 -0.14105991413819796 -0.52688688515281112
v 0.87450496111782616 -0.14105991413819796 -0.54551467753977123
v 0.93183660668280899 -0.14105991413819796 -0.52688688515281112
v 0.87450496111782616 -0.14105991413819796 -0.54551467753977123
v 0.83907196597492506 -0.14105998773655165 -0.49674600416547054
v 0.87450496111782616 -0.14105991413819796 -0.54551467753977123
v 0.9792356146947585 0.095819196248080232 -0.64673930180872696
v 1.0224460913320896 0.095819196248080232 -0.70621324825320031
v 0.9792356146947585 0.095819196248080232 -0.64673930180872696
v 1.0224460913320896 0.095819196248080232 -0.70621324825320031
v 1.0923619759371981 0.095819196248080232 -0.68349628226911641
v 1.0224460913320896 0.095819196248080232 -0.70621324825320031
v 1.0923619759371981 0.095819196248080232 -0.68349628226911641
v 1.0923619759371981 0.095819196248080232 -0.60998232134833752
v 1.0923619759371981 0.095819196248080232 -0.68349628226911641
v 1.0923619759371981 0.095819196248080232 -0.60998232134833752
v 1.0224460913320896 0.095819196248080232 -0.58726506097083886
v 1.0214059012664674 0.041289863198978288 -0.58406372884717894
v 1.0214059012664674 0.041289863198978288 -0.58406372884717894
v 1.0923619759371981 0.095819196248080232 -0.60998232134833752
v 1.0224460913320896 0.095819196248080232 -0.58726506097083886
v 0.9792356146947585 0.095819196248080232 -0.64673930180872696
v 1.0224460913320896 0.095819196248080232 -0.58726506097083886
v 1.6736753220402274 0.026251272392871543 -0.0576766501143424
v 1.674135851472111 -0.058638197272438471 -0.058584583938366318
v 1.8258191022466275 -0.058638405801107289 0.073326432315552054
v 1.4906539719919338 0.026233473857668502 -0.057727015921057556
v 1.674135851472111 -0.058638197272438471 -0.058584583938366318
v 1.6736753220402274 0.026251272392871543 -0.0576766501143424
v 1.4906539719919338 0.026233473857668502 -0.057727015921057556
v 1.4911145949550586 -0.058638871924014048 -0.058634998810650603
v 1.674135851472111 -0.058638197272438471 -0.058584583938366318
v 1.8253586954786667 0.026246230905643115 0.074234513336283378
v 1.8258306817209429 -0.058637792481493124 -0.024818100851071737
v 1.8253701768218438 0.026262336678711064 -0.023910068895909554
v 1.8258191022466275 -0.058638405801107289 0.073326432315552054
v 1.8258306817209429 -0.058637792481493124 -0.024818100851071737
v 1.8253586954786667 0.026246230905643115 0.074234513336283378
v 1.8253586954786667 0.026246230905643115 0.074234513336283378
v 1.6736753220402274 0.026251272392871543 -0.0576766501143424
v 1.8258191022466275 -0.058638405801107289 0.073326432315552054
v 1.6956555194382084 0.026266764846325331 -0.1230898119728886
v 1.8253701768218438 0.026262336678711064 -0.023910068895909554
v 1.4960078045002678 0.026246856491649564 -0.12314574672170035
v 1.6956555194382084 0.026266764846325331 -0.1230898119728886
v 1.4960078045002678 0.026246856491649564 -0.12314574672170035
v 1.4906539719919338 0.026233473857668502 -0.057727015921057556
v 1.4911145949550586 -0.058638871924014048 -0.058634998810650603
v 1.4964684788289102 -0.058638356735538154 -0.12405370507850884
v 1.4964684788289102 -0.058638356735538154 -0.12405370507850884
v 1.6961162328659762 -0.058637633018393441 -0.12399779486248164
v 1.6961162328659762 -0.058637633018393441 -0.12399779486248164
v 1.8258306817209429 -0.058637792481493124 -0.024818100851071737
v 1.8258306817209429 -0.058637792481493124 -0.024818100851071737
v 1.8253701768218438 0.026262336678711064 -0.023910068895909554
v 1.5878324470346994 0.013990166924664333 -0.03040294019208058
v 1.6188061792588979 -0.016523710519226246 -0.030877649573443567
v 1.5878324470346994 0.013990166924664333 -0.03040294019208058
v 1.6188061792588979 -0.016523710519226246 -0.030877649573443567
v 1.6188384889361722 -0.016470817835700736 -0.1143799129354373
v 1.5883227592670468 -0.047607226954360121 -0.031369188445019215
v 1.6188061792588979 -0.016523710519226246 -0.030877649573443567
v 1.5883227592670468 -0.047607226954360121 -0.031369188445019215
v 1.5570679671964613 -0.01701474646871828 -0.030893080694935935
v 1.5883227592670468 -0.047607226954360121 -0.031369188445019215
v 1.5570679671964613 -0.01701474646871828 -0.030893080694935935
v 1.5878324470346994 0.013990166924664333 -0.03040294019208058
v 1.5570679671964613 -0.01701474646871828 -0.030893080694935935
v 1.2434348387653062 -0.15431348113965318 -0.47012734412392054
v 1.2434346425030296 0.12201928098595365 -0.47012744225505881
v 1.2434348387653062 0.12201928098595365 -0.41572927987183811
v 1.2434348387653062 0.12201928098595365 -0.41572927987183811
v 1.2434348387653062 -0.15431353020522232 -0.41572927987183811
v 1.2434348387653062 -0.15431348113965318 -0.47012734412392054
v 1.2434348387653062 0.12201928098595365 -0.41572927987183811
v 1.2434346425030296 0.12201928098595365 -0.47012744225505881
v 1.2181314058371542 0.12954770641811336 -0.47012734412392054
v 1.2181314058371542 0.12954770641811336 -0.47012734412392054
v 1.2181317738289226 0.12954770641811336 -0.41572927987183811
v 1.2434348387653062 0.12201928098595365 -0.41572927987183811
v 1.2169314092128654 -0.16374609147765082 -0.47012724599278227
v 1.2169314092128654 -0.16374609147765082 -0.415729230806269
v 1.1812176854161689 -0.14696951848129897 -0.41572927987183811
v 1.1812176854161689 -0.14696951848129897 -0.41572927987183811
v 1.1812176854161689 -0.14696946941572983 -0.47012739318948965
v 1.2169314092128654 -0.16374609147765082 -0.47012724599278227
v 1.2181317738289226 0.12954770641811336 -0.41572927987183811
v 1.2181314058371542 0.12954770641811336 -0.47012734412392054
v 1.1850049585664166 0.12201928098595365 -0.47012744225505881
v 1.1850049585664166 0.12201928098595365 -0.47012744225505881
v 1.1850052038942622 0.12201928098595365 -0.41572927987183811
v 1.2181317738289226 0.12954770641811336 -0.41572927987183811
v 1.2169314092128654 -0.16374609147765082 -0.415729230806269
v 1.2169314092128654 -0.16374609147765082 -0.47012724599278227
v 1.2434348387653062 -0.15431348113965318 -0.47012734412392054
v 1.2434348387653062 -0.15431348113965318 -0.47012734412392054
v 1.2434348387653062 -0.15431353020522232 -0.41572927987183811
v 1.2169314092128654 -0.16374609147765082 -0.415729230806269
v 1.1812176854161689 -0.14696946941572983 -0.47012739318948965
v 1.1850049585664166 0.12201928098595365 -0.47012744225505881
v 1.1812176854161689 -0.14696946941572983 -0.47012739318948965
v 1.1812176854161689 -0.14696951848129897 -0.41572927987183811
v 1.1812176854161689 -0.14696951848129897 -0.41572927987183811
v 1.1850052038942622 0.12201928098595365 -0.41572927987183811
v 1.1975007323853952 -0.15770329864713797 -0.42933741920863389
v 1.1975007323853952 -0.15770329864713797 -0.42933741920863389
v 1.1482482724994421 -0.13003615645878217 -0.42933741920863389
v 1.3402736022069823 -0.07151994539100287 -0.41198969845478783
v 1.3402736022069823 -0.1269020932304038 -0.30803732293544517
v 1.3402736022069823 -0.07151994539100287 -0.41198969845478783
v 1.3402736022069823 -0.1269020932304038 -0.30803732293544517
v 1.3402735531414132 -0.071519896325433735 -0.20408494741610245
v 1.3402736022069823 -0.1269020932304038 -0.30803732293544517
v 1.3402735531414132 -0.071519896325433735 -0.20408494741610245
v 1.3402735531414132 0.038004383624255088 -0.20408494741610245
v 1.3402735531414132 0.038004383624255088 -0.20408494741610245
v 1.2906789467755024 0.038004334558685952 -0.20408499648167158
v 1.3402736022069823 0.093386534530254098 -0.30803732293544517
v 1.3402736022069823 0.038004383624255088 -0.41198969845478783
v 1.3402736022069823 0.038004383624255088 -0.41198969845478783
v 1.3402736022069823 0.038004383624255088 -0.41198969845478783
v 1.3402736022069823 -0.07151994539100287 -0.41198969845478783
v 1.3402736022069823 -0.07151994539100287 -0.41198969845478783
v 1.3402735531414132 0.038004383624255088 -0.20408494741610245
v 1.3402736022069823 0.093386534530254098 -0.30803732293544517
v 1.3402736022069823 0.093386534530254098 -0.30803732293544517
v 1.9629643598173139 0.0085428951731124862 -0.42416644794326291
v 1.926135351101437 -0.016506010115161469 -0.46902793191635461
v 1.9629643598173139 0.0085428951731124862 -0.42416644794326291
v 1.9631433510135115 -0.042413759125541649 -0.42460867591785978
v 1.926135351101437 -0.016506010115161469 -0.46902793191635461
v 1.9631433510135115 -0.042413759125541649 -0.42460867591785978
v 1.3395181764382165 -0.1090214713302029 -0.31941052559822702
v 1.3395181764382165 -0.1090214713302029 -0.31941052559822702
v 1.3391229900780259 -0.061707641146268519 -0.41212536475344091
v 1.3387171196901568 -0.016757753283991251 -0.44511980111042582
v 1.3391229900780259 -0.061707641146268519 -0.41212536475344091
v 1.3387171196901568 -0.016757753283991251 -0.44511980111042582
v 1.3391014870923534 -0.063899056660461293 -0.21799150354436586
v 1.3391014870923534 -0.063899056660461293 -0.21799150354436586
v 1.3395181764382165 -0.1090214713302029 -0.31941052559822702
v 1.3395181764382165 0.075505958629024261 -0.31941047653265792
v 1.3391229900780259 0.028192134578286013 -0.41212536475344091
v 1.3395181764382165 0.075505958629024261 -0.31941047653265792
v 1.3387171196901568 -0.016757753283991251 -0.44511980111042582
v 1.3387171196901568 -0.016757753283991251 -0.44511980111042582
v 1.3391229900780259 0.028192134578286013 -0.41212536475344091
v 1.3391014870923534 0.030383562358871068 -0.21799150354436586
v 2.2011088098995741 0.030331074466290908 -0.21779553566124818
v 1.3395181764382165 0.075505958629024261 -0.31941047653265792
v 1.3391014870923534 0.030383562358871068 -0.21799150354436586
v 1.3391014870923534 -0.063899056660461293 -0.21799150354436586
v 1.3391014870923534 0.030383562358871068 -0.21799150354436586
v 1.3391014870923534 -0.063899056660461293 -0.21799150354436586
v 1.4254774288405323 -0.053389935469290578 -0.15939475134485454
v 1.3262613220436295 -0.052988174322836271 -0.2289229198226731
v 2.1520166472279785 -0.053215679100514286 0.10564004710163795
v 1.7322424263695901 -0.053370076180183947 -0.083204926013046993
v 1.7322424263695901 -0.053370076180183947 -0.083204926013046993
v 1.4553338889900003 -0.053216145223421052 -0.082236298080005404
v 1.4254774288405323 -0.053389935469290578 -0.15939475134485454
v 1.4254774288405323 -0.053389935469290578 -0.15939475134485454
v 1.7322424263695901 -0.053370076180183947 -0.083204926013046993
v 1.4254774288405323 0.019874428901308076 -0.15939475134485454
v 1.3262613220436295 0.019472667754853762 -0.2289229198226731
v 2.1520166472279785 0.019700172532531781 0.10564004710163795
v 1.7322424263695901 0.019854569612201441 -0.083204926013046993
v 1.4254774288405323 0.019874428901308076 -0.15939475134485454
v 1.4553338889900003 0.019700638655438547 -0.082236298080005404
v 1.7322424263695901 0.019854569612201441 -0.083204926013046993
v 1.7322424263695901 0.019854569612201441 -0.083204926013046993
v 1.4254774288405323 0.019874428901308076 -0.15939475134485454
v 2.1650157847206941 -0.10606922056824733 0.068328944636243574
v 2.1917626040288196 -0.071839239582136685 0.23020697496668122
v 2.1247031205963651 -0.071989061297484683 0.21915619749166343
v 2.1247031205963651 -0.071989061297484683 0.21915619749166343
v 2.1073390119424289 -0.10622917432362132 0.068328834238713027
v 2.1650157847206941 -0.10606922056824733 0.068328944636243574
v 2.1650157847206941 -0.10606922056824733 0.068328944636243574
v 2.1073390119424289 -0.10622917432362132 0.068328834238713027
v 2.200774477111501 -0.11693751399186481 -0.31023472444907219
v 2.200774477111501 -0.11693751399186481 -0.31023472444907219
v 2.2246362409545988 -0.1167714761059183 -0.31023423379338083
v 2.1650157847206941 -0.10606922056824733 0.068328944636243574
v 2.2498762566346464 -0.016757704218422119 -0.46455663566682204
v 2.25 -0.071851383310497133 -0.39931272548900054
v 2.2010806462628913 -0.071937248056480094 -0.39931301988241535
v 2.2010806462628913 -0.071937248056480094 -0.39931301988241535
v 2.2016249796868546 -0.016757704218422119 -0.46456188568271928
v 2.2498762566346464 -0.016757704218422119 -0.46455663566682204
v 2.2010806462628913 -0.071937248056480094 -0.39931301988241535
v 2.25 -0.071851383310497133 -0.39931272548900054
v 2.2246362409545988 -0.1167714761059183 -0.31023423379338083
v 2.2246362409545988 -0.1167714761059183 -0.31023423379338083
v 2.200774477111501 -0.11693751399186481 -0.31023472444907219
v 2.2010806462628913 -0.071937248056480094 -0.39931301988241535
v 2.1917626040288196 -0.071839239582136685 0.23020697496668122
v 2.2128497099374393 -0.016757753283991251 0.29518230021906794
v 2.1744354908140098 -0.016757753283991251 0.29517813271228971
v 2.1744354908140098 -0.016757753283991251 0.29517813271228971
v 2.1247031205963651 -0.071989061297484683 0.21915619749166343
v 2.1917626040288196 -0.071839239582136685 0.23020697496668122
v 2.1073390119424289 -0.10622917432362132 0.068328834238713027
v 2.1247031205963651 -0.071989061297484683 0.21915619749166343
v 2.0206655672490075 -0.067484290063411029 0.14978522283095511
v 2.0206655672490075 -0.067484290063411029 0.14978522283095511
v 1.9347495968118633 -0.056285073908775199 -0.0084693060192070121
v 2.1073390119424289 -0.10622917432362132 0.068328834238713027
v 2.1247031205963651 0.038473548596306029 0.21915619749166343
v 2.1917626040288196 0.038323726880958031 0.23020697496668122
v 2.1650157847206941 0.072553714000264821 0.06832899370181271
v 2.1650157847206941 0.072553714000264821 0.06832899370181271
v 2.1073391100735668 0.072713667755638811 0.068328834238713027
v 2.1247031205963651 0.038473548596306029 0.21915619749166343
v 2.1650157847206941 0.072553714000264821 0.06832899370181271
v 2.2246362409545988 0.083256073802270208 -0.31023418472781172
v 2.2007746733737772 0.083422105555020554 -0.31023472444907219
v 2.2007746733737772 0.083422105555020554 -0.31023472444907219
v 2.1073391100735668 0.072713667755638811 0.068328834238713027
v 2.1650157847206941 0.072553714000264821 0.06832899370181271
v 2.2010809406563063 0.038421790554066727 -0.39931301988241535
v 2.25 0.038335919674887614 -0.39931272548900054
v 2.2498762566346464 -0.016757704218422119 -0.46455663566682204
v 2.2498762566346464 -0.016757704218422119 -0.46455663566682204
v 2.2016249796868546 -0.016757704218422119 -0.46456188568271928
v 2.2010809406563063 0.038421790554066727 -0.39931301988241535
v 2.2246362409545988 0.083256073802270208 -0.31023418472781172
v 2.25 0.038335919674887614 -0.39931272548900054
v 2.2010809406563063 0.038421790554066727 -0.39931301988241535
v 2.2010809406563063 0.038421790554066727 -0.39931301988241535
v 2.2007746733737772 0.083422105555020554 -0.31023472444907219
v 2.2246362409545988 0.083256073802270208 -0.31023418472781172
v 2.1917626040288196 0.038323726880958031 0.23020697496668122
v 2.1247031205963651 0.038473548596306029 0.21915619749166343
v 2.1744354908140098 -0.016757753283991251 0.29517813271228971
v 2.1744354908140098 -0.016757753283991251 0.29517813271228971
v 2.2128497099374393 -0.016757753283991251 0.29518230021906794
v 2.1917626040288196 0.038323726880958031 0.23020697496668122
v 2.0206655672490075 0.033968832560997662 0.14978522283095511
v 2.1247031205963651 0.038473548596306029 0.21915619749166343
v 2.1073391100735668 0.072713667755638811 0.068328834238713027
v 2.1073391100735668 0.072713667755638811 0.068328834238713027
v 1.9347498912052781 0.022769567340792697 -0.0084693060192070121
v 2.0206655672490075 0.033968832560997662 0.14978522283095511
v 1.9347495968118633 -0.056285073908775199 -0.0084693060192070121
v 1.9347498912052781 0.022769567340792697 -0.0084693060192070121
v 1.9347495968118633 -0.056285073908775199 -0.0084693060192070121
v 1.9347498912052781 0.022769567340792697 -0.0084693060192070121
v 0.6729121030235643 -0.052850655798948404 0.11843602860535765
v 0.9186905178105399 -0.052850594466986985 0.11843597953978852
v 0.9186905178105399 0.015284614769534443 0.11843597953978852
v 0.9186905178105399 0.015284614769534443 0.11843597953978852
v 0.67291200489242609 0.015284516638396176 0.11843602860535765
v 0.6729121030235643 -0.052850655798948404 0.11843602860535765
v 0.91869037061383252 -0.052850594466986985 0.10107312205786492
v 0.67291190676128776 -0.052850655798948404 0.10107318338982633
v 0.67291190676128776 0.015284516638396176 0.10107318338982633
v 0.67291190676128776 0.015284516638396176 0.10107318338982633
v 0.91869037061383252 0.015284614769534443 0.10107312205786492
v 0.91869037061383252 -0.052850594466986985 0.10107312205786492
v 1.2943222615459136 0.010034304478875244 -0.13722427766977538
v 1.2943222615459136 -0.042103063675398421 -0.13722435126812907
v 1.2943222615459136 -0.042103063675398421 -0.13722435126812907
v 1.2064976159367062 -0.079850714775762499 -0.41893394845419907
v 1.2064978612645518 0.047781802249335786 -0.41893394845419907
v 1.2064976159367062 -0.079850714775762499 -0.41893394845419907
v 0.21266744770329959 -0.086781250948601008 -0.48287835703352971
v 0.21266744770329959 -0.086781250948601008 -0.48287835703352971
v 0.21266744770329959 0.051365477820465549 -0.48287835703352971
v 0.25906286856420013 -0.10480840717101797 0.051406757297096865
v 0.25906286856420013 -0.10480840717101797 0.051406757297096865
v 0.25906277043306186 0.072738617597543007 0.051406757297096865
v 0.67339422130586635 -0.098516361249308834 0.12449557732772948
v 0.67339422130586635 -0.098516361249308834 0.12449557732772948
v 0.67339412317472813 0.066446976466779203 0.12449557732772948
v 0.89958728005867983 -0.016034588126930403 0.12631059859470978
v 0.8995871819275415 0.047781648919432242 0.12631059859470978
v 0.86832947045559283 -0.097946292934335613 -0.059345296522206291
v 0.86832947045559283 -0.097946292934335613 -0.059345296522206291
v 0.93243054539716552 -0.093952723598667714 -0.0011077778871031348
v 0.86832947045559283 -0.097946292934335613 -0.059345296522206291
v 0.93243054539716552 -0.093952723598667714 -0.0011077778871031348
v 0.89958728005867983 -0.016034588126930403 0.12631059859470978
v 0.93243054539716552 -0.093952723598667714 -0.0011077778871031348
v 0.89958728005867983 -0.07985081290690077 0.12631059859470978
v 0.89958728005867983 -0.016034588126930403 0.12631059859470978
v 1.1597613610998223 -0.016034379598261587 0.49992763646312349
v 1.1801498223695557 -0.093528797081357515 0.49488340156282346
v 1.4188142202879195 -0.087952593280516106 0.43289870861384666
v 1.4188142202879195 -0.087952593280516106 0.43289870861384666
v 1.4477319947679095 -0.016034220135161904 0.42508345889757648
v 1.1597613610998223 -0.016034379598261587 0.49992763646312349
v 1.1597613610998223 -0.016034379598261587 0.49992763646312349
v 1.1597613610998223 -0.016034379598261587 0.49992763646312349
v 1.4477319947679095 -0.016034220135161904 0.42508345889757648
v 0.98897964420004414 -0.016034477729399855 0.1292045471941429
v 0.98897964420004414 -0.016034477729399855 0.1292045471941429
v 0.89958728005867983 -0.07985081290690077 0.12631059859470978
v 1.0231653925755813 -0.079850763841331635 0.12573915644380082
v 0.98897964420004414 -0.016034477729399855 0.1292045471941429
v 0.98897964420004414 -0.016034477729399855 0.1292045471941429
v 0.89958728005867983 -0.07985081290690077 0.12631059859470978
v 1.1447117734730337 -0.093952674533098593 -0.056529963230916698
v 1.1447117734730337 -0.093952674533098593 -0.056529963230916698
v 1.1447117734730337 -0.093952674533098593 -0.056529963230916698
v 1.1447117734730337 -0.093952674533098593 -0.056529963230916698
v 1.1699264958521931 -0.023085408542498763 -0.056529963230916698
v 1.8874419734224241 -0.016757544755322436 0.13470568067421065
v 1.9308669401952208 -0.016757593820891571 0.08887766632115783
v 2.1016503498571342 -0.016757655152852987 0.23195207319774969
v 2.0688271523364241 -0.016757655152852987 0.27446904481456091
v 1.9566911305413672 -0.016757753283991251 0.23392225972721636
v 1.9893059956555383 -0.016757704218422119 0.17060240677738128
v 1.9506950235998846 -0.016757544755322436 0.11038189089937057
v 1.8874419734224241 -0.016757544755322436 0.13470568067421065
v 1.9404919366297895 -0.016757544755322436 0.0079543383383702954
v 1.9308669401952208 -0.016757593820891571 0.08887766632115783
v 1.9404919366297895 -0.016757544755322436 0.0079543383383702954
v 1.9893059956555383 -0.016757704218422119 0.17060240677738128
v 1.9506950235998846 -0.016757544755322436 0.11038189089937057
v 1.9506950235998846 -0.016757544755322436 0.11038189089937057
v 2.0092252428876516 -0.016757704218422119 0.19185639081981892
v 1.9566911305413672 -0.016757753283991251 0.23392225972721636
v 2.0822198938247252 -0.016757655152852987 0.22430408034015917
v 2.0092252428876516 -0.016757704218422119 0.19185639081981892
v 2.0822198938247252 -0.016757655152852987 0.22430408034015917
v 2.0688271523364241 -0.016757655152852987 0.27446904481456091
v 2.0822198938247252 -0.016757655152852987 0.22430408034015917
v 2.1301669642438918 -0.016757544755322436 0.21113313975712414
v 2.1016503498571342 -0.016757655152852987 0.23195207319774969
v 0.85768989618248936 -0.074272867278355123 -0.52594845707757099
v 0.29069485219749636 -0.076166969976385723 -0.52594845707757099
v 0.29069485219749636 0.038655269064786703 -0.52594845707757099
v 0.29069485219749636 0.038655269064786703 -0.52594845707757099
v 0.85768989618248936 0.036762098612569634 -0.52594845707757099
v 0.85768989618248936 -0.074272867278355123 -0.52594845707757099
v 0.85768989618248936 0.036762098612569634 -0.52594845707757099
v 0.89496790392150349 0.036533508259174542 -0.58950882944729666
v 0.89496790392150349 -0.074044246258979332 -0.58950882944729666
v 0.89496790392150349 -0.074044246258979332 -0.58950882944729666
v 0.85768989618248936 -0.074272867278355123 -0.52594845707757099
v 0.85768989618248936 0.036762098612569634 -0.52594845707757099
v 0.89496790392150349 0.036533508259174542 -0.58950882944729666
v 0.85768989618248936 0.036762098612569634 -0.63009783085698312
v 0.85768989618248936 -0.074272867278355123 -0.63009783085698312
v 0.85768989618248936 -0.074272867278355123 -0.63009783085698312
v 0.89496790392150349 -0.074044246258979332 -0.58950882944729666
v 0.89496790392150349 0.036533508259174542 -0.58950882944729666
v 0.85768989618248936 0.036762098612569634 -0.63009783085698312
v 0.29227309529423245 0.038655318130355831 -0.62380605479590423
v 0.29227319342537073 -0.076167019041954859 -0.62380605479590423
v 0.29227319342537073 -0.076167019041954859 -0.62380605479590423
v 0.85768989618248936 -0.074272867278355123 -0.63009783085698312
v 0.85768989618248936 0.036762098612569634 -0.63009783085698312
v 0.25952938399551789 0.037676190165519756 -0.57746323222511442
v 0.25952958025779443 -0.075187940142687912 -0.57746323222511442
v 0.29227319342537073 -0.076167019041954859 -0.62380605479590423
v 0.29227319342537073 -0.076167019041954859 -0.62380605479590423
v 0.29227309529423245 0.038655318130355831 -0.62380605479590423
v 0.25952938399551789 0.037676190165519756 -0.57746323222511442
v 0.25952938399551789 0.037676190165519756 -0.57746323222511442
v 0.29069485219749636 0.038655269064786703 -0.52594845707757099
v 0.29069485219749636 -0.076166969976385723 -0.52594845707757099
v 0.29069485219749636 -0.076166969976385723 -0.52594845707757099
v 0.25952958025779443 -0.075187940142687912 -0.57746323222511442
v 0.25952938399551789 0.037676190165519756 -0.57746323222511442
v 1.0553775765638767 0.032872039228184206 -0.7248720010142834
v 1.1116630951293722 0.034681344356360479 -0.68742613996326496
v 1.1116630951293722 -0.072191751163573611 -0.68742613996326496
v 1.1116630951293722 -0.072191751163573611 -0.68742613996326496
v 1.0553775765638767 -0.070382556432927887 -0.7248720010142834
v 1.0553775765638767 0.032872039228184206 -0.7248720010142834
v 1.1116630951293722 0.034681344356360479 -0.68742613996326496
v 1.1891843637451762 0.036490753748871167 -0.48279420958246638
v 1.1891843637451762 -0.074000921361434782 -0.48279420958246638
v 1.1891843637451762 -0.074000921361434782 -0.48279420958246638
v 1.1116630951293722 -0.072191751163573611 -0.68742613996326496
v 1.1116630951293722 0.034681344356360479 -0.68742613996326496
v 1.0553775765638767 -0.070382556432927887 -0.7248720010142834
v 0.25949346799891243 -0.075187940142687912 -0.65919861990983974
v 0.25949336986777416 0.037676190165519756 -0.65919861990983974
v 0.25949336986777416 0.037676190165519756 -0.65919861990983974
v 1.0553775765638767 0.032872039228184206 -0.7248720010142834
v 1.0553775765638767 -0.070382556432927887 -0.7248720010142834
v 0.22313568500899011 -0.081345521872187729 -0.61491714002947073
v 0.22313568500899011 -0.081345521872187729 -0.48279455304145036
v 0.22313568500899011 0.043833710563058154 -0.48279455304145036
v 0.22313568500899011 0.043833710563058154 -0.48279455304145036
v 0.22313568500899011 0.043833710563058154 -0.61491714002947073
v 0.22313568500899011 -0.081345521872187729 -0.61491714002947073
v 0.25949346799891243 -0.075187940142687912 -0.65919861990983974
v 0.22313568500899011 -0.081345521872187729 -0.61491714002947073
v 0.22313568500899011 0.043833710563058154 -0.61491714002947073
v 0.22313568500899011 0.043833710563058154 -0.61491714002947073
v 0.25949336986777416 0.037676190165519756 -0.65919861990983974
v 0.25949346799891243 -0.075187940142687912 -0.65919861990983974
v 0.35551449239902372 -0.14106003680212079 -0.49674605323103971
v 0.39094758567306315 -0.14106008586768992 -0.44797644761092548
v 0.39471474193996625 -0.086006333882496996 -0.45957088692492865
v 0.39471474193996625 -0.086006333882496996 -0.45957088692492865
v 0.35551449239902372 -0.14106003680212079 -0.49674605323103971
v 0.39094758567306315 -0.14106008586768992 -0.44797644761092548
v 0.44827932936918424 -0.14105998773655165 -0.46660512317813002
v 0.39094758567306315 -0.14106008586768992 -0.44797644761092548
v 0.44827932936918424 -0.14105998773655165 -0.46660512317813002
v 0.44827932936918424 -0.14105998773655165 -0.52688693421838029
v 0.44827932936918424 -0.14105998773655165 -0.46660512317813002
v 0.44827932936918424 -0.14105998773655165 -0.52688693421838029
v 0.39094758567306315 -0.14105998773655165 -0.54551472660534039
v 0.44827932936918424 -0.14105998773655165 -0.52688693421838029
v 0.39094758567306315 -0.14105998773655165 -0.54551472660534039
v 0.35551449239902372 -0.14106003680212079 -0.49674605323103971
v 0.39094758567306315 -0.14105998773655165 -0.54551472660534039
vt 0.83358502388000488 0.97455799952149391
vt 0.80265998840332031 0.95197900012135506
vt 0.83913099765777588 0.83913999795913696
vt 0.73818099498748779 0.98140699975192547
vt 0.91557097434997559 0.45827001333236694
vt 0.90081101655960083 0.49905002117156982
vt 0.89488101005554199 0.51780000329017639
vt 0.88019102811813354 0.55965998768806458
vt 0.41424798965454102 0.99368100007995963
vt 0.41883900761604309 0.95707299932837486
vt 0.81233102083206177 0.75010000169277191
vt 0.42013999819755554 0.93805500119924545
vt 0.83035099506378174 0.77654999494552612
vt 0.42236098647117615 0.94661600142717361
vt 0.8353009819984436 0.82382999360561371
vt 0.82899802923202515 0.98971599992364645
vt 0.78991597890853882 0.99614099995233119
vt 0.76660102605819702 0.74081000685691833
vt 0.78578102588653564 0.84954999387264252
vt 0.73186200857162476 0.98358999937772751
vt 0.8680109977722168 0.44042998552322388
vt 0.85166102647781372 0.48258000612258911
vt 0.84560102224349976 0.50227999687194824
vt 0.053157001733779907 0.27241599559783936
vt 0.39061099290847778 0.95582599937915802
vt 0.77326101064682007 0.75928999483585358
vt 0.39191201329231262 0.93561699986457825
vt 0.76211100816726685 0.78573000431060791
vt 0.38795700669288635 0.94596600160002708
vt 0.78272098302841187 0.83487999439239502
vt 0.80763101577758789 0.73026999831199646
vt 0.41438201069831848 0.96722500026226044
vt 0.78462600708007812 0.94505900144577026
vt 0.77172499895095825 0.9903760002925992
vt 0.42868301272392273 0.99403299996629357
vt 0.42808100581169128 0.96663200110197067
vt 0.031900998204946518 0.57922700047492981
vt 0.70657998323440552 0.3492169976234436
vt 0.082339003682136536 0.47732597589492798
vt 0.073740996420383453 0.4834439754486084
vt 0.0080359997227787971 0.44294202327728271
vt 0.0068580000661313534 0.32654398679733276
vt 0.093679003417491913 0.41522699594497681
vt 0.25696000456809998 0.087522983551025391
vt 0.12966300547122955 0.09179997444152832
vt 0.25560799241065979 0.097913026809692383
vt 0.25241100788116455 0.10832500457763672
vt 0.1340319961309433 0.060159981250762939
vt 0.70433700084686279 0.45653599500656128
vt 0.68114000558853149 0.27010399103164673
vt 0.37244498729705811 0.47029197216033936
vt 0.30351600050926208 0.45570802688598633
vt 0.1909170001745224 0.31018197536468506
vt 0.67864000797271729 0.4568830132484436
vt 0.6835860013961792 0.45556598901748657
vt 0.143312007188797 0.61031600832939148
vt 0.5255119800567627 0.10253298282623291
vt 0.52723997831344604 0.057430028915405273
vt 0.48155200481414795 0.47038900852203369
vt 0.53953701257705688 0.16037899255752563
vt 0.41434401273727417 0.11819201707839966
vt 0.42068400979042053 0.065474987030029297
vt 0.30425599217414856 0.26996302604675293
vt 0.37525498867034912 0.17221397161483765
vt 0.50621098279953003 0.16418600082397461
vt 0.40629899501800537 0.23861902952194214
vt 0.30405798554420471 0.12103897333145142
vt 0.30574899911880493 0.081776976585388184
vt 0.24053899943828583 0.43991601467132568
vt 0.23379899561405182 0.28357398509979248
vt 0.28911599516868591 0.1691020131111145
vt 0.25033199787139893 0.13787698745727539
vt 0.24052299559116364 0.15925800800323486
vt 0.34098199009895325 0.11896902322769165
vt 0.11112599819898605 0.3686249852180481
vt 0.35073301196098328 0.080718994140625
vt 0.53176200389862061 0.12805497646331787
vt 0.23983100056648254 0.29044198989868164
vt 0.11117500066757202 0.57096201181411743
vt 0.44790801405906677 0.25274002552032471
vt 0.50012898445129395 0.18938499689102173
vt 0.14312499761581421 0.57639101147651672
vt 0.126242995262146 0.55749601125717163
vt 0.16001400351524353 0.59525400400161743
vt 0.6807519793510437 0.31581699848175049
vt 0.12008800357580185 0.59709200263023376
vt 0.68288397789001465 0.36448001861572266
vt 0.69922101497650146 0.41264700889587402
vt 0.47416400909423828 0.37853801250457764
vt 0.47830399870872498 0.4234049916267395
vt 0.48510101437568665 0.32031899690628052
vt 0.36231899261474609 0.36855900287628174
vt 0.37137699127197266 0.42086100578308105
vt 0.32054701447486877 0.31654298305511475
vt 0.45170301198959351 0.31810998916625977
vt 0.25201600790023804 0.37104600667953491
vt 0.25565901398658752 0.41018801927566528
vt 0.23471899330615997 0.32376497983932495
vt 0.19752700626850128 0.356781005859375
vt 0.18665400147438049 0.33591699600219727
vt 0.28900301456451416 0.37134897708892822
vt 0.30068698525428772 0.40907299518585205
vt 0.47908699512481689 0.35282599925994873
vt 0.44430801272392273 0.29332798719406128
vt 0.18740199506282806 0.30067998170852661
vt 0.48290601372718811 0.27121400833129883
vt 0.22141100466251373 0.38240599632263184
vt 0.19536499679088593 0.36676102876663208
vt 0.2120479941368103 0.41153401136398315
vt 0.3660149872303009 0.25410401821136475
vt 0.17997099459171295 0.3978080153465271
vt 0.11236400157213211 0.3960760235786438
vt 0.17975500226020813 0.40751397609710693
vt 0.17945900559425354 0.41721600294113159
vt 0.11185099929571152 0.41544997692108154
vt 0.11207500100135803 0.40576201677322388
vt 0.25657001137733459 0.076649010181427002
vt 0.12930199503898621 0.081332981586456299
vt 0.13074900209903717 0.070541024208068848
vt 0.13183599710464478 0.10247600078582764
vt 0.25431600213050842 0.065982997417449951
vt 0.13877800107002258 0.050831019878387451
vt 0.25049299001693726 0.056249022483825684
vt 0.11173000186681747 0.42517101764678955
vt 0.17907799780368805 0.42688602209091187
vt 0.9962499737739563 0.67744401097297668
vt 0.92251002788543701 0.70220398902893066
vt 0.93296998739242554 0.70292401313781738
vt 0.91697001457214355 0.69615399837493896
vt 0.97453397512435913 0.71434199810028076
vt 0.96444302797317505 0.75801099836826324
vt 0.93853098154067993 0.48027002811431885
vt 0.94505500793457031 0.74756699800491333
vt 0.92814099788665771 0.46849000453948975
vt 0.9177209734916687 0.46972000598907471
vt 0.99259102344512939 0.49084001779556274
vt 0.9660869836807251 0.7160550057888031
vt 0.91249102354049683 0.47604000568389893
vt 0.89903098344802856 0.54625999927520752
vt 0.9517899751663208 0.6766040027141571
vt 0.9351000189781189 0.67061400413513184
vt 0.91256999969482422 0.62652400135993958
vt 0.91961997747421265 0.65486401319503784
vt 0.92931002378463745 0.65636399388313293
vt 0.9267609715461731 0.51517000794410706
vt 0.21299000084400177 0.78921100497245789
vt 0.58901697397232056 0.24163401126861572
vt 0.5556570291519165 0.24163401126861572
vt 0.62300699949264526 0.24163401126861572
vt 0.6555439829826355 0.24163401126861572
vt 0.52286797761917114 0.24163401126861572
vt 0.68630701303482056 0.24163401126861572
vt 0.1859389990568161 0.77334299683570862
vt 0.21289399266242981 0.75843100249767303
vt 0.18580099940299988 0.74253898859024048
vt 0.15888200700283051 0.75746899843215942
vt 0.15898500382900238 0.7882550060749054
vt 0.1860709935426712 0.80414700508117676
vt 0.91664999723434448 0.67356398701667786
vt 0.94277000427246094 0.69065400958061218
vt 0.98470801115036011 0.72295498847961426
vt 0.98783200979232788 0.73771300911903381
vt 0.99023997783660889 0.66809400916099548
vt 0.97501802444458008 0.75558100640773773
vt 0.90008997917175293 0.62667399644851685
vt 0.94822102785110474 0.49386000633239746
vt 0.98705101013183594 0.50047001242637634
vt 0.93185102939605713 0.5006600022315979
vt 0.95507001876831055 0.71862998604774475
vt 0.94670301675796509 0.72079101204872131
vt 0.94137197732925415 0.73297399282455444
vt 0.91716098785400391 0.51714000105857849
vt 0.91327100992202759 0.49861001968383789
vt 0.91150099039077759 0.54578998684883118
vt 0.82270097732543945 0.92097000032663345
vt 0.84202098846435547 0.95148999989032745
vt 0.86639100313186646 0.97168999910354614
vt 0.89089101552963257 0.92612999677658081
vt 0.87193101644515991 0.92010000348091125
vt 0.87591099739074707 0.92243000119924545
vt 0.90223097801208496 0.97481000050902367
vt 0.86157101392745972 0.90955000370740891
vt 0.96633100509643555 0.60313999652862549
vt 0.76564902067184448 0.90372499823570251
vt 0.75584399700164795 0.89593599736690521
vt 0.74056297540664673 0.90099000185728073
vt 0.95419001579284668 0.60981601476669312
vt 0.9500579833984375 0.65199500322341919
vt 0.98142898082733154 0.61215600371360779
vt 0.99350202083587646 0.64881399273872375
vt 0.94460499286651611 0.019544005393981934
vt 0.99381697177886963 0.84637600183486938
vt 0.92961502075195312 0.033783972263336182
vt 0.98230201005935669 0.78566600382328033
vt 0.98213398456573486 0.79821300506591797
vt 0.98587000370025635 0.82359699904918671
vt 0.92474400997161865 0.013548016548156738
vt 0.98326200246810913 0.81095400452613831
vt 0.9213709831237793 0.025165021419525146
vt 0.98906201124191284 0.835440993309021
vt 0.93636000156402588 0.010924994945526123
vt 0.94123202562332153 0.030785977840423584
vt 0.96436798572540283 0.089318990707397461
vt 0.87346100807189941 0.97433000057935715
vt 0.92883998155593872 0.10291397571563721
vt 0.97935700416564941 0.093815028667449951
vt 0.94838899374008179 0.10291397571563721
vt 0.94838899374008179 0.083361983299255371
vt 0.88189101219177246 0.99487000005319715
vt 0.9913489818572998 0.076952993869781494
vt 0.91148102283477783 0.98543000034987926
vt 0.96474200487136841 0.067583978176116943
vt 0.90500098466873169 0.97829999960958958
vt 0.92883998155593872 0.083361983299255371
vt 0.20214000344276428 0.92949700355529785
vt 0.28283798694610596 0.92889399826526642
vt 0.11464100331068039 0.14705997705459595
vt 0.050762001425027847 0.082531988620758057
vt 0.072919003665447235 0.14377897977828979
vt 0.0091169998049736023 0.15527600049972534
vt 0.014312000013887882 0.20298397541046143
vt 0.080744996666908264 0.20297801494598389
vt 0.045092999935150146 0.1345360279083252
vt 0.12316799908876419 0.082540988922119141
vt 0.20235699415206909 0.95896000042557716
vt 0.28305500745773315 0.95835699886083603
vt 0.81630301475524902 0.73027798533439636
vt 0.09309600293636322 0.60342499613761902
vt 0.83897000551223755 0.78874699771404266
vt 0.83387202024459839 0.76886199414730072
vt 0.82597702741622925 0.74926900863647461
vt 0.10123900324106216 0.63281801342964172
vt 0.83955401182174683 0.80849799513816833
vt 0.086494997143745422 0.62108200788497925
vt 0.11191999912261963 0.60425001382827759
vt 0.11695700138807297 0.6224139928817749
vt 0.70251697301864624 0.90899199992418289
vt 0.71190297603607178 0.88774599879980087
vt 0.98186600208282471 0.96102400124073029
vt 0.72130799293518066 0.86591500043869019
vt 0.97604602575302124 0.99776399997062981
vt 0.73218899965286255 0.84404300153255463
vt 0.69155997037887573 0.92962600290775299
vt 0.95916599035263062 0.96462399885058403
vt 0.99230599403381348 0.98150400072336197
vt 0.95556598901748657 0.9873240003362298
vt 0.74212300777435303 0.45679998397827148
vt 0.93608701229095459 0.23814702033996582
vt 0.93117201328277588 0.17358601093292236
vt 0.72466301918029785 0.47919100522994995
vt 0.96487301588058472 0.23177200555801392
vt 0.72259700298309326 0.46533000469207764
vt 0.73639100790023804 0.45566701889038086
vt 0.75058597326278687 0.46672898530960083
vt 0.74805402755737305 0.46146398782730103
vt 0.73066002130508423 0.48378902673721313
vt 0.95427197217941284 0.29564398527145386
vt 0.74458801746368408 0.4824560284614563
vt 0.6732100248336792 0.23469501733779907
vt 0.65948700904846191 0.23444497585296631
vt 0.68681198358535767 0.23493599891662598
vt 0.70025402307510376 0.23510897159576416
vt 0.96001297235488892 0.043340027332305908
vt 0.96001297235488892 0.020676016807556152
vt 0.98375499248504639 0.020676016807556152
vt 0.98375499248504639 0.043340027332305908
vt 0.38058799505233765 0.93942499905824661
vt 0.78776299953460693 0.61127901077270508
vt 0.29158899188041687 0.94318199902772903
vt 0.76345300674438477 0.70277601480484009
vt 0.79985898733139038 0.61239299178123474
vt 0.77526301145553589 0.70787501335144043
vt 0.37740498781204224 0.95875100046396255
vt 0.29343798756599426 0.95362799987196922
vt 0.49107599258422852 0.55372101068496704
vt 0.35708299279212952 0.5516979992389679
vt 0.79114598035812378 0.91790399700403214
vt 0.78464001417160034 0.93468300253152847
vt 0.79040700197219849 0.921936996281147
vt 0.78619199991226196 0.93091700226068497
vt 0.81701701879501343 0.92657499760389328
vt 0.81793701648712158 0.94427400082349777
vt 0.81756401062011719 0.92253299802541733
vt 0.81626701354980469 0.94801599904894829
vt 0.96143102645874023 0.90397000312805176
vt 0.8893510103225708 0.68577000498771667
vt 0.89974099397659302 0.72108998894691467
vt 0.87828099727630615 0.65132001042366028
vt 0.94509100914001465 0.87388999760150909
vt 0.90946102142333984 0.75406000018119812
vt 0.92176097631454468 0.78959000110626221
vt 0.93953102827072144 0.82283000648021698
vt 0.94127100706100464 0.93473000079393387
vt 0.90438097715377808 0.93503999710083008
vt 0.90829098224639893 0.87419000267982483
vt 0.88800102472305298 0.90494000166654587
vt 0.71905797719955444 0.97614900022745132
vt 0.73253899812698364 0.45099598169326782
vt 0.72411197423934937 0.45109099149703979
vt 0.74019902944564819 0.44764399528503418
vt 0.70930200815200806 0.99339100020006299
vt 0.72515702247619629 0.9949540002271533
vt 0.69077599048614502 0.28571200370788574
vt 0.89253097772598267 0.61316999793052673
vt 0.6942480206489563 0.26560097932815552
vt 0.6919819712638855 0.30742502212524414
vt 0.87543100118637085 0.61033999919891357
vt 0.71449601650238037 0.22897100448608398
vt 0.70261102914810181 0.24559497833251953
vt 0.69784802198410034 0.25534301996231079
vt 0.69691401720046997 0.32519900798797607
vt 0.92361098527908325 0.60343998670578003
vt 0.93636101484298706 0.5711199939250946
vt 0.87288099527359009 0.59319001436233521
vt 0.88313102722167969 0.56227999925613403
vt 0.91567099094390869 0.55006998777389526
vt 0.91271102428436279 0.32550197839736938
vt 0.92442697286605835 0.38572597503662109
vt 0.92043799161911011 0.097552001476287842
vt 0.084238000214099884 0.28439497947692871
vt 0.88664400577545166 0.23956501483917236
vt 0.11029999703168869 0.21776998043060303
vt 0.89784497022628784 0.095266997814178467
vt 0.89301002025604248 0.35409200191497803
vt 0.90962898731231689 0.24018502235412598
vt 0.91557502746582031 0.35003000497817993
vt 0.88999199867248535 0.32722800970077515
vt 0.90305197238922119 0.39171302318572998
vt 0.89446097612380981 0.40982002019882202
vt 0.033153001219034195 0.61919400095939636
vt 0.82406097650527954 0.19615399837493896
vt 0.80788099765777588 0.21655398607254028
vt 0.8378409743309021 0.16878402233123779
vt 0.017214000225067139 0.61291000247001648
vt 0.99036097526550293 0.41501998901367188
vt 0.76301097869873047 0.056493997573852539
vt 0.77181100845336914 0.17322397232055664
vt 0.78912097215652466 0.19850397109985352
vt 0.98966097831726074 0.43953001499176025
vt 0.93382102251052856 0.44238001108169556
vt 0.027372999116778374 0.62972000241279602
vt 0.0135690001770854 0.62203601002693176
vt 0.014833999797701836 0.62566700577735901
vt 0.013636999763548374 0.61884000897407532
vt 0.030364999547600746 0.61365801095962524
vt 0.014724999666213989 0.61583399772644043
vt 0.033098999410867691 0.62248501181602478
vt 0.031970001757144928 0.62555798888206482
vt 0.79711097478866577 0.056244015693664551
vt 0.80649101734161377 0.19575399160385132
vt 0.80454099178314209 0.16677397489547729
vt 0.83093100786209106 0.051923990249633789
vt 0.93362098932266235 0.41053998470306396
vt 0.89479100704193115 0.44433999061584473
vt 0.86622101068496704 0.42725998163223267
vt 0.91195201873779297 0.86506000161170959
vt 0.98894202709197998 0.86760999262332916
vt 0.89934098720550537 0.39819997549057007
vt 0.90261101722717285 0.39750999212265015
vt 0.98838198184967041 0.87300999462604523
vt 0.91251200437545776 0.85965999960899353
vt 0.90265101194381714 0.39785999059677124
vt 0.89930099248886108 0.39785999059677124
vt 0.87146097421646118 0.58531001210212708
vt 0.05495699867606163 0.29096800088882446
vt 0.70323997735977173 0.37278801202774048
vt 0.50526702404022217 0.69275900721549988
vt 0.45398399233818054 0.68955099582672119
vt 0.077757000923156738 0.42709898948669434
vt 0.75308799743652344 0.35203897953033447
vt 0.02552499994635582 0.32308101654052734
vt 0.026192000135779381 0.44061201810836792
vt 0.065095998346805573 0.32862699031829834
vt 0.082211002707481384 0.30193501710891724
vt 0.079062998294830322 0.42041397094726562
vt 0.070350997149944305 0.41483497619628906
vt 0.081906996667385101 0.32576298713684082
vt 0.094903998076915741 0.42354398965835571
vt 0.08721199631690979 0.40903699398040771
vt 0.80202198028564453 0.97578799910843372
vt 0.78302901983261108 0.97027800045907497
vt 0.29429298639297485 0.93536599725484848
vt 0.38310399651527405 0.94783699885010719
vt 0.63363897800445557 0.80271099507808685
vt 0.6319580078125 0.86228300631046295
vt 0.6388390064239502 0.83080999553203583
vt 0.62272298336029053 0.77261699736118317
vt 0.96343600749969482 0.3192790150642395
vt 0.97487598657608032 0.38242697715759277
vt 0.9445350170135498 0.32263797521591187
vt 0.96239000558853149 0.35103100538253784
vt 0.98071002960205078 0.30088400840759277
vt 0.98905998468399048 0.38908600807189941
vt 0.97919297218322754 0.3260200023651123
vt 0.97620099782943726 0.35279899835586548
vt 0.98742300271987915 0.29697698354721069
vt 0.98479300737380981 0.38192898035049438
vt 0.96235299110412598 0.39200198650360107
vt 0.94297301769256592 0.36036700010299683
vt 0.96418297290802002 0.32888799905776978
vt 0.97822302579879761 0.38832402229309082
vt 0.96329700946807861 0.36038202047348022
vt 0.70849502086639404 0.54682201147079468
vt 0.35341799259185791 0.56772199273109436
vt 0.3320080041885376 0.54304501414299011
vt 0.19238099455833435 0.65354201197624207
vt 0.52949798107147217 0.70835399627685547
vt 0.3551580011844635 0.50604099035263062
vt 0.68846899271011353 0.57374200224876404
vt 0.19440899789333344 0.71150100231170654
vt 0.73177200555801392 0.49128901958465576
vt 0.7072569727897644 0.59524700045585632
vt 0.20198500156402588 0.5973530113697052
vt 0.68067097663879395 0.73928201198577881
vt 0.15320299565792084 0.70696300268173218
vt 0.72416198253631592 0.61711299419403076
vt 0.69099301099777222 0.51580500602722168
vt 0.17461700737476349 0.68440899252891541
vt 0.55111801624298096 0.68386098742485046
vt 0.52828699350357056 0.64666000008583069
vt 0.72971498966217041 0.56955799460411072
vt 0.23468999564647675 0.62050500512123108
vt 0.6477699875831604 0.76215299963951111
vt 0.15181200206279755 0.62867900729179382
vt 0.17543700337409973 0.73284399509429932
vt 0.1595429927110672 0.4748150110244751
vt 0.086494997143745422 0.62108200788497925
vt 0.81630301475524902 0.73027798533439636
vt 0.83955401182174683 0.80849799513816833
vt 0.09309600293636322 0.60342499613761902
vt 0.83897000551223755 0.78874699771404266
vt 0.11191999912261963 0.60425001382827759
vt 0.83387202024459839 0.76886199414730072
vt 0.11695700138807297 0.6224139928817749
vt 0.82597702741622925 0.74926900863647461
vt 0.10123900324106216 0.63281801342964172
vt 0.023142000660300255 0.66915100812911987
vt 0.056513000279664993 0.63988101482391357
vt 0.02273700013756752 0.64031100273132324
vt 0.083365000784397125 0.63958200812339783
vt 0.11014799773693085 0.99361100001260638
vt 0.14615899324417114 0.82575100660324097
vt 0.14615899324417114 0.82575100660324097
vt 0.14574199914932251 0.77879199385643005
vt 0.083365000784397125 0.63958200812339783
vt 0.11014799773693085 0.99361100001260638
vt 0.11613799631595612 0.97861599922180176
vt 0.14615899324417114 0.82575100660324097
vt 0.060640998184680939 0.99508900009095669
vt 0.11014799773693085 0.99361100001260638
vt 0.083365000784397125 0.63958200812339783
vt 0.083365000784397125 0.63958200812339783
vt 0.056513000279664993 0.63988101482391357
vt 0.060640998184680939 0.99508900009095669
vt 0.12413699924945831 0.63613799214363098
vt 0.083365000784397125 0.63958200812339783
vt 0.12933599948883057 0.67706999182701111
vt 0.18429400026798248 0.97846700064837933
vt 0.2067050039768219 0.84210899472236633
vt 0.16017700731754303 0.84158599376678467
vt 0.16017700731754303 0.84158599376678467
vt 0.11613799631595612 0.97861599922180176
vt 0.18429400026798248 0.97846700064837933
vt 0.14574199914932251 0.77879199385643005
vt 0.14649699628353119 0.68824499845504761
vt 0.12933599948883057 0.67706999182701111
vt 0.12933599948883057 0.67706999182701111
vt 0.083365000784397125 0.63958200812339783
vt 0.14574199914932251 0.77879199385643005
vt 0.61396902799606323 0.8285599946975708
vt 0.61528801918029785 0.79458999633789062
vt 0.25052198767662048 0.78042100369930267
vt 0.25052198767662048 0.78042100369930267
vt 0.21694199740886688 0.8138049989938736
vt 0.61396902799606323 0.8285599946975708
vt 0.43927100300788879 0.94331600144505501
vt 0.59370100498199463 0.8978239968419075
vt 0.42195001244544983 0.92720700055360794
vt 0.61396902799606323 0.8285599946975708
vt 0.21694199740886688 0.8138049989938736
vt 0.21555300056934357 0.85172900557518005
vt 0.21555300056934357 0.85172900557518005
vt 0.61063897609710693 0.89155399799346924
vt 0.61396902799606323 0.8285599946975708
vt 0.21555300056934357 0.85172900557518005
vt 0.20872800052165985 0.89773300290107727
vt 0.25611600279808044 0.90345100313425064
vt 0.43927100300788879 0.94331600144505501
vt 0.43858599662780762 0.99535600002855062
vt 0.5916600227355957 0.97401399910449982
vt 0.5916600227355957 0.97401399910449982
vt 0.59370100498199463 0.8978239968419075
vt 0.43927100300788879 0.94331600144505501
vt 0.21555300056934357 0.85172900557518005
vt 0.25611600279808044 0.90345100313425064
vt 0.36946401000022888 0.92529399693012238
vt 0.023142000660300255 0.66915100812911987
vt 0.002119000069797039 0.66941198706626892
vt 0.006318999920040369 0.99578299978747964
vt 0.006318999920040369 0.99578299978747964
vt 0.027278000488877296 0.99551100004464388
vt 0.023142000660300255 0.66915100812911987
vt 0.25052198767662048 0.78042100369930267
vt 0.61528801918029785 0.79458999633789062
vt 0.61620998382568359 0.77106399834156036
vt 0.61620998382568359 0.77106399834156036
vt 0.25142601132392883 0.75699600577354431
vt 0.25052198767662048 0.78042100369930267
vt 0.36946401000022888 0.92529399693012238
vt 0.25611600279808044 0.90345100313425064
vt 0.26795798540115356 0.9228769987821579
vt 0.060640998184680939 0.99508900009095669
vt 0.056513000279664993 0.63988101482391357
vt 0.023142000660300255 0.66915100812911987
vt 0.023142000660300255 0.66915100812911987
vt 0.027278000488877296 0.99551100004464388
vt 0.060640998184680939 0.99508900009095669
vt 0.25052198767662048 0.78042100369930267
vt 0.21828900277614594 0.77913099527359009
vt 0.21694199740886688 0.8138049989938736
vt 0.11613799631595612 0.97861599922180176
vt 0.16017700731754303 0.84158599376678467
vt 0.14615899324417114 0.82575100660324097
vt 0.42195001244544983 0.92720700055360794
vt 0.61063897609710693 0.89155399799346924
vt 0.21555300056934357 0.85172900557518005
vt 0.21555300056934357 0.85172900557518005
vt 0.36946401000022888 0.92529399693012238
vt 0.42195001244544983 0.92720700055360794
vt 0.59370100498199463 0.8978239968419075
vt 0.61063897609710693 0.89155399799346924
vt 0.42195001244544983 0.92720700055360794
vt 0.091236002743244171 0.48831397294998169
vt 0.072008997201919556 0.57180699706077576
vt 0.072008997201919556 0.57180699706077576
vt 0.090912997722625732 0.57351198792457581
vt 0.091236002743244171 0.48831397294998169
vt 0.072008997201919556 0.57180699706077576
vt 0.063523001968860626 0.61047199368476868
vt 0.072008997201919556 0.57180699706077576
vt 0.027551999315619469 0.45901799201965332
vt 0.090741001069545746 0.59813800454139709
vt 0.072008997201919556 0.57180699706077576
vt 0.063523001968860626 0.61047199368476868
vt 0.098296999931335449 0.47313201427459717
vt 0.080702997744083405 0.47055202722549438
vt 0.097489997744560242 0.48167800903320312
vt 0.098296999931335449 0.47313201427459717
vt 0.091236002743244171 0.48831397294998169
vt 0.091236002743244171 0.48831397294998169
vt 0.097489997744560242 0.48167800903320312
vt 0.080702997744083405 0.47055202722549438
vt 0.027551999315619469 0.45901799201965332
vt 0.080702997744083405 0.47055202722549438
vt 0.021719999611377716 0.58888798952102661
vt 0.062606997787952423 0.62950301170349121
vt 0.063523001968860626 0.61047199368476868
vt 0.063523001968860626 0.61047199368476868
vt 0.021719999611377716 0.58888798952102661
vt 0.027551999315619469 0.45901799201965332
vt 0.0088090002536773682 0.4575120210647583
vt 0.011017999611794949 0.57653900980949402
vt 0.011017999611794949 0.57653900980949402
vt 0.027551999315619469 0.45901799201965332
vt 0.021719999611377716 0.58888798952102661
vt 0.011017999611794949 0.57653900980949402
vt 0.011017999611794949 0.57653900980949402
vt 0.0064229997806251049 0.58411398530006409
vt 0.021719999611377716 0.58888798952102661
vt 0.98670399188995361 0.11283302307128906
vt 0.95850199460983276 0.12016099691390991
vt 0.96272099018096924 0.13681602478027344
vt 0.98670399188995361 0.11283302307128906
vt 0.96272099018096924 0.13681602478027344
vt 0.97870999574661255 0.14125698804855347
vt 0.98670399188995361 0.11283302307128906
vt 0.97870999574661255 0.14125698804855347
vt 0.99114501476287842 0.12948799133300781
vt 0.98670399188995361 0.11283302307128906
vt 0.97071599960327148 0.10816997289657593
vt 0.95850199460983276 0.12016099691390991
vt 0.96074998378753662 0.15423697233200073
vt 0.9240260124206543 0.14374500513076782
vt 0.92877197265625 0.16248100996017456
vt 0.96074998378753662 0.15423697233200073
vt 0.93726599216461182 0.13050401210784912
vt 0.9240260124206543 0.14374500513076782
vt 0.96074998378753662 0.15423697233200073
vt 0.95600301027297974 0.13550102710723877
vt 0.93726599216461182 0.13050401210784912
vt 0.96074998378753662 0.15423697233200073
vt 0.92877197265625 0.16248100996017456
vt 0.94750899076461792 0.16722798347473145
vt 0.73461300134658813 0.10392701625823975
vt 0.74836397171020508 0.055136978626251221
vt 0.73461300134658813 0.10392701625823975
vt 0.75098097324371338 0.01105797290802002
vt 0.73031800985336304 0.013212025165557861
vt 0.74836397171020508 0.055136978626251221
vt 0.73844397068023682 0.19736498594284058
vt 0.73515701293945312 0.1521260142326355
vt 0.54027998447418213 0.20969301462173462
vt 0.73844397068023682 0.19736498594284058
vt 0.73515701293945312 0.1521260142326355
vt 0.5279269814491272 0.010315001010894775
vt 0.41921499371528625 0.016044974327087402
vt 0.41921499371528625 0.016044974327087402
vt 0.46492999792098999 0.24593698978424072
vt 0.50589597225189209 0.22978699207305908
vt 0.46492999792098999 0.24593698978424072
vt 0.42383399605751038 0.23241901397705078
vt 0.35123500227928162 0.033999025821685791
vt 0.28916499018669128 0.052833974361419678
vt 0.35123500227928162 0.033999025821685791
vt 0.36126500368118286 0.21954202651977539
vt 0.2958579957485199 0.20214301347732544
vt 0.36126500368118286 0.21954202651977539
vt 0.24603800475597382 0.18474900722503662
vt 0.29014098644256592 0.20928299427032471
vt 0.24603800475597382 0.18474900722503662
vt 0.27292999625205994 0.11117702722549438
vt 0.16342200338840485 0.130482017993927
vt 0.24303300678730011 0.19441002607345581
vt 0.16342200338840485 0.130482017993927
vt 0.27292999625205994 0.11117702722549438
vt 0.27292999625205994 0.11117702722549438
vt 0.24766099452972412 0.12799501419067383
vt 0.24766099452972412 0.12799501419067383
vt 0.16342200338840485 0.130482017993927
vt 0.41921499371528625 0.016044974327087402
vt 0.35123500227928162 0.033999025821685791
vt 0.35123500227928162 0.033999025821685791
vt 0.28916499018669128 0.052833974361419678
vt 0.26212799549102783 0.082570016384124756
vt 0.73461300134658813 0.10392701625823975
vt 0.73461300134658813 0.10392701625823975
vt 0.73515701293945312 0.1521260142326355
vt 0.24303300678730011 0.19441002607345581
vt 0.24603800475597382 0.18474900722503662
vt 0.29014098644256592 0.20928299427032471
vt 0.2958579957485199 0.20214301347732544
vt 0.72531098127365112 0.012201011180877686
vt 0.5279269814491272 0.010315001010894775
vt 0.74836397171020508 0.055136978626251221
vt 0.72531098127365112 0.012201011180877686
vt 0.72531098127365112 0.012201011180877686
vt 0.74836397171020508 0.055136978626251221
vt 0.73031800985336304 0.013212025165557861
vt 0.26212799549102783 0.082570016384124756
vt 0.27292999625205994 0.11117702722549438
vt 0.54027998447418213 0.20969301462173462
vt 0.50589597225189209 0.22978699207305908
vt 0.54027998447418213 0.20969301462173462
vt 0.36126500368118286 0.21954202651977539
vt 0.42383399605751038 0.23241901397705078
vt 0.42383399605751038 0.23241901397705078
vt 0.14129899442195892 0.54403001070022583
vt 0.1662680059671402 0.55576899647712708
vt 0.14129899442195892 0.54403001070022583
vt 0.14129899442195892 0.54403001070022583
vt 0.11767800152301788 0.54788699746131897
vt 0.16700699925422668 0.60307401418685913
vt 0.17683300375938416 0.58032199740409851
vt 0.17683300375938416 0.58032199740409851
vt 0.1662680059671402 0.55576899647712708
vt 0.17683300375938416 0.58032199740409851
vt 0.11767800152301788 0.54788699746131897
vt 0.16700699925422668 0.60307401418685913
vt 0.18007799983024597 0.38809102773666382
vt 0.11273100227117538 0.38640302419662476
vt 0.18007799983024597 0.38809102773666382
vt 0.24748699367046356 0.11804497241973877
vt 0.13577300310134888 0.11262702941894531
vt 0.24748699367046356 0.11804497241973877
vt 0.96804100275039673 0.54960000514984131
vt 0.95377099514007568 0.56165000796318054
vt 0.95663100481033325 0.56279999017715454
vt 0.95663100481033325 0.56279999017715454
vt 0.9692310094833374 0.55184999108314514
vt 0.96804100275039673 0.54960000514984131
vt 0.97852098941802979 0.54385000467300415
vt 0.97991102933883667 0.54572999477386475
vt 0.98777097463607788 0.53847000002861023
vt 0.98777097463607788 0.53847000002861023
vt 0.9861609935760498 0.5367099940776825
vt 0.97852098941802979 0.54385000467300415
vt 0.95377099514007568 0.56165000796318054
vt 0.94790101051330566 0.6237800121307373
vt 0.95663100481033325 0.56279999017715454
vt 0.96804100275039673 0.54960000514984131
vt 0.9692310094833374 0.55184999108314514
vt 0.97991102933883667 0.54572999477386475
vt 0.97991102933883667 0.54572999477386475
vt 0.97852098941802979 0.54385000467300415
vt 0.96804100275039673 0.54960000514984131
vt 0.94790101051330566 0.6237800121307373
vt 0.95377099514007568 0.56165000796318054
vt 0.94509100914001465 0.55998998880386353
vt 0.94509100914001465 0.55998998880386353
vt 0.92715102434158325 0.61969000101089478
vt 0.94790101051330566 0.6237800121307373
vt 0.93640100955963135 0.5434499979019165
vt 0.93445098400115967 0.54508998990058899
vt 0.94200098514556885 0.55996999144554138
vt 0.94200098514556885 0.55996999144554138
vt 0.94509100914001465 0.55998998880386353
vt 0.93640100955963135 0.5434499979019165
vt 0.92231100797653198 0.52572000026702881
vt 0.9268609881401062 0.53540000319480896
vt 0.92885100841522217 0.53418999910354614
vt 0.92885100841522217 0.53418999910354614
vt 0.9244610071182251 0.52469000220298767
vt 0.92231100797653198 0.52572000026702881
vt 0.92715102434158325 0.61969000101089478
vt 0.94509100914001465 0.55998998880386353
vt 0.94200098514556885 0.55996999144554138
vt 0.9268609881401062 0.53540000319480896
vt 0.93445098400115967 0.54508998990058899
vt 0.93640100955963135 0.5434499979019165
vt 0.93640100955963135 0.5434499979019165
vt 0.92885100841522217 0.53418999910354614
vt 0.9268609881401062 0.53540000319480896
vt 0.030340999364852905 0.10851502418518066
vt 0.027062999084591866 0.10224002599716187
vt 0.028118999674916267 0.10924702882766724
vt 0.027062999084591866 0.10224002599716187
vt 0.030340999364852905 0.10851502418518066
vt 0.040667001157999039 0.030457019805908203
vt 0.027062999084591866 0.10224002599716187
vt 0.040667001157999039 0.030457019805908203
vt 0.0079629998654127121 0.029591023921966553
vt 0.0079629998654127121 0.029591023921966553
vt 0.017931999638676643 0.10204702615737915
vt 0.027062999084591866 0.10224002599716187
vt 0.017931999638676643 0.10204702615737915
vt 0.014340999536216259 0.10814899206161499
vt 0.016525000333786011 0.10899102687835693
vt 0.014340999536216259 0.10814899206161499
vt 0.017931999638676643 0.10204702615737915
vt 0.0079629998654127121 0.029591023921966553
vt 0.36116001009941101 0.22515898942947388
vt 0.31967398524284363 0.23647302389144897
vt 0.32439801096916199 0.25457799434661865
vt 0.32439801096916199 0.25457799434661865
vt 0.36565700173377991 0.24854797124862671
vt 0.36116001009941101 0.22515898942947388
vt 0.31276300549507141 0.25813502073287964
vt 0.30730500817298889 0.24064600467681885
vt 0.2940090000629425 0.24390298128128052
vt 0.2940090000629425 0.24390298128128052
vt 0.30025500059127808 0.26378899812698364
vt 0.31276300549507141 0.25813502073287964
vt 0.25987198948860168 0.2754560112953186
vt 0.29071900248527527 0.26709699630737305
vt 0.28504401445388794 0.24670600891113281
vt 0.28504401445388794 0.24670600891113281
vt 0.25490599870681763 0.25225597620010376
vt 0.25987198948860168 0.2754560112953186
vt 0.31276300549507141 0.25813502073287964
vt 0.32439801096916199 0.25457799434661865
vt 0.31967398524284363 0.23647302389144897
vt 0.31967398524284363 0.23647302389144897
vt 0.30730500817298889 0.24064600467681885
vt 0.31276300549507141 0.25813502073287964
vt 0.28504401445388794 0.24670600891113281
vt 0.29071900248527527 0.26709699630737305
vt 0.30025500059127808 0.26378899812698364
vt 0.30025500059127808 0.26378899812698364
vt 0.2940090000629425 0.24390298128128052
vt 0.28504401445388794 0.24670600891113281
vt 0.5556570291519165 0.26348298788070679
vt 0.58901697397232056 0.26348298788070679
vt 0.62300699949264526 0.26348298788070679
vt 0.6555439829826355 0.26348298788070679
vt 0.49063301086425781 0.24163401126861572
vt 0.49063301086425781 0.26348298788070679
vt 0.52286797761917114 0.26348298788070679
vt 0.58901697397232056 0.26348298788070679
vt 0.5556570291519165 0.26348298788070679
vt 0.62300699949264526 0.26348298788070679
vt 0.58901697397232056 0.26348298788070679
vt 0.6555439829826355 0.26348298788070679
vt 0.62300699949264526 0.26348298788070679
vt 0.68630701303482056 0.26348298788070679
vt 0.6555439829826355 0.26348298788070679
vt 0.52286797761917114 0.26348298788070679
vt 0.49063301086425781 0.26348298788070679
vt 0.5556570291519165 0.26348298788070679
vt 0.52286797761917114 0.26348298788070679
vt 0.88120102882385254 0.90840999782085419
vt 0.88120102882385254 0.90840999782085419
vt 0.87696099281311035 0.90821000188589096
vt 0.88120102882385254 0.90840999782085419
vt 0.90186101198196411 0.86283999681472778
vt 0.86024099588394165 0.87400999665260315
vt 0.86024099588394165 0.87400999665260315
vt 0.87696099281311035 0.90821000188589096
vt 0.88120102882385254 0.90840999782085419
vt 0.74436002969741821 0.97825600020587444
vt 0.73227399587631226 0.97552900016307831
vt 0.73227399587631226 0.97552900016307831
vt 0.73227399587631226 0.97552900016307831
vt 0.72309398651123047 0.97217799909412861
vt 0.73227399587631226 0.97552900016307831
vt 0.74436002969741821 0.97825600020587444
vt 0.77073502540588379 0.98374000005424023
vt 0.72309398651123047 0.97217799909412861
vt 0.69559401273727417 0.9611859992146492
vt 0.97340798377990723 0.85763899981975555
vt 0.96692800521850586 0.84364999830722809
vt 0.95876401662826538 0.78366599977016449
vt 0.98413997888565063 0.77340699732303619
vt 0.96148902177810669 0.76790900528430939
vt 0.95876401662826538 0.78366599977016449
vt 0.98413997888565063 0.77340699732303619
vt 0.95876401662826538 0.78366599977016449
vt 0.96012198925018311 0.81402799487113953
vt 0.96012198925018311 0.81402799487113953
vt 0.9582899808883667 0.79901300370693207
vt 0.96012198925018311 0.81402799487113953
vt 0.95876401662826538 0.78366599977016449
vt 0.9582899808883667 0.79901300370693207
vt 0.96692800521850586 0.84364999830722809
vt 0.96692800521850586 0.84364999830722809
vt 0.96279501914978027 0.82915200293064117
vt 0.96692800521850586 0.84364999830722809
vt 0.96012198925018311 0.81402799487113953
vt 0.96279501914978027 0.82915200293064117
vt 0.92570400238037109 0.04783099889755249
vt 0.95261198282241821 0.059095025062561035
vt 0.9451029896736145 0.04532700777053833
vt 0.9451029896736145 0.04532700777053833
vt 0.9407230019569397 0.043449997901916504
vt 0.92570400238037109 0.04783099889755249
vt 0.96028101444244385 0.71030798554420471
vt 0.95732802152633667 0.70299699902534485
vt 0.92140400409698486 0.71750399470329285
vt 0.92140400409698486 0.71750399470329285
vt 0.92439502477645874 0.72475400567054749
vt 0.96028101444244385 0.71030798554420471
vt 0.98684102296829224 0.69870498776435852
vt 0.98358601331710815 0.6915920078754425
vt 0.95732802152633667 0.70299699902534485
vt 0.95732802152633667 0.70299699902534485
vt 0.96028101444244385 0.71030798554420471
vt 0.98684102296829224 0.69870498776435852
vt 0.92820698022842407 0.072237014770507812
vt 0.93321400880813599 0.074114024639129639
vt 0.95261198282241821 0.059095025062561035
vt 0.95261198282241821 0.059095025062561035
vt 0.92570400238037109 0.04783099889755249
vt 0.92820698022842407 0.072237014770507812
vt 0.98160600662231445 0.064212024211883545
vt 0.97748297452926636 0.063087999820709229
vt 0.97748297452926636 0.063087999820709229
vt 0.92766100168228149 0.97660000063478947
vt 0.92831099033355713 0.97082000039517879
vt 0.92766100168228149 0.97660000063478947
vt 0.22542500495910645 0.0091009736061096191
vt 0.13851200044155121 0.008117973804473877
vt 0.13783200085163116 0.039535999298095703
vt 0.13783200085163116 0.039535999298095703
vt 0.22511899471282959 0.040777027606964111
vt 0.22542500495910645 0.0091009736061096191
vt 0.29003098607063293 0.011359989643096924
vt 0.22542500495910645 0.0091009736061096191
vt 0.22511899471282959 0.040777027606964111
vt 0.22511899471282959 0.040777027606964111
vt 0.28858700394630432 0.042605996131896973
vt 0.29003098607063293 0.011359989643096924
vt 0.77911102771759033 0.59428000450134277
vt 0.81890100240707397 0.59950000047683716
vt 0.83505100011825562 0.50091999769210815
vt 0.83505100011825562 0.50091999769210815
vt 0.79518097639083862 0.491100013256073
vt 0.77911102771759033 0.59428000450134277
vt 0.83505100011825562 0.50091999769210815
vt 0.87096101045608521 0.38991999626159668
vt 0.83306097984313965 0.37638998031616211
vt 0.83306097984313965 0.37638998031616211
vt 0.79518097639083862 0.491100013256073
vt 0.83505100011825562 0.50091999769210815
vt 0.11877900362014771 0.007964015007019043
vt 0.048661999404430389 0.010424971580505371
vt 0.11877900362014771 0.007964015007019043
vt 0.076718002557754517 0.27139699459075928
vt 0.012391000054776669 0.26914000511169434
vt 0.076718002557754517 0.27139699459075928
vt 0.837024986743927 0.7179110050201416
vt 0.8236839771270752 0.69721201062202454
vt 0.8056110143661499 0.71239200234413147
vt 0.8056110143661499 0.71239200234413147
vt 0.837024986743927 0.7179110050201416
vt 0.86364597082138062 0.81144900619983673
vt 0.86340701580047607 0.78546099364757538
vt 0.86364597082138062 0.81144900619983673
vt 0.86340701580047607 0.78546099364757538
vt 0.8571770191192627 0.76126100122928619
vt 0.86340701580047607 0.78546099364757538
vt 0.8571770191192627 0.76126100122928619
vt 0.84804797172546387 0.73899999260902405
vt 0.8571770191192627 0.76126100122928619
vt 0.84804797172546387 0.73899999260902405
vt 0.837024986743927 0.7179110050201416
vt 0.84804797172546387 0.73899999260902405
vt 0.71787399053573608 0.9164159968495369
vt 0.72760999202728271 0.89461799710988998
vt 0.71787399053573608 0.9164159968495369
vt 0.72760999202728271 0.89461799710988998
vt 0.73690700531005859 0.87314699590206146
vt 0.72760999202728271 0.89461799710988998
vt 0.73690700531005859 0.87314699590206146
vt 0.74701201915740967 0.85271699726581573
vt 0.73690700531005859 0.87314699590206146
vt 0.74701201915740967 0.85271699726581573
vt 0.75975698232650757 0.83415600657463074
vt 0.74643599987030029 0.82386699318885803
vt 0.74643599987030029 0.82386699318885803
vt 0.74701201915740967 0.85271699726581573
vt 0.7064020037651062 0.93721599876880646
vt 0.71787399053573608 0.9164159968495369
vt 0.7064020037651062 0.93721599876880646
vt 0.61184501647949219 0.557218998670578
vt 0.61098599433898926 0.52707099914550781
vt 0.54008698463439941 0.53092300891876221
vt 0.67549097537994385 0.55844700336456299
vt 0.61098599433898926 0.52707099914550781
vt 0.61184501647949219 0.557218998670578
vt 0.67549097537994385 0.55844700336456299
vt 0.67659902572631836 0.52881300449371338
vt 0.61098599433898926 0.52707099914550781
vt 0.54088801145553589 0.56105500459671021
vt 0.50636798143386841 0.52994701266288757
vt 0.50532901287078857 0.55935901403427124
vt 0.54008698463439941 0.53092300891876221
vt 0.50636798143386841 0.52994701266288757
vt 0.54088801145553589 0.56105500459671021
vt 0.54088801145553589 0.56105500459671021
vt 0.61184501647949219 0.557218998670578
vt 0.54008698463439941 0.53092300891876221
vt 0.98643797636032104 0.23187297582626343
vt 0.97996699810028076 0.278065025806427
vt 0.9770510196685791 0.17390501499176025
vt 0.98643797636032104 0.23187297582626343
vt 0.9770510196685791 0.17390501499176025
vt 0.95694398880004883 0.17371702194213867
vt 0.9230390191078186 0.29526799917221069
vt 0.94308000802993774 0.29686200618743896
vt 0.94308000802993774 0.29686200618743896
vt 0.95756202936172485 0.23995602130889893
vt 0.95756202936172485 0.23995602130889893
vt 0.95521998405456543 0.19336402416229248
vt 0.95521998405456543 0.19336402416229248
vt 0.97996699810028076 0.278065025806427
vt 0.66002798080444336 0.20824897289276123
vt 0.64660602807998657 0.20808601379394531
vt 0.66002798080444336 0.20824897289276123
vt 0.64660602807998657 0.20808601379394531
vt 0.64573097229003906 0.23387497663497925
vt 0.68735402822494507 0.20875000953674316
vt 0.70111900568008423 0.20932000875473022
vt 0.68735402822494507 0.20875000953674316
vt 0.67361098527908325 0.20849001407623291
vt 0.68735402822494507 0.20875000953674316
vt 0.67361098527908325 0.20849001407623291
vt 0.66002798080444336 0.20824897289276123
vt 0.67361098527908325 0.20849001407623291
vt 0.39170101284980774 0.66640299558639526
vt 0.26481300592422485 0.66411501169204712
vt 0.26455101370811462 0.68912899494171143
vt 0.26455101370811462 0.68912899494171143
vt 0.3914870023727417 0.6914379894733429
vt 0.39170101284980774 0.66640299558639526
vt 0.26455101370811462 0.68912899494171143
vt 0.26481300592422485 0.66411501169204712
vt 0.25225400924682617 0.6641710102558136
vt 0.25225400924682617 0.6641710102558136
vt 0.25285699963569641 0.68919700384140015
vt 0.26455101370811462 0.68912899494171143
vt 0.40410101413726807 0.6662830114364624
vt 0.40492799878120422 0.69131699204444885
vt 0.42349600791931152 0.68938800692558289
vt 0.42349600791931152 0.68938800692558289
vt 0.42160400748252869 0.66504299640655518
vt 0.40410101413726807 0.6662830114364624
vt 0.25285699963569641 0.68919700384140015
vt 0.25225400924682617 0.6641710102558136
vt 0.23627899587154388 0.66565999388694763
vt 0.23627899587154388 0.66565999388694763
vt 0.23774600028991699 0.69004300236701965
vt 0.25285699963569641 0.68919700384140015
vt 0.40492799878120422 0.69131699204444885
vt 0.40410101413726807 0.6662830114364624
vt 0.39170101284980774 0.66640299558639526
vt 0.39170101284980774 0.66640299558639526
vt 0.3914870023727417 0.6914379894733429
vt 0.40492799878120422 0.69131699204444885
vt 0.79318100214004517 0.70958799123764038
vt 0.8142399787902832 0.61822900176048279
vt 0.79318100214004517 0.70958799123764038
vt 0.49148699641227722 0.52662199735641479
vt 0.49148699641227722 0.52662199735641479
vt 0.35749399662017822 0.52459898591041565
vt 0.82202702760696411 0.94403500109910965
vt 0.82202702760696411 0.94403500109910965
vt 0.82109397649765015 0.92654799669981003
vt 0.91462099552154541 0.7166999876499176
vt 0.90416097640991211 0.68136999011039734
vt 0.91462099552154541 0.7166999876499176
vt 0.90416097640991211 0.68136999011039734
vt 0.89289098978042603 0.64564999938011169
vt 0.90416097640991211 0.68136999011039734
vt 0.89289098978042603 0.64564999938011169
vt 0.87728101015090942 0.61417999863624573
vt 0.87728101015090942 0.61417999863624573
vt 0.86383098363876343 0.62132000923156738
vt 0.93604099750518799 0.78349000215530396
vt 0.92432099580764771 0.74941998720169067
vt 0.92432099580764771 0.74941998720169067
vt 0.92432099580764771 0.74941998720169067
vt 0.91462099552154541 0.7166999876499176
vt 0.91462099552154541 0.7166999876499176
vt 0.95277100801467896 0.81525999307632446
vt 0.93604099750518799 0.78349000215530396
vt 0.93604099750518799 0.78349000215530396
vt 0.71271800994873047 0.41470599174499512
vt 0.72344201803207397 0.40886497497558594
vt 0.71271800994873047 0.41470599174499512
vt 0.7356029748916626 0.40982300043106079
vt 0.72344201803207397 0.40886497497558594
vt 0.7356029748916626 0.40982300043106079
vt 0.86484301090240479 0.33902698755264282
vt 0.86484301090240479 0.33902698755264282
vt 0.87324297428131104 0.32043701410293579
vt 0.87600898742675781 0.30985897779464722
vt 0.87324297428131104 0.32043701410293579
vt 0.87600898742675781 0.30985897779464722
vt 0.85167199373245239 0.35635197162628174
vt 0.85167199373245239 0.35635197162628174
vt 0.86484301090240479 0.33902698755264282
vt 0.87696999311447144 0.27860498428344727
vt 0.87755000591278076 0.29901200532913208
vt 0.87696999311447144 0.27860498428344727
vt 0.87600898742675781 0.30985897779464722
vt 0.87600898742675781 0.30985897779464722
vt 0.87755000591278076 0.29901200532913208
vt 0.87150800228118896 0.25755798816680908
vt 0.73075199127197266 0.21458899974822998
vt 0.87696999311447144 0.27860498428344727
vt 0.87150800228118896 0.25755798816680908
vt 0.85167199373245239 0.35635197162628174
vt 0.83761000633239746 0.36833399534225464
vt 0.85167199373245239 0.35635197162628174
vt 0.23996999859809875 0.25975698232650757
vt 0.25618898868560791 0.24015098810195923
vt 0.10245499759912491 0.35337197780609131
vt 0.1808599978685379 0.29205399751663208
vt 0.1808599978685379 0.29205399751663208
vt 0.23795799911022186 0.27741897106170654
vt 0.23996999859809875 0.25975698232650757
vt 0.23996999859809875 0.25975698232650757
vt 0.1808599978685379 0.29205399751663208
vt 0.26796901226043701 0.21774297952651978
vt 0.28705599904060364 0.23457002639770508
vt 0.11750199645757675 0.14679300785064697
vt 0.20453499257564545 0.19509100914001465
vt 0.26796901226043701 0.21774297952651978
vt 0.26321899890899658 0.20061302185058594
vt 0.20453499257564545 0.19509100914001465
vt 0.20453499257564545 0.19509100914001465
vt 0.26796901226043701 0.21774297952651978
vt 0.66574001312255859 0.94485700130462646
vt 0.62811601161956787 0.95551100000739098
vt 0.63937002420425415 0.96690599992871284
vt 0.63937002420425415 0.96690599992871284
vt 0.6757969856262207 0.95492000132799149
vt 0.66574001312255859 0.94485700130462646
vt 0.66574001312255859 0.94485700130462646
vt 0.6757969856262207 0.95492000132799149
vt 0.71438401937484741 0.86602100729942322
vt 0.71438401937484741 0.86602100729942322
vt 0.70941799879074097 0.86310899257659912
vt 0.66574001312255859 0.94485700130462646
vt 0.72441601753234863 0.82011899352073669
vt 0.71376299858093262 0.83847500383853912
vt 0.72447198629379272 0.84371499717235565
vt 0.72447198629379272 0.84371499717235565
vt 0.73420798778533936 0.8260670006275177
vt 0.72441601753234863 0.82011899352073669
vt 0.72447198629379272 0.84371499717235565
vt 0.71376299858093262 0.83847500383853912
vt 0.70941799879074097 0.86310899257659912
vt 0.70941799879074097 0.86310899257659912
vt 0.71438401937484741 0.86602100729942322
vt 0.72447198629379272 0.84371499717235565
vt 0.62811601161956787 0.95551100000739098
vt 0.61027401685714722 0.96905099973082542
vt 0.61788797378540039 0.97395999915897846
vt 0.61788797378540039 0.97395999915897846
vt 0.63937002420425415 0.96690599992871284
vt 0.62811601161956787 0.95551100000739098
vt 0.6757969856262207 0.95492000132799149
vt 0.63937002420425415 0.96690599992871284
vt 0.66275501251220703 0.98450599983334541
vt 0.66275501251220703 0.98450599983334541
vt 0.70524501800537109 0.99073799978941679
vt 0.6757969856262207 0.95492000132799149
vt 0.69699501991271973 0.77253900468349457
vt 0.68106400966644287 0.77088700234889984
vt 0.69628399610519409 0.80690500140190125
vt 0.69628399610519409 0.80690500140190125
vt 0.71042501926422119 0.80845700204372406
vt 0.69699501991271973 0.77253900468349457
vt 0.69628399610519409 0.80690500140190125
vt 0.65982002019882202 0.89211300015449524
vt 0.66519099473953247 0.89416400343179703
vt 0.66519099473953247 0.89416400343179703
vt 0.71042501926422119 0.80845700204372406
vt 0.69628399610519409 0.80690500140190125
vt 0.6541060209274292 0.91598899662494659
vt 0.64331400394439697 0.91091299802064896
vt 0.63565301895141602 0.93069999665021896
vt 0.63565301895141602 0.93069999665021896
vt 0.64641499519348145 0.93462499976158142
vt 0.6541060209274292 0.91598899662494659
vt 0.65982002019882202 0.89211300015449524
vt 0.64331400394439697 0.91091299802064896
vt 0.6541060209274292 0.91598899662494659
vt 0.6541060209274292 0.91598899662494659
vt 0.66519099473953247 0.89416400343179703
vt 0.65982002019882202 0.89211300015449524
vt 0.68106400966644287 0.77088700234889984
vt 0.69699501991271973 0.77253900468349457
vt 0.68905198574066162 0.75136299431324005
vt 0.68905198574066162 0.75136299431324005
vt 0.68045902252197266 0.74849700927734375
vt 0.68106400966644287 0.77088700234889984
vt 0.72534400224685669 0.77977000176906586
vt 0.69699501991271973 0.77253900468349457
vt 0.71042501926422119 0.80845700204372406
vt 0.71042501926422119 0.80845700204372406
vt 0.75679302215576172 0.8090289980173111
vt 0.72534400224685669 0.77977000176906586
vt 0.80361098051071167 0.018804013729095459
vt 0.78565102815628052 0.020003974437713623
vt 0.80361098051071167 0.018804013729095459
vt 0.78565102815628052 0.020003974437713623
vt 0.13835699856281281 0.51905098557472229
vt 0.13764700293540955 0.44220399856567383
vt 0.11633999645709991 0.44240802526473999
vt 0.11633999645709991 0.44240802526473999
vt 0.11706200242042542 0.51924899220466614
vt 0.13835699856281281 0.51905098557472229
vt 0.97308099269866943 0.92698000371456146
vt 0.90065097808837891 0.95267999917268753
vt 0.90778100490570068 0.97275999933481216
vt 0.90778100490570068 0.97275999933481216
vt 0.98020100593566895 0.9470600001513958
vt 0.97308099269866943 0.92698000371456146
vt 0.40957498550415039 0.92998199909925461
vt 0.40393999218940735 0.92944099754095078
vt 0.40393999218940735 0.92944099754095078
vt 0.39765501022338867 0.96211099997162819
vt 0.41125398874282837 0.96276099979877472
vt 0.39765501022338867 0.96211099997162819
vt 0.19569100439548492 0.96313900128006935
vt 0.19569100439548492 0.96313900128006935
vt 0.19542199373245239 0.99357799999415874
vt 0.79608100652694702 0.91243000328540802
vt 0.79608100652694702 0.91243000328540802
vt 0.85027098655700684 0.9042000025510788
vt 0.73637902736663818 0.99604299990460277
vt 0.73637902736663818 0.99604299990460277
vt 0.74228399991989136 0.99400199996307492
vt 0.83819097280502319 0.61785000562667847
vt 0.85668098926544189 0.62430998682975769
vt 0.83303099870681763 0.54556998610496521
vt 0.83303099870681763 0.54556998610496521
vt 0.82648098468780518 0.57188999652862549
vt 0.83303099870681763 0.54556998610496521
vt 0.82648098468780518 0.57188999652862549
vt 0.83819097280502319 0.61785000562667847
vt 0.82648098468780518 0.57188999652862549
vt 0.81922101974487305 0.61289998888969421
vt 0.83819097280502319 0.61785000562667847
vt 0.51019001007080078 0.67678698897361755
vt 0.50642102956771851 0.66046801209449768
vt 0.45503100752830505 0.65955701470375061
vt 0.45503100752830505 0.65955701470375061
vt 0.44824901223182678 0.67430099844932556
vt 0.51019001007080078 0.67678698897361755
vt 0.51019001007080078 0.67678698897361755
vt 0.51019001007080078 0.67678698897361755
vt 0.44824901223182678 0.67430099844932556
vt 0.73758900165557861 0.37824499607086182
vt 0.73758900165557861 0.37824499607086182
vt 0.69912499189376831 0.39690399169921875
vt 0.74594002962112427 0.40457099676132202
vt 0.73758900165557861 0.37824499607086182
vt 0.73758900165557861 0.37824499607086182
vt 0.69912499189376831 0.39690399169921875
vt 0.014972000382840633 0.31429797410964966
vt 0.014972000382840633 0.31429797410964966
vt 0.014972000382840633 0.31429797410964966
vt 0.014972000382840633 0.31429797410964966
vt 0.0017310000257566571 0.31960099935531616
vt 0.67004299163818359 0.79650700092315674
vt 0.6497960090637207 0.79438699781894684
vt 0.63939100503921509 0.86854499578475952
vt 0.65646302700042725 0.87122100591659546
vt 0.6745610237121582 0.83629399538040161
vt 0.65331101417541504 0.82789100706577301
vt 0.64973300695419312 0.80461500585079193
vt 0.67004299163818359 0.79650700092315674
vt 0.63012802600860596 0.77624499797821045
vt 0.6497960090637207 0.79438699781894684
vt 0.63012802600860596 0.77624499797821045
vt 0.65331101417541504 0.82789100706577301
vt 0.64973300695419312 0.80461500585079193
vt 0.64973300695419312 0.80461500585079193
vt 0.65305799245834351 0.83785900473594666
vt 0.6745610237121582 0.83629399538040161
vt 0.64249300956726074 0.86204400658607483
vt 0.65305799245834351 0.83785900473594666
vt 0.64249300956726074 0.86204400658607483
vt 0.65646302700042725 0.87122100591659546
vt 0.64249300956726074 0.86204400658607483
vt 0.6279979944229126 0.87017899751663208
vt 0.63939100503921509 0.86854499578475952
vt 0.88062399625778198 0.22564601898193359
vt 0.89176398515701294 0.048404991626739502
vt 0.85588198900222778 0.046672999858856201
vt 0.85588198900222778 0.046672999858856201
vt 0.84601998329162598 0.22336399555206299
vt 0.88062399625778198 0.22564601898193359
vt 0.91882097721099854 0.8503199964761734
vt 0.91488099098205566 0.8270300030708313
vt 0.88103097677230835 0.83471000194549561
vt 0.88103097677230835 0.83471000194549561
vt 0.88541102409362793 0.85672000050544739
vt 0.91882097721099854 0.8503199964761734
vt 0.91488099098205566 0.8270300030708313
vt 0.91061097383499146 0.80990999937057495
vt 0.87688100337982178 0.8184099942445755
vt 0.87688100337982178 0.8184099942445755
vt 0.88103097677230835 0.83471000194549561
vt 0.91488099098205566 0.8270300030708313
vt 0.91061097383499146 0.80990999937057495
vt 0.86784100532531738 0.63841000199317932
vt 0.83302098512649536 0.64708000421524048
vt 0.83302098512649536 0.64708000421524048
vt 0.87688100337982178 0.8184099942445755
vt 0.91061097383499146 0.80990999937057495
vt 0.85667997598648071 0.028280019760131836
vt 0.89228099584579468 0.029168009757995605
vt 0.89200401306152344 0.011050999164581299
vt 0.89200401306152344 0.011050999164581299
vt 0.85669100284576416 0.010927021503448486
vt 0.85667997598648071 0.028280019760131836
vt 0.85667997598648071 0.028280019760131836
vt 0.85588198900222778 0.046672999858856201
vt 0.89176398515701294 0.048404991626739502
vt 0.89176398515701294 0.048404991626739502
vt 0.89228099584579468 0.029168009757995605
vt 0.85667997598648071 0.028280019760131836
vt 0.72577100992202759 0.67065000534057617
vt 0.721110999584198 0.68959999084472656
vt 0.75324100255966187 0.69905000925064087
vt 0.75324100255966187 0.69905000925064087
vt 0.75756102800369263 0.67669999599456787
vt 0.72577100992202759 0.67065000534057617
vt 0.721110999584198 0.68959999084472656
vt 0.69726097583770752 0.75184999406337738
vt 0.72870099544525146 0.76468999683856964
vt 0.72870099544525146 0.76468999683856964
vt 0.75324100255966187 0.69905000925064087
vt 0.721110999584198 0.68959999084472656
vt 0.75756102800369263 0.67669999599456787
vt 0.80366098880767822 0.43138998746871948
vt 0.7689710259437561 0.42461001873016357
vt 0.7689710259437561 0.42461001873016357
vt 0.72577100992202759 0.67065000534057617
vt 0.75756102800369263 0.67669999599456787
vt 0.80921101570129395 0.41552001237869263
vt 0.82155102491378784 0.37761998176574707
vt 0.78540098667144775 0.36522001028060913
vt 0.78540098667144775 0.36522001028060913
vt 0.77122098207473755 0.40551000833511353
vt 0.80921101570129395 0.41552001237869263
vt 0.80366098880767822 0.43138998746871948
vt 0.80921101570129395 0.41552001237869263
vt 0.77122098207473755 0.40551000833511353
vt 0.77122098207473755 0.40551000833511353
vt 0.7689710259437561 0.42461001873016357
vt 0.80366098880767822 0.43138998746871948
vt 0.837024986743927 0.7179110050201416
vt 0.8236839771270752 0.69721201062202454
vt 0.8056110143661499 0.71239200234413147
vt 0.8056110143661499 0.71239200234413147
vt 0.837024986743927 0.7179110050201416
vt 0.86364597082138062 0.81144900619983673
vt 0.86340701580047607 0.78546099364757538
vt 0.86364597082138062 0.81144900619983673
vt 0.86340701580047607 0.78546099364757538
vt 0.8571770191192627 0.76126100122928619
vt 0.86340701580047607 0.78546099364757538
vt 0.8571770191192627 0.76126100122928619
vt 0.84804797172546387 0.73899999260902405
vt 0.8571770191192627 0.76126100122928619
vt 0.84804797172546387 0.73899999260902405
vt 0.837024986743927 0.7179110050201416
vt 0.84804797172546387 0.73899999260902405
f 437/437 438/438 439/439
f 440/440 441/441 442/442
f 443/443 444/444 445/445
f 446/446 447/447 448/448
f 449/449 450/450 451/451
f 452/452 453/453 454/454
f 455/455 456/456 457/457
f 458/458 459/459 460/460
f 461/461 462/462 463/463
f 464/464 465/465 466/466
f 467/467 468/468 469/469
f 470/470 471/471 472/472
f 473/473 474/474 475/475
f 476/476 477/477 478/478
f 479/479 480/480 481/481
f 482/482 483/483 484/484
f 485/485 486/486 487/487
f 488/488 489/489 490/490
f 491/491 492/492 493/493
f 494/494 495/495 496/496
f 497/497 498/498 499/499
f 500/500 501/501 502/502
f 503/503 504/504 505/505
f 506/506 507/507 508/508
f 509/509 510/510 511/511
f 512/512 513/513 514/514
f 515/515 516/516 517/517
f 518/518 519/519 520/520
f 521/521 522/522 523/523
f 524/524 525/525 526/526
f 527/527 528/528 529/529
f 530/530 531/531 532/532
f 533/533 40/40 534/534
f 535/535 536/536 537/537
f 538/538 37/37 539/539
f 37/37 540/540 40/40
f 40/40 541/541 37/37
f 542/542 543/543 544/544
f 545/545 546/546 39/39
f 39/39 547/547 548/548
f 39/39 40/40 549/549
f 550/550 551/551 39/39
f 552/552 553/553 40/40
f 40/40 39/39 554/554
f 555/555 556/556 557/557
f 558/558 37/37 559/559
f 560/560 561/561 562/562
f 563/563 37/37 564/564
f 565/565 37/37 566/566
f 567/567 568/568 569/569
f 570/570 571/571 572/572
f 573/573 574/574 575/575
f 576/576 577/577 578/578
f 579/579 580/580 581/581
f 582/582 583/583 584/584
f 585/585 586/586 587/587
f 588/588 589/589 590/590
f 591/591 592/592 593/593
f 594/594 595/595 58/58
f 58/58 57/57 596/596
f 597/597 598/598 599/599
f 600/600 601/601 60/60
f 60/60 602/602 603/603
f 77/77 60/60 604/604
f 57/57 58/58 62/62
f 62/62 61/61 57/57
f 58/58 605/605 606/606
f 607/607 62/62 58/58
f 608/608 609/609 81/81
f 61/61 65/65 77/77
f 610/610 81/81 611/611
f 68/68 74/74 76/76
f 612/612 613/613 68/68
f 68/68 76/76 614/614
f 615/615 64/64 71/71
f 71/71 616/616 617/617
f 74/74 71/71 64/64
f 618/618 619/619 71/71
f 71/71 73/73 620/620
f 72/72 73/73 71/71
f 68/68 621/621 67/67
f 622/622 623/623 73/73
f 624/624 73/73 72/72
f 67/67 74/74 68/68
f 67/67 71/71 74/74
f 61/61 74/74 64/64
f 72/72 67/67 625/625
f 626/626 627/627 72/72
f 628/628 629/629 72/72
f 61/61 62/62 76/76
f 76/76 74/74 61/61
f 62/62 630/630 631/631
f 632/632 76/76 62/62
f 633/633 634/634 68/68
f 60/60 77/77 65/65
f 57/57 77/77 635/635
f 636/636 77/77 637/637
f 57/57 61/61 77/77
f 638/638 639/639 73/73
f 640/640 641/641 71/71
f 642/642 643/643 58/58
f 58/58 644/644 645/645
f 646/646 647/647 648/648
f 649/649 650/650 68/68
f 651/651 60/60 81/81
f 81/81 652/652 653/653
f 64/64 654/654 655/655
f 656/656 81/81 64/64
f 65/65 81/81 60/60
f 65/65 64/64 81/81
f 64/64 65/65 61/61
f 67/67 72/72 71/71
f 657/657 83/83 82/82
f 82/82 658/658 659/659
f 83/83 660/660 661/661
f 84/84 662/662 663/663
f 664/664 665/665 82/82
f 82/82 84/84 666/666
f 79/79 86/86 82/82
f 82/82 83/83 79/79
f 79/79 83/83 667/667
f 668/668 84/84 56/56
f 82/82 86/86 56/56
f 56/56 84/84 82/82
f 87/87 89/89 90/90
f 90/90 88/88 87/87
f 55/55 49/49 88/88
f 50/50 106/106 91/91
f 91/91 85/85 50/50
f 91/91 103/103 85/85
f 89/89 92/92 93/93
f 93/93 90/90 89/89
f 90/90 93/93 51/51
f 51/51 59/59 90/90
f 80/80 66/66 104/104
f 95/95 92/92 103/103
f 104/104 66/66 110/110
f 101/101 97/97 102/102
f 52/52 102/102 97/97
f 97/97 69/69 52/52
f 63/63 78/78 98/98
f 98/98 94/94 63/63
f 98/98 101/101 94/94
f 98/98 70/70 53/53
f 53/53 100/100 98/98
f 100/100 99/99 98/98
f 107/107 97/97 96/96
f 105/105 75/75 100/100
f 100/100 75/75 99/99
f 101/101 96/96 97/97
f 98/98 96/96 101/101
f 101/101 92/92 94/94
f 99/99 108/108 107/107
f 107/107 96/96 99/99
f 75/75 108/108 99/99
f 92/92 101/101 102/102
f 102/102 93/93 92/92
f 93/93 102/102 52/52
f 52/52 51/51 93/93
f 109/109 69/69 97/97
f 103/103 91/91 95/95
f 103/103 89/89 87/87
f 103/103 87/87 85/85
f 92/92 89/89 103/103
f 53/53 105/105 100/100
f 78/78 70/70 98/98
f 54/54 88/88 90/90
f 90/90 59/59 54/54
f 88/88 54/54 55/55
f 107/107 109/109 97/97
f 106/106 80/80 104/104
f 104/104 91/91 106/106
f 94/94 104/104 110/110
f 110/110 63/63 94/94
f 104/104 95/95 91/91
f 94/94 95/95 104/104
f 95/95 94/94 92/92
f 99/99 96/96 98/98
f 669/669 670/670 112/112
f 112/112 111/111 671/671
f 116/116 115/115 114/114
f 114/114 113/113 116/116
f 114/114 115/115 124/124
f 124/124 125/125 114/114
f 116/116 113/113 111/111
f 111/111 112/112 116/116
f 44/44 117/117 119/119
f 119/119 118/118 44/44
f 46/46 44/44 118/118
f 118/118 45/45 46/46
f 47/47 46/46 45/45
f 45/45 120/120 47/47
f 672/672 47/47 120/120
f 120/120 673/673 674/674
f 121/121 123/123 122/122
f 122/122 48/48 121/121
f 117/117 121/121 48/48
f 48/48 119/119 117/117
f 675/675 676/676 677/677
f 678/678 679/679 680/680
f 681/681 682/682 683/683
f 684/684 685/685 686/686
f 687/687 688/688 689/689
f 690/690 691/691 692/692
f 693/693 694/694 695/695
f 696/696 697/697 698/698
f 699/699 700/700 701/701
f 702/702 703/703 704/704
f 705/705 706/706 707/707
f 708/708 709/709 710/710
f 711/711 712/712 713/713
f 714/714 715/715 716/716
f 717/717 718/718 719/719
f 720/720 721/721 722/722
f 723/723 724/724 725/725
f 726/726 727/727 728/728
f 729/729 730/730 731/731
f 732/732 733/733 734/734
f 735/735 736/736 737/737
f 738/738 739/739 740/740
f 741/741 742/742 743/743
f 744/744 745/745 746/746
f 747/747 748/748 749/749
f 750/750 751/751 752/752
f 753/753 754/754 755/755
f 756/756 757/757 758/758
f 759/759 760/760 761/761
f 762/762 763/763 764/764
f 765/765 766/766 767/767
f 768/768 769/769 770/770
f 148/148 147/147 771/771
f 147/147 149/149 772/772
f 149/149 150/150 773/773
f 150/150 152/152 774/774
f 775/775 151/151 776/776
f 151/151 148/148 777/777
f 147/147 778/778 779/779
f 149/149 780/780 781/781
f 150/150 782/782 783/783
f 152/152 784/784 785/785
f 151/151 786/786 787/787
f 148/148 788/788 789/789
f 153/153 157/157 158/158
f 153/153 158/158 146/146
f 153/153 146/146 154/154
f 153/153 154/154 155/155
f 153/153 155/155 156/156
f 153/153 156/156 157/157
f 169/169 131/131 164/164
f 164/164 137/137 169/169
f 140/140 160/160 126/126
f 126/126 163/163 140/140
f 129/129 127/127 128/128
f 128/128 160/160 129/129
f 141/141 144/144 143/143
f 143/143 159/159 141/141
f 129/129 160/160 141/141
f 141/141 159/159 129/129
f 164/164 130/130 137/137
f 160/160 140/140 141/141
f 162/162 161/161 130/130
f 130/130 164/164 162/162
f 159/159 142/142 165/165
f 165/165 129/129 159/159
f 143/143 142/142 159/159
f 136/136 132/132 166/166
f 166/166 167/167 136/136
f 138/138 132/132 134/134
f 134/134 135/135 138/138
f 168/168 173/173 172/172
f 172/172 145/145 168/168
f 138/138 173/173 168/168
f 168/168 132/132 138/138
f 170/170 131/131 169/169
f 166/166 132/132 168/168
f 133/133 131/131 170/170
f 170/170 171/171 133/133
f 172/172 173/173 139/139
f 139/139 174/174 172/172
f 138/138 139/139 173/173
f 179/179 180/180 790/790
f 791/791 792/792 179/179
f 793/793 794/794 795/795
f 796/796 797/797 798/798
f 178/178 180/180 177/177
f 177/177 181/181 178/178
f 180/180 179/179 176/176
f 176/176 177/177 180/180
f 179/179 182/182 175/175
f 175/175 176/176 179/179
f 799/799 184/184 800/800
f 184/184 185/185 801/801
f 185/185 186/186 802/802
f 186/186 803/803 804/804
f 805/805 806/806 184/184
f 807/807 186/186 808/808
f 187/187 188/188 183/183
f 190/190 189/189 183/183
f 188/188 190/190 183/183
f 809/809 192/192 810/810
f 811/811 812/812 813/813
f 814/814 194/194 815/815
f 195/195 194/194 816/816
f 198/198 817/817 196/196
f 195/195 818/818 198/198
f 195/195 819/819 820/820
f 821/821 822/822 195/195
f 200/200 823/823 192/192
f 196/196 824/824 200/200
f 196/196 825/825 826/826
f 827/827 828/828 196/196
f 191/191 193/193 202/202
f 197/197 199/199 193/193
f 191/191 201/201 197/197
f 191/191 197/197 193/193
f 829/829 830/830 831/831
f 832/832 833/833 834/834
f 835/835 836/836 837/837
f 838/838 839/839 840/840
f 841/841 842/842 843/843
f 844/844 845/845 846/846
f 847/847 848/848 849/849
f 850/850 851/851 852/852
f 210/210 853/853 854/854
f 855/855 212/212 210/210
f 856/856 857/857 213/213
f 213/213 211/211 858/858
f 210/210 212/212 203/203
f 203/203 206/206 210/210
f 209/209 211/211 213/213
f 213/213 204/204 209/209
f 214/214 205/205 207/207
f 207/207 208/208 214/214
f 859/859 860/860 861/861
f 862/862 863/863 864/864
f 865/865 866/866 867/867
f 868/868 869/869 870/870
f 871/871 872/872 873/873
f 874/874 875/875 876/876
f 877/877 878/878 879/879
f 880/880 881/881 882/882
f 883/883 884/884 218/218
f 218/218 224/224 885/885
f 217/217 224/224 218/218
f 218/218 223/223 217/217
f 886/886 222/222 221/221
f 221/221 887/887 888/888
f 221/221 222/222 219/219
f 219/219 220/220 221/221
f 215/215 225/225 226/226
f 226/226 216/216 215/215
f 889/889 890/890 891/891
f 892/892 227/227 893/893
f 894/894 895/895 229/229
f 229/229 233/233 896/896
f 897/897 898/898 230/230
f 230/230 229/229 899/899
f 900/900 901/901 231/231
f 231/231 230/230 902/902
f 903/903 904/904 227/227
f 227/227 231/231 905/905
f 232/232 236/236 234/234
f 234/234 236/236 235/235
f 235/235 228/228 234/234
f 906/906 907/907 238/238
f 238/238 237/237 908/908
f 909/909 910/910 240/240
f 240/240 238/238 911/911
f 912/912 913/913 242/242
f 242/242 240/240 914/914
f 915/915 916/916 917/917
f 918/918 242/242 919/919
f 920/920 921/921 237/237
f 237/237 243/243 922/922
f 239/239 244/244 246/246
f 246/246 241/241 239/239
f 241/241 245/245 239/239
f 923/923 924/924 925/925
f 926/926 927/927 928/928
f 929/929 930/930 931/931
f 932/932 933/933 934/934
f 935/935 936/936 937/937
f 938/938 939/939 940/940
f 941/941 251/251 942/942
f 943/943 251/251 944/944
f 945/945 946/946 251/251
f 947/947 948/948 248/248
f 949/949 950/950 248/248
f 951/951 952/952 248/248
f 953/953 249/249 248/248
f 954/954 251/251 257/257
f 254/254 247/247 253/253
f 258/258 252/252 250/250
f 254/254 252/252 258/258
f 254/254 253/253 252/252
f 258/258 250/250 256/256
f 254/254 255/255 247/247
f 955/955 260/260 259/259
f 956/956 260/260 957/957
f 958/958 959/959 260/260
f 960/960 262/262 961/961
f 962/962 261/261 262/262
f 963/963 261/261 964/964
f 965/965 259/259 261/261
f 966/966 259/259 967/967
f 265/265 264/264 263/263
f 265/265 263/263 266/266
f 968/968 969/969 970/970
f 971/971 972/972 973/973
f 974/974 975/975 976/976
f 977/977 978/978 979/979
f 980/980 981/981 982/982
f 983/983 984/984 985/985
f 986/986 987/987 988/988
f 989/989 990/990 991/991
f 992/992 993/993 994/994
f 995/995 996/996 997/997
f 270/270 272/272 271/271
f 271/271 268/268 270/270
f 998/998 999/999 271/271
f 271/271 272/272 1000/1000
f 276/276 275/275 1001/1001
f 1002/1002 1003/1003 276/276
f 281/281 282/282 1004/1004
f 1005/1005 1006/1006 281/281
f 284/284 282/282 280/280
f 280/280 278/278 284/284
f 281/281 279/279 280/280
f 280/280 282/282 281/281
f 281/281 283/283 277/277
f 277/277 279/279 281/281
f 1007/1007 1008/1008 286/286
f 286/286 287/287 1009/1009
f 1010/1010 1011/1011 288/288
f 288/288 286/286 1012/1012
f 288/288 1013/1013 1014/1014
f 1015/1015 1016/1016 288/288
f 291/291 1017/1017 1018/1018
f 1019/1019 290/290 291/291
f 290/290 1020/1020 1021/1021
f 1022/1022 287/287 290/290
f 292/292 1023/1023 1024/1024
f 1025/1025 291/291 292/292
f 296/296 293/293 285/285
f 296/296 285/285 289/289
f 296/296 294/294 293/293
f 296/296 289/289 295/295
f 1026/1026 298/298 1027/1027
f 299/299 298/298 1028/1028
f 298/298 1029/1029 1030/1030
f 298/298 300/300 1031/1031
f 297/297 301/301 302/302
f 305/305 303/303 1032/1032
f 1033/1033 1034/1034 305/305
f 1035/1035 310/310 305/305
f 305/305 1036/1036 1037/1037
f 303/303 306/306 1038/1038
f 1039/1039 1040/1040 303/303
f 1041/1041 308/308 309/309
f 309/309 1042/1042 1043/1043
f 309/309 310/310 1044/1044
f 1045/1045 1046/1046 309/309
f 1047/1047 1048/1048 308/308
f 308/308 1049/1049 1050/1050
f 1051/1051 306/306 311/311
f 311/311 1052/1052 1053/1053
f 307/307 304/304 312/312
f 307/307 313/313 316/316
f 307/307 312/312 313/313
f 307/307 315/315 314/314
f 307/307 316/316 315/315
f 320/320 1054/1054 1055/1055
f 320/320 1056/1056 1057/1057
f 1058/1058 1059/1059 1060/1060
f 1061/1061 320/320 1062/1062
f 1063/1063 322/322 1064/1064
f 1065/1065 322/322 1066/1066
f 1067/1067 1068/1068 1069/1069
f 1070/1070 322/322 1071/1071
f 327/327 317/317 325/325
f 325/325 321/321 327/327
f 325/325 319/319 323/323
f 323/323 321/321 325/325
f 326/326 324/324 328/328
f 328/328 318/318 326/326
f 317/317 327/327 324/324
f 324/324 326/326 317/317
f 1072/1072 1073/1073 1074/1074
f 1075/1075 1076/1076 1077/1077
f 1078/1078 1079/1079 1080/1080
f 1081/1081 1082/1082 1083/1083
f 1084/1084 1085/1085 1086/1086
f 1087/1087 1088/1088 1089/1089
f 1090/1090 1091/1091 1092/1092
f 1093/1093 1094/1094 1095/1095
f 1096/1096 1097/1097 1098/1098
f 1099/1099 1100/1100 1101/1101
f 1102/1102 1103/1103 1104/1104
f 1105/1105 1106/1106 1107/1107
f 1108/1108 1109/1109 1110/1110
f 1111/1111 1112/1112 1113/1113
f 1114/1114 1115/1115 1116/1116
f 1117/1117 1118/1118 1119/1119
f 1120/1120 1121/1121 1122/1122
f 1123/1123 1124/1124 1125/1125
f 1126/1126 1127/1127 1128/1128
f 1129/1129 1130/1130 1131/1131
f 1132/1132 1133/1133 1134/1134
f 1135/1135 1136/1136 1137/1137
f 1138/1138 1139/1139 1140/1140
f 1141/1141 1142/1142 1143/1143
f 330/330 345/345 341/341
f 341/341 348/348 330/330
f 345/345 334/334 343/343
f 343/343 341/341 345/345
f 342/342 346/346 344/344
f 334/334 346/346 342/342
f 342/342 343/343 334/334
f 348/348 347/347 330/330
f 331/331 333/333 351/351
f 351/351 350/350 331/331
f 350/350 332/332 331/331
f 333/333 352/352 349/349
f 349/349 351/351 333/333
f 349/349 352/352 1144/1144
f 351/351 337/337 338/338
f 338/338 350/350 351/351
f 332/332 350/350 338/338
f 349/349 336/336 337/337
f 337/337 351/351 349/349
f 336/336 349/349 1145/1145
f 349/349 1146/1146 1147/1147
f 335/335 353/353 340/340
f 340/340 339/339 335/335
f 353/353 329/329 354/354
f 354/354 340/340 353/353
f 354/354 329/329 355/355
f 1148/1148 1149/1149 1150/1150
f 1151/1151 1152/1152 1153/1153
f 1154/1154 1155/1155 1156/1156
f 1157/1157 1158/1158 1159/1159
f 360/360 357/357 361/361
f 361/361 356/356 360/360
f 359/359 363/363 358/358
f 358/358 362/362 359/359
f 14/14 29/29 25/25
f 25/25 10/10 14/14
f 12/12 1160/1160 1161/1161
f 1162/1162 27/27 12/12
f 14/14 12/12 27/27
f 27/27 29/29 14/14
f 1163/1163 1164/1164 10/10
f 10/10 25/25 1165/1165
f 9/9 35/35 36/36
f 36/36 32/32 9/9
f 9/9 32/32 1166/1166
f 1167/1167 1168/1168 9/9
f 13/13 28/28 30/30
f 30/30 15/15 13/13
f 3/3 15/15 30/30
f 30/30 19/19 3/3
f 3/3 19/19 1169/1169
f 1170/1170 1171/1171 3/3
f 26/26 11/11 31/31
f 31/31 18/18 26/26
f 13/13 11/11 26/26
f 26/26 28/28 13/13
f 4/4 20/20 1172/1172
f 1173/1173 1174/1174 4/4
f 364/364 1175/1175 1176/1176
f 6/6 5/5 21/21
f 21/21 22/22 6/6
f 7/7 6/6 22/22
f 22/22 23/23 7/7
f 8/8 7/7 23/23
f 23/23 1177/1177 8/8
f 1178/1178 1179/1179 364/364
f 364/364 8/8 1180/1180
f 364/364 1181/1181 1182/1182
f 1183/1183 1184/1184 1185/1185
f 1186/1186 1187/1187 1188/1188
f 1189/1189 1190/1190 1191/1191
f 368/368 367/367 1192/1192
f 1193/1193 1194/1194 368/368
f 1195/1195 370/370 38/38
f 38/38 366/366 1196/1196
f 1197/1197 1198/1198 1199/1199
f 1200/1200 366/366 1201/1201
f 372/372 371/371 42/42
f 42/42 41/41 372/372
f 365/365 24/24 1202/1202
f 1203/1203 371/371 365/365
f 371/371 373/373 365/365
f 376/376 373/373 371/371
f 371/371 372/372 376/376
f 373/373 374/374 365/365
f 369/369 375/375 376/376
f 376/376 372/372 369/369
f 42/42 371/371 1204/1204
f 1205/1205 1206/1206 42/42
f 379/379 377/377 373/373
f 373/373 376/376 379/379
f 378/378 43/43 375/375
f 375/375 369/369 378/378
f 375/375 43/43 379/379
f 379/379 376/376 375/375
f 1/1 380/380 16/16
f 381/381 34/34 17/17
f 17/17 380/380 381/381
f 2/2 33/33 381/381
f 381/381 380/380 2/2
f 380/380 17/17 16/16
f 1/1 2/2 380/380
f 267/267 382/382 269/269
f 269/269 383/383 267/267
f 269/269 274/274 273/273
f 273/273 383/383 269/269
f 1207/1207 1208/1208 384/384
f 1209/1209 1210/1210 385/385
f 1211/1211 1212/1212 386/386
f 1213/1213 1214/1214 384/384
f 1215/1215 387/387 384/384
f 384/384 1216/1216 1217/1217
f 386/386 1218/1218 1219/1219
f 1220/1220 384/384 386/386
f 1221/1221 1222/1222 386/386
f 1223/1223 1224/1224 386/386
f 386/386 385/385 1225/1225
f 1226/1226 1227/1227 385/385
f 1228/1228 1229/1229 385/385
f 388/388 390/390 394/394
f 398/398 401/401 397/397
f 391/391 399/399 395/395
f 390/390 400/400 394/394
f 392/392 388/388 394/394
f 394/394 396/396 392/392
f 400/400 391/391 395/395
f 395/395 394/394 400/400
f 399/399 402/402 395/395
f 395/395 402/402 389/389
f 389/389 397/397 395/395
f 389/389 398/398 397/397
f 401/401 393/393 397/397
f 1230/1230 1231/1231 1232/1232
f 1233/1233 1234/1234 1235/1235
f 1236/1236 1237/1237 1238/1238
f 1239/1239 1240/1240 1241/1241
f 1242/1242 1243/1243 1244/1244
f 1245/1245 1246/1246 1247/1247
f 1248/1248 1249/1249 1250/1250
f 1251/1251 1252/1252 1253/1253
f 1254/1254 1255/1255 1256/1256
f 1257/1257 1258/1258 1259/1259
f 1260/1260 1261/1261 1262/1262
f 1263/1263 1264/1264 1265/1265
f 1266/1266 1267/1267 1268/1268
f 1269/1269 1270/1270 1271/1271
f 1272/1272 1273/1273 1274/1274
f 1275/1275 1276/1276 1277/1277
f 1278/1278 1279/1279 1280/1280
f 1281/1281 1282/1282 1283/1283
f 1284/1284 1285/1285 1286/1286
f 1287/1287 1288/1288 1289/1289
f 1290/1290 1291/1291 1292/1292
f 1293/1293 1294/1294 1295/1295
f 411/411 417/417 403/403
f 403/403 421/421 411/411
f 404/404 422/422 412/412
f 412/412 409/409 404/404
f 422/422 404/404 405/405
f 405/405 413/413 422/422
f 418/418 406/406 424/424
f 424/424 415/415 418/418
f 425/425 423/423 407/407
f 407/407 410/410 425/425
f 419/419 407/407 423/423
f 423/423 414/414 419/419
f 411/411 426/426 408/408
f 408/408 417/417 411/411
f 420/420 416/416 424/424
f 424/424 406/406 420/420
f 419/419 416/416 420/420
f 413/413 405/405 426/426
f 414/414 416/416 419/419
f 405/405 408/408 426/426
f 409/409 412/412 421/421
f 421/421 403/403 409/409
f 410/410 418/418 415/415
f 415/415 425/425 410/410
f 1296/1296 1297/1297 1298/1298
f 1299/1299 428/428 1300/1300
f 1301/1301 1302/1302 431/431
f 431/431 429/429 1303/1303
f 1304/1304 1305/1305 433/433
f 433/433 431/431 1306/1306
f 1307/1307 1308/1308 435/435
f 435/435 433/433 1309/1309
f 1310/1310 1311/1311 428/428
f 428/428 435/435 1312/1312
f 436/436 434/434 427/427
f 427/427 434/434 432/432
f 432/432 430/430 427/427
