// Created by CrowbarDecompiler 0.71
version 1
nodes
  0 "v_weapon" -1
  1 "v_weapon.Bip01_R_Forearm" -1
  2 "v_weapon.Bip01_R_Hand" 1
  3 "v_weapon.M4A1_Parent" 2
  4 "v_weapon.M4A1_Clip" 3
  5 "v_weapon.M4A1_Bullets" 4
  6 "v_weapon.flash" 3
  7 "v_weapon.shelleject" 3
  8 "v_weapon.stattrack" 3
  9 "v_weapon.uid" 3
  10 "v_weapon.Bip01_L_Forearm" -1
  11 "v_weapon.Bip01_L_Hand" 10
  12 "v_weapon.Bip01_L_Finger0" 11
  13 "v_weapon.Bip01_L_Finger01" 12
  14 "v_weapon.Bip01_L_Finger02" 13
  15 "v_weapon.Bip01_L_Finger1" 11
  16 "v_weapon.Bip01_L_Finger11" 15
  17 "v_weapon.Bip01_L_Finger12" 16
  18 "v_weapon.Bip01_L_Finger2" 11
  19 "v_weapon.Bip01_L_Finger21" 18
  20 "v_weapon.Bip01_L_Finger22" 19
  21 "v_weapon.Bip01_L_Finger3" 11
  22 "v_weapon.Bip01_L_Finger31" 21
  23 "v_weapon.Bip01_L_Finger32" 22
  24 "v_weapon.Bip01_L_Finger4" 11
  25 "v_weapon.Bip01_L_Finger41" 24
  26 "v_weapon.Bip01_L_Finger42" 25
  27 "v_weapon.Bip01_L_ForeTwist" -1
  28 "v_weapon.M4A1_Trigger" 3
  29 "v_weapon.M4A1_Bolt" 3
  30 "v_weapon.Bip01_R_Finger0" 2
  31 "v_weapon.Bip01_R_Finger01" 30
  32 "v_weapon.Bip01_R_Finger02" 31
  33 "v_weapon.Bip01_R_Finger1" 2
  34 "v_weapon.Bip01_R_Finger11" 33
  35 "v_weapon.Bip01_R_Finger12" 34
  36 "v_weapon.Bip01_R_Finger2" 2
  37 "v_weapon.Bip01_R_Finger21" 36
  38 "v_weapon.Bip01_R_Finger22" 37
  39 "v_weapon.Bip01_R_Finger3" 2
  40 "v_weapon.Bip01_R_Finger31" 39
  41 "v_weapon.Bip01_R_Finger32" 40
  42 "v_weapon.Bip01_R_Finger4" 2
  43 "v_weapon.Bip01_R_Finger41" 42
  44 "v_weapon.Bip01_R_Finger42" 43
  45 "v_weapon.Bip01_R_ForeTwist" -1
  46 "v_weapon.Bip01" -1
  47 "v_weapon.Bip01_Pelvis" 46
  48 "v_weapon.Bip01_Spine" 47
  49 "v_weapon.Bip01_Spine1" 48
  50 "v_weapon.Bip01_Spine2" 49
  51 "v_weapon.Bip01_Spine3" 50
  52 "v_weapon.Bip01_Neck" 51
  53 "v_weapon.Bip01_L_Clavicle" 52
  54 "v_weapon.Bip01_L_UpperArm" 53
  55 "v_weapon.Bip01_R_Clavicle" 52
  56 "v_weapon.Bip01_R_UpperArm" 55
end
skeleton
  time 0
    0 0.000000 0.000000 0.000000 1.570796 0.000000 -1.570796
    1 -8.304688 -2.449219 -14.281250 -2.059883 -0.606630 -1.277316
    2 10.295580 -0.000001 0.000000 1.935142 0.095494 0.566233
    3 4.480469 1.199219 -0.714844 1.701082 -0.064777 1.621800
    4 0.000000 1.830078 4.105469 -1.570796 0.000000 0.000000
    5 0.000000 0.000000 2.771000 0.000000 0.000000 0.000000
    6 0.015809 5.098120 20.550776 0.000000 -1.570451 -1.570796
    7 -0.719085 5.300998 3.836287 0.000000 0.000000 2.792527
    8 0.587728 4.545158 4.786211 -1.570796 0.000000 0.000000
    9 0.730970 5.057619 -0.080114 -1.570796 0.000000 0.000000
    10 1.519531 -15.289063 -9.445313 -1.473772 -0.392515 -2.120354
    11 10.295583 0.000001 0.000000 -2.621351 -0.232947 0.376900
    12 1.149414 0.416260 -1.414063 2.311741 0.381310 0.304826
    13 1.263878 0.000000 0.000000 -0.817992 -0.119931 0.240711
    14 1.188944 0.000000 0.000000 -0.009855 0.001996 0.251367
    15 3.773752 0.133216 -0.970574 0.096875 -0.244096 -0.063096
    16 1.433456 0.000000 0.000001 0.000000 0.000000 0.202782
    17 1.019161 0.000000 0.000000 0.000000 0.000000 0.719125
    18 3.799511 0.014954 -0.039958 -0.044223 -0.215269 0.309232
    19 1.774881 0.000004 0.000001 -0.016018 0.009805 0.606403
    20 1.008846 0.000002 0.000000 -0.016445 0.008999 0.565109
    21 3.632761 0.059050 0.757493 -0.238342 -0.119444 0.437532
    22 1.500138 -0.000002 -0.000001 -0.068344 0.032629 0.726215
    23 0.905663 0.000000 0.000001 -0.068855 0.031421 0.707517
    24 3.323328 0.233746 1.479075 -0.262759 0.125558 0.702968
    25 0.963099 0.000000 0.000000 -0.095863 0.008821 0.540521
    26 0.682895 0.000000 0.000000 -0.095863 0.008821 0.540521
    27 1.519531 -15.289063 -9.445313 -2.416082 -0.392362 -2.120159
    28 0.000000 2.627978 0.988434 -1.570796 0.000000 0.000000
    29 0.000000 6.086906 -2.262864 -1.570796 0.000000 0.000000
    30 1.149523 0.416497 1.414115 -1.769998 -0.202447 0.792236
    31 1.263876 0.000001 0.000000 -0.034282 0.189584 0.555298
    32 1.188942 0.000000 0.000000 0.000000 0.000000 0.295212
    33 3.773754 0.133215 0.970573 -0.000422 -0.025468 -0.121346
    34 1.433458 0.000000 0.000000 0.014514 -0.009810 0.847667
    35 1.019161 0.000000 -0.000001 0.014478 -0.008837 0.835823
    36 3.799514 0.014952 0.039957 0.279665 0.171546 1.103439
    37 1.774881 -0.000001 0.000000 0.015535 -0.040082 1.379122
    38 1.008846 0.000001 0.000000 0.033698 -0.026693 0.847881
    39 3.632764 0.059049 -0.757494 0.369431 0.065606 1.386970
    40 1.500137 0.000001 0.000001 0.061148 -0.055642 1.125235
    41 0.905663 0.000000 0.000000 0.079350 -0.023148 0.671075
    42 3.323329 0.233745 -1.479076 0.453115 -0.018233 1.420788
    43 0.963099 -0.000001 -0.000001 0.056283 -0.006181 0.656341
    44 0.682895 0.000000 0.000000 0.051699 -0.023100 0.966916
    45 -8.304688 -2.449219 -14.281250 -1.671655 -0.606612 -1.277132
    46 1.706055 -1.395508 -21.906250 0.008311 0.048482 -2.295301
    47 -0.000001 0.000000 0.000000 0.000000 -1.570796 -1.570793
    48 3.562498 -0.816636 -0.000028 0.009806 -0.004018 0.021400
    49 4.004025 -0.003178 -0.000071 0.021977 0.004684 0.085524
    50 4.004029 -0.003176 -0.000071 0.022101 0.004692 0.085492
    51 4.003753 -0.003188 0.000000 -0.000001 0.000000 0.000000
    52 5.029974 -0.763043 -0.000584 0.165519 0.064873 0.682733
    53 -0.905726 0.793273 1.051288 0.177607 -1.053522 2.301890
    54 5.773743 0.000002 -0.000001 -1.187846 0.163334 -1.320204
    55 -0.747116 0.391016 -1.356800 0.414242 1.351996 2.862078
    56 5.773743 -0.000002 0.000000 0.284380 -0.686500 -1.194448
  time 1
    0 0.000000 0.000000 0.000000 1.570796 0.000000 -1.570796
    1 -8.250000 -2.992188 -14.148438 -2.056446 -0.596720 -1.283612
    2 10.295580 -0.000001 0.000000 1.972350 0.045994 0.589782
    3 4.480469 1.199219 -0.714844 1.701082 -0.064777 1.621800
    4 0.000000 1.830078 4.105469 -1.570796 0.000000 0.000000
    5 0.000000 0.000000 2.771000 0.000000 0.000000 0.000000
    6 0.015809 5.098120 20.550776 0.000000 -1.570451 -1.570796
    7 -0.719085 5.300998 3.836287 0.000000 0.000000 2.792527
    8 0.587728 4.545158 4.786211 -1.570796 0.000000 0.000000
    9 0.730970 5.057619 -0.080114 -1.570796 0.000000 0.000000
    10 2.207031 -14.921875 -10.851563 -1.470532 -0.436587 -2.107784
    11 10.295583 0.000001 0.000000 -2.397006 -0.260870 0.245895
    12 1.216797 0.411133 -1.388672 2.256420 0.450510 0.282096
    13 1.263878 0.000000 0.000000 -0.817992 -0.119931 0.240711
    14 1.188944 0.000000 0.000000 -0.009855 0.001996 0.251367
    15 3.773752 0.133216 -0.970574 0.102960 -0.225396 -0.088756
    16 1.433456 0.000000 0.000001 0.000000 0.000000 0.155717
    17 1.019161 0.000000 0.000000 0.000000 0.000000 0.598951
    18 3.799511 0.014954 -0.039958 -0.027717 -0.215980 0.233642
    19 1.774881 0.000004 0.000001 -0.016656 0.008483 0.532824
    20 1.008846 0.000002 0.000000 -0.017018 0.007736 0.491153
    21 3.632761 0.059050 0.757493 -0.229656 -0.132451 0.378350
    22 1.500138 -0.000002 -0.000001 -0.069697 0.028332 0.666311
    23 0.905663 0.000000 0.000001 -0.070233 0.027131 0.647542
    24 3.323328 0.233746 1.479075 -0.268387 0.108858 0.641223
    25 0.963099 0.000000 0.000000 -0.095488 0.002770 0.476860
    26 0.682895 0.000000 0.000000 -0.095488 0.002770 0.476860
    27 2.207031 -14.921875 -10.851563 -2.412927 -0.436569 -2.107820
    28 0.000000 2.627978 0.988434 -1.570796 0.000000 0.000000
    29 0.000000 6.086906 -2.262864 -1.570796 0.000000 0.000000
    30 1.149523 0.416497 1.414115 -1.769998 -0.202447 0.792236
    31 1.263876 0.000001 0.000000 -0.034282 0.189584 0.555298
    32 1.188942 0.000000 0.000000 0.000000 0.000000 0.295212
    33 3.773754 0.133215 0.970573 -0.000422 -0.025468 -0.121346
    34 1.433458 0.000000 0.000000 0.014514 -0.009810 0.847667
    35 1.019161 0.000000 -0.000001 0.014478 -0.008837 0.835823
    36 3.799514 0.014952 0.039957 0.279665 0.171546 1.103439
    37 1.774881 -0.000001 0.000000 0.015535 -0.040082 1.379122
    38 1.008846 0.000001 0.000000 0.033698 -0.026693 0.847881
    39 3.632764 0.059049 -0.757494 0.369431 0.065606 1.386970
    40 1.500137 0.000001 0.000001 0.061148 -0.055642 1.125235
    41 0.905663 0.000000 0.000000 0.079350 -0.023148 0.671075
    42 3.323329 0.233745 -1.479076 0.453115 -0.018233 1.420788
    43 0.963099 -0.000001 -0.000001 0.056283 -0.006181 0.656341
    44 0.682895 0.000000 0.000000 0.051699 -0.023100 0.966916
    45 -8.250000 -2.992188 -14.148438 -1.667999 -0.596619 -1.283625
    46 1.706055 -1.627930 -21.906250 0.008311 0.048482 -2.295301
    47 -0.000001 0.000000 0.000000 0.000000 -1.570796 -1.570793
    48 3.562498 -0.816636 -0.000028 0.009806 -0.004018 0.021400
    49 4.004025 -0.003178 -0.000071 0.021977 0.004684 0.085524
    50 4.004029 -0.003176 -0.000071 0.022101 0.004692 0.085492
    51 4.003753 -0.003188 0.000000 -0.000001 0.000000 0.000000
    52 5.029974 -0.763043 -0.000584 0.165519 0.064873 0.682733
    53 -0.905726 0.793273 1.051288 0.177607 -1.053522 2.301890
    54 5.773743 0.000002 -0.000001 -1.180217 0.290660 -1.249488
    55 -0.747116 0.391016 -1.356800 0.414242 1.351996 2.862078
    56 5.773743 -0.000002 0.000000 0.307216 -0.677889 -1.230614
  time 2
    0 0.000000 0.000000 0.000000 1.570796 0.000000 -1.570796
    1 -8.187500 -3.527344 -14.031250 -2.049272 -0.578094 -1.294348
    2 10.295580 -0.000001 0.000000 2.007170 0.002372 0.576941
    3 4.480469 1.199219 -0.714844 1.701082 -0.064777 1.621800
    4 0.000000 1.830078 4.105469 -1.570796 0.000000 0.000000
    5 0.000000 0.000000 2.771000 0.000000 0.000000 0.000000
    6 0.015809 5.098120 20.550776 0.000000 -1.570451 -1.570796
    7 -0.719085 5.300998 3.836287 0.000000 0.000000 2.792527
    8 0.587728 4.545158 4.786211 -1.570796 0.000000 0.000000
    9 0.730970 5.057619 -0.080114 -1.570796 0.000000 0.000000
    10 2.996094 -14.382813 -12.132813 -1.468178 -0.455112 -2.088219
    11 10.295583 0.000001 0.000000 -2.158688 -0.288339 0.064724
    12 1.292969 0.405029 -1.359375 2.193812 0.528874 0.256229
    13 1.263878 0.000000 0.000000 -0.817992 -0.119931 0.240711
    14 1.188944 0.000000 0.000000 -0.009855 0.001996 0.251367
    15 3.773752 0.133216 -0.970574 0.110049 -0.204600 -0.117998
    16 1.433456 0.000000 0.000001 0.000000 0.000000 0.102082
    17 1.019161 0.000000 0.000000 0.000000 0.000000 0.462857
    18 3.799511 0.014954 -0.039958 -0.009378 -0.217010 0.148170
    19 1.774881 0.000004 0.000001 -0.017188 0.006939 0.449346
    20 1.008846 0.000002 0.000000 -0.017484 0.006254 0.407209
    21 3.632761 0.059050 0.757493 -0.219772 -0.146946 0.311475
    22 1.500138 -0.000002 -0.000001 -0.071351 0.023567 0.598727
    23 0.905663 0.000000 0.000001 -0.071684 0.022207 0.579900
    24 3.323328 0.233746 1.479075 -0.274475 0.090643 0.571567
    25 0.963099 0.000000 0.000000 -0.095187 -0.004183 0.404826
    26 0.682895 0.000000 0.000000 -0.095188 -0.004179 0.404914
    27 2.996094 -14.382813 -12.132813 -2.410466 -0.454923 -2.088174
    28 0.000000 2.627978 0.988434 -1.570796 0.000000 0.000000
    29 0.000000 6.086906 -2.262864 -1.570796 0.000000 0.000000
    30 1.149523 0.416497 1.414115 -1.769998 -0.202447 0.792236
    31 1.263876 0.000001 0.000000 -0.034282 0.189584 0.555298
    32 1.188942 0.000000 0.000000 0.000000 0.000000 0.295212
    33 3.773754 0.133215 0.970573 -0.000422 -0.025468 -0.121346
    34 1.433458 0.000000 0.000000 0.014514 -0.009810 0.847667
    35 1.019161 0.000000 -0.000001 0.014478 -0.008837 0.835823
    36 3.799514 0.014952 0.039957 0.279665 0.171546 1.103439
    37 1.774881 -0.000001 0.000000 0.015535 -0.040082 1.379122
    38 1.008846 0.000001 0.000000 0.033698 -0.026693 0.847881
    39 3.632764 0.059049 -0.757494 0.369431 0.065606 1.386970
    40 1.500137 0.000001 0.000001 0.061148 -0.055642 1.125235
    41 0.905663 0.000000 0.000000 0.079350 -0.023148 0.671075
    42 3.323329 0.233745 -1.479076 0.453115 -0.018233 1.420788
    43 0.963099 -0.000001 -0.000001 0.056283 -0.006181 0.656341
    44 0.682895 0.000000 0.000000 0.051699 -0.023100 0.966916
    45 -8.187500 -3.527344 -14.031250 -1.661082 -0.578098 -1.294304
    46 1.706055 -1.886719 -21.906250 0.008311 0.048482 -2.295301
    47 -0.000001 0.000000 0.000000 0.000000 -1.570796 -1.570793
    48 3.562498 -0.816636 -0.000028 0.009806 -0.004018 0.021400
    49 4.004025 -0.003178 -0.000071 0.021977 0.004684 0.085524
    50 4.004029 -0.003176 -0.000071 0.022101 0.004692 0.085492
    51 4.003753 -0.003188 0.000000 -0.000001 0.000000 0.000000
    52 5.029974 -0.763043 -0.000584 0.165519 0.064873 0.682733
    53 -0.905726 0.793273 1.051288 0.177607 -1.053522 2.301890
    54 5.773743 0.000002 -0.000001 -1.165915 0.418636 -1.171302
    55 -0.747116 0.391016 -1.356800 0.414242 1.351996 2.862078
    56 5.773743 -0.000002 0.000000 0.326880 -0.670447 -1.263670
  time 3
    0 0.000000 0.000000 0.000000 1.570796 0.000000 -1.570796
    1 -8.125000 -4.054688 -13.914063 -2.042701 -0.559813 -1.304256
    2 10.295580 -0.000001 0.000000 2.040786 -0.039754 0.559949
    3 4.480469 1.199219 -0.714844 1.701082 -0.064777 1.621800
    4 0.000000 1.830078 4.105469 -1.570796 0.000000 0.000000
    5 0.000000 0.000000 2.771000 0.000000 0.000000 0.000000
    6 0.015809 5.098120 20.550776 0.000000 -1.570451 -1.570796
    7 -0.719085 5.300998 3.836287 0.000000 0.000000 2.792527
    8 0.587728 4.545158 4.786211 -1.570796 0.000000 0.000000
    9 0.730970 5.057619 -0.080114 -1.570796 0.000000 0.000000
    10 3.839844 -13.679688 -13.242188 -1.466717 -0.447343 -2.061309
    11 10.295583 0.000001 0.000000 -1.956814 -0.311721 -0.125331
    12 1.365234 0.399414 -1.333008 2.135300 0.602391 0.232190
    13 1.263878 0.000000 0.000000 -0.817992 -0.119931 0.240711
    14 1.188944 0.000000 0.000000 -0.009855 0.001996 0.251367
    15 3.773752 0.133216 -0.970574 0.116525 -0.184813 -0.145169
    16 1.433456 0.000000 0.000001 0.000000 0.000000 0.052147
    17 1.019161 0.000000 0.000000 0.000000 0.000000 0.335130
    18 3.799511 0.014954 -0.039958 0.007924 -0.218024 0.068099
    19 1.774881 0.000004 0.000001 -0.017828 0.005630 0.371049
    20 1.008846 0.000002 0.000000 -0.017915 0.004894 0.328448
    21 3.632761 0.059050 0.757493 -0.210499 -0.160715 0.248653
    22 1.500138 -0.000002 -0.000001 -0.072737 0.019150 0.535337
    23 0.905663 0.000000 0.000001 -0.073112 0.017716 0.516597
    24 3.323328 0.233746 1.479075 -0.280351 0.073223 0.506166
    25 0.963099 0.000000 0.000000 -0.094948 -0.010738 0.337253
    26 0.682895 0.000000 0.000000 -0.094948 -0.010738 0.337253
    27 3.839844 -13.679688 -13.242188 -2.408960 -0.447416 -2.061371
    28 0.000000 2.627978 0.988434 -1.570796 0.000000 0.000000
    29 0.000000 6.086906 -2.262864 -1.570796 0.000000 0.000000
    30 1.149523 0.416497 1.414115 -1.769998 -0.202447 0.792236
    31 1.263876 0.000001 0.000000 -0.034282 0.189584 0.555298
    32 1.188942 0.000000 0.000000 0.000000 0.000000 0.295212
    33 3.773754 0.133215 0.970573 -0.000422 -0.025468 -0.121346
    34 1.433458 0.000000 0.000000 0.014514 -0.009810 0.847667
    35 1.019161 0.000000 -0.000001 0.014478 -0.008837 0.835823
    36 3.799514 0.014952 0.039957 0.279665 0.171546 1.103439
    37 1.774881 -0.000001 0.000000 0.015535 -0.040082 1.379122
    38 1.008846 0.000001 0.000000 0.033698 -0.026693 0.847881
    39 3.632764 0.059049 -0.757494 0.369431 0.065606 1.386970
    40 1.500137 0.000001 0.000001 0.061148 -0.055642 1.125235
    41 0.905663 0.000000 0.000000 0.079350 -0.023148 0.671075
    42 3.323329 0.233745 -1.479076 0.453115 -0.018233 1.420788
    43 0.963099 -0.000001 -0.000001 0.056283 -0.006181 0.656341
    44 0.682895 0.000000 0.000000 0.051699 -0.023100 0.966916
    45 -8.125000 -4.054688 -13.914063 -1.654427 -0.559844 -1.304285
    46 1.706055 -2.156250 -21.906250 0.008311 0.048482 -2.295301
    47 -0.000001 0.000000 0.000000 0.000000 -1.570796 -1.570793
    48 3.562498 -0.816636 -0.000028 0.009806 -0.004018 0.021400
    49 4.004025 -0.003178 -0.000071 0.021977 0.004684 0.085524
    50 4.004029 -0.003176 -0.000071 0.022101 0.004692 0.085492
    51 4.003753 -0.003188 0.000000 -0.000001 0.000000 0.000000
    52 5.029974 -0.763043 -0.000584 0.165519 0.064873 0.682733
    53 -0.905726 0.793273 1.051288 0.177607 -1.053522 2.301890
    54 5.773743 0.000002 -0.000001 -1.144608 0.544343 -1.085181
    55 -0.747116 0.391016 -1.356800 0.414242 1.351996 2.862078
    56 5.773743 -0.000002 0.000000 0.344712 -0.663249 -1.294023
  time 4
    0 0.000000 0.000000 0.000000 1.570796 0.000000 -1.570796
    1 -8.070313 -4.582031 -13.789063 -2.039768 -0.550633 -1.309789
    2 10.295580 -0.000001 0.000000 2.072600 -0.077412 0.556309
    3 4.480469 1.199219 -0.714844 1.701082 -0.064777 1.621800
    4 0.000000 1.830078 4.105469 -1.570796 0.000000 0.000000
    5 0.000000 0.000000 2.771000 0.000000 0.000000 0.000000
    6 0.015809 5.098120 20.550776 0.000000 -1.570451 -1.570796
    7 -0.719085 5.300998 3.836287 0.000000 0.000000 2.792527
    8 0.587728 4.545158 4.786211 -1.570796 0.000000 0.000000
    9 0.730970 5.057619 -0.080114 -1.570796 0.000000 0.000000
    10 4.691406 -12.843750 -14.156250 -1.465844 -0.414463 -2.027252
    11 10.295583 0.000001 0.000000 -1.826166 -0.326333 -0.287854
    12 1.419922 0.395264 -1.311523 2.090939 0.657822 0.213851
    13 1.263878 0.000000 0.000000 -0.817992 -0.119931 0.240711
    14 1.188944 0.000000 0.000000 -0.009855 0.001996 0.251367
    15 3.773752 0.133216 -0.970574 0.121349 -0.169532 -0.165670
    16 1.433456 0.000000 0.000001 0.000000 0.000000 0.014244
    17 1.019161 0.000000 0.000000 0.000000 0.000000 0.238740
    18 3.799511 0.014954 -0.039958 0.021101 -0.218409 0.007153
    19 1.774881 0.000004 0.000001 -0.018238 0.004612 0.311573
    20 1.008846 0.000002 0.000000 -0.018304 0.003785 0.269177
    21 3.632761 0.059050 0.757493 -0.203299 -0.171354 0.200666
    22 1.500138 -0.000002 -0.000001 -0.073870 0.015671 0.486524
    23 0.905663 0.000000 0.000001 -0.074173 0.014310 0.467901
    24 3.323328 0.233746 1.479075 -0.284808 0.058808 0.455948
    25 0.963099 0.000000 0.000000 -0.094717 -0.015526 0.285780
    26 0.682895 0.000000 0.000000 -0.094717 -0.015526 0.285780
    27 4.691406 -12.843750 -14.156250 -2.408575 -0.414712 -2.027071
    28 0.000000 2.627978 0.988434 -1.570796 0.000000 0.000000
    29 0.000000 6.086906 -2.262864 -1.570796 0.000000 0.000000
    30 1.149523 0.416497 1.414115 -1.769998 -0.202447 0.792236
    31 1.263876 0.000001 0.000000 -0.034282 0.189584 0.555298
    32 1.188942 0.000000 0.000000 0.000000 0.000000 0.295212
    33 3.773754 0.133215 0.970573 -0.000422 -0.025468 -0.121346
    34 1.433458 0.000000 0.000000 0.014514 -0.009810 0.847667
    35 1.019161 0.000000 -0.000001 0.014478 -0.008837 0.835823
    36 3.799514 0.014952 0.039957 0.279665 0.171546 1.103439
    37 1.774881 -0.000001 0.000000 0.015535 -0.040082 1.379122
    38 1.008846 0.000001 0.000000 0.033698 -0.026693 0.847881
    39 3.632764 0.059049 -0.757494 0.369431 0.065606 1.386970
    40 1.500137 0.000001 0.000001 0.061148 -0.055642 1.125235
    41 0.905663 0.000000 0.000000 0.079350 -0.023148 0.671075
    42 3.323329 0.233745 -1.479076 0.453115 -0.018233 1.420788
    43 0.963099 -0.000001 -0.000001 0.056283 -0.006181 0.656341
    44 0.682895 0.000000 0.000000 0.051699 -0.023100 0.966916
    45 -8.070313 -4.582031 -13.789063 -1.651557 -0.550711 -1.309676
    46 1.706055 -2.441406 -21.906250 0.008311 0.048482 -2.295301
    47 -0.000001 0.000000 0.000000 0.000000 -1.570796 -1.570793
    48 3.562498 -0.816636 -0.000028 0.009806 -0.004018 0.021400
    49 4.004025 -0.003178 -0.000071 0.021977 0.004684 0.085524
    50 4.004029 -0.003176 -0.000071 0.022101 0.004692 0.085492
    51 4.003753 -0.003188 0.000000 -0.000001 0.000000 0.000000
    52 5.029974 -0.763043 -0.000584 0.165519 0.064873 0.682733
    53 -0.905726 0.793273 1.051288 0.177607 -1.053522 2.301890
    54 5.773743 0.000002 -0.000001 -1.114854 0.666258 -0.989629
    55 -0.747116 0.391016 -1.356800 0.414242 1.351996 2.862078
    56 5.773743 -0.000002 0.000000 0.361999 -0.655149 -1.322396
  time 5
    0 0.000000 0.000000 0.000000 1.570796 0.000000 -1.570796
    1 -8.023438 -5.121094 -13.648438 -2.040025 -0.549019 -1.312041
    2 10.295580 -0.000001 0.000000 2.104772 -0.108851 0.556105
    3 4.480469 1.199219 -0.714844 1.701082 -0.064777 1.621800
    4 0.000000 1.830078 4.105469 -1.570796 0.000000 0.000000
    5 0.000000 0.000000 2.771000 0.000000 0.000000 0.000000
    6 0.015809 5.098120 20.550776 0.000000 -1.570451 -1.570796
    7 -0.719085 5.300998 3.836287 0.000000 0.000000 2.792527
    8 0.587728 4.545158 4.786211 -1.570796 0.000000 0.000000
    9 0.730970 5.057619 -0.080114 -1.570796 0.000000 0.000000
    10 5.488281 -11.929688 -14.835938 -1.466223 -0.360111 -1.986007
    11 10.295583 0.000001 0.000000 -1.795677 -0.318025 -0.388341
    12 1.443359 0.393799 -1.304688 2.072143 0.681546 0.206140
    13 1.263878 0.000000 0.000000 -0.817992 -0.119931 0.240711
    14 1.188944 0.000000 0.000000 -0.009855 0.001996 0.251367
    15 3.773752 0.133216 -0.970574 0.123440 -0.161915 -0.174476
    16 1.433456 0.000000 0.000001 0.000000 0.000000 -0.001813
    17 1.019161 0.000000 0.000000 0.000000 0.000000 0.197403
    18 3.799511 0.014954 -0.039958 0.026978 -0.218087 -0.019542
    19 1.774881 0.000004 0.000001 -0.018322 0.004201 0.285299
    20 1.008846 0.000002 0.000000 -0.018543 0.003404 0.243937
    21 3.632761 0.059050 0.757493 -0.199956 -0.176778 0.178382
    22 1.500138 -0.000002 -0.000001 -0.074344 0.013936 0.464096
    23 0.905663 0.000000 0.000001 -0.074688 0.012668 0.445343
    24 3.323328 0.233746 1.479075 -0.286582 0.049470 0.433252
    25 0.963099 0.000000 0.000000 -0.094508 -0.017756 0.262679
    26 0.682895 0.000000 0.000000 -0.094508 -0.017756 0.262679
    27 5.488281 -11.929688 -14.835938 -2.408696 -0.360121 -1.986057
    28 0.000000 2.627978 0.988434 -1.570796 0.000000 0.000000
    29 0.000000 6.086906 -2.262864 -1.570796 0.000000 0.000000
    30 1.149523 0.416497 1.414115 -1.769998 -0.202447 0.792236
    31 1.263876 0.000001 0.000000 -0.034282 0.189584 0.555298
    32 1.188942 0.000000 0.000000 0.000000 0.000000 0.295212
    33 3.773754 0.133215 0.970573 -0.000422 -0.025468 -0.121346
    34 1.433458 0.000000 0.000000 0.014514 -0.009810 0.847667
    35 1.019161 0.000000 -0.000001 0.014478 -0.008837 0.835823
    36 3.799514 0.014952 0.039957 0.279665 0.171546 1.103439
    37 1.774881 -0.000001 0.000000 0.015535 -0.040082 1.379122
    38 1.008846 0.000001 0.000000 0.033698 -0.026693 0.847881
    39 3.632764 0.059049 -0.757494 0.369431 0.065606 1.386970
    40 1.500137 0.000001 0.000001 0.061148 -0.055642 1.125235
    41 0.905663 0.000000 0.000000 0.079350 -0.023148 0.671075
    42 3.323329 0.233745 -1.479076 0.453115 -0.018233 1.420788
    43 0.963099 -0.000001 -0.000001 0.056283 -0.006181 0.656341
    44 0.682895 0.000000 0.000000 0.051699 -0.023100 0.966916
    45 -8.023438 -5.121094 -13.648438 -1.651772 -0.549091 -1.311977
    46 1.706055 -2.736328 -21.906250 0.008311 0.048482 -2.295301
    47 -0.000001 0.000000 0.000000 0.000000 -1.570796 -1.570793
    48 3.562498 -0.816636 -0.000028 0.009806 -0.004018 0.021400
    49 4.004025 -0.003178 -0.000071 0.021977 0.004684 0.085524
    50 4.004029 -0.003176 -0.000071 0.022101 0.004692 0.085492
    51 4.003753 -0.003188 0.000000 -0.000001 0.000000 0.000000
    52 5.029974 -0.763043 -0.000584 0.165519 0.064873 0.682733
    53 -0.905726 0.793273 1.051288 0.177607 -1.053522 2.301890
    54 5.773743 0.000002 -0.000001 -1.076464 0.780556 -0.884968
    55 -0.747116 0.391016 -1.356800 0.414242 1.351996 2.862078
    56 5.773743 -0.000002 0.000000 0.380293 -0.644985 -1.350639
  time 6
    0 0.000000 0.000000 0.000000 1.570796 0.000000 -1.570796
    1 -7.984375 -5.679688 -13.492188 -2.040327 -0.547252 -1.315167
    2 10.295580 -0.000001 0.000000 2.140276 -0.134185 0.539651
    3 4.480469 1.199219 -0.714844 1.701082 -0.064777 1.621800
    4 0.000000 1.830078 4.105469 -1.570796 0.000000 0.000000
    5 0.000000 0.000000 2.771000 0.000000 0.000000 0.000000
    6 0.015809 5.098120 20.550776 0.000000 -1.570451 -1.570796
    7 -0.719085 5.300998 3.836287 0.000000 0.000000 2.792527
    8 0.587728 4.545158 4.786211 -1.570796 0.000000 0.000000
    9 0.730970 5.057619 -0.080114 -1.570796 0.000000 0.000000
    10 6.171875 -11.015625 -15.296875 -1.466470 -0.290139 -1.940121
    11 10.295583 0.000001 0.000000 -1.821014 -0.267166 -0.388532
    12 1.446289 0.393555 -1.302734 2.069324 0.684906 0.204913
    13 1.263878 0.000000 0.000000 -0.817992 -0.119931 0.240711
    14 1.188944 0.000000 0.000000 -0.009855 0.001996 0.251367
    15 3.773752 0.133216 -0.970574 0.123795 -0.159127 -0.175533
    16 1.433456 0.000000 0.000001 0.000000 0.000000 -0.004144
    17 1.019161 0.000000 0.000000 0.000000 0.000000 0.191765
    18 3.799511 0.014954 -0.039958 0.027951 -0.217059 -0.024584
    19 1.774881 0.000004 0.000001 -0.018442 0.003996 0.280243
    20 1.008846 0.000002 0.000000 -0.018463 0.003363 0.240632
    21 3.632761 0.059050 0.757493 -0.199008 -0.178656 0.173075
    22 1.500138 -0.000002 -0.000001 -0.074401 0.013648 0.458604
    23 0.905663 0.000000 0.000001 -0.074629 0.012088 0.439873
    24 3.323328 0.233746 1.479075 -0.286759 0.043475 0.428101
    25 0.963099 0.000000 0.000000 -0.094584 -0.018232 0.257823
    26 0.682895 0.000000 0.000000 -0.094596 -0.018313 0.257914
    27 6.171875 -11.015625 -15.296875 -2.409163 -0.290212 -1.940125
    28 0.000000 2.627978 0.988434 -1.570796 0.000000 0.000000
    29 0.000000 6.086906 -2.262864 -1.570796 0.000000 0.000000
    30 1.149523 0.416497 1.414115 -1.769998 -0.202447 0.792236
    31 1.263876 0.000001 0.000000 -0.034282 0.189584 0.555298
    32 1.188942 0.000000 0.000000 0.000000 0.000000 0.295212
    33 3.773754 0.133215 0.970573 -0.000422 -0.025468 -0.121346
    34 1.433458 0.000000 0.000000 0.014514 -0.009810 0.847667
    35 1.019161 0.000000 -0.000001 0.014478 -0.008837 0.835823
    36 3.799514 0.014952 0.039957 0.279665 0.171546 1.103439
    37 1.774881 -0.000001 0.000000 0.015535 -0.040082 1.379122
    38 1.008846 0.000001 0.000000 0.033698 -0.026693 0.847881
    39 3.632764 0.059049 -0.757494 0.369431 0.065606 1.386970
    40 1.500137 0.000001 0.000001 0.061148 -0.055642 1.125235
    41 0.905663 0.000000 0.000000 0.079350 -0.023148 0.671075
    42 3.323329 0.233745 -1.479076 0.453115 -0.018233 1.420788
    43 0.963099 -0.000001 -0.000001 0.056283 -0.006181 0.656341
    44 0.682895 0.000000 0.000000 0.051699 -0.023100 0.966916
    45 -7.984375 -5.679688 -13.492188 -1.652130 -0.547203 -1.315150
    46 1.706055 -3.031250 -21.906250 0.008311 0.048482 -2.295301
    47 -0.000001 0.000000 0.000000 0.000000 -1.570796 -1.570793
    48 3.562498 -0.816636 -0.000028 0.009806 -0.004018 0.021400
    49 4.004025 -0.003178 -0.000071 0.021977 0.004684 0.085524
    50 4.004029 -0.003176 -0.000071 0.022101 0.004692 0.085492
    51 4.003753 -0.003188 0.000000 -0.000001 0.000000 0.000000
    52 5.029974 -0.763043 -0.000584 0.165519 0.064873 0.682733
    53 -0.905726 0.793273 1.051288 0.177607 -1.053522 2.301890
    54 5.773743 0.000002 -0.000001 -1.030551 0.882248 -0.774289
    55 -0.747116 0.391016 -1.356800 0.414242 1.351996 2.862078
    56 5.773743 -0.000002 0.000000 0.399830 -0.632829 -1.380690
  time 7
    0 0.000000 0.000000 0.000000 1.570796 0.000000 -1.570796
    1 -7.945313 -6.246094 -13.312500 -2.040917 -0.545231 -1.319055
    2 10.295580 -0.000001 0.000000 2.179418 -0.154646 0.509517
    3 4.480469 1.199219 -0.714844 1.701082 -0.064777 1.621800
    4 0.000000 1.830078 4.105469 -1.570796 0.000000 0.000000
    5 0.000000 0.000000 2.771000 0.000000 0.000000 0.000000
    6 0.015809 5.098120 20.550776 0.000000 -1.570451 -1.570796
    7 -0.719085 5.300998 3.836287 0.000000 0.000000 2.792527
    8 0.587728 4.545158 4.786211 -1.570796 0.000000 0.000000
    9 0.730970 5.057619 -0.080114 -1.570796 0.000000 0.000000
    10 6.703125 -10.179688 -15.554688 -1.466548 -0.213033 -1.891469
    11 10.295583 0.000001 0.000000 -1.838766 -0.177107 -0.299117
    12 1.448242 0.393311 -1.301758 2.067080 0.688030 0.204094
    13 1.263878 0.000000 0.000000 -0.817992 -0.119931 0.240711
    14 1.188944 0.000000 0.000000 -0.009855 0.001996 0.251367
    15 3.773752 0.133216 -0.970574 0.124086 -0.156604 -0.176603
    16 1.433456 0.000000 0.000001 0.000000 0.000000 -0.006388
    17 1.019161 0.000000 0.000000 0.000000 0.000000 0.186128
    18 3.799511 0.014954 -0.039958 0.029083 -0.215940 -0.029553
    19 1.774881 0.000004 0.000001 -0.018452 0.003952 0.275449
    20 1.008846 0.000002 0.000000 -0.018554 0.003345 0.237589
    21 3.632761 0.059050 0.757493 -0.198042 -0.180538 0.167678
    22 1.500138 -0.000002 -0.000001 -0.074496 0.013191 0.453122
    23 0.905663 0.000000 0.000001 -0.074681 0.011799 0.434397
    24 3.323328 0.233746 1.479075 -0.286925 0.037410 0.423058
    25 0.963099 0.000000 0.000000 -0.094479 -0.018628 0.253310
    26 0.682895 0.000000 0.000000 -0.094479 -0.018628 0.253310
    27 6.703125 -10.179688 -15.554688 -2.409172 -0.212991 -1.891521
    28 0.000000 2.627978 0.988434 -1.570796 0.000000 0.000000
    29 0.000000 6.086906 -2.262864 -1.570796 0.000000 0.000000
    30 1.149523 0.416497 1.414115 -1.769998 -0.202447 0.792236
    31 1.263876 0.000001 0.000000 -0.034282 0.189584 0.555298
    32 1.188942 0.000000 0.000000 0.000000 0.000000 0.295212
    33 3.773754 0.133215 0.970573 -0.000422 -0.025468 -0.121346
    34 1.433458 0.000000 0.000000 0.014514 -0.009810 0.847667
    35 1.019161 0.000000 -0.000001 0.014478 -0.008837 0.835823
    36 3.799514 0.014952 0.039957 0.279665 0.171546 1.103439
    37 1.774881 -0.000001 0.000000 0.015535 -0.040082 1.379122
    38 1.008846 0.000001 0.000000 0.033698 -0.026693 0.847881
    39 3.632764 0.059049 -0.757494 0.369431 0.065606 1.386970
    40 1.500137 0.000001 0.000001 0.061148 -0.055642 1.125235
    41 0.905663 0.000000 0.000000 0.079350 -0.023148 0.671075
    42 3.323329 0.233745 -1.479076 0.453115 -0.018233 1.420788
    43 0.963099 -0.000001 -0.000001 0.056283 -0.006181 0.656341
    44 0.682895 0.000000 0.000000 0.051699 -0.023100 0.966916
    45 -7.945313 -6.246094 -13.312500 -1.652636 -0.545179 -1.319056
    46 1.706055 -3.322266 -21.906250 0.008311 0.048482 -2.295301
    47 -0.000001 0.000000 0.000000 0.000000 -1.570796 -1.570793
    48 3.562498 -0.816636 -0.000028 0.009806 -0.004018 0.021400
    49 4.004025 -0.003178 -0.000071 0.021977 0.004684 0.085524
    50 4.004029 -0.003176 -0.000071 0.022101 0.004692 0.085492
    51 4.003753 -0.003188 0.000000 -0.000001 0.000000 0.000000
    52 5.029974 -0.763043 -0.000584 0.165519 0.064873 0.682733
    53 -0.905726 0.793273 1.051288 0.177607 -1.053522 2.301890
    54 5.773743 0.000002 -0.000001 -0.979552 0.969113 -0.661465
    55 -0.747116 0.391016 -1.356800 0.414242 1.351996 2.862078
    56 5.773743 -0.000002 0.000000 0.419948 -0.619105 -1.411659
  time 8
    0 0.000000 0.000000 0.000000 1.570796 0.000000 -1.570796
    1 -7.902344 -6.812500 -13.109375 -2.041415 -0.542425 -1.323574
    2 10.295580 -0.000001 0.000000 2.221674 -0.170999 0.468318
    3 4.480469 1.199219 -0.714844 1.701082 -0.064777 1.621800
    4 0.000000 1.830078 4.105469 -1.570796 0.000000 0.000000
    5 0.000000 0.000000 2.771000 0.000000 0.000000 0.000000
    6 0.015809 5.098120 20.550776 0.000000 -1.570451 -1.570796
    7 -0.719085 5.300998 3.836287 0.000000 0.000000 2.792527
    8 0.587728 4.545158 4.786211 -1.570796 0.000000 0.000000
    9 0.730970 5.057619 -0.080114 -1.570796 0.000000 0.000000
    10 7.074219 -9.484375 -15.679688 -1.466166 -0.138035 -1.843752
    11 10.295583 0.000001 0.000000 -1.848808 -0.069007 -0.157050
    12 1.451172 0.393066 -1.300781 2.064659 0.690943 0.203006
    13 1.263878 0.000000 0.000000 -0.817992 -0.119931 0.240711
    14 1.188944 0.000000 0.000000 -0.009855 0.001996 0.251367
    15 3.773752 0.133216 -0.970574 0.124357 -0.153909 -0.177658
    16 1.433456 0.000000 0.000001 0.000000 0.000000 -0.008633
    17 1.019161 0.000000 0.000000 0.000000 0.000000 0.180927
    18 3.799511 0.014954 -0.039958 0.030182 -0.214907 -0.034258
    19 1.774881 0.000004 0.000001 -0.018472 0.003824 0.270832
    20 1.008846 0.000002 0.000000 -0.018579 0.003146 0.234635
    21 3.632761 0.059050 0.757493 -0.197171 -0.182393 0.162462
    22 1.500138 -0.000002 -0.000001 -0.074588 0.012744 0.447909
    23 0.905663 0.000000 0.000001 -0.074749 0.011429 0.429015
    24 3.323328 0.233746 1.479075 -0.287084 0.031250 0.417949
    25 0.963099 0.000000 0.000000 -0.094469 -0.019098 0.248803
    26 0.682895 0.000000 0.000000 -0.094469 -0.019098 0.248803
    27 7.074219 -9.484375 -15.679688 -2.408838 -0.138035 -1.843671
    28 0.000000 2.627978 0.988434 -1.570796 0.000000 0.000000
    29 0.000000 6.086906 -2.262864 -1.570796 0.000000 0.000000
    30 1.149523 0.416497 1.414115 -1.769998 -0.202447 0.792236
    31 1.263876 0.000001 0.000000 -0.034282 0.189584 0.555298
    32 1.188942 0.000000 0.000000 0.000000 0.000000 0.295212
    33 3.773754 0.133215 0.970573 -0.000422 -0.025468 -0.121346
    34 1.433458 0.000000 0.000000 0.014514 -0.009810 0.847667
    35 1.019161 0.000000 -0.000001 0.014478 -0.008837 0.835823
    36 3.799514 0.014952 0.039957 0.279665 0.171546 1.103439
    37 1.774881 -0.000001 0.000000 0.015535 -0.040082 1.379122
    38 1.008846 0.000001 0.000000 0.033698 -0.026693 0.847881
    39 3.632764 0.059049 -0.757494 0.369431 0.065606 1.386970
    40 1.500137 0.000001 0.000001 0.061148 -0.055642 1.125235
    41 0.905663 0.000000 0.000000 0.079350 -0.023148 0.671075
    42 3.323329 0.233745 -1.479076 0.453115 -0.018233 1.420788
    43 0.963099 -0.000001 -0.000001 0.056283 -0.006181 0.656341
    44 0.682895 0.000000 0.000000 0.051699 -0.023100 0.966916
    45 -7.902344 -6.812500 -13.109375 -1.651503 -0.542517 -1.323408
    46 1.706055 -3.605469 -21.906250 0.008311 0.048482 -2.295301
    47 -0.000001 0.000000 0.000000 0.000000 -1.570796 -1.570793
    48 3.562498 -0.816636 -0.000028 0.009806 -0.004018 0.021400
    49 4.004025 -0.003178 -0.000071 0.021977 0.004684 0.085524
    50 4.004029 -0.003176 -0.000071 0.022101 0.004692 0.085492
    51 4.003753 -0.003188 0.000000 -0.000001 0.000000 0.000000
    52 5.029974 -0.763043 -0.000584 0.165519 0.064873 0.682733
    53 -0.905726 0.793273 1.051288 0.177607 -1.053522 2.301890
    54 5.773743 0.000002 -0.000001 -0.928091 1.039172 -0.553923
    55 -0.747116 0.391016 -1.356800 0.414242 1.351996 2.862078
    56 5.773743 -0.000002 0.000000 0.440294 -0.604099 -1.443307
  time 9
    0 0.000000 0.000000 0.000000 1.570796 0.000000 -1.570796
    1 -7.851563 -7.359375 -12.906250 -2.041811 -0.539063 -1.328208
    2 10.295580 -0.000001 0.000000 2.266323 -0.183966 0.419720
    3 4.480469 1.199219 -0.714844 1.701082 -0.064777 1.621800
    4 0.000000 1.830078 4.105469 -1.570796 0.000000 0.000000
    5 0.000000 0.000000 2.771000 0.000000 0.000000 0.000000
    6 0.015809 5.098120 20.550776 0.000000 -1.570451 -1.570796
    7 -0.719085 5.300998 3.836287 0.000000 0.000000 2.792527
    8 0.587728 4.545158 4.786211 -1.570796 0.000000 0.000000
    9 0.730970 5.057619 -0.080114 -1.570796 0.000000 0.000000
    10 7.304688 -8.976563 -15.710938 -1.465520 -0.075234 -1.802006
    11 10.295583 0.000001 0.000000 -1.852998 0.033084 -0.002357
    12 1.454102 0.392822 -1.299805 2.062421 0.693733 0.202147
    13 1.263878 0.000000 0.000000 -0.817992 -0.119931 0.240711
    14 1.188944 0.000000 0.000000 -0.009855 0.001996 0.251367
    15 3.773752 0.133216 -0.970574 0.124527 -0.151323 -0.178451
    16 1.433456 0.000000 0.000001 0.000000 0.000000 -0.010618
    17 1.019161 0.000000 0.000000 0.000000 0.000000 0.175813
    18 3.799511 0.014954 -0.039958 0.031094 -0.213962 -0.038856
    19 1.774881 0.000004 0.000001 -0.018470 0.003867 0.266214
    20 1.008846 0.000002 0.000000 -0.018487 0.003196 0.231853
    21 3.632761 0.059050 0.757493 -0.196229 -0.184320 0.157420
    22 1.500138 -0.000002 -0.000001 -0.074556 0.012443 0.442605
    23 0.905663 0.000000 0.000001 -0.074917 0.011003 0.423905
    24 3.323328 0.233746 1.479075 -0.287159 0.025391 0.413161
    25 0.963099 0.000000 0.000000 -0.094372 -0.019579 0.244296
    26 0.682895 0.000000 0.000000 -0.094373 -0.019575 0.244383
    27 7.304688 -8.976563 -15.710938 -2.408055 -0.075142 -1.802109
    28 0.000000 2.627978 0.988434 -1.570796 0.000000 0.000000
    29 0.000000 6.086906 -2.262864 -1.570796 0.000000 0.000000
    30 1.149523 0.416497 1.414115 -1.769998 -0.202447 0.792236
    31 1.263876 0.000001 0.000000 -0.034282 0.189584 0.555298
    32 1.188942 0.000000 0.000000 0.000000 0.000000 0.295212
    33 3.773754 0.133215 0.970573 -0.000422 -0.025468 -0.121346
    34 1.433458 0.000000 0.000000 0.014514 -0.009810 0.847667
    35 1.019161 0.000000 -0.000001 0.014478 -0.008837 0.835823
    36 3.799514 0.014952 0.039957 0.279665 0.171546 1.103439
    37 1.774881 -0.000001 0.000000 0.015535 -0.040082 1.379122
    38 1.008846 0.000001 0.000000 0.033698 -0.026693 0.847881
    39 3.632764 0.059049 -0.757494 0.369431 0.065606 1.386970
    40 1.500137 0.000001 0.000001 0.061148 -0.055642 1.125235
    41 0.905663 0.000000 0.000000 0.079350 -0.023148 0.671075
    42 3.323329 0.233745 -1.479076 0.453115 -0.018233 1.420788
    43 0.963099 -0.000001 -0.000001 0.056283 -0.006181 0.656341
    44 0.682895 0.000000 0.000000 0.051699 -0.023100 0.966916
    45 -7.851563 -7.359375 -12.906250 -1.647101 -0.539007 -1.328286
    46 1.706055 -3.873047 -21.906250 0.008311 0.048482 -2.295301
    47 -0.000001 0.000000 0.000000 0.000000 -1.570796 -1.570793
    48 3.562498 -0.816636 -0.000028 0.009806 -0.004018 0.021400
    49 4.004025 -0.003178 -0.000071 0.021977 0.004684 0.085524
    50 4.004029 -0.003176 -0.000071 0.022101 0.004692 0.085492
    51 4.003753 -0.003188 0.000000 -0.000001 0.000000 0.000000
    52 5.029974 -0.763043 -0.000584 0.165519 0.064873 0.682733
    53 -0.905726 0.793273 1.051288 0.177607 -1.053522 2.301890
    54 5.773743 0.000002 -0.000001 -0.880107 1.092395 -0.459376
    55 -0.747116 0.391016 -1.356800 0.414242 1.351996 2.862078
    56 5.773743 -0.000002 0.000000 0.460135 -0.588341 -1.475097
  time 10
    0 0.000000 0.000000 0.000000 1.570796 0.000000 -1.570796
    1 -7.792969 -7.886719 -12.687500 -2.041543 -0.534630 -1.333198
    2 10.295580 -0.000001 0.000000 2.312288 -0.194362 0.366085
    3 4.480469 1.199219 -0.714844 1.701082 -0.064777 1.621800
    4 0.000000 1.830078 4.105469 -1.570796 0.000000 0.000000
    5 0.000000 0.000000 2.771000 0.000000 0.000000 0.000000
    6 0.015809 5.098120 20.550776 0.000000 -1.570451 -1.570796
    7 -0.719085 5.300998 3.836287 0.000000 0.000000 2.792527
    8 0.587728 4.545158 4.786211 -1.570796 0.000000 0.000000
    9 0.730970 5.057619 -0.080114 -1.570796 0.000000 0.000000
    10 7.437500 -8.656250 -15.703125 -1.464682 -0.032461 -1.772216
    11 10.295583 0.000001 0.000000 -1.853992 0.109309 0.124193
    12 1.457031 0.392578 -1.298828 2.060124 0.696556 0.201134
    13 1.263878 0.000000 0.000000 -0.817992 -0.119931 0.240711
    14 1.188944 0.000000 0.000000 -0.009855 0.001996 0.251367
    15 3.773752 0.133216 -0.970574 0.124804 -0.148806 -0.179431
    16 1.433456 0.000000 0.000001 0.000000 0.000000 -0.012690
    17 1.019161 0.000000 0.000000 0.000000 0.000000 0.171048
    18 3.799511 0.014954 -0.039958 0.032163 -0.212838 -0.043380
    19 1.774881 0.000004 0.000001 -0.018415 0.003643 0.261775
    20 1.008846 0.000002 0.000000 -0.018578 0.003181 0.229159
    21 3.632761 0.059050 0.757493 -0.195340 -0.186073 0.152276
    22 1.500138 -0.000002 -0.000001 -0.074626 0.012080 0.437395
    23 0.905663 0.000000 0.000001 -0.074914 0.010540 0.418797
    24 3.323328 0.233746 1.479075 -0.287349 0.019288 0.408329
    25 0.963099 0.000000 0.000000 -0.094264 -0.019965 0.239960
    26 0.682895 0.000000 0.000000 -0.094264 -0.019965 0.239960
    27 7.437500 -8.656250 -15.703125 -2.407277 -0.032460 -1.772171
    28 0.000000 2.627978 0.988434 -1.570796 0.000000 0.000000
    29 0.000000 6.086906 -2.262864 -1.570796 0.000000 0.000000
    30 1.149523 0.416497 1.414115 -1.769998 -0.202447 0.792236
    31 1.263876 0.000001 0.000000 -0.034282 0.189584 0.555298
    32 1.188942 0.000000 0.000000 0.000000 0.000000 0.295212
    33 3.773754 0.133215 0.970573 -0.000422 -0.025468 -0.121346
    34 1.433458 0.000000 0.000000 0.014514 -0.009810 0.847667
    35 1.019161 0.000000 -0.000001 0.014478 -0.008837 0.835823
    36 3.799514 0.014952 0.039957 0.279665 0.171546 1.103439
    37 1.774881 -0.000001 0.000000 0.015535 -0.040082 1.379122
    38 1.008846 0.000001 0.000000 0.033698 -0.026693 0.847881
    39 3.632764 0.059049 -0.757494 0.369431 0.065606 1.386970
    40 1.500137 0.000001 0.000001 0.061148 -0.055642 1.125235
    41 0.905663 0.000000 0.000000 0.079350 -0.023148 0.671075
    42 3.323329 0.233745 -1.479076 0.453115 -0.018233 1.420788
    43 0.963099 -0.000001 -0.000001 0.056283 -0.006181 0.656341
    44 0.682895 0.000000 0.000000 0.051699 -0.023100 0.966916
    45 -7.792969 -7.886719 -12.687500 -1.639780 -0.534658 -1.333117
    46 1.706055 -4.121094 -21.906250 0.008311 0.048482 -2.295301
    47 -0.000001 0.000000 0.000000 0.000000 -1.570796 -1.570793
    48 3.562498 -0.816636 -0.000028 0.009806 -0.004018 0.021400
    49 4.004025 -0.003178 -0.000071 0.021977 0.004684 0.085524
    50 4.004029 -0.003176 -0.000071 0.022101 0.004692 0.085492
    51 4.003753 -0.003188 0.000000 -0.000001 0.000000 0.000000
    52 5.029974 -0.763043 -0.000584 0.165519 0.064873 0.682733
    53 -0.905726 0.793273 1.051288 0.177607 -1.053522 2.301890
    54 5.773743 0.000002 -0.000001 -0.837336 1.130537 -0.383522
    55 -0.747116 0.391016 -1.356800 0.414242 1.351996 2.862078
    56 5.773743 -0.000002 0.000000 0.478780 -0.572289 -1.506233
  time 11
    0 0.000000 0.000000 0.000000 1.570796 0.000000 -1.570796
    1 -7.730469 -8.375000 -12.468750 -2.040810 -0.529604 -1.338023
    2 10.295580 -0.000001 0.000000 2.358209 -0.203368 0.310973
    3 4.480469 1.199219 -0.714844 1.701082 -0.064777 1.621800
    4 0.000000 1.830078 4.105469 -1.570796 0.000000 0.000000
    5 0.000000 0.000000 2.771000 0.000000 0.000000 0.000000
    6 0.015809 5.098120 20.550776 0.000000 -1.570451 -1.570796
    7 -0.719085 5.300998 3.836287 0.000000 0.000000 2.792527
    8 0.587728 4.545158 4.786211 -1.570796 0.000000 0.000000
    9 0.730970 5.057619 -0.080114 -1.570796 0.000000 0.000000
    10 7.503906 -8.515625 -15.687500 -1.464458 -0.016886 -1.760624
    11 10.295583 0.000001 0.000000 -1.854075 0.139111 0.176867
    12 1.459961 0.392334 -1.297852 2.058144 0.699118 0.200363
    13 1.263878 0.000000 0.000000 -0.817992 -0.119931 0.240711
    14 1.188944 0.000000 0.000000 -0.009855 0.001996 0.251367
    15 3.773752 0.133216 -0.970574 0.125057 -0.146213 -0.180229
    16 1.433456 0.000000 0.000001 0.000000 0.000000 -0.014503
    17 1.019161 0.000000 0.000000 0.000000 0.000000 0.166283
    18 3.799511 0.014954 -0.039958 0.033044 -0.211803 -0.047797
    19 1.774881 0.000004 0.000001 -0.018412 0.003688 0.257334
    20 1.008846 0.000002 0.000000 -0.018591 0.003072 0.226640
    21 3.632761 0.059050 0.757493 -0.194476 -0.187978 0.147325
    22 1.500138 -0.000002 -0.000001 -0.074796 0.011658 0.432368
    23 0.905663 0.000000 0.000001 -0.075061 0.010194 0.413601
    24 3.323328 0.233746 1.479075 -0.287410 0.013276 0.403667
    25 0.963099 0.000000 0.000000 -0.094167 -0.020429 0.235803
    26 0.682895 0.000000 0.000000 -0.094167 -0.020429 0.235803
    27 7.503906 -8.515625 -15.687500 -2.407134 -0.016893 -1.760600
    28 0.000000 2.627978 0.988434 -1.570796 0.000000 0.000000
    29 0.000000 6.086906 -2.262864 -1.570796 0.000000 0.000000
    30 1.149523 0.416497 1.414115 -1.769998 -0.202447 0.792236
    31 1.263876 0.000001 0.000000 -0.034282 0.189584 0.555298
    32 1.188942 0.000000 0.000000 0.000000 0.000000 0.295212
    33 3.773754 0.133215 0.970573 -0.000422 -0.025468 -0.121346
    34 1.433458 0.000000 0.000000 0.014514 -0.009810 0.847667
    35 1.019161 0.000000 -0.000001 0.014478 -0.008837 0.835823
    36 3.799514 0.014952 0.039957 0.279665 0.171546 1.103439
    37 1.774881 -0.000001 0.000000 0.015535 -0.040082 1.379122
    38 1.008846 0.000001 0.000000 0.033698 -0.026693 0.847881
    39 3.632764 0.059049 -0.757494 0.369431 0.065606 1.386970
    40 1.500137 0.000001 0.000001 0.061148 -0.055642 1.125235
    41 0.905663 0.000000 0.000000 0.079350 -0.023148 0.671075
    42 3.323329 0.233745 -1.479076 0.453115 -0.018233 1.420788
    43 0.963099 -0.000001 -0.000001 0.056283 -0.006181 0.656341
    44 0.682895 0.000000 0.000000 0.051699 -0.023100 0.966916
    45 -7.730469 -8.375000 -12.468750 -1.629599 -0.529647 -1.338031
    46 1.706055 -4.343750 -21.906250 0.008311 0.048482 -2.295301
    47 -0.000001 0.000000 0.000000 0.000000 -1.570796 -1.570793
    48 3.562498 -0.816636 -0.000028 0.009806 -0.004018 0.021400
    49 4.004025 -0.003178 -0.000071 0.021977 0.004684 0.085524
    50 4.004029 -0.003176 -0.000071 0.022101 0.004692 0.085492
    51 4.003753 -0.003188 0.000000 -0.000001 0.000000 0.000000
    52 5.029974 -0.763043 -0.000584 0.165519 0.064873 0.682733
    53 -0.905726 0.793273 1.051288 0.177607 -1.053522 2.301890
    54 5.773743 0.000002 -0.000001 -0.799323 1.154136 -0.330928
    55 -0.747116 0.391016 -1.356800 0.414242 1.351996 2.862078
    56 5.773743 -0.000002 0.000000 0.496181 -0.556474 -1.536840
  time 12
    0 0.000000 0.000000 0.000000 1.570796 0.000000 -1.570796
    1 -7.652344 -8.820313 -12.257813 -2.039396 -0.523702 -1.342232
    2 10.295580 -0.000001 0.000000 2.402542 -0.211843 0.257876
    3 4.480469 1.199219 -0.714844 1.701082 -0.064777 1.621800
    4 0.000000 1.830078 4.105469 -1.570796 0.000000 0.000000
    5 0.000000 0.000000 2.771000 0.000000 0.000000 0.000000
    6 0.015809 5.098120 20.550776 0.000000 -1.570451 -1.570796
    7 -0.719085 5.300998 3.836287 0.000000 0.000000 2.792527
    8 0.587728 4.545158 4.786211 -1.570796 0.000000 0.000000
    9 0.730970 5.057619 -0.080114 -1.570796 0.000000 0.000000
    10 7.546875 -8.468750 -15.664063 -1.464524 -0.017040 -1.760140
    11 10.295583 0.000001 0.000000 -1.853946 0.139814 0.177089
    12 1.462891 0.392334 -1.296875 2.056032 0.701563 0.199503
    13 1.263878 0.000000 0.000000 -0.817992 -0.119931 0.240711
    14 1.188944 0.000000 0.000000 -0.009855 0.001996 0.251367
    15 3.773752 0.133216 -0.970574 0.125236 -0.143709 -0.181114
    16 1.433456 0.000000 0.000001 0.000000 0.000000 -0.016316
    17 1.019161 0.000000 0.000000 0.000000 0.000000 0.161779
    18 3.799511 0.014954 -0.039958 0.033902 -0.210768 -0.052037
    19 1.774881 0.000004 0.000001 -0.018602 0.003586 0.253157
    20 1.008846 0.000002 0.000000 -0.018681 0.003058 0.224121
    21 3.632761 0.059050 0.757493 -0.193605 -0.189691 0.142526
    22 1.500138 -0.000002 -0.000001 -0.074879 0.011220 0.427432
    23 0.905663 0.000000 0.000001 -0.075019 0.009907 0.408669
    24 3.323328 0.233746 1.479075 -0.287600 0.007421 0.399261
    25 0.963099 0.000000 0.000000 -0.094222 -0.020697 0.231728
    26 0.682895 0.000000 0.000000 -0.094222 -0.020697 0.231728
    27 7.546875 -8.468750 -15.664063 -2.407054 -0.016991 -1.760084
    28 0.000000 2.627978 0.988434 -1.570796 0.000000 0.000000
    29 0.000000 6.086906 -2.262864 -1.570796 0.000000 0.000000
    30 1.149523 0.416497 1.414115 -1.769998 -0.202447 0.792236
    31 1.263876 0.000001 0.000000 -0.034282 0.189584 0.555298
    32 1.188942 0.000000 0.000000 0.000000 0.000000 0.295212
    33 3.773754 0.133215 0.970573 -0.000422 -0.025468 -0.121346
    34 1.433458 0.000000 0.000000 0.014514 -0.009810 0.847667
    35 1.019161 0.000000 -0.000001 0.014478 -0.008837 0.835823
    36 3.799514 0.014952 0.039957 0.279665 0.171546 1.103439
    37 1.774881 -0.000001 0.000000 0.015535 -0.040082 1.379122
    38 1.008846 0.000001 0.000000 0.033698 -0.026693 0.847881
    39 3.632764 0.059049 -0.757494 0.369431 0.065606 1.386970
    40 1.500137 0.000001 0.000001 0.061148 -0.055642 1.125235
    41 0.905663 0.000000 0.000000 0.079350 -0.023148 0.671075
    42 3.323329 0.233745 -1.479076 0.453115 -0.018233 1.420788
    43 0.963099 -0.000001 -0.000001 0.056283 -0.006181 0.656341
    44 0.682895 0.000000 0.000000 0.051699 -0.023100 0.966916
    45 -7.652344 -8.820313 -12.257813 -1.617920 -0.523697 -1.342383
    46 1.706055 -4.542969 -21.906250 0.008311 0.048482 -2.295301
    47 -0.000001 0.000000 0.000000 0.000000 -1.570796 -1.570793
    48 3.562498 -0.816636 -0.000028 0.009806 -0.004018 0.021400
    49 4.004025 -0.003178 -0.000071 0.021977 0.004684 0.085524
    50 4.004029 -0.003176 -0.000071 0.022101 0.004692 0.085492
    51 4.003753 -0.003188 0.000000 -0.000001 0.000000 0.000000
    52 5.029974 -0.763043 -0.000584 0.165519 0.064873 0.682733
    53 -0.905726 0.793273 1.051288 0.177607 -1.053522 2.301890
    54 5.773743 0.000002 -0.000001 -0.765205 1.169171 -0.293071
    55 -0.747116 0.391016 -1.356800 0.414242 1.351996 2.862078
    56 5.773743 -0.000002 0.000000 0.512196 -0.541543 -1.566335
  time 13
    0 0.000000 0.000000 0.000000 1.570796 0.000000 -1.570796
    1 -7.570313 -9.218750 -12.046875 -2.037505 -0.517177 -1.345820
    2 10.295580 -0.000001 0.000000 2.444062 -0.221171 0.209899
    3 4.480469 1.199219 -0.714844 1.701082 -0.064777 1.621800
    4 0.000000 1.830078 4.105469 -1.570796 0.000000 0.000000
    5 0.000000 0.000000 2.771000 0.000000 0.000000 0.000000
    6 0.015809 5.098120 20.550776 0.000000 -1.570451 -1.570796
    7 -0.719085 5.300998 3.836287 0.000000 0.000000 2.792527
    8 0.587728 4.545158 4.786211 -1.570796 0.000000 0.000000
    9 0.730970 5.057619 -0.080114 -1.570796 0.000000 0.000000
    10 7.582031 -8.421875 -15.648438 -1.464435 -0.016915 -1.758845
    11 10.295583 0.000001 0.000000 -1.853870 0.141110 0.177103
    12 1.464844 0.392090 -1.295898 2.054185 0.704035 0.198815
    13 1.263878 0.000000 0.000000 -0.817992 -0.119931 0.240711
    14 1.188944 0.000000 0.000000 -0.009855 0.001996 0.251367
    15 3.773752 0.133216 -0.970574 0.125581 -0.141194 -0.181924
    16 1.433456 0.000000 0.000001 0.000000 0.000000 -0.018129
    17 1.019161 0.000000 0.000000 0.000000 0.000000 0.157622
    18 3.799511 0.014954 -0.039958 0.034834 -0.209729 -0.056196
    19 1.774881 0.000004 0.000001 -0.018523 0.003537 0.249068
    20 1.008846 0.000002 0.000000 -0.018599 0.003027 0.221863
    21 3.632761 0.059050 0.757493 -0.192653 -0.191580 0.137736
    22 1.500138 -0.000002 -0.000001 -0.074924 0.010954 0.422581
    23 0.905663 0.000000 0.000001 -0.075077 0.009556 0.403831
    24 3.323328 0.233746 1.479075 -0.287614 0.001424 0.394699
    25 0.963099 0.000000 0.000000 -0.094123 -0.021156 0.227659
    26 0.682895 0.000000 0.000000 -0.094123 -0.021156 0.227659
    27 7.582031 -8.421875 -15.648438 -2.407034 -0.016826 -1.758814
    28 0.000000 2.627978 0.988434 -1.570796 0.000000 0.000000
    29 0.000000 6.086906 -2.262864 -1.570796 0.000000 0.000000
    30 1.149523 0.416497 1.414115 -1.769998 -0.202447 0.792236
    31 1.263876 0.000001 0.000000 -0.034282 0.189584 0.555298
    32 1.188942 0.000000 0.000000 0.000000 0.000000 0.295212
    33 3.773754 0.133215 0.970573 -0.000422 -0.025468 -0.121346
    34 1.433458 0.000000 0.000000 0.014514 -0.009810 0.847667
    35 1.019161 0.000000 -0.000001 0.014478 -0.008837 0.835823
    36 3.799514 0.014952 0.039957 0.279665 0.171546 1.103439
    37 1.774881 -0.000001 0.000000 0.015535 -0.040082 1.379122
    38 1.008846 0.000001 0.000000 0.033698 -0.026693 0.847881
    39 3.632764 0.059049 -0.757494 0.369431 0.065606 1.386970
    40 1.500137 0.000001 0.000001 0.061148 -0.055642 1.125235
    41 0.905663 0.000000 0.000000 0.079350 -0.023148 0.671075
    42 3.323329 0.233745 -1.479076 0.453115 -0.018233 1.420788
    43 0.963099 -0.000001 -0.000001 0.056283 -0.006181 0.656341
    44 0.682895 0.000000 0.000000 0.051699 -0.023100 0.966916
    45 -7.570313 -9.218750 -12.046875 -1.604584 -0.517155 -1.345848
    46 1.706055 -4.703125 -21.906250 0.008311 0.048482 -2.295301
    47 -0.000001 0.000000 0.000000 0.000000 -1.570796 -1.570793
    48 3.562498 -0.816636 -0.000028 0.009806 -0.004018 0.021400
    49 4.004025 -0.003178 -0.000071 0.021977 0.004684 0.085524
    50 4.004029 -0.003176 -0.000071 0.022101 0.004692 0.085492
    51 4.003753 -0.003188 0.000000 -0.000001 0.000000 0.000000
    52 5.029974 -0.763043 -0.000584 0.165519 0.064873 0.682733
    53 -0.905726 0.793273 1.051288 0.177607 -1.053522 2.301890
    54 5.773743 0.000002 -0.000001 -0.734604 1.181653 -0.258526
    55 -0.747116 0.391016 -1.356800 0.414242 1.351996 2.862078
    56 5.773743 -0.000002 0.000000 0.526438 -0.528043 -1.594539
  time 14
    0 0.000000 0.000000 0.000000 1.570796 0.000000 -1.570796
    1 -7.468750 -9.546875 -11.859375 -2.034786 -0.510086 -1.348348
    2 10.295580 -0.000001 0.000000 2.480856 -0.232915 0.170291
    3 4.480469 1.199219 -0.714844 1.701082 -0.064777 1.621800
    4 0.000000 1.830078 4.105469 -1.570796 0.000000 0.000000
    5 0.000000 0.000000 2.771000 0.000000 0.000000 0.000000
    6 0.015809 5.098120 20.550776 0.000000 -1.570451 -1.570796
    7 -0.719085 5.300998 3.836287 0.000000 0.000000 2.792527
    8 0.587728 4.545158 4.786211 -1.570796 0.000000 0.000000
    9 0.730970 5.057619 -0.080114 -1.570796 0.000000 0.000000
    10 7.613281 -8.375000 -15.625000 -1.464299 -0.016818 -1.756938
    11 10.295583 0.000001 0.000000 -1.853625 0.142878 0.177063
    12 1.466797 0.391846 -1.294922 2.052318 0.706202 0.197962
    13 1.263878 0.000000 0.000000 -0.817992 -0.119931 0.240711
    14 1.188944 0.000000 0.000000 -0.009855 0.001996 0.251367
    15 3.773752 0.133216 -0.970574 0.125759 -0.138782 -0.182728
    16 1.433456 0.000000 0.000001 0.000000 0.000000 -0.019769
    17 1.019161 0.000000 0.000000 0.000000 0.000000 0.153379
    18 3.799511 0.014954 -0.039958 0.035667 -0.208779 -0.060259
    19 1.774881 0.000004 0.000001 -0.018541 0.003413 0.244980
    20 1.008846 0.000002 0.000000 -0.018697 0.002930 0.219605
    21 3.632761 0.059050 0.757493 -0.191975 -0.193337 0.133222
    22 1.500138 -0.000002 -0.000001 -0.074986 0.010606 0.417824
    23 0.905663 0.000000 0.000001 -0.075151 0.009124 0.399086
    24 3.323328 0.233746 1.479075 -0.287674 -0.004447 0.390305
    25 0.963099 0.000000 0.000000 -0.094091 -0.021425 0.223758
    26 0.682895 0.000000 0.000000 -0.094092 -0.021421 0.223845
    27 7.613281 -8.375000 -15.625000 -2.406844 -0.016813 -1.756867
    28 0.000000 2.627978 0.988434 -1.570796 0.000000 0.000000
    29 0.000000 6.086906 -2.262864 -1.570796 0.000000 0.000000
    30 1.149523 0.416497 1.414115 -1.769998 -0.202447 0.792236
    31 1.263876 0.000001 0.000000 -0.034282 0.189584 0.555298
    32 1.188942 0.000000 0.000000 0.000000 0.000000 0.295212
    33 3.773754 0.133215 0.970573 -0.000422 -0.025468 -0.121346
    34 1.433458 0.000000 0.000000 0.014514 -0.009810 0.847667
    35 1.019161 0.000000 -0.000001 0.014478 -0.008837 0.835823
    36 3.799514 0.014952 0.039957 0.279665 0.171546 1.103439
    37 1.774881 -0.000001 0.000000 0.015535 -0.040082 1.379122
    38 1.008846 0.000001 0.000000 0.033698 -0.026693 0.847881
    39 3.632764 0.059049 -0.757494 0.369431 0.065606 1.386970
    40 1.500137 0.000001 0.000001 0.061148 -0.055642 1.125235
    41 0.905663 0.000000 0.000000 0.079350 -0.023148 0.671075
    42 3.323329 0.233745 -1.479076 0.453115 -0.018233 1.420788
    43 0.963099 -0.000001 -0.000001 0.056283 -0.006181 0.656341
    44 0.682895 0.000000 0.000000 0.051699 -0.023100 0.966916
    45 -7.468750 -9.546875 -11.859375 -1.590389 -0.510080 -1.348438
    46 1.706055 -4.824219 -21.906250 0.008311 0.048482 -2.295301
    47 -0.000001 0.000000 0.000000 0.000000 -1.570796 -1.570793
    48 3.562498 -0.816636 -0.000028 0.009806 -0.004018 0.021400
    49 4.004025 -0.003178 -0.000071 0.021977 0.004684 0.085524
    50 4.004029 -0.003176 -0.000071 0.022101 0.004692 0.085492
    51 4.003753 -0.003188 0.000000 -0.000001 0.000000 0.000000
    52 5.029974 -0.763043 -0.000584 0.165519 0.064873 0.682733
    53 -0.905726 0.793273 1.051288 0.177607 -1.053522 2.301890
    54 5.773743 0.000002 -0.000001 -0.709049 1.191585 -0.228897
    55 -0.747116 0.391016 -1.356800 0.414242 1.351996 2.862078
    56 5.773743 -0.000002 0.000000 0.538844 -0.516378 -1.621229
  time 15
    0 0.000000 0.000000 0.000000 1.570796 0.000000 -1.570796
    1 -7.359375 -9.812500 -11.695313 -2.031411 -0.502662 -1.349374
    2 10.295580 -0.000001 0.000000 2.511110 -0.248621 0.142631
    3 4.480469 1.199219 -0.714844 1.701082 -0.064777 1.621800
    4 0.000000 1.830078 4.105469 -1.570796 0.000000 0.000000
    5 0.000000 0.000000 2.771000 0.000000 0.000000 0.000000
    6 0.015809 5.098120 20.550776 0.000000 -1.570451 -1.570796
    7 -0.719085 5.300998 3.836287 0.000000 0.000000 2.792527
    8 0.587728 4.545158 4.786211 -1.570796 0.000000 0.000000
    9 0.730970 5.057619 -0.080114 -1.570796 0.000000 0.000000
    10 7.628906 -8.328125 -15.609375 -1.464299 -0.017147 -1.754194
    11 10.295583 0.000001 0.000000 -1.853294 0.145787 0.177246
    12 1.469727 0.391602 -1.294922 2.050690 0.708477 0.197228
    13 1.263878 0.000000 0.000000 -0.817992 -0.119931 0.240711
    14 1.188944 0.000000 0.000000 -0.009855 0.001996 0.251367
    15 3.773752 0.133216 -0.970574 0.126010 -0.136372 -0.183363
    16 1.433456 0.000000 0.000001 0.000000 0.000000 -0.021323
    17 1.019161 0.000000 0.000000 0.000000 0.000000 0.149570
    18 3.799511 0.014954 -0.039958 0.036651 -0.207737 -0.064162
    19 1.774881 0.000004 0.000001 -0.018558 0.003293 0.241242
    20 1.008846 0.000002 0.000000 -0.018700 0.002911 0.217608
    21 3.632761 0.059050 0.757493 -0.191011 -0.194936 0.128661
    22 1.500138 -0.000002 -0.000001 -0.075063 0.010178 0.413160
    23 0.905663 0.000000 0.000001 -0.075104 0.008850 0.394514
    24 3.323328 0.233746 1.479075 -0.287798 -0.010289 0.386004
    25 0.963099 0.000000 0.000000 -0.093908 -0.021877 0.220038
    26 0.682895 0.000000 0.000000 -0.093908 -0.021877 0.220038
    27 7.628906 -8.328125 -15.609375 -2.406842 -0.017098 -1.754191
    28 0.000000 2.627978 0.988434 -1.570796 0.000000 0.000000
    29 0.000000 6.086906 -2.262864 -1.570796 0.000000 0.000000
    30 1.149523 0.416497 1.414115 -1.769998 -0.202447 0.792236
    31 1.263876 0.000001 0.000000 -0.034282 0.189584 0.555298
    32 1.188942 0.000000 0.000000 0.000000 0.000000 0.295212
    33 3.773754 0.133215 0.970573 -0.000422 -0.025468 -0.121346
    34 1.433458 0.000000 0.000000 0.014514 -0.009810 0.847667
    35 1.019161 0.000000 -0.000001 0.014478 -0.008837 0.835823
    36 3.799514 0.014952 0.039957 0.279665 0.171546 1.103439
    37 1.774881 -0.000001 0.000000 0.015535 -0.040082 1.379122
    38 1.008846 0.000001 0.000000 0.033698 -0.026693 0.847881
    39 3.632764 0.059049 -0.757494 0.369431 0.065606 1.386970
    40 1.500137 0.000001 0.000001 0.061148 -0.055642 1.125235
    41 0.905663 0.000000 0.000000 0.079350 -0.023148 0.671075
    42 3.323329 0.233745 -1.479076 0.453115 -0.018233 1.420788
    43 0.963099 -0.000001 -0.000001 0.056283 -0.006181 0.656341
    44 0.682895 0.000000 0.000000 0.051699 -0.023100 0.966916
    45 -7.359375 -9.812500 -11.695313 -1.575634 -0.502859 -1.349410
    46 1.706055 -4.902344 -21.906250 0.008311 0.048482 -2.295301
    47 -0.000001 0.000000 0.000000 0.000000 -1.570796 -1.570793
    48 3.562498 -0.816636 -0.000028 0.009806 -0.004018 0.021400
    49 4.004025 -0.003178 -0.000071 0.021977 0.004684 0.085524
    50 4.004029 -0.003176 -0.000071 0.022101 0.004692 0.085492
    51 4.003753 -0.003188 0.000000 -0.000001 0.000000 0.000000
    52 5.029974 -0.763043 -0.000584 0.165519 0.064873 0.682733
    53 -0.905726 0.793273 1.051288 0.177607 -1.053522 2.301890
    54 5.773743 0.000002 -0.000001 -0.690886 1.198811 -0.206401
    55 -0.747116 0.391016 -1.356800 0.414242 1.351996 2.862078
    56 5.773743 -0.000002 0.000000 0.549227 -0.507554 -1.645904
  time 16
    0 0.000000 0.000000 0.000000 1.570796 0.000000 -1.570796
    1 -7.234375 -10.031250 -11.523438 -2.027293 -0.493781 -1.350695
    2 10.295580 -0.000001 0.000000 2.532730 -0.268903 0.116973
    3 4.480469 1.199219 -0.714844 1.701082 -0.064777 1.621800
    4 0.000000 1.830078 4.105469 -1.570796 0.000000 0.000000
    5 0.000000 0.000000 2.771000 0.000000 0.000000 0.000000
    6 0.015809 5.098120 20.550776 0.000000 -1.570451 -1.570796
    7 -0.719085 5.300998 3.836287 0.000000 0.000000 2.792527
    8 0.587728 4.545158 4.786211 -1.570796 0.000000 0.000000
    9 0.730970 5.057619 -0.080114 -1.570796 0.000000 0.000000
    10 7.636719 -8.273438 -15.601563 -1.464075 -0.017880 -1.750369
    11 10.295583 0.000001 0.000000 -1.852773 0.149602 0.177817
    12 1.471680 0.391602 -1.293945 2.049039 0.710444 0.196662
    13 1.263878 0.000000 0.000000 -0.817992 -0.119931 0.240711
    14 1.188944 0.000000 0.000000 -0.009855 0.001996 0.251367
    15 3.773752 0.133216 -0.970574 0.126173 -0.133970 -0.183991
    16 1.433456 0.000000 0.000001 0.000000 0.000000 -0.022877
    17 1.019161 0.000000 0.000000 0.000000 0.000000 0.145934
    18 3.799511 0.014954 -0.039958 0.037437 -0.206701 -0.067869
    19 1.774881 0.000004 0.000001 -0.018650 0.003268 0.237416
    20 1.008846 0.000002 0.000000 -0.018703 0.002893 0.215611
    21 3.632761 0.059050 0.757493 -0.190317 -0.196782 0.124064
    22 1.500138 -0.000002 -0.000001 -0.075037 0.009816 0.408496
    23 0.905663 0.000000 0.000001 -0.075242 0.008523 0.389858
    24 3.323328 0.233746 1.479075 -0.288004 -0.016172 0.381896
    25 0.963099 0.000000 0.000000 -0.093886 -0.022224 0.216316
    26 0.682895 0.000000 0.000000 -0.093886 -0.022224 0.216316
    27 7.636719 -8.273438 -15.601563 -2.406738 -0.017970 -1.750446
    28 0.000000 2.627978 0.988434 -1.570796 0.000000 0.000000
    29 0.000000 6.086906 -2.262864 -1.570796 0.000000 0.000000
    30 1.149523 0.416497 1.414115 -1.769998 -0.202447 0.792236
    31 1.263876 0.000001 0.000000 -0.034282 0.189584 0.555298
    32 1.188942 0.000000 0.000000 0.000000 0.000000 0.295212
    33 3.773754 0.133215 0.970573 -0.000422 -0.025468 -0.121346
    34 1.433458 0.000000 0.000000 0.014514 -0.009810 0.847667
    35 1.019161 0.000000 -0.000001 0.014478 -0.008837 0.835823
    36 3.799514 0.014952 0.039957 0.279665 0.171546 1.103439
    37 1.774881 -0.000001 0.000000 0.015535 -0.040082 1.379122
    38 1.008846 0.000001 0.000000 0.033698 -0.026693 0.847881
    39 3.632764 0.059049 -0.757494 0.369431 0.065606 1.386970
    40 1.500137 0.000001 0.000001 0.061148 -0.055642 1.125235
    41 0.905663 0.000000 0.000000 0.079350 -0.023148 0.671075
    42 3.323329 0.233745 -1.479076 0.453115 -0.018233 1.420788
    43 0.963099 -0.000001 -0.000001 0.056283 -0.006181 0.656341
    44 0.682895 0.000000 0.000000 0.051699 -0.023100 0.966916
    45 -7.234375 -10.031250 -11.523438 -1.560871 -0.493814 -1.350746
    46 1.706055 -4.929688 -21.906250 0.008311 0.048482 -2.295301
    47 -0.000001 0.000000 0.000000 0.000000 -1.570796 -1.570793
    48 3.562498 -0.816636 -0.000028 0.009806 -0.004018 0.021400
    49 4.004025 -0.003178 -0.000071 0.021977 0.004684 0.085524
    50 4.004029 -0.003176 -0.000071 0.022101 0.004692 0.085492
    51 4.003753 -0.003188 0.000000 -0.000001 0.000000 0.000000
    52 5.029974 -0.763043 -0.000584 0.165519 0.064873 0.682733
    53 -0.905726 0.793273 1.051288 0.177607 -1.053522 2.301890
    54 5.773743 0.000002 -0.000001 -0.681925 1.203363 -0.192724
    55 -0.747116 0.391016 -1.356800 0.414242 1.351996 2.862078
    56 5.773743 -0.000002 0.000000 0.560122 -0.498201 -1.672284
  time 17
    0 0.000000 0.000000 0.000000 1.570796 0.000000 -1.570796
    1 -7.109375 -10.171875 -11.390625 -2.021877 -0.481766 -1.352221
    2 10.295580 -0.000001 0.000000 2.540525 -0.289048 0.093252
    3 4.480469 1.199219 -0.714844 1.701082 -0.064777 1.621800
    4 0.000000 1.830078 4.105469 -1.570796 0.000000 0.000000
    5 0.000000 0.000000 2.771000 0.000000 0.000000 0.000000
    6 0.015809 5.098120 20.550776 0.000000 -1.570451 -1.570796
    7 -0.719085 5.300998 3.836287 0.000000 0.000000 2.792527
    8 0.587728 4.545158 4.786211 -1.570796 0.000000 0.000000
    9 0.730970 5.057619 -0.080114 -1.570796 0.000000 0.000000
    10 7.640625 -8.226563 -15.593750 -1.464038 -0.019017 -1.746197
    11 10.295583 0.000001 0.000000 -1.852245 0.153837 0.178707
    12 1.472656 0.391113 -1.292969 2.047331 0.712441 0.195947
    13 1.263878 0.000000 0.000000 -0.817992 -0.119931 0.240711
    14 1.188944 0.000000 0.000000 -0.009855 0.001996 0.251367
    15 3.773752 0.133216 -0.970574 0.126239 -0.131491 -0.184607
    16 1.433456 0.000000 0.000001 0.000000 0.000000 -0.024431
    17 1.019161 0.000000 0.000000 0.000000 0.000000 0.142299
    18 3.799511 0.014954 -0.039958 0.038219 -0.205663 -0.071575
    19 1.774881 0.000004 0.000001 -0.018656 0.003234 0.233765
    20 1.008846 0.000002 0.000000 -0.018706 0.002875 0.213701
    21 3.632761 0.059050 0.757493 -0.189452 -0.198440 0.119691
    22 1.500138 -0.000002 -0.000001 -0.075009 0.009461 0.404011
    23 0.905663 0.000000 0.000001 -0.075295 0.008181 0.385293
    24 3.323328 0.233746 1.479075 -0.288019 -0.022088 0.377792
    25 0.963099 0.000000 0.000000 -0.093768 -0.022494 0.212589
    26 0.682895 0.000000 0.000000 -0.093768 -0.022494 0.212589
    27 7.640625 -8.226563 -15.593750 -2.406545 -0.018990 -1.746299
    28 0.000000 2.627978 0.988434 -1.570796 0.000000 0.000000
    29 0.000000 6.086906 -2.262864 -1.570796 0.000000 0.000000
    30 1.149523 0.416497 1.414115 -1.769998 -0.202447 0.792236
    31 1.263876 0.000001 0.000000 -0.034282 0.189584 0.555298
    32 1.188942 0.000000 0.000000 0.000000 0.000000 0.295212
    33 3.773754 0.133215 0.970573 -0.000422 -0.025468 -0.121346
    34 1.433458 0.000000 0.000000 0.014514 -0.009810 0.847667
    35 1.019161 0.000000 -0.000001 0.014478 -0.008837 0.835823
    36 3.799514 0.014952 0.039957 0.279665 0.171546 1.103439
    37 1.774881 -0.000001 0.000000 0.015535 -0.040082 1.379122
    38 1.008846 0.000001 0.000000 0.033698 -0.026693 0.847881
    39 3.632764 0.059049 -0.757494 0.369431 0.065606 1.386970
    40 1.500137 0.000001 0.000001 0.061148 -0.055642 1.125235
    41 0.905663 0.000000 0.000000 0.079350 -0.023148 0.671075
    42 3.323329 0.233745 -1.479076 0.453115 -0.018233 1.420788
    43 0.963099 -0.000001 -0.000001 0.056283 -0.006181 0.656341
    44 0.682895 0.000000 0.000000 0.051699 -0.023100 0.966916
    45 -7.109375 -10.171875 -11.390625 -1.546044 -0.481757 -1.352243
    46 1.706055 -4.929688 -21.906250 0.008311 0.048482 -2.295301
    47 -0.000001 0.000000 0.000000 0.000000 -1.570796 -1.570793
    48 3.562498 -0.816636 -0.000028 0.009806 -0.004018 0.021400
    49 4.004025 -0.003178 -0.000071 0.021977 0.004684 0.085524
    50 4.004029 -0.003176 -0.000071 0.022101 0.004692 0.085492
    51 4.003753 -0.003188 0.000000 -0.000001 0.000000 0.000000
    52 5.029974 -0.763043 -0.000584 0.165519 0.064873 0.682733
    53 -0.905726 0.793273 1.051288 0.177607 -1.053522 2.301890
    54 5.773743 0.000002 -0.000001 -0.678045 1.206475 -0.184061
    55 -0.747116 0.391016 -1.356800 0.414242 1.351996 2.862078
    56 5.773743 -0.000002 0.000000 0.568088 -0.492909 -1.694050
  time 18
    0 0.000000 0.000000 0.000000 1.570796 0.000000 -1.570796
    1 -6.996094 -10.242188 -11.343750 -2.015612 -0.468322 -1.352710
    2 10.295580 -0.000001 0.000000 2.534835 -0.308335 0.076736
    3 4.480469 1.199219 -0.714844 1.701082 -0.064777 1.621800
    4 0.000000 1.830078 4.105469 -1.570796 0.000000 0.000000
    5 0.000000 0.000000 2.771000 0.000000 0.000000 0.000000
    6 0.015809 5.098120 20.550776 0.000000 -1.570451 -1.570796
    7 -0.719085 5.300998 3.836287 0.000000 0.000000 2.792527
    8 0.587728 4.545158 4.786211 -1.570796 0.000000 0.000000
    9 0.730970 5.057619 -0.080114 -1.570796 0.000000 0.000000
    10 7.644531 -8.179688 -15.585938 -1.463791 -0.020071 -1.742085
    11 10.295583 0.000001 0.000000 -1.851729 0.158106 0.179409
    12 1.474609 0.391113 -1.291016 2.046006 0.714278 0.195333
    13 1.263878 0.000000 0.000000 -0.817992 -0.119931 0.240711
    14 1.188944 0.000000 0.000000 -0.009855 0.001996 0.251367
    15 3.773752 0.133216 -0.970574 0.126495 -0.129167 -0.185248
    16 1.433456 0.000000 0.000001 0.000000 0.000000 -0.025726
    17 1.019161 0.000000 0.000000 0.000000 0.000000 0.138924
    18 3.799511 0.014954 -0.039958 0.038878 -0.204544 -0.075004
    19 1.774881 0.000004 0.000001 -0.018586 0.003106 0.230290
    20 1.008846 0.000002 0.000000 -0.018632 0.002763 0.211879
    21 3.632761 0.059050 0.757493 -0.188755 -0.200085 0.115334
    22 1.500138 -0.000002 -0.000001 -0.075047 0.009211 0.399612
    23 0.905663 0.000000 0.000001 -0.075260 0.007833 0.380994
    24 3.323328 0.233746 1.479075 -0.287980 -0.027836 0.373666
    25 0.963099 0.000000 0.000000 -0.093755 -0.022918 0.209046
    26 0.682895 0.000000 0.000000 -0.093757 -0.022910 0.209220
    27 7.644531 -8.179688 -15.585938 -2.406446 -0.020049 -1.742070
    28 0.000000 2.627978 0.988434 -1.570796 0.000000 0.000000
    29 0.000000 6.086906 -2.262864 -1.570796 0.000000 0.000000
    30 1.149523 0.416497 1.414115 -1.769998 -0.202447 0.792236
    31 1.263876 0.000001 0.000000 -0.034282 0.189584 0.555298
    32 1.188942 0.000000 0.000000 0.000000 0.000000 0.295212
    33 3.773754 0.133215 0.970573 -0.000422 -0.025468 -0.121346
    34 1.433458 0.000000 0.000000 0.014514 -0.009810 0.847667
    35 1.019161 0.000000 -0.000001 0.014478 -0.008837 0.835823
    36 3.799514 0.014952 0.039957 0.279665 0.171546 1.103439
    37 1.774881 -0.000001 0.000000 0.015535 -0.040082 1.379122
    38 1.008846 0.000001 0.000000 0.033698 -0.026693 0.847881
    39 3.632764 0.059049 -0.757494 0.369431 0.065606 1.386970
    40 1.500137 0.000001 0.000001 0.061148 -0.055642 1.125235
    41 0.905663 0.000000 0.000000 0.079350 -0.023148 0.671075
    42 3.323329 0.233745 -1.479076 0.453115 -0.018233 1.420788
    43 0.963099 -0.000001 -0.000001 0.056283 -0.006181 0.656341
    44 0.682895 0.000000 0.000000 0.051699 -0.023100 0.966916
    45 -6.996094 -10.242188 -11.343750 -1.530602 -0.468392 -1.352743
    46 1.706055 -4.929688 -21.906250 0.008311 0.048482 -2.295301
    47 -0.000001 0.000000 0.000000 0.000000 -1.570796 -1.570793
    48 3.562498 -0.816636 -0.000028 0.009806 -0.004018 0.021400
    49 4.004025 -0.003178 -0.000071 0.021977 0.004684 0.085524
    50 4.004029 -0.003176 -0.000071 0.022101 0.004692 0.085492
    51 4.003753 -0.003188 0.000000 -0.000001 0.000000 0.000000
    52 5.029974 -0.763043 -0.000584 0.165519 0.064873 0.682733
    53 -0.905726 0.793273 1.051288 0.177607 -1.053522 2.301890
    54 5.773743 0.000002 -0.000001 -0.674399 1.209543 -0.175628
    55 -0.747116 0.391016 -1.356800 0.414242 1.351996 2.862078
    56 5.773743 -0.000002 0.000000 0.571694 -0.493844 -1.707913
  time 19
    0 0.000000 0.000000 0.000000 1.570796 0.000000 -1.570796
    1 -6.882813 -10.312500 -11.296875 -2.009397 -0.454009 -1.353501
    2 10.295580 -0.000001 0.000000 2.522291 -0.330500 0.058803
    3 4.480469 1.199219 -0.714844 1.701082 -0.064777 1.621800
    4 0.000000 1.830078 4.105469 -1.570796 0.000000 0.000000
    5 0.000000 0.000000 2.771000 0.000000 0.000000 0.000000
    6 0.015809 5.098120 20.550776 0.000000 -1.570451 -1.570796
    7 -0.719085 5.300998 3.836287 0.000000 0.000000 2.792527
    8 0.587728 4.545158 4.786211 -1.570796 0.000000 0.000000
    9 0.730970 5.057619 -0.080114 -1.570796 0.000000 0.000000
    10 7.644531 -8.132813 -15.585938 -1.463672 -0.021137 -1.737973
    11 10.295583 0.000001 0.000000 -1.851074 0.162383 0.180248
    12 1.476563 0.390869 -1.291016 2.044448 0.716057 0.194676
    13 1.263878 0.000000 0.000000 -0.817992 -0.119931 0.240711
    14 1.188944 0.000000 0.000000 -0.009855 0.001996 0.251367
    15 3.773752 0.133216 -0.970574 0.126651 -0.126862 -0.185708
    16 1.433456 0.000000 0.000001 0.000000 0.000000 -0.027021
    17 1.019161 0.000000 0.000000 0.000000 0.000000 0.135809
    18 3.799511 0.014954 -0.039958 0.039643 -0.203504 -0.078620
    19 1.774881 0.000004 0.000001 -0.018581 0.003158 0.226727
    20 1.008846 0.000002 0.000000 -0.018711 0.002843 0.210315
    21 3.632761 0.059050 0.757493 -0.187998 -0.201795 0.111237
    22 1.500138 -0.000002 -0.000001 -0.075185 0.008897 0.395305
    23 0.905663 0.000000 0.000001 -0.075225 0.007479 0.376521
    24 3.323328 0.233746 1.479075 -0.288043 -0.033710 0.369746
    25 0.963099 0.000000 0.000000 -0.093726 -0.023158 0.205756
    26 0.682895 0.000000 0.000000 -0.093726 -0.023158 0.205756
    27 7.644531 -8.132813 -15.585938 -2.406245 -0.021088 -1.738118
    28 0.000000 2.627978 0.988434 -1.570796 0.000000 0.000000
    29 0.000000 6.086906 -2.262864 -1.570796 0.000000 0.000000
    30 1.149523 0.416497 1.414115 -1.769998 -0.202447 0.792236
    31 1.263876 0.000001 0.000000 -0.034282 0.189584 0.555298
    32 1.188942 0.000000 0.000000 0.000000 0.000000 0.295212
    33 3.773754 0.133215 0.970573 -0.000422 -0.025468 -0.121346
    34 1.433458 0.000000 0.000000 0.014514 -0.009810 0.847667
    35 1.019161 0.000000 -0.000001 0.014478 -0.008837 0.835823
    36 3.799514 0.014952 0.039957 0.279665 0.171546 1.103439
    37 1.774881 -0.000001 0.000000 0.015535 -0.040082 1.379122
    38 1.008846 0.000001 0.000000 0.033698 -0.026693 0.847881
    39 3.632764 0.059049 -0.757494 0.369431 0.065606 1.386970
    40 1.500137 0.000001 0.000001 0.061148 -0.055642 1.125235
    41 0.905663 0.000000 0.000000 0.079350 -0.023148 0.671075
    42 3.323329 0.233745 -1.479076 0.453115 -0.018233 1.420788
    43 0.963099 -0.000001 -0.000001 0.056283 -0.006181 0.656341
    44 0.682895 0.000000 0.000000 0.051699 -0.023100 0.966916
    45 -6.882813 -10.312500 -11.296875 -1.513892 -0.454126 -1.353614
    46 1.706055 -4.929688 -21.906250 0.008311 0.048482 -2.295301
    47 -0.000001 0.000000 0.000000 0.000000 -1.570796 -1.570793
    48 3.562498 -0.816636 -0.000028 0.009806 -0.004018 0.021400
    49 4.004025 -0.003178 -0.000071 0.021977 0.004684 0.085524
    50 4.004029 -0.003176 -0.000071 0.022101 0.004692 0.085492
    51 4.003753 -0.003188 0.000000 -0.000001 0.000000 0.000000
    52 5.029974 -0.763043 -0.000584 0.165519 0.064873 0.682733
    53 -0.905726 0.793273 1.051288 0.177607 -1.053522 2.301890
    54 5.773743 0.000002 -0.000001 -0.670459 1.212490 -0.167022
    55 -0.747116 0.391016 -1.356800 0.414242 1.351996 2.862078
    56 5.773743 -0.000002 0.000000 0.575429 -0.494806 -1.721844
  time 20
    0 0.000000 0.000000 0.000000 1.570796 0.000000 -1.570796
    1 -6.773438 -10.382813 -11.257813 -2.003111 -0.438916 -1.354658
    2 10.295580 -0.000001 0.000000 2.504197 -0.354141 0.040398
    3 4.480469 1.199219 -0.714844 1.701082 -0.064777 1.621800
    4 0.000000 1.830078 4.105469 -1.570796 0.000000 0.000000
    5 0.000000 0.000000 2.771000 0.000000 0.000000 0.000000
    6 0.015809 5.098120 20.550776 0.000000 -1.570451 -1.570796
    7 -0.719085 5.300998 3.836287 0.000000 0.000000 2.792527
    8 0.587728 4.545158 4.786211 -1.570796 0.000000 0.000000
    9 0.730970 5.057619 -0.080114 -1.570796 0.000000 0.000000
    10 7.648438 -8.078125 -15.578125 -1.463690 -0.022091 -1.733854
    11 10.295583 0.000001 0.000000 -1.850462 0.166454 0.180928
    12 1.477539 0.390869 -1.291016 2.043063 0.717795 0.194207
    13 1.263878 0.000000 0.000000 -0.817992 -0.119931 0.240711
    14 1.188944 0.000000 0.000000 -0.009855 0.001996 0.251367
    15 3.773752 0.133216 -0.970574 0.126712 -0.124480 -0.186156
    16 1.433456 0.000000 0.000001 0.000000 0.000000 -0.028316
    17 1.019161 0.000000 0.000000 0.000000 0.000000 0.132781
    18 3.799511 0.014954 -0.039958 0.040456 -0.202466 -0.081892
    19 1.774881 0.000004 0.000001 -0.018691 0.002966 0.223514
    20 1.008846 0.000002 0.000000 -0.018808 0.002752 0.208753
    21 3.632761 0.059050 0.757493 -0.187115 -0.203351 0.106936
    22 1.500138 -0.000002 -0.000001 -0.075136 0.008637 0.391087
    23 0.905663 0.000000 0.000001 -0.075256 0.007232 0.372221
    24 3.323328 0.233746 1.479075 -0.288261 -0.039527 0.366007
    25 0.963099 0.000000 0.000000 -0.093704 -0.023492 0.202296
    26 0.682895 0.000000 0.000000 -0.093704 -0.023492 0.202296
    27 7.648438 -8.078125 -15.578125 -2.406071 -0.021949 -1.733910
    28 0.000000 2.627978 0.988434 -1.570796 0.000000 0.000000
    29 0.000000 6.086906 -2.262864 -1.570796 0.000000 0.000000
    30 1.149523 0.416497 1.414115 -1.769998 -0.202447 0.792236
    31 1.263876 0.000001 0.000000 -0.034282 0.189584 0.555298
    32 1.188942 0.000000 0.000000 0.000000 0.000000 0.295212
    33 3.773754 0.133215 0.970573 -0.000422 -0.025468 -0.121346
    34 1.433458 0.000000 0.000000 0.014514 -0.009810 0.847667
    35 1.019161 0.000000 -0.000001 0.014478 -0.008837 0.835823
    36 3.799514 0.014952 0.039957 0.279665 0.171546 1.103439
    37 1.774881 -0.000001 0.000000 0.015535 -0.040082 1.379122
    38 1.008846 0.000001 0.000000 0.033698 -0.026693 0.847881
    39 3.632764 0.059049 -0.757494 0.369431 0.065606 1.386970
    40 1.500137 0.000001 0.000001 0.061148 -0.055642 1.125235
    41 0.905663 0.000000 0.000000 0.079350 -0.023148 0.671075
    42 3.323329 0.233745 -1.479076 0.453115 -0.018233 1.420788
    43 0.963099 -0.000001 -0.000001 0.056283 -0.006181 0.656341
    44 0.682895 0.000000 0.000000 0.051699 -0.023100 0.966916
    45 -6.773438 -10.382813 -11.257813 -1.496610 -0.438947 -1.354708
    46 1.706055 -4.929688 -21.906250 0.008311 0.048482 -2.295301
    47 -0.000001 0.000000 0.000000 0.000000 -1.570796 -1.570793
    48 3.562498 -0.816636 -0.000028 0.009806 -0.004018 0.021400
    49 4.004025 -0.003178 -0.000071 0.021977 0.004684 0.085524
    50 4.004029 -0.003176 -0.000071 0.022101 0.004692 0.085492
    51 4.003753 -0.003188 0.000000 -0.000001 0.000000 0.000000
    52 5.029974 -0.763043 -0.000584 0.165519 0.064873 0.682733
    53 -0.905726 0.793273 1.051288 0.177607 -1.053522 2.301890
    54 5.773743 0.000002 -0.000001 -0.666551 1.215533 -0.158451
    55 -0.747116 0.391016 -1.356800 0.414242 1.351996 2.862078
    56 5.773743 -0.000002 0.000000 0.579139 -0.495826 -1.735499
  time 21
    0 0.000000 0.000000 0.000000 1.570796 0.000000 -1.570796
    1 -6.664063 -10.445313 -11.210938 -1.997101 -0.423675 -1.355870
    2 10.295580 -0.000001 0.000000 2.483064 -0.377909 0.022108
    3 4.480469 1.199219 -0.714844 1.701082 -0.064777 1.621800
    4 0.000000 1.830078 4.105469 -1.570796 0.000000 0.000000
    5 0.000000 0.000000 2.771000 0.000000 0.000000 0.000000
    6 0.015809 5.098120 20.550776 0.000000 -1.570451 -1.570796
    7 -0.719085 5.300998 3.836287 0.000000 0.000000 2.792527
    8 0.587728 4.545158 4.786211 -1.570796 0.000000 0.000000
    9 0.730970 5.057619 -0.080114 -1.570796 0.000000 0.000000
    10 7.648438 -8.031250 -15.570313 -1.463496 -0.023023 -1.729860
    11 10.295583 0.000001 0.000000 -1.849912 0.170671 0.181712
    12 1.480469 0.390869 -1.290039 2.042014 0.719403 0.193699
    13 1.263878 0.000000 0.000000 -0.817992 -0.119931 0.240711
    14 1.188944 0.000000 0.000000 -0.009855 0.001996 0.251367
    15 3.773752 0.133216 -0.970574 0.126881 -0.122256 -0.186710
    16 1.433456 0.000000 0.000001 0.000000 0.000000 -0.029525
    17 1.019161 0.000000 0.000000 0.000000 0.000000 0.129926
    18 3.799511 0.014954 -0.039958 0.041091 -0.201432 -0.085145
    19 1.774881 0.000004 0.000001 -0.018696 0.002935 0.220126
    20 1.008846 0.000002 0.000000 -0.018810 0.002738 0.207365
    21 3.632761 0.059050 0.757493 -0.186347 -0.204961 0.102913
    22 1.500138 -0.000002 -0.000001 -0.075272 0.008325 0.386872
    23 0.905663 0.000000 0.000001 -0.075388 0.006923 0.368103
    24 3.323328 0.233746 1.479075 -0.288255 -0.045221 0.362155
    25 0.963099 0.000000 0.000000 -0.093597 -0.023827 0.199010
    26 0.682895 0.000000 0.000000 -0.093597 -0.023827 0.199010
    27 7.648438 -8.031250 -15.570313 -2.405972 -0.022916 -1.729927
    28 0.000000 2.627978 0.988434 -1.570796 0.000000 0.000000
    29 0.000000 6.086906 -2.262864 -1.570796 0.000000 0.000000
    30 1.149523 0.416497 1.414115 -1.769998 -0.202447 0.792236
    31 1.263876 0.000001 0.000000 -0.034282 0.189584 0.555298
    32 1.188942 0.000000 0.000000 0.000000 0.000000 0.295212
    33 3.773754 0.133215 0.970573 -0.000422 -0.025468 -0.121346
    34 1.433458 0.000000 0.000000 0.014514 -0.009810 0.847667
    35 1.019161 0.000000 -0.000001 0.014478 -0.008837 0.835823
    36 3.799514 0.014952 0.039957 0.279665 0.171546 1.103439
    37 1.774881 -0.000001 0.000000 0.015535 -0.040082 1.379122
    38 1.008846 0.000001 0.000000 0.033698 -0.026693 0.847881
    39 3.632764 0.059049 -0.757494 0.369431 0.065606 1.386970
    40 1.500137 0.000001 0.000001 0.061148 -0.055642 1.125235
    41 0.905663 0.000000 0.000000 0.079350 -0.023148 0.671075
    42 3.323329 0.233745 -1.479076 0.453115 -0.018233 1.420788
    43 0.963099 -0.000001 -0.000001 0.056283 -0.006181 0.656341
    44 0.682895 0.000000 0.000000 0.051699 -0.023100 0.966916
    45 -6.664063 -10.445313 -11.210938 -1.479880 -0.423727 -1.356019
    46 1.706055 -4.929688 -21.906250 0.008311 0.048482 -2.295301
    47 -0.000001 0.000000 0.000000 0.000000 -1.570796 -1.570793
    48 3.562498 -0.816636 -0.000028 0.009806 -0.004018 0.021400
    49 4.004025 -0.003178 -0.000071 0.021977 0.004684 0.085524
    50 4.004029 -0.003176 -0.000071 0.022101 0.004692 0.085492
    51 4.003753 -0.003188 0.000000 -0.000001 0.000000 0.000000
    52 5.029974 -0.763043 -0.000584 0.165519 0.064873 0.682733
    53 -0.905726 0.793273 1.051288 0.177607 -1.053522 2.301890
    54 5.773743 0.000002 -0.000001 -0.662983 1.218298 -0.150205
    55 -0.747116 0.391016 -1.356800 0.414242 1.351996 2.862078
    56 5.773743 -0.000002 0.000000 0.582593 -0.497027 -1.748205
  time 22
    0 0.000000 0.000000 0.000000 1.570796 0.000000 -1.570796
    1 -6.558594 -10.500000 -11.179688 -1.991336 -0.408262 -1.357345
    2 10.295580 -0.000001 0.000000 2.459986 -0.400622 0.004561
    3 4.480469 1.199219 -0.714844 1.701082 -0.064777 1.621800
    4 0.000000 1.830078 4.105469 -1.570796 0.000000 0.000000
    5 0.000000 0.000000 2.771000 0.000000 0.000000 0.000000
    6 0.015809 5.098120 20.550776 0.000000 -1.570451 -1.570796
    7 -0.719085 5.300998 3.836287 0.000000 0.000000 2.792527
    8 0.587728 4.545158 4.786211 -1.570796 0.000000 0.000000
    9 0.730970 5.057619 -0.080114 -1.570796 0.000000 0.000000
    10 7.648438 -7.984375 -15.562500 -1.463437 -0.023843 -1.725859
    11 10.295583 0.000001 0.000000 -1.849494 0.174709 0.182451
    12 1.480469 0.390869 -1.290039 2.040763 0.720872 0.193205
    13 1.263878 0.000000 0.000000 -0.817992 -0.119931 0.240711
    14 1.188944 0.000000 0.000000 -0.009855 0.001996 0.251367
    15 3.773752 0.133216 -0.970574 0.127125 -0.120035 -0.187094
    16 1.433456 0.000000 0.000001 0.000000 0.000000 -0.030647
    17 1.019161 0.000000 0.000000 0.000000 0.000000 0.127244
    18 3.799511 0.014954 -0.039958 0.041879 -0.200393 -0.088239
    19 1.774881 0.000004 0.000001 -0.018692 0.002992 0.217086
    20 1.008846 0.000002 0.000000 -0.018734 0.002631 0.206064
    21 3.632761 0.059050 0.757493 -0.185682 -0.206730 0.099002
    22 1.500138 -0.000002 -0.000001 -0.075236 0.007987 0.382836
    23 0.905663 0.000000 0.000001 -0.075364 0.006497 0.363989
    24 3.323328 0.233746 1.479075 -0.288200 -0.051144 0.358606
    25 0.963099 0.000000 0.000000 -0.093490 -0.024153 0.195898
    26 0.682895 0.000000 0.000000 -0.093490 -0.024153 0.195898
    27 7.648438 -7.984375 -15.562500 -2.405874 -0.023915 -1.725863
    28 0.000000 2.627978 0.988434 -1.570796 0.000000 0.000000
    29 0.000000 6.086906 -2.262864 -1.570796 0.000000 0.000000
    30 1.149523 0.416497 1.414115 -1.769998 -0.202447 0.792236
    31 1.263876 0.000001 0.000000 -0.034282 0.189584 0.555298
    32 1.188942 0.000000 0.000000 0.000000 0.000000 0.295212
    33 3.773754 0.133215 0.970573 -0.000422 -0.025468 -0.121346
    34 1.433458 0.000000 0.000000 0.014514 -0.009810 0.847667
    35 1.019161 0.000000 -0.000001 0.014478 -0.008837 0.835823
    36 3.799514 0.014952 0.039957 0.279665 0.171546 1.103439
    37 1.774881 -0.000001 0.000000 0.015535 -0.040082 1.379122
    38 1.008846 0.000001 0.000000 0.033698 -0.026693 0.847881
    39 3.632764 0.059049 -0.757494 0.369431 0.065606 1.386970
    40 1.500137 0.000001 0.000001 0.061148 -0.055642 1.125235
    41 0.905663 0.000000 0.000000 0.079350 -0.023148 0.671075
    42 3.323329 0.233745 -1.479076 0.453115 -0.018233 1.420788
    43 0.963099 -0.000001 -0.000001 0.056283 -0.006181 0.656341
    44 0.682895 0.000000 0.000000 0.051699 -0.023100 0.966916
    45 -6.558594 -10.500000 -11.179688 -1.463692 -0.408279 -1.357365
    46 1.706055 -4.929688 -21.906250 0.008311 0.048482 -2.295301
    47 -0.000001 0.000000 0.000000 0.000000 -1.570796 -1.570793
    48 3.562498 -0.816636 -0.000028 0.009806 -0.004018 0.021400
    49 4.004025 -0.003178 -0.000071 0.021977 0.004684 0.085524
    50 4.004029 -0.003176 -0.000071 0.022101 0.004692 0.085492
    51 4.003753 -0.003188 0.000000 -0.000001 0.000000 0.000000
    52 5.029974 -0.763043 -0.000584 0.165519 0.064873 0.682733
    53 -0.905726 0.793273 1.051288 0.177607 -1.053522 2.301890
    54 5.773743 0.000002 -0.000001 -0.659143 1.221274 -0.141824
    55 -0.747116 0.391016 -1.356800 0.414242 1.351996 2.862078
    56 5.773743 -0.000002 0.000000 0.585927 -0.498403 -1.760235
  time 23
    0 0.000000 0.000000 0.000000 1.570796 0.000000 -1.570796
    1 -6.460938 -10.546875 -11.140625 -1.985993 -0.393128 -1.358497
    2 10.295580 -0.000001 0.000000 2.437271 -0.421044 -0.011576
    3 4.480469 1.199219 -0.714844 1.701082 -0.064777 1.621800
    4 0.000000 1.830078 4.105469 -1.570796 0.000000 0.000000
    5 0.000000 0.000000 2.771000 0.000000 0.000000 0.000000
    6 0.015809 5.098120 20.550776 0.000000 -1.570451 -1.570796
    7 -0.719085 5.300998 3.836287 0.000000 0.000000 2.792527
    8 0.587728 4.545158 4.786211 -1.570796 0.000000 0.000000
    9 0.730970 5.057619 -0.080114 -1.570796 0.000000 0.000000
    10 7.648438 -7.945313 -15.554688 -1.463266 -0.024718 -1.721802
    11 10.295583 0.000001 0.000000 -1.848872 0.178711 0.183089
    12 1.482422 0.390381 -1.289063 2.039567 0.722182 0.192821
    13 1.263878 0.000000 0.000000 -0.817992 -0.119931 0.240711
    14 1.188944 0.000000 0.000000 -0.009855 0.001996 0.251367
    15 3.773752 0.133216 -0.970574 0.127274 -0.117639 -0.187634
    16 1.433456 0.000000 0.000001 0.000000 0.000000 -0.031683
    17 1.019161 0.000000 0.000000 0.000000 0.000000 0.124736
    18 3.799511 0.014954 -0.039958 0.042489 -0.199186 -0.091396
    19 1.774881 0.000004 0.000001 -0.018715 0.002792 0.214049
    20 1.008846 0.000002 0.000000 -0.018736 0.002618 0.204675
    21 3.632761 0.059050 0.757493 -0.184911 -0.208329 0.095063
    22 1.500138 -0.000002 -0.000001 -0.075370 0.007679 0.378713
    23 0.905663 0.000000 0.000001 -0.075407 0.006179 0.360049
    24 3.323328 0.233746 1.479075 -0.288248 -0.056797 0.354937
    25 0.963099 0.000000 0.000000 -0.093547 -0.024377 0.192783
    26 0.682895 0.000000 0.000000 -0.093547 -0.024377 0.192783
    27 7.648438 -7.945313 -15.554688 -2.405691 -0.024764 -1.721932
    28 0.000000 2.627978 0.988434 -1.570796 0.000000 0.000000
    29 0.000000 6.086906 -2.262864 -1.570796 0.000000 0.000000
    30 1.149523 0.416497 1.414115 -1.769998 -0.202447 0.792236
    31 1.263876 0.000001 0.000000 -0.034282 0.189584 0.555298
    32 1.188942 0.000000 0.000000 0.000000 0.000000 0.295212
    33 3.773754 0.133215 0.970573 -0.000422 -0.025468 -0.121346
    34 1.433458 0.000000 0.000000 0.014514 -0.009810 0.847667
    35 1.019161 0.000000 -0.000001 0.014478 -0.008837 0.835823
    36 3.799514 0.014952 0.039957 0.279665 0.171546 1.103439
    37 1.774881 -0.000001 0.000000 0.015535 -0.040082 1.379122
    38 1.008846 0.000001 0.000000 0.033698 -0.026693 0.847881
    39 3.632764 0.059049 -0.757494 0.369431 0.065606 1.386970
    40 1.500137 0.000001 0.000001 0.061148 -0.055642 1.125235
    41 0.905663 0.000000 0.000000 0.079350 -0.023148 0.671075
    42 3.323329 0.233745 -1.479076 0.453115 -0.018233 1.420788
    43 0.963099 -0.000001 -0.000001 0.056283 -0.006181 0.656341
    44 0.682895 0.000000 0.000000 0.051699 -0.023100 0.966916
    45 -6.460938 -10.546875 -11.140625 -1.449280 -0.393097 -1.358536
    46 1.706055 -4.929688 -21.906250 0.008311 0.048482 -2.295301
    47 -0.000001 0.000000 0.000000 0.000000 -1.570796 -1.570793
    48 3.562498 -0.816636 -0.000028 0.009806 -0.004018 0.021400
    49 4.004025 -0.003178 -0.000071 0.021977 0.004684 0.085524
    50 4.004029 -0.003176 -0.000071 0.022101 0.004692 0.085492
    51 4.003753 -0.003188 0.000000 -0.000001 0.000000 0.000000
    52 5.029974 -0.763043 -0.000584 0.165519 0.064873 0.682733
    53 -0.905726 0.793273 1.051288 0.177607 -1.053522 2.301890
    54 5.773743 0.000002 -0.000001 -0.655203 1.224046 -0.133269
    55 -0.747116 0.391016 -1.356800 0.414242 1.351996 2.862078
    56 5.773743 -0.000002 0.000000 0.588957 -0.499865 -1.771461
  time 24
    0 0.000000 0.000000 0.000000 1.570796 0.000000 -1.570796
    1 -6.367188 -10.585938 -11.117188 -1.980926 -0.378701 -1.359528
    2 10.295580 -0.000001 0.000000 2.416691 -0.437970 -0.025596
    3 4.480469 1.199219 -0.714844 1.701082 -0.064777 1.621800
    4 0.000000 1.830078 4.105469 -1.570796 0.000000 0.000000
    5 0.000000 0.000000 2.771000 0.000000 0.000000 0.000000
    6 0.015809 5.098120 20.550776 0.000000 -1.570451 -1.570796
    7 -0.719085 5.300998 3.836287 0.000000 0.000000 2.792527
    8 0.587728 4.545158 4.786211 -1.570796 0.000000 0.000000
    9 0.730970 5.057619 -0.080114 -1.570796 0.000000 0.000000
    10 7.648438 -7.898438 -15.546875 -1.462989 -0.025703 -1.717876
    11 10.295583 0.000001 0.000000 -1.848246 0.182817 0.183593
    12 1.484375 0.390625 -1.288086 2.038573 0.723501 0.192385
    13 1.263878 0.000000 0.000000 -0.817992 -0.119931 0.240711
    14 1.188944 0.000000 0.000000 -0.009855 0.001996 0.251367
    15 3.773752 0.133216 -0.970574 0.127338 -0.115440 -0.187921
    16 1.433456 0.000000 0.000001 0.000000 0.000000 -0.032633
    17 1.019161 0.000000 0.000000 0.000000 0.000000 0.122314
    18 3.799511 0.014954 -0.039958 0.043083 -0.198242 -0.094298
    19 1.774881 0.000004 0.000001 -0.018719 0.002764 0.211010
    20 1.008846 0.000002 0.000000 -0.018824 0.002617 0.203547
    21 3.632761 0.059050 0.757493 -0.184314 -0.209823 0.091218
    22 1.500138 -0.000002 -0.000001 -0.075332 0.007344 0.374767
    23 0.905663 0.000000 0.000001 -0.075520 0.005960 0.356107
    24 3.323328 0.233746 1.479075 -0.288211 -0.062537 0.351368
    25 0.963099 0.000000 0.000000 -0.093449 -0.024784 0.189763
    26 0.682895 0.000000 0.000000 -0.093449 -0.024784 0.189763
    27 7.648438 -7.898438 -15.546875 -2.405693 -0.025659 -1.717918
    28 0.000000 2.627978 0.988434 -1.570796 0.000000 0.000000
    29 0.000000 6.086906 -2.262864 -1.570796 0.000000 0.000000
    30 1.149523 0.416497 1.414115 -1.769998 -0.202447 0.792236
    31 1.263876 0.000001 0.000000 -0.034282 0.189584 0.555298
    32 1.188942 0.000000 0.000000 0.000000 0.000000 0.295212
    33 3.773754 0.133215 0.970573 -0.000422 -0.025468 -0.121346
    34 1.433458 0.000000 0.000000 0.014514 -0.009810 0.847667
    35 1.019161 0.000000 -0.000001 0.014478 -0.008837 0.835823
    36 3.799514 0.014952 0.039957 0.279665 0.171546 1.103439
    37 1.774881 -0.000001 0.000000 0.015535 -0.040082 1.379122
    38 1.008846 0.000001 0.000000 0.033698 -0.026693 0.847881
    39 3.632764 0.059049 -0.757494 0.369431 0.065606 1.386970
    40 1.500137 0.000001 0.000001 0.061148 -0.055642 1.125235
    41 0.905663 0.000000 0.000000 0.079350 -0.023148 0.671075
    42 3.323329 0.233745 -1.479076 0.453115 -0.018233 1.420788
    43 0.963099 -0.000001 -0.000001 0.056283 -0.006181 0.656341
    44 0.682895 0.000000 0.000000 0.051699 -0.023100 0.966916
    45 -6.367188 -10.585938 -11.117188 -1.437292 -0.378717 -1.359615
    46 1.706055 -4.929688 -21.906250 0.008311 0.048482 -2.295301
    47 -0.000001 0.000000 0.000000 0.000000 -1.570796 -1.570793
    48 3.562498 -0.816636 -0.000028 0.009806 -0.004018 0.021400
    49 4.004025 -0.003178 -0.000071 0.021977 0.004684 0.085524
    50 4.004029 -0.003176 -0.000071 0.022101 0.004692 0.085492
    51 4.003753 -0.003188 0.000000 -0.000001 0.000000 0.000000
    52 5.029974 -0.763043 -0.000584 0.165519 0.064873 0.682733
    53 -0.905726 0.793273 1.051288 0.177607 -1.053522 2.301890
    54 5.773743 0.000002 -0.000001 -0.651540 1.226850 -0.125117
    55 -0.747116 0.391016 -1.356800 0.414242 1.351996 2.862078
    56 5.773743 -0.000002 0.000000 0.591832 -0.501543 -1.781653
  time 25
    0 0.000000 0.000000 0.000000 1.570796 0.000000 -1.570796
    1 -6.281250 -10.617188 -11.101563 -1.976344 -0.365349 -1.360452
    2 10.295580 -0.000001 0.000000 2.397079 -0.450224 -0.037115
    3 4.480469 1.199219 -0.714844 1.701082 -0.064777 1.621800
    4 0.000000 1.830078 4.105469 -1.570796 0.000000 0.000000
    5 0.000000 0.000000 2.771000 0.000000 0.000000 0.000000
    6 0.015809 5.098120 20.550776 0.000000 -1.570451 -1.570796
    7 -0.719085 5.300998 3.836287 0.000000 0.000000 2.792527
    8 0.587728 4.545158 4.786211 -1.570796 0.000000 0.000000
    9 0.730970 5.057619 -0.080114 -1.570796 0.000000 0.000000
    10 7.648438 -7.855469 -15.546875 -1.462977 -0.026340 -1.713927
    11 10.295583 0.000001 0.000000 -1.847802 0.186907 0.184275
    12 1.485352 0.390381 -1.288086 2.037577 0.724821 0.191946
    13 1.263878 0.000000 0.000000 -0.817992 -0.119931 0.240711
    14 1.188944 0.000000 0.000000 -0.009855 0.001996 0.251367
    15 3.773752 0.133216 -0.970574 0.127506 -0.113405 -0.188226
    16 1.433456 0.000000 0.000001 0.000000 0.000000 -0.033669
    17 1.019161 0.000000 0.000000 0.000000 0.000000 0.120152
    18 3.799511 0.014954 -0.039958 0.043748 -0.197208 -0.097117
    19 1.774881 0.000004 0.000001 -0.018723 0.002738 0.208233
    20 1.008846 0.000002 0.000000 -0.018730 0.002684 0.202505
    21 3.632761 0.059050 0.757493 -0.183541 -0.211410 0.087362
    22 1.500138 -0.000002 -0.000001 -0.075378 0.007032 0.370999
    23 0.905663 0.000000 0.000001 -0.075461 0.005715 0.352254
    24 3.323328 0.233746 1.479075 -0.288355 -0.068293 0.348083
    25 0.963099 0.000000 0.000000 -0.093421 -0.025008 0.186821
    26 0.682895 0.000000 0.000000 -0.093421 -0.025008 0.186821
    27 7.648438 -7.855469 -15.546875 -2.405426 -0.026453 -1.713877
    28 0.000000 2.627978 0.988434 -1.570796 0.000000 0.000000
    29 0.000000 6.086906 -2.262864 -1.570796 0.000000 0.000000
    30 1.149523 0.416497 1.414115 -1.769998 -0.202447 0.792236
    31 1.263876 0.000001 0.000000 -0.034282 0.189584 0.555298
    32 1.188942 0.000000 0.000000 0.000000 0.000000 0.295212
    33 3.773754 0.133215 0.970573 -0.000422 -0.025468 -0.121346
    34 1.433458 0.000000 0.000000 0.014514 -0.009810 0.847667
    35 1.019161 0.000000 -0.000001 0.014478 -0.008837 0.835823
    36 3.799514 0.014952 0.039957 0.279665 0.171546 1.103439
    37 1.774881 -0.000001 0.000000 0.015535 -0.040082 1.379122
    38 1.008846 0.000001 0.000000 0.033698 -0.026693 0.847881
    39 3.632764 0.059049 -0.757494 0.369431 0.065606 1.386970
    40 1.500137 0.000001 0.000001 0.061148 -0.055642 1.125235
    41 0.905663 0.000000 0.000000 0.079350 -0.023148 0.671075
    42 3.323329 0.233745 -1.479076 0.453115 -0.018233 1.420788
    43 0.963099 -0.000001 -0.000001 0.056283 -0.006181 0.656341
    44 0.682895 0.000000 0.000000 0.051699 -0.023100 0.966916
    45 -6.281250 -10.617188 -11.101563 -1.427982 -0.365304 -1.360451
    46 1.706055 -4.929688 -21.906250 0.008311 0.048482 -2.295301
    47 -0.000001 0.000000 0.000000 0.000000 -1.570796 -1.570793
    48 3.562498 -0.816636 -0.000028 0.009806 -0.004018 0.021400
    49 4.004025 -0.003178 -0.000071 0.021977 0.004684 0.085524
    50 4.004029 -0.003176 -0.000071 0.022101 0.004692 0.085492
    51 4.003753 -0.003188 0.000000 -0.000001 0.000000 0.000000
    52 5.029974 -0.763043 -0.000584 0.165519 0.064873 0.682733
    53 -0.905726 0.793273 1.051288 0.177607 -1.053522 2.301890
    54 5.773743 0.000002 -0.000001 -0.648033 1.229720 -0.117188
    55 -0.747116 0.391016 -1.356800 0.414242 1.351996 2.862078
    56 5.773743 -0.000002 0.000000 0.593885 -0.503634 -1.790197
  time 26
    0 0.000000 0.000000 0.000000 1.570796 0.000000 -1.570796
    1 -6.210938 -10.640625 -11.093750 -1.972279 -0.352771 -1.361096
    2 10.295580 -0.000001 0.000000 2.375791 -0.456474 -0.045581
    3 4.480469 1.199219 -0.714844 1.701082 -0.064777 1.621800
    4 0.000000 1.830078 4.105469 -1.570796 0.000000 0.000000
    5 0.000000 0.000000 2.771000 0.000000 0.000000 0.000000
    6 0.015809 5.098120 20.550776 0.000000 -1.570451 -1.570796
    7 -0.719085 5.300998 3.836287 0.000000 0.000000 2.792527
    8 0.587728 4.545158 4.786211 -1.570796 0.000000 0.000000
    9 0.730970 5.057619 -0.080114 -1.570796 0.000000 0.000000
    10 7.644531 -7.808594 -15.539063 -1.462838 -0.027336 -1.710000
    11 10.295583 0.000001 0.000000 -1.847300 0.190782 0.184806
    12 1.486328 0.390381 -1.287109 2.036851 0.725860 0.191538
    13 1.263878 0.000000 0.000000 -0.817992 -0.119931 0.240711
    14 1.188944 0.000000 0.000000 -0.009855 0.001996 0.251367
    15 3.773752 0.133216 -0.970574 0.127488 -0.111209 -0.188595
    16 1.433456 0.000000 0.000001 0.000000 0.000000 -0.034532
    17 1.019161 0.000000 0.000000 0.000000 0.000000 0.118163
    18 3.799511 0.014954 -0.039958 0.044400 -0.195999 -0.099929
    19 1.774881 0.000004 0.000001 -0.018726 0.002712 0.205456
    20 1.008846 0.000002 0.000000 -0.018731 0.002676 0.201638
    21 3.632761 0.059050 0.757493 -0.182863 -0.212889 0.083679
    22 1.500138 -0.000002 -0.000001 -0.075391 0.006887 0.367137
    23 0.905663 0.000000 0.000001 -0.075517 0.005314 0.348409
    24 3.323328 0.233746 1.479075 -0.288307 -0.074092 0.344708
    25 0.963099 0.000000 0.000000 -0.093315 -0.025321 0.183970
    26 0.682895 0.000000 0.000000 -0.093315 -0.025321 0.183970
    27 7.644531 -7.808594 -15.539063 -2.405343 -0.027230 -1.709915
    28 0.000000 2.627978 0.988434 -1.570796 0.000000 0.000000
    29 0.000000 6.086906 -2.262864 -1.570796 0.000000 0.000000
    30 1.149523 0.416497 1.414115 -1.769998 -0.202447 0.792236
    31 1.263876 0.000001 0.000000 -0.034282 0.189584 0.555298
    32 1.188942 0.000000 0.000000 0.000000 0.000000 0.295212
    33 3.773754 0.133215 0.970573 -0.000422 -0.025468 -0.121346
    34 1.433458 0.000000 0.000000 0.014514 -0.009810 0.847667
    35 1.019161 0.000000 -0.000001 0.014478 -0.008837 0.835823
    36 3.799514 0.014952 0.039957 0.279665 0.171546 1.103439
    37 1.774881 -0.000001 0.000000 0.015535 -0.040082 1.379122
    38 1.008846 0.000001 0.000000 0.033698 -0.026693 0.847881
    39 3.632764 0.059049 -0.757494 0.369431 0.065606 1.386970
    40 1.500137 0.000001 0.000001 0.061148 -0.055642 1.125235
    41 0.905663 0.000000 0.000000 0.079350 -0.023148 0.671075
    42 3.323329 0.233745 -1.479076 0.453115 -0.018233 1.420788
    43 0.963099 -0.000001 -0.000001 0.056283 -0.006181 0.656341
    44 0.682895 0.000000 0.000000 0.051699 -0.023100 0.966916
    45 -6.210938 -10.640625 -11.093750 -1.422046 -0.352767 -1.361121
    46 1.706055 -4.929688 -21.906250 0.008311 0.048482 -2.295301
    47 -0.000001 0.000000 0.000000 0.000000 -1.570796 -1.570793
    48 3.562498 -0.816636 -0.000028 0.009806 -0.004018 0.021400
    49 4.004025 -0.003178 -0.000071 0.021977 0.004684 0.085524
    50 4.004029 -0.003176 -0.000071 0.022101 0.004692 0.085492
    51 4.003753 -0.003188 0.000000 -0.000001 0.000000 0.000000
    52 5.029974 -0.763043 -0.000584 0.165519 0.064873 0.682733
    53 -0.905726 0.793273 1.051288 0.177607 -1.053522 2.301890
    54 5.773743 0.000002 -0.000001 -0.644222 1.232392 -0.108944
    55 -0.747116 0.391016 -1.356800 0.414242 1.351996 2.862078
    56 5.773743 -0.000002 0.000000 0.595592 -0.506186 -1.797373
  time 27
    0 0.000000 0.000000 0.000000 1.570796 0.000000 -1.570796
    1 -6.148438 -10.656250 -11.093750 -1.968496 -0.340765 -1.361691
    2 10.295580 -0.000001 0.000000 2.355192 -0.458728 -0.052935
    3 4.480469 1.199219 -0.714844 1.701082 -0.064777 1.621800
    4 0.000000 1.830078 4.105469 -1.570796 0.000000 0.000000
    5 0.000000 0.000000 2.771000 0.000000 0.000000 0.000000
    6 0.015809 5.098120 20.550776 0.000000 -1.570451 -1.570796
    7 -0.719085 5.300998 3.836287 0.000000 0.000000 2.792527
    8 0.587728 4.545158 4.786211 -1.570796 0.000000 0.000000
    9 0.730970 5.057619 -0.080114 -1.570796 0.000000 0.000000
    10 7.644531 -7.765625 -15.531250 -1.462724 -0.028031 -1.705996
    11 10.295583 0.000001 0.000000 -1.846776 0.194830 0.185256
    12 1.487305 0.390381 -1.287109 2.035841 0.726871 0.191275
    13 1.263878 0.000000 0.000000 -0.817992 -0.119931 0.240711
    14 1.188944 0.000000 0.000000 -0.009855 0.001996 0.251367
    15 3.773752 0.133216 -0.970574 0.127637 -0.109002 -0.188887
    16 1.433456 0.000000 0.000001 0.000000 0.000000 -0.035309
    17 1.019161 0.000000 0.000000 0.000000 0.000000 0.116174
    18 3.799511 0.014954 -0.039958 0.044872 -0.195062 -0.102556
    19 1.774881 0.000004 0.000001 -0.018825 0.002609 0.202680
    20 1.008846 0.000002 0.000000 -0.018827 0.002591 0.200771
    21 3.632761 0.059050 0.757493 -0.182122 -0.214526 0.080178
    22 1.500138 -0.000002 -0.000001 -0.075366 0.006474 0.363375
    23 0.905663 0.000000 0.000001 -0.075456 0.005076 0.344734
    24 3.323328 0.233746 1.479075 -0.288282 -0.079624 0.341296
    25 0.963099 0.000000 0.000000 -0.093365 -0.025447 0.181113
    26 0.682895 0.000000 0.000000 -0.093367 -0.025438 0.181287
    27 7.644531 -7.765625 -15.531250 -2.405350 -0.027951 -1.706114
    28 0.000000 2.627978 0.988434 -1.570796 0.000000 0.000000
    29 0.000000 6.086906 -2.262864 -1.570796 0.000000 0.000000
    30 1.149523 0.416497 1.414115 -1.769998 -0.202447 0.792236
    31 1.263876 0.000001 0.000000 -0.034282 0.189584 0.555298
    32 1.188942 0.000000 0.000000 0.000000 0.000000 0.295212
    33 3.773754 0.133215 0.970573 -0.000422 -0.025468 -0.121346
    34 1.433458 0.000000 0.000000 0.014514 -0.009810 0.847667
    35 1.019161 0.000000 -0.000001 0.014478 -0.008837 0.835823
    36 3.799514 0.014952 0.039957 0.279665 0.171546 1.103439
    37 1.774881 -0.000001 0.000000 0.015535 -0.040082 1.379122
    38 1.008846 0.000001 0.000000 0.033698 -0.026693 0.847881
    39 3.632764 0.059049 -0.757494 0.369431 0.065606 1.386970
    40 1.500137 0.000001 0.000001 0.061148 -0.055642 1.125235
    41 0.905663 0.000000 0.000000 0.079350 -0.023148 0.671075
    42 3.323329 0.233745 -1.479076 0.453115 -0.018233 1.420788
    43 0.963099 -0.000001 -0.000001 0.056283 -0.006181 0.656341
    44 0.682895 0.000000 0.000000 0.051699 -0.023100 0.966916
    45 -6.148438 -10.656250 -11.093750 -1.418197 -0.340811 -1.361708
    46 1.706055 -4.929688 -21.906250 0.008311 0.048482 -2.295301
    47 -0.000001 0.000000 0.000000 0.000000 -1.570796 -1.570793
    48 3.562498 -0.816636 -0.000028 0.009806 -0.004018 0.021400
    49 4.004025 -0.003178 -0.000071 0.021977 0.004684 0.085524
    50 4.004029 -0.003176 -0.000071 0.022101 0.004692 0.085492
    51 4.003753 -0.003188 0.000000 -0.000001 0.000000 0.000000
    52 5.029974 -0.763043 -0.000584 0.165519 0.064873 0.682733
    53 -0.905726 0.793273 1.051288 0.177607 -1.053522 2.301890
    54 5.773743 0.000002 -0.000001 -0.640904 1.235225 -0.101199
    55 -0.747116 0.391016 -1.356800 0.414242 1.351996 2.862078
    56 5.773743 -0.000002 0.000000 0.596763 -0.509113 -1.803049
  time 28
    0 0.000000 0.000000 0.000000 1.570796 0.000000 -1.570796
    1 -6.085938 -10.664063 -11.093750 -1.964982 -0.329425 -1.362420
    2 10.295580 -0.000001 0.000000 2.336851 -0.459895 -0.061493
    3 4.480469 1.199219 -0.714844 1.701082 -0.064777 1.621800
    4 0.000000 1.830078 4.105469 -1.570796 0.000000 0.000000
    5 0.000000 0.000000 2.771000 0.000000 0.000000 0.000000
    6 0.015809 5.098120 20.550776 0.000000 -1.570451 -1.570796
    7 -0.719085 5.300998 3.836287 0.000000 0.000000 2.792527
    8 0.587728 4.545158 4.786211 -1.570796 0.000000 0.000000
    9 0.730970 5.057619 -0.080114 -1.570796 0.000000 0.000000
    10 7.640625 -7.726563 -15.523438 -1.462504 -0.028777 -1.702059
    11 10.295583 0.000001 0.000000 -1.846236 0.198773 0.185850
    12 1.488281 0.390137 -1.287109 2.035172 0.727751 0.190978
    13 1.263878 0.000000 0.000000 -0.817992 -0.119931 0.240711
    14 1.188944 0.000000 0.000000 -0.009855 0.001996 0.251367
    15 3.773752 0.133216 -0.970574 0.127781 -0.106800 -0.189091
    16 1.433456 0.000000 0.000001 0.000000 0.000000 -0.036173
    17 1.019161 0.000000 0.000000 0.000000 0.000000 0.114358
    18 3.799511 0.014954 -0.039958 0.045506 -0.193942 -0.105193
    19 1.774881 0.000004 0.000001 -0.018733 0.002662 0.200163
    20 1.008846 0.000002 0.000000 -0.018828 0.002582 0.199903
    21 3.632761 0.059050 0.757493 -0.181537 -0.216077 0.076597
    22 1.500138 -0.000002 -0.000001 -0.075408 0.006169 0.359786
    23 0.905663 0.000000 0.000001 -0.075580 0.004778 0.340976
    24 3.323328 0.233746 1.479075 -0.288378 -0.085381 0.338020
    25 0.963099 0.000000 0.000000 -0.093260 -0.025751 0.178436
    26 0.682895 0.000000 0.000000 -0.093260 -0.025751 0.178436
    27 7.640625 -7.726563 -15.523438 -2.405082 -0.028716 -1.702156
    28 0.000000 2.627978 0.988434 -1.570796 0.000000 0.000000
    29 0.000000 6.086906 -2.262864 -1.570796 0.000000 0.000000
    30 1.149523 0.416497 1.414115 -1.769998 -0.202447 0.792236
    31 1.263876 0.000001 0.000000 -0.034282 0.189584 0.555298
    32 1.188942 0.000000 0.000000 0.000000 0.000000 0.295212
    33 3.773754 0.133215 0.970573 -0.000422 -0.025468 -0.121346
    34 1.433458 0.000000 0.000000 0.014514 -0.009810 0.847667
    35 1.019161 0.000000 -0.000001 0.014478 -0.008837 0.835823
    36 3.799514 0.014952 0.039957 0.279665 0.171546 1.103439
    37 1.774881 -0.000001 0.000000 0.015535 -0.040082 1.379122
    38 1.008846 0.000001 0.000000 0.033698 -0.026693 0.847881
    39 3.632764 0.059049 -0.757494 0.369431 0.065606 1.386970
    40 1.500137 0.000001 0.000001 0.061148 -0.055642 1.125235
    41 0.905663 0.000000 0.000000 0.079350 -0.023148 0.671075
    42 3.323329 0.233745 -1.479076 0.453115 -0.018233 1.420788
    43 0.963099 -0.000001 -0.000001 0.056283 -0.006181 0.656341
    44 0.682895 0.000000 0.000000 0.051699 -0.023100 0.966916
    45 -6.085938 -10.664063 -11.093750 -1.414661 -0.329556 -1.362481
    46 1.706055 -4.929688 -21.906250 0.008311 0.048482 -2.295301
    47 -0.000001 0.000000 0.000000 0.000000 -1.570796 -1.570793
    48 3.562498 -0.816636 -0.000028 0.009806 -0.004018 0.021400
    49 4.004025 -0.003178 -0.000071 0.021977 0.004684 0.085524
    50 4.004029 -0.003176 -0.000071 0.022101 0.004692 0.085492
    51 4.003753 -0.003188 0.000000 -0.000001 0.000000 0.000000
    52 5.029974 -0.763043 -0.000584 0.165519 0.064873 0.682733
    53 -0.905726 0.793273 1.051288 0.177607 -1.053522 2.301890
    54 5.773743 0.000002 -0.000001 -0.637080 1.237733 -0.093060
    55 -0.747116 0.391016 -1.356800 0.414242 1.351996 2.862078
    56 5.773743 -0.000002 0.000000 0.597728 -0.511831 -1.808315
  time 29
    0 0.000000 0.000000 0.000000 1.570796 0.000000 -1.570796
    1 -6.027344 -10.679688 -11.093750 -1.961689 -0.319276 -1.362681
    2 10.295580 -0.000001 0.000000 2.321232 -0.460121 -0.070255
    3 4.480469 1.199219 -0.714844 1.701082 -0.064777 1.621800
    4 0.000000 1.830078 4.105469 -1.570796 0.000000 0.000000
    5 0.000000 0.000000 2.771000 0.000000 0.000000 0.000000
    6 0.015809 5.098120 20.550776 0.000000 -1.570451 -1.570796
    7 -0.719085 5.300998 3.836287 0.000000 0.000000 2.792527
    8 0.587728 4.545158 4.786211 -1.570796 0.000000 0.000000
    9 0.730970 5.057619 -0.080114 -1.570796 0.000000 0.000000
    10 7.640625 -7.683594 -15.515625 -1.462415 -0.029526 -1.698242
    11 10.295583 0.000001 0.000000 -1.845476 0.202801 0.186331
    12 1.489258 0.390137 -1.287109 2.034579 0.728651 0.190583
    13 1.263878 0.000000 0.000000 -0.817992 -0.119931 0.240711
    14 1.188944 0.000000 0.000000 -0.009855 0.001996 0.251367
    15 3.773752 0.133216 -0.970574 0.127843 -0.104699 -0.189211
    16 1.433456 0.000000 0.000001 0.000000 0.000000 -0.036777
    17 1.019161 0.000000 0.000000 0.000000 0.000000 0.112802
    18 3.799511 0.014954 -0.039958 0.045954 -0.192831 -0.107725
    19 1.774881 0.000004 0.000001 -0.018831 0.002561 0.197648
    20 1.008846 0.000002 0.000000 -0.018821 0.002663 0.199295
    21 3.632761 0.059050 0.757493 -0.180858 -0.217629 0.073005
    22 1.500138 -0.000002 -0.000001 -0.075419 0.006030 0.356104
    23 0.905663 0.000000 0.000001 -0.075603 0.004557 0.337391
    24 3.323328 0.233746 1.479075 -0.288298 -0.091130 0.334998
    25 0.963099 0.000000 0.000000 -0.093233 -0.025962 0.175756
    26 0.682895 0.000000 0.000000 -0.093149 -0.025962 0.175928
    27 7.640625 -7.683594 -15.515625 -2.405090 -0.029469 -1.698275
    28 0.000000 2.627978 0.988434 -1.570796 0.000000 0.000000
    29 0.000000 6.086906 -2.262864 -1.570796 0.000000 0.000000
    30 1.149523 0.416497 1.414115 -1.769998 -0.202447 0.792236
    31 1.263876 0.000001 0.000000 -0.034282 0.189584 0.555298
    32 1.188942 0.000000 0.000000 0.000000 0.000000 0.295212
    33 3.773754 0.133215 0.970573 -0.000422 -0.025468 -0.121346
    34 1.433458 0.000000 0.000000 0.014514 -0.009810 0.847667
    35 1.019161 0.000000 -0.000001 0.014478 -0.008837 0.835823
    36 3.799514 0.014952 0.039957 0.279665 0.171546 1.103439
    37 1.774881 -0.000001 0.000000 0.015535 -0.040082 1.379122
    38 1.008846 0.000001 0.000000 0.033698 -0.026693 0.847881
    39 3.632764 0.059049 -0.757494 0.369431 0.065606 1.386970
    40 1.500137 0.000001 0.000001 0.061148 -0.055642 1.125235
    41 0.905663 0.000000 0.000000 0.079350 -0.023148 0.671075
    42 3.323329 0.233745 -1.479076 0.453115 -0.018233 1.420788
    43 0.963099 -0.000001 -0.000001 0.056283 -0.006181 0.656341
    44 0.682895 0.000000 0.000000 0.051699 -0.023100 0.966916
    45 -6.027344 -10.679688 -11.093750 -1.411717 -0.319360 -1.362620
    46 1.706055 -4.933594 -21.906250 0.008311 0.048482 -2.295301
    47 -0.000001 0.000000 0.000000 0.000000 -1.570796 -1.570793
    48 3.562498 -0.816636 -0.000028 0.009806 -0.004018 0.021400
    49 4.004025 -0.003178 -0.000071 0.021977 0.004684 0.085524
    50 4.004029 -0.003176 -0.000071 0.022101 0.004692 0.085492
    51 4.003753 -0.003188 0.000000 -0.000001 0.000000 0.000000
    52 5.029974 -0.763043 -0.000584 0.165519 0.064873 0.682733
    53 -0.905726 0.793273 1.051288 0.177607 -1.053522 2.301890
    54 5.773743 0.000002 -0.000001 -0.633737 1.240535 -0.085349
    55 -0.747116 0.391016 -1.356800 0.414242 1.351996 2.862078
    56 5.773743 -0.000002 0.000000 0.598723 -0.514196 -1.813412
  time 30
    0 0.000000 0.000000 0.000000 1.570796 0.000000 -1.570796
    1 -5.968750 -10.695313 -11.085938 -1.959051 -0.310978 -1.362460
    2 10.295580 -0.000001 0.000000 2.309612 -0.459544 -0.078758
    3 4.480469 1.199219 -0.714844 1.701082 -0.064777 1.621800
    4 0.000002 1.829102 4.101563 -1.570796 0.000000 0.000000
    5 0.000000 0.000000 2.771000 0.000000 0.000000 0.000000
    6 0.015809 5.098120 20.550776 0.000000 -1.570451 -1.570796
    7 -0.719085 5.300998 3.836287 0.000000 0.000000 2.792527
    8 0.587728 4.545158 4.786211 -1.570796 0.000000 0.000000
    9 0.730970 5.057619 -0.080114 -1.570796 0.000000 0.000000
    10 7.636719 -7.640625 -15.507813 -1.462446 -0.030348 -1.694366
    11 10.295583 0.000001 0.000000 -1.845049 0.206686 0.186866
    12 1.490234 0.390137 -1.287109 2.033990 0.729421 0.190488
    13 1.263878 0.000000 0.000000 -0.817992 -0.119931 0.240711
    14 1.188944 0.000000 0.000000 -0.009855 0.001996 0.251367
    15 3.773752 0.133216 -0.970574 0.127922 -0.102672 -0.189511
    16 1.433456 0.000000 0.000001 0.000000 0.000000 -0.037554
    17 1.019161 0.000000 0.000000 0.000000 0.000000 0.111332
    18 3.799511 0.014954 -0.039958 0.046477 -0.191718 -0.110177
    19 1.774881 0.000004 0.000001 -0.018757 0.002444 0.195220
    20 1.008846 0.000002 0.000000 -0.018735 0.002648 0.198688
    21 3.632761 0.059050 0.757493 -0.180100 -0.219081 0.069567
    22 1.500138 -0.000002 -0.000001 -0.075475 0.005643 0.352608
    23 0.905663 0.000000 0.000001 -0.075540 0.004322 0.333807
    24 3.323328 0.233746 1.479075 -0.288341 -0.096695 0.331872
    25 0.963099 0.000000 0.000000 -0.093130 -0.026259 0.173253
    26 0.682895 0.000000 0.000000 -0.093130 -0.026259 0.173253
    27 7.636719 -7.640625 -15.507813 -2.404997 -0.030265 -1.694508
    28 0.000000 2.627978 0.988434 -1.570796 0.000000 0.000000
    29 0.000000 6.086906 -2.262864 -1.570796 0.000000 0.000000
    30 1.149523 0.416497 1.414115 -1.769998 -0.202447 0.792236
    31 1.263876 0.000001 0.000000 -0.034282 0.189584 0.555298
    32 1.188942 0.000000 0.000000 0.000000 0.000000 0.295212
    33 3.773754 0.133215 0.970573 -0.000422 -0.025468 -0.121346
    34 1.433458 0.000000 0.000000 0.014514 -0.009810 0.847667
    35 1.019161 0.000000 -0.000001 0.014478 -0.008837 0.835823
    36 3.799514 0.014952 0.039957 0.279665 0.171546 1.103439
    37 1.774881 -0.000001 0.000000 0.015535 -0.040082 1.379122
    38 1.008846 0.000001 0.000000 0.033698 -0.026693 0.847881
    39 3.632764 0.059049 -0.757494 0.369431 0.065606 1.386970
    40 1.500137 0.000001 0.000001 0.061148 -0.055642 1.125235
    41 0.905663 0.000000 0.000000 0.079350 -0.023148 0.671075
    42 3.323329 0.233745 -1.479076 0.453115 -0.018233 1.420788
    43 0.963099 -0.000001 -0.000001 0.056283 -0.006181 0.656341
    44 0.682895 0.000000 0.000000 0.051699 -0.023100 0.966916
    45 -5.968750 -10.695313 -11.085938 -1.408968 -0.310977 -1.362499
    46 1.706055 -4.933594 -21.906250 0.008311 0.048482 -2.295301
    47 -0.000001 0.000000 0.000000 0.000000 -1.570796 -1.570793
    48 3.562498 -0.816636 -0.000028 0.009806 -0.004018 0.021400
    49 4.004025 -0.003178 -0.000071 0.021977 0.004684 0.085524
    50 4.004029 -0.003176 -0.000071 0.022101 0.004692 0.085492
    51 4.003753 -0.003188 0.000000 -0.000001 0.000000 0.000000
    52 5.029974 -0.763043 -0.000584 0.165519 0.064873 0.682733
    53 -0.905726 0.793273 1.051288 0.177607 -1.053522 2.301890
    54 5.773743 0.000002 -0.000001 -0.630119 1.243006 -0.077410
    55 -0.747116 0.391016 -1.356800 0.414242 1.351996 2.862078
    56 5.773743 -0.000002 0.000000 0.599907 -0.516328 -1.818359
  time 31
    0 0.000000 0.000000 0.000000 1.570796 0.000000 -1.570796
    1 -5.921875 -10.710938 -11.078125 -1.956966 -0.304853 -1.361787
    2 10.295580 -0.000001 0.000000 2.302393 -0.458820 -0.086189
    3 4.480469 1.199219 -0.714844 1.701082 -0.064777 1.621800
    4 0.000002 1.829102 4.101563 -1.570796 0.000000 0.000000
    5 0.000000 0.000000 2.771000 0.000000 0.000000 0.000000
    6 0.015809 5.098120 20.550776 0.000000 -1.570451 -1.570796
    7 -0.719085 5.300998 3.836287 0.000000 0.000000 2.792527
    8 0.587728 4.545158 4.786211 -1.570796 0.000000 0.000000
    9 0.730970 5.057619 -0.080114 -1.570796 0.000000 0.000000
    10 7.632813 -7.601563 -15.500000 -1.462383 -0.030919 -1.690479
    11 10.295583 0.000001 0.000000 -1.844380 0.210724 0.187345
    12 1.490234 0.390137 -1.286133 2.033166 0.730262 0.190050
    13 1.263878 0.000000 0.000000 -0.817992 -0.119931 0.240711
    14 1.188944 0.000000 0.000000 -0.009855 0.001996 0.251367
    15 3.773752 0.133216 -0.970574 0.127983 -0.100571 -0.189631
    16 1.433456 0.000000 0.000001 0.000000 0.000000 -0.038072
    17 1.019161 0.000000 0.000000 0.000000 0.000000 0.109862
    18 3.799511 0.014954 -0.039958 0.047077 -0.190600 -0.112549
    19 1.774881 0.000004 0.000001 -0.018760 0.002421 0.192791
    20 1.008846 0.000002 0.000000 -0.018822 0.002651 0.198081
    21 3.632761 0.059050 0.757493 -0.179440 -0.220607 0.066234
    22 1.500138 -0.000002 -0.000001 -0.075585 0.005444 0.349194
    23 0.905663 0.000000 0.000001 -0.075661 0.004037 0.330402
    24 3.323328 0.233746 1.479075 -0.288314 -0.102443 0.328771
    25 0.963099 0.000000 0.000000 -0.093112 -0.026548 0.170751
    26 0.682895 0.000000 0.000000 -0.093112 -0.026548 0.170751
    27 7.632813 -7.601563 -15.500000 -2.404927 -0.030882 -1.690487
    28 0.000000 2.627978 0.988434 -1.570796 0.000000 0.000000
    29 0.000000 6.086906 -2.262864 -1.570796 0.000000 0.000000
    30 1.149523 0.416497 1.414115 -1.769998 -0.202447 0.792236
    31 1.263876 0.000001 0.000000 -0.034282 0.189584 0.555298
    32 1.188942 0.000000 0.000000 0.000000 0.000000 0.295212
    33 3.773754 0.133215 0.970573 -0.000422 -0.025468 -0.121346
    34 1.433458 0.000000 0.000000 0.014514 -0.009810 0.847667
    35 1.019161 0.000000 -0.000001 0.014478 -0.008837 0.835823
    36 3.799514 0.014952 0.039957 0.279665 0.171546 1.103439
    37 1.774881 -0.000001 0.000000 0.015535 -0.040082 1.379122
    38 1.008846 0.000001 0.000000 0.033698 -0.026693 0.847881
    39 3.632764 0.059049 -0.757494 0.369431 0.065606 1.386970
    40 1.500137 0.000001 0.000001 0.061148 -0.055642 1.125235
    41 0.905663 0.000000 0.000000 0.079350 -0.023148 0.671075
    42 3.323329 0.233745 -1.479076 0.453115 -0.018233 1.420788
    43 0.963099 -0.000001 -0.000001 0.056283 -0.006181 0.656341
    44 0.682895 0.000000 0.000000 0.051699 -0.023100 0.966916
    45 -5.921875 -10.710938 -11.078125 -1.406765 -0.304763 -1.361854
    46 1.706055 -4.933594 -21.906250 0.008311 0.048482 -2.295301
    47 -0.000001 0.000000 0.000000 0.000000 -1.570796 -1.570793
    48 3.562498 -0.816636 -0.000028 0.009806 -0.004018 0.021400
    49 4.004025 -0.003178 -0.000071 0.021977 0.004684 0.085524
    50 4.004029 -0.003176 -0.000071 0.022101 0.004692 0.085492
    51 4.003753 -0.003188 0.000000 -0.000001 0.000000 0.000000
    52 5.029974 -0.763043 -0.000584 0.165519 0.064873 0.682733
    53 -0.905726 0.793273 1.051288 0.177607 -1.053522 2.301890
    54 5.773743 0.000002 -0.000001 -0.626669 1.245545 -0.069706
    55 -0.747116 0.391016 -1.356800 0.414242 1.351996 2.862078
    56 5.773743 -0.000002 0.000000 0.601181 -0.517674 -1.823218
  time 32
    0 0.000000 0.000000 0.000000 1.570796 0.000000 -1.570796
    1 -5.882813 -10.726563 -11.070313 -1.955120 -0.300736 -1.360702
    2 10.295580 -0.000001 0.000000 2.300281 -0.458047 -0.092520
    3 4.480469 1.199219 -0.714844 1.701082 -0.064777 1.621800
    4 0.000002 1.829102 4.101563 -1.570796 0.000000 0.000000
    5 0.000000 0.000000 2.771000 0.000000 0.000000 0.000000
    6 0.015809 5.098120 20.550776 0.000000 -1.570451 -1.570796
    7 -0.719085 5.300998 3.836287 0.000000 0.000000 2.792527
    8 0.587728 4.545158 4.786211 -1.570796 0.000000 0.000000
    9 0.730970 5.057619 -0.080114 -1.570796 0.000000 0.000000
    10 7.628906 -7.558594 -15.492188 -1.462207 -0.031721 -1.686730
    11 10.295583 0.000001 0.000000 -1.843847 0.214531 0.187844
    12 1.491211 0.390137 -1.286133 2.032874 0.730802 0.190078
    13 1.263878 0.000000 0.000000 -0.817992 -0.119931 0.240711
    14 1.188944 0.000000 0.000000 -0.009855 0.001996 0.251367
    15 3.773752 0.133216 -0.970574 0.128044 -0.098469 -0.189750
    16 1.433456 0.000000 0.000001 0.000000 0.000000 -0.038763
    17 1.019161 0.000000 0.000000 0.000000 0.000000 0.108738
    18 3.799511 0.014954 -0.039958 0.047568 -0.189579 -0.114651
    19 1.774881 0.000004 0.000001 -0.018762 0.002400 0.190537
    20 1.008846 0.000002 0.000000 -0.018823 0.002648 0.197734
    21 3.632761 0.059050 0.757493 -0.178859 -0.222042 0.062900
    22 1.500138 -0.000002 -0.000001 -0.075439 0.005200 0.345782
    23 0.905663 0.000000 0.000001 -0.075511 0.003792 0.326908
    24 3.323328 0.233746 1.479075 -0.288185 -0.108084 0.325914
    25 0.963099 0.000000 0.000000 -0.093081 -0.026656 0.168414
    26 0.682895 0.000000 0.000000 -0.093081 -0.026656 0.168414
    27 7.628906 -7.558594 -15.492188 -2.404649 -0.031668 -1.686724
    28 0.000000 2.627978 0.988434 -1.570796 0.000000 0.000000
    29 0.000000 6.086906 -2.262864 -1.570796 0.000000 0.000000
    30 1.149523 0.416497 1.414115 -1.769998 -0.202447 0.792236
    31 1.263876 0.000001 0.000000 -0.034282 0.189584 0.555298
    32 1.188942 0.000000 0.000000 0.000000 0.000000 0.295212
    33 3.773754 0.133215 0.970573 -0.000422 -0.025468 -0.121346
    34 1.433458 0.000000 0.000000 0.014514 -0.009810 0.847667
    35 1.019161 0.000000 -0.000001 0.014478 -0.008837 0.835823
    36 3.799514 0.014952 0.039957 0.279665 0.171546 1.103439
    37 1.774881 -0.000001 0.000000 0.015535 -0.040082 1.379122
    38 1.008846 0.000001 0.000000 0.033698 -0.026693 0.847881
    39 3.632764 0.059049 -0.757494 0.369431 0.065606 1.386970
    40 1.500137 0.000001 0.000001 0.061148 -0.055642 1.125235
    41 0.905663 0.000000 0.000000 0.079350 -0.023148 0.671075
    42 3.323329 0.233745 -1.479076 0.453115 -0.018233 1.420788
    43 0.963099 -0.000001 -0.000001 0.056283 -0.006181 0.656341
    44 0.682895 0.000000 0.000000 0.051699 -0.023100 0.966916
    45 -5.882813 -10.726563 -11.070313 -1.405082 -0.300719 -1.360704
    46 1.706055 -4.933594 -21.906250 0.008311 0.048482 -2.295301
    47 -0.000001 0.000000 0.000000 0.000000 -1.570796 -1.570793
    48 3.562498 -0.816636 -0.000028 0.009806 -0.004018 0.021400
    49 4.004025 -0.003178 -0.000071 0.021977 0.004684 0.085524
    50 4.004029 -0.003176 -0.000071 0.022101 0.004692 0.085492
    51 4.003753 -0.003188 0.000000 -0.000001 0.000000 0.000000
    52 5.029974 -0.763043 -0.000584 0.165519 0.064873 0.682733
    53 -0.905726 0.793273 1.051288 0.177607 -1.053522 2.301890
    54 5.773743 0.000002 -0.000001 -0.623485 1.248183 -0.062205
    55 -0.747116 0.391016 -1.356800 0.414242 1.351996 2.862078
    56 5.773743 -0.000002 0.000000 0.602571 -0.518526 -1.827895
  time 33
    0 0.000000 0.000000 0.000000 1.570796 0.000000 -1.570796
    1 -5.839844 -10.742188 -11.054688 -1.953925 -0.298066 -1.359448
    2 10.295580 -0.000001 0.000000 2.302118 -0.457041 -0.098137
    3 4.480469 1.199219 -0.714844 1.701082 -0.064777 1.621800
    4 0.000002 1.829102 4.101563 -1.570796 0.000000 0.000000
    5 0.000000 0.000000 2.771000 0.000000 0.000000 0.000000
    6 0.015809 5.098120 20.550776 0.000000 -1.570451 -1.570796
    7 -0.719085 5.300998 3.836287 0.000000 0.000000 2.792527
    8 0.587728 4.545158 4.786211 -1.570796 0.000000 0.000000
    9 0.730970 5.057619 -0.080114 -1.570796 0.000000 0.000000
    10 7.625000 -7.523438 -15.492188 -1.462162 -0.032294 -1.682843
    11 10.295583 0.000001 0.000000 -1.843310 0.218390 0.188277
    12 1.492188 0.389893 -1.286133 2.032346 0.731412 0.189763
    13 1.263878 0.000000 0.000000 -0.817992 -0.119931 0.240711
    14 1.188944 0.000000 0.000000 -0.009855 0.001996 0.251367
    15 3.773752 0.133216 -0.970574 0.128036 -0.096548 -0.189879
    16 1.433456 0.000000 0.000001 0.000000 0.000000 -0.039281
    17 1.019161 0.000000 0.000000 0.000000 0.000000 0.107528
    18 3.799511 0.014954 -0.039958 0.048073 -0.188553 -0.116929
    19 1.774881 0.000004 0.000001 -0.018843 0.002475 0.188455
    20 1.008846 0.000002 0.000000 -0.018823 0.002645 0.197387
    21 3.632761 0.059050 0.757493 -0.178205 -0.223464 0.059730
    22 1.500138 -0.000002 -0.000001 -0.075562 0.004913 0.342286
    23 0.905663 0.000000 0.000001 -0.075545 0.003496 0.323592
    24 3.323328 0.233746 1.479075 -0.288088 -0.113568 0.322861
    25 0.963099 0.000000 0.000000 -0.092968 -0.026866 0.165907
    26 0.682895 0.000000 0.000000 -0.092968 -0.026866 0.165907
    27 7.625000 -7.523438 -15.492188 -2.404563 -0.032385 -1.682927
    28 0.000000 2.627978 0.988434 -1.570796 0.000000 0.000000
    29 0.000000 6.086906 -2.262864 -1.570796 0.000000 0.000000
    30 1.149523 0.416497 1.414115 -1.769998 -0.202447 0.792236
    31 1.263876 0.000001 0.000000 -0.034282 0.189584 0.555298
    32 1.188942 0.000000 0.000000 0.000000 0.000000 0.295212
    33 3.773754 0.133215 0.970573 -0.000422 -0.025468 -0.121346
    34 1.433458 0.000000 0.000000 0.014514 -0.009810 0.847667
    35 1.019161 0.000000 -0.000001 0.014478 -0.008837 0.835823
    36 3.799514 0.014952 0.039957 0.279665 0.171546 1.103439
    37 1.774881 -0.000001 0.000000 0.015535 -0.040082 1.379122
    38 1.008846 0.000001 0.000000 0.033698 -0.026693 0.847881
    39 3.632764 0.059049 -0.757494 0.369431 0.065606 1.386970
    40 1.500137 0.000001 0.000001 0.061148 -0.055642 1.125235
    41 0.905663 0.000000 0.000000 0.079350 -0.023148 0.671075
    42 3.323329 0.233745 -1.479076 0.453115 -0.018233 1.420788
    43 0.963099 -0.000001 -0.000001 0.056283 -0.006181 0.656341
    44 0.682895 0.000000 0.000000 0.051699 -0.023100 0.966916
    45 -5.839844 -10.742188 -11.054688 -1.403647 -0.298092 -1.359421
    46 1.706055 -4.933594 -21.906250 0.008311 0.048482 -2.295301
    47 -0.000001 0.000000 0.000000 0.000000 -1.570796 -1.570793
    48 3.562498 -0.816636 -0.000028 0.009806 -0.004018 0.021400
    49 4.004025 -0.003178 -0.000071 0.021977 0.004684 0.085524
    50 4.004029 -0.003176 -0.000071 0.022101 0.004692 0.085492
    51 4.003753 -0.003188 0.000000 -0.000001 0.000000 0.000000
    52 5.029974 -0.763043 -0.000584 0.165519 0.064873 0.682733
    53 -0.905726 0.793273 1.051288 0.177607 -1.053522 2.301890
    54 5.773743 0.000002 -0.000001 -0.620055 1.250559 -0.054637
    55 -0.747116 0.391016 -1.356800 0.414242 1.351996 2.862078
    56 5.773743 -0.000002 0.000000 0.603977 -0.519349 -1.832187
  time 34
    0 0.000000 0.000000 0.000000 1.570796 0.000000 -1.570796
    1 -5.808594 -10.757813 -11.046875 -1.952638 -0.296386 -1.358001
    2 10.295580 -0.000001 0.000000 2.306426 -0.455991 -0.103018
    3 4.480469 1.199219 -0.714844 1.701082 -0.064777 1.621800
    4 0.000002 1.829102 4.101563 -1.570796 0.000000 0.000000
    5 0.000000 0.000000 2.771000 0.000000 0.000000 0.000000
    6 0.015809 5.098120 20.550776 0.000000 -1.570451 -1.570796
    7 -0.719085 5.300998 3.836287 0.000000 0.000000 2.792527
    8 0.587728 4.545158 4.786211 -1.570796 0.000000 0.000000
    9 0.730970 5.057619 -0.080114 -1.570796 0.000000 0.000000
    10 7.621094 -7.480469 -15.484375 -1.461890 -0.032976 -1.678968
    11 10.295583 0.000001 0.000000 -1.842877 0.222312 0.188633
    12 1.492188 0.389648 -1.286133 2.031999 0.731982 0.189643
    13 1.263878 0.000000 0.000000 -0.817992 -0.119931 0.240711
    14 1.188944 0.000000 0.000000 -0.009855 0.001996 0.251367
    15 3.773752 0.133216 -0.970574 0.128093 -0.094452 -0.189912
    16 1.433456 0.000000 0.000001 0.000000 0.000000 -0.039713
    17 1.019161 0.000000 0.000000 0.000000 0.000000 0.106577
    18 3.799511 0.014954 -0.039958 0.048474 -0.187447 -0.119106
    19 1.774881 0.000004 0.000001 -0.018768 0.002359 0.186201
    20 1.008846 0.000002 0.000000 -0.018746 0.002547 0.197041
    21 3.632761 0.059050 0.757493 -0.177718 -0.224972 0.056498
    22 1.500138 -0.000002 -0.000001 -0.075484 0.004779 0.339135
    23 0.905663 0.000000 0.000001 -0.075664 0.003217 0.320365
    24 3.323328 0.233746 1.479075 -0.288109 -0.119169 0.320102
    25 0.963099 0.000000 0.000000 -0.092958 -0.027233 0.163582
    26 0.682895 0.000000 0.000000 -0.092961 -0.027225 0.163756
    27 7.621094 -7.480469 -15.484375 -2.404576 -0.033058 -1.679017
    28 0.000000 2.627978 0.988434 -1.570796 0.000000 0.000000
    29 0.000000 6.086906 -2.262864 -1.570796 0.000000 0.000000
    30 1.149523 0.416497 1.414115 -1.769998 -0.202447 0.792236
    31 1.263876 0.000001 0.000000 -0.034282 0.189584 0.555298
    32 1.188942 0.000000 0.000000 0.000000 0.000000 0.295212
    33 3.773754 0.133215 0.970573 -0.000422 -0.025468 -0.121346
    34 1.433458 0.000000 0.000000 0.014514 -0.009810 0.847667
    35 1.019161 0.000000 -0.000001 0.014478 -0.008837 0.835823
    36 3.799514 0.014952 0.039957 0.279665 0.171546 1.103439
    37 1.774881 -0.000001 0.000000 0.015535 -0.040082 1.379122
    38 1.008846 0.000001 0.000000 0.033698 -0.026693 0.847881
    39 3.632764 0.059049 -0.757494 0.369431 0.065606 1.386970
    40 1.500137 0.000001 0.000001 0.061148 -0.055642 1.125235
    41 0.905663 0.000000 0.000000 0.079350 -0.023148 0.671075
    42 3.323329 0.233745 -1.479076 0.453115 -0.018233 1.420788
    43 0.963099 -0.000001 -0.000001 0.056283 -0.006181 0.656341
    44 0.682895 0.000000 0.000000 0.051699 -0.023100 0.966916
    45 -5.808594 -10.757813 -11.046875 -1.402574 -0.296431 -1.358024
    46 1.706055 -4.933594 -21.906250 0.008311 0.048482 -2.295301
    47 -0.000001 0.000000 0.000000 0.000000 -1.570796 -1.570793
    48 3.562498 -0.816636 -0.000028 0.009806 -0.004018 0.021400
    49 4.004025 -0.003178 -0.000071 0.021977 0.004684 0.085524
    50 4.004029 -0.003176 -0.000071 0.022101 0.004692 0.085492
    51 4.003753 -0.003188 0.000000 -0.000001 0.000000 0.000000
    52 5.029974 -0.763043 -0.000584 0.165519 0.064873 0.682733
    53 -0.905726 0.793273 1.051288 0.177607 -1.053522 2.301890
    54 5.773743 0.000002 -0.000001 -0.616991 1.253064 -0.047247
    55 -0.747116 0.391016 -1.356800 0.414242 1.351996 2.862078
    56 5.773743 -0.000002 0.000000 0.605171 -0.519762 -1.836045
  time 35
    0 0.000000 0.000000 0.000000 1.570796 0.000000 -1.570796
    1 -5.777344 -10.765625 -11.031250 -1.951897 -0.295723 -1.356437
    2 10.295580 -0.000001 0.000000 2.312766 -0.455070 -0.106989
    3 4.480469 1.199219 -0.714844 1.701082 -0.064777 1.621800
    4 0.000002 1.829102 4.101563 -1.570796 0.000000 0.000000
    5 0.000000 0.000000 2.771000 0.000000 0.000000 0.000000
    6 0.015809 5.098120 20.550776 0.000000 -1.570451 -1.570796
    7 -0.719085 5.300998 3.836287 0.000000 0.000000 2.792527
    8 0.587728 4.545158 4.786211 -1.570796 0.000000 0.000000
    9 0.730970 5.057619 -0.080114 -1.570796 0.000000 0.000000
    10 7.617188 -7.449219 -15.476563 -1.461855 -0.033794 -1.675095
    11 10.295583 0.000001 0.000000 -1.842212 0.226109 0.189156
    12 1.493164 0.389893 -1.286133 2.031661 0.732422 0.189492
    13 1.263878 0.000000 0.000000 -0.817992 -0.119931 0.240711
    14 1.188944 0.000000 0.000000 -0.009855 0.001996 0.251367
    15 3.773752 0.133216 -0.970574 0.128245 -0.092434 -0.189955
    16 1.433456 0.000000 0.000001 0.000000 0.000000 -0.040058
    17 1.019161 0.000000 0.000000 0.000000 0.000000 0.105626
    18 3.799511 0.014954 -0.039958 0.048842 -0.186260 -0.121017
    19 1.774881 0.000004 0.000001 -0.018856 0.002348 0.184121
    20 1.008846 0.000002 0.000000 -0.018824 0.002639 0.196779
    21 3.632761 0.059050 0.757493 -0.177051 -0.226305 0.053316
    22 1.500138 -0.000002 -0.000001 -0.075606 0.004498 0.335816
    23 0.905663 0.000000 0.000001 -0.075584 0.003078 0.317045
    24 3.323328 0.233746 1.479075 -0.288048 -0.124868 0.317355
    25 0.963099 0.000000 0.000000 -0.092849 -0.027430 0.161336
    26 0.682895 0.000000 0.000000 -0.092844 -0.027336 0.161504
    27 7.617188 -7.449219 -15.476563 -2.404403 -0.033690 -1.675191
    28 0.000000 2.627978 0.988434 -1.570796 0.000000 0.000000
    29 0.000000 6.086906 -2.262864 -1.570796 0.000000 0.000000
    30 1.149523 0.416497 1.414115 -1.769998 -0.202447 0.792236
    31 1.263876 0.000001 0.000000 -0.034282 0.189584 0.555298
    32 1.188942 0.000000 0.000000 0.000000 0.000000 0.295212
    33 3.773754 0.133215 0.970573 -0.000422 -0.025468 -0.121346
    34 1.433458 0.000000 0.000000 0.014514 -0.009810 0.847667
    35 1.019161 0.000000 -0.000001 0.014478 -0.008837 0.835823
    36 3.799514 0.014952 0.039957 0.279665 0.171546 1.103439
    37 1.774881 -0.000001 0.000000 0.015535 -0.040082 1.379122
    38 1.008846 0.000001 0.000000 0.033698 -0.026693 0.847881
    39 3.632764 0.059049 -0.757494 0.369431 0.065606 1.386970
    40 1.500137 0.000001 0.000001 0.061148 -0.055642 1.125235
    41 0.905663 0.000000 0.000000 0.079350 -0.023148 0.671075
    42 3.323329 0.233745 -1.479076 0.453115 -0.018233 1.420788
    43 0.963099 -0.000001 -0.000001 0.056283 -0.006181 0.656341
    44 0.682895 0.000000 0.000000 0.051699 -0.023100 0.966916
    45 -5.777344 -10.765625 -11.031250 -1.401782 -0.295755 -1.356404
    46 1.706055 -4.933594 -21.906250 0.008311 0.048482 -2.295301
    47 -0.000001 0.000000 0.000000 0.000000 -1.570796 -1.570793
    48 3.562498 -0.816636 -0.000028 0.009806 -0.004018 0.021400
    49 4.004025 -0.003178 -0.000071 0.021977 0.004684 0.085524
    50 4.004029 -0.003176 -0.000071 0.022101 0.004692 0.085492
    51 4.003753 -0.003188 0.000000 -0.000001 0.000000 0.000000
    52 5.029974 -0.763043 -0.000584 0.165519 0.064873 0.682733
    53 -0.905726 0.793273 1.051288 0.177607 -1.053522 2.301890
    54 5.773743 0.000002 -0.000001 -0.613903 1.255510 -0.040021
    55 -0.747116 0.391016 -1.356800 0.414242 1.351996 2.862078
    56 5.773743 -0.000002 0.000000 0.606164 -0.520092 -1.839506
  time 36
    0 0.000000 0.000000 0.000000 1.570796 0.000000 -1.570796
    1 -5.750000 -10.781250 -11.023438 -1.951370 -0.296009 -1.354954
    2 10.295580 -0.000001 0.000000 2.320607 -0.454269 -0.109844
    3 4.480469 1.199219 -0.714844 1.701082 -0.064777 1.621800
    4 0.000002 1.829102 4.101563 -1.570796 0.000000 0.000000
    5 0.000000 0.000000 2.771000 0.000000 0.000000 0.000000
    6 0.015809 5.098120 20.550776 0.000000 -1.570451 -1.570796
    7 -0.719085 5.300998 3.836287 0.000000 0.000000 2.792527
    8 0.587728 4.545158 4.786211 -1.570796 0.000000 0.000000
    9 0.730970 5.057619 -0.080114 -1.570796 0.000000 0.000000
    10 7.613281 -7.406250 -15.468750 -1.461718 -0.034485 -1.671218
    11 10.295583 0.000001 0.000000 -1.841631 0.230089 0.189588
    12 1.493164 0.389893 -1.285156 2.031233 0.732664 0.189317
    13 1.263878 0.000000 0.000000 -0.817992 -0.119931 0.240711
    14 1.188944 0.000000 0.000000 -0.009855 0.001996 0.251367
    15 3.773752 0.133216 -0.970574 0.128237 -0.090513 -0.190084
    16 1.433456 0.000000 0.000001 0.000000 0.000000 -0.040490
    17 1.019161 0.000000 0.000000 0.000000 0.000000 0.104848
    18 3.799511 0.014954 -0.039958 0.049228 -0.185244 -0.123021
    19 1.774881 0.000004 0.000001 -0.018772 0.002322 0.182214
    20 1.008846 0.000002 0.000000 -0.018832 0.002552 0.196693
    21 3.632761 0.059050 0.757493 -0.176496 -0.227791 0.050335
    22 1.500138 -0.000002 -0.000001 -0.075642 0.004208 0.332673
    23 0.905663 0.000000 0.000001 -0.075701 0.002802 0.313907
    24 3.323328 0.233746 1.479075 -0.288034 -0.130374 0.314671
    25 0.963099 0.000000 0.000000 -0.092741 -0.027620 0.159262
    26 0.682895 0.000000 0.000000 -0.092740 -0.027624 0.159175
    27 7.613281 -7.406250 -15.468750 -2.404323 -0.034358 -1.671284
    28 0.000000 2.627978 0.988434 -1.570796 0.000000 0.000000
    29 0.000000 6.086906 -2.262864 -1.570796 0.000000 0.000000
    30 1.149523 0.416497 1.414115 -1.769998 -0.202447 0.792236
    31 1.263876 0.000001 0.000000 -0.034282 0.189584 0.555298
    32 1.188942 0.000000 0.000000 0.000000 0.000000 0.295212
    33 3.773754 0.133215 0.970573 -0.000422 -0.025468 -0.121346
    34 1.433458 0.000000 0.000000 0.014514 -0.009810 0.847667
    35 1.019161 0.000000 -0.000001 0.014478 -0.008837 0.835823
    36 3.799514 0.014952 0.039957 0.279665 0.171546 1.103439
    37 1.774881 -0.000001 0.000000 0.015535 -0.040082 1.379122
    38 1.008846 0.000001 0.000000 0.033698 -0.026693 0.847881
    39 3.632764 0.059049 -0.757494 0.369431 0.065606 1.386970
    40 1.500137 0.000001 0.000001 0.061148 -0.055642 1.125235
    41 0.905663 0.000000 0.000000 0.079350 -0.023148 0.671075
    42 3.323329 0.233745 -1.479076 0.453115 -0.018233 1.420788
    43 0.963099 -0.000001 -0.000001 0.056283 -0.006181 0.656341
    44 0.682895 0.000000 0.000000 0.051699 -0.023100 0.966916
    45 -5.750000 -10.781250 -11.023438 -1.401257 -0.295961 -1.354995
    46 1.706055 -4.933594 -21.906250 0.008311 0.048482 -2.295301
    47 -0.000001 0.000000 0.000000 0.000000 -1.570796 -1.570793
    48 3.562498 -0.816636 -0.000028 0.009806 -0.004018 0.021400
    49 4.004025 -0.003178 -0.000071 0.021977 0.004684 0.085524
    50 4.004029 -0.003176 -0.000071 0.022101 0.004692 0.085492
    51 4.003753 -0.003188 0.000000 -0.000001 0.000000 0.000000
    52 5.029974 -0.763043 -0.000584 0.165519 0.064873 0.682733
    53 -0.905726 0.793273 1.051288 0.177607 -1.053522 2.301890
    54 5.773743 0.000002 -0.000001 -0.610879 1.257855 -0.032789
    55 -0.747116 0.391016 -1.356800 0.414242 1.351996 2.862078
    56 5.773743 -0.000002 0.000000 0.607156 -0.520231 -1.842441
  time 37
    0 0.000000 0.000000 0.000000 1.570796 0.000000 -1.570796
    1 -5.730469 -10.789063 -11.007813 -1.950947 -0.296746 -1.353549
    2 10.295580 -0.000001 0.000000 2.329329 -0.453945 -0.111505
    3 4.480469 1.199219 -0.714844 1.701082 -0.064777 1.621800
    4 0.000002 1.829102 4.101563 -1.570796 0.000000 0.000000
    5 0.000000 0.000000 2.771000 0.000000 0.000000 0.000000
    6 0.015809 5.098120 20.550776 0.000000 -1.570451 -1.570796
    7 -0.719085 5.300998 3.836287 0.000000 0.000000 2.792527
    8 0.587728 4.545158 4.786211 -1.570796 0.000000 0.000000
    9 0.730970 5.057619 -0.080114 -1.570796 0.000000 0.000000
    10 7.605469 -7.371094 -15.460938 -1.461710 -0.035177 -1.667461
    11 10.295583 0.000001 0.000000 -1.841147 0.234027 0.190081
    12 1.493164 0.389893 -1.285156 2.031032 0.732963 0.189184
    13 1.263878 0.000000 0.000000 -0.817992 -0.119931 0.240711
    14 1.188944 0.000000 0.000000 -0.009855 0.001996 0.251367
    15 3.773752 0.133216 -0.970574 0.128212 -0.088517 -0.190033
    16 1.433456 0.000000 0.000001 0.000000 0.000000 -0.040749
    17 1.019161 0.000000 0.000000 0.000000 0.000000 0.104243
    18 3.799511 0.014954 -0.039958 0.049677 -0.184140 -0.124854
    19 1.774881 0.000004 0.000001 -0.018774 0.002304 0.180307
    20 1.008846 0.000002 0.000000 -0.018747 0.002543 0.196607
    21 3.632761 0.059050 0.757493 -0.175732 -0.229122 0.047139
    22 1.500138 -0.000002 -0.000001 -0.075677 0.003919 0.329531
    23 0.905663 0.000000 0.000001 -0.075732 0.002516 0.310857
    24 3.323328 0.233746 1.479075 -0.288040 -0.136049 0.312019
    25 0.963099 0.000000 0.000000 -0.092710 -0.027724 0.157012
    26 0.682895 0.000000 0.000000 -0.092712 -0.027716 0.157185
    27 7.605469 -7.371094 -15.460938 -2.404236 -0.035076 -1.667489
    28 0.000000 2.627978 0.988434 -1.570796 0.000000 0.000000
    29 0.000000 6.086906 -2.262864 -1.570796 0.000000 0.000000
    30 1.149523 0.416497 1.414115 -1.769998 -0.202447 0.792236
    31 1.263876 0.000001 0.000000 -0.034282 0.189584 0.555298
    32 1.188942 0.000000 0.000000 0.000000 0.000000 0.295212
    33 3.773754 0.133215 0.970573 -0.000422 -0.025468 -0.121346
    34 1.433458 0.000000 0.000000 0.014514 -0.009810 0.847667
    35 1.019161 0.000000 -0.000001 0.014478 -0.008837 0.835823
    36 3.799514 0.014952 0.039957 0.279665 0.171546 1.103439
    37 1.774881 -0.000001 0.000000 0.015535 -0.040082 1.379122
    38 1.008846 0.000001 0.000000 0.033698 -0.026693 0.847881
    39 3.632764 0.059049 -0.757494 0.369431 0.065606 1.386970
    40 1.500137 0.000001 0.000001 0.061148 -0.055642 1.125235
    41 0.905663 0.000000 0.000000 0.079350 -0.023148 0.671075
    42 3.323329 0.233745 -1.479076 0.453115 -0.018233 1.420788
    43 0.963099 -0.000001 -0.000001 0.056283 -0.006181 0.656341
    44 0.682895 0.000000 0.000000 0.051699 -0.023100 0.966916
    45 -5.730469 -10.789063 -11.007813 -1.400726 -0.296662 -1.353620
    46 1.706055 -4.933594 -21.906250 0.008311 0.048482 -2.295301
    47 -0.000001 0.000000 0.000000 0.000000 -1.570796 -1.570793
    48 3.562498 -0.816636 -0.000028 0.009806 -0.004018 0.021400
    49 4.004025 -0.003178 -0.000071 0.021977 0.004684 0.085524
    50 4.004029 -0.003176 -0.000071 0.022101 0.004692 0.085492
    51 4.003753 -0.003188 0.000000 -0.000001 0.000000 0.000000
    52 5.029974 -0.763043 -0.000584 0.165519 0.064873 0.682733
    53 -0.905726 0.793273 1.051288 0.177607 -1.053522 2.301890
    54 5.773743 0.000002 -0.000001 -0.608143 1.260373 -0.025915
    55 -0.747116 0.391016 -1.356800 0.414242 1.351996 2.862078
    56 5.773743 -0.000002 0.000000 0.608145 -0.520179 -1.844848
  time 38
    0 0.000000 0.000000 0.000000 1.570796 0.000000 -1.570796
    1 -5.714844 -10.796875 -11.000000 -1.950732 -0.297871 -1.352280
    2 10.295580 -0.000001 0.000000 2.338661 -0.454003 -0.112066
    3 4.480469 1.199219 -0.714844 1.701082 -0.064777 1.621800
    4 0.000002 1.829102 4.101563 -1.570796 0.000000 0.000000
    5 0.000000 0.000000 2.771000 0.000000 0.000000 0.000000
    6 0.015809 5.098120 20.550776 0.000000 -1.570451 -1.570796
    7 -0.719085 5.300998 3.836287 0.000000 0.000000 2.792527
    8 0.587728 4.545158 4.786211 -1.570796 0.000000 0.000000
    9 0.730970 5.057619 -0.080114 -1.570796 0.000000 0.000000
    10 7.601563 -7.339844 -15.453125 -1.461595 -0.035863 -1.663707
    11 10.295583 0.000001 0.000000 -1.840595 0.237872 0.190409
    12 1.492188 0.389893 -1.285156 2.030832 0.733263 0.189050
    13 1.263878 0.000000 0.000000 -0.817992 -0.119931 0.240711
    14 1.188944 0.000000 0.000000 -0.009855 0.001996 0.251367
    15 3.773752 0.133216 -0.970574 0.128274 -0.086513 -0.189986
    16 1.433456 0.000000 0.000001 0.000000 0.000000 -0.041008
    17 1.019161 0.000000 0.000000 0.000000 0.000000 0.103724
    18 3.799511 0.014954 -0.039958 0.050138 -0.183119 -0.126777
    19 1.774881 0.000004 0.000001 -0.018863 0.002294 0.178400
    20 1.008846 0.000002 0.000000 -0.018747 0.002543 0.196607
    21 3.632761 0.059050 0.757493 -0.175261 -0.230691 0.044172
    22 1.500138 -0.000002 -0.000001 -0.075512 0.003775 0.326470
    23 0.905663 0.000000 0.000001 -0.075578 0.002282 0.307630
    24 3.323328 0.233746 1.479075 -0.287823 -0.141595 0.309239
    25 0.963099 0.000000 0.000000 -0.092696 -0.027988 0.155031
    26 0.682895 0.000000 0.000000 -0.092696 -0.027988 0.155031
    27 7.601563 -7.339844 -15.453125 -2.404051 -0.035902 -1.663647
    28 0.000000 2.627978 0.988434 -1.570796 0.000000 0.000000
    29 0.000000 6.086906 -2.262864 -1.570796 0.000000 0.000000
    30 1.149523 0.416497 1.414115 -1.769998 -0.202447 0.792236
    31 1.263876 0.000001 0.000000 -0.034282 0.189584 0.555298
    32 1.188942 0.000000 0.000000 0.000000 0.000000 0.295212
    33 3.773754 0.133215 0.970573 -0.000422 -0.025468 -0.121346
    34 1.433458 0.000000 0.000000 0.014514 -0.009810 0.847667
    35 1.019161 0.000000 -0.000001 0.014478 -0.008837 0.835823
    36 3.799514 0.014952 0.039957 0.279665 0.171546 1.103439
    37 1.774881 -0.000001 0.000000 0.015535 -0.040082 1.379122
    38 1.008846 0.000001 0.000000 0.033698 -0.026693 0.847881
    39 3.632764 0.059049 -0.757494 0.369431 0.065606 1.386970
    40 1.500137 0.000001 0.000001 0.061148 -0.055642 1.125235
    41 0.905663 0.000000 0.000000 0.079350 -0.023148 0.671075
    42 3.323329 0.233745 -1.479076 0.453115 -0.018233 1.420788
    43 0.963099 -0.000001 -0.000001 0.056283 -0.006181 0.656341
    44 0.682895 0.000000 0.000000 0.051699 -0.023100 0.966916
    45 -5.714844 -10.796875 -11.000000 -1.400646 -0.297865 -1.352279
    46 1.706055 -4.933594 -21.906250 0.008311 0.048482 -2.295301
    47 -0.000001 0.000000 0.000000 0.000000 -1.570796 -1.570793
    48 3.562498 -0.816636 -0.000028 0.009806 -0.004018 0.021400
    49 4.004025 -0.003178 -0.000071 0.021977 0.004684 0.085524
    50 4.004029 -0.003176 -0.000071 0.022101 0.004692 0.085492
    51 4.003753 -0.003188 0.000000 -0.000001 0.000000 0.000000
    52 5.029974 -0.763043 -0.000584 0.165519 0.064873 0.682733
    53 -0.905726 0.793273 1.051288 0.177607 -1.053522 2.301890
    54 5.773743 0.000002 -0.000001 -0.605374 1.262690 -0.018932
    55 -0.747116 0.391016 -1.356800 0.414242 1.351996 2.862078
    56 5.773743 -0.000002 0.000000 0.608818 -0.520020 -1.846729
  time 39
    0 0.000000 0.000000 0.000000 1.570796 0.000000 -1.570796
    1 -5.710938 -10.804688 -11.000000 -1.950820 -0.299468 -1.351302
    2 10.295580 -0.000001 0.000000 2.348221 -0.454433 -0.111560
    3 4.480469 1.199219 -0.714844 1.701082 -0.064777 1.621800
    4 0.000002 1.829102 4.101563 -1.570796 0.000000 0.000000
    5 0.000000 0.000000 2.771000 0.000000 0.000000 0.000000
    6 0.015809 5.098120 20.550776 0.000000 -1.570451 -1.570796
    7 -0.719085 5.300998 3.836287 0.000000 0.000000 2.792527
    8 0.587728 4.545158 4.786211 -1.570796 0.000000 0.000000
    9 0.730970 5.057619 -0.080114 -1.570796 0.000000 0.000000
    10 7.593750 -7.304688 -15.453125 -1.461371 -0.036552 -1.659833
    11 10.295583 0.000001 0.000000 -1.839875 0.241789 0.190936
    12 1.494141 0.389648 -1.285156 2.030725 0.733324 0.189089
    13 1.263878 0.000000 0.000000 -0.817992 -0.119931 0.240711
    14 1.188944 0.000000 0.000000 -0.009855 0.001996 0.251367
    15 3.773752 0.133216 -0.970574 0.128345 -0.084595 -0.189946
    16 1.433456 0.000000 0.000001 0.000000 0.000000 -0.041267
    17 1.019161 0.000000 0.000000 0.000000 0.000000 0.103292
    18 3.799511 0.014954 -0.039958 0.050569 -0.181929 -0.128517
    19 1.774881 0.000004 0.000001 -0.018872 0.002191 0.176581
    20 1.008846 0.000002 0.000000 -0.018747 0.002543 0.196607
    21 3.632761 0.059050 0.757493 -0.174710 -0.232072 0.041353
    22 1.500138 -0.000002 -0.000001 -0.075631 0.003500 0.323330
    23 0.905663 0.000000 0.000001 -0.075667 0.002186 0.304749
    24 3.323328 0.233746 1.479075 -0.287808 -0.147150 0.306834
    25 0.963099 0.000000 0.000000 -0.092674 -0.028171 0.152959
    26 0.682895 0.000000 0.000000 -0.092674 -0.028171 0.152959
    27 7.593750 -7.304688 -15.453125 -2.403974 -0.036460 -1.659790
    28 0.000000 2.627978 0.988434 -1.570796 0.000000 0.000000
    29 0.000000 6.086906 -2.262864 -1.570796 0.000000 0.000000
    30 1.149523 0.416497 1.414115 -1.769998 -0.202447 0.792236
    31 1.263876 0.000001 0.000000 -0.034282 0.189584 0.555298
    32 1.188942 0.000000 0.000000 0.000000 0.000000 0.295212
    33 3.773754 0.133215 0.970573 -0.000422 -0.025468 -0.121346
    34 1.433458 0.000000 0.000000 0.014514 -0.009810 0.847667
    35 1.019161 0.000000 -0.000001 0.014478 -0.008837 0.835823
    36 3.799514 0.014952 0.039957 0.279665 0.171546 1.103439
    37 1.774881 -0.000001 0.000000 0.015535 -0.040082 1.379122
    38 1.008846 0.000001 0.000000 0.033698 -0.026693 0.847881
    39 3.632764 0.059049 -0.757494 0.369431 0.065606 1.386970
    40 1.500137 0.000001 0.000001 0.061148 -0.055642 1.125235
    41 0.905663 0.000000 0.000000 0.079350 -0.023148 0.671075
    42 3.323329 0.233745 -1.479076 0.453115 -0.018233 1.420788
    43 0.963099 -0.000001 -0.000001 0.056283 -0.006181 0.656341
    44 0.682895 0.000000 0.000000 0.051699 -0.023100 0.966916
    45 -5.710938 -10.804688 -11.000000 -1.400609 -0.299590 -1.351280
    46 1.706055 -4.933594 -21.906250 0.008311 0.048482 -2.295301
    47 -0.000001 0.000000 0.000000 0.000000 -1.570796 -1.570793
    48 3.562498 -0.816636 -0.000028 0.009806 -0.004018 0.021400
    49 4.004025 -0.003178 -0.000071 0.021977 0.004684 0.085524
    50 4.004029 -0.003176 -0.000071 0.022101 0.004692 0.085492
    51 4.003753 -0.003188 0.000000 -0.000001 0.000000 0.000000
    52 5.029974 -0.763043 -0.000584 0.165519 0.064873 0.682733
    53 -0.905726 0.793273 1.051288 0.177607 -1.053522 2.301890
    54 5.773743 0.000002 -0.000001 -0.602690 1.264978 -0.012096
    55 -0.747116 0.391016 -1.356800 0.414242 1.351996 2.862078
    56 5.773743 -0.000002 0.000000 0.609228 -0.519851 -1.847974
  time 40
    0 0.000000 0.000000 0.000000 1.570796 0.000000 -1.570796
    1 -5.703125 -10.804688 -10.992188 -1.951004 -0.301148 -1.350479
    2 10.295580 -0.000001 0.000000 2.358153 -0.455138 -0.111130
    3 4.480469 1.199219 -0.714844 1.701082 -0.064777 1.621800
    4 0.000002 1.829102 4.101563 -1.570796 0.000000 0.000000
    5 0.000000 0.000000 2.771000 0.000000 0.000000 0.000000
    6 0.015809 5.098120 20.550776 0.000000 -1.570451 -1.570796
    7 -0.719085 5.300998 3.836287 0.000000 0.000000 2.792527
    8 0.587728 4.545158 4.786211 -1.570796 0.000000 0.000000
    9 0.730970 5.057619 -0.080114 -1.570796 0.000000 0.000000
    10 7.585938 -7.273438 -15.445313 -1.461501 -0.037378 -1.655959
    11 10.295583 0.000001 0.000000 -1.839389 0.245660 0.191385
    12 1.493164 0.389893 -1.285156 2.030608 0.733514 0.189161
    13 1.263878 0.000000 0.000000 -0.817992 -0.119931 0.240711
    14 1.188944 0.000000 0.000000 -0.009855 0.001996 0.251367
    15 3.773752 0.133216 -0.970574 0.128326 -0.082691 -0.189815
    16 1.433456 0.000000 0.000001 0.000000 0.000000 -0.041526
    17 1.019161 0.000000 0.000000 0.000000 0.000000 0.102946
    18 3.799511 0.014954 -0.039958 0.050827 -0.180925 -0.130161
    19 1.774881 0.000004 0.000001 -0.018796 0.002081 0.174848
    20 1.008846 0.000002 0.000000 -0.018824 0.002638 0.196693
    21 3.632761 0.059050 0.757493 -0.174067 -0.233454 0.038522
    22 1.500138 -0.000002 -0.000001 -0.075636 0.003388 0.320358
    23 0.905663 0.000000 0.000001 -0.075696 0.001900 0.301702
    24 3.323328 0.233746 1.479075 -0.287775 -0.152718 0.304343
    25 0.963099 0.000000 0.000000 -0.092654 -0.028345 0.151060
    26 0.682895 0.000000 0.000000 -0.092654 -0.028345 0.151060
    27 7.585938 -7.273438 -15.445313 -2.403883 -0.037291 -1.655946
    28 0.000000 2.627978 0.988434 -1.570796 0.000000 0.000000
    29 0.000000 6.086906 -2.262864 -1.570796 0.000000 0.000000
    30 1.149523 0.416497 1.414115 -1.769998 -0.202447 0.792236
    31 1.263876 0.000001 0.000000 -0.034282 0.189584 0.555298
    32 1.188942 0.000000 0.000000 0.000000 0.000000 0.295212
    33 3.773754 0.133215 0.970573 -0.000422 -0.025468 -0.121346
    34 1.433458 0.000000 0.000000 0.014514 -0.009810 0.847667
    35 1.019161 0.000000 -0.000001 0.014478 -0.008837 0.835823
    36 3.799514 0.014952 0.039957 0.279665 0.171546 1.103439
    37 1.774881 -0.000001 0.000000 0.015535 -0.040082 1.379122
    38 1.008846 0.000001 0.000000 0.033698 -0.026693 0.847881
    39 3.632764 0.059049 -0.757494 0.369431 0.065606 1.386970
    40 1.500137 0.000001 0.000001 0.061148 -0.055642 1.125235
    41 0.905663 0.000000 0.000000 0.079350 -0.023148 0.671075
    42 3.323329 0.233745 -1.479076 0.453115 -0.018233 1.420788
    43 0.963099 -0.000001 -0.000001 0.056283 -0.006181 0.656341
    44 0.682895 0.000000 0.000000 0.051699 -0.023100 0.966916
    45 -5.703125 -10.804688 -10.992188 -1.400824 -0.301139 -1.350482
    46 1.706055 -4.933594 -21.906250 0.008311 0.048482 -2.295301
    47 -0.000001 0.000000 0.000000 0.000000 -1.570796 -1.570793
    48 3.562498 -0.816636 -0.000028 0.009806 -0.004018 0.021400
    49 4.004025 -0.003178 -0.000071 0.021977 0.004684 0.085524
    50 4.004029 -0.003176 -0.000071 0.022101 0.004692 0.085492
    51 4.003753 -0.003188 0.000000 -0.000001 0.000000 0.000000
    52 5.029974 -0.763043 -0.000584 0.165519 0.064873 0.682733
    53 -0.905726 0.793273 1.051288 0.177607 -1.053522 2.301890
    54 5.773743 0.000002 -0.000001 -0.600095 1.267238 -0.005410
    55 -0.747116 0.391016 -1.356800 0.414242 1.351996 2.862078
    56 5.773743 -0.000002 0.000000 0.609496 -0.519666 -1.848335
  time 41
    0 0.000000 0.000000 0.000000 1.570796 0.000000 -1.570796
    1 -5.710938 -10.812500 -10.992188 -1.951365 -0.302773 -1.350140
    2 10.295580 -0.000001 0.000000 2.367720 -0.455901 -0.110907
    3 4.480469 1.199219 -0.714844 1.701082 -0.064777 1.621800
    4 0.000002 1.829102 4.101563 -1.570796 0.000000 0.000000
    5 0.000000 0.000000 2.771000 0.000000 0.000000 0.000000
    6 0.015809 5.098120 20.550776 0.000000 -1.570451 -1.570796
    7 -0.719085 5.300998 3.836287 0.000000 0.000000 2.792527
    8 0.587728 4.545158 4.786211 -1.570796 0.000000 0.000000
    9 0.730970 5.057619 -0.080114 -1.570796 0.000000 0.000000
    10 7.582031 -7.234375 -15.437500 -1.461412 -0.038073 -1.652083
    11 10.295583 0.000001 0.000000 -1.838781 0.249467 0.191920
    12 1.494141 0.389893 -1.285156 2.030577 0.733594 0.189103
    13 1.263878 0.000000 0.000000 -0.817992 -0.119931 0.240711
    14 1.188944 0.000000 0.000000 -0.009855 0.001996 0.251367
    15 3.773752 0.133216 -0.970574 0.128303 -0.080695 -0.189765
    16 1.433456 0.000000 0.000001 0.000000 0.000000 -0.041612
    17 1.019161 0.000000 0.000000 0.000000 0.000000 0.102687
    18 3.799511 0.014954 -0.039958 0.051159 -0.179742 -0.131805
    19 1.774881 0.000004 0.000001 -0.018876 0.002160 0.173288
    20 1.008846 0.000002 0.000000 -0.018824 0.002641 0.196953
    21 3.632761 0.059050 0.757493 -0.173498 -0.234840 0.035611
    22 1.500138 -0.000002 -0.000001 -0.075668 0.003108 0.317482
    23 0.905663 0.000000 0.000001 -0.075639 0.001604 0.298742
    24 3.323328 0.233746 1.479075 -0.287644 -0.158300 0.301846
    25 0.963099 0.000000 0.000000 -0.092540 -0.028439 0.149156
    26 0.682895 0.000000 0.000000 -0.092540 -0.028439 0.149156
    27 7.582031 -7.234375 -15.437500 -2.403892 -0.037934 -1.652120
    28 0.000000 2.627978 0.988434 -1.570796 0.000000 0.000000
    29 0.000000 6.086906 -2.262864 -1.570796 0.000000 0.000000
    30 1.149523 0.416497 1.414115 -1.769998 -0.202447 0.792236
    31 1.263876 0.000001 0.000000 -0.034282 0.189584 0.555298
    32 1.188942 0.000000 0.000000 0.000000 0.000000 0.295212
    33 3.773754 0.133215 0.970573 -0.000422 -0.025468 -0.121346
    34 1.433458 0.000000 0.000000 0.014514 -0.009810 0.847667
    35 1.019161 0.000000 -0.000001 0.014478 -0.008837 0.835823
    36 3.799514 0.014952 0.039957 0.279665 0.171546 1.103439
    37 1.774881 -0.000001 0.000000 0.015535 -0.040082 1.379122
    38 1.008846 0.000001 0.000000 0.033698 -0.026693 0.847881
    39 3.632764 0.059049 -0.757494 0.369431 0.065606 1.386970
    40 1.500137 0.000001 0.000001 0.061148 -0.055642 1.125235
    41 0.905663 0.000000 0.000000 0.079350 -0.023148 0.671075
    42 3.323329 0.233745 -1.479076 0.453115 -0.018233 1.420788
    43 0.963099 -0.000001 -0.000001 0.056283 -0.006181 0.656341
    44 0.682895 0.000000 0.000000 0.051699 -0.023100 0.966916
    45 -5.710938 -10.812500 -10.992188 -1.401281 -0.302735 -1.350151
    46 1.706055 -4.933594 -21.906250 0.008311 0.048482 -2.295301
    47 -0.000001 0.000000 0.000000 0.000000 -1.570796 -1.570793
    48 3.562498 -0.816636 -0.000028 0.009806 -0.004018 0.021400
    49 4.004025 -0.003178 -0.000071 0.021977 0.004684 0.085524
    50 4.004029 -0.003176 -0.000071 0.022101 0.004692 0.085492
    51 4.003753 -0.003188 0.000000 -0.000001 0.000000 0.000000
    52 5.029974 -0.763043 -0.000584 0.165519 0.064873 0.682733
    53 -0.905726 0.793273 1.051288 0.177607 -1.053522 2.301890
    54 5.773743 0.000002 -0.000001 -0.597586 1.269398 0.001261
    55 -0.747116 0.391016 -1.356800 0.414242 1.351996 2.862078
    56 5.773743 -0.000002 0.000000 0.609527 -0.519272 -1.848288
  time 42
    0 0.000000 0.000000 0.000000 1.570796 0.000000 -1.570796
    1 -5.714844 -10.804688 -10.992188 -1.951798 -0.303892 -1.350210
    2 10.295580 -0.000001 0.000000 2.376581 -0.456754 -0.111091
    3 4.480469 1.199219 -0.714844 1.701082 -0.064777 1.621800
    4 0.000002 1.829102 4.101563 -1.570796 0.000000 0.000000
    5 0.000000 0.000000 2.771000 0.000000 0.000000 0.000000
    6 0.015809 5.098120 20.550776 0.000000 -1.570451 -1.570796
    7 -0.719085 5.300998 3.836287 0.000000 0.000000 2.792527
    8 0.587728 4.545158 4.786211 -1.570796 0.000000 0.000000
    9 0.730970 5.057619 -0.080114 -1.570796 0.000000 0.000000
    10 7.574219 -7.203125 -15.429688 -1.461103 -0.038753 -1.648334
    11 10.295583 0.000001 0.000000 -1.838250 0.253353 0.192503
    12 1.493164 0.389893 -1.285156 2.030577 0.733594 0.189103
    13 1.263878 0.000000 0.000000 -0.817992 -0.119931 0.240711
    14 1.188944 0.000000 0.000000 -0.009855 0.001996 0.251367
    15 3.773752 0.133216 -0.970574 0.128374 -0.078777 -0.189724
    16 1.433456 0.000000 0.000001 0.000000 0.000000 -0.041785
    17 1.019161 0.000000 0.000000 0.000000 0.000000 0.102514
    18 3.799511 0.014954 -0.039958 0.051501 -0.178731 -0.133455
    19 1.774881 0.000004 0.000001 -0.018885 0.002058 0.171642
    20 1.008846 0.000002 0.000000 -0.018746 0.002547 0.197041
    21 3.632761 0.059050 0.757493 -0.172932 -0.236132 0.032779
    22 1.500138 -0.000002 -0.000001 -0.075686 0.002910 0.314515
    23 0.905663 0.000000 0.000001 -0.075641 0.001498 0.295951
    24 3.323328 0.233746 1.479075 -0.287566 -0.163688 0.299413
    25 0.963099 0.000000 0.000000 -0.092439 -0.028710 0.147173
    26 0.682895 0.000000 0.000000 -0.092439 -0.028710 0.147173
    27 7.574219 -7.203125 -15.429688 -2.403805 -0.038684 -1.648246
    28 0.000000 2.627978 0.988434 -1.570796 0.000000 0.000000
    29 0.000000 6.086906 -2.262864 -1.570796 0.000000 0.000000
    30 1.149523 0.416497 1.414115 -1.769998 -0.202447 0.792236
    31 1.263876 0.000001 0.000000 -0.034282 0.189584 0.555298
    32 1.188942 0.000000 0.000000 0.000000 0.000000 0.295212
    33 3.773754 0.133215 0.970573 -0.000422 -0.025468 -0.121346
    34 1.433458 0.000000 0.000000 0.014514 -0.009810 0.847667
    35 1.019161 0.000000 -0.000001 0.014478 -0.008837 0.835823
    36 3.799514 0.014952 0.039957 0.279665 0.171546 1.103439
    37 1.774881 -0.000001 0.000000 0.015535 -0.040082 1.379122
    38 1.008846 0.000001 0.000000 0.033698 -0.026693 0.847881
    39 3.632764 0.059049 -0.757494 0.369431 0.065606 1.386970
    40 1.500137 0.000001 0.000001 0.061148 -0.055642 1.125235
    41 0.905663 0.000000 0.000000 0.079350 -0.023148 0.671075
    42 3.323329 0.233745 -1.479076 0.453115 -0.018233 1.420788
    43 0.963099 -0.000001 -0.000001 0.056283 -0.006181 0.656341
    44 0.682895 0.000000 0.000000 0.051699 -0.023100 0.966916
    45 -5.714844 -10.804688 -10.992188 -1.401673 -0.303873 -1.350110
    46 1.706055 -4.933594 -21.906250 0.008311 0.048482 -2.295301
    47 -0.000001 0.000000 0.000000 0.000000 -1.570796 -1.570793
    48 3.562498 -0.816636 -0.000028 0.009806 -0.004018 0.021400
    49 4.004025 -0.003178 -0.000071 0.021977 0.004684 0.085524
    50 4.004029 -0.003176 -0.000071 0.022101 0.004692 0.085492
    51 4.003753 -0.003188 0.000000 -0.000001 0.000000 0.000000
    52 5.029974 -0.763043 -0.000584 0.165519 0.064873 0.682733
    53 -0.905726 0.793273 1.051288 0.177607 -1.053522 2.301890
    54 5.773743 0.000002 -0.000001 -0.595028 1.271633 0.007851
    55 -0.747116 0.391016 -1.356800 0.414242 1.351996 2.862078
    56 5.773743 -0.000002 0.000000 0.609250 -0.519101 -1.847508
  time 43
    0 0.000000 0.000000 0.000000 1.570796 0.000000 -1.570796
    1 -5.730469 -10.804688 -11.000000 -1.951976 -0.304153 -1.350692
    2 10.295580 -0.000001 0.000000 2.384439 -0.457597 -0.112040
    3 4.480469 1.199219 -0.714844 1.701082 -0.064777 1.621800
    4 0.000002 1.829102 4.101563 -1.570796 0.000000 0.000000
    5 0.000000 0.000000 2.771000 0.000000 0.000000 0.000000
    6 0.015809 5.098120 20.550776 0.000000 -1.570451 -1.570796
    7 -0.719085 5.300998 3.836287 0.000000 0.000000 2.792527
    8 0.587728 4.545158 4.786211 -1.570796 0.000000 0.000000
    9 0.730970 5.057619 -0.080114 -1.570796 0.000000 0.000000
    10 7.566406 -7.171875 -15.429688 -1.461146 -0.039525 -1.644276
    11 10.295583 0.000001 0.000000 -1.837629 0.257214 0.192978
    12 1.494141 0.389893 -1.285156 2.030577 0.733594 0.189103
    13 1.263878 0.000000 0.000000 -0.817992 -0.119931 0.240711
    14 1.188944 0.000000 0.000000 -0.009855 0.001996 0.251367
    15 3.773752 0.133216 -0.970574 0.128267 -0.076887 -0.189504
    16 1.433456 0.000000 0.000001 0.000000 0.000000 -0.041871
    17 1.019161 0.000000 0.000000 0.000000 0.000000 0.102514
    18 3.799511 0.014954 -0.039958 0.051902 -0.177458 -0.135015
    19 1.774881 0.000004 0.000001 -0.018801 0.002035 0.169996
    20 1.008846 0.000002 0.000000 -0.018832 0.002559 0.197387
    21 3.632761 0.059050 0.757493 -0.172462 -0.237413 0.030043
    22 1.500138 -0.000002 -0.000001 -0.075632 0.002621 0.311727
    23 0.905663 0.000000 0.000001 -0.075570 0.001288 0.292989
    24 3.323328 0.233746 1.479075 -0.287420 -0.169259 0.297004
    25 0.963099 0.000000 0.000000 -0.092505 -0.028874 0.145363
    26 0.682895 0.000000 0.000000 -0.092505 -0.028874 0.145363
    27 7.566406 -7.171875 -15.429688 -2.403622 -0.039544 -1.644325
    28 0.000000 2.627978 0.988434 -1.570796 0.000000 0.000000
    29 0.000000 6.086906 -2.262864 -1.570796 0.000000 0.000000
    30 1.149523 0.416497 1.414115 -1.769998 -0.202447 0.792236
    31 1.263876 0.000001 0.000000 -0.034282 0.189584 0.555298
    32 1.188942 0.000000 0.000000 0.000000 0.000000 0.295212
    33 3.773754 0.133215 0.970573 -0.000422 -0.025468 -0.121346
    34 1.433458 0.000000 0.000000 0.014514 -0.009810 0.847667
    35 1.019161 0.000000 -0.000001 0.014478 -0.008837 0.835823
    36 3.799514 0.014952 0.039957 0.279665 0.171546 1.103439
    37 1.774881 -0.000001 0.000000 0.015535 -0.040082 1.379122
    38 1.008846 0.000001 0.000000 0.033698 -0.026693 0.847881
    39 3.632764 0.059049 -0.757494 0.369431 0.065606 1.386970
    40 1.500137 0.000001 0.000001 0.061148 -0.055642 1.125235
    41 0.905663 0.000000 0.000000 0.079350 -0.023148 0.671075
    42 3.323329 0.233745 -1.479076 0.453115 -0.018233 1.420788
    43 0.963099 -0.000001 -0.000001 0.056283 -0.006181 0.656341
    44 0.682895 0.000000 0.000000 0.051699 -0.023100 0.966916
    45 -5.730469 -10.804688 -11.000000 -1.401848 -0.304231 -1.350671
    46 1.706055 -4.933594 -21.906250 0.008311 0.048482 -2.295301
    47 -0.000001 0.000000 0.000000 0.000000 -1.570796 -1.570793
    48 3.562498 -0.816636 -0.000028 0.009806 -0.004018 0.021400
    49 4.004025 -0.003178 -0.000071 0.021977 0.004684 0.085524
    50 4.004029 -0.003176 -0.000071 0.022101 0.004692 0.085492
    51 4.003753 -0.003188 0.000000 -0.000001 0.000000 0.000000
    52 5.029974 -0.763043 -0.000584 0.165519 0.064873 0.682733
    53 -0.905726 0.793273 1.051288 0.177607 -1.053522 2.301890
    54 5.773743 0.000002 -0.000001 -0.593057 1.273771 0.014054
    55 -0.747116 0.391016 -1.356800 0.414242 1.351996 2.862078
    56 5.773743 -0.000002 0.000000 0.608729 -0.519246 -1.846132
  time 44
    0 0.000000 0.000000 0.000000 1.570796 0.000000 -1.570796
    1 -5.742188 -10.796875 -11.007813 -1.952142 -0.303926 -1.351278
    2 10.295580 -0.000001 0.000000 2.390665 -0.458501 -0.113491
    3 4.480469 1.199219 -0.714844 1.701082 -0.064777 1.621800
    4 0.000002 1.829102 4.101563 -1.570796 0.000000 0.000000
    5 0.000000 0.000000 2.771000 0.000000 0.000000 0.000000
    6 0.015809 5.098120 20.550776 0.000000 -1.570451 -1.570796
    7 -0.719085 5.300998 3.836287 0.000000 0.000000 2.792527
    8 0.587728 4.545158 4.786211 -1.570796 0.000000 0.000000
    9 0.730970 5.057619 -0.080114 -1.570796 0.000000 0.000000
    10 7.558594 -7.140625 -15.421875 -1.461086 -0.040338 -1.640530
    11 10.295583 0.000001 0.000000 -1.837084 0.261152 0.193501
    12 1.494141 0.389893 -1.284180 2.030663 0.733483 0.188973
    13 1.263878 0.000000 0.000000 -0.817992 -0.119931 0.240711
    14 1.188944 0.000000 0.000000 -0.009855 0.001996 0.251367
    15 3.773752 0.133216 -0.970574 0.128434 -0.075047 -0.189474
    16 1.433456 0.000000 0.000001 0.000000 0.000000 -0.042044
    17 1.019161 0.000000 0.000000 0.000000 0.000000 0.102514
    18 3.799511 0.014954 -0.039958 0.052138 -0.176457 -0.136481
    19 1.774881 0.000004 0.000001 -0.018888 0.002029 0.168523
    20 1.008846 0.000002 0.000000 -0.018737 0.002639 0.197734
    21 3.632761 0.059050 0.757493 -0.171914 -0.238775 0.027392
    22 1.500138 -0.000002 -0.000001 -0.075563 0.002417 0.308936
    23 0.905663 0.000000 0.000001 -0.075682 0.001028 0.290293
    24 3.323328 0.233746 1.479075 -0.287461 -0.174877 0.294711
    25 0.963099 0.000000 0.000000 -0.092401 -0.029046 0.143636
    26 0.682895 0.000000 0.000000 -0.092401 -0.029046 0.143636
    27 7.558594 -7.140625 -15.421875 -2.403631 -0.040187 -1.640499
    28 0.000000 2.627978 0.988434 -1.570796 0.000000 0.000000
    29 0.000000 6.086906 -2.262864 -1.570796 0.000000 0.000000
    30 1.149523 0.416497 1.414115 -1.769998 -0.202447 0.792236
    31 1.263876 0.000001 0.000000 -0.034282 0.189584 0.555298
    32 1.188942 0.000000 0.000000 0.000000 0.000000 0.295212
    33 3.773754 0.133215 0.970573 -0.000422 -0.025468 -0.121346
    34 1.433458 0.000000 0.000000 0.014514 -0.009810 0.847667
    35 1.019161 0.000000 -0.000001 0.014478 -0.008837 0.835823
    36 3.799514 0.014952 0.039957 0.279665 0.171546 1.103439
    37 1.774881 -0.000001 0.000000 0.015535 -0.040082 1.379122
    38 1.008846 0.000001 0.000000 0.033698 -0.026693 0.847881
    39 3.632764 0.059049 -0.757494 0.369431 0.065606 1.386970
    40 1.500137 0.000001 0.000001 0.061148 -0.055642 1.125235
    41 0.905663 0.000000 0.000000 0.079350 -0.023148 0.671075
    42 3.323329 0.233745 -1.479076 0.453115 -0.018233 1.420788
    43 0.963099 -0.000001 -0.000001 0.056283 -0.006181 0.656341
    44 0.682895 0.000000 0.000000 0.051699 -0.023100 0.966916
    45 -5.742188 -10.796875 -11.007813 -1.402115 -0.303960 -1.351176
    46 1.706055 -4.933594 -21.906250 0.008311 0.048482 -2.295301
    47 -0.000001 0.000000 0.000000 0.000000 -1.570796 -1.570793
    48 3.562498 -0.816636 -0.000028 0.009806 -0.004018 0.021400
    49 4.004025 -0.003178 -0.000071 0.021977 0.004684 0.085524
    50 4.004029 -0.003176 -0.000071 0.022101 0.004692 0.085492
    51 4.003753 -0.003188 0.000000 -0.000001 0.000000 0.000000
    52 5.029974 -0.763043 -0.000584 0.165519 0.064873 0.682733
    53 -0.905726 0.793273 1.051288 0.177607 -1.053522 2.301890
    54 5.773743 0.000002 -0.000001 -0.591193 1.275883 0.020089
    55 -0.747116 0.391016 -1.356800 0.414242 1.351996 2.862078
    56 5.773743 -0.000002 0.000000 0.608290 -0.519451 -1.844765
  time 45
    0 0.000000 0.000000 0.000000 1.570796 0.000000 -1.570796
    1 -5.746094 -10.789063 -11.015625 -1.952408 -0.303515 -1.351949
    2 10.295580 -0.000001 0.000000 2.394795 -0.459156 -0.114980
    3 4.480469 1.199219 -0.714844 1.701082 -0.064777 1.621800
    4 0.000002 1.829102 4.101563 -1.570796 0.000000 0.000000
    5 0.000000 0.000000 2.771000 0.000000 0.000000 0.000000
    6 0.015809 5.098120 20.550776 0.000000 -1.570451 -1.570796
    7 -0.719085 5.300998 3.836287 0.000000 0.000000 2.792527
    8 0.587728 4.545158 4.786211 -1.570796 0.000000 0.000000
    9 0.730970 5.057619 -0.080114 -1.570796 0.000000 0.000000
    10 7.550781 -7.117188 -15.414063 -1.461035 -0.041043 -1.636532
    11 10.295583 0.000001 0.000000 -1.836530 0.265091 0.194028
    12 1.494141 0.389893 -1.285156 2.030716 0.733454 0.189121
    13 1.263878 0.000000 0.000000 -0.817992 -0.119931 0.240711
    14 1.188944 0.000000 0.000000 -0.009855 0.001996 0.251367
    15 3.773752 0.133216 -0.970574 0.128410 -0.073154 -0.189171
    16 1.433456 0.000000 0.000001 0.000000 0.000000 -0.042044
    17 1.019161 0.000000 0.000000 0.000000 0.000000 0.102687
    18 3.799511 0.014954 -0.039958 0.052525 -0.175362 -0.137784
    19 1.774881 0.000004 0.000001 -0.018897 0.001929 0.167052
    20 1.008846 0.000002 0.000000 -0.018736 0.002643 0.198081
    21 3.632761 0.059050 0.757493 -0.171276 -0.240223 0.024736
    22 1.500138 -0.000002 -0.000001 -0.075580 0.002226 0.306146
    23 0.905663 0.000000 0.000001 -0.075611 0.000825 0.287506
    24 3.323328 0.233746 1.479075 -0.287279 -0.180365 0.292286
    25 0.963099 0.000000 0.000000 -0.092380 -0.029216 0.141824
    26 0.682895 0.000000 0.000000 -0.092297 -0.029214 0.141996
    27 7.550781 -7.117188 -15.414063 -2.403541 -0.041051 -1.636577
    28 0.000000 2.627978 0.988434 -1.570796 0.000000 0.000000
    29 0.000000 6.086906 -2.262864 -1.570796 0.000000 0.000000
    30 1.149523 0.416497 1.414115 -1.769998 -0.202447 0.792236
    31 1.263876 0.000001 0.000000 -0.034282 0.189584 0.555298
    32 1.188942 0.000000 0.000000 0.000000 0.000000 0.295212
    33 3.773754 0.133215 0.970573 -0.000422 -0.025468 -0.121346
    34 1.433458 0.000000 0.000000 0.014514 -0.009810 0.847667
    35 1.019161 0.000000 -0.000001 0.014478 -0.008837 0.835823
    36 3.799514 0.014952 0.039957 0.279665 0.171546 1.103439
    37 1.774881 -0.000001 0.000000 0.015535 -0.040082 1.379122
    38 1.008846 0.000001 0.000000 0.033698 -0.026693 0.847881
    39 3.632764 0.059049 -0.757494 0.369431 0.065606 1.386970
    40 1.500137 0.000001 0.000001 0.061148 -0.055642 1.125235
    41 0.905663 0.000000 0.000000 0.079350 -0.023148 0.671075
    42 3.323329 0.233745 -1.479076 0.453115 -0.018233 1.420788
    43 0.963099 -0.000001 -0.000001 0.056283 -0.006181 0.656341
    44 0.682895 0.000000 0.000000 0.051699 -0.023100 0.966916
    45 -5.746094 -10.789063 -11.015625 -1.402260 -0.303430 -1.351931
    46 1.706055 -4.933594 -21.906250 0.008311 0.048482 -2.295301
    47 -0.000001 0.000000 0.000000 0.000000 -1.570796 -1.570793
    48 3.562498 -0.816636 -0.000028 0.009806 -0.004018 0.021400
    49 4.004025 -0.003178 -0.000071 0.021977 0.004684 0.085524
    50 4.004029 -0.003176 -0.000071 0.022101 0.004692 0.085492
    51 4.003753 -0.003188 0.000000 -0.000001 0.000000 0.000000
    52 5.029974 -0.763043 -0.000584 0.165519 0.064873 0.682733
    53 -0.905726 0.793273 1.051288 0.177607 -1.053522 2.301890
    54 5.773743 0.000002 -0.000001 -0.589439 1.277969 0.025953
    55 -0.747116 0.391016 -1.356800 0.414242 1.351996 2.862078
    56 5.773743 -0.000002 0.000000 0.607739 -0.519631 -1.843265
  time 46
    0 0.000000 0.000000 0.000000 1.570796 0.000000 -1.570796
    1 -5.761719 -10.781250 -11.023438 -1.952463 -0.303178 -1.352577
    2 10.295580 -0.000001 0.000000 2.396756 -0.459828 -0.116196
    3 4.480469 1.199219 -0.714844 1.701082 -0.064777 1.621800
    4 0.000002 1.829102 4.101563 -1.570796 0.000000 0.000000
    5 0.000000 0.000000 2.771000 0.000000 0.000000 0.000000
    6 0.015809 5.098120 20.550776 0.000000 -1.570451 -1.570796
    7 -0.719085 5.300998 3.836287 0.000000 0.000000 2.792527
    8 0.587728 4.545158 4.786211 -1.570796 0.000000 0.000000
    9 0.730970 5.057619 -0.080114 -1.570796 0.000000 0.000000
    10 7.542969 -7.085938 -15.406250 -1.460875 -0.042046 -1.632615
    11 10.295583 0.000001 0.000000 -1.835856 0.269020 0.194574
    12 1.493164 0.389893 -1.284180 2.030885 0.733234 0.189197
    13 1.263878 0.000000 0.000000 -0.817992 -0.119931 0.240711
    14 1.188944 0.000000 0.000000 -0.009855 0.001996 0.251367
    15 3.773752 0.133216 -0.970574 0.128406 -0.071331 -0.189134
    16 1.433456 0.000000 0.000001 0.000000 0.000000 -0.042044
    17 1.019161 0.000000 0.000000 0.000000 0.000000 0.102946
    18 3.799511 0.014954 -0.039958 0.052825 -0.174184 -0.139162
    19 1.774881 0.000004 0.000001 -0.018812 0.001909 0.165752
    20 1.008846 0.000002 0.000000 -0.018736 0.002647 0.198601
    21 3.632761 0.059050 0.757493 -0.170806 -0.241494 0.022084
    22 1.500138 -0.000002 -0.000001 -0.075609 0.001953 0.303447
    23 0.905663 0.000000 0.000001 -0.075709 0.000646 0.284721
    24 3.323328 0.233746 1.479075 -0.287204 -0.185901 0.290059
    25 0.963099 0.000000 0.000000 -0.092278 -0.029380 0.140270
    26 0.682895 0.000000 0.000000 -0.092278 -0.029380 0.140270
    27 7.542969 -7.085938 -15.406250 -2.403358 -0.041912 -1.632657
    28 0.000000 2.627978 0.988434 -1.570796 0.000000 0.000000
    29 0.000000 6.086906 -2.262864 -1.570796 0.000000 0.000000
    30 1.149523 0.416497 1.414115 -1.769998 -0.202447 0.792236
    31 1.263876 0.000001 0.000000 -0.034282 0.189584 0.555298
    32 1.188942 0.000000 0.000000 0.000000 0.000000 0.295212
    33 3.773754 0.133215 0.970573 -0.000422 -0.025468 -0.121346
    34 1.433458 0.000000 0.000000 0.014514 -0.009810 0.847667
    35 1.019161 0.000000 -0.000001 0.014478 -0.008837 0.835823
    36 3.799514 0.014952 0.039957 0.279665 0.171546 1.103439
    37 1.774881 -0.000001 0.000000 0.015535 -0.040082 1.379122
    38 1.008846 0.000001 0.000000 0.033698 -0.026693 0.847881
    39 3.632764 0.059049 -0.757494 0.369431 0.065606 1.386970
    40 1.500137 0.000001 0.000001 0.061148 -0.055642 1.125235
    41 0.905663 0.000000 0.000000 0.079350 -0.023148 0.671075
    42 3.323329 0.233745 -1.479076 0.453115 -0.018233 1.420788
    43 0.963099 -0.000001 -0.000001 0.056283 -0.006181 0.656341
    44 0.682895 0.000000 0.000000 0.051699 -0.023100 0.966916
    45 -5.761719 -10.781250 -11.023438 -1.402237 -0.303054 -1.352595
    46 1.706055 -4.933594 -21.906250 0.008311 0.048482 -2.295301
    47 -0.000001 0.000000 0.000000 0.000000 -1.570796 -1.570793
    48 3.562498 -0.816636 -0.000028 0.009806 -0.004018 0.021400
    49 4.004025 -0.003178 -0.000071 0.021977 0.004684 0.085524
    50 4.004029 -0.003176 -0.000071 0.022101 0.004692 0.085492
    51 4.003753 -0.003188 0.000000 -0.000001 0.000000 0.000000
    52 5.029974 -0.763043 -0.000584 0.165519 0.064873 0.682733
    53 -0.905726 0.793273 1.051288 0.177607 -1.053522 2.301890
    54 5.773743 0.000002 -0.000001 -0.587894 1.280062 0.031673
    55 -0.747116 0.391016 -1.356800 0.414242 1.351996 2.862078
    56 5.773743 -0.000002 0.000000 0.607136 -0.519715 -1.841877
  time 47
    0 0.000000 0.000000 0.000000 1.570796 0.000000 -1.570796
    1 -5.761719 -10.773438 -11.023438 -1.952534 -0.302867 -1.353008
    2 10.295580 -0.000001 0.000000 2.397123 -0.460225 -0.117082
    3 4.480469 1.199219 -0.714844 1.701082 -0.064777 1.621800
    4 0.000002 1.829102 4.101563 -1.570796 0.000000 0.000000
    5 0.000000 0.000000 2.771000 0.000000 0.000000 0.000000
    6 0.015809 5.098120 20.550776 0.000000 -1.570451 -1.570796
    7 -0.719085 5.300998 3.836287 0.000000 0.000000 2.792527
    8 0.587728 4.545158 4.786211 -1.570796 0.000000 0.000000
    9 0.730970 5.057619 -0.080114 -1.570796 0.000000 0.000000
    10 7.535156 -7.058594 -15.406250 -1.460730 -0.042684 -1.628678
    11 10.295583 0.000001 0.000000 -1.835347 0.273158 0.195141
    12 1.493164 0.389893 -1.284180 2.031185 0.733003 0.189322
    13 1.263878 0.000000 0.000000 -0.817992 -0.119931 0.240711
    14 1.188944 0.000000 0.000000 -0.009855 0.001996 0.251367
    15 3.773752 0.133216 -0.970574 0.128292 -0.069355 -0.188909
    16 1.433456 0.000000 0.000001 0.000000 0.000000 -0.042044
    17 1.019161 0.000000 0.000000 0.000000 0.000000 0.103119
    18 3.799511 0.014954 -0.039958 0.053056 -0.173183 -0.140627
    19 1.774881 0.000004 0.000001 -0.018814 0.001896 0.164367
    20 1.008846 0.000002 0.000000 -0.018821 0.002661 0.199122
    21 3.632761 0.059050 0.757493 -0.170276 -0.242744 0.019684
    22 1.500138 -0.000002 -0.000001 -0.075697 0.001864 0.300742
    23 0.905663 0.000000 0.000001 -0.075735 0.000373 0.282026
    24 3.323328 0.233746 1.479075 -0.287113 -0.191341 0.287904
    25 0.963099 0.000000 0.000000 -0.092260 -0.029542 0.138632
    26 0.682895 0.000000 0.000000 -0.092260 -0.029542 0.138632
    27 7.535156 -7.058594 -15.406250 -2.403363 -0.042810 -1.628652
    28 0.000000 2.627978 0.988434 -1.570796 0.000000 0.000000
    29 0.000000 6.086906 -2.262864 -1.570796 0.000000 0.000000
    30 1.149523 0.416497 1.414115 -1.769998 -0.202447 0.792236
    31 1.263876 0.000001 0.000000 -0.034282 0.189584 0.555298
    32 1.188942 0.000000 0.000000 0.000000 0.000000 0.295212
    33 3.773754 0.133215 0.970573 -0.000422 -0.025468 -0.121346
    34 1.433458 0.000000 0.000000 0.014514 -0.009810 0.847667
    35 1.019161 0.000000 -0.000001 0.014478 -0.008837 0.835823
    36 3.799514 0.014952 0.039957 0.279665 0.171546 1.103439
    37 1.774881 -0.000001 0.000000 0.015535 -0.040082 1.379122
    38 1.008846 0.000001 0.000000 0.033698 -0.026693 0.847881
    39 3.632764 0.059049 -0.757494 0.369431 0.065606 1.386970
    40 1.500137 0.000001 0.000001 0.061148 -0.055642 1.125235
    41 0.905663 0.000000 0.000000 0.079350 -0.023148 0.671075
    42 3.323329 0.233745 -1.479076 0.453115 -0.018233 1.420788
    43 0.963099 -0.000001 -0.000001 0.056283 -0.006181 0.656341
    44 0.682895 0.000000 0.000000 0.051699 -0.023100 0.966916
    45 -5.761719 -10.773438 -11.023438 -1.402454 -0.302870 -1.352926
    46 1.706055 -4.933594 -21.906250 0.008311 0.048482 -2.295301
    47 -0.000001 0.000000 0.000000 0.000000 -1.570796 -1.570793
    48 3.562498 -0.816636 -0.000028 0.009806 -0.004018 0.021400
    49 4.004025 -0.003178 -0.000071 0.021977 0.004684 0.085524
    50 4.004029 -0.003176 -0.000071 0.022101 0.004692 0.085492
    51 4.003753 -0.003188 0.000000 -0.000001 0.000000 0.000000
    52 5.029974 -0.763043 -0.000584 0.165519 0.064873 0.682733
    53 -0.905726 0.793273 1.051288 0.177607 -1.053522 2.301890
    54 5.773743 0.000002 -0.000001 -0.586406 1.282264 0.037334
    55 -0.747116 0.391016 -1.356800 0.414242 1.351996 2.862078
    56 5.773743 -0.000002 0.000000 0.606880 -0.520034 -1.841028
  time 48
    0 0.000000 0.000000 0.000000 1.570796 0.000000 -1.570796
    1 -5.765625 -10.773438 -11.031250 -1.952631 -0.302562 -1.353118
    2 10.295580 -0.000001 0.000000 2.397252 -0.460879 -0.117342
    3 4.480469 1.199219 -0.714844 1.701082 -0.064777 1.621800
    4 0.000002 1.829102 4.101563 -1.570796 0.000000 0.000000
    5 0.000000 0.000000 2.771000 0.000000 0.000000 0.000000
    6 0.015809 5.098120 20.550776 0.000000 -1.570451 -1.570796
    7 -0.719085 5.300998 3.836287 0.000000 0.000000 2.792527
    8 0.587728 4.545158 4.786211 -1.570796 0.000000 0.000000
    9 0.730970 5.057619 -0.080114 -1.570796 0.000000 0.000000
    10 7.523438 -7.027344 -15.398438 -1.460591 -0.043754 -1.624703
    11 10.295583 0.000001 0.000000 -1.834624 0.277102 0.195824
    12 1.493164 0.389893 -1.285156 2.031340 0.732603 0.189278
    13 1.263878 0.000000 0.000000 -0.817992 -0.119931 0.240711
    14 1.188944 0.000000 0.000000 -0.009855 0.001996 0.251367
    15 3.773752 0.133216 -0.970574 0.128290 -0.067628 -0.188705
    16 1.433456 0.000000 0.000001 0.000000 0.000000 -0.041871
    17 1.019161 0.000000 0.000000 0.000000 0.000000 0.103465
    18 3.799511 0.014954 -0.039958 0.053338 -0.172009 -0.141830
    19 1.774881 0.000004 0.000001 -0.018901 0.001890 0.162981
    20 1.008846 0.000002 0.000000 -0.018820 0.002665 0.199555
    21 3.632761 0.059050 0.757493 -0.169816 -0.244180 0.017133
    22 1.500138 -0.000002 -0.000001 -0.075541 0.001650 0.298041
    23 0.905663 0.000000 0.000001 -0.075576 0.000164 0.279416
    24 3.323328 0.233746 1.479075 -0.286940 -0.196879 0.285755
    25 0.963099 0.000000 0.000000 -0.092142 -0.029541 0.136897
    26 0.682895 0.000000 0.000000 -0.092142 -0.029541 0.136897
    27 7.523438 -7.027344 -15.398438 -2.403181 -0.043673 -1.624733
    28 0.000000 2.627978 0.988434 -1.570796 0.000000 0.000000
    29 0.000000 6.086906 -2.262864 -1.570796 0.000000 0.000000
    30 1.149523 0.416497 1.414115 -1.769998 -0.202447 0.792236
    31 1.263876 0.000001 0.000000 -0.034282 0.189584 0.555298
    32 1.188942 0.000000 0.000000 0.000000 0.000000 0.295212
    33 3.773754 0.133215 0.970573 -0.000422 -0.025468 -0.121346
    34 1.433458 0.000000 0.000000 0.014514 -0.009810 0.847667
    35 1.019161 0.000000 -0.000001 0.014478 -0.008837 0.835823
    36 3.799514 0.014952 0.039957 0.279665 0.171546 1.103439
    37 1.774881 -0.000001 0.000000 0.015535 -0.040082 1.379122
    38 1.008846 0.000001 0.000000 0.033698 -0.026693 0.847881
    39 3.632764 0.059049 -0.757494 0.369431 0.065606 1.386970
    40 1.500137 0.000001 0.000001 0.061148 -0.055642 1.125235
    41 0.905663 0.000000 0.000000 0.079350 -0.023148 0.671075
    42 3.323329 0.233745 -1.479076 0.453115 -0.018233 1.420788
    43 0.963099 -0.000001 -0.000001 0.056283 -0.006181 0.656341
    44 0.682895 0.000000 0.000000 0.051699 -0.023100 0.966916
    45 -5.765625 -10.773438 -11.031250 -1.402397 -0.302684 -1.352984
    46 1.706055 -4.933594 -21.906250 0.008311 0.048482 -2.295301
    47 -0.000001 0.000000 0.000000 0.000000 -1.570796 -1.570793
    48 3.562498 -0.816636 -0.000028 0.009806 -0.004018 0.021400
    49 4.004025 -0.003178 -0.000071 0.021977 0.004684 0.085524
    50 4.004029 -0.003176 -0.000071 0.022101 0.004692 0.085492
    51 4.003753 -0.003188 0.000000 -0.000001 0.000000 0.000000
    52 5.029974 -0.763043 -0.000584 0.165519 0.064873 0.682733
    53 -0.905726 0.793273 1.051288 0.177607 -1.053522 2.301890
    54 5.773743 0.000002 -0.000001 -0.585257 1.284205 0.042607
    55 -0.747116 0.391016 -1.356800 0.414242 1.351996 2.862078
    56 5.773743 -0.000002 0.000000 0.606709 -0.520081 -1.840652
  time 49
    0 0.000000 0.000000 0.000000 1.570796 0.000000 -1.570796
    1 -5.765625 -10.773438 -11.031250 -1.952411 -0.302463 -1.353177
    2 10.295580 -0.000001 0.000000 2.396725 -0.461271 -0.117177
    3 4.480469 1.199219 -0.714844 1.701082 -0.064777 1.621800
    4 0.000002 1.829102 4.101563 -1.570796 0.000000 0.000000
    5 0.000000 0.000000 2.771000 0.000000 0.000000 0.000000
    6 0.015809 5.098120 20.550776 0.000000 -1.570451 -1.570796
    7 -0.719085 5.300998 3.836287 0.000000 0.000000 2.792527
    8 0.587728 4.545158 4.786211 -1.570796 0.000000 0.000000
    9 0.730970 5.057619 -0.080114 -1.570796 0.000000 0.000000
    10 7.515625 -7.000000 -15.390625 -1.460697 -0.044522 -1.620768
    11 10.295583 0.000001 0.000000 -1.834032 0.281042 0.196370
    12 1.493164 0.389648 -1.286133 2.031661 0.732422 0.189492
    13 1.263878 0.000000 0.000000 -0.817992 -0.119931 0.240711
    14 1.188944 0.000000 0.000000 -0.009855 0.001996 0.251367
    15 3.773752 0.133216 -0.970574 0.128364 -0.065813 -0.188412
    16 1.433456 0.000000 0.000001 0.000000 0.000000 -0.041785
    17 1.019161 0.000000 0.000000 0.000000 0.000000 0.103897
    18 3.799511 0.014954 -0.039958 0.053719 -0.170913 -0.143131
    19 1.774881 0.000004 0.000001 -0.018809 0.001957 0.161681
    20 1.008846 0.000002 0.000000 -0.018733 0.002662 0.200163
    21 3.632761 0.059050 0.757493 -0.169247 -0.245450 0.014466
    22 1.500138 -0.000002 -0.000001 -0.075641 0.001482 0.295515
    23 0.905663 0.000000 0.000001 -0.075674 -0.000008 0.276806
    24 3.323328 0.233746 1.479075 -0.286830 -0.202321 0.283600
    25 0.963099 0.000000 0.000000 -0.092126 -0.029695 0.135431
    26 0.682895 0.000000 0.000000 -0.092126 -0.029695 0.135431
    27 7.515625 -7.000000 -15.390625 -2.403095 -0.044458 -1.620780
    28 0.000000 2.627978 0.988434 -1.570796 0.000000 0.000000
    29 0.000000 6.086906 -2.262864 -1.570796 0.000000 0.000000
    30 1.149523 0.416497 1.414115 -1.769998 -0.202447 0.792236
    31 1.263876 0.000001 0.000000 -0.034282 0.189584 0.555298
    32 1.188942 0.000000 0.000000 0.000000 0.000000 0.295212
    33 3.773754 0.133215 0.970573 -0.000422 -0.025468 -0.121346
    34 1.433458 0.000000 0.000000 0.014514 -0.009810 0.847667
    35 1.019161 0.000000 -0.000001 0.014478 -0.008837 0.835823
    36 3.799514 0.014952 0.039957 0.279665 0.171546 1.103439
    37 1.774881 -0.000001 0.000000 0.015535 -0.040082 1.379122
    38 1.008846 0.000001 0.000000 0.033698 -0.026693 0.847881
    39 3.632764 0.059049 -0.757494 0.369431 0.065606 1.386970
    40 1.500137 0.000001 0.000001 0.061148 -0.055642 1.125235
    41 0.905663 0.000000 0.000000 0.079350 -0.023148 0.671075
    42 3.323329 0.233745 -1.479076 0.453115 -0.018233 1.420788
    43 0.963099 -0.000001 -0.000001 0.056283 -0.006181 0.656341
    44 0.682895 0.000000 0.000000 0.051699 -0.023100 0.966916
    45 -5.765625 -10.773438 -11.031250 -1.402420 -0.302477 -1.353154
    46 1.706055 -4.937500 -21.906250 0.008311 0.048482 -2.295301
    47 -0.000001 0.000000 0.000000 0.000000 -1.570796 -1.570793
    48 3.562498 -0.816636 -0.000028 0.009806 -0.004018 0.021400
    49 4.004025 -0.003178 -0.000071 0.021977 0.004684 0.085524
    50 4.004029 -0.003176 -0.000071 0.022101 0.004692 0.085492
    51 4.003753 -0.003188 0.000000 -0.000001 0.000000 0.000000
    52 5.029974 -0.763043 -0.000584 0.165519 0.064873 0.682733
    53 -0.905726 0.793273 1.051288 0.177607 -1.053522 2.301890
    54 5.773743 0.000002 -0.000001 -0.584267 1.286290 0.047844
    55 -0.747116 0.391016 -1.356800 0.414242 1.351996 2.862078
    56 5.773743 -0.000002 0.000000 0.606663 -0.520314 -1.840552
end
