rank,candidate_id,relative_path,candidate_type,score,sha256,primary_recall_reason,config_reference_count,related_texture_count,related_shader_count,related_sound_count,mesh_count,triangle_count,identity_status,next_action
1,P5T01-C00457,data/rf016/Models/PLAYERVIEW/PV-M4A1_S_BornBeast.LTB,model,220,5dbcee45c4565b2026a4e4d2d639a4b7022b4f4fc1c5ef69bc8f49fd5a6c54f7,keyword:M4,6,3,0,1,11,5342,CANDIDATE_ONLY,P5-T02 geometry/parts comparison
2,P5T01-C00476,data/rf016/Models/PLAYERVIEW/PV-M4A1_S_BornBeast_Classic.LTB,model,220,5dbcee45c4565b2026a4e4d2d639a4b7022b4f4fc1c5ef69bc8f49fd5a6c54f7,keyword:M4,4,5,0,1,11,5342,CANDIDATE_ONLY,P5-T02 geometry/parts comparison
3,P5T01-C00470,data/rf016/Models/PLAYERVIEW/PV-M4A1_S_BornBeast_BL.LTB,model,210,28e8958fe464c1f0f3691a8d38f56bf058b7cb73f6534fba947951876c522588,keyword:M4,1,7,0,1,,,CANDIDATE_ONLY,P5-T02 geometry/parts comparison
4,P5T01-C00477,data/rf016/Models/PLAYERVIEW/PV-M4A1_S_BornBeast_Classic_BL.LTB,model,210,e3c2b1bc115530095032ab9238e5f5c3a3a0e83fab709da85f199afb2d06ea1e,keyword:M4,2,7,0,1,,,CANDIDATE_ONLY,P5-T02 geometry/parts comparison
5,P5T01-C01290,data/rf016/Models/WEAPONS/QV-M4A1_S_BornBeast.LTB,model,170,96e2320009bd125730defca37fabecbd015f73fee6090eb7ae019ade2cc3504c,keyword:M4,1,7,0,1,,,CANDIDATE_ONLY,P5-T02 geometry/parts comparison
6,P5T01-C00229,data/rf016/Models/PLAYERVIEW/PV-EliteMOS_M4A1_IronBeast.LTB,model,120,f2d1a99c29e1042653630d40d773a009fc5928b44d2ab572494d2c531acccd9b,keyword:M4,0,7,0,1,5,5958,CANDIDATE_ONLY,P5-T02 geometry/parts comparison
7,P5T01-C00248,data/rf016/Models/PLAYERVIEW/PV-GunNiang_B_M4A1_S_IronBeast.LTB,model,120,f8ad721143dd025d971c11c8c556ea9d4c957f0b06dbcef93650f7f3d42c31c7,keyword:M4,0,7,0,1,5,8579,CANDIDATE_ONLY,P5-T02 geometry/parts comparison
8,P5T01-C00290,data/rf016/Models/PLAYERVIEW/PV-M4A1_BORNBEAST_NG_WIND.LTB,model,120,9356a07229b956061558e47b5a97fdda86d096afe25d8b20700e412c5ccd75c2,keyword:M4,0,7,0,1,5,3183,CANDIDATE_ONLY,P5-T02 geometry/parts comparison
9,P5T01-C00386,data/rf016/Models/PLAYERVIEW/PV-M4A1_S_AngelicBeast.LTB,model,120,8ded4b86b7e49d7b7f7638a823fa03468d43172df11715ba7e25f93665cba474,keyword:M4,0,7,0,1,7,11168,CANDIDATE_ONLY,P5-T02 geometry/parts comparison
10,P5T01-C00389,data/rf016/Models/PLAYERVIEW/PV-M4A1_S_AngelicBeast_Sprint.LTB,model,120,35531bfdd74cb53d128dd1cbf1ecfd9e03c253fc427add5475954cd5d4612514,keyword:M4,0,7,0,1,7,11168,CANDIDATE_ONLY,P5-T02 geometry/parts comparison
11,P5T01-C00401,data/rf016/Models/PLAYERVIEW/PV-M4A1_S_Beast.LTB,model,120,28d16db9f522e7fe318060804f6572ce88edda299a20639d44a356acdc30e751,keyword:M4,0,7,0,1,5,3183,CANDIDATE_ONLY,P5-T02 geometry/parts comparison
12,P5T01-C00403,data/rf016/Models/PLAYERVIEW/PV-M4A1_S_Beast_Champion.LTB,model,120,5484f97e21100d4ac521590af6983d367fa65b24ad633b53c5ff643a01fa3745,keyword:M4,0,7,0,1,5,3183,CANDIDATE_ONLY,P5-T02 geometry/parts comparison
13,P5T01-C00414,data/rf016/Models/PLAYERVIEW/PV-M4A1_S_Beast_Medusa.LTB,model,120,855a71a38e679924d637adcee44dd6d3e46dbfb070cb8c6b02c88094b72ea7f3,keyword:M4,0,7,0,1,5,3183,CANDIDATE_ONLY,P5-T02 geometry/parts comparison
14,P5T01-C00419,data/rf016/Models/PLAYERVIEW/PV-M4A1_S_Beast_NG_GoldenWind.LTB,model,120,5484f97e21100d4ac521590af6983d367fa65b24ad633b53c5ff643a01fa3745,keyword:M4,0,7,0,1,5,3183,CANDIDATE_ONLY,P5-T02 geometry/parts comparison
15,P5T01-C00424,data/rf016/Models/PLAYERVIEW/PV-M4A1_S_Beast_QingLong.LTB,model,120,d415f91ffa962344c666cea2ea438c90f653d04f8d5b0a506b4eacb75c717fa0,keyword:M4,0,7,0,1,9,12013,CANDIDATE_ONLY,P5-T02 geometry/parts comparison
16,P5T01-C00425,data/rf016/Models/PLAYERVIEW/PV-M4A1_S_Beast_QingLong2_NG.LTB,model,120,6d9621f431c70fadb5fe5dfdaac8d508a3d98397e4eaf59758a76880bd55976e,keyword:M4,0,7,0,1,5,3183,CANDIDATE_ONLY,P5-T02 geometry/parts comparison
17,P5T01-C00431,data/rf016/Models/PLAYERVIEW/PV-M4A1_S_Beast_QingLong_Darken.LTB,model,120,d415f91ffa962344c666cea2ea438c90f653d04f8d5b0a506b4eacb75c717fa0,keyword:M4,0,7,0,1,9,12013,CANDIDATE_ONLY,P5-T02 geometry/parts comparison
18,P5T01-C00439,data/rf016/Models/PLAYERVIEW/PV-M4A1_S_Beast_TianShen.LTB,model,120,269f3fb851745237e6c1599b3ee60e1d6652f651daf8c26d3fe04f2b4575c638,keyword:M4,0,7,0,1,4,8150,CANDIDATE_ONLY,P5-T02 geometry/parts comparison
19,P5T01-C00442,data/rf016/Models/PLAYERVIEW/PV-M4A1_S_Beast_TianShen_Nano.LTB,model,120,fc0f325111d6e170de78e069373ff9fe5f9da457b405148352efad3fc78c0b69,keyword:M4,0,7,0,1,9,16022,CANDIDATE_ONLY,P5-T02 geometry/parts comparison
20,P5T01-C00447,data/rf016/Models/PLAYERVIEW/PV-M4A1_S_Beast_TianShen_Nano_test.LTB,model,120,a01dd1bbfa7db0f8962afdab1d2a842f07a889ab7835c3cd080a89dc8c396e9b,keyword:M4,0,7,0,1,9,16022,CANDIDATE_ONLY,P5-T02 geometry/parts comparison
21,P5T01-C00458,data/rf016/Models/PLAYERVIEW/PV-M4A1_S_BornBeast2.LTB,model,120,6d685e93d15952bb5af82c047bcf8a65dce28c3783980f865ce1179c238f7774,keyword:M4,0,7,0,1,7,8905,CANDIDATE_ONLY,P5-T02 geometry/parts comparison
22,P5T01-C00463,data/rf016/Models/PLAYERVIEW/PV-M4A1_S_BornBeast2_sprint.LTB,model,120,f915de0e0a9b92ebb7324dee7dc05a01fc4dbedda76f014d32783826673a77d7,keyword:M4,0,7,0,1,7,8905,CANDIDATE_ONLY,P5-T02 geometry/parts comparison
23,P5T01-C00468,data/rf016/Models/PLAYERVIEW/PV-M4A1_S_BornBeast_13thCarnival.LTB,model,120,2563cf3db26751c9a163fa0d3f81d3f0535a467fb353b6b70921124995996f71,keyword:M4,0,7,0,1,11,5342,CANDIDATE_ONLY,P5-T02 geometry/parts comparison
24,P5T01-C00471,data/rf016/Models/PLAYERVIEW/PV-M4A1_S_BornBeast_CFS21.LTB,model,120,efdb7aa6253887544579a05576d80d409e44ced1f105dfb22f3aeeae8a226e47,keyword:M4,0,7,0,1,11,5342,CANDIDATE_ONLY,P5-T02 geometry/parts comparison
25,P5T01-C00481,data/rf016/Models/PLAYERVIEW/PV-M4A1_S_BornBeast_FuXi.LTB,model,120,61cab3a6f0aa1b31ad4f4f47114a2b3c3866a818fa0f8863661c4317523efad2,keyword:M4,0,7,0,1,11,5342,CANDIDATE_ONLY,P5-T02 geometry/parts comparison
26,P5T01-C00487,data/rf016/Models/PLAYERVIEW/PV-M4A1_S_BornBeast_HHUD.LTB,model,120,efdb7aa6253887544579a05576d80d409e44ced1f105dfb22f3aeeae8a226e47,keyword:M4,0,7,0,1,11,5342,CANDIDATE_ONLY,P5-T02 geometry/parts comparison
27,P5T01-C00492,data/rf016/Models/PLAYERVIEW/PV-M4A1_S_BornBeast_IceSoul.LTB,model,120,7b4b75d01be2f3dc0d4f00683a0c717a9c872270ce28dd268c947373882f7e7e,keyword:M4,0,7,0,1,11,5342,CANDIDATE_ONLY,P5-T02 geometry/parts comparison
28,P5T01-C00497,data/rf016/Models/PLAYERVIEW/PV-M4A1_S_BornBeast_ImperialGold.LTB,model,120,413722d4a302ace275434ddac6e7e17d0ecba00cd97fa16d0e9602a27352b443,keyword:M4,0,7,0,1,11,5420,CANDIDATE_ONLY,P5-T02 geometry/parts comparison
29,P5T01-C00502,data/rf016/Models/PLAYERVIEW/PV-M4A1_S_BornBeast_Legend18.LTB,model,120,61cab3a6f0aa1b31ad4f4f47114a2b3c3866a818fa0f8863661c4317523efad2,keyword:M4,0,7,0,1,11,5342,CANDIDATE_ONLY,P5-T02 geometry/parts comparison
30,P5T01-C00507,data/rf016/Models/PLAYERVIEW/PV-M4A1_S_BornBeast_MJXW.LTB,model,120,35cf5bd88978f01fbc699544d3b86ec340ba47542bea84529ede80344449d68c,keyword:M4,0,7,0,1,5,3183,CANDIDATE_ONLY,P5-T02 geometry/parts comparison
31,P5T01-C00512,data/rf016/Models/PLAYERVIEW/PV-M4A1_S_BornBeast_Natalya.LTB,model,120,fe8be550c9532d7d6ce5d0e0dc01b84d8270103cce07bb745c2a03d43d264a67,keyword:M4,0,7,0,1,11,5342,CANDIDATE_ONLY,P5-T02 geometry/parts comparison
32,P5T01-C00517,data/rf016/Models/PLAYERVIEW/PV-M4A1_S_BornBeast_Shaolin.LTB,model,120,3630adf3a326f50308966deec64bd72a048a3350088fc8c71aa572346b6d98c0,keyword:M4,0,7,0,1,11,5342,CANDIDATE_ONLY,P5-T02 geometry/parts comparison
33,P5T01-C00522,data/rf016/Models/PLAYERVIEW/PV-M4A1_S_BornBeast_TV.LTB,model,120,5dbcee45c4565b2026a4e4d2d639a4b7022b4f4fc1c5ef69bc8f49fd5a6c54f7,keyword:M4,0,7,0,1,11,5342,CANDIDATE_ONLY,P5-T02 geometry/parts comparison
34,P5T01-C00529,data/rf016/Models/PLAYERVIEW/PV-M4A1_S_BornBeast_ZhaoYun.LTB,model,120,fe8be550c9532d7d6ce5d0e0dc01b84d8270103cce07bb745c2a03d43d264a67,keyword:M4,0,7,0,1,11,5342,CANDIDATE_ONLY,P5-T02 geometry/parts comparison
35,P5T01-C00534,data/rf016/Models/PLAYERVIEW/PV-M4A1_S_BornBeast_w10y.LTB,model,120,35cf5bd88978f01fbc699544d3b86ec340ba47542bea84529ede80344449d68c,keyword:M4,0,7,0,1,5,3183,CANDIDATE_ONLY,P5-T02 geometry/parts comparison
36,P5T01-C00539,data/rf016/Models/PLAYERVIEW/PV-M4A1_S_ClassicBeast.LTB,model,120,d1a5b5184575e747b9599905c17979a8e6320ca8fa4667d03a681cdd1bfc08a3,keyword:M4,0,7,0,1,11,5250,CANDIDATE_ONLY,P5-T02 geometry/parts comparison
37,P5T01-C00544,data/rf016/Models/PLAYERVIEW/PV-M4A1_S_DemonicBeast.LTB,model,120,a5d89dcfd0b4c52b1c05b8c0306d3d069202e15fa81bfae4a13195bda118cdbe,keyword:M4,0,7,0,1,8,9178,CANDIDATE_ONLY,P5-T02 geometry/parts comparison
38,P5T01-C00547,data/rf016/Models/PLAYERVIEW/PV-M4A1_S_DemonicBeast_Sprint.LTB,model,120,5a07dcfc0da2e5e63dd8761d8a573c699979fd65414f82555af1083c50a45c40,keyword:M4,0,7,0,1,8,9178,CANDIDATE_ONLY,P5-T02 geometry/parts comparison
39,P5T01-C00649,data/rf016/Models/PLAYERVIEW/PV-M4A1_S_IronBeast-NobleGold.LTB,model,120,b5b590708450a6b8e59420ff2229630c0d178853aa5657597ab575536081070d,keyword:M4,0,7,0,1,11,5250,CANDIDATE_ONLY,P5-T02 geometry/parts comparison
40,P5T01-C00654,data/rf016/Models/PLAYERVIEW/PV-M4A1_S_IronBeast2.LTB,model,120,e7752ef8789dd3f4313ee389fee43abfbd568f36b62d45d047bb0d32a709641e,keyword:M4,0,7,0,1,6,11183,CANDIDATE_ONLY,P5-T02 geometry/parts comparison
41,P5T01-C00659,data/rf016/Models/PLAYERVIEW/PV-M4A1_S_IronBeast_BR.LTB,model,120,372bd4935597baeba8138daa0b6fe8edba0f292ba4f4bc689bf636341ff0df79,keyword:M4,0,7,0,1,11,5250,CANDIDATE_ONLY,P5-T02 geometry/parts comparison
42,P5T01-C00664,data/rf016/Models/PLAYERVIEW/PV-M4A1_S_IronBeast_BirthdayBang.LTB,model,120,cff638dd8b28ea2edbd3de7c26eecf137e0a2888db54824c5728bcdbbb6a8310,keyword:M4,0,7,0,1,11,5250,CANDIDATE_ONLY,P5-T02 geometry/parts comparison
43,P5T01-C00669,data/rf016/Models/PLAYERVIEW/PV-M4A1_S_IronBeast_Champ_Q9.LTB,model,120,b5b590708450a6b8e59420ff2229630c0d178853aa5657597ab575536081070d,keyword:M4,0,7,0,1,11,5250,CANDIDATE_ONLY,P5-T02 geometry/parts comparison
44,P5T01-C00674,data/rf016/Models/PLAYERVIEW/PV-M4A1_S_IronBeast_Gilt.LTB,model,120,a0ccef5deed745f1731eb93295c630f531123288055f3c3790531b99b6e401b8,keyword:M4,0,7,0,1,11,5250,CANDIDATE_ONLY,P5-T02 geometry/parts comparison
45,P5T01-C00679,data/rf016/Models/PLAYERVIEW/PV-M4A1_S_IronBeast_HuluXiongdi.LTB,model,120,c1d38385d65428539e767a891c9600649832c0a56d22d0780b17e9836c384081,keyword:M4,0,7,0,1,14,7257,CANDIDATE_ONLY,P5-T02 geometry/parts comparison
46,P5T01-C00684,data/rf016/Models/PLAYERVIEW/PV-M4A1_S_IronBeast_ImperialGold.LTB,model,120,aa866c1ef2416cd96c30a0e57af3d19850b1741e7cd8a92c526fa4a74013eeda,keyword:M4,0,7,0,1,12,5426,CANDIDATE_ONLY,P5-T02 geometry/parts comparison
47,P5T01-C00689,data/rf016/Models/PLAYERVIEW/PV-M4A1_S_IronBeast_NG_Xingpo.LTB,model,120,b6d043ae60037fc040b421baf3e2a31f0efa6d92a681b26786d41b2e3a32117d,keyword:M4,0,7,0,1,11,5250,CANDIDATE_ONLY,P5-T02 geometry/parts comparison
48,P5T01-C00694,data/rf016/Models/PLAYERVIEW/PV-M4A1_S_IronBeast_Virgo.LTB,model,120,a0ccef5deed745f1731eb93295c630f531123288055f3c3790531b99b6e401b8,keyword:M4,0,7,0,1,11,5250,CANDIDATE_ONLY,P5-T02 geometry/parts comparison
49,P5T01-C00704,data/rf016/Models/PLAYERVIEW/PV-M4A1_S_Ironbeast_Olive.LTB,model,120,a0ccef5deed745f1731eb93295c630f531123288055f3c3790531b99b6e401b8,keyword:M4,0,7,0,1,11,5250,CANDIDATE_ONLY,P5-T02 geometry/parts comparison
50,P5T01-C00775,data/rf016/Models/PLAYERVIEW/PV-M4A1_S_RedKnifeBeast.LTB,model,120,fac2bcfd8053842a534162cf3135a9815078b586d36120690517181633bc3f94,keyword:M4,0,7,0,1,12,7491,CANDIDATE_ONLY,P5-T02 geometry/parts comparison
51,P5T01-C00780,data/rf016/Models/PLAYERVIEW/PV-M4A1_S_RedRifleBeast.LTB,model,120,40bb608a4fc319c6332831ce9b0bc5862a15453a67888cf4d6c15794c66c25e7,keyword:M4,0,7,0,1,12,7819,CANDIDATE_ONLY,P5-T02 geometry/parts comparison
52,P5T01-C01182,data/rf016/Models/PLAYERVIEW/PV-NANO_M4A1_IronBeast.LTB,model,120,1efe59d159134f34ed38b95c74e06ca448471cde2a00519b94fcf379eebe8697,keyword:M4,0,7,0,1,5,5958,CANDIDATE_ONLY,P5-T02 geometry/parts comparison
53,P5T01-C01222,data/rf016/Models/PLAYERVIEW/PV-TigerRifle_Ares_M4A1_Beast.LTB,model,120,3196a2cf3415fed5a724b1c46fdfb06741d5d5a9b4f75c301aa63ddb13de8376,keyword:M4,0,7,0,1,3,6107,CANDIDATE_ONLY,P5-T02 geometry/parts comparison
54,P5T01-C00230,data/rf016/Models/PLAYERVIEW/PV-EliteMOS_M4A1_IronBeast_BL.LTB,model,110,9ccc8f58db5d2e0d6d02b071479525839d01c23dd0543cb7a6a9451c3665f7c8,keyword:M4,0,7,0,1,,,CANDIDATE_ONLY,P5-T02 geometry/parts comparison
55,P5T01-C00231,data/rf016/Models/PLAYERVIEW/PV-EliteMOS_M4A1_IronBeast_GR.LTB,model,110,ae2ef3df4de5e99cb991f46728991dc96ce6f5f9e5dfecc44b89849200580be1,keyword:M4,0,7,0,1,,,CANDIDATE_ONLY,P5-T02 geometry/parts comparison
56,P5T01-C00232,data/rf016/Models/PLAYERVIEW/PV-EliteMOS_M4A1_IronBeast_WOMAN_BL.LTB,model,110,34295fe3ceab102505f89a07300894dfe8116d2160c521c5657613efbf61d40d,keyword:M4,0,7,0,1,,,CANDIDATE_ONLY,P5-T02 geometry/parts comparison
57,P5T01-C00233,data/rf016/Models/PLAYERVIEW/PV-EliteMOS_M4A1_IronBeast_WOMAN_GR.LTB,model,110,25590c4c1c597aecb930dfe5a134378492e74fe6f52e098a834f28fae4116cd7,keyword:M4,0,7,0,1,,,CANDIDATE_ONLY,P5-T02 geometry/parts comparison
58,P5T01-C00249,data/rf016/Models/PLAYERVIEW/PV-GunNiang_B_M4A1_S_IronBeast_BL.LTB,model,110,c38489837a52d9fb39c09f04ea8665f0f9ce411f4f71085f95cca2875d0c1243,keyword:M4,0,7,0,1,,,CANDIDATE_ONLY,P5-T02 geometry/parts comparison
59,P5T01-C00250,data/rf016/Models/PLAYERVIEW/PV-GunNiang_B_M4A1_S_IronBeast_GR.LTB,model,110,d7713bfe22681a5d1c66d7c67fa840bffedefc03e0353450e95e6f1519ea980b,keyword:M4,0,7,0,1,,,CANDIDATE_ONLY,P5-T02 geometry/parts comparison
60,P5T01-C00251,data/rf016/Models/PLAYERVIEW/PV-GunNiang_B_M4A1_S_IronBeast_WOMAN_BL.LTB,model,110,92af2f87d8967c19f374163883e803688a89bf630cd11c779f0e000bf275c7f1,keyword:M4,0,7,0,1,,,CANDIDATE_ONLY,P5-T02 geometry/parts comparison
61,P5T01-C00252,data/rf016/Models/PLAYERVIEW/PV-GunNiang_B_M4A1_S_IronBeast_WOMAN_GR.LTB,model,110,198e9ca549542b00455c1d63b924b8e551df7329214c789ef860c8e17215d1d9,keyword:M4,0,7,0,1,,,CANDIDATE_ONLY,P5-T02 geometry/parts comparison
62,P5T01-C00291,data/rf016/Models/PLAYERVIEW/PV-M4A1_BORNBEAST_NG_WIND_BL.LTB,model,110,566ed2da03d210f17dc7fc9a96c1d01699eaf24b41bba6818d68925155c06475,keyword:M4,0,7,0,1,,,CANDIDATE_ONLY,P5-T02 geometry/parts comparison
63,P5T01-C00292,data/rf016/Models/PLAYERVIEW/PV-M4A1_BORNBEAST_NG_WIND_GR.LTB,model,110,e7e20b22c76927da979cee4e1494c856d81fd3ef47b9a4b3ed8411ad5fc7bc41,keyword:M4,0,7,0,1,,,CANDIDATE_ONLY,P5-T02 geometry/parts comparison
64,P5T01-C00293,data/rf016/Models/PLAYERVIEW/PV-M4A1_BORNBEAST_NG_WIND_WOMAN_BL.LTB,model,110,d93c874b5eba12c3dd7aacd9753cfac3321319657ed025776ed05ff569c82105,keyword:M4,0,7,0,1,,,CANDIDATE_ONLY,P5-T02 geometry/parts comparison
65,P5T01-C00294,data/rf016/Models/PLAYERVIEW/PV-M4A1_BORNBEAST_NG_WIND_WOMAN_GR.LTB,model,110,bb33e6b125d01956fe664fecb1793e4b77fb8745ed1646e90c0eef92c5b065d2,keyword:M4,0,7,0,1,,,CANDIDATE_ONLY,P5-T02 geometry/parts comparison
66,P5T01-C00387,data/rf016/Models/PLAYERVIEW/PV-M4A1_S_AngelicBeast_BL.LTB,model,110,f8f8d4a3bc1ebbd8df3baddbe5f2f75ede8a36052663b9bf4d1610eed998696c,keyword:M4,0,7,0,1,,,CANDIDATE_ONLY,P5-T02 geometry/parts comparison
67,P5T01-C00388,data/rf016/Models/PLAYERVIEW/PV-M4A1_S_AngelicBeast_GR.LTB,model,110,f8f8d4a3bc1ebbd8df3baddbe5f2f75ede8a36052663b9bf4d1610eed998696c,keyword:M4,0,7,0,1,,,CANDIDATE_ONLY,P5-T02 geometry/parts comparison
68,P5T01-C00390,data/rf016/Models/PLAYERVIEW/PV-M4A1_S_AngelicBeast_Sprint_BL.LTB,model,110,7855911a44ad9818bba9cd738ba43cda022e9ef07cae11c1069d7466c3261e57,keyword:M4,0,7,0,1,,,CANDIDATE_ONLY,P5-T02 geometry/parts comparison
69,P5T01-C00391,data/rf016/Models/PLAYERVIEW/PV-M4A1_S_AngelicBeast_Sprint_GR.LTB,model,110,7855911a44ad9818bba9cd738ba43cda022e9ef07cae11c1069d7466c3261e57,keyword:M4,0,7,0,1,,,CANDIDATE_ONLY,P5-T02 geometry/parts comparison
70,P5T01-C00392,data/rf016/Models/PLAYERVIEW/PV-M4A1_S_AngelicBeast_Sprint_WOMAN_BL.LTB,model,110,7855911a44ad9818bba9cd738ba43cda022e9ef07cae11c1069d7466c3261e57,keyword:M4,0,7,0,1,,,CANDIDATE_ONLY,P5-T02 geometry/parts comparison
71,P5T01-C00393,data/rf016/Models/PLAYERVIEW/PV-M4A1_S_AngelicBeast_Sprint_WOMAN_GR.LTB,model,110,7855911a44ad9818bba9cd738ba43cda022e9ef07cae11c1069d7466c3261e57,keyword:M4,0,7,0,1,,,CANDIDATE_ONLY,P5-T02 geometry/parts comparison
72,P5T01-C00394,data/rf016/Models/PLAYERVIEW/PV-M4A1_S_AngelicBeast_WOMAN_BL.LTB,model,110,f8f8d4a3bc1ebbd8df3baddbe5f2f75ede8a36052663b9bf4d1610eed998696c,keyword:M4,0,7,0,1,,,CANDIDATE_ONLY,P5-T02 geometry/parts comparison
73,P5T01-C00395,data/rf016/Models/PLAYERVIEW/PV-M4A1_S_AngelicBeast_WOMAN_GR.LTB,model,110,f8f8d4a3bc1ebbd8df3baddbe5f2f75ede8a36052663b9bf4d1610eed998696c,keyword:M4,0,7,0,1,,,CANDIDATE_ONLY,P5-T02 geometry/parts comparison
74,P5T01-C00402,data/rf016/Models/PLAYERVIEW/PV-M4A1_S_Beast_BL.LTB,model,110,ff370e4bfc71640435b5d9d01a6a416be15e5d453340a437911ce277d40026ef,keyword:M4,0,7,0,1,,,CANDIDATE_ONLY,P5-T02 geometry/parts comparison
75,P5T01-C00404,data/rf016/Models/PLAYERVIEW/PV-M4A1_S_Beast_Champion_BL.LTB,model,110,4b8144728af53db2905b4f526183eeec76a5fe853f7abda40c03c3214d2c0698,keyword:M4,0,7,0,1,,,CANDIDATE_ONLY,P5-T02 geometry/parts comparison
76,P5T01-C00405,data/rf016/Models/PLAYERVIEW/PV-M4A1_S_Beast_Champion_GR.LTB,model,110,2adf3d87697165ade46db0eb774e5c833c42c10d87c7569db2542b265a37e8de,keyword:M4,0,7,0,1,,,CANDIDATE_ONLY,P5-T02 geometry/parts comparison
77,P5T01-C00406,data/rf016/Models/PLAYERVIEW/PV-M4A1_S_Beast_Champion_WOMAN_BL.LTB,model,110,db47c8d1d3cca121577c32d29be96a9c1351bfa24abba7a7f453dd867a6db92a,keyword:M4,0,7,0,1,,,CANDIDATE_ONLY,P5-T02 geometry/parts comparison
78,P5T01-C00407,data/rf016/Models/PLAYERVIEW/PV-M4A1_S_Beast_Champion_WOMAN_GR.LTB,model,110,49f8dded2e5a896936d9d1a5a71e8536c27aff25f8cb03acd75a8d6c4f7fd6b2,keyword:M4,0,7,0,1,,,CANDIDATE_ONLY,P5-T02 geometry/parts comparison
79,P5T01-C00408,data/rf016/Models/PLAYERVIEW/PV-M4A1_S_Beast_GR.LTB,model,110,bc96225cab9ee3616b6192c5255d0fe4c4826fa3609fcb76cc39f8e582ef4b37,keyword:M4,0,7,0,1,,,CANDIDATE_ONLY,P5-T02 geometry/parts comparison
80,P5T01-C00409,data/rf016/Models/PLAYERVIEW/PV-M4A1_S_Beast_ImperialGold.LTB,model,110,998453deb1c9d36694473d9416618f153b7f432ede7be02312e1a48a49c9489f,keyword:M4,0,7,0,1,,,CANDIDATE_ONLY,P5-T02 geometry/parts comparison
81,P5T01-C00410,data/rf016/Models/PLAYERVIEW/PV-M4A1_S_Beast_ImperialGold_BL.LTB,model,110,65de801b559ec0d622d92b2925c7282bff4f5aa6531bf620a6fe200fa5848a0a,keyword:M4,0,7,0,1,,,CANDIDATE_ONLY,P5-T02 geometry/parts comparison
82,P5T01-C00411,data/rf016/Models/PLAYERVIEW/PV-M4A1_S_Beast_ImperialGold_GR.LTB,model,110,58d1bd206912b657826560c0600ff489cf096c83e68466dcf61a24cdd64fda78,keyword:M4,0,7,0,1,,,CANDIDATE_ONLY,P5-T02 geometry/parts comparison
83,P5T01-C00412,data/rf016/Models/PLAYERVIEW/PV-M4A1_S_Beast_ImperialGold_WOMAN_BL.LTB,model,110,4c181c959582de97b6fb0053d20894038aba8fc6814699477ca1d717013a1e5f,keyword:M4,0,7,0,1,,,CANDIDATE_ONLY,P5-T02 geometry/parts comparison
84,P5T01-C00413,data/rf016/Models/PLAYERVIEW/PV-M4A1_S_Beast_ImperialGold_WOMAN_GR.LTB,model,110,9ab7c666808c7132c04c533618d23b337a24028ca54548fe0131453b00797dc8,keyword:M4,0,7,0,1,,,CANDIDATE_ONLY,P5-T02 geometry/parts comparison
85,P5T01-C00415,data/rf016/Models/PLAYERVIEW/PV-M4A1_S_Beast_Medusa_BL.LTB,model,110,ab7a15c42f59b8d2aebb362f100ce2b50944b58f81082031fda26b0676f572ef,keyword:M4,0,7,0,1,,,CANDIDATE_ONLY,P5-T02 geometry/parts comparison
86,P5T01-C00416,data/rf016/Models/PLAYERVIEW/PV-M4A1_S_Beast_Medusa_GR.LTB,model,110,ab7a15c42f59b8d2aebb362f100ce2b50944b58f81082031fda26b0676f572ef,keyword:M4,0,7,0,1,,,CANDIDATE_ONLY,P5-T02 geometry/parts comparison
87,P5T01-C00417,data/rf016/Models/PLAYERVIEW/PV-M4A1_S_Beast_Medusa_WOMAN_BL.LTB,model,110,ab7a15c42f59b8d2aebb362f100ce2b50944b58f81082031fda26b0676f572ef,keyword:M4,0,7,0,1,,,CANDIDATE_ONLY,P5-T02 geometry/parts comparison
88,P5T01-C00418,data/rf016/Models/PLAYERVIEW/PV-M4A1_S_Beast_Medusa_WOMAN_GR.LTB,model,110,ab7a15c42f59b8d2aebb362f100ce2b50944b58f81082031fda26b0676f572ef,keyword:M4,0,7,0,1,,,CANDIDATE_ONLY,P5-T02 geometry/parts comparison
89,P5T01-C00420,data/rf016/Models/PLAYERVIEW/PV-M4A1_S_Beast_NG_GoldenWind_BL.LTB,model,110,5c32c066079ec2c5f73dda5a213b55f15f9bfb7230bea804ec2c9824ba79af0c,keyword:M4,0,7,0,1,,,CANDIDATE_ONLY,P5-T02 geometry/parts comparison
90,P5T01-C00421,data/rf016/Models/PLAYERVIEW/PV-M4A1_S_Beast_NG_GoldenWind_GR.LTB,model,110,5c32c066079ec2c5f73dda5a213b55f15f9bfb7230bea804ec2c9824ba79af0c,keyword:M4,0,7,0,1,,,CANDIDATE_ONLY,P5-T02 geometry/parts comparison
91,P5T01-C00422,data/rf016/Models/PLAYERVIEW/PV-M4A1_S_Beast_NG_GoldenWind_WOMAN_BL.LTB,model,110,5c32c066079ec2c5f73dda5a213b55f15f9bfb7230bea804ec2c9824ba79af0c,keyword:M4,0,7,0,1,,,CANDIDATE_ONLY,P5-T02 geometry/parts comparison
92,P5T01-C00423,data/rf016/Models/PLAYERVIEW/PV-M4A1_S_Beast_NG_GoldenWind_WOMAN_GR.LTB,model,110,5c32c066079ec2c5f73dda5a213b55f15f9bfb7230bea804ec2c9824ba79af0c,keyword:M4,0,7,0,1,,,CANDIDATE_ONLY,P5-T02 geometry/parts comparison
93,P5T01-C00426,data/rf016/Models/PLAYERVIEW/PV-M4A1_S_Beast_QingLong2_NG_BL.LTB,model,110,a9ece11e6df508676aa3282f709f06898c73a95fdcff3665e15cfb4fb8d3fdc0,keyword:M4,0,7,0,1,,,CANDIDATE_ONLY,P5-T02 geometry/parts comparison
94,P5T01-C00427,data/rf016/Models/PLAYERVIEW/PV-M4A1_S_Beast_QingLong2_NG_GR.LTB,model,110,a9ece11e6df508676aa3282f709f06898c73a95fdcff3665e15cfb4fb8d3fdc0,keyword:M4,0,7,0,1,,,CANDIDATE_ONLY,P5-T02 geometry/parts comparison
95,P5T01-C00428,data/rf016/Models/PLAYERVIEW/PV-M4A1_S_Beast_QingLong2_NG_WOMAN_BL.LTB,model,110,a9ece11e6df508676aa3282f709f06898c73a95fdcff3665e15cfb4fb8d3fdc0,keyword:M4,0,7,0,1,,,CANDIDATE_ONLY,P5-T02 geometry/parts comparison
96,P5T01-C00429,data/rf016/Models/PLAYERVIEW/PV-M4A1_S_Beast_QingLong2_NG_WOMAN_GR.LTB,model,110,a9ece11e6df508676aa3282f709f06898c73a95fdcff3665e15cfb4fb8d3fdc0,keyword:M4,0,7,0,1,,,CANDIDATE_ONLY,P5-T02 geometry/parts comparison
97,P5T01-C00430,data/rf016/Models/PLAYERVIEW/PV-M4A1_S_Beast_QingLong_BL.LTB,model,110,02210c602a58235c16b80a324d43d10937226fe733b41cf92a15063f68fa4fea,keyword:M4,0,7,0,1,,,CANDIDATE_ONLY,P5-T02 geometry/parts comparison
98,P5T01-C00432,data/rf016/Models/PLAYERVIEW/PV-M4A1_S_Beast_QingLong_Darken_BL.LTB,model,110,1a18ab817aedf5a8dc938164faa61fa268cb33d4044da7684eb2b67315130b08,keyword:M4,0,7,0,1,,,CANDIDATE_ONLY,P5-T02 geometry/parts comparison
99,P5T01-C00433,data/rf016/Models/PLAYERVIEW/PV-M4A1_S_Beast_QingLong_Darken_GR.LTB,model,110,1a18ab817aedf5a8dc938164faa61fa268cb33d4044da7684eb2b67315130b08,keyword:M4,0,7,0,1,,,CANDIDATE_ONLY,P5-T02 geometry/parts comparison
100,P5T01-C00434,data/rf016/Models/PLAYERVIEW/PV-M4A1_S_Beast_QingLong_Darken_WOMAN_BL.LTB,model,110,1a18ab817aedf5a8dc938164faa61fa268cb33d4044da7684eb2b67315130b08,keyword:M4,0,7,0,1,,,CANDIDATE_ONLY,P5-T02 geometry/parts comparison
101,P5T01-C00435,data/rf016/Models/PLAYERVIEW/PV-M4A1_S_Beast_QingLong_Darken_WOMAN_GR.LTB,model,110,1a18ab817aedf5a8dc938164faa61fa268cb33d4044da7684eb2b67315130b08,keyword:M4,0,7,0,1,,,CANDIDATE_ONLY,P5-T02 geometry/parts comparison
102,P5T01-C00436,data/rf016/Models/PLAYERVIEW/PV-M4A1_S_Beast_QingLong_GR.LTB,model,110,741143db5898863aa45b5da3add02bd2d2c6c2042cfd7d20124a20b51bf487d9,keyword:M4,0,7,0,1,,,CANDIDATE_ONLY,P5-T02 geometry/parts comparison
103,P5T01-C00437,data/rf016/Models/PLAYERVIEW/PV-M4A1_S_Beast_QingLong_WOMAN_BL.LTB,model,110,ae6ff9dcf6f6a3cd4421e9dc57a9df1fa092589004978e1bba5c3614f00fd10e,keyword:M4,0,7,0,1,,,CANDIDATE_ONLY,P5-T02 geometry/parts comparison
104,P5T01-C00438,data/rf016/Models/PLAYERVIEW/PV-M4A1_S_Beast_QingLong_WOMAN_GR.LTB,model,110,cf720b7bd3e9d85ce302513b12a4cc7e81bd1089b778ec67c9d6f16bbb77f25b,keyword:M4,0,7,0,1,,,CANDIDATE_ONLY,P5-T02 geometry/parts comparison
105,P5T01-C00440,data/rf016/Models/PLAYERVIEW/PV-M4A1_S_Beast_TianShen_BL.LTB,model,110,745707f82b44c769d988d8f75d788e07e0fc638de86a9f7eae41d2d61aeb40aa,keyword:M4,0,7,0,1,,,CANDIDATE_ONLY,P5-T02 geometry/parts comparison
106,P5T01-C00441,data/rf016/Models/PLAYERVIEW/PV-M4A1_S_Beast_TianShen_GR.LTB,model,110,cf3ca162679807c6009732d6cc549e13a6853f5c593e1b3e91fd0a0b92ae3c71,keyword:M4,0,7,0,1,,,CANDIDATE_ONLY,P5-T02 geometry/parts comparison
107,P5T01-C00443,data/rf016/Models/PLAYERVIEW/PV-M4A1_S_Beast_TianShen_Nano_BL.LTB,model,110,9adda2a7f5a2a0aae9a5558d243006d7323f69a0c6638cdc590d756c99d027dd,keyword:M4,0,7,0,1,,,CANDIDATE_ONLY,P5-T02 geometry/parts comparison
108,P5T01-C00444,data/rf016/Models/PLAYERVIEW/PV-M4A1_S_Beast_TianShen_Nano_GR.LTB,model,110,b16ba73fe06f9e5aad45a3391de8c2d2a6d759a9205192d4d62e24780efbdc6e,keyword:M4,0,7,0,1,,,CANDIDATE_ONLY,P5-T02 geometry/parts comparison
109,P5T01-C00445,data/rf016/Models/PLAYERVIEW/PV-M4A1_S_Beast_TianShen_Nano_WOMAN_BL.LTB,model,110,98337b8a75295222b6d74d4f9350296bfb2e26391bcbd5d1737db97802d7addf,keyword:M4,0,7,0,1,,,CANDIDATE_ONLY,P5-T02 geometry/parts comparison
110,P5T01-C00446,data/rf016/Models/PLAYERVIEW/PV-M4A1_S_Beast_TianShen_Nano_WOMAN_GR.LTB,model,110,6bbc10ad0f62a109cd2a0fb04536491c8e3e5276699322ec1acec9e740f9e95d,keyword:M4,0,7,0,1,,,CANDIDATE_ONLY,P5-T02 geometry/parts comparison
111,P5T01-C00448,data/rf016/Models/PLAYERVIEW/PV-M4A1_S_Beast_TianShen_WOMAN_BL.LTB,model,110,66e518bec5c169f94f67796c0ed3ce99c55d866371c7424b9cf27ef17a2d1c4a,keyword:M4,0,7,0,1,,,CANDIDATE_ONLY,P5-T02 geometry/parts comparison
112,P5T01-C00449,data/rf016/Models/PLAYERVIEW/PV-M4A1_S_Beast_TianShen_WOMAN_GR.LTB,model,110,f344ddb4c1feeeaaf4df95d115a05b33e6f3608eb97998514bbae75d934d8a29,keyword:M4,0,7,0,1,,,CANDIDATE_ONLY,P5-T02 geometry/parts comparison
113,P5T01-C00450,data/rf016/Models/PLAYERVIEW/PV-M4A1_S_Beast_WOMAN_BL.LTB,model,110,91c01867d6fa3e915649c978c4d82ad6e9c8c93e99746d4d15e15044807e37a0,keyword:M4,0,7,0,1,,,CANDIDATE_ONLY,P5-T02 geometry/parts comparison
114,P5T01-C00451,data/rf016/Models/PLAYERVIEW/PV-M4A1_S_Beast_WOMAN_GR.LTB,model,110,da1a2c56975f55eb8b83db93fb2e0ad119134396fea2bdb4f9eaa74aa3b4f081,keyword:M4,0,7,0,1,,,CANDIDATE_ONLY,P5-T02 geometry/parts comparison
115,P5T01-C00459,data/rf016/Models/PLAYERVIEW/PV-M4A1_S_BornBeast2_BL.LTB,model,110,0a08ab1f6df3becd5d9827e6fa4e6b8b2cf25d2c0b8c3ec1629d39861d63564c,keyword:M4,0,7,0,1,,,CANDIDATE_ONLY,P5-T02 geometry/parts comparison
116,P5T01-C00460,data/rf016/Models/PLAYERVIEW/PV-M4A1_S_BornBeast2_GR.LTB,model,110,f3f9e577d77b4d5f0b562ac3067d368db3210bf1c97cc217f3f4c89366444739,keyword:M4,0,7,0,1,,,CANDIDATE_ONLY,P5-T02 geometry/parts comparison
117,P5T01-C00461,data/rf016/Models/PLAYERVIEW/PV-M4A1_S_BornBeast2_WOMAN_BL.LTB,model,110,591c86faecfdacadf72ba7b4ba28ed862b24377c4c0461ea6d44251af8ef174d,keyword:M4,0,7,0,1,,,CANDIDATE_ONLY,P5-T02 geometry/parts comparison
118,P5T01-C00462,data/rf016/Models/PLAYERVIEW/PV-M4A1_S_BornBeast2_WOMAN_GR.LTB,model,110,25039e94f3fa17b0c25585ddca188257b9bf7d1d1c3e5d2e83b28e8fd7ebc971,keyword:M4,0,7,0,1,,,CANDIDATE_ONLY,P5-T02 geometry/parts comparison
119,P5T01-C00464,data/rf016/Models/PLAYERVIEW/PV-M4A1_S_BornBeast2_sprint_BL.LTB,model,110,b51900d2fa633abf8991853900651dd4980a0b6dcdc1ea4da4847055af4ca7ae,keyword:M4,0,7,0,1,,,CANDIDATE_ONLY,P5-T02 geometry/parts comparison
120,P5T01-C00465,data/rf016/Models/PLAYERVIEW/PV-M4A1_S_BornBeast2_sprint_GR.LTB,model,110,b3f1fb33678e1d31ee8a97855021151bf3e3a1442ed63a00d08ba518684cc2cc,keyword:M4,0,7,0,1,,,CANDIDATE_ONLY,P5-T02 geometry/parts comparison
121,P5T01-C00466,data/rf016/Models/PLAYERVIEW/PV-M4A1_S_BornBeast2_sprint_WOMAN_BL.LTB,model,110,29a6a78e7185f9949652f4fb50ab2ff183b0489ec76070ee2b4374842e3a6a50,keyword:M4,0,7,0,1,,,CANDIDATE_ONLY,P5-T02 geometry/parts comparison
122,P5T01-C00467,data/rf016/Models/PLAYERVIEW/PV-M4A1_S_BornBeast2_sprint_WOMAN_GR.LTB,model,110,2220b0f7a1878927b4316e636abfd55ba887345ce62c29aa28c5620a8ec1d0c3,keyword:M4,0,7,0,1,,,CANDIDATE_ONLY,P5-T02 geometry/parts comparison
123,P5T01-C00469,data/rf016/Models/PLAYERVIEW/PV-M4A1_S_BornBeast_13thCarnival_BL.LTB,model,110,baea76188d926e65655267165f4f981a190946e3df280e75654a25a8e4fd4782,keyword:M4,0,7,0,1,,,CANDIDATE_ONLY,P5-T02 geometry/parts comparison
124,P5T01-C00472,data/rf016/Models/PLAYERVIEW/PV-M4A1_S_BornBeast_CFS21_BL.LTB,model,110,edd545c1323d9b1e3f9ad5f11151177906a2c3d92e6a2c798a19f1a105576edb,keyword:M4,0,7,0,1,,,CANDIDATE_ONLY,P5-T02 geometry/parts comparison
125,P5T01-C00473,data/rf016/Models/PLAYERVIEW/PV-M4A1_S_BornBeast_CFS21_GR.LTB,model,110,6bf31df7e395ac2df44d162cdc0dd0a4c41175f700f4dc44af48d5621273855d,keyword:M4,0,7,0,1,,,CANDIDATE_ONLY,P5-T02 geometry/parts comparison
126,P5T01-C00474,data/rf016/Models/PLAYERVIEW/PV-M4A1_S_BornBeast_CFS21_WOMAN_BL.LTB,model,110,82814456d489bf46cb593f09b5911919a7d10cd0e94bd19d64e9ee0823a56133,keyword:M4,0,7,0,1,,,CANDIDATE_ONLY,P5-T02 geometry/parts comparison
127,P5T01-C00475,data/rf016/Models/PLAYERVIEW/PV-M4A1_S_BornBeast_CFS21_WOMAN_GR.LTB,model,110,8ad40d7308be71bb9a4e79def83c434f585f7f488f402a59d78ee60bdffc0079,keyword:M4,0,7,0,1,,,CANDIDATE_ONLY,P5-T02 geometry/parts comparison
128,P5T01-C00478,data/rf016/Models/PLAYERVIEW/PV-M4A1_S_BornBeast_Classic_GR.LTB,model,110,e3c2b1bc115530095032ab9238e5f5c3a3a0e83fab709da85f199afb2d06ea1e,keyword:M4,0,7,0,1,,,CANDIDATE_ONLY,P5-T02 geometry/parts comparison
129,P5T01-C00479,data/rf016/Models/PLAYERVIEW/PV-M4A1_S_BornBeast_Classic_WOMAN_BL.LTB,model,110,e3c2b1bc115530095032ab9238e5f5c3a3a0e83fab709da85f199afb2d06ea1e,keyword:M4,0,7,0,1,,,CANDIDATE_ONLY,P5-T02 geometry/parts comparison
130,P5T01-C00480,data/rf016/Models/PLAYERVIEW/PV-M4A1_S_BornBeast_Classic_WOMAN_GR.LTB,model,110,e3c2b1bc115530095032ab9238e5f5c3a3a0e83fab709da85f199afb2d06ea1e,keyword:M4,0,7,0,1,,,CANDIDATE_ONLY,P5-T02 geometry/parts comparison
131,P5T01-C00482,data/rf016/Models/PLAYERVIEW/PV-M4A1_S_BornBeast_FuXi_BL.LTB,model,110,fbc088cd8e6f7ffe7d55149a07597fdb87c6cb2828dd967a2b8a8e85d143430f,keyword:M4,0,7,0,1,,,CANDIDATE_ONLY,P5-T02 geometry/parts comparison
132,P5T01-C00483,data/rf016/Models/PLAYERVIEW/PV-M4A1_S_BornBeast_FuXi_GR.LTB,model,110,0ac1cde981f087b72abd02d79932fda6a7175d3e0ac5eaec678146498d194cd4,keyword:M4,0,7,0,1,,,CANDIDATE_ONLY,P5-T02 geometry/parts comparison
133,P5T01-C00484,data/rf016/Models/PLAYERVIEW/PV-M4A1_S_BornBeast_FuXi_WOMAN_BL.LTB,model,110,0fe6a15f68c128567af62d0860fa383642deeac5503f76adea4b540e6e25e158,keyword:M4,0,7,0,1,,,CANDIDATE_ONLY,P5-T02 geometry/parts comparison
134,P5T01-C00485,data/rf016/Models/PLAYERVIEW/PV-M4A1_S_BornBeast_FuXi_WOMAN_GR.LTB,model,110,e8647d6fe43069899e829ffc3b6725d319d91757a60dd7a91f3f9b7c4f3be481,keyword:M4,0,7,0,1,,,CANDIDATE_ONLY,P5-T02 geometry/parts comparison
135,P5T01-C00486,data/rf016/Models/PLAYERVIEW/PV-M4A1_S_BornBeast_GR.LTB,model,110,02ec9592f5fedf74ad353aa2a7ec9bd10223b8faf4367701b70ce407a700257c,keyword:M4,0,7,0,1,,,CANDIDATE_ONLY,P5-T02 geometry/parts comparison
136,P5T01-C00488,data/rf016/Models/PLAYERVIEW/PV-M4A1_S_BornBeast_HHUD_BL.LTB,model,110,f45352962d464999a1afc20d8116571f8fa9e9969a02332321283f9cbb47f6dc,keyword:M4,0,7,0,1,,,CANDIDATE_ONLY,P5-T02 geometry/parts comparison
137,P5T01-C00489,data/rf016/Models/PLAYERVIEW/PV-M4A1_S_BornBeast_HHUD_GR.LTB,model,110,f45352962d464999a1afc20d8116571f8fa9e9969a02332321283f9cbb47f6dc,keyword:M4,0,7,0,1,,,CANDIDATE_ONLY,P5-T02 geometry/parts comparison
138,P5T01-C00490,data/rf016/Models/PLAYERVIEW/PV-M4A1_S_BornBeast_HHUD_WOMAN_BL.LTB,model,110,f45352962d464999a1afc20d8116571f8fa9e9969a02332321283f9cbb47f6dc,keyword:M4,0,7,0,1,,,CANDIDATE_ONLY,P5-T02 geometry/parts comparison
139,P5T01-C00491,data/rf016/Models/PLAYERVIEW/PV-M4A1_S_BornBeast_HHUD_WOMAN_GR.LTB,model,110,f45352962d464999a1afc20d8116571f8fa9e9969a02332321283f9cbb47f6dc,keyword:M4,0,7,0,1,,,CANDIDATE_ONLY,P5-T02 geometry/parts comparison
140,P5T01-C00493,data/rf016/Models/PLAYERVIEW/PV-M4A1_S_BornBeast_IceSoul_BL.LTB,model,110,2f35f98d4ff45d4bf9fc274cbb51fb917d10597aed42a3da91d19a9c7a670ed9,keyword:M4,0,7,0,1,,,CANDIDATE_ONLY,P5-T02 geometry/parts comparison
141,P5T01-C00494,data/rf016/Models/PLAYERVIEW/PV-M4A1_S_BornBeast_IceSoul_GR.LTB,model,110,1d721baa2e19fa78ade24a96227f0c485b2d0a5d416e5b9fde06192f9db117ef,keyword:M4,0,7,0,1,,,CANDIDATE_ONLY,P5-T02 geometry/parts comparison
142,P5T01-C00495,data/rf016/Models/PLAYERVIEW/PV-M4A1_S_BornBeast_IceSoul_WOMAN_BL.LTB,model,110,a85b7ba5015f942c14b64bdad33b75f6fac1da046dec5a4f65e90e60a034a70b,keyword:M4,0,7,0,1,,,CANDIDATE_ONLY,P5-T02 geometry/parts comparison
143,P5T01-C00496,data/rf016/Models/PLAYERVIEW/PV-M4A1_S_BornBeast_IceSoul_WOMAN_GR.LTB,model,110,cda1b57d47ec4dcd98e96cc8aa58765b918c4616f32df3201f9d6e6caadd887b,keyword:M4,0,7,0,1,,,CANDIDATE_ONLY,P5-T02 geometry/parts comparison
144,P5T01-C00498,data/rf016/Models/PLAYERVIEW/PV-M4A1_S_BornBeast_ImperialGold_BL.LTB,model,110,c50a51b44a6bff81531102507f3e219365dffc8b7b4d58b70723df15e19974d5,keyword:M4,0,7,0,1,,,CANDIDATE_ONLY,P5-T02 geometry/parts comparison
145,P5T01-C00499,data/rf016/Models/PLAYERVIEW/PV-M4A1_S_BornBeast_ImperialGold_GR.LTB,model,110,740c8b9ebb10c8209949017c20848f3b49f2003520e28de8b53cd667800c931f,keyword:M4,0,7,0,1,,,CANDIDATE_ONLY,P5-T02 geometry/parts comparison
146,P5T01-C00500,data/rf016/Models/PLAYERVIEW/PV-M4A1_S_BornBeast_ImperialGold_WOMAN_BL.LTB,model,110,8be3445c0336c032d87e19c89d174bf77b3f0db7ad9b82c173d8016d41a976c0,keyword:M4,0,7,0,1,,,CANDIDATE_ONLY,P5-T02 geometry/parts comparison
147,P5T01-C00501,data/rf016/Models/PLAYERVIEW/PV-M4A1_S_BornBeast_ImperialGold_WOMAN_GR.LTB,model,110,6295265b776540016c10318dfad3cda1e0f27e1dba3bc57b7a84ce587c5dd2ca,keyword:M4,0,7,0,1,,,CANDIDATE_ONLY,P5-T02 geometry/parts comparison
148,P5T01-C00503,data/rf016/Models/PLAYERVIEW/PV-M4A1_S_BornBeast_Legend18_BL.LTB,model,110,7235441865e51bd9365dd10ae1b976e793659ba3c09b81d8722ceb499244e410,keyword:M4,0,7,0,1,,,CANDIDATE_ONLY,P5-T02 geometry/parts comparison
149,P5T01-C00504,data/rf016/Models/PLAYERVIEW/PV-M4A1_S_BornBeast_Legend18_GR.LTB,model,110,59e3e7627aec27a6b7248477f336b25ca80513a4774c9dbe42eb612ac268aa05,keyword:M4,0,7,0,1,,,CANDIDATE_ONLY,P5-T02 geometry/parts comparison
150,P5T01-C00505,data/rf016/Models/PLAYERVIEW/PV-M4A1_S_BornBeast_Legend18_WOMAN_BL.LTB,model,110,5159bf1c77f0e00dc6f4f30de3666b78c8659fb399f0d28d69ab2cf79f6d6f5c,keyword:M4,0,7,0,1,,,CANDIDATE_ONLY,P5-T02 geometry/parts comparison
151,P5T01-C00506,data/rf016/Models/PLAYERVIEW/PV-M4A1_S_BornBeast_Legend18_WOMAN_GR.LTB,model,110,fb87d67be811850cab632f12997ad7fa433194e4012edbec5e6ea4d7ea27cc08,keyword:M4,0,7,0,1,,,CANDIDATE_ONLY,P5-T02 geometry/parts comparison
152,P5T01-C00508,data/rf016/Models/PLAYERVIEW/PV-M4A1_S_BornBeast_MJXW_BL.LTB,model,110,7a293dc13099b653e6adbf58c352a68ee012c993ee6144346a3fab86fe470e25,keyword:M4,0,7,0,1,,,CANDIDATE_ONLY,P5-T02 geometry/parts comparison
153,P5T01-C00509,data/rf016/Models/PLAYERVIEW/PV-M4A1_S_BornBeast_MJXW_GR.LTB,model,110,9bca1a602c6392dd411fe5f1a49db09948c33ddf6fd36220d6dceafd89062527,keyword:M4,0,7,0,1,,,CANDIDATE_ONLY,P5-T02 geometry/parts comparison
154,P5T01-C00510,data/rf016/Models/PLAYERVIEW/PV-M4A1_S_BornBeast_MJXW_WOMAN_BL.LTB,model,110,eef5ea1fba2e84fb1aaab84eb5d007be7750258af0ad80207af8f002b7bc22f2,keyword:M4,0,7,0,1,,,CANDIDATE_ONLY,P5-T02 geometry/parts comparison
155,P5T01-C00511,data/rf016/Models/PLAYERVIEW/PV-M4A1_S_BornBeast_MJXW_WOMAN_GR.LTB,model,110,1a1ee4f03e97b77c9047ca6c1aabf950ab2b3ac4db59c15234c3009052d023f2,keyword:M4,0,7,0,1,,,CANDIDATE_ONLY,P5-T02 geometry/parts comparison
156,P5T01-C00513,data/rf016/Models/PLAYERVIEW/PV-M4A1_S_BornBeast_Natalya_BL.LTB,model,110,84f429785949cb770d2cf252f1f28226256d37e51d68ef29b16394b3213efeb1,keyword:M4,0,7,0,1,,,CANDIDATE_ONLY,P5-T02 geometry/parts comparison
157,P5T01-C00514,data/rf016/Models/PLAYERVIEW/PV-M4A1_S_BornBeast_Natalya_GR.LTB,model,110,84f429785949cb770d2cf252f1f28226256d37e51d68ef29b16394b3213efeb1,keyword:M4,0,7,0,1,,,CANDIDATE_ONLY,P5-T02 geometry/parts comparison
158,P5T01-C00515,data/rf016/Models/PLAYERVIEW/PV-M4A1_S_BornBeast_Natalya_WOMAN_BL.LTB,model,110,84f429785949cb770d2cf252f1f28226256d37e51d68ef29b16394b3213efeb1,keyword:M4,0,7,0,1,,,CANDIDATE_ONLY,P5-T02 geometry/parts comparison
159,P5T01-C00516,data/rf016/Models/PLAYERVIEW/PV-M4A1_S_BornBeast_Natalya_WOMAN_GR.LTB,model,110,84f429785949cb770d2cf252f1f28226256d37e51d68ef29b16394b3213efeb1,keyword:M4,0,7,0,1,,,CANDIDATE_ONLY,P5-T02 geometry/parts comparison
160,P5T01-C00518,data/rf016/Models/PLAYERVIEW/PV-M4A1_S_BornBeast_Shaolin_BL.LTB,model,110,1ac61e569d02fe7a125f40bf31dbbed7059fedce8a40ac7be0de9ed6db939be2,keyword:M4,0,7,0,1,,,CANDIDATE_ONLY,P5-T02 geometry/parts comparison
161,P5T01-C00519,data/rf016/Models/PLAYERVIEW/PV-M4A1_S_BornBeast_Shaolin_GR.LTB,model,110,1ac61e569d02fe7a125f40bf31dbbed7059fedce8a40ac7be0de9ed6db939be2,keyword:M4,0,7,0,1,,,CANDIDATE_ONLY,P5-T02 geometry/parts comparison
162,P5T01-C00520,data/rf016/Models/PLAYERVIEW/PV-M4A1_S_BornBeast_Shaolin_WOMAN_BL.LTB,model,110,1ac61e569d02fe7a125f40bf31dbbed7059fedce8a40ac7be0de9ed6db939be2,keyword:M4,0,7,0,1,,,CANDIDATE_ONLY,P5-T02 geometry/parts comparison
163,P5T01-C00521,data/rf016/Models/PLAYERVIEW/PV-M4A1_S_BornBeast_Shaolin_WOMAN_GR.LTB,model,110,1ac61e569d02fe7a125f40bf31dbbed7059fedce8a40ac7be0de9ed6db939be2,keyword:M4,0,7,0,1,,,CANDIDATE_ONLY,P5-T02 geometry/parts comparison
164,P5T01-C00523,data/rf016/Models/PLAYERVIEW/PV-M4A1_S_BornBeast_TV_BL.LTB,model,110,0b4c97171bdfd6bf4f965cc1150e7f9b54f79b5484b4949ce3934126a35bdd68,keyword:M4,0,7,0,1,,,CANDIDATE_ONLY,P5-T02 geometry/parts comparison
165,P5T01-C00524,data/rf016/Models/PLAYERVIEW/PV-M4A1_S_BornBeast_TV_GR.LTB,model,110,0b4c97171bdfd6bf4f965cc1150e7f9b54f79b5484b4949ce3934126a35bdd68,keyword:M4,0,7,0,1,,,CANDIDATE_ONLY,P5-T02 geometry/parts comparison
166,P5T01-C00525,data/rf016/Models/PLAYERVIEW/PV-M4A1_S_BornBeast_TV_WOMAN_BL.LTB,model,110,0b4c97171bdfd6bf4f965cc1150e7f9b54f79b5484b4949ce3934126a35bdd68,keyword:M4,0,7,0,1,,,CANDIDATE_ONLY,P5-T02 geometry/parts comparison
167,P5T01-C00526,data/rf016/Models/PLAYERVIEW/PV-M4A1_S_BornBeast_TV_WOMAN_GR.LTB,model,110,0b4c97171bdfd6bf4f965cc1150e7f9b54f79b5484b4949ce3934126a35bdd68,keyword:M4,0,7,0,1,,,CANDIDATE_ONLY,P5-T02 geometry/parts comparison
168,P5T01-C00527,data/rf016/Models/PLAYERVIEW/PV-M4A1_S_BornBeast_WOMAN_BL.LTB,model,110,b807f8ca35188dfc634caab3d8da9d28fbcb3cc14acd93fe05676f2ca579110d,keyword:M4,0,7,0,1,,,CANDIDATE_ONLY,P5-T02 geometry/parts comparison
169,P5T01-C00528,data/rf016/Models/PLAYERVIEW/PV-M4A1_S_BornBeast_WOMAN_GR.LTB,model,110,9359b5a260203cf8b8bf920ad8e8dbc9c87a36520852d15ceac1abc86661ff13,keyword:M4,0,7,0,1,,,CANDIDATE_ONLY,P5-T02 geometry/parts comparison
170,P5T01-C00530,data/rf016/Models/PLAYERVIEW/PV-M4A1_S_BornBeast_ZhaoYun_BL.LTB,model,110,5f8fa9f11de900a9f259e2cbbde69d461291a2fd86547926f711b41040c1d27f,keyword:M4,0,7,0,1,,,CANDIDATE_ONLY,P5-T02 geometry/parts comparison
171,P5T01-C00531,data/rf016/Models/PLAYERVIEW/PV-M4A1_S_BornBeast_ZhaoYun_GR.LTB,model,110,baf644bd6a1a0b086fa97b3a7f3a1c0d6bf581368639485a71555810a9a1e143,keyword:M4,0,7,0,1,,,CANDIDATE_ONLY,P5-T02 geometry/parts comparison
172,P5T01-C00532,data/rf016/Models/PLAYERVIEW/PV-M4A1_S_BornBeast_ZhaoYun_WOMAN_BL.LTB,model,110,2933feee2896ceec2b8a514053052f7dfdbe1f7fb31b8ab553ca4dc3defb1dd3,keyword:M4,0,7,0,1,,,CANDIDATE_ONLY,P5-T02 geometry/parts comparison
173,P5T01-C00533,data/rf016/Models/PLAYERVIEW/PV-M4A1_S_BornBeast_ZhaoYun_WOMAN_GR.LTB,model,110,7dc5c0ab2919012058d7f48b5e8689a3d0acfa7d2a4567fe478fd8e372da3d47,keyword:M4,0,7,0,1,,,CANDIDATE_ONLY,P5-T02 geometry/parts comparison
174,P5T01-C00535,data/rf016/Models/PLAYERVIEW/PV-M4A1_S_BornBeast_w10y_BL.LTB,model,110,a4e3378d809209aed72c9f162f19994ed4238554676afab23c02f465fd2c7c3b,keyword:M4,0,7,0,1,,,CANDIDATE_ONLY,P5-T02 geometry/parts comparison
175,P5T01-C00536,data/rf016/Models/PLAYERVIEW/PV-M4A1_S_BornBeast_w10y_GR.LTB,model,110,a4e3378d809209aed72c9f162f19994ed4238554676afab23c02f465fd2c7c3b,keyword:M4,0,7,0,1,,,CANDIDATE_ONLY,P5-T02 geometry/parts comparison
176,P5T01-C00537,data/rf016/Models/PLAYERVIEW/PV-M4A1_S_BornBeast_w10y_WOMAN_BL.LTB,model,110,a4e3378d809209aed72c9f162f19994ed4238554676afab23c02f465fd2c7c3b,keyword:M4,0,7,0,1,,,CANDIDATE_ONLY,P5-T02 geometry/parts comparison
177,P5T01-C00538,data/rf016/Models/PLAYERVIEW/PV-M4A1_S_BornBeast_w10y_WOMAN_GR.LTB,model,110,a4e3378d809209aed72c9f162f19994ed4238554676afab23c02f465fd2c7c3b,keyword:M4,0,7,0,1,,,CANDIDATE_ONLY,P5-T02 geometry/parts comparison
178,P5T01-C00540,data/rf016/Models/PLAYERVIEW/PV-M4A1_S_ClassicBeast_BL.LTB,model,110,37cea882f585fa577273cd91cd5df3bf729521519316fb25221e0297fd08d98e,keyword:M4,0,7,0,1,,,CANDIDATE_ONLY,P5-T02 geometry/parts comparison
179,P5T01-C00541,data/rf016/Models/PLAYERVIEW/PV-M4A1_S_ClassicBeast_GR.LTB,model,110,37cea882f585fa577273cd91cd5df3bf729521519316fb25221e0297fd08d98e,keyword:M4,0,7,0,1,,,CANDIDATE_ONLY,P5-T02 geometry/parts comparison
180,P5T01-C00542,data/rf016/Models/PLAYERVIEW/PV-M4A1_S_ClassicBeast_WOMAN_BL.LTB,model,110,37cea882f585fa577273cd91cd5df3bf729521519316fb25221e0297fd08d98e,keyword:M4,0,7,0,1,,,CANDIDATE_ONLY,P5-T02 geometry/parts comparison
181,P5T01-C00543,data/rf016/Models/PLAYERVIEW/PV-M4A1_S_ClassicBeast_WOMAN_GR.LTB,model,110,37cea882f585fa577273cd91cd5df3bf729521519316fb25221e0297fd08d98e,keyword:M4,0,7,0,1,,,CANDIDATE_ONLY,P5-T02 geometry/parts comparison
182,P5T01-C00545,data/rf016/Models/PLAYERVIEW/PV-M4A1_S_DemonicBeast_BL.LTB,model,110,75819dd6b780d5e4531c26bf7f49333e6eda80cf81730fabb60990bffa8256ee,keyword:M4,0,7,0,1,,,CANDIDATE_ONLY,P5-T02 geometry/parts comparison
183,P5T01-C00546,data/rf016/Models/PLAYERVIEW/PV-M4A1_S_DemonicBeast_GR.LTB,model,110,75819dd6b780d5e4531c26bf7f49333e6eda80cf81730fabb60990bffa8256ee,keyword:M4,0,7,0,1,,,CANDIDATE_ONLY,P5-T02 geometry/parts comparison
184,P5T01-C00548,data/rf016/Models/PLAYERVIEW/PV-M4A1_S_DemonicBeast_Sprint_BL.LTB,model,110,10ed5a15db783e09e0925897db3732618ac79e80a4fc57b4577ad7dd77a2b5a7,keyword:M4,0,7,0,1,,,CANDIDATE_ONLY,P5-T02 geometry/parts comparison
185,P5T01-C00549,data/rf016/Models/PLAYERVIEW/PV-M4A1_S_DemonicBeast_Sprint_GR.LTB,model,110,10ed5a15db783e09e0925897db3732618ac79e80a4fc57b4577ad7dd77a2b5a7,keyword:M4,0,7,0,1,,,CANDIDATE_ONLY,P5-T02 geometry/parts comparison
186,P5T01-C00550,data/rf016/Models/PLAYERVIEW/PV-M4A1_S_DemonicBeast_Sprint_WOMAN_BL.LTB,model,110,10ed5a15db783e09e0925897db3732618ac79e80a4fc57b4577ad7dd77a2b5a7,keyword:M4,0,7,0,1,,,CANDIDATE_ONLY,P5-T02 geometry/parts comparison
187,P5T01-C00551,data/rf016/Models/PLAYERVIEW/PV-M4A1_S_DemonicBeast_Sprint_WOMAN_GR.LTB,model,110,10ed5a15db783e09e0925897db3732618ac79e80a4fc57b4577ad7dd77a2b5a7,keyword:M4,0,7,0,1,,,CANDIDATE_ONLY,P5-T02 geometry/parts comparison
188,P5T01-C00552,data/rf016/Models/PLAYERVIEW/PV-M4A1_S_DemonicBeast_WOMAN_BL.LTB,model,110,75819dd6b780d5e4531c26bf7f49333e6eda80cf81730fabb60990bffa8256ee,keyword:M4,0,7,0,1,,,CANDIDATE_ONLY,P5-T02 geometry/parts comparison
189,P5T01-C00553,data/rf016/Models/PLAYERVIEW/PV-M4A1_S_DemonicBeast_WOMAN_GR.LTB,model,110,75819dd6b780d5e4531c26bf7f49333e6eda80cf81730fabb60990bffa8256ee,keyword:M4,0,7,0,1,,,CANDIDATE_ONLY,P5-T02 geometry/parts comparison
190,P5T01-C00650,data/rf016/Models/PLAYERVIEW/PV-M4A1_S_IronBeast-NobleGold_BL.LTB,model,110,fa7048971e6f9fff2b45d86049b76ef321a435271571035399cd9722f7b7cdd3,keyword:M4,0,7,0,1,,,CANDIDATE_ONLY,P5-T02 geometry/parts comparison
191,P5T01-C00651,data/rf016/Models/PLAYERVIEW/PV-M4A1_S_IronBeast-NobleGold_GR.LTB,model,110,1815d70dc015004269dda92b2b0f8c2849cb5d4717a524bfb9e176d555e8a59a,keyword:M4,0,7,0,1,,,CANDIDATE_ONLY,P5-T02 geometry/parts comparison
192,P5T01-C00652,data/rf016/Models/PLAYERVIEW/PV-M4A1_S_IronBeast-NobleGold_WOMAN_BL.LTB,model,110,f435970c3fc296fcbf7e1fa1f4780dd76d21f7f5e92a064a32c0fc71d2d79bbc,keyword:M4,0,7,0,1,,,CANDIDATE_ONLY,P5-T02 geometry/parts comparison
193,P5T01-C00653,data/rf016/Models/PLAYERVIEW/PV-M4A1_S_IronBeast-NobleGold_WOMAN_GR.LTB,model,110,5264e68101f4b00ca22efef4345df949cd5aebfeadf0aacf082041f979507c00,keyword:M4,0,7,0,1,,,CANDIDATE_ONLY,P5-T02 geometry/parts comparison
194,P5T01-C00655,data/rf016/Models/PLAYERVIEW/PV-M4A1_S_IronBeast2_BL.LTB,model,110,feffafa92416479785179fd1ce653fd9e07376ed7aa7e460f60d25522865167e,keyword:M4,0,7,0,1,,,CANDIDATE_ONLY,P5-T02 geometry/parts comparison
195,P5T01-C00656,data/rf016/Models/PLAYERVIEW/PV-M4A1_S_IronBeast2_GR.LTB,model,110,e8dbd9b905a92bda1bcc31430e5e5fe2cdf6912859cbf35061943621534e4327,keyword:M4,0,7,0,1,,,CANDIDATE_ONLY,P5-T02 geometry/parts comparison
196,P5T01-C00657,data/rf016/Models/PLAYERVIEW/PV-M4A1_S_IronBeast2_WOMAN_BL.LTB,model,110,d50cfcda89804ed1dd38ba99526d55c1576461efb9ec89ce2457f2952d5811f1,keyword:M4,0,7,0,1,,,CANDIDATE_ONLY,P5-T02 geometry/parts comparison
197,P5T01-C00658,data/rf016/Models/PLAYERVIEW/PV-M4A1_S_IronBeast2_WOMAN_GR.LTB,model,110,e2b967c42fc62e301fffd0769d65074f4d12a9cfb1a1f8fff9434aaa903d46ba,keyword:M4,0,7,0,1,,,CANDIDATE_ONLY,P5-T02 geometry/parts comparison
198,P5T01-C00660,data/rf016/Models/PLAYERVIEW/PV-M4A1_S_IronBeast_BR_BL.LTB,model,110,cf8d142b177e46bc46d74f6415a466b135199b0b2e1955ae896dc61ac4f23d24,keyword:M4,0,7,0,1,,,CANDIDATE_ONLY,P5-T02 geometry/parts comparison
199,P5T01-C00661,data/rf016/Models/PLAYERVIEW/PV-M4A1_S_IronBeast_BR_GR.LTB,model,110,112308b81a295c95a0ac5ef4dd938243bbf094d22bfd901b153aa30342d6ea2a,keyword:M4,0,7,0,1,,,CANDIDATE_ONLY,P5-T02 geometry/parts comparison
200,P5T01-C00662,data/rf016/Models/PLAYERVIEW/PV-M4A1_S_IronBeast_BR_WOMAN_BL.LTB,model,110,2c3b76c74db37ff484ae3334ac636ed4cb93df1b167c187e8e95b11840100e6b,keyword:M4,0,7,0,1,,,CANDIDATE_ONLY,P5-T02 geometry/parts comparison
201,P5T01-C00663,data/rf016/Models/PLAYERVIEW/PV-M4A1_S_IronBeast_BR_WOMAN_GR.LTB,model,110,a2f6cd2b4762cee582dc12a237f0de3101b6b470cf162d3444bf9874e0940c9b,keyword:M4,0,7,0,1,,,CANDIDATE_ONLY,P5-T02 geometry/parts comparison
202,P5T01-C00665,data/rf016/Models/PLAYERVIEW/PV-M4A1_S_IronBeast_BirthdayBang_BL.LTB,model,110,58a77419e7e3ae7ebfc95a64ed5cb1afefe9868b6e1e6f54a9ef2a33f0720512,keyword:M4,0,7,0,1,,,CANDIDATE_ONLY,P5-T02 geometry/parts comparison
203,P5T01-C00666,data/rf016/Models/PLAYERVIEW/PV-M4A1_S_IronBeast_BirthdayBang_GR.LTB,model,110,58a77419e7e3ae7ebfc95a64ed5cb1afefe9868b6e1e6f54a9ef2a33f0720512,keyword:M4,0,7,0,1,,,CANDIDATE_ONLY,P5-T02 geometry/parts comparison
204,P5T01-C00667,data/rf016/Models/PLAYERVIEW/PV-M4A1_S_IronBeast_BirthdayBang_WOMAN_BL.LTB,model,110,58a77419e7e3ae7ebfc95a64ed5cb1afefe9868b6e1e6f54a9ef2a33f0720512,keyword:M4,0,7,0,1,,,CANDIDATE_ONLY,P5-T02 geometry/parts comparison
205,P5T01-C00668,data/rf016/Models/PLAYERVIEW/PV-M4A1_S_IronBeast_BirthdayBang_WOMAN_GR.LTB,model,110,58a77419e7e3ae7ebfc95a64ed5cb1afefe9868b6e1e6f54a9ef2a33f0720512,keyword:M4,0,7,0,1,,,CANDIDATE_ONLY,P5-T02 geometry/parts comparison
206,P5T01-C00670,data/rf016/Models/PLAYERVIEW/PV-M4A1_S_IronBeast_Champ_Q9_BL.LTB,model,110,a26b6819a21bf019e077bfb3fbabb90f987209b78ca6fd70309b23a13ab79ddf,keyword:M4,0,7,0,1,,,CANDIDATE_ONLY,P5-T02 geometry/parts comparison
207,P5T01-C00671,data/rf016/Models/PLAYERVIEW/PV-M4A1_S_IronBeast_Champ_Q9_GR.LTB,model,110,442449d290870cb6e4589f75956d5ad2cbb096a3d833c9d30de7dc6d82dfaf19,keyword:M4,0,7,0,1,,,CANDIDATE_ONLY,P5-T02 geometry/parts comparison
208,P5T01-C00672,data/rf016/Models/PLAYERVIEW/PV-M4A1_S_IronBeast_Champ_Q9_WOMAN_BL.LTB,model,110,c3d27a601bd587327fe0ad574e5a435c00940ce6cb05832ecb5854abe4dfc9fc,keyword:M4,0,7,0,1,,,CANDIDATE_ONLY,P5-T02 geometry/parts comparison
209,P5T01-C00673,data/rf016/Models/PLAYERVIEW/PV-M4A1_S_IronBeast_Champ_Q9_WOMAN_GR.LTB,model,110,411891bd6cf261c6781ccbaea7572d1f8abc2548801ed769a17689300b3a283f,keyword:M4,0,7,0,1,,,CANDIDATE_ONLY,P5-T02 geometry/parts comparison
210,P5T01-C00675,data/rf016/Models/PLAYERVIEW/PV-M4A1_S_IronBeast_Gilt_BL.LTB,model,110,a48a419622ce7bc286354944ccb67deb72b94f8a2bb81301f6cb96ba0f42ee42,keyword:M4,0,7,0,1,,,CANDIDATE_ONLY,P5-T02 geometry/parts comparison
211,P5T01-C00676,data/rf016/Models/PLAYERVIEW/PV-M4A1_S_IronBeast_Gilt_GR.LTB,model,110,d2962430171a55f54040458dcb432b13683907193343e1c53281f57c177373b5,keyword:M4,0,7,0,1,,,CANDIDATE_ONLY,P5-T02 geometry/parts comparison
212,P5T01-C00677,data/rf016/Models/PLAYERVIEW/PV-M4A1_S_IronBeast_Gilt_WOMAN_BL.LTB,model,110,0f2b05a6ac2dcc6e3cf94e6bc04274e7c9d87ccb99c7ff841387ac3ce972e8ba,keyword:M4,0,7,0,1,,,CANDIDATE_ONLY,P5-T02 geometry/parts comparison
213,P5T01-C00678,data/rf016/Models/PLAYERVIEW/PV-M4A1_S_IronBeast_Gilt_WOMAN_GR.LTB,model,110,ba007ad6730dc2ed4ae87ca9a44b236d1569d404bba86b08e26b9a884ec1cc7a,keyword:M4,0,7,0,1,,,CANDIDATE_ONLY,P5-T02 geometry/parts comparison
214,P5T01-C00680,data/rf016/Models/PLAYERVIEW/PV-M4A1_S_IronBeast_HuluXiongdi_BL.LTB,model,110,cb064816447aaed821674c4de13708eb83e7edd0876414f296d845250006962e,keyword:M4,0,7,0,1,,,CANDIDATE_ONLY,P5-T02 geometry/parts comparison
215,P5T01-C00681,data/rf016/Models/PLAYERVIEW/PV-M4A1_S_IronBeast_HuluXiongdi_GR.LTB,model,110,4cc6dbc99a1b2959289ccba75d04e2b3b66fe525f3700bf0feed9ba04f9187bf,keyword:M4,0,7,0,1,,,CANDIDATE_ONLY,P5-T02 geometry/parts comparison
216,P5T01-C00682,data/rf016/Models/PLAYERVIEW/PV-M4A1_S_IronBeast_HuluXiongdi_WOMAN_BL.LTB,model,110,0990b121daac26f238d7170bed64aa76607bbf0201ac9d8c9fe2d712e017820d,keyword:M4,0,7,0,1,,,CANDIDATE_ONLY,P5-T02 geometry/parts comparison
217,P5T01-C00683,data/rf016/Models/PLAYERVIEW/PV-M4A1_S_IronBeast_HuluXiongdi_WOMAN_GR.LTB,model,110,c6fc7d25ccffdae8975cdda9eea80098676ccf17484f693e006aa483eb6789fc,keyword:M4,0,7,0,1,,,CANDIDATE_ONLY,P5-T02 geometry/parts comparison
218,P5T01-C00685,data/rf016/Models/PLAYERVIEW/PV-M4A1_S_IronBeast_ImperialGold_BL.LTB,model,110,c4a562d794a359203cffb5dd3a7deb640467d3c805b50687824d415e6a54d1d4,keyword:M4,0,7,0,1,,,CANDIDATE_ONLY,P5-T02 geometry/parts comparison
219,P5T01-C00686,data/rf016/Models/PLAYERVIEW/PV-M4A1_S_IronBeast_ImperialGold_GR.LTB,model,110,92f93b67e8f2cff1fec68c154b5538d21fc4ce7a9b62d01dbb4d4774cb6688fb,keyword:M4,0,7,0,1,,,CANDIDATE_ONLY,P5-T02 geometry/parts comparison
220,P5T01-C00687,data/rf016/Models/PLAYERVIEW/PV-M4A1_S_IronBeast_ImperialGold_WOMAN_BL.LTB,model,110,82ea48f5b4e831054e69423487d7522012c73220768f2576b3b40090ddbaed41,keyword:M4,0,7,0,1,,,CANDIDATE_ONLY,P5-T02 geometry/parts comparison
221,P5T01-C00688,data/rf016/Models/PLAYERVIEW/PV-M4A1_S_IronBeast_ImperialGold_WOMAN_GR.LTB,model,110,f3a39d51b77525519fbf3c6b1d27efd05f96e472d0c17d806106e32cdb075f54,keyword:M4,0,7,0,1,,,CANDIDATE_ONLY,P5-T02 geometry/parts comparison
222,P5T01-C00690,data/rf016/Models/PLAYERVIEW/PV-M4A1_S_IronBeast_NG_Xingpo_BL.LTB,model,110,d145c2eb46629e853477b2fdc74a0506ee784df72094fd39a30e7f1b0d58fee2,keyword:M4,0,7,0,1,,,CANDIDATE_ONLY,P5-T02 geometry/parts comparison
223,P5T01-C00691,data/rf016/Models/PLAYERVIEW/PV-M4A1_S_IronBeast_NG_Xingpo_GR.LTB,model,110,d145c2eb46629e853477b2fdc74a0506ee784df72094fd39a30e7f1b0d58fee2,keyword:M4,0,7,0,1,,,CANDIDATE_ONLY,P5-T02 geometry/parts comparison
224,P5T01-C00692,data/rf016/Models/PLAYERVIEW/PV-M4A1_S_IronBeast_NG_Xingpo_WOMAN_BL.LTB,model,110,d145c2eb46629e853477b2fdc74a0506ee784df72094fd39a30e7f1b0d58fee2,keyword:M4,0,7,0,1,,,CANDIDATE_ONLY,P5-T02 geometry/parts comparison
225,P5T01-C00693,data/rf016/Models/PLAYERVIEW/PV-M4A1_S_IronBeast_NG_Xingpo_WOMAN_GR.LTB,model,110,d145c2eb46629e853477b2fdc74a0506ee784df72094fd39a30e7f1b0d58fee2,keyword:M4,0,7,0,1,,,CANDIDATE_ONLY,P5-T02 geometry/parts comparison
226,P5T01-C00695,data/rf016/Models/PLAYERVIEW/PV-M4A1_S_IronBeast_Virgo_BL.LTB,model,110,81b6ca6e9562f858faed0cc3853be16396a3402c46fe098e17a3186f8e3c1e0b,keyword:M4,0,7,0,1,,,CANDIDATE_ONLY,P5-T02 geometry/parts comparison
227,P5T01-C00696,data/rf016/Models/PLAYERVIEW/PV-M4A1_S_IronBeast_Virgo_GR.LTB,model,110,6825e63dd8c3741101402e39a015d37371faf460b5079d0dfe0e999bd9b0b2e8,keyword:M4,0,7,0,1,,,CANDIDATE_ONLY,P5-T02 geometry/parts comparison
228,P5T01-C00697,data/rf016/Models/PLAYERVIEW/PV-M4A1_S_IronBeast_Virgo_WOMAN_BL.LTB,model,110,99087941db1b6498d676ab5c2d475061c787819125946a7363924a1e00ebd3af,keyword:M4,0,7,0,1,,,CANDIDATE_ONLY,P5-T02 geometry/parts comparison
229,P5T01-C00698,data/rf016/Models/PLAYERVIEW/PV-M4A1_S_IronBeast_Virgo_WOMAN_GR.LTB,model,110,43c01e18f38681e98b8950bb965ee0ec2f64c11500d4ff5634e4648d3cd0dbbf,keyword:M4,0,7,0,1,,,CANDIDATE_ONLY,P5-T02 geometry/parts comparison
230,P5T01-C00705,data/rf016/Models/PLAYERVIEW/PV-M4A1_S_Ironbeast_Olive_BL.LTB,model,110,83106fa4b33724362fdeede943aaa2cd6e8a53c61360e61dcfdd70f9c9c5f401,keyword:M4,0,7,0,1,,,CANDIDATE_ONLY,P5-T02 geometry/parts comparison
231,P5T01-C00706,data/rf016/Models/PLAYERVIEW/PV-M4A1_S_Ironbeast_Olive_GR.LTB,model,110,83106fa4b33724362fdeede943aaa2cd6e8a53c61360e61dcfdd70f9c9c5f401,keyword:M4,0,7,0,1,,,CANDIDATE_ONLY,P5-T02 geometry/parts comparison
232,P5T01-C00707,data/rf016/Models/PLAYERVIEW/PV-M4A1_S_Ironbeast_Olive_WOMAN_BL.LTB,model,110,83106fa4b33724362fdeede943aaa2cd6e8a53c61360e61dcfdd70f9c9c5f401,keyword:M4,0,7,0,1,,,CANDIDATE_ONLY,P5-T02 geometry/parts comparison
233,P5T01-C00708,data/rf016/Models/PLAYERVIEW/PV-M4A1_S_Ironbeast_Olive_WOMAN_GR.LTB,model,110,83106fa4b33724362fdeede943aaa2cd6e8a53c61360e61dcfdd70f9c9c5f401,keyword:M4,0,7,0,1,,,CANDIDATE_ONLY,P5-T02 geometry/parts comparison
234,P5T01-C00755,data/rf016/Models/PLAYERVIEW/PV-M4A1_S_PrismBeast_ImperialGold.LTB,model,110,6b42e30d12e084b015a16d55c33fb61acfcf5a6db50f812e49a2fe89bae780d4,keyword:M4,0,7,0,1,,,CANDIDATE_ONLY,P5-T02 geometry/parts comparison
235,P5T01-C00756,data/rf016/Models/PLAYERVIEW/PV-M4A1_S_PrismBeast_ImperialGold_BL.LTB,model,110,6296d4552f4f2332726ee7e01c98cac285e2a9cfb8c27493ff0bbcc237e23f80,keyword:M4,0,7,0,1,,,CANDIDATE_ONLY,P5-T02 geometry/parts comparison
236,P5T01-C00757,data/rf016/Models/PLAYERVIEW/PV-M4A1_S_PrismBeast_ImperialGold_GR.LTB,model,110,ffd5df1f904bb36ed98e4f202eb48512eb622b9a8ddf7fd3f2b377254eabde0c,keyword:M4,0,7,0,1,,,CANDIDATE_ONLY,P5-T02 geometry/parts comparison
237,P5T01-C00758,data/rf016/Models/PLAYERVIEW/PV-M4A1_S_PrismBeast_ImperialGold_WOMAN_BL.LTB,model,110,c08d083fc2f34af9c5896279b46fc274b6ee5f77570db02701ad7722c192ab22,keyword:M4,0,7,0,1,,,CANDIDATE_ONLY,P5-T02 geometry/parts comparison
238,P5T01-C00759,data/rf016/Models/PLAYERVIEW/PV-M4A1_S_PrismBeast_ImperialGold_WOMAN_GR.LTB,model,110,900fe4fb5fbc53b091b3955d7424819d1d51f28310f10560d53d88d75d105528,keyword:M4,0,7,0,1,,,CANDIDATE_ONLY,P5-T02 geometry/parts comparison
239,P5T01-C00760,data/rf016/Models/PLAYERVIEW/PV-M4A1_S_PrismBeast_NG_Crystal.LTB,model,110,a2b2126a228af1fd54b397356bd6b94d6c2dfe43480b23498fee019263c17975,keyword:M4,0,7,0,1,,,CANDIDATE_ONLY,P5-T02 geometry/parts comparison
240,P5T01-C00761,data/rf016/Models/PLAYERVIEW/PV-M4A1_S_PrismBeast_NG_Crystal_BL.LTB,model,110,a347b8d866f2b5abfc51644e6aacd8d1a75c7adeefba11b18bd2b83fa9bdf6ad,keyword:M4,0,7,0,1,,,CANDIDATE_ONLY,P5-T02 geometry/parts comparison
241,P5T01-C00762,data/rf016/Models/PLAYERVIEW/PV-M4A1_S_PrismBeast_NG_Crystal_GR.LTB,model,110,a347b8d866f2b5abfc51644e6aacd8d1a75c7adeefba11b18bd2b83fa9bdf6ad,keyword:M4,0,7,0,1,,,CANDIDATE_ONLY,P5-T02 geometry/parts comparison
242,P5T01-C00763,data/rf016/Models/PLAYERVIEW/PV-M4A1_S_PrismBeast_NG_Crystal_WOMAN_BL.LTB,model,110,a347b8d866f2b5abfc51644e6aacd8d1a75c7adeefba11b18bd2b83fa9bdf6ad,keyword:M4,0,7,0,1,,,CANDIDATE_ONLY,P5-T02 geometry/parts comparison
243,P5T01-C00764,data/rf016/Models/PLAYERVIEW/PV-M4A1_S_PrismBeast_NG_Crystal_WOMAN_GR.LTB,model,110,a347b8d866f2b5abfc51644e6aacd8d1a75c7adeefba11b18bd2b83fa9bdf6ad,keyword:M4,0,7,0,1,,,CANDIDATE_ONLY,P5-T02 geometry/parts comparison
244,P5T01-C00776,data/rf016/Models/PLAYERVIEW/PV-M4A1_S_RedKnifeBeast_BL.LTB,model,110,ebb5aa2ff44838dbb957caf4bf5daeed57b014d59070f090ea8f0f56234af92b,keyword:M4,0,7,0,1,,,CANDIDATE_ONLY,P5-T02 geometry/parts comparison
245,P5T01-C00777,data/rf016/Models/PLAYERVIEW/PV-M4A1_S_RedKnifeBeast_GR.LTB,model,110,f14bf849b63f557c403febb7410358856d976e7f8c738c96be5c12d03b7c4d6b,keyword:M4,0,7,0,1,,,CANDIDATE_ONLY,P5-T02 geometry/parts comparison
246,P5T01-C00778,data/rf016/Models/PLAYERVIEW/PV-M4A1_S_RedKnifeBeast_WOMAN_BL.LTB,model,110,b0a8f9910a16827e4a73a8d0d1dcc4cdb2df722f489eaa7d968c8407886a135a,keyword:M4,0,7,0,1,,,CANDIDATE_ONLY,P5-T02 geometry/parts comparison
247,P5T01-C00779,data/rf016/Models/PLAYERVIEW/PV-M4A1_S_RedKnifeBeast_WOMAN_GR.LTB,model,110,6c9c337d2e730d63f08f730429be7585d77f9b802a66485078d00c7e664e2798,keyword:M4,0,7,0,1,,,CANDIDATE_ONLY,P5-T02 geometry/parts comparison
248,P5T01-C00781,data/rf016/Models/PLAYERVIEW/PV-M4A1_S_RedRifleBeast_BL.LTB,model,110,173461a6f768651fb37f31eec65cf0f4821b28633d079c9fe64e3d77ac295f0d,keyword:M4,0,7,0,1,,,CANDIDATE_ONLY,P5-T02 geometry/parts comparison
249,P5T01-C00782,data/rf016/Models/PLAYERVIEW/PV-M4A1_S_RedRifleBeast_GR.LTB,model,110,c5368380aa8c93748b13ce4fa6f95f9beea935d378150c6026136f421c72a436,keyword:M4,0,7,0,1,,,CANDIDATE_ONLY,P5-T02 geometry/parts comparison
250,P5T01-C00783,data/rf016/Models/PLAYERVIEW/PV-M4A1_S_RedRifleBeast_WOMAN_BL.LTB,model,110,84b13928e71dc8176421820f59b54312fa31e4c89df05ed83737854e78420fab,keyword:M4,0,7,0,1,,,CANDIDATE_ONLY,P5-T02 geometry/parts comparison
251,P5T01-C00784,data/rf016/Models/PLAYERVIEW/PV-M4A1_S_RedRifleBeast_WOMAN_GR.LTB,model,110,51730b42b9179b19982d7a2df5045619127c57ab0e8ad37258ca220670609ba1,keyword:M4,0,7,0,1,,,CANDIDATE_ONLY,P5-T02 geometry/parts comparison
252,P5T01-C01050,data/rf016/Models/PLAYERVIEW/PV-M4A1_S_ValorBeast.LTB,model,110,a6ecf00e1a0d2460fd147f6fea05d332962f8193a0efc19874dcd291f76d8f55,keyword:M4,0,7,0,1,,,CANDIDATE_ONLY,P5-T02 geometry/parts comparison
253,P5T01-C01051,data/rf016/Models/PLAYERVIEW/PV-M4A1_S_ValorBeast_BL.LTB,model,110,d0a9019d58bb3beb8ad20f89119eb9dbf2c296a8dc2a8b604ab70f0f10fb5a39,keyword:M4,0,7,0,1,,,CANDIDATE_ONLY,P5-T02 geometry/parts comparison
254,P5T01-C01052,data/rf016/Models/PLAYERVIEW/PV-M4A1_S_ValorBeast_GR.LTB,model,110,d0a9019d58bb3beb8ad20f89119eb9dbf2c296a8dc2a8b604ab70f0f10fb5a39,keyword:M4,0,7,0,1,,,CANDIDATE_ONLY,P5-T02 geometry/parts comparison
255,P5T01-C01053,data/rf016/Models/PLAYERVIEW/PV-M4A1_S_ValorBeast_WOMAN_BL.LTB,model,110,d0a9019d58bb3beb8ad20f89119eb9dbf2c296a8dc2a8b604ab70f0f10fb5a39,keyword:M4,0,7,0,1,,,CANDIDATE_ONLY,P5-T02 geometry/parts comparison
256,P5T01-C01054,data/rf016/Models/PLAYERVIEW/PV-M4A1_S_ValorBeast_WOMAN_GR.LTB,model,110,d0a9019d58bb3beb8ad20f89119eb9dbf2c296a8dc2a8b604ab70f0f10fb5a39,keyword:M4,0,7,0,1,,,CANDIDATE_ONLY,P5-T02 geometry/parts comparison
257,P5T01-C01105,data/rf016/Models/PLAYERVIEW/PV-M4A1_Silencer_PrismBeast.LTB,model,110,71116c83de4f06cdd937e7c25da2b7fa7c64ba9f186142413f86ac84b15531a1,keyword:M4,0,7,0,1,,,CANDIDATE_ONLY,P5-T02 geometry/parts comparison
258,P5T01-C01106,data/rf016/Models/PLAYERVIEW/PV-M4A1_Silencer_PrismBeast_BL.LTB,model,110,e4765f1cd1f4f148ae816a4010ce9ffb160bf23b3517d73f07e725c1af4a514b,keyword:M4,0,7,0,1,,,CANDIDATE_ONLY,P5-T02 geometry/parts comparison
259,P5T01-C01107,data/rf016/Models/PLAYERVIEW/PV-M4A1_Silencer_PrismBeast_GR.LTB,model,110,dd03b710c06db9127b9f73a949a809e73916bf7edcab222ac477a7807b916228,keyword:M4,0,7,0,1,,,CANDIDATE_ONLY,P5-T02 geometry/parts comparison
260,P5T01-C01108,data/rf016/Models/PLAYERVIEW/PV-M4A1_Silencer_PrismBeast_WOMAN_BL.LTB,model,110,dabb7a837d38964d909d8650f4679fff3f19e994e9e8fb02d7477de80e719866,keyword:M4,0,7,0,1,,,CANDIDATE_ONLY,P5-T02 geometry/parts comparison
261,P5T01-C01109,data/rf016/Models/PLAYERVIEW/PV-M4A1_Silencer_PrismBeast_WOMAN_GR.LTB,model,110,3802eb5797a18402770a56eed213a692dd67c83c4c500b222b8727bf5f0fb197,keyword:M4,0,7,0,1,,,CANDIDATE_ONLY,P5-T02 geometry/parts comparison
262,P5T01-C01167,data/rf016/Models/PLAYERVIEW/PV-MOS_Elite_GR_M4A1_Beast_NG.LTB,model,110,3ef38833cf410175f8e9bb5aa7080ad560e7429883534748710eab2ae29d570a,keyword:M4,0,7,0,1,,,CANDIDATE_ONLY,P5-T02 geometry/parts comparison
263,P5T01-C01168,data/rf016/Models/PLAYERVIEW/PV-MOS_Elite_GR_M4A1_Beast_NG_BL.LTB,model,110,9ae5fb6589f911465d5c45f5ece06d88d8aca6139db7f662d1b4bc359702c3a4,keyword:M4,0,7,0,1,,,CANDIDATE_ONLY,P5-T02 geometry/parts comparison
264,P5T01-C01169,data/rf016/Models/PLAYERVIEW/PV-MOS_Elite_GR_M4A1_Beast_NG_GR.LTB,model,110,3a5ac429d6b687d4712ea0ebaeda1d41328b8be7eeeee88f49e5226bc853d81d,keyword:M4,0,7,0,1,,,CANDIDATE_ONLY,P5-T02 geometry/parts comparison
265,P5T01-C01170,data/rf016/Models/PLAYERVIEW/PV-MOS_Elite_GR_M4A1_Beast_NG_WOMAN_BL.LTB,model,110,89adb2282031cca15eb6bc0548ba9ba2359ba5042347b2b23a829e8ccf12a620,keyword:M4,0,7,0,1,,,CANDIDATE_ONLY,P5-T02 geometry/parts comparison
266,P5T01-C01171,data/rf016/Models/PLAYERVIEW/PV-MOS_Elite_GR_M4A1_Beast_NG_WOMAN_GR.LTB,model,110,7038ea1329a2c2ac6809eb6ba37d9a155b09ed69b27ed562047ef68c80aacd8f,keyword:M4,0,7,0,1,,,CANDIDATE_ONLY,P5-T02 geometry/parts comparison
267,P5T01-C01183,data/rf016/Models/PLAYERVIEW/PV-NANO_M4A1_IronBeast_BL.LTB,model,110,5f8f48e3fc1bdbc3d7bc4765a39e629daec93d0a0be5ce6bd2976cd14850a9b5,keyword:M4,0,7,0,1,,,CANDIDATE_ONLY,P5-T02 geometry/parts comparison
268,P5T01-C01184,data/rf016/Models/PLAYERVIEW/PV-NANO_M4A1_IronBeast_GR.LTB,model,110,dc8fa603133127d7fbe14dd5792a79e8c4b47715b829f28452c9abc63ed07483,keyword:M4,0,7,0,1,,,CANDIDATE_ONLY,P5-T02 geometry/parts comparison
269,P5T01-C01185,data/rf016/Models/PLAYERVIEW/PV-NANO_M4A1_IronBeast_WOMAN_BL.LTB,model,110,9fc923af90f01d09f1261ba51356441d98317225c22df27702b909de9e7abe01,keyword:M4,0,7,0,1,,,CANDIDATE_ONLY,P5-T02 geometry/parts comparison
270,P5T01-C01186,data/rf016/Models/PLAYERVIEW/PV-NANO_M4A1_IronBeast_WOMAN_GR.LTB,model,110,13e19538e7a88e8a6e7a5bad84cd8f9766ddeede705f275f849af7b4a47741f9,keyword:M4,0,7,0,1,,,CANDIDATE_ONLY,P5-T02 geometry/parts comparison
271,P5T01-C01223,data/rf016/Models/PLAYERVIEW/PV-TigerRifle_Ares_M4A1_Beast_BL.LTB,model,110,62badb4aa9f1955c8c0baf748db3d5fbec48c698d5497c31face685464727bfb,keyword:M4,0,7,0,1,,,CANDIDATE_ONLY,P5-T02 geometry/parts comparison
272,P5T01-C01224,data/rf016/Models/PLAYERVIEW/PV-TigerRifle_Ares_M4A1_Beast_GR.LTB,model,110,62badb4aa9f1955c8c0baf748db3d5fbec48c698d5497c31face685464727bfb,keyword:M4,0,7,0,1,,,CANDIDATE_ONLY,P5-T02 geometry/parts comparison
273,P5T01-C01225,data/rf016/Models/PLAYERVIEW/PV-TigerRifle_Ares_M4A1_Beast_WOMAN_BL.LTB,model,110,62badb4aa9f1955c8c0baf748db3d5fbec48c698d5497c31face685464727bfb,keyword:M4,0,7,0,1,,,CANDIDATE_ONLY,P5-T02 geometry/parts comparison
274,P5T01-C01226,data/rf016/Models/PLAYERVIEW/PV-TigerRifle_Ares_M4A1_Beast_WOMAN_GR.LTB,model,110,62badb4aa9f1955c8c0baf748db3d5fbec48c698d5497c31face685464727bfb,keyword:M4,0,7,0,1,,,CANDIDATE_ONLY,P5-T02 geometry/parts comparison
275,P5T01-C01085,data/rf016/Models/PLAYERVIEW/PV-M4A1_Silencer_Predator.LTB,model,85,8a5f3ecce92e324cea4c3ae49cb69c1c2fa771ebeb6ad75eb6cde02311c33041,keyword:M4,0,0,0,2,21,8871,CANDIDATE_ONLY,P5-T02 geometry/parts comparison
276,P5T01-C01087,data/rf016/Models/PLAYERVIEW/PV-M4A1_Silencer_Predator_CFPassS12.LTB,model,85,8a5f3ecce92e324cea4c3ae49cb69c1c2fa771ebeb6ad75eb6cde02311c33041,keyword:M4,0,0,0,2,21,8871,CANDIDATE_ONLY,P5-T02 geometry/parts comparison
277,P5T01-C01092,data/rf016/Models/PLAYERVIEW/PV-M4A1_Silencer_Predator_Classic.LTB,model,85,f082e280caeb53cf6307b0d34bbfc5f87a9fc43d274da0a0f09e247111a6a847,keyword:M4,0,0,0,2,21,8871,CANDIDATE_ONLY,P5-T02 geometry/parts comparison
278,P5T01-C01098,data/rf016/Models/PLAYERVIEW/PV-M4A1_Silencer_Predator_SW.LTB,model,85,8a5f3ecce92e324cea4c3ae49cb69c1c2fa771ebeb6ad75eb6cde02311c33041,keyword:M4,0,0,0,2,21,8871,CANDIDATE_ONLY,P5-T02 geometry/parts comparison
279,P5T01-C00194,data/rf016/Models/PLAYERVIEW/PV-BB_M4A1_S_Transformers.LTB,model,75,545b60b2dd2ceb4e7a42e04c4a8611b1cb6a5699b4dac13b497b2f58ff3e51d4,keyword:M4,0,0,0,0,7,9595,CANDIDATE_ONLY,P5-T02 geometry/parts comparison
280,P5T01-C00199,data/rf016/Models/PLAYERVIEW/PV-CatRifle_M4A1.LTB,model,75,82c8b3b582de58eab36867b7aa82db24a6f0243c0fdb8f70833914799de00e6a,keyword:M4,0,0,0,0,3,3879,CANDIDATE_ONLY,P5-T02 geometry/parts comparison
281,P5T01-C00204,data/rf016/Models/PLAYERVIEW/PV-CatRifle_MOS_M4A1.LTB,model,75,82c8b3b582de58eab36867b7aa82db24a6f0243c0fdb8f70833914799de00e6a,keyword:M4,0,0,0,0,3,3879,CANDIDATE_ONLY,P5-T02 geometry/parts comparison
282,P5T01-C00238,data/rf016/Models/PLAYERVIEW/PV-FD_M4A1_S_Transformers.LTB,model,75,d5ea60e636d3df9582f8f6dc3d53c90cc4c0c1d030b058744e3e116e0ef8bdfc,keyword:M4,0,0,0,0,5,8218,CANDIDATE_ONLY,P5-T02 geometry/parts comparison
283,P5T01-C00241,data/rf016/Models/PLAYERVIEW/PV-FD_M4A1_S_Transformers_PR.LTB,model,75,b28610c2c519ebec237ba67e2f491b8360ff88decc734b82f7e860366a19e314,keyword:M4,0,0,0,0,5,8218,CANDIDATE_ONLY,P5-T02 geometry/parts comparison
284,P5T01-C00268,data/rf016/Models/PLAYERVIEW/PV-M4A1-CUSTOM.LTB,model,75,cba7b85bd0e620f5838097e87c7f314bf10b94220c12a2417151f5c04d0f37ae,keyword:M4,0,0,0,0,5,3183,CANDIDATE_ONLY,P5-T02 geometry/parts comparison
285,P5T01-C00269,data/rf016/Models/PLAYERVIEW/PV-M4A1-CUSTOM2_BR.LTB,model,75,ca4c9de4ecd58469bec6782fe20de42bedf0536763828ef920b0dd7c34778a56,keyword:M4,0,0,0,0,5,3183,CANDIDATE_ONLY,P5-T02 geometry/parts comparison
286,P5T01-C00275,data/rf016/Models/PLAYERVIEW/PV-M4A1-CUSTOM_BR.LTB,model,75,8300c7a6fdf2bc1e6a75e3ea425a862e87f8a550a69af7b9239ba4a1f3dfa310,keyword:M4,0,0,0,0,5,3183,CANDIDATE_ONLY,P5-T02 geometry/parts comparison
287,P5T01-C00283,data/rf016/Models/PLAYERVIEW/PV-M4A1-E.LTB,model,75,cba7b85bd0e620f5838097e87c7f314bf10b94220c12a2417151f5c04d0f37ae,keyword:M4,0,0,0,0,5,3183,CANDIDATE_ONLY,P5-T02 geometry/parts comparison
288,P5T01-C00288,data/rf016/Models/PLAYERVIEW/PV-M4A1.LTB,model,75,46835dce53bddd02fa9c183c3dde2b515db60694897db98322bff3519b2028df,keyword:M4,0,0,0,0,5,3183,CANDIDATE_ONLY,P5-T02 geometry/parts comparison
289,P5T01-C00295,data/rf016/Models/PLAYERVIEW/PV-M4A1_Balance.LTB,model,75,dcd4c4fd6309289e4c0cafe169cbc2489baefd63677e0a1fe183c3e8d7da87d6,keyword:M4,0,0,0,0,5,3183,CANDIDATE_ONLY,P5-T02 geometry/parts comparison
290,P5T01-C00300,data/rf016/Models/PLAYERVIEW/PV-M4A1_CFS2025.LTB,model,75,ad0fcad4d20c52aec2c908f08d8ac5e06dffa43fcd6a32f343c774b6555a3a5f,keyword:M4,0,0,0,0,5,3183,CANDIDATE_ONLY,P5-T02 geometry/parts comparison
291,P5T01-C00305,data/rf016/Models/PLAYERVIEW/PV-M4A1_CFS2026.LTB,model,75,75cd58bd28b23287bad805ac77c55fa717129cb43db2e68d19a6c447514eb99e,keyword:M4,0,0,0,0,5,3183,CANDIDATE_ONLY,P5-T02 geometry/parts comparison
292,P5T01-C00310,data/rf016/Models/PLAYERVIEW/PV-M4A1_CHICKEN.LTB,model,75,740f6004211267d81d42e4c31ff2a04203d9ec70b674f2eed54c950c5abf493b,keyword:M4,0,0,0,0,8,5799,CANDIDATE_ONLY,P5-T02 geometry/parts comparison
293,P5T01-C00315,data/rf016/Models/PLAYERVIEW/PV-M4A1_C_Brasil_BR.LTB,model,75,e9bf4e7880e6254da4cbeac6d9600b310bd41c03e355a0e103654aee67735e61,keyword:M4,0,0,0,0,5,3183,CANDIDATE_ONLY,P5-T02 geometry/parts comparison
294,P5T01-C00320,data/rf016/Models/PLAYERVIEW/PV-M4A1_C_Danger.LTB,model,75,51cdca60e8f75cbdac1556dce09235918ced8f1f4efc24d7aecf88161518504c,keyword:M4,0,0,0,0,5,3183,CANDIDATE_ONLY,P5-T02 geometry/parts comparison
295,P5T01-C00325,data/rf016/Models/PLAYERVIEW/PV-M4A1_C_DevilWing.LTB,model,75,53d2f983d6dc390e67655c5b108226a15e50ba23bc313c62fda73b5ee06afb17,keyword:M4,0,0,0,0,5,3183,CANDIDATE_ONLY,P5-T02 geometry/parts comparison
296,P5T01-C00330,data/rf016/Models/PLAYERVIEW/PV-M4A1_C_UltimateGold.LTB,model,75,9dd4e2c8048eaee40f77207a4c30136963faa5e5897a09c2eab509e25f074fdc,keyword:M4,0,0,0,0,5,3183,CANDIDATE_ONLY,P5-T02 geometry/parts comparison
297,P5T01-C00335,data/rf016/Models/PLAYERVIEW/PV-M4A1_C_Unicorn.LTB,model,75,6e8c0abff3dce895226b554b43ed5d21a5eeace6b2cd5994587dcc087e885a49,keyword:M4,0,0,0,0,5,3183,CANDIDATE_ONLY,P5-T02 geometry/parts comparison
298,P5T01-C00340,data/rf016/Models/PLAYERVIEW/PV-M4A1_Custom_RedCrystal.LTB,model,75,9dd4e2c8048eaee40f77207a4c30136963faa5e5897a09c2eab509e25f074fdc,keyword:M4,0,0,0,0,5,3183,CANDIDATE_ONLY,P5-T02 geometry/parts comparison
299,P5T01-C00345,data/rf016/Models/PLAYERVIEW/PV-M4A1_Custom_Tech.LTB,model,75,9dd4e2c8048eaee40f77207a4c30136963faa5e5897a09c2eab509e25f074fdc,keyword:M4,0,0,0,0,5,3183,CANDIDATE_ONLY,P5-T02 geometry/parts comparison
300,P5T01-C00350,data/rf016/Models/PLAYERVIEW/PV-M4A1_EventMatch.LTB,model,75,abb74241788aeaf52ac9ac17f67d4d4a680fa6fdb2a9d69829eb05435ada5927,keyword:M4,0,0,0,0,5,3183,CANDIDATE_ONLY,P5-T02 geometry/parts comparison
301,P5T01-C00352,data/rf016/Models/PLAYERVIEW/PV-M4A1_EventMatch_GP.LTB,model,75,2a858f09a1e8dc93b1e3a07d1eeaaa383d2a2874c98fda1e85cc2ae54d9587f1,keyword:M4,0,0,0,0,5,3183,CANDIDATE_ONLY,P5-T02 geometry/parts comparison
302,P5T01-C00361,data/rf016/Models/PLAYERVIEW/PV-M4A1_Guitar.LTB,model,75,a524faee67e616316156fe6fbc632b3d9d27a4b1d381daf10133ff0e5fcb093e,keyword:M4,0,0,0,0,4,4917,CANDIDATE_ONLY,P5-T02 geometry/parts comparison
303,P5T01-C00364,data/rf016/Models/PLAYERVIEW/PV-M4A1_Guitar_Graffiti.LTB,model,75,8d0e7667c86c3dbdd1d1502d28187a0bd6fcb97adc0da21d3db421bfbcf21cf5,keyword:M4,0,0,0,0,6,4917,CANDIDATE_ONLY,P5-T02 geometry/parts comparison
304,P5T01-C00371,data/rf016/Models/PLAYERVIEW/PV-M4A1_MachineReaper.LTB,model,75,bed0c111b5c0dc518ab6a4d7793fa6fee9722d4c75b84107220b2349ce85a0da,keyword:M4,0,0,0,0,5,3950,CANDIDATE_ONLY,P5-T02 geometry/parts comparison
305,P5T01-C00376,data/rf016/Models/PLAYERVIEW/PV-M4A1_NW.LTB,model,75,6dda8f18ec8224b17f1f0b8318b13aaed46faeb9c51321110f9bb05006f8c94b,keyword:M4,0,0,0,0,5,3183,CANDIDATE_ONLY,P5-T02 geometry/parts comparison
306,P5T01-C00381,data/rf016/Models/PLAYERVIEW/PV-M4A1_SILENCER.LTB,model,75,46835dce53bddd02fa9c183c3dde2b515db60694897db98322bff3519b2028df,keyword:M4,0,0,0,0,5,3183,CANDIDATE_ONLY,P5-T02 geometry/parts comparison
307,P5T01-C00396,data/rf016/Models/PLAYERVIEW/PV-M4A1_S_ArtNeon.LTB,model,75,becbdd18948e07fd57c0ff4024d3d3026080b7e03995bbf939a4dd6b06000e51,keyword:M4,0,0,0,0,5,3183,CANDIDATE_ONLY,P5-T02 geometry/parts comparison
308,P5T01-C00452,data/rf016/Models/PLAYERVIEW/PV-M4A1_S_Blossoms_NYMPHS.LTB,model,75,62812196526178728d5b3a5f0fbb1f254311e3b421c0807d0a7e137b1e34afd8,keyword:M4,0,0,0,0,7,4538,CANDIDATE_ONLY,P5-T02 geometry/parts comparison
309,P5T01-C00554,data/rf016/Models/PLAYERVIEW/PV-M4A1_S_Dominator.LTB,model,75,d75bc76e7fe33f1dd0ad38a5dedeaf6464dd0dc1d648101a1acb86b5a405e08c,keyword:M4,0,0,0,0,12,12045,CANDIDATE_ONLY,P5-T02 geometry/parts comparison
310,P5T01-C00567,data/rf016/Models/PLAYERVIEW/PV-M4A1_S_DragonAspect_I.LTB,model,75,c432d4a7d2126282c69a15cbd008714ff921d0833f782a23f977ca25ff87087a,keyword:M4,0,0,0,0,11,5250,CANDIDATE_ONLY,P5-T02 geometry/parts comparison
311,P5T01-C00568,data/rf016/Models/PLAYERVIEW/PV-M4A1_S_DragonAspect_II.LTB,model,75,28590c8886f9b50f7a1938b464d82d1681e85a67d3530afe71a72875cbb6421a,keyword:M4,0,0,0,0,11,5250,CANDIDATE_ONLY,P5-T02 geometry/parts comparison
312,P5T01-C00577,data/rf016/Models/PLAYERVIEW/PV-M4A1_S_DragonAspect_V.LTB,model,75,664365a94282342aebd293c40fb58a5f9948866f06afe6a1c18a87bec71c9a84,keyword:M4,0,0,0,0,11,5250,CANDIDATE_ONLY,P5-T02 geometry/parts comparison
313,P5T01-C00578,data/rf016/Models/PLAYERVIEW/PV-M4A1_S_DragonAspect_VI.LTB,model,75,063ea4ed225814e5d6054554c00a83ef20c8231bf665329a09963402dd1b8e76,keyword:M4,0,0,0,0,11,5250,CANDIDATE_ONLY,P5-T02 geometry/parts comparison
314,P5T01-C00589,data/rf016/Models/PLAYERVIEW/PV-M4A1_S_Easter21.LTB,model,75,7ac2ff1ff92f8df15fa9141f5894e8d6246074b0d988f10d32321cd6e7235c68,keyword:M4,0,0,0,0,5,3183,CANDIDATE_ONLY,P5-T02 geometry/parts comparison
315,P5T01-C00594,data/rf016/Models/PLAYERVIEW/PV-M4A1_S_Festa_CFS2025.LTB,model,75,d287669e4565287decd306965253c62c058e16e58169fded9426621f0174aa58,keyword:M4,0,0,0,0,5,3183,CANDIDATE_ONLY,P5-T02 geometry/parts comparison
316,P5T01-C00599,data/rf016/Models/PLAYERVIEW/PV-M4A1_S_Flamingo.LTB,model,75,3901384ab11fc018ec3cb9a63dff14dc1bcd7a0392280113fed091b71123ef50,keyword:M4,0,0,0,0,5,3183,CANDIDATE_ONLY,P5-T02 geometry/parts comparison
317,P5T01-C00604,data/rf016/Models/PLAYERVIEW/PV-M4A1_S_GSpirit.LTB,model,75,7d21d619297bdde88a650f191601a0e6c2e14b16787d6a446c6ebbe7fa94ba57,keyword:M4,0,0,0,0,8,10215,CANDIDATE_ONLY,P5-T02 geometry/parts comparison
318,P5T01-C00606,data/rf016/Models/PLAYERVIEW/PV-M4A1_S_GSpirit_Changemode.LTB,model,75,2afc03e6b35e44ce16939e9a15460a858f15bdb58c813042004a44d2afbcee0d,keyword:M4,0,0,0,0,8,10215,CANDIDATE_ONLY,P5-T02 geometry/parts comparison
319,P5T01-C00614,data/rf016/Models/PLAYERVIEW/PV-M4A1_S_GoldPhoenix.LTB,model,75,e5610651b677be52aadaca2d01ebee9013edd8fed66ccb8fde347ed453ea6c22,keyword:M4,0,0,0,0,5,3183,CANDIDATE_ONLY,P5-T02 geometry/parts comparison
320,P5T01-C00619,data/rf016/Models/PLAYERVIEW/PV-M4A1_S_Halloween2020.LTB,model,75,becbdd18948e07fd57c0ff4024d3d3026080b7e03995bbf939a4dd6b06000e51,keyword:M4,0,0,0,0,5,3183,CANDIDATE_ONLY,P5-T02 geometry/parts comparison
321,P5T01-C00624,data/rf016/Models/PLAYERVIEW/PV-M4A1_S_Halloween2022.LTB,model,75,becbdd18948e07fd57c0ff4024d3d3026080b7e03995bbf939a4dd6b06000e51,keyword:M4,0,0,0,0,5,3183,CANDIDATE_ONLY,P5-T02 geometry/parts comparison
322,P5T01-C00629,data/rf016/Models/PLAYERVIEW/PV-M4A1_S_Halloween24.LTB,model,75,02ad37172949f215790174d99a457f0bbd580e6874eb01b43002053c2f23d024,keyword:M4,0,0,0,0,5,3183,CANDIDATE_ONLY,P5-T02 geometry/parts comparison
323,P5T01-C00634,data/rf016/Models/PLAYERVIEW/PV-M4A1_S_Inf_Nezha.LTB,model,75,67e14ec7ac91b38ef0d43a13115e88d73df8c1de16f435966998c63371ac9c32,keyword:M4,0,0,0,0,15,45553,CANDIDATE_ONLY,P5-T02 geometry/parts comparison
324,P5T01-C00637,data/rf016/Models/PLAYERVIEW/PV-M4A1_S_Inf_Nezha_Spear.LTB,model,75,f85692722ba4054897046ff3de0f2b82868172f480a65071ba16db2231dd14ab,keyword:M4,0,0,0,0,6,27519,CANDIDATE_ONLY,P5-T02 geometry/parts comparison
325,P5T01-C00642,data/rf016/Models/PLAYERVIEW/PV-M4A1_S_Inf_Nezha_Sprint.LTB,model,75,21aa4164b3336155bd8edfa15578fce6b89e9fd8016680b36d402369a0713950,keyword:M4,0,0,0,0,15,45553,CANDIDATE_ONLY,P5-T02 geometry/parts comparison
326,P5T01-C00699,data/rf016/Models/PLAYERVIEW/PV-M4A1_S_IronWolf.LTB,model,75,c58fbe9416892bd98d0d3b8a12b8710cb6b3d4118f798ef6963f48edc6296675,keyword:M4,0,0,0,0,16,11831,CANDIDATE_ONLY,P5-T02 geometry/parts comparison
327,P5T01-C00709,data/rf016/Models/PLAYERVIEW/PV-M4A1_S_Jewelry.LTB,model,75,5488f1b7713ed80d5b3764dc958d27d0ebe9328823c6f4982ef60d31473d00b3,keyword:M4,0,0,0,0,7,6280,CANDIDATE_ONLY,P5-T02 geometry/parts comparison
328,P5T01-C00712,data/rf016/Models/PLAYERVIEW/PV-M4A1_S_Jewelry_NoDoll.LTB,model,75,95ae13cc249ecb332655e946145bb1bfd95d3d1ed5af8e90c4743e22218b1b32,keyword:M4,0,0,0,0,6,4693,CANDIDATE_ONLY,P5-T02 geometry/parts comparison
329,P5T01-C00717,data/rf016/Models/PLAYERVIEW/PV-M4A1_S_Jewelry_NobleGold.LTB,model,75,00b45e8f163a75ceff3816e6110d76e3e750b0edb06f424f6fcb81d51ff33244,keyword:M4,0,0,0,0,7,6280,CANDIDATE_ONLY,P5-T02 geometry/parts comparison
330,P5T01-C00722,data/rf016/Models/PLAYERVIEW/PV-M4A1_S_Jewelry_Pink.LTB,model,75,6d0d8ee3fcf199e75e7767fe576f0336c7145f07af68917214517d1a89f2c84d,keyword:M4,0,0,0,0,7,6280,CANDIDATE_ONLY,P5-T02 geometry/parts comparison
331,P5T01-C00730,data/rf016/Models/PLAYERVIEW/PV-M4A1_S_Knife.LTB,model,75,00caa769a6e0159577929e667e30e8e867374db1fff5e15a2d01f480d7fa4c41,keyword:M4,0,0,0,0,17,10865,CANDIDATE_ONLY,P5-T02 geometry/parts comparison
332,P5T01-C00735,data/rf016/Models/PLAYERVIEW/PV-M4A1_S_Lily.LTB,model,75,9dd4e2c8048eaee40f77207a4c30136963faa5e5897a09c2eab509e25f074fdc,keyword:M4,0,0,0,0,5,3183,CANDIDATE_ONLY,P5-T02 geometry/parts comparison
333,P5T01-C00740,data/rf016/Models/PLAYERVIEW/PV-M4A1_S_NW.LTB,model,75,8b51d587ca53df1ec764b0ae81067adb02c0f908e8ce31f5fe5ef1302c6283a2,keyword:M4,0,0,0,0,5,3183,CANDIDATE_ONLY,P5-T02 geometry/parts comparison
334,P5T01-C00745,data/rf016/Models/PLAYERVIEW/PV-M4A1_S_Plant.LTB,model,75,7ac2ff1ff92f8df15fa9141f5894e8d6246074b0d988f10d32321cd6e7235c68,keyword:M4,0,0,0,0,5,3183,CANDIDATE_ONLY,P5-T02 geometry/parts comparison
335,P5T01-C00750,data/rf016/Models/PLAYERVIEW/PV-M4A1_S_Predator_GBA.LTB,model,75,4803643896f0b49f63b1f30b47e359d8607c99ed2d832ee341f6654e97f15c21,keyword:M4,0,0,0,2,,,CANDIDATE_ONLY,P5-T02 geometry/parts comparison
336,P5T01-C00751,data/rf016/Models/PLAYERVIEW/PV-M4A1_S_Predator_GBA_BL.LTB,model,75,7feba338bea50c4739ccaa2b2f6c00c9b924e23d740c8cdf1fa7720f4b3896af,keyword:M4,0,0,0,2,,,CANDIDATE_ONLY,P5-T02 geometry/parts comparison
337,P5T01-C00752,data/rf016/Models/PLAYERVIEW/PV-M4A1_S_Predator_GBA_GR.LTB,model,75,7feba338bea50c4739ccaa2b2f6c00c9b924e23d740c8cdf1fa7720f4b3896af,keyword:M4,0,0,0,2,,,CANDIDATE_ONLY,P5-T02 geometry/parts comparison
338,P5T01-C00753,data/rf016/Models/PLAYERVIEW/PV-M4A1_S_Predator_GBA_WOMAN_BL.LTB,model,75,7feba338bea50c4739ccaa2b2f6c00c9b924e23d740c8cdf1fa7720f4b3896af,keyword:M4,0,0,0,2,,,CANDIDATE_ONLY,P5-T02 geometry/parts comparison
339,P5T01-C00754,data/rf016/Models/PLAYERVIEW/PV-M4A1_S_Predator_GBA_WOMAN_GR.LTB,model,75,7feba338bea50c4739ccaa2b2f6c00c9b924e23d740c8cdf1fa7720f4b3896af,keyword:M4,0,0,0,2,,,CANDIDATE_ONLY,P5-T02 geometry/parts comparison
340,P5T01-C00765,data/rf016/Models/PLAYERVIEW/PV-M4A1_S_Protocol.LTB,model,75,7c28e0d80997d48d695317329e7d377e18474751d340740300980019988be443,keyword:M4,0,0,0,0,13,11370,CANDIDATE_ONLY,P5-T02 geometry/parts comparison
341,P5T01-C00767,data/rf016/Models/PLAYERVIEW/PV-M4A1_S_Protocol_Chg.LTB,model,75,065630deb355c130438a904af255cf056e74f5b785a3796bc771cd5a47a6b277,keyword:M4,0,0,0,0,13,11272,CANDIDATE_ONLY,P5-T02 geometry/parts comparison
342,P5T01-C00785,data/rf016/Models/PLAYERVIEW/PV-M4A1_S_Rifle.LTB,model,75,88dff3b04be4909228b5ccad714929e0f0a734d965d7b7371cca6958373375de,keyword:M4,0,0,0,0,17,10886,CANDIDATE_ONLY,P5-T02 geometry/parts comparison
343,P5T01-C00795,data/rf016/Models/PLAYERVIEW/PV-M4A1_S_RoyalGuard_3rd.LTB,model,75,0511a7e2aed3780abadca2068d4216b70a2ab212d3bf42815d911a8bdbf148c9,keyword:M4,0,0,0,0,5,3183,CANDIDATE_ONLY,P5-T02 geometry/parts comparison
344,P5T01-C00800,data/rf016/Models/PLAYERVIEW/PV-M4A1_S_RoyalGuard_4th.LTB,model,75,cad46445debae17ce02296086823d0388a547edf629c0e3540edd7df31c9d6f6,keyword:M4,0,0,0,0,5,3183,CANDIDATE_ONLY,P5-T02 geometry/parts comparison
345,P5T01-C00805,data/rf016/Models/PLAYERVIEW/PV-M4A1_S_Royalguard_1st.LTB,model,75,62b38169aeb20d980c66aea6d2ee380cb10d84e80b1355346caa6c8eabcf6acc,keyword:M4,0,0,0,0,5,3183,CANDIDATE_ONLY,P5-T02 geometry/parts comparison
346,P5T01-C00810,data/rf016/Models/PLAYERVIEW/PV-M4A1_S_Royalguard_2nd.LTB,model,75,62b38169aeb20d980c66aea6d2ee380cb10d84e80b1355346caa6c8eabcf6acc,keyword:M4,0,0,0,0,5,3183,CANDIDATE_ONLY,P5-T02 geometry/parts comparison
347,P5T01-C00815,data/rf016/Models/PLAYERVIEW/PV-M4A1_S_Satellite.LTB,model,75,06637fda79718d3edc68f6e3738c0ed750711248447e17f1b13e893045436858,keyword:M4,0,0,0,0,11,5250,CANDIDATE_ONLY,P5-T02 geometry/parts comparison
348,P5T01-C00820,data/rf016/Models/PLAYERVIEW/PV-M4A1_S_SonWukong.LTB,model,75,e2dcc761588d8dfc9488e778f69f055816c1a289dfd1e2450d736ef1df9f0e76,keyword:M4,0,0,0,0,5,3183,CANDIDATE_ONLY,P5-T02 geometry/parts comparison
349,P5T01-C00825,data/rf016/Models/PLAYERVIEW/PV-M4A1_S_Stelth.LTB,model,75,2c48e6a99e69021d15ce0617e0a5f682ffef7badf0ffb35a114a85d033706d76,keyword:M4,0,0,0,0,12,6713,CANDIDATE_ONLY,P5-T02 geometry/parts comparison
350,P5T01-C00830,data/rf016/Models/PLAYERVIEW/PV-M4A1_S_Transformers.LTB,model,75,a0ccef5deed745f1731eb93295c630f531123288055f3c3790531b99b6e401b8,keyword:M4,0,0,0,0,11,5250,CANDIDATE_ONLY,P5-T02 geometry/parts comparison
351,P5T01-C00831,data/rf016/Models/PLAYERVIEW/PV-M4A1_S_Transformers_21WC.LTB,model,75,a0ccef5deed745f1731eb93295c630f531123288055f3c3790531b99b6e401b8,keyword:M4,0,0,0,0,11,5250,CANDIDATE_ONLY,P5-T02 geometry/parts comparison
352,P5T01-C00837,data/rf016/Models/PLAYERVIEW/PV-M4A1_S_Transformers_C24Tiger.LTB,model,75,1633604cd81599e39c05f464b688793e6204cce2f6dae05fae9a7abbc8639720,keyword:M4,0,0,0,0,11,5250,CANDIDATE_ONLY,P5-T02 geometry/parts comparison
353,P5T01-C00842,data/rf016/Models/PLAYERVIEW/PV-M4A1_S_Transformers_CF15th.LTB,model,75,a0ccef5deed745f1731eb93295c630f531123288055f3c3790531b99b6e401b8,keyword:M4,0,0,0,0,11,5250,CANDIDATE_ONLY,P5-T02 geometry/parts comparison
354,P5T01-C00847,data/rf016/Models/PLAYERVIEW/PV-M4A1_S_Transformers_CFPL10th.LTB,model,75,a0ccef5deed745f1731eb93295c630f531123288055f3c3790531b99b6e401b8,keyword:M4,0,0,0,0,11,5250,CANDIDATE_ONLY,P5-T02 geometry/parts comparison
355,P5T01-C00852,data/rf016/Models/PLAYERVIEW/PV-M4A1_S_Transformers_CFPL_LGD.LTB,model,75,a0ccef5deed745f1731eb93295c630f531123288055f3c3790531b99b6e401b8,keyword:M4,0,0,0,0,11,5250,CANDIDATE_ONLY,P5-T02 geometry/parts comparison
356,P5T01-C00857,data/rf016/Models/PLAYERVIEW/PV-M4A1_S_Transformers_CFPass11.LTB,model,75,da8d686852542832b311ebba7757477e8479647cd91f65bd089837996eba38e9,keyword:M4,0,0,0,0,11,5250,CANDIDATE_ONLY,P5-T02 geometry/parts comparison
357,P5T01-C00862,data/rf016/Models/PLAYERVIEW/PV-M4A1_S_Transformers_CFS10th.LTB,model,75,b5b590708450a6b8e59420ff2229630c0d178853aa5657597ab575536081070d,keyword:M4,0,0,0,0,11,5250,CANDIDATE_ONLY,P5-T02 geometry/parts comparison
358,P5T01-C00867,data/rf016/Models/PLAYERVIEW/PV-M4A1_S_Transformers_Classic.LTB,model,75,620778d78577ed10e5dd95df5b9a066ba18d006af57b71b9bb3dcc4303fdc464,keyword:M4,0,0,0,0,11,5250,CANDIDATE_ONLY,P5-T02 geometry/parts comparison
359,P5T01-C00872,data/rf016/Models/PLAYERVIEW/PV-M4A1_S_Transformers_Cpunk.LTB,model,75,b5b590708450a6b8e59420ff2229630c0d178853aa5657597ab575536081070d,keyword:M4,0,0,0,0,11,5250,CANDIDATE_ONLY,P5-T02 geometry/parts comparison
360,P5T01-C00877,data/rf016/Models/PLAYERVIEW/PV-M4A1_S_Transformers_DS.LTB,model,75,da8d686852542832b311ebba7757477e8479647cd91f65bd089837996eba38e9,keyword:M4,0,0,0,0,11,5250,CANDIDATE_ONLY,P5-T02 geometry/parts comparison
361,P5T01-C00882,data/rf016/Models/PLAYERVIEW/PV-M4A1_S_Transformers_Dihu.LTB,model,75,d74e95121fe4573dadde6726a194e7f9ed0c4f82a7d6a2a0626b2195d7077881,keyword:M4,0,0,0,0,11,5250,CANDIDATE_ONLY,P5-T02 geometry/parts comparison
362,P5T01-C00887,data/rf016/Models/PLAYERVIEW/PV-M4A1_S_Transformers_EMP.LTB,model,75,5496e287e8c3afa963df9ca107cdb9aa4c730593b353ea625b03911b26753735,keyword:M4,0,0,0,0,7,7909,CANDIDATE_ONLY,P5-T02 geometry/parts comparison
363,P5T01-C00893,data/rf016/Models/PLAYERVIEW/PV-M4A1_S_Transformers_HWG.LTB,model,75,da8d686852542832b311ebba7757477e8479647cd91f65bd089837996eba38e9,keyword:M4,0,0,0,0,11,5250,CANDIDATE_ONLY,P5-T02 geometry/parts comparison
364,P5T01-C00898,data/rf016/Models/PLAYERVIEW/PV-M4A1_S_Transformers_Ipdance.LTB,model,75,a723acd1bde40b5cec9830466f963ec5b91d9d6535245b4381f1ec442e7f29db,keyword:M4,0,0,0,0,11,5250,CANDIDATE_ONLY,P5-T02 geometry/parts comparison
365,P5T01-C00908,data/rf016/Models/PLAYERVIEW/PV-M4A1_S_Transformers_Javelin.LTB,model,75,a723acd1bde40b5cec9830466f963ec5b91d9d6535245b4381f1ec442e7f29db,keyword:M4,0,0,0,0,11,5250,CANDIDATE_ONLY,P5-T02 geometry/parts comparison
366,P5T01-C00913,data/rf016/Models/PLAYERVIEW/PV-M4A1_S_Transformers_LDHua.LTB,model,75,a0ccef5deed745f1731eb93295c630f531123288055f3c3790531b99b6e401b8,keyword:M4,0,0,0,0,11,5250,CANDIDATE_ONLY,P5-T02 geometry/parts comparison
367,P5T01-C00918,data/rf016/Models/PLAYERVIEW/PV-M4A1_S_Transformers_Limpid.LTB,model,75,195cbee83e117a4a1f2f76af2c553326c4c7abdf7f6a6940c0a6a6e8e362952f,keyword:M4,0,0,0,0,14,7257,CANDIDATE_ONLY,P5-T02 geometry/parts comparison
368,P5T01-C00923,data/rf016/Models/PLAYERVIEW/PV-M4A1_S_Transformers_Liubei.LTB,model,75,fb00b88b3aef2c2f7182f12e96e2912c7f927271ae23b3bcf5365914dc5ff5a6,keyword:M4,0,0,0,0,11,5250,CANDIDATE_ONLY,P5-T02 geometry/parts comparison
369,P5T01-C00928,data/rf016/Models/PLAYERVIEW/PV-M4A1_S_Transformers_MVP19.LTB,model,75,b5b590708450a6b8e59420ff2229630c0d178853aa5657597ab575536081070d,keyword:M4,0,0,0,0,11,5250,CANDIDATE_ONLY,P5-T02 geometry/parts comparison
370,P5T01-C00933,data/rf016/Models/PLAYERVIEW/PV-M4A1_S_Transformers_Mengchai.LTB,model,75,b5b590708450a6b8e59420ff2229630c0d178853aa5657597ab575536081070d,keyword:M4,0,0,0,0,11,5250,CANDIDATE_ONLY,P5-T02 geometry/parts comparison
371,P5T01-C00938,data/rf016/Models/PLAYERVIEW/PV-M4A1_S_Transformers_Ms2.LTB,model,75,a0ccef5deed745f1731eb93295c630f531123288055f3c3790531b99b6e401b8,keyword:M4,0,0,0,0,11,5250,CANDIDATE_ONLY,P5-T02 geometry/parts comparison
372,P5T01-C00943,data/rf016/Models/PLAYERVIEW/PV-M4A1_S_Transformers_PB.LTB,model,75,a0ccef5deed745f1731eb93295c630f531123288055f3c3790531b99b6e401b8,keyword:M4,0,0,0,0,11,5250,CANDIDATE_ONLY,P5-T02 geometry/parts comparison
373,P5T01-C00948,data/rf016/Models/PLAYERVIEW/PV-M4A1_S_Transformers_PC.LTB,model,75,a0ccef5deed745f1731eb93295c630f531123288055f3c3790531b99b6e401b8,keyword:M4,0,0,0,0,11,5250,CANDIDATE_ONLY,P5-T02 geometry/parts comparison
374,P5T01-C00950,data/rf016/Models/PLAYERVIEW/PV-M4A1_S_Transformers_PC_BTF.LTB,model,75,c27ad6161a4540307bca27f07a3606c22a9d7920e6f1f114e1299fb340ce444c,keyword:M4,0,0,0,0,11,5250,CANDIDATE_ONLY,P5-T02 geometry/parts comparison
375,P5T01-C00958,data/rf016/Models/PLAYERVIEW/PV-M4A1_S_Transformers_Pinbo.LTB,model,75,099c86b6927579f4611255c3215c996ba02947bd04fb5bee71b2e658e85fa622,keyword:M4,0,0,0,0,11,5250,CANDIDATE_ONLY,P5-T02 geometry/parts comparison
376,P5T01-C00963,data/rf016/Models/PLAYERVIEW/PV-M4A1_S_Transformers_Qingchun.LTB,model,75,a4551eea3e15180b0399a4845f78586ef4e92cc5b86d1621293ca93d30e426a9,keyword:M4,0,0,0,0,5,9328,CANDIDATE_ONLY,P5-T02 geometry/parts comparison
377,P5T01-C00968,data/rf016/Models/PLAYERVIEW/PV-M4A1_S_Transformers_Reaper.LTB,model,75,8e745e151657c4da619685d1e0ab8ea3a4e7deaa92da031993f4a835a1d5dae6,keyword:M4,0,0,0,0,11,5250,CANDIDATE_ONLY,P5-T02 geometry/parts comparison
378,P5T01-C00973,data/rf016/Models/PLAYERVIEW/PV-M4A1_S_Transformers_SCP.LTB,model,75,099c86b6927579f4611255c3215c996ba02947bd04fb5bee71b2e658e85fa622,keyword:M4,0,0,0,0,11,5250,CANDIDATE_ONLY,P5-T02 geometry/parts comparison
379,P5T01-C00978,data/rf016/Models/PLAYERVIEW/PV-M4A1_S_Transformers_SRab.LTB,model,75,5496e287e8c3afa963df9ca107cdb9aa4c730593b353ea625b03911b26753735,keyword:M4,0,0,0,0,7,7909,CANDIDATE_ONLY,P5-T02 geometry/parts comparison
380,P5T01-C00983,data/rf016/Models/PLAYERVIEW/PV-M4A1_S_Transformers_Sjingxue.LTB,model,75,b5b590708450a6b8e59420ff2229630c0d178853aa5657597ab575536081070d,keyword:M4,0,0,0,0,11,5250,CANDIDATE_ONLY,P5-T02 geometry/parts comparison
381,P5T01-C00988,data/rf016/Models/PLAYERVIEW/PV-M4A1_S_Transformers_Stellar.LTB,model,75,91e4e3e3aecb90f232f5f425093983327304d91b3c5685853d0ca0f921776aa4,keyword:M4,0,0,0,0,8,11394,CANDIDATE_ONLY,P5-T02 geometry/parts comparison
382,P5T01-C00993,data/rf016/Models/PLAYERVIEW/PV-M4A1_S_Transformers_TCG.LTB,model,75,ec0cb28e2ed1550dc092d41ff2631e0916638401bf66a233e9e4e317274189a9,keyword:M4,0,0,0,0,11,5506,CANDIDATE_ONLY,P5-T02 geometry/parts comparison
383,P5T01-C00998,data/rf016/Models/PLAYERVIEW/PV-M4A1_S_Transformers_TLand.LTB,model,75,620778d78577ed10e5dd95df5b9a066ba18d006af57b71b9bb3dcc4303fdc464,keyword:M4,0,0,0,0,11,5250,CANDIDATE_ONLY,P5-T02 geometry/parts comparison
384,P5T01-C01003,data/rf016/Models/PLAYERVIEW/PV-M4A1_S_Transformers_Virgo.LTB,model,75,a0ccef5deed745f1731eb93295c630f531123288055f3c3790531b99b6e401b8,keyword:M4,0,0,0,0,11,5250,CANDIDATE_ONLY,P5-T02 geometry/parts comparison
385,P5T01-C01010,data/rf016/Models/PLAYERVIEW/PV-M4A1_S_Transformers_YUQI.LTB,model,75,a0ccef5deed745f1731eb93295c630f531123288055f3c3790531b99b6e401b8,keyword:M4,0,0,0,0,11,5250,CANDIDATE_ONLY,P5-T02 geometry/parts comparison
386,P5T01-C01015,data/rf016/Models/PLAYERVIEW/PV-M4A1_S_Transformers_YangJian.LTB,model,75,5496e287e8c3afa963df9ca107cdb9aa4c730593b353ea625b03911b26753735,keyword:M4,0,0,0,0,7,7909,CANDIDATE_ONLY,P5-T02 geometry/parts comparison
387,P5T01-C01020,data/rf016/Models/PLAYERVIEW/PV-M4A1_S_Transformers_ZDaBaiLu.LTB,model,75,a0ccef5deed745f1731eb93295c630f531123288055f3c3790531b99b6e401b8,keyword:M4,0,0,0,0,11,5250,CANDIDATE_ONLY,P5-T02 geometry/parts comparison
388,P5T01-C01025,data/rf016/Models/PLAYERVIEW/PV-M4A1_S_Transformers_Zeekr007GT.LTB,model,75,907fb8eeb364696a6eb6b344a1a9d25f511b56a5495cd394f2c6d6b86ee35e0a,keyword:M4,0,0,0,0,7,8629,CANDIDATE_ONLY,P5-T02 geometry/parts comparison
389,P5T01-C01030,data/rf016/Models/PLAYERVIEW/PV-M4A1_S_UltimateGold.LTB,model,75,9dd4e2c8048eaee40f77207a4c30136963faa5e5897a09c2eab509e25f074fdc,keyword:M4,0,0,0,0,5,3183,CANDIDATE_ONLY,P5-T02 geometry/parts comparison
390,P5T01-C01035,data/rf016/Models/PLAYERVIEW/PV-M4A1_S_Umaking.LTB,model,75,455f1e8ff1c024792b8fc1d18ae4785a5bb0048f6584d0b88fd6aae8551c8d04,keyword:M4,0,0,0,0,7,4833,CANDIDATE_ONLY,P5-T02 geometry/parts comparison
391,P5T01-C01040,data/rf016/Models/PLAYERVIEW/PV-M4A1_S_UnderTech.LTB,model,75,c9251f9f6568f10480f21be4175b5665c001c0596f90bbc041762449a44e1baa,keyword:M4,0,0,0,0,13,8874,CANDIDATE_ONLY,P5-T02 geometry/parts comparison
392,P5T01-C01042,data/rf016/Models/PLAYERVIEW/PV-M4A1_S_UnderTech_Chg.LTB,model,75,4fcc42f980e9b29d65e17c584e5b2b73923ec1d3eee2b1e7687ac139ba13c3d0,keyword:M4,0,0,0,0,13,8874,CANDIDATE_ONLY,P5-T02 geometry/parts comparison
393,P5T01-C01055,data/rf016/Models/PLAYERVIEW/PV-M4A1_S_WaterGun.LTB,model,75,2fca1e4e82747324c5b82df8a025da3daf662cfbe976984764938a1064e8f02a,keyword:M4,0,0,0,0,7,4833,CANDIDATE_ONLY,P5-T02 geometry/parts comparison
394,P5T01-C01060,data/rf016/Models/PLAYERVIEW/PV-M4A1_S_Xmas2018.LTB,model,75,c5035092a3fa2a3a3dcbb8671d624e1bcc94173b31c9cdef53e79ae1e439e403,keyword:M4,0,0,0,0,5,3183,CANDIDATE_ONLY,P5-T02 geometry/parts comparison
395,P5T01-C01065,data/rf016/Models/PLAYERVIEW/PV-M4A1_S_Xmas2021.LTB,model,75,becbdd18948e07fd57c0ff4024d3d3026080b7e03995bbf939a4dd6b06000e51,keyword:M4,0,0,0,0,5,3183,CANDIDATE_ONLY,P5-T02 geometry/parts comparison
396,P5T01-C01070,data/rf016/Models/PLAYERVIEW/PV-M4A1_S_Xmas2023.LTB,model,75,8474f6b5824fb961be021be4a5712d5f6f08a37823911707e2769bdd3877c983,keyword:M4,0,0,0,0,5,3183,CANDIDATE_ONLY,P5-T02 geometry/parts comparison
397,P5T01-C01075,data/rf016/Models/PLAYERVIEW/PV-M4A1_Silencer_DMZ.LTB,model,75,187e329088cb46c286009516c86a2b97ec583d98c869c2d8dcc2d86699a4d093,keyword:M4,0,0,0,0,6,40207,CANDIDATE_ONLY,P5-T02 geometry/parts comparison
398,P5T01-C01078,data/rf016/Models/PLAYERVIEW/PV-M4A1_Silencer_DMZ_KFC.LTB,model,75,a8b1a0165786783cb7035e3be1b163f5a0aa2b9ba9a1520c0ee6aff4de65acf9,keyword:M4,0,0,0,0,7,41741,CANDIDATE_ONLY,P5-T02 geometry/parts comparison
399,P5T01-C01086,data/rf016/Models/PLAYERVIEW/PV-M4A1_Silencer_Predator_BL.LTB,model,75,9cacc945f77029ff597c622b3fd01e020b90422503fe5ad82238ece4a9ab6664,keyword:M4,0,0,0,2,,,CANDIDATE_ONLY,P5-T02 geometry/parts comparison
400,P5T01-C01088,data/rf016/Models/PLAYERVIEW/PV-M4A1_Silencer_Predator_CFPassS12_BL.LTB,model,75,4052d1000f9b16b293d603b641d7427da42a4573f395652ee94eecb5419d5d7f,keyword:M4,0,0,0,2,,,CANDIDATE_ONLY,P5-T02 geometry/parts comparison
401,P5T01-C01089,data/rf016/Models/PLAYERVIEW/PV-M4A1_Silencer_Predator_CFPassS12_GR.LTB,model,75,4052d1000f9b16b293d603b641d7427da42a4573f395652ee94eecb5419d5d7f,keyword:M4,0,0,0,2,,,CANDIDATE_ONLY,P5-T02 geometry/parts comparison
402,P5T01-C01090,data/rf016/Models/PLAYERVIEW/PV-M4A1_Silencer_Predator_CFPassS12_WOMAN_BL.LTB,model,75,4052d1000f9b16b293d603b641d7427da42a4573f395652ee94eecb5419d5d7f,keyword:M4,0,0,0,2,,,CANDIDATE_ONLY,P5-T02 geometry/parts comparison
403,P5T01-C01091,data/rf016/Models/PLAYERVIEW/PV-M4A1_Silencer_Predator_CFPassS12_WOMAN_GR.LTB,model,75,4052d1000f9b16b293d603b641d7427da42a4573f395652ee94eecb5419d5d7f,keyword:M4,0,0,0,2,,,CANDIDATE_ONLY,P5-T02 geometry/parts comparison
404,P5T01-C01093,data/rf016/Models/PLAYERVIEW/PV-M4A1_Silencer_Predator_Classic_BL.LTB,model,75,bdfcb79d92b8ab9dacdd0898b572c2d40ec2884058af74be9fbce6a33461903b,keyword:M4,0,0,0,2,,,CANDIDATE_ONLY,P5-T02 geometry/parts comparison
405,P5T01-C01094,data/rf016/Models/PLAYERVIEW/PV-M4A1_Silencer_Predator_Classic_GR.LTB,model,75,bdfcb79d92b8ab9dacdd0898b572c2d40ec2884058af74be9fbce6a33461903b,keyword:M4,0,0,0,2,,,CANDIDATE_ONLY,P5-T02 geometry/parts comparison
406,P5T01-C01095,data/rf016/Models/PLAYERVIEW/PV-M4A1_Silencer_Predator_Classic_WOMAN_BL.LTB,model,75,bdfcb79d92b8ab9dacdd0898b572c2d40ec2884058af74be9fbce6a33461903b,keyword:M4,0,0,0,2,,,CANDIDATE_ONLY,P5-T02 geometry/parts comparison
407,P5T01-C01096,data/rf016/Models/PLAYERVIEW/PV-M4A1_Silencer_Predator_Classic_WOMAN_GR.LTB,model,75,bdfcb79d92b8ab9dacdd0898b572c2d40ec2884058af74be9fbce6a33461903b,keyword:M4,0,0,0,2,,,CANDIDATE_ONLY,P5-T02 geometry/parts comparison
408,P5T01-C01097,data/rf016/Models/PLAYERVIEW/PV-M4A1_Silencer_Predator_GR.LTB,model,75,0ac16b643d214f0dafcbca337c0f14ad0ea16800fea971b4316fd9786c0f0f79,keyword:M4,0,0,0,2,,,CANDIDATE_ONLY,P5-T02 geometry/parts comparison
409,P5T01-C01099,data/rf016/Models/PLAYERVIEW/PV-M4A1_Silencer_Predator_SW_BL.LTB,model,75,50f625eb4e87dbdcbbfe753e26279c5742133f1c95a699c61196d4868bf07943,keyword:M4,0,0,0,2,,,CANDIDATE_ONLY,P5-T02 geometry/parts comparison
410,P5T01-C01100,data/rf016/Models/PLAYERVIEW/PV-M4A1_Silencer_Predator_SW_GR.LTB,model,75,50f625eb4e87dbdcbbfe753e26279c5742133f1c95a699c61196d4868bf07943,keyword:M4,0,0,0,2,,,CANDIDATE_ONLY,P5-T02 geometry/parts comparison
411,P5T01-C01101,data/rf016/Models/PLAYERVIEW/PV-M4A1_Silencer_Predator_SW_WOMAN_BL.LTB,model,75,50f625eb4e87dbdcbbfe753e26279c5742133f1c95a699c61196d4868bf07943,keyword:M4,0,0,0,2,,,CANDIDATE_ONLY,P5-T02 geometry/parts comparison
412,P5T01-C01102,data/rf016/Models/PLAYERVIEW/PV-M4A1_Silencer_Predator_SW_WOMAN_GR.LTB,model,75,50f625eb4e87dbdcbbfe753e26279c5742133f1c95a699c61196d4868bf07943,keyword:M4,0,0,0,2,,,CANDIDATE_ONLY,P5-T02 geometry/parts comparison
413,P5T01-C01103,data/rf016/Models/PLAYERVIEW/PV-M4A1_Silencer_Predator_WOMAN_BL.LTB,model,75,31fd5db78b8cedce0bb22db6d164ed954c9832c5720ab63d2b2d59837ab9e045,keyword:M4,0,0,0,2,,,CANDIDATE_ONLY,P5-T02 geometry/parts comparison
414,P5T01-C01104,data/rf016/Models/PLAYERVIEW/PV-M4A1_Silencer_Predator_WOMAN_GR.LTB,model,75,3ce332983d75ca318d44827b5f0e655634c2a02997e297dd712bb03afc8329d5,keyword:M4,0,0,0,2,,,CANDIDATE_ONLY,P5-T02 geometry/parts comparison
415,P5T01-C01110,data/rf016/Models/PLAYERVIEW/PV-M4A1_Silencer_Volcano_BR.LTB,model,75,08aeed73fec75e2ce66ef2a7245140f0a7c15cd009fa4f0c2df4ebacda0c3614,keyword:M4,0,0,0,0,5,3183,CANDIDATE_ONLY,P5-T02 geometry/parts comparison
416,P5T01-C01115,data/rf016/Models/PLAYERVIEW/PV-M4A1_Silencer_WaterGun_jh.LTB,model,75,1e0f04553e5f262ac58a90e2079db1d63791d6f8e55fcf2dadb50cc227aa8161,keyword:M4,0,0,0,0,7,4833,CANDIDATE_ONLY,P5-T02 geometry/parts comparison
417,P5T01-C01120,data/rf016/Models/PLAYERVIEW/PV-M4A1_Volcano_BR.LTB,model,75,605a76ad032aea06ef96795af0409005a993bc5fba6ed76a1ec899ee0f8120a4,keyword:M4,0,0,0,0,5,3183,CANDIDATE_ONLY,P5-T02 geometry/parts comparison
418,P5T01-C01127,data/rf016/Models/PLAYERVIEW/PV-M4A1_XS_RoyalDragon2.LTB,model,75,8b6e3d0f25809d5927e0abb3fc0b33ec8478cefc8b883b937d58372b66cc10a2,keyword:M4,0,0,0,0,7,3228,CANDIDATE_ONLY,P5-T02 geometry/parts comparison
419,P5T01-C01132,data/rf016/Models/PLAYERVIEW/PV-M4A1_XS_RoyalDragon4.LTB,model,75,a6f6489035803f311a180c342942cd0ab1e1cf779ed6cc572434fb088a50ab62,keyword:M4,0,0,0,0,7,3228,CANDIDATE_ONLY,P5-T02 geometry/parts comparison
420,P5T01-C01137,data/rf016/Models/PLAYERVIEW/PV-M4A1_XS_RoyalDragon6.LTB,model,75,0ac1f1f32fd376b2bb7f0c73f65a84a2bc6efab81ac03a124f8258ab99a11583,keyword:M4,0,0,0,0,4,7515,CANDIDATE_ONLY,P5-T02 geometry/parts comparison
421,P5T01-C01142,data/rf016/Models/PLAYERVIEW/PV-M4A1_Xmas2018.LTB,model,75,43be2be5272e6eb56aa8df8fa96aade202be1abba16cd44df6976c9f3201f28d,keyword:M4,0,0,0,0,5,3183,CANDIDATE_ONLY,P5-T02 geometry/parts comparison
422,P5T01-C01147,data/rf016/Models/PLAYERVIEW/PV-M4A1_phoenix.LTB,model,75,1206d8abc2e91a4380a4887e656e480e224463a39da6749b11fa086a3f584f6d,keyword:M4,0,0,0,0,5,3183,CANDIDATE_ONLY,P5-T02 geometry/parts comparison
423,P5T01-C01177,data/rf016/Models/PLAYERVIEW/PV-MOS_M4A1.LTB,model,75,b1f98f369afe3312d0e003f5cc13c41c22a55ba88757555b5fa20282de92f6d9,keyword:M4,0,0,0,0,5,5958,CANDIDATE_ONLY,P5-T02 geometry/parts comparison
424,P5T01-C01187,data/rf016/Models/PLAYERVIEW/PV-RI_M4A1-S_Bandage.LTB,model,75,b5a94f98348f66029a02c352be377b3902fcf7cdb96a7e8365aa58a80a3b009a,keyword:M4,0,0,0,0,7,4466,CANDIDATE_ONLY,P5-T02 geometry/parts comparison
425,P5T01-C01192,data/rf016/Models/PLAYERVIEW/PV-RI_M4A1-X_Gold_Silencer.LTB,model,75,e8518dd8e109e6fc4b90e0d7cac502bf6dfdc8f162f2b63fa4fb4d5f041818c1,keyword:M4,0,0,0,0,7,3748,CANDIDATE_ONLY,P5-T02 geometry/parts comparison
426,P5T01-C01197,data/rf016/Models/PLAYERVIEW/PV-RI_M4a1-X.LTB,model,75,cc7b02e8402e47cc7686fa43c73a08a3f9fae36939866eab446dfd5b89c0f23b,keyword:M4,0,0,0,0,6,3626,CANDIDATE_ONLY,P5-T02 geometry/parts comparison
427,P5T01-C01202,data/rf016/Models/PLAYERVIEW/PV-RI_m4a1_silencer_silver.LTB,model,75,daa09fe3a52ca8221b726c5e8437b554b8482addf37b7fbc9ca223a6e784a626,keyword:M4,0,0,0,0,6,3279,CANDIDATE_ONLY,P5-T02 geometry/parts comparison
428,P5T01-C01220,data/rf016/Models/PLAYERVIEW/PV-TigerRifle_Ares_M4A1.LTB,model,75,7c8e345c354a29f2ff4e5a9d9943bb35394ab21ab82236d07d127d7a5559ef35,keyword:M4,0,0,0,0,3,6107,CANDIDATE_ONLY,P5-T02 geometry/parts comparison
429,P5T01-C01228,data/rf016/Models/PLAYERVIEW/PV-TigerRifle_Ares_M4A1_NW.LTB,model,75,87b1062e70306da905e6c0895bf01edbd6b01e509ea53e1f0829ee79ae6a78a5,keyword:M4,0,0,0,0,3,6107,CANDIDATE_ONLY,P5-T02 geometry/parts comparison
430,P5T01-C00253,data/rf016/Models/PLAYERVIEW/PV-Kar98k_Satellite_NG_Thunder.LTB,model,70,3ce49e52a9a781d8167417e11e55f3ff0f833acdd8b2e20f2a0b100ee6c71eb0,keyword:THUNDER,0,2,0,0,13,17437,CANDIDATE_ONLY,P5-T02 geometry/parts comparison
431,P5T01-C00256,data/rf016/Models/PLAYERVIEW/PV-Kar98k_Satellite_NG_Thunder_S.LTB,model,70,c934ed1ba536635da48df35c9436320c7edbb54380916b49eca86770c27596d5,keyword:THUNDER,0,2,0,0,13,17437,CANDIDATE_ONLY,P5-T02 geometry/parts comparison
432,P5T01-C01215,data/rf016/Models/PLAYERVIEW/PV-ThunderScepter_Zeus.LTB,model,70,d7e8ffa96fb60c17cf44374ca6a22d82bc96e818ee6572ffa1c0194564e41f4d,keyword:THUNDER,0,2,0,0,3,4830,CANDIDATE_ONLY,P5-T02 geometry/parts comparison
433,P5T01-C01249,data/rf016/Models/WEAPONS/QV-EliteMOS_M4A1_IronBeast.LTB,model,70,aa293880fd6d789dd19c6d793302807865b141347035d7f02f3955f0db0d1a51,keyword:M4,0,7,0,1,,,CANDIDATE_ONLY,P5-T02 geometry/parts comparison
434,P5T01-C01252,data/rf016/Models/WEAPONS/QV-GunNiang_B_M4A1_S_IronBeast.LTB,model,70,8bcfd1dc7577b61181843be57f1456eb8ce35ff89ce8ea04f439f0e3614ac172,keyword:M4,0,7,0,1,,,CANDIDATE_ONLY,P5-T02 geometry/parts comparison
435,P5T01-C01259,data/rf016/Models/WEAPONS/QV-M4A1_BornBeast_NG_Wind.LTB,model,70,d5c45c2081fef367f0243a8dad53b8d8c9a6b837c2859d6348986548035f76be,keyword:M4,0,7,0,1,,,CANDIDATE_ONLY,P5-T02 geometry/parts comparison
436,P5T01-C01260,data/rf016/Models/WEAPONS/QV-M4A1_BornBeast_NG_Wind_preview.LTB,model,70,fa2ee4d9a3326680b5da825f9ca83b4a082a871b096c4c9a5b6e0b4ce638bbb6,keyword:M4,0,7,0,1,,,CANDIDATE_ONLY,P5-T02 geometry/parts comparison
437,P5T01-C01275,data/rf016/Models/WEAPONS/QV-M4A1_S_AngelicBeast.LTB,model,70,f2013cb145a7857b1dfe1d1505577c05a8a917267c9be3a0f8ffd59d870af4f8,keyword:M4,0,7,0,1,,,CANDIDATE_ONLY,P5-T02 geometry/parts comparison
438,P5T01-C01276,data/rf016/Models/WEAPONS/QV-M4A1_S_AngelicBeast_Preview.LTB,model,70,59f1b3f1505872ec8ee985fee96119ba01a14de0ebdae02291edc67574c00402,keyword:M4,0,7,0,1,,,CANDIDATE_ONLY,P5-T02 geometry/parts comparison
439,P5T01-C01277,data/rf016/Models/WEAPONS/QV-M4A1_S_Beast.LTB,model,70,0ad3dad985cab7f6134148562cdcbc66e0ee4a783a46671be4d81f9b70257a81,keyword:M4,0,7,0,1,,,CANDIDATE_ONLY,P5-T02 geometry/parts comparison
440,P5T01-C01278,data/rf016/Models/WEAPONS/QV-M4A1_S_Beast_NG_GoldenWind.LTB,model,70,5cb491ad51c8363f1a50998ae08bab05d8659d81e5c6b3ccb7527bf7932325a3,keyword:M4,0,7,0,1,,,CANDIDATE_ONLY,P5-T02 geometry/parts comparison
441,P5T01-C01279,data/rf016/Models/WEAPONS/QV-M4A1_S_Beast_NG_GoldenWind_preview.LTB,model,70,e4badf78ec297d68c7b1cce6e5697d0f9d5dd42e50556bac5f80ebe26f116dd4,keyword:M4,0,7,0,1,,,CANDIDATE_ONLY,P5-T02 geometry/parts comparison
442,P5T01-C01280,data/rf016/Models/WEAPONS/QV-M4A1_S_Beast_QingLong.LTB,model,70,80cac6a0f60043f7173ded2c1054fb2272c1fc3310604b465eb6644d9aebb3c3,keyword:M4,0,7,0,1,,,CANDIDATE_ONLY,P5-T02 geometry/parts comparison
443,P5T01-C01281,data/rf016/Models/WEAPONS/QV-M4A1_S_Beast_QingLong2_NG.LTB,model,70,8421fa6c92599ef5a7f357d1220785db21ec8e7b1b48ca63d6ac913811197e42,keyword:M4,0,7,0,1,,,CANDIDATE_ONLY,P5-T02 geometry/parts comparison
444,P5T01-C01282,data/rf016/Models/WEAPONS/QV-M4A1_S_Beast_QingLong2_NG_preview.LTB,model,70,5a30d563c083a73306260c1b688525503176a62c04a472b4b3ed866a698ea37a,keyword:M4,0,7,0,1,,,CANDIDATE_ONLY,P5-T02 geometry/parts comparison
445,P5T01-C01283,data/rf016/Models/WEAPONS/QV-M4A1_S_Beast_QingLong_Darken.LTB,model,70,a5fa4bd22ce7c9e0b97c6fb3f3564ff1f75234cbc84a24e9eda9b86577b75d16,keyword:M4,0,7,0,1,,,CANDIDATE_ONLY,P5-T02 geometry/parts comparison
446,P5T01-C01284,data/rf016/Models/WEAPONS/QV-M4A1_S_Beast_QingLong_Darken_preview.LTB,model,70,40b51de8ce6b768a1455385c9043491a93fe28fa3128cbb5ae592e34e2b3b1cc,keyword:M4,0,7,0,1,,,CANDIDATE_ONLY,P5-T02 geometry/parts comparison
447,P5T01-C01285,data/rf016/Models/WEAPONS/QV-M4A1_S_Beast_QingLong_preview.LTB,model,70,7375825f19a4a8d0d01feb61cf2f44c8d6fa6f993c2a1b92907be1c887e102e8,keyword:M4,0,7,0,1,,,CANDIDATE_ONLY,P5-T02 geometry/parts comparison
448,P5T01-C01286,data/rf016/Models/WEAPONS/QV-M4A1_S_Beast_TianShen.LTB,model,70,b5712e872ccd9e1ec1ca0c71a7919ae804dd8245fcb7848ebf06d9709a6c6334,keyword:M4,0,7,0,1,,,CANDIDATE_ONLY,P5-T02 geometry/parts comparison
449,P5T01-C01287,data/rf016/Models/WEAPONS/QV-M4A1_S_Beast_TianShen_preview.LTB,model,70,10107f9d625afc1783a12723a9bcacf1f3051d6395cad441f46fadc903662f64,keyword:M4,0,7,0,1,,,CANDIDATE_ONLY,P5-T02 geometry/parts comparison
450,P5T01-C01288,data/rf016/Models/WEAPONS/QV-M4A1_S_Beast_preview.LTB,model,70,8cd7a4641d435760bb2d8e4b720ccee00a7b1965051a7b5689e03b77d0bebf5f,keyword:M4,0,7,0,1,,,CANDIDATE_ONLY,P5-T02 geometry/parts comparison
451,P5T01-C01291,data/rf016/Models/WEAPONS/QV-M4A1_S_BornBeast2.LTB,model,70,f59ae8de61e7dfafa1fd1de94fcc99dfc5bce193ac2a79a8f0c35d8496758e4a,keyword:M4,0,7,0,1,,,CANDIDATE_ONLY,P5-T02 geometry/parts comparison
452,P5T01-C01292,data/rf016/Models/WEAPONS/QV-M4A1_S_BornBeast2_preview.LTB,model,70,076dd3f1978c5e308ab4ed9135b56f6a9c15c6597ba81ed680127b63afd2b767,keyword:M4,0,7,0,1,,,CANDIDATE_ONLY,P5-T02 geometry/parts comparison
453,P5T01-C01293,data/rf016/Models/WEAPONS/QV-M4A1_S_BornBeast_FuXi.LTB,model,70,67a3497acbe4178abfc91127d3bc09a0ded3d413955dc61558bd091f4752e4ed,keyword:M4,0,7,0,1,,,CANDIDATE_ONLY,P5-T02 geometry/parts comparison
454,P5T01-C01294,data/rf016/Models/WEAPONS/QV-M4A1_S_BornBeast_FuXi_preview.LTB,model,70,7e0270e5f733a87082c737cb39ffad60f988b8515a79cf44d6c2115c229b0924,keyword:M4,0,7,0,1,,,CANDIDATE_ONLY,P5-T02 geometry/parts comparison
455,P5T01-C01295,data/rf016/Models/WEAPONS/QV-M4A1_S_BornBeast_HHUD.LTB,model,70,6d71c33e3bd0e3bcc6102f9deb4034b0faface0eab166a3ddf0d67a15f19d7ec,keyword:M4,0,7,0,1,,,CANDIDATE_ONLY,P5-T02 geometry/parts comparison
456,P5T01-C01296,data/rf016/Models/WEAPONS/QV-M4A1_S_BornBeast_HHUD_preview.LTB,model,70,d9fd228d4d98de4e62a31f5553d1c21f803a3d1ea6b95b4efe2a5a34424725bd,keyword:M4,0,7,0,1,,,CANDIDATE_ONLY,P5-T02 geometry/parts comparison
457,P5T01-C01297,data/rf016/Models/WEAPONS/QV-M4A1_S_BornBeast_IceSoul.LTB,model,70,d2e1c447d927f64c73522b5895bc72c73ff18c9815bef8b6a4cad4aac00d6e5b,keyword:M4,0,7,0,1,,,CANDIDATE_ONLY,P5-T02 geometry/parts comparison
458,P5T01-C01298,data/rf016/Models/WEAPONS/QV-M4A1_S_BornBeast_IceSoul_preview.LTB,model,70,1c02f08d497c565c0c58ef1563a8bae61b83b252703aa527815257fef1a6f2f9,keyword:M4,0,7,0,1,,,CANDIDATE_ONLY,P5-T02 geometry/parts comparison
459,P5T01-C01299,data/rf016/Models/WEAPONS/QV-M4A1_S_BornBeast_Shaolin.LTB,model,70,88b4eb4b45fd8b1704e239b912b8b9f958c23852e65df0452b8e90b4ddf4b83f,keyword:M4,0,7,0,1,,,CANDIDATE_ONLY,P5-T02 geometry/parts comparison
460,P5T01-C01300,data/rf016/Models/WEAPONS/QV-M4A1_S_BornBeast_Shaolin_preview.LTB,model,70,48511962e5253e30fb6ef923f01ccbb7db25f0037d1fa9f9754c24151d73f701,keyword:M4,0,7,0,1,,,CANDIDATE_ONLY,P5-T02 geometry/parts comparison
461,P5T01-C01301,data/rf016/Models/WEAPONS/QV-M4A1_S_BornBeast_preview.LTB,model,70,eb52e475b532ed98f8ff8a8a0525054da7487d62baa3b845172a6b40eaacd36e,keyword:M4,0,7,0,1,,,CANDIDATE_ONLY,P5-T02 geometry/parts comparison
462,P5T01-C01302,data/rf016/Models/WEAPONS/QV-M4A1_S_ClassicBeast.LTB,model,70,1f82c72c78e446c5ef265f152830e9ba494ee07c9ecb2239843b5ccb527b986a,keyword:M4,0,7,0,1,,,CANDIDATE_ONLY,P5-T02 geometry/parts comparison
463,P5T01-C01303,data/rf016/Models/WEAPONS/QV-M4A1_S_ClassicBeast_preview.LTB,model,70,65cb1d7225db18d5557facf0c39c0bf84eabb28f9bec7d962e7aac54b3ce3a86,keyword:M4,0,7,0,1,,,CANDIDATE_ONLY,P5-T02 geometry/parts comparison
464,P5T01-C01304,data/rf016/Models/WEAPONS/QV-M4A1_S_DemonicBeast.LTB,model,70,58cd3f2839d4f15f3392478647f3cceb870ea63079df7130baf5a65686b692c2,keyword:M4,0,7,0,1,,,CANDIDATE_ONLY,P5-T02 geometry/parts comparison
465,P5T01-C01305,data/rf016/Models/WEAPONS/QV-M4A1_S_DemonicBeast_preview.LTB,model,70,2c096d30a2ce628e2f71bccf6600408162cb0195b6aeaf4369f7eb5988623ebc,keyword:M4,0,7,0,1,,,CANDIDATE_ONLY,P5-T02 geometry/parts comparison
466,P5T01-C01328,data/rf016/Models/WEAPONS/QV-M4A1_S_IronBeast2.LTB,model,70,57c0da0fd62a666fdef110b89d130ef7224190a5e5198a61ec64d18d666d7ff4,keyword:M4,0,7,0,1,,,CANDIDATE_ONLY,P5-T02 geometry/parts comparison
467,P5T01-C01329,data/rf016/Models/WEAPONS/QV-M4A1_S_IronBeast2_preview.LTB,model,70,a689af6c1a05aaeaf383b69d192c835f781076f6b33257c9485a24bd7df1a1be,keyword:M4,0,7,0,1,,,CANDIDATE_ONLY,P5-T02 geometry/parts comparison
468,P5T01-C01330,data/rf016/Models/WEAPONS/QV-M4A1_S_IronBeast_BR.LTB,model,70,421c93d0bd135ffce6deaa879993a62a81ccceb6ffffd8edc9307e466c51d857,keyword:M4,0,7,0,1,,,CANDIDATE_ONLY,P5-T02 geometry/parts comparison
469,P5T01-C01331,data/rf016/Models/WEAPONS/QV-M4A1_S_IronBeast_CFPL10th_preview.LTB,model,70,46c521b1e17adc84bd46039031c5b0cb7dbef981a2c8d9f81cf9f9695944e939,keyword:M4,0,7,0,1,,,CANDIDATE_ONLY,P5-T02 geometry/parts comparison
470,P5T01-C01332,data/rf016/Models/WEAPONS/QV-M4A1_S_IronBeast_DS_PreView.LTB,model,70,ca88a3ce142674b268e2ef6f88162822e903183cc6cab0850eb3e36a45545e7c,keyword:M4,0,7,0,1,,,CANDIDATE_ONLY,P5-T02 geometry/parts comparison
471,P5T01-C01333,data/rf016/Models/WEAPONS/QV-M4A1_S_IronBeast_EMP_preview.LTB,model,70,9f15aba068402dc6a514f221a5f81851cdae16a89dbdf691d41de00407ae91bd,keyword:M4,0,7,0,1,,,CANDIDATE_ONLY,P5-T02 geometry/parts comparison
472,P5T01-C01334,data/rf016/Models/WEAPONS/QV-M4A1_S_IronBeast_Gilt.LTB,model,70,8b5c34728590a0e885c7ace39a60fb7b063b3d6d235a60288b1d51910d2147bf,keyword:M4,0,7,0,1,,,CANDIDATE_ONLY,P5-T02 geometry/parts comparison
473,P5T01-C01335,data/rf016/Models/WEAPONS/QV-M4A1_S_IronBeast_Gilt_m_preview.LTB,model,70,fc76850dde8e70152a493cec628e18391063f0ccdd62e97d8a37746381d358ee,keyword:M4,0,7,0,1,,,CANDIDATE_ONLY,P5-T02 geometry/parts comparison
474,P5T01-C01336,data/rf016/Models/WEAPONS/QV-M4A1_S_IronBeast_Gilt_preview.LTB,model,70,b09cee341309a8e08764e45541ccd1bb8b03c2cbe2a5c02dd068117e72846d73,keyword:M4,0,7,0,1,,,CANDIDATE_ONLY,P5-T02 geometry/parts comparison
475,P5T01-C01337,data/rf016/Models/WEAPONS/QV-M4A1_S_IronBeast_HuluXiongdi.LTB,model,70,7024e000b67d591de855230890cc7ed0f6bd7ce4184b349c2e2c7a30c6afd315,keyword:M4,0,7,0,1,,,CANDIDATE_ONLY,P5-T02 geometry/parts comparison
476,P5T01-C01338,data/rf016/Models/WEAPONS/QV-M4A1_S_IronBeast_HuluXiongdi_Preview.LTB,model,70,5e73221803b8f7825f24e0238d0e61fd10639620537bd8b3c643b2e77c85fbd1,keyword:M4,0,7,0,1,,,CANDIDATE_ONLY,P5-T02 geometry/parts comparison
477,P5T01-C01339,data/rf016/Models/WEAPONS/QV-M4A1_S_IronBeast_Ipdance_preview.LTB,model,70,654f6b46bd660ec1543ddbd6f818b36b23f619d9f2e9c3bc2587c13ed398e512,keyword:M4,0,7,0,1,,,CANDIDATE_ONLY,P5-T02 geometry/parts comparison
478,P5T01-C01340,data/rf016/Models/WEAPONS/QV-M4A1_S_IronBeast_JJXT_preview.LTB,model,70,8dbb6208347312e6a241e1ce446ba0e62b7beb794f99e919d960255dc85c05ec,keyword:M4,0,7,0,1,,,CANDIDATE_ONLY,P5-T02 geometry/parts comparison
479,P5T01-C01341,data/rf016/Models/WEAPONS/QV-M4A1_S_IronBeast_Javelin_preview.LTB,model,70,479cb175424c220cda174210340f07cd1ac4c7cfc5f9780d590df9f3990bd0d0,keyword:M4,0,7,0,1,,,CANDIDATE_ONLY,P5-T02 geometry/parts comparison
480,P5T01-C01342,data/rf016/Models/WEAPONS/QV-M4A1_S_IronBeast_NG_Xingpo.LTB,model,70,bfd0035ebcaecfaaa90f4727942c65d685f20b34a5a7f697d338d1d4e323ade8,keyword:M4,0,7,0,1,,,CANDIDATE_ONLY,P5-T02 geometry/parts comparison
481,P5T01-C01343,data/rf016/Models/WEAPONS/QV-M4A1_S_IronBeast_NG_Xingpo_preview.LTB,model,70,cbcfd77a9b9755f90998ddd234f2de7c9755513af55540c681c72ec2f08b731e,keyword:M4,0,7,0,1,,,CANDIDATE_ONLY,P5-T02 geometry/parts comparison
482,P5T01-C01344,data/rf016/Models/WEAPONS/QV-M4A1_S_IronBeast_Qingchun.LTB,model,70,120ed8b055cbee4e583214616d124b5d5045fae4031054d4776ab469d1ea4c57,keyword:M4,0,7,0,1,,,CANDIDATE_ONLY,P5-T02 geometry/parts comparison
483,P5T01-C01345,data/rf016/Models/WEAPONS/QV-M4A1_S_IronBeast_Qingchun_preview.LTB,model,70,f53e85873916747039bf84d5f5e65d4c26360ea99b7342f3dfc16dcff23e4b77,keyword:M4,0,7,0,1,,,CANDIDATE_ONLY,P5-T02 geometry/parts comparison
484,P5T01-C01346,data/rf016/Models/WEAPONS/QV-M4A1_S_IronBeast_Stellar_preview.LTB,model,70,8b1b75ec101bc1e24eb409c9b13a7cd71a2220c1f3475da7a2134bcaf1fbef90,keyword:M4,0,7,0,1,,,CANDIDATE_ONLY,P5-T02 geometry/parts comparison
485,P5T01-C01347,data/rf016/Models/WEAPONS/QV-M4A1_S_IronBeast_Virgo.LTB,model,70,c8fc19c896c5de04b7a4831b0d09ad834eb6ab47699f0ae48b96f6f1d2160d72,keyword:M4,0,7,0,1,,,CANDIDATE_ONLY,P5-T02 geometry/parts comparison
486,P5T01-C01348,data/rf016/Models/WEAPONS/QV-M4A1_S_IronBeast_Virgo_preview.LTB,model,70,f74fd60ef2579e6112d27a4e8d2cc917925ebd87568745c1f02c2eed9a35ccd2,keyword:M4,0,7,0,1,,,CANDIDATE_ONLY,P5-T02 geometry/parts comparison
487,P5T01-C01349,data/rf016/Models/WEAPONS/QV-M4A1_S_IronBeast_ZDaBaiLu_preview.LTB,model,70,a432c16f1ec84a3823dd366492a5eb8a77377529b538ce97f02478ce8ccdd2db,keyword:M4,0,7,0,1,,,CANDIDATE_ONLY,P5-T02 geometry/parts comparison
488,P5T01-C01350,data/rf016/Models/WEAPONS/QV-M4A1_S_IronBeast_preview.LTB,model,70,c56500d0605d22b870647e7638545ba1802993a977013a900248e7c89f2ccf6d,keyword:M4,0,7,0,1,,,CANDIDATE_ONLY,P5-T02 geometry/parts comparison
489,P5T01-C01353,data/rf016/Models/WEAPONS/QV-M4A1_S_Ironbeast_Olive.LTB,model,70,a40d0364f573309ceb6e83d7fa732dbac7f5b0e8b461bb206e7f8890119b9640,keyword:M4,0,7,0,1,,,CANDIDATE_ONLY,P5-T02 geometry/parts comparison
490,P5T01-C01354,data/rf016/Models/WEAPONS/QV-M4A1_S_Ironbeast_Olive_preview.LTB,model,70,50f12aed81681f6a6db975eba7bb855793fe7506f08ebfc2c42348628c241bdc,keyword:M4,0,7,0,1,,,CANDIDATE_ONLY,P5-T02 geometry/parts comparison
491,P5T01-C01361,data/rf016/Models/WEAPONS/QV-M4A1_S_PrismBeast_NG_Crystal.LTB,model,70,e647537a1a0c1ed96b22c80a5e6d122d7eae233b7e31dd841d3305531f0d8435,keyword:M4,0,7,0,1,,,CANDIDATE_ONLY,P5-T02 geometry/parts comparison
492,P5T01-C01362,data/rf016/Models/WEAPONS/QV-M4A1_S_PrismBeast_NG_Crystal_preview.LTB,model,70,5aee16ad0f00e3fe9e8de1fa3b05f1bd9975ad75fd217b2dc50bbbff51657afa,keyword:M4,0,7,0,1,,,CANDIDATE_ONLY,P5-T02 geometry/parts comparison
493,P5T01-C01368,data/rf016/Models/WEAPONS/QV-M4A1_S_RedKnifeBeast_F.LTB,model,70,2bad6a5dced0ef3e00713c14b6720ad72e1421aa077355e43c7fc49433642d1e,keyword:M4,0,7,0,1,,,CANDIDATE_ONLY,P5-T02 geometry/parts comparison
494,P5T01-C01369,data/rf016/Models/WEAPONS/QV-M4A1_S_RedKnifeBeast_M.LTB,model,70,1b277a4f42294c1be40d235f91f7c4332d2f938b3163d457b36161c2018a43df,keyword:M4,0,7,0,1,,,CANDIDATE_ONLY,P5-T02 geometry/parts comparison
495,P5T01-C01370,data/rf016/Models/WEAPONS/QV-M4A1_S_RedKnifeBeast_preview.LTB,model,70,9432211d34bf982a31fbe3b2f37367b8190fc4b73008dba8056f22e3d2553e87,keyword:M4,0,7,0,1,,,CANDIDATE_ONLY,P5-T02 geometry/parts comparison
496,P5T01-C01371,data/rf016/Models/WEAPONS/QV-M4A1_S_RedRifleBeast.LTB,model,70,c016adc28eddf34b5f1e703a1c4335270ca6de50975c0fefc50ec8a8186df405,keyword:M4,0,7,0,1,,,CANDIDATE_ONLY,P5-T02 geometry/parts comparison
497,P5T01-C01372,data/rf016/Models/WEAPONS/QV-M4A1_S_RedRifleBeast_preview.LTB,model,70,eb1a4ccb3b4ef05f04f5f384485e5db91432b557a2ed4d8eb700e906ac44f87c,keyword:M4,0,7,0,1,,,CANDIDATE_ONLY,P5-T02 geometry/parts comparison
498,P5T01-C01416,data/rf016/Models/WEAPONS/QV-M4A1_S_ValorBeast.LTB,model,70,c1f45634af0afb6da792bd8595d19f155ed89f25c4cee631531ebb29ff01d562,keyword:M4,0,7,0,1,,,CANDIDATE_ONLY,P5-T02 geometry/parts comparison
499,P5T01-C01417,data/rf016/Models/WEAPONS/QV-M4A1_S_ValorBeast_preview.LTB,model,70,592349b3f7982963617fef062720d5c4e6b566495e05925487725ee7b7c66724,keyword:M4,0,7,0,1,,,CANDIDATE_ONLY,P5-T02 geometry/parts comparison
500,P5T01-C01436,data/rf016/Models/WEAPONS/QV-M4A1_Silencer_PrismBeast.LTB,model,70,49a4181681dbbfc620c073dd54f592006be0eb485d421da74f3b05051e69cd96,keyword:M4,0,7,0,1,,,CANDIDATE_ONLY,P5-T02 geometry/parts comparison
501,P5T01-C01437,data/rf016/Models/WEAPONS/QV-M4A1_Silencer_PrismBeast_preview.LTB,model,70,1bb854169622146b277614dce93feabb552c6798398812eb917db11accd90edb,keyword:M4,0,7,0,1,,,CANDIDATE_ONLY,P5-T02 geometry/parts comparison
502,P5T01-C01459,data/rf016/Models/WEAPONS/QV-MOS_Elite_GR_M4A1_Beast_NG.LTB,model,70,d8c4c4034710969c2796a4affd43d6cf4b9bf51c150b268c89b8fb864e49f8f1,keyword:M4,0,7,0,1,,,CANDIDATE_ONLY,P5-T02 geometry/parts comparison
503,P5T01-C01462,data/rf016/Models/WEAPONS/QV-NANO_M4A1_IronBeast.LTB,model,70,020fd04ab8113a83bce71fb46f10650a9848bfeda497a5bd39facc5d5211809b,keyword:M4,0,7,0,1,,,CANDIDATE_ONLY,P5-T02 geometry/parts comparison
504,P5T01-C01469,data/rf016/Models/WEAPONS/QV-TigerRifle_Ares_M4A1_Beast_preview.LTB,model,70,3be70ff6ee045e256d480e505eaff36f72b5c83b1538cf9f08056a016ad220d3,keyword:M4,0,7,0,1,,,CANDIDATE_ONLY,P5-T02 geometry/parts comparison
505,P5T01-C01474,data/rf017/ModelTextures/AlphaMap/M4A1-Beast_alpha.TGA,texture,70,0b6f540dba465ae70fde6f0c9a7540dbc226004544ed165767d8c8cc0a5218ff,keyword:M4,0,7,0,1,,,CANDIDATE_ONLY,P5-T02 atlas/UV comparison
506,P5T01-C01482,data/rf017/ModelTextures/AlphaMap/M4A1_S_Beast_alpha.TGA,texture,70,536b066bd308e12be2f1076ef52819856d355abd91f0b9c8d403f8a252d319e8,keyword:M4,0,7,0,1,,,CANDIDATE_ONLY,P5-T02 atlas/UV comparison
507,P5T01-C01484,data/rf017/ModelTextures/AlphaMap/M4A1_S_BornBeast_alpha.TGA,texture,70,40b2c94361b5db58edffb27b8b8aa457667eceb9eb27848135cfee0c17992a37,keyword:M4,0,7,0,1,,,CANDIDATE_ONLY,P5-T02 atlas/UV comparison
508,P5T01-C01485,data/rf017/ModelTextures/AlphaMap/M4A1_S_IronBeast-NobleGold_alpha.TGA,texture,70,9e686af66271cbfad0d02ae06523b6c91a4187d47ff9af6ff551c048df08db2d,keyword:M4,0,7,0,1,,,CANDIDATE_ONLY,P5-T02 atlas/UV comparison
509,P5T01-C01498,data/rf017/ModelTextures/AlphaMap/M4A1_Silencer_PrismBeast_alpha01.PNG,texture,70,20c1c72771e9e0d34e12c365982f03d2fd2b8cf7672948ddd1f60e1a4c695fda,keyword:M4,0,7,0,1,,,CANDIDATE_ONLY,P5-T02 atlas/UV comparison
510,P5T01-C01499,data/rf017/ModelTextures/AlphaMap/M4A1_Silencer_PrismBeast_alpha02.PNG,texture,70,748db2ddbdd7e5fc999ad5c8e982171e188b5e8bfc6727872fb020c19dd38202,keyword:M4,0,7,0,1,,,CANDIDATE_ONLY,P5-T02 atlas/UV comparison
511,P5T01-C01505,data/rf017/ModelTextures/AlphaMap/QV-M4A1_Silencer_PrismBeast_Alpha01.PNG,texture,70,7fe964f45eaff55d8054fc78b289016f0f7771832b7a7a3edefe68f3ac07df69,keyword:M4,0,7,0,1,,,CANDIDATE_ONLY,P5-T02 atlas/UV comparison
512,P5T01-C01506,data/rf017/ModelTextures/AlphaMap/QV-M4A1_Silencer_PrismBeast_Alpha02.PNG,texture,70,2c8bfb280920c43eaec357de85ff3929cfd3607983d2bf2c4d3b817c43e3043a,keyword:M4,0,7,0,1,,,CANDIDATE_ONLY,P5-T02 atlas/UV comparison
513,P5T01-C01507,data/rf017/ModelTextures/MaskMap/PV-M4A1_Silencer_PrismBeast_Mask.TGA,texture,70,cce1a1dadcc458098fc14307f93e0a6e2d1041fd692971cd6470846fc7122b5c,keyword:M4,0,7,0,1,,,CANDIDATE_ONLY,P5-T02 atlas/UV comparison
514,P5T01-C01508,data/rf017/ModelTextures/MaskMap/QV-M4A1_Silencer_PrismBeast_Mask.TGA,texture,70,68176f247324278feb2718f728c23bb928ed18d9d8fb8db08a297685fa8a68b9,keyword:M4,0,7,0,1,,,CANDIDATE_ONLY,P5-T02 atlas/UV comparison
515,P5T01-C01509,data/rf017/ModelTextures/NormalMap/M4A1-Beast_N.TGA,texture,70,5879a2cb5b27f61f95354ac82da658b002ca63537ec0778bd42babd30d2c20bf,keyword:M4,0,7,0,1,,,CANDIDATE_ONLY,P5-T02 atlas/UV comparison
516,P5T01-C01517,data/rf017/ModelTextures/NormalMap/M4A1_S_Beast_N.TGA,texture,70,66aa3faf9a3e950ff158383a77a050b1b4f33c00f5acad172a17fdffa6e40cdf,keyword:M4,0,7,0,1,,,CANDIDATE_ONLY,P5-T02 atlas/UV comparison
517,P5T01-C01520,data/rf017/ModelTextures/NormalMap/M4A1_S_BornBeast_N.TGA,texture,70,4b9d3eb4c5d71b6bd129f88f108c567251ce260f37dfff4bae2c90073974c28e,keyword:M4,0,7,0,1,,,CANDIDATE_ONLY,P5-T02 atlas/UV comparison
518,P5T01-C01521,data/rf017/ModelTextures/NormalMap/M4A1_S_IronBeast-NobleGold_N.TGA,texture,70,4f5f68b9080c22631623e5c76892faf5554e024e5532c90c3e9e4b3954be51d8,keyword:M4,0,7,0,1,,,CANDIDATE_ONLY,P5-T02 atlas/UV comparison
519,P5T01-C01532,data/rf017/ModelTextures/NormalMap/M4A1_Silencer_PrismBeast_N01.PNG,texture,70,8d6677ed4306e6c5efd522c717a0f2a49d76ebd2b9e858629e7a487302d4595a,keyword:M4,0,7,0,1,,,CANDIDATE_ONLY,P5-T02 atlas/UV comparison
520,P5T01-C01533,data/rf017/ModelTextures/NormalMap/M4A1_Silencer_PrismBeast_N02.PNG,texture,70,38cb62a4dd00581dd5bda0785569bcf030761512b4e77dc04f878ffc29351bbc,keyword:M4,0,7,0,1,,,CANDIDATE_ONLY,P5-T02 atlas/UV comparison
521,P5T01-C01539,data/rf017/ModelTextures/NormalMap/QV-M4A1_Silencer_PrismBeast_N01.PNG,texture,70,81ad8caaf6c19a97d0c5185dd9d151fbe7a7c3fdd0d1f0221b3e84efde6d78ca,keyword:M4,0,7,0,1,,,CANDIDATE_ONLY,P5-T02 atlas/UV comparison
522,P5T01-C01540,data/rf017/ModelTextures/NormalMap/QV-M4A1_Silencer_PrismBeast_N02.PNG,texture,70,9c04e4158a98b3475bb6a0fb49ea105a18d7f39e96e1862a3d0d1aca1d0b5cf3,keyword:M4,0,7,0,1,,,CANDIDATE_ONLY,P5-T02 atlas/UV comparison
523,P5T01-C01545,data/rf017/ModelTextures/PLAYERVIEW/PV-M4A1-Beast.DTX,texture,70,114648dfd9271f407932148efe1b4607dc86ef792287a84319ed625929318a93,keyword:M4,0,7,0,1,,,CANDIDATE_ONLY,P5-T02 atlas/UV comparison
524,P5T01-C01568,data/rf017/ModelTextures/PLAYERVIEW/PV-M4A1_S_BornBeast.DTX,texture,70,c419a5fb164db6085878ff2efe21d318a85186b4e3c1fd6baba920311f6ea1d9,keyword:M4,0,7,0,1,,,CANDIDATE_ONLY,P5-T02 atlas/UV comparison
525,P5T01-C01569,data/rf017/ModelTextures/PLAYERVIEW/PV-M4A1_S_IronBeast-NobleGold.DTX,texture,70,a8dd0563c7f9d59ca5fbbf1d29573771ed6840c3d12dc39693f2c932fde40b67,keyword:M4,0,7,0,1,,,CANDIDATE_ONLY,P5-T02 atlas/UV comparison
526,P5T01-C01583,data/rf017/ModelTextures/PLAYERVIEW/PV-M4A1_Silencer_PrismBeast01.DTX,texture,70,243d9f2aa302aed1a7cd94e1ae4d7fa94a38f9f4c9be90eadf49de993bd33d37,keyword:M4,0,7,0,1,,,CANDIDATE_ONLY,P5-T02 atlas/UV comparison
527,P5T01-C01584,data/rf017/ModelTextures/PLAYERVIEW/PV-M4A1_Silencer_PrismBeast02.DTX,texture,70,cbce5054638fa7819b24a8ea5e64d964bb7edf5f96ed98d5a7721ab91691f7ee,keyword:M4,0,7,0,1,,,CANDIDATE_ONLY,P5-T02 atlas/UV comparison
528,P5T01-C01644,data/rf017/ModelTextures/Shader/WeaponShader/M4A1_S_Beast.CFG,shader,70,eb6a962500ed37e1040922383bc49e81c84735c760c22865bfb209d661bd03ff,keyword:M4,0,7,0,1,,,CANDIDATE_ONLY,P5-T03 material graph closure
529,P5T01-C01646,data/rf017/ModelTextures/Shader/WeaponShader/M4A1_S_BornBeast.CFG,shader,70,78f0bd5024f70624594c6b7ebd470094a3642fce8cf7df596407d40dae0ebc87,keyword:M4,0,7,0,1,,,CANDIDATE_ONLY,P5-T03 material graph closure
530,P5T01-C01647,data/rf017/ModelTextures/Shader/WeaponShader/M4A1_S_IronBeast-NobleGold.CFG,shader,70,a621475afa3140d18ab123402336c8f94112d84607fa84402dfe6e9339df3994,keyword:M4,0,7,0,1,,,CANDIDATE_ONLY,P5-T03 material graph closure
531,P5T01-C01662,data/rf017/ModelTextures/Shader/WeaponShader/PV-M4A1_Silencer_PrismBeast_CC.CFG,shader,70,c400d3b9e36cfbf185de5a113dd01c3fcae77270c4f003759c081819f49e1749,keyword:M4,0,7,0,1,,,CANDIDATE_ONLY,P5-T03 material graph closure
532,P5T01-C01663,data/rf017/ModelTextures/Shader/WeaponShader/PV-M4A1_Silencer_PrismBeast_Metal.CFG,shader,70,ae70d1b142b7f5dddbbc188d4fb22d44886f886c7745806c28002ce17d8bfb6a,keyword:M4,0,7,0,1,,,CANDIDATE_ONLY,P5-T03 material graph closure
533,P5T01-C01664,data/rf017/ModelTextures/Shader/WeaponShader/QV-M4A1_Silencer_PrismBeast_CC.CFG,shader,70,2054020d7e5e9ab2f2d5598af6d0a8d916f8e712adcca22c071864864503fd12,keyword:M4,0,7,0,1,,,CANDIDATE_ONLY,P5-T03 material graph closure
534,P5T01-C01665,data/rf017/ModelTextures/Shader/WeaponShader/QV-M4A1_Silencer_PrismBeast_Metal.CFG,shader,70,270acbdc40eef7b5c34032c89d3bb5d85a3c303b5da5699d5ae2b2d6a4dd6e57,keyword:M4,0,7,0,1,,,CANDIDATE_ONLY,P5-T03 material graph closure
535,P5T01-C01666,data/rf017/ModelTextures/SpecularMap/M4A1-Beast_S.TGA,texture,70,c5d96287fb6d40ac825aca95c0bd9f5a2427459c1e934380f8a99ba8388a91af,keyword:M4,0,7,0,1,,,CANDIDATE_ONLY,P5-T02 atlas/UV comparison
536,P5T01-C01676,data/rf017/ModelTextures/SpecularMap/M4A1_S_Beast_S.TGA,texture,70,2e92c4e284b77f1ea1030e3ea0739ff18acea3cd05ed21dfe9f9aa5dafa62bc4,keyword:M4,0,7,0,1,,,CANDIDATE_ONLY,P5-T02 atlas/UV comparison
537,P5T01-C01678,data/rf017/ModelTextures/SpecularMap/M4A1_S_BornBeast_S.TGA,texture,70,c0815faec0d553079b38072118ab089f4fe5df79f7db8491fd391d029c3894c6,keyword:M4,0,7,0,1,,,CANDIDATE_ONLY,P5-T02 atlas/UV comparison
538,P5T01-C01679,data/rf017/ModelTextures/SpecularMap/M4A1_S_IronBeast-NobleGold_S.TGA,texture,70,f13d812bc6111f6205f5daa7b94525684117683dbf112e7c981d529587ef9ff1,keyword:M4,0,7,0,1,,,CANDIDATE_ONLY,P5-T02 atlas/UV comparison
539,P5T01-C01693,data/rf017/ModelTextures/SpecularMap/M4A1_Silencer_PrismBeast_S01.PNG,texture,70,539a202ea0ab2ce623f97ac48dbb51066d744e3a784c90a510db974d1a3d0329,keyword:M4,0,7,0,1,,,CANDIDATE_ONLY,P5-T02 atlas/UV comparison
540,P5T01-C01694,data/rf017/ModelTextures/SpecularMap/M4A1_Silencer_PrismBeast_S02.PNG,texture,70,6be6cfe40101388dcf01fd93ed3e7bfea9ed2d44263a4b0eb9a284503fa025fa,keyword:M4,0,7,0,1,,,CANDIDATE_ONLY,P5-T02 atlas/UV comparison
541,P5T01-C01703,data/rf017/ModelTextures/SpecularMap/QV-M4A1_Silencer_PrismBeast_S01.PNG,texture,70,d1984173d3eb36f89c578f259724b201633ca617ede31331f14dc91f84f70271,keyword:M4,0,7,0,1,,,CANDIDATE_ONLY,P5-T02 atlas/UV comparison
542,P5T01-C01704,data/rf017/ModelTextures/SpecularMap/QV-M4A1_Silencer_PrismBeast_S02.PNG,texture,70,69ab046d8bdf82708155f1d4dc8c458b366f1efef3c8408fdc7fa047dea961bb,keyword:M4,0,7,0,1,,,CANDIDATE_ONLY,P5-T02 atlas/UV comparison
543,P5T01-C01718,data/rf017/ModelTextures/WEAPONS/QV-M4A1-beast.DTX,texture,70,94ea33d2eea8f6aa3727774fb85f862689d3fd51df0b8a9e1b8ad4ccf95cc592,keyword:M4,0,7,0,1,,,CANDIDATE_ONLY,P5-T02 atlas/UV comparison
544,P5T01-C01731,data/rf017/ModelTextures/WEAPONS/QV-M4A1_S_Beast.DTX,texture,70,4d9019c357903c1184dec361a782c2be28846b0c377b12b86ee7edb821c606e8,keyword:M4,0,7,0,1,,,CANDIDATE_ONLY,P5-T02 atlas/UV comparison
545,P5T01-C01733,data/rf017/ModelTextures/WEAPONS/QV-M4A1_S_BornBeast.DTX,texture,70,ea99c7101708b6dc04e3ab97f232f683f8b996a68e2e5b5fc1167c6cd08c0f7a,keyword:M4,0,7,0,1,,,CANDIDATE_ONLY,P5-T02 atlas/UV comparison
546,P5T01-C01734,data/rf017/ModelTextures/WEAPONS/QV-M4A1_S_IronBeast-NobleGold.DTX,texture,70,3202b00de57e6a9c3a34324c7e3ba9e4a76918e31bf2ddff8ad5c6d44e86e92d,keyword:M4,0,7,0,1,,,CANDIDATE_ONLY,P5-T02 atlas/UV comparison
547,P5T01-C01748,data/rf017/ModelTextures/WEAPONS/QV-M4A1_Silencer_PrismBeast01.DTX,texture,70,a51628e12cba3620e07da2dfe77d211092dd103aaf9887f1dde8339c7851377a,keyword:M4,0,7,0,1,,,CANDIDATE_ONLY,P5-T02 atlas/UV comparison
548,P5T01-C01749,data/rf017/ModelTextures/WEAPONS/QV-M4A1_Silencer_PrismBeast02.DTX,texture,70,3095d63647ccf08fe0bda5bde5e722466df6b66153c36e483640e4940d532d1f,keyword:M4,0,7,0,1,,,CANDIDATE_ONLY,P5-T02 atlas/UV comparison
549,P5T01-C01798,data/rf018/SND/WEAPON/M4A1-S-Beast/M4A1-S-Beast_ClipIn.WAV,sound,70,d9933bd2208c6dc1c5259e645d4814dacaba00b5603ab6508343f6b24fbba550,keyword:M4,0,7,0,1,,,CANDIDATE_ONLY,P5-T03 same-variant association
550,P5T01-C01799,data/rf018/SND/WEAPON/M4A1-S-Beast/M4A1-S-Beast_ClipOut.WAV,sound,70,e9d9488589cc0d0f3979d7892c310e48e6665109a829708d9014a695277a8a5f,keyword:M4,0,7,0,1,,,CANDIDATE_ONLY,P5-T03 same-variant association
551,P5T01-C01800,data/rf018/SND/WEAPON/M4A1-S-Beast/M4A1-S-Beast_GasEjection.WAV,sound,70,347cc30344b236d3c21f81e3b752ed80a439aba357b6bc6f39e30297cb3e1660,keyword:M4,0,7,0,1,,,CANDIDATE_ONLY,P5-T03 same-variant association
552,P5T01-C01801,data/rf018/SND/WEAPON/M4A1-S-Beast/M4A1-S-Beast_Hit_BrokenGlass.WAV,sound,70,56f9f1ba5f5abb897eb0307b3c1de71d065b435811c9a70493c7db6c396a8dea,keyword:M4,0,7,0,1,,,CANDIDATE_ONLY,P5-T03 same-variant association
553,P5T01-C01802,data/rf018/SND/WEAPON/M4A1-S-Beast/M4A1-S-Beast_Hit_Carpet.WAV,sound,70,f300d8dd27b026a01f96abd20999fbf8e34dc7eb946d329d604e3efc896b9d13,keyword:M4,0,7,0,1,,,CANDIDATE_ONLY,P5-T03 same-variant association
554,P5T01-C01803,data/rf018/SND/WEAPON/M4A1-S-Beast/M4A1-S-Beast_Hit_body.WAV,sound,70,bfbdb9203ad5bd9826ba762c1ab1ba35652275588a9dc28bbbc20e423cc7cf14,keyword:M4,0,7,0,1,,,CANDIDATE_ONLY,P5-T03 same-variant association
555,P5T01-C01804,data/rf018/SND/WEAPON/M4A1-S-Beast/M4A1-S-Beast_Hit_metal.WAV,sound,70,54a3a604129d43deb4dddff137085713f1322e61c6d07406986adb77e930d669,keyword:M4,0,7,0,1,,,CANDIDATE_ONLY,P5-T03 same-variant association
556,P5T01-C01805,data/rf018/SND/WEAPON/M4A1-S-Beast/M4A1-S-Beast_Hit_snow.WAV,sound,70,af8c5c96961e4befb53c3418b66da11798a162719d4cfa0bced7883031deb57d,keyword:M4,0,7,0,1,,,CANDIDATE_ONLY,P5-T03 same-variant association
557,P5T01-C01806,data/rf018/SND/WEAPON/M4A1-S-Beast/M4A1-S-Beast_Hit_stone.WAV,sound,70,6b5ec1c5b98974322c20e9b4ad1e7000894402dacff50d99d504cc0b5ceb3438,keyword:M4,0,7,0,1,,,CANDIDATE_ONLY,P5-T03 same-variant association
558,P5T01-C01807,data/rf018/SND/WEAPON/M4A1-S-Beast/M4A1-S-Beast_Hit_wood.WAV,sound,70,83e705bcc9ab2301011ed70b6424a738411c8d1928c06df130bacff732432ab8,keyword:M4,0,7,0,1,,,CANDIDATE_ONLY,P5-T03 same-variant association
559,P5T01-C01808,data/rf018/SND/WEAPON/M4A1-S-Beast/M4A1-S-Beast_Reload.WAV,sound,70,3c7a57e2d2d36d78342d96e09f6332d04e49b27e6911549a0592fcb218461b08,keyword:M4,0,7,0,1,,,CANDIDATE_ONLY,P5-T03 same-variant association
560,P5T01-C01809,data/rf018/SND/WEAPON/M4A1-S-Beast/M4A1-S-Beast_SHOOT_1.WAV,sound,70,a3c547f0c1f17b762fb97e0458080f601d3ef5791ce7eee5dd6ecc2b9ada48fd,keyword:M4,0,7,0,1,,,CANDIDATE_ONLY,P5-T03 same-variant association
561,P5T01-C01810,data/rf018/SND/WEAPON/M4A1-S-Beast/M4A1-S-Beast_SHOOT_2.WAV,sound,70,a3c547f0c1f17b762fb97e0458080f601d3ef5791ce7eee5dd6ecc2b9ada48fd,keyword:M4,0,7,0,1,,,CANDIDATE_ONLY,P5-T03 same-variant association
562,P5T01-C01811,data/rf018/SND/WEAPON/M4A1-S-Beast/M4A1-S-Beast_knifeAttack.WAV,sound,70,11ee968e22ebab8fbb2f550ff233ebef2f458cc37372b2c6c5d0ac4e586d569b,keyword:M4,0,7,0,1,,,CANDIDATE_ONLY,P5-T03 same-variant association
563,P5T01-C01812,data/rf018/SND/WEAPON/M4A1-S-BornBeast/M4A1-S-BornBeast_GasEjection.WAV,sound,70,62871d3eeb3b0c955aac9a8e8f6d4ad4dc293649e111ef0bb39d51091d3946e7,keyword:M4,0,7,0,1,,,CANDIDATE_ONLY,P5-T03 same-variant association
564,P5T01-C01828,data/rf018/SND/WEAPON/M4A1_Silencer_PrismBeast/M4A1_Silencer_PrismBeast_Hit_BrokenGlass_1.WAV,sound,70,56f9f1ba5f5abb897eb0307b3c1de71d065b435811c9a70493c7db6c396a8dea,keyword:M4,0,7,0,1,,,CANDIDATE_ONLY,P5-T03 same-variant association
565,P5T01-C01829,data/rf018/SND/WEAPON/M4A1_Silencer_PrismBeast/M4A1_Silencer_PrismBeast_Hit_BrokenGlass_2.WAV,sound,70,05deca86a2b6cc27999c3406d7897dff523c42fe346895221351466f0470264b,keyword:M4,0,7,0,1,,,CANDIDATE_ONLY,P5-T03 same-variant association
566,P5T01-C01830,data/rf018/SND/WEAPON/M4A1_Silencer_PrismBeast/M4A1_Silencer_PrismBeast_Hit_BrokenGlass_3.WAV,sound,70,d281e286f9b0a04bf8d80a4733e2562b75a547367e98d58827c0c8126e4eb807,keyword:M4,0,7,0,1,,,CANDIDATE_ONLY,P5-T03 same-variant association
567,P5T01-C01831,data/rf018/SND/WEAPON/M4A1_Silencer_PrismBeast/M4A1_Silencer_PrismBeast_Hit_Carpet_1.WAV,sound,70,f300d8dd27b026a01f96abd20999fbf8e34dc7eb946d329d604e3efc896b9d13,keyword:M4,0,7,0,1,,,CANDIDATE_ONLY,P5-T03 same-variant association
568,P5T01-C01832,data/rf018/SND/WEAPON/M4A1_Silencer_PrismBeast/M4A1_Silencer_PrismBeast_Hit_Carpet_2.WAV,sound,70,428ac6b4ea2f529bb33f102608102c924f2b19a3439555c96969a7d676d2a2a7,keyword:M4,0,7,0,1,,,CANDIDATE_ONLY,P5-T03 same-variant association
569,P5T01-C01833,data/rf018/SND/WEAPON/M4A1_Silencer_PrismBeast/M4A1_Silencer_PrismBeast_Hit_Carpet_3.WAV,sound,70,ebe1ef6e06ce14b0d5c87bb979a4e7d3cc8b8337ff00a6d914d1ccb2cc9b67c1,keyword:M4,0,7,0,1,,,CANDIDATE_ONLY,P5-T03 same-variant association
570,P5T01-C01834,data/rf018/SND/WEAPON/M4A1_Silencer_PrismBeast/M4A1_Silencer_PrismBeast_Hit_Metal_1.WAV,sound,70,54a3a604129d43deb4dddff137085713f1322e61c6d07406986adb77e930d669,keyword:M4,0,7,0,1,,,CANDIDATE_ONLY,P5-T03 same-variant association
571,P5T01-C01835,data/rf018/SND/WEAPON/M4A1_Silencer_PrismBeast/M4A1_Silencer_PrismBeast_Hit_Metal_2.WAV,sound,70,eeecee8b60873fe198b275a8b8727a9c228357299a1015c12adebc7913a819b3,keyword:M4,0,7,0,1,,,CANDIDATE_ONLY,P5-T03 same-variant association
572,P5T01-C01836,data/rf018/SND/WEAPON/M4A1_Silencer_PrismBeast/M4A1_Silencer_PrismBeast_Hit_Metal_3.WAV,sound,70,da640aa01a1e3409148825ffb1906002613795ba0f49647cc5605ef974a8963c,keyword:M4,0,7,0,1,,,CANDIDATE_ONLY,P5-T03 same-variant association
573,P5T01-C01837,data/rf018/SND/WEAPON/M4A1_Silencer_PrismBeast/M4A1_Silencer_PrismBeast_Hit_Snow_1.WAV,sound,70,af8c5c96961e4befb53c3418b66da11798a162719d4cfa0bced7883031deb57d,keyword:M4,0,7,0,1,,,CANDIDATE_ONLY,P5-T03 same-variant association
574,P5T01-C01838,data/rf018/SND/WEAPON/M4A1_Silencer_PrismBeast/M4A1_Silencer_PrismBeast_Hit_Snow_2.WAV,sound,70,9378baa71e4ddd701ddce676de8f2304eb1d1eadfacf08d0324cb9dc2d043e03,keyword:M4,0,7,0,1,,,CANDIDATE_ONLY,P5-T03 same-variant association
575,P5T01-C01839,data/rf018/SND/WEAPON/M4A1_Silencer_PrismBeast/M4A1_Silencer_PrismBeast_Hit_Snow_3.WAV,sound,70,778abcdc24f4b874d6ff1c642e8c9c41c529d211e3b86c3cc1beb83e6a1589a5,keyword:M4,0,7,0,1,,,CANDIDATE_ONLY,P5-T03 same-variant association
576,P5T01-C01840,data/rf018/SND/WEAPON/M4A1_Silencer_PrismBeast/M4A1_Silencer_PrismBeast_Hit_Stone_1.WAV,sound,70,6b5ec1c5b98974322c20e9b4ad1e7000894402dacff50d99d504cc0b5ceb3438,keyword:M4,0,7,0,1,,,CANDIDATE_ONLY,P5-T03 same-variant association
577,P5T01-C01841,data/rf018/SND/WEAPON/M4A1_Silencer_PrismBeast/M4A1_Silencer_PrismBeast_Hit_Stone_2.WAV,sound,70,935457989eb5c5584aeb87b2d3efcb4087f933c031065324c2f44f20e408a711,keyword:M4,0,7,0,1,,,CANDIDATE_ONLY,P5-T03 same-variant association
578,P5T01-C01842,data/rf018/SND/WEAPON/M4A1_Silencer_PrismBeast/M4A1_Silencer_PrismBeast_Hit_Stone_3.WAV,sound,70,b04c0f7fcc67df8ecc3716bbde9fef3401b65130bdf5442951336f220a80cde7,keyword:M4,0,7,0,1,,,CANDIDATE_ONLY,P5-T03 same-variant association
579,P5T01-C01843,data/rf018/SND/WEAPON/M4A1_Silencer_PrismBeast/M4A1_Silencer_PrismBeast_Hit_Wood_1.WAV,sound,70,83e705bcc9ab2301011ed70b6424a738411c8d1928c06df130bacff732432ab8,keyword:M4,0,7,0,1,,,CANDIDATE_ONLY,P5-T03 same-variant association
580,P5T01-C01844,data/rf018/SND/WEAPON/M4A1_Silencer_PrismBeast/M4A1_Silencer_PrismBeast_Hit_Wood_2.WAV,sound,70,f654b27f705015da4f57930f0b39e8b370228d7f152aa94b4f6cad9a07a59a3a,keyword:M4,0,7,0,1,,,CANDIDATE_ONLY,P5-T03 same-variant association
581,P5T01-C01845,data/rf018/SND/WEAPON/M4A1_Silencer_PrismBeast/M4A1_Silencer_PrismBeast_Hit_Wood_3.WAV,sound,70,947ef0cec48e8c6a8fa894eb5451a70df992218daa3909de66252c4cf4a5022e,keyword:M4,0,7,0,1,,,CANDIDATE_ONLY,P5-T03 same-variant association
582,P5T01-C01846,data/rf018/SND/WEAPON/M4A1_Silencer_PrismBeast/M4A1_Silencer_PrismBeast_KnifeAttack_1.WAV,sound,70,11ee968e22ebab8fbb2f550ff233ebef2f458cc37372b2c6c5d0ac4e586d569b,keyword:M4,0,7,0,1,,,CANDIDATE_ONLY,P5-T03 same-variant association
583,P5T01-C01847,data/rf018/SND/WEAPON/M4A1_Silencer_PrismBeast/M4A1_Silencer_PrismBeast_KnifeAttack_2.WAV,sound,70,d7cc9b694e8c1beddb3332ba9dbe130be797ba8417a8881cedf8635262ac65d2,keyword:M4,0,7,0,1,,,CANDIDATE_ONLY,P5-T03 same-variant association
584,P5T01-C01848,data/rf018/SND/WEAPON/M4A1_Silencer_PrismBeast/M4A1_Silencer_PrismBeast_KnifeAttack_3.WAV,sound,70,1832c8b80344d57aac0735582727533242114f92834033ea47dc77bd5c5d28d0,keyword:M4,0,7,0,1,,,CANDIDATE_ONLY,P5-T03 same-variant association
585,P5T01-C01849,data/rf018/SND/WEAPON/M4A1_Silencer_PrismBeast/M4A1_Silencer_PrismBeast_Observe.WAV,sound,70,dcd80bc9bb82b749e1b21775b3567068db8b0438c7f38b9348b78b08e1db4d02,keyword:M4,0,7,0,1,,,CANDIDATE_ONLY,P5-T03 same-variant association
586,P5T01-C01936,data/rf019/TEX/UI/AMMOICON/M4A1-S-Beast_BG.DTX,texture,70,cd6aa0752e4afe3efd494be6ee4edf74433a26b7c0f2fb97b5321cd97d8b436c,keyword:M4,0,7,0,1,,,CANDIDATE_ONLY,P5-T02 atlas/UV comparison
587,P5T01-C01937,data/rf019/TEX/UI/AMMOICON/M4A1-S-Beast_EFFECT.DTX,texture,70,fef2ccec94ba5eddd6dd341ae98a36d663eb041f5b0d260b260aaa5e19a2548d,keyword:M4,0,7,0,1,,,CANDIDATE_ONLY,P5-T02 atlas/UV comparison
588,P5T01-C01938,data/rf019/TEX/UI/AMMOICON/M4A1-S-Beast_LINE.DTX,texture,70,8698f11cef47223b1bb07a2d5328f21f3ebb761de9a8d301a064a29fe21b9376,keyword:M4,0,7,0,1,,,CANDIDATE_ONLY,P5-T02 atlas/UV comparison
589,P5T01-C01942,data/rf019/TEX/UI/AMMOICON/M4A1-S-Iron Beast_BG.DTX,texture,70,894215ac2abe165e246eee4f2e00c39db585006ede95b7360f92a8139eb0dd83,keyword:M4,0,7,0,1,,,CANDIDATE_ONLY,P5-T02 atlas/UV comparison
590,P5T01-C01943,data/rf019/TEX/UI/AMMOICON/M4A1-S-Iron Beast_EFFECT.DTX,texture,70,12489adda4bc1ffe1049e390a847a4b6cec5ccf8927ef59e7a6acf1aa242c6b4,keyword:M4,0,7,0,1,,,CANDIDATE_ONLY,P5-T02 atlas/UV comparison
591,P5T01-C01944,data/rf019/TEX/UI/AMMOICON/M4A1-S-Iron Beast_LINE.DTX,texture,70,b306469d1d64fee8cb98edba80158828d32c737e1befeda4e750bc703d9951c9,keyword:M4,0,7,0,1,,,CANDIDATE_ONLY,P5-T02 atlas/UV comparison
592,P5T01-C02029,data/rf019/TEX/UI/AMMOICON/M4A1_S_BornBeast_BG.DTX,texture,70,9b34152100dd9a42a6907265a3c6762c99c007558d0127b075f071fa24e997e5,keyword:M4,0,7,0,1,,,CANDIDATE_ONLY,P5-T02 atlas/UV comparison
593,P5T01-C02030,data/rf019/TEX/UI/AMMOICON/M4A1_S_BornBeast_EFFECT.DTX,texture,70,7b3292f3f32f9e661380a0139f7dc48953f5c34c58dc342215d9cf10ee67cbd7,keyword:M4,0,7,0,1,,,CANDIDATE_ONLY,P5-T02 atlas/UV comparison
594,P5T01-C02031,data/rf019/TEX/UI/AMMOICON/M4A1_S_BornBeast_LINE.DTX,texture,70,d4dd7da0be5aca9ccfc224a60357d786e0d8800ee279bc760671b60839408fa6,keyword:M4,0,7,0,1,,,CANDIDATE_ONLY,P5-T02 atlas/UV comparison
595,P5T01-C02032,data/rf019/TEX/UI/AMMOICON/M4A1_S_IronBeast-NobleGold_BG.DTX,texture,70,f2e4292c4ce1fd36268b6ef88c5935708ae285172da8f3b537b5412ecf717957,keyword:M4,0,7,0,1,,,CANDIDATE_ONLY,P5-T02 atlas/UV comparison
596,P5T01-C02033,data/rf019/TEX/UI/AMMOICON/M4A1_S_IronBeast-NobleGold_EFFECT.DTX,texture,70,c1cc14b28769d14daf94a47c24f318add96125f6fb692b50dcb6b5677da6d4eb,keyword:M4,0,7,0,1,,,CANDIDATE_ONLY,P5-T02 atlas/UV comparison
597,P5T01-C02034,data/rf019/TEX/UI/AMMOICON/M4A1_S_IronBeast-NobleGold_LINE.DTX,texture,70,9aeaee87752dfe15b7bb0cfaa47158b222bd3be2f2dfad121c49c121f6b6d69f,keyword:M4,0,7,0,1,,,CANDIDATE_ONLY,P5-T02 atlas/UV comparison
598,P5T01-C02065,data/rf019/TEX/UI/AMMOICON/M4A1_Silencer_PrismBeast_BG.DTX,texture,70,55859045cbbe3a3079a4abc6436023a5f849f2232863c3889eb1882f26376f65,keyword:M4,0,7,0,1,,,CANDIDATE_ONLY,P5-T02 atlas/UV comparison
599,P5T01-C02066,data/rf019/TEX/UI/AMMOICON/M4A1_Silencer_PrismBeast_EFFECT.DTX,texture,70,48515f1ac0bf1986beea173459c71eaf723575fc62b0310efaece3c17c93cf6e,keyword:M4,0,7,0,1,,,CANDIDATE_ONLY,P5-T02 atlas/UV comparison
600,P5T01-C02067,data/rf019/TEX/UI/AMMOICON/M4A1_Silencer_PrismBeast_LINE.DTX,texture,70,0a42d3dd0acae1d5b216aec6cc7096a7536bd7a525396f9b362bc6244ceca1c4,keyword:M4,0,7,0,1,,,CANDIDATE_ONLY,P5-T02 atlas/UV comparison
601,P5T01-C02112,data/rf019/TEX/UI/KILLMSG/SHOT_WEAPON_M4A1-S-Beast.DTX,texture,70,062b831d874606b19f64ca177c92fea23ce4c937289f4aa8836adfe0418397ed,keyword:M4,0,7,0,1,,,CANDIDATE_ONLY,P5-T02 atlas/UV comparison
602,P5T01-C02113,data/rf019/TEX/UI/KILLMSG/SHOT_WEAPON_M4A1-S-Beast_knife.DTX,texture,70,18145b08ba3c8d7b469b1250d27921554f8a020289ee7b4455f8000166e63b08,keyword:M4,0,7,0,1,,,CANDIDATE_ONLY,P5-T02 atlas/UV comparison
603,P5T01-C02115,data/rf019/TEX/UI/KILLMSG/SHOT_WEAPON_M4A1-S-Iron Beast.DTX,texture,70,ff988242a1ddd782305e67d96f3789ea21f6a71069d0b33af0dfe214954e57e1,keyword:M4,0,7,0,1,,,CANDIDATE_ONLY,P5-T02 atlas/UV comparison
604,P5T01-C02116,data/rf019/TEX/UI/KILLMSG/SHOT_WEAPON_M4A1-S-Iron Beast_knife.DTX,texture,70,22fa6409d35e872c3cf80650158c2d95cb2cb6615060db66b568d5575cefca49,keyword:M4,0,7,0,1,,,CANDIDATE_ONLY,P5-T02 atlas/UV comparison
605,P5T01-C02145,data/rf019/TEX/UI/KILLMSG/SHOT_WEAPON_M4A1_S_BornBeast.DTX,texture,70,738873939a253cd73a47c279c01b6171fc368a0b9698e95b28ff77d2326f0646,keyword:M4,0,7,0,1,,,CANDIDATE_ONLY,P5-T02 atlas/UV comparison
606,P5T01-C02146,data/rf019/TEX/UI/KILLMSG/SHOT_WEAPON_M4A1_S_BornBeast_Knife.DTX,texture,70,858233c39b98cc08544345e185167102f87f880dc15f4bd5288e86a88e0afe7b,keyword:M4,0,7,0,1,,,CANDIDATE_ONLY,P5-T02 atlas/UV comparison
607,P5T01-C02147,data/rf019/TEX/UI/KILLMSG/SHOT_WEAPON_M4A1_S_IronBeast-NobleGold.DTX,texture,70,00eeee77ba4bb28637518f0d3bbf0a066d772f881f6f38c5a0fb5353d85889f5,keyword:M4,0,7,0,1,,,CANDIDATE_ONLY,P5-T02 atlas/UV comparison
608,P5T01-C02148,data/rf019/TEX/UI/KILLMSG/SHOT_WEAPON_M4A1_S_IronBeast-NobleGold_KNIFE.DTX,texture,70,116ead13b05e8a35e5c83bf6ee0ed00784fa64f78f43286df6e879fc5091d59c,keyword:M4,0,7,0,1,,,CANDIDATE_ONLY,P5-T02 atlas/UV comparison
609,P5T01-C02161,data/rf019/TEX/UI/KILLMSG/SHOT_WEAPON_M4A1_Silencer_PrismBeast.DTX,texture,70,e2fd95a0efb02b4e673c4069e2e3477fb0a9c020abfb361d72b518238049c4b1,keyword:M4,0,7,0,1,,,CANDIDATE_ONLY,P5-T02 atlas/UV comparison
610,P5T01-C02162,data/rf019/TEX/UI/KILLMSG/SHOT_WEAPON_M4A1_Silencer_PrismBeast_KNIFE.DTX,texture,70,94e1fd2e587e8b958b84280e5aa6b163fa9469f1c17bf68b3296f1f1422c4a4f,keyword:M4,0,7,0,1,,,CANDIDATE_ONLY,P5-T02 atlas/UV comparison
611,P5T01-C02190,data/rf019/TEX/UI/WEAPONICON/BUYWEAPON_INFO_M4A1-S-Beast.DTX,texture,70,e78ea9591d5890c743e97fe0ff7b09adaead1ff95f3740d35631d6e4a54cf571,keyword:M4,0,7,0,1,,,CANDIDATE_ONLY,P5-T02 atlas/UV comparison
612,P5T01-C02192,data/rf019/TEX/UI/WEAPONICON/BUYWEAPON_INFO_M4A1-S-BornBeast.DTX,texture,70,32bfaa48e035a8623defe1f030443111824b906f28668802e56d0f6b3e9b2e1a,keyword:M4,0,7,0,1,,,CANDIDATE_ONLY,P5-T02 atlas/UV comparison
613,P5T01-C02193,data/rf019/TEX/UI/WEAPONICON/BUYWEAPON_INFO_M4A1-S-Iron Beast.DTX,texture,70,380439a5d04867870c659e36d510064b86208700882c312951745519e521fb89,keyword:M4,0,7,0,1,,,CANDIDATE_ONLY,P5-T02 atlas/UV comparison
614,P5T01-C02222,data/rf019/TEX/UI/WEAPONICON/BUYWEAPON_INFO_M4A1_S_BornBeast.DTX,texture,70,01afe70c9aa8b839dcdd790f67514462397e677a8763e3c0684579884c8c7f94,keyword:M4,0,7,0,1,,,CANDIDATE_ONLY,P5-T02 atlas/UV comparison
615,P5T01-C02223,data/rf019/TEX/UI/WEAPONICON/BUYWEAPON_INFO_M4A1_S_IronBeast-NobleGold.DTX,texture,70,b553edfe35f8c76af888032364d428788d0774cd8ba50d18ebb04b90ce2c631d,keyword:M4,0,7,0,1,,,CANDIDATE_ONLY,P5-T02 atlas/UV comparison
616,P5T01-C02234,data/rf019/TEX/UI/WEAPONICON/BUYWEAPON_INFO_M4A1_Silencer_PrismBeast.DTX,texture,70,46c84aa786a6c8cf40fa3daf4602685a69257748fd100ca959c62661cff4eea8,keyword:M4,0,7,0,1,,,CANDIDATE_ONLY,P5-T02 atlas/UV comparison
617,P5T01-C02255,data/rf019/TEX/UI/WEAPONICON/WEAPON_SELECT_M4A1-S-Beast_KNIFE.DTX,texture,70,cf604249acb66352cfc04dc89c932dc6762c4c01c64d3576d1f140899756780f,keyword:M4,0,7,0,1,,,CANDIDATE_ONLY,P5-T02 atlas/UV comparison
618,P5T01-C02256,data/rf019/TEX/UI/WEAPONICON/WEAPON_SELECT_M4A1-S-Iron Beast_KNIFE.DTX,texture,70,237ef0d5643b24c3c5695412910fb5350a4675f3a38133a31a07ade8d1e13c97,keyword:M4,0,7,0,1,,,CANDIDATE_ONLY,P5-T02 atlas/UV comparison
619,P5T01-C02273,data/rf019/TEX/UI/WEAPONICON/WEAPON_SELECT_M4A1_S_BornBeast_KNIFE.DTX,texture,70,b19cab8b793a63b5c63c06d3587f980db1d43d2760ad6d21e6a7b16634bd3d3a,keyword:M4,0,7,0,1,,,CANDIDATE_ONLY,P5-T02 atlas/UV comparison
620,P5T01-C02274,data/rf019/TEX/UI/WEAPONICON/WEAPON_SELECT_M4A1_S_IronBeast-NobleGold.DTX,texture,70,7862d177671fb307b6c595800bd061f5a7a4eb9a5ee092e097b51d42f316162c,keyword:M4,0,7,0,1,,,CANDIDATE_ONLY,P5-T02 atlas/UV comparison
621,P5T01-C02275,data/rf019/TEX/UI/WEAPONICON/WEAPON_SELECT_M4A1_S_IronBeast-NobleGold_KNIFE.DTX,texture,70,2d6cc19d24bdbe55a0ca751d9cd9a0dac12a9c4879d8a5e7cc2d15f06e05302c,keyword:M4,0,7,0,1,,,CANDIDATE_ONLY,P5-T02 atlas/UV comparison
622,P5T01-C02284,data/rf019/TEX/UI/WEAPONICON/WEAPON_SELECT_M4A1_Silencer_PrismBeast.DTX,texture,70,91b576ab9c370c225b8d50a13eefabb52e08e6c088e11b162824a6742a692e33,keyword:M4,0,7,0,1,,,CANDIDATE_ONLY,P5-T02 atlas/UV comparison
623,P5T01-C02285,data/rf019/TEX/UI/WEAPONICON/WEAPON_SELECT_M4A1_Silencer_PrismBeast_KNIFE.DTX,texture,70,76c071a8d840c6db70c21a7a587e383fcccebf75b0044c598d4be0efbd08683a,keyword:M4,0,7,0,1,,,CANDIDATE_ONLY,P5-T02 atlas/UV comparison
624,P5T01-C02294,data/rf019/TEX/UI/WEAPON_SELECT_M4A1_Silencer_PrismBeast.DTX,texture,70,94717299496ca4fae809331a0eb5f9f62f78c615c815aa764722254e84fea939,keyword:M4,0,7,0,1,,,CANDIDATE_ONLY,P5-T02 atlas/UV comparison
625,P5T01-C02468,data/rf192/UI/UI_Shop2/NobleGoldName/M4A1_Beast_NobleGold/Name.BIN,config,70,fee89352fb13d639bb80c9144fc33db538a609ea74d1a5b84205ee9c747a087b,keyword:M4,0,7,0,1,,,CANDIDATE_ONLY,P5-T03 resource graph closure
626,P5T01-C02469,data/rf192/UI/UI_Shop2/NobleGoldName/M4A1_Beast_NobleGold/NewName.BIN,config,70,94abafa38ea4acbf843ea8fb7b176ec5fc59e2c45c5bd1d9162b850689968343,keyword:M4,0,7,0,1,,,CANDIDATE_ONLY,P5-T03 resource graph closure
627,P5T01-C02470,data/rf192/UI/UI_Shop2/NobleGoldName/M4A1_BornBeast_NG_Wind/Name.BIN,config,70,5d626f78b61b911b063a78478ba630920ae26931539ba1534a9228f4af8230c2,keyword:M4,0,7,0,1,,,CANDIDATE_ONLY,P5-T03 resource graph closure
628,P5T01-C02471,data/rf192/UI/UI_Shop2/NobleGoldName/M4A1_BornBeast_NG_Wind/NewName.BIN,config,70,f27ef8c6238625ccb006b3d529e29ba7188209caf8944e52b8d003a19a3d0f33,keyword:M4,0,7,0,1,,,CANDIDATE_ONLY,P5-T03 resource graph closure
629,P5T01-C02472,data/rf192/UI/UI_Shop2/NobleGoldName/M4A1_BornBeast_NobleGold/Name.BIN,config,70,28f005a451cf93f8d259277912b7a282be1c6d7729ed77033ece3068e4c66714,keyword:M4,0,7,0,1,,,CANDIDATE_ONLY,P5-T03 resource graph closure
630,P5T01-C02473,data/rf192/UI/UI_Shop2/NobleGoldName/M4A1_BornBeast_NobleGold/NewName.BIN,config,70,5cca634dbc0d716cb4da80a61c3d1f0694cc1eebeb9dd7930ae28bd466a0d40c,keyword:M4,0,7,0,1,,,CANDIDATE_ONLY,P5-T03 resource graph closure
631,P5T01-C02474,data/rf192/UI/UI_Shop2/NobleGoldName/M4A1_S_BornBeast2_ng/Name.BIN,config,70,bdbd1833193ff6517047c0f14b11e69d22b0b4f52070a907844d1a2a60416782,keyword:M4,0,7,0,1,,,CANDIDATE_ONLY,P5-T03 resource graph closure
632,P5T01-C02475,data/rf192/UI/UI_Shop2/NobleGoldName/M4A1_S_BornBeast2_ng/NewName.BIN,config,70,ef97cd9d66375998511e9b806a21a45cb4ee1f74299a6f6007c20622c8dad266,keyword:M4,0,7,0,1,,,CANDIDATE_ONLY,P5-T03 resource graph closure
633,P5T01-C02478,data/rf192/UI/UI_Shop2/NobleGoldName/M4A1_S_IronBeast-NobleGold/Name.BIN,config,70,6279bc45819994a57a03c365671d771bcdbdfc686851b5aa962dfb75e24951f2,keyword:M4,0,7,0,1,,,CANDIDATE_ONLY,P5-T03 resource graph closure
634,P5T01-C02479,data/rf192/UI/UI_Shop2/NobleGoldName/M4A1_S_IronBeast-NobleGold/NewName.BIN,config,70,51ca353a961649558af9ebb61ee5fad9fd362161d3b56f4944b7742db6e5025a,keyword:M4,0,7,0,1,,,CANDIDATE_ONLY,P5-T03 resource graph closure
635,P5T01-C02480,data/rf192/UI/UI_Shop2/NobleGoldName/M4A1_S_IronBeast2_NobleGold/Name.BIN,config,70,76875434a67176d1b299990e69eb68b65e13dca6be034a766709845da9ede07b,keyword:M4,0,7,0,1,,,CANDIDATE_ONLY,P5-T03 resource graph closure
636,P5T01-C02481,data/rf192/UI/UI_Shop2/NobleGoldName/M4A1_S_IronBeast2_NobleGold/NewName.BIN,config,70,52cbf02239f90ad244f8044ede37cc01ca21df8eeec45dadfab1053c696d22f2,keyword:M4,0,7,0,1,,,CANDIDATE_ONLY,P5-T03 resource graph closure
637,P5T01-C02482,data/rf192/UI/UI_Shop2/NobleGoldName/M4A1_S_IronBeast_NobleGold_Fire/Name.BIN,config,70,3d5804c3081d52fc1f52fd7903f43ef44ba59c4188a2790464d010054471a324,keyword:M4,0,7,0,1,,,CANDIDATE_ONLY,P5-T03 resource graph closure
638,P5T01-C02483,data/rf192/UI/UI_Shop2/NobleGoldName/M4A1_S_IronBeast_NobleGold_Fire/NewName.BIN,config,70,8a37502374a3c4d9763df51abc4a19320ccc2fd60874e5f860790facf637c8e1,keyword:M4,0,7,0,1,,,CANDIDATE_ONLY,P5-T03 resource graph closure
639,P5T01-C02484,data/rf192/UI/UI_Shop2/NobleGoldName/M4A1_S_IronBeast_NobleGold_Ice/Name.BIN,config,70,83f549465601889bbfbe0147a4c1c7c0f357b5e42317187d5e5eb60923505718,keyword:M4,0,7,0,1,,,CANDIDATE_ONLY,P5-T03 resource graph closure
640,P5T01-C02485,data/rf192/UI/UI_Shop2/NobleGoldName/M4A1_S_IronBeast_NobleGold_Ice/NewName.BIN,config,70,bb197d87b21f59fb075a1cb8434afcf6e50bcab533266bde9b1264646616177e,keyword:M4,0,7,0,1,,,CANDIDATE_ONLY,P5-T03 resource graph closure
641,P5T01-C02492,data/rf192/UI/UI_Shop2/NobleGoldName/M4A1_S_PrismBeast_NobleGold/Name.BIN,config,70,f4672cf9913fcee2d8a5c28a6b060cd52adb9052ee7b2ac8a3404e61de9dce70,keyword:M4,0,7,0,1,,,CANDIDATE_ONLY,P5-T03 resource graph closure
642,P5T01-C02493,data/rf192/UI/UI_Shop2/NobleGoldName/M4A1_S_PrismBeast_NobleGold/NewName.BIN,config,70,16d6dcb42dcb5be9843a411f1d65f97838a66d2579de7eb0b0c8a03145b94801,keyword:M4,0,7,0,1,,,CANDIDATE_ONLY,P5-T03 resource graph closure
643,P5T01-C02494,data/rf192/UI/UI_Shop2/NobleGoldName/M4A1_S_RedRifleBeast_NG/Name.BIN,config,70,346eb82f9056dc541a023b4529d604e7b8c3ed6081c86ca114f67fac95085372,keyword:M4,0,7,0,1,,,CANDIDATE_ONLY,P5-T03 resource graph closure
644,P5T01-C02495,data/rf192/UI/UI_Shop2/NobleGoldName/M4A1_S_RedRifleBeast_NG/NewName.BIN,config,70,6d3f911fa9a60e626f1bded2b4f889f84d7dc3677c03bda97b22276b8da4768d,keyword:M4,0,7,0,1,,,CANDIDATE_ONLY,P5-T03 resource graph closure
645,P5T01-C02496,data/rf192/UI/UI_Shop2/NobleGoldName/M4A1_S_beast_QingLong_NG/Name.BIN,config,70,245f04b757119b10fbccb004d998795791d7eebcb842d70f46aec0c0abf16ac3,keyword:M4,0,7,0,1,,,CANDIDATE_ONLY,P5-T03 resource graph closure
646,P5T01-C02497,data/rf192/UI/UI_Shop2/NobleGoldName/M4A1_S_beast_QingLong_NG/NewName.BIN,config,70,1725367bdd52f98b4da916284ad6b41537051f263efc38d879cd79525db047a2,keyword:M4,0,7,0,1,,,CANDIDATE_ONLY,P5-T03 resource graph closure
647,P5T01-C02498,data/rf192/UI/UI_Shop2/NobleGoldName/MOS_Elite_GR_M4A1_Beast_NG/Name.BIN,config,70,2a12f91857e9913b20d1fce51f9726ab1d6ec9dadce33a78d11bd99d9c492283,keyword:M4,0,7,0,1,,,CANDIDATE_ONLY,P5-T03 resource graph closure
648,P5T01-C02499,data/rf192/UI/UI_Shop2/NobleGoldName/MOS_Elite_GR_M4A1_Beast_NG/NewName.BIN,config,70,f928e7120e1202350610f34fe9fcf5b8aff5efb1174fec100594e2dc0559c353,keyword:M4,0,7,0,1,,,CANDIDATE_ONLY,P5-T03 resource graph closure
649,P5T01-C02517,data/rf192/UI/UI_Shop2/VVIP/SpriteImage/Effect/SGFX_jy_vvip_m4a1_s_devilbeast/SGFX_jy_vvip_m4a1_s_devilbeast_01.BIN,config,70,14a6b301fcf224612f38a84b477d13623454b07eee24bf4cb64b7d242c369da5,keyword:M4,0,7,0,1,,,CANDIDATE_ONLY,P5-T03 resource graph closure
650,P5T01-C02518,data/rf192/UI/UI_Shop2/VVIP/SpriteImage/Effect/SGFX_jy_vvip_m4a1_s_devilbeast/SGFX_jy_vvip_m4a1_s_devilbeast_02.BIN,config,70,1deb1433bcffd550315107fac19ce34e99faf988c50f420bd1549a94199131b9,keyword:M4,0,7,0,1,,,CANDIDATE_ONLY,P5-T03 resource graph closure
651,P5T01-C02519,data/rf192/UI/UI_Shop2/VVIP/SpriteImage/Effect/SGFX_jy_vvip_m4a1_s_devilbeast/SGFX_jy_vvip_m4a1_s_devilbeast_03.BIN,config,70,9b246136e97bafee2ddd3fdb9a2029e31a1687bb2ce87d56cdf5b96069aae90f,keyword:M4,0,7,0,1,,,CANDIDATE_ONLY,P5-T03 resource graph closure
652,P5T01-C02520,data/rf192/UI/UI_Shop2/VVIP/SpriteImage/Effect/SGFX_jy_vvip_m4a1_s_devilbeast/SGFX_jy_vvip_m4a1_s_devilbeast_04.BIN,config,70,53feb7f9674813f20b2b9353f3fc624c141ec168b7197350e23c4153a1dcfbd5,keyword:M4,0,7,0,1,,,CANDIDATE_ONLY,P5-T03 resource graph closure
653,P5T01-C02521,data/rf192/UI/UI_Shop2/VVIP/SpriteImage/Effect/SGFX_jy_vvip_m4a1_s_devilbeast/SGFX_jy_vvip_m4a1_s_devilbeast_05.BIN,config,70,da421c3f7cebe12c8df3c68b2de42564b0dcabc1e3e36e344dc5dddc53785bed,keyword:M4,0,7,0,1,,,CANDIDATE_ONLY,P5-T03 resource graph closure
654,P5T01-C02522,data/rf192/UI/UI_Shop2/VVIP/SpriteImage/Effect/SGFX_jy_vvip_m4a1_s_devilbeast/SGFX_jy_vvip_m4a1_s_devilbeast_06.BIN,config,70,c903d0abd8e0cc3c8bfbd337691e333eba9f884a38f733acef9a0481452c0850,keyword:M4,0,7,0,1,,,CANDIDATE_ONLY,P5-T03 resource graph closure
655,P5T01-C02523,data/rf192/UI/UI_Shop2/VVIP/SpriteImage/Effect/SGFX_jy_vvip_m4a1_s_devilbeast/SGFX_jy_vvip_m4a1_s_devilbeast_07.BIN,config,70,3252cd8e7e717fdf9ac6b73c2307a17e22bb60cc73df4275cc1b178b2fdc0591,keyword:M4,0,7,0,1,,,CANDIDATE_ONLY,P5-T03 resource graph closure
656,P5T01-C02524,data/rf192/UI/UI_Shop2/VVIP/SpriteImage/Effect/SGFX_jy_vvip_m4a1_s_devilbeast/SGFX_jy_vvip_m4a1_s_devilbeast_08.BIN,config,70,cf950a292572cfb9bb192a367cf5a8047eab4caa45e92f98c098c647c2fd6d95,keyword:M4,0,7,0,1,,,CANDIDATE_ONLY,P5-T03 resource graph closure
657,P5T01-C02525,data/rf192/UI/UI_Shop2/VVIP/SpriteImage/Effect/SGFX_jy_vvip_m4a1_s_devilbeast/SGFX_jy_vvip_m4a1_s_devilbeast_09.BIN,config,70,4c156f24020eba1db0136670001ddd461b515220745fa6154d667e0fc3798e70,keyword:M4,0,7,0,1,,,CANDIDATE_ONLY,P5-T03 resource graph closure
658,P5T01-C02526,data/rf192/UI/UI_Shop2/VVIP/SpriteImage/Effect/SGFX_jy_vvip_m4a1_s_devilbeast/SGFX_jy_vvip_m4a1_s_devilbeast_10.BIN,config,70,52860bcf1d1d11ffd9e63c83e435174e5c45ca714d1666507038cf7e93a67998,keyword:M4,0,7,0,1,,,CANDIDATE_ONLY,P5-T03 resource graph closure
659,P5T01-C02527,data/rf192/UI/UI_Shop2/VVIP/SpriteImage/Effect/SGFX_jy_vvip_m4a1_s_devilbeast/SGFX_jy_vvip_m4a1_s_devilbeast_11.BIN,config,70,19b67a8388ed5a2f0f47292dff1cc91b882eaa9ac96b686c6534fc50156c514e,keyword:M4,0,7,0,1,,,CANDIDATE_ONLY,P5-T03 resource graph closure
660,P5T01-C02528,data/rf192/UI/UI_Shop2/VVIP/SpriteImage/Effect/SGFX_jy_vvip_m4a1_s_devilbeast/SGFX_jy_vvip_m4a1_s_devilbeast_12.BIN,config,70,ea486654d5c2c87893548c605909b300484e4f81395011c8ae112530b61e28ae,keyword:M4,0,7,0,1,,,CANDIDATE_ONLY,P5-T03 resource graph closure
661,P5T01-C02529,data/rf192/UI/UI_Shop2/VVIP/SpriteImage/Effect/SGFX_jy_vvip_m4a1_s_devilbeast/SGFX_jy_vvip_m4a1_s_devilbeast_13.BIN,config,70,4de099b1bebe81ebe1271b840f3c5fde5e0a702cf7dca387774110b6547034dc,keyword:M4,0,7,0,1,,,CANDIDATE_ONLY,P5-T03 resource graph closure
662,P5T01-C02530,data/rf192/UI/UI_Shop2/VVIP/SpriteImage/Effect/SGFX_jy_vvip_m4a1_s_devilbeast/SGFX_jy_vvip_m4a1_s_devilbeast_14.BIN,config,70,2829ae5d7d8a67f441e3707ffd56e032a66d7e84dad606e7b2bb4483fe15e0e8,keyword:M4,0,7,0,1,,,CANDIDATE_ONLY,P5-T03 resource graph closure
663,P5T01-C02531,data/rf192/UI/UI_Shop2/VVIP/SpriteImage/Effect/SGFX_jy_vvip_m4a1_s_devilbeast/SGFX_jy_vvip_m4a1_s_devilbeast_15.BIN,config,70,d32987100aba3e51f92e4716de8d846d012d1fc4cff1bd1f29bb85169acc3b2b,keyword:M4,0,7,0,1,,,CANDIDATE_ONLY,P5-T03 resource graph closure
664,P5T01-C02547,data/rf192/UI/UI_Shop2/VVIP/SpriteImage/Effect/SGFX_se_m4a1_s_valorbeast/SGFX_se_m4a1_s_valorbeast_01.BIN,config,70,c29da5a99a48e29a08c38814926e0eae65b9618e286ec6a8ac6728be91f4cdfd,keyword:M4,0,7,0,1,,,CANDIDATE_ONLY,P5-T03 resource graph closure
665,P5T01-C02548,data/rf192/UI/UI_Shop2/VVIP/SpriteImage/Effect/SGFX_se_m4a1_s_valorbeast/SGFX_se_m4a1_s_valorbeast_02.BIN,config,70,345a80984405289953e2fe22799fdbc4e04fff159267fc322528702881899838,keyword:M4,0,7,0,1,,,CANDIDATE_ONLY,P5-T03 resource graph closure
666,P5T01-C02549,data/rf192/UI/UI_Shop2/VVIP/SpriteImage/Effect/SGFX_se_m4a1_s_valorbeast/SGFX_se_m4a1_s_valorbeast_03.BIN,config,70,95ad4f11d8507d477a403b3e10fc5a306d4333fa8b2a1749ae9c7e4806fcdd1f,keyword:M4,0,7,0,1,,,CANDIDATE_ONLY,P5-T03 resource graph closure
667,P5T01-C02550,data/rf192/UI/UI_Shop2/VVIP/SpriteImage/Effect/SGFX_se_m4a1_s_valorbeast/SGFX_se_m4a1_s_valorbeast_04.BIN,config,70,6f427c31a6b9e601d5bbce4c86d05c42a754098b3c02e9aa99488294d8606f35,keyword:M4,0,7,0,1,,,CANDIDATE_ONLY,P5-T03 resource graph closure
668,P5T01-C02551,data/rf192/UI/UI_Shop2/VVIP/SpriteImage/Effect/SGFX_se_m4a1_s_valorbeast/SGFX_se_m4a1_s_valorbeast_05.BIN,config,70,13f344dd8655642b21e1f454057955c5bf8f842908423d7fbcb6399864d62dac,keyword:M4,0,7,0,1,,,CANDIDATE_ONLY,P5-T03 resource graph closure
669,P5T01-C02552,data/rf192/UI/UI_Shop2/VVIP/SpriteImage/Effect/SGFX_se_m4a1_s_valorbeast/SGFX_se_m4a1_s_valorbeast_06.BIN,config,70,1116f11cc721f9a22ad95181032f05d79097386c0d83e480b656e80130cf24cf,keyword:M4,0,7,0,1,,,CANDIDATE_ONLY,P5-T03 resource graph closure
670,P5T01-C02553,data/rf192/UI/UI_Shop2/VVIP/SpriteImage/Effect/SGFX_se_m4a1_s_valorbeast/SGFX_se_m4a1_s_valorbeast_07.BIN,config,70,65a187a947d5b69272b4e0841d4601fd2725154529e52b390a83d46b826c96cb,keyword:M4,0,7,0,1,,,CANDIDATE_ONLY,P5-T03 resource graph closure
671,P5T01-C02554,data/rf192/UI/UI_Shop2/VVIP/SpriteImage/Effect/SGFX_se_m4a1_s_valorbeast/SGFX_se_m4a1_s_valorbeast_08.BIN,config,70,5d0eb1d8bdd9a4f69ae422be9c114e91a0e8e48fa435f372c34fc6b7f6d65ce7,keyword:M4,0,7,0,1,,,CANDIDATE_ONLY,P5-T03 resource graph closure
672,P5T01-C02555,data/rf192/UI/UI_Shop2/VVIP/SpriteImage/Effect/SGFX_se_m4a1_s_valorbeast/SGFX_se_m4a1_s_valorbeast_09.BIN,config,70,c9eb4c592f7e26297c8ee131eb2cd6013cf29536e0b098807a79b3ffc07cee87,keyword:M4,0,7,0,1,,,CANDIDATE_ONLY,P5-T03 resource graph closure
673,P5T01-C02556,data/rf192/UI/UI_Shop2/VVIP/SpriteImage/Effect/SGFX_se_m4a1_s_valorbeast/SGFX_se_m4a1_s_valorbeast_10.BIN,config,70,43908591a96249e59ea1927dcc2dec534b31ec6b97ca32474e9a2e9de752be62,keyword:M4,0,7,0,1,,,CANDIDATE_ONLY,P5-T03 resource graph closure
674,P5T01-C02557,data/rf192/UI/UI_Shop2/VVIP/SpriteImage/Effect/SGFX_se_m4a1_s_valorbeast/SGFX_se_m4a1_s_valorbeast_11.BIN,config,70,3b3781d7094c170fc4f11e25f747d34044b47c0a99de274c7a486fb4da163c9d,keyword:M4,0,7,0,1,,,CANDIDATE_ONLY,P5-T03 resource graph closure
675,P5T01-C02558,data/rf192/UI/UI_Shop2/VVIP/SpriteImage/Effect/SGFX_se_m4a1_s_valorbeast/SGFX_se_m4a1_s_valorbeast_12.BIN,config,70,e5597a51b7d4c2555f762c6f3a5db039407d6c8911353a10db4c1ee4d87b4ce7,keyword:M4,0,7,0,1,,,CANDIDATE_ONLY,P5-T03 resource graph closure
676,P5T01-C02559,data/rf192/UI/UI_Shop2/VVIP/SpriteImage/Effect/SGFX_se_m4a1_s_valorbeast/SGFX_se_m4a1_s_valorbeast_13.BIN,config,70,647218ff85d2b733f25d528338f6fd4dbc29d73f29e440f32bc465dd4dc90c80,keyword:M4,0,7,0,1,,,CANDIDATE_ONLY,P5-T03 resource graph closure
677,P5T01-C02560,data/rf192/UI/UI_Shop2/VVIP/SpriteImage/Effect/SGFX_se_m4a1_s_valorbeast/SGFX_se_m4a1_s_valorbeast_14.BIN,config,70,0ca590eff453bb198579faa38095a73eeed4f8f6af53c9b9b059471eeea15982,keyword:M4,0,7,0,1,,,CANDIDATE_ONLY,P5-T03 resource graph closure
678,P5T01-C02561,data/rf192/UI/UI_Shop2/VVIP/SpriteImage/Effect/SGFX_se_m4a1_s_valorbeast/SGFX_se_m4a1_s_valorbeast_15.BIN,config,70,031098790e17a9d7574b97f6d60b3650eef5b5117c89e9bca4679008b6e7872b,keyword:M4,0,7,0,1,,,CANDIDATE_ONLY,P5-T03 resource graph closure
679,P5T01-C02562,data/rf192/UI/UI_Shop2/VVIP/SpriteImage/Effect/SGFX_se_vvip_M4A1-S-AngelicBeast/SGFX_se_vvip_M4A1-S-AngelicBeast_01.BIN,config,70,24cd18917087c301d7ea5640e7c2c865796103f171c1bc5f675d8608ed1520bd,keyword:M4,0,7,0,1,,,CANDIDATE_ONLY,P5-T03 resource graph closure
680,P5T01-C02563,data/rf192/UI/UI_Shop2/VVIP/SpriteImage/Effect/SGFX_se_vvip_M4A1-S-AngelicBeast/SGFX_se_vvip_M4A1-S-AngelicBeast_02.BIN,config,70,aaeeab0def9dce516b929ff93957a92ad4cdd97ec8b965f93cfea8b4058301e9,keyword:M4,0,7,0,1,,,CANDIDATE_ONLY,P5-T03 resource graph closure
681,P5T01-C02564,data/rf192/UI/UI_Shop2/VVIP/SpriteImage/Effect/SGFX_se_vvip_M4A1-S-AngelicBeast/SGFX_se_vvip_M4A1-S-AngelicBeast_03.BIN,config,70,9fe186652727e8a68c03c8deb1ee81cadd7c143335099e4d4aadff7e6a2192b5,keyword:M4,0,7,0,1,,,CANDIDATE_ONLY,P5-T03 resource graph closure
682,P5T01-C02565,data/rf192/UI/UI_Shop2/VVIP/SpriteImage/Effect/SGFX_se_vvip_M4A1-S-AngelicBeast/SGFX_se_vvip_M4A1-S-AngelicBeast_04.BIN,config,70,5520ad851d2083dc1546090cc5615432a5189f29d39e239f669098b8652ab8da,keyword:M4,0,7,0,1,,,CANDIDATE_ONLY,P5-T03 resource graph closure
683,P5T01-C02566,data/rf192/UI/UI_Shop2/VVIP/SpriteImage/Effect/SGFX_se_vvip_M4A1-S-AngelicBeast/SGFX_se_vvip_M4A1-S-AngelicBeast_05.BIN,config,70,32773dabb7b3046ab0710faf2fd936151298279f36d4055dda62234b4973082d,keyword:M4,0,7,0,1,,,CANDIDATE_ONLY,P5-T03 resource graph closure
684,P5T01-C02567,data/rf192/UI/UI_Shop2/VVIP/SpriteImage/Effect/SGFX_se_vvip_M4A1-S-AngelicBeast/SGFX_se_vvip_M4A1-S-AngelicBeast_06.BIN,config,70,8c2c62ef9ba84e87d5ca4768aec79c59e0b3fad7990cf6768dc98e783e3e6a72,keyword:M4,0,7,0,1,,,CANDIDATE_ONLY,P5-T03 resource graph closure
685,P5T01-C02568,data/rf192/UI/UI_Shop2/VVIP/SpriteImage/Effect/SGFX_se_vvip_M4A1-S-AngelicBeast/SGFX_se_vvip_M4A1-S-AngelicBeast_07.BIN,config,70,a4892018440b83915ecdbeefcbedec282d4067d6b59ba6e83a8dbc3248559711,keyword:M4,0,7,0,1,,,CANDIDATE_ONLY,P5-T03 resource graph closure
686,P5T01-C02569,data/rf192/UI/UI_Shop2/VVIP/SpriteImage/Effect/SGFX_se_vvip_M4A1-S-AngelicBeast/SGFX_se_vvip_M4A1-S-AngelicBeast_08.BIN,config,70,eb069a58cacb79397cd8b94413c4dd1030e5d2897c271fbb8b56bc47740d42f9,keyword:M4,0,7,0,1,,,CANDIDATE_ONLY,P5-T03 resource graph closure
687,P5T01-C02570,data/rf192/UI/UI_Shop2/VVIP/SpriteImage/Effect/SGFX_se_vvip_M4A1-S-AngelicBeast/SGFX_se_vvip_M4A1-S-AngelicBeast_09.BIN,config,70,d49f7a33eabaf28b712907853a5764c5934eeb9909e87bce4b23d8e51690f8a4,keyword:M4,0,7,0,1,,,CANDIDATE_ONLY,P5-T03 resource graph closure
688,P5T01-C02571,data/rf192/UI/UI_Shop2/VVIP/SpriteImage/Effect/SGFX_se_vvip_M4A1-S-AngelicBeast/SGFX_se_vvip_M4A1-S-AngelicBeast_10.BIN,config,70,803003addb05598839342146fe5e759ab65ce221047a51678aaeef79ddb3f61f,keyword:M4,0,7,0,1,,,CANDIDATE_ONLY,P5-T03 resource graph closure
689,P5T01-C02572,data/rf192/UI/UI_Shop2/VVIP/SpriteImage/Effect/SGFX_se_vvip_M4A1-S-AngelicBeast/SGFX_se_vvip_M4A1-S-AngelicBeast_11.BIN,config,70,5a291c2b53c5f70c1ff7bc951bc44d9f4f77d16135914c7f86864bdfe505998f,keyword:M4,0,7,0,1,,,CANDIDATE_ONLY,P5-T03 resource graph closure
690,P5T01-C02573,data/rf192/UI/UI_Shop2/VVIP/SpriteImage/Effect/SGFX_se_vvip_M4A1-S-AngelicBeast/SGFX_se_vvip_M4A1-S-AngelicBeast_12.BIN,config,70,a3ba64301aa6e123dfbaa7e2f97df0364646505620e6fc67583936364bd6e48b,keyword:M4,0,7,0,1,,,CANDIDATE_ONLY,P5-T03 resource graph closure
691,P5T01-C02574,data/rf192/UI/UI_Shop2/VVIP/SpriteImage/Effect/SGFX_se_vvip_M4A1-S-AngelicBeast/SGFX_se_vvip_M4A1-S-AngelicBeast_13.BIN,config,70,6a2976e67f5315b954f10ab0ded6d8f659fb76d9925b455699e05dda1144a609,keyword:M4,0,7,0,1,,,CANDIDATE_ONLY,P5-T03 resource graph closure
692,P5T01-C02575,data/rf192/UI/UI_Shop2/VVIP/SpriteImage/Effect/SGFX_se_vvip_M4A1-S-AngelicBeast/SGFX_se_vvip_M4A1-S-AngelicBeast_14.BIN,config,70,a97dd19bb1a8c7b14e095bb044d4863ccb5b57e729703657434f1dff83383960,keyword:M4,0,7,0,1,,,CANDIDATE_ONLY,P5-T03 resource graph closure
693,P5T01-C02576,data/rf192/UI/UI_Shop2/VVIP/SpriteImage/Effect/SGFX_se_vvip_M4A1-S-AngelicBeast/SGFX_se_vvip_M4A1-S-AngelicBeast_15.BIN,config,70,c195f1992e7972286040a04125b0ba2405369b35b26701d6ed0a0ab6dd5e3202,keyword:M4,0,7,0,1,,,CANDIDATE_ONLY,P5-T03 resource graph closure
694,P5T01-C02592,data/rf192/UI/UI_Shop2/VVIP/SpriteImage/Effect/SGFX_se_vvip_M4A1S_BornBeast/SGFX_se_vvip_M4A1S_BornBeast_01.BIN,config,70,b580ee004b1c66197c71debd6ccd9a4aeca19d85286330198dea1bb9984aa220,keyword:M4,0,7,0,1,,,CANDIDATE_ONLY,P5-T03 resource graph closure
695,P5T01-C02593,data/rf192/UI/UI_Shop2/VVIP/SpriteImage/Effect/SGFX_se_vvip_M4A1S_BornBeast/SGFX_se_vvip_M4A1S_BornBeast_02.BIN,config,70,34edbe02839db97dcd331cbbdbcd24b5e2f75b2adf0bca556793ce545b5e20ea,keyword:M4,0,7,0,1,,,CANDIDATE_ONLY,P5-T03 resource graph closure
696,P5T01-C02594,data/rf192/UI/UI_Shop2/VVIP/SpriteImage/Effect/SGFX_se_vvip_M4A1S_BornBeast/SGFX_se_vvip_M4A1S_BornBeast_03.BIN,config,70,cf7903b992300000e160fba9b27b8b052ce184fe468376f489bce578fbeff484,keyword:M4,0,7,0,1,,,CANDIDATE_ONLY,P5-T03 resource graph closure
697,P5T01-C02595,data/rf192/UI/UI_Shop2/VVIP/SpriteImage/Effect/SGFX_se_vvip_M4A1S_BornBeast/SGFX_se_vvip_M4A1S_BornBeast_04.BIN,config,70,a20bd1a6f4d172f56c58a1b437af5459ddc3b4961ea81e3e85f0b8d358afe804,keyword:M4,0,7,0,1,,,CANDIDATE_ONLY,P5-T03 resource graph closure
698,P5T01-C02596,data/rf192/UI/UI_Shop2/VVIP/SpriteImage/Effect/SGFX_se_vvip_M4A1S_BornBeast/SGFX_se_vvip_M4A1S_BornBeast_05.BIN,config,70,f412ef7eb512ad82c504d3ad6f32134cd10d88f0a265277becb0ef48f9a880ad,keyword:M4,0,7,0,1,,,CANDIDATE_ONLY,P5-T03 resource graph closure
699,P5T01-C02597,data/rf192/UI/UI_Shop2/VVIP/SpriteImage/Effect/SGFX_se_vvip_M4A1S_BornBeast/SGFX_se_vvip_M4A1S_BornBeast_06.BIN,config,70,3241d5e4c06e30c452d515b45cdbab6d0caabf8ad8b18b978521e89b4542d93a,keyword:M4,0,7,0,1,,,CANDIDATE_ONLY,P5-T03 resource graph closure
700,P5T01-C02598,data/rf192/UI/UI_Shop2/VVIP/SpriteImage/Effect/SGFX_se_vvip_M4A1S_BornBeast/SGFX_se_vvip_M4A1S_BornBeast_07.BIN,config,70,93692d1cd27dc43b8eed95727fabb4e163b7c2ec1ad6ae988aca929c59e2fd67,keyword:M4,0,7,0,1,,,CANDIDATE_ONLY,P5-T03 resource graph closure
701,P5T01-C02599,data/rf192/UI/UI_Shop2/VVIP/SpriteImage/Effect/SGFX_se_vvip_M4A1S_BornBeast/SGFX_se_vvip_M4A1S_BornBeast_08.BIN,config,70,fea167c2f170cace4a10fd5acb07940e8c349da67314145c09a59f7ed0c1d218,keyword:M4,0,7,0,1,,,CANDIDATE_ONLY,P5-T03 resource graph closure
702,P5T01-C02600,data/rf192/UI/UI_Shop2/VVIP/SpriteImage/Effect/SGFX_se_vvip_M4A1S_BornBeast/SGFX_se_vvip_M4A1S_BornBeast_09.BIN,config,70,6784599fbcd915053c9e828764616ac8631f7e00b0d481cb7b2a7f4d45bba277,keyword:M4,0,7,0,1,,,CANDIDATE_ONLY,P5-T03 resource graph closure
703,P5T01-C02601,data/rf192/UI/UI_Shop2/VVIP/SpriteImage/Effect/SGFX_se_vvip_M4A1S_BornBeast/SGFX_se_vvip_M4A1S_BornBeast_10.BIN,config,70,955c6daf4c142a5b3790083a453ea9e00ed424de4f3cf88d863e6b6f1f34bd4e,keyword:M4,0,7,0,1,,,CANDIDATE_ONLY,P5-T03 resource graph closure
704,P5T01-C02602,data/rf192/UI/UI_Shop2/VVIP/SpriteImage/Effect/SGFX_se_vvip_M4A1S_BornBeast/SGFX_se_vvip_M4A1S_BornBeast_11.BIN,config,70,b8ae6ae0d4e4639d4e689c8616de7aa19c96b403551603204b903ca80f496619,keyword:M4,0,7,0,1,,,CANDIDATE_ONLY,P5-T03 resource graph closure
705,P5T01-C02603,data/rf192/UI/UI_Shop2/VVIP/SpriteImage/Effect/SGFX_se_vvip_M4A1S_BornBeast/SGFX_se_vvip_M4A1S_BornBeast_12.BIN,config,70,ea83922cf5c678b553d10936b848dfadef59d5c1c32b1e2f0e92477626c6ab66,keyword:M4,0,7,0,1,,,CANDIDATE_ONLY,P5-T03 resource graph closure
706,P5T01-C02604,data/rf192/UI/UI_Shop2/VVIP/SpriteImage/Effect/SGFX_se_vvip_M4A1S_BornBeast/SGFX_se_vvip_M4A1S_BornBeast_13.BIN,config,70,909e64dc84d070b9cbbf6fbde7ad22843bcc91c1ca3f885e8fe15ded3e0ef966,keyword:M4,0,7,0,1,,,CANDIDATE_ONLY,P5-T03 resource graph closure
707,P5T01-C02605,data/rf192/UI/UI_Shop2/VVIP/SpriteImage/Effect/SGFX_se_vvip_M4A1S_BornBeast/SGFX_se_vvip_M4A1S_BornBeast_14.BIN,config,70,b60c3243dd16d10673c3f31ec99a070dbee865dacdda2949e4c8a64254195b3c,keyword:M4,0,7,0,1,,,CANDIDATE_ONLY,P5-T03 resource graph closure
708,P5T01-C02606,data/rf192/UI/UI_Shop2/VVIP/SpriteImage/Effect/SGFX_se_vvip_M4A1S_BornBeast/SGFX_se_vvip_M4A1S_BornBeast_15.BIN,config,70,e8101cf7fad699c2b7ea89ccb7fcee20caf471525ae71bd13e2775630e8ee412,keyword:M4,0,7,0,1,,,CANDIDATE_ONLY,P5-T03 resource graph closure
709,P5T01-C02607,data/rf192/UI/UI_Shop2/VVIP/SpriteImage/Effect/SGFX_se_vvip_M4A1_S_BornBeast2/SGFX_se_vvip_M4A1_S_BornBeast2_01.BIN,config,70,ea68970a8001697ca61e34252838e03a4bcfe04588ae54100ae36e5846ca535c,keyword:M4,0,7,0,1,,,CANDIDATE_ONLY,P5-T03 resource graph closure
710,P5T01-C02608,data/rf192/UI/UI_Shop2/VVIP/SpriteImage/Effect/SGFX_se_vvip_M4A1_S_BornBeast2/SGFX_se_vvip_M4A1_S_BornBeast2_02.BIN,config,70,e9271410500d512dd021fc33f24970053ae14ae737f83b313b47259c23978cc1,keyword:M4,0,7,0,1,,,CANDIDATE_ONLY,P5-T03 resource graph closure
711,P5T01-C02609,data/rf192/UI/UI_Shop2/VVIP/SpriteImage/Effect/SGFX_se_vvip_M4A1_S_BornBeast2/SGFX_se_vvip_M4A1_S_BornBeast2_03.BIN,config,70,3ceec22bd8c788d1726f915555d805968df373df5084bba14d147e2e2963d65d,keyword:M4,0,7,0,1,,,CANDIDATE_ONLY,P5-T03 resource graph closure
712,P5T01-C02610,data/rf192/UI/UI_Shop2/VVIP/SpriteImage/Effect/SGFX_se_vvip_M4A1_S_BornBeast2/SGFX_se_vvip_M4A1_S_BornBeast2_04.BIN,config,70,dfecf806330782e0f600a40e5558241049eead4bffbce1888a326c168b30a1be,keyword:M4,0,7,0,1,,,CANDIDATE_ONLY,P5-T03 resource graph closure
713,P5T01-C02611,data/rf192/UI/UI_Shop2/VVIP/SpriteImage/Effect/SGFX_se_vvip_M4A1_S_BornBeast2/SGFX_se_vvip_M4A1_S_BornBeast2_05.BIN,config,70,2c3f4e51a38dc77e45d9ed90957295798ad1e4d62545e046e887d870b627df4c,keyword:M4,0,7,0,1,,,CANDIDATE_ONLY,P5-T03 resource graph closure
714,P5T01-C02612,data/rf192/UI/UI_Shop2/VVIP/SpriteImage/Effect/SGFX_se_vvip_M4A1_S_BornBeast2/SGFX_se_vvip_M4A1_S_BornBeast2_06.BIN,config,70,64ca9fbea1846083331de9563b6c81efd5c1ef150c6a477200532a47cfd25e17,keyword:M4,0,7,0,1,,,CANDIDATE_ONLY,P5-T03 resource graph closure
715,P5T01-C02613,data/rf192/UI/UI_Shop2/VVIP/SpriteImage/Effect/SGFX_se_vvip_M4A1_S_BornBeast2/SGFX_se_vvip_M4A1_S_BornBeast2_07.BIN,config,70,64ba5b4d7fcdc1bdb7259756b1e2e56958487fbebcfa3d74cd4d11b117ddb1d5,keyword:M4,0,7,0,1,,,CANDIDATE_ONLY,P5-T03 resource graph closure
716,P5T01-C02614,data/rf192/UI/UI_Shop2/VVIP/SpriteImage/Effect/SGFX_se_vvip_M4A1_S_BornBeast2/SGFX_se_vvip_M4A1_S_BornBeast2_08.BIN,config,70,7f29567ed5278c77e65bf76ea172e4baeb07f38e2dec53d4804d948ebd01e178,keyword:M4,0,7,0,1,,,CANDIDATE_ONLY,P5-T03 resource graph closure
717,P5T01-C02615,data/rf192/UI/UI_Shop2/VVIP/SpriteImage/Effect/SGFX_se_vvip_M4A1_S_BornBeast2/SGFX_se_vvip_M4A1_S_BornBeast2_09.BIN,config,70,3bde04b1d09c20aa561997b3af81c38b632dd2056b6b8d2bea21a75b3c406571,keyword:M4,0,7,0,1,,,CANDIDATE_ONLY,P5-T03 resource graph closure
718,P5T01-C02616,data/rf192/UI/UI_Shop2/VVIP/SpriteImage/Effect/SGFX_se_vvip_M4A1_S_BornBeast2/SGFX_se_vvip_M4A1_S_BornBeast2_10.BIN,config,70,0a7064819dcb6fdbc8365943a2e63180fbd35c8d2c766e8f5079db8169c78252,keyword:M4,0,7,0,1,,,CANDIDATE_ONLY,P5-T03 resource graph closure
719,P5T01-C02617,data/rf192/UI/UI_Shop2/VVIP/SpriteImage/Effect/SGFX_se_vvip_M4A1_S_BornBeast2/SGFX_se_vvip_M4A1_S_BornBeast2_11.BIN,config,70,6a0cb2f8a08643028db410808788ededa031ee8927ca752cd205758629dffbf1,keyword:M4,0,7,0,1,,,CANDIDATE_ONLY,P5-T03 resource graph closure
720,P5T01-C02618,data/rf192/UI/UI_Shop2/VVIP/SpriteImage/Effect/SGFX_se_vvip_M4A1_S_BornBeast2/SGFX_se_vvip_M4A1_S_BornBeast2_12.BIN,config,70,9242c01fca58aabbbcd0178ce27a6ff11e9fe40e7f352f1ed14078093b166c1c,keyword:M4,0,7,0,1,,,CANDIDATE_ONLY,P5-T03 resource graph closure
721,P5T01-C02619,data/rf192/UI/UI_Shop2/VVIP/SpriteImage/Effect/SGFX_se_vvip_M4A1_S_BornBeast2/SGFX_se_vvip_M4A1_S_BornBeast2_13.BIN,config,70,ef8b8c6e0af0b7ce69cc9c99246104232508b1d282e3bfeb3331e255b5f8dced,keyword:M4,0,7,0,1,,,CANDIDATE_ONLY,P5-T03 resource graph closure
722,P5T01-C02620,data/rf192/UI/UI_Shop2/VVIP/SpriteImage/Effect/SGFX_se_vvip_M4A1_S_BornBeast2/SGFX_se_vvip_M4A1_S_BornBeast2_14.BIN,config,70,da4566bd29b045a9706e847da97a1be8c592e8dc8245b0e7dd4fdaf14b392519,keyword:M4,0,7,0,1,,,CANDIDATE_ONLY,P5-T03 resource graph closure
723,P5T01-C02621,data/rf192/UI/UI_Shop2/VVIP/SpriteImage/Effect/SGFX_se_vvip_M4A1_S_BornBeast2/SGFX_se_vvip_M4A1_S_BornBeast2_15.BIN,config,70,527570bc1329ca15ce54a4d103d818075f0f8e68016859839fef8e60e34cf808,keyword:M4,0,7,0,1,,,CANDIDATE_ONLY,P5-T03 resource graph closure
724,P5T01-C02637,data/rf192/UI/UI_Shop2/VVIP/SpriteImage/Effect/SGFX_se_vvip_M4A1_S_IronBeast2/SGFX_se_vvip_M4A1_S_IronBeast2_01.BIN,config,70,654fac55db2c916e3529aa4c2df68e0539ccbb6029f8d60102de69e3bd938275,keyword:M4,0,7,0,1,,,CANDIDATE_ONLY,P5-T03 resource graph closure
725,P5T01-C02638,data/rf192/UI/UI_Shop2/VVIP/SpriteImage/Effect/SGFX_se_vvip_M4A1_S_IronBeast2/SGFX_se_vvip_M4A1_S_IronBeast2_02.BIN,config,70,7fb88ca21a53fc287790c3eee0091ac913eb6e8846a16a6f93ba3470aa810e72,keyword:M4,0,7,0,1,,,CANDIDATE_ONLY,P5-T03 resource graph closure
726,P5T01-C02639,data/rf192/UI/UI_Shop2/VVIP/SpriteImage/Effect/SGFX_se_vvip_M4A1_S_IronBeast2/SGFX_se_vvip_M4A1_S_IronBeast2_03.BIN,config,70,d2405c11db8a584d0cbb536cf978fd696f0f06d21266503886a008b6c24bedab,keyword:M4,0,7,0,1,,,CANDIDATE_ONLY,P5-T03 resource graph closure
727,P5T01-C02640,data/rf192/UI/UI_Shop2/VVIP/SpriteImage/Effect/SGFX_se_vvip_M4A1_S_IronBeast2/SGFX_se_vvip_M4A1_S_IronBeast2_04.BIN,config,70,fc5a483a48c97aba5bc685e89ae9ee57759a0bc50821d402e7253d7fadf0c3c0,keyword:M4,0,7,0,1,,,CANDIDATE_ONLY,P5-T03 resource graph closure
728,P5T01-C02641,data/rf192/UI/UI_Shop2/VVIP/SpriteImage/Effect/SGFX_se_vvip_M4A1_S_IronBeast2/SGFX_se_vvip_M4A1_S_IronBeast2_05.BIN,config,70,3cc1b98a6aaf8ff35156923ad0b1827ec8018b167942f40d519232fcf68d8c32,keyword:M4,0,7,0,1,,,CANDIDATE_ONLY,P5-T03 resource graph closure
729,P5T01-C02642,data/rf192/UI/UI_Shop2/VVIP/SpriteImage/Effect/SGFX_se_vvip_M4A1_S_IronBeast2/SGFX_se_vvip_M4A1_S_IronBeast2_06.BIN,config,70,c425a161e92e1080ead30793eda62edda9815253f665dd7fab3c9b8849276ed0,keyword:M4,0,7,0,1,,,CANDIDATE_ONLY,P5-T03 resource graph closure
730,P5T01-C02643,data/rf192/UI/UI_Shop2/VVIP/SpriteImage/Effect/SGFX_se_vvip_M4A1_S_IronBeast2/SGFX_se_vvip_M4A1_S_IronBeast2_07.BIN,config,70,0e22d9747916302654bd8db31798981969f78b87b34683504c857a1785d87a8c,keyword:M4,0,7,0,1,,,CANDIDATE_ONLY,P5-T03 resource graph closure
731,P5T01-C02644,data/rf192/UI/UI_Shop2/VVIP/SpriteImage/Effect/SGFX_se_vvip_M4A1_S_IronBeast2/SGFX_se_vvip_M4A1_S_IronBeast2_08.BIN,config,70,eeda11b21ca90b9efd73e4104a9dc7ec71cb0ee9e41a96be0553f13669d14803,keyword:M4,0,7,0,1,,,CANDIDATE_ONLY,P5-T03 resource graph closure
732,P5T01-C02645,data/rf192/UI/UI_Shop2/VVIP/SpriteImage/Effect/SGFX_se_vvip_M4A1_S_IronBeast2/SGFX_se_vvip_M4A1_S_IronBeast2_09.BIN,config,70,f418d2bb92a090b553e1f239344310109fd2c90e5ff5e8cdb4813e4df7221f18,keyword:M4,0,7,0,1,,,CANDIDATE_ONLY,P5-T03 resource graph closure
733,P5T01-C02646,data/rf192/UI/UI_Shop2/VVIP/SpriteImage/Effect/SGFX_se_vvip_M4A1_S_IronBeast2/SGFX_se_vvip_M4A1_S_IronBeast2_10.BIN,config,70,874dd65318d4e635ff61d7fd0e5446e9e950fc393535f372eeefda6b4e8635dc,keyword:M4,0,7,0,1,,,CANDIDATE_ONLY,P5-T03 resource graph closure
734,P5T01-C02647,data/rf192/UI/UI_Shop2/VVIP/SpriteImage/Effect/SGFX_se_vvip_M4A1_S_IronBeast2/SGFX_se_vvip_M4A1_S_IronBeast2_11.BIN,config,70,9b7260ff9d8f05db2429a0bb7c451fbc0eaead930ba98c428d1cab427e0506e3,keyword:M4,0,7,0,1,,,CANDIDATE_ONLY,P5-T03 resource graph closure
735,P5T01-C02648,data/rf192/UI/UI_Shop2/VVIP/SpriteImage/Effect/SGFX_se_vvip_M4A1_S_IronBeast2/SGFX_se_vvip_M4A1_S_IronBeast2_12.BIN,config,70,6ed0e6791a3f85627ba06f3ea8dbd79f193c84a1fa2403b5aa86a7eeb6ec61fb,keyword:M4,0,7,0,1,,,CANDIDATE_ONLY,P5-T03 resource graph closure
736,P5T01-C02649,data/rf192/UI/UI_Shop2/VVIP/SpriteImage/Effect/SGFX_se_vvip_M4A1_S_IronBeast2/SGFX_se_vvip_M4A1_S_IronBeast2_13.BIN,config,70,886464c1e3f303ae93c079167c32df5d4eb07e629ef650b6592afbad78c872c6,keyword:M4,0,7,0,1,,,CANDIDATE_ONLY,P5-T03 resource graph closure
737,P5T01-C02650,data/rf192/UI/UI_Shop2/VVIP/SpriteImage/Effect/SGFX_se_vvip_M4A1_S_IronBeast2/SGFX_se_vvip_M4A1_S_IronBeast2_14.BIN,config,70,d93801c6f144d43ed4fd53b30829530785c18d4c08a9e381c6be986afc08fc86,keyword:M4,0,7,0,1,,,CANDIDATE_ONLY,P5-T03 resource graph closure
738,P5T01-C02651,data/rf192/UI/UI_Shop2/VVIP/SpriteImage/Effect/SGFX_se_vvip_M4A1_S_IronBeast2/SGFX_se_vvip_M4A1_S_IronBeast2_15.BIN,config,70,bd5e1a35c596f312c3adbdbe4ac8034e101491795075bb2897100ea0cee1c1ea,keyword:M4,0,7,0,1,,,CANDIDATE_ONLY,P5-T03 resource graph closure
739,P5T01-C02652,data/rf192/UI/UI_Shop2/VVIP/SpriteImage/Effect/SGFX_se_vvip_M4A1_S_RedRifleKnife_Beast/SGFX_se_vvip_M4A1_S_RedRifleKnife_Beast_01.BIN,config,70,cf9ba1b77931882b1d0003a4f27ed4819638fa5571dd12379e2e0db5f48fcf94,keyword:M4,0,7,0,1,,,CANDIDATE_ONLY,P5-T03 resource graph closure
740,P5T01-C02653,data/rf192/UI/UI_Shop2/VVIP/SpriteImage/Effect/SGFX_se_vvip_M4A1_S_RedRifleKnife_Beast/SGFX_se_vvip_M4A1_S_RedRifleKnife_Beast_02.BIN,config,70,228fb617600993293505bf896bd8a739e5a063f64ca4e7918dcfe1d154e7cdf1,keyword:M4,0,7,0,1,,,CANDIDATE_ONLY,P5-T03 resource graph closure
741,P5T01-C02654,data/rf192/UI/UI_Shop2/VVIP/SpriteImage/Effect/SGFX_se_vvip_M4A1_S_RedRifleKnife_Beast/SGFX_se_vvip_M4A1_S_RedRifleKnife_Beast_03.BIN,config,70,b9a847a2b53bac4bced5dadc1eaabaa0d21181b0093c3d45f5b384d65997a7ae,keyword:M4,0,7,0,1,,,CANDIDATE_ONLY,P5-T03 resource graph closure
742,P5T01-C02655,data/rf192/UI/UI_Shop2/VVIP/SpriteImage/Effect/SGFX_se_vvip_M4A1_S_RedRifleKnife_Beast/SGFX_se_vvip_M4A1_S_RedRifleKnife_Beast_04.BIN,config,70,8a5da10fb6c1389146458e23d5c11c10f95dbbdbc1c4b800e0f3897c98e0dd58,keyword:M4,0,7,0,1,,,CANDIDATE_ONLY,P5-T03 resource graph closure
743,P5T01-C02656,data/rf192/UI/UI_Shop2/VVIP/SpriteImage/Effect/SGFX_se_vvip_M4A1_S_RedRifleKnife_Beast/SGFX_se_vvip_M4A1_S_RedRifleKnife_Beast_05.BIN,config,70,bb5f4df26328c061a07bc02004884d38f0623aac7416c1e65eef3e40f226ea01,keyword:M4,0,7,0,1,,,CANDIDATE_ONLY,P5-T03 resource graph closure
744,P5T01-C02657,data/rf192/UI/UI_Shop2/VVIP/SpriteImage/Effect/SGFX_se_vvip_M4A1_S_RedRifleKnife_Beast/SGFX_se_vvip_M4A1_S_RedRifleKnife_Beast_06.BIN,config,70,f6159d920d863bed3e35784962f6a0598a957d3fea859197703f724baf569915,keyword:M4,0,7,0,1,,,CANDIDATE_ONLY,P5-T03 resource graph closure
745,P5T01-C02658,data/rf192/UI/UI_Shop2/VVIP/SpriteImage/Effect/SGFX_se_vvip_M4A1_S_RedRifleKnife_Beast/SGFX_se_vvip_M4A1_S_RedRifleKnife_Beast_07.BIN,config,70,b0b57395885141b54101e5f582c9345cf4b8b0fedb45cb35662181b5b4d543b0,keyword:M4,0,7,0,1,,,CANDIDATE_ONLY,P5-T03 resource graph closure
746,P5T01-C02659,data/rf192/UI/UI_Shop2/VVIP/SpriteImage/Effect/SGFX_se_vvip_M4A1_S_RedRifleKnife_Beast/SGFX_se_vvip_M4A1_S_RedRifleKnife_Beast_08.BIN,config,70,0ac47e2ee625b8a64001dcc5f95c1cff2c807db7b69ddc64c3fd08857d4141f7,keyword:M4,0,7,0,1,,,CANDIDATE_ONLY,P5-T03 resource graph closure
747,P5T01-C02660,data/rf192/UI/UI_Shop2/VVIP/SpriteImage/Effect/SGFX_se_vvip_M4A1_S_RedRifleKnife_Beast/SGFX_se_vvip_M4A1_S_RedRifleKnife_Beast_09.BIN,config,70,c08f3a59f67c924fe0ef613b1d3586d49cda30834c22de2e9800ceb2f10c293c,keyword:M4,0,7,0,1,,,CANDIDATE_ONLY,P5-T03 resource graph closure
748,P5T01-C02661,data/rf192/UI/UI_Shop2/VVIP/SpriteImage/Effect/SGFX_se_vvip_M4A1_S_RedRifleKnife_Beast/SGFX_se_vvip_M4A1_S_RedRifleKnife_Beast_10.BIN,config,70,bcfb028bd15e55201ce123f04d93bfc000e1ed3ae87c1cfd8d103d4c628a3cfd,keyword:M4,0,7,0,1,,,CANDIDATE_ONLY,P5-T03 resource graph closure
749,P5T01-C02662,data/rf192/UI/UI_Shop2/VVIP/SpriteImage/Effect/SGFX_se_vvip_M4A1_S_RedRifleKnife_Beast/SGFX_se_vvip_M4A1_S_RedRifleKnife_Beast_11.BIN,config,70,01cfba1015e852a81e31dc222a4c850f7354ca674255bcf6efacaa26b88026fb,keyword:M4,0,7,0,1,,,CANDIDATE_ONLY,P5-T03 resource graph closure
750,P5T01-C02663,data/rf192/UI/UI_Shop2/VVIP/SpriteImage/Effect/SGFX_se_vvip_M4A1_S_RedRifleKnife_Beast/SGFX_se_vvip_M4A1_S_RedRifleKnife_Beast_12.BIN,config,70,cea61fd6df8ee710669ecfee1d1e6e5f4158ad09f5f4fa689f6b4abacf989fea,keyword:M4,0,7,0,1,,,CANDIDATE_ONLY,P5-T03 resource graph closure
751,P5T01-C02664,data/rf192/UI/UI_Shop2/VVIP/SpriteImage/Effect/SGFX_se_vvip_M4A1_S_RedRifleKnife_Beast/SGFX_se_vvip_M4A1_S_RedRifleKnife_Beast_13.BIN,config,70,f1f512a2fbcec233d51d8f9453d30b617e4dc79972457f6e98d5fc54d4db437d,keyword:M4,0,7,0,1,,,CANDIDATE_ONLY,P5-T03 resource graph closure
752,P5T01-C02665,data/rf192/UI/UI_Shop2/VVIP/SpriteImage/Effect/SGFX_se_vvip_M4A1_S_RedRifleKnife_Beast/SGFX_se_vvip_M4A1_S_RedRifleKnife_Beast_14.BIN,config,70,16a0d9be44414455879d301c9ef1bea6d8b298beb886a29c35b835abadd00b74,keyword:M4,0,7,0,1,,,CANDIDATE_ONLY,P5-T03 resource graph closure
753,P5T01-C02666,data/rf192/UI/UI_Shop2/VVIP/SpriteImage/Effect/SGFX_se_vvip_M4A1_S_RedRifleKnife_Beast/SGFX_se_vvip_M4A1_S_RedRifleKnife_Beast_15.BIN,config,70,1ff654958156aa8030778bec3e3a8d1ca1dce2d879374693a1d35cb15f575ccb,keyword:M4,0,7,0,1,,,CANDIDATE_ONLY,P5-T03 resource graph closure
754,P5T01-C02697,data/rf192/UI/UI_Shop2/VVIP/SpriteImage/Effect/SGFX_sh_vvip_m4a1_Prism_Beast/SGFX_sh_vvip_m4a1_Prism_Beast_01.BIN,config,70,3d35714c5d975ff514bd3e98c3b41213b0b2b8fb6c992744af0a1cd85905663a,keyword:M4,0,7,0,1,,,CANDIDATE_ONLY,P5-T03 resource graph closure
755,P5T01-C02698,data/rf192/UI/UI_Shop2/VVIP/SpriteImage/Effect/SGFX_sh_vvip_m4a1_Prism_Beast/SGFX_sh_vvip_m4a1_Prism_Beast_02.BIN,config,70,ad408a855b20c3ff6259b9231034e1e88f26033410e633cf80587536357c7248,keyword:M4,0,7,0,1,,,CANDIDATE_ONLY,P5-T03 resource graph closure
756,P5T01-C02699,data/rf192/UI/UI_Shop2/VVIP/SpriteImage/Effect/SGFX_sh_vvip_m4a1_Prism_Beast/SGFX_sh_vvip_m4a1_Prism_Beast_03.BIN,config,70,dd165f8b060f4b9bf571f06ade8041f3364497882e3deeb7b96278cc4029ea90,keyword:M4,0,7,0,1,,,CANDIDATE_ONLY,P5-T03 resource graph closure
757,P5T01-C02700,data/rf192/UI/UI_Shop2/VVIP/SpriteImage/Effect/SGFX_sh_vvip_m4a1_Prism_Beast/SGFX_sh_vvip_m4a1_Prism_Beast_04.BIN,config,70,64418f8efa1d1aa4163a19e0df96378f3693c416386815447463b0c25093855f,keyword:M4,0,7,0,1,,,CANDIDATE_ONLY,P5-T03 resource graph closure
758,P5T01-C02701,data/rf192/UI/UI_Shop2/VVIP/SpriteImage/Effect/SGFX_sh_vvip_m4a1_Prism_Beast/SGFX_sh_vvip_m4a1_Prism_Beast_05.BIN,config,70,e50e2daa4314c71d03817d479caa22c9e63f907d913588f6963b70aa4776c574,keyword:M4,0,7,0,1,,,CANDIDATE_ONLY,P5-T03 resource graph closure
759,P5T01-C02702,data/rf192/UI/UI_Shop2/VVIP/SpriteImage/Effect/SGFX_sh_vvip_m4a1_Prism_Beast/SGFX_sh_vvip_m4a1_Prism_Beast_06.BIN,config,70,8926763a430a730193bb3a46ba922f5acbbc0870fc271ccb2d0be56705a7f48b,keyword:M4,0,7,0,1,,,CANDIDATE_ONLY,P5-T03 resource graph closure
760,P5T01-C02703,data/rf192/UI/UI_Shop2/VVIP/SpriteImage/Effect/SGFX_sh_vvip_m4a1_Prism_Beast/SGFX_sh_vvip_m4a1_Prism_Beast_07.BIN,config,70,15aeb5cbd0485e5bb0592a95ec44eec8caf5ea4b15aea7b2bd0e05a3f05d3dd8,keyword:M4,0,7,0,1,,,CANDIDATE_ONLY,P5-T03 resource graph closure
761,P5T01-C02704,data/rf192/UI/UI_Shop2/VVIP/SpriteImage/Effect/SGFX_sh_vvip_m4a1_Prism_Beast/SGFX_sh_vvip_m4a1_Prism_Beast_08.BIN,config,70,f530d1283bd45e8e711a7883ad30f8335266826eba7081e4a0bdf4ea1571ba94,keyword:M4,0,7,0,1,,,CANDIDATE_ONLY,P5-T03 resource graph closure
762,P5T01-C02705,data/rf192/UI/UI_Shop2/VVIP/SpriteImage/Effect/SGFX_sh_vvip_m4a1_Prism_Beast/SGFX_sh_vvip_m4a1_Prism_Beast_09.BIN,config,70,d41cabf68b31dfc909a4a3c4126c583e78de4e8851d5f595e736d53460bf7c3a,keyword:M4,0,7,0,1,,,CANDIDATE_ONLY,P5-T03 resource graph closure
763,P5T01-C02706,data/rf192/UI/UI_Shop2/VVIP/SpriteImage/Effect/SGFX_sh_vvip_m4a1_Prism_Beast/SGFX_sh_vvip_m4a1_Prism_Beast_10.BIN,config,70,ac601a13836dc44133e6df48a158873c9d07081ba58ce94f456d96c3b08579ad,keyword:M4,0,7,0,1,,,CANDIDATE_ONLY,P5-T03 resource graph closure
764,P5T01-C02707,data/rf192/UI/UI_Shop2/VVIP/SpriteImage/Effect/SGFX_sh_vvip_m4a1_Prism_Beast/SGFX_sh_vvip_m4a1_Prism_Beast_11.BIN,config,70,aa23bbb748a385153f02fc0c839ef16e060d5ebe0b70f013f16c3017df9e25fb,keyword:M4,0,7,0,1,,,CANDIDATE_ONLY,P5-T03 resource graph closure
765,P5T01-C02708,data/rf192/UI/UI_Shop2/VVIP/SpriteImage/Effect/SGFX_sh_vvip_m4a1_Prism_Beast/SGFX_sh_vvip_m4a1_Prism_Beast_12.BIN,config,70,88b8ebef14a6782d5fed83415c48c5240734434d2f2c7037811f47be2eb8e660,keyword:M4,0,7,0,1,,,CANDIDATE_ONLY,P5-T03 resource graph closure
766,P5T01-C02709,data/rf192/UI/UI_Shop2/VVIP/SpriteImage/Effect/SGFX_sh_vvip_m4a1_Prism_Beast/SGFX_sh_vvip_m4a1_Prism_Beast_13.BIN,config,70,deffe7282f034a8a023bc5db8f437b12a70c1fa7da7e26a0f6feefa32f869ecd,keyword:M4,0,7,0,1,,,CANDIDATE_ONLY,P5-T03 resource graph closure
767,P5T01-C02710,data/rf192/UI/UI_Shop2/VVIP/SpriteImage/Effect/SGFX_sh_vvip_m4a1_Prism_Beast/SGFX_sh_vvip_m4a1_Prism_Beast_14.BIN,config,70,33a7f44466ad0355a0cfb47dbf57305a522b296c1b409c3a5f2a0cab5c1648e2,keyword:M4,0,7,0,1,,,CANDIDATE_ONLY,P5-T03 resource graph closure
768,P5T01-C02711,data/rf192/UI/UI_Shop2/VVIP/SpriteImage/Effect/SGFX_sh_vvip_m4a1_Prism_Beast/SGFX_sh_vvip_m4a1_Prism_Beast_15.BIN,config,70,1f95a9a4986132424a63cd63b7aeb5c0324ce9e2ad62e2a08ccd01abdf09f4e4,keyword:M4,0,7,0,1,,,CANDIDATE_ONLY,P5-T03 resource graph closure
769,P5T01-C02712,data/rf192/UI/UI_Shop2/VVIP/SpriteImage/Effect/SGFX_yc_vvip_M4A1_S_Beast_QingLong/SGFX_yc_vvip_M4A1_S_Beast_QingLong_01.BIN,config,70,9f6d942a4f2d2955f2c9004eb4fa62f194756cc656cbb1269b25a708678c8ddb,keyword:M4,0,7,0,1,,,CANDIDATE_ONLY,P5-T03 resource graph closure
770,P5T01-C02713,data/rf192/UI/UI_Shop2/VVIP/SpriteImage/Effect/SGFX_yc_vvip_M4A1_S_Beast_QingLong/SGFX_yc_vvip_M4A1_S_Beast_QingLong_02.BIN,config,70,e2b3e84150aaa8dbcdc5ab0fe47b8ab893990ca2733859cc23b232b5b3e3e942,keyword:M4,0,7,0,1,,,CANDIDATE_ONLY,P5-T03 resource graph closure
771,P5T01-C02714,data/rf192/UI/UI_Shop2/VVIP/SpriteImage/Effect/SGFX_yc_vvip_M4A1_S_Beast_QingLong/SGFX_yc_vvip_M4A1_S_Beast_QingLong_03.BIN,config,70,40de65329281822daba9b015e8178175f180c4543cc7598e8f7923ba87f08672,keyword:M4,0,7,0,1,,,CANDIDATE_ONLY,P5-T03 resource graph closure
772,P5T01-C02715,data/rf192/UI/UI_Shop2/VVIP/SpriteImage/Effect/SGFX_yc_vvip_M4A1_S_Beast_QingLong/SGFX_yc_vvip_M4A1_S_Beast_QingLong_04.BIN,config,70,7bdb50ef370b0ee41eb8ab18922fe194f9bd9cefc67a6f6cbdd7728167b13806,keyword:M4,0,7,0,1,,,CANDIDATE_ONLY,P5-T03 resource graph closure
773,P5T01-C02716,data/rf192/UI/UI_Shop2/VVIP/SpriteImage/Effect/SGFX_yc_vvip_M4A1_S_Beast_QingLong/SGFX_yc_vvip_M4A1_S_Beast_QingLong_05.BIN,config,70,58c2eb3a29e18d42433b0e3f28e7e8b89febc117c5a808ea4183092c9e06d633,keyword:M4,0,7,0,1,,,CANDIDATE_ONLY,P5-T03 resource graph closure
774,P5T01-C02717,data/rf192/UI/UI_Shop2/VVIP/SpriteImage/Effect/SGFX_yc_vvip_M4A1_S_Beast_QingLong/SGFX_yc_vvip_M4A1_S_Beast_QingLong_06.BIN,config,70,2018e1e01af75728defbc4ddf77fec74ace687fb6a379149e261651b7a36ae2d,keyword:M4,0,7,0,1,,,CANDIDATE_ONLY,P5-T03 resource graph closure
775,P5T01-C02718,data/rf192/UI/UI_Shop2/VVIP/SpriteImage/Effect/SGFX_yc_vvip_M4A1_S_Beast_QingLong/SGFX_yc_vvip_M4A1_S_Beast_QingLong_07.BIN,config,70,69015a1844a849220d35dde7e8fbde4b095fb91f3388e4a0c92abf67f540c00b,keyword:M4,0,7,0,1,,,CANDIDATE_ONLY,P5-T03 resource graph closure
776,P5T01-C02719,data/rf192/UI/UI_Shop2/VVIP/SpriteImage/Effect/SGFX_yc_vvip_M4A1_S_Beast_QingLong/SGFX_yc_vvip_M4A1_S_Beast_QingLong_08.BIN,config,70,0a956361fc7ea40b1627296f212336e86a5d917691a3752681a11a715736e3b7,keyword:M4,0,7,0,1,,,CANDIDATE_ONLY,P5-T03 resource graph closure
777,P5T01-C02720,data/rf192/UI/UI_Shop2/VVIP/SpriteImage/Effect/SGFX_yc_vvip_M4A1_S_Beast_QingLong/SGFX_yc_vvip_M4A1_S_Beast_QingLong_09.BIN,config,70,af88f309b612d7b4b696ffa02243accfce50b1abecf009702666bb9feafcfaf5,keyword:M4,0,7,0,1,,,CANDIDATE_ONLY,P5-T03 resource graph closure
778,P5T01-C02721,data/rf192/UI/UI_Shop2/VVIP/SpriteImage/Effect/SGFX_yc_vvip_M4A1_S_Beast_QingLong/SGFX_yc_vvip_M4A1_S_Beast_QingLong_10.BIN,config,70,4fc3247b8bcd4743642f3c8364c6007e34673fa4095da71c10486596bd7c5fd8,keyword:M4,0,7,0,1,,,CANDIDATE_ONLY,P5-T03 resource graph closure
779,P5T01-C02722,data/rf192/UI/UI_Shop2/VVIP/SpriteImage/Effect/SGFX_yc_vvip_M4A1_S_Beast_QingLong/SGFX_yc_vvip_M4A1_S_Beast_QingLong_11.BIN,config,70,42bf4c76a228de273d045e5bf70c93626712a54bf6ed0a0615dcc48ad6c043cf,keyword:M4,0,7,0,1,,,CANDIDATE_ONLY,P5-T03 resource graph closure
780,P5T01-C02723,data/rf192/UI/UI_Shop2/VVIP/SpriteImage/Effect/SGFX_yc_vvip_M4A1_S_Beast_QingLong/SGFX_yc_vvip_M4A1_S_Beast_QingLong_12.BIN,config,70,00b13dcff4c597511f3da0d5cafec452b06c95109a0fe1ac23e3e652bb6cf373,keyword:M4,0,7,0,1,,,CANDIDATE_ONLY,P5-T03 resource graph closure
781,P5T01-C02724,data/rf192/UI/UI_Shop2/VVIP/SpriteImage/Effect/SGFX_yc_vvip_M4A1_S_Beast_QingLong/SGFX_yc_vvip_M4A1_S_Beast_QingLong_13.BIN,config,70,9c94f870d6d69e68111f907304750ee5e32fb8152276e87dd326f7ec9fb30647,keyword:M4,0,7,0,1,,,CANDIDATE_ONLY,P5-T03 resource graph closure
782,P5T01-C02725,data/rf192/UI/UI_Shop2/VVIP/SpriteImage/Effect/SGFX_yc_vvip_M4A1_S_Beast_QingLong/SGFX_yc_vvip_M4A1_S_Beast_QingLong_14.BIN,config,70,9a50a3b0196627bf66c21d089c6810147fd627088e2907a3aae01a1aea7253e7,keyword:M4,0,7,0,1,,,CANDIDATE_ONLY,P5-T03 resource graph closure
783,P5T01-C02726,data/rf192/UI/UI_Shop2/VVIP/SpriteImage/Effect/SGFX_yc_vvip_M4A1_S_Beast_QingLong/SGFX_yc_vvip_M4A1_S_Beast_QingLong_15.BIN,config,70,3a8cf1aa3b2bce1769e2153837162385586b5af51a00d1a2c93f432ac00c0762,keyword:M4,0,7,0,1,,,CANDIDATE_ONLY,P5-T03 resource graph closure
784,P5T01-C02742,data/rf192/UI/UI_ShopRenewal/VVIP/VVIPGuide/SetGuide_M4A1_S_AngelicBeast.BIN,config,70,2c89b14a40a3e4a4ad4601d0aa87e4fefc651b221645cf98bd53549762692fef,keyword:M4,0,7,0,1,,,CANDIDATE_ONLY,P5-T03 resource graph closure
785,P5T01-C02743,data/rf192/UI/UI_ShopRenewal/VVIP/VVIPGuide/SetGuide_M4A1_S_AngelicBeast_NS.BIN,config,70,0467c375e708c85e81eb8faab537f92943e54f7cdb48479cf101da1a56109009,keyword:M4,0,7,0,1,,,CANDIDATE_ONLY,P5-T03 resource graph closure
786,P5T01-C02744,data/rf192/UI/UI_ShopRenewal/VVIP/VVIPGuide/SetGuide_M4A1_S_DemonicBeast.BIN,config,70,6f4d5e568cfd35e112f1083dac21e2dd51728d581d3200c7e614c5816a38f67a,keyword:M4,0,7,0,1,,,CANDIDATE_ONLY,P5-T03 resource graph closure
787,P5T01-C02745,data/rf192/UI/UI_ShopRenewal/VVIP/VVIPGuide/SetGuide_M4A1_S_DemonicBeast_NS.BIN,config,70,6f4d5e568cfd35e112f1083dac21e2dd51728d581d3200c7e614c5816a38f67a,keyword:M4,0,7,0,1,,,CANDIDATE_ONLY,P5-T03 resource graph closure
788,P5T01-C02746,data/rf192/UI/UI_ShopRenewal/VVIPSkin/Name/M4A1-S-Beast_Punk/NewName.BIN,config,70,5f5141c87bda9e9e12a5cc1e286c803da9d53bed39253dce931ca09865e274db,keyword:M4,0,7,0,1,,,CANDIDATE_ONLY,P5-T03 resource graph closure
789,P5T01-C02747,data/rf192/UI/UI_ShopRenewal/VVIPSkin/Name/M4A1-S-IronBeast_Champion/Kukri_Beast_QQMBS/NewName.BIN,config,70,4c3d1481ae8e4fccb653b22d8d86ac085bea4dd021c3786afe0a27f5c24346ab,keyword:M4,0,7,0,1,,,CANDIDATE_ONLY,P5-T03 resource graph closure
790,P5T01-C02748,data/rf192/UI/UI_ShopRenewal/VVIPSkin/Name/M4A1-S-IronBeast_Champion/M82A1_S_BornBeast_PFuXi/NewName.BIN,config,70,15128e46bdc2992f535763b3ea00125744e85f92035eb6c2bcbb320af2ec00ea,keyword:M4,0,7,0,1,,,CANDIDATE_ONLY,P5-T03 resource graph closure
791,P5T01-C02749,data/rf192/UI/UI_ShopRenewal/VVIPSkin/Name/M4A1-S-IronBeast_Champion/NewName.BIN,config,70,a496f2a3cb5a040f0aa29dfa3b1f3bd84467f9b8f5f5426bb8732a00f5cd54c4,keyword:M4,0,7,0,1,,,CANDIDATE_ONLY,P5-T03 resource graph closure
792,P5T01-C02750,data/rf192/UI/UI_ShopRenewal/VVIPSkin/Name/M4A1_S_Beast_361/NewName.BIN,config,70,3e36245bfe319c747a8b61ea91f1b61e3a21cf475034e9b515fce855f80478bd,keyword:M4,0,7,0,1,,,CANDIDATE_ONLY,P5-T03 resource graph closure
793,P5T01-C02751,data/rf192/UI/UI_ShopRenewal/VVIPSkin/Name/M4A1_S_Beast_Champion/NewName.BIN,config,70,7ac5bb4e6a88daed26ee1dd40823634c6b39f11eda7e01dfda2e7d54d839af19,keyword:M4,0,7,0,1,,,CANDIDATE_ONLY,P5-T03 resource graph closure
794,P5T01-C02752,data/rf192/UI/UI_ShopRenewal/VVIPSkin/Name/M4A1_S_Beast_MoZi/NewName.BIN,config,70,0d88d985f20e335601b48604f3a8e54a6f6adb39b33791cb14490102a208f301,keyword:M4,0,7,0,1,,,CANDIDATE_ONLY,P5-T03 resource graph closure
795,P5T01-C02753,data/rf192/UI/UI_ShopRenewal/VVIPSkin/Name/M4A1_S_Beast_Prime/NewName.BIN,config,70,97f7430d62c2608fda90ab64a1f04e181beb99f0a4aa7141761cf23df7c8df8c,keyword:M4,0,7,0,1,,,CANDIDATE_ONLY,P5-T03 resource graph closure
796,P5T01-C02754,data/rf192/UI/UI_ShopRenewal/VVIPSkin/Name/M4A1_S_Beast_Punk/NewName.BIN,config,70,5f5141c87bda9e9e12a5cc1e286c803da9d53bed39253dce931ca09865e274db,keyword:M4,0,7,0,1,,,CANDIDATE_ONLY,P5-T03 resource graph closure
797,P5T01-C02755,data/rf192/UI/UI_ShopRenewal/VVIPSkin/Name/M4A1_S_BornBeast_Blaze/NewName.BIN,config,70,b439c0e0564c639730e6680536c903b318d56a82548618249b2c5e094999f649,keyword:M4,0,7,0,1,,,CANDIDATE_ONLY,P5-T03 resource graph closure
798,P5T01-C02756,data/rf192/UI/UI_ShopRenewal/VVIPSkin/Name/M4A1_S_BornBeast_CFS21/NewName.BIN,config,70,e98481c12d14b3afda98a235e8fb6c7edf46b888dd75c4a54c1c835727d8048f,keyword:M4,0,7,0,1,,,CANDIDATE_ONLY,P5-T03 resource graph closure
799,P5T01-C02757,data/rf192/UI/UI_ShopRenewal/VVIPSkin/Name/M4A1_S_BornBeast_Champion/NewName.BIN,config,70,305d4375c004f61226d37395e2e77f9be2e57c9797c01359e3f4d3dbba238a80,keyword:M4,0,7,0,1,,,CANDIDATE_ONLY,P5-T03 resource graph closure
800,P5T01-C02758,data/rf192/UI/UI_ShopRenewal/VVIPSkin/Name/M4A1_S_BornBeast_FuXi/NewName.BIN,config,70,9c9d2bdb26087f8a9a90798891ed3dcd211294a5391a4fcc5458d859a6fa581a,keyword:M4,0,7,0,1,,,CANDIDATE_ONLY,P5-T03 resource graph closure
801,P5T01-C02759,data/rf192/UI/UI_ShopRenewal/VVIPSkin/Name/M4A1_S_BornBeast_Goldish/NewName.BIN,config,70,0ebe87fc2ffe8e58ffa142ffc1e97f631c68275daa27130ada2667ba498f7dbe,keyword:M4,0,7,0,1,,,CANDIDATE_ONLY,P5-T03 resource graph closure
802,P5T01-C02760,data/rf192/UI/UI_ShopRenewal/VVIPSkin/Name/M4A1_S_BornBeast_HUYA/NewName.BIN,config,70,c21c95f87b4d6a6eac883db10b3de7b3fb055b14167fed702b6b6d28a0af0deb,keyword:M4,0,7,0,1,,,CANDIDATE_ONLY,P5-T03 resource graph closure
803,P5T01-C02761,data/rf192/UI/UI_ShopRenewal/VVIPSkin/Name/M4A1_S_BornBeast_Legend18/NewName.BIN,config,70,54ab2d54f29ff90bfa7294d510cd4f89eb7348738e02609476f6adb67c68efa5,keyword:M4,0,7,0,1,,,CANDIDATE_ONLY,P5-T03 resource graph closure
804,P5T01-C02762,data/rf192/UI/UI_ShopRenewal/VVIPSkin/Name/M4A1_S_BornBeast_MJXW/NewName.BIN,config,70,995a225de7ac5476ec971c1b49649c8cd2757d7fe988ad6555974fc609e5c704,keyword:M4,0,7,0,1,,,CANDIDATE_ONLY,P5-T03 resource graph closure
805,P5T01-C02763,data/rf192/UI/UI_ShopRenewal/VVIPSkin/Name/M4A1_S_BornBeast_Machao/NewName.BIN,config,70,31e3b537008ce6b9387ab4fab3540a6edad2253980f0cc376108cce4319ead36,keyword:M4,0,7,0,1,,,CANDIDATE_ONLY,P5-T03 resource graph closure
806,P5T01-C02764,data/rf192/UI/UI_ShopRenewal/VVIPSkin/Name/M4A1_S_BornBeast_Punk/NewName.BIN,config,70,ece3767b0e59d45e2a65e305269d96cd62abc37376c93f38a54d9d4c5d42ada7,keyword:M4,0,7,0,1,,,CANDIDATE_ONLY,P5-T03 resource graph closure
807,P5T01-C02765,data/rf192/UI/UI_ShopRenewal/VVIPSkin/Name/M4A1_S_BornBeast_PurplePunk/NewName.BIN,config,70,6305bad2c9670a80df208c155c27dd96a330c3bacec79759e18cd7c093368fee,keyword:M4,0,7,0,1,,,CANDIDATE_ONLY,P5-T03 resource graph closure
808,P5T01-C02766,data/rf192/UI/UI_ShopRenewal/VVIPSkin/Name/M4A1_S_BornBeast_SRab/NewName.BIN,config,70,d3f14e70d476860b4c485e08b7a482b3e4d23de47c126defc6dd6bab2cfaa0f6,keyword:M4,0,7,0,1,,,CANDIDATE_ONLY,P5-T03 resource graph closure
809,P5T01-C02767,data/rf192/UI/UI_ShopRenewal/VVIPSkin/Name/M4A1_S_BornBeast_Shaolin/NewName.BIN,config,70,b5e84d949352109c2fd440f034eacb60e5375594019bdacf64096210637c6a08,keyword:M4,0,7,0,1,,,CANDIDATE_ONLY,P5-T03 resource graph closure
810,P5T01-C02768,data/rf192/UI/UI_ShopRenewal/VVIPSkin/Name/M4A1_S_BornBeast_ZhaoYun/NewName.BIN,config,70,28484ac450f872ba3787dda134bcb905b40c48a7e9c93e64501ec7221f463a22,keyword:M4,0,7,0,1,,,CANDIDATE_ONLY,P5-T03 resource graph closure
811,P5T01-C02802,data/rf192/UI/UI_ShopRenewal/VVIPSkin/Name/M4A1_Silencer_PrismBeast_ZL/NewName.BIN,config,70,08dd66ca8b705ec95bf86f0b35ec2ab61968a6f1050edc141478cc7fd0a6ef70,keyword:M4,0,7,0,1,,,CANDIDATE_ONLY,P5-T03 resource graph closure
812,P5T01-C02803,data/rf192/UI/UI_ShopRenewal/VVIPSkin/WeaponIcon/M4A1_S_Beast_361.BIN,config,70,1d302e408eeac97eccc2688b1aedff95e9831221c683338d9625fe1e25db191f,keyword:M4,0,7,0,1,,,CANDIDATE_ONLY,P5-T03 resource graph closure
813,P5T01-C02804,data/rf192/UI/UI_ShopRenewal/VVIPSkin/WeaponIcon/M4A1_S_Beast_Champion.BIN,config,70,c808ee3e49e4eda6af92fea0d3b8ae4c833e6cb7f725ef85061a25b65c3014b5,keyword:M4,0,7,0,1,,,CANDIDATE_ONLY,P5-T03 resource graph closure
814,P5T01-C02805,data/rf192/UI/UI_ShopRenewal/VVIPSkin/WeaponIcon/M4A1_S_Beast_MoZi.BIN,config,70,7be506cd82186302dca3b9dd2868ca46545c40ef2eed6a12d1dc2434a0caa8db,keyword:M4,0,7,0,1,,,CANDIDATE_ONLY,P5-T03 resource graph closure
815,P5T01-C02806,data/rf192/UI/UI_ShopRenewal/VVIPSkin/WeaponIcon/M4A1_S_Beast_Prime.BIN,config,70,032e80a5ba66803c2bdb4c915aa6dda169f3c0139cbe086b1526ca1807ddf708,keyword:M4,0,7,0,1,,,CANDIDATE_ONLY,P5-T03 resource graph closure
816,P5T01-C02807,data/rf192/UI/UI_ShopRenewal/VVIPSkin/WeaponIcon/M4A1_S_Beast_Punk.BIN,config,70,5dc570248d5bf5ad8c805ed43f177abe803954c452f1d6691be909ab02c9773b,keyword:M4,0,7,0,1,,,CANDIDATE_ONLY,P5-T03 resource graph closure
817,P5T01-C02808,data/rf192/UI/UI_ShopRenewal/VVIPSkin/WeaponIcon/M4A1_S_BornBeast_Blaze.BIN,config,70,d2e91f70b3d61e8805350df03a7c33ed8e6d320181b3b0e83d046fb150de3a86,keyword:M4,0,7,0,1,,,CANDIDATE_ONLY,P5-T03 resource graph closure
818,P5T01-C02809,data/rf192/UI/UI_ShopRenewal/VVIPSkin/WeaponIcon/M4A1_S_BornBeast_CFS21.BIN,config,70,10c17dbb3083edc5c772a7023dab93ecb9ca5e909c05da9c63357c4c64b5d4e7,keyword:M4,0,7,0,1,,,CANDIDATE_ONLY,P5-T03 resource graph closure
819,P5T01-C02810,data/rf192/UI/UI_ShopRenewal/VVIPSkin/WeaponIcon/M4A1_S_BornBeast_Champion.BIN,config,70,dbff6ac36f525bc97dc3f84848721dcd20809bf637aabb352f2112ff35a64e3e,keyword:M4,0,7,0,1,,,CANDIDATE_ONLY,P5-T03 resource graph closure
820,P5T01-C02811,data/rf192/UI/UI_ShopRenewal/VVIPSkin/WeaponIcon/M4A1_S_BornBeast_FuXi.BIN,config,70,6a04f72ed43224e69e2c9ce8fb6750a3f01880ea8418273dcc0caf29215dcb8e,keyword:M4,0,7,0,1,,,CANDIDATE_ONLY,P5-T03 resource graph closure
821,P5T01-C02812,data/rf192/UI/UI_ShopRenewal/VVIPSkin/WeaponIcon/M4A1_S_BornBeast_Goldish.BIN,config,70,ff936a8b18b055227d79ea00f816b78eafb4720a82d0d1eb0c78d2571b96c189,keyword:M4,0,7,0,1,,,CANDIDATE_ONLY,P5-T03 resource graph closure
822,P5T01-C02813,data/rf192/UI/UI_ShopRenewal/VVIPSkin/WeaponIcon/M4A1_S_BornBeast_HUYA.BIN,config,70,a1f085584aac13ce6908e25d4c9a4fe7dead6dd9fdd13f9f1d90ce78477fe2b1,keyword:M4,0,7,0,1,,,CANDIDATE_ONLY,P5-T03 resource graph closure
823,P5T01-C02814,data/rf192/UI/UI_ShopRenewal/VVIPSkin/WeaponIcon/M4A1_S_BornBeast_Legend18.BIN,config,70,1870d68e986ab8e8202b284040b89214a0fb226efc06a2855c0694c765bedb21,keyword:M4,0,7,0,1,,,CANDIDATE_ONLY,P5-T03 resource graph closure
824,P5T01-C02815,data/rf192/UI/UI_ShopRenewal/VVIPSkin/WeaponIcon/M4A1_S_BornBeast_MJXW.BIN,config,70,e058c837f9908c96273f6fb2894111f1e2dfdc5129e98e3a1fcfe789f083caee,keyword:M4,0,7,0,1,,,CANDIDATE_ONLY,P5-T03 resource graph closure
825,P5T01-C02816,data/rf192/UI/UI_ShopRenewal/VVIPSkin/WeaponIcon/M4A1_S_BornBeast_Machao.BIN,config,70,9e8a2407d0210372ad829fd644c1e8cafd0fc667af523232c64ac6a021a95b93,keyword:M4,0,7,0,1,,,CANDIDATE_ONLY,P5-T03 resource graph closure
826,P5T01-C02817,data/rf192/UI/UI_ShopRenewal/VVIPSkin/WeaponIcon/M4A1_S_BornBeast_Punk.BIN,config,70,bef767adcce87f93223b8ddd34253a7548bb1d0b1b5b1e8ef1086e9a4e4d6180,keyword:M4,0,7,0,1,,,CANDIDATE_ONLY,P5-T03 resource graph closure
827,P5T01-C02818,data/rf192/UI/UI_ShopRenewal/VVIPSkin/WeaponIcon/M4A1_S_BornBeast_PurplePunk.BIN,config,70,a13e058124a6f84686acd4a31989328cf754859e9697f588384c5880d62dc78d,keyword:M4,0,7,0,1,,,CANDIDATE_ONLY,P5-T03 resource graph closure
828,P5T01-C02819,data/rf192/UI/UI_ShopRenewal/VVIPSkin/WeaponIcon/M4A1_S_BornBeast_Shaolin.BIN,config,70,437de728faf6b632a9936b9cc617ff52d5454df553130329a5739a37c0930d70,keyword:M4,0,7,0,1,,,CANDIDATE_ONLY,P5-T03 resource graph closure
829,P5T01-C02820,data/rf192/UI/UI_ShopRenewal/VVIPSkin/WeaponIcon/M4A1_S_BornBeast_Srab.BIN,config,70,30e983ebe20a198f6aa3553001c7cdbf3934aa33fdfd9d7e6bc93c5fc478f9c7,keyword:M4,0,7,0,1,,,CANDIDATE_ONLY,P5-T03 resource graph closure
830,P5T01-C02821,data/rf192/UI/UI_ShopRenewal/VVIPSkin/WeaponIcon/M4A1_S_BornBeast_ZhaoYun.BIN,config,70,cdfb94ae1409c02cb9b6c4b2e2b73da1611fde889715fd31cf3b0cca3cae6efb,keyword:M4,0,7,0,1,,,CANDIDATE_ONLY,P5-T03 resource graph closure
831,P5T01-C02855,data/rf192/UI/UI_ShopRenewal/VVIPSkin/WeaponIcon/M4A1_Silencer_PrismBeast_ZL.BIN,config,70,01dd386825f9674e6b0740aeab16c99827dc2c57bef5559ed18efbcc4d626706,keyword:M4,0,7,0,1,,,CANDIDATE_ONLY,P5-T03 resource graph closure
832,P5T01-C00195,data/rf016/Models/PLAYERVIEW/PV-BB_M4A1_S_Transformers_BL.LTB,model,65,55e74f617a18ab54c7830b6f3c472be76d0b4ff03f8b489e23800d401c8e45dd,keyword:M4,0,0,0,0,,,CANDIDATE_ONLY,P5-T02 geometry/parts comparison
833,P5T01-C00196,data/rf016/Models/PLAYERVIEW/PV-BB_M4A1_S_Transformers_GR.LTB,model,65,55e74f617a18ab54c7830b6f3c472be76d0b4ff03f8b489e23800d401c8e45dd,keyword:M4,0,0,0,0,,,CANDIDATE_ONLY,P5-T02 geometry/parts comparison
834,P5T01-C00197,data/rf016/Models/PLAYERVIEW/PV-BB_M4A1_S_Transformers_WOMAN_BL.LTB,model,65,55e74f617a18ab54c7830b6f3c472be76d0b4ff03f8b489e23800d401c8e45dd,keyword:M4,0,0,0,0,,,CANDIDATE_ONLY,P5-T02 geometry/parts comparison
835,P5T01-C00198,data/rf016/Models/PLAYERVIEW/PV-BB_M4A1_S_Transformers_WOMAN_GR.LTB,model,65,55e74f617a18ab54c7830b6f3c472be76d0b4ff03f8b489e23800d401c8e45dd,keyword:M4,0,0,0,0,,,CANDIDATE_ONLY,P5-T02 geometry/parts comparison
836,P5T01-C00200,data/rf016/Models/PLAYERVIEW/PV-CatRifle_M4A1_BL.LTB,model,65,dfa9e7572a3b0763afb8cfcb7ad7c3a91d7f85d6f0527d9e981790b8cf36c67e,keyword:M4,0,0,0,0,,,CANDIDATE_ONLY,P5-T02 geometry/parts comparison
837,P5T01-C00201,data/rf016/Models/PLAYERVIEW/PV-CatRifle_M4A1_GR.LTB,model,65,17b62090951c80c2a4ef64d2a7b1ec0dbbd04960b9cb00e812d0827c09dbfe5b,keyword:M4,0,0,0,0,,,CANDIDATE_ONLY,P5-T02 geometry/parts comparison
838,P5T01-C00202,data/rf016/Models/PLAYERVIEW/PV-CatRifle_M4A1_WOMAN_BL.LTB,model,65,f1f24f8644212b1dc741e8cb399792a98bb13640f49f917f9ecf8f643999cecc,keyword:M4,0,0,0,0,,,CANDIDATE_ONLY,P5-T02 geometry/parts comparison
839,P5T01-C00203,data/rf016/Models/PLAYERVIEW/PV-CatRifle_M4A1_WOMAN_GR.LTB,model,65,688138e4e5933bcf455c3b6ceaa5d96d82556d594a17949791bb5161fa75be67,keyword:M4,0,0,0,0,,,CANDIDATE_ONLY,P5-T02 geometry/parts comparison
840,P5T01-C00205,data/rf016/Models/PLAYERVIEW/PV-CatRifle_MOS_M4A1_BL.LTB,model,65,2fd666a87f3bed279c3e6d9d39030a8502e854b336e366e54f6a0e30a5f7fdec,keyword:M4,0,0,0,0,,,CANDIDATE_ONLY,P5-T02 geometry/parts comparison
841,P5T01-C00206,data/rf016/Models/PLAYERVIEW/PV-CatRifle_MOS_M4A1_GR.LTB,model,65,43f63b3dc09ab0f01102cbf7fec3df37690741ff2a9536c6d65b45bd39a72928,keyword:M4,0,0,0,0,,,CANDIDATE_ONLY,P5-T02 geometry/parts comparison
842,P5T01-C00207,data/rf016/Models/PLAYERVIEW/PV-CatRifle_MOS_M4A1_WOMAN_BL.LTB,model,65,9fe05560f73f097d117520d24851374f448cc4c04244c12fd11f983901486641,keyword:M4,0,0,0,0,,,CANDIDATE_ONLY,P5-T02 geometry/parts comparison
843,P5T01-C00208,data/rf016/Models/PLAYERVIEW/PV-CatRifle_MOS_M4A1_WOMAN_GR.LTB,model,65,a3e16e848c3123e3aead8f2de16d0c7f4073e7eac9e85d87f051bebb443efba2,keyword:M4,0,0,0,0,,,CANDIDATE_ONLY,P5-T02 geometry/parts comparison
844,P5T01-C00239,data/rf016/Models/PLAYERVIEW/PV-FD_M4A1_S_Transformers_BL.LTB,model,65,ed4d5a6f4283623803004284a3b64352137ea5fe676b6a947542be2094f09360,keyword:M4,0,0,0,0,,,CANDIDATE_ONLY,P5-T02 geometry/parts comparison
845,P5T01-C00240,data/rf016/Models/PLAYERVIEW/PV-FD_M4A1_S_Transformers_GR.LTB,model,65,ed4d5a6f4283623803004284a3b64352137ea5fe676b6a947542be2094f09360,keyword:M4,0,0,0,0,,,CANDIDATE_ONLY,P5-T02 geometry/parts comparison
846,P5T01-C00242,data/rf016/Models/PLAYERVIEW/PV-FD_M4A1_S_Transformers_PR_BL.LTB,model,65,0c3631269aa643655af108d84cbd62d77ba4bf8b558404c55b47eb45b37f59fc,keyword:M4,0,0,0,0,,,CANDIDATE_ONLY,P5-T02 geometry/parts comparison
847,P5T01-C00243,data/rf016/Models/PLAYERVIEW/PV-FD_M4A1_S_Transformers_PR_GR.LTB,model,65,0c3631269aa643655af108d84cbd62d77ba4bf8b558404c55b47eb45b37f59fc,keyword:M4,0,0,0,0,,,CANDIDATE_ONLY,P5-T02 geometry/parts comparison
848,P5T01-C00244,data/rf016/Models/PLAYERVIEW/PV-FD_M4A1_S_Transformers_PR_WOMAN_BL.LTB,model,65,0c3631269aa643655af108d84cbd62d77ba4bf8b558404c55b47eb45b37f59fc,keyword:M4,0,0,0,0,,,CANDIDATE_ONLY,P5-T02 geometry/parts comparison
849,P5T01-C00245,data/rf016/Models/PLAYERVIEW/PV-FD_M4A1_S_Transformers_PR_WOMAN_GR.LTB,model,65,0c3631269aa643655af108d84cbd62d77ba4bf8b558404c55b47eb45b37f59fc,keyword:M4,0,0,0,0,,,CANDIDATE_ONLY,P5-T02 geometry/parts comparison
850,P5T01-C00246,data/rf016/Models/PLAYERVIEW/PV-FD_M4A1_S_Transformers_WOMAN_BL.LTB,model,65,ed4d5a6f4283623803004284a3b64352137ea5fe676b6a947542be2094f09360,keyword:M4,0,0,0,0,,,CANDIDATE_ONLY,P5-T02 geometry/parts comparison
851,P5T01-C00247,data/rf016/Models/PLAYERVIEW/PV-FD_M4A1_S_Transformers_WOMAN_GR.LTB,model,65,ed4d5a6f4283623803004284a3b64352137ea5fe676b6a947542be2094f09360,keyword:M4,0,0,0,0,,,CANDIDATE_ONLY,P5-T02 geometry/parts comparison
852,P5T01-C00270,data/rf016/Models/PLAYERVIEW/PV-M4A1-CUSTOM2_BR_BL.LTB,model,65,9eab9bb494e2e894c6a5424368b710adaf7d2b7d7432cd385b1e22c36ae17799,keyword:M4,0,0,0,0,,,CANDIDATE_ONLY,P5-T02 geometry/parts comparison
853,P5T01-C00271,data/rf016/Models/PLAYERVIEW/PV-M4A1-CUSTOM2_BR_GR.LTB,model,65,770c98d2ccffb392f16d62311c3a37f47e69bb07090b753fd7ae3335e05129f9,keyword:M4,0,0,0,0,,,CANDIDATE_ONLY,P5-T02 geometry/parts comparison
854,P5T01-C00272,data/rf016/Models/PLAYERVIEW/PV-M4A1-CUSTOM2_BR_WOMAN_BL.LTB,model,65,cf4f6bb53f1916a044aabff00cc05a665db678f3d9869e4a8ba77b3613d3922d,keyword:M4,0,0,0,0,,,CANDIDATE_ONLY,P5-T02 geometry/parts comparison
855,P5T01-C00273,data/rf016/Models/PLAYERVIEW/PV-M4A1-CUSTOM2_BR_WOMAN_GR.LTB,model,65,4f219137a8fbd0eccc19637b33aac115ffa07730597ff3d7a5b08063731d5f57,keyword:M4,0,0,0,0,,,CANDIDATE_ONLY,P5-T02 geometry/parts comparison
856,P5T01-C00274,data/rf016/Models/PLAYERVIEW/PV-M4A1-CUSTOM_BL.LTB,model,65,2ee8bfa3e11107d062cd883959d746055ca23d1b29313fa49c8ea68f828a8e84,keyword:M4,0,0,0,0,,,CANDIDATE_ONLY,P5-T02 geometry/parts comparison
857,P5T01-C00276,data/rf016/Models/PLAYERVIEW/PV-M4A1-CUSTOM_BR_BL.LTB,model,65,e05fe73bd38b3858698061be2bc7d224c39eaacd5fd2695116125441b5ea9d47,keyword:M4,0,0,0,0,,,CANDIDATE_ONLY,P5-T02 geometry/parts comparison
858,P5T01-C00277,data/rf016/Models/PLAYERVIEW/PV-M4A1-CUSTOM_BR_GR.LTB,model,65,369b008a6bd40fa904128f5640188819f9bf3b170d954c53293cbfa055b54f23,keyword:M4,0,0,0,0,,,CANDIDATE_ONLY,P5-T02 geometry/parts comparison
859,P5T01-C00278,data/rf016/Models/PLAYERVIEW/PV-M4A1-CUSTOM_BR_WOMAN_BL.LTB,model,65,f52a6a54c617b728233668683129229de0581c9830a010a0407f0ffeb93241a4,keyword:M4,0,0,0,0,,,CANDIDATE_ONLY,P5-T02 geometry/parts comparison
860,P5T01-C00279,data/rf016/Models/PLAYERVIEW/PV-M4A1-CUSTOM_BR_WOMAN_GR.LTB,model,65,1d4bd49046913c2d032f3f854004beff49561f778dd526d81281bef796659d55,keyword:M4,0,0,0,0,,,CANDIDATE_ONLY,P5-T02 geometry/parts comparison
861,P5T01-C00280,data/rf016/Models/PLAYERVIEW/PV-M4A1-CUSTOM_GR.LTB,model,65,6dd8e97e929f3c5c9c18ddcbc76eb81d3a4dfe81b58fe41ebeea77f763fb6352,keyword:M4,0,0,0,0,,,CANDIDATE_ONLY,P5-T02 geometry/parts comparison
862,P5T01-C00281,data/rf016/Models/PLAYERVIEW/PV-M4A1-CUSTOM_WOMAN_BL.LTB,model,65,d34d75f587c342097c7753592c115982bd3435c12f32dc07c22c0a8eb3c7a31e,keyword:M4,0,0,0,0,,,CANDIDATE_ONLY,P5-T02 geometry/parts comparison
863,P5T01-C00282,data/rf016/Models/PLAYERVIEW/PV-M4A1-CUSTOM_WOMAN_GR.LTB,model,65,2086e045cd23dd495414b2984bed48a1450ced7612d440afbff711f546adf427,keyword:M4,0,0,0,0,,,CANDIDATE_ONLY,P5-T02 geometry/parts comparison
864,P5T01-C00284,data/rf016/Models/PLAYERVIEW/PV-M4A1-E_BL.LTB,model,65,ca9ca4f8503efcaa81454b36fe473f56ca6e144ee704a1602908f9860b6ac127,keyword:M4,0,0,0,0,,,CANDIDATE_ONLY,P5-T02 geometry/parts comparison
865,P5T01-C00285,data/rf016/Models/PLAYERVIEW/PV-M4A1-E_GR.LTB,model,65,527fa8020328cdfd18c06aee13f53dd237552619c5df7a85ce59655463bdae26,keyword:M4,0,0,0,0,,,CANDIDATE_ONLY,P5-T02 geometry/parts comparison
866,P5T01-C00286,data/rf016/Models/PLAYERVIEW/PV-M4A1-E_WOMAN_BL.LTB,model,65,9865c2a3e7c5f4409846513baf46d287c41f16f67519879bae7896689886a16e,keyword:M4,0,0,0,0,,,CANDIDATE_ONLY,P5-T02 geometry/parts comparison
867,P5T01-C00287,data/rf016/Models/PLAYERVIEW/PV-M4A1-E_WOMAN_GR.LTB,model,65,74ab4e0397bc9b1f2bebdc131ff879bb648328c70ae47c1a1b29af48b770bb6c,keyword:M4,0,0,0,0,,,CANDIDATE_ONLY,P5-T02 geometry/parts comparison
868,P5T01-C00289,data/rf016/Models/PLAYERVIEW/PV-M4A1_BL.LTB,model,65,ab426c43dbc9263b2e7e40a47363490660c7d7df7413971be315ab6f4f70ce36,keyword:M4,0,0,0,0,,,CANDIDATE_ONLY,P5-T02 geometry/parts comparison
869,P5T01-C00296,data/rf016/Models/PLAYERVIEW/PV-M4A1_Balance_BL.LTB,model,65,dc9a81ee44044d92c6ac8d74dac49a9915ff0b6bb3764c77dd5ea5d54f8ab58b,keyword:M4,0,0,0,0,,,CANDIDATE_ONLY,P5-T02 geometry/parts comparison
870,P5T01-C00297,data/rf016/Models/PLAYERVIEW/PV-M4A1_Balance_GR.LTB,model,65,2d85474b1e87d46829de56108f1219e7fd914e0bea77b5b9375c919341be743b,keyword:M4,0,0,0,0,,,CANDIDATE_ONLY,P5-T02 geometry/parts comparison
871,P5T01-C00298,data/rf016/Models/PLAYERVIEW/PV-M4A1_Balance_WOMAN_BL.LTB,model,65,6adcf0c0efaab2a97c4f2e99127a8e829be5224d2988a4c40a96f13008e61ea8,keyword:M4,0,0,0,0,,,CANDIDATE_ONLY,P5-T02 geometry/parts comparison
872,P5T01-C00299,data/rf016/Models/PLAYERVIEW/PV-M4A1_Balance_WOMAN_GR.LTB,model,65,8e54d0ac7da916f8a4cfdf7d2ba34f48c3caf703da6389fc863e83e3c2eb2a4c,keyword:M4,0,0,0,0,,,CANDIDATE_ONLY,P5-T02 geometry/parts comparison
873,P5T01-C00301,data/rf016/Models/PLAYERVIEW/PV-M4A1_CFS2025_BL.LTB,model,65,8292e022546b2d94535c8655f2dfb996ab80deaad56bc41ec26d4066da4c3e16,keyword:M4,0,0,0,0,,,CANDIDATE_ONLY,P5-T02 geometry/parts comparison
874,P5T01-C00302,data/rf016/Models/PLAYERVIEW/PV-M4A1_CFS2025_GR.LTB,model,65,8292e022546b2d94535c8655f2dfb996ab80deaad56bc41ec26d4066da4c3e16,keyword:M4,0,0,0,0,,,CANDIDATE_ONLY,P5-T02 geometry/parts comparison
875,P5T01-C00303,data/rf016/Models/PLAYERVIEW/PV-M4A1_CFS2025_WOMAN_BL.LTB,model,65,8292e022546b2d94535c8655f2dfb996ab80deaad56bc41ec26d4066da4c3e16,keyword:M4,0,0,0,0,,,CANDIDATE_ONLY,P5-T02 geometry/parts comparison
876,P5T01-C00304,data/rf016/Models/PLAYERVIEW/PV-M4A1_CFS2025_WOMAN_GR.LTB,model,65,8292e022546b2d94535c8655f2dfb996ab80deaad56bc41ec26d4066da4c3e16,keyword:M4,0,0,0,0,,,CANDIDATE_ONLY,P5-T02 geometry/parts comparison
877,P5T01-C00306,data/rf016/Models/PLAYERVIEW/PV-M4A1_CFS2026_BL.LTB,model,65,fdf0c739705e7cb4d429c9d63ef0a488353040a223c60730555d646f2dbbf9b8,keyword:M4,0,0,0,0,,,CANDIDATE_ONLY,P5-T02 geometry/parts comparison
878,P5T01-C00307,data/rf016/Models/PLAYERVIEW/PV-M4A1_CFS2026_GR.LTB,model,65,fdf0c739705e7cb4d429c9d63ef0a488353040a223c60730555d646f2dbbf9b8,keyword:M4,0,0,0,0,,,CANDIDATE_ONLY,P5-T02 geometry/parts comparison
879,P5T01-C00308,data/rf016/Models/PLAYERVIEW/PV-M4A1_CFS2026_WOMAN_BL.LTB,model,65,fdf0c739705e7cb4d429c9d63ef0a488353040a223c60730555d646f2dbbf9b8,keyword:M4,0,0,0,0,,,CANDIDATE_ONLY,P5-T02 geometry/parts comparison
880,P5T01-C00309,data/rf016/Models/PLAYERVIEW/PV-M4A1_CFS2026_WOMAN_GR.LTB,model,65,fdf0c739705e7cb4d429c9d63ef0a488353040a223c60730555d646f2dbbf9b8,keyword:M4,0,0,0,0,,,CANDIDATE_ONLY,P5-T02 geometry/parts comparison
881,P5T01-C00311,data/rf016/Models/PLAYERVIEW/PV-M4A1_CHICKEN_BL.LTB,model,65,39dc1ddff47b3a8b575a10a4478b27c6986a63b4f40222f417d9c98c4135cb13,keyword:M4,0,0,0,0,,,CANDIDATE_ONLY,P5-T02 geometry/parts comparison
882,P5T01-C00312,data/rf016/Models/PLAYERVIEW/PV-M4A1_CHICKEN_GR.LTB,model,65,56a04b8a4e54f4c460505507293ccf53214fdba8f590db87b21ce8dd71484b97,keyword:M4,0,0,0,0,,,CANDIDATE_ONLY,P5-T02 geometry/parts comparison
883,P5T01-C00313,data/rf016/Models/PLAYERVIEW/PV-M4A1_CHICKEN_WOMAN_BL.LTB,model,65,22e40807f9903c7bf270d8b6044e8f052513c452b0a8632025edf2bed16c1728,keyword:M4,0,0,0,0,,,CANDIDATE_ONLY,P5-T02 geometry/parts comparison
884,P5T01-C00314,data/rf016/Models/PLAYERVIEW/PV-M4A1_CHICKEN_WOMAN_GR.LTB,model,65,ed7fda9537649307f84218f883f0885b718f9899c3028f41b89a5487f0dbe33b,keyword:M4,0,0,0,0,,,CANDIDATE_ONLY,P5-T02 geometry/parts comparison
885,P5T01-C00316,data/rf016/Models/PLAYERVIEW/PV-M4A1_C_Brasil_BR_BL.LTB,model,65,23fcd479600202c0a00a846f5dd45adeeb708b5e451c02cc19dc14f5266e8f3e,keyword:M4,0,0,0,0,,,CANDIDATE_ONLY,P5-T02 geometry/parts comparison
886,P5T01-C00317,data/rf016/Models/PLAYERVIEW/PV-M4A1_C_Brasil_BR_GR.LTB,model,65,54db0d6c3f463660dac642d6c7b4c38b85a644ee5510fa16d504c50526718134,keyword:M4,0,0,0,0,,,CANDIDATE_ONLY,P5-T02 geometry/parts comparison
887,P5T01-C00318,data/rf016/Models/PLAYERVIEW/PV-M4A1_C_Brasil_BR_WOMAN_BL.LTB,model,65,034a26963c5e166489b20c9aceb0f2af34528fbeaca9b30dd7937bcfcb735fff,keyword:M4,0,0,0,0,,,CANDIDATE_ONLY,P5-T02 geometry/parts comparison
888,P5T01-C00319,data/rf016/Models/PLAYERVIEW/PV-M4A1_C_Brasil_BR_WOMAN_GR.LTB,model,65,d56aec94141e299c0414fbf80dbc66d3d7efa7b5b0ecca933093fafc71abc445,keyword:M4,0,0,0,0,,,CANDIDATE_ONLY,P5-T02 geometry/parts comparison
889,P5T01-C00321,data/rf016/Models/PLAYERVIEW/PV-M4A1_C_Danger_BL.LTB,model,65,0b45d264aa6591ae022c9ba27343fff479b95862ac33bea758b4b11975c28e07,keyword:M4,0,0,0,0,,,CANDIDATE_ONLY,P5-T02 geometry/parts comparison
890,P5T01-C00322,data/rf016/Models/PLAYERVIEW/PV-M4A1_C_Danger_GR.LTB,model,65,0b45d264aa6591ae022c9ba27343fff479b95862ac33bea758b4b11975c28e07,keyword:M4,0,0,0,0,,,CANDIDATE_ONLY,P5-T02 geometry/parts comparison
891,P5T01-C00323,data/rf016/Models/PLAYERVIEW/PV-M4A1_C_Danger_WOMAN_BL.LTB,model,65,0b45d264aa6591ae022c9ba27343fff479b95862ac33bea758b4b11975c28e07,keyword:M4,0,0,0,0,,,CANDIDATE_ONLY,P5-T02 geometry/parts comparison
892,P5T01-C00324,data/rf016/Models/PLAYERVIEW/PV-M4A1_C_Danger_WOMAN_GR.LTB,model,65,0b45d264aa6591ae022c9ba27343fff479b95862ac33bea758b4b11975c28e07,keyword:M4,0,0,0,0,,,CANDIDATE_ONLY,P5-T02 geometry/parts comparison
893,P5T01-C00326,data/rf016/Models/PLAYERVIEW/PV-M4A1_C_DevilWing_BL.LTB,model,65,7d6e3c386673fbc3a2b2af7336a2846dbf401d0fa46ba8745f82e3aab8834d46,keyword:M4,0,0,0,0,,,CANDIDATE_ONLY,P5-T02 geometry/parts comparison
894,P5T01-C00327,data/rf016/Models/PLAYERVIEW/PV-M4A1_C_DevilWing_GR.LTB,model,65,14643659666c8e4f3bafd34f67618fbec68e2dea7ffbf917faf46362452db9c7,keyword:M4,0,0,0,0,,,CANDIDATE_ONLY,P5-T02 geometry/parts comparison
895,P5T01-C00328,data/rf016/Models/PLAYERVIEW/PV-M4A1_C_DevilWing_WOMAN_BL.LTB,model,65,454f800b46557f869e63bd2a4ef1eff8fbe72bd9bdc7e7650e39e522cb288020,keyword:M4,0,0,0,0,,,CANDIDATE_ONLY,P5-T02 geometry/parts comparison
896,P5T01-C00329,data/rf016/Models/PLAYERVIEW/PV-M4A1_C_DevilWing_WOMAN_GR.LTB,model,65,cb2277ebe1619a800441b80d2e407490ed503e3af67b1c5db75f3aca6d63afed,keyword:M4,0,0,0,0,,,CANDIDATE_ONLY,P5-T02 geometry/parts comparison
897,P5T01-C00331,data/rf016/Models/PLAYERVIEW/PV-M4A1_C_UltimateGold_BL.LTB,model,65,671bae41d206581de407dbd4eeac0d75cad8f557f78250fe951fe3f65e536a35,keyword:M4,0,0,0,0,,,CANDIDATE_ONLY,P5-T02 geometry/parts comparison
898,P5T01-C00332,data/rf016/Models/PLAYERVIEW/PV-M4A1_C_UltimateGold_GR.LTB,model,65,6a0702070926383d69bedd216f26c72f54c06d9676f8bcdf068bd670961b3b1a,keyword:M4,0,0,0,0,,,CANDIDATE_ONLY,P5-T02 geometry/parts comparison
899,P5T01-C00333,data/rf016/Models/PLAYERVIEW/PV-M4A1_C_UltimateGold_WOMAN_BL.LTB,model,65,7951b33166150f4b5de80ffeac63c9aaa71f323ef145794104b351c0f3744173,keyword:M4,0,0,0,0,,,CANDIDATE_ONLY,P5-T02 geometry/parts comparison
900,P5T01-C00334,data/rf016/Models/PLAYERVIEW/PV-M4A1_C_UltimateGold_WOMAN_GR.LTB,model,65,022a3bbb30a30fa37dca39072ec045a0774510b3d62c56a075a75d014632b16e,keyword:M4,0,0,0,0,,,CANDIDATE_ONLY,P5-T02 geometry/parts comparison
901,P5T01-C00336,data/rf016/Models/PLAYERVIEW/PV-M4A1_C_Unicorn_BL.LTB,model,65,89ecf5943923940471467a815e24a87b3a5f03e17d4a1eaaada40aabe29ca4ad,keyword:M4,0,0,0,0,,,CANDIDATE_ONLY,P5-T02 geometry/parts comparison
902,P5T01-C00337,data/rf016/Models/PLAYERVIEW/PV-M4A1_C_Unicorn_GR.LTB,model,65,ee615878a56e0e2e73f885f3c671eab2c8ae4073fae8ec97fd33d4b0272a47df,keyword:M4,0,0,0,0,,,CANDIDATE_ONLY,P5-T02 geometry/parts comparison
903,P5T01-C00338,data/rf016/Models/PLAYERVIEW/PV-M4A1_C_Unicorn_WOMAN_BL.LTB,model,65,464d6599c69479c9d70bed01e9c376a4e82b0e5530feb4bcc963f437c84bacb1,keyword:M4,0,0,0,0,,,CANDIDATE_ONLY,P5-T02 geometry/parts comparison
904,P5T01-C00339,data/rf016/Models/PLAYERVIEW/PV-M4A1_C_Unicorn_WOMAN_GR.LTB,model,65,8a41140d83eb646037dde58f8a7796abbff0d7a9113446c3628072eebe5a00dc,keyword:M4,0,0,0,0,,,CANDIDATE_ONLY,P5-T02 geometry/parts comparison
905,P5T01-C00341,data/rf016/Models/PLAYERVIEW/PV-M4A1_Custom_RedCrystal_BL.LTB,model,65,6696639b7370d06c59a8218c14d0fc1695316d5b699f7c2298ecf4b549295301,keyword:M4,0,0,0,0,,,CANDIDATE_ONLY,P5-T02 geometry/parts comparison
906,P5T01-C00342,data/rf016/Models/PLAYERVIEW/PV-M4A1_Custom_RedCrystal_GR.LTB,model,65,c5a041fe13e9ee67da5c03a47f359a680d049b82073f8c42d7328c0702540300,keyword:M4,0,0,0,0,,,CANDIDATE_ONLY,P5-T02 geometry/parts comparison
907,P5T01-C00343,data/rf016/Models/PLAYERVIEW/PV-M4A1_Custom_RedCrystal_WOMAN_BL.LTB,model,65,7443bded7e1152877fd185729885eecd9c0a440cfde0cbcf0aae0993696dd4cf,keyword:M4,0,0,0,0,,,CANDIDATE_ONLY,P5-T02 geometry/parts comparison
908,P5T01-C00344,data/rf016/Models/PLAYERVIEW/PV-M4A1_Custom_RedCrystal_WOMAN_GR.LTB,model,65,c4088f090c3705edfae4b60de04faccc5c0ca2d09d4c04361e747c0358600df8,keyword:M4,0,0,0,0,,,CANDIDATE_ONLY,P5-T02 geometry/parts comparison
909,P5T01-C00346,data/rf016/Models/PLAYERVIEW/PV-M4A1_Custom_Tech_BL.LTB,model,65,eeb4fc3c2a6fc7956afc1a9cb17165a37ada40ebca56ed7002bcc9d30866c243,keyword:M4,0,0,0,0,,,CANDIDATE_ONLY,P5-T02 geometry/parts comparison
910,P5T01-C00347,data/rf016/Models/PLAYERVIEW/PV-M4A1_Custom_Tech_GR.LTB,model,65,eeb4fc3c2a6fc7956afc1a9cb17165a37ada40ebca56ed7002bcc9d30866c243,keyword:M4,0,0,0,0,,,CANDIDATE_ONLY,P5-T02 geometry/parts comparison
911,P5T01-C00348,data/rf016/Models/PLAYERVIEW/PV-M4A1_Custom_Tech_WOMAN_BL.LTB,model,65,eeb4fc3c2a6fc7956afc1a9cb17165a37ada40ebca56ed7002bcc9d30866c243,keyword:M4,0,0,0,0,,,CANDIDATE_ONLY,P5-T02 geometry/parts comparison
912,P5T01-C00349,data/rf016/Models/PLAYERVIEW/PV-M4A1_Custom_Tech_WOMAN_GR.LTB,model,65,eeb4fc3c2a6fc7956afc1a9cb17165a37ada40ebca56ed7002bcc9d30866c243,keyword:M4,0,0,0,0,,,CANDIDATE_ONLY,P5-T02 geometry/parts comparison
913,P5T01-C00351,data/rf016/Models/PLAYERVIEW/PV-M4A1_EventMatch_BL.LTB,model,65,6020c795d3614cf97232822dd902157e31ae609a4a7ee681478a900f6409ff65,keyword:M4,0,0,0,0,,,CANDIDATE_ONLY,P5-T02 geometry/parts comparison
914,P5T01-C00353,data/rf016/Models/PLAYERVIEW/PV-M4A1_EventMatch_GP_BL.LTB,model,65,cce9aa909b626e678181c732cb3a71a8a12247b1a6d7f7ee874511be0fb7a9d8,keyword:M4,0,0,0,0,,,CANDIDATE_ONLY,P5-T02 geometry/parts comparison
915,P5T01-C00354,data/rf016/Models/PLAYERVIEW/PV-M4A1_EventMatch_GP_GR.LTB,model,65,cce9aa909b626e678181c732cb3a71a8a12247b1a6d7f7ee874511be0fb7a9d8,keyword:M4,0,0,0,0,,,CANDIDATE_ONLY,P5-T02 geometry/parts comparison
916,P5T01-C00355,data/rf016/Models/PLAYERVIEW/PV-M4A1_EventMatch_GP_WOMAN_BL.LTB,model,65,cce9aa909b626e678181c732cb3a71a8a12247b1a6d7f7ee874511be0fb7a9d8,keyword:M4,0,0,0,0,,,CANDIDATE_ONLY,P5-T02 geometry/parts comparison
917,P5T01-C00356,data/rf016/Models/PLAYERVIEW/PV-M4A1_EventMatch_GP_WOMAN_GR.LTB,model,65,cce9aa909b626e678181c732cb3a71a8a12247b1a6d7f7ee874511be0fb7a9d8,keyword:M4,0,0,0,0,,,CANDIDATE_ONLY,P5-T02 geometry/parts comparison
918,P5T01-C00357,data/rf016/Models/PLAYERVIEW/PV-M4A1_EventMatch_GR.LTB,model,65,6020c795d3614cf97232822dd902157e31ae609a4a7ee681478a900f6409ff65,keyword:M4,0,0,0,0,,,CANDIDATE_ONLY,P5-T02 geometry/parts comparison
919,P5T01-C00358,data/rf016/Models/PLAYERVIEW/PV-M4A1_EventMatch_WOMAN_BL.LTB,model,65,6020c795d3614cf97232822dd902157e31ae609a4a7ee681478a900f6409ff65,keyword:M4,0,0,0,0,,,CANDIDATE_ONLY,P5-T02 geometry/parts comparison
920,P5T01-C00359,data/rf016/Models/PLAYERVIEW/PV-M4A1_EventMatch_WOMAN_GR.LTB,model,65,6020c795d3614cf97232822dd902157e31ae609a4a7ee681478a900f6409ff65,keyword:M4,0,0,0,0,,,CANDIDATE_ONLY,P5-T02 geometry/parts comparison
921,P5T01-C00360,data/rf016/Models/PLAYERVIEW/PV-M4A1_GR.LTB,model,65,a63ce757560ecc526fde045b274298ef3a18bac4b75b2f4a8d05445a07cbbc5c,keyword:M4,0,0,0,0,,,CANDIDATE_ONLY,P5-T02 geometry/parts comparison
922,P5T01-C00362,data/rf016/Models/PLAYERVIEW/PV-M4A1_Guitar_BL.LTB,model,65,1d16bbb5c8d162d50c4a229caf609ec64c9c3aad7a6e8e4f004ae0253cbb09ea,keyword:M4,0,0,0,0,,,CANDIDATE_ONLY,P5-T02 geometry/parts comparison
923,P5T01-C00363,data/rf016/Models/PLAYERVIEW/PV-M4A1_Guitar_GR.LTB,model,65,f1f52d1f61a73724ff5c8326177d4599db78314cc2d7ab92fedf7ecb91644872,keyword:M4,0,0,0,0,,,CANDIDATE_ONLY,P5-T02 geometry/parts comparison
924,P5T01-C00365,data/rf016/Models/PLAYERVIEW/PV-M4A1_Guitar_Graffiti_BL.LTB,model,65,4be470c4d174924b2d55f018e0b8e9f4a9588133a08579a34f121f8fc6351cc6,keyword:M4,0,0,0,0,,,CANDIDATE_ONLY,P5-T02 geometry/parts comparison
925,P5T01-C00366,data/rf016/Models/PLAYERVIEW/PV-M4A1_Guitar_Graffiti_GR.LTB,model,65,32247b2c44bd19fa09fcd51c5b526bf4609031fdcf4ed50471ac196677d42ad9,keyword:M4,0,0,0,0,,,CANDIDATE_ONLY,P5-T02 geometry/parts comparison
926,P5T01-C00367,data/rf016/Models/PLAYERVIEW/PV-M4A1_Guitar_Graffiti_WOMAN_BL.LTB,model,65,6f42b79ae25f854cb0c33be6579d45a497d9284299da492ab7005cee678238d1,keyword:M4,0,0,0,0,,,CANDIDATE_ONLY,P5-T02 geometry/parts comparison
927,P5T01-C00368,data/rf016/Models/PLAYERVIEW/PV-M4A1_Guitar_Graffiti_WOMAN_GR.LTB,model,65,3db268c855cda5036fa0f634b6e4b28e94c0fa83f3f7d9f2e57607bc832039e3,keyword:M4,0,0,0,0,,,CANDIDATE_ONLY,P5-T02 geometry/parts comparison
928,P5T01-C00369,data/rf016/Models/PLAYERVIEW/PV-M4A1_Guitar_WOMAN_BL.LTB,model,65,1f9a720b5b4b22979d50e159e58bfc542ad90f7c9817d4949cfdcf85abe679db,keyword:M4,0,0,0,0,,,CANDIDATE_ONLY,P5-T02 geometry/parts comparison
929,P5T01-C00370,data/rf016/Models/PLAYERVIEW/PV-M4A1_Guitar_WOMAN_GR.LTB,model,65,2ba4d8f183b0a570184b3178fb611ff0174a3d713816ad3ce76429446325d8fb,keyword:M4,0,0,0,0,,,CANDIDATE_ONLY,P5-T02 geometry/parts comparison
930,P5T01-C00372,data/rf016/Models/PLAYERVIEW/PV-M4A1_MachineReaper_BL.LTB,model,65,d82daf78ac41c6ef8c0b8f913211eb511f2a6436485c3e44087bebfdc35ca3d6,keyword:M4,0,0,0,0,,,CANDIDATE_ONLY,P5-T02 geometry/parts comparison
931,P5T01-C00373,data/rf016/Models/PLAYERVIEW/PV-M4A1_MachineReaper_GR.LTB,model,65,4dd39cf13670e741362f450807bec62bbeceb4865ebb9e48419639599ed149a3,keyword:M4,0,0,0,0,,,CANDIDATE_ONLY,P5-T02 geometry/parts comparison
932,P5T01-C00374,data/rf016/Models/PLAYERVIEW/PV-M4A1_MachineReaper_WOMAN_BL.LTB,model,65,ed0f8e15de7d1b24c3f905349659b0da6f088d061ff4f026432a3cd0c13dd280,keyword:M4,0,0,0,0,,,CANDIDATE_ONLY,P5-T02 geometry/parts comparison
933,P5T01-C00375,data/rf016/Models/PLAYERVIEW/PV-M4A1_MachineReaper_WOMAN_GR.LTB,model,65,7984beb8ff2675f3df31a9f61d940a8d0613fa97b18ef7736142b2580927651a,keyword:M4,0,0,0,0,,,CANDIDATE_ONLY,P5-T02 geometry/parts comparison
934,P5T01-C00377,data/rf016/Models/PLAYERVIEW/PV-M4A1_NW_BL.LTB,model,65,f51e31635e6831dbb7c8e2674b630b6c8b479f5d298809ee4d99d3dee4914e51,keyword:M4,0,0,0,0,,,CANDIDATE_ONLY,P5-T02 geometry/parts comparison
935,P5T01-C00378,data/rf016/Models/PLAYERVIEW/PV-M4A1_NW_GR.LTB,model,65,f51e31635e6831dbb7c8e2674b630b6c8b479f5d298809ee4d99d3dee4914e51,keyword:M4,0,0,0,0,,,CANDIDATE_ONLY,P5-T02 geometry/parts comparison
936,P5T01-C00379,data/rf016/Models/PLAYERVIEW/PV-M4A1_NW_WOMAN_BL.LTB,model,65,f51e31635e6831dbb7c8e2674b630b6c8b479f5d298809ee4d99d3dee4914e51,keyword:M4,0,0,0,0,,,CANDIDATE_ONLY,P5-T02 geometry/parts comparison
937,P5T01-C00380,data/rf016/Models/PLAYERVIEW/PV-M4A1_NW_WOMAN_GR.LTB,model,65,f51e31635e6831dbb7c8e2674b630b6c8b479f5d298809ee4d99d3dee4914e51,keyword:M4,0,0,0,0,,,CANDIDATE_ONLY,P5-T02 geometry/parts comparison
938,P5T01-C00382,data/rf016/Models/PLAYERVIEW/PV-M4A1_SILENCER_BL.LTB,model,65,a65fe242d4b66f430bb8ef879e69096187f5be2167e8d0e9359d27ff0fee9ab0,keyword:M4,0,0,0,0,,,CANDIDATE_ONLY,P5-T02 geometry/parts comparison
939,P5T01-C00383,data/rf016/Models/PLAYERVIEW/PV-M4A1_SILENCER_GR.LTB,model,65,ba4cd2ea15b28d1418d1fec65c70491757eb99b88e6e54f8a74061d3075f3e65,keyword:M4,0,0,0,0,,,CANDIDATE_ONLY,P5-T02 geometry/parts comparison
940,P5T01-C00384,data/rf016/Models/PLAYERVIEW/PV-M4A1_SILENCER_WOMAN_BL.LTB,model,65,844eeba46248da91599f3e27c4c02879023ae1970b6e6a9b955e21a5abe6878f,keyword:M4,0,0,0,0,,,CANDIDATE_ONLY,P5-T02 geometry/parts comparison
941,P5T01-C00385,data/rf016/Models/PLAYERVIEW/PV-M4A1_SILENCER_WOMAN_GR.LTB,model,65,71e41660ff45d23ebe617a26fb148d3589cf1065b573ae5bd81d318add67f3c7,keyword:M4,0,0,0,0,,,CANDIDATE_ONLY,P5-T02 geometry/parts comparison
942,P5T01-C00397,data/rf016/Models/PLAYERVIEW/PV-M4A1_S_ArtNeon_BL.LTB,model,65,a3e363b2fd1e64fe30dd64c33e5f3693596dba5c5323a539848254129bb8c96a,keyword:M4,0,0,0,0,,,CANDIDATE_ONLY,P5-T02 geometry/parts comparison
943,P5T01-C00398,data/rf016/Models/PLAYERVIEW/PV-M4A1_S_ArtNeon_GR.LTB,model,65,a3e363b2fd1e64fe30dd64c33e5f3693596dba5c5323a539848254129bb8c96a,keyword:M4,0,0,0,0,,,CANDIDATE_ONLY,P5-T02 geometry/parts comparison
944,P5T01-C00399,data/rf016/Models/PLAYERVIEW/PV-M4A1_S_ArtNeon_WOMAN_BL.LTB,model,65,a3e363b2fd1e64fe30dd64c33e5f3693596dba5c5323a539848254129bb8c96a,keyword:M4,0,0,0,0,,,CANDIDATE_ONLY,P5-T02 geometry/parts comparison
945,P5T01-C00400,data/rf016/Models/PLAYERVIEW/PV-M4A1_S_ArtNeon_WOMAN_GR.LTB,model,65,a3e363b2fd1e64fe30dd64c33e5f3693596dba5c5323a539848254129bb8c96a,keyword:M4,0,0,0,0,,,CANDIDATE_ONLY,P5-T02 geometry/parts comparison
946,P5T01-C00453,data/rf016/Models/PLAYERVIEW/PV-M4A1_S_Blossoms_NYMPHS_BL.LTB,model,65,885db41cc006162a03ab76ddd16f3e27235cd5e6b5c24615c428e67919255db4,keyword:M4,0,0,0,0,,,CANDIDATE_ONLY,P5-T02 geometry/parts comparison
947,P5T01-C00454,data/rf016/Models/PLAYERVIEW/PV-M4A1_S_Blossoms_NYMPHS_GR.LTB,model,65,b88cf81986b9f20ca677b9321b9f3cea35f09398eac6099190c5249aea512feb,keyword:M4,0,0,0,0,,,CANDIDATE_ONLY,P5-T02 geometry/parts comparison
948,P5T01-C00455,data/rf016/Models/PLAYERVIEW/PV-M4A1_S_Blossoms_NYMPHS_WOMAN_BL.LTB,model,65,0deae5f834ced05d20b71698c8ee609c963d70d892eb11953f0955b6f721931d,keyword:M4,0,0,0,0,,,CANDIDATE_ONLY,P5-T02 geometry/parts comparison
949,P5T01-C00456,data/rf016/Models/PLAYERVIEW/PV-M4A1_S_Blossoms_NYMPHS_WOMAN_GR.LTB,model,65,673546dc8a14a2faeac7e2a0ba9722c86bf30c2e07396388b72c064d67406c42,keyword:M4,0,0,0,0,,,CANDIDATE_ONLY,P5-T02 geometry/parts comparison
950,P5T01-C00555,data/rf016/Models/PLAYERVIEW/PV-M4A1_S_Dominator_BL.LTB,model,65,7fda5b5e03d7ed29e1df35502d0a942d4c5c73e2029eb8f20fbf332bcb24b8d8,keyword:M4,0,0,0,0,,,CANDIDATE_ONLY,P5-T02 geometry/parts comparison
951,P5T01-C00556,data/rf016/Models/PLAYERVIEW/PV-M4A1_S_Dominator_GR.LTB,model,65,7fda5b5e03d7ed29e1df35502d0a942d4c5c73e2029eb8f20fbf332bcb24b8d8,keyword:M4,0,0,0,0,,,CANDIDATE_ONLY,P5-T02 geometry/parts comparison
952,P5T01-C00557,data/rf016/Models/PLAYERVIEW/PV-M4A1_S_Dominator_WOMAN_BL.LTB,model,65,7fda5b5e03d7ed29e1df35502d0a942d4c5c73e2029eb8f20fbf332bcb24b8d8,keyword:M4,0,0,0,0,,,CANDIDATE_ONLY,P5-T02 geometry/parts comparison
953,P5T01-C00558,data/rf016/Models/PLAYERVIEW/PV-M4A1_S_Dominator_WOMAN_GR.LTB,model,65,7fda5b5e03d7ed29e1df35502d0a942d4c5c73e2029eb8f20fbf332bcb24b8d8,keyword:M4,0,0,0,0,,,CANDIDATE_ONLY,P5-T02 geometry/parts comparison
954,P5T01-C00559,data/rf016/Models/PLAYERVIEW/PV-M4A1_S_DragonAspect.LTB,model,65,de5f2f06a8b7c67e6ce67bcc79bef7aa42d140322e911aa8c85267097d55bc68,keyword:M4,0,0,0,0,,,CANDIDATE_ONLY,P5-T02 geometry/parts comparison
955,P5T01-C00560,data/rf016/Models/PLAYERVIEW/PV-M4A1_S_DragonAspect_BL.LTB,model,65,5331efa52cad0267ce3c64208b7d5538f80b08028b6eb9b878135eea7c7513fb,keyword:M4,0,0,0,0,,,CANDIDATE_ONLY,P5-T02 geometry/parts comparison
956,P5T01-C00561,data/rf016/Models/PLAYERVIEW/PV-M4A1_S_DragonAspect_Chg.LTB,model,65,e5b800d3da809f9bf9d925ffe93ba4a4acf05b77f39711856fe98ade0db6a2f9,keyword:M4,0,0,0,0,,,CANDIDATE_ONLY,P5-T02 geometry/parts comparison
957,P5T01-C00562,data/rf016/Models/PLAYERVIEW/PV-M4A1_S_DragonAspect_Chg_BL.LTB,model,65,6b6b0cf1deade8532c81b682e114f578d4bb692e845ec4ed5345d94da5cdf3ba,keyword:M4,0,0,0,0,,,CANDIDATE_ONLY,P5-T02 geometry/parts comparison
958,P5T01-C00563,data/rf016/Models/PLAYERVIEW/PV-M4A1_S_DragonAspect_Chg_GR.LTB,model,65,6b6b0cf1deade8532c81b682e114f578d4bb692e845ec4ed5345d94da5cdf3ba,keyword:M4,0,0,0,0,,,CANDIDATE_ONLY,P5-T02 geometry/parts comparison
959,P5T01-C00564,data/rf016/Models/PLAYERVIEW/PV-M4A1_S_DragonAspect_Chg_WOMAN_BL.LTB,model,65,6b6b0cf1deade8532c81b682e114f578d4bb692e845ec4ed5345d94da5cdf3ba,keyword:M4,0,0,0,0,,,CANDIDATE_ONLY,P5-T02 geometry/parts comparison
960,P5T01-C00565,data/rf016/Models/PLAYERVIEW/PV-M4A1_S_DragonAspect_Chg_WOMAN_GR.LTB,model,65,6b6b0cf1deade8532c81b682e114f578d4bb692e845ec4ed5345d94da5cdf3ba,keyword:M4,0,0,0,0,,,CANDIDATE_ONLY,P5-T02 geometry/parts comparison
961,P5T01-C00566,data/rf016/Models/PLAYERVIEW/PV-M4A1_S_DragonAspect_GR.LTB,model,65,5331efa52cad0267ce3c64208b7d5538f80b08028b6eb9b878135eea7c7513fb,keyword:M4,0,0,0,0,,,CANDIDATE_ONLY,P5-T02 geometry/parts comparison
962,P5T01-C00569,data/rf016/Models/PLAYERVIEW/PV-M4A1_S_DragonAspect_II_BL.LTB,model,65,4b6f687603d27b8c5142a92e12f659e50bb7136bfc9f6560a15faf5b158f38d6,keyword:M4,0,0,0,0,,,CANDIDATE_ONLY,P5-T02 geometry/parts comparison
963,P5T01-C00570,data/rf016/Models/PLAYERVIEW/PV-M4A1_S_DragonAspect_II_GR.LTB,model,65,4b6f687603d27b8c5142a92e12f659e50bb7136bfc9f6560a15faf5b158f38d6,keyword:M4,0,0,0,0,,,CANDIDATE_ONLY,P5-T02 geometry/parts comparison
964,P5T01-C00571,data/rf016/Models/PLAYERVIEW/PV-M4A1_S_DragonAspect_II_WOMAN_BL.LTB,model,65,4b6f687603d27b8c5142a92e12f659e50bb7136bfc9f6560a15faf5b158f38d6,keyword:M4,0,0,0,0,,,CANDIDATE_ONLY,P5-T02 geometry/parts comparison
965,P5T01-C00572,data/rf016/Models/PLAYERVIEW/PV-M4A1_S_DragonAspect_II_WOMAN_GR.LTB,model,65,4b6f687603d27b8c5142a92e12f659e50bb7136bfc9f6560a15faf5b158f38d6,keyword:M4,0,0,0,0,,,CANDIDATE_ONLY,P5-T02 geometry/parts comparison
966,P5T01-C00573,data/rf016/Models/PLAYERVIEW/PV-M4A1_S_DragonAspect_I_BL.LTB,model,65,6d34edc4ee271cfc9f68db058463b032dd9390afa88fa0db9a056c38bcf4133d,keyword:M4,0,0,0,0,,,CANDIDATE_ONLY,P5-T02 geometry/parts comparison
967,P5T01-C00574,data/rf016/Models/PLAYERVIEW/PV-M4A1_S_DragonAspect_I_GR.LTB,model,65,6d34edc4ee271cfc9f68db058463b032dd9390afa88fa0db9a056c38bcf4133d,keyword:M4,0,0,0,0,,,CANDIDATE_ONLY,P5-T02 geometry/parts comparison
968,P5T01-C00575,data/rf016/Models/PLAYERVIEW/PV-M4A1_S_DragonAspect_I_WOMAN_BL.LTB,model,65,6d34edc4ee271cfc9f68db058463b032dd9390afa88fa0db9a056c38bcf4133d,keyword:M4,0,0,0,0,,,CANDIDATE_ONLY,P5-T02 geometry/parts comparison
969,P5T01-C00576,data/rf016/Models/PLAYERVIEW/PV-M4A1_S_DragonAspect_I_WOMAN_GR.LTB,model,65,6d34edc4ee271cfc9f68db058463b032dd9390afa88fa0db9a056c38bcf4133d,keyword:M4,0,0,0,0,,,CANDIDATE_ONLY,P5-T02 geometry/parts comparison
970,P5T01-C00579,data/rf016/Models/PLAYERVIEW/PV-M4A1_S_DragonAspect_VI_BL.LTB,model,65,c9380d7674206430dd29e635fc723b06313de551b794d3e6d570ff65120af0dd,keyword:M4,0,0,0,0,,,CANDIDATE_ONLY,P5-T02 geometry/parts comparison
971,P5T01-C00580,data/rf016/Models/PLAYERVIEW/PV-M4A1_S_DragonAspect_VI_GR.LTB,model,65,c9380d7674206430dd29e635fc723b06313de551b794d3e6d570ff65120af0dd,keyword:M4,0,0,0,0,,,CANDIDATE_ONLY,P5-T02 geometry/parts comparison
972,P5T01-C00581,data/rf016/Models/PLAYERVIEW/PV-M4A1_S_DragonAspect_VI_WOMAN_BL.LTB,model,65,c9380d7674206430dd29e635fc723b06313de551b794d3e6d570ff65120af0dd,keyword:M4,0,0,0,0,,,CANDIDATE_ONLY,P5-T02 geometry/parts comparison
973,P5T01-C00582,data/rf016/Models/PLAYERVIEW/PV-M4A1_S_DragonAspect_VI_WOMAN_GR.LTB,model,65,c9380d7674206430dd29e635fc723b06313de551b794d3e6d570ff65120af0dd,keyword:M4,0,0,0,0,,,CANDIDATE_ONLY,P5-T02 geometry/parts comparison
974,P5T01-C00583,data/rf016/Models/PLAYERVIEW/PV-M4A1_S_DragonAspect_V_BL.LTB,model,65,3efa29b1dd606ac1313a9f3da36b5244170242e9fcbaa9d538caae9345e65904,keyword:M4,0,0,0,0,,,CANDIDATE_ONLY,P5-T02 geometry/parts comparison
975,P5T01-C00584,data/rf016/Models/PLAYERVIEW/PV-M4A1_S_DragonAspect_V_GR.LTB,model,65,3efa29b1dd606ac1313a9f3da36b5244170242e9fcbaa9d538caae9345e65904,keyword:M4,0,0,0,0,,,CANDIDATE_ONLY,P5-T02 geometry/parts comparison
976,P5T01-C00585,data/rf016/Models/PLAYERVIEW/PV-M4A1_S_DragonAspect_V_WOMAN_BL.LTB,model,65,3efa29b1dd606ac1313a9f3da36b5244170242e9fcbaa9d538caae9345e65904,keyword:M4,0,0,0,0,,,CANDIDATE_ONLY,P5-T02 geometry/parts comparison
977,P5T01-C00586,data/rf016/Models/PLAYERVIEW/PV-M4A1_S_DragonAspect_V_WOMAN_GR.LTB,model,65,3efa29b1dd606ac1313a9f3da36b5244170242e9fcbaa9d538caae9345e65904,keyword:M4,0,0,0,0,,,CANDIDATE_ONLY,P5-T02 geometry/parts comparison
978,P5T01-C00587,data/rf016/Models/PLAYERVIEW/PV-M4A1_S_DragonAspect_WOMAN_BL.LTB,model,65,5331efa52cad0267ce3c64208b7d5538f80b08028b6eb9b878135eea7c7513fb,keyword:M4,0,0,0,0,,,CANDIDATE_ONLY,P5-T02 geometry/parts comparison
979,P5T01-C00588,data/rf016/Models/PLAYERVIEW/PV-M4A1_S_DragonAspect_WOMAN_GR.LTB,model,65,5331efa52cad0267ce3c64208b7d5538f80b08028b6eb9b878135eea7c7513fb,keyword:M4,0,0,0,0,,,CANDIDATE_ONLY,P5-T02 geometry/parts comparison
980,P5T01-C00590,data/rf016/Models/PLAYERVIEW/PV-M4A1_S_Easter21_BL.LTB,model,65,46917a9b75b44afe1416d8287c32e643ee93af1047b2a27a19246e69c5bdccfb,keyword:M4,0,0,0,0,,,CANDIDATE_ONLY,P5-T02 geometry/parts comparison
981,P5T01-C00591,data/rf016/Models/PLAYERVIEW/PV-M4A1_S_Easter21_GR.LTB,model,65,48e3a47c873ee60863f79a39a0af02bed444600e68b9f90acdba1696fe310a6c,keyword:M4,0,0,0,0,,,CANDIDATE_ONLY,P5-T02 geometry/parts comparison
982,P5T01-C00592,data/rf016/Models/PLAYERVIEW/PV-M4A1_S_Easter21_WOMAN_BL.LTB,model,65,17d2a7aec94fb92fc89ad17ebeeb7276cd92adc1a88ab1152bb445ede700b151,keyword:M4,0,0,0,0,,,CANDIDATE_ONLY,P5-T02 geometry/parts comparison
983,P5T01-C00593,data/rf016/Models/PLAYERVIEW/PV-M4A1_S_Easter21_WOMAN_GR.LTB,model,65,fcd5abfef574ea8dea85646449633b2bf023760095451965dcc2910828247c0a,keyword:M4,0,0,0,0,,,CANDIDATE_ONLY,P5-T02 geometry/parts comparison
984,P5T01-C00595,data/rf016/Models/PLAYERVIEW/PV-M4A1_S_Festa_CFS2025_BL.LTB,model,65,287caad5878642643da4ab4e540c25d41fd38220f95a5c50d550f519a0d30214,keyword:M4,0,0,0,0,,,CANDIDATE_ONLY,P5-T02 geometry/parts comparison
985,P5T01-C00596,data/rf016/Models/PLAYERVIEW/PV-M4A1_S_Festa_CFS2025_GR.LTB,model,65,287caad5878642643da4ab4e540c25d41fd38220f95a5c50d550f519a0d30214,keyword:M4,0,0,0,0,,,CANDIDATE_ONLY,P5-T02 geometry/parts comparison
986,P5T01-C00597,data/rf016/Models/PLAYERVIEW/PV-M4A1_S_Festa_CFS2025_WOMAN_BL.LTB,model,65,287caad5878642643da4ab4e540c25d41fd38220f95a5c50d550f519a0d30214,keyword:M4,0,0,0,0,,,CANDIDATE_ONLY,P5-T02 geometry/parts comparison
987,P5T01-C00598,data/rf016/Models/PLAYERVIEW/PV-M4A1_S_Festa_CFS2025_WOMAN_GR.LTB,model,65,287caad5878642643da4ab4e540c25d41fd38220f95a5c50d550f519a0d30214,keyword:M4,0,0,0,0,,,CANDIDATE_ONLY,P5-T02 geometry/parts comparison
988,P5T01-C00600,data/rf016/Models/PLAYERVIEW/PV-M4A1_S_Flamingo_BL.LTB,model,65,7a1176f4f8d86f2bb2bb5907ec994d08af91b569df9964748b87fa0aac465af8,keyword:M4,0,0,0,0,,,CANDIDATE_ONLY,P5-T02 geometry/parts comparison
989,P5T01-C00601,data/rf016/Models/PLAYERVIEW/PV-M4A1_S_Flamingo_GR.LTB,model,65,70fcd7453eb8d89a690d5bc92fecbc171f114699a415ccf799f466933cf3d90c,keyword:M4,0,0,0,0,,,CANDIDATE_ONLY,P5-T02 geometry/parts comparison
990,P5T01-C00602,data/rf016/Models/PLAYERVIEW/PV-M4A1_S_Flamingo_WOMAN_BL.LTB,model,65,593ba86feac2faf1c5c358107685fe436c0f596d01a1c71d1c5281a7e59ca4a0,keyword:M4,0,0,0,0,,,CANDIDATE_ONLY,P5-T02 geometry/parts comparison
991,P5T01-C00603,data/rf016/Models/PLAYERVIEW/PV-M4A1_S_Flamingo_WOMAN_GR.LTB,model,65,5e248051ff7e939f42eb6da79934155eba501eec2227f4a79b133ed6726a3847,keyword:M4,0,0,0,0,,,CANDIDATE_ONLY,P5-T02 geometry/parts comparison
992,P5T01-C00605,data/rf016/Models/PLAYERVIEW/PV-M4A1_S_GSpirit_BL.LTB,model,65,2860b1cad0abb584fa51b21a6b5a9c175969105f4c069c6228a9db1cf7ad8cc0,keyword:M4,0,0,0,0,,,CANDIDATE_ONLY,P5-T02 geometry/parts comparison
993,P5T01-C00607,data/rf016/Models/PLAYERVIEW/PV-M4A1_S_GSpirit_Changemode_BL.LTB,model,65,352c3038734276f70b65caefd329a46568798a5f2095724bae530d3035a48104,keyword:M4,0,0,0,0,,,CANDIDATE_ONLY,P5-T02 geometry/parts comparison
994,P5T01-C00608,data/rf016/Models/PLAYERVIEW/PV-M4A1_S_GSpirit_Changemode_GR.LTB,model,65,4871ba37864033c99a784a60c790a1426c646a137cdcfbb87745791305724b39,keyword:M4,0,0,0,0,,,CANDIDATE_ONLY,P5-T02 geometry/parts comparison
995,P5T01-C00609,data/rf016/Models/PLAYERVIEW/PV-M4A1_S_GSpirit_Changemode_WOMAN_BL.LTB,model,65,b817b71d4bdb985f4a92d8e0ef7401313f4765ddd813a253eb9600321dadba50,keyword:M4,0,0,0,0,,,CANDIDATE_ONLY,P5-T02 geometry/parts comparison
996,P5T01-C00610,data/rf016/Models/PLAYERVIEW/PV-M4A1_S_GSpirit_Changemode_WOMAN_GR.LTB,model,65,fa01f198229a43f97463d80bbe791bcb3d9aca01d96118491c8d1d27f317d2bf,keyword:M4,0,0,0,0,,,CANDIDATE_ONLY,P5-T02 geometry/parts comparison
997,P5T01-C00611,data/rf016/Models/PLAYERVIEW/PV-M4A1_S_GSpirit_GR.LTB,model,65,45ab49569a49b2146f3e7c44aa97fbf0e5c0eac125705f6fe6295ba4f0dd2882,keyword:M4,0,0,0,0,,,CANDIDATE_ONLY,P5-T02 geometry/parts comparison
998,P5T01-C00612,data/rf016/Models/PLAYERVIEW/PV-M4A1_S_GSpirit_WOMAN_BL.LTB,model,65,0380abb985084d3b318479e34c4be5098d70592c1dfa028b34286c797312889e,keyword:M4,0,0,0,0,,,CANDIDATE_ONLY,P5-T02 geometry/parts comparison
999,P5T01-C00613,data/rf016/Models/PLAYERVIEW/PV-M4A1_S_GSpirit_WOMAN_GR.LTB,model,65,e74b585cad86c7bac30379cd9a4d6dd4db58efc86d55afac2b939c4036f961ff,keyword:M4,0,0,0,0,,,CANDIDATE_ONLY,P5-T02 geometry/parts comparison
1000,P5T01-C00615,data/rf016/Models/PLAYERVIEW/PV-M4A1_S_GoldPhoenix_BL.LTB,model,65,9053da05815b3dc88c9f63d34ec3c324a5e2d3c36cf5dcc77fef685e2f75d5fc,keyword:M4,0,0,0,0,,,CANDIDATE_ONLY,P5-T02 geometry/parts comparison
1001,P5T01-C00616,data/rf016/Models/PLAYERVIEW/PV-M4A1_S_GoldPhoenix_GR.LTB,model,65,90c65c4fca22bb7498d38c6754ebb25b1e5da1c83a79058b744b0af8e8e48f76,keyword:M4,0,0,0,0,,,CANDIDATE_ONLY,P5-T02 geometry/parts comparison
1002,P5T01-C00617,data/rf016/Models/PLAYERVIEW/PV-M4A1_S_GoldPhoenix_WOMAN_BL.LTB,model,65,c362f58af8ac63ddba9fd8b8677d3d293dc9bd84f56072da90309a3d3b6861e9,keyword:M4,0,0,0,0,,,CANDIDATE_ONLY,P5-T02 geometry/parts comparison
1003,P5T01-C00618,data/rf016/Models/PLAYERVIEW/PV-M4A1_S_GoldPhoenix_WOMAN_GR.LTB,model,65,3ea38d1a0fc8a5ba15dfd07f28cbd36a3327827c750e171bc9adc8a5c42f0abf,keyword:M4,0,0,0,0,,,CANDIDATE_ONLY,P5-T02 geometry/parts comparison
1004,P5T01-C00620,data/rf016/Models/PLAYERVIEW/PV-M4A1_S_Halloween2020_BL.LTB,model,65,506760a85eaa10996e2d003848ba6bcd1e5cd23a1cb944ad54e0ee9d1d5071f8,keyword:M4,0,0,0,0,,,CANDIDATE_ONLY,P5-T02 geometry/parts comparison
1005,P5T01-C00621,data/rf016/Models/PLAYERVIEW/PV-M4A1_S_Halloween2020_GR.LTB,model,65,476f3fda2c39f289c6ab9e573810bda2bb35901a36e0d146fa76c40698c3e165,keyword:M4,0,0,0,0,,,CANDIDATE_ONLY,P5-T02 geometry/parts comparison
1006,P5T01-C00622,data/rf016/Models/PLAYERVIEW/PV-M4A1_S_Halloween2020_WOMAN_BL.LTB,model,65,7308a38229f2c9de332f82464714468d034b67a73d6c8ce12a04b7f775455d10,keyword:M4,0,0,0,0,,,CANDIDATE_ONLY,P5-T02 geometry/parts comparison
1007,P5T01-C00623,data/rf016/Models/PLAYERVIEW/PV-M4A1_S_Halloween2020_WOMAN_GR.LTB,model,65,1b3ab4ee212557cbd801540c59aa736820f18dfa340afff783ed45aee5cd1d53,keyword:M4,0,0,0,0,,,CANDIDATE_ONLY,P5-T02 geometry/parts comparison
1008,P5T01-C00625,data/rf016/Models/PLAYERVIEW/PV-M4A1_S_Halloween2022_BL.LTB,model,65,b0d206b2e481b862a10df4d76e0669e2f1764d5cd57930e7490bf3d9b6bcb07d,keyword:M4,0,0,0,0,,,CANDIDATE_ONLY,P5-T02 geometry/parts comparison
1009,P5T01-C00626,data/rf016/Models/PLAYERVIEW/PV-M4A1_S_Halloween2022_GR.LTB,model,65,37bc6d89ae658acac640b03c115999e6ecd67246222330f4dd48200d4efc14b5,keyword:M4,0,0,0,0,,,CANDIDATE_ONLY,P5-T02 geometry/parts comparison
1010,P5T01-C00627,data/rf016/Models/PLAYERVIEW/PV-M4A1_S_Halloween2022_WOMAN_BL.LTB,model,65,142682a85930673b8eec10a932b5262014c98ac8f0fd4b12a8b615cec660aa46,keyword:M4,0,0,0,0,,,CANDIDATE_ONLY,P5-T02 geometry/parts comparison
1011,P5T01-C00628,data/rf016/Models/PLAYERVIEW/PV-M4A1_S_Halloween2022_WOMAN_GR.LTB,model,65,30062e51077ae14bfa225eed39498fd30e52fa423443d5f1f7189bf03edd19a4,keyword:M4,0,0,0,0,,,CANDIDATE_ONLY,P5-T02 geometry/parts comparison
1012,P5T01-C00630,data/rf016/Models/PLAYERVIEW/PV-M4A1_S_Halloween24_BL.LTB,model,65,61b60e283c53fc1c8495fcd36d8c46dc79e897b74cd3a4f6e8151babc0cd1e1b,keyword:M4,0,0,0,0,,,CANDIDATE_ONLY,P5-T02 geometry/parts comparison
1013,P5T01-C00631,data/rf016/Models/PLAYERVIEW/PV-M4A1_S_Halloween24_GR.LTB,model,65,61b60e283c53fc1c8495fcd36d8c46dc79e897b74cd3a4f6e8151babc0cd1e1b,keyword:M4,0,0,0,0,,,CANDIDATE_ONLY,P5-T02 geometry/parts comparison
1014,P5T01-C00632,data/rf016/Models/PLAYERVIEW/PV-M4A1_S_Halloween24_WOMAN_BL.LTB,model,65,61b60e283c53fc1c8495fcd36d8c46dc79e897b74cd3a4f6e8151babc0cd1e1b,keyword:M4,0,0,0,0,,,CANDIDATE_ONLY,P5-T02 geometry/parts comparison
1015,P5T01-C00633,data/rf016/Models/PLAYERVIEW/PV-M4A1_S_Halloween24_WOMAN_GR.LTB,model,65,61b60e283c53fc1c8495fcd36d8c46dc79e897b74cd3a4f6e8151babc0cd1e1b,keyword:M4,0,0,0,0,,,CANDIDATE_ONLY,P5-T02 geometry/parts comparison
1016,P5T01-C00635,data/rf016/Models/PLAYERVIEW/PV-M4A1_S_Inf_Nezha_BL.LTB,model,65,58500b4ea0d7ad7b170b1fd0fd94d770020ef08daa0c910cb0de8ae5f1aa2abb,keyword:M4,0,0,0,0,,,CANDIDATE_ONLY,P5-T02 geometry/parts comparison
1017,P5T01-C00636,data/rf016/Models/PLAYERVIEW/PV-M4A1_S_Inf_Nezha_GR.LTB,model,65,58500b4ea0d7ad7b170b1fd0fd94d770020ef08daa0c910cb0de8ae5f1aa2abb,keyword:M4,0,0,0,0,,,CANDIDATE_ONLY,P5-T02 geometry/parts comparison
1018,P5T01-C00638,data/rf016/Models/PLAYERVIEW/PV-M4A1_S_Inf_Nezha_Spear_BL.LTB,model,65,6e64f39f9deba49f672c29eede239b2e02eefc9914a3c83a8b072b951d211c5f,keyword:M4,0,0,0,0,,,CANDIDATE_ONLY,P5-T02 geometry/parts comparison
1019,P5T01-C00639,data/rf016/Models/PLAYERVIEW/PV-M4A1_S_Inf_Nezha_Spear_GR.LTB,model,65,6e64f39f9deba49f672c29eede239b2e02eefc9914a3c83a8b072b951d211c5f,keyword:M4,0,0,0,0,,,CANDIDATE_ONLY,P5-T02 geometry/parts comparison
1020,P5T01-C00640,data/rf016/Models/PLAYERVIEW/PV-M4A1_S_Inf_Nezha_Spear_WOMAN_BL.LTB,model,65,6e64f39f9deba49f672c29eede239b2e02eefc9914a3c83a8b072b951d211c5f,keyword:M4,0,0,0,0,,,CANDIDATE_ONLY,P5-T02 geometry/parts comparison
1021,P5T01-C00641,data/rf016/Models/PLAYERVIEW/PV-M4A1_S_Inf_Nezha_Spear_WOMAN_GR.LTB,model,65,6e64f39f9deba49f672c29eede239b2e02eefc9914a3c83a8b072b951d211c5f,keyword:M4,0,0,0,0,,,CANDIDATE_ONLY,P5-T02 geometry/parts comparison
1022,P5T01-C00643,data/rf016/Models/PLAYERVIEW/PV-M4A1_S_Inf_Nezha_Sprint_BL.LTB,model,65,90f0bf6fd440aba9434bb70ea46091093e264be28385833dfb3b0a2bda5c7efb,keyword:M4,0,0,0,0,,,CANDIDATE_ONLY,P5-T02 geometry/parts comparison
1023,P5T01-C00644,data/rf016/Models/PLAYERVIEW/PV-M4A1_S_Inf_Nezha_Sprint_GR.LTB,model,65,90f0bf6fd440aba9434bb70ea46091093e264be28385833dfb3b0a2bda5c7efb,keyword:M4,0,0,0,0,,,CANDIDATE_ONLY,P5-T02 geometry/parts comparison
1024,P5T01-C00645,data/rf016/Models/PLAYERVIEW/PV-M4A1_S_Inf_Nezha_Sprint_WOMAN_BL.LTB,model,65,90f0bf6fd440aba9434bb70ea46091093e264be28385833dfb3b0a2bda5c7efb,keyword:M4,0,0,0,0,,,CANDIDATE_ONLY,P5-T02 geometry/parts comparison
1025,P5T01-C00646,data/rf016/Models/PLAYERVIEW/PV-M4A1_S_Inf_Nezha_Sprint_WOMAN_GR.LTB,model,65,90f0bf6fd440aba9434bb70ea46091093e264be28385833dfb3b0a2bda5c7efb,keyword:M4,0,0,0,0,,,CANDIDATE_ONLY,P5-T02 geometry/parts comparison
1026,P5T01-C00647,data/rf016/Models/PLAYERVIEW/PV-M4A1_S_Inf_Nezha_WOMAN_BL.LTB,model,65,58500b4ea0d7ad7b170b1fd0fd94d770020ef08daa0c910cb0de8ae5f1aa2abb,keyword:M4,0,0,0,0,,,CANDIDATE_ONLY,P5-T02 geometry/parts comparison
1027,P5T01-C00648,data/rf016/Models/PLAYERVIEW/PV-M4A1_S_Inf_Nezha_WOMAN_GR.LTB,model,65,58500b4ea0d7ad7b170b1fd0fd94d770020ef08daa0c910cb0de8ae5f1aa2abb,keyword:M4,0,0,0,0,,,CANDIDATE_ONLY,P5-T02 geometry/parts comparison
1028,P5T01-C00700,data/rf016/Models/PLAYERVIEW/PV-M4A1_S_IronWolf_BL.LTB,model,65,d0c6bbfea88f9af258cabf6c348e284a5be16108d46b8fcb9e69c52df01dcb5a,keyword:M4,0,0,0,0,,,CANDIDATE_ONLY,P5-T02 geometry/parts comparison
1029,P5T01-C00701,data/rf016/Models/PLAYERVIEW/PV-M4A1_S_IronWolf_GR.LTB,model,65,eac2a6ed773bdc014c676405cc4c94e55d07570db44bdae61636efa95d3ab810,keyword:M4,0,0,0,0,,,CANDIDATE_ONLY,P5-T02 geometry/parts comparison
1030,P5T01-C00702,data/rf016/Models/PLAYERVIEW/PV-M4A1_S_IronWolf_WOMAN_BL.LTB,model,65,69d0a87b8fb8aad0510918bad58268a2ba3a2393a3e22597e17f0618eed0700f,keyword:M4,0,0,0,0,,,CANDIDATE_ONLY,P5-T02 geometry/parts comparison
1031,P5T01-C00703,data/rf016/Models/PLAYERVIEW/PV-M4A1_S_IronWolf_WOMAN_GR.LTB,model,65,11d14d5b83220743e2f3b38ca03c48e4683100ad802557e8e6069b2c47a08984,keyword:M4,0,0,0,0,,,CANDIDATE_ONLY,P5-T02 geometry/parts comparison
1032,P5T01-C00710,data/rf016/Models/PLAYERVIEW/PV-M4A1_S_Jewelry_BL.LTB,model,65,b126e4129014575649fa4772e169cfedea5f6d941bfd10ca487a786d9e2155c1,keyword:M4,0,0,0,0,,,CANDIDATE_ONLY,P5-T02 geometry/parts comparison
1033,P5T01-C00711,data/rf016/Models/PLAYERVIEW/PV-M4A1_S_Jewelry_GR.LTB,model,65,f33f42b3ba473a25371784ea45e7bb518cfa62fa41bfefdd6956c4a45d2972f6,keyword:M4,0,0,0,0,,,CANDIDATE_ONLY,P5-T02 geometry/parts comparison
1034,P5T01-C00713,data/rf016/Models/PLAYERVIEW/PV-M4A1_S_Jewelry_NoDoll_BL.LTB,model,65,924f81f03c2c85fa4a6d6028dffaf0ce3f201e255c43e91e59a1dd84f1f8d10f,keyword:M4,0,0,0,0,,,CANDIDATE_ONLY,P5-T02 geometry/parts comparison
1035,P5T01-C00714,data/rf016/Models/PLAYERVIEW/PV-M4A1_S_Jewelry_NoDoll_GR.LTB,model,65,b78be4c18a4e851b5cd5e9d07bf4abe67a28f2a0567290bda8e5af97663b2b58,keyword:M4,0,0,0,0,,,CANDIDATE_ONLY,P5-T02 geometry/parts comparison
1036,P5T01-C00715,data/rf016/Models/PLAYERVIEW/PV-M4A1_S_Jewelry_NoDoll_WOMAN_BL.LTB,model,65,6236a63b2e44c2b4d7e31aba871d609561956fdf332fd3ba4dec0a79ba24e6a6,keyword:M4,0,0,0,0,,,CANDIDATE_ONLY,P5-T02 geometry/parts comparison
1037,P5T01-C00716,data/rf016/Models/PLAYERVIEW/PV-M4A1_S_Jewelry_NoDoll_WOMAN_GR.LTB,model,65,63d33b66b3a633bae68b1b7df1d70c9a7d06b146d3d4a176cb0325db159c7520,keyword:M4,0,0,0,0,,,CANDIDATE_ONLY,P5-T02 geometry/parts comparison
1038,P5T01-C00718,data/rf016/Models/PLAYERVIEW/PV-M4A1_S_Jewelry_NobleGold_BL.LTB,model,65,c56931c825f2cb2b14ebd1850e09a4d475a1effc5edf57da97134885a4e27f8c,keyword:M4,0,0,0,0,,,CANDIDATE_ONLY,P5-T02 geometry/parts comparison
1039,P5T01-C00719,data/rf016/Models/PLAYERVIEW/PV-M4A1_S_Jewelry_NobleGold_GR.LTB,model,65,9c85338af1a195c38617ba5382cb39f8b8ff4170b51dc5f3387007ee07adc56d,keyword:M4,0,0,0,0,,,CANDIDATE_ONLY,P5-T02 geometry/parts comparison
1040,P5T01-C00720,data/rf016/Models/PLAYERVIEW/PV-M4A1_S_Jewelry_NobleGold_WOMAN_BL.LTB,model,65,5650fb21fb5f3952ff8a7adb99c4b579a028ef4402c059f8ccf15e3efa1f77c4,keyword:M4,0,0,0,0,,,CANDIDATE_ONLY,P5-T02 geometry/parts comparison
1041,P5T01-C00721,data/rf016/Models/PLAYERVIEW/PV-M4A1_S_Jewelry_NobleGold_WOMAN_GR.LTB,model,65,4f9ca3b6bcf23538ef7a6681b244444e4eef3f59142756f8594cfe3bfae7804f,keyword:M4,0,0,0,0,,,CANDIDATE_ONLY,P5-T02 geometry/parts comparison
1042,P5T01-C00723,data/rf016/Models/PLAYERVIEW/PV-M4A1_S_Jewelry_Pink_BL.LTB,model,65,472f6cf6a3c5cfc5247c9ca2a128eb1dda24dd6f730d2768b84a9a987c1b4a63,keyword:M4,0,0,0,0,,,CANDIDATE_ONLY,P5-T02 geometry/parts comparison
1043,P5T01-C00724,data/rf016/Models/PLAYERVIEW/PV-M4A1_S_Jewelry_Pink_GR.LTB,model,65,472f6cf6a3c5cfc5247c9ca2a128eb1dda24dd6f730d2768b84a9a987c1b4a63,keyword:M4,0,0,0,0,,,CANDIDATE_ONLY,P5-T02 geometry/parts comparison
1044,P5T01-C00725,data/rf016/Models/PLAYERVIEW/PV-M4A1_S_Jewelry_Pink_WOMAN_BL.LTB,model,65,472f6cf6a3c5cfc5247c9ca2a128eb1dda24dd6f730d2768b84a9a987c1b4a63,keyword:M4,0,0,0,0,,,CANDIDATE_ONLY,P5-T02 geometry/parts comparison
1045,P5T01-C00726,data/rf016/Models/PLAYERVIEW/PV-M4A1_S_Jewelry_Pink_WOMAN_GR.LTB,model,65,472f6cf6a3c5cfc5247c9ca2a128eb1dda24dd6f730d2768b84a9a987c1b4a63,keyword:M4,0,0,0,0,,,CANDIDATE_ONLY,P5-T02 geometry/parts comparison
1046,P5T01-C00727,data/rf016/Models/PLAYERVIEW/PV-M4A1_S_Jewelry_WOMAN_BL.LTB,model,65,410db9cfdc6974b3688d195ad47ed11d507297f689c5612225de826660e4f5f9,keyword:M4,0,0,0,0,,,CANDIDATE_ONLY,P5-T02 geometry/parts comparison
1047,P5T01-C00728,data/rf016/Models/PLAYERVIEW/PV-M4A1_S_Jewelry_WOMAN_GR.LTB,model,65,b1af59c64c7e995ee12150996bfb19560b410adc7a22ab9c57acc351452087b1,keyword:M4,0,0,0,0,,,CANDIDATE_ONLY,P5-T02 geometry/parts comparison
1048,P5T01-C00729,data/rf016/Models/PLAYERVIEW/PV-M4A1_S_Jewelry_test_BL.LTB,model,65,7c7b65b67ee94526887abaec95393c33c13ee36f04ee4d5710dbd597f3ed5667,keyword:M4,0,0,0,0,,,CANDIDATE_ONLY,P5-T02 geometry/parts comparison
1049,P5T01-C00731,data/rf016/Models/PLAYERVIEW/PV-M4A1_S_Knife_BL.LTB,model,65,6d591dff78fb865e81c3cbbe5ec2f9eb46fd197ea7fa00ed794c8aa6338e6352,keyword:M4,0,0,0,0,,,CANDIDATE_ONLY,P5-T02 geometry/parts comparison
1050,P5T01-C00732,data/rf016/Models/PLAYERVIEW/PV-M4A1_S_Knife_GR.LTB,model,65,52db2fd9394bc1920a09a09596ad4d491eacdbb1c64be2d3224a5f6817fe3137,keyword:M4,0,0,0,0,,,CANDIDATE_ONLY,P5-T02 geometry/parts comparison
1051,P5T01-C00733,data/rf016/Models/PLAYERVIEW/PV-M4A1_S_Knife_WOMAN_BL.LTB,model,65,dfb2659ef9447fb62d6f08ff65f9aa9e3888d9cacd48bb65201b1467624ec99e,keyword:M4,0,0,0,0,,,CANDIDATE_ONLY,P5-T02 geometry/parts comparison
1052,P5T01-C00734,data/rf016/Models/PLAYERVIEW/PV-M4A1_S_Knife_WOMAN_GR.LTB,model,65,2c00e249030765e73a3c323c7b4a1be800edd547c13565a8ff20eafc28d7c0ab,keyword:M4,0,0,0,0,,,CANDIDATE_ONLY,P5-T02 geometry/parts comparison
1053,P5T01-C00736,data/rf016/Models/PLAYERVIEW/PV-M4A1_S_Lily_BL.LTB,model,65,bd8724eeac8cebdbe1cd6226c7daa2b76c6dc38dc73230aafda1b1e0e4c65738,keyword:M4,0,0,0,0,,,CANDIDATE_ONLY,P5-T02 geometry/parts comparison
1054,P5T01-C00737,data/rf016/Models/PLAYERVIEW/PV-M4A1_S_Lily_GR.LTB,model,65,6a9d12f78d23db904d0a5d12ae477c8fc71c8f1659cea3acd71a353ed5d9d622,keyword:M4,0,0,0,0,,,CANDIDATE_ONLY,P5-T02 geometry/parts comparison
1055,P5T01-C00738,data/rf016/Models/PLAYERVIEW/PV-M4A1_S_Lily_WOMAN_BL.LTB,model,65,afcfcd0cf705e7762db63def9a1d1c2d53bc477eec8465723c6d09b222e60c48,keyword:M4,0,0,0,0,,,CANDIDATE_ONLY,P5-T02 geometry/parts comparison
1056,P5T01-C00739,data/rf016/Models/PLAYERVIEW/PV-M4A1_S_Lily_WOMAN_GR.LTB,model,65,2377ecf7161b4858a8e5058089ae6928ca705286130c1cb8e23b2b45efe59124,keyword:M4,0,0,0,0,,,CANDIDATE_ONLY,P5-T02 geometry/parts comparison
1057,P5T01-C00741,data/rf016/Models/PLAYERVIEW/PV-M4A1_S_NW_BL.LTB,model,65,4957b73361b250a622d47a682c50664f23921235a3131e781303e99d5aeeaffe,keyword:M4,0,0,0,0,,,CANDIDATE_ONLY,P5-T02 geometry/parts comparison
1058,P5T01-C00742,data/rf016/Models/PLAYERVIEW/PV-M4A1_S_NW_GR.LTB,model,65,4957b73361b250a622d47a682c50664f23921235a3131e781303e99d5aeeaffe,keyword:M4,0,0,0,0,,,CANDIDATE_ONLY,P5-T02 geometry/parts comparison
1059,P5T01-C00743,data/rf016/Models/PLAYERVIEW/PV-M4A1_S_NW_WOMAN_BL.LTB,model,65,85d93db916d4a4bc421c2c5c1bbca904a193771865a147fe560f32ed1131e376,keyword:M4,0,0,0,0,,,CANDIDATE_ONLY,P5-T02 geometry/parts comparison
1060,P5T01-C00744,data/rf016/Models/PLAYERVIEW/PV-M4A1_S_NW_WOMAN_GR.LTB,model,65,85d93db916d4a4bc421c2c5c1bbca904a193771865a147fe560f32ed1131e376,keyword:M4,0,0,0,0,,,CANDIDATE_ONLY,P5-T02 geometry/parts comparison
1061,P5T01-C00746,data/rf016/Models/PLAYERVIEW/PV-M4A1_S_Plant_BL.LTB,model,65,e87352e784cff4a398e976b7703f4da96362f889c2cf8f32e705423efdf3d511,keyword:M4,0,0,0,0,,,CANDIDATE_ONLY,P5-T02 geometry/parts comparison
1062,P5T01-C00747,data/rf016/Models/PLAYERVIEW/PV-M4A1_S_Plant_GR.LTB,model,65,a9a69d4ee6d6476ea5977f6d7767ff9b18ba3aee8465075d82bd66d4591d8ec1,keyword:M4,0,0,0,0,,,CANDIDATE_ONLY,P5-T02 geometry/parts comparison
1063,P5T01-C00748,data/rf016/Models/PLAYERVIEW/PV-M4A1_S_Plant_WOMAN_BL.LTB,model,65,cf46c6b45da86241ced161081d9311e85f8f9946ce6420d0b112fe961942be99,keyword:M4,0,0,0,0,,,CANDIDATE_ONLY,P5-T02 geometry/parts comparison
1064,P5T01-C00749,data/rf016/Models/PLAYERVIEW/PV-M4A1_S_Plant_WOMAN_GR.LTB,model,65,222c77ee1fd7e7c1468e8d717b1d5995636e6c9db6c8da40b9a8aa0b028e2fcb,keyword:M4,0,0,0,0,,,CANDIDATE_ONLY,P5-T02 geometry/parts comparison
1065,P5T01-C00766,data/rf016/Models/PLAYERVIEW/PV-M4A1_S_Protocol_BL.LTB,model,65,1eeecca383d8f3e7e00b6d6c83874426deb19cacaf95c1e889a9e7c7d43be18f,keyword:M4,0,0,0,0,,,CANDIDATE_ONLY,P5-T02 geometry/parts comparison
1066,P5T01-C00768,data/rf016/Models/PLAYERVIEW/PV-M4A1_S_Protocol_Chg_BL.LTB,model,65,b67d9048931cd3ac10daf1c9f5bce2174789d6ba3e0a399debe73912a898bd21,keyword:M4,0,0,0,0,,,CANDIDATE_ONLY,P5-T02 geometry/parts comparison
1067,P5T01-C00769,data/rf016/Models/PLAYERVIEW/PV-M4A1_S_Protocol_Chg_GR.LTB,model,65,aed5eb693b735fbfe282c0280f77ef2f815cbed2bb80a13fc74dcc0e958468e2,keyword:M4,0,0,0,0,,,CANDIDATE_ONLY,P5-T02 geometry/parts comparison
1068,P5T01-C00770,data/rf016/Models/PLAYERVIEW/PV-M4A1_S_Protocol_Chg_WOMAN_BL.LTB,model,65,5044d5184132d4d694b12af98331e413af0a99208dc535a2a0cad4053e26294a,keyword:M4,0,0,0,0,,,CANDIDATE_ONLY,P5-T02 geometry/parts comparison
1069,P5T01-C00771,data/rf016/Models/PLAYERVIEW/PV-M4A1_S_Protocol_Chg_WOMAN_GR.LTB,model,65,7a0b8328a30b03e6bf2bbe44d88086c8edde20a41a9c7c45808aec8995fed014,keyword:M4,0,0,0,0,,,CANDIDATE_ONLY,P5-T02 geometry/parts comparison
1070,P5T01-C00772,data/rf016/Models/PLAYERVIEW/PV-M4A1_S_Protocol_GR.LTB,model,65,52301b535e5ae8c41611a83ed83c62e65a39194e0359a6deaead21f4b98dfe4a,keyword:M4,0,0,0,0,,,CANDIDATE_ONLY,P5-T02 geometry/parts comparison
1071,P5T01-C00773,data/rf016/Models/PLAYERVIEW/PV-M4A1_S_Protocol_WOMAN_BL.LTB,model,65,6e40a9fb427fbda4ac95b5ba42f898e24dff4a319b3a334892f78327a8934f8e,keyword:M4,0,0,0,0,,,CANDIDATE_ONLY,P5-T02 geometry/parts comparison
1072,P5T01-C00774,data/rf016/Models/PLAYERVIEW/PV-M4A1_S_Protocol_WOMAN_GR.LTB,model,65,3aeb27c68b6927c99b7757c2b8c3089dc8abf202133b8b8ef2e20363f0e65451,keyword:M4,0,0,0,0,,,CANDIDATE_ONLY,P5-T02 geometry/parts comparison
1073,P5T01-C00786,data/rf016/Models/PLAYERVIEW/PV-M4A1_S_Rifle_BL.LTB,model,65,b7636fe2e0f5179024922cb8ca7f8aacca82dca6e1f5451d8f86b59af8d336c3,keyword:M4,0,0,0,0,,,CANDIDATE_ONLY,P5-T02 geometry/parts comparison
1074,P5T01-C00787,data/rf016/Models/PLAYERVIEW/PV-M4A1_S_Rifle_GR.LTB,model,65,504b8e0f9959ea692b66f48810a48167aa26f26d0893437f1c8ba50fd68a64a3,keyword:M4,0,0,0,0,,,CANDIDATE_ONLY,P5-T02 geometry/parts comparison
1075,P5T01-C00788,data/rf016/Models/PLAYERVIEW/PV-M4A1_S_Rifle_WOMAN_BL.LTB,model,65,f8aafb76b902af9c039c88635d3bf2c5f71a1e89174c5e98130290dcd6d0a602,keyword:M4,0,0,0,0,,,CANDIDATE_ONLY,P5-T02 geometry/parts comparison
1076,P5T01-C00789,data/rf016/Models/PLAYERVIEW/PV-M4A1_S_Rifle_WOMAN_GR.LTB,model,65,9ba4da86df0e65772c7155a05215563b6bb0bd0786fb5cb8ab9039ab7ecc2e3a,keyword:M4,0,0,0,0,,,CANDIDATE_ONLY,P5-T02 geometry/parts comparison
1077,P5T01-C00790,data/rf016/Models/PLAYERVIEW/PV-M4A1_S_RoyalDragon10.LTB,model,65,37f55cc04a27ef3da635d3247754f66221c1ee36e8352c42fa82529dae61c068,keyword:M4,0,0,0,0,,,CANDIDATE_ONLY,P5-T02 geometry/parts comparison
1078,P5T01-C00791,data/rf016/Models/PLAYERVIEW/PV-M4A1_S_RoyalDragon10_BL.LTB,model,65,9ada62df960bf51ef887b1d7a7233565c498b329197074e3a71a564cfef71659,keyword:M4,0,0,0,0,,,CANDIDATE_ONLY,P5-T02 geometry/parts comparison
1079,P5T01-C00792,data/rf016/Models/PLAYERVIEW/PV-M4A1_S_RoyalDragon10_GR.LTB,model,65,126e84a0951432a9c648890fd40faea3a6d526e5a40407f50e33e201bc0e83e1,keyword:M4,0,0,0,0,,,CANDIDATE_ONLY,P5-T02 geometry/parts comparison
1080,P5T01-C00793,data/rf016/Models/PLAYERVIEW/PV-M4A1_S_RoyalDragon10_WOMAN_BL.LTB,model,65,fe1b9c569ef0c942be1349fe2ceb5d71279d96ac0b35692a427acf676547e476,keyword:M4,0,0,0,0,,,CANDIDATE_ONLY,P5-T02 geometry/parts comparison
1081,P5T01-C00794,data/rf016/Models/PLAYERVIEW/PV-M4A1_S_RoyalDragon10_WOMAN_GR.LTB,model,65,4ecb695da32b848d3c16d4da3a0a66a7e89dbe875f600d06064369201476c646,keyword:M4,0,0,0,0,,,CANDIDATE_ONLY,P5-T02 geometry/parts comparison
1082,P5T01-C00796,data/rf016/Models/PLAYERVIEW/PV-M4A1_S_RoyalGuard_3rd_BL.LTB,model,65,9b3440290ae984a0b7facb90aa12ffd3e615685fc1d1bbfe29c5eff42694c3a7,keyword:M4,0,0,0,0,,,CANDIDATE_ONLY,P5-T02 geometry/parts comparison
1083,P5T01-C00797,data/rf016/Models/PLAYERVIEW/PV-M4A1_S_RoyalGuard_3rd_GR.LTB,model,65,fb45c6107a1293e5c9db5123968fef06784d65489a834791c3446098d41530ea,keyword:M4,0,0,0,0,,,CANDIDATE_ONLY,P5-T02 geometry/parts comparison
1084,P5T01-C00798,data/rf016/Models/PLAYERVIEW/PV-M4A1_S_RoyalGuard_3rd_WOMAN_BL.LTB,model,65,8b6634e8838115d58265d1b8189193ada4dd4371304f47cfb63bd7053b79dc46,keyword:M4,0,0,0,0,,,CANDIDATE_ONLY,P5-T02 geometry/parts comparison
1085,P5T01-C00799,data/rf016/Models/PLAYERVIEW/PV-M4A1_S_RoyalGuard_3rd_WOMAN_GR.LTB,model,65,9918936cb6bd9c9d9acd992bb7492fa2dd11d34fc38da380a8aa4c923796a564,keyword:M4,0,0,0,0,,,CANDIDATE_ONLY,P5-T02 geometry/parts comparison
1086,P5T01-C00801,data/rf016/Models/PLAYERVIEW/PV-M4A1_S_RoyalGuard_4th_BL.LTB,model,65,8fef69a8ba554def1fc4e0dc942a31382cfb1ddf14d1f9acfff784fa435ac0b5,keyword:M4,0,0,0,0,,,CANDIDATE_ONLY,P5-T02 geometry/parts comparison
1087,P5T01-C00802,data/rf016/Models/PLAYERVIEW/PV-M4A1_S_RoyalGuard_4th_GR.LTB,model,65,15720cca3ba1ed8d406e7aa989c7bd0921b73ee4d50af309bd83178050b8548e,keyword:M4,0,0,0,0,,,CANDIDATE_ONLY,P5-T02 geometry/parts comparison
1088,P5T01-C00803,data/rf016/Models/PLAYERVIEW/PV-M4A1_S_RoyalGuard_4th_WOMAN_BL.LTB,model,65,df4e226564fb9be183cad6aa60b779c4f2722c67d2b5d8414c1fc84a26e782f1,keyword:M4,0,0,0,0,,,CANDIDATE_ONLY,P5-T02 geometry/parts comparison
1089,P5T01-C00804,data/rf016/Models/PLAYERVIEW/PV-M4A1_S_RoyalGuard_4th_WOMAN_GR.LTB,model,65,ab1aac43877a60a3cb2d63edfca0df566662901b9078a9604a3ea6a7ae6315f2,keyword:M4,0,0,0,0,,,CANDIDATE_ONLY,P5-T02 geometry/parts comparison
1090,P5T01-C00806,data/rf016/Models/PLAYERVIEW/PV-M4A1_S_Royalguard_1st_BL.LTB,model,65,d5548f943ff7fa71f2e63fc6c4d195c987451c8546ad34a96a0b898495d472e3,keyword:M4,0,0,0,0,,,CANDIDATE_ONLY,P5-T02 geometry/parts comparison
1091,P5T01-C00807,data/rf016/Models/PLAYERVIEW/PV-M4A1_S_Royalguard_1st_GR.LTB,model,65,0c474c306c0e4be28d265a5055f5a1a8027f1c11ca0d8c51c4f876fd7bd18d59,keyword:M4,0,0,0,0,,,CANDIDATE_ONLY,P5-T02 geometry/parts comparison
1092,P5T01-C00808,data/rf016/Models/PLAYERVIEW/PV-M4A1_S_Royalguard_1st_WOMAN_BL.LTB,model,65,ebf576efe07f1d1fe991599f2d337d4c78bcee7b0f9ee354e29ceadc35ce5304,keyword:M4,0,0,0,0,,,CANDIDATE_ONLY,P5-T02 geometry/parts comparison
1093,P5T01-C00809,data/rf016/Models/PLAYERVIEW/PV-M4A1_S_Royalguard_1st_WOMAN_GR.LTB,model,65,207d9bd941d97216c708d19c5f9bc1125d5e57106914119803d20a84de1e0a6a,keyword:M4,0,0,0,0,,,CANDIDATE_ONLY,P5-T02 geometry/parts comparison
1094,P5T01-C00811,data/rf016/Models/PLAYERVIEW/PV-M4A1_S_Royalguard_2nd_BL.LTB,model,65,d886fa7cbc73c6635965ebeebbb91faea29950d9fe95b6ef24fdf79fc8ea2523,keyword:M4,0,0,0,0,,,CANDIDATE_ONLY,P5-T02 geometry/parts comparison
1095,P5T01-C00812,data/rf016/Models/PLAYERVIEW/PV-M4A1_S_Royalguard_2nd_GR.LTB,model,65,5e8f56cac7d85c64998e15b86cd1b20e89889909b4d5c56b58b0e2a67ddc8515,keyword:M4,0,0,0,0,,,CANDIDATE_ONLY,P5-T02 geometry/parts comparison
1096,P5T01-C00813,data/rf016/Models/PLAYERVIEW/PV-M4A1_S_Royalguard_2nd_WOMAN_BL.LTB,model,65,5e988741115010e1a9ee3840ab80c37f21cceb2edbfd71fa700d6867afdd8a81,keyword:M4,0,0,0,0,,,CANDIDATE_ONLY,P5-T02 geometry/parts comparison
1097,P5T01-C00814,data/rf016/Models/PLAYERVIEW/PV-M4A1_S_Royalguard_2nd_WOMAN_GR.LTB,model,65,e81c62bb3048ab8cdd481f73a5b8bd477ca2d291b590d430620d81a4dca8a3f2,keyword:M4,0,0,0,0,,,CANDIDATE_ONLY,P5-T02 geometry/parts comparison
1098,P5T01-C00816,data/rf016/Models/PLAYERVIEW/PV-M4A1_S_Satellite_BL.LTB,model,65,9914746cf199a89744ffc7a6bb7458e95f401a714685b5dce42095980e666c5c,keyword:M4,0,0,0,0,,,CANDIDATE_ONLY,P5-T02 geometry/parts comparison
1099,P5T01-C00817,data/rf016/Models/PLAYERVIEW/PV-M4A1_S_Satellite_GR.LTB,model,65,9914746cf199a89744ffc7a6bb7458e95f401a714685b5dce42095980e666c5c,keyword:M4,0,0,0,0,,,CANDIDATE_ONLY,P5-T02 geometry/parts comparison
1100,P5T01-C00818,data/rf016/Models/PLAYERVIEW/PV-M4A1_S_Satellite_WOMAN_BL.LTB,model,65,9914746cf199a89744ffc7a6bb7458e95f401a714685b5dce42095980e666c5c,keyword:M4,0,0,0,0,,,CANDIDATE_ONLY,P5-T02 geometry/parts comparison
1101,P5T01-C00819,data/rf016/Models/PLAYERVIEW/PV-M4A1_S_Satellite_WOMAN_GR.LTB,model,65,9914746cf199a89744ffc7a6bb7458e95f401a714685b5dce42095980e666c5c,keyword:M4,0,0,0,0,,,CANDIDATE_ONLY,P5-T02 geometry/parts comparison
1102,P5T01-C00821,data/rf016/Models/PLAYERVIEW/PV-M4A1_S_SonWukong_BL.LTB,model,65,9b544cdb83e46cb9d04dfc0b0a288ec3175675777e4815c98dc1b6520bf4ea80,keyword:M4,0,0,0,0,,,CANDIDATE_ONLY,P5-T02 geometry/parts comparison
1103,P5T01-C00822,data/rf016/Models/PLAYERVIEW/PV-M4A1_S_SonWukong_GR.LTB,model,65,41adfa210a0a73e9e717d6e56f81119a37bbe32aab96b44f9e8001099f280778,keyword:M4,0,0,0,0,,,CANDIDATE_ONLY,P5-T02 geometry/parts comparison
1104,P5T01-C00823,data/rf016/Models/PLAYERVIEW/PV-M4A1_S_SonWukong_WOMAN_BL.LTB,model,65,3a1805069b11fd6a619663c228ae289541b00101e9533fd3fb70b4868624d1cd,keyword:M4,0,0,0,0,,,CANDIDATE_ONLY,P5-T02 geometry/parts comparison
1105,P5T01-C00824,data/rf016/Models/PLAYERVIEW/PV-M4A1_S_SonWukong_WOMAN_GR.LTB,model,65,4de6a0a5fa8f2bfcc0eb3dda8ad43c96dff206cea7e012d862b7a19692a990c0,keyword:M4,0,0,0,0,,,CANDIDATE_ONLY,P5-T02 geometry/parts comparison
1106,P5T01-C00826,data/rf016/Models/PLAYERVIEW/PV-M4A1_S_Stelth_BL.LTB,model,65,00ac0a9c3afdd548a67c31d58d6b0bf7010b5706499ba12f77c95c9983193949,keyword:M4,0,0,0,0,,,CANDIDATE_ONLY,P5-T02 geometry/parts comparison
1107,P5T01-C00827,data/rf016/Models/PLAYERVIEW/PV-M4A1_S_Stelth_GR.LTB,model,65,dfb9480bcdbc774b4dfdbe031f75c1a36655986a6a3bd12cf0de80cc4d649236,keyword:M4,0,0,0,0,,,CANDIDATE_ONLY,P5-T02 geometry/parts comparison
1108,P5T01-C00828,data/rf016/Models/PLAYERVIEW/PV-M4A1_S_Stelth_WOMAN_BL.LTB,model,65,838c4bae508f43fff44208144af189b1c8359440d41344a4d61607c705a86d94,keyword:M4,0,0,0,0,,,CANDIDATE_ONLY,P5-T02 geometry/parts comparison
1109,P5T01-C00829,data/rf016/Models/PLAYERVIEW/PV-M4A1_S_Stelth_WOMAN_GR.LTB,model,65,ef6f8894645f9c847ff1b872bb357f376cf390795fd81bc429a689cab5e43591,keyword:M4,0,0,0,0,,,CANDIDATE_ONLY,P5-T02 geometry/parts comparison
1110,P5T01-C00832,data/rf016/Models/PLAYERVIEW/PV-M4A1_S_Transformers_21WC_BL.LTB,model,65,2bc3eb588908988189f653b882a18706c573a4ba6a6c71450b2129b952f2dbba,keyword:M4,0,0,0,0,,,CANDIDATE_ONLY,P5-T02 geometry/parts comparison
1111,P5T01-C00833,data/rf016/Models/PLAYERVIEW/PV-M4A1_S_Transformers_21WC_GR.LTB,model,65,2f82bee5f23df240762010e8d1613b9501d18dd5def863bce8150d354c81d56f,keyword:M4,0,0,0,0,,,CANDIDATE_ONLY,P5-T02 geometry/parts comparison
1112,P5T01-C00834,data/rf016/Models/PLAYERVIEW/PV-M4A1_S_Transformers_21WC_WOMAN_BL.LTB,model,65,8487da31e635efa92f5b228ff1cb0d6893f529cc653a7ec772c4ce945a1762bc,keyword:M4,0,0,0,0,,,CANDIDATE_ONLY,P5-T02 geometry/parts comparison
1113,P5T01-C00835,data/rf016/Models/PLAYERVIEW/PV-M4A1_S_Transformers_21WC_WOMAN_GR.LTB,model,65,c3a23f67a40d36470b73f37c3d97e18778147c3e87e3fd40cf0fb7cef34352ca,keyword:M4,0,0,0,0,,,CANDIDATE_ONLY,P5-T02 geometry/parts comparison
1114,P5T01-C00836,data/rf016/Models/PLAYERVIEW/PV-M4A1_S_Transformers_BL.LTB,model,65,61484b851834ed5a52a615b6f6bf917b9f567990751e1731489a40cc9b817a6b,keyword:M4,0,0,0,0,,,CANDIDATE_ONLY,P5-T02 geometry/parts comparison
1115,P5T01-C00838,data/rf016/Models/PLAYERVIEW/PV-M4A1_S_Transformers_C24Tiger_BL.LTB,model,65,15613d4151b821c8d6f4b5b24e966b77f65e984506c88d58d34a24dcd599f954,keyword:M4,0,0,0,0,,,CANDIDATE_ONLY,P5-T02 geometry/parts comparison
1116,P5T01-C00839,data/rf016/Models/PLAYERVIEW/PV-M4A1_S_Transformers_C24Tiger_GR.LTB,model,65,15613d4151b821c8d6f4b5b24e966b77f65e984506c88d58d34a24dcd599f954,keyword:M4,0,0,0,0,,,CANDIDATE_ONLY,P5-T02 geometry/parts comparison
1117,P5T01-C00840,data/rf016/Models/PLAYERVIEW/PV-M4A1_S_Transformers_C24Tiger_WOMAN_BL.LTB,model,65,15613d4151b821c8d6f4b5b24e966b77f65e984506c88d58d34a24dcd599f954,keyword:M4,0,0,0,0,,,CANDIDATE_ONLY,P5-T02 geometry/parts comparison
1118,P5T01-C00841,data/rf016/Models/PLAYERVIEW/PV-M4A1_S_Transformers_C24Tiger_WOMAN_GR.LTB,model,65,15613d4151b821c8d6f4b5b24e966b77f65e984506c88d58d34a24dcd599f954,keyword:M4,0,0,0,0,,,CANDIDATE_ONLY,P5-T02 geometry/parts comparison
1119,P5T01-C00843,data/rf016/Models/PLAYERVIEW/PV-M4A1_S_Transformers_CF15th_BL.LTB,model,65,7335347ed091d4ea3b2c2d6f2c1b864a7453269ef5240fef0ae501e7f262c4c0,keyword:M4,0,0,0,0,,,CANDIDATE_ONLY,P5-T02 geometry/parts comparison
1120,P5T01-C00844,data/rf016/Models/PLAYERVIEW/PV-M4A1_S_Transformers_CF15th_GR.LTB,model,65,17daa462e00812bbc0d5053c5b2f6b91ddfcde5360abc826f66446843e551b7f,keyword:M4,0,0,0,0,,,CANDIDATE_ONLY,P5-T02 geometry/parts comparison
1121,P5T01-C00845,data/rf016/Models/PLAYERVIEW/PV-M4A1_S_Transformers_CF15th_WOMAN_BL.LTB,model,65,ab03cc6cca65f9c5c11ff60c7923418b8a414177297d9e32a9b79943eb6b96cf,keyword:M4,0,0,0,0,,,CANDIDATE_ONLY,P5-T02 geometry/parts comparison
1122,P5T01-C00846,data/rf016/Models/PLAYERVIEW/PV-M4A1_S_Transformers_CF15th_WOMAN_GR.LTB,model,65,e9fdfe7bd7b94be7d21c38342766226935f6b326f9e0f8fa7297d7ede60641b3,keyword:M4,0,0,0,0,,,CANDIDATE_ONLY,P5-T02 geometry/parts comparison
1123,P5T01-C00848,data/rf016/Models/PLAYERVIEW/PV-M4A1_S_Transformers_CFPL10th_BL.LTB,model,65,c7c7023da80332bbedcb023b2f991dbff3283c2356761a4016ddb6837d7d95b4,keyword:M4,0,0,0,0,,,CANDIDATE_ONLY,P5-T02 geometry/parts comparison
1124,P5T01-C00849,data/rf016/Models/PLAYERVIEW/PV-M4A1_S_Transformers_CFPL10th_GR.LTB,model,65,e70d43f5304f900e1cca92b9d5dbe97f1f41c040d3cc05647ddb96982597c784,keyword:M4,0,0,0,0,,,CANDIDATE_ONLY,P5-T02 geometry/parts comparison
1125,P5T01-C00850,data/rf016/Models/PLAYERVIEW/PV-M4A1_S_Transformers_CFPL10th_WOMAN_BL.LTB,model,65,684ca22280f86d92a650918d547d55fc60e174f50e9bdec3e4e51a03fc05bd05,keyword:M4,0,0,0,0,,,CANDIDATE_ONLY,P5-T02 geometry/parts comparison
1126,P5T01-C00851,data/rf016/Models/PLAYERVIEW/PV-M4A1_S_Transformers_CFPL10th_WOMAN_GR.LTB,model,65,30b6c083b02eedf47793f94c7ee6eeea272238a194ca4307765d188527543065,keyword:M4,0,0,0,0,,,CANDIDATE_ONLY,P5-T02 geometry/parts comparison
1127,P5T01-C00853,data/rf016/Models/PLAYERVIEW/PV-M4A1_S_Transformers_CFPL_LGD_BL.LTB,model,65,be1e8ed2c9e6bbf5380631a044089e8c98bfde89237029e06d3168e709956664,keyword:M4,0,0,0,0,,,CANDIDATE_ONLY,P5-T02 geometry/parts comparison
1128,P5T01-C00854,data/rf016/Models/PLAYERVIEW/PV-M4A1_S_Transformers_CFPL_LGD_GR.LTB,model,65,648339f2b531f604d9ce6ae3412d05b70d75429e97c8c05736ac79fe72c81764,keyword:M4,0,0,0,0,,,CANDIDATE_ONLY,P5-T02 geometry/parts comparison
1129,P5T01-C00855,data/rf016/Models/PLAYERVIEW/PV-M4A1_S_Transformers_CFPL_LGD_WOMAN_BL.LTB,model,65,826f38d357d8f73a3dd2d61c3364f496108c9a43e49cf0908e64f95ef980e218,keyword:M4,0,0,0,0,,,CANDIDATE_ONLY,P5-T02 geometry/parts comparison
1130,P5T01-C00856,data/rf016/Models/PLAYERVIEW/PV-M4A1_S_Transformers_CFPL_LGD_WOMAN_GR.LTB,model,65,495b1d6ce54ec23c3b2d176150cd45ce3a3432086c853b695b72528f2108fc09,keyword:M4,0,0,0,0,,,CANDIDATE_ONLY,P5-T02 geometry/parts comparison
1131,P5T01-C00858,data/rf016/Models/PLAYERVIEW/PV-M4A1_S_Transformers_CFPass11_BL.LTB,model,65,7ef2a48a88927d463dce8c21e3bd68b806525099aa3a40fa1c7e964d33b94c74,keyword:M4,0,0,0,0,,,CANDIDATE_ONLY,P5-T02 geometry/parts comparison
1132,P5T01-C00859,data/rf016/Models/PLAYERVIEW/PV-M4A1_S_Transformers_CFPass11_GR.LTB,model,65,7ef2a48a88927d463dce8c21e3bd68b806525099aa3a40fa1c7e964d33b94c74,keyword:M4,0,0,0,0,,,CANDIDATE_ONLY,P5-T02 geometry/parts comparison
1133,P5T01-C00860,data/rf016/Models/PLAYERVIEW/PV-M4A1_S_Transformers_CFPass11_WOMAN_BL.LTB,model,65,7ef2a48a88927d463dce8c21e3bd68b806525099aa3a40fa1c7e964d33b94c74,keyword:M4,0,0,0,0,,,CANDIDATE_ONLY,P5-T02 geometry/parts comparison
1134,P5T01-C00861,data/rf016/Models/PLAYERVIEW/PV-M4A1_S_Transformers_CFPass11_WOMAN_GR.LTB,model,65,7ef2a48a88927d463dce8c21e3bd68b806525099aa3a40fa1c7e964d33b94c74,keyword:M4,0,0,0,0,,,CANDIDATE_ONLY,P5-T02 geometry/parts comparison
1135,P5T01-C00863,data/rf016/Models/PLAYERVIEW/PV-M4A1_S_Transformers_CFS10th_BL.LTB,model,65,d2c8651da3ca4bdd82a8fd48004399d6ba08829aad104cf8b497938f4d695ab0,keyword:M4,0,0,0,0,,,CANDIDATE_ONLY,P5-T02 geometry/parts comparison
1136,P5T01-C00864,data/rf016/Models/PLAYERVIEW/PV-M4A1_S_Transformers_CFS10th_GR.LTB,model,65,d2c8651da3ca4bdd82a8fd48004399d6ba08829aad104cf8b497938f4d695ab0,keyword:M4,0,0,0,0,,,CANDIDATE_ONLY,P5-T02 geometry/parts comparison
1137,P5T01-C00865,data/rf016/Models/PLAYERVIEW/PV-M4A1_S_Transformers_CFS10th_WOMAN_BL.LTB,model,65,d2c8651da3ca4bdd82a8fd48004399d6ba08829aad104cf8b497938f4d695ab0,keyword:M4,0,0,0,0,,,CANDIDATE_ONLY,P5-T02 geometry/parts comparison
1138,P5T01-C00866,data/rf016/Models/PLAYERVIEW/PV-M4A1_S_Transformers_CFS10th_WOMAN_GR.LTB,model,65,d2c8651da3ca4bdd82a8fd48004399d6ba08829aad104cf8b497938f4d695ab0,keyword:M4,0,0,0,0,,,CANDIDATE_ONLY,P5-T02 geometry/parts comparison
1139,P5T01-C00868,data/rf016/Models/PLAYERVIEW/PV-M4A1_S_Transformers_Classic_BL.LTB,model,65,ff3117dc53fc012ea30c7c7eae937903d46cba712cbb02c8faa746fd4831819c,keyword:M4,0,0,0,0,,,CANDIDATE_ONLY,P5-T02 geometry/parts comparison
1140,P5T01-C00869,data/rf016/Models/PLAYERVIEW/PV-M4A1_S_Transformers_Classic_GR.LTB,model,65,ff3117dc53fc012ea30c7c7eae937903d46cba712cbb02c8faa746fd4831819c,keyword:M4,0,0,0,0,,,CANDIDATE_ONLY,P5-T02 geometry/parts comparison
1141,P5T01-C00870,data/rf016/Models/PLAYERVIEW/PV-M4A1_S_Transformers_Classic_WOMAN_BL.LTB,model,65,ff3117dc53fc012ea30c7c7eae937903d46cba712cbb02c8faa746fd4831819c,keyword:M4,0,0,0,0,,,CANDIDATE_ONLY,P5-T02 geometry/parts comparison
1142,P5T01-C00871,data/rf016/Models/PLAYERVIEW/PV-M4A1_S_Transformers_Classic_WOMAN_GR.LTB,model,65,ff3117dc53fc012ea30c7c7eae937903d46cba712cbb02c8faa746fd4831819c,keyword:M4,0,0,0,0,,,CANDIDATE_ONLY,P5-T02 geometry/parts comparison
1143,P5T01-C00873,data/rf016/Models/PLAYERVIEW/PV-M4A1_S_Transformers_Cpunk_BL.LTB,model,65,a96a35cde3833e01f2f98735defdc7bae5eb3d23b52fe818c5437bf26b2238d1,keyword:M4,0,0,0,0,,,CANDIDATE_ONLY,P5-T02 geometry/parts comparison
1144,P5T01-C00874,data/rf016/Models/PLAYERVIEW/PV-M4A1_S_Transformers_Cpunk_GR.LTB,model,65,6319a77a7b7271b1ebe3505fd7b553561e01e1992c4bc873277cac2c58e20cf6,keyword:M4,0,0,0,0,,,CANDIDATE_ONLY,P5-T02 geometry/parts comparison
1145,P5T01-C00875,data/rf016/Models/PLAYERVIEW/PV-M4A1_S_Transformers_Cpunk_WOMAN_BL.LTB,model,65,6eaa80a5ab0083f563e0908a81dc3d9de36bcc1c5225c598f967a4a20a501675,keyword:M4,0,0,0,0,,,CANDIDATE_ONLY,P5-T02 geometry/parts comparison
1146,P5T01-C00876,data/rf016/Models/PLAYERVIEW/PV-M4A1_S_Transformers_Cpunk_WOMAN_GR.LTB,model,65,fd0721d65fc7634c345790480a6bf410854aea861a973a9adafb718def5a4abe,keyword:M4,0,0,0,0,,,CANDIDATE_ONLY,P5-T02 geometry/parts comparison
1147,P5T01-C00878,data/rf016/Models/PLAYERVIEW/PV-M4A1_S_Transformers_DS_BL.LTB,model,65,f55a9020239c6d318484223fbc3792d021a146a88a8cf28c2f2e0c50e638e9bb,keyword:M4,0,0,0,0,,,CANDIDATE_ONLY,P5-T02 geometry/parts comparison
1148,P5T01-C00879,data/rf016/Models/PLAYERVIEW/PV-M4A1_S_Transformers_DS_GR.LTB,model,65,3bef182a37e94f69454439d3bf0120ce792c73d1245060e98260ce9ab2efd552,keyword:M4,0,0,0,0,,,CANDIDATE_ONLY,P5-T02 geometry/parts comparison
1149,P5T01-C00880,data/rf016/Models/PLAYERVIEW/PV-M4A1_S_Transformers_DS_WOMAN_BL.LTB,model,65,43fc38f4a06f1a8a817cf57aff7c633d2bf69343345ac356371fb27c8a236dd3,keyword:M4,0,0,0,0,,,CANDIDATE_ONLY,P5-T02 geometry/parts comparison
1150,P5T01-C00881,data/rf016/Models/PLAYERVIEW/PV-M4A1_S_Transformers_DS_WOMAN_GR.LTB,model,65,ae69ffdec9a457bae6b303da930f6583d8d2d8d7494c75ef8fdf307bac9f5345,keyword:M4,0,0,0,0,,,CANDIDATE_ONLY,P5-T02 geometry/parts comparison
1151,P5T01-C00883,data/rf016/Models/PLAYERVIEW/PV-M4A1_S_Transformers_Dihu_BL.LTB,model,65,f73494d6995ccc422271a444f6b451269faea1d8276dcfa1652a68b94b3567a1,keyword:M4,0,0,0,0,,,CANDIDATE_ONLY,P5-T02 geometry/parts comparison
1152,P5T01-C00884,data/rf016/Models/PLAYERVIEW/PV-M4A1_S_Transformers_Dihu_GR.LTB,model,65,b0189eb239953d2afda7ab5b05509bbc043d51797af9bc3afeea275f4d3f9921,keyword:M4,0,0,0,0,,,CANDIDATE_ONLY,P5-T02 geometry/parts comparison
1153,P5T01-C00885,data/rf016/Models/PLAYERVIEW/PV-M4A1_S_Transformers_Dihu_WOMAN_BL.LTB,model,65,4453a2f9ff67990e71a99f63d742a7c561a21db28d48a97e1c91f344a495686f,keyword:M4,0,0,0,0,,,CANDIDATE_ONLY,P5-T02 geometry/parts comparison
1154,P5T01-C00886,data/rf016/Models/PLAYERVIEW/PV-M4A1_S_Transformers_Dihu_WOMAN_GR.LTB,model,65,5763163056e66ccb3a8fc503e22d96580fc65e90f0edefacf04b7d905dd92083,keyword:M4,0,0,0,0,,,CANDIDATE_ONLY,P5-T02 geometry/parts comparison
1155,P5T01-C00888,data/rf016/Models/PLAYERVIEW/PV-M4A1_S_Transformers_EMP_BL.LTB,model,65,19f0e2e3022243ab1a222a1b846254dade88398df96919296130dbc1de4b349c,keyword:M4,0,0,0,0,,,CANDIDATE_ONLY,P5-T02 geometry/parts comparison
1156,P5T01-C00889,data/rf016/Models/PLAYERVIEW/PV-M4A1_S_Transformers_EMP_GR.LTB,model,65,16c357b66adf47bca5496850e422322866e300553f29db34838d4f1055e8fc4e,keyword:M4,0,0,0,0,,,CANDIDATE_ONLY,P5-T02 geometry/parts comparison
1157,P5T01-C00890,data/rf016/Models/PLAYERVIEW/PV-M4A1_S_Transformers_EMP_WOMAN_BL.LTB,model,65,cc9ddb4f80ab322db24694563065281f7b53910355845a4b7a07cf274aba560c,keyword:M4,0,0,0,0,,,CANDIDATE_ONLY,P5-T02 geometry/parts comparison
1158,P5T01-C00891,data/rf016/Models/PLAYERVIEW/PV-M4A1_S_Transformers_EMP_WOMAN_GR.LTB,model,65,97a26d29eced1751cb713515140b06ff16ce9c10e64709caec5e6d191fa5e673,keyword:M4,0,0,0,0,,,CANDIDATE_ONLY,P5-T02 geometry/parts comparison
1159,P5T01-C00892,data/rf016/Models/PLAYERVIEW/PV-M4A1_S_Transformers_GR.LTB,model,65,d402668cf6dac3959b280837ac3fd239b60daf826a36020dc9ef379d14bd9fa7,keyword:M4,0,0,0,0,,,CANDIDATE_ONLY,P5-T02 geometry/parts comparison
1160,P5T01-C00894,data/rf016/Models/PLAYERVIEW/PV-M4A1_S_Transformers_HWG_BL.LTB,model,65,43030d124b04b19061559142fae4d9d58c222359f1093d7fbdfa8ba8b0331849,keyword:M4,0,0,0,0,,,CANDIDATE_ONLY,P5-T02 geometry/parts comparison
1161,P5T01-C00895,data/rf016/Models/PLAYERVIEW/PV-M4A1_S_Transformers_HWG_GR.LTB,model,65,43030d124b04b19061559142fae4d9d58c222359f1093d7fbdfa8ba8b0331849,keyword:M4,0,0,0,0,,,CANDIDATE_ONLY,P5-T02 geometry/parts comparison
1162,P5T01-C00896,data/rf016/Models/PLAYERVIEW/PV-M4A1_S_Transformers_HWG_WOMAN_BL.LTB,model,65,43030d124b04b19061559142fae4d9d58c222359f1093d7fbdfa8ba8b0331849,keyword:M4,0,0,0,0,,,CANDIDATE_ONLY,P5-T02 geometry/parts comparison
1163,P5T01-C00897,data/rf016/Models/PLAYERVIEW/PV-M4A1_S_Transformers_HWG_WOMAN_GR.LTB,model,65,43030d124b04b19061559142fae4d9d58c222359f1093d7fbdfa8ba8b0331849,keyword:M4,0,0,0,0,,,CANDIDATE_ONLY,P5-T02 geometry/parts comparison
1164,P5T01-C00899,data/rf016/Models/PLAYERVIEW/PV-M4A1_S_Transformers_Ipdance_BL.LTB,model,65,7676e968ca7b29bfb981c337a43c3a6bb11b3df80bc60a09ed8af1fe713723bf,keyword:M4,0,0,0,0,,,CANDIDATE_ONLY,P5-T02 geometry/parts comparison
1165,P5T01-C00900,data/rf016/Models/PLAYERVIEW/PV-M4A1_S_Transformers_Ipdance_GR.LTB,model,65,7676e968ca7b29bfb981c337a43c3a6bb11b3df80bc60a09ed8af1fe713723bf,keyword:M4,0,0,0,0,,,CANDIDATE_ONLY,P5-T02 geometry/parts comparison
1166,P5T01-C00901,data/rf016/Models/PLAYERVIEW/PV-M4A1_S_Transformers_Ipdance_WOMAN_BL.LTB,model,65,7676e968ca7b29bfb981c337a43c3a6bb11b3df80bc60a09ed8af1fe713723bf,keyword:M4,0,0,0,0,,,CANDIDATE_ONLY,P5-T02 geometry/parts comparison
1167,P5T01-C00902,data/rf016/Models/PLAYERVIEW/PV-M4A1_S_Transformers_Ipdance_WOMAN_GR.LTB,model,65,7676e968ca7b29bfb981c337a43c3a6bb11b3df80bc60a09ed8af1fe713723bf,keyword:M4,0,0,0,0,,,CANDIDATE_ONLY,P5-T02 geometry/parts comparison
1168,P5T01-C00903,data/rf016/Models/PLAYERVIEW/PV-M4A1_S_Transformers_JJXT.LTB,model,65,ca9deaf01a9d43d9888ecfb888988283ced52f713df8118ac21506c48c0087bb,keyword:M4,0,0,0,0,,,CANDIDATE_ONLY,P5-T02 geometry/parts comparison
1169,P5T01-C00904,data/rf016/Models/PLAYERVIEW/PV-M4A1_S_Transformers_JJXT_BL.LTB,model,65,ab8acbb6ea44f046f03e4f56ca7ae16a6e48ea80dfc2496db879363fce4ef35b,keyword:M4,0,0,0,0,,,CANDIDATE_ONLY,P5-T02 geometry/parts comparison
1170,P5T01-C00905,data/rf016/Models/PLAYERVIEW/PV-M4A1_S_Transformers_JJXT_GR.LTB,model,65,df980401869ddcdaa357d54c8a720de9571f602c21d44a32a367b55915238ab3,keyword:M4,0,0,0,0,,,CANDIDATE_ONLY,P5-T02 geometry/parts comparison
1171,P5T01-C00906,data/rf016/Models/PLAYERVIEW/PV-M4A1_S_Transformers_JJXT_WOMAN_BL.LTB,model,65,3b50f4d1259c4d6a8d680de7fe9cc70b2712f7dfd46581d556b02b7e32185bbf,keyword:M4,0,0,0,0,,,CANDIDATE_ONLY,P5-T02 geometry/parts comparison
1172,P5T01-C00907,data/rf016/Models/PLAYERVIEW/PV-M4A1_S_Transformers_JJXT_WOMAN_GR.LTB,model,65,49bad6f4d0fb31145ea93e99f990089c9532df1390700f9f1f476c78f48c1822,keyword:M4,0,0,0,0,,,CANDIDATE_ONLY,P5-T02 geometry/parts comparison
1173,P5T01-C00909,data/rf016/Models/PLAYERVIEW/PV-M4A1_S_Transformers_Javelin_BL.LTB,model,65,07b44abcf8159fbe27ae3d890a6b971a0ebe76e10ffb4b676523f0416817e6c4,keyword:M4,0,0,0,0,,,CANDIDATE_ONLY,P5-T02 geometry/parts comparison
1174,P5T01-C00910,data/rf016/Models/PLAYERVIEW/PV-M4A1_S_Transformers_Javelin_GR.LTB,model,65,07b44abcf8159fbe27ae3d890a6b971a0ebe76e10ffb4b676523f0416817e6c4,keyword:M4,0,0,0,0,,,CANDIDATE_ONLY,P5-T02 geometry/parts comparison
1175,P5T01-C00911,data/rf016/Models/PLAYERVIEW/PV-M4A1_S_Transformers_Javelin_WOMAN_BL.LTB,model,65,07b44abcf8159fbe27ae3d890a6b971a0ebe76e10ffb4b676523f0416817e6c4,keyword:M4,0,0,0,0,,,CANDIDATE_ONLY,P5-T02 geometry/parts comparison
1176,P5T01-C00912,data/rf016/Models/PLAYERVIEW/PV-M4A1_S_Transformers_Javelin_WOMAN_GR.LTB,model,65,07b44abcf8159fbe27ae3d890a6b971a0ebe76e10ffb4b676523f0416817e6c4,keyword:M4,0,0,0,0,,,CANDIDATE_ONLY,P5-T02 geometry/parts comparison
1177,P5T01-C00914,data/rf016/Models/PLAYERVIEW/PV-M4A1_S_Transformers_LDHua_BL.LTB,model,65,3e359dd66ff08f2bb7bfb20176555ec35cb83d71d5a07b53958f447e83c25e5e,keyword:M4,0,0,0,0,,,CANDIDATE_ONLY,P5-T02 geometry/parts comparison
1178,P5T01-C00915,data/rf016/Models/PLAYERVIEW/PV-M4A1_S_Transformers_LDHua_GR.LTB,model,65,3e359dd66ff08f2bb7bfb20176555ec35cb83d71d5a07b53958f447e83c25e5e,keyword:M4,0,0,0,0,,,CANDIDATE_ONLY,P5-T02 geometry/parts comparison
1179,P5T01-C00916,data/rf016/Models/PLAYERVIEW/PV-M4A1_S_Transformers_LDHua_WOMAN_BL.LTB,model,65,3e359dd66ff08f2bb7bfb20176555ec35cb83d71d5a07b53958f447e83c25e5e,keyword:M4,0,0,0,0,,,CANDIDATE_ONLY,P5-T02 geometry/parts comparison
1180,P5T01-C00917,data/rf016/Models/PLAYERVIEW/PV-M4A1_S_Transformers_LDHua_WOMAN_GR.LTB,model,65,3e359dd66ff08f2bb7bfb20176555ec35cb83d71d5a07b53958f447e83c25e5e,keyword:M4,0,0,0,0,,,CANDIDATE_ONLY,P5-T02 geometry/parts comparison
1181,P5T01-C00919,data/rf016/Models/PLAYERVIEW/PV-M4A1_S_Transformers_Limpid_BL.LTB,model,65,cc7dcc6aa2cacc1e3a13b6470824871ff160f270b5d3c5dd4f2d469ad40e3bd9,keyword:M4,0,0,0,0,,,CANDIDATE_ONLY,P5-T02 geometry/parts comparison
1182,P5T01-C00920,data/rf016/Models/PLAYERVIEW/PV-M4A1_S_Transformers_Limpid_GR.LTB,model,65,8f78f6399cd1c5f0949a956c7ee08332105d25a7f3ccbb456ae9cbc345ed319e,keyword:M4,0,0,0,0,,,CANDIDATE_ONLY,P5-T02 geometry/parts comparison
1183,P5T01-C00921,data/rf016/Models/PLAYERVIEW/PV-M4A1_S_Transformers_Limpid_WOMAN_BL.LTB,model,65,b24159a67b0e4b1cd6f4fb1a726d1477d8b5118580b5ceafa7715eec5d91850d,keyword:M4,0,0,0,0,,,CANDIDATE_ONLY,P5-T02 geometry/parts comparison
1184,P5T01-C00922,data/rf016/Models/PLAYERVIEW/PV-M4A1_S_Transformers_Limpid_WOMAN_GR.LTB,model,65,9ebf71bac42a1686bf8f48dbb6e1be6d2b2cb9b3d2a22f791b082c6bab7d23e7,keyword:M4,0,0,0,0,,,CANDIDATE_ONLY,P5-T02 geometry/parts comparison
1185,P5T01-C00924,data/rf016/Models/PLAYERVIEW/PV-M4A1_S_Transformers_Liubei_BL.LTB,model,65,d1f253d6b2d014d1b2793c959dc7724bbae1e19c857f99bea1a17c901e42f310,keyword:M4,0,0,0,0,,,CANDIDATE_ONLY,P5-T02 geometry/parts comparison
1186,P5T01-C00925,data/rf016/Models/PLAYERVIEW/PV-M4A1_S_Transformers_Liubei_GR.LTB,model,65,d1f253d6b2d014d1b2793c959dc7724bbae1e19c857f99bea1a17c901e42f310,keyword:M4,0,0,0,0,,,CANDIDATE_ONLY,P5-T02 geometry/parts comparison
1187,P5T01-C00926,data/rf016/Models/PLAYERVIEW/PV-M4A1_S_Transformers_Liubei_WOMAN_BL.LTB,model,65,d1f253d6b2d014d1b2793c959dc7724bbae1e19c857f99bea1a17c901e42f310,keyword:M4,0,0,0,0,,,CANDIDATE_ONLY,P5-T02 geometry/parts comparison
1188,P5T01-C00927,data/rf016/Models/PLAYERVIEW/PV-M4A1_S_Transformers_Liubei_WOMAN_GR.LTB,model,65,d1f253d6b2d014d1b2793c959dc7724bbae1e19c857f99bea1a17c901e42f310,keyword:M4,0,0,0,0,,,CANDIDATE_ONLY,P5-T02 geometry/parts comparison
1189,P5T01-C00929,data/rf016/Models/PLAYERVIEW/PV-M4A1_S_Transformers_MVP19_BL.LTB,model,65,babee1dc9fba47809969ff17e0de5c58417390cf8dd51b84951a2a58a6a5a276,keyword:M4,0,0,0,0,,,CANDIDATE_ONLY,P5-T02 geometry/parts comparison
1190,P5T01-C00930,data/rf016/Models/PLAYERVIEW/PV-M4A1_S_Transformers_MVP19_GR.LTB,model,65,1371a379cc2d7a489bcedf3c70338353138b8149b1b33dcdbfe4172f06ee73d6,keyword:M4,0,0,0,0,,,CANDIDATE_ONLY,P5-T02 geometry/parts comparison
1191,P5T01-C00931,data/rf016/Models/PLAYERVIEW/PV-M4A1_S_Transformers_MVP19_WOMAN_BL.LTB,model,65,bf1097d1b835eccffb9e7145e0e57fc05f67882e155be6b9a08894632aa36724,keyword:M4,0,0,0,0,,,CANDIDATE_ONLY,P5-T02 geometry/parts comparison
1192,P5T01-C00932,data/rf016/Models/PLAYERVIEW/PV-M4A1_S_Transformers_MVP19_WOMAN_GR.LTB,model,65,99a40b3d789c716df831a32a8681f0b2f8646f08d8ece83eeef5d7866e976b86,keyword:M4,0,0,0,0,,,CANDIDATE_ONLY,P5-T02 geometry/parts comparison
1193,P5T01-C00934,data/rf016/Models/PLAYERVIEW/PV-M4A1_S_Transformers_Mengchai_BL.LTB,model,65,8ac1065a9dad5aa7e7fddea5a6ed3b34be7ad782fc2e9e6f254e62348a458a55,keyword:M4,0,0,0,0,,,CANDIDATE_ONLY,P5-T02 geometry/parts comparison
1194,P5T01-C00935,data/rf016/Models/PLAYERVIEW/PV-M4A1_S_Transformers_Mengchai_GR.LTB,model,65,8ac1065a9dad5aa7e7fddea5a6ed3b34be7ad782fc2e9e6f254e62348a458a55,keyword:M4,0,0,0,0,,,CANDIDATE_ONLY,P5-T02 geometry/parts comparison
1195,P5T01-C00936,data/rf016/Models/PLAYERVIEW/PV-M4A1_S_Transformers_Mengchai_WOMAN_BL.LTB,model,65,8ac1065a9dad5aa7e7fddea5a6ed3b34be7ad782fc2e9e6f254e62348a458a55,keyword:M4,0,0,0,0,,,CANDIDATE_ONLY,P5-T02 geometry/parts comparison
1196,P5T01-C00937,data/rf016/Models/PLAYERVIEW/PV-M4A1_S_Transformers_Mengchai_WOMAN_GR.LTB,model,65,8ac1065a9dad5aa7e7fddea5a6ed3b34be7ad782fc2e9e6f254e62348a458a55,keyword:M4,0,0,0,0,,,CANDIDATE_ONLY,P5-T02 geometry/parts comparison
1197,P5T01-C00939,data/rf016/Models/PLAYERVIEW/PV-M4A1_S_Transformers_Ms2_BL.LTB,model,65,4e108f5017bbd020780553dd7cd7614fc5578e64e11224f1b1dd2506622c5440,keyword:M4,0,0,0,0,,,CANDIDATE_ONLY,P5-T02 geometry/parts comparison
1198,P5T01-C00940,data/rf016/Models/PLAYERVIEW/PV-M4A1_S_Transformers_Ms2_GR.LTB,model,65,68904449b6e8dbeda3f50bdcd63af1fe2045478fed0406e1a2abcf4a3c183820,keyword:M4,0,0,0,0,,,CANDIDATE_ONLY,P5-T02 geometry/parts comparison
1199,P5T01-C00941,data/rf016/Models/PLAYERVIEW/PV-M4A1_S_Transformers_Ms2_WOMAN_BL.LTB,model,65,208df04a19f31f477f7bc6cf7e7f0dd04daa82c3d1238537e03f091f9f42b1f9,keyword:M4,0,0,0,0,,,CANDIDATE_ONLY,P5-T02 geometry/parts comparison
1200,P5T01-C00942,data/rf016/Models/PLAYERVIEW/PV-M4A1_S_Transformers_Ms2_WOMAN_GR.LTB,model,65,0db4251956a18772af193d3a6b8b0253294dabc5cad8a0c15fbdaafd9dc2f235,keyword:M4,0,0,0,0,,,CANDIDATE_ONLY,P5-T02 geometry/parts comparison
1201,P5T01-C00944,data/rf016/Models/PLAYERVIEW/PV-M4A1_S_Transformers_PB_BL.LTB,model,65,f965c9a623caf29ad215b5f98c9da93f45c2f82e07f5c404fd5e59073f198c33,keyword:M4,0,0,0,0,,,CANDIDATE_ONLY,P5-T02 geometry/parts comparison
1202,P5T01-C00945,data/rf016/Models/PLAYERVIEW/PV-M4A1_S_Transformers_PB_GR.LTB,model,65,f965c9a623caf29ad215b5f98c9da93f45c2f82e07f5c404fd5e59073f198c33,keyword:M4,0,0,0,0,,,CANDIDATE_ONLY,P5-T02 geometry/parts comparison
1203,P5T01-C00946,data/rf016/Models/PLAYERVIEW/PV-M4A1_S_Transformers_PB_WOMAN_BL.LTB,model,65,f965c9a623caf29ad215b5f98c9da93f45c2f82e07f5c404fd5e59073f198c33,keyword:M4,0,0,0,0,,,CANDIDATE_ONLY,P5-T02 geometry/parts comparison
1204,P5T01-C00947,data/rf016/Models/PLAYERVIEW/PV-M4A1_S_Transformers_PB_WOMAN_GR.LTB,model,65,f965c9a623caf29ad215b5f98c9da93f45c2f82e07f5c404fd5e59073f198c33,keyword:M4,0,0,0,0,,,CANDIDATE_ONLY,P5-T02 geometry/parts comparison
1205,P5T01-C00949,data/rf016/Models/PLAYERVIEW/PV-M4A1_S_Transformers_PC_BL.LTB,model,65,1011dcad5f299a34b1021ba7ecf19c4444267abd596cd6612c06e3293a6b3906,keyword:M4,0,0,0,0,,,CANDIDATE_ONLY,P5-T02 geometry/parts comparison
1206,P5T01-C00951,data/rf016/Models/PLAYERVIEW/PV-M4A1_S_Transformers_PC_BTF_BL.LTB,model,65,0a67649024a6a1df45d2b6d566a3f275efb78c05bbf5e14edad748c0934a734a,keyword:M4,0,0,0,0,,,CANDIDATE_ONLY,P5-T02 geometry/parts comparison
1207,P5T01-C00952,data/rf016/Models/PLAYERVIEW/PV-M4A1_S_Transformers_PC_BTF_GR.LTB,model,65,0a67649024a6a1df45d2b6d566a3f275efb78c05bbf5e14edad748c0934a734a,keyword:M4,0,0,0,0,,,CANDIDATE_ONLY,P5-T02 geometry/parts comparison
1208,P5T01-C00953,data/rf016/Models/PLAYERVIEW/PV-M4A1_S_Transformers_PC_BTF_WOMAN_BL.LTB,model,65,0a67649024a6a1df45d2b6d566a3f275efb78c05bbf5e14edad748c0934a734a,keyword:M4,0,0,0,0,,,CANDIDATE_ONLY,P5-T02 geometry/parts comparison
1209,P5T01-C00954,data/rf016/Models/PLAYERVIEW/PV-M4A1_S_Transformers_PC_BTF_WOMAN_GR.LTB,model,65,0a67649024a6a1df45d2b6d566a3f275efb78c05bbf5e14edad748c0934a734a,keyword:M4,0,0,0,0,,,CANDIDATE_ONLY,P5-T02 geometry/parts comparison
1210,P5T01-C00955,data/rf016/Models/PLAYERVIEW/PV-M4A1_S_Transformers_PC_GR.LTB,model,65,1011dcad5f299a34b1021ba7ecf19c4444267abd596cd6612c06e3293a6b3906,keyword:M4,0,0,0,0,,,CANDIDATE_ONLY,P5-T02 geometry/parts comparison
1211,P5T01-C00956,data/rf016/Models/PLAYERVIEW/PV-M4A1_S_Transformers_PC_WOMAN_BL.LTB,model,65,1011dcad5f299a34b1021ba7ecf19c4444267abd596cd6612c06e3293a6b3906,keyword:M4,0,0,0,0,,,CANDIDATE_ONLY,P5-T02 geometry/parts comparison
1212,P5T01-C00957,data/rf016/Models/PLAYERVIEW/PV-M4A1_S_Transformers_PC_WOMAN_GR.LTB,model,65,1011dcad5f299a34b1021ba7ecf19c4444267abd596cd6612c06e3293a6b3906,keyword:M4,0,0,0,0,,,CANDIDATE_ONLY,P5-T02 geometry/parts comparison
1213,P5T01-C00959,data/rf016/Models/PLAYERVIEW/PV-M4A1_S_Transformers_Pinbo_BL.LTB,model,65,1b7cd25fadc98bda90f11d5a56f0919bd3ffeef98efbdbe111d979736f9de021,keyword:M4,0,0,0,0,,,CANDIDATE_ONLY,P5-T02 geometry/parts comparison
1214,P5T01-C00960,data/rf016/Models/PLAYERVIEW/PV-M4A1_S_Transformers_Pinbo_GR.LTB,model,65,1b7cd25fadc98bda90f11d5a56f0919bd3ffeef98efbdbe111d979736f9de021,keyword:M4,0,0,0,0,,,CANDIDATE_ONLY,P5-T02 geometry/parts comparison
1215,P5T01-C00961,data/rf016/Models/PLAYERVIEW/PV-M4A1_S_Transformers_Pinbo_WOMAN_BL.LTB,model,65,1b7cd25fadc98bda90f11d5a56f0919bd3ffeef98efbdbe111d979736f9de021,keyword:M4,0,0,0,0,,,CANDIDATE_ONLY,P5-T02 geometry/parts comparison
1216,P5T01-C00962,data/rf016/Models/PLAYERVIEW/PV-M4A1_S_Transformers_Pinbo_WOMAN_GR.LTB,model,65,1b7cd25fadc98bda90f11d5a56f0919bd3ffeef98efbdbe111d979736f9de021,keyword:M4,0,0,0,0,,,CANDIDATE_ONLY,P5-T02 geometry/parts comparison
1217,P5T01-C00964,data/rf016/Models/PLAYERVIEW/PV-M4A1_S_Transformers_Qingchun_BL.LTB,model,65,93c03202aaf402135f08b10e6aef8bd5d03780c4a96c95465aa0b934a345e7fc,keyword:M4,0,0,0,0,,,CANDIDATE_ONLY,P5-T02 geometry/parts comparison
1218,P5T01-C00965,data/rf016/Models/PLAYERVIEW/PV-M4A1_S_Transformers_Qingchun_GR.LTB,model,65,93c03202aaf402135f08b10e6aef8bd5d03780c4a96c95465aa0b934a345e7fc,keyword:M4,0,0,0,0,,,CANDIDATE_ONLY,P5-T02 geometry/parts comparison
1219,P5T01-C00966,data/rf016/Models/PLAYERVIEW/PV-M4A1_S_Transformers_Qingchun_WOMAN_BL.LTB,model,65,93c03202aaf402135f08b10e6aef8bd5d03780c4a96c95465aa0b934a345e7fc,keyword:M4,0,0,0,0,,,CANDIDATE_ONLY,P5-T02 geometry/parts comparison
1220,P5T01-C00967,data/rf016/Models/PLAYERVIEW/PV-M4A1_S_Transformers_Qingchun_WOMAN_GR.LTB,model,65,93c03202aaf402135f08b10e6aef8bd5d03780c4a96c95465aa0b934a345e7fc,keyword:M4,0,0,0,0,,,CANDIDATE_ONLY,P5-T02 geometry/parts comparison
1221,P5T01-C00969,data/rf016/Models/PLAYERVIEW/PV-M4A1_S_Transformers_Reaper_BL.LTB,model,65,97dead05cf5cf7a6ec3708afdd3db0ee59d40fd8163920bab0ec799b4e0e5133,keyword:M4,0,0,0,0,,,CANDIDATE_ONLY,P5-T02 geometry/parts comparison
1222,P5T01-C00970,data/rf016/Models/PLAYERVIEW/PV-M4A1_S_Transformers_Reaper_GR.LTB,model,65,97dead05cf5cf7a6ec3708afdd3db0ee59d40fd8163920bab0ec799b4e0e5133,keyword:M4,0,0,0,0,,,CANDIDATE_ONLY,P5-T02 geometry/parts comparison
1223,P5T01-C00971,data/rf016/Models/PLAYERVIEW/PV-M4A1_S_Transformers_Reaper_WOMAN_BL.LTB,model,65,97dead05cf5cf7a6ec3708afdd3db0ee59d40fd8163920bab0ec799b4e0e5133,keyword:M4,0,0,0,0,,,CANDIDATE_ONLY,P5-T02 geometry/parts comparison
1224,P5T01-C00972,data/rf016/Models/PLAYERVIEW/PV-M4A1_S_Transformers_Reaper_WOMAN_GR.LTB,model,65,97dead05cf5cf7a6ec3708afdd3db0ee59d40fd8163920bab0ec799b4e0e5133,keyword:M4,0,0,0,0,,,CANDIDATE_ONLY,P5-T02 geometry/parts comparison
1225,P5T01-C00974,data/rf016/Models/PLAYERVIEW/PV-M4A1_S_Transformers_SCP_BL.LTB,model,65,1d871073ee1143bdc0fb0acdea5978fc61aece07cf41ee678c30c1d0fe6654d0,keyword:M4,0,0,0,0,,,CANDIDATE_ONLY,P5-T02 geometry/parts comparison
1226,P5T01-C00975,data/rf016/Models/PLAYERVIEW/PV-M4A1_S_Transformers_SCP_GR.LTB,model,65,1d871073ee1143bdc0fb0acdea5978fc61aece07cf41ee678c30c1d0fe6654d0,keyword:M4,0,0,0,0,,,CANDIDATE_ONLY,P5-T02 geometry/parts comparison
1227,P5T01-C00976,data/rf016/Models/PLAYERVIEW/PV-M4A1_S_Transformers_SCP_WOMAN_BL.LTB,model,65,1d871073ee1143bdc0fb0acdea5978fc61aece07cf41ee678c30c1d0fe6654d0,keyword:M4,0,0,0,0,,,CANDIDATE_ONLY,P5-T02 geometry/parts comparison
1228,P5T01-C00977,data/rf016/Models/PLAYERVIEW/PV-M4A1_S_Transformers_SCP_WOMAN_GR.LTB,model,65,1d871073ee1143bdc0fb0acdea5978fc61aece07cf41ee678c30c1d0fe6654d0,keyword:M4,0,0,0,0,,,CANDIDATE_ONLY,P5-T02 geometry/parts comparison
1229,P5T01-C00979,data/rf016/Models/PLAYERVIEW/PV-M4A1_S_Transformers_SRab_BL.LTB,model,65,57f4867e6e9b25dcc6ccb385faf4f88f9d7bfe378ddc7289636b17dac81f3ad6,keyword:M4,0,0,0,0,,,CANDIDATE_ONLY,P5-T02 geometry/parts comparison
1230,P5T01-C00980,data/rf016/Models/PLAYERVIEW/PV-M4A1_S_Transformers_SRab_GR.LTB,model,65,1421cc08a1ceac2caca244ed5db07e644f9569e3f699ea7ece7c01792d2b2f14,keyword:M4,0,0,0,0,,,CANDIDATE_ONLY,P5-T02 geometry/parts comparison
1231,P5T01-C00981,data/rf016/Models/PLAYERVIEW/PV-M4A1_S_Transformers_SRab_WOMAN_BL.LTB,model,65,8a7299aed44e31dd111f4b04bd01e5774bb7b1579cbde841a5f07538690ae585,keyword:M4,0,0,0,0,,,CANDIDATE_ONLY,P5-T02 geometry/parts comparison
1232,P5T01-C00982,data/rf016/Models/PLAYERVIEW/PV-M4A1_S_Transformers_SRab_WOMAN_GR.LTB,model,65,6aef0f86f71aed39b026259fec4f2c049d7126598e63d4548dd81c5dab08c91e,keyword:M4,0,0,0,0,,,CANDIDATE_ONLY,P5-T02 geometry/parts comparison
1233,P5T01-C00984,data/rf016/Models/PLAYERVIEW/PV-M4A1_S_Transformers_Sjingxue_BL.LTB,model,65,e0b86a0c6f3f9a73d08441b12e1ffefd87093e6b9889250aa1dc0ed048083238,keyword:M4,0,0,0,0,,,CANDIDATE_ONLY,P5-T02 geometry/parts comparison
1234,P5T01-C00985,data/rf016/Models/PLAYERVIEW/PV-M4A1_S_Transformers_Sjingxue_GR.LTB,model,65,e0b86a0c6f3f9a73d08441b12e1ffefd87093e6b9889250aa1dc0ed048083238,keyword:M4,0,0,0,0,,,CANDIDATE_ONLY,P5-T02 geometry/parts comparison
1235,P5T01-C00986,data/rf016/Models/PLAYERVIEW/PV-M4A1_S_Transformers_Sjingxue_WOMAN_BL.LTB,model,65,e0b86a0c6f3f9a73d08441b12e1ffefd87093e6b9889250aa1dc0ed048083238,keyword:M4,0,0,0,0,,,CANDIDATE_ONLY,P5-T02 geometry/parts comparison
1236,P5T01-C00987,data/rf016/Models/PLAYERVIEW/PV-M4A1_S_Transformers_Sjingxue_WOMAN_GR.LTB,model,65,e0b86a0c6f3f9a73d08441b12e1ffefd87093e6b9889250aa1dc0ed048083238,keyword:M4,0,0,0,0,,,CANDIDATE_ONLY,P5-T02 geometry/parts comparison
1237,P5T01-C00989,data/rf016/Models/PLAYERVIEW/PV-M4A1_S_Transformers_Stellar_BL.LTB,model,65,20ece7b91b534f69d290f7b577a3e57c33d1489f77e19f14a5996bb325a62dc6,keyword:M4,0,0,0,0,,,CANDIDATE_ONLY,P5-T02 geometry/parts comparison
1238,P5T01-C00990,data/rf016/Models/PLAYERVIEW/PV-M4A1_S_Transformers_Stellar_GR.LTB,model,65,20ece7b91b534f69d290f7b577a3e57c33d1489f77e19f14a5996bb325a62dc6,keyword:M4,0,0,0,0,,,CANDIDATE_ONLY,P5-T02 geometry/parts comparison
1239,P5T01-C00991,data/rf016/Models/PLAYERVIEW/PV-M4A1_S_Transformers_Stellar_WOMAN_BL.LTB,model,65,20ece7b91b534f69d290f7b577a3e57c33d1489f77e19f14a5996bb325a62dc6,keyword:M4,0,0,0,0,,,CANDIDATE_ONLY,P5-T02 geometry/parts comparison
1240,P5T01-C00992,data/rf016/Models/PLAYERVIEW/PV-M4A1_S_Transformers_Stellar_WOMAN_GR.LTB,model,65,20ece7b91b534f69d290f7b577a3e57c33d1489f77e19f14a5996bb325a62dc6,keyword:M4,0,0,0,0,,,CANDIDATE_ONLY,P5-T02 geometry/parts comparison
1241,P5T01-C00994,data/rf016/Models/PLAYERVIEW/PV-M4A1_S_Transformers_TCG_BL.LTB,model,65,885f735ac439e6407149a9f2435f8e4f941b16d0341f9b30d61367e2b7ad84ef,keyword:M4,0,0,0,0,,,CANDIDATE_ONLY,P5-T02 geometry/parts comparison
1242,P5T01-C00995,data/rf016/Models/PLAYERVIEW/PV-M4A1_S_Transformers_TCG_GR.LTB,model,65,885f735ac439e6407149a9f2435f8e4f941b16d0341f9b30d61367e2b7ad84ef,keyword:M4,0,0,0,0,,,CANDIDATE_ONLY,P5-T02 geometry/parts comparison
1243,P5T01-C00996,data/rf016/Models/PLAYERVIEW/PV-M4A1_S_Transformers_TCG_WOMAN_BL.LTB,model,65,885f735ac439e6407149a9f2435f8e4f941b16d0341f9b30d61367e2b7ad84ef,keyword:M4,0,0,0,0,,,CANDIDATE_ONLY,P5-T02 geometry/parts comparison
1244,P5T01-C00997,data/rf016/Models/PLAYERVIEW/PV-M4A1_S_Transformers_TCG_WOMAN_GR.LTB,model,65,885f735ac439e6407149a9f2435f8e4f941b16d0341f9b30d61367e2b7ad84ef,keyword:M4,0,0,0,0,,,CANDIDATE_ONLY,P5-T02 geometry/parts comparison
1245,P5T01-C00999,data/rf016/Models/PLAYERVIEW/PV-M4A1_S_Transformers_TLand_BL.LTB,model,65,a4e6c57d80a361ade1a6f0fe6c3586116f12e6ba62b9740bddd149b7603d31a0,keyword:M4,0,0,0,0,,,CANDIDATE_ONLY,P5-T02 geometry/parts comparison
1246,P5T01-C01000,data/rf016/Models/PLAYERVIEW/PV-M4A1_S_Transformers_TLand_GR.LTB,model,65,a4e6c57d80a361ade1a6f0fe6c3586116f12e6ba62b9740bddd149b7603d31a0,keyword:M4,0,0,0,0,,,CANDIDATE_ONLY,P5-T02 geometry/parts comparison
1247,P5T01-C01001,data/rf016/Models/PLAYERVIEW/PV-M4A1_S_Transformers_TLand_WOMAN_BL.LTB,model,65,a4e6c57d80a361ade1a6f0fe6c3586116f12e6ba62b9740bddd149b7603d31a0,keyword:M4,0,0,0,0,,,CANDIDATE_ONLY,P5-T02 geometry/parts comparison
1248,P5T01-C01002,data/rf016/Models/PLAYERVIEW/PV-M4A1_S_Transformers_TLand_WOMAN_GR.LTB,model,65,a4e6c57d80a361ade1a6f0fe6c3586116f12e6ba62b9740bddd149b7603d31a0,keyword:M4,0,0,0,0,,,CANDIDATE_ONLY,P5-T02 geometry/parts comparison
1249,P5T01-C01004,data/rf016/Models/PLAYERVIEW/PV-M4A1_S_Transformers_Virgo_BL.LTB,model,65,7690077a41e444d3105ac19b1b91931d43309b475e517841ab5eab95fbdbc550,keyword:M4,0,0,0,0,,,CANDIDATE_ONLY,P5-T02 geometry/parts comparison
1250,P5T01-C01005,data/rf016/Models/PLAYERVIEW/PV-M4A1_S_Transformers_Virgo_GR.LTB,model,65,7690077a41e444d3105ac19b1b91931d43309b475e517841ab5eab95fbdbc550,keyword:M4,0,0,0,0,,,CANDIDATE_ONLY,P5-T02 geometry/parts comparison
1251,P5T01-C01006,data/rf016/Models/PLAYERVIEW/PV-M4A1_S_Transformers_Virgo_WOMAN_BL.LTB,model,65,7690077a41e444d3105ac19b1b91931d43309b475e517841ab5eab95fbdbc550,keyword:M4,0,0,0,0,,,CANDIDATE_ONLY,P5-T02 geometry/parts comparison
1252,P5T01-C01007,data/rf016/Models/PLAYERVIEW/PV-M4A1_S_Transformers_Virgo_WOMAN_GR.LTB,model,65,7690077a41e444d3105ac19b1b91931d43309b475e517841ab5eab95fbdbc550,keyword:M4,0,0,0,0,,,CANDIDATE_ONLY,P5-T02 geometry/parts comparison
1253,P5T01-C01008,data/rf016/Models/PLAYERVIEW/PV-M4A1_S_Transformers_WOMAN_BL.LTB,model,65,3a5f457779f180ddc15aa11fb6961e3dd76eaefa1a1ddccfe0e670e83fecd054,keyword:M4,0,0,0,0,,,CANDIDATE_ONLY,P5-T02 geometry/parts comparison
1254,P5T01-C01009,data/rf016/Models/PLAYERVIEW/PV-M4A1_S_Transformers_WOMAN_GR.LTB,model,65,7a9c45ef25727ee42037a767435c37e8b385d72366d3613efab487465ba4de48,keyword:M4,0,0,0,0,,,CANDIDATE_ONLY,P5-T02 geometry/parts comparison
1255,P5T01-C01011,data/rf016/Models/PLAYERVIEW/PV-M4A1_S_Transformers_YUQI_BL.LTB,model,65,184b5db2cbd579f965b64868cd730ec35a6c5bfbda997de12636e1491def9ec1,keyword:M4,0,0,0,0,,,CANDIDATE_ONLY,P5-T02 geometry/parts comparison
1256,P5T01-C01012,data/rf016/Models/PLAYERVIEW/PV-M4A1_S_Transformers_YUQI_GR.LTB,model,65,184b5db2cbd579f965b64868cd730ec35a6c5bfbda997de12636e1491def9ec1,keyword:M4,0,0,0,0,,,CANDIDATE_ONLY,P5-T02 geometry/parts comparison
1257,P5T01-C01013,data/rf016/Models/PLAYERVIEW/PV-M4A1_S_Transformers_YUQI_WOMAN_BL.LTB,model,65,184b5db2cbd579f965b64868cd730ec35a6c5bfbda997de12636e1491def9ec1,keyword:M4,0,0,0,0,,,CANDIDATE_ONLY,P5-T02 geometry/parts comparison
1258,P5T01-C01014,data/rf016/Models/PLAYERVIEW/PV-M4A1_S_Transformers_YUQI_WOMAN_GR.LTB,model,65,184b5db2cbd579f965b64868cd730ec35a6c5bfbda997de12636e1491def9ec1,keyword:M4,0,0,0,0,,,CANDIDATE_ONLY,P5-T02 geometry/parts comparison
1259,P5T01-C01016,data/rf016/Models/PLAYERVIEW/PV-M4A1_S_Transformers_YangJian_BL.LTB,model,65,f8cda35f867ac50a131998045b3591e31c3c4cce2d42afa534eaa110f6b79705,keyword:M4,0,0,0,0,,,CANDIDATE_ONLY,P5-T02 geometry/parts comparison
1260,P5T01-C01017,data/rf016/Models/PLAYERVIEW/PV-M4A1_S_Transformers_YangJian_GR.LTB,model,65,17e89100bc7387467bc6a6b4220f8bdb2a3903242dd658468c10f508ef0d12d0,keyword:M4,0,0,0,0,,,CANDIDATE_ONLY,P5-T02 geometry/parts comparison
1261,P5T01-C01018,data/rf016/Models/PLAYERVIEW/PV-M4A1_S_Transformers_YangJian_WOMAN_BL.LTB,model,65,1f129b6ba086d9d2839843389e3acdf068ecfe1c621fcbff7359d29c208b486f,keyword:M4,0,0,0,0,,,CANDIDATE_ONLY,P5-T02 geometry/parts comparison
1262,P5T01-C01019,data/rf016/Models/PLAYERVIEW/PV-M4A1_S_Transformers_YangJian_WOMAN_GR.LTB,model,65,86ac4d76d4709956784a32e85f93879b82cd0dc73fa3a18bfd9caa9a6d928239,keyword:M4,0,0,0,0,,,CANDIDATE_ONLY,P5-T02 geometry/parts comparison
1263,P5T01-C01021,data/rf016/Models/PLAYERVIEW/PV-M4A1_S_Transformers_ZDaBaiLu_BL.LTB,model,65,00d43561bbe79b1d31190e89e8d9334f62710619ca3eb33eac7ca6d8acdc521c,keyword:M4,0,0,0,0,,,CANDIDATE_ONLY,P5-T02 geometry/parts comparison
1264,P5T01-C01022,data/rf016/Models/PLAYERVIEW/PV-M4A1_S_Transformers_ZDaBaiLu_GR.LTB,model,65,00d43561bbe79b1d31190e89e8d9334f62710619ca3eb33eac7ca6d8acdc521c,keyword:M4,0,0,0,0,,,CANDIDATE_ONLY,P5-T02 geometry/parts comparison
1265,P5T01-C01023,data/rf016/Models/PLAYERVIEW/PV-M4A1_S_Transformers_ZDaBaiLu_WOMAN_BL.LTB,model,65,00d43561bbe79b1d31190e89e8d9334f62710619ca3eb33eac7ca6d8acdc521c,keyword:M4,0,0,0,0,,,CANDIDATE_ONLY,P5-T02 geometry/parts comparison
1266,P5T01-C01024,data/rf016/Models/PLAYERVIEW/PV-M4A1_S_Transformers_ZDaBaiLu_WOMAN_GR.LTB,model,65,00d43561bbe79b1d31190e89e8d9334f62710619ca3eb33eac7ca6d8acdc521c,keyword:M4,0,0,0,0,,,CANDIDATE_ONLY,P5-T02 geometry/parts comparison
1267,P5T01-C01026,data/rf016/Models/PLAYERVIEW/PV-M4A1_S_Transformers_Zeekr007GT_BL.LTB,model,65,9bc61f4eeab0ce02a0f9383c03aa1cdbebb091ecad0c9f726cc40d4eb03cb3eb,keyword:M4,0,0,0,0,,,CANDIDATE_ONLY,P5-T02 geometry/parts comparison
1268,P5T01-C01027,data/rf016/Models/PLAYERVIEW/PV-M4A1_S_Transformers_Zeekr007GT_GR.LTB,model,65,9bc61f4eeab0ce02a0f9383c03aa1cdbebb091ecad0c9f726cc40d4eb03cb3eb,keyword:M4,0,0,0,0,,,CANDIDATE_ONLY,P5-T02 geometry/parts comparison
1269,P5T01-C01028,data/rf016/Models/PLAYERVIEW/PV-M4A1_S_Transformers_Zeekr007GT_WOMAN_BL.LTB,model,65,9bc61f4eeab0ce02a0f9383c03aa1cdbebb091ecad0c9f726cc40d4eb03cb3eb,keyword:M4,0,0,0,0,,,CANDIDATE_ONLY,P5-T02 geometry/parts comparison
1270,P5T01-C01029,data/rf016/Models/PLAYERVIEW/PV-M4A1_S_Transformers_Zeekr007GT_WOMAN_GR.LTB,model,65,9bc61f4eeab0ce02a0f9383c03aa1cdbebb091ecad0c9f726cc40d4eb03cb3eb,keyword:M4,0,0,0,0,,,CANDIDATE_ONLY,P5-T02 geometry/parts comparison
1271,P5T01-C01031,data/rf016/Models/PLAYERVIEW/PV-M4A1_S_UltimateGold_BL.LTB,model,65,cc84d108aa18fa8d96a7c2a5ac0f97ae8352c8894b6f0101a1f7a013bef92b78,keyword:M4,0,0,0,0,,,CANDIDATE_ONLY,P5-T02 geometry/parts comparison
1272,P5T01-C01032,data/rf016/Models/PLAYERVIEW/PV-M4A1_S_UltimateGold_GR.LTB,model,65,50f52d429c25eb0db48e30fb1a7f0171f0112d41b94eaf034ac4bcb37a084fb2,keyword:M4,0,0,0,0,,,CANDIDATE_ONLY,P5-T02 geometry/parts comparison
1273,P5T01-C01033,data/rf016/Models/PLAYERVIEW/PV-M4A1_S_UltimateGold_WOMAN_BL.LTB,model,65,91e2210459893a66323840e0a2f070d5900874e7ee3ccca7b4ae8a8578999323,keyword:M4,0,0,0,0,,,CANDIDATE_ONLY,P5-T02 geometry/parts comparison
1274,P5T01-C01034,data/rf016/Models/PLAYERVIEW/PV-M4A1_S_UltimateGold_WOMAN_GR.LTB,model,65,00d667820355da818372ddab062a54bb6bad3e10b82ed3684ae283f7532b882f,keyword:M4,0,0,0,0,,,CANDIDATE_ONLY,P5-T02 geometry/parts comparison
1275,P5T01-C01036,data/rf016/Models/PLAYERVIEW/PV-M4A1_S_Umaking_BL.LTB,model,65,f08f62eeb7cc31a783821385e8d090aabf2fc51868cda7922473c5f3d9ac85b7,keyword:M4,0,0,0,0,,,CANDIDATE_ONLY,P5-T02 geometry/parts comparison
1276,P5T01-C01037,data/rf016/Models/PLAYERVIEW/PV-M4A1_S_Umaking_GR.LTB,model,65,16c3714f690c213eabf6b940ad3cf684222de0751561a35f7a7d501286a32d91,keyword:M4,0,0,0,0,,,CANDIDATE_ONLY,P5-T02 geometry/parts comparison
1277,P5T01-C01038,data/rf016/Models/PLAYERVIEW/PV-M4A1_S_Umaking_WOMAN_BL.LTB,model,65,b4daa9787f062839cddbbc7d586f5767febbc4d214095328b38e7ef616e1c934,keyword:M4,0,0,0,0,,,CANDIDATE_ONLY,P5-T02 geometry/parts comparison
1278,P5T01-C01039,data/rf016/Models/PLAYERVIEW/PV-M4A1_S_Umaking_WOMAN_GR.LTB,model,65,7d8c6b5f13a161a0950b63df6756fd58a9ec847505be9d5605f32dc438fd1bfd,keyword:M4,0,0,0,0,,,CANDIDATE_ONLY,P5-T02 geometry/parts comparison
1279,P5T01-C01041,data/rf016/Models/PLAYERVIEW/PV-M4A1_S_UnderTech_BL.LTB,model,65,d978281f1d9c1ac69cbb9e25a940c6cc22b72f8e85ec21e4b01eb36440e058a0,keyword:M4,0,0,0,0,,,CANDIDATE_ONLY,P5-T02 geometry/parts comparison
1280,P5T01-C01043,data/rf016/Models/PLAYERVIEW/PV-M4A1_S_UnderTech_Chg_BL.LTB,model,65,45455103553c2d5a435e787db2684381c566d9a3868a64473407dbeb224453ac,keyword:M4,0,0,0,0,,,CANDIDATE_ONLY,P5-T02 geometry/parts comparison
1281,P5T01-C01044,data/rf016/Models/PLAYERVIEW/PV-M4A1_S_UnderTech_Chg_GR.LTB,model,65,62e1d9a4c974bcac2bee6c382ad1eae8d4710bb000fb6c95d0fb2eaffb52e3d5,keyword:M4,0,0,0,0,,,CANDIDATE_ONLY,P5-T02 geometry/parts comparison
1282,P5T01-C01045,data/rf016/Models/PLAYERVIEW/PV-M4A1_S_UnderTech_Chg_WOMAN_BL.LTB,model,65,2178277aa3ca44f94116b6aeb0d54179467394d84a425c72d55d580baefd27a7,keyword:M4,0,0,0,0,,,CANDIDATE_ONLY,P5-T02 geometry/parts comparison
1283,P5T01-C01046,data/rf016/Models/PLAYERVIEW/PV-M4A1_S_UnderTech_Chg_WOMAN_GR.LTB,model,65,13a94d56c726668c8b5102e92f3646bc416f84243e056bb20cdb7082e15171e2,keyword:M4,0,0,0,0,,,CANDIDATE_ONLY,P5-T02 geometry/parts comparison
1284,P5T01-C01047,data/rf016/Models/PLAYERVIEW/PV-M4A1_S_UnderTech_GR.LTB,model,65,1e3988a4aa7c1f090f767c7812778abeefc99cb0de3b507537e64f901d8fce82,keyword:M4,0,0,0,0,,,CANDIDATE_ONLY,P5-T02 geometry/parts comparison
1285,P5T01-C01048,data/rf016/Models/PLAYERVIEW/PV-M4A1_S_UnderTech_WOMAN_BL.LTB,model,65,abf78bf8d3905b49f25ff1b7d4a2c520deb58f514dfca63ac8022ffb119ae9ed,keyword:M4,0,0,0,0,,,CANDIDATE_ONLY,P5-T02 geometry/parts comparison
1286,P5T01-C01049,data/rf016/Models/PLAYERVIEW/PV-M4A1_S_UnderTech_WOMAN_GR.LTB,model,65,3a9badd1cea20af1eae9db466d163ed5a35a736cb74599256f7040d1705b2da4,keyword:M4,0,0,0,0,,,CANDIDATE_ONLY,P5-T02 geometry/parts comparison
1287,P5T01-C01056,data/rf016/Models/PLAYERVIEW/PV-M4A1_S_WaterGun_BL.LTB,model,65,abda27fb15add719eba50045422ccd97cd41c46a6aa074ec7dc2c2ec676ac308,keyword:M4,0,0,0,0,,,CANDIDATE_ONLY,P5-T02 geometry/parts comparison
1288,P5T01-C01057,data/rf016/Models/PLAYERVIEW/PV-M4A1_S_WaterGun_GR.LTB,model,65,782a71037d761372b1ad947d75f972c4e9a76088db24f5f332a59481fe4205f3,keyword:M4,0,0,0,0,,,CANDIDATE_ONLY,P5-T02 geometry/parts comparison
1289,P5T01-C01058,data/rf016/Models/PLAYERVIEW/PV-M4A1_S_WaterGun_WOMAN_BL.LTB,model,65,d3acc167b316697e6ec9093fc579e63c79912f182c1fe8daaf462fc3bf855d12,keyword:M4,0,0,0,0,,,CANDIDATE_ONLY,P5-T02 geometry/parts comparison
1290,P5T01-C01059,data/rf016/Models/PLAYERVIEW/PV-M4A1_S_WaterGun_WOMAN_GR.LTB,model,65,27107d0f62568c74f48a669258924bde161af95a3efc6b6c0c11363018a70022,keyword:M4,0,0,0,0,,,CANDIDATE_ONLY,P5-T02 geometry/parts comparison
1291,P5T01-C01061,data/rf016/Models/PLAYERVIEW/PV-M4A1_S_Xmas2018_BL.LTB,model,65,4513ee8c655b8ac70cfd7c7f42896a107deb57aff954d7dfd91bd8e84aca6f6b,keyword:M4,0,0,0,0,,,CANDIDATE_ONLY,P5-T02 geometry/parts comparison
1292,P5T01-C01062,data/rf016/Models/PLAYERVIEW/PV-M4A1_S_Xmas2018_GR.LTB,model,65,7916d8754cdb80c6ba0eadc27cd422735e7b88935059c79c81b7ef839a5e657e,keyword:M4,0,0,0,0,,,CANDIDATE_ONLY,P5-T02 geometry/parts comparison
1293,P5T01-C01063,data/rf016/Models/PLAYERVIEW/PV-M4A1_S_Xmas2018_WOMAN_BL.LTB,model,65,62ff562f44b0d5d5b51fafc368a92c56d882f61bc8f3c6eabb1cc7024502e4d8,keyword:M4,0,0,0,0,,,CANDIDATE_ONLY,P5-T02 geometry/parts comparison
1294,P5T01-C01064,data/rf016/Models/PLAYERVIEW/PV-M4A1_S_Xmas2018_WOMAN_GR.LTB,model,65,8fd81b46f26de77be5da8191a9ed15bfa11718f0ebddb295b91d669bd7afc966,keyword:M4,0,0,0,0,,,CANDIDATE_ONLY,P5-T02 geometry/parts comparison
1295,P5T01-C01066,data/rf016/Models/PLAYERVIEW/PV-M4A1_S_Xmas2021_BL.LTB,model,65,a7fb6851be9688660946922c4ecd907b9773a7617da17a766da738a13c09aa4b,keyword:M4,0,0,0,0,,,CANDIDATE_ONLY,P5-T02 geometry/parts comparison
1296,P5T01-C01067,data/rf016/Models/PLAYERVIEW/PV-M4A1_S_Xmas2021_GR.LTB,model,65,f83a8c3495f3956e12162f7f0a545c47c202da95b9a573be014c8cb3a6bb86b0,keyword:M4,0,0,0,0,,,CANDIDATE_ONLY,P5-T02 geometry/parts comparison
1297,P5T01-C01068,data/rf016/Models/PLAYERVIEW/PV-M4A1_S_Xmas2021_WOMAN_BL.LTB,model,65,e8be9cc1967ea5f325c1dc7f1e02216511067c1b95ecf1dade9886afbd033a68,keyword:M4,0,0,0,0,,,CANDIDATE_ONLY,P5-T02 geometry/parts comparison
1298,P5T01-C01069,data/rf016/Models/PLAYERVIEW/PV-M4A1_S_Xmas2021_WOMAN_GR.LTB,model,65,e34b5e1f2f46e8e12fa11cbdbc8d147c99f1e7cc4c5686d574e2acf9b0547982,keyword:M4,0,0,0,0,,,CANDIDATE_ONLY,P5-T02 geometry/parts comparison
1299,P5T01-C01071,data/rf016/Models/PLAYERVIEW/PV-M4A1_S_Xmas2023_BL.LTB,model,65,3edf7528d31d5a42848376373d7e8f6a015eebbcd79c7e9fa2248f3f4d8ea5c7,keyword:M4,0,0,0,0,,,CANDIDATE_ONLY,P5-T02 geometry/parts comparison
1300,P5T01-C01072,data/rf016/Models/PLAYERVIEW/PV-M4A1_S_Xmas2023_GR.LTB,model,65,3edf7528d31d5a42848376373d7e8f6a015eebbcd79c7e9fa2248f3f4d8ea5c7,keyword:M4,0,0,0,0,,,CANDIDATE_ONLY,P5-T02 geometry/parts comparison
1301,P5T01-C01073,data/rf016/Models/PLAYERVIEW/PV-M4A1_S_Xmas2023_WOMAN_BL.LTB,model,65,3edf7528d31d5a42848376373d7e8f6a015eebbcd79c7e9fa2248f3f4d8ea5c7,keyword:M4,0,0,0,0,,,CANDIDATE_ONLY,P5-T02 geometry/parts comparison
1302,P5T01-C01074,data/rf016/Models/PLAYERVIEW/PV-M4A1_S_Xmas2023_WOMAN_GR.LTB,model,65,3edf7528d31d5a42848376373d7e8f6a015eebbcd79c7e9fa2248f3f4d8ea5c7,keyword:M4,0,0,0,0,,,CANDIDATE_ONLY,P5-T02 geometry/parts comparison
1303,P5T01-C01076,data/rf016/Models/PLAYERVIEW/PV-M4A1_Silencer_DMZ_BL.LTB,model,65,122cc7dad9de1bcccfa206a602055dc0b3dccb42db1f8fe185777ac04a4362bc,keyword:M4,0,0,0,0,,,CANDIDATE_ONLY,P5-T02 geometry/parts comparison
1304,P5T01-C01077,data/rf016/Models/PLAYERVIEW/PV-M4A1_Silencer_DMZ_GR.LTB,model,65,7b3db3bb4f9c8b7e4db2e84a42f135eea43f7390f9a8ed6c4fca50176e7b0f18,keyword:M4,0,0,0,0,,,CANDIDATE_ONLY,P5-T02 geometry/parts comparison
1305,P5T01-C01079,data/rf016/Models/PLAYERVIEW/PV-M4A1_Silencer_DMZ_KFC_BL.LTB,model,65,e970c5700fc4f095e7d019f5bba3c6daa2b42157ebd04e8ab0396466dfa3b911,keyword:M4,0,0,0,0,,,CANDIDATE_ONLY,P5-T02 geometry/parts comparison
1306,P5T01-C01080,data/rf016/Models/PLAYERVIEW/PV-M4A1_Silencer_DMZ_KFC_GR.LTB,model,65,9210e7535212661b4e58d9fd048e618abba4cf908d0903dfc8ba4c75af90edae,keyword:M4,0,0,0,0,,,CANDIDATE_ONLY,P5-T02 geometry/parts comparison
1307,P5T01-C01081,data/rf016/Models/PLAYERVIEW/PV-M4A1_Silencer_DMZ_KFC_WOMAN_BL.LTB,model,65,11e974fff99db302bbaf0d47d89dde8802f655edec598018155bb85de2961e7b,keyword:M4,0,0,0,0,,,CANDIDATE_ONLY,P5-T02 geometry/parts comparison
1308,P5T01-C01082,data/rf016/Models/PLAYERVIEW/PV-M4A1_Silencer_DMZ_KFC_WOMAN_GR.LTB,model,65,c798c53ae43cab72282b2ef0ae85ebb7d4e2b75a09d6148fd80d9099545f2ab1,keyword:M4,0,0,0,0,,,CANDIDATE_ONLY,P5-T02 geometry/parts comparison
1309,P5T01-C01083,data/rf016/Models/PLAYERVIEW/PV-M4A1_Silencer_DMZ_WOMAN_BL.LTB,model,65,b752697dec3cab81ac3bfc2061e1533ff87539d69ac9d46baa7604ce89c0c53d,keyword:M4,0,0,0,0,,,CANDIDATE_ONLY,P5-T02 geometry/parts comparison
1310,P5T01-C01084,data/rf016/Models/PLAYERVIEW/PV-M4A1_Silencer_DMZ_WOMAN_GR.LTB,model,65,9e5444f1e53b410e44cb619f9e69ef62e56129fd87769cf151830fa34bb997ef,keyword:M4,0,0,0,0,,,CANDIDATE_ONLY,P5-T02 geometry/parts comparison
1311,P5T01-C01111,data/rf016/Models/PLAYERVIEW/PV-M4A1_Silencer_Volcano_BR_BL.LTB,model,65,808d088b23e66e432949c23c85963856ec4c732d3776db7d294bea6c5a787910,keyword:M4,0,0,0,0,,,CANDIDATE_ONLY,P5-T02 geometry/parts comparison
1312,P5T01-C01112,data/rf016/Models/PLAYERVIEW/PV-M4A1_Silencer_Volcano_BR_GR.LTB,model,65,bf694ae31f7fb66b92605d0ad7a0ef5ff63b53f4fed9399dd6cd0a90959c284c,keyword:M4,0,0,0,0,,,CANDIDATE_ONLY,P5-T02 geometry/parts comparison
1313,P5T01-C01113,data/rf016/Models/PLAYERVIEW/PV-M4A1_Silencer_Volcano_BR_WOMAN_BL.LTB,model,65,1e9014b06ea658987c00f2148b0928e1f35e47710efa6624b139894b167fa294,keyword:M4,0,0,0,0,,,CANDIDATE_ONLY,P5-T02 geometry/parts comparison
1314,P5T01-C01114,data/rf016/Models/PLAYERVIEW/PV-M4A1_Silencer_Volcano_BR_WOMAN_GR.LTB,model,65,91e3018193b4c8ee84f2aab0ebcfaa7f56828e271918f7fb10f61a549b9ca9e1,keyword:M4,0,0,0,0,,,CANDIDATE_ONLY,P5-T02 geometry/parts comparison
1315,P5T01-C01116,data/rf016/Models/PLAYERVIEW/PV-M4A1_Silencer_WaterGun_jh_BL.LTB,model,65,079fd4e7da6b319a0d0695f417a5cbce8eafa62b395dafeb0be013abb2e10671,keyword:M4,0,0,0,0,,,CANDIDATE_ONLY,P5-T02 geometry/parts comparison
1316,P5T01-C01117,data/rf016/Models/PLAYERVIEW/PV-M4A1_Silencer_WaterGun_jh_GR.LTB,model,65,2c88b985b190bb281aac3136cdd1a9a9be8577fe89f7b1fbd50de17e10447a9e,keyword:M4,0,0,0,0,,,CANDIDATE_ONLY,P5-T02 geometry/parts comparison
1317,P5T01-C01118,data/rf016/Models/PLAYERVIEW/PV-M4A1_Silencer_WaterGun_jh_WOMAN_BL.LTB,model,65,d2b2ac3c377d62bd81b3b81b33a39ba7a01558825f6753a415e030580566d1f6,keyword:M4,0,0,0,0,,,CANDIDATE_ONLY,P5-T02 geometry/parts comparison
1318,P5T01-C01119,data/rf016/Models/PLAYERVIEW/PV-M4A1_Silencer_WaterGun_jh_WOMAN_GR.LTB,model,65,125c00bb38218bad8d5e9f04bdf5bf1d34ef6e3d8f46842f42edb36c22bb0a53,keyword:M4,0,0,0,0,,,CANDIDATE_ONLY,P5-T02 geometry/parts comparison
1319,P5T01-C01121,data/rf016/Models/PLAYERVIEW/PV-M4A1_Volcano_BR_BL.LTB,model,65,5180089ccacc18881f4c32241549d76c3997f84f0afde19e22bb10d49ca5cf01,keyword:M4,0,0,0,0,,,CANDIDATE_ONLY,P5-T02 geometry/parts comparison
1320,P5T01-C01122,data/rf016/Models/PLAYERVIEW/PV-M4A1_Volcano_BR_GR.LTB,model,65,d93b5c60bb24c29f6b015af69d8a544de7e87a1708dc4808ffe34fc0d1d959f9,keyword:M4,0,0,0,0,,,CANDIDATE_ONLY,P5-T02 geometry/parts comparison
1321,P5T01-C01123,data/rf016/Models/PLAYERVIEW/PV-M4A1_Volcano_BR_WOMAN_BL.LTB,model,65,f1e3a243f2510109131d739cf875c31ccfee05006c6b2cfaa37b26d41f1cf3d2,keyword:M4,0,0,0,0,,,CANDIDATE_ONLY,P5-T02 geometry/parts comparison
1322,P5T01-C01124,data/rf016/Models/PLAYERVIEW/PV-M4A1_Volcano_BR_WOMAN_GR.LTB,model,65,8321ceed885ed69d4e115ebf40a765b0ffeead9cd75a309d7c1a2369a2dd8104,keyword:M4,0,0,0,0,,,CANDIDATE_ONLY,P5-T02 geometry/parts comparison
1323,P5T01-C01125,data/rf016/Models/PLAYERVIEW/PV-M4A1_WOMAN_BL.LTB,model,65,83572587b1b69987dc13b4e236b4418baa6ff5fc4b122b56f92acc72a105fbed,keyword:M4,0,0,0,0,,,CANDIDATE_ONLY,P5-T02 geometry/parts comparison
1324,P5T01-C01126,data/rf016/Models/PLAYERVIEW/PV-M4A1_WOMAN_GR.LTB,model,65,9c07e90924da982b20a88e4a688bc6e0d45eaa692c4d69e7729b6e7a190b48d5,keyword:M4,0,0,0,0,,,CANDIDATE_ONLY,P5-T02 geometry/parts comparison
1325,P5T01-C01128,data/rf016/Models/PLAYERVIEW/PV-M4A1_XS_RoyalDragon2_BL.LTB,model,65,abf5db9ff41b6b9b90864b11a5bc259b4c6008f6850c7fd054f5570a70e00230,keyword:M4,0,0,0,0,,,CANDIDATE_ONLY,P5-T02 geometry/parts comparison
1326,P5T01-C01129,data/rf016/Models/PLAYERVIEW/PV-M4A1_XS_RoyalDragon2_GR.LTB,model,65,55e08eb58f13bbf4898947481d901196cc28eca3687ffd2cde3639e22bd6ed33,keyword:M4,0,0,0,0,,,CANDIDATE_ONLY,P5-T02 geometry/parts comparison
1327,P5T01-C01130,data/rf016/Models/PLAYERVIEW/PV-M4A1_XS_RoyalDragon2_WOMAN_BL.LTB,model,65,d3fcffd4fdbc01fa7b1ef81d4e64fe779629cffaf5c525563d3332c8749f15cd,keyword:M4,0,0,0,0,,,CANDIDATE_ONLY,P5-T02 geometry/parts comparison
1328,P5T01-C01131,data/rf016/Models/PLAYERVIEW/PV-M4A1_XS_RoyalDragon2_WOMAN_GR.LTB,model,65,f9baefbb7cd09031b8bce71d02429536bf85955885e3d1db342934594e5fa24e,keyword:M4,0,0,0,0,,,CANDIDATE_ONLY,P5-T02 geometry/parts comparison
1329,P5T01-C01133,data/rf016/Models/PLAYERVIEW/PV-M4A1_XS_RoyalDragon4_BL.LTB,model,65,11a04f1b96af93586df28ff555e9c3d0ee4f23496834ed5c11e92a9664dc57c4,keyword:M4,0,0,0,0,,,CANDIDATE_ONLY,P5-T02 geometry/parts comparison
1330,P5T01-C01134,data/rf016/Models/PLAYERVIEW/PV-M4A1_XS_RoyalDragon4_GR.LTB,model,65,373d357936e1db0c571c4bd663b5cd418bf367b32d0d4efbbab90dd77436125d,keyword:M4,0,0,0,0,,,CANDIDATE_ONLY,P5-T02 geometry/parts comparison
1331,P5T01-C01135,data/rf016/Models/PLAYERVIEW/PV-M4A1_XS_RoyalDragon4_WOMAN_BL.LTB,model,65,6c266e32d81f6ddc9cbb47cf8fbb72cbcaa99facf4d7bf073d145c3f74f8f2bb,keyword:M4,0,0,0,0,,,CANDIDATE_ONLY,P5-T02 geometry/parts comparison
1332,P5T01-C01136,data/rf016/Models/PLAYERVIEW/PV-M4A1_XS_RoyalDragon4_WOMAN_GR.LTB,model,65,4bdb17de389bf677d10180e8ef607211a52343509aa18427bfc59872e79555fe,keyword:M4,0,0,0,0,,,CANDIDATE_ONLY,P5-T02 geometry/parts comparison
1333,P5T01-C01138,data/rf016/Models/PLAYERVIEW/PV-M4A1_XS_RoyalDragon6_BL.LTB,model,65,c32feb20e8f3bc22ec92b3145ab4eca3504469233e03d4485724c01a8427e6a4,keyword:M4,0,0,0,0,,,CANDIDATE_ONLY,P5-T02 geometry/parts comparison
1334,P5T01-C01139,data/rf016/Models/PLAYERVIEW/PV-M4A1_XS_RoyalDragon6_GR.LTB,model,65,a2d1679919bd77981b670299d89b4a65fcef5e4c4aaffa04317fdc095de1d06a,keyword:M4,0,0,0,0,,,CANDIDATE_ONLY,P5-T02 geometry/parts comparison
1335,P5T01-C01140,data/rf016/Models/PLAYERVIEW/PV-M4A1_XS_RoyalDragon6_WOMAN_BL.LTB,model,65,3a5a51548dd06b961009387b16047206b092371473eace8e387b79365006d9d3,keyword:M4,0,0,0,0,,,CANDIDATE_ONLY,P5-T02 geometry/parts comparison
1336,P5T01-C01141,data/rf016/Models/PLAYERVIEW/PV-M4A1_XS_RoyalDragon6_WOMAN_GR.LTB,model,65,b8a25de6035fb74bf75d46f06ff6920564d2a7b874de90fd1fa13ad56b95dfa4,keyword:M4,0,0,0,0,,,CANDIDATE_ONLY,P5-T02 geometry/parts comparison
1337,P5T01-C01143,data/rf016/Models/PLAYERVIEW/PV-M4A1_Xmas2018_BL.LTB,model,65,279c7b83e55f6b811a8fb033ece793fa4440f86e48b6643d9bd77ca31571ceeb,keyword:M4,0,0,0,0,,,CANDIDATE_ONLY,P5-T02 geometry/parts comparison
1338,P5T01-C01144,data/rf016/Models/PLAYERVIEW/PV-M4A1_Xmas2018_GR.LTB,model,65,972b6616a45cd8e4c190844fa0b063430453a52780b114942b62b1299fa02898,keyword:M4,0,0,0,0,,,CANDIDATE_ONLY,P5-T02 geometry/parts comparison
1339,P5T01-C01145,data/rf016/Models/PLAYERVIEW/PV-M4A1_Xmas2018_WOMAN_BL.LTB,model,65,cf10ac9d2085bb1323e9ca3a9b0bb01eb7f90eaa15218b198eaaa3a1b8127573,keyword:M4,0,0,0,0,,,CANDIDATE_ONLY,P5-T02 geometry/parts comparison
1340,P5T01-C01146,data/rf016/Models/PLAYERVIEW/PV-M4A1_Xmas2018_WOMAN_GR.LTB,model,65,ca28353ea5db881fa5ad46defce7f070547ad236ca78d2fc8f45a8f8f50dd0e0,keyword:M4,0,0,0,0,,,CANDIDATE_ONLY,P5-T02 geometry/parts comparison
1341,P5T01-C01148,data/rf016/Models/PLAYERVIEW/PV-M4A1_phoenix_BL.LTB,model,65,b6a69d28d02e27bfac48ed6130b3388daab831f9efa2a7c348780d7bc7514419,keyword:M4,0,0,0,0,,,CANDIDATE_ONLY,P5-T02 geometry/parts comparison
1342,P5T01-C01149,data/rf016/Models/PLAYERVIEW/PV-M4A1_phoenix_GR.LTB,model,65,22143008cea0daf740760e70faf0c0b419c415e673299f06faca30cc12fa3b5e,keyword:M4,0,0,0,0,,,CANDIDATE_ONLY,P5-T02 geometry/parts comparison
1343,P5T01-C01150,data/rf016/Models/PLAYERVIEW/PV-M4A1_phoenix_WOMAN_BL.LTB,model,65,9fb75242dd814e71ee7c01b36e706c0e40aff814ba1877a42d2aa891221cbb71,keyword:M4,0,0,0,0,,,CANDIDATE_ONLY,P5-T02 geometry/parts comparison
1344,P5T01-C01151,data/rf016/Models/PLAYERVIEW/PV-M4A1_phoenix_WOMAN_GR.LTB,model,65,d10f070d7dba07b4be97fdbcae896ec997d2e3760cb65f5f3241af286302ab70,keyword:M4,0,0,0,0,,,CANDIDATE_ONLY,P5-T02 geometry/parts comparison
1345,P5T01-C01172,data/rf016/Models/PLAYERVIEW/PV-MOS_GR_M4A1_Ares.LTB,model,65,8b58d6f9b12d207fab7d3762d35e9c13c555e1d504ce0d086c46b6b93d2c3fc9,keyword:M4,0,0,0,0,,,CANDIDATE_ONLY,P5-T02 geometry/parts comparison
1346,P5T01-C01173,data/rf016/Models/PLAYERVIEW/PV-MOS_GR_M4A1_Ares_BL.LTB,model,65,4546d76379ac6f44c03278d1c16394b401e329a83dfa3c938301412621188772,keyword:M4,0,0,0,0,,,CANDIDATE_ONLY,P5-T02 geometry/parts comparison
1347,P5T01-C01174,data/rf016/Models/PLAYERVIEW/PV-MOS_GR_M4A1_Ares_GR.LTB,model,65,5c548516689f7c0771e2d9b683bea2b2bedb8d3af6f31dcf7fad2b79a2105f63,keyword:M4,0,0,0,0,,,CANDIDATE_ONLY,P5-T02 geometry/parts comparison
1348,P5T01-C01175,data/rf016/Models/PLAYERVIEW/PV-MOS_GR_M4A1_Ares_WOMAN_BL.LTB,model,65,6b14fd746684c0ea3bd678997cde5b15c350dfbb6bdb711583c0ab6a473658fd,keyword:M4,0,0,0,0,,,CANDIDATE_ONLY,P5-T02 geometry/parts comparison
1349,P5T01-C01176,data/rf016/Models/PLAYERVIEW/PV-MOS_GR_M4A1_Ares_WOMAN_GR.LTB,model,65,82524653d26cad3566b2261ec54ec55e8a19f4eb746e0fe786a49f30588a747a,keyword:M4,0,0,0,0,,,CANDIDATE_ONLY,P5-T02 geometry/parts comparison
1350,P5T01-C01178,data/rf016/Models/PLAYERVIEW/PV-MOS_M4A1_BL.LTB,model,65,51c999a894e3a7e9278d41bf7c3e43bf81a21c048beb41323f7661b34b478f14,keyword:M4,0,0,0,0,,,CANDIDATE_ONLY,P5-T02 geometry/parts comparison
1351,P5T01-C01179,data/rf016/Models/PLAYERVIEW/PV-MOS_M4A1_GR.LTB,model,65,b1854e5e18b7392fb17d951d3652b73022f010049d3f2e663ff96fc08064cb13,keyword:M4,0,0,0,0,,,CANDIDATE_ONLY,P5-T02 geometry/parts comparison
1352,P5T01-C01180,data/rf016/Models/PLAYERVIEW/PV-MOS_M4A1_WOMAN_BL.LTB,model,65,8e2b3bc310e4154f885b36b0d284f1ae74a0d53167a7ad6a7673c8c3bdadf8a0,keyword:M4,0,0,0,0,,,CANDIDATE_ONLY,P5-T02 geometry/parts comparison
1353,P5T01-C01181,data/rf016/Models/PLAYERVIEW/PV-MOS_M4A1_WOMAN_GR.LTB,model,65,2733e87582480a7ddbccecb40825ecc4abb6efc06846950df475685ed22d68d5,keyword:M4,0,0,0,0,,,CANDIDATE_ONLY,P5-T02 geometry/parts comparison
1354,P5T01-C01188,data/rf016/Models/PLAYERVIEW/PV-RI_M4A1-S_Bandage_BL.LTB,model,65,7c4432454013ed382a9b6757dc736839450f85e2c70f7532b918c1a5b68c5ce1,keyword:M4,0,0,0,0,,,CANDIDATE_ONLY,P5-T02 geometry/parts comparison
1355,P5T01-C01189,data/rf016/Models/PLAYERVIEW/PV-RI_M4A1-S_Bandage_GR.LTB,model,65,2824747089e786accd14cf4cbeaaf0b00d90168b1286acec7721719970d8a200,keyword:M4,0,0,0,0,,,CANDIDATE_ONLY,P5-T02 geometry/parts comparison
1356,P5T01-C01190,data/rf016/Models/PLAYERVIEW/PV-RI_M4A1-S_Bandage_WOMAN_BL.LTB,model,65,fbbd3b9766408333f71a1b48784212c1b731ac985956b9ebdedce9af158f0d36,keyword:M4,0,0,0,0,,,CANDIDATE_ONLY,P5-T02 geometry/parts comparison
1357,P5T01-C01191,data/rf016/Models/PLAYERVIEW/PV-RI_M4A1-S_Bandage_WOMAN_GR.LTB,model,65,be40d398c7c5df50af8abb5dee98d7fc8f35dd99714cd199e515a8d7460ea1a8,keyword:M4,0,0,0,0,,,CANDIDATE_ONLY,P5-T02 geometry/parts comparison
1358,P5T01-C01193,data/rf016/Models/PLAYERVIEW/PV-RI_M4A1-X_Gold_Silencer_BL.LTB,model,65,522c6907f6f5673bf168c5cc400eceff61d8048ba1b8cecf4a2233a6f4d8ee35,keyword:M4,0,0,0,0,,,CANDIDATE_ONLY,P5-T02 geometry/parts comparison
1359,P5T01-C01194,data/rf016/Models/PLAYERVIEW/PV-RI_M4A1-X_Gold_Silencer_GR.LTB,model,65,e3230c67a39f0c2c7020bf1cda2aea17408c7ea72c0f7e12271abab1dd8cc192,keyword:M4,0,0,0,0,,,CANDIDATE_ONLY,P5-T02 geometry/parts comparison
1360,P5T01-C01195,data/rf016/Models/PLAYERVIEW/PV-RI_M4A1-X_Gold_Silencer_WOMAN_BL.LTB,model,65,182cf387bbbfc551f67bcc1f968ef4243dab4ad4ccf5d442f3f24b2e6b76ddba,keyword:M4,0,0,0,0,,,CANDIDATE_ONLY,P5-T02 geometry/parts comparison
1361,P5T01-C01196,data/rf016/Models/PLAYERVIEW/PV-RI_M4A1-X_Gold_Silencer_WOMAN_GR.LTB,model,65,938d737975eccd12aba81751186936f6cac604003a1e2713583da6214c078fc1,keyword:M4,0,0,0,0,,,CANDIDATE_ONLY,P5-T02 geometry/parts comparison
1362,P5T01-C01198,data/rf016/Models/PLAYERVIEW/PV-RI_M4a1-X_BL.LTB,model,65,df7dcd2cc3193ee7708fb8a69de409a37adfaceb9644e38de23138eeb260b0a5,keyword:M4,0,0,0,0,,,CANDIDATE_ONLY,P5-T02 geometry/parts comparison
1363,P5T01-C01199,data/rf016/Models/PLAYERVIEW/PV-RI_M4a1-X_GR.LTB,model,65,adee5a03f6ac5dcf57e5a05abac19f2474564677c4532420b33693d86ce7b362,keyword:M4,0,0,0,0,,,CANDIDATE_ONLY,P5-T02 geometry/parts comparison
1364,P5T01-C01200,data/rf016/Models/PLAYERVIEW/PV-RI_M4a1-X_WOMAN_BL.LTB,model,65,29d9f06abb9fe2f00fa32e51be3576f764a27c6be0a092cde7b73d3b4a36c2ca,keyword:M4,0,0,0,0,,,CANDIDATE_ONLY,P5-T02 geometry/parts comparison
1365,P5T01-C01201,data/rf016/Models/PLAYERVIEW/PV-RI_M4a1-X_WOMAN_GR.LTB,model,65,3fd0fbb2014125b8138049763debd48480bf6875ae393ecb3c1d7cf7711d08fd,keyword:M4,0,0,0,0,,,CANDIDATE_ONLY,P5-T02 geometry/parts comparison
1366,P5T01-C01203,data/rf016/Models/PLAYERVIEW/PV-RI_m4a1_silencer_silver_BL.LTB,model,65,d92058fbe35ca2906b807d43aff0ab7eabb0e74c36ce6fe9f21a4f5a38f56402,keyword:M4,0,0,0,0,,,CANDIDATE_ONLY,P5-T02 geometry/parts comparison
1367,P5T01-C01204,data/rf016/Models/PLAYERVIEW/PV-RI_m4a1_silencer_silver_GR.LTB,model,65,40bb0982a05bbb5daa061fd0681e81f07b0c47411d6088f45466f7e18f4a758f,keyword:M4,0,0,0,0,,,CANDIDATE_ONLY,P5-T02 geometry/parts comparison
1368,P5T01-C01205,data/rf016/Models/PLAYERVIEW/PV-SWAT_GR_Elite_M4A1_BC.LTB,model,65,e95196551f0263aa6916464bc5bd52c5155cb7568ac57ffd7581bb1b41e55a1f,keyword:M4,0,0,0,0,,,CANDIDATE_ONLY,P5-T02 geometry/parts comparison
1369,P5T01-C01206,data/rf016/Models/PLAYERVIEW/PV-SWAT_GR_Elite_M4A1_BC_BL.LTB,model,65,46f977ef03a172700dd7a5dbce7cb692eae66e79bb0273afecfee4e4d49831a2,keyword:M4,0,0,0,0,,,CANDIDATE_ONLY,P5-T02 geometry/parts comparison
1370,P5T01-C01207,data/rf016/Models/PLAYERVIEW/PV-SWAT_GR_Elite_M4A1_BC_GR.LTB,model,65,4967c98051df604c556f39ca8ac061cbea7a6f8bb2a3ed5375b26daf43b609c1,keyword:M4,0,0,0,0,,,CANDIDATE_ONLY,P5-T02 geometry/parts comparison
1371,P5T01-C01208,data/rf016/Models/PLAYERVIEW/PV-SWAT_GR_Elite_M4A1_BC_WOMAN_BL.LTB,model,65,86b566a19f960df85016b12502f7bb49fd7bc92edf7f20837a1784deb70946a3,keyword:M4,0,0,0,0,,,CANDIDATE_ONLY,P5-T02 geometry/parts comparison
1372,P5T01-C01209,data/rf016/Models/PLAYERVIEW/PV-SWAT_GR_Elite_M4A1_BC_WOMAN_GR.LTB,model,65,7f2ea41ffb75f845525f66d858152628b156fed600045b27f6330f22928049b0,keyword:M4,0,0,0,0,,,CANDIDATE_ONLY,P5-T02 geometry/parts comparison
1373,P5T01-C01210,data/rf016/Models/PLAYERVIEW/PV-SWAT_GR_M4A1.LTB,model,65,3a8060062e78bfce708e58c855385a2ed236ca3b7666f4823f7fbc08d8b82369,keyword:M4,0,0,0,0,,,CANDIDATE_ONLY,P5-T02 geometry/parts comparison
1374,P5T01-C01211,data/rf016/Models/PLAYERVIEW/PV-SWAT_GR_M4A1_BL.LTB,model,65,6f64b6d8265def7fe546d7949a0f509239aa042f7916b76af9fd18e0f7c69ac7,keyword:M4,0,0,0,0,,,CANDIDATE_ONLY,P5-T02 geometry/parts comparison
1375,P5T01-C01212,data/rf016/Models/PLAYERVIEW/PV-SWAT_GR_M4A1_GR.LTB,model,65,feed014c97de78cf494d697f64f3e79cf7ca682472b9deb5ff524e0b7859d7d1,keyword:M4,0,0,0,0,,,CANDIDATE_ONLY,P5-T02 geometry/parts comparison
1376,P5T01-C01213,data/rf016/Models/PLAYERVIEW/PV-SWAT_GR_M4A1_WOMAN_BL.LTB,model,65,2fa2c3d5562cc4595405be6ed85965f6c6fd3e6ff73f879418a0ef28f8947210,keyword:M4,0,0,0,0,,,CANDIDATE_ONLY,P5-T02 geometry/parts comparison
1377,P5T01-C01214,data/rf016/Models/PLAYERVIEW/PV-SWAT_GR_M4A1_WOMAN_GR.LTB,model,65,f4887352465bc8b5db715a2058d79aa767f723d32bcddd70f4b18f3f9379f28d,keyword:M4,0,0,0,0,,,CANDIDATE_ONLY,P5-T02 geometry/parts comparison
1378,P5T01-C01221,data/rf016/Models/PLAYERVIEW/PV-TigerRifle_Ares_M4A1_BL.LTB,model,65,7d916912b6e353c0d4892faafb97377b0d7988edd83ce233950caf5f795479b6,keyword:M4,0,0,0,0,,,CANDIDATE_ONLY,P5-T02 geometry/parts comparison
1379,P5T01-C01227,data/rf016/Models/PLAYERVIEW/PV-TigerRifle_Ares_M4A1_GR.LTB,model,65,7d916912b6e353c0d4892faafb97377b0d7988edd83ce233950caf5f795479b6,keyword:M4,0,0,0,0,,,CANDIDATE_ONLY,P5-T02 geometry/parts comparison
1380,P5T01-C01229,data/rf016/Models/PLAYERVIEW/PV-TigerRifle_Ares_M4A1_NW_BL.LTB,model,65,d551f9e6f60ed3ce3e77f1c0533a829fb0430614b53603031bc7c31b463afeb9,keyword:M4,0,0,0,0,,,CANDIDATE_ONLY,P5-T02 geometry/parts comparison
1381,P5T01-C01230,data/rf016/Models/PLAYERVIEW/PV-TigerRifle_Ares_M4A1_NW_GR.LTB,model,65,d551f9e6f60ed3ce3e77f1c0533a829fb0430614b53603031bc7c31b463afeb9,keyword:M4,0,0,0,0,,,CANDIDATE_ONLY,P5-T02 geometry/parts comparison
1382,P5T01-C01231,data/rf016/Models/PLAYERVIEW/PV-TigerRifle_Ares_M4A1_NW_WOMAN_BL.LTB,model,65,d551f9e6f60ed3ce3e77f1c0533a829fb0430614b53603031bc7c31b463afeb9,keyword:M4,0,0,0,0,,,CANDIDATE_ONLY,P5-T02 geometry/parts comparison
1383,P5T01-C01232,data/rf016/Models/PLAYERVIEW/PV-TigerRifle_Ares_M4A1_NW_WOMAN_GR.LTB,model,65,d551f9e6f60ed3ce3e77f1c0533a829fb0430614b53603031bc7c31b463afeb9,keyword:M4,0,0,0,0,,,CANDIDATE_ONLY,P5-T02 geometry/parts comparison
1384,P5T01-C01233,data/rf016/Models/PLAYERVIEW/PV-TigerRifle_Ares_M4A1_WOMAN_BL.LTB,model,65,7d916912b6e353c0d4892faafb97377b0d7988edd83ce233950caf5f795479b6,keyword:M4,0,0,0,0,,,CANDIDATE_ONLY,P5-T02 geometry/parts comparison
1385,P5T01-C01234,data/rf016/Models/PLAYERVIEW/PV-TigerRifle_Ares_M4A1_WOMAN_GR.LTB,model,65,7d916912b6e353c0d4892faafb97377b0d7988edd83ce233950caf5f795479b6,keyword:M4,0,0,0,0,,,CANDIDATE_ONLY,P5-T02 geometry/parts comparison
1386,P5T01-C00254,data/rf016/Models/PLAYERVIEW/PV-Kar98k_Satellite_NG_Thunder_BL.LTB,model,60,3ee53a626201345349f73e633c9d322ae399655fb89de5fdd75a00e4d8f65236,keyword:THUNDER,0,2,0,0,,,CANDIDATE_ONLY,P5-T02 geometry/parts comparison
1387,P5T01-C00255,data/rf016/Models/PLAYERVIEW/PV-Kar98k_Satellite_NG_Thunder_GR.LTB,model,60,3ee53a626201345349f73e633c9d322ae399655fb89de5fdd75a00e4d8f65236,keyword:THUNDER,0,2,0,0,,,CANDIDATE_ONLY,P5-T02 geometry/parts comparison
1388,P5T01-C00257,data/rf016/Models/PLAYERVIEW/PV-Kar98k_Satellite_NG_Thunder_S_BL.LTB,model,60,0b87ff155de5883f5eb5ed22db5c8fb693b77e008566d1a5d3b6d108f7bd24f7,keyword:THUNDER,0,2,0,0,,,CANDIDATE_ONLY,P5-T02 geometry/parts comparison
1389,P5T01-C00258,data/rf016/Models/PLAYERVIEW/PV-Kar98k_Satellite_NG_Thunder_S_GR.LTB,model,60,0b87ff155de5883f5eb5ed22db5c8fb693b77e008566d1a5d3b6d108f7bd24f7,keyword:THUNDER,0,2,0,0,,,CANDIDATE_ONLY,P5-T02 geometry/parts comparison
1390,P5T01-C00259,data/rf016/Models/PLAYERVIEW/PV-Kar98k_Satellite_NG_Thunder_S_WOMAN_BL.LTB,model,60,0b87ff155de5883f5eb5ed22db5c8fb693b77e008566d1a5d3b6d108f7bd24f7,keyword:THUNDER,0,2,0,0,,,CANDIDATE_ONLY,P5-T02 geometry/parts comparison
1391,P5T01-C00260,data/rf016/Models/PLAYERVIEW/PV-Kar98k_Satellite_NG_Thunder_S_WOMAN_GR.LTB,model,60,0b87ff155de5883f5eb5ed22db5c8fb693b77e008566d1a5d3b6d108f7bd24f7,keyword:THUNDER,0,2,0,0,,,CANDIDATE_ONLY,P5-T02 geometry/parts comparison
1392,P5T01-C00261,data/rf016/Models/PLAYERVIEW/PV-Kar98k_Satellite_NG_Thunder_WOMAN_BL.LTB,model,60,3ee53a626201345349f73e633c9d322ae399655fb89de5fdd75a00e4d8f65236,keyword:THUNDER,0,2,0,0,,,CANDIDATE_ONLY,P5-T02 geometry/parts comparison
1393,P5T01-C00262,data/rf016/Models/PLAYERVIEW/PV-Kar98k_Satellite_NG_Thunder_WOMAN_GR.LTB,model,60,3ee53a626201345349f73e633c9d322ae399655fb89de5fdd75a00e4d8f65236,keyword:THUNDER,0,2,0,0,,,CANDIDATE_ONLY,P5-T02 geometry/parts comparison
1394,P5T01-C01216,data/rf016/Models/PLAYERVIEW/PV-ThunderScepter_Zeus_BL.LTB,model,60,c8f7dd98463bb1bda313b34dcd10f9fe5014c189554dc24e4ccd0799f4d85af6,keyword:THUNDER,0,2,0,0,,,CANDIDATE_ONLY,P5-T02 geometry/parts comparison
1395,P5T01-C01217,data/rf016/Models/PLAYERVIEW/PV-ThunderScepter_Zeus_GR.LTB,model,60,c8f7dd98463bb1bda313b34dcd10f9fe5014c189554dc24e4ccd0799f4d85af6,keyword:THUNDER,0,2,0,0,,,CANDIDATE_ONLY,P5-T02 geometry/parts comparison
1396,P5T01-C01218,data/rf016/Models/PLAYERVIEW/PV-ThunderScepter_Zeus_WOMAN_BL.LTB,model,60,c8f7dd98463bb1bda313b34dcd10f9fe5014c189554dc24e4ccd0799f4d85af6,keyword:THUNDER,0,2,0,0,,,CANDIDATE_ONLY,P5-T02 geometry/parts comparison
1397,P5T01-C01219,data/rf016/Models/PLAYERVIEW/PV-ThunderScepter_Zeus_WOMAN_GR.LTB,model,60,c8f7dd98463bb1bda313b34dcd10f9fe5014c189554dc24e4ccd0799f4d85af6,keyword:THUNDER,0,2,0,0,,,CANDIDATE_ONLY,P5-T02 geometry/parts comparison
1398,P5T01-C00234,data/rf016/Models/PLAYERVIEW/PV-Esports_Yun_ThorwDagger_BL.LTB,model,55,ee9135e5a01d3c6d8cf478c55bbfc34ac55cb9e7532a705498a5ac7c2dc49116,keyword:THOR,0,0,0,0,,,CANDIDATE_ONLY,P5-T02 geometry/parts comparison
1399,P5T01-C00235,data/rf016/Models/PLAYERVIEW/PV-Esports_Yun_ThorwDagger_GR.LTB,model,55,ac9a7f100f7b5206054ae09c20f208eda4141aadda9cb2593413844d08556b05,keyword:THOR,0,0,0,0,,,CANDIDATE_ONLY,P5-T02 geometry/parts comparison
1400,P5T01-C00236,data/rf016/Models/PLAYERVIEW/PV-Esports_Yun_ThorwDagger_WOMAN_BL.LTB,model,55,cb397c92991b1355d1ce4ac0faa9004cc934c00e37ff966343b3e75cfa810aeb,keyword:THOR,0,0,0,0,,,CANDIDATE_ONLY,P5-T02 geometry/parts comparison
1401,P5T01-C00237,data/rf016/Models/PLAYERVIEW/PV-Esports_Yun_ThorwDagger_WOMAN_GR.LTB,model,55,3a9de5babd0f719b2765fb980a44b805b51a832bb0822d1ee7f4eb0afd792b4c,keyword:THOR,0,0,0,0,,,CANDIDATE_ONLY,P5-T02 geometry/parts comparison
1402,P5T01-C00209,data/rf016/Models/PLAYERVIEW/PV-DDM4.LTB,model,50,ddfeeeb6591d242510d754b14087622b2a77533fe838d74e9955ae77603f4f72,keyword:M4,0,0,0,0,6,4753,CANDIDATE_ONLY,P5-T02 geometry/parts comparison
1403,P5T01-C00212,data/rf016/Models/PLAYERVIEW/PV-DDM4_PDW.LTB,model,50,c73b4a33aa4d680fa3ac216326dd6ec691bd57118b06632238bf9975dd8ce435,keyword:M4,0,0,0,0,6,4745,CANDIDATE_ONLY,P5-T02 geometry/parts comparison
1404,P5T01-C00217,data/rf016/Models/PLAYERVIEW/PV-DDM4_V4.LTB,model,50,f3fbd3746b4c735108182bb4c1f20dd20e76f2073100b27a867a3b412463e93d,keyword:M4,0,0,0,0,6,5453,CANDIDATE_ONLY,P5-T02 geometry/parts comparison
1405,P5T01-C00222,data/rf016/Models/PLAYERVIEW/PV-DDM4_V7S.LTB,model,50,e5d814506460175cd79475010a49bb5ae59d804e0d4206903bc5f7528d76a0f7,keyword:M4,0,0,0,0,6,5453,CANDIDATE_ONLY,P5-T02 geometry/parts comparison
1406,P5T01-C00263,data/rf016/Models/PLAYERVIEW/PV-M45D_BlackDragon.LTB,model,50,9e7d195af2424ee68e4c021da36332948ef24e4c2da28765ad9c94871df487dd,keyword:M4,0,0,0,0,10,7187,CANDIDATE_ONLY,P5-T02 geometry/parts comparison
1407,P5T01-C01152,data/rf016/Models/PLAYERVIEW/PV-M4CQBR.LTB,model,50,34f20146b920a2163072d70cff834494222e3d2b36629c01123b374767f46037,keyword:M4,0,0,0,0,5,4083,CANDIDATE_ONLY,P5-T02 geometry/parts comparison
1408,P5T01-C01154,data/rf016/Models/PLAYERVIEW/PV-M4CQBR_DMZ.LTB,model,50,336d3444c0b32f07364772699e6e745272c670ec4aca0762c3b40f9b16b694e4,keyword:M4,0,0,0,0,5,4209,CANDIDATE_ONLY,P5-T02 geometry/parts comparison
1409,P5T01-C01162,data/rf016/Models/PLAYERVIEW/PV-M4Commando.LTB,model,50,69146b71fe94f9348c9b417b0e67242f1399cf6d373292738c11a7eea3e711ff,keyword:M4,0,0,0,0,8,4370,CANDIDATE_ONLY,P5-T02 geometry/parts comparison
1410,P5T01-C00210,data/rf016/Models/PLAYERVIEW/PV-DDM4_BL.LTB,model,40,efa8c1b5a578bd75747d4e13f39fc1df689a0f5aa18608cab981fd3c26516fc0,keyword:M4,0,0,0,0,,,CANDIDATE_ONLY,P5-T02 geometry/parts comparison
1411,P5T01-C00211,data/rf016/Models/PLAYERVIEW/PV-DDM4_GR.LTB,model,40,4fd0037796398a9141c5104a1b361f6ee7b90e8376bf4dc886e95ff0e02da93a,keyword:M4,0,0,0,0,,,CANDIDATE_ONLY,P5-T02 geometry/parts comparison
1412,P5T01-C00213,data/rf016/Models/PLAYERVIEW/PV-DDM4_PDW_BL.LTB,model,40,2a743d369773a3c066fea15ed3f69ca5c533b07a0b7320ccb1cc03eba74339b4,keyword:M4,0,0,0,0,,,CANDIDATE_ONLY,P5-T02 geometry/parts comparison
1413,P5T01-C00214,data/rf016/Models/PLAYERVIEW/PV-DDM4_PDW_GR.LTB,model,40,9878581e94c12fe3c0cee7217760e84f2dc9e8047d73e21902e5b1d478c834eb,keyword:M4,0,0,0,0,,,CANDIDATE_ONLY,P5-T02 geometry/parts comparison
1414,P5T01-C00215,data/rf016/Models/PLAYERVIEW/PV-DDM4_PDW_WOMAN_BL.LTB,model,40,49a16b6e12723a142f82c14fc0ddc4bd0f797955386b326c13120acfcccfc62e,keyword:M4,0,0,0,0,,,CANDIDATE_ONLY,P5-T02 geometry/parts comparison
1415,P5T01-C00216,data/rf016/Models/PLAYERVIEW/PV-DDM4_PDW_WOMAN_GR.LTB,model,40,b219510c11ae86bc68ff4a07a3bd708d0fbfa12309b3f5e571aee640c9a30577,keyword:M4,0,0,0,0,,,CANDIDATE_ONLY,P5-T02 geometry/parts comparison
1416,P5T01-C00218,data/rf016/Models/PLAYERVIEW/PV-DDM4_V4_BL.LTB,model,40,882de9d655fe6411c6adb1a2d9d283085bf53fd130e5a72197cb4167ca34a133,keyword:M4,0,0,0,0,,,CANDIDATE_ONLY,P5-T02 geometry/parts comparison
1417,P5T01-C00219,data/rf016/Models/PLAYERVIEW/PV-DDM4_V4_GR.LTB,model,40,03718f693db3d1d91829c822d11a20d24ef241565474abee465f82875a21850b,keyword:M4,0,0,0,0,,,CANDIDATE_ONLY,P5-T02 geometry/parts comparison
1418,P5T01-C00220,data/rf016/Models/PLAYERVIEW/PV-DDM4_V4_WOMAN_BL.LTB,model,40,487c978d3ef34784effb78cd79c00512f9b9fe8100e3350bb963950671528198,keyword:M4,0,0,0,0,,,CANDIDATE_ONLY,P5-T02 geometry/parts comparison
1419,P5T01-C00221,data/rf016/Models/PLAYERVIEW/PV-DDM4_V4_WOMAN_GR.LTB,model,40,4a2f7f5b787e8f792898c89dccbdde55b342702ded34d18d3e2b2709d59462c7,keyword:M4,0,0,0,0,,,CANDIDATE_ONLY,P5-T02 geometry/parts comparison
1420,P5T01-C00223,data/rf016/Models/PLAYERVIEW/PV-DDM4_V7S_BL.LTB,model,40,fb2edd2825eb645a8b7cb3bc9a3530e6394c800d60f052a46c8e4157d9d02f8a,keyword:M4,0,0,0,0,,,CANDIDATE_ONLY,P5-T02 geometry/parts comparison
1421,P5T01-C00224,data/rf016/Models/PLAYERVIEW/PV-DDM4_V7S_GR.LTB,model,40,bdf16afd0531de72ea455789b0d1a0fd997c55025fd75150449995d6e7d5777b,keyword:M4,0,0,0,0,,,CANDIDATE_ONLY,P5-T02 geometry/parts comparison
1422,P5T01-C00225,data/rf016/Models/PLAYERVIEW/PV-DDM4_V7S_WOMAN_BL.LTB,model,40,6a82d8e4e76002483ddb3c1038ca64ef7d81e23490d02aea24b86733afa35c3b,keyword:M4,0,0,0,0,,,CANDIDATE_ONLY,P5-T02 geometry/parts comparison
1423,P5T01-C00226,data/rf016/Models/PLAYERVIEW/PV-DDM4_V7S_WOMAN_GR.LTB,model,40,41772499494c4bc3f6f9c3fcd990aaf686d6b127b9b46e524197f7617410a787,keyword:M4,0,0,0,0,,,CANDIDATE_ONLY,P5-T02 geometry/parts comparison
1424,P5T01-C00227,data/rf016/Models/PLAYERVIEW/PV-DDM4_WOMAN_BL.LTB,model,40,3daa49f554f26427d8713176bd1ad32fd73f721a26b23f00a6f990841f4ebdfe,keyword:M4,0,0,0,0,,,CANDIDATE_ONLY,P5-T02 geometry/parts comparison
1425,P5T01-C00228,data/rf016/Models/PLAYERVIEW/PV-DDM4_WOMAN_GR.LTB,model,40,61c5d5c979aae03b5e8811e3cc5c68bf5b006c487c9085fa3043a4740010cda3,keyword:M4,0,0,0,0,,,CANDIDATE_ONLY,P5-T02 geometry/parts comparison
1426,P5T01-C00264,data/rf016/Models/PLAYERVIEW/PV-M45D_BlackDragon_BL.LTB,model,40,8e2963315a3538e2c64a101ab0c2715a7dd558f586fef79f98928362ad866d92,keyword:M4,0,0,0,0,,,CANDIDATE_ONLY,P5-T02 geometry/parts comparison
1427,P5T01-C00265,data/rf016/Models/PLAYERVIEW/PV-M45D_BlackDragon_GR.LTB,model,40,a63147b70face6d4581eed3c881700c553a9c32c3ddee1b96631ac422be204a0,keyword:M4,0,0,0,0,,,CANDIDATE_ONLY,P5-T02 geometry/parts comparison
1428,P5T01-C00266,data/rf016/Models/PLAYERVIEW/PV-M45D_BlackDragon_WOMAN_BL.LTB,model,40,b9c0f2762b11bbe62f14b26e50336b021b55ccfd151997e22602db2bc9b78b16,keyword:M4,0,0,0,0,,,CANDIDATE_ONLY,P5-T02 geometry/parts comparison
1429,P5T01-C00267,data/rf016/Models/PLAYERVIEW/PV-M45D_BlackDragon_WOMAN_GR.LTB,model,40,8b98d3999b38732aa8d58791a581e2296a11757db99cd798d7908ead67c935ba,keyword:M4,0,0,0,0,,,CANDIDATE_ONLY,P5-T02 geometry/parts comparison
1430,P5T01-C01153,data/rf016/Models/PLAYERVIEW/PV-M4CQBR_BL.LTB,model,40,5f6f432792fed1707e96bec3a22e7c7c56dd4ee67510b31a785d1db33f58405e,keyword:M4,0,0,0,0,,,CANDIDATE_ONLY,P5-T02 geometry/parts comparison
1431,P5T01-C01155,data/rf016/Models/PLAYERVIEW/PV-M4CQBR_DMZ_BL.LTB,model,40,c45e2c9ccbafdc7e44f5c428af820ebbb5e0ce346bb9a22cd3ed33594e5f4f96,keyword:M4,0,0,0,0,,,CANDIDATE_ONLY,P5-T02 geometry/parts comparison
1432,P5T01-C01156,data/rf016/Models/PLAYERVIEW/PV-M4CQBR_DMZ_GR.LTB,model,40,5e1f9dc44880dd2d21cdb8ec1e89322c37af2cd9dc303be5731c8476133f5bd1,keyword:M4,0,0,0,0,,,CANDIDATE_ONLY,P5-T02 geometry/parts comparison
1433,P5T01-C01157,data/rf016/Models/PLAYERVIEW/PV-M4CQBR_DMZ_WOMAN_BL.LTB,model,40,e198ddcf75bf1f61294517f92b18959d8f5af4bc7d9d01dfb4d81670f267fe9b,keyword:M4,0,0,0,0,,,CANDIDATE_ONLY,P5-T02 geometry/parts comparison
1434,P5T01-C01158,data/rf016/Models/PLAYERVIEW/PV-M4CQBR_DMZ_WOMAN_GR.LTB,model,40,5a34216645ae40ffce14c4e8a14f72ea9274fd52c3c7cd9b9feb64cc0837e92d,keyword:M4,0,0,0,0,,,CANDIDATE_ONLY,P5-T02 geometry/parts comparison
1435,P5T01-C01159,data/rf016/Models/PLAYERVIEW/PV-M4CQBR_GR.LTB,model,40,d13ec784e782ede6c4fa418f6892922f4cce883cadd2fbad7763f205ad5e5d52,keyword:M4,0,0,0,0,,,CANDIDATE_ONLY,P5-T02 geometry/parts comparison
1436,P5T01-C01160,data/rf016/Models/PLAYERVIEW/PV-M4CQBR_WOMAN_BL.LTB,model,40,0e92070a9abfe0bec043a266b21b0e0550ab579c32d4321ebe7fd5feca963d20,keyword:M4,0,0,0,0,,,CANDIDATE_ONLY,P5-T02 geometry/parts comparison
1437,P5T01-C01161,data/rf016/Models/PLAYERVIEW/PV-M4CQBR_WOMAN_GR.LTB,model,40,87b299898cc9629a695baff94ff3e50f8e93d8041acb9c992f9865456087782a,keyword:M4,0,0,0,0,,,CANDIDATE_ONLY,P5-T02 geometry/parts comparison
1438,P5T01-C01163,data/rf016/Models/PLAYERVIEW/PV-M4Commando_BL.LTB,model,40,d6833332429fcf9499ccdb6bc933a229dd2fcecdd4ddc93796576fefb617f838,keyword:M4,0,0,0,0,,,CANDIDATE_ONLY,P5-T02 geometry/parts comparison
1439,P5T01-C01164,data/rf016/Models/PLAYERVIEW/PV-M4Commando_GR.LTB,model,40,5013f63a390074af8892316e21fe41f4bf265b68985c47172f0e5de4469220d7,keyword:M4,0,0,0,0,,,CANDIDATE_ONLY,P5-T02 geometry/parts comparison
1440,P5T01-C01165,data/rf016/Models/PLAYERVIEW/PV-M4Commando_WOMAN_BL.LTB,model,40,db5d04576d23f6d21450677a1576d645b23b6e1a5f71edd739070b02a510d3c9,keyword:M4,0,0,0,0,,,CANDIDATE_ONLY,P5-T02 geometry/parts comparison
1441,P5T01-C01166,data/rf016/Models/PLAYERVIEW/PV-M4Commando_WOMAN_GR.LTB,model,40,d7776e0c08a2e077552cc8ddfd79e4c63c4ac7d02cc51b2e5ffc9ad18d9a7185,keyword:M4,0,0,0,0,,,CANDIDATE_ONLY,P5-T02 geometry/parts comparison
1442,P5T01-C01360,data/rf016/Models/WEAPONS/QV-M4A1_S_Predator_GBA.LTB,model,35,317b879829209203f50ff9c3aac7dafe0870a63bf7022a8c48226f83eb368abd,keyword:M4,0,0,0,2,,,CANDIDATE_ONLY,P5-T02 geometry/parts comparison
1443,P5T01-C01430,data/rf016/Models/WEAPONS/QV-M4A1_Silencer_Predator.LTB,model,35,11fa5f09ea27d0eb1864ad6a3d21d66449307bf93ff810e75338f10e1e84d854,keyword:M4,0,0,0,2,,,CANDIDATE_ONLY,P5-T02 geometry/parts comparison
1444,P5T01-C01431,data/rf016/Models/WEAPONS/QV-M4A1_Silencer_Predator_Classic.LTB,model,35,f3b311fa91ead21aa2d1ad565315e6942ad25a87232940ac85c6ee2f634dad39,keyword:M4,0,0,0,2,,,CANDIDATE_ONLY,P5-T02 geometry/parts comparison
1445,P5T01-C01432,data/rf016/Models/WEAPONS/QV-M4A1_Silencer_Predator_Classic_preview.LTB,model,35,72886d9d7dfccde467644da03893a380de0b4c42f271a922699741349baa1daf,keyword:M4,0,0,0,2,,,CANDIDATE_ONLY,P5-T02 geometry/parts comparison
1446,P5T01-C01433,data/rf016/Models/WEAPONS/QV-M4A1_Silencer_Predator_SW.LTB,model,35,fda47c9db8b987c4c2338466ce221358e5d851839d5125c2aa7cbb1e330d2657,keyword:M4,0,0,0,2,,,CANDIDATE_ONLY,P5-T02 geometry/parts comparison
1447,P5T01-C01434,data/rf016/Models/WEAPONS/QV-M4A1_Silencer_Predator_SW_preview.LTB,model,35,02a594c6b88fa1a11ef66b35f1ba3b573ee9f85122b18cbf15183f584d9ef361,keyword:M4,0,0,0,2,,,CANDIDATE_ONLY,P5-T02 geometry/parts comparison
1448,P5T01-C01435,data/rf016/Models/WEAPONS/QV-M4A1_Silencer_Predator_preview.LTB,model,35,336e76d8db7f5c96f8de99b2c8705ea094a51417f0f7e5bf5134e13c5d21610b,keyword:M4,0,0,0,2,,,CANDIDATE_ONLY,P5-T02 geometry/parts comparison
1449,P5T01-C01496,data/rf017/ModelTextures/AlphaMap/M4A1_Silencer_Predator_alpha.TGA,texture,35,1134e72304ede94a59eec9423c4b5ef200bf4ba5636638f4bba4339be2e35e85,keyword:M4,0,0,0,2,,,CANDIDATE_ONLY,P5-T02 atlas/UV comparison
1450,P5T01-C01497,data/rf017/ModelTextures/AlphaMap/M4A1_Silencer_Predator_alpha01.TGA,texture,35,c9b5b694bcd739274f256e099bf4bf3d80f9f47f8aad7fab7fda98a5819389a2,keyword:M4,0,0,0,2,,,CANDIDATE_ONLY,P5-T02 atlas/UV comparison
1451,P5T01-C01530,data/rf017/ModelTextures/NormalMap/M4A1_Silencer_Predator_N.TGA,texture,35,988c209d295b0b3f7774cc060fd509a047cb253ac93de20872a2a808dfd8fbd5,keyword:M4,0,0,0,2,,,CANDIDATE_ONLY,P5-T02 atlas/UV comparison
1452,P5T01-C01531,data/rf017/ModelTextures/NormalMap/M4A1_Silencer_Predator_N01.TGA,texture,35,075dc723b7e26425158d42e2faf2172369454feb6182339d0691cf981314dcd6,keyword:M4,0,0,0,2,,,CANDIDATE_ONLY,P5-T02 atlas/UV comparison
1453,P5T01-C01581,data/rf017/ModelTextures/PLAYERVIEW/PV-M4A1_Silencer_Predator.DTX,texture,35,8f3a0a06f7dd05a5d68be24158d26135b368a91ae5a0732b3be99eb297c3c4ab,keyword:M4,0,0,0,2,,,CANDIDATE_ONLY,P5-T02 atlas/UV comparison
1454,P5T01-C01582,data/rf017/ModelTextures/PLAYERVIEW/PV-M4A1_Silencer_Predator01.DTX,texture,35,dad199d09aefb5500f5a6cd3c7869bfef6d018e35f4e711eef2bb615e61a6d18,keyword:M4,0,0,0,2,,,CANDIDATE_ONLY,P5-T02 atlas/UV comparison
1455,P5T01-C01657,data/rf017/ModelTextures/Shader/WeaponShader/M4A1_Silencer_Predator.CFG,shader,35,c0096c180c85d206965bceb0f689398cd17e52c8d760aeecb4e8b153f504c03b,keyword:M4,0,0,0,2,,,CANDIDATE_ONLY,P5-T03 material graph closure
1456,P5T01-C01691,data/rf017/ModelTextures/SpecularMap/M4A1_Silencer_Predator_S.TGA,texture,35,fce0664aff9b243a3dd899c6e702eea9c1fcf31285f5a09dfcb035774acadcb6,keyword:M4,0,0,0,2,,,CANDIDATE_ONLY,P5-T02 atlas/UV comparison
1457,P5T01-C01692,data/rf017/ModelTextures/SpecularMap/M4A1_Silencer_Predator_S01.TGA,texture,35,e73ac5609ea91952816aec39944245c87f4948854dc8cd6c5dd0a4f979ff107c,keyword:M4,0,0,0,2,,,CANDIDATE_ONLY,P5-T02 atlas/UV comparison
1458,P5T01-C01747,data/rf017/ModelTextures/WEAPONS/QV-M4A1_Silencer_Predator.DTX,texture,35,6e0d8ed0495a63c63510dfd09822842a05356f5676cc31b3c7a743e4862cc322,keyword:M4,0,0,0,2,,,CANDIDATE_ONLY,P5-T02 atlas/UV comparison
1459,P5T01-C02071,data/rf019/TEX/UI/AMMOICON/M4A1_Silnecer_Predator_BG.DTX,texture,35,c7fd4d4cc776e960ffff562a3d9ddeb15926c9d41aec6080a69aa1e954b33689,keyword:M4,0,0,0,2,,,CANDIDATE_ONLY,P5-T02 atlas/UV comparison
1460,P5T01-C02072,data/rf019/TEX/UI/AMMOICON/M4A1_Silnecer_Predator_EFFECT.DTX,texture,35,f9f90eeeaa9b7a09cf116df4c4c1c8754791691acff52b3dfbb574191fe60091,keyword:M4,0,0,0,2,,,CANDIDATE_ONLY,P5-T02 atlas/UV comparison
1461,P5T01-C02073,data/rf019/TEX/UI/AMMOICON/M4A1_Silnecer_Predator_LINE.DTX,texture,35,d2b35546f27e7baa64bd071c649759275714a490c51582f96bb28b4098e1d7ba,keyword:M4,0,0,0,2,,,CANDIDATE_ONLY,P5-T02 atlas/UV comparison
1462,P5T01-C02164,data/rf019/TEX/UI/KILLMSG/SHOT_WEAPON_M4A1_Silnecer_Predator.DTX,texture,35,21fc8003920160db3807359d49b080e8e70c7a82b533c20912fce148fa68b56c,keyword:M4,0,0,0,2,,,CANDIDATE_ONLY,P5-T02 atlas/UV comparison
1463,P5T01-C02165,data/rf019/TEX/UI/KILLMSG/SHOT_WEAPON_M4A1_Silnecer_Predator_KNIFE.DTX,texture,35,031475cb937e31933d552f197bce26c238bcaadf9df3fa45a482b84a83707b55,keyword:M4,0,0,0,2,,,CANDIDATE_ONLY,P5-T02 atlas/UV comparison
1464,P5T01-C02236,data/rf019/TEX/UI/WEAPONICON/BUYWEAPON_INFO_M4A1_Silnecer_Predator.DTX,texture,35,96f0f6c0714b2b04fe630d96ba8d244d59501c6553ec3c16daa0f44e201f2642,keyword:M4,0,0,0,2,,,CANDIDATE_ONLY,P5-T02 atlas/UV comparison
1465,P5T01-C02287,data/rf019/TEX/UI/WEAPONICON/WEAPON_SELECT_M4A1_Silnecer_Predator.DTX,texture,35,78308c1a51912c7a18a6a7bb6bec5bbd8b14ba140b759dfa07b920e085a7c04d,keyword:M4,0,0,0,2,,,CANDIDATE_ONLY,P5-T02 atlas/UV comparison
1466,P5T01-C02288,data/rf019/TEX/UI/WEAPONICON/WEAPON_SELECT_M4A1_Silnecer_Predator_KNIFE.DTX,texture,35,a419757470c50e09c7a2f5d5b7ed073daf48ca10075fd8435dc0b4982d5aa660,keyword:M4,0,0,0,2,,,CANDIDATE_ONLY,P5-T02 atlas/UV comparison
1467,P5T01-C02490,data/rf192/UI/UI_Shop2/NobleGoldName/M4A1_S_Predator_NobleGold/Name.BIN,config,35,d94682a8b29396f515ede4146efaf7b3b95c50590565e96a524535df6822280f,keyword:M4,0,0,0,2,,,CANDIDATE_ONLY,P5-T03 resource graph closure
1468,P5T01-C02491,data/rf192/UI/UI_Shop2/NobleGoldName/M4A1_S_Predator_NobleGold/NewName.BIN,config,35,c4004253c86744d68b4b3658995025c6b9399bdb1b834f67942f126a70fd152d,keyword:M4,0,0,0,2,,,CANDIDATE_ONLY,P5-T03 resource graph closure
1469,P5T01-C02682,data/rf192/UI/UI_Shop2/VVIP/SpriteImage/Effect/SGFX_sh_vvip_M4A1_S_Predator/SGFX_sh_vvip_M4A1_S_Predator_01.BIN,config,35,62278c46926d7788210a0b0e7dfb1fc86259a8a7998d3465b1942b0b1bc3f92d,keyword:M4,0,0,0,2,,,CANDIDATE_ONLY,P5-T03 resource graph closure
1470,P5T01-C02683,data/rf192/UI/UI_Shop2/VVIP/SpriteImage/Effect/SGFX_sh_vvip_M4A1_S_Predator/SGFX_sh_vvip_M4A1_S_Predator_02.BIN,config,35,9ed94f90b8e51ac199249edfd289dfd5493fb4d523539d6b1a0c0b0492e14436,keyword:M4,0,0,0,2,,,CANDIDATE_ONLY,P5-T03 resource graph closure
1471,P5T01-C02684,data/rf192/UI/UI_Shop2/VVIP/SpriteImage/Effect/SGFX_sh_vvip_M4A1_S_Predator/SGFX_sh_vvip_M4A1_S_Predator_03.BIN,config,35,2f299f7433d5a4a616690d1af8199aed79d819f7d403abc1c6ccec35675d6611,keyword:M4,0,0,0,2,,,CANDIDATE_ONLY,P5-T03 resource graph closure
1472,P5T01-C02685,data/rf192/UI/UI_Shop2/VVIP/SpriteImage/Effect/SGFX_sh_vvip_M4A1_S_Predator/SGFX_sh_vvip_M4A1_S_Predator_04.BIN,config,35,d50ed51e04156bbfe0947b427b6b0753506a45b5f93d00c1de7424ae9b21486f,keyword:M4,0,0,0,2,,,CANDIDATE_ONLY,P5-T03 resource graph closure
1473,P5T01-C02686,data/rf192/UI/UI_Shop2/VVIP/SpriteImage/Effect/SGFX_sh_vvip_M4A1_S_Predator/SGFX_sh_vvip_M4A1_S_Predator_05.BIN,config,35,2efe9035ff2756d3dcb2b79ed747c05d279f8733abba146f3bbc7a7a6c16d38c,keyword:M4,0,0,0,2,,,CANDIDATE_ONLY,P5-T03 resource graph closure
1474,P5T01-C02687,data/rf192/UI/UI_Shop2/VVIP/SpriteImage/Effect/SGFX_sh_vvip_M4A1_S_Predator/SGFX_sh_vvip_M4A1_S_Predator_06.BIN,config,35,099e3a62e181ef840ac74839419dd898c6588fe02658084e4196fb5a388c49db,keyword:M4,0,0,0,2,,,CANDIDATE_ONLY,P5-T03 resource graph closure
1475,P5T01-C02688,data/rf192/UI/UI_Shop2/VVIP/SpriteImage/Effect/SGFX_sh_vvip_M4A1_S_Predator/SGFX_sh_vvip_M4A1_S_Predator_07.BIN,config,35,99536d5727e3ed2374542c1f5118f01c4f3a0bf4198c16a2ba9820d7c6747cbe,keyword:M4,0,0,0,2,,,CANDIDATE_ONLY,P5-T03 resource graph closure
1476,P5T01-C02689,data/rf192/UI/UI_Shop2/VVIP/SpriteImage/Effect/SGFX_sh_vvip_M4A1_S_Predator/SGFX_sh_vvip_M4A1_S_Predator_08.BIN,config,35,ff1641fa1f9de140e9693f582b0519ee1846f6f78bca7e25789a3dbf614d69bc,keyword:M4,0,0,0,2,,,CANDIDATE_ONLY,P5-T03 resource graph closure
1477,P5T01-C02690,data/rf192/UI/UI_Shop2/VVIP/SpriteImage/Effect/SGFX_sh_vvip_M4A1_S_Predator/SGFX_sh_vvip_M4A1_S_Predator_09.BIN,config,35,dd78cbdbb1bbc79e083a0b7aabf09950a965e8b92a15032bebf20416fd434356,keyword:M4,0,0,0,2,,,CANDIDATE_ONLY,P5-T03 resource graph closure
1478,P5T01-C02691,data/rf192/UI/UI_Shop2/VVIP/SpriteImage/Effect/SGFX_sh_vvip_M4A1_S_Predator/SGFX_sh_vvip_M4A1_S_Predator_10.BIN,config,35,bb11e562ad9cd78493cf8b73edd87313dbd1645e4acc55aa12f174ef11c95d8e,keyword:M4,0,0,0,2,,,CANDIDATE_ONLY,P5-T03 resource graph closure
1479,P5T01-C02692,data/rf192/UI/UI_Shop2/VVIP/SpriteImage/Effect/SGFX_sh_vvip_M4A1_S_Predator/SGFX_sh_vvip_M4A1_S_Predator_11.BIN,config,35,6bba297ec1b95b2cf36179d59128e0b5516acc6ae9eaa3d7c8284fb1bd2d732a,keyword:M4,0,0,0,2,,,CANDIDATE_ONLY,P5-T03 resource graph closure
1480,P5T01-C02693,data/rf192/UI/UI_Shop2/VVIP/SpriteImage/Effect/SGFX_sh_vvip_M4A1_S_Predator/SGFX_sh_vvip_M4A1_S_Predator_12.BIN,config,35,d0a788da8c6deeb2a589b806f0e989faeb23ed4dbe8b945ad0149da56b811d14,keyword:M4,0,0,0,2,,,CANDIDATE_ONLY,P5-T03 resource graph closure
1481,P5T01-C02694,data/rf192/UI/UI_Shop2/VVIP/SpriteImage/Effect/SGFX_sh_vvip_M4A1_S_Predator/SGFX_sh_vvip_M4A1_S_Predator_13.BIN,config,35,78adc5880a75f779b0a15753dd99829084d29e37cddebbf97e149d6f26ac29e8,keyword:M4,0,0,0,2,,,CANDIDATE_ONLY,P5-T03 resource graph closure
1482,P5T01-C02695,data/rf192/UI/UI_Shop2/VVIP/SpriteImage/Effect/SGFX_sh_vvip_M4A1_S_Predator/SGFX_sh_vvip_M4A1_S_Predator_14.BIN,config,35,1e76e79357b2fcbbc89fee1d75b35176c2b1925373f281d331be054aa883e348,keyword:M4,0,0,0,2,,,CANDIDATE_ONLY,P5-T03 resource graph closure
1483,P5T01-C02696,data/rf192/UI/UI_Shop2/VVIP/SpriteImage/Effect/SGFX_sh_vvip_M4A1_S_Predator/SGFX_sh_vvip_M4A1_S_Predator_15.BIN,config,35,632acb06396cb10c8e5ba0ab50b3fa54918d0fd57b0f9671bb01770ebae26c56,keyword:M4,0,0,0,2,,,CANDIDATE_ONLY,P5-T03 resource graph closure
1484,P5T01-C02800,data/rf192/UI/UI_ShopRenewal/VVIPSkin/Name/M4A1_Silencer_Predator_NS/NewName.BIN,config,35,d488429b1b5b54135a451de0160dd831a9b9af2383763743a57fb5c527f463cf,keyword:M4,0,0,0,2,,,CANDIDATE_ONLY,P5-T03 resource graph closure
1485,P5T01-C02801,data/rf192/UI/UI_ShopRenewal/VVIPSkin/Name/M4A1_Silencer_Predator_jh/NewName.BIN,config,35,c51efa42816c23325d9a69b0089c8075b0ad3013b09e15344fa841898d6560b3,keyword:M4,0,0,0,2,,,CANDIDATE_ONLY,P5-T03 resource graph closure
1486,P5T01-C02853,data/rf192/UI/UI_ShopRenewal/VVIPSkin/WeaponIcon/M4A1_Silencer_Predator_NS.BIN,config,35,400d9b5ea78826f172b88dc51e212021139e556c7f85bc9ad81b298ca5d0ea8d,keyword:M4,0,0,0,2,,,CANDIDATE_ONLY,P5-T03 resource graph closure
1487,P5T01-C02854,data/rf192/UI/UI_ShopRenewal/VVIPSkin/WeaponIcon/M4A1_Silencer_Predator_jh.BIN,config,35,161d35f5f5039bcd6a3173914716af4cd4c7eaff5a3237f5e02efc153f1a0f31,keyword:M4,0,0,0,2,,,CANDIDATE_ONLY,P5-T03 resource graph closure
1488,P5T01-C01235,data/rf016/Models/WEAPONS/M4A1-CUSTOM.LTB,model,25,d81de88a7f1eea355c7a7383d16ba2f9de40d2afdf065cfeb4aac1771bf91f10,keyword:M4,0,0,0,0,,,CANDIDATE_ONLY,P5-T02 geometry/parts comparison
1489,P5T01-C01236,data/rf016/Models/WEAPONS/M4A1.LTB,model,25,f7bfd6fd5fbfb0573f113bfdd5d0c30c7e72c42d6e8c5f84a74b7649af8b0975,keyword:M4,0,0,0,0,,,CANDIDATE_ONLY,P5-T02 geometry/parts comparison
1490,P5T01-C01237,data/rf016/Models/WEAPONS/M4A1_SILENCER.LTB,model,25,f7669417139f7f64c7999bd8d71f632c6c410f48c9abbaa198a9860b5918f8e3,keyword:M4,0,0,0,0,,,CANDIDATE_ONLY,P5-T02 geometry/parts comparison
1491,P5T01-C01238,data/rf016/Models/WEAPONS/QV-BB_M4A1_S_Transformers.LTB,model,25,68106d2b214ec6a4bc6cf3866db28612adb07517dd32078e4d197a97dd1a42ab,keyword:M4,0,0,0,0,,,CANDIDATE_ONLY,P5-T02 geometry/parts comparison
1492,P5T01-C01239,data/rf016/Models/WEAPONS/QV-CatRifle_M4A1_M.LTB,model,25,c1c01be89a7110ef42c37f9078c8a4212a0fa8466034209d64ecf4eeb255d940,keyword:M4,0,0,0,0,,,CANDIDATE_ONLY,P5-T02 geometry/parts comparison
1493,P5T01-C01240,data/rf016/Models/WEAPONS/QV-CatRifle_M4A1_W.LTB,model,25,d4038d6ef41789412617385467d216ba441c5bf18fe9f9e1c263119c50b3a82b,keyword:M4,0,0,0,0,,,CANDIDATE_ONLY,P5-T02 geometry/parts comparison
1494,P5T01-C01241,data/rf016/Models/WEAPONS/QV-CatRifle_MOS_M4A1_M.LTB,model,25,fe22d94dfafec6a9590a901d26a56a1001390fe46215cf1c3d2b2b7d8d5e9fca,keyword:M4,0,0,0,0,,,CANDIDATE_ONLY,P5-T02 geometry/parts comparison
1495,P5T01-C01242,data/rf016/Models/WEAPONS/QV-CatRifle_MOS_M4A1_W.LTB,model,25,a8941e9c9fcdae085f487f1fdae70e7c68349f98f9f8fc72131f6a9ff6361c31,keyword:M4,0,0,0,0,,,CANDIDATE_ONLY,P5-T02 geometry/parts comparison
1496,P5T01-C01250,data/rf016/Models/WEAPONS/QV-FD_M4A1_S_Transformers.LTB,model,25,ca4809840bd5337dea1546e0687bfe86a19b89caf9297fdcd321eaf69c4f6c0b,keyword:M4,0,0,0,0,,,CANDIDATE_ONLY,P5-T02 geometry/parts comparison
1497,P5T01-C01251,data/rf016/Models/WEAPONS/QV-FD_M4A1_S_Transformers_PreView.LTB,model,25,1a603bf2f1c0ebedf902c9bc4d20859552bc680e3002234a95e92e7961948986,keyword:M4,0,0,0,0,,,CANDIDATE_ONLY,P5-T02 geometry/parts comparison
1498,P5T01-C01257,data/rf016/Models/WEAPONS/QV-M4A1-CUSTOM_BR_F.LTB,model,25,8201a1454f2d2df54a37d7a81ccf5800f88b3f678ddefa11bf97a8085a069951,keyword:M4,0,0,0,0,,,CANDIDATE_ONLY,P5-T02 geometry/parts comparison
1499,P5T01-C01258,data/rf016/Models/WEAPONS/QV-M4A1-CUSTOM_BR_M.LTB,model,25,26d87532cabe2624330a0d37c858c1bbc4cf504df34e4b4e29a5b3711c72cf9d,keyword:M4,0,0,0,0,,,CANDIDATE_ONLY,P5-T02 geometry/parts comparison
1500,P5T01-C01261,data/rf016/Models/WEAPONS/QV-M4A1_CFS2024_F.LTB,model,25,414b108a9345dcc40c7ca3bbe379be2987ee3549d0cc832c42f7a5578f379870,keyword:M4,0,0,0,0,,,CANDIDATE_ONLY,P5-T02 geometry/parts comparison
1501,P5T01-C01262,data/rf016/Models/WEAPONS/QV-M4A1_CFS2024_M.LTB,model,25,1899bcdc09a7b5a43dc93784d6caff8153907aa3a10a1915820cbc24888ac42d,keyword:M4,0,0,0,0,,,CANDIDATE_ONLY,P5-T02 geometry/parts comparison
1502,P5T01-C01263,data/rf016/Models/WEAPONS/QV-M4A1_CHICKEN.LTB,model,25,0846c2ac23586078e56d289ca1bc87cd94c6de60b6d1a2873be02f7c9012883f,keyword:M4,0,0,0,0,,,CANDIDATE_ONLY,P5-T02 geometry/parts comparison
1503,P5T01-C01264,data/rf016/Models/WEAPONS/QV-M4A1_C_Brasil_F.LTB,model,25,c7ff1aba123688d7b111ea8e9bb500897a422ff3ff9bbc4f1bf3e180d8c00c89,keyword:M4,0,0,0,0,,,CANDIDATE_ONLY,P5-T02 geometry/parts comparison
1504,P5T01-C01265,data/rf016/Models/WEAPONS/QV-M4A1_C_Brasil_M.LTB,model,25,bb2249ab00cd23389839e2fad4a92f98a7564ff5c8df405a4064cd94288860b1,keyword:M4,0,0,0,0,,,CANDIDATE_ONLY,P5-T02 geometry/parts comparison
1505,P5T01-C01266,data/rf016/Models/WEAPONS/QV-M4A1_C_UltimateGold_F.LTB,model,25,9de996cab12d13f3c06629c9a2840f2035652d8ea0338adfc98e40f054533add,keyword:M4,0,0,0,0,,,CANDIDATE_ONLY,P5-T02 geometry/parts comparison
1506,P5T01-C01267,data/rf016/Models/WEAPONS/QV-M4A1_C_UltimateGold_M.LTB,model,25,24288ee20980c0af65766328c4f481f88c4ce27ba8a170bfd7e3dd8488861be1,keyword:M4,0,0,0,0,,,CANDIDATE_ONLY,P5-T02 geometry/parts comparison
1507,P5T01-C01268,data/rf016/Models/WEAPONS/QV-M4A1_C_UltimateGold_preview.LTB,model,25,50889ee1e88a3535e2e5f2bc378d2598cfa3061f8ee6b0eac84383671da62d87,keyword:M4,0,0,0,0,,,CANDIDATE_ONLY,P5-T02 geometry/parts comparison
1508,P5T01-C01269,data/rf016/Models/WEAPONS/QV-M4A1_Custom_RedCrystal_F.LTB,model,25,b3c3d0a57e1d26f9269f555d1e76612c857e687ee6a54866ce0d12b249898d00,keyword:M4,0,0,0,0,,,CANDIDATE_ONLY,P5-T02 geometry/parts comparison
1509,P5T01-C01270,data/rf016/Models/WEAPONS/QV-M4A1_Custom_RedCrystal_M.LTB,model,25,9406c9d9cfcf350b4e11b0048745b41e6ac33ffdd6ef19957f05d268d20840ce,keyword:M4,0,0,0,0,,,CANDIDATE_ONLY,P5-T02 geometry/parts comparison
1510,P5T01-C01271,data/rf016/Models/WEAPONS/QV-M4A1_Guitar.LTB,model,25,e92964c4ffc41b9ac66704c3b29bf9afefe4b6ff8c660c1640401d78f2025ec1,keyword:M4,0,0,0,0,,,CANDIDATE_ONLY,P5-T02 geometry/parts comparison
1511,P5T01-C01272,data/rf016/Models/WEAPONS/QV-M4A1_MK_preview.LTB,model,25,94010e96477c8e1c540e6dc01d568770aaab6c3a41a521c5b5fb42367a260d23,keyword:M4,0,0,0,0,,,CANDIDATE_ONLY,P5-T02 geometry/parts comparison
1512,P5T01-C01273,data/rf016/Models/WEAPONS/QV-M4A1_MachineReaper.LTB,model,25,30a5f139916c2327976d54050d3b454f8e021fbbd7f310d6ae3646de93a60999,keyword:M4,0,0,0,0,,,CANDIDATE_ONLY,P5-T02 geometry/parts comparison
1513,P5T01-C01274,data/rf016/Models/WEAPONS/QV-M4A1_NW.LTB,model,25,0130032ddf8f0e2f64c3980f6f41eb4e22b25d9836492b37de59eab2ac95a807,keyword:M4,0,0,0,0,,,CANDIDATE_ONLY,P5-T02 geometry/parts comparison
1514,P5T01-C01289,data/rf016/Models/WEAPONS/QV-M4A1_S_Blossoms_NYMPHS.LTB,model,25,69917604a6de40b20fea663fbe36136d11d3456900edbd479a9552423e0e4d8f,keyword:M4,0,0,0,0,,,CANDIDATE_ONLY,P5-T02 geometry/parts comparison
1515,P5T01-C01306,data/rf016/Models/WEAPONS/QV-M4A1_S_Dominator.LTB,model,25,75a7743bec35c4b9e4b12153d6bda9bf7e81568cf6a6ef3d37942b0db006d709,keyword:M4,0,0,0,0,,,CANDIDATE_ONLY,P5-T02 geometry/parts comparison
1516,P5T01-C01307,data/rf016/Models/WEAPONS/QV-M4A1_S_Dominator_preview.LTB,model,25,36be2e68289481b27b5d7babbfd5a6ab8b4417dfe5a66477c176438cc397db7f,keyword:M4,0,0,0,0,,,CANDIDATE_ONLY,P5-T02 geometry/parts comparison
1517,P5T01-C01308,data/rf016/Models/WEAPONS/QV-M4A1_S_DragonAspect.LTB,model,25,6113c1a83fca21fefa6231cc9fc99ce8973ead6358f7a65859c8ba026721cd1e,keyword:M4,0,0,0,0,,,CANDIDATE_ONLY,P5-T02 geometry/parts comparison
1518,P5T01-C01309,data/rf016/Models/WEAPONS/QV-M4A1_S_DragonAspect_I.LTB,model,25,1934628fa14ad7540ed9ce706e256b747a616aa29400432fdebc5dbe5cf7c6c1,keyword:M4,0,0,0,0,,,CANDIDATE_ONLY,P5-T02 geometry/parts comparison
1519,P5T01-C01310,data/rf016/Models/WEAPONS/QV-M4A1_S_DragonAspect_II.LTB,model,25,2455eebdcc2f890e1e02a19713232de0c9c4251e5f3f4ab0fcb5d7c91a2f73e9,keyword:M4,0,0,0,0,,,CANDIDATE_ONLY,P5-T02 geometry/parts comparison
1520,P5T01-C01311,data/rf016/Models/WEAPONS/QV-M4A1_S_DragonAspect_II_preview.LTB,model,25,592e4edd72ee6f5d169f0ecf19c6256e758412e3bcfc6e4daa951844b4c47e94,keyword:M4,0,0,0,0,,,CANDIDATE_ONLY,P5-T02 geometry/parts comparison
1521,P5T01-C01312,data/rf016/Models/WEAPONS/QV-M4A1_S_DragonAspect_I_preview.LTB,model,25,9a51198e6b8577f9f64d3fc927b3667baf6c0ee0a30f710383745b3e9cda3044,keyword:M4,0,0,0,0,,,CANDIDATE_ONLY,P5-T02 geometry/parts comparison
1522,P5T01-C01313,data/rf016/Models/WEAPONS/QV-M4A1_S_DragonAspect_V.LTB,model,25,cb5b5a03cd5c35dd204fa797afcb99f5fe09644d54fd43af052f84867d118685,keyword:M4,0,0,0,0,,,CANDIDATE_ONLY,P5-T02 geometry/parts comparison
1523,P5T01-C01314,data/rf016/Models/WEAPONS/QV-M4A1_S_DragonAspect_VI.LTB,model,25,c7198cede62a1ac11cc095bec3213f6306b7a8f51463b739066c074953345bc9,keyword:M4,0,0,0,0,,,CANDIDATE_ONLY,P5-T02 geometry/parts comparison
1524,P5T01-C01315,data/rf016/Models/WEAPONS/QV-M4A1_S_DragonAspect_VI_preview.LTB,model,25,69e4aab29706140ef771d8e4cedf348c14c35cb05337181b435182a9f6f95f91,keyword:M4,0,0,0,0,,,CANDIDATE_ONLY,P5-T02 geometry/parts comparison
1525,P5T01-C01316,data/rf016/Models/WEAPONS/QV-M4A1_S_DragonAspect_V_preview.LTB,model,25,011dbfb1fdf18ad2136fef4aa3f625d2b5631cba8bad5acee74f5d13ef95c640,keyword:M4,0,0,0,0,,,CANDIDATE_ONLY,P5-T02 geometry/parts comparison
1526,P5T01-C01317,data/rf016/Models/WEAPONS/QV-M4A1_S_DragonAspect_preview.LTB,model,25,b228818b128b9e225a5dd7ea3223328e2867961731f8382e168301731860c6e4,keyword:M4,0,0,0,0,,,CANDIDATE_ONLY,P5-T02 geometry/parts comparison
1527,P5T01-C01318,data/rf016/Models/WEAPONS/QV-M4A1_S_GSpirit.LTB,model,25,a7159148535f9d00f803d435ef17af7f798a48811f1f19142d364c2b259c7168,keyword:M4,0,0,0,0,,,CANDIDATE_ONLY,P5-T02 geometry/parts comparison
1528,P5T01-C01319,data/rf016/Models/WEAPONS/QV-M4A1_S_GSpirit_Changemode.LTB,model,25,c91672615e245ad2d257176759110119bec82280a7c7ed961e026532c8014508,keyword:M4,0,0,0,0,,,CANDIDATE_ONLY,P5-T02 geometry/parts comparison
1529,P5T01-C01320,data/rf016/Models/WEAPONS/QV-M4A1_S_GSpirit_Magazine.LTB,model,25,7b323235cccbd77e226e3dd80e49f50912cbc8df09b259fb08ce9401d308777e,keyword:M4,0,0,0,0,,,CANDIDATE_ONLY,P5-T02 geometry/parts comparison
1530,P5T01-C01321,data/rf016/Models/WEAPONS/QV-M4A1_S_GSpirit_preview.LTB,model,25,b4fde0acadeba945045f25fadaa5c9155a74cee867292b66f681efaf613f2903,keyword:M4,0,0,0,0,,,CANDIDATE_ONLY,P5-T02 geometry/parts comparison
1531,P5T01-C01322,data/rf016/Models/WEAPONS/QV-M4A1_S_GunHound_preview.LTB,model,25,604d88933d2b735df57a4ced43e0ee2663bb1873e659f414ac7e53dc0f1c8821,keyword:M4,0,0,0,0,,,CANDIDATE_ONLY,P5-T02 geometry/parts comparison
1532,P5T01-C01323,data/rf016/Models/WEAPONS/QV-M4A1_S_Halloween24.LTB,model,25,befbdf9cc04468eb8594db660899b664715fcdfb0aaef3fa542793dfe20a83fe,keyword:M4,0,0,0,0,,,CANDIDATE_ONLY,P5-T02 geometry/parts comparison
1533,P5T01-C01324,data/rf016/Models/WEAPONS/QV-M4A1_S_Inf_Nezha.LTB,model,25,1cc0780ed416c72c9717c4575dda9f17f4839a63b1181d80a72a27bf72eaadf6,keyword:M4,0,0,0,0,,,CANDIDATE_ONLY,P5-T02 geometry/parts comparison
1534,P5T01-C01325,data/rf016/Models/WEAPONS/QV-M4A1_S_Inf_Nezha_Spear_F.LTB,model,25,df68a9649cd40c53175a65265c220d59b5cda7e8660ade9033ffe37c1ca35265,keyword:M4,0,0,0,0,,,CANDIDATE_ONLY,P5-T02 geometry/parts comparison
1535,P5T01-C01326,data/rf016/Models/WEAPONS/QV-M4A1_S_Inf_Nezha_Spear_M.LTB,model,25,75fa43a8074db4de672313e536aef82a7133dc3d5a3cccadca63ca1aa547a9be,keyword:M4,0,0,0,0,,,CANDIDATE_ONLY,P5-T02 geometry/parts comparison
1536,P5T01-C01327,data/rf016/Models/WEAPONS/QV-M4A1_S_Inf_Nezha_preview.LTB,model,25,fbcb7ff515ee2fe37606006e2d1cc0889f3c4630bdb6e040f10770c6099b8a2b,keyword:M4,0,0,0,0,,,CANDIDATE_ONLY,P5-T02 geometry/parts comparison
1537,P5T01-C01351,data/rf016/Models/WEAPONS/QV-M4A1_S_IronWolf.LTB,model,25,9015736a66baccb9535609999e285882d509cce19030e98206a49a8e225a1d1f,keyword:M4,0,0,0,0,,,CANDIDATE_ONLY,P5-T02 geometry/parts comparison
1538,P5T01-C01352,data/rf016/Models/WEAPONS/QV-M4A1_S_IronWolf_preview.LTB,model,25,dc3709e9fd493578aa4f1f867349ffee88f94f61b4f1fb823b8a3d57386dac77,keyword:M4,0,0,0,0,,,CANDIDATE_ONLY,P5-T02 geometry/parts comparison
1539,P5T01-C01355,data/rf016/Models/WEAPONS/QV-M4A1_S_Jewelry.LTB,model,25,793d4da918a2d14036a129104fed4ad596609eed50c53ef5184bc411981e0ce0,keyword:M4,0,0,0,0,,,CANDIDATE_ONLY,P5-T02 geometry/parts comparison
1540,P5T01-C01356,data/rf016/Models/WEAPONS/QV-M4A1_S_Jewelry_NobleGold.LTB,model,25,66e55afc8bfacefa270841e05fec70ef800127ccceeab1e33d1e8f4587a115eb,keyword:M4,0,0,0,0,,,CANDIDATE_ONLY,P5-T02 geometry/parts comparison
1541,P5T01-C01357,data/rf016/Models/WEAPONS/QV-M4A1_S_Jewelry_preview.LTB,model,25,ede42baa7faa3f946122223c5a42b71d2c3e502f6571df07b9fcea2b3f5d30f4,keyword:M4,0,0,0,0,,,CANDIDATE_ONLY,P5-T02 geometry/parts comparison
1542,P5T01-C01358,data/rf016/Models/WEAPONS/QV-M4A1_S_NW.LTB,model,25,c3417450f4d7f3c0982432e0fec55b56ca7d9b74ed41c349b0e45f99236c4111,keyword:M4,0,0,0,0,,,CANDIDATE_ONLY,P5-T02 geometry/parts comparison
1543,P5T01-C01359,data/rf016/Models/WEAPONS/QV-M4A1_S_Plant.LTB,model,25,9bc1ded7bf22102102b470ef6d10b445474f1997ca8a117e86870012ec21dc37,keyword:M4,0,0,0,0,,,CANDIDATE_ONLY,P5-T02 geometry/parts comparison
1544,P5T01-C01363,data/rf016/Models/WEAPONS/QV-M4A1_S_Protocol_Chg_F.LTB,model,25,5bca493a37742df823f158a791b6834235253beb65f436016edd7e398cd50593,keyword:M4,0,0,0,0,,,CANDIDATE_ONLY,P5-T02 geometry/parts comparison
1545,P5T01-C01364,data/rf016/Models/WEAPONS/QV-M4A1_S_Protocol_Chg_M.LTB,model,25,41fe2ac34a1bcb0706a431c5a5936d128536e47bec8a84453fb4f61761056238,keyword:M4,0,0,0,0,,,CANDIDATE_ONLY,P5-T02 geometry/parts comparison
1546,P5T01-C01365,data/rf016/Models/WEAPONS/QV-M4A1_S_Protocol_F.LTB,model,25,c319fcae72161bd00047f6079e8fbc86aa13fbc763636f58e897688d79c2f32f,keyword:M4,0,0,0,0,,,CANDIDATE_ONLY,P5-T02 geometry/parts comparison
1547,P5T01-C01366,data/rf016/Models/WEAPONS/QV-M4A1_S_Protocol_M.LTB,model,25,558cd2c169e907bcfcaca10d977f4d15fadb9b861e3cb47295be50a2ce2e9a6b,keyword:M4,0,0,0,0,,,CANDIDATE_ONLY,P5-T02 geometry/parts comparison
1548,P5T01-C01367,data/rf016/Models/WEAPONS/QV-M4A1_S_Protocol_preview.LTB,model,25,2cda6eddbbcc08ba391f95df8aa62022485696bbf001cad0a15b1139c85116f4,keyword:M4,0,0,0,0,,,CANDIDATE_ONLY,P5-T02 geometry/parts comparison
1549,P5T01-C01373,data/rf016/Models/WEAPONS/QV-M4A1_S_Rifle_preview.LTB,model,25,d06c0ff96d672dde38a8f3b3b0728bdccd7f08494a28ecf159729c7c8e4c263e,keyword:M4,0,0,0,0,,,CANDIDATE_ONLY,P5-T02 geometry/parts comparison
1550,P5T01-C01374,data/rf016/Models/WEAPONS/QV-M4A1_S_RoyalDragon10.LTB,model,25,13968a873bf66238b6489f77c6542b1c1d25f4f3dcb60340a764feab40908093,keyword:M4,0,0,0,0,,,CANDIDATE_ONLY,P5-T02 geometry/parts comparison
1551,P5T01-C01375,data/rf016/Models/WEAPONS/QV-M4A1_S_Royalguard_1st.LTB,model,25,0da4d8bc42edb84120ad9461ab4f39225a99b8cb563fbe6e099777c6b03ae796,keyword:M4,0,0,0,0,,,CANDIDATE_ONLY,P5-T02 geometry/parts comparison
1552,P5T01-C01376,data/rf016/Models/WEAPONS/QV-M4A1_S_Royalguard_1st_preview.LTB,model,25,7a6d89849c658b25168a90564b2477ce9358dbb9ea655c61506794d54bf98fca,keyword:M4,0,0,0,0,,,CANDIDATE_ONLY,P5-T02 geometry/parts comparison
1553,P5T01-C01377,data/rf016/Models/WEAPONS/QV-M4A1_S_Royalguard_2nd.LTB,model,25,15ca19a67e613a32de8b018dc13f5aef3cb0a01e6675007e8f3df3a9a5c5dc1e,keyword:M4,0,0,0,0,,,CANDIDATE_ONLY,P5-T02 geometry/parts comparison
1554,P5T01-C01378,data/rf016/Models/WEAPONS/QV-M4A1_S_Royalguard_2nd_preview.LTB,model,25,7a6d89849c658b25168a90564b2477ce9358dbb9ea655c61506794d54bf98fca,keyword:M4,0,0,0,0,,,CANDIDATE_ONLY,P5-T02 geometry/parts comparison
1555,P5T01-C01379,data/rf016/Models/WEAPONS/QV-M4A1_S_Royalguard_3rd.LTB,model,25,15ca19a67e613a32de8b018dc13f5aef3cb0a01e6675007e8f3df3a9a5c5dc1e,keyword:M4,0,0,0,0,,,CANDIDATE_ONLY,P5-T02 geometry/parts comparison
1556,P5T01-C01380,data/rf016/Models/WEAPONS/QV-M4A1_S_Royalguard_3rd_preview.LTB,model,25,7a6d89849c658b25168a90564b2477ce9358dbb9ea655c61506794d54bf98fca,keyword:M4,0,0,0,0,,,CANDIDATE_ONLY,P5-T02 geometry/parts comparison
1557,P5T01-C01381,data/rf016/Models/WEAPONS/QV-M4A1_S_Transformers.LTB,model,25,3e8479d64e751c1e0270c716e82f16030f6ceb4aaf187e344a15361f0d5ee0b2,keyword:M4,0,0,0,0,,,CANDIDATE_ONLY,P5-T02 geometry/parts comparison
1558,P5T01-C01382,data/rf016/Models/WEAPONS/QV-M4A1_S_Transformers_CFPL10th.LTB,model,25,7f5c64d980897d5279c4ee1274ee5f3ef804741ea6713360be845d3ff9d6bdfb,keyword:M4,0,0,0,0,,,CANDIDATE_ONLY,P5-T02 geometry/parts comparison
1559,P5T01-C01383,data/rf016/Models/WEAPONS/QV-M4A1_S_Transformers_DS.LTB,model,25,b3e749ebdcad06dfada40d87afa57bdcdf5e27cd4e4cd6d084be50df781fe7f1,keyword:M4,0,0,0,0,,,CANDIDATE_ONLY,P5-T02 geometry/parts comparison
1560,P5T01-C01384,data/rf016/Models/WEAPONS/QV-M4A1_S_Transformers_DS_preview.LTB,model,25,ca88a3ce142674b268e2ef6f88162822e903183cc6cab0850eb3e36a45545e7c,keyword:M4,0,0,0,0,,,CANDIDATE_ONLY,P5-T02 geometry/parts comparison
1561,P5T01-C01385,data/rf016/Models/WEAPONS/QV-M4A1_S_Transformers_EMP.LTB,model,25,937f2358c4be5c019707643dcbe4e3fa47746644e8617584f5d37b4fe4603f88,keyword:M4,0,0,0,0,,,CANDIDATE_ONLY,P5-T02 geometry/parts comparison
1562,P5T01-C01386,data/rf016/Models/WEAPONS/QV-M4A1_S_Transformers_EMP_preview.LTB,model,25,48439e160baa98734e04f1db3d6323cd8cd031aa18a13560a9681839cdc301ec,keyword:M4,0,0,0,0,,,CANDIDATE_ONLY,P5-T02 geometry/parts comparison
1563,P5T01-C01387,data/rf016/Models/WEAPONS/QV-M4A1_S_Transformers_HWG.LTB,model,25,e8492760b603a16ecd7e21af353207d756867beea4f0f09e94331a5e4b05b9eb,keyword:M4,0,0,0,0,,,CANDIDATE_ONLY,P5-T02 geometry/parts comparison
1564,P5T01-C01388,data/rf016/Models/WEAPONS/QV-M4A1_S_Transformers_HWG_preview.LTB,model,25,b1cf44a2be81f8290d0fe7f36f86302c52b7786286df1f7514cc1149ff20132b,keyword:M4,0,0,0,0,,,CANDIDATE_ONLY,P5-T02 geometry/parts comparison
1565,P5T01-C01389,data/rf016/Models/WEAPONS/QV-M4A1_S_Transformers_Ipdance.LTB,model,25,c03130dae2496c0fdfc04166861031fb83ec8570aebf47d1a795907f97bb567a,keyword:M4,0,0,0,0,,,CANDIDATE_ONLY,P5-T02 geometry/parts comparison
1566,P5T01-C01390,data/rf016/Models/WEAPONS/QV-M4A1_S_Transformers_JJXT.LTB,model,25,79fcf693838839ee56a7ba5662c17e3634d27d0c59d28b86db07da3ecd5f64df,keyword:M4,0,0,0,0,,,CANDIDATE_ONLY,P5-T02 geometry/parts comparison
1567,P5T01-C01391,data/rf016/Models/WEAPONS/QV-M4A1_S_Transformers_Javelin.LTB,model,25,510be7b7a55b20185693a677da576de5e016648dd7183d8dbe87dbe512c1513a,keyword:M4,0,0,0,0,,,CANDIDATE_ONLY,P5-T02 geometry/parts comparison
1568,P5T01-C01392,data/rf016/Models/WEAPONS/QV-M4A1_S_Transformers_Preview.LTB,model,25,2dedbd7f3e7adc2b3482574e2321d9267ecdcbfad4b59afd7e024e64eba55c0c,keyword:M4,0,0,0,0,,,CANDIDATE_ONLY,P5-T02 geometry/parts comparison
1569,P5T01-C01393,data/rf016/Models/WEAPONS/QV-M4A1_S_Transformers_Qingchun.LTB,model,25,120ed8b055cbee4e583214616d124b5d5045fae4031054d4776ab469d1ea4c57,keyword:M4,0,0,0,0,,,CANDIDATE_ONLY,P5-T02 geometry/parts comparison
1570,P5T01-C01394,data/rf016/Models/WEAPONS/QV-M4A1_S_Transformers_Qingchun_preview.LTB,model,25,f53e85873916747039bf84d5f5e65d4c26360ea99b7342f3dfc16dcff23e4b77,keyword:M4,0,0,0,0,,,CANDIDATE_ONLY,P5-T02 geometry/parts comparison
1571,P5T01-C01395,data/rf016/Models/WEAPONS/QV-M4A1_S_Transformers_SRab.LTB,model,25,2d041711abed33df930542f97c59728aeae315825e487e37f14bb4185c707cc0,keyword:M4,0,0,0,0,,,CANDIDATE_ONLY,P5-T02 geometry/parts comparison
1572,P5T01-C01396,data/rf016/Models/WEAPONS/QV-M4A1_S_Transformers_SRab_preview.LTB,model,25,f8101f3f972956c21a15039e9bfb92401356c455ed45b843ee6d6ffac9835e4b,keyword:M4,0,0,0,0,,,CANDIDATE_ONLY,P5-T02 geometry/parts comparison
1573,P5T01-C01397,data/rf016/Models/WEAPONS/QV-M4A1_S_Transformers_Stellar.LTB,model,25,ef1edc6b285b2f24e22e8473c88365f7fde92d14e4ffaeabd609383e1efa651b,keyword:M4,0,0,0,0,,,CANDIDATE_ONLY,P5-T02 geometry/parts comparison
1574,P5T01-C01398,data/rf016/Models/WEAPONS/QV-M4A1_S_Transformers_Stellar_preview.LTB,model,25,8b1b75ec101bc1e24eb409c9b13a7cd71a2220c1f3475da7a2134bcaf1fbef90,keyword:M4,0,0,0,0,,,CANDIDATE_ONLY,P5-T02 geometry/parts comparison
1575,P5T01-C01399,data/rf016/Models/WEAPONS/QV-M4A1_S_Transformers_TLand.LTB,model,25,ff3a284d09d605a445d812271830ced30429ed7116d8dfc9b7d54e946cdce7a4,keyword:M4,0,0,0,0,,,CANDIDATE_ONLY,P5-T02 geometry/parts comparison
1576,P5T01-C01400,data/rf016/Models/WEAPONS/QV-M4A1_S_Transformers_TLand_preview.LTB,model,25,2e8ffc3abcf5ddf3726c458ab65f89b3dd3f12a1c066a6dede3c766b57172455,keyword:M4,0,0,0,0,,,CANDIDATE_ONLY,P5-T02 geometry/parts comparison
1577,P5T01-C01401,data/rf016/Models/WEAPONS/QV-M4A1_S_Transformers_Virgo.LTB,model,25,a6fd5b9653255b8a5e7c6869e0eed596d496d22a75615fed65e7bcd32028f620,keyword:M4,0,0,0,0,,,CANDIDATE_ONLY,P5-T02 geometry/parts comparison
1578,P5T01-C01402,data/rf016/Models/WEAPONS/QV-M4A1_S_Transformers_Virgo_preview.LTB,model,25,fa00084175cb21cc1ca481d308b543d51c5a9759b5ee8e22627a110a287206b7,keyword:M4,0,0,0,0,,,CANDIDATE_ONLY,P5-T02 geometry/parts comparison
1579,P5T01-C01403,data/rf016/Models/WEAPONS/QV-M4A1_S_Transformers_YUQI.LTB,model,25,3c7736e05577d654edea251d690160a721bfa4323b5ca531d55277dca107b1ba,keyword:M4,0,0,0,0,,,CANDIDATE_ONLY,P5-T02 geometry/parts comparison
1580,P5T01-C01404,data/rf016/Models/WEAPONS/QV-M4A1_S_Transformers_YUQI_preview.LTB,model,25,a81f511ef085b8aa9f704cc1325a556daba6f0a111652ffb46f9c670ece79acb,keyword:M4,0,0,0,0,,,CANDIDATE_ONLY,P5-T02 geometry/parts comparison
1581,P5T01-C01405,data/rf016/Models/WEAPONS/QV-M4A1_S_Transformers_ZDaBaiLu.LTB,model,25,68e234fb1bcdc29cd48db74047781c4e086b17ab8714e9219d2d849e4704ee55,keyword:M4,0,0,0,0,,,CANDIDATE_ONLY,P5-T02 geometry/parts comparison
1582,P5T01-C01406,data/rf016/Models/WEAPONS/QV-M4A1_S_Transformers_Zeekr007GT.LTB,model,25,035127863fe98c76f8509bca693e0243873479931c2395be98f150af4c22740b,keyword:M4,0,0,0,0,,,CANDIDATE_ONLY,P5-T02 geometry/parts comparison
1583,P5T01-C01407,data/rf016/Models/WEAPONS/QV-M4A1_S_Transformers_Zeekr007GT_preview.LTB,model,25,9c0eebc56b2fde3f7ffba39d72ce91f0dbb32441911b29ae470429d8eb4eb929,keyword:M4,0,0,0,0,,,CANDIDATE_ONLY,P5-T02 geometry/parts comparison
1584,P5T01-C01408,data/rf016/Models/WEAPONS/QV-M4A1_S_UltimateGold.LTB,model,25,7fd695b488e39b4736269aec979c1fb1549a83ae8da25adc987dbe405bc41d42,keyword:M4,0,0,0,0,,,CANDIDATE_ONLY,P5-T02 geometry/parts comparison
1585,P5T01-C01409,data/rf016/Models/WEAPONS/QV-M4A1_S_UltimateGold_preview.LTB,model,25,7a6d89849c658b25168a90564b2477ce9358dbb9ea655c61506794d54bf98fca,keyword:M4,0,0,0,0,,,CANDIDATE_ONLY,P5-T02 geometry/parts comparison
1586,P5T01-C01410,data/rf016/Models/WEAPONS/QV-M4A1_S_Umaking.LTB,model,25,8a8ccff528ef55a52e70dc65e5300616249401deaa808ae8cb41f144d98114f1,keyword:M4,0,0,0,0,,,CANDIDATE_ONLY,P5-T02 geometry/parts comparison
1587,P5T01-C01411,data/rf016/Models/WEAPONS/QV-M4A1_S_UnderTech_Chg_F.LTB,model,25,5aefa60faf810cc2b5b07986700bc4c5cf047728f0eb03603577e61a32c96259,keyword:M4,0,0,0,0,,,CANDIDATE_ONLY,P5-T02 geometry/parts comparison
1588,P5T01-C01412,data/rf016/Models/WEAPONS/QV-M4A1_S_UnderTech_Chg_M.LTB,model,25,5c980d49d8d4a8d92663342a38a91d5f3673e4c28f24573207c9afb7a749dab7,keyword:M4,0,0,0,0,,,CANDIDATE_ONLY,P5-T02 geometry/parts comparison
1589,P5T01-C01413,data/rf016/Models/WEAPONS/QV-M4A1_S_UnderTech_F.LTB,model,25,c04d829f0ba415852b338303a686bc1829008db569dc94b3e710e8ceb156fb65,keyword:M4,0,0,0,0,,,CANDIDATE_ONLY,P5-T02 geometry/parts comparison
1590,P5T01-C01414,data/rf016/Models/WEAPONS/QV-M4A1_S_UnderTech_M.LTB,model,25,6087dd8f0c03532a871a235584b6289b5655d13d79d4b9c21f0d4e2cabe967d5,keyword:M4,0,0,0,0,,,CANDIDATE_ONLY,P5-T02 geometry/parts comparison
1591,P5T01-C01415,data/rf016/Models/WEAPONS/QV-M4A1_S_UnderTech_preview.LTB,model,25,9dc33ba6c114b5d9029fb066300773b50415d9ee70786adec522d06a81da9afb,keyword:M4,0,0,0,0,,,CANDIDATE_ONLY,P5-T02 geometry/parts comparison
1592,P5T01-C01418,data/rf016/Models/WEAPONS/QV-M4A1_S_rifle.LTB,model,25,e89c8596f679713633cfc0916122736c918e6663f72c3e24573a0b01b152d4de,keyword:M4,0,0,0,0,,,CANDIDATE_ONLY,P5-T02 geometry/parts comparison
1593,P5T01-C01419,data/rf016/Models/WEAPONS/QV-M4A1_S_stelth.LTB,model,25,2edd0f429852ae2334b1c1e08a3e88a2941e1b742f314e726f4017a54f728055,keyword:M4,0,0,0,0,,,CANDIDATE_ONLY,P5-T02 geometry/parts comparison
1594,P5T01-C01420,data/rf016/Models/WEAPONS/QV-M4A1_S_watergun.LTB,model,25,d7efb4e3f670c5998dfce87503d05c4254aa7815234a4b281eb59b5d18559bb4,keyword:M4,0,0,0,0,,,CANDIDATE_ONLY,P5-T02 geometry/parts comparison
1595,P5T01-C01421,data/rf016/Models/WEAPONS/QV-M4A1_Silencer_DMZ_F.LTB,model,25,e1286c6669cfae8f62830043231a2c160861c97531d5e7f982dd058f8535baa0,keyword:M4,0,0,0,0,,,CANDIDATE_ONLY,P5-T02 geometry/parts comparison
1596,P5T01-C01422,data/rf016/Models/WEAPONS/QV-M4A1_Silencer_DMZ_KFC_F.LTB,model,25,5dd01a64e6744f4510a43865985a1ceb024dcb544d9da01d272211c0570dc66f,keyword:M4,0,0,0,0,,,CANDIDATE_ONLY,P5-T02 geometry/parts comparison
1597,P5T01-C01423,data/rf016/Models/WEAPONS/QV-M4A1_Silencer_DMZ_KFC_M.LTB,model,25,22d658c9ea44edd066aa7731601170e57ca202da8bb46f4af94f49498a13e5bd,keyword:M4,0,0,0,0,,,CANDIDATE_ONLY,P5-T02 geometry/parts comparison
1598,P5T01-C01424,data/rf016/Models/WEAPONS/QV-M4A1_Silencer_DMZ_KFC_R_F.LTB,model,25,071b0733e41711013c94d3e1a9f0de58d59b2f62232a068a8a826555b13773c5,keyword:M4,0,0,0,0,,,CANDIDATE_ONLY,P5-T02 geometry/parts comparison
1599,P5T01-C01425,data/rf016/Models/WEAPONS/QV-M4A1_Silencer_DMZ_KFC_R_M.LTB,model,25,a9e62e95d22d739efc4f25dbceb7ab6af85c17c42f97bb768ba64c559f28fe72,keyword:M4,0,0,0,0,,,CANDIDATE_ONLY,P5-T02 geometry/parts comparison
1600,P5T01-C01426,data/rf016/Models/WEAPONS/QV-M4A1_Silencer_DMZ_M.LTB,model,25,947606c2b0ae184fb1739d7ed2597eb39dadde00268a298b7f548395795a674c,keyword:M4,0,0,0,0,,,CANDIDATE_ONLY,P5-T02 geometry/parts comparison
1601,P5T01-C01427,data/rf016/Models/WEAPONS/QV-M4A1_Silencer_DMZ_R_F.LTB,model,25,5be6769d6b24790cd71d09bd955746f313b71838916fda85b50a838b77cd79ad,keyword:M4,0,0,0,0,,,CANDIDATE_ONLY,P5-T02 geometry/parts comparison
1602,P5T01-C01428,data/rf016/Models/WEAPONS/QV-M4A1_Silencer_DMZ_R_M.LTB,model,25,d6171ede41bc41a5bf0eabd5a6205c0f57a1f73151eabddf0f842af5246de441,keyword:M4,0,0,0,0,,,CANDIDATE_ONLY,P5-T02 geometry/parts comparison
1603,P5T01-C01429,data/rf016/Models/WEAPONS/QV-M4A1_Silencer_DMZ_preview.LTB,model,25,a6ae5c8076b7e8b3c6fd43b7ed5036e90245bc75b6f8f5f15a7f6d700dc416e9,keyword:M4,0,0,0,0,,,CANDIDATE_ONLY,P5-T02 geometry/parts comparison
1604,P5T01-C01438,data/rf016/Models/WEAPONS/QV-M4A1_Silencer_preview.LTB,model,25,fa964a123ab8a364a981403b19b3acd58fd95c4759a5565e1e294bbebf0a088a,keyword:M4,0,0,0,0,,,CANDIDATE_ONLY,P5-T02 geometry/parts comparison
1605,P5T01-C01439,data/rf016/Models/WEAPONS/QV-M4A1_XS_RoyalDragon2_F.LTB,model,25,abf14aa60812d303fc83cbf8a20579cc3720e575fde50444896e20cd1360759d,keyword:M4,0,0,0,0,,,CANDIDATE_ONLY,P5-T02 geometry/parts comparison
1606,P5T01-C01440,data/rf016/Models/WEAPONS/QV-M4A1_XS_RoyalDragon2_M.LTB,model,25,bf034c735083dba8af9b7aaad6d541aecdfd624480d9d79d49b5afcd9fe8e306,keyword:M4,0,0,0,0,,,CANDIDATE_ONLY,P5-T02 geometry/parts comparison
1607,P5T01-C01441,data/rf016/Models/WEAPONS/QV-M4A1_XS_RoyalDragon2_preview.LTB,model,25,7eff60656db2cc83dcffa350f69ce59c94cd007c46c36d111405a2844cc78702,keyword:M4,0,0,0,0,,,CANDIDATE_ONLY,P5-T02 geometry/parts comparison
1608,P5T01-C01442,data/rf016/Models/WEAPONS/QV-M4A1_XS_RoyalDragon4_F.LTB,model,25,19faf220afe84d50cad01193f040b458772a24f6e5669d4b0687eb43c0450a5c,keyword:M4,0,0,0,0,,,CANDIDATE_ONLY,P5-T02 geometry/parts comparison
1609,P5T01-C01443,data/rf016/Models/WEAPONS/QV-M4A1_XS_RoyalDragon4_M.LTB,model,25,e419310918f45642fde62e735f22bd03a4adef96013ae5cbab9c7f991e40e1d0,keyword:M4,0,0,0,0,,,CANDIDATE_ONLY,P5-T02 geometry/parts comparison
1610,P5T01-C01444,data/rf016/Models/WEAPONS/QV-M4A1_XS_RoyalDragon6.LTB,model,25,16302a66b7be9ccd1eef4cec27b4b0dec146114f805276f91c06ed4c5573da66,keyword:M4,0,0,0,0,,,CANDIDATE_ONLY,P5-T02 geometry/parts comparison
1611,P5T01-C01445,data/rf016/Models/WEAPONS/QV-M4A1_colorcustom.LTB,model,25,1a8dd03c2da3d46b3c8e00b694d1f2d4147f502d8ba2602c479c8d4fecddd8f2,keyword:M4,0,0,0,0,,,CANDIDATE_ONLY,P5-T02 geometry/parts comparison
1612,P5T01-C01446,data/rf016/Models/WEAPONS/QV-M4A1_colorcustom_Preview.LTB,model,25,5d364f930734fdda2ea173ee4d26d6510f551a79b2d11975ae14785c51ee0a67,keyword:M4,0,0,0,0,,,CANDIDATE_ONLY,P5-T02 geometry/parts comparison
1613,P5T01-C01447,data/rf016/Models/WEAPONS/QV-M4A1_phoenix_F.LTB,model,25,38003115a047fe65b8d57d78a36104c03c6891cf056b2c5782529a935b87c560,keyword:M4,0,0,0,0,,,CANDIDATE_ONLY,P5-T02 geometry/parts comparison
1614,P5T01-C01448,data/rf016/Models/WEAPONS/QV-M4A1_phoenix_M.LTB,model,25,07a705b080cf35c07829d4f466c82f23c3ca65a4030875220bdc77fb3fac10cc,keyword:M4,0,0,0,0,,,CANDIDATE_ONLY,P5-T02 geometry/parts comparison
1615,P5T01-C01449,data/rf016/Models/WEAPONS/QV-M4A1_phoenix_preview.LTB,model,25,8cefacadc56e6f46a9ab7211e97a73a6e5d758d8826e5814ca5f440013387a18,keyword:M4,0,0,0,0,,,CANDIDATE_ONLY,P5-T02 geometry/parts comparison
1616,P5T01-C01450,data/rf016/Models/WEAPONS/QV-M4A1_preview.LTB,model,25,dfa873af63b733acd2e3059d6dbef6e3e24bda7bbc48cef13a14f9a1004e8159,keyword:M4,0,0,0,0,,,CANDIDATE_ONLY,P5-T02 geometry/parts comparison
1617,P5T01-C01451,data/rf016/Models/WEAPONS/QV-M4A1_silencer_QT.LTB,model,25,0dba6702ee1a01f5c85b12690f306b588bdd2be510c6956f2bf1e5611bce046f,keyword:M4,0,0,0,0,,,CANDIDATE_ONLY,P5-T02 geometry/parts comparison
1618,P5T01-C01452,data/rf016/Models/WEAPONS/QV-M4A1_wcg2011.LTB,model,25,0e9eb33e4db5f7b1522e3b975512aae781bcd0248a99b884559795b42d4a70c5,keyword:M4,0,0,0,0,,,CANDIDATE_ONLY,P5-T02 geometry/parts comparison
1619,P5T01-C01457,data/rf016/Models/WEAPONS/QV-M4a1_S_knife_F.LTB,model,25,6716d3d468c69915935621eba245f0f1c1a9d2117a6b49b0342f1eb728f7184d,keyword:M4,0,0,0,0,,,CANDIDATE_ONLY,P5-T02 geometry/parts comparison
1620,P5T01-C01458,data/rf016/Models/WEAPONS/QV-M4a1_S_knife_M.LTB,model,25,846e0c432f39a7d34a84f9fc17e295702f4faa03d178a67390c4963e8ca6d92e,keyword:M4,0,0,0,0,,,CANDIDATE_ONLY,P5-T02 geometry/parts comparison
1621,P5T01-C01460,data/rf016/Models/WEAPONS/QV-MOS_GR_M4A1_Ares.LTB,model,25,f1c60bc2c8715b25b9d21305a2e72937bbebf23ad0915076a634d6faed2e6a8d,keyword:M4,0,0,0,0,,,CANDIDATE_ONLY,P5-T02 geometry/parts comparison
1622,P5T01-C01461,data/rf016/Models/WEAPONS/QV-MOS_M4A1.LTB,model,25,e72a957b915e8039e3461be8b1f0867248a7de71d21e49d539edc3ebd0d66290,keyword:M4,0,0,0,0,,,CANDIDATE_ONLY,P5-T02 geometry/parts comparison
1623,P5T01-C01463,data/rf016/Models/WEAPONS/QV-RI_M4A1-S_Bandage.LTB,model,25,9f7168f834e2f007b133f5db42a84d5840adc1e2d6ffc10dbb9f0efb188eaa3d,keyword:M4,0,0,0,0,,,CANDIDATE_ONLY,P5-T02 geometry/parts comparison
1624,P5T01-C01464,data/rf016/Models/WEAPONS/QV-RI_M4A1-X_Gold_Silencer.LTB,model,25,26c3b2be089684e329c8b8badd8232a541ae7ab6eb46bdbbdada96932f1313f6,keyword:M4,0,0,0,0,,,CANDIDATE_ONLY,P5-T02 geometry/parts comparison
1625,P5T01-C01465,data/rf016/Models/WEAPONS/QV-RI_M4a1-X.LTB,model,25,d8b08fe08261055fa3478f1499bcedee4b6cadaaef886a73ed61688b007091df,keyword:M4,0,0,0,0,,,CANDIDATE_ONLY,P5-T02 geometry/parts comparison
1626,P5T01-C01466,data/rf016/Models/WEAPONS/QV-SWAT_GR_Elite_M4A1_BC.LTB,model,25,d3438fffd2ead38feacacfe9c4915db4cfdad8e5f056b7d2e7cfc8642055e675,keyword:M4,0,0,0,0,,,CANDIDATE_ONLY,P5-T02 geometry/parts comparison
1627,P5T01-C01467,data/rf016/Models/WEAPONS/QV-SWAT_GR_M4A1.LTB,model,25,835d92b951250662e7ff4b26db8565e1f4650519a2eab2fd7bc438a5b12bafae,keyword:M4,0,0,0,0,,,CANDIDATE_ONLY,P5-T02 geometry/parts comparison
1628,P5T01-C01470,data/rf016/Models/WEAPONS/QV-TigerRifle_Ares_M4A1_F.LTB,model,25,452a98775992831c88a199774f5fcd8b1d86d233a75517c32cecfb087b7bc33c,keyword:M4,0,0,0,0,,,CANDIDATE_ONLY,P5-T02 geometry/parts comparison
1629,P5T01-C01471,data/rf016/Models/WEAPONS/QV-TigerRifle_Ares_M4A1_M.LTB,model,25,c458ae8151c6c29758764e71040bc926dc6e407baad4dbc0d7834caab76d4b86,keyword:M4,0,0,0,0,,,CANDIDATE_ONLY,P5-T02 geometry/parts comparison
1630,P5T01-C01472,data/rf016/Models/WEAPONS/QV-TigerRifle_Ares_M4A1_NW.LTB,model,25,1b249b30e1bfedd1a51370c87fbaba70104156978f84251c9b28f9ada3306f68,keyword:M4,0,0,0,0,,,CANDIDATE_ONLY,P5-T02 geometry/parts comparison
1631,P5T01-C01473,data/rf016/Models/WEAPONS/QV-m4a1_silver_lyto.LTB,model,25,a358b19cee6888fb8953e1eed0282d86bf1578e91a42da7266eb1b89fcf9d416,keyword:M4,0,0,0,0,,,CANDIDATE_ONLY,P5-T02 geometry/parts comparison
1632,P5T01-C01486,data/rf017/ModelTextures/AlphaMap/M4A1_S_Jewelry01_alpha.TGA,texture,25,4bdafe614ee5576d483efd268bfbe590833f1f15928d3c8b0a521241219c78db,keyword:M4,0,0,0,0,,,CANDIDATE_ONLY,P5-T02 atlas/UV comparison
1633,P5T01-C01487,data/rf017/ModelTextures/AlphaMap/M4A1_S_Jewelry_alpha.TGA,texture,25,291850f4f85efcb4b2ef04211c9ba7039263a2d5ddb15b0b4ed0784ed8bcc8cf,keyword:M4,0,0,0,0,,,CANDIDATE_ONLY,P5-T02 atlas/UV comparison
1634,P5T01-C01491,data/rf017/ModelTextures/AlphaMap/M4A1_S_Transformers_Alpha.TGA,texture,25,261b2adf7fe470fd2e06fcad3d16f438720d3d4166abc81ea37abe7758c40c2c,keyword:M4,0,0,0,0,,,CANDIDATE_ONLY,P5-T02 atlas/UV comparison
1635,P5T01-C01522,data/rf017/ModelTextures/NormalMap/M4A1_S_Jewelry01_N.TGA,texture,25,d2d54acfce73547685c43f9f90c5fc4ac9d4ccfa1fb66a650ddc9d193ce0a931,keyword:M4,0,0,0,0,,,CANDIDATE_ONLY,P5-T02 atlas/UV comparison
1636,P5T01-C01523,data/rf017/ModelTextures/NormalMap/M4A1_S_Jewelry_N.TGA,texture,25,20dc88dc178276cd8d391c57f17f720d6ecb098afc97e2ecd4ca55b2294f0195,keyword:M4,0,0,0,0,,,CANDIDATE_ONLY,P5-T02 atlas/UV comparison
1637,P5T01-C01525,data/rf017/ModelTextures/NormalMap/M4A1_S_Transformers_N.TGA,texture,25,4a06a775b87e7046fe09b52578396e1563d0dff4f71e0d898c62762e300504cc,keyword:M4,0,0,0,0,,,CANDIDATE_ONLY,P5-T02 atlas/UV comparison
1638,P5T01-C01570,data/rf017/ModelTextures/PLAYERVIEW/PV-M4A1_S_Jewelry.DTX,texture,25,7b46bcb643fd7ac0f3a5613e2504808a8eee9b455bb3ac160dba910e721f6e64,keyword:M4,0,0,0,0,,,CANDIDATE_ONLY,P5-T02 atlas/UV comparison
1639,P5T01-C01571,data/rf017/ModelTextures/PLAYERVIEW/PV-M4A1_S_Jewelry_01.DTX,texture,25,db38bd9615bf9c989fc8ac7ae5343a81dabb38f61f47b36e96ca8f82cc58faee,keyword:M4,0,0,0,0,,,CANDIDATE_ONLY,P5-T02 atlas/UV comparison
1640,P5T01-C01575,data/rf017/ModelTextures/PLAYERVIEW/PV-M4A1_S_Transformers.DTX,texture,25,eb11343c9c4fe1bc3abcc41130c17e581bdb3ead12ff817fa06f7446bdd2f7b8,keyword:M4,0,0,0,0,,,CANDIDATE_ONLY,P5-T02 atlas/UV comparison
1641,P5T01-C01648,data/rf017/ModelTextures/Shader/WeaponShader/M4A1_S_Jewelry.CFG,shader,25,e8aa3c5e48208d6add42038c09551e74e397712b022cb6b099b2e2c34fc0209f,keyword:M4,0,0,0,0,,,CANDIDATE_ONLY,P5-T03 material graph closure
1642,P5T01-C01652,data/rf017/ModelTextures/Shader/WeaponShader/M4A1_S_Transformers.CFG,shader,25,f53e0ea00fa3677dd77acf77570ab1ddf7944410db41e11e1d103592dea3940d,keyword:M4,0,0,0,0,,,CANDIDATE_ONLY,P5-T03 material graph closure
1643,P5T01-C01680,data/rf017/ModelTextures/SpecularMap/M4A1_S_Jewelry01_S.TGA,texture,25,156f4e2cee1102bae42a2492eee87b4b4d5b0a80a73320c2813f63e39efff16d,keyword:M4,0,0,0,0,,,CANDIDATE_ONLY,P5-T02 atlas/UV comparison
1644,P5T01-C01681,data/rf017/ModelTextures/SpecularMap/M4A1_S_Jewelry_S.TGA,texture,25,b0354443ed29d5c89cb486d3161031d4319347eac3b27efe57bd8f8f4e66a2d6,keyword:M4,0,0,0,0,,,CANDIDATE_ONLY,P5-T02 atlas/UV comparison
1645,P5T01-C01686,data/rf017/ModelTextures/SpecularMap/M4A1_S_Transformers_S.TGA,texture,25,af6589df59929072d1833690bfeb7c46b21996079305f58a1ca599c56c176b5f,keyword:M4,0,0,0,0,,,CANDIDATE_ONLY,P5-T02 atlas/UV comparison
1646,P5T01-C01735,data/rf017/ModelTextures/WEAPONS/QV-M4A1_S_Jewelry.DTX,texture,25,607736cbc1d6d72e56916a0e1019a4e827e45c71f2b9c86d9ce236e013e01455,keyword:M4,0,0,0,0,,,CANDIDATE_ONLY,P5-T02 atlas/UV comparison
1647,P5T01-C01741,data/rf017/ModelTextures/WEAPONS/QV-M4A1_S_Transformers.DTX,texture,25,6651dd76f0883dde96afbaba9dec22ba8d00241f23f78506c713da6497c3adc5,keyword:M4,0,0,0,0,,,CANDIDATE_ONLY,P5-T02 atlas/UV comparison
1648,P5T01-C01813,data/rf018/SND/WEAPON/M4A1-S-Jewelry/M4A1-S-Jewelry_ClipIn.WAV,sound,25,bad443d26998c7f5f6609cae45368380409554ae2464b69456410e7f0319c196,keyword:M4,0,0,0,0,,,CANDIDATE_ONLY,P5-T03 same-variant association
1649,P5T01-C01814,data/rf018/SND/WEAPON/M4A1-S-Jewelry/M4A1-S-Jewelry_ClipOut.WAV,sound,25,13ea2d2853ede0580b4b4bd0cac031b1a46b9a36f4a32be50ad9a9f8c9c3fc0f,keyword:M4,0,0,0,0,,,CANDIDATE_ONLY,P5-T03 same-variant association
1650,P5T01-C01815,data/rf018/SND/WEAPON/M4A1-S-Jewelry/M4A1-S-Jewelry_Relaod.WAV,sound,25,3c7a57e2d2d36d78342d96e09f6332d04e49b27e6911549a0592fcb218461b08,keyword:M4,0,0,0,0,,,CANDIDATE_ONLY,P5-T03 same-variant association
1651,P5T01-C01816,data/rf018/SND/WEAPON/M4A1-S-Jewelry/M4A1-S-Jewelry_Reload_Doll.WAV,sound,25,9106d04790534b20a7191453900ee9032659974ee0c7b5fb6840281f443ff3bf,keyword:M4,0,0,0,0,,,CANDIDATE_ONLY,P5-T03 same-variant association
1652,P5T01-C01817,data/rf018/SND/WEAPON/M4A1-S-Jewelry/M4A1-S-Jewelry_Select_Doll.WAV,sound,25,c73d54724608ce923fd2114d0cc3351ea5a5c60ded482502ac02fa3a04d2a1ae,keyword:M4,0,0,0,0,,,CANDIDATE_ONLY,P5-T03 same-variant association
1653,P5T01-C02035,data/rf019/TEX/UI/AMMOICON/M4A1_S_Jewelry_BG.DTX,texture,25,e8ab906d0e658ed5fc45801a9fc6427e02250e16864984afe516252324be27ed,keyword:M4,0,0,0,0,,,CANDIDATE_ONLY,P5-T02 atlas/UV comparison
1654,P5T01-C02036,data/rf019/TEX/UI/AMMOICON/M4A1_S_Jewelry_EFFECT.DTX,texture,25,ae338f4c719f9aa2c14a762c4c57f1501d1015cf0f8d3f5bf41c75c2cb7f643f,keyword:M4,0,0,0,0,,,CANDIDATE_ONLY,P5-T02 atlas/UV comparison
1655,P5T01-C02037,data/rf019/TEX/UI/AMMOICON/M4A1_S_Jewelry_LINE.DTX,texture,25,c20383df3c96ce66172fcd4f3a226c0833421ccecf3a21b5d519fc97f5f922c2,keyword:M4,0,0,0,0,,,CANDIDATE_ONLY,P5-T02 atlas/UV comparison
1656,P5T01-C02050,data/rf019/TEX/UI/AMMOICON/M4A1_S_Transformers_BG.DTX,texture,25,894215ac2abe165e246eee4f2e00c39db585006ede95b7360f92a8139eb0dd83,keyword:M4,0,0,0,0,,,CANDIDATE_ONLY,P5-T02 atlas/UV comparison
1657,P5T01-C02051,data/rf019/TEX/UI/AMMOICON/M4A1_S_Transformers_EFFECT.DTX,texture,25,12489adda4bc1ffe1049e390a847a4b6cec5ccf8927ef59e7a6acf1aa242c6b4,keyword:M4,0,0,0,0,,,CANDIDATE_ONLY,P5-T02 atlas/UV comparison
1658,P5T01-C02052,data/rf019/TEX/UI/AMMOICON/M4A1_S_Transformers_LINE.DTX,texture,25,b306469d1d64fee8cb98edba80158828d32c737e1befeda4e750bc703d9951c9,keyword:M4,0,0,0,0,,,CANDIDATE_ONLY,P5-T02 atlas/UV comparison
1659,P5T01-C02149,data/rf019/TEX/UI/KILLMSG/SHOT_WEAPON_M4A1_S_Jewelry.DTX,texture,25,a71b2b1825d14e6fc12323e9c75b7873a474f0a989b04fe2ec7e4977cb39af48,keyword:M4,0,0,0,0,,,CANDIDATE_ONLY,P5-T02 atlas/UV comparison
1660,P5T01-C02150,data/rf019/TEX/UI/KILLMSG/SHOT_WEAPON_M4A1_S_Jewelry_KNIFE.DTX,texture,25,45f864dcfa239aaca2a0ed94b531de16fe3695e229fecf34729f7f1ee8ccf1f5,keyword:M4,0,0,0,0,,,CANDIDATE_ONLY,P5-T02 atlas/UV comparison
1661,P5T01-C02155,data/rf019/TEX/UI/KILLMSG/SHOT_WEAPON_M4A1_S_Transformers.DTX,texture,25,ff988242a1ddd782305e67d96f3789ea21f6a71069d0b33af0dfe214954e57e1,keyword:M4,0,0,0,0,,,CANDIDATE_ONLY,P5-T02 atlas/UV comparison
1662,P5T01-C02156,data/rf019/TEX/UI/KILLMSG/SHOT_WEAPON_M4A1_S_Transformers_knife.DTX,texture,25,22fa6409d35e872c3cf80650158c2d95cb2cb6615060db66b568d5575cefca49,keyword:M4,0,0,0,0,,,CANDIDATE_ONLY,P5-T02 atlas/UV comparison
1663,P5T01-C02224,data/rf019/TEX/UI/WEAPONICON/BUYWEAPON_INFO_M4A1_S_Jewelry.DTX,texture,25,40aeeb91eb595455488c90e1a38401c2d556fbf2b76630419238534a3cee82ed,keyword:M4,0,0,0,0,,,CANDIDATE_ONLY,P5-T02 atlas/UV comparison
1664,P5T01-C02229,data/rf019/TEX/UI/WEAPONICON/BUYWEAPON_INFO_M4A1_S_Transformers.DTX,texture,25,380439a5d04867870c659e36d510064b86208700882c312951745519e521fb89,keyword:M4,0,0,0,0,,,CANDIDATE_ONLY,P5-T02 atlas/UV comparison
1665,P5T01-C02276,data/rf019/TEX/UI/WEAPONICON/WEAPON_SELECT_M4A1_S_Jewelry_KNIFE.DTX,texture,25,ebcbe43dfb4746b80bc5c48b30a23afc42816d4deedb7f2f26a0e11e2aca83f6,keyword:M4,0,0,0,0,,,CANDIDATE_ONLY,P5-T02 atlas/UV comparison
1666,P5T01-C02279,data/rf019/TEX/UI/WEAPONICON/WEAPON_SELECT_M4A1_S_Transformers_KNIFE.DTX,texture,25,237ef0d5643b24c3c5695412910fb5350a4675f3a38133a31a07ade8d1e13c97,keyword:M4,0,0,0,0,,,CANDIDATE_ONLY,P5-T02 atlas/UV comparison
1667,P5T01-C02488,data/rf192/UI/UI_Shop2/NobleGoldName/M4A1_S_Jewelry_NobleGold/Name.BIN,config,25,d9181286c038a4854856f581af12b94bac8da1af2a26ef66363a3600cab8053b,keyword:M4,0,0,0,0,,,CANDIDATE_ONLY,P5-T03 resource graph closure
1668,P5T01-C02489,data/rf192/UI/UI_Shop2/NobleGoldName/M4A1_S_Jewelry_NobleGold/NewName.BIN,config,25,e4009b38bf94189c62c80cc475f7226c99693c6028c7fc1f48aa35aac680145f,keyword:M4,0,0,0,0,,,CANDIDATE_ONLY,P5-T03 resource graph closure
1669,P5T01-C02667,data/rf192/UI/UI_Shop2/VVIP/SpriteImage/Effect/SGFX_sh_vvip_M4A1_S_Jewelry_ch_type04/SGFX_sh_vvip_M4A1_S_Jewelry_ch_type04_01.BIN,config,25,5280c9b6b0dc68754a993be8e3f02252ecd76615e22e818c364fd3c4aad343f0,keyword:M4,0,0,0,0,,,CANDIDATE_ONLY,P5-T03 resource graph closure
1670,P5T01-C02668,data/rf192/UI/UI_Shop2/VVIP/SpriteImage/Effect/SGFX_sh_vvip_M4A1_S_Jewelry_ch_type04/SGFX_sh_vvip_M4A1_S_Jewelry_ch_type04_02.BIN,config,25,f38235bdd1fbf49aa848cfec17b397f58877c12e985d62948a71ca48172980a2,keyword:M4,0,0,0,0,,,CANDIDATE_ONLY,P5-T03 resource graph closure
1671,P5T01-C02669,data/rf192/UI/UI_Shop2/VVIP/SpriteImage/Effect/SGFX_sh_vvip_M4A1_S_Jewelry_ch_type04/SGFX_sh_vvip_M4A1_S_Jewelry_ch_type04_03.BIN,config,25,d57a4b87e3a5b2cd06c5f5139c900d51454de7ebdc79c983219c4b8fae7c3bd7,keyword:M4,0,0,0,0,,,CANDIDATE_ONLY,P5-T03 resource graph closure
1672,P5T01-C02670,data/rf192/UI/UI_Shop2/VVIP/SpriteImage/Effect/SGFX_sh_vvip_M4A1_S_Jewelry_ch_type04/SGFX_sh_vvip_M4A1_S_Jewelry_ch_type04_04.BIN,config,25,879d837714f0ee97b5f84c3598d764df9138c2cc0cd257c59792c991e5f7ece1,keyword:M4,0,0,0,0,,,CANDIDATE_ONLY,P5-T03 resource graph closure
1673,P5T01-C02671,data/rf192/UI/UI_Shop2/VVIP/SpriteImage/Effect/SGFX_sh_vvip_M4A1_S_Jewelry_ch_type04/SGFX_sh_vvip_M4A1_S_Jewelry_ch_type04_05.BIN,config,25,863d1cde79584063b107cac64446aff27d8854b8f9b6c136c263b1fe549d67ef,keyword:M4,0,0,0,0,,,CANDIDATE_ONLY,P5-T03 resource graph closure
1674,P5T01-C02672,data/rf192/UI/UI_Shop2/VVIP/SpriteImage/Effect/SGFX_sh_vvip_M4A1_S_Jewelry_ch_type04/SGFX_sh_vvip_M4A1_S_Jewelry_ch_type04_06.BIN,config,25,4e65d9aa1f7e0627fd022584917eb696a8b5b2ebecae38a91b546dcc3569e46a,keyword:M4,0,0,0,0,,,CANDIDATE_ONLY,P5-T03 resource graph closure
1675,P5T01-C02673,data/rf192/UI/UI_Shop2/VVIP/SpriteImage/Effect/SGFX_sh_vvip_M4A1_S_Jewelry_ch_type04/SGFX_sh_vvip_M4A1_S_Jewelry_ch_type04_07.BIN,config,25,9f8894d8a32044534fb8e4d81df5e2f2c672ccff5c181858b4592e6d6f65229b,keyword:M4,0,0,0,0,,,CANDIDATE_ONLY,P5-T03 resource graph closure
1676,P5T01-C02674,data/rf192/UI/UI_Shop2/VVIP/SpriteImage/Effect/SGFX_sh_vvip_M4A1_S_Jewelry_ch_type04/SGFX_sh_vvip_M4A1_S_Jewelry_ch_type04_08.BIN,config,25,41d3ced26c54814f27137a207e7eb087513c954636f2610a365848cb697dcf93,keyword:M4,0,0,0,0,,,CANDIDATE_ONLY,P5-T03 resource graph closure
1677,P5T01-C02675,data/rf192/UI/UI_Shop2/VVIP/SpriteImage/Effect/SGFX_sh_vvip_M4A1_S_Jewelry_ch_type04/SGFX_sh_vvip_M4A1_S_Jewelry_ch_type04_09.BIN,config,25,dcd7c308bb83a6084ec17b8a1158ead572a3c389d43d8c06a69aab37be7bf1df,keyword:M4,0,0,0,0,,,CANDIDATE_ONLY,P5-T03 resource graph closure
1678,P5T01-C02676,data/rf192/UI/UI_Shop2/VVIP/SpriteImage/Effect/SGFX_sh_vvip_M4A1_S_Jewelry_ch_type04/SGFX_sh_vvip_M4A1_S_Jewelry_ch_type04_10.BIN,config,25,ef103bacb1a161afee6b3d9a6b2c639efbd3e51abe0ba23b66b4d13b398c1385,keyword:M4,0,0,0,0,,,CANDIDATE_ONLY,P5-T03 resource graph closure
1679,P5T01-C02677,data/rf192/UI/UI_Shop2/VVIP/SpriteImage/Effect/SGFX_sh_vvip_M4A1_S_Jewelry_ch_type04/SGFX_sh_vvip_M4A1_S_Jewelry_ch_type04_11.BIN,config,25,466cbc71093823e1ade9f9eff3443ad45f0b3ca172b940d1e231e567c99ebabd,keyword:M4,0,0,0,0,,,CANDIDATE_ONLY,P5-T03 resource graph closure
1680,P5T01-C02678,data/rf192/UI/UI_Shop2/VVIP/SpriteImage/Effect/SGFX_sh_vvip_M4A1_S_Jewelry_ch_type04/SGFX_sh_vvip_M4A1_S_Jewelry_ch_type04_12.BIN,config,25,110e8b5184c8fbdc05fca966a5a822860d52d54adbcab5c8a31eafad22a78321,keyword:M4,0,0,0,0,,,CANDIDATE_ONLY,P5-T03 resource graph closure
1681,P5T01-C02679,data/rf192/UI/UI_Shop2/VVIP/SpriteImage/Effect/SGFX_sh_vvip_M4A1_S_Jewelry_ch_type04/SGFX_sh_vvip_M4A1_S_Jewelry_ch_type04_13.BIN,config,25,c74727a2c7b7ee86c9c616a7d141489a59d078fa7af783d4f53e51d71eb4ccbc,keyword:M4,0,0,0,0,,,CANDIDATE_ONLY,P5-T03 resource graph closure
1682,P5T01-C02680,data/rf192/UI/UI_Shop2/VVIP/SpriteImage/Effect/SGFX_sh_vvip_M4A1_S_Jewelry_ch_type04/SGFX_sh_vvip_M4A1_S_Jewelry_ch_type04_14.BIN,config,25,c63b1a726d71f690ec0a069871fa5104c857e46178b7e4acc4c5a29f99552b3d,keyword:M4,0,0,0,0,,,CANDIDATE_ONLY,P5-T03 resource graph closure
1683,P5T01-C02681,data/rf192/UI/UI_Shop2/VVIP/SpriteImage/Effect/SGFX_sh_vvip_M4A1_S_Jewelry_ch_type04/SGFX_sh_vvip_M4A1_S_Jewelry_ch_type04_15.BIN,config,25,c63b1a726d71f690ec0a069871fa5104c857e46178b7e4acc4c5a29f99552b3d,keyword:M4,0,0,0,0,,,CANDIDATE_ONLY,P5-T03 resource graph closure
1684,P5T01-C02770,data/rf192/UI/UI_ShopRenewal/VVIPSkin/Name/M4A1_S_Transformers_21WC/NewName.BIN,config,25,e268f44a018ade48fedf0fa246241c42d940d62b68a06c111ba19eff58084800,keyword:M4,0,0,0,0,,,CANDIDATE_ONLY,P5-T03 resource graph closure
1685,P5T01-C02771,data/rf192/UI/UI_ShopRenewal/VVIPSkin/Name/M4A1_S_Transformers_BJBattle/NewName.BIN,config,25,7ba4ffa6df1caed1a8b35c27cd17e893172a49c9c290a0f069b950382f2ea79d,keyword:M4,0,0,0,0,,,CANDIDATE_ONLY,P5-T03 resource graph closure
1686,P5T01-C02772,data/rf192/UI/UI_ShopRenewal/VVIPSkin/Name/M4A1_S_Transformers_CF15th/NewName.BIN,config,25,b5aa99d41c0f7077e2123503af1afade49b6675e157cf0bc6d2f05a1033feaa7,keyword:M4,0,0,0,0,,,CANDIDATE_ONLY,P5-T03 resource graph closure
1687,P5T01-C02773,data/rf192/UI/UI_ShopRenewal/VVIPSkin/Name/M4A1_S_Transformers_CFPL10TH/NewName.BIN,config,25,125dc8955a91a1e2db8a88dce8b1dea22f6a9defdbd89d9b1b6aaecaf584af76,keyword:M4,0,0,0,0,,,CANDIDATE_ONLY,P5-T03 resource graph closure
1688,P5T01-C02774,data/rf192/UI/UI_ShopRenewal/VVIPSkin/Name/M4A1_S_Transformers_CFPL_LGD/NewName.BIN,config,25,ed03c0526d431183e8eb4a569960124de47c51918eb6d2fd48a61ef93fe994c9,keyword:M4,0,0,0,0,,,CANDIDATE_ONLY,P5-T03 resource graph closure
1689,P5T01-C02775,data/rf192/UI/UI_ShopRenewal/VVIPSkin/Name/M4A1_S_Transformers_CFS10th/NewName.BIN,config,25,fdc6ef583759bda93daa5e00bb83691303a31e4190ad6297650e420d36b7965a,keyword:M4,0,0,0,0,,,CANDIDATE_ONLY,P5-T03 resource graph closure
1690,P5T01-C02776,data/rf192/UI/UI_ShopRenewal/VVIPSkin/Name/M4A1_S_Transformers_CFS18/NewName.BIN,config,25,d17c59bf0491c2ce814dec745bba7072a4160153266db86f36890f2d564f9dfd,keyword:M4,0,0,0,0,,,CANDIDATE_ONLY,P5-T03 resource graph closure
1691,P5T01-C02777,data/rf192/UI/UI_ShopRenewal/VVIPSkin/Name/M4A1_S_Transformers_CFS19/NewName.BIN,config,25,66764341c154bc422aa6c6b298d809d87ae91df3e92e4b69e1b4f637fe8d7450,keyword:M4,0,0,0,0,,,CANDIDATE_ONLY,P5-T03 resource graph closure
1692,P5T01-C02778,data/rf192/UI/UI_ShopRenewal/VVIPSkin/Name/M4A1_S_Transformers_Champion/NewName.BIN,config,25,5e3328018befbd164fae15efa35443d36a84fae49ef2b25029574699eef5bd35,keyword:M4,0,0,0,0,,,CANDIDATE_ONLY,P5-T03 resource graph closure
1693,P5T01-C02779,data/rf192/UI/UI_ShopRenewal/VVIPSkin/Name/M4A1_S_Transformers_DOUYU/NewName.BIN,config,25,8fbe0d2816013a066fb72f50354c4843e4be0a650adca6e8989e4d054dae0572,keyword:M4,0,0,0,0,,,CANDIDATE_ONLY,P5-T03 resource graph closure
1694,P5T01-C02780,data/rf192/UI/UI_ShopRenewal/VVIPSkin/Name/M4A1_S_Transformers_DS/NewName.BIN,config,25,a9baabbba7a9f2e3609bdecb7bc131c7d5420e2d6df7756779b7a3a8467256a5,keyword:M4,0,0,0,0,,,CANDIDATE_ONLY,P5-T03 resource graph closure
1695,P5T01-C02781,data/rf192/UI/UI_ShopRenewal/VVIPSkin/Name/M4A1_S_Transformers_Dihu/NewName.BIN,config,25,10cb2110ce315fce5660fb68407161ba1e82d26cd08a35de4f0dbd1cd30d206b,keyword:M4,0,0,0,0,,,CANDIDATE_ONLY,P5-T03 resource graph closure
1696,P5T01-C02782,data/rf192/UI/UI_ShopRenewal/VVIPSkin/Name/M4A1_S_Transformers_Dsc/NewName.BIN,config,25,659893e919e16f45a06629ee67f6b50604d4023ec8c3698a3676914410b4f4c3,keyword:M4,0,0,0,0,,,CANDIDATE_ONLY,P5-T03 resource graph closure
1697,P5T01-C02783,data/rf192/UI/UI_ShopRenewal/VVIPSkin/Name/M4A1_S_Transformers_EMP/NewName.BIN,config,25,4104bae4f60a11c581c3f1e69220d44be7fc9680cd53f26c98d933c9003443e4,keyword:M4,0,0,0,0,,,CANDIDATE_ONLY,P5-T03 resource graph closure
1698,P5T01-C02784,data/rf192/UI/UI_ShopRenewal/VVIPSkin/Name/M4A1_S_Transformers_Goldish/NewName.BIN,config,25,f2a07be21ebc1682480e394ee865ada40d91377006deb4d2cb43fa8faedabe60,keyword:M4,0,0,0,0,,,CANDIDATE_ONLY,P5-T03 resource graph closure
1699,P5T01-C02785,data/rf192/UI/UI_ShopRenewal/VVIPSkin/Name/M4A1_S_Transformers_HUBI/NewName.BIN,config,25,3b2d82c29786a8091e3ab0052f25ec921c7844f714e27943085db20b5293b833,keyword:M4,0,0,0,0,,,CANDIDATE_ONLY,P5-T03 resource graph closure
1700,P5T01-C02786,data/rf192/UI/UI_ShopRenewal/VVIPSkin/Name/M4A1_S_Transformers_HUYA/NewName.BIN,config,25,5e454b4aef054c21ded5996f7b2a145399ff6b22d8f71e58c86a3c8c80676f40,keyword:M4,0,0,0,0,,,CANDIDATE_ONLY,P5-T03 resource graph closure
1701,P5T01-C02787,data/rf192/UI/UI_ShopRenewal/VVIPSkin/Name/M4A1_S_Transformers_JJXT/NewName.BIN,config,25,40e88035352d3456d8d6258571ccee36a96437ba8070ede23907ac51e686771e,keyword:M4,0,0,0,0,,,CANDIDATE_ONLY,P5-T03 resource graph closure
1702,P5T01-C02788,data/rf192/UI/UI_ShopRenewal/VVIPSkin/Name/M4A1_S_Transformers_Limpid/NewName.BIN,config,25,55d8e26d80da0e83c493696ed0f3091353bd55474d7d0ce38db70e56d6b30e3b,keyword:M4,0,0,0,0,,,CANDIDATE_ONLY,P5-T03 resource graph closure
1703,P5T01-C02789,data/rf192/UI/UI_ShopRenewal/VVIPSkin/Name/M4A1_S_Transformers_MVP19/NewName.BIN,config,25,ef057a1ec991c80850c85c7a5b486605e8f9088072b8cae785126cee32d70e4b,keyword:M4,0,0,0,0,,,CANDIDATE_ONLY,P5-T03 resource graph closure
1704,P5T01-C02790,data/rf192/UI/UI_ShopRenewal/VVIPSkin/Name/M4A1_S_Transformers_N9/NewName.BIN,config,25,7d454b0ebd3d0fd2841a62d0c6dc0d2758c5b6a3981f9709a683805f9194269a,keyword:M4,0,0,0,0,,,CANDIDATE_ONLY,P5-T03 resource graph closure
1705,P5T01-C02791,data/rf192/UI/UI_ShopRenewal/VVIPSkin/Name/M4A1_S_Transformers_Prime/NewName.BIN,config,25,38204f6357c62e0273d30fa49caf8c882733f459cac90da6b455e98f9327ec25,keyword:M4,0,0,0,0,,,CANDIDATE_ONLY,P5-T03 resource graph closure
1706,P5T01-C02792,data/rf192/UI/UI_ShopRenewal/VVIPSkin/Name/M4A1_S_Transformers_Punk/NewName.BIN,config,25,c34101139bd9a7f6d9aeb6645a1a52ec62e98621384d87920c3a5ba00becc432,keyword:M4,0,0,0,0,,,CANDIDATE_ONLY,P5-T03 resource graph closure
1707,P5T01-C02793,data/rf192/UI/UI_ShopRenewal/VVIPSkin/Name/M4A1_S_Transformers_Srab/NewName.BIN,config,25,2af54724ebff1821dd5eb3d5676915d619451a2e30335921e0757b7b2fc3fb9c,keyword:M4,0,0,0,0,,,CANDIDATE_ONLY,P5-T03 resource graph closure
1708,P5T01-C02794,data/rf192/UI/UI_ShopRenewal/VVIPSkin/Name/M4A1_S_Transformers_Stellar/NewName.BIN,config,25,3cb07caa4cabc6df33ff61ea06dd56c0e6e583724a57c9b42e3929731b4a970e,keyword:M4,0,0,0,0,,,CANDIDATE_ONLY,P5-T03 resource graph closure
1709,P5T01-C02795,data/rf192/UI/UI_ShopRenewal/VVIPSkin/Name/M4A1_S_Transformers_Venus/NewName.BIN,config,25,9ec11435cba41524efbf2bd20647cd5c2e453eb818107d79753f34ddebe595f4,keyword:M4,0,0,0,0,,,CANDIDATE_ONLY,P5-T03 resource graph closure
1710,P5T01-C02796,data/rf192/UI/UI_ShopRenewal/VVIPSkin/Name/M4A1_S_Transformers_Versus/NewName.BIN,config,25,ae0ff52f35a909e937a188a63c418959f1fc747375fcb48334c11897f52f73e4,keyword:M4,0,0,0,0,,,CANDIDATE_ONLY,P5-T03 resource graph closure
1711,P5T01-C02797,data/rf192/UI/UI_ShopRenewal/VVIPSkin/Name/M4A1_S_Transformers_Virgo/NewName.BIN,config,25,45f543062dc580a59b57d466986fd1dfb188e9d324cfe857d7a8f36ef357d24f,keyword:M4,0,0,0,0,,,CANDIDATE_ONLY,P5-T03 resource graph closure
1712,P5T01-C02798,data/rf192/UI/UI_ShopRenewal/VVIPSkin/Name/M4A1_S_Transformers_YangJian/NewName.BIN,config,25,93a01f7fea63bbd6c3446326287aaf3472c73488dc259bc503c050cb20d8fb6f,keyword:M4,0,0,0,0,,,CANDIDATE_ONLY,P5-T03 resource graph closure
1713,P5T01-C02799,data/rf192/UI/UI_ShopRenewal/VVIPSkin/Name/M4A1_S_Transformers_ZhaoYun/NewName.BIN,config,25,9f04121ac9205a2c3d8265a9dc6d0b8a6853c982b7c2ff14a01876b522657bad,keyword:M4,0,0,0,0,,,CANDIDATE_ONLY,P5-T03 resource graph closure
1714,P5T01-C02822,data/rf192/UI/UI_ShopRenewal/VVIPSkin/WeaponIcon/M4A1_S_Transformers_21WC.BIN,config,25,f7dfaeb8851d2fc58a95657d2143b337055cc9c1ab4b5a5010e694c19abfd4d1,keyword:M4,0,0,0,0,,,CANDIDATE_ONLY,P5-T03 resource graph closure
1715,P5T01-C02823,data/rf192/UI/UI_ShopRenewal/VVIPSkin/WeaponIcon/M4A1_S_Transformers_BJBattle.BIN,config,25,1cdf738faeac9da212c8a90191d49fc481d9d55ecc39ae681e8901129cd9aca8,keyword:M4,0,0,0,0,,,CANDIDATE_ONLY,P5-T03 resource graph closure
1716,P5T01-C02824,data/rf192/UI/UI_ShopRenewal/VVIPSkin/WeaponIcon/M4A1_S_Transformers_CF15th.BIN,config,25,518f1103fe3783a5346230b4d186a720963a2aa1715aee66268c4b7c18405874,keyword:M4,0,0,0,0,,,CANDIDATE_ONLY,P5-T03 resource graph closure
1717,P5T01-C02825,data/rf192/UI/UI_ShopRenewal/VVIPSkin/WeaponIcon/M4A1_S_Transformers_CFPL10th.BIN,config,25,9c7bd31b3fa7d844fc51cfb5585280308a60977399d7b33c1c9742fe863347f0,keyword:M4,0,0,0,0,,,CANDIDATE_ONLY,P5-T03 resource graph closure
1718,P5T01-C02826,data/rf192/UI/UI_ShopRenewal/VVIPSkin/WeaponIcon/M4A1_S_Transformers_CFPL_LGD.BIN,config,25,f1e7aa401a2ffff8d31266682eed6ad450da9f26238aeb2aa675a85ca1ff107f,keyword:M4,0,0,0,0,,,CANDIDATE_ONLY,P5-T03 resource graph closure
1719,P5T01-C02827,data/rf192/UI/UI_ShopRenewal/VVIPSkin/WeaponIcon/M4A1_S_Transformers_CFS10th.BIN,config,25,85f4206be1fd3193bcb5cbb5d91c0bf105a423edd7ff7de96f88458175136426,keyword:M4,0,0,0,0,,,CANDIDATE_ONLY,P5-T03 resource graph closure
1720,P5T01-C02828,data/rf192/UI/UI_ShopRenewal/VVIPSkin/WeaponIcon/M4A1_S_Transformers_CFS18.BIN,config,25,5c178faa378f39bc2eecc1ebfb1f0b3056f89d4560d0c88151723058a7e2ae70,keyword:M4,0,0,0,0,,,CANDIDATE_ONLY,P5-T03 resource graph closure
1721,P5T01-C02829,data/rf192/UI/UI_ShopRenewal/VVIPSkin/WeaponIcon/M4A1_S_Transformers_CFS19.BIN,config,25,91de008da480809466b80bed930ab75118f5d8b18f31dab8cbbf5fd50b14e5e9,keyword:M4,0,0,0,0,,,CANDIDATE_ONLY,P5-T03 resource graph closure
1722,P5T01-C02830,data/rf192/UI/UI_ShopRenewal/VVIPSkin/WeaponIcon/M4A1_S_Transformers_Champion.BIN,config,25,7d5c484e4513e4c2ca187f37f3e8905bc3ecd6061d92484b6d6afce6d06fbc0e,keyword:M4,0,0,0,0,,,CANDIDATE_ONLY,P5-T03 resource graph closure
1723,P5T01-C02831,data/rf192/UI/UI_ShopRenewal/VVIPSkin/WeaponIcon/M4A1_S_Transformers_DOUYU.BIN,config,25,75e95b43d1412d3bfe52bf2c0acc0436671b3083bb640faee6cc01340223cd24,keyword:M4,0,0,0,0,,,CANDIDATE_ONLY,P5-T03 resource graph closure
1724,P5T01-C02832,data/rf192/UI/UI_ShopRenewal/VVIPSkin/WeaponIcon/M4A1_S_Transformers_DS.BIN,config,25,d62dfd82cba8932842563345d44c7eeef844141b605b1750d105fdbb6b409c89,keyword:M4,0,0,0,0,,,CANDIDATE_ONLY,P5-T03 resource graph closure
1725,P5T01-C02833,data/rf192/UI/UI_ShopRenewal/VVIPSkin/WeaponIcon/M4A1_S_Transformers_Dihu.BIN,config,25,3ecacd77b7321fb4901118f63b276b855ebb8ee08e0898a5f8c25ab24a8135a1,keyword:M4,0,0,0,0,,,CANDIDATE_ONLY,P5-T03 resource graph closure
1726,P5T01-C02834,data/rf192/UI/UI_ShopRenewal/VVIPSkin/WeaponIcon/M4A1_S_Transformers_Dsc.BIN,config,25,a9df20ae7d31ed48498aa48c1a35b89c34d45c4cf590f8d3777dbcdda33c4955,keyword:M4,0,0,0,0,,,CANDIDATE_ONLY,P5-T03 resource graph closure
1727,P5T01-C02835,data/rf192/UI/UI_ShopRenewal/VVIPSkin/WeaponIcon/M4A1_S_Transformers_EMP.BIN,config,25,c01b05943058bf46e1c1b6f2d117ae81d79687e7f84fb0f00dfa80ffd2f32ba0,keyword:M4,0,0,0,0,,,CANDIDATE_ONLY,P5-T03 resource graph closure
1728,P5T01-C02836,data/rf192/UI/UI_ShopRenewal/VVIPSkin/WeaponIcon/M4A1_S_Transformers_Goldish.BIN,config,25,9550e434c5f1058452aa71ddff2dbaba716e58c2825f10eb2aabd215c91aad61,keyword:M4,0,0,0,0,,,CANDIDATE_ONLY,P5-T03 resource graph closure
1729,P5T01-C02837,data/rf192/UI/UI_ShopRenewal/VVIPSkin/WeaponIcon/M4A1_S_Transformers_HUBI.BIN,config,25,953f474ff890db7c348c6466afc16d4485dcdb51e73b16914d3d36ee3f3682d7,keyword:M4,0,0,0,0,,,CANDIDATE_ONLY,P5-T03 resource graph closure
1730,P5T01-C02838,data/rf192/UI/UI_ShopRenewal/VVIPSkin/WeaponIcon/M4A1_S_Transformers_HUYA.BIN,config,25,a1a622eb4cc067bf226eb6bf9025e9f6b607225e2e8b10dd4059f8357185e5c8,keyword:M4,0,0,0,0,,,CANDIDATE_ONLY,P5-T03 resource graph closure
1731,P5T01-C02839,data/rf192/UI/UI_ShopRenewal/VVIPSkin/WeaponIcon/M4A1_S_Transformers_JJXT.BIN,config,25,b11e81a82526a845c95f23a83d9c4b7b3e83a6c6d9a64b1c1f0f5ca140c4a357,keyword:M4,0,0,0,0,,,CANDIDATE_ONLY,P5-T03 resource graph closure
1732,P5T01-C02840,data/rf192/UI/UI_ShopRenewal/VVIPSkin/WeaponIcon/M4A1_S_Transformers_Limpid.BIN,config,25,d2a105fd30b4abab59f9610d98cd05502c40cb7e272640d8803048aeb9276f53,keyword:M4,0,0,0,0,,,CANDIDATE_ONLY,P5-T03 resource graph closure
1733,P5T01-C02841,data/rf192/UI/UI_ShopRenewal/VVIPSkin/WeaponIcon/M4A1_S_Transformers_MVP19.BIN,config,25,c9495bae0668ab6934f0c1648625613199ed54c3ec44867b7d4db0a8ef98acc5,keyword:M4,0,0,0,0,,,CANDIDATE_ONLY,P5-T03 resource graph closure
1734,P5T01-C02842,data/rf192/UI/UI_ShopRenewal/VVIPSkin/WeaponIcon/M4A1_S_Transformers_N9.BIN,config,25,e2388b53bc9e2a5372193f22d9a71700bea323741bd5e998223d42bd11728386,keyword:M4,0,0,0,0,,,CANDIDATE_ONLY,P5-T03 resource graph closure
1735,P5T01-C02843,data/rf192/UI/UI_ShopRenewal/VVIPSkin/WeaponIcon/M4A1_S_Transformers_PC_CFS18_2.BIN,config,25,5c178faa378f39bc2eecc1ebfb1f0b3056f89d4560d0c88151723058a7e2ae70,keyword:M4,0,0,0,0,,,CANDIDATE_ONLY,P5-T03 resource graph closure
1736,P5T01-C02844,data/rf192/UI/UI_ShopRenewal/VVIPSkin/WeaponIcon/M4A1_S_Transformers_Prime.BIN,config,25,ecde6024ad0657235fc43749a131f4f2c9ab4bccbf07b6b56b5b3432c97e5b19,keyword:M4,0,0,0,0,,,CANDIDATE_ONLY,P5-T03 resource graph closure
1737,P5T01-C02845,data/rf192/UI/UI_ShopRenewal/VVIPSkin/WeaponIcon/M4A1_S_Transformers_Punk.BIN,config,25,03e34689ae3e2032a6c48bfd341ea55f31fa4e88617b73f4823788f9ab3eba32,keyword:M4,0,0,0,0,,,CANDIDATE_ONLY,P5-T03 resource graph closure
1738,P5T01-C02846,data/rf192/UI/UI_ShopRenewal/VVIPSkin/WeaponIcon/M4A1_S_Transformers_Srab.BIN,config,25,a719601f5bd5913b25d7c9882edae81f36b4a081e9c548e18431b789312dc30f,keyword:M4,0,0,0,0,,,CANDIDATE_ONLY,P5-T03 resource graph closure
1739,P5T01-C02847,data/rf192/UI/UI_ShopRenewal/VVIPSkin/WeaponIcon/M4A1_S_Transformers_Stellar.BIN,config,25,a3ce7b40defbc6e38532d30a1c9f25354c286a1602008b51afc402e6a64135db,keyword:M4,0,0,0,0,,,CANDIDATE_ONLY,P5-T03 resource graph closure
1740,P5T01-C02848,data/rf192/UI/UI_ShopRenewal/VVIPSkin/WeaponIcon/M4A1_S_Transformers_Venus.BIN,config,25,ada005d429e0f78d5c73ec991da3cfbebb54509d4b08417c44f3a34e247a8d72,keyword:M4,0,0,0,0,,,CANDIDATE_ONLY,P5-T03 resource graph closure
1741,P5T01-C02849,data/rf192/UI/UI_ShopRenewal/VVIPSkin/WeaponIcon/M4A1_S_Transformers_Versus.BIN,config,25,ca7257652445dc0b11b67d7f9909ff954594d3a86f93241fb8dfd5ef7918043d,keyword:M4,0,0,0,0,,,CANDIDATE_ONLY,P5-T03 resource graph closure
1742,P5T01-C02850,data/rf192/UI/UI_ShopRenewal/VVIPSkin/WeaponIcon/M4A1_S_Transformers_Virgo.BIN,config,25,4063eadae09e8cda532ed481952352daf9af7b2bf8e95955856203af690ac80e,keyword:M4,0,0,0,0,,,CANDIDATE_ONLY,P5-T03 resource graph closure
1743,P5T01-C02851,data/rf192/UI/UI_ShopRenewal/VVIPSkin/WeaponIcon/M4A1_S_Transformers_YangJian.BIN,config,25,5662500418836a834b66b547fa5636c15bcb0c62f2d51171d0804f7163d0bada,keyword:M4,0,0,0,0,,,CANDIDATE_ONLY,P5-T03 resource graph closure
1744,P5T01-C02852,data/rf192/UI/UI_ShopRenewal/VVIPSkin/WeaponIcon/M4A1_S_Transformers_ZhaoYun.BIN,config,25,8e6e02ef4b817487e31709e4fb89ed68459db3e9244f827f4b3ca84f379bd679,keyword:M4,0,0,0,0,,,CANDIDATE_ONLY,P5-T03 resource graph closure
1745,P5T01-C01253,data/rf016/Models/WEAPONS/QV-Kar98k_Satellite_NG_Thunder_F.LTB,model,20,89d1b0df2a41660053a447e841263d1054881c274c9452c77f5e3d8f6140939a,keyword:THUNDER,0,2,0,0,,,CANDIDATE_ONLY,P5-T02 geometry/parts comparison
1746,P5T01-C01254,data/rf016/Models/WEAPONS/QV-Kar98k_Satellite_NG_Thunder_M.LTB,model,20,34bdd6fd45633a3be365099b29cab8d1703802070095b878d16c7c8ea1d72216,keyword:THUNDER,0,2,0,0,,,CANDIDATE_ONLY,P5-T02 geometry/parts comparison
1747,P5T01-C01255,data/rf016/Models/WEAPONS/QV-Kar98k_Satellite_NG_Thunder_preview.LTB,model,20,f5afc1c651823132541ccfb9c0b7fb9f641521ffd7c2028e1a907eee4bf681ed,keyword:THUNDER,0,2,0,0,,,CANDIDATE_ONLY,P5-T02 geometry/parts comparison
1748,P5T01-C01468,data/rf016/Models/WEAPONS/QV-ThunderScepter_Zeus.LTB,model,20,8d4eefa7d9841b77b9952f8eebfb350c4a462fb97473b79ad786a6bfa5c92b2d,keyword:THUNDER,0,2,0,0,,,CANDIDATE_ONLY,P5-T02 geometry/parts comparison
1749,P5T01-C01636,data/rf017/ModelTextures/PLAYERVIEW/pv-thunderbolthammer.DTX,texture,20,a235e4a2b84f081d1b04d4dc82ed6a8f9bd3bd42253dd6254bf23777e459a80b,keyword:THUNDER,0,1,0,0,,,CANDIDATE_ONLY,P5-T02 atlas/UV comparison
1750,P5T01-C01792,data/rf017/ModelTextures/WEAPONS/qv-thunderbolthammer.DTX,texture,20,fb7795a5f444ae0a5f55d7e5d38b4227d1e41ca5fbba76ce0a01fe692c658cae,keyword:THUNDER,0,1,0,0,,,CANDIDATE_ONLY,P5-T02 atlas/UV comparison
1751,P5T01-C01867,data/rf018/SND/WEAPON/ThunderboltHammer/ThunderboltHammer_Attack_1.WAV,sound,20,af858fcfb5cb9e776100b6d08e861064f5c52e65aab3e8e672ee35713875ea6f,keyword:THUNDER,0,1,0,0,,,CANDIDATE_ONLY,P5-T03 same-variant association
1752,P5T01-C01868,data/rf018/SND/WEAPON/ThunderboltHammer/ThunderboltHammer_Attack_2.WAV,sound,20,1e83ed17b25117ca28bf264fcd3b98c6fca18b42ff50abf0f9afd776ba1156d8,keyword:THUNDER,0,1,0,0,,,CANDIDATE_ONLY,P5-T03 same-variant association
1753,P5T01-C01869,data/rf018/SND/WEAPON/ThunderboltHammer/ThunderboltHammer_Attack_3.WAV,sound,20,268348ad80a614cf95cffba291974f661dbdfafcabba83db4b46b607607b31d6,keyword:THUNDER,0,1,0,0,,,CANDIDATE_ONLY,P5-T03 same-variant association
1754,P5T01-C01870,data/rf018/SND/WEAPON/ThunderboltHammer/ThunderboltHammer_BrokenGlass_Stab.WAV,sound,20,cf72c4f2be93f13152a7a9ba4d6cfd70b594efd994d8bd34f7f07961c32e58b7,keyword:THUNDER,0,1,0,0,,,CANDIDATE_ONLY,P5-T03 same-variant association
1755,P5T01-C01871,data/rf018/SND/WEAPON/ThunderboltHammer/ThunderboltHammer_BrokenGlass_Swing.WAV,sound,20,84b7426f25109cdf371b836d76e2776c78f290379d7b379043fd7c254ea20905,keyword:THUNDER,0,1,0,0,,,CANDIDATE_ONLY,P5-T03 same-variant association
1756,P5T01-C01872,data/rf018/SND/WEAPON/ThunderboltHammer/ThunderboltHammer_Carpet_Stab.WAV,sound,20,158f2fa58448ab6f126422a209179d9f3a2f7fb665d3aa76061f123168e25a28,keyword:THUNDER,0,1,0,0,,,CANDIDATE_ONLY,P5-T03 same-variant association
1757,P5T01-C01873,data/rf018/SND/WEAPON/ThunderboltHammer/ThunderboltHammer_Carpet_Swing.WAV,sound,20,38efdf87d2e1b643bd126f810dee4d8e0c9885e304a6f4cc9a0c3ad68610847c,keyword:THUNDER,0,1,0,0,,,CANDIDATE_ONLY,P5-T03 same-variant association
1758,P5T01-C01874,data/rf018/SND/WEAPON/ThunderboltHammer/ThunderboltHammer_Hit.WAV,sound,20,6aa31152b1d95fb1ef8ac5eeea15b7168c019204c24751516a97bb6150036641,keyword:THUNDER,0,1,0,0,,,CANDIDATE_ONLY,P5-T03 same-variant association
1759,P5T01-C01875,data/rf018/SND/WEAPON/ThunderboltHammer/ThunderboltHammer_Metal_Stab.WAV,sound,20,eb079b8578278a72f5389ecdcbaf7dc138bd134d63638f94c5f2ae79ef2d1453,keyword:THUNDER,0,1,0,0,,,CANDIDATE_ONLY,P5-T03 same-variant association
1760,P5T01-C01876,data/rf018/SND/WEAPON/ThunderboltHammer/ThunderboltHammer_Metal_Swing.WAV,sound,20,8b81d91060082f31b7d75501e40eb405ce87b0e3bbc905538a17be138fcb2320,keyword:THUNDER,0,1,0,0,,,CANDIDATE_ONLY,P5-T03 same-variant association
1761,P5T01-C01877,data/rf018/SND/WEAPON/ThunderboltHammer/ThunderboltHammer_Select.WAV,sound,20,b1021928e7d68031b72d924f6f85c7f019b8f00682413a5ee76f79aa68b9178d,keyword:THUNDER,0,1,0,0,,,CANDIDATE_ONLY,P5-T03 same-variant association
1762,P5T01-C01878,data/rf018/SND/WEAPON/ThunderboltHammer/ThunderboltHammer_Snow_Stab.WAV,sound,20,79bc647a99ee5bff19597d46bd9ee9f60b818a9fcd097019530057d5c8c9a4ab,keyword:THUNDER,0,1,0,0,,,CANDIDATE_ONLY,P5-T03 same-variant association
1763,P5T01-C01879,data/rf018/SND/WEAPON/ThunderboltHammer/ThunderboltHammer_Snow_Swing.WAV,sound,20,0ba4f4c7fd148813ee5cf90dcdffbfd5453cf2ac64d441470706e8ec1747f755,keyword:THUNDER,0,1,0,0,,,CANDIDATE_ONLY,P5-T03 same-variant association
1764,P5T01-C01880,data/rf018/SND/WEAPON/ThunderboltHammer/ThunderboltHammer_Stone_Stab.WAV,sound,20,ce8916a5ab4254d21050d631795a88f7ef1af46d303350bfbdc3873ecc0f4f6c,keyword:THUNDER,0,1,0,0,,,CANDIDATE_ONLY,P5-T03 same-variant association
1765,P5T01-C01881,data/rf018/SND/WEAPON/ThunderboltHammer/ThunderboltHammer_Stone_Swing.WAV,sound,20,3ebe2958858026339d2c8620a9668177d24bdcfec47bb6b58caca0e7ce1da3a5,keyword:THUNDER,0,1,0,0,,,CANDIDATE_ONLY,P5-T03 same-variant association
1766,P5T01-C01882,data/rf018/SND/WEAPON/ThunderboltHammer/ThunderboltHammer_Wood_Stab.WAV,sound,20,e05612eb494d89472cc33314a73d5f64a0b957aa099580f6eeda230ebd4f691d,keyword:THUNDER,0,1,0,0,,,CANDIDATE_ONLY,P5-T03 same-variant association
1767,P5T01-C01883,data/rf018/SND/WEAPON/ThunderboltHammer/ThunderboltHammer_Wood_Swing.WAV,sound,20,4012375b3ad89eefda05f2dd38d69b7eddee27868a9429553a617d38ae939780,keyword:THUNDER,0,1,0,0,,,CANDIDATE_ONLY,P5-T03 same-variant association
1768,P5T01-C02092,data/rf019/TEX/UI/AMMOICON/ThunderboltHammer_BG.DTX,texture,20,14459f6cf0fb45e5cd6b93b34beabb75f1ae607ceac6a93f7e71a74992644221,keyword:THUNDER,0,1,0,0,,,CANDIDATE_ONLY,P5-T02 atlas/UV comparison
1769,P5T01-C02093,data/rf019/TEX/UI/AMMOICON/ThunderboltHammer_EFFECT.DTX,texture,20,c731eb9bb8490b3ab597eeed83e8fea4d87c1f00bb078689e20a2b006cdd9553,keyword:THUNDER,0,1,0,0,,,CANDIDATE_ONLY,P5-T02 atlas/UV comparison
1770,P5T01-C02094,data/rf019/TEX/UI/AMMOICON/ThunderboltHammer_LINE.DTX,texture,20,e630c61913aa38bbc7740d3638c6bee3106a3d7d4cb88bf2403767300b5c9e79,keyword:THUNDER,0,1,0,0,,,CANDIDATE_ONLY,P5-T02 atlas/UV comparison
1771,P5T01-C02172,data/rf019/TEX/UI/KILLMSG/SHOT_WEAPON_ThunderboltHammer.DTX,texture,20,266b6a37b222bcb7866b559483250d64164fd10ff5a2998d638b796512d102ae,keyword:THUNDER,0,1,0,0,,,CANDIDATE_ONLY,P5-T02 atlas/UV comparison
1772,P5T01-C02244,data/rf019/TEX/UI/WEAPONICON/BUYWEAPON_INFO_ThunderboltHammer.DTX,texture,20,0ea3bed8417482c69f7ce82af4fdc47fd9d30f9e3fb22f38d4d110a5558a5261,keyword:THUNDER,0,1,0,0,,,CANDIDATE_ONLY,P5-T02 atlas/UV comparison
1773,P5T01-C02293,data/rf019/TEX/UI/WEAPONICON/WEAPON_SELECT_ThunderboltHammer.DTX,texture,20,5f70edb301dc8f59df07433912a332830f088cd2cb23941488fb964f1b2d2f47,keyword:THUNDER,0,1,0,0,,,CANDIDATE_ONLY,P5-T02 atlas/UV comparison
1774,P5T01-C02464,data/rf192/UI/UI_Shop2/NobleGoldName/Kar98k_Satellite_NG_Thunder/Name.BIN,config,20,e682f23fc64d6a8c762bb25fe1dfc928c4b1c1a5be74c4b9da1b7b062bd3039f,keyword:THUNDER,0,1,0,0,,,CANDIDATE_ONLY,P5-T03 resource graph closure
1775,P5T01-C02465,data/rf192/UI/UI_Shop2/NobleGoldName/Kar98k_Satellite_NG_Thunder/NewName.BIN,config,20,e3a9edf45751d220c8e1010471d31ca5b7c9ba7a843b9f45e000bde44fe16dc9,keyword:THUNDER,0,1,0,0,,,CANDIDATE_ONLY,P5-T03 resource graph closure
1776,P5T01-C02466,data/rf192/UI/UI_Shop2/NobleGoldName/Kar98k_Satellite_NG_Thunder_NGB/Name.BIN,config,20,d5583f1e1e14da2f631547c39fbef472c46cf517b3dedad560a5300dea544127,keyword:THUNDER,0,1,0,0,,,CANDIDATE_ONLY,P5-T03 resource graph closure
1777,P5T01-C02467,data/rf192/UI/UI_Shop2/NobleGoldName/Kar98k_Satellite_NG_Thunder_NGB/NewName.BIN,config,20,147d3f9ab7896f1ebaf2b1dd4bdfcf6c6c0df594540cf704d8423491c4fae7cf,keyword:THUNDER,0,1,0,0,,,CANDIDATE_ONLY,P5-T03 resource graph closure
1778,P5T01-C02459,data/rf192/UI/UI_InGameClan/Staff_Authorize.BIN,config,15,1f2650cc8d37fb74a1d9f97e375e6c4f558a21dfe45f269c3d5b93b8109dac2f,keyword:THOR,0,0,0,0,,,CANDIDATE_ONLY,P5-T03 resource graph closure
1779,P5T01-C02462,data/rf192/UI/UI_Shop2/ItemInfoBG_GigantFist_Horn.BIN,config,15,adb635603a90f92548ccd47929964cdb94394ec620962a722db979f7c10f416f,keyword:THOR,0,0,0,0,,,CANDIDATE_ONLY,P5-T03 resource graph closure
1780,P5T01-C01793,data/rf018/SND/SND2/AI4/Predator/Predator1_Weakness_Boom4.WAV,sound,10,d650401227cea5b512a8da99d62cc14664769d0b3e53de502fed79a97cb48688,keyword:M4,0,0,0,2,,,CANDIDATE_ONLY,P5-T03 same-variant association
1781,P5T01-C01243,data/rf016/Models/WEAPONS/QV-DDM4.LTB,model,0,eb5475e0ca9f56b484fe18b3569c1eed10ec5c820a1dcc3c9bf19dd01738afa5,keyword:M4,0,0,0,0,,,CANDIDATE_ONLY,P5-T02 geometry/parts comparison
1782,P5T01-C01244,data/rf016/Models/WEAPONS/QV-DDM4_PDW.LTB,model,0,784f79697c817372b70da128a95e121b42b3ad0454ad7eca54809a4b26fce942,keyword:M4,0,0,0,0,,,CANDIDATE_ONLY,P5-T02 geometry/parts comparison
1783,P5T01-C01245,data/rf016/Models/WEAPONS/QV-DDM4_V4.LTB,model,0,68561a1e0dca5ffc84ad394f8d181f95d687fa68d2f8b12473b2b9a12251f3e8,keyword:M4,0,0,0,0,,,CANDIDATE_ONLY,P5-T02 geometry/parts comparison
1784,P5T01-C01246,data/rf016/Models/WEAPONS/QV-DDM4_V4_R.LTB,model,0,fcdd06e3eda4de8bf4dd09429c843553251d3bb9bc022d5dcabc3b3fec114341,keyword:M4,0,0,0,0,,,CANDIDATE_ONLY,P5-T02 geometry/parts comparison
1785,P5T01-C01247,data/rf016/Models/WEAPONS/QV-DDM4_V7S.LTB,model,0,ee725a9f3ccc4d491127e2648eb4c3dd5ae34e5378c792f19f43119009ad1321,keyword:M4,0,0,0,0,,,CANDIDATE_ONLY,P5-T02 geometry/parts comparison
1786,P5T01-C01248,data/rf016/Models/WEAPONS/QV-DDM4_V7S_R.LTB,model,0,a81270683494254fa3842a48a3b7032e7a64f895c08bdd84661b462a21ab1af0,keyword:M4,0,0,0,0,,,CANDIDATE_ONLY,P5-T02 geometry/parts comparison
1787,P5T01-C01256,data/rf016/Models/WEAPONS/QV-M45D_BlackDragon.LTB,model,0,029de15912bd57c77700853d6186e541fcb7ccf068389133a20ec78dfb7c47b8,keyword:M4,0,0,0,0,,,CANDIDATE_ONLY,P5-T02 geometry/parts comparison
1788,P5T01-C01453,data/rf016/Models/WEAPONS/QV-M4CQBR.LTB,model,0,5116f50aaa7ff97dad24fec16f8ec78069160c93c7cac74da2c2f6c7b811e5df,keyword:M4,0,0,0,0,,,CANDIDATE_ONLY,P5-T02 geometry/parts comparison
1789,P5T01-C01454,data/rf016/Models/WEAPONS/QV-M4CQBR_DMZ.LTB,model,0,faabdc5f0f62922cda1de115484dafba69ee12e32ac0864ca09ddf3c7c8d4521,keyword:M4,0,0,0,0,,,CANDIDATE_ONLY,P5-T02 geometry/parts comparison
1790,P5T01-C01455,data/rf016/Models/WEAPONS/QV-M4CQBR_DMZ_R.LTB,model,0,ea56bb7fa22eb08483197dc5380bbd249df6ea0483de2e5f692b83b8444f13f2,keyword:M4,0,0,0,0,,,CANDIDATE_ONLY,P5-T02 geometry/parts comparison
1791,P5T01-C01456,data/rf016/Models/WEAPONS/QV-M4Commando.LTB,model,0,be8393b36df7f38a6e43eb689609f6f2c56f8474a275860f4629be993103b69b,keyword:M4,0,0,0,0,,,CANDIDATE_ONLY,P5-T02 geometry/parts comparison
1792,P5T01-C02320,data/rf032/FX_MAP2/GHOST_NANOLAB/GHOSTN_SPARK/GHOSTN_SPARKM_4.LTB,model,0,e519b5731cff9e3bb14ff7095cb197f642d3f449681136c5c5c496d41d9ad465,keyword:M4,0,0,0,0,,,CANDIDATE_ONLY,P5-T02 geometry/parts comparison
1793,P5T01-C01475,data/rf017/ModelTextures/AlphaMap/M4A1-Blue Crystal_alpha.TGA,texture,-15,11ad120de6bdf3cd3d7bb385351f1eec1d028e36be118c3c242985b5006b60e2,keyword:M4,0,0,0,0,,,CANDIDATE_ONLY,P5-T02 atlas/UV comparison
1794,P5T01-C01476,data/rf017/ModelTextures/AlphaMap/M4A1-S-Lily_alpha.TGA,texture,-15,b5fb756fb5df15d3dc154c63c7ec2b1cbe77ab3cedafa977a2d873a0d0737078,keyword:M4,0,0,0,0,,,CANDIDATE_ONLY,P5-T02 atlas/UV comparison
1795,P5T01-C01477,data/rf017/ModelTextures/AlphaMap/M4A1-s-silver01_alpha.TGA,texture,-15,a95069dc37b294212a4353564a29fe5bec3d01924cc84fcf8e00ecd98498235b,keyword:M4,0,0,0,0,,,CANDIDATE_ONLY,P5-T02 atlas/UV comparison
1796,P5T01-C01478,data/rf017/ModelTextures/AlphaMap/M4A1-s-silver_alpha.TGA,texture,-15,9a696be701afaf5484eab3ab6c440e01a12e6faa77910011eaa09b6c73b82d09,keyword:M4,0,0,0,0,,,CANDIDATE_ONLY,P5-T02 atlas/UV comparison
1797,P5T01-C01479,data/rf017/ModelTextures/AlphaMap/M4A1_C_UltimateGold_alpha.TGA,texture,-15,98454b1ff98c6243beb56685b8218bb52accea8992310b9d497aa9d43bf1a63e,keyword:M4,0,0,0,0,,,CANDIDATE_ONLY,P5-T02 atlas/UV comparison
1798,P5T01-C01480,data/rf017/ModelTextures/AlphaMap/M4A1_Custom_RedCrystal_alpha.TGA,texture,-15,0cd059c9396a4eab62d8486a65e61ab71f9e1dd8036916d8e9bfc717f648f7a1,keyword:M4,0,0,0,0,,,CANDIDATE_ONLY,P5-T02 atlas/UV comparison
1799,P5T01-C01481,data/rf017/ModelTextures/AlphaMap/M4A1_Custom_RedCrystal_alpha01.TGA,texture,-15,b3ca0ba7ff95c7c40d137841f0a9d9b8b20a52d521209a0e0d3411ea6ea2faeb,keyword:M4,0,0,0,0,,,CANDIDATE_ONLY,P5-T02 atlas/UV comparison
1800,P5T01-C01483,data/rf017/ModelTextures/AlphaMap/M4A1_S_BlueDiamond_Alpha.TGA,texture,-15,c9ac103f769d2300cbfa4ffce26c17a50f8e8be67fc2725b382b698bb42e5e53,keyword:M4,0,0,0,0,,,CANDIDATE_ONLY,P5-T02 atlas/UV comparison
1801,P5T01-C01488,data/rf017/ModelTextures/AlphaMap/M4A1_S_PinkCrystal01_alpha.TGA,texture,-15,5096c284f780b1244ab18e7f12bdda386b837fb1bf2323add7de0f4a9299d4d9,keyword:M4,0,0,0,0,,,CANDIDATE_ONLY,P5-T02 atlas/UV comparison
1802,P5T01-C01489,data/rf017/ModelTextures/AlphaMap/M4A1_S_SAKURA_ALPHA.TGA,texture,-15,03466827176faf4702fac8bd65e2acf4e413927a82f2599368ebc455347ffac3,keyword:M4,0,0,0,0,,,CANDIDATE_ONLY,P5-T02 atlas/UV comparison
1803,P5T01-C01490,data/rf017/ModelTextures/AlphaMap/M4A1_S_SonWukong_alpha.PNG,texture,-15,e98b7445fbdfa2623c8b7885eedb15dd59cdbbc7d8a0860e5aa00ec121cedc73,keyword:M4,0,0,0,0,,,CANDIDATE_ONLY,P5-T02 atlas/UV comparison
1804,P5T01-C01492,data/rf017/ModelTextures/AlphaMap/M4A1_S_UltimateGold_alpha.TGA,texture,-15,f3856c308fe4875d0808e9f2b4e7576af0e419b6d61dc91c74d6d4642871a083,keyword:M4,0,0,0,0,,,CANDIDATE_ONLY,P5-T02 atlas/UV comparison
1805,P5T01-C01493,data/rf017/ModelTextures/AlphaMap/M4A1_Silencer_DMZ_alpha.TGA,texture,-15,83f4cb504e0a46b8853e85a0226e80393b5c655eea224e515f4253df19d62e6d,keyword:M4,0,0,0,0,,,CANDIDATE_ONLY,P5-T02 atlas/UV comparison
1806,P5T01-C01494,data/rf017/ModelTextures/AlphaMap/M4A1_Silencer_Peony_alpha.TGA,texture,-15,c87a66d7b8a810b82b606cc23d5a2863a7c37a96e9a73346fd074da76f909765,keyword:M4,0,0,0,0,,,CANDIDATE_ONLY,P5-T02 atlas/UV comparison
1807,P5T01-C01495,data/rf017/ModelTextures/AlphaMap/M4A1_Silencer_PlatinumBlue_alpha.TGA,texture,-15,8e9beeba443b564da40eab1bb953ca7fa651e83c8a6c6713e23c9c44c1c559cc,keyword:M4,0,0,0,0,,,CANDIDATE_ONLY,P5-T02 atlas/UV comparison
1808,P5T01-C01500,data/rf017/ModelTextures/AlphaMap/M4A1_Silencer_TurtleShell_alpha.TGA,texture,-15,9ced2e84df43f2c808137655dbff329e1b0d668dfa999979ac8f73fa2013ed67,keyword:M4,0,0,0,0,,,CANDIDATE_ONLY,P5-T02 atlas/UV comparison
1809,P5T01-C01501,data/rf017/ModelTextures/AlphaMap/M4A1_XS_Jade_alpha.TGA,texture,-15,01e22c61d9874c1e91f114f82c63104825101476b1f6f1762ad4d852926ead38,keyword:M4,0,0,0,0,,,CANDIDATE_ONLY,P5-T02 atlas/UV comparison
1810,P5T01-C01502,data/rf017/ModelTextures/AlphaMap/M4A1_XS_RoyalDragon2_alpha.TGA,texture,-15,31a158a451ba00cd275e7f511159eedf1bffe52c39a3f5759662d054d8f0e1a0,keyword:M4,0,0,0,0,,,CANDIDATE_ONLY,P5-T02 atlas/UV comparison
1811,P5T01-C01503,data/rf017/ModelTextures/AlphaMap/M4A1_XS_RoyalDragon4_alpha.TGA,texture,-15,e86bd7b7b8c25d76a11e8258896827151f01254550c3cccf4007a6a97f273dcb,keyword:M4,0,0,0,0,,,CANDIDATE_ONLY,P5-T02 atlas/UV comparison
1812,P5T01-C01504,data/rf017/ModelTextures/AlphaMap/M4A1_phoenix_alpha.TGA,texture,-15,bdfacb07b9768abd61b232a5fd3b59650ded0d86538703d8aaa73022b36e8152,keyword:M4,0,0,0,0,,,CANDIDATE_ONLY,P5-T02 atlas/UV comparison
1813,P5T01-C01510,data/rf017/ModelTextures/NormalMap/M4A1-Blue Crystal_N.TGA,texture,-15,7783bf378faf1856441a4658b2f22bf9e493b55b5fcdcf0fdb7e85c29e89853e,keyword:M4,0,0,0,0,,,CANDIDATE_ONLY,P5-T02 atlas/UV comparison
1814,P5T01-C01511,data/rf017/ModelTextures/NormalMap/M4A1-S-Lily_N.TGA,texture,-15,d11b2bd404dbb0c218f939f9a77a6714973c3a7d43de07ac96892cd5a66ca8d5,keyword:M4,0,0,0,0,,,CANDIDATE_ONLY,P5-T02 atlas/UV comparison
1815,P5T01-C01512,data/rf017/ModelTextures/NormalMap/M4A1-s-silver01_N.TGA,texture,-15,6be360463b0423957aa909f79ece9ff9c5aa13f5282d4a6529e3537dfa340a0c,keyword:M4,0,0,0,0,,,CANDIDATE_ONLY,P5-T02 atlas/UV comparison
1816,P5T01-C01513,data/rf017/ModelTextures/NormalMap/M4A1-s-silver_N.TGA,texture,-15,cc061710343de0ed64108f98e095ddca3537e4846ac28c40eace0b5f5981aa26,keyword:M4,0,0,0,0,,,CANDIDATE_ONLY,P5-T02 atlas/UV comparison
1817,P5T01-C01514,data/rf017/ModelTextures/NormalMap/M4A1_C_UltimateGold_N.TGA,texture,-15,f8098c8c1bd895e2e7bc9d45012c743ebf00bb5986652fc203daefd3809919a7,keyword:M4,0,0,0,0,,,CANDIDATE_ONLY,P5-T02 atlas/UV comparison
1818,P5T01-C01515,data/rf017/ModelTextures/NormalMap/M4A1_Custom_RedCrystal_N.TGA,texture,-15,5b4d03a0d9d529007036f3bd3241f8ef5468fc4820aae39500368350324ba77e,keyword:M4,0,0,0,0,,,CANDIDATE_ONLY,P5-T02 atlas/UV comparison
1819,P5T01-C01516,data/rf017/ModelTextures/NormalMap/M4A1_Custom_RedCrystal_N01.TGA,texture,-15,46cbb50bb88136ef4b2c7db9eb4d112b43b5442952e9ce5076bb56cb151f7098,keyword:M4,0,0,0,0,,,CANDIDATE_ONLY,P5-T02 atlas/UV comparison
1820,P5T01-C01518,data/rf017/ModelTextures/NormalMap/M4A1_S_BlueDiamond_N.PNG,texture,-15,b12a796e8e964491208e73487b1fb65c7efee9041f4ac4f63f3bc040311730a2,keyword:M4,0,0,0,0,,,CANDIDATE_ONLY,P5-T02 atlas/UV comparison
1821,P5T01-C01519,data/rf017/ModelTextures/NormalMap/M4A1_S_BlueDiamond_N.TGA,texture,-15,0edecba36058a539741fb77a708ccd013f74b8d96a87d04be1ba509ddfc27eb5,keyword:M4,0,0,0,0,,,CANDIDATE_ONLY,P5-T02 atlas/UV comparison
1822,P5T01-C01524,data/rf017/ModelTextures/NormalMap/M4A1_S_SAKURA_N.TGA,texture,-15,321f8fab63afff109525ab502798b2667f7bf0076bd28b45baae46ea9a547f40,keyword:M4,0,0,0,0,,,CANDIDATE_ONLY,P5-T02 atlas/UV comparison
1823,P5T01-C01526,data/rf017/ModelTextures/NormalMap/M4A1_S_UltimateGold_N.TGA,texture,-15,7cddcf150498185115d37b6c2a0250ad93a7eb338482ef377cd5f1bb88a61495,keyword:M4,0,0,0,0,,,CANDIDATE_ONLY,P5-T02 atlas/UV comparison
1824,P5T01-C01527,data/rf017/ModelTextures/NormalMap/M4A1_Silencer_DMZ_N.TGA,texture,-15,c671ed41423a28a4f493578650090c3a32763848855f80c26b5edaec4b5eed03,keyword:M4,0,0,0,0,,,CANDIDATE_ONLY,P5-T02 atlas/UV comparison
1825,P5T01-C01528,data/rf017/ModelTextures/NormalMap/M4A1_Silencer_Peony_N.TGA,texture,-15,ad3484e82c709a20a30558e5df02c49d7da22a5d1a2b72b3460759e0f6f3ae6e,keyword:M4,0,0,0,0,,,CANDIDATE_ONLY,P5-T02 atlas/UV comparison
1826,P5T01-C01529,data/rf017/ModelTextures/NormalMap/M4A1_Silencer_PlatinumBlue_N.TGA,texture,-15,a6790d4ce0762e6fe5286321aa43c9471fa97dbc24809bd013ac3c2e5d0b0055,keyword:M4,0,0,0,0,,,CANDIDATE_ONLY,P5-T02 atlas/UV comparison
1827,P5T01-C01534,data/rf017/ModelTextures/NormalMap/M4A1_Silencer_TurtleShell_N.TGA,texture,-15,c2a9a2111c1020d908f0c3541444d9c0e998dc9d02397a706042d2aee49942b6,keyword:M4,0,0,0,0,,,CANDIDATE_ONLY,P5-T02 atlas/UV comparison
1828,P5T01-C01535,data/rf017/ModelTextures/NormalMap/M4A1_XS_Jade_N.TGA,texture,-15,e13107b0d70bd62977fc12afacbe1a9c4b3a6fe8d1212b0f8f29e0e3e3f52d95,keyword:M4,0,0,0,0,,,CANDIDATE_ONLY,P5-T02 atlas/UV comparison
1829,P5T01-C01536,data/rf017/ModelTextures/NormalMap/M4A1_XS_RoyalDragon2_N.TGA,texture,-15,f238524deb7f4f0f6fc72e54214cc46c224ffe583efd8b834ca509c9cb06c75b,keyword:M4,0,0,0,0,,,CANDIDATE_ONLY,P5-T02 atlas/UV comparison
1830,P5T01-C01537,data/rf017/ModelTextures/NormalMap/M4A1_XS_RoyalDragon4_N.TGA,texture,-15,aa6c6f8e789d3a56e0a472a27f69a958f349c2b2c145c0696f140d54b1d084e7,keyword:M4,0,0,0,0,,,CANDIDATE_ONLY,P5-T02 atlas/UV comparison
1831,P5T01-C01538,data/rf017/ModelTextures/NormalMap/M4A1_phoenix_N.TGA,texture,-15,db588cb549298fdbdd7b7adfe23fbd6483c3ef4798d745243fd6c033b86a9d2f,keyword:M4,0,0,0,0,,,CANDIDATE_ONLY,P5-T02 atlas/UV comparison
1832,P5T01-C01541,data/rf017/ModelTextures/PLAYERVIEW/PV-M4A1 NEW_camo.DTX,texture,-15,7432725c5e1395c68d93f3dfb28cbe27e5e2f4e5dbae77c2c1b2ec0ee1afcda3,keyword:M4,0,0,0,0,,,CANDIDATE_ONLY,P5-T02 atlas/UV comparison
1833,P5T01-C01542,data/rf017/ModelTextures/PLAYERVIEW/PV-M4A1 NEW_camo_Grip.DTX,texture,-15,d0db030a1799256d1cc8132c863e1ed31fe45184bc2ba93d7776d9bcd5830008,keyword:M4,0,0,0,0,,,CANDIDATE_ONLY,P5-T02 atlas/UV comparison
1834,P5T01-C01543,data/rf017/ModelTextures/PLAYERVIEW/PV-M4A1 NEW_gold.DTX,texture,-15,28e99767a7fc15e7d52bac1988635a6d6048b1fe0a310b73847a375199eaf262,keyword:M4,0,0,0,0,,,CANDIDATE_ONLY,P5-T02 atlas/UV comparison
1835,P5T01-C01544,data/rf017/ModelTextures/PLAYERVIEW/PV-M4A1 NEW_gold_Grip.DTX,texture,-15,8a16de16a351670c5613752e35d416c709f5043c89bc492b11fe5b4d8042742d,keyword:M4,0,0,0,0,,,CANDIDATE_ONLY,P5-T02 atlas/UV comparison
1836,P5T01-C01546,data/rf017/ModelTextures/PLAYERVIEW/PV-M4A1-CAMO.DTX,texture,-15,bc2dd5691e3d8152b81798a05921d6611855c5b559ec1666ee724779cac21267,keyword:M4,0,0,0,0,,,CANDIDATE_ONLY,P5-T02 atlas/UV comparison
1837,P5T01-C01547,data/rf017/ModelTextures/PLAYERVIEW/PV-M4A1-CUSTOM.DTX,texture,-15,b145fdf510880b80bddd4e947dfd21244eeafddc70064a9f5997a3b326253869,keyword:M4,0,0,0,0,,,CANDIDATE_ONLY,P5-T02 atlas/UV comparison
1838,P5T01-C01548,data/rf017/ModelTextures/PLAYERVIEW/PV-M4A1-RoyalDragon_silencer.DTX,texture,-15,adc6ab3328bba59ae2190d64e081aac27a8572ebe93b1a846faa1f2837056d34,keyword:M4,0,0,0,0,,,CANDIDATE_ONLY,P5-T02 atlas/UV comparison
1839,P5T01-C01549,data/rf017/ModelTextures/PLAYERVIEW/PV-M4A1-S-Lily.DTX,texture,-15,97f49d1911bbedaefea8f80138539907a427bd47b03298f66ea293af18f6f42f,keyword:M4,0,0,0,0,,,CANDIDATE_ONLY,P5-T02 atlas/UV comparison
1840,P5T01-C01550,data/rf017/ModelTextures/PLAYERVIEW/PV-M4A1-X_HALLOWEEN.DTX,texture,-15,d2e2739cfe6af810dc524014c703cb567420c39b9d4bcda6655e6f779a7a4531,keyword:M4,0,0,0,0,,,CANDIDATE_ONLY,P5-T02 atlas/UV comparison
1841,P5T01-C01551,data/rf017/ModelTextures/PLAYERVIEW/PV-M4A1-s-silver.DTX,texture,-15,a683c355ce0211a68c2e0c656b775219d2ffa721b228c31079853a5b9ba13e93,keyword:M4,0,0,0,0,,,CANDIDATE_ONLY,P5-T02 atlas/UV comparison
1842,P5T01-C01552,data/rf017/ModelTextures/PLAYERVIEW/PV-M4A1.DTX,texture,-15,6ae0b7de74b6dbb016e8999ab478a81bac462021780899709007f4b516325d13,keyword:M4,0,0,0,0,,,CANDIDATE_ONLY,P5-T02 atlas/UV comparison
1843,P5T01-C01553,data/rf017/ModelTextures/PLAYERVIEW/PV-M4A1_Blossoms.DTX,texture,-15,b0aee12a7a80beb6a3e825bdc68fcb42cc9d4c72dda675f2c0f7fdc330eef861,keyword:M4,0,0,0,0,,,CANDIDATE_ONLY,P5-T02 atlas/UV comparison
1844,P5T01-C01554,data/rf017/ModelTextures/PLAYERVIEW/PV-M4A1_Blossoms_silencer.DTX,texture,-15,5d8d480759c7f9910c1b3c331d15c42b0979f49f29fda3c02670438f6adc559f,keyword:M4,0,0,0,0,,,CANDIDATE_ONLY,P5-T02 atlas/UV comparison
1845,P5T01-C01555,data/rf017/ModelTextures/PLAYERVIEW/PV-M4A1_CFS2014.DTX,texture,-15,1c43b59a22e6058997e0a583a0cd1b277d042467faf976eb1fb9204c5d564840,keyword:M4,0,0,0,0,,,CANDIDATE_ONLY,P5-T02 atlas/UV comparison
1846,P5T01-C01556,data/rf017/ModelTextures/PLAYERVIEW/PV-M4A1_C_UltimateGold.DTX,texture,-15,93cda231309918925030c10ee6d938f25269d037aa207b97d8b850e1d6f08e27,keyword:M4,0,0,0,0,,,CANDIDATE_ONLY,P5-T02 atlas/UV comparison
1847,P5T01-C01557,data/rf017/ModelTextures/PLAYERVIEW/PV-M4A1_Custom_RedCrystal.DTX,texture,-15,cd4fe28e94dcb08f453e3925937f02648b610ba7a0d7c0c597352d9918a810db,keyword:M4,0,0,0,0,,,CANDIDATE_ONLY,P5-T02 atlas/UV comparison
1848,P5T01-C01558,data/rf017/ModelTextures/PLAYERVIEW/PV-M4A1_Custom_RedCrystal01.DTX,texture,-15,d9756bad32e6eb3a829ffc2756168e0921bed5230b89d8e9d97b27377dff12ce,keyword:M4,0,0,0,0,,,CANDIDATE_ONLY,P5-T02 atlas/UV comparison
1849,P5T01-C01559,data/rf017/ModelTextures/PLAYERVIEW/PV-M4A1_Custom_violetCrystal.DTX,texture,-15,a59b3126a22dc3242c90c378961467be3ae1fc86116fdfef46f7cffec5ba49f1,keyword:M4,0,0,0,0,,,CANDIDATE_ONLY,P5-T02 atlas/UV comparison
1850,P5T01-C01560,data/rf017/ModelTextures/PLAYERVIEW/PV-M4A1_Custom_violetCrystal01.DTX,texture,-15,b7f8cd90e3c7c8d40b309adc69417d54576fa7935ba010d32f86fc0688082276,keyword:M4,0,0,0,0,,,CANDIDATE_ONLY,P5-T02 atlas/UV comparison
1851,P5T01-C01561,data/rf017/ModelTextures/PLAYERVIEW/PV-M4A1_QQ.DTX,texture,-15,da4281ce35944def3ece80e45cb3344463d2319ee09c6867459b7b008c1aa9db,keyword:M4,0,0,0,0,,,CANDIDATE_ONLY,P5-T02 atlas/UV comparison
1852,P5T01-C01562,data/rf017/ModelTextures/PLAYERVIEW/PV-M4A1_RoyalDragon.DTX,texture,-15,03e163bc7384a5be2ca461d591e1b976047ef4a67db08b0a63958cfc03ae5cee,keyword:M4,0,0,0,0,,,CANDIDATE_ONLY,P5-T02 atlas/UV comparison
1853,P5T01-C01563,data/rf017/ModelTextures/PLAYERVIEW/PV-M4A1_SILENCER-Silver.DTX,texture,-15,9324111672973c542bd5b84b6b49350e1eedb9cd4d5dcf4ccbc1b518bba170f8,keyword:M4,0,0,0,0,,,CANDIDATE_ONLY,P5-T02 atlas/UV comparison
1854,P5T01-C01564,data/rf017/ModelTextures/PLAYERVIEW/PV-M4A1_SILENCER.DTX,texture,-15,e4ad3d4389aab24b0c2c969546392c61cfa0a3dba03c1782676f82b3977098fa,keyword:M4,0,0,0,0,,,CANDIDATE_ONLY,P5-T02 atlas/UV comparison
1855,P5T01-C01565,data/rf017/ModelTextures/PLAYERVIEW/PV-M4A1_SILENCER_QT.DTX,texture,-15,ee7529413654aa1b53fa299335d9943f31c6a19a83a4ef90274374ac1416a67b,keyword:M4,0,0,0,0,,,CANDIDATE_ONLY,P5-T02 atlas/UV comparison
1856,P5T01-C01566,data/rf017/ModelTextures/PLAYERVIEW/PV-M4A1_S_BlueDiamond.DTX,texture,-15,ce31323d5ee432aa01c71a1878a5318c5202f7778448dafa7a25b094e2451127,keyword:M4,0,0,0,0,,,CANDIDATE_ONLY,P5-T02 atlas/UV comparison
1857,P5T01-C01567,data/rf017/ModelTextures/PLAYERVIEW/PV-M4A1_S_BluePottery.DTX,texture,-15,7081107bc517db7ff5e6b49953e9214c2533a6b5c2ee4c58c335a31489800483,keyword:M4,0,0,0,0,,,CANDIDATE_ONLY,P5-T02 atlas/UV comparison
1858,P5T01-C01572,data/rf017/ModelTextures/PLAYERVIEW/PV-M4A1_S_SAKURA2.DTX,texture,-15,9a06aea4d198ac4b4fc7c26e113d585fd3d669ea3da5acab4d6885464d153599,keyword:M4,0,0,0,0,,,CANDIDATE_ONLY,P5-T02 atlas/UV comparison
1859,P5T01-C01573,data/rf017/ModelTextures/PLAYERVIEW/PV-M4A1_S_Sampaguita2015.DTX,texture,-15,20e52188064c7bcef7c3df2b72eed66e6afc0ed6f29ea46b329cf9833d0e1b10,keyword:M4,0,0,0,0,,,CANDIDATE_ONLY,P5-T02 atlas/UV comparison
1860,P5T01-C01574,data/rf017/ModelTextures/PLAYERVIEW/PV-M4A1_S_SonWukong.DTX,texture,-15,365ce6bf18793b5557ebc89a318139103028e3bc52fff9ba624056f66531a9b3,keyword:M4,0,0,0,0,,,CANDIDATE_ONLY,P5-T02 atlas/UV comparison
1861,P5T01-C01576,data/rf017/ModelTextures/PLAYERVIEW/PV-M4A1_S_UltimateGold.DTX,texture,-15,6717690ba763857393d49c5bfa13f051ae2a8f4ea1ebe804cbb0bd76c939f310,keyword:M4,0,0,0,0,,,CANDIDATE_ONLY,P5-T02 atlas/UV comparison
1862,P5T01-C01577,data/rf017/ModelTextures/PLAYERVIEW/PV-M4A1_Silencer_DMZ.DTX,texture,-15,847655a27c6c18ed1a21e27cc37e76e9d7c097756e115bc8ec61e6a4b7c98434,keyword:M4,0,0,0,0,,,CANDIDATE_ONLY,P5-T02 atlas/UV comparison
1863,P5T01-C01578,data/rf017/ModelTextures/PLAYERVIEW/PV-M4A1_Silencer_DualMag_Sampaguita.DTX,texture,-15,21342c65db3a92f5b223607e8a16f7b41a0799aa021a9cb2c85037768f5ff30a,keyword:M4,0,0,0,0,,,CANDIDATE_ONLY,P5-T02 atlas/UV comparison
1864,P5T01-C01579,data/rf017/ModelTextures/PLAYERVIEW/PV-M4A1_Silencer_Peony.DTX,texture,-15,6d26fad3ac89424fe080b6691646c8b4acdc896ac476365bb1b7b50dde932bbe,keyword:M4,0,0,0,0,,,CANDIDATE_ONLY,P5-T02 atlas/UV comparison
1865,P5T01-C01580,data/rf017/ModelTextures/PLAYERVIEW/PV-M4A1_Silencer_PlatinumBlue.DTX,texture,-15,fd699e2ffb8613f9fec161eecd8eeb05c88fc926afa71deeaaef4482c02b2955,keyword:M4,0,0,0,0,,,CANDIDATE_ONLY,P5-T02 atlas/UV comparison
1866,P5T01-C01585,data/rf017/ModelTextures/PLAYERVIEW/PV-M4A1_Silencer_TurtleShell.DTX,texture,-15,a503b9c237de4706c900eb46314e708a0b6305ce3284b1dc5604d6463edf297f,keyword:M4,0,0,0,0,,,CANDIDATE_ONLY,P5-T02 atlas/UV comparison
1867,P5T01-C01586,data/rf017/ModelTextures/PLAYERVIEW/PV-M4A1_TGC.DTX,texture,-15,3b8051317c051848af734c5a38960f1e912d06af779bdc06d8bb1f4eee83107b,keyword:M4,0,0,0,0,,,CANDIDATE_ONLY,P5-T02 atlas/UV comparison
1868,P5T01-C01587,data/rf017/ModelTextures/PLAYERVIEW/PV-M4A1_XS_Jade.DTX,texture,-15,f10e954c609866c1f6044499ce819e6bcb8d0dc089c53281b701f78f487057a6,keyword:M4,0,0,0,0,,,CANDIDATE_ONLY,P5-T02 atlas/UV comparison
1869,P5T01-C01588,data/rf017/ModelTextures/PLAYERVIEW/PV-M4A1_XS_RoyalDragon2.DTX,texture,-15,ebbe157b457256895a8487ee0336b84225270593349750997fcb3a25d5c2e709,keyword:M4,0,0,0,0,,,CANDIDATE_ONLY,P5-T02 atlas/UV comparison
1870,P5T01-C01589,data/rf017/ModelTextures/PLAYERVIEW/PV-M4A1_XS_RoyalDragon4.DTX,texture,-15,4d29e0bdbfd943cf7916c586ffd282e375322ce3f589a8f64cf9854e025bd0ce,keyword:M4,0,0,0,0,,,CANDIDATE_ONLY,P5-T02 atlas/UV comparison
1871,P5T01-C01590,data/rf017/ModelTextures/PLAYERVIEW/PV-M4A1_Xmas2.DTX,texture,-15,84085ea1ae1bf0cc6f7300feda11244333c9a173d2562f30f5cd6eb9c0280ec0,keyword:M4,0,0,0,0,,,CANDIDATE_ONLY,P5-T02 atlas/UV comparison
1872,P5T01-C01591,data/rf017/ModelTextures/PLAYERVIEW/PV-M4A1_phoenix.DTX,texture,-15,7a3247ddea5bcf08f0f1d3be874b77a9d6b486fc9c90efa90f7dadbdef654c86,keyword:M4,0,0,0,0,,,CANDIDATE_ONLY,P5-T02 atlas/UV comparison
1873,P5T01-C01592,data/rf017/ModelTextures/PLAYERVIEW/PV-M4A1_wcg2011.DTX,texture,-15,dee57e1933619e7a114488170f672d7b8bbf905bde17588bb08d42921ad15fc0,keyword:M4,0,0,0,0,,,CANDIDATE_ONLY,P5-T02 atlas/UV comparison
1874,P5T01-C01596,data/rf017/ModelTextures/PLAYERVIEW/PV-M4a1-X-grip_HALLOWEEN.DTX,texture,-15,311b0cb0d149288c703d7b7f874efe4538dd416b7b50875b50c3f8a7e2181c2e,keyword:M4,0,0,0,0,,,CANDIDATE_ONLY,P5-T02 atlas/UV comparison
1875,P5T01-C01597,data/rf017/ModelTextures/PLAYERVIEW/PV-OB_M4A1_SILENCER_BRONZE.DTX,texture,-15,7bd5decf733b8d04305e0761036c8e1703816fa917ffba9ae8d87040341269c4,keyword:M4,0,0,0,0,,,CANDIDATE_ONLY,P5-T02 atlas/UV comparison
1876,P5T01-C01598,data/rf017/ModelTextures/PLAYERVIEW/PV-OB_M4A1_SILENCER_CRYSTAL.DTX,texture,-15,8bf5fc3f9b440988a6ccba12db9f2542141401594ab2ce66c0a24643f9f13da3,keyword:M4,0,0,0,0,,,CANDIDATE_ONLY,P5-T02 atlas/UV comparison
1877,P5T01-C01599,data/rf017/ModelTextures/PLAYERVIEW/PV-OB_M4A1_SILENCER_SILVER.DTX,texture,-15,a041a6e30341c8e0fe154cca033790979fe5ce2ba96ec4be52aefbc936cc1302,keyword:M4,0,0,0,0,,,CANDIDATE_ONLY,P5-T02 atlas/UV comparison
1878,P5T01-C01600,data/rf017/ModelTextures/PLAYERVIEW/PV-OB_M4a1_Silencer_SAKURA.DTX,texture,-15,ef2ddd45cbb29827072a81edcd81e033430ba71b632832da816e2ebf386cad67,keyword:M4,0,0,0,0,,,CANDIDATE_ONLY,P5-T02 atlas/UV comparison
1879,P5T01-C01601,data/rf017/ModelTextures/PLAYERVIEW/PV-OB_m4a1_silencer_TigerPattern.DTX,texture,-15,223b6af62b5a7cc4cf951211e8810a8e360e9bfa53d0bbd46e36b7bb04f14f9b,keyword:M4,0,0,0,0,,,CANDIDATE_ONLY,P5-T02 atlas/UV comparison
1880,P5T01-C01602,data/rf017/ModelTextures/PLAYERVIEW/PV-OB_m4a1_silencer_WCG.DTX,texture,-15,c368dec801cb30fa22b58fda6971861467a4562fde0f6ac96e0492224c63e4af,keyword:M4,0,0,0,0,,,CANDIDATE_ONLY,P5-T02 atlas/UV comparison
1881,P5T01-C01603,data/rf017/ModelTextures/PLAYERVIEW/PV-RI_M4A1-S.DTX,texture,-15,802a5fa8c8556366451b6198d6c624ece91af16e58d07f73a93c683adcda4ab9,keyword:M4,0,0,0,0,,,CANDIDATE_ONLY,P5-T02 atlas/UV comparison
1882,P5T01-C01604,data/rf017/ModelTextures/PLAYERVIEW/PV-RI_M4A1-S_Bandage.DTX,texture,-15,b66ab0b963069af472216cbd55348defac7dbf6613383721997b137a9d407c9d,keyword:M4,0,0,0,0,,,CANDIDATE_ONLY,P5-T02 atlas/UV comparison
1883,P5T01-C01605,data/rf017/ModelTextures/PLAYERVIEW/PV-RI_M4A1-X_Gold.DTX,texture,-15,3517d5f9e8b9ae94ceeefa86c3bca334c95c6eb96fc2f1ba18f4096d7e202d5d,keyword:M4,0,0,0,0,,,CANDIDATE_ONLY,P5-T02 atlas/UV comparison
1884,P5T01-C01606,data/rf017/ModelTextures/PLAYERVIEW/PV-RI_M4A1-X_GoldFire.DTX,texture,-15,b180e61ac5719c17899ace7dfc355ef57eb5e3c612620a9fead76c72d9d627c6,keyword:M4,0,0,0,0,,,CANDIDATE_ONLY,P5-T02 atlas/UV comparison
1885,P5T01-C01607,data/rf017/ModelTextures/PLAYERVIEW/PV-RI_M4A1-X_GoldFire_Grip.DTX,texture,-15,da60ff051b5d1f944ceb6d60234dcf20bc55a22732821fc1afdc7eb98f504cc5,keyword:M4,0,0,0,0,,,CANDIDATE_ONLY,P5-T02 atlas/UV comparison
1886,P5T01-C01608,data/rf017/ModelTextures/PLAYERVIEW/PV-RI_M4A1-X_GoldFire_Silencer.DTX,texture,-15,b56160db7ea95a776ee07b06502bde31ca0f291378a8c5eee747ea58bcbb0191,keyword:M4,0,0,0,0,,,CANDIDATE_ONLY,P5-T02 atlas/UV comparison
1887,P5T01-C01609,data/rf017/ModelTextures/PLAYERVIEW/PV-RI_M4A1-X_Gold_Grip.DTX,texture,-15,b8ece0dc837d6a1daa5a20977f00572ce4c953c0fb939cb0112c410aac20c577,keyword:M4,0,0,0,0,,,CANDIDATE_ONLY,P5-T02 atlas/UV comparison
1888,P5T01-C01610,data/rf017/ModelTextures/PLAYERVIEW/PV-RI_M4A1-X_Gold_Silencer.DTX,texture,-15,13e35fe2525bb31387d5b228e278cee491e9e571438199492d6b41ee4aa3bb45,keyword:M4,0,0,0,0,,,CANDIDATE_ONLY,P5-T02 atlas/UV comparison
1889,P5T01-C01611,data/rf017/ModelTextures/PLAYERVIEW/PV-RI_M4A1_CUSTOM_BLACK.DTX,texture,-15,ee59aae3804d5823546abb655a7565b89c247d609ef9f86c04bcb7267181999a,keyword:M4,0,0,0,0,,,CANDIDATE_ONLY,P5-T02 atlas/UV comparison
1890,P5T01-C01612,data/rf017/ModelTextures/PLAYERVIEW/PV-RI_M4A1_GOLD.DTX,texture,-15,4dad3d6cdda5f880c45afcf137b676556617cb68af46bde8517e81ebea0e8ace,keyword:M4,0,0,0,0,,,CANDIDATE_ONLY,P5-T02 atlas/UV comparison
1891,P5T01-C01613,data/rf017/ModelTextures/PLAYERVIEW/PV-RI_M4A1_SILENCER_BRONZE.DTX,texture,-15,1931c1448492573910e4cd1c63161487c2f5a7f648f418150890ba349ce445a4,keyword:M4,0,0,0,0,,,CANDIDATE_ONLY,P5-T02 atlas/UV comparison
1892,P5T01-C01614,data/rf017/ModelTextures/PLAYERVIEW/PV-RI_M4A1_SILENCER_CRYSTAL.DTX,texture,-15,c640edf3b2b443e191ef0de5e319f5013e18bfd368edfe72a543bb80c3805a46,keyword:M4,0,0,0,0,,,CANDIDATE_ONLY,P5-T02 atlas/UV comparison
1893,P5T01-C01615,data/rf017/ModelTextures/PLAYERVIEW/PV-RI_M4A1_SILENCER_SILVER.DTX,texture,-15,9137315708c8187782b8eff73a06ddf5617e165714936e2615f76b03fa5f2eec,keyword:M4,0,0,0,0,,,CANDIDATE_ONLY,P5-T02 atlas/UV comparison
1894,P5T01-C01616,data/rf017/ModelTextures/PLAYERVIEW/PV-RI_M4A1_TigerPattern.DTX,texture,-15,a13a3b0cb537deb8d8f77bbbbee65badc724b934b1cfc1d6f56214cd859b81d0,keyword:M4,0,0,0,0,,,CANDIDATE_ONLY,P5-T02 atlas/UV comparison
1895,P5T01-C01617,data/rf017/ModelTextures/PLAYERVIEW/PV-RI_M4a1-NEW.DTX,texture,-15,6f2bb3daeaa1b11a1c92fa28bbf4c0961350a51055b8978e6d6fa2e260912257,keyword:M4,0,0,0,0,,,CANDIDATE_ONLY,P5-T02 atlas/UV comparison
1896,P5T01-C01618,data/rf017/ModelTextures/PLAYERVIEW/PV-RI_M4a1-X.DTX,texture,-15,d1135861aa7439b4d61e4b47f4323a5d06d9062d5c79ee804a9fbc042ab59e60,keyword:M4,0,0,0,0,,,CANDIDATE_ONLY,P5-T02 atlas/UV comparison
1897,P5T01-C01619,data/rf017/ModelTextures/PLAYERVIEW/PV-RI_M4a1_Silencer_SAKURA.DTX,texture,-15,28c497e46e843c157f786b698eb5dd18b2f564fc7f7e6881d5cc7a5453a083be,keyword:M4,0,0,0,0,,,CANDIDATE_ONLY,P5-T02 atlas/UV comparison
1898,P5T01-C01620,data/rf017/ModelTextures/PLAYERVIEW/PV-RI_M4a1_Silencer_WCG.DTX,texture,-15,8d32732763aad7f3041e1850ceda36b80422bd51c1afe83aad6a9acc41d5e7fa,keyword:M4,0,0,0,0,,,CANDIDATE_ONLY,P5-T02 atlas/UV comparison
1899,P5T01-C01621,data/rf017/ModelTextures/PLAYERVIEW/PV-RI_m4a1_Christmas.DTX,texture,-15,30d3d55bf655faae16e84ce00631ea22a751c4ac1382dd4aaff54ce857820a33,keyword:M4,0,0,0,0,,,CANDIDATE_ONLY,P5-T02 atlas/UV comparison
1900,P5T01-C01622,data/rf017/ModelTextures/PLAYERVIEW/PV-m4a1_QT.DTX,texture,-15,47f6eaa140da69553fce3c1a9d6659f3edd072d1cdb2c35894c4fd5883e89a2b,keyword:M4,0,0,0,0,,,CANDIDATE_ONLY,P5-T02 atlas/UV comparison
1901,P5T01-C01623,data/rf017/ModelTextures/PLAYERVIEW/PV-m4a1_origin_world.DTX,texture,-15,d055a11c87bbb22f848ce164744c9a69054ac370466777897d25807acd8b3fd5,keyword:M4,0,0,0,0,,,CANDIDATE_ONLY,P5-T02 atlas/UV comparison
1902,P5T01-C01624,data/rf017/ModelTextures/PLAYERVIEW/PV_M4A1-S DC.DTX,texture,-15,e102e3ebdd3427456a78514eb1acdabea33d76d31e5673e66fafaa7eadbe17ac,keyword:M4,0,0,0,0,,,CANDIDATE_ONLY,P5-T02 atlas/UV comparison
1903,P5T01-C01625,data/rf017/ModelTextures/PLAYERVIEW/PV_M4A1-S DC_Silencer.DTX,texture,-15,f6b4dba7cbae2f7ba38ac09ac5d18c9a565e4a0e3571278fa4347daddbfd879d,keyword:M4,0,0,0,0,,,CANDIDATE_ONLY,P5-T02 atlas/UV comparison
1904,P5T01-C01626,data/rf017/ModelTextures/PLAYERVIEW/PV_M4A1_Parts_Advance.DTX,texture,-15,498b34e4b16929770f995555d6d6ca8bdb0c936c7aa83c39b987cd990de1345f,keyword:M4,0,0,0,0,,,CANDIDATE_ONLY,P5-T02 atlas/UV comparison
1905,P5T01-C01627,data/rf017/ModelTextures/PLAYERVIEW/PV_RI_M4A1_3RDANNIV.DTX,texture,-15,fa5c8c30a8832aa8ddb2fd913ad4190c75acd495b3f1d8882d411f5501b24d9a,keyword:M4,0,0,0,0,,,CANDIDATE_ONLY,P5-T02 atlas/UV comparison
1906,P5T01-C01628,data/rf017/ModelTextures/PLAYERVIEW/PV_RI_M4a1_RedDragon.DTX,texture,-15,b610854a6d47fad0c94dea2f442c81f1e86a289c366021b23f27fa1de7df900b,keyword:M4,0,0,0,0,,,CANDIDATE_ONLY,P5-T02 atlas/UV comparison
1907,P5T01-C01629,data/rf017/ModelTextures/PLAYERVIEW/PV_RI_M4a1_Silence_RedDragon.DTX,texture,-15,99570f1147d7fa0bfb61b91dbbc6778d2dffe408ffac1a15d33e7b45adafa880,keyword:M4,0,0,0,0,,,CANDIDATE_ONLY,P5-T02 atlas/UV comparison
1908,P5T01-C01630,data/rf017/ModelTextures/PLAYERVIEW/PV_m4a1EX_Advance.DTX,texture,-15,c7dfc02c62a9f64cbed82f019b6e7b0f6d16ad0e935c42863d7314c43133ba37,keyword:M4,0,0,0,0,,,CANDIDATE_ONLY,P5-T02 atlas/UV comparison
1909,P5T01-C01631,data/rf017/ModelTextures/PLAYERVIEW/PV_m4a1_E_Pink.DTX,texture,-15,4f125ee0ab4e84e404be7ab21d4d14c1852fa9083a42c2535bdccffb22e99bc9,keyword:M4,0,0,0,0,,,CANDIDATE_ONLY,P5-T02 atlas/UV comparison
1910,P5T01-C01632,data/rf017/ModelTextures/PLAYERVIEW/PV_m4a1_halloween.DTX,texture,-15,f783f56dafcb6be413f9558f197ea2a986587fd87c20ef1a52d143d11f1c9381,keyword:M4,0,0,0,0,,,CANDIDATE_ONLY,P5-T02 atlas/UV comparison
1911,P5T01-C01633,data/rf017/ModelTextures/PLAYERVIEW/pv-M4A1-Blue Crystal.DTX,texture,-15,75d80cede7657ed55405ab200f9d861b32e04b427f61082b55a9101b465c90b3,keyword:M4,0,0,0,0,,,CANDIDATE_ONLY,P5-T02 atlas/UV comparison
1912,P5T01-C01634,data/rf017/ModelTextures/PLAYERVIEW/pv-M4A1_S_PinkCrystal.DTX,texture,-15,ca3f2a2456372ee42d74c50e70576377f9788b36440962cba41d12081d0db4b9,keyword:M4,0,0,0,0,,,CANDIDATE_ONLY,P5-T02 atlas/UV comparison
1913,P5T01-C01635,data/rf017/ModelTextures/PLAYERVIEW/pv-m4a1_2015cfs.DTX,texture,-15,620e2ca934f87e6df350d605e0bca6edc21483462a06bd76627253ba4647d47e,keyword:M4,0,0,0,0,,,CANDIDATE_ONLY,P5-T02 atlas/UV comparison
1914,P5T01-C01637,data/rf017/ModelTextures/Shader/WeaponShader/M4A1-Blue Crystal.CFG,shader,-15,075133fcb664581755cf5b0f4f85c9b78540097f7be73d15616030e24ae35187,keyword:M4,0,0,0,0,,,CANDIDATE_ONLY,P5-T03 material graph closure
1915,P5T01-C01638,data/rf017/ModelTextures/Shader/WeaponShader/M4A1-S-Lily.CFG,shader,-15,0a90c6370a77f34b7308a53a193828c02fd3b919714732300215264442c31b66,keyword:M4,0,0,0,0,,,CANDIDATE_ONLY,P5-T03 material graph closure
1916,P5T01-C01639,data/rf017/ModelTextures/Shader/WeaponShader/M4A1-S_UltimateSilver.CFG,shader,-15,d2a53cd603588f6b715b62ae4f2c0da9c575e1359e2caf979565dce0d1e72880,keyword:M4,0,0,0,0,,,CANDIDATE_ONLY,P5-T03 material graph closure
1917,P5T01-C01640,data/rf017/ModelTextures/Shader/WeaponShader/M4A1_C_UltimateGold.CFG,shader,-15,22b6c585c4dfc906968bc95ce390aa52da3ba6a816aa528b6165bdaca0e0b906,keyword:M4,0,0,0,0,,,CANDIDATE_ONLY,P5-T03 material graph closure
1918,P5T01-C01641,data/rf017/ModelTextures/Shader/WeaponShader/M4A1_Custom_RedCrystal.CFG,shader,-15,602b39b91f853ff21f853ac8f5bd65ff8845469b011bbbaf89e7667766ca1256,keyword:M4,0,0,0,0,,,CANDIDATE_ONLY,P5-T03 material graph closure
1919,P5T01-C01642,data/rf017/ModelTextures/Shader/WeaponShader/M4A1_Custom_violetCrystal.CFG,shader,-15,1dee861884cd96724eb613c0c3297ab359d82f43510263511b564be6369d7165,keyword:M4,0,0,0,0,,,CANDIDATE_ONLY,P5-T03 material graph closure
1920,P5T01-C01643,data/rf017/ModelTextures/Shader/WeaponShader/M4A1_Phoenix.CFG,shader,-15,b85e6065791aa94e80bce448c376fe60664ab9e43abc6b602fdfafcdd9efca04,keyword:M4,0,0,0,0,,,CANDIDATE_ONLY,P5-T03 material graph closure
1921,P5T01-C01645,data/rf017/ModelTextures/Shader/WeaponShader/M4A1_S_BlueDiamond.CFG,shader,-15,78e4a438516db22699fabb44bf4863d4a645a7f395ddb8978f25bc2d6cddedd8,keyword:M4,0,0,0,0,,,CANDIDATE_ONLY,P5-T03 material graph closure
1922,P5T01-C01649,data/rf017/ModelTextures/Shader/WeaponShader/M4A1_S_PinkCrystal.CFG,shader,-15,1551db6ac556750a4fa2611f99b6acdc62b450bc334390e8c7c6b62aef9c00fa,keyword:M4,0,0,0,0,,,CANDIDATE_ONLY,P5-T03 material graph closure
1923,P5T01-C01650,data/rf017/ModelTextures/Shader/WeaponShader/M4A1_S_SAKURA2.CFG,shader,-15,a6d4b7348a15e7a414a3020b14abf278c5b59c04776826d1b624b8e2ba19508e,keyword:M4,0,0,0,0,,,CANDIDATE_ONLY,P5-T03 material graph closure
1924,P5T01-C01651,data/rf017/ModelTextures/Shader/WeaponShader/M4A1_S_SonWukong.CFG,shader,-15,beb1c36e7f6877c10fa37c11b19bd28d86ca93c4bf30f403854bc4fd7580c24a,keyword:M4,0,0,0,0,,,CANDIDATE_ONLY,P5-T03 material graph closure
1925,P5T01-C01653,data/rf017/ModelTextures/Shader/WeaponShader/M4A1_S_UltimateGold.CFG,shader,-15,0bb3436191ead87ed2a1783c17a191b5afb3d385efb989655712f490c60cf9c0,keyword:M4,0,0,0,0,,,CANDIDATE_ONLY,P5-T03 material graph closure
1926,P5T01-C01654,data/rf017/ModelTextures/Shader/WeaponShader/M4A1_Silencer_DMZ.CFG,shader,-15,d45249a6e14dbb504aad1470bd5939f59409f7749f8ae921e98b6fadd9eb7f90,keyword:M4,0,0,0,0,,,CANDIDATE_ONLY,P5-T03 material graph closure
1927,P5T01-C01655,data/rf017/ModelTextures/Shader/WeaponShader/M4A1_Silencer_Peony.CFG,shader,-15,18c94c1c7ee95f85a90ac8d53923b1470c8506cfc02f869f250fabbc51dc4052,keyword:M4,0,0,0,0,,,CANDIDATE_ONLY,P5-T03 material graph closure
1928,P5T01-C01656,data/rf017/ModelTextures/Shader/WeaponShader/M4A1_Silencer_PlatinumBlue.CFG,shader,-15,b7640e59d45654cac9547f8ddf4dc89c977c9d35a6c55c62a433564f502bea87,keyword:M4,0,0,0,0,,,CANDIDATE_ONLY,P5-T03 material graph closure
1929,P5T01-C01658,data/rf017/ModelTextures/Shader/WeaponShader/M4A1_Silencer_TurtleShell.CFG,shader,-15,b8258cea04f645cf6d10c6c1da960cb14b7cb4199cc498d28c2c02fa9e74dfcc,keyword:M4,0,0,0,0,,,CANDIDATE_ONLY,P5-T03 material graph closure
1930,P5T01-C01659,data/rf017/ModelTextures/Shader/WeaponShader/M4A1_XS_Jade.CFG,shader,-15,d9ec137fde0254fd4fa829bdf8fe2d1a58a72d6fd9f26c9167657c2ec90c79ed,keyword:M4,0,0,0,0,,,CANDIDATE_ONLY,P5-T03 material graph closure
1931,P5T01-C01660,data/rf017/ModelTextures/Shader/WeaponShader/M4A1_XS_RoyalDragon2.CFG,shader,-15,4d4442c850e75642d29cb7f29819189e47ebe48c9d77d1644d1097c5707753a8,keyword:M4,0,0,0,0,,,CANDIDATE_ONLY,P5-T03 material graph closure
1932,P5T01-C01661,data/rf017/ModelTextures/Shader/WeaponShader/M4A1_XS_RoyalDragon4.CFG,shader,-15,cedf45b0babe21d215e55c6ff64c6e9d8cf6582281a6bb24d60b5423a1c76979,keyword:M4,0,0,0,0,,,CANDIDATE_ONLY,P5-T03 material graph closure
1933,P5T01-C01667,data/rf017/ModelTextures/SpecularMap/M4A1-Blue Crystal_S.TGA,texture,-15,54a17fd38574f26b6a7f0511262176ec03d20498ec99558c7c6c18e2405a2eab,keyword:M4,0,0,0,0,,,CANDIDATE_ONLY,P5-T02 atlas/UV comparison
1934,P5T01-C01668,data/rf017/ModelTextures/SpecularMap/M4A1-S-Lily_S.TGA,texture,-15,f57ed1aca052f94525798974c047421a85880ff1cc7a7afb13355c68df65f5d7,keyword:M4,0,0,0,0,,,CANDIDATE_ONLY,P5-T02 atlas/UV comparison
1935,P5T01-C01669,data/rf017/ModelTextures/SpecularMap/M4A1-s-silver01_S.TGA,texture,-15,dedc4b99edde4e5938279a3674ad46f7a7a2969197584f3f0f0c653978fc4166,keyword:M4,0,0,0,0,,,CANDIDATE_ONLY,P5-T02 atlas/UV comparison
1936,P5T01-C01670,data/rf017/ModelTextures/SpecularMap/M4A1-s-silver_S.TGA,texture,-15,79384921d6a0d163031a46f66f02d2402e8063d38ad1caabe9d48c03884d0c10,keyword:M4,0,0,0,0,,,CANDIDATE_ONLY,P5-T02 atlas/UV comparison
1937,P5T01-C01671,data/rf017/ModelTextures/SpecularMap/M4A1_C_UltimateGold_S.TGA,texture,-15,b113f6d2897dad4e19896acdf398c07ffb231f7b1e204936cf01ccba8d9dcf86,keyword:M4,0,0,0,0,,,CANDIDATE_ONLY,P5-T02 atlas/UV comparison
1938,P5T01-C01672,data/rf017/ModelTextures/SpecularMap/M4A1_Custom_RedCrystal_S.TGA,texture,-15,c750a8d727c70f327c9c80067ebd0eeb66724084dcc77b034346c9408cc43dca,keyword:M4,0,0,0,0,,,CANDIDATE_ONLY,P5-T02 atlas/UV comparison
1939,P5T01-C01673,data/rf017/ModelTextures/SpecularMap/M4A1_Custom_RedCrystal_S01.TGA,texture,-15,a5e774e40fbdcf8b2db9d92821a089f32446d0aea120a361562d1ff930caea0e,keyword:M4,0,0,0,0,,,CANDIDATE_ONLY,P5-T02 atlas/UV comparison
1940,P5T01-C01674,data/rf017/ModelTextures/SpecularMap/M4A1_Custom_violetCrystal_S.TGA,texture,-15,7aee0137ec51bf1e59df9763b24d97e2759a375ca7e870039aa85e04b4718359,keyword:M4,0,0,0,0,,,CANDIDATE_ONLY,P5-T02 atlas/UV comparison
1941,P5T01-C01675,data/rf017/ModelTextures/SpecularMap/M4A1_Custom_violetCrystal_S01.TGA,texture,-15,efa4d090f46bd5e9f810cc5c87f4610a1c26843562d95db23430c501073fd0ff,keyword:M4,0,0,0,0,,,CANDIDATE_ONLY,P5-T02 atlas/UV comparison
1942,P5T01-C01677,data/rf017/ModelTextures/SpecularMap/M4A1_S_BlueDiamond_S.TGA,texture,-15,153417313d687abbe3e9f056332298732b7609a70284cd43e01bfdcc14a761dd,keyword:M4,0,0,0,0,,,CANDIDATE_ONLY,P5-T02 atlas/UV comparison
1943,P5T01-C01682,data/rf017/ModelTextures/SpecularMap/M4A1_S_PinkCrystal01_S.TGA,texture,-15,3bcab396704bea0f117c9e4d3c11c17dda14514e7f94e6f4550830d0f5cb442d,keyword:M4,0,0,0,0,,,CANDIDATE_ONLY,P5-T02 atlas/UV comparison
1944,P5T01-C01683,data/rf017/ModelTextures/SpecularMap/M4A1_S_PinkCrystal_S.TGA,texture,-15,76c0a258801f6fee66cfee3d767c297d628f365c4c0fa27c6632e28d5a943341,keyword:M4,0,0,0,0,,,CANDIDATE_ONLY,P5-T02 atlas/UV comparison
1945,P5T01-C01684,data/rf017/ModelTextures/SpecularMap/M4A1_S_SAKURA_S.TGA,texture,-15,c46b78afcd18d464145f0ba3754a29250fad7c90d17c7550d8bd0e097ca3934f,keyword:M4,0,0,0,0,,,CANDIDATE_ONLY,P5-T02 atlas/UV comparison
1946,P5T01-C01685,data/rf017/ModelTextures/SpecularMap/M4A1_S_SonWukong_S.PNG,texture,-15,7ea8a2c16eccf163e62ad0ce6f4d04b925033e6ad2a8feb7a8e626dbebb5e784,keyword:M4,0,0,0,0,,,CANDIDATE_ONLY,P5-T02 atlas/UV comparison
1947,P5T01-C01687,data/rf017/ModelTextures/SpecularMap/M4A1_S_UltimateGold_S.TGA,texture,-15,90a385301b9f1bcf464a66369752edac2500dc8fa878c34ef4596402a0cad98c,keyword:M4,0,0,0,0,,,CANDIDATE_ONLY,P5-T02 atlas/UV comparison
1948,P5T01-C01688,data/rf017/ModelTextures/SpecularMap/M4A1_Silencer_DMZ_S.TGA,texture,-15,57c0ce2ffb2e3da035c3f9cd91d15136a7c2ee2c6718b5cca3889fb4766954be,keyword:M4,0,0,0,0,,,CANDIDATE_ONLY,P5-T02 atlas/UV comparison
1949,P5T01-C01689,data/rf017/ModelTextures/SpecularMap/M4A1_Silencer_Peony_S.TGA,texture,-15,deb59ef996faaa2c7000babd43af31f7c62b2a360685f574e0428b4381bed63b,keyword:M4,0,0,0,0,,,CANDIDATE_ONLY,P5-T02 atlas/UV comparison
1950,P5T01-C01690,data/rf017/ModelTextures/SpecularMap/M4A1_Silencer_PlatinumBlue_S.TGA,texture,-15,1c99e5d04cf6328d10c99aad971ecc7f4d5ecc78d9ecf83bcabc8d6af73b4e77,keyword:M4,0,0,0,0,,,CANDIDATE_ONLY,P5-T02 atlas/UV comparison
1951,P5T01-C01695,data/rf017/ModelTextures/SpecularMap/M4A1_Silencer_TurtleShell_S.TGA,texture,-15,ca6590733fa5e0e1543edb03e52b1b02e9d9ea5d9c559058054bfa32c944f7f8,keyword:M4,0,0,0,0,,,CANDIDATE_ONLY,P5-T02 atlas/UV comparison
1952,P5T01-C01696,data/rf017/ModelTextures/SpecularMap/M4A1_XS_Jade_s.TGA,texture,-15,2cd0f82c8aa5482affe0c253735f234450adc95526fabdcdeba78818c140fe86,keyword:M4,0,0,0,0,,,CANDIDATE_ONLY,P5-T02 atlas/UV comparison
1953,P5T01-C01697,data/rf017/ModelTextures/SpecularMap/M4A1_XS_RoyalDragon2_S.TGA,texture,-15,145e1b51c628eacafcf4f5c6f1abf8da2a75fab389fccc021c7a45e7dce3868d,keyword:M4,0,0,0,0,,,CANDIDATE_ONLY,P5-T02 atlas/UV comparison
1954,P5T01-C01698,data/rf017/ModelTextures/SpecularMap/M4A1_XS_RoyalDragon4_S.TGA,texture,-15,da87cf1c7d592feb9f81123bb172b52f0ceab40a53c4eaa0cd5c6a101cca3ccc,keyword:M4,0,0,0,0,,,CANDIDATE_ONLY,P5-T02 atlas/UV comparison
1955,P5T01-C01699,data/rf017/ModelTextures/SpecularMap/M4A1_phoenix_S.TGA,texture,-15,7eda94b15860e506d14a3aeb550b88b5b7e32691fd1c238be44e8e7d8e8a1bc6,keyword:M4,0,0,0,0,,,CANDIDATE_ONLY,P5-T02 atlas/UV comparison
1956,P5T01-C01700,data/rf017/ModelTextures/SpecularMap/PV-M4A1_RoyalDragon_s.DTX,texture,-15,0151b3de34ef1a52a373f4939c5cd91144ac4fae6e532b4f48d23a66083d2474,keyword:M4,0,0,0,0,,,CANDIDATE_ONLY,P5-T02 atlas/UV comparison
1957,P5T01-C01701,data/rf017/ModelTextures/SpecularMap/PV-RI_M4A1-S_Bandage_s.DTX,texture,-15,d8689b8e3e00b2e7da628d00fe6ce60fe9891b5d15a2c9f125b12f697135f5bd,keyword:M4,0,0,0,0,,,CANDIDATE_ONLY,P5-T02 atlas/UV comparison
1958,P5T01-C01702,data/rf017/ModelTextures/SpecularMap/PV-RI_M4A1-S_s.DTX,texture,-15,bb0c3f9803f9e484158584c1958a248a3ce275c2a2beba1d4f9b21ccf80f48d6,keyword:M4,0,0,0,0,,,CANDIDATE_ONLY,P5-T02 atlas/UV comparison
1959,P5T01-C01705,data/rf017/ModelTextures/WEAPONS/L-M4A1.DTX,texture,-15,38d566adb963417955b79c37bbacc0defb43be69a307d00d3de37176a4a84ad8,keyword:M4,0,0,0,0,,,CANDIDATE_ONLY,P5-T02 atlas/UV comparison
1960,P5T01-C01706,data/rf017/ModelTextures/WEAPONS/L-M4A1_SILENCER.DTX,texture,-15,001df1a187f62bbdacc745376b1780b147c4469ddd8f3b3f24561fc8c0c10799,keyword:M4,0,0,0,0,,,CANDIDATE_ONLY,P5-T02 atlas/UV comparison
1961,P5T01-C01707,data/rf017/ModelTextures/WEAPONS/L-M4A1_SILENCER_CAMO.DTX,texture,-15,48a3bd237592264f8da4fa913452a64659c514c50dc85ee009e48de73232f2fc,keyword:M4,0,0,0,0,,,CANDIDATE_ONLY,P5-T02 atlas/UV comparison
1962,P5T01-C01708,data/rf017/ModelTextures/WEAPONS/M4A1-S DC.DTX,texture,-15,5e011bd8b9cb392d93874bd58dc407572ba4336b942be0c1615176a10be77fb2,keyword:M4,0,0,0,0,,,CANDIDATE_ONLY,P5-T02 atlas/UV comparison
1963,P5T01-C01709,data/rf017/ModelTextures/WEAPONS/M4A1-S DC_Silencer.DTX,texture,-15,e28d54dd345f8063e453812f2e52b558eb6d82ef3900f7c75f6c0d5b462c190e,keyword:M4,0,0,0,0,,,CANDIDATE_ONLY,P5-T02 atlas/UV comparison
1964,P5T01-C01710,data/rf017/ModelTextures/WEAPONS/M4A1_QQ.DTX,texture,-15,4bc7c5faa5d84bd1c9370be454f9f193d98915335c654d12dbd77edf4a018424,keyword:M4,0,0,0,0,,,CANDIDATE_ONLY,P5-T02 atlas/UV comparison
1965,P5T01-C01711,data/rf017/ModelTextures/WEAPONS/QV-M4A1 NEW_camo.DTX,texture,-15,97b810ef262bdb6e3a62d3bbb9892c00f25a7dbc227b63c8d48b893202736550,keyword:M4,0,0,0,0,,,CANDIDATE_ONLY,P5-T02 atlas/UV comparison
1966,P5T01-C01712,data/rf017/ModelTextures/WEAPONS/QV-M4A1 NEW_gold.DTX,texture,-15,4d58213e78f0d40db3c1f749507b74f38301d36537827e0963fcf006a367ef63,keyword:M4,0,0,0,0,,,CANDIDATE_ONLY,P5-T02 atlas/UV comparison
1967,P5T01-C01713,data/rf017/ModelTextures/WEAPONS/QV-M4A1 NEW_gold_Grip.DTX,texture,-15,b6793c6c2483b7634e107ce3fc18153350f2b438a10dc56b92474e316473a187,keyword:M4,0,0,0,0,,,CANDIDATE_ONLY,P5-T02 atlas/UV comparison
1968,P5T01-C01714,data/rf017/ModelTextures/WEAPONS/QV-M4A1-Blue Crystal.DTX,texture,-15,f4b57561423da11784f247703b53870d8d91c020d42ae8669a5b92c37c796c94,keyword:M4,0,0,0,0,,,CANDIDATE_ONLY,P5-T02 atlas/UV comparison
1969,P5T01-C01715,data/rf017/ModelTextures/WEAPONS/QV-M4A1-RoyalDragon_silencer.DTX,texture,-15,b645368a8c709eee2790b19c86e206b7b605c7c08581223f21db6ca85a859bd4,keyword:M4,0,0,0,0,,,CANDIDATE_ONLY,P5-T02 atlas/UV comparison
1970,P5T01-C01716,data/rf017/ModelTextures/WEAPONS/QV-M4A1-S-Lily.DTX,texture,-15,3d6d4190013af3bca97272b7c4ba5b04d201f1131026288bf26cea30b18fc78b,keyword:M4,0,0,0,0,,,CANDIDATE_ONLY,P5-T02 atlas/UV comparison
1971,P5T01-C01717,data/rf017/ModelTextures/WEAPONS/QV-M4A1-X_HALLOWEEN.DTX,texture,-15,ab71e0e2da91868b02602806cdb05de330722d5a78e7fa73b18e79b58fe2832c,keyword:M4,0,0,0,0,,,CANDIDATE_ONLY,P5-T02 atlas/UV comparison
1972,P5T01-C01719,data/rf017/ModelTextures/WEAPONS/QV-M4A1-s-silver.DTX,texture,-15,da875246f46d16362af54137d3eec58beb9d38609c4eff40eaa4d10646f8737f,keyword:M4,0,0,0,0,,,CANDIDATE_ONLY,P5-T02 atlas/UV comparison
1973,P5T01-C01720,data/rf017/ModelTextures/WEAPONS/QV-M4A1_Blossoms.DTX,texture,-15,d96cb290ef65979b6eef902603290094cefc4dabf8839d4ac8b11156c8ec12dc,keyword:M4,0,0,0,0,,,CANDIDATE_ONLY,P5-T02 atlas/UV comparison
1974,P5T01-C01721,data/rf017/ModelTextures/WEAPONS/QV-M4A1_Blossoms_silencer.DTX,texture,-15,b4564ec3098f0ef1e32544ef5998383aad245ed85c809d3a4cd962d3a1ec3bfd,keyword:M4,0,0,0,0,,,CANDIDATE_ONLY,P5-T02 atlas/UV comparison
1975,P5T01-C01722,data/rf017/ModelTextures/WEAPONS/QV-M4A1_CFS2014.DTX,texture,-15,e80ecaf4a63b6edbb350af12420c005a610e9cc8ca77a16d5569b4b86629efbf,keyword:M4,0,0,0,0,,,CANDIDATE_ONLY,P5-T02 atlas/UV comparison
1976,P5T01-C01723,data/rf017/ModelTextures/WEAPONS/QV-M4A1_C_UltimateGold.DTX,texture,-15,8ce696fdf1df0e240a0f002dfbe37847b9a37ddf78ecce3c827755cffdee9df8,keyword:M4,0,0,0,0,,,CANDIDATE_ONLY,P5-T02 atlas/UV comparison
1977,P5T01-C01724,data/rf017/ModelTextures/WEAPONS/QV-M4A1_Custom_RedCrystal.DTX,texture,-15,341883225e506cd0ad91c87b356c17d7633aa40e6eb074b6ae10b4a7b9e3866f,keyword:M4,0,0,0,0,,,CANDIDATE_ONLY,P5-T02 atlas/UV comparison
1978,P5T01-C01725,data/rf017/ModelTextures/WEAPONS/QV-M4A1_Custom_RedCrystal01.DTX,texture,-15,127820bd13aa95df118c5b3398b5a43398434624987fa32146acae3f42f4e6a1,keyword:M4,0,0,0,0,,,CANDIDATE_ONLY,P5-T02 atlas/UV comparison
1979,P5T01-C01726,data/rf017/ModelTextures/WEAPONS/QV-M4A1_Custom_violetCrystal.DTX,texture,-15,51f999f6f13f2fdee99c226c8c0cf8fc09b6942407cbd73432a7a9c17cfac542,keyword:M4,0,0,0,0,,,CANDIDATE_ONLY,P5-T02 atlas/UV comparison
1980,P5T01-C01727,data/rf017/ModelTextures/WEAPONS/QV-M4A1_Custom_violetCrystal01.DTX,texture,-15,161c8a7523244401b3d8e80bbe0f2a912208f957f1652500b649a8a1c2fb4a34,keyword:M4,0,0,0,0,,,CANDIDATE_ONLY,P5-T02 atlas/UV comparison
1981,P5T01-C01728,data/rf017/ModelTextures/WEAPONS/QV-M4A1_RoyalDragon.DTX,texture,-15,9568df95505ba2a2539b8c91d2ea112d90392a7dcd869024d58210384eba3330,keyword:M4,0,0,0,0,,,CANDIDATE_ONLY,P5-T02 atlas/UV comparison
1982,P5T01-C01729,data/rf017/ModelTextures/WEAPONS/QV-M4A1_SILENCER-Silver.DTX,texture,-15,e42672b963dd4b4333eeb43a81b14643de21547d8bc1b799a4072b41ae6e3b66,keyword:M4,0,0,0,0,,,CANDIDATE_ONLY,P5-T02 atlas/UV comparison
1983,P5T01-C01730,data/rf017/ModelTextures/WEAPONS/QV-M4A1_SILENCER_QT.DTX,texture,-15,ada8435efd2b3aad14d8f62d2e26a1f9b7070a06f6bf4e0e326a0886cc30fc14,keyword:M4,0,0,0,0,,,CANDIDATE_ONLY,P5-T02 atlas/UV comparison
1984,P5T01-C01732,data/rf017/ModelTextures/WEAPONS/QV-M4A1_S_BlueDiamond.DTX,texture,-15,1bd4294b57917426542a1281cbb5960cdb64e4af5ae4b3e4badd92b3d1e90241,keyword:M4,0,0,0,0,,,CANDIDATE_ONLY,P5-T02 atlas/UV comparison
1985,P5T01-C01736,data/rf017/ModelTextures/WEAPONS/QV-M4A1_S_PinkCrystal.DTX,texture,-15,bcf2930d6af8b8a7af6631713b957c9d97bd9f9f198f8d0cb690f284e943cf59,keyword:M4,0,0,0,0,,,CANDIDATE_ONLY,P5-T02 atlas/UV comparison
1986,P5T01-C01737,data/rf017/ModelTextures/WEAPONS/QV-M4A1_S_PinkCrystal01.DTX,texture,-15,6ccceff936989ea27ef18a66950f846af47542d03192537ce10892940aa66da5,keyword:M4,0,0,0,0,,,CANDIDATE_ONLY,P5-T02 atlas/UV comparison
1987,P5T01-C01738,data/rf017/ModelTextures/WEAPONS/QV-M4A1_S_SAKURA2.DTX,texture,-15,6eefba52922cc3823cec944911481a6d2416dcf1309b8feaca1ce8dafc5ef1cf,keyword:M4,0,0,0,0,,,CANDIDATE_ONLY,P5-T02 atlas/UV comparison
1988,P5T01-C01739,data/rf017/ModelTextures/WEAPONS/QV-M4A1_S_Sampaguita2015.DTX,texture,-15,2aecd9a0d255c1ea198b398813a3ba97eaaa30bc9e000a4adf16be9746a04d68,keyword:M4,0,0,0,0,,,CANDIDATE_ONLY,P5-T02 atlas/UV comparison
1989,P5T01-C01740,data/rf017/ModelTextures/WEAPONS/QV-M4A1_S_SonWukong.DTX,texture,-15,59715baec29ba318d0fe3be4aef61f0e03a7e8847be055703d6302f3dad8069e,keyword:M4,0,0,0,0,,,CANDIDATE_ONLY,P5-T02 atlas/UV comparison
1990,P5T01-C01742,data/rf017/ModelTextures/WEAPONS/QV-M4A1_S_UltimateGold.DTX,texture,-15,bd01c4cbd5af0773396690271d03ecc877f44ee72f3279406419c7917c3d5590,keyword:M4,0,0,0,0,,,CANDIDATE_ONLY,P5-T02 atlas/UV comparison
1991,P5T01-C01743,data/rf017/ModelTextures/WEAPONS/QV-M4A1_Silencer_DMZ.DTX,texture,-15,4ed38c9001ba89f7156671c0e69a30a507674a6856979bfddba0eea751c6d1fb,keyword:M4,0,0,0,0,,,CANDIDATE_ONLY,P5-T02 atlas/UV comparison
1992,P5T01-C01744,data/rf017/ModelTextures/WEAPONS/QV-M4A1_Silencer_DualMag_Sampaguita.DTX,texture,-15,88137d3fdc5e85e7e33264ff63d4b335ee620c9d7d011752519b62a1956e74d2,keyword:M4,0,0,0,0,,,CANDIDATE_ONLY,P5-T02 atlas/UV comparison
1993,P5T01-C01745,data/rf017/ModelTextures/WEAPONS/QV-M4A1_Silencer_Peony.DTX,texture,-15,4c70544d778b6e698ccfd7a57123bfc0da61ac5382ef08772af89832ada7b43a,keyword:M4,0,0,0,0,,,CANDIDATE_ONLY,P5-T02 atlas/UV comparison
1994,P5T01-C01746,data/rf017/ModelTextures/WEAPONS/QV-M4A1_Silencer_PlatinumBlue.DTX,texture,-15,980788d2e3983a4442f05406817b5a88182751abd2d63d61fb5c1ff91e74f18a,keyword:M4,0,0,0,0,,,CANDIDATE_ONLY,P5-T02 atlas/UV comparison
1995,P5T01-C01750,data/rf017/ModelTextures/WEAPONS/QV-M4A1_Silencer_TurtleShell.DTX,texture,-15,82e558eb9251ca7ef14a4de72d4220b50b3c524a52a3174bdd4c8a5bd82a97bb,keyword:M4,0,0,0,0,,,CANDIDATE_ONLY,P5-T02 atlas/UV comparison
1996,P5T01-C01751,data/rf017/ModelTextures/WEAPONS/QV-M4A1_XS_Jade.DTX,texture,-15,72cf74b633f643260f4efdf840fd930d15c3f64f617e65c1fb1d1ae421c9ef1b,keyword:M4,0,0,0,0,,,CANDIDATE_ONLY,P5-T02 atlas/UV comparison
1997,P5T01-C01752,data/rf017/ModelTextures/WEAPONS/QV-M4A1_XS_RoyalDragon2.DTX,texture,-15,1aed08457dcf95029fb13cf4cfe8477f724759ed8f4b0270e70d5f8bd924121d,keyword:M4,0,0,0,0,,,CANDIDATE_ONLY,P5-T02 atlas/UV comparison
1998,P5T01-C01753,data/rf017/ModelTextures/WEAPONS/QV-M4A1_XS_RoyalDragon4.DTX,texture,-15,a4565bc0e405a45945f7039ac8157ff68ac48fe650f6057eaeaae6b143dea83f,keyword:M4,0,0,0,0,,,CANDIDATE_ONLY,P5-T02 atlas/UV comparison
1999,P5T01-C01754,data/rf017/ModelTextures/WEAPONS/QV-M4A1_Xmas2.DTX,texture,-15,030838ca6619801496ae99a2ee01070ae9c1e42d678b1fd56ee5abfc69c32c49,keyword:M4,0,0,0,0,,,CANDIDATE_ONLY,P5-T02 atlas/UV comparison
2000,P5T01-C01755,data/rf017/ModelTextures/WEAPONS/QV-M4A1_phoenix.DTX,texture,-15,d300780882c2a8eab25bdcf083120fb3abf328f78c5fd085ccb17fe00951e6d5,keyword:M4,0,0,0,0,,,CANDIDATE_ONLY,P5-T02 atlas/UV comparison
2001,P5T01-C01756,data/rf017/ModelTextures/WEAPONS/QV-M4A1_wcg2011.DTX,texture,-15,bbdcef602b8141a117c2337a0f94ed5de7e6b3cee74989ac08db4cd39315fc81,keyword:M4,0,0,0,0,,,CANDIDATE_ONLY,P5-T02 atlas/UV comparison
2002,P5T01-C01760,data/rf017/ModelTextures/WEAPONS/QV-M4a1-X-grip_HALLOWEEN.DTX,texture,-15,7441d3f135382710fdb7ab7785bbd91a5b010372aa1e0b4885cdf42b3eb2996b,keyword:M4,0,0,0,0,,,CANDIDATE_ONLY,P5-T02 atlas/UV comparison
2003,P5T01-C01761,data/rf017/ModelTextures/WEAPONS/QV-RI_M4A1-S.DTX,texture,-15,1737a4702f88fa403d9845c8625ed55e119b330ee7dba62c93915ccfc55b1bf1,keyword:M4,0,0,0,0,,,CANDIDATE_ONLY,P5-T02 atlas/UV comparison
2004,P5T01-C01762,data/rf017/ModelTextures/WEAPONS/QV-RI_M4A1-S_Bandage.DTX,texture,-15,3fa40d7c615b99c89fa5841cb9db1aa2aef3629ea648e7e825fd4920023e999c,keyword:M4,0,0,0,0,,,CANDIDATE_ONLY,P5-T02 atlas/UV comparison
2005,P5T01-C01763,data/rf017/ModelTextures/WEAPONS/QV-RI_M4A1-X_Gold.DTX,texture,-15,dde969a356a03de5682d9c15840c83624a9d0aa7bfa6f5a3b9b6328726e1acc4,keyword:M4,0,0,0,0,,,CANDIDATE_ONLY,P5-T02 atlas/UV comparison
2006,P5T01-C01764,data/rf017/ModelTextures/WEAPONS/QV-RI_M4A1-X_GoldFire.DTX,texture,-15,40e25d965900859c66b95fb3c305b67a4669747af5a4e6c557f88a828fbccc6e,keyword:M4,0,0,0,0,,,CANDIDATE_ONLY,P5-T02 atlas/UV comparison
2007,P5T01-C01765,data/rf017/ModelTextures/WEAPONS/QV-RI_M4A1-X_GoldFire_Grip.DTX,texture,-15,9b747b55a9bce720fb3e366251df3887ffa48e44beebaba7b9be9bce5a08d59e,keyword:M4,0,0,0,0,,,CANDIDATE_ONLY,P5-T02 atlas/UV comparison
2008,P5T01-C01766,data/rf017/ModelTextures/WEAPONS/QV-RI_M4A1-X_GoldFire_Silencer.DTX,texture,-15,f6d34551aacfa31dc7f5a9aef30e4532a3c7d68b296d96f69ddff6850a946c35,keyword:M4,0,0,0,0,,,CANDIDATE_ONLY,P5-T02 atlas/UV comparison
2009,P5T01-C01767,data/rf017/ModelTextures/WEAPONS/QV-RI_M4A1-X_Gold_Grip.DTX,texture,-15,94c07ddba5e6e08cfccba54aeeb49ef9fcf16de5fce6d5b51ad42c2cd5a7d3a3,keyword:M4,0,0,0,0,,,CANDIDATE_ONLY,P5-T02 atlas/UV comparison
2010,P5T01-C01768,data/rf017/ModelTextures/WEAPONS/QV-RI_M4A1-X_Gold_Silencer.DTX,texture,-15,cfc83a6a40b8d13fa9299136960c46c3100c54336f4a47211916b2fca0771730,keyword:M4,0,0,0,0,,,CANDIDATE_ONLY,P5-T02 atlas/UV comparison
2011,P5T01-C01769,data/rf017/ModelTextures/WEAPONS/QV-RI_M4A1_3RDANNIV.DTX,texture,-15,75f89dc9e3f737748593955d0d9f5e11cda3a512100b6a890fa87302e9b8ca0d,keyword:M4,0,0,0,0,,,CANDIDATE_ONLY,P5-T02 atlas/UV comparison
2012,P5T01-C01770,data/rf017/ModelTextures/WEAPONS/QV-RI_M4A1_CUSTOM_BLACK.DTX,texture,-15,60513c01698440760a402001a797273a6685383a43a792a58a08d7605dba6634,keyword:M4,0,0,0,0,,,CANDIDATE_ONLY,P5-T02 atlas/UV comparison
2013,P5T01-C01771,data/rf017/ModelTextures/WEAPONS/QV-RI_M4A1_GOLD.DTX,texture,-15,7ac5a024f3b0c7c7c4fd7fcba8589ff178d7bd9bc38c169e3934fb58da2f0f83,keyword:M4,0,0,0,0,,,CANDIDATE_ONLY,P5-T02 atlas/UV comparison
2014,P5T01-C01772,data/rf017/ModelTextures/WEAPONS/QV-RI_M4A1_SILENCER_BRONZE.DTX,texture,-15,6971cf9fe4379eff49795f47ac8e6cc5ab6c4c831c6afa51a447d73807f71b94,keyword:M4,0,0,0,0,,,CANDIDATE_ONLY,P5-T02 atlas/UV comparison
2015,P5T01-C01773,data/rf017/ModelTextures/WEAPONS/QV-RI_M4A1_SILENCER_CRYSTAL.DTX,texture,-15,ffd56334fcc32215cf7c65add7d8e34a230d4f17523f824f3dd272abd9d69eb2,keyword:M4,0,0,0,0,,,CANDIDATE_ONLY,P5-T02 atlas/UV comparison
2016,P5T01-C01774,data/rf017/ModelTextures/WEAPONS/QV-RI_M4A1_SILENCER_SILVER.DTX,texture,-15,15f02e10b424f71004a766a5ddd6d0833cf08049030ba966a7a60ee13a8d9de8,keyword:M4,0,0,0,0,,,CANDIDATE_ONLY,P5-T02 atlas/UV comparison
2017,P5T01-C01775,data/rf017/ModelTextures/WEAPONS/QV-RI_M4A1_TigerPattern.DTX,texture,-15,6d2b29192092fdb6a835cc45844937d9cebd9b11899cae653957f9b2e70bc89a,keyword:M4,0,0,0,0,,,CANDIDATE_ONLY,P5-T02 atlas/UV comparison
2018,P5T01-C01776,data/rf017/ModelTextures/WEAPONS/QV-RI_M4a1-NEW.DTX,texture,-15,a7f0e9bc8e586a519487ab4835091d83f1e46c069a12d95019c86dae9beec7f3,keyword:M4,0,0,0,0,,,CANDIDATE_ONLY,P5-T02 atlas/UV comparison
2019,P5T01-C01777,data/rf017/ModelTextures/WEAPONS/QV-RI_M4a1-X.DTX,texture,-15,c728d7adaa44cd0589ea3b0cccff50009bff707564dc7f354e6d4dcf41b1980d,keyword:M4,0,0,0,0,,,CANDIDATE_ONLY,P5-T02 atlas/UV comparison
2020,P5T01-C01778,data/rf017/ModelTextures/WEAPONS/QV-RI_M4a1-X_camo_grip.DTX,texture,-15,4549ae49b50be69f61c6011f00aa76d4bcd37bc5175a78427e4ad2b8992ec559,keyword:M4,0,0,0,0,,,CANDIDATE_ONLY,P5-T02 atlas/UV comparison
2021,P5T01-C01779,data/rf017/ModelTextures/WEAPONS/QV-RI_M4a1_Silencer_WCG.DTX,texture,-15,fc5e713b8dbc3ec3f86dce46eb716fdd40eb61e677a3f8be5f86ad7ab128c484,keyword:M4,0,0,0,0,,,CANDIDATE_ONLY,P5-T02 atlas/UV comparison
2022,P5T01-C01780,data/rf017/ModelTextures/WEAPONS/QV-RI_m4a1_Christmas.DTX,texture,-15,01199f9ae7aab77d990c0d454d10de29ea48eb7d8364500f686479441d47db1f,keyword:M4,0,0,0,0,,,CANDIDATE_ONLY,P5-T02 atlas/UV comparison
2023,P5T01-C01781,data/rf017/ModelTextures/WEAPONS/QV-RI_m4a1_silencer_SAKURA.DTX,texture,-15,a49c021de0cff7e3055d22e00b47b9cf77fea010aa928fb5238c52bd0ac302a4,keyword:M4,0,0,0,0,,,CANDIDATE_ONLY,P5-T02 atlas/UV comparison
2024,P5T01-C01782,data/rf017/ModelTextures/WEAPONS/QV-m4a1_QT.DTX,texture,-15,877a93248a7e97814e3608adb983f239b80b15ce4b89ede2973fe0fc6d23bffe,keyword:M4,0,0,0,0,,,CANDIDATE_ONLY,P5-T02 atlas/UV comparison
2025,P5T01-C01783,data/rf017/ModelTextures/WEAPONS/QV-m4a1_S_BluePottery.DTX,texture,-15,3bc26e6a73695c7c2b2cd5edcd5ea229f847c75382f24d479d44a6735e346c87,keyword:M4,0,0,0,0,,,CANDIDATE_ONLY,P5-T02 atlas/UV comparison
2026,P5T01-C01784,data/rf017/ModelTextures/WEAPONS/QV-m4a1_origin_world.DTX,texture,-15,589513ecda26308a5d1b90a6d4528df207ba39f71870a7a03a3fef2f238fe82f,keyword:M4,0,0,0,0,,,CANDIDATE_ONLY,P5-T02 atlas/UV comparison
2027,P5T01-C01785,data/rf017/ModelTextures/WEAPONS/QV-m4a1_tgc.DTX,texture,-15,faa2d0653df64b33ecacfeb465d8ab323ed0a044bf388dafbe20142b12436e16,keyword:M4,0,0,0,0,,,CANDIDATE_ONLY,P5-T02 atlas/UV comparison
2028,P5T01-C01786,data/rf017/ModelTextures/WEAPONS/QV_M4A1_Parts_Advance.DTX,texture,-15,774897da59fa74c41222a0fb0a7348181f43f0b8b80b0ad2f034ec4418e3f186,keyword:M4,0,0,0,0,,,CANDIDATE_ONLY,P5-T02 atlas/UV comparison
2029,P5T01-C01787,data/rf017/ModelTextures/WEAPONS/QV_RI_M4a1_Silencer_RedDragon.DTX,texture,-15,dec494898b2dd5c323380e1bc6aec377666b521e5fbb2adf63460718075e895f,keyword:M4,0,0,0,0,,,CANDIDATE_ONLY,P5-T02 atlas/UV comparison
2030,P5T01-C01788,data/rf017/ModelTextures/WEAPONS/QV_m4a1EX_Advance.DTX,texture,-15,11833a391ea2dd0e3d72b2bd4bd7a8d0744b9302ea88ec744e2655c3ee3f5b5e,keyword:M4,0,0,0,0,,,CANDIDATE_ONLY,P5-T02 atlas/UV comparison
2031,P5T01-C01789,data/rf017/ModelTextures/WEAPONS/QV_m4a1_E_Pink.DTX,texture,-15,25e1be8e0f6fb7103ffd0f063471b6b5202b9b8943f3cfa94751faa0e296d0a8,keyword:M4,0,0,0,0,,,CANDIDATE_ONLY,P5-T02 atlas/UV comparison
2032,P5T01-C01790,data/rf017/ModelTextures/WEAPONS/QV_m4a1_halloween.DTX,texture,-15,acd7198d7d9e80d545668212788b0efb633497afabb7830631930c975e966c3f,keyword:M4,0,0,0,0,,,CANDIDATE_ONLY,P5-T02 atlas/UV comparison
2033,P5T01-C01791,data/rf017/ModelTextures/WEAPONS/qv-m4a1_2015cfs.DTX,texture,-15,805b027b60f934410377725cd28e3e89f4be63092de2ed07f0a57d7c7090f3a2,keyword:M4,0,0,0,0,,,CANDIDATE_ONLY,P5-T02 atlas/UV comparison
2034,P5T01-C01794,data/rf018/SND/WEAPON/CFS_M4A1/M4A1_CLIP_IN.WAV,sound,-15,934668446b5562104c3bc38b92b6cb258501c29170e0a88e85420a06a26bcf04,keyword:M4,0,0,0,0,,,CANDIDATE_ONLY,P5-T03 same-variant association
2035,P5T01-C01795,data/rf018/SND/WEAPON/CFS_M4A1/M4A1_CLIP_OUT.WAV,sound,-15,e9d9488589cc0d0f3979d7892c310e48e6665109a829708d9014a695277a8a5f,keyword:M4,0,0,0,0,,,CANDIDATE_ONLY,P5-T03 same-variant association
2036,P5T01-C01796,data/rf018/SND/WEAPON/CFS_M4A1/M4A1_RELOAD.WAV,sound,-15,3c7a57e2d2d36d78342d96e09f6332d04e49b27e6911549a0592fcb218461b08,keyword:M4,0,0,0,0,,,CANDIDATE_ONLY,P5-T03 same-variant association
2037,P5T01-C01797,data/rf018/SND/WEAPON/CFS_M4A1/M4A1_SHOOT_1.WAV,sound,-15,1b55b5951689441fcf88457f80adf72438803ca9f2fedb7e7933654e02700458,keyword:M4,0,0,0,0,,,CANDIDATE_ONLY,P5-T03 same-variant association
2038,P5T01-C01818,data/rf018/SND/WEAPON/M4A1/G_MZC_M4A1_CLIPIN.WAV,sound,-15,934668446b5562104c3bc38b92b6cb258501c29170e0a88e85420a06a26bcf04,keyword:M4,0,0,0,0,,,CANDIDATE_ONLY,P5-T03 same-variant association
2039,P5T01-C01819,data/rf018/SND/WEAPON/M4A1/G_MZC_M4A1_CLIPOUT.WAV,sound,-15,e9d9488589cc0d0f3979d7892c310e48e6665109a829708d9014a695277a8a5f,keyword:M4,0,0,0,0,,,CANDIDATE_ONLY,P5-T03 same-variant association
2040,P5T01-C01820,data/rf018/SND/WEAPON/M4A1/G_RELOAD_M4A1.WAV,sound,-15,3c7a57e2d2d36d78342d96e09f6332d04e49b27e6911549a0592fcb218461b08,keyword:M4,0,0,0,0,,,CANDIDATE_ONLY,P5-T03 same-variant association
2041,P5T01-C01821,data/rf018/SND/WEAPON/M4A1/G_SHOOT_M4A1_1.WAV,sound,-15,1b55b5951689441fcf88457f80adf72438803ca9f2fedb7e7933654e02700458,keyword:M4,0,0,0,0,,,CANDIDATE_ONLY,P5-T03 same-variant association
2042,P5T01-C01822,data/rf018/SND/WEAPON/M4A1/G_SHOOT_M4A1_2.WAV,sound,-15,d22a5b4bb83f6af09b8e55bcf535c281efc748bc5319d7e42b3b3897525924db,keyword:M4,0,0,0,0,,,CANDIDATE_ONLY,P5-T03 same-variant association
2043,P5T01-C01823,data/rf018/SND/WEAPON/M4A1/G_SHOOT_M4A1_SILENCER_1.WAV,sound,-15,a3c547f0c1f17b762fb97e0458080f601d3ef5791ce7eee5dd6ecc2b9ada48fd,keyword:M4,0,0,0,0,,,CANDIDATE_ONLY,P5-T03 same-variant association
2044,P5T01-C01824,data/rf018/SND/WEAPON/M4A1/G_SHOOT_M4A1_SILENCER_2.WAV,sound,-15,a3c547f0c1f17b762fb97e0458080f601d3ef5791ce7eee5dd6ecc2b9ada48fd,keyword:M4,0,0,0,0,,,CANDIDATE_ONLY,P5-T03 same-variant association
2045,P5T01-C01825,data/rf018/SND/WEAPON/M4A1DualMag/M4A1DualMag_SideClipIn.WAV,sound,-15,c04b5945a5efaf1c39e31be1f6e706a44a3d939cb5138012252aee257d9f1b33,keyword:M4,0,0,0,0,,,CANDIDATE_ONLY,P5-T03 same-variant association
2046,P5T01-C01826,data/rf018/SND/WEAPON/M4A1DualMag/M4A1DualMag_SideClipOut.WAV,sound,-15,84b33085cb1e477311b218e70a2898a1fc1feab4d4dc6524e430b18104078f37,keyword:M4,0,0,0,0,,,CANDIDATE_ONLY,P5-T03 same-variant association
2047,P5T01-C01827,data/rf018/SND/WEAPON/M4A1DualMag/M4A1DualMag_SideReload.WAV,sound,-15,d24bba14006c2da2fce9d46f0b02bafd9a5444910a2a88fe0da0caa49e7b7f43,keyword:M4,0,0,0,0,,,CANDIDATE_ONLY,P5-T03 same-variant association
2048,P5T01-C01888,data/rf019/TEX/UI/AMMOICON/M4A1-AWCG_BG.DTX.DTX,texture,-15,537bde0286c6169d5edb7d73a4f11c88cc2d0b7bb114fa805e4fb8db73d0f2d8,keyword:M4,0,0,0,0,,,CANDIDATE_ONLY,P5-T02 atlas/UV comparison
2049,P5T01-C01889,data/rf019/TEX/UI/AMMOICON/M4A1-AWCG_EFFECT.DTX,texture,-15,d736ea195901bface01fef37f202a2ba18d58f8b955d9a46eb63c590082b81b1,keyword:M4,0,0,0,0,,,CANDIDATE_ONLY,P5-T02 atlas/UV comparison
2050,P5T01-C01890,data/rf019/TEX/UI/AMMOICON/M4A1-AWCG_LINE.DTX,texture,-15,84bcd8171ec27c64483783995f217831e99621b765a2297a408368d455da2604,keyword:M4,0,0,0,0,,,CANDIDATE_ONLY,P5-T02 atlas/UV comparison
2051,P5T01-C01891,data/rf019/TEX/UI/AMMOICON/M4A1-Bandage_BG.DTX,texture,-15,f48e743c5847c6b57937dfb64d7f19824aac3fa52f4f957156080e07d2756c51,keyword:M4,0,0,0,0,,,CANDIDATE_ONLY,P5-T02 atlas/UV comparison
2052,P5T01-C01892,data/rf019/TEX/UI/AMMOICON/M4A1-Bandage_EFFECT.DTX,texture,-15,3e5300fcb8321435e283c2e66c691db0f0d508985e0bb5c78187cf0c79d42b56,keyword:M4,0,0,0,0,,,CANDIDATE_ONLY,P5-T02 atlas/UV comparison
2053,P5T01-C01893,data/rf019/TEX/UI/AMMOICON/M4A1-Bandage_LINE.DTX,texture,-15,4b5a6b26923593d3391fcc9e094a663bf1e0db11e4c2ba0f8b2b8a306b407a52,keyword:M4,0,0,0,0,,,CANDIDATE_ONLY,P5-T02 atlas/UV comparison
2054,P5T01-C01894,data/rf019/TEX/UI/AMMOICON/M4A1-Blue Crystal_BG.DTX,texture,-15,27dfd93beba24102c6defe1e4d2474de3c116ed6909ea47e4391d7d3196a71c4,keyword:M4,0,0,0,0,,,CANDIDATE_ONLY,P5-T02 atlas/UV comparison
2055,P5T01-C01895,data/rf019/TEX/UI/AMMOICON/M4A1-Blue Crystal_EFFECT.DTX,texture,-15,5fa3853c76b083285fbd051893b653801b97f4b43d3db4b911c3b972a75d3cf9,keyword:M4,0,0,0,0,,,CANDIDATE_ONLY,P5-T02 atlas/UV comparison
2056,P5T01-C01896,data/rf019/TEX/UI/AMMOICON/M4A1-Blue Crystal_LINE.DTX,texture,-15,f1d4e3e15e5c33a2513a05167096146a3399c5ef725fad343341ae02525e2b5c,keyword:M4,0,0,0,0,,,CANDIDATE_ONLY,P5-T02 atlas/UV comparison
2057,P5T01-C01897,data/rf019/TEX/UI/AMMOICON/M4A1-C-RedCrystal_BG.DTX,texture,-15,3352553d14ee24b59fba16bd9e3145b69ea69c3a009ca306238a79e03b23c182,keyword:M4,0,0,0,0,,,CANDIDATE_ONLY,P5-T02 atlas/UV comparison
2058,P5T01-C01898,data/rf019/TEX/UI/AMMOICON/M4A1-C-RedCrystal_EFFECT.DTX,texture,-15,13e017bf58811e671cbe8687c012250a2cedbb1dd8934813779c27901fc59edf,keyword:M4,0,0,0,0,,,CANDIDATE_ONLY,P5-T02 atlas/UV comparison
2059,P5T01-C01899,data/rf019/TEX/UI/AMMOICON/M4A1-C-RedCrystal_LINE.DTX,texture,-15,57dc1c0e7483314d6037d8c620b01263f3789da716931c099d8c6beebc1ba2b0,keyword:M4,0,0,0,0,,,CANDIDATE_ONLY,P5-T02 atlas/UV comparison
2060,P5T01-C01900,data/rf019/TEX/UI/AMMOICON/M4A1-CUSTOM_BG.DTX,texture,-15,38fbdb0bad39e7d9732e1ad73a3c32da263057e848f7ffb3a9e8325d7438fdb5,keyword:M4,0,0,0,0,,,CANDIDATE_ONLY,P5-T02 atlas/UV comparison
2061,P5T01-C01901,data/rf019/TEX/UI/AMMOICON/M4A1-CUSTOM_EFFECT.DTX,texture,-15,3c52ec6771cabd67980c8f399638771e386134ee0ac11d0b39f6bd9007786d72,keyword:M4,0,0,0,0,,,CANDIDATE_ONLY,P5-T02 atlas/UV comparison
2062,P5T01-C01902,data/rf019/TEX/UI/AMMOICON/M4A1-CUSTOM_LINE.DTX,texture,-15,0fa56c2b7bbe684f7ae58fffdc65f7dd1ea9d8422c340446ce14a0778e4e8fd5,keyword:M4,0,0,0,0,,,CANDIDATE_ONLY,P5-T02 atlas/UV comparison
2063,P5T01-C01903,data/rf019/TEX/UI/AMMOICON/M4A1-Cherry_BG.DTX,texture,-15,8c3ef3c852964f057b6342c43246d9a569f7abe78f0850b4e10c03f7e994d912,keyword:M4,0,0,0,0,,,CANDIDATE_ONLY,P5-T02 atlas/UV comparison
2064,P5T01-C01904,data/rf019/TEX/UI/AMMOICON/M4A1-Cherry_EFFECT.DTX,texture,-15,fb13142dae2c7a5a81be32d6685e015bbf8b630424f05e9b2d53b911df380066,keyword:M4,0,0,0,0,,,CANDIDATE_ONLY,P5-T02 atlas/UV comparison
2065,P5T01-C01905,data/rf019/TEX/UI/AMMOICON/M4A1-Cherry_LINE.DTX,texture,-15,dfd8b3414124374e773b9b4e3f8cf79e7a27161468e6ba3e844b821a45103561,keyword:M4,0,0,0,0,,,CANDIDATE_ONLY,P5-T02 atlas/UV comparison
2066,P5T01-C01906,data/rf019/TEX/UI/AMMOICON/M4A1-E_BG.DTX,texture,-15,38fbdb0bad39e7d9732e1ad73a3c32da263057e848f7ffb3a9e8325d7438fdb5,keyword:M4,0,0,0,0,,,CANDIDATE_ONLY,P5-T02 atlas/UV comparison
2067,P5T01-C01907,data/rf019/TEX/UI/AMMOICON/M4A1-E_EFFECT.DTX,texture,-15,3c52ec6771cabd67980c8f399638771e386134ee0ac11d0b39f6bd9007786d72,keyword:M4,0,0,0,0,,,CANDIDATE_ONLY,P5-T02 atlas/UV comparison
2068,P5T01-C01908,data/rf019/TEX/UI/AMMOICON/M4A1-E_LINE.DTX,texture,-15,2805a991deeb277795c0761bb7d3c0d78681d7862f72dd1dbf6c150671fa1f1e,keyword:M4,0,0,0,0,,,CANDIDATE_ONLY,P5-T02 atlas/UV comparison
2069,P5T01-C01909,data/rf019/TEX/UI/AMMOICON/M4A1-GOLD_BG.DTX,texture,-15,27dfd93beba24102c6defe1e4d2474de3c116ed6909ea47e4391d7d3196a71c4,keyword:M4,0,0,0,0,,,CANDIDATE_ONLY,P5-T02 atlas/UV comparison
2070,P5T01-C01910,data/rf019/TEX/UI/AMMOICON/M4A1-GOLD_EFFECT.DTX,texture,-15,5fa3853c76b083285fbd051893b653801b97f4b43d3db4b911c3b972a75d3cf9,keyword:M4,0,0,0,0,,,CANDIDATE_ONLY,P5-T02 atlas/UV comparison
2071,P5T01-C01911,data/rf019/TEX/UI/AMMOICON/M4A1-GOLD_LINE.DTX,texture,-15,4843764564b6452f6da7d6caec1fec3487420a5cf68bdcb2dce733d3f9f1ec58,keyword:M4,0,0,0,0,,,CANDIDATE_ONLY,P5-T02 atlas/UV comparison
2072,P5T01-C01912,data/rf019/TEX/UI/AMMOICON/M4A1-Halloween_BG.DTX,texture,-15,27dfd93beba24102c6defe1e4d2474de3c116ed6909ea47e4391d7d3196a71c4,keyword:M4,0,0,0,0,,,CANDIDATE_ONLY,P5-T02 atlas/UV comparison
2073,P5T01-C01913,data/rf019/TEX/UI/AMMOICON/M4A1-Halloween_EFFECT.DTX,texture,-15,5fa3853c76b083285fbd051893b653801b97f4b43d3db4b911c3b972a75d3cf9,keyword:M4,0,0,0,0,,,CANDIDATE_ONLY,P5-T02 atlas/UV comparison
2074,P5T01-C01914,data/rf019/TEX/UI/AMMOICON/M4A1-Halloween_LINE.DTX,texture,-15,9bb690a3f6e65966a0132f61080fab3e7a3c035f6555e6681c5c02349cec642c,keyword:M4,0,0,0,0,,,CANDIDATE_ONLY,P5-T02 atlas/UV comparison
2075,P5T01-C01915,data/rf019/TEX/UI/AMMOICON/M4A1-PC-BRONZE_BG.DTX.DTX,texture,-15,537bde0286c6169d5edb7d73a4f11c88cc2d0b7bb114fa805e4fb8db73d0f2d8,keyword:M4,0,0,0,0,,,CANDIDATE_ONLY,P5-T02 atlas/UV comparison
2076,P5T01-C01916,data/rf019/TEX/UI/AMMOICON/M4A1-PC-BRONZE_EFFECT.DTX,texture,-15,d736ea195901bface01fef37f202a2ba18d58f8b955d9a46eb63c590082b81b1,keyword:M4,0,0,0,0,,,CANDIDATE_ONLY,P5-T02 atlas/UV comparison
2077,P5T01-C01917,data/rf019/TEX/UI/AMMOICON/M4A1-PC-BRONZE_LINE.DTX,texture,-15,8380c27dd3cd39ad2478f836c445d8c9d7bf4b70685e82ef74077149ada67a16,keyword:M4,0,0,0,0,,,CANDIDATE_ONLY,P5-T02 atlas/UV comparison
2078,P5T01-C01918,data/rf019/TEX/UI/AMMOICON/M4A1-PC-CRYSTAL_BG.DTX.DTX,texture,-15,537bde0286c6169d5edb7d73a4f11c88cc2d0b7bb114fa805e4fb8db73d0f2d8,keyword:M4,0,0,0,0,,,CANDIDATE_ONLY,P5-T02 atlas/UV comparison
2079,P5T01-C01919,data/rf019/TEX/UI/AMMOICON/M4A1-PC-CRYSTAL_EFFECT.DTX,texture,-15,d736ea195901bface01fef37f202a2ba18d58f8b955d9a46eb63c590082b81b1,keyword:M4,0,0,0,0,,,CANDIDATE_ONLY,P5-T02 atlas/UV comparison
2080,P5T01-C01920,data/rf019/TEX/UI/AMMOICON/M4A1-PC-CRYSTAL_LINE.DTX,texture,-15,52b1a4cfe7baff71ed70cae7cf9c20692306f40f579b5bf23354fd572017a613,keyword:M4,0,0,0,0,,,CANDIDATE_ONLY,P5-T02 atlas/UV comparison
2081,P5T01-C01921,data/rf019/TEX/UI/AMMOICON/M4A1-PC-SILVER_BG.DTX.DTX,texture,-15,537bde0286c6169d5edb7d73a4f11c88cc2d0b7bb114fa805e4fb8db73d0f2d8,keyword:M4,0,0,0,0,,,CANDIDATE_ONLY,P5-T02 atlas/UV comparison
2082,P5T01-C01922,data/rf019/TEX/UI/AMMOICON/M4A1-PC-SILVER_EFFECT.DTX,texture,-15,d736ea195901bface01fef37f202a2ba18d58f8b955d9a46eb63c590082b81b1,keyword:M4,0,0,0,0,,,CANDIDATE_ONLY,P5-T02 atlas/UV comparison
2083,P5T01-C01923,data/rf019/TEX/UI/AMMOICON/M4A1-PC-SILVER_LINE.DTX,texture,-15,336f8ac0d8fd13c653094f35f29e1557c01e3873a422e09d8265221a8f97259a,keyword:M4,0,0,0,0,,,CANDIDATE_ONLY,P5-T02 atlas/UV comparison
2084,P5T01-C01924,data/rf019/TEX/UI/AMMOICON/M4A1-Pink_BG.DTX.DTX,texture,-15,537bde0286c6169d5edb7d73a4f11c88cc2d0b7bb114fa805e4fb8db73d0f2d8,keyword:M4,0,0,0,0,,,CANDIDATE_ONLY,P5-T02 atlas/UV comparison
2085,P5T01-C01925,data/rf019/TEX/UI/AMMOICON/M4A1-Pink_EFFECT.DTX,texture,-15,d736ea195901bface01fef37f202a2ba18d58f8b955d9a46eb63c590082b81b1,keyword:M4,0,0,0,0,,,CANDIDATE_ONLY,P5-T02 atlas/UV comparison
2086,P5T01-C01926,data/rf019/TEX/UI/AMMOICON/M4A1-Pink_LINE.DTX,texture,-15,65a5f0b1b984d01c47b65d41a4b46541a3d55b2633e1c337ab984e6e3ab189be,keyword:M4,0,0,0,0,,,CANDIDATE_ONLY,P5-T02 atlas/UV comparison
2087,P5T01-C01927,data/rf019/TEX/UI/AMMOICON/M4A1-QT_BG.DTX,texture,-15,b075e5dbc091e28dcc4d17249d25931474dd1eb3560c4ddcfd9590b6a043d7c2,keyword:M4,0,0,0,0,,,CANDIDATE_ONLY,P5-T02 atlas/UV comparison
2088,P5T01-C01928,data/rf019/TEX/UI/AMMOICON/M4A1-QT_EFFECT.DTX,texture,-15,d736ea195901bface01fef37f202a2ba18d58f8b955d9a46eb63c590082b81b1,keyword:M4,0,0,0,0,,,CANDIDATE_ONLY,P5-T02 atlas/UV comparison
2089,P5T01-C01929,data/rf019/TEX/UI/AMMOICON/M4A1-QT_LINE.DTX,texture,-15,cf1a6f6ba5e316850ea0fc2f138022899a5b1726e1e96263a5e9e69cc9c8bf4e,keyword:M4,0,0,0,0,,,CANDIDATE_ONLY,P5-T02 atlas/UV comparison
2090,P5T01-C01930,data/rf019/TEX/UI/AMMOICON/M4A1-R.Dragon_BG.DTX.DTX,texture,-15,537bde0286c6169d5edb7d73a4f11c88cc2d0b7bb114fa805e4fb8db73d0f2d8,keyword:M4,0,0,0,0,,,CANDIDATE_ONLY,P5-T02 atlas/UV comparison
2091,P5T01-C01931,data/rf019/TEX/UI/AMMOICON/M4A1-R.Dragon_EFFECT.DTX,texture,-15,d736ea195901bface01fef37f202a2ba18d58f8b955d9a46eb63c590082b81b1,keyword:M4,0,0,0,0,,,CANDIDATE_ONLY,P5-T02 atlas/UV comparison
2092,P5T01-C01932,data/rf019/TEX/UI/AMMOICON/M4A1-R.Dragon_LINE.DTX,texture,-15,60830cfc199c06edd2d3142e6adac398242acf3833d5fe09439125e097aa7134,keyword:M4,0,0,0,0,,,CANDIDATE_ONLY,P5-T02 atlas/UV comparison
2093,P5T01-C01933,data/rf019/TEX/UI/AMMOICON/M4A1-RoyalDragon_BG.DTX,texture,-15,ecbe6e06f1da66df5e57a97dce6e05ffb33553562099b1cbec463ef7604aeccd,keyword:M4,0,0,0,0,,,CANDIDATE_ONLY,P5-T02 atlas/UV comparison
2094,P5T01-C01934,data/rf019/TEX/UI/AMMOICON/M4A1-RoyalDragon_EFFECT.DTX,texture,-15,d736ea195901bface01fef37f202a2ba18d58f8b955d9a46eb63c590082b81b1,keyword:M4,0,0,0,0,,,CANDIDATE_ONLY,P5-T02 atlas/UV comparison
2095,P5T01-C01935,data/rf019/TEX/UI/AMMOICON/M4A1-RoyalDragon_LINE.DTX,texture,-15,39faa9c2473ba852697afe82fdd8195deab622e4882a42fde8b4676e46d17807,keyword:M4,0,0,0,0,,,CANDIDATE_ONLY,P5-T02 atlas/UV comparison
2096,P5T01-C01939,data/rf019/TEX/UI/AMMOICON/M4A1-S-Blossoms_BG.DTX,texture,-15,933013d7fd1c7f76627d6d38b76d1ed242b6cc91bc10b3ca646b431e06370231,keyword:M4,0,0,0,0,,,CANDIDATE_ONLY,P5-T02 atlas/UV comparison
2097,P5T01-C01940,data/rf019/TEX/UI/AMMOICON/M4A1-S-Blossoms_EFFECT.DTX,texture,-15,d736ea195901bface01fef37f202a2ba18d58f8b955d9a46eb63c590082b81b1,keyword:M4,0,0,0,0,,,CANDIDATE_ONLY,P5-T02 atlas/UV comparison
2098,P5T01-C01941,data/rf019/TEX/UI/AMMOICON/M4A1-S-Blossoms_LINE.DTX,texture,-15,59f61e72e095f610dfad6ac37d50779a93d53d3584bf9d9dab8d013c6738ef47,keyword:M4,0,0,0,0,,,CANDIDATE_ONLY,P5-T02 atlas/UV comparison
2099,P5T01-C01945,data/rf019/TEX/UI/AMMOICON/M4A1-S-PinkCrystal_BG.DTX,texture,-15,b667ab043416b684f4e3589c3c3ad735a645f552b27b28051248c5e623c4ce4d,keyword:M4,0,0,0,0,,,CANDIDATE_ONLY,P5-T02 atlas/UV comparison
2100,P5T01-C01946,data/rf019/TEX/UI/AMMOICON/M4A1-S-PinkCrystal_EFFECT.DTX,texture,-15,4fd5366e1e5e000a6c40ad5f99ef33e1a1eb69cbcc868faf3ef97f88202562e7,keyword:M4,0,0,0,0,,,CANDIDATE_ONLY,P5-T02 atlas/UV comparison
2101,P5T01-C01947,data/rf019/TEX/UI/AMMOICON/M4A1-S-PinkCrystal_LINE.DTX,texture,-15,eacdecd1969bce7e919770073c7e7f875cf40b54b267fac9fd5c5c25f10fa491,keyword:M4,0,0,0,0,,,CANDIDATE_ONLY,P5-T02 atlas/UV comparison
2102,P5T01-C01948,data/rf019/TEX/UI/AMMOICON/M4A1-S-UltimateGold_BG.DTX,texture,-15,b667ab043416b684f4e3589c3c3ad735a645f552b27b28051248c5e623c4ce4d,keyword:M4,0,0,0,0,,,CANDIDATE_ONLY,P5-T02 atlas/UV comparison
2103,P5T01-C01949,data/rf019/TEX/UI/AMMOICON/M4A1-S-UltimateGold_EFFECT.DTX,texture,-15,4fd5366e1e5e000a6c40ad5f99ef33e1a1eb69cbcc868faf3ef97f88202562e7,keyword:M4,0,0,0,0,,,CANDIDATE_ONLY,P5-T02 atlas/UV comparison
2104,P5T01-C01950,data/rf019/TEX/UI/AMMOICON/M4A1-S-UltimateGold_LINE.DTX,texture,-15,d9169164c9aaf203d1e0c5da06eabcf3c3a6b53df2ffcee7984c1c0a3d4d3352,keyword:M4,0,0,0,0,,,CANDIDATE_ONLY,P5-T02 atlas/UV comparison
2105,P5T01-C01951,data/rf019/TEX/UI/AMMOICON/M4A1-SILENCER_BG.DTX.DTX,texture,-15,537bde0286c6169d5edb7d73a4f11c88cc2d0b7bb114fa805e4fb8db73d0f2d8,keyword:M4,0,0,0,0,,,CANDIDATE_ONLY,P5-T02 atlas/UV comparison
2106,P5T01-C01952,data/rf019/TEX/UI/AMMOICON/M4A1-SILENCER_EFFECT.DTX,texture,-15,d736ea195901bface01fef37f202a2ba18d58f8b955d9a46eb63c590082b81b1,keyword:M4,0,0,0,0,,,CANDIDATE_ONLY,P5-T02 atlas/UV comparison
2107,P5T01-C01953,data/rf019/TEX/UI/AMMOICON/M4A1-SILENCER_LINE.DTX,texture,-15,cf1a6f6ba5e316850ea0fc2f138022899a5b1726e1e96263a5e9e69cc9c8bf4e,keyword:M4,0,0,0,0,,,CANDIDATE_ONLY,P5-T02 atlas/UV comparison
2108,P5T01-C01954,data/rf019/TEX/UI/AMMOICON/M4A1-STRIPES_BG.DTX,texture,-15,27dfd93beba24102c6defe1e4d2474de3c116ed6909ea47e4391d7d3196a71c4,keyword:M4,0,0,0,0,,,CANDIDATE_ONLY,P5-T02 atlas/UV comparison
2109,P5T01-C01955,data/rf019/TEX/UI/AMMOICON/M4A1-STRIPES_EFFECT.DTX,texture,-15,5fa3853c76b083285fbd051893b653801b97f4b43d3db4b911c3b972a75d3cf9,keyword:M4,0,0,0,0,,,CANDIDATE_ONLY,P5-T02 atlas/UV comparison
2110,P5T01-C01956,data/rf019/TEX/UI/AMMOICON/M4A1-STRIPES_LINE.DTX,texture,-15,5608434cbc44a7b3cca35ab3e3e680e8570857cd5ac3c538aaa50b5bbc0c4ced,keyword:M4,0,0,0,0,,,CANDIDATE_ONLY,P5-T02 atlas/UV comparison
2111,P5T01-C01957,data/rf019/TEX/UI/AMMOICON/M4A1-S_BG.DTX,texture,-15,9461d2677360be5ed3a49cf8264f04c493da5b4cfc020e695d8034af711ffea1,keyword:M4,0,0,0,0,,,CANDIDATE_ONLY,P5-T02 atlas/UV comparison
2112,P5T01-C01958,data/rf019/TEX/UI/AMMOICON/M4A1-S_EFFECT.DTX,texture,-15,920d9125199fc9f36e1fbcd155d461af70905e7e95fd7de2a0137895f1981813,keyword:M4,0,0,0,0,,,CANDIDATE_ONLY,P5-T02 atlas/UV comparison
2113,P5T01-C01959,data/rf019/TEX/UI/AMMOICON/M4A1-S_LINE.DTX,texture,-15,424fdd39ee3d41e7d8e262047422cf60303484d1d4df7285cfc88d97ce1363d0,keyword:M4,0,0,0,0,,,CANDIDATE_ONLY,P5-T02 atlas/UV comparison
2114,P5T01-C01960,data/rf019/TEX/UI/AMMOICON/M4A1-S_QQ_BG.DTX,texture,-15,537bde0286c6169d5edb7d73a4f11c88cc2d0b7bb114fa805e4fb8db73d0f2d8,keyword:M4,0,0,0,0,,,CANDIDATE_ONLY,P5-T02 atlas/UV comparison
2115,P5T01-C01961,data/rf019/TEX/UI/AMMOICON/M4A1-S_QQ_EFFECT.DTX,texture,-15,d736ea195901bface01fef37f202a2ba18d58f8b955d9a46eb63c590082b81b1,keyword:M4,0,0,0,0,,,CANDIDATE_ONLY,P5-T02 atlas/UV comparison
2116,P5T01-C01962,data/rf019/TEX/UI/AMMOICON/M4A1-S_QQ_LINE.DTX,texture,-15,ea4d22a10bd829b25bc2b398df7646c54576edd880133c574e446f4ea1648eeb,keyword:M4,0,0,0,0,,,CANDIDATE_ONLY,P5-T02 atlas/UV comparison
2117,P5T01-C01963,data/rf019/TEX/UI/AMMOICON/M4A1-S_UltimateSilver_BG.DTX,texture,-15,8c3ef3c852964f057b6342c43246d9a569f7abe78f0850b4e10c03f7e994d912,keyword:M4,0,0,0,0,,,CANDIDATE_ONLY,P5-T02 atlas/UV comparison
2118,P5T01-C01964,data/rf019/TEX/UI/AMMOICON/M4A1-S_UltimateSilver_EFFECT.DTX,texture,-15,fb13142dae2c7a5a81be32d6685e015bbf8b630424f05e9b2d53b911df380066,keyword:M4,0,0,0,0,,,CANDIDATE_ONLY,P5-T02 atlas/UV comparison
2119,P5T01-C01965,data/rf019/TEX/UI/AMMOICON/M4A1-S_UltimateSilver_LINE.DTX,texture,-15,0d8506dabace31ef5dea81960dca7d09f48f3182ad8512cafe7c6db1f2ed1c2b,keyword:M4,0,0,0,0,,,CANDIDATE_ONLY,P5-T02 atlas/UV comparison
2120,P5T01-C01966,data/rf019/TEX/UI/AMMOICON/M4A1-TGC_BG.DTX,texture,-15,8c3ef3c852964f057b6342c43246d9a569f7abe78f0850b4e10c03f7e994d912,keyword:M4,0,0,0,0,,,CANDIDATE_ONLY,P5-T02 atlas/UV comparison
2121,P5T01-C01967,data/rf019/TEX/UI/AMMOICON/M4A1-TGC_EFFECT.DTX,texture,-15,fb13142dae2c7a5a81be32d6685e015bbf8b630424f05e9b2d53b911df380066,keyword:M4,0,0,0,0,,,CANDIDATE_ONLY,P5-T02 atlas/UV comparison
2122,P5T01-C01968,data/rf019/TEX/UI/AMMOICON/M4A1-TGC_LINE.DTX,texture,-15,d3d3639ca8767f82fd0e6474ef639e67fba61fbfa6ab80ff4bbaf668426ec1ff,keyword:M4,0,0,0,0,,,CANDIDATE_ONLY,P5-T02 atlas/UV comparison
2123,P5T01-C01969,data/rf019/TEX/UI/AMMOICON/M4A1-Tiger_BG.DTX.DTX,texture,-15,537bde0286c6169d5edb7d73a4f11c88cc2d0b7bb114fa805e4fb8db73d0f2d8,keyword:M4,0,0,0,0,,,CANDIDATE_ONLY,P5-T02 atlas/UV comparison
2124,P5T01-C01970,data/rf019/TEX/UI/AMMOICON/M4A1-Tiger_EFFECT.DTX,texture,-15,d736ea195901bface01fef37f202a2ba18d58f8b955d9a46eb63c590082b81b1,keyword:M4,0,0,0,0,,,CANDIDATE_ONLY,P5-T02 atlas/UV comparison
2125,P5T01-C01971,data/rf019/TEX/UI/AMMOICON/M4A1-Tiger_LINE.DTX,texture,-15,13328b390cdcee60329b42fcdbe66eb4fdbd90901f63c991d5f7c0dabe61db01,keyword:M4,0,0,0,0,,,CANDIDATE_ONLY,P5-T02 atlas/UV comparison
2126,P5T01-C01972,data/rf019/TEX/UI/AMMOICON/M4A1-X-Halloween_BG.DTX,texture,-15,fe261265198ede9b6d7c3e25a56787a8e7ca8bf481e87677ff5c45cfe5a807e6,keyword:M4,0,0,0,0,,,CANDIDATE_ONLY,P5-T02 atlas/UV comparison
2127,P5T01-C01973,data/rf019/TEX/UI/AMMOICON/M4A1-X-Halloween_EFFECT.DTX,texture,-15,f8a8169b3fe5f6e5642b1dc86cbd18767db5a4305a580069918a34332cb899a2,keyword:M4,0,0,0,0,,,CANDIDATE_ONLY,P5-T02 atlas/UV comparison
2128,P5T01-C01974,data/rf019/TEX/UI/AMMOICON/M4A1-X-Halloween_LINE.DTX,texture,-15,0fbf73f2dbb6431374e4f69537b66a445ab904326e33fee8a414e3c54d9b4071,keyword:M4,0,0,0,0,,,CANDIDATE_ONLY,P5-T02 atlas/UV comparison
2129,P5T01-C01975,data/rf019/TEX/UI/AMMOICON/M4A1-XMAS_BG.DTX,texture,-15,27dfd93beba24102c6defe1e4d2474de3c116ed6909ea47e4391d7d3196a71c4,keyword:M4,0,0,0,0,,,CANDIDATE_ONLY,P5-T02 atlas/UV comparison
2130,P5T01-C01976,data/rf019/TEX/UI/AMMOICON/M4A1-XMAS_EFFECT.DTX,texture,-15,5fa3853c76b083285fbd051893b653801b97f4b43d3db4b911c3b972a75d3cf9,keyword:M4,0,0,0,0,,,CANDIDATE_ONLY,P5-T02 atlas/UV comparison
2131,P5T01-C01977,data/rf019/TEX/UI/AMMOICON/M4A1-XMAS_LINE.DTX,texture,-15,4f221e10d091c8b42ac5ca05cc7d49a4b1bb4a1026ea41bd1e2223b7d5ff9fa2,keyword:M4,0,0,0,0,,,CANDIDATE_ONLY,P5-T02 atlas/UV comparison
2132,P5T01-C01978,data/rf019/TEX/UI/AMMOICON/M4A1-XS-RoyalDragon2_BG.DTX,texture,-15,438e7451b8e57c52e1eecbf33ce2dbff0e11364a391e7f5b390c5a865853a5ef,keyword:M4,0,0,0,0,,,CANDIDATE_ONLY,P5-T02 atlas/UV comparison
2133,P5T01-C01979,data/rf019/TEX/UI/AMMOICON/M4A1-XS-RoyalDragon2_EFFECT.DTX,texture,-15,b15488c714ab1d71f01a5acbc9a6593810a59c299264c69803192bb2788fc3d2,keyword:M4,0,0,0,0,,,CANDIDATE_ONLY,P5-T02 atlas/UV comparison
2134,P5T01-C01980,data/rf019/TEX/UI/AMMOICON/M4A1-XS-RoyalDragon2_LINE.DTX,texture,-15,a2dc23ddeba4b51f6a13bdcaf063b1f53518785f647dac7759781d0b4ba8094a,keyword:M4,0,0,0,0,,,CANDIDATE_ONLY,P5-T02 atlas/UV comparison
2135,P5T01-C01981,data/rf019/TEX/UI/AMMOICON/M4A1-XS-RoyalDragon4_BG.DTX,texture,-15,6013892ff9549ad63179bf73c5ded84fa1890b7cad5c02276ddae23e5df285e4,keyword:M4,0,0,0,0,,,CANDIDATE_ONLY,P5-T02 atlas/UV comparison
2136,P5T01-C01982,data/rf019/TEX/UI/AMMOICON/M4A1-XS-RoyalDragon4_EFFECT.DTX,texture,-15,b15488c714ab1d71f01a5acbc9a6593810a59c299264c69803192bb2788fc3d2,keyword:M4,0,0,0,0,,,CANDIDATE_ONLY,P5-T02 atlas/UV comparison
2137,P5T01-C01983,data/rf019/TEX/UI/AMMOICON/M4A1-XS-RoyalDragon4_LINE.DTX,texture,-15,a2dc23ddeba4b51f6a13bdcaf063b1f53518785f647dac7759781d0b4ba8094a,keyword:M4,0,0,0,0,,,CANDIDATE_ONLY,P5-T02 atlas/UV comparison
2138,P5T01-C01984,data/rf019/TEX/UI/AMMOICON/M4A1-X_BG.DTX,texture,-15,fe261265198ede9b6d7c3e25a56787a8e7ca8bf481e87677ff5c45cfe5a807e6,keyword:M4,0,0,0,0,,,CANDIDATE_ONLY,P5-T02 atlas/UV comparison
2139,P5T01-C01985,data/rf019/TEX/UI/AMMOICON/M4A1-X_CAMO_BG.DTX,texture,-15,fe261265198ede9b6d7c3e25a56787a8e7ca8bf481e87677ff5c45cfe5a807e6,keyword:M4,0,0,0,0,,,CANDIDATE_ONLY,P5-T02 atlas/UV comparison
2140,P5T01-C01986,data/rf019/TEX/UI/AMMOICON/M4A1-X_CAMO_EFFECT.DTX,texture,-15,f8a8169b3fe5f6e5642b1dc86cbd18767db5a4305a580069918a34332cb899a2,keyword:M4,0,0,0,0,,,CANDIDATE_ONLY,P5-T02 atlas/UV comparison
2141,P5T01-C01987,data/rf019/TEX/UI/AMMOICON/M4A1-X_CAMO_LINE.DTX,texture,-15,a5800a3c43d470a05d06d5d1ed5de287c4024e56963dfab8448d4b0ac5e294af,keyword:M4,0,0,0,0,,,CANDIDATE_ONLY,P5-T02 atlas/UV comparison
2142,P5T01-C01988,data/rf019/TEX/UI/AMMOICON/M4A1-X_EFFECT.DTX,texture,-15,f8a8169b3fe5f6e5642b1dc86cbd18767db5a4305a580069918a34332cb899a2,keyword:M4,0,0,0,0,,,CANDIDATE_ONLY,P5-T02 atlas/UV comparison
2143,P5T01-C01989,data/rf019/TEX/UI/AMMOICON/M4A1-X_GOLDFIRE_BG.DTX,texture,-15,8c7d91e9e16c61e1e7be9936325daf6091373d75cd66de7e462ad7db808e937d,keyword:M4,0,0,0,0,,,CANDIDATE_ONLY,P5-T02 atlas/UV comparison
2144,P5T01-C01990,data/rf019/TEX/UI/AMMOICON/M4A1-X_GOLDFIRE_EFFECT.DTX,texture,-15,adae3732bd87a054875451536fc010a030cb8f4c710830ee8e4fd8c3c9836a53,keyword:M4,0,0,0,0,,,CANDIDATE_ONLY,P5-T02 atlas/UV comparison
2145,P5T01-C01991,data/rf019/TEX/UI/AMMOICON/M4A1-X_GOLDFIRE_LINE.DTX,texture,-15,ce563c2f304c241e28590977e91e6a10f255d55a1fd57c9cf328dce3129a0417,keyword:M4,0,0,0,0,,,CANDIDATE_ONLY,P5-T02 atlas/UV comparison
2146,P5T01-C01992,data/rf019/TEX/UI/AMMOICON/M4A1-X_GOLD_BG.DTX,texture,-15,fe261265198ede9b6d7c3e25a56787a8e7ca8bf481e87677ff5c45cfe5a807e6,keyword:M4,0,0,0,0,,,CANDIDATE_ONLY,P5-T02 atlas/UV comparison
2147,P5T01-C01993,data/rf019/TEX/UI/AMMOICON/M4A1-X_GOLD_EFFECT.DTX,texture,-15,f8a8169b3fe5f6e5642b1dc86cbd18767db5a4305a580069918a34332cb899a2,keyword:M4,0,0,0,0,,,CANDIDATE_ONLY,P5-T02 atlas/UV comparison
2148,P5T01-C01994,data/rf019/TEX/UI/AMMOICON/M4A1-X_GOLD_LINE.DTX,texture,-15,bc422d32ea2a6f49b9052a2e60ffec945a04ded6150317a3055f7e8ff4e9c70f,keyword:M4,0,0,0,0,,,CANDIDATE_ONLY,P5-T02 atlas/UV comparison
2149,P5T01-C01995,data/rf019/TEX/UI/AMMOICON/M4A1-X_LINE.DTX,texture,-15,8874ee213e8b61cdcfa81581999809b4fe545e040cec78c2f150ee67ccac6915,keyword:M4,0,0,0,0,,,CANDIDATE_ONLY,P5-T02 atlas/UV comparison
2150,P5T01-C01996,data/rf019/TEX/UI/AMMOICON/M4A1-Xmas2_BG.DTX,texture,-15,27dfd93beba24102c6defe1e4d2474de3c116ed6909ea47e4391d7d3196a71c4,keyword:M4,0,0,0,0,,,CANDIDATE_ONLY,P5-T02 atlas/UV comparison
2151,P5T01-C01997,data/rf019/TEX/UI/AMMOICON/M4A1-Xmas2_EFFECT.DTX,texture,-15,5fa3853c76b083285fbd051893b653801b97f4b43d3db4b911c3b972a75d3cf9,keyword:M4,0,0,0,0,,,CANDIDATE_ONLY,P5-T02 atlas/UV comparison
2152,P5T01-C01998,data/rf019/TEX/UI/AMMOICON/M4A1-Xmas2_LINE.DTX,texture,-15,50a82f8e4cb9d6db30dcf87837da750b1bb596e1b0c9fa7ca78e28bf3c4e8762,keyword:M4,0,0,0,0,,,CANDIDATE_ONLY,P5-T02 atlas/UV comparison
2153,P5T01-C01999,data/rf019/TEX/UI/AMMOICON/M4A1-phoenix_BG.DTX,texture,-15,27dfd93beba24102c6defe1e4d2474de3c116ed6909ea47e4391d7d3196a71c4,keyword:M4,0,0,0,0,,,CANDIDATE_ONLY,P5-T02 atlas/UV comparison
2154,P5T01-C02000,data/rf019/TEX/UI/AMMOICON/M4A1-phoenix_EFFECT.DTX,texture,-15,5fa3853c76b083285fbd051893b653801b97f4b43d3db4b911c3b972a75d3cf9,keyword:M4,0,0,0,0,,,CANDIDATE_ONLY,P5-T02 atlas/UV comparison
2155,P5T01-C02001,data/rf019/TEX/UI/AMMOICON/M4A1-phoenix_LINE.DTX,texture,-15,ba413dbd513fb86912f4c44a898f134f7f6eeeba4d85b5c5c40ef2561b086bdb,keyword:M4,0,0,0,0,,,CANDIDATE_ONLY,P5-T02 atlas/UV comparison
2156,P5T01-C02002,data/rf019/TEX/UI/AMMOICON/M4A1_BG.DTX,texture,-15,27dfd93beba24102c6defe1e4d2474de3c116ed6909ea47e4391d7d3196a71c4,keyword:M4,0,0,0,0,,,CANDIDATE_ONLY,P5-T02 atlas/UV comparison
2157,P5T01-C02003,data/rf019/TEX/UI/AMMOICON/M4A1_Balance_BG.DTX,texture,-15,17cb4776402537280bd9a7ebb21fe9e1449052eb2e7d9537f5a0ce5243cdc0fe,keyword:M4,0,0,0,0,,,CANDIDATE_ONLY,P5-T02 atlas/UV comparison
2158,P5T01-C02004,data/rf019/TEX/UI/AMMOICON/M4A1_Balance_EFFECT.DTX,texture,-15,5fa3853c76b083285fbd051893b653801b97f4b43d3db4b911c3b972a75d3cf9,keyword:M4,0,0,0,0,,,CANDIDATE_ONLY,P5-T02 atlas/UV comparison
2159,P5T01-C02005,data/rf019/TEX/UI/AMMOICON/M4A1_Balance_LINE.DTX,texture,-15,3e1ca37cb87b333a52c76d782a3701947112a30b2cfb15ae5f49c8dd58a249c5,keyword:M4,0,0,0,0,,,CANDIDATE_ONLY,P5-T02 atlas/UV comparison
2160,P5T01-C02006,data/rf019/TEX/UI/AMMOICON/M4A1_CFS2014_BG.DTX,texture,-15,17cb4776402537280bd9a7ebb21fe9e1449052eb2e7d9537f5a0ce5243cdc0fe,keyword:M4,0,0,0,0,,,CANDIDATE_ONLY,P5-T02 atlas/UV comparison
2161,P5T01-C02007,data/rf019/TEX/UI/AMMOICON/M4A1_CFS2014_EFFECT.DTX,texture,-15,5fa3853c76b083285fbd051893b653801b97f4b43d3db4b911c3b972a75d3cf9,keyword:M4,0,0,0,0,,,CANDIDATE_ONLY,P5-T02 atlas/UV comparison
2162,P5T01-C02008,data/rf019/TEX/UI/AMMOICON/M4A1_CFS2014_LINE.DTX,texture,-15,b8a8f2a352f8784ddba4f2745e6f7da2e1ab5e4a20f910cf278dbce838f5ce6e,keyword:M4,0,0,0,0,,,CANDIDATE_ONLY,P5-T02 atlas/UV comparison
2163,P5T01-C02009,data/rf019/TEX/UI/AMMOICON/M4A1_CFS2015_BG.DTX,texture,-15,17cb4776402537280bd9a7ebb21fe9e1449052eb2e7d9537f5a0ce5243cdc0fe,keyword:M4,0,0,0,0,,,CANDIDATE_ONLY,P5-T02 atlas/UV comparison
2164,P5T01-C02010,data/rf019/TEX/UI/AMMOICON/M4A1_CFS2015_EFFECT.DTX,texture,-15,5fa3853c76b083285fbd051893b653801b97f4b43d3db4b911c3b972a75d3cf9,keyword:M4,0,0,0,0,,,CANDIDATE_ONLY,P5-T02 atlas/UV comparison
2165,P5T01-C02011,data/rf019/TEX/UI/AMMOICON/M4A1_CFS2015_LINE.DTX,texture,-15,54862e70b0ecd2d214b96b3f89175a3593a1b804a1d730a88dc23f4e6054be70,keyword:M4,0,0,0,0,,,CANDIDATE_ONLY,P5-T02 atlas/UV comparison
2166,P5T01-C02012,data/rf019/TEX/UI/AMMOICON/M4A1_C_UltimateGold_BG.DTX,texture,-15,dd172d3e21e39d4d43c5817f72f953072542e0d64d9fafdfd644675a5b610fcb,keyword:M4,0,0,0,0,,,CANDIDATE_ONLY,P5-T02 atlas/UV comparison
2167,P5T01-C02013,data/rf019/TEX/UI/AMMOICON/M4A1_C_UltimateGold_EFFECT.DTX,texture,-15,45d287ea771279bd8d55745b531c02eb3a7466806e125a90a59364ec3aae5e66,keyword:M4,0,0,0,0,,,CANDIDATE_ONLY,P5-T02 atlas/UV comparison
2168,P5T01-C02014,data/rf019/TEX/UI/AMMOICON/M4A1_C_UltimateGold_LINE.DTX,texture,-15,3d7c787b832554d2ea3a9a70781c3cf2aea8e3bfa1d7b05c3f666e7bf1a05a94,keyword:M4,0,0,0,0,,,CANDIDATE_ONLY,P5-T02 atlas/UV comparison
2169,P5T01-C02015,data/rf019/TEX/UI/AMMOICON/M4A1_Custom_violetCrystal_BG.DTX,texture,-15,3352553d14ee24b59fba16bd9e3145b69ea69c3a009ca306238a79e03b23c182,keyword:M4,0,0,0,0,,,CANDIDATE_ONLY,P5-T02 atlas/UV comparison
2170,P5T01-C02016,data/rf019/TEX/UI/AMMOICON/M4A1_Custom_violetCrystal_EFFECT.DTX,texture,-15,13e017bf58811e671cbe8687c012250a2cedbb1dd8934813779c27901fc59edf,keyword:M4,0,0,0,0,,,CANDIDATE_ONLY,P5-T02 atlas/UV comparison
2171,P5T01-C02017,data/rf019/TEX/UI/AMMOICON/M4A1_Custom_violetCrystal_LINE.DTX,texture,-15,1833e4f53a7355305431bcf334c0376f0de1f19adb153471e9d27c37e1bf8d2b,keyword:M4,0,0,0,0,,,CANDIDATE_ONLY,P5-T02 atlas/UV comparison
2172,P5T01-C02018,data/rf019/TEX/UI/AMMOICON/M4A1_DigitalCamo_Silencer_BG.DTX,texture,-15,537bde0286c6169d5edb7d73a4f11c88cc2d0b7bb114fa805e4fb8db73d0f2d8,keyword:M4,0,0,0,0,,,CANDIDATE_ONLY,P5-T02 atlas/UV comparison
2173,P5T01-C02019,data/rf019/TEX/UI/AMMOICON/M4A1_DigitalCamo_Silencer_EFFECT.DTX,texture,-15,d736ea195901bface01fef37f202a2ba18d58f8b955d9a46eb63c590082b81b1,keyword:M4,0,0,0,0,,,CANDIDATE_ONLY,P5-T02 atlas/UV comparison
2174,P5T01-C02020,data/rf019/TEX/UI/AMMOICON/M4A1_DigitalCamo_Silencer_LINE.DTX,texture,-15,3813f1aaf2b903821d49adde8886a190966f4438b56903df1ad137eee37eaaa7,keyword:M4,0,0,0,0,,,CANDIDATE_ONLY,P5-T02 atlas/UV comparison
2175,P5T01-C02021,data/rf019/TEX/UI/AMMOICON/M4A1_EFFECT.DTX,texture,-15,5fa3853c76b083285fbd051893b653801b97f4b43d3db4b911c3b972a75d3cf9,keyword:M4,0,0,0,0,,,CANDIDATE_ONLY,P5-T02 atlas/UV comparison
2176,P5T01-C02022,data/rf019/TEX/UI/AMMOICON/M4A1_LINE.DTX,texture,-15,2b2968a00aca5ae4c4cf9e24103f314a83ff5d7a3f49c168e71197c74ee3e1a3,keyword:M4,0,0,0,0,,,CANDIDATE_ONLY,P5-T02 atlas/UV comparison
2177,P5T01-C02023,data/rf019/TEX/UI/AMMOICON/M4A1_S_BlueDiamond_BG.DTX,texture,-15,0cf09b3509ec792bf0ea5ecf073f05d405ab1b9112badd2e9976c6dcd233fb83,keyword:M4,0,0,0,0,,,CANDIDATE_ONLY,P5-T02 atlas/UV comparison
2178,P5T01-C02024,data/rf019/TEX/UI/AMMOICON/M4A1_S_BlueDiamond_EFFECT.DTX,texture,-15,130ffe95a34c2e950589583bbd974280a12f1cc65e0198274d33791a29ea03fa,keyword:M4,0,0,0,0,,,CANDIDATE_ONLY,P5-T02 atlas/UV comparison
2179,P5T01-C02025,data/rf019/TEX/UI/AMMOICON/M4A1_S_BlueDiamond_LINE.DTX,texture,-15,734aa1ebf1588c86643805f731d5fa110c6dda5caeaead7e8c0096c4b6c57547,keyword:M4,0,0,0,0,,,CANDIDATE_ONLY,P5-T02 atlas/UV comparison
2180,P5T01-C02026,data/rf019/TEX/UI/AMMOICON/M4A1_S_BluePottery_BG.DTX,texture,-15,933013d7fd1c7f76627d6d38b76d1ed242b6cc91bc10b3ca646b431e06370231,keyword:M4,0,0,0,0,,,CANDIDATE_ONLY,P5-T02 atlas/UV comparison
2181,P5T01-C02027,data/rf019/TEX/UI/AMMOICON/M4A1_S_BluePottery_EFFECT.DTX,texture,-15,d736ea195901bface01fef37f202a2ba18d58f8b955d9a46eb63c590082b81b1,keyword:M4,0,0,0,0,,,CANDIDATE_ONLY,P5-T02 atlas/UV comparison
2182,P5T01-C02028,data/rf019/TEX/UI/AMMOICON/M4A1_S_BluePottery_LINE.DTX,texture,-15,8b2f81f115e1d940dbe42d6e86f4769b44acf005f21f7ce61fca06a7c471f91c,keyword:M4,0,0,0,0,,,CANDIDATE_ONLY,P5-T02 atlas/UV comparison
2183,P5T01-C02038,data/rf019/TEX/UI/AMMOICON/M4A1_S_Lily_BG.DTX,texture,-15,61665c30ef0844933a7d1c0dd559ea51759a02a6d2db75d7034eaaf7bfd8cf7d,keyword:M4,0,0,0,0,,,CANDIDATE_ONLY,P5-T02 atlas/UV comparison
2184,P5T01-C02039,data/rf019/TEX/UI/AMMOICON/M4A1_S_Lily_EFFECT.DTX,texture,-15,b12c9ab58ea9dfc52723e815f0cf495ddba7fcd536064d90dce42c52f79c1eb5,keyword:M4,0,0,0,0,,,CANDIDATE_ONLY,P5-T02 atlas/UV comparison
2185,P5T01-C02040,data/rf019/TEX/UI/AMMOICON/M4A1_S_Lily_LINE.DTX,texture,-15,55071a516b2f4420ba609dd117dbf82fb8d41f53a435399cdb22cc229aabb194,keyword:M4,0,0,0,0,,,CANDIDATE_ONLY,P5-T02 atlas/UV comparison
2186,P5T01-C02041,data/rf019/TEX/UI/AMMOICON/M4A1_S_Sakura2_BG.DTX,texture,-15,933013d7fd1c7f76627d6d38b76d1ed242b6cc91bc10b3ca646b431e06370231,keyword:M4,0,0,0,0,,,CANDIDATE_ONLY,P5-T02 atlas/UV comparison
2187,P5T01-C02042,data/rf019/TEX/UI/AMMOICON/M4A1_S_Sakura2_EFFECT.DTX,texture,-15,d736ea195901bface01fef37f202a2ba18d58f8b955d9a46eb63c590082b81b1,keyword:M4,0,0,0,0,,,CANDIDATE_ONLY,P5-T02 atlas/UV comparison
2188,P5T01-C02043,data/rf019/TEX/UI/AMMOICON/M4A1_S_Sakura2_LINE.DTX,texture,-15,05951b514beb9182e1a9aa89b7d8bb3e1e3c45a35e21aaa8af1b5642985c789a,keyword:M4,0,0,0,0,,,CANDIDATE_ONLY,P5-T02 atlas/UV comparison
2189,P5T01-C02044,data/rf019/TEX/UI/AMMOICON/M4A1_S_Sampaguita_BG.DTX,texture,-15,0cf09b3509ec792bf0ea5ecf073f05d405ab1b9112badd2e9976c6dcd233fb83,keyword:M4,0,0,0,0,,,CANDIDATE_ONLY,P5-T02 atlas/UV comparison
2190,P5T01-C02045,data/rf019/TEX/UI/AMMOICON/M4A1_S_Sampaguita_EFFECT.DTX,texture,-15,130ffe95a34c2e950589583bbd974280a12f1cc65e0198274d33791a29ea03fa,keyword:M4,0,0,0,0,,,CANDIDATE_ONLY,P5-T02 atlas/UV comparison
2191,P5T01-C02046,data/rf019/TEX/UI/AMMOICON/M4A1_S_Sampaguita_LINE.DTX,texture,-15,434d5fecbc67c8136723c328893aac51f5ed1b3df69f1e636fe2a16115cb8983,keyword:M4,0,0,0,0,,,CANDIDATE_ONLY,P5-T02 atlas/UV comparison
2192,P5T01-C02047,data/rf019/TEX/UI/AMMOICON/M4A1_S_SonWukong_BG.DTX,texture,-15,0cf09b3509ec792bf0ea5ecf073f05d405ab1b9112badd2e9976c6dcd233fb83,keyword:M4,0,0,0,0,,,CANDIDATE_ONLY,P5-T02 atlas/UV comparison
2193,P5T01-C02048,data/rf019/TEX/UI/AMMOICON/M4A1_S_SonWukong_EFFECT.DTX,texture,-15,130ffe95a34c2e950589583bbd974280a12f1cc65e0198274d33791a29ea03fa,keyword:M4,0,0,0,0,,,CANDIDATE_ONLY,P5-T02 atlas/UV comparison
2194,P5T01-C02049,data/rf019/TEX/UI/AMMOICON/M4A1_S_SonWukong_LINE.DTX,texture,-15,b524b28561bfd177085e281d5ec01fd21aa210bdb6492b1acec4c9cb68d014b6,keyword:M4,0,0,0,0,,,CANDIDATE_ONLY,P5-T02 atlas/UV comparison
2195,P5T01-C02053,data/rf019/TEX/UI/AMMOICON/M4A1_Silencer_DMZ_BG.DTX,texture,-15,e5520045c2346a37a105386f696193d29d914974cc74dec6218768faecc7a3b1,keyword:M4,0,0,0,0,,,CANDIDATE_ONLY,P5-T02 atlas/UV comparison
2196,P5T01-C02054,data/rf019/TEX/UI/AMMOICON/M4A1_Silencer_DMZ_EFFECT.DTX,texture,-15,c1386edfb7573650e963390d1c4c25e09f19afae2f8f9f1441a44e2db05fb86f,keyword:M4,0,0,0,0,,,CANDIDATE_ONLY,P5-T02 atlas/UV comparison
2197,P5T01-C02055,data/rf019/TEX/UI/AMMOICON/M4A1_Silencer_DMZ_LINE.DTX,texture,-15,496be33a62d741dbe47ecef8a2d70933ca3d1081efd3656f7502b6358b666561,keyword:M4,0,0,0,0,,,CANDIDATE_ONLY,P5-T02 atlas/UV comparison
2198,P5T01-C02056,data/rf019/TEX/UI/AMMOICON/M4A1_Silencer_DualMag_Sampaguita_BG.DTX,texture,-15,22452c7cfac4ee092bd61b2b256e500529b5b5726f646173690898353eb0136e,keyword:M4,0,0,0,0,,,CANDIDATE_ONLY,P5-T02 atlas/UV comparison
2199,P5T01-C02057,data/rf019/TEX/UI/AMMOICON/M4A1_Silencer_DualMag_Sampaguita_EFFECT.DTX,texture,-15,da3f0abab0daee65cc84e1ae2afb9883cdc1d60765508e5b005f4e60a47f4cad,keyword:M4,0,0,0,0,,,CANDIDATE_ONLY,P5-T02 atlas/UV comparison
2200,P5T01-C02058,data/rf019/TEX/UI/AMMOICON/M4A1_Silencer_DualMag_Sampaguita_LINE.DTX,texture,-15,9b494cf6c6ac51595963c009d51d654195e712a39e6087f13c64cdde3dbd369e,keyword:M4,0,0,0,0,,,CANDIDATE_ONLY,P5-T02 atlas/UV comparison
2201,P5T01-C02059,data/rf019/TEX/UI/AMMOICON/M4A1_Silencer_Peony_BG.DTX,texture,-15,a489aae4c8e961c08340be6ac33e3de91c2f871f55eb2b534e255a152314edd2,keyword:M4,0,0,0,0,,,CANDIDATE_ONLY,P5-T02 atlas/UV comparison
2202,P5T01-C02060,data/rf019/TEX/UI/AMMOICON/M4A1_Silencer_Peony_EFFECT.DTX,texture,-15,b7b14eaa3d8d608bfbfd1003edb446a2832716e8b1f2746c634cb55f064767ed,keyword:M4,0,0,0,0,,,CANDIDATE_ONLY,P5-T02 atlas/UV comparison
2203,P5T01-C02061,data/rf019/TEX/UI/AMMOICON/M4A1_Silencer_Peony_LINE.DTX,texture,-15,b77bd79292e1c1ec00f3b3527cb4870a1140251e3036b4b0b060f445c465f7b6,keyword:M4,0,0,0,0,,,CANDIDATE_ONLY,P5-T02 atlas/UV comparison
2204,P5T01-C02062,data/rf019/TEX/UI/AMMOICON/M4A1_Silencer_PlatinumBlue_BG.DTX,texture,-15,a489aae4c8e961c08340be6ac33e3de91c2f871f55eb2b534e255a152314edd2,keyword:M4,0,0,0,0,,,CANDIDATE_ONLY,P5-T02 atlas/UV comparison
2205,P5T01-C02063,data/rf019/TEX/UI/AMMOICON/M4A1_Silencer_PlatinumBlue_EFFECT.DTX,texture,-15,b7b14eaa3d8d608bfbfd1003edb446a2832716e8b1f2746c634cb55f064767ed,keyword:M4,0,0,0,0,,,CANDIDATE_ONLY,P5-T02 atlas/UV comparison
2206,P5T01-C02064,data/rf019/TEX/UI/AMMOICON/M4A1_Silencer_PlatinumBlue_LINE.DTX,texture,-15,7230157dff46c34ebf780bcd8d83661361fa55e3d99a484c18b4e7a016d56f91,keyword:M4,0,0,0,0,,,CANDIDATE_ONLY,P5-T02 atlas/UV comparison
2207,P5T01-C02068,data/rf019/TEX/UI/AMMOICON/M4A1_Silencer_TurtleShell_BG.DTX,texture,-15,b8a9326bd595d40e97c892e131a49b6ad2bd1c38a3265b7adf6426d2d4627e4e,keyword:M4,0,0,0,0,,,CANDIDATE_ONLY,P5-T02 atlas/UV comparison
2208,P5T01-C02069,data/rf019/TEX/UI/AMMOICON/M4A1_Silencer_TurtleShell_EFFECT.DTX,texture,-15,72c2858f097267f405b97683a54a03c9f741837cc715418ef3d60fd080375eda,keyword:M4,0,0,0,0,,,CANDIDATE_ONLY,P5-T02 atlas/UV comparison
2209,P5T01-C02070,data/rf019/TEX/UI/AMMOICON/M4A1_Silencer_TurtleShell_LINE.DTX,texture,-15,d4f7f3fd0242c7dc66ffbe9159028286a1bf76d816306258e99df0dd8fc3aaaf,keyword:M4,0,0,0,0,,,CANDIDATE_ONLY,P5-T02 atlas/UV comparison
2210,P5T01-C02074,data/rf019/TEX/UI/AMMOICON/M4A1_XS_Jade_BG.DTX,texture,-15,2f3cf01585e6021f1d60a5a3962468c9a1dc89823d789c0887a32bad3ddd798e,keyword:M4,0,0,0,0,,,CANDIDATE_ONLY,P5-T02 atlas/UV comparison
2211,P5T01-C02075,data/rf019/TEX/UI/AMMOICON/M4A1_XS_Jade_EFFECT.DTX,texture,-15,b15488c714ab1d71f01a5acbc9a6593810a59c299264c69803192bb2788fc3d2,keyword:M4,0,0,0,0,,,CANDIDATE_ONLY,P5-T02 atlas/UV comparison
2212,P5T01-C02076,data/rf019/TEX/UI/AMMOICON/M4A1_XS_Jade_LINE.DTX,texture,-15,40390a6078c32dcd201350b45538ad317c5320348e2705e0200fce527b444a4a,keyword:M4,0,0,0,0,,,CANDIDATE_ONLY,P5-T02 atlas/UV comparison
2213,P5T01-C02077,data/rf019/TEX/UI/AMMOICON/M4A1_wcg2011_BG.DTX,texture,-15,27dfd93beba24102c6defe1e4d2474de3c116ed6909ea47e4391d7d3196a71c4,keyword:M4,0,0,0,0,,,CANDIDATE_ONLY,P5-T02 atlas/UV comparison
2214,P5T01-C02078,data/rf019/TEX/UI/AMMOICON/M4A1_wcg2011_EFFECT.DTX,texture,-15,5fa3853c76b083285fbd051893b653801b97f4b43d3db4b911c3b972a75d3cf9,keyword:M4,0,0,0,0,,,CANDIDATE_ONLY,P5-T02 atlas/UV comparison
2215,P5T01-C02079,data/rf019/TEX/UI/AMMOICON/M4A1_wcg2011_LINE.DTX,texture,-15,7b1a872ab58799ef732831e36a6382fac8e2216e8776b6f492382bfbdfc1d006,keyword:M4,0,0,0,0,,,CANDIDATE_ONLY,P5-T02 atlas/UV comparison
2216,P5T01-C02096,data/rf019/TEX/UI/KILLMSG/SHOT_WEAPON_M4A1-AWCG.DTX,texture,-15,f49bcff91506b206581921213e29f5df9e11d79a8fe10781f8b5eb0b3547357c,keyword:M4,0,0,0,0,,,CANDIDATE_ONLY,P5-T02 atlas/UV comparison
2217,P5T01-C02097,data/rf019/TEX/UI/KILLMSG/SHOT_WEAPON_M4A1-Bandage.DTX,texture,-15,e15ec9a73b00d49e5b38d1045cce3c063d8c6b3987fd976b17078a8c8438d1c9,keyword:M4,0,0,0,0,,,CANDIDATE_ONLY,P5-T02 atlas/UV comparison
2218,P5T01-C02098,data/rf019/TEX/UI/KILLMSG/SHOT_WEAPON_M4A1-Blue Crystal.DTX,texture,-15,f8cc008f64c689cf3afd29b600eb27c25a68f5598c5396eebd96c66a4a6081c5,keyword:M4,0,0,0,0,,,CANDIDATE_ONLY,P5-T02 atlas/UV comparison
2219,P5T01-C02099,data/rf019/TEX/UI/KILLMSG/SHOT_WEAPON_M4A1-C-RedCrystal.DTX,texture,-15,04a3894c04d4d29271742e076d62c49a11953b8eccc456f38f40827e3dd9cf35,keyword:M4,0,0,0,0,,,CANDIDATE_ONLY,P5-T02 atlas/UV comparison
2220,P5T01-C02100,data/rf019/TEX/UI/KILLMSG/SHOT_WEAPON_M4A1-CUSTOM.DTX,texture,-15,17c11e3847595885f99424904956e7648c5fd25c229b8182b718bda48dda8eeb,keyword:M4,0,0,0,0,,,CANDIDATE_ONLY,P5-T02 atlas/UV comparison
2221,P5T01-C02101,data/rf019/TEX/UI/KILLMSG/SHOT_WEAPON_M4A1-Cherry.DTX,texture,-15,c56777e8b62fcfb69aa1fca5bba094f8718fabf6008e9196df53e8595e09d854,keyword:M4,0,0,0,0,,,CANDIDATE_ONLY,P5-T02 atlas/UV comparison
2222,P5T01-C02102,data/rf019/TEX/UI/KILLMSG/SHOT_WEAPON_M4A1-E.DTX,texture,-15,1492223efde425fd0d75c4f310dd5fee918f984ed67d044b19717d754f3ef5d1,keyword:M4,0,0,0,0,,,CANDIDATE_ONLY,P5-T02 atlas/UV comparison
2223,P5T01-C02103,data/rf019/TEX/UI/KILLMSG/SHOT_WEAPON_M4A1-GOLD.DTX,texture,-15,8fd42ce438c633d6e1598eff21e4cf35278de19162303ed27fe6387f43110a51,keyword:M4,0,0,0,0,,,CANDIDATE_ONLY,P5-T02 atlas/UV comparison
2224,P5T01-C02104,data/rf019/TEX/UI/KILLMSG/SHOT_WEAPON_M4A1-Halloween.DTX,texture,-15,568eb04aa6480f67b68c2bb8be6dc73976b862b263f65727d945df6a11911643,keyword:M4,0,0,0,0,,,CANDIDATE_ONLY,P5-T02 atlas/UV comparison
2225,P5T01-C02105,data/rf019/TEX/UI/KILLMSG/SHOT_WEAPON_M4A1-PC-BRONZE.DTX,texture,-15,9971f4d889094e42fdb509a6f8d1df80a5d8647cdbe6167274a28dfe3e7c1384,keyword:M4,0,0,0,0,,,CANDIDATE_ONLY,P5-T02 atlas/UV comparison
2226,P5T01-C02106,data/rf019/TEX/UI/KILLMSG/SHOT_WEAPON_M4A1-PC-CRYSTAL.DTX,texture,-15,99c2a8c12e689d85853bac5ac2145903272efe283b76386c496688d08a6d1f08,keyword:M4,0,0,0,0,,,CANDIDATE_ONLY,P5-T02 atlas/UV comparison
2227,P5T01-C02107,data/rf019/TEX/UI/KILLMSG/SHOT_WEAPON_M4A1-PC-SILVER.DTX,texture,-15,e84ba166af0f9792146934af3254385bc0a300c4dbde1c05455bc13a8f7955eb,keyword:M4,0,0,0,0,,,CANDIDATE_ONLY,P5-T02 atlas/UV comparison
2228,P5T01-C02108,data/rf019/TEX/UI/KILLMSG/SHOT_WEAPON_M4A1-Pink.DTX,texture,-15,baaeae08c0d50d1a1599e32af4c2595361c4a20a486faa4cec912fb5e7e28661,keyword:M4,0,0,0,0,,,CANDIDATE_ONLY,P5-T02 atlas/UV comparison
2229,P5T01-C02109,data/rf019/TEX/UI/KILLMSG/SHOT_WEAPON_M4A1-QT.DTX,texture,-15,0dfc169edf8216d5c02162cea889c51c9979045d35c5648df9518d45b3b76499,keyword:M4,0,0,0,0,,,CANDIDATE_ONLY,P5-T02 atlas/UV comparison
2230,P5T01-C02110,data/rf019/TEX/UI/KILLMSG/SHOT_WEAPON_M4A1-R.Dragon.DTX,texture,-15,eaf4a679ed34fce75f1182be6d6f397132b8d241e7db0c3b0bec2f06ffee0fda,keyword:M4,0,0,0,0,,,CANDIDATE_ONLY,P5-T02 atlas/UV comparison
2231,P5T01-C02111,data/rf019/TEX/UI/KILLMSG/SHOT_WEAPON_M4A1-RoyalDragon.DTX,texture,-15,0f7e38d6c11512353c38fbaa58647da101291b84614b7f85e817a8e97ea57af1,keyword:M4,0,0,0,0,,,CANDIDATE_ONLY,P5-T02 atlas/UV comparison
2232,P5T01-C02114,data/rf019/TEX/UI/KILLMSG/SHOT_WEAPON_M4A1-S-Blossoms.DTX,texture,-15,7fe4a4767917cb4bd93da95eed57e1a698ac96dda6f11bbcaedf33c6672bfb98,keyword:M4,0,0,0,0,,,CANDIDATE_ONLY,P5-T02 atlas/UV comparison
2233,P5T01-C02117,data/rf019/TEX/UI/KILLMSG/SHOT_WEAPON_M4A1-S-PinkCrystal.DTX,texture,-15,f07b0ca1f20227e6f62c8df33f85851578b6380cef382201d7bd3393ff2cc3fa,keyword:M4,0,0,0,0,,,CANDIDATE_ONLY,P5-T02 atlas/UV comparison
2234,P5T01-C02118,data/rf019/TEX/UI/KILLMSG/SHOT_WEAPON_M4A1-S-UltimateGold.DTX,texture,-15,a155ea5d524c043689abb96a82cf86b49a8ac123fbda92f793781947323cbc0b,keyword:M4,0,0,0,0,,,CANDIDATE_ONLY,P5-T02 atlas/UV comparison
2235,P5T01-C02119,data/rf019/TEX/UI/KILLMSG/SHOT_WEAPON_M4A1-S.DTX,texture,-15,dab312aece8385046974bcc798800ff27dfff87372bcec997406e3d4742b264d,keyword:M4,0,0,0,0,,,CANDIDATE_ONLY,P5-T02 atlas/UV comparison
2236,P5T01-C02120,data/rf019/TEX/UI/KILLMSG/SHOT_WEAPON_M4A1-SILENCER.DTX,texture,-15,37145de877fbc38f0a230fb19ba94cf1ffe2ccf6d412a0461823125b9b19c926,keyword:M4,0,0,0,0,,,CANDIDATE_ONLY,P5-T02 atlas/UV comparison
2237,P5T01-C02121,data/rf019/TEX/UI/KILLMSG/SHOT_WEAPON_M4A1-STRIPES.DTX,texture,-15,61f8b58e92b75615a21bb9d7b84b63a4af1d071212219c8b96cfb4fea3968db7,keyword:M4,0,0,0,0,,,CANDIDATE_ONLY,P5-T02 atlas/UV comparison
2238,P5T01-C02122,data/rf019/TEX/UI/KILLMSG/SHOT_WEAPON_M4A1-S_QQ.DTX,texture,-15,75f51a2140c1fb54447d8247eecaef6b111dc0bb86661bdf69b1890f1c1f0bb0,keyword:M4,0,0,0,0,,,CANDIDATE_ONLY,P5-T02 atlas/UV comparison
2239,P5T01-C02123,data/rf019/TEX/UI/KILLMSG/SHOT_WEAPON_M4A1-S_UltimateSilver.DTX,texture,-15,c6eb732600164b783248c988fdf91ae593367ecebb22842415213b95f882cd5a,keyword:M4,0,0,0,0,,,CANDIDATE_ONLY,P5-T02 atlas/UV comparison
2240,P5T01-C02124,data/rf019/TEX/UI/KILLMSG/SHOT_WEAPON_M4A1-TGC.DTX,texture,-15,643aa80a8b2fd5448e36f162237f6aec95744abd2f9327558d6089fb6121c4e0,keyword:M4,0,0,0,0,,,CANDIDATE_ONLY,P5-T02 atlas/UV comparison
2241,P5T01-C02125,data/rf019/TEX/UI/KILLMSG/SHOT_WEAPON_M4A1-Tiger.DTX,texture,-15,b61f5fc4e09977654a99d7a7052e3a99c1874d2a0878a792e37db0b39550e3c1,keyword:M4,0,0,0,0,,,CANDIDATE_ONLY,P5-T02 atlas/UV comparison
2242,P5T01-C02126,data/rf019/TEX/UI/KILLMSG/SHOT_WEAPON_M4A1-X-Halloween.DTX,texture,-15,522be1f727b43733516de41fa1b48595dba584c5751ce262a50231f5363b0931,keyword:M4,0,0,0,0,,,CANDIDATE_ONLY,P5-T02 atlas/UV comparison
2243,P5T01-C02127,data/rf019/TEX/UI/KILLMSG/SHOT_WEAPON_M4A1-X.DTX,texture,-15,167e11b93db33c638a93125d975f31a9b833df06aec1e9d989e153d8bac039d0,keyword:M4,0,0,0,0,,,CANDIDATE_ONLY,P5-T02 atlas/UV comparison
2244,P5T01-C02128,data/rf019/TEX/UI/KILLMSG/SHOT_WEAPON_M4A1-XMAS.DTX,texture,-15,d4b0f6fa8c4911168eb5eb66611b0fcedee396c2cf114dd0f2dbcf0a13f51505,keyword:M4,0,0,0,0,,,CANDIDATE_ONLY,P5-T02 atlas/UV comparison
2245,P5T01-C02129,data/rf019/TEX/UI/KILLMSG/SHOT_WEAPON_M4A1-XMAS2.DTX,texture,-15,ddec9cf18fcd990dbe205e2a1c00f05824793f261346dcc5591f2d6626d056de,keyword:M4,0,0,0,0,,,CANDIDATE_ONLY,P5-T02 atlas/UV comparison
2246,P5T01-C02130,data/rf019/TEX/UI/KILLMSG/SHOT_WEAPON_M4A1-XS-RoyalDragon2.DTX,texture,-15,879f448b873492832cb305efbdaf0fb3dbb06924a2beaf3a4df42507d2a860f0,keyword:M4,0,0,0,0,,,CANDIDATE_ONLY,P5-T02 atlas/UV comparison
2247,P5T01-C02131,data/rf019/TEX/UI/KILLMSG/SHOT_WEAPON_M4A1-XS-RoyalDragon4.DTX,texture,-15,c984ccda511ac8bfcd16404f0b78dce869daeebf96f54c3ae6fa8c22fe561460,keyword:M4,0,0,0,0,,,CANDIDATE_ONLY,P5-T02 atlas/UV comparison
2248,P5T01-C02132,data/rf019/TEX/UI/KILLMSG/SHOT_WEAPON_M4A1-X_CAMO.DTX,texture,-15,85dd5f082da8df32e8866540d1a83afe6e62e149302009289662d7d18a80c8c1,keyword:M4,0,0,0,0,,,CANDIDATE_ONLY,P5-T02 atlas/UV comparison
2249,P5T01-C02133,data/rf019/TEX/UI/KILLMSG/SHOT_WEAPON_M4A1-X_GOLD.DTX,texture,-15,0bee51f80899b5ae6721957b136ecbebd819505571780d854f3f7166fed5a525,keyword:M4,0,0,0,0,,,CANDIDATE_ONLY,P5-T02 atlas/UV comparison
2250,P5T01-C02134,data/rf019/TEX/UI/KILLMSG/SHOT_WEAPON_M4A1-X_GOLDFIRE.DTX,texture,-15,f4de1a3de39d07a34e988a5e446a1f104319674df66b68fa881aa70367277e52,keyword:M4,0,0,0,0,,,CANDIDATE_ONLY,P5-T02 atlas/UV comparison
2251,P5T01-C02135,data/rf019/TEX/UI/KILLMSG/SHOT_WEAPON_M4A1-phoenix.DTX,texture,-15,aad4edd0f8e377c1b66f509bb65bcacedd1f5e5e598d8c5109f5b669c41eb7e6,keyword:M4,0,0,0,0,,,CANDIDATE_ONLY,P5-T02 atlas/UV comparison
2252,P5T01-C02136,data/rf019/TEX/UI/KILLMSG/SHOT_WEAPON_M4A1.DTX,texture,-15,d5ccf191e2bf1450eb16efbc1512987ee60b77b8ce7603ae807ed088d3b0e183,keyword:M4,0,0,0,0,,,CANDIDATE_ONLY,P5-T02 atlas/UV comparison
2253,P5T01-C02137,data/rf019/TEX/UI/KILLMSG/SHOT_WEAPON_M4A1_Balance.DTX,texture,-15,f6463c3a1c8ab7908f64708a3ba12da6d984af70a64fd7acedac69d807b79139,keyword:M4,0,0,0,0,,,CANDIDATE_ONLY,P5-T02 atlas/UV comparison
2254,P5T01-C02138,data/rf019/TEX/UI/KILLMSG/SHOT_WEAPON_M4A1_CFS2014.DTX,texture,-15,75f82c386f0ec54562c48c7e242f204dda6ec50c1d5dc735369ecf1a5d03c7d1,keyword:M4,0,0,0,0,,,CANDIDATE_ONLY,P5-T02 atlas/UV comparison
2255,P5T01-C02139,data/rf019/TEX/UI/KILLMSG/SHOT_WEAPON_M4A1_CFS2015.DTX,texture,-15,75f82c386f0ec54562c48c7e242f204dda6ec50c1d5dc735369ecf1a5d03c7d1,keyword:M4,0,0,0,0,,,CANDIDATE_ONLY,P5-T02 atlas/UV comparison
2256,P5T01-C02140,data/rf019/TEX/UI/KILLMSG/SHOT_WEAPON_M4A1_C_UltimateGold.DTX,texture,-15,6be46fb02bc30de19c560c90334d821dc780da7a402b0fd3f2ce0d4371f77c1d,keyword:M4,0,0,0,0,,,CANDIDATE_ONLY,P5-T02 atlas/UV comparison
2257,P5T01-C02141,data/rf019/TEX/UI/KILLMSG/SHOT_WEAPON_M4A1_Custom_violetCrystal.DTX,texture,-15,8f2d93f1a82a82b9572492f3431016d955f406a14dccff4f04d61d130295057a,keyword:M4,0,0,0,0,,,CANDIDATE_ONLY,P5-T02 atlas/UV comparison
2258,P5T01-C02142,data/rf019/TEX/UI/KILLMSG/SHOT_WEAPON_M4A1_DigitalCamo_Silencer.DTX,texture,-15,09f50bc477f321e78c84a8b94b65007838c249bb7ccaaad17640fb62bf283554,keyword:M4,0,0,0,0,,,CANDIDATE_ONLY,P5-T02 atlas/UV comparison
2259,P5T01-C02143,data/rf019/TEX/UI/KILLMSG/SHOT_WEAPON_M4A1_S_BlueDiamond.DTX,texture,-15,2267aeac46b0fa0a2bc6ab52542ee6e2b1bba382d29fc7e251eb1cc64fe4ba9a,keyword:M4,0,0,0,0,,,CANDIDATE_ONLY,P5-T02 atlas/UV comparison
2260,P5T01-C02144,data/rf019/TEX/UI/KILLMSG/SHOT_WEAPON_M4A1_S_BluePottery.DTX,texture,-15,c6104b6eaf5403dcfee30a26708538ad855361b1554985b65273752b6b277888,keyword:M4,0,0,0,0,,,CANDIDATE_ONLY,P5-T02 atlas/UV comparison
2261,P5T01-C02151,data/rf019/TEX/UI/KILLMSG/SHOT_WEAPON_M4A1_S_Lily.DTX,texture,-15,2b07e250af37d631b87a84602bcbd6a052887868068d02806676c274376bb952,keyword:M4,0,0,0,0,,,CANDIDATE_ONLY,P5-T02 atlas/UV comparison
2262,P5T01-C02152,data/rf019/TEX/UI/KILLMSG/SHOT_WEAPON_M4A1_S_Sakura2.DTX,texture,-15,7becac883330f2011577afa7dff1d3ded0c669a412e4d9445f032e76a9300fe9,keyword:M4,0,0,0,0,,,CANDIDATE_ONLY,P5-T02 atlas/UV comparison
2263,P5T01-C02153,data/rf019/TEX/UI/KILLMSG/SHOT_WEAPON_M4A1_S_Sampaguita.DTX,texture,-15,4218e5fb6872f9ccbc24212d8ed493705e5c50d4da1ffd7e79d87b80cc5f1055,keyword:M4,0,0,0,0,,,CANDIDATE_ONLY,P5-T02 atlas/UV comparison
2264,P5T01-C02154,data/rf019/TEX/UI/KILLMSG/SHOT_WEAPON_M4A1_S_SonWukong.DTX,texture,-15,9ffc66b1562a4624df7f70b4c6133ebe2d2614f7a3f25daee9388e7811ce6b08,keyword:M4,0,0,0,0,,,CANDIDATE_ONLY,P5-T02 atlas/UV comparison
2265,P5T01-C02157,data/rf019/TEX/UI/KILLMSG/SHOT_WEAPON_M4A1_Silencer_DMZ.DTX,texture,-15,6a653f1c0ee8064f7da3ea6553b9d5660829d5871d53b85b79b581fb099775f3,keyword:M4,0,0,0,0,,,CANDIDATE_ONLY,P5-T02 atlas/UV comparison
2266,P5T01-C02158,data/rf019/TEX/UI/KILLMSG/SHOT_WEAPON_M4A1_Silencer_DualMag_Sampaguita.DTX,texture,-15,1da1b8b3c911e70ce2cbbad0d2b6f919101496286ba751a9a13580aa8afa7472,keyword:M4,0,0,0,0,,,CANDIDATE_ONLY,P5-T02 atlas/UV comparison
2267,P5T01-C02159,data/rf019/TEX/UI/KILLMSG/SHOT_WEAPON_M4A1_Silencer_Peony.DTX,texture,-15,0c2746bd2e69b7b846a47e696c3578b022b2b0e4e9a70b2bfd28aacdd9dabecb,keyword:M4,0,0,0,0,,,CANDIDATE_ONLY,P5-T02 atlas/UV comparison
2268,P5T01-C02160,data/rf019/TEX/UI/KILLMSG/SHOT_WEAPON_M4A1_Silencer_PlatinumBlue.DTX,texture,-15,79e7dfafffac8a45825d6cdb42ffc857a5e94562e47248846ae6a50fa46bdd49,keyword:M4,0,0,0,0,,,CANDIDATE_ONLY,P5-T02 atlas/UV comparison
2269,P5T01-C02163,data/rf019/TEX/UI/KILLMSG/SHOT_WEAPON_M4A1_Silencer_TurtleShell.DTX,texture,-15,369ebb4cff6b75dab7b2c473631da3236e04cab0f25c8a7e829956bb0e11d30a,keyword:M4,0,0,0,0,,,CANDIDATE_ONLY,P5-T02 atlas/UV comparison
2270,P5T01-C02166,data/rf019/TEX/UI/KILLMSG/SHOT_WEAPON_M4A1_XS_Jade.DTX,texture,-15,14146116e6dd0b2487d79e9c34d0cfb45c556085d887410046ac6f88b085af04,keyword:M4,0,0,0,0,,,CANDIDATE_ONLY,P5-T02 atlas/UV comparison
2271,P5T01-C02167,data/rf019/TEX/UI/KILLMSG/SHOT_WEAPON_M4A1_wcg2011.DTX,texture,-15,36a38467f376b8114102dff9cc1d76dc644fb6ea4cf66899367482ee55404c86,keyword:M4,0,0,0,0,,,CANDIDATE_ONLY,P5-T02 atlas/UV comparison
2272,P5T01-C02174,data/rf019/TEX/UI/WEAPONICON/BUYWEAPON_INFO_M4A1-AWCG.DTX,texture,-15,4dabad105bb6f2bf55ffd23db62b1f486007abfd489456cdd301cb418d741639,keyword:M4,0,0,0,0,,,CANDIDATE_ONLY,P5-T02 atlas/UV comparison
2273,P5T01-C02175,data/rf019/TEX/UI/WEAPONICON/BUYWEAPON_INFO_M4A1-Bandage.DTX,texture,-15,f45579d2357ddb535165eb39e2ffb53852033cb6922430479aff6a83da356629,keyword:M4,0,0,0,0,,,CANDIDATE_ONLY,P5-T02 atlas/UV comparison
2274,P5T01-C02176,data/rf019/TEX/UI/WEAPONICON/BUYWEAPON_INFO_M4A1-Blue Crystal.DTX,texture,-15,544cd2aa8b195febf9e88eca4346a3e8ee67df93b0c6cbdac4e498bb015574f2,keyword:M4,0,0,0,0,,,CANDIDATE_ONLY,P5-T02 atlas/UV comparison
2275,P5T01-C02177,data/rf019/TEX/UI/WEAPONICON/BUYWEAPON_INFO_M4A1-C-RedCrystal.DTX,texture,-15,ebbf21645718925475c24bde19a79cbfe74304a735ff9cfc9bdd14452aea44a5,keyword:M4,0,0,0,0,,,CANDIDATE_ONLY,P5-T02 atlas/UV comparison
2276,P5T01-C02178,data/rf019/TEX/UI/WEAPONICON/BUYWEAPON_INFO_M4A1-CUSTOM.DTX,texture,-15,a8ea61b963a02d2369667720df37a3a31fc4acd7c21ed56012b464e4e70c89ec,keyword:M4,0,0,0,0,,,CANDIDATE_ONLY,P5-T02 atlas/UV comparison
2277,P5T01-C02179,data/rf019/TEX/UI/WEAPONICON/BUYWEAPON_INFO_M4A1-Cherry.DTX,texture,-15,09f56af52e35f786d90a5f15c45f54647ce4690131f1142cde417048b68417c3,keyword:M4,0,0,0,0,,,CANDIDATE_ONLY,P5-T02 atlas/UV comparison
2278,P5T01-C02180,data/rf019/TEX/UI/WEAPONICON/BUYWEAPON_INFO_M4A1-E.DTX,texture,-15,f5fc531abc727d56f28328abecf59c64f0831464f9ed07721790331d7c78b942,keyword:M4,0,0,0,0,,,CANDIDATE_ONLY,P5-T02 atlas/UV comparison
2279,P5T01-C02181,data/rf019/TEX/UI/WEAPONICON/BUYWEAPON_INFO_M4A1-GOLD.DTX,texture,-15,81532b5f44ccf77aa8c6d770573bd92b1da22e702c4f427fb20412178ce19d34,keyword:M4,0,0,0,0,,,CANDIDATE_ONLY,P5-T02 atlas/UV comparison
2280,P5T01-C02182,data/rf019/TEX/UI/WEAPONICON/BUYWEAPON_INFO_M4A1-Halloween.DTX,texture,-15,7dc81bf4a1c09dbd203b1c5d347fe8447632f390b5317a78055560201b2e22a6,keyword:M4,0,0,0,0,,,CANDIDATE_ONLY,P5-T02 atlas/UV comparison
2281,P5T01-C02183,data/rf019/TEX/UI/WEAPONICON/BUYWEAPON_INFO_M4A1-PC-BRONZE.DTX,texture,-15,ff77e285ad324b0822adb881546090dfffc2bf2ad7da6149adc50ad27878ced6,keyword:M4,0,0,0,0,,,CANDIDATE_ONLY,P5-T02 atlas/UV comparison
2282,P5T01-C02184,data/rf019/TEX/UI/WEAPONICON/BUYWEAPON_INFO_M4A1-PC-CRYSTAL.DTX,texture,-15,81d92c73c4803fccdf5eba2a563841292d0d8708f03f0eec946f6eea678b9aad,keyword:M4,0,0,0,0,,,CANDIDATE_ONLY,P5-T02 atlas/UV comparison
2283,P5T01-C02185,data/rf019/TEX/UI/WEAPONICON/BUYWEAPON_INFO_M4A1-PC-SILVER.DTX,texture,-15,ec19ef3817bcfdbe7f6c63279cc0cf0a867b70c35b43855c70480af554dd9a3f,keyword:M4,0,0,0,0,,,CANDIDATE_ONLY,P5-T02 atlas/UV comparison
2284,P5T01-C02186,data/rf019/TEX/UI/WEAPONICON/BUYWEAPON_INFO_M4A1-Pink.DTX,texture,-15,42ec375e078047a2386ba87ccd4c8ac1cde07aaceb03062e96da0681828ac2d2,keyword:M4,0,0,0,0,,,CANDIDATE_ONLY,P5-T02 atlas/UV comparison
2285,P5T01-C02187,data/rf019/TEX/UI/WEAPONICON/BUYWEAPON_INFO_M4A1-QT.DTX,texture,-15,cb5c69b4eaed6cb44d93b20a0f812b8efc94f813a0b69b7e98b4c915ab1c26fb,keyword:M4,0,0,0,0,,,CANDIDATE_ONLY,P5-T02 atlas/UV comparison
2286,P5T01-C02188,data/rf019/TEX/UI/WEAPONICON/BUYWEAPON_INFO_M4A1-R.Dragon.DTX,texture,-15,0f37d3fac75a31f4f618c4dd9a0b8007882b3227905b0a6037170ef311b370a2,keyword:M4,0,0,0,0,,,CANDIDATE_ONLY,P5-T02 atlas/UV comparison
2287,P5T01-C02189,data/rf019/TEX/UI/WEAPONICON/BUYWEAPON_INFO_M4A1-RoyalDragon.DTX,texture,-15,09787480e42a0f3b2608125958e66df4a099aaac997169587884dea9d802ff4d,keyword:M4,0,0,0,0,,,CANDIDATE_ONLY,P5-T02 atlas/UV comparison
2288,P5T01-C02191,data/rf019/TEX/UI/WEAPONICON/BUYWEAPON_INFO_M4A1-S-Blossoms.DTX,texture,-15,24790cde2aeb8482d6b0f6e23c1238f640f5f9b30d78c9a648f7d01539025333,keyword:M4,0,0,0,0,,,CANDIDATE_ONLY,P5-T02 atlas/UV comparison
2289,P5T01-C02194,data/rf019/TEX/UI/WEAPONICON/BUYWEAPON_INFO_M4A1-S-PinkCrystal.DTX,texture,-15,304729310f6086761ef39a338f86e009c8d22dbad7647ba662ab2500c8bc9ec6,keyword:M4,0,0,0,0,,,CANDIDATE_ONLY,P5-T02 atlas/UV comparison
2290,P5T01-C02195,data/rf019/TEX/UI/WEAPONICON/BUYWEAPON_INFO_M4A1-S-UltimateGold.DTX,texture,-15,307b009c141df94a880620808a06fe5ee026a08ebd15a1ebe63a24bda5a967c8,keyword:M4,0,0,0,0,,,CANDIDATE_ONLY,P5-T02 atlas/UV comparison
2291,P5T01-C02196,data/rf019/TEX/UI/WEAPONICON/BUYWEAPON_INFO_M4A1-S.DTX,texture,-15,92cee220b2b0fad339fe44b122a9142b920f1c2a27e05c674f3619187e23503e,keyword:M4,0,0,0,0,,,CANDIDATE_ONLY,P5-T02 atlas/UV comparison
2292,P5T01-C02197,data/rf019/TEX/UI/WEAPONICON/BUYWEAPON_INFO_M4A1-SILENCER.DTX,texture,-15,eeb79bb76e886936ca938ef9898b22c7c745cc14d6b352e2949f46570dbc48c3,keyword:M4,0,0,0,0,,,CANDIDATE_ONLY,P5-T02 atlas/UV comparison
2293,P5T01-C02198,data/rf019/TEX/UI/WEAPONICON/BUYWEAPON_INFO_M4A1-STRIPES.DTX,texture,-15,0d94fa5292d76b1976ad52f5afa1cfdd3016528286d05200293f9380653213b3,keyword:M4,0,0,0,0,,,CANDIDATE_ONLY,P5-T02 atlas/UV comparison
2294,P5T01-C02199,data/rf019/TEX/UI/WEAPONICON/BUYWEAPON_INFO_M4A1-S_QQ.DTX,texture,-15,6a9439361725d53c8e22fd6ba8e37dd87aee1f4703c3f310d3209eadb3c0a0d4,keyword:M4,0,0,0,0,,,CANDIDATE_ONLY,P5-T02 atlas/UV comparison
2295,P5T01-C02200,data/rf019/TEX/UI/WEAPONICON/BUYWEAPON_INFO_M4A1-S_UltimateSilver.DTX,texture,-15,8da75dd275ca902fefbd8e96deb23a12dae68cc0e1b9cb0568b7736474d13281,keyword:M4,0,0,0,0,,,CANDIDATE_ONLY,P5-T02 atlas/UV comparison
2296,P5T01-C02201,data/rf019/TEX/UI/WEAPONICON/BUYWEAPON_INFO_M4A1-TGC.DTX,texture,-15,51d189740f10b83e5296f196b6fa2153791507b07c0830ceb488ef77ec3948f3,keyword:M4,0,0,0,0,,,CANDIDATE_ONLY,P5-T02 atlas/UV comparison
2297,P5T01-C02202,data/rf019/TEX/UI/WEAPONICON/BUYWEAPON_INFO_M4A1-Tiger.DTX,texture,-15,58d02a284200c0ffcbe83eeb6e347173c9e469360cbb2e3a90e217ca6a0d24ef,keyword:M4,0,0,0,0,,,CANDIDATE_ONLY,P5-T02 atlas/UV comparison
2298,P5T01-C02203,data/rf019/TEX/UI/WEAPONICON/BUYWEAPON_INFO_M4A1-X-Halloween.DTX,texture,-15,9be6aa0cff7c768ff6f429c8bd9dc333e2f9fc626637aad2f4a4a2eb569fb09e,keyword:M4,0,0,0,0,,,CANDIDATE_ONLY,P5-T02 atlas/UV comparison
2299,P5T01-C02204,data/rf019/TEX/UI/WEAPONICON/BUYWEAPON_INFO_M4A1-X.DTX,texture,-15,214390365f5011d56758065e7b5f4754f18da60a7c6039431747a7a3231b7dcd,keyword:M4,0,0,0,0,,,CANDIDATE_ONLY,P5-T02 atlas/UV comparison
2300,P5T01-C02205,data/rf019/TEX/UI/WEAPONICON/BUYWEAPON_INFO_M4A1-XMAS.DTX,texture,-15,9a353e2ac7f4cd8ceb350d49ad5e135ac4e09d99b9bc16bd94e3b214e2c1610e,keyword:M4,0,0,0,0,,,CANDIDATE_ONLY,P5-T02 atlas/UV comparison
2301,P5T01-C02206,data/rf019/TEX/UI/WEAPONICON/BUYWEAPON_INFO_M4A1-XS-RoyalDragon2.DTX,texture,-15,c28104f34f3bfefa98c05d637bf99d747b042ab29cf43d437d918e26cba28c56,keyword:M4,0,0,0,0,,,CANDIDATE_ONLY,P5-T02 atlas/UV comparison
2302,P5T01-C02207,data/rf019/TEX/UI/WEAPONICON/BUYWEAPON_INFO_M4A1-XS-RoyalDragon4.DTX,texture,-15,8b0428016def2a633a9ae979de2cea9e0b94e02d7874769e92b273da686805f2,keyword:M4,0,0,0,0,,,CANDIDATE_ONLY,P5-T02 atlas/UV comparison
2303,P5T01-C02208,data/rf019/TEX/UI/WEAPONICON/BUYWEAPON_INFO_M4A1-X_CAMO.DTX,texture,-15,097d4072c7690084db53ca0be8a1d8f0d7fa02877f56ad194a4c6a71397cf1b9,keyword:M4,0,0,0,0,,,CANDIDATE_ONLY,P5-T02 atlas/UV comparison
2304,P5T01-C02209,data/rf019/TEX/UI/WEAPONICON/BUYWEAPON_INFO_M4A1-X_GOLD.DTX,texture,-15,0ca60ae5059237e811f7c826b16a2a55c03523fe62610a8b3fcedb4f443c225a,keyword:M4,0,0,0,0,,,CANDIDATE_ONLY,P5-T02 atlas/UV comparison
2305,P5T01-C02210,data/rf019/TEX/UI/WEAPONICON/BUYWEAPON_INFO_M4A1-X_GOLDFIRE.DTX,texture,-15,ae3b33961a5d88e17c2fe7567fc6bcad9d4de11915c35f71c698322c30dfe473,keyword:M4,0,0,0,0,,,CANDIDATE_ONLY,P5-T02 atlas/UV comparison
2306,P5T01-C02211,data/rf019/TEX/UI/WEAPONICON/BUYWEAPON_INFO_M4A1-Xmas2.DTX,texture,-15,dfea0c365615978892bbd6dc674026084c2720a7ce7c7b1313c9ebf2c6514612,keyword:M4,0,0,0,0,,,CANDIDATE_ONLY,P5-T02 atlas/UV comparison
2307,P5T01-C02212,data/rf019/TEX/UI/WEAPONICON/BUYWEAPON_INFO_M4A1-phoenix.DTX,texture,-15,33c138730eacfc759169701a597dcc7c69fb3f9172397fbd9084bb657181c86d,keyword:M4,0,0,0,0,,,CANDIDATE_ONLY,P5-T02 atlas/UV comparison
2308,P5T01-C02213,data/rf019/TEX/UI/WEAPONICON/BUYWEAPON_INFO_M4A1.DTX,texture,-15,b4bb3821b04e25c1b2fb4d11cf1a39d88c768044b913412461779a19ae677c59,keyword:M4,0,0,0,0,,,CANDIDATE_ONLY,P5-T02 atlas/UV comparison
2309,P5T01-C02214,data/rf019/TEX/UI/WEAPONICON/BUYWEAPON_INFO_M4A1_Balance.DTX,texture,-15,0a9ffc5d1663f0a4e70eda7b48b638dcd45b935f10426d975cd41cb9c4768a55,keyword:M4,0,0,0,0,,,CANDIDATE_ONLY,P5-T02 atlas/UV comparison
2310,P5T01-C02215,data/rf019/TEX/UI/WEAPONICON/BUYWEAPON_INFO_M4A1_CFS2014.DTX,texture,-15,a81b1f20fcdddffd2570e815a835dfcaaac9828b692168ef757173ed3b376d59,keyword:M4,0,0,0,0,,,CANDIDATE_ONLY,P5-T02 atlas/UV comparison
2311,P5T01-C02216,data/rf019/TEX/UI/WEAPONICON/BUYWEAPON_INFO_M4A1_CFS2015.DTX,texture,-15,0df944ae43d6ba5b8bf79ba1f6959823af862ce51cac74180250839c00ab6af9,keyword:M4,0,0,0,0,,,CANDIDATE_ONLY,P5-T02 atlas/UV comparison
2312,P5T01-C02217,data/rf019/TEX/UI/WEAPONICON/BUYWEAPON_INFO_M4A1_C_UltimateGold.DTX,texture,-15,a062e226cee414f6dea25e4e0d4d9c394345951d2b0d11cb4f5fb39506bec7fa,keyword:M4,0,0,0,0,,,CANDIDATE_ONLY,P5-T02 atlas/UV comparison
2313,P5T01-C02218,data/rf019/TEX/UI/WEAPONICON/BUYWEAPON_INFO_M4A1_Custom_violetCrystal.DTX,texture,-15,3535fd3c958f4006b2115bdbd98bcaf568bb58ade1db85f53a80ad2a3f4e977b,keyword:M4,0,0,0,0,,,CANDIDATE_ONLY,P5-T02 atlas/UV comparison
2314,P5T01-C02219,data/rf019/TEX/UI/WEAPONICON/BUYWEAPON_INFO_M4A1_DigitalCamo_Silencer.DTX,texture,-15,5c6aed32e467531972b23c1cc64ab3ea641777f68c90c0a8ab6278b1326dfc32,keyword:M4,0,0,0,0,,,CANDIDATE_ONLY,P5-T02 atlas/UV comparison
2315,P5T01-C02220,data/rf019/TEX/UI/WEAPONICON/BUYWEAPON_INFO_M4A1_S_BlueDiamond.DTX,texture,-15,aca0a37bed441e54345803b1ddf67e6f581fe29b6fb44da2839f766d005c3804,keyword:M4,0,0,0,0,,,CANDIDATE_ONLY,P5-T02 atlas/UV comparison
2316,P5T01-C02221,data/rf019/TEX/UI/WEAPONICON/BUYWEAPON_INFO_M4A1_S_BluePottery.DTX,texture,-15,2df5089835bface9995e4d70931b4057f4501aff5d3918972ce2af054f5fce09,keyword:M4,0,0,0,0,,,CANDIDATE_ONLY,P5-T02 atlas/UV comparison
2317,P5T01-C02225,data/rf019/TEX/UI/WEAPONICON/BUYWEAPON_INFO_M4A1_S_Lily.DTX,texture,-15,999ac3c39387d8363c465681027a9c2fbae5b1a71c5ac21e84a567af6e5788a9,keyword:M4,0,0,0,0,,,CANDIDATE_ONLY,P5-T02 atlas/UV comparison
2318,P5T01-C02226,data/rf019/TEX/UI/WEAPONICON/BUYWEAPON_INFO_M4A1_S_Sakura2.DTX,texture,-15,aa2bb0f680a5c449eb338093bf7c02eddf67b6d07a24790122989d316b428247,keyword:M4,0,0,0,0,,,CANDIDATE_ONLY,P5-T02 atlas/UV comparison
2319,P5T01-C02227,data/rf019/TEX/UI/WEAPONICON/BUYWEAPON_INFO_M4A1_S_Sampaguita.DTX,texture,-15,902babbc3a5456a9cd8b941af435650d34e8023f9bbe334ddee510b691702c46,keyword:M4,0,0,0,0,,,CANDIDATE_ONLY,P5-T02 atlas/UV comparison
2320,P5T01-C02228,data/rf019/TEX/UI/WEAPONICON/BUYWEAPON_INFO_M4A1_S_SonWukong.DTX,texture,-15,16d44e190069e95fa9b30a6796ccafdf67ba2429f7c5d7e401ecac48152938ee,keyword:M4,0,0,0,0,,,CANDIDATE_ONLY,P5-T02 atlas/UV comparison
2321,P5T01-C02230,data/rf019/TEX/UI/WEAPONICON/BUYWEAPON_INFO_M4A1_Silencer_DMZ.DTX,texture,-15,92bd3a0874971e7258c3c661def0ea9349f3724e1bd2b93dad22d87a4ebc043f,keyword:M4,0,0,0,0,,,CANDIDATE_ONLY,P5-T02 atlas/UV comparison
2322,P5T01-C02231,data/rf019/TEX/UI/WEAPONICON/BUYWEAPON_INFO_M4A1_Silencer_DualMag_Sampaguita.DTX,texture,-15,f02a0510bc4890a376db2f86e593cff7ffd2fcb50e274e216d28ea89502a805f,keyword:M4,0,0,0,0,,,CANDIDATE_ONLY,P5-T02 atlas/UV comparison
2323,P5T01-C02232,data/rf019/TEX/UI/WEAPONICON/BUYWEAPON_INFO_M4A1_Silencer_Peony.DTX,texture,-15,1e86f54ddfe0528e8301fea9d833fa32a413a57313c6cac59541bb2d3aadddd7,keyword:M4,0,0,0,0,,,CANDIDATE_ONLY,P5-T02 atlas/UV comparison
2324,P5T01-C02233,data/rf019/TEX/UI/WEAPONICON/BUYWEAPON_INFO_M4A1_Silencer_PlatinumBlue.DTX,texture,-15,0d7f5c595e9925a92e825f195904a5c536ab5590dce8b49d90a09e8c1f8f6dd1,keyword:M4,0,0,0,0,,,CANDIDATE_ONLY,P5-T02 atlas/UV comparison
2325,P5T01-C02235,data/rf019/TEX/UI/WEAPONICON/BUYWEAPON_INFO_M4A1_Silencer_TurtleShell.DTX,texture,-15,79acb07f11615dc6d30d756d10e62d2190652642248f63a1d33db34a39a36a6b,keyword:M4,0,0,0,0,,,CANDIDATE_ONLY,P5-T02 atlas/UV comparison
2326,P5T01-C02237,data/rf019/TEX/UI/WEAPONICON/BUYWEAPON_INFO_M4A1_WEM.DTX,texture,-15,348b3b5cb6b1002c23bfb4ff265cf3047e565350824fa8814c1b6a116c9c9cc3,keyword:M4,0,0,0,0,,,CANDIDATE_ONLY,P5-T02 atlas/UV comparison
2327,P5T01-C02238,data/rf019/TEX/UI/WEAPONICON/BUYWEAPON_INFO_M4A1_XS_Jade.DTX,texture,-15,572c8ae5a74fdb13296b5f0f943672154b3efc6a1dc459ed01fc7836e3bc03bd,keyword:M4,0,0,0,0,,,CANDIDATE_ONLY,P5-T02 atlas/UV comparison
2328,P5T01-C02239,data/rf019/TEX/UI/WEAPONICON/BUYWEAPON_INFO_M4A1_wcg2011.DTX,texture,-15,3a9f42c11464fd5daebfae185000b935e32eb29e4e15a555c95e9499d72590ed,keyword:M4,0,0,0,0,,,CANDIDATE_ONLY,P5-T02 atlas/UV comparison
2329,P5T01-C02245,data/rf019/TEX/UI/WEAPONICON/WEAPON_SELECT_M4A1-AWCG.DTX,texture,-15,16245d418c2994e1f5bd96330f0ca333d7f795e985de88e839603a31292df844,keyword:M4,0,0,0,0,,,CANDIDATE_ONLY,P5-T02 atlas/UV comparison
2330,P5T01-C02246,data/rf019/TEX/UI/WEAPONICON/WEAPON_SELECT_M4A1-CUSTOM.DTX,texture,-15,e4fa4f422e971f53700f20655b5b182a75a47bca9a9126c2b89f2e4aeb5df37a,keyword:M4,0,0,0,0,,,CANDIDATE_ONLY,P5-T02 atlas/UV comparison
2331,P5T01-C02247,data/rf019/TEX/UI/WEAPONICON/WEAPON_SELECT_M4A1-E.DTX,texture,-15,66f79221c016031ad392461057dc3fa5fdf786eca5bcd7105fb2a3aac8d7e134,keyword:M4,0,0,0,0,,,CANDIDATE_ONLY,P5-T02 atlas/UV comparison
2332,P5T01-C02248,data/rf019/TEX/UI/WEAPONICON/WEAPON_SELECT_M4A1-GOLD.DTX,texture,-15,ccbf09b030a8ddab11d027b7acc276bdce6ae500130508deb54a33c1d89bbce7,keyword:M4,0,0,0,0,,,CANDIDATE_ONLY,P5-T02 atlas/UV comparison
2333,P5T01-C02249,data/rf019/TEX/UI/WEAPONICON/WEAPON_SELECT_M4A1-Halloween.DTX,texture,-15,59320f7c5ad601aa0b27d42e5aaf386a267a0000bee195a5fbb31ab36dac8b67,keyword:M4,0,0,0,0,,,CANDIDATE_ONLY,P5-T02 atlas/UV comparison
2334,P5T01-C02250,data/rf019/TEX/UI/WEAPONICON/WEAPON_SELECT_M4A1-PC-BRONZE.DTX,texture,-15,f0df42dcb41ff307716c60c536c0d539b1b73b52b9918b2cb3ca44ff44697838,keyword:M4,0,0,0,0,,,CANDIDATE_ONLY,P5-T02 atlas/UV comparison
2335,P5T01-C02251,data/rf019/TEX/UI/WEAPONICON/WEAPON_SELECT_M4A1-PC-CRYSTAL.DTX,texture,-15,b1da935bb0177b1262e515c2a091ce43a3572e10c7cbe7b0a5d9f29c0455113d,keyword:M4,0,0,0,0,,,CANDIDATE_ONLY,P5-T02 atlas/UV comparison
2336,P5T01-C02252,data/rf019/TEX/UI/WEAPONICON/WEAPON_SELECT_M4A1-PC-SILVER.DTX,texture,-15,fdb275b93dd3c5913bf0bcb97ad51183800899705615355a3c894890f39c5af4,keyword:M4,0,0,0,0,,,CANDIDATE_ONLY,P5-T02 atlas/UV comparison
2337,P5T01-C02253,data/rf019/TEX/UI/WEAPONICON/WEAPON_SELECT_M4A1-Pink.DTX,texture,-15,028f2af4ba6dc08bd1a565453be8a5b5fb2aaf91b571c598b5c506b8ebde1a7c,keyword:M4,0,0,0,0,,,CANDIDATE_ONLY,P5-T02 atlas/UV comparison
2338,P5T01-C02254,data/rf019/TEX/UI/WEAPONICON/WEAPON_SELECT_M4A1-R.Dragon.DTX,texture,-15,3a142581d3fa8855471907d84d9fe4b0879d31d0131f59562f98266cdef4c1cd,keyword:M4,0,0,0,0,,,CANDIDATE_ONLY,P5-T02 atlas/UV comparison
2339,P5T01-C02257,data/rf019/TEX/UI/WEAPONICON/WEAPON_SELECT_M4A1-S-PinkCrystal.DTX,texture,-15,36c07eb0a2a5f2057fe7192890d4e20c3431d5e43fb32adac75845aacc81e277,keyword:M4,0,0,0,0,,,CANDIDATE_ONLY,P5-T02 atlas/UV comparison
2340,P5T01-C02258,data/rf019/TEX/UI/WEAPONICON/WEAPON_SELECT_M4A1-S.DTX,texture,-15,6fadc68a18ee60a6f6da92f592dccb6a229a9850b81fc0ec8dbaa3d4c873193d,keyword:M4,0,0,0,0,,,CANDIDATE_ONLY,P5-T02 atlas/UV comparison
2341,P5T01-C02259,data/rf019/TEX/UI/WEAPONICON/WEAPON_SELECT_M4A1-SILENCER.DTX,texture,-15,b0d2dba7a584b4f5646e49c990a2681af99ffa03d00292d199bbb9226e02f6c2,keyword:M4,0,0,0,0,,,CANDIDATE_ONLY,P5-T02 atlas/UV comparison
2342,P5T01-C02260,data/rf019/TEX/UI/WEAPONICON/WEAPON_SELECT_M4A1-S_QQ.DTX,texture,-15,6784be8d5814386186609586b83c7e7b96c346708ae4cab030c5b00e51c94d4c,keyword:M4,0,0,0,0,,,CANDIDATE_ONLY,P5-T02 atlas/UV comparison
2343,P5T01-C02261,data/rf019/TEX/UI/WEAPONICON/WEAPON_SELECT_M4A1-Tiger.DTX,texture,-15,624ee5e558f227e24d42e6ebda0092ea8a22a3e376a7fee084506e20a88acef6,keyword:M4,0,0,0,0,,,CANDIDATE_ONLY,P5-T02 atlas/UV comparison
2344,P5T01-C02262,data/rf019/TEX/UI/WEAPONICON/WEAPON_SELECT_M4A1-X.DTX,texture,-15,a100956b53b9c3c44a2f12407eeb68fa66ecbcd9a475f42aa959fc4ea0375b0e,keyword:M4,0,0,0,0,,,CANDIDATE_ONLY,P5-T02 atlas/UV comparison
2345,P5T01-C02263,data/rf019/TEX/UI/WEAPONICON/WEAPON_SELECT_M4A1-XMAS.DTX,texture,-15,c036fb48ebfa4ee4817fd90d9cce6f5b2378802cfd60628052250515b22522ca,keyword:M4,0,0,0,0,,,CANDIDATE_ONLY,P5-T02 atlas/UV comparison
2346,P5T01-C02264,data/rf019/TEX/UI/WEAPONICON/WEAPON_SELECT_M4A1-XS-RoyalDragon4.DTX,texture,-15,aa7429ae8e41850163b8820469df87d80bcf8207be8fade30f083e45a17fe583,keyword:M4,0,0,0,0,,,CANDIDATE_ONLY,P5-T02 atlas/UV comparison
2347,P5T01-C02265,data/rf019/TEX/UI/WEAPONICON/WEAPON_SELECT_M4A1-X_CAMO.DTX,texture,-15,85d30261a49ab247e9b420aba7fcb2e016f0e84969a17cb4e3a809df60d1dc0e,keyword:M4,0,0,0,0,,,CANDIDATE_ONLY,P5-T02 atlas/UV comparison
2348,P5T01-C02266,data/rf019/TEX/UI/WEAPONICON/WEAPON_SELECT_M4A1-X_GOLD.DTX,texture,-15,293864e4e59bcfd3ea8149d8971ecb58b61f863546c36b873d25d564dcb4fdd2,keyword:M4,0,0,0,0,,,CANDIDATE_ONLY,P5-T02 atlas/UV comparison
2349,P5T01-C02267,data/rf019/TEX/UI/WEAPONICON/WEAPON_SELECT_M4A1-X_GOLDFIRE.DTX,texture,-15,894434558aaa516ec05d823eb00ff161a788cee073ad7062cf334b9fd3c18672,keyword:M4,0,0,0,0,,,CANDIDATE_ONLY,P5-T02 atlas/UV comparison
2350,P5T01-C02268,data/rf019/TEX/UI/WEAPONICON/WEAPON_SELECT_M4A1.DTX,texture,-15,5c079edb20828872473ddaa62174215d78ef2b21717bcbbec0db07691b2f4fa0,keyword:M4,0,0,0,0,,,CANDIDATE_ONLY,P5-T02 atlas/UV comparison
2351,P5T01-C02269,data/rf019/TEX/UI/WEAPONICON/WEAPON_SELECT_M4A1_Balance.DTX,texture,-15,38743575bafdd3124b5456e2c9ceba2ac7ede794cb57e95dce5e28cf8693a234,keyword:M4,0,0,0,0,,,CANDIDATE_ONLY,P5-T02 atlas/UV comparison
2352,P5T01-C02270,data/rf019/TEX/UI/WEAPONICON/WEAPON_SELECT_M4A1_CFS2014.DTX,texture,-15,82820e10ac66e0cdc7e20253ce32c8addb5cb4ae0f5b6805c37e941b4bd3356c,keyword:M4,0,0,0,0,,,CANDIDATE_ONLY,P5-T02 atlas/UV comparison
2353,P5T01-C02271,data/rf019/TEX/UI/WEAPONICON/WEAPON_SELECT_M4A1_CFS2015.DTX,texture,-15,766166c768b191356ba89d4a528a35455d08d23e35d58cbfac5d8ab0cc102f85,keyword:M4,0,0,0,0,,,CANDIDATE_ONLY,P5-T02 atlas/UV comparison
2354,P5T01-C02272,data/rf019/TEX/UI/WEAPONICON/WEAPON_SELECT_M4A1_S_BlueDiamond.DTX,texture,-15,0507ccc71294de32b299edfb589a6ec416dea77ccf9b6faba1f987bab38a48eb,keyword:M4,0,0,0,0,,,CANDIDATE_ONLY,P5-T02 atlas/UV comparison
2355,P5T01-C02277,data/rf019/TEX/UI/WEAPONICON/WEAPON_SELECT_M4A1_S_Sampaguita.DTX,texture,-15,88b5391044db7df19fe2e7365e2176d00346bec1c4624b03e49cc21edf8705e9,keyword:M4,0,0,0,0,,,CANDIDATE_ONLY,P5-T02 atlas/UV comparison
2356,P5T01-C02278,data/rf019/TEX/UI/WEAPONICON/WEAPON_SELECT_M4A1_S_SonWukong.DTX,texture,-15,f60ef68f1c585d84151cccd98725b207e4d14ce34e2dd3d65f63501961f4f9a3,keyword:M4,0,0,0,0,,,CANDIDATE_ONLY,P5-T02 atlas/UV comparison
2357,P5T01-C02280,data/rf019/TEX/UI/WEAPONICON/WEAPON_SELECT_M4A1_Silencer_DMZ.DTX,texture,-15,0ee2d898e02f2df53e9368e7e2b97d6518cbf7cd608a21817357302fa8c4d91c,keyword:M4,0,0,0,0,,,CANDIDATE_ONLY,P5-T02 atlas/UV comparison
2358,P5T01-C02281,data/rf019/TEX/UI/WEAPONICON/WEAPON_SELECT_M4A1_Silencer_DualMag_Sampaguita.DTX,texture,-15,899eddeb6f6bf562014d28c92046179463986840899088c6d1876fc253eb267f,keyword:M4,0,0,0,0,,,CANDIDATE_ONLY,P5-T02 atlas/UV comparison
2359,P5T01-C02282,data/rf019/TEX/UI/WEAPONICON/WEAPON_SELECT_M4A1_Silencer_Peony.DTX,texture,-15,460e93d1cc3a0eb6c3caa22ebd435952103899c21cfc7b34ac7f8ca0043f5df4,keyword:M4,0,0,0,0,,,CANDIDATE_ONLY,P5-T02 atlas/UV comparison
2360,P5T01-C02283,data/rf019/TEX/UI/WEAPONICON/WEAPON_SELECT_M4A1_Silencer_PlatinumBlue.DTX,texture,-15,6c5edfd87b01510f88d7ae9ed806139c4816224fc55b734c59b21d41ad3521a0,keyword:M4,0,0,0,0,,,CANDIDATE_ONLY,P5-T02 atlas/UV comparison
2361,P5T01-C02286,data/rf019/TEX/UI/WEAPONICON/WEAPON_SELECT_M4A1_Silencer_TurtleShell.DTX,texture,-15,3ad71869a9faf6cbabff5102456ffda86a255e75232a4acc340be8f611750112,keyword:M4,0,0,0,0,,,CANDIDATE_ONLY,P5-T02 atlas/UV comparison
2362,P5T01-C02289,data/rf019/TEX/UI/WEAPONICON/WEAPON_SELECT_M4A1_wcg2011.DTX,texture,-15,9a899fc121f330b3559f55984c35312ddce9ec75429e6e22fcb418608d315932,keyword:M4,0,0,0,0,,,CANDIDATE_ONLY,P5-T02 atlas/UV comparison
2363,P5T01-C02463,data/rf192/UI/UI_Shop2/NobleGoldName/CatRifle_MOS_M4A1_NobleGold/NewName.BIN,config,-15,a5453e1248f3e7bcd379622219c8ae4ab658248a314356629845401dfef902ba,keyword:M4,0,0,0,0,,,CANDIDATE_ONLY,P5-T03 resource graph closure
2364,P5T01-C02476,data/rf192/UI/UI_Shop2/NobleGoldName/M4A1_S_GSpirit_NobleGold/Name.BIN,config,-15,0debc98f51f5fc88842eb509abcbc3ba8a3754a5f852406fa117225e8e73448c,keyword:M4,0,0,0,0,,,CANDIDATE_ONLY,P5-T03 resource graph closure
2365,P5T01-C02477,data/rf192/UI/UI_Shop2/NobleGoldName/M4A1_S_GSpirit_NobleGold/NewName.BIN,config,-15,1b3b7c091d7bc6298af1caa539fbde633987f8589ccd8416019abf200b2a7a35,keyword:M4,0,0,0,0,,,CANDIDATE_ONLY,P5-T03 resource graph closure
2366,P5T01-C02486,data/rf192/UI/UI_Shop2/NobleGoldName/M4A1_S_Ironwolf_NG/Name.BIN,config,-15,81f9494ec7136ffdf6196c19e2cbdaaebdf3aeaee166855a7ba43d50ec1ed0c5,keyword:M4,0,0,0,0,,,CANDIDATE_ONLY,P5-T03 resource graph closure
2367,P5T01-C02487,data/rf192/UI/UI_Shop2/NobleGoldName/M4A1_S_Ironwolf_NG/NewName.BIN,config,-15,cce187632d47f384584eafd177350acdfa41c0a79ca7bcfaf8253e225b5a2a37,keyword:M4,0,0,0,0,,,CANDIDATE_ONLY,P5-T03 resource graph closure
2368,P5T01-C02500,data/rf192/UI/UI_Shop2/NobleGoldName/TigerRifle_Ares_M4A1_NobleGold/Name.BIN,config,-15,1c8b9da5374a76e63e3b1e2399ac3bfc0c6aceadd6d0008dbfa9342850af6c3a,keyword:M4,0,0,0,0,,,CANDIDATE_ONLY,P5-T03 resource graph closure
2369,P5T01-C02501,data/rf192/UI/UI_Shop2/NobleGoldName/TigerRifle_Ares_M4A1_NobleGold/NewName.BIN,config,-15,e2bd057c130fd72a01c7e7d6721ec3424951ab56ee95a07b920b30e6ab7bac20,keyword:M4,0,0,0,0,,,CANDIDATE_ONLY,P5-T03 resource graph closure
2370,P5T01-C02502,data/rf192/UI/UI_Shop2/VVIP/SpriteImage/Effect/SGFX_jy_vvip_M4a1_s_tianshen/SGFX_jy_vvip_M4a1_s_tianshen_01.BIN,config,-15,41a177abce0782b545b939bab9e954f842a99f657d499edb6478bf58e5b865ba,keyword:M4,0,0,0,0,,,CANDIDATE_ONLY,P5-T03 resource graph closure
2371,P5T01-C02503,data/rf192/UI/UI_Shop2/VVIP/SpriteImage/Effect/SGFX_jy_vvip_M4a1_s_tianshen/SGFX_jy_vvip_M4a1_s_tianshen_02.BIN,config,-15,6f20aeaa25556f225678d3e02feccf30d7642ef7cf77538e77d0647f85a7281a,keyword:M4,0,0,0,0,,,CANDIDATE_ONLY,P5-T03 resource graph closure
2372,P5T01-C02504,data/rf192/UI/UI_Shop2/VVIP/SpriteImage/Effect/SGFX_jy_vvip_M4a1_s_tianshen/SGFX_jy_vvip_M4a1_s_tianshen_03.BIN,config,-15,8b1aad5fc1654f96be7c0f7ef78d1998df35fbac40650ea2f55716434c044ec0,keyword:M4,0,0,0,0,,,CANDIDATE_ONLY,P5-T03 resource graph closure
2373,P5T01-C02505,data/rf192/UI/UI_Shop2/VVIP/SpriteImage/Effect/SGFX_jy_vvip_M4a1_s_tianshen/SGFX_jy_vvip_M4a1_s_tianshen_04.BIN,config,-15,778a9c99752c2893e0e29dfd43f491f8b856185f963de6e063ecbd41383ea93f,keyword:M4,0,0,0,0,,,CANDIDATE_ONLY,P5-T03 resource graph closure
2374,P5T01-C02506,data/rf192/UI/UI_Shop2/VVIP/SpriteImage/Effect/SGFX_jy_vvip_M4a1_s_tianshen/SGFX_jy_vvip_M4a1_s_tianshen_05.BIN,config,-15,4be7a143f756e701c5e2c8023ed6e251abe5dd0292dd34c2870b31b470f5e1c9,keyword:M4,0,0,0,0,,,CANDIDATE_ONLY,P5-T03 resource graph closure
2375,P5T01-C02507,data/rf192/UI/UI_Shop2/VVIP/SpriteImage/Effect/SGFX_jy_vvip_M4a1_s_tianshen/SGFX_jy_vvip_M4a1_s_tianshen_06.BIN,config,-15,b10c86655dba2e1ae7fa6d83c22bfa91f200f8e06fc949449dbcc656587f155b,keyword:M4,0,0,0,0,,,CANDIDATE_ONLY,P5-T03 resource graph closure
2376,P5T01-C02508,data/rf192/UI/UI_Shop2/VVIP/SpriteImage/Effect/SGFX_jy_vvip_M4a1_s_tianshen/SGFX_jy_vvip_M4a1_s_tianshen_07.BIN,config,-15,89f0d32d3ac45e3033bcb10961b6fedef1b0a872236d10a6fa3ca89da3a26db5,keyword:M4,0,0,0,0,,,CANDIDATE_ONLY,P5-T03 resource graph closure
2377,P5T01-C02509,data/rf192/UI/UI_Shop2/VVIP/SpriteImage/Effect/SGFX_jy_vvip_M4a1_s_tianshen/SGFX_jy_vvip_M4a1_s_tianshen_08.BIN,config,-15,cefc155ce36904bb7b9ff3f948eb8ec4a563a2c2b5f7dac48886021dde1c7cfa,keyword:M4,0,0,0,0,,,CANDIDATE_ONLY,P5-T03 resource graph closure
2378,P5T01-C02510,data/rf192/UI/UI_Shop2/VVIP/SpriteImage/Effect/SGFX_jy_vvip_M4a1_s_tianshen/SGFX_jy_vvip_M4a1_s_tianshen_09.BIN,config,-15,fe5b1a4f539da4232c57a7da1c915333216b127a70271973707bfcaac0cd2fe9,keyword:M4,0,0,0,0,,,CANDIDATE_ONLY,P5-T03 resource graph closure
2379,P5T01-C02511,data/rf192/UI/UI_Shop2/VVIP/SpriteImage/Effect/SGFX_jy_vvip_M4a1_s_tianshen/SGFX_jy_vvip_M4a1_s_tianshen_10.BIN,config,-15,56cd0b2554854702a2c299793d367fbf125e0aacd527a78cb6e899964c1c78d3,keyword:M4,0,0,0,0,,,CANDIDATE_ONLY,P5-T03 resource graph closure
2380,P5T01-C02512,data/rf192/UI/UI_Shop2/VVIP/SpriteImage/Effect/SGFX_jy_vvip_M4a1_s_tianshen/SGFX_jy_vvip_M4a1_s_tianshen_11.BIN,config,-15,9505f941dcc7249ac33989705b3ef90589bd72d0d95e247eb52f7f2adf19f9c2,keyword:M4,0,0,0,0,,,CANDIDATE_ONLY,P5-T03 resource graph closure
2381,P5T01-C02513,data/rf192/UI/UI_Shop2/VVIP/SpriteImage/Effect/SGFX_jy_vvip_M4a1_s_tianshen/SGFX_jy_vvip_M4a1_s_tianshen_12.BIN,config,-15,93ae1f04fb627d637b1f6022bac6b69306ae87eae738514c779cfbcee17ba8cc,keyword:M4,0,0,0,0,,,CANDIDATE_ONLY,P5-T03 resource graph closure
2382,P5T01-C02514,data/rf192/UI/UI_Shop2/VVIP/SpriteImage/Effect/SGFX_jy_vvip_M4a1_s_tianshen/SGFX_jy_vvip_M4a1_s_tianshen_13.BIN,config,-15,c7bb0123216a2cdc59c0e8294510762d4777b5d847d0f89e875571e6a8612aef,keyword:M4,0,0,0,0,,,CANDIDATE_ONLY,P5-T03 resource graph closure
2383,P5T01-C02515,data/rf192/UI/UI_Shop2/VVIP/SpriteImage/Effect/SGFX_jy_vvip_M4a1_s_tianshen/SGFX_jy_vvip_M4a1_s_tianshen_14.BIN,config,-15,9a1242211592689b2b8c3fc113a6879054f8a1ca84517d22444df250249dfa8c,keyword:M4,0,0,0,0,,,CANDIDATE_ONLY,P5-T03 resource graph closure
2384,P5T01-C02516,data/rf192/UI/UI_Shop2/VVIP/SpriteImage/Effect/SGFX_jy_vvip_M4a1_s_tianshen/SGFX_jy_vvip_M4a1_s_tianshen_15.BIN,config,-15,1b97e25245a649c2c612778a9c7aa93b502a00dd7f27ef64890aee76ddee57a3,keyword:M4,0,0,0,0,,,CANDIDATE_ONLY,P5-T03 resource graph closure
2385,P5T01-C02532,data/rf192/UI/UI_Shop2/VVIP/SpriteImage/Effect/SGFX_se_M4A1-S-IronWolf/SGFX_se_M4A1-S-IronWolf_01.BIN,config,-15,580d5c668257bbc0ed3492ad1de7b0770da630f29d5624f4678ba5ad903d1d67,keyword:M4,0,0,0,0,,,CANDIDATE_ONLY,P5-T03 resource graph closure
2386,P5T01-C02533,data/rf192/UI/UI_Shop2/VVIP/SpriteImage/Effect/SGFX_se_M4A1-S-IronWolf/SGFX_se_M4A1-S-IronWolf_02.BIN,config,-15,211d1a53abbdb78d40056465a4c1809e91827ac52b125a556c8e45037b955b74,keyword:M4,0,0,0,0,,,CANDIDATE_ONLY,P5-T03 resource graph closure
2387,P5T01-C02534,data/rf192/UI/UI_Shop2/VVIP/SpriteImage/Effect/SGFX_se_M4A1-S-IronWolf/SGFX_se_M4A1-S-IronWolf_03.BIN,config,-15,8acb9a50136822639dff5474f980f0332ed2761b2599344b67b6750bba13c171,keyword:M4,0,0,0,0,,,CANDIDATE_ONLY,P5-T03 resource graph closure
2388,P5T01-C02535,data/rf192/UI/UI_Shop2/VVIP/SpriteImage/Effect/SGFX_se_M4A1-S-IronWolf/SGFX_se_M4A1-S-IronWolf_04.BIN,config,-15,0393129695948733a8eb234423f3bd7c580be2ed67525646efd9fe661ed3f819,keyword:M4,0,0,0,0,,,CANDIDATE_ONLY,P5-T03 resource graph closure
2389,P5T01-C02536,data/rf192/UI/UI_Shop2/VVIP/SpriteImage/Effect/SGFX_se_M4A1-S-IronWolf/SGFX_se_M4A1-S-IronWolf_05.BIN,config,-15,0661e495210c11a16e6ffacdfd3ecb392e4300703c7257c87ef6981c1775982c,keyword:M4,0,0,0,0,,,CANDIDATE_ONLY,P5-T03 resource graph closure
2390,P5T01-C02537,data/rf192/UI/UI_Shop2/VVIP/SpriteImage/Effect/SGFX_se_M4A1-S-IronWolf/SGFX_se_M4A1-S-IronWolf_06.BIN,config,-15,02f0189ec85abe5fc9116059636ae5c61e052d6a8378a89a7c7ee4521548d560,keyword:M4,0,0,0,0,,,CANDIDATE_ONLY,P5-T03 resource graph closure
2391,P5T01-C02538,data/rf192/UI/UI_Shop2/VVIP/SpriteImage/Effect/SGFX_se_M4A1-S-IronWolf/SGFX_se_M4A1-S-IronWolf_07.BIN,config,-15,e4d495c0b191bc0f791a80865fba6a5c9a659d3b73e4b01d2d007fa2173d9d2e,keyword:M4,0,0,0,0,,,CANDIDATE_ONLY,P5-T03 resource graph closure
2392,P5T01-C02539,data/rf192/UI/UI_Shop2/VVIP/SpriteImage/Effect/SGFX_se_M4A1-S-IronWolf/SGFX_se_M4A1-S-IronWolf_08.BIN,config,-15,edb8d7bc4d2ccd89c12c36e4d64d4158ee62a1fa28b706f7820cace28f252ba5,keyword:M4,0,0,0,0,,,CANDIDATE_ONLY,P5-T03 resource graph closure
2393,P5T01-C02540,data/rf192/UI/UI_Shop2/VVIP/SpriteImage/Effect/SGFX_se_M4A1-S-IronWolf/SGFX_se_M4A1-S-IronWolf_09.BIN,config,-15,bc827edd7678921ef726aa53b4462b173c562b034e7abbe7b0d5c68b4c68a338,keyword:M4,0,0,0,0,,,CANDIDATE_ONLY,P5-T03 resource graph closure
2394,P5T01-C02541,data/rf192/UI/UI_Shop2/VVIP/SpriteImage/Effect/SGFX_se_M4A1-S-IronWolf/SGFX_se_M4A1-S-IronWolf_10.BIN,config,-15,411de8a56a23b6b47a34176feaaac0b8c0d82e4305a75254ac7e1c44215cc303,keyword:M4,0,0,0,0,,,CANDIDATE_ONLY,P5-T03 resource graph closure
2395,P5T01-C02542,data/rf192/UI/UI_Shop2/VVIP/SpriteImage/Effect/SGFX_se_M4A1-S-IronWolf/SGFX_se_M4A1-S-IronWolf_11.BIN,config,-15,b049612418a589f4b01d1a44b4bf77acc0d38dcc7c91709a99fb610f43eb23c8,keyword:M4,0,0,0,0,,,CANDIDATE_ONLY,P5-T03 resource graph closure
2396,P5T01-C02543,data/rf192/UI/UI_Shop2/VVIP/SpriteImage/Effect/SGFX_se_M4A1-S-IronWolf/SGFX_se_M4A1-S-IronWolf_12.BIN,config,-15,9307951bfc975718144b18552b4ffdd99846a8e0c3cad79afb959f239ebe8d1c,keyword:M4,0,0,0,0,,,CANDIDATE_ONLY,P5-T03 resource graph closure
2397,P5T01-C02544,data/rf192/UI/UI_Shop2/VVIP/SpriteImage/Effect/SGFX_se_M4A1-S-IronWolf/SGFX_se_M4A1-S-IronWolf_13.BIN,config,-15,d699e16f641e8a6fbcec3b9b5bc78b8fd991dae2f022e5be4d9e1e1e8f3adb19,keyword:M4,0,0,0,0,,,CANDIDATE_ONLY,P5-T03 resource graph closure
2398,P5T01-C02545,data/rf192/UI/UI_Shop2/VVIP/SpriteImage/Effect/SGFX_se_M4A1-S-IronWolf/SGFX_se_M4A1-S-IronWolf_14.BIN,config,-15,b9fc5abdd29621dba65f04812f61abaa9602b11488783bbb08368a0a8e1577fd,keyword:M4,0,0,0,0,,,CANDIDATE_ONLY,P5-T03 resource graph closure
2399,P5T01-C02546,data/rf192/UI/UI_Shop2/VVIP/SpriteImage/Effect/SGFX_se_M4A1-S-IronWolf/SGFX_se_M4A1-S-IronWolf_15.BIN,config,-15,8464fceab4f1214f194f740e23631cbedb7c3360f2e3209a0fac6f8c20351dea,keyword:M4,0,0,0,0,,,CANDIDATE_ONLY,P5-T03 resource graph closure
2400,P5T01-C02577,data/rf192/UI/UI_Shop2/VVIP/SpriteImage/Effect/SGFX_se_vvip_M4A1/SGFX_se_vvip_M4A1_01.BIN,config,-15,21aaef25777b7d47cc1120ea6ebaeed1454e4bd5469afae27c2f6d723dafa13b,keyword:M4,0,0,0,0,,,CANDIDATE_ONLY,P5-T03 resource graph closure
2401,P5T01-C02578,data/rf192/UI/UI_Shop2/VVIP/SpriteImage/Effect/SGFX_se_vvip_M4A1/SGFX_se_vvip_M4A1_02.BIN,config,-15,6cdf3590e5118aa50fd691be632a064e1c3755ed58193e094b555be78ac051e4,keyword:M4,0,0,0,0,,,CANDIDATE_ONLY,P5-T03 resource graph closure
2402,P5T01-C02579,data/rf192/UI/UI_Shop2/VVIP/SpriteImage/Effect/SGFX_se_vvip_M4A1/SGFX_se_vvip_M4A1_03.BIN,config,-15,b15ed8b9f03b430583ce83c7230cb5c2b5ee6ba3e8e49f7a10f9921d37c52f5d,keyword:M4,0,0,0,0,,,CANDIDATE_ONLY,P5-T03 resource graph closure
2403,P5T01-C02580,data/rf192/UI/UI_Shop2/VVIP/SpriteImage/Effect/SGFX_se_vvip_M4A1/SGFX_se_vvip_M4A1_04.BIN,config,-15,10728c18e5fd63fd999350337c317ace4e8af2f96efb8999829f91a9af490b9e,keyword:M4,0,0,0,0,,,CANDIDATE_ONLY,P5-T03 resource graph closure
2404,P5T01-C02581,data/rf192/UI/UI_Shop2/VVIP/SpriteImage/Effect/SGFX_se_vvip_M4A1/SGFX_se_vvip_M4A1_05.BIN,config,-15,78b68ef2a78c732cf9bde67b093fe581c6c417d3c4272e92e6fba593d4d1c801,keyword:M4,0,0,0,0,,,CANDIDATE_ONLY,P5-T03 resource graph closure
2405,P5T01-C02582,data/rf192/UI/UI_Shop2/VVIP/SpriteImage/Effect/SGFX_se_vvip_M4A1/SGFX_se_vvip_M4A1_06.BIN,config,-15,670670f4f3b58bc4bf9d2bf9cd4a5cad63c417a6c3e34673e4e4b2a38ad80319,keyword:M4,0,0,0,0,,,CANDIDATE_ONLY,P5-T03 resource graph closure
2406,P5T01-C02583,data/rf192/UI/UI_Shop2/VVIP/SpriteImage/Effect/SGFX_se_vvip_M4A1/SGFX_se_vvip_M4A1_07.BIN,config,-15,92bb47a2a94b33fbf3a80d88e8710a5db2b0603dddc39d9745e8501941f57627,keyword:M4,0,0,0,0,,,CANDIDATE_ONLY,P5-T03 resource graph closure
2407,P5T01-C02584,data/rf192/UI/UI_Shop2/VVIP/SpriteImage/Effect/SGFX_se_vvip_M4A1/SGFX_se_vvip_M4A1_08.BIN,config,-15,7d1db9665867d1d2fc23fd2ce3df1ff6b7230d693efb26b67687db635134ac5d,keyword:M4,0,0,0,0,,,CANDIDATE_ONLY,P5-T03 resource graph closure
2408,P5T01-C02585,data/rf192/UI/UI_Shop2/VVIP/SpriteImage/Effect/SGFX_se_vvip_M4A1/SGFX_se_vvip_M4A1_09.BIN,config,-15,8804cf938eea4469d28d1460e12f520981434eab3b11d6f4e714ef5c259476cb,keyword:M4,0,0,0,0,,,CANDIDATE_ONLY,P5-T03 resource graph closure
2409,P5T01-C02586,data/rf192/UI/UI_Shop2/VVIP/SpriteImage/Effect/SGFX_se_vvip_M4A1/SGFX_se_vvip_M4A1_10.BIN,config,-15,b8331d2262900439a04f15c420f7494c1db26c706f5f373ecdac60c8a1c31097,keyword:M4,0,0,0,0,,,CANDIDATE_ONLY,P5-T03 resource graph closure
2410,P5T01-C02587,data/rf192/UI/UI_Shop2/VVIP/SpriteImage/Effect/SGFX_se_vvip_M4A1/SGFX_se_vvip_M4A1_11.BIN,config,-15,a111d649acc0956a6eb9876a488e75fd5bd9464648a3defdee77f3bb72fa9584,keyword:M4,0,0,0,0,,,CANDIDATE_ONLY,P5-T03 resource graph closure
2411,P5T01-C02588,data/rf192/UI/UI_Shop2/VVIP/SpriteImage/Effect/SGFX_se_vvip_M4A1/SGFX_se_vvip_M4A1_12.BIN,config,-15,2b7d3b1e9d80af0ed0b9100dc78c0812aa12bc6f7be38d2c101e4f988e83bb97,keyword:M4,0,0,0,0,,,CANDIDATE_ONLY,P5-T03 resource graph closure
2412,P5T01-C02589,data/rf192/UI/UI_Shop2/VVIP/SpriteImage/Effect/SGFX_se_vvip_M4A1/SGFX_se_vvip_M4A1_13.BIN,config,-15,71437d4bfa5cf9f07b6889bc1ef93fb445670b5427f4f6639945217ae8153324,keyword:M4,0,0,0,0,,,CANDIDATE_ONLY,P5-T03 resource graph closure
2413,P5T01-C02590,data/rf192/UI/UI_Shop2/VVIP/SpriteImage/Effect/SGFX_se_vvip_M4A1/SGFX_se_vvip_M4A1_14.BIN,config,-15,dde51e21cbe23f56135873e84c9f0922e44d336c78ecaea2fa4965a5df1f4754,keyword:M4,0,0,0,0,,,CANDIDATE_ONLY,P5-T03 resource graph closure
2414,P5T01-C02591,data/rf192/UI/UI_Shop2/VVIP/SpriteImage/Effect/SGFX_se_vvip_M4A1/SGFX_se_vvip_M4A1_15.BIN,config,-15,7bdbcfd74cdb556d93895bee803613ed114a821c81556e1d658336b1e8427ebc,keyword:M4,0,0,0,0,,,CANDIDATE_ONLY,P5-T03 resource graph closure
2415,P5T01-C02622,data/rf192/UI/UI_Shop2/VVIP/SpriteImage/Effect/SGFX_se_vvip_M4A1_S_GSpirit/SGFX_se_vvip_M4A1_S_GSpirit_01.BIN,config,-15,1718c5c5f6e80547ab7ab3ded36e525a0238ad1f1c8fddc7bae9b464c1f314db,keyword:M4,0,0,0,0,,,CANDIDATE_ONLY,P5-T03 resource graph closure
2416,P5T01-C02623,data/rf192/UI/UI_Shop2/VVIP/SpriteImage/Effect/SGFX_se_vvip_M4A1_S_GSpirit/SGFX_se_vvip_M4A1_S_GSpirit_02.BIN,config,-15,b82cee6bc669df1277e28bf63e2ce327ac0491b09876d8c73cba4bfde4348025,keyword:M4,0,0,0,0,,,CANDIDATE_ONLY,P5-T03 resource graph closure
2417,P5T01-C02624,data/rf192/UI/UI_Shop2/VVIP/SpriteImage/Effect/SGFX_se_vvip_M4A1_S_GSpirit/SGFX_se_vvip_M4A1_S_GSpirit_03.BIN,config,-15,1366dd5d42b1082f7c0da2667205cd6191b79275da0bc5e53c04d35537e9a11f,keyword:M4,0,0,0,0,,,CANDIDATE_ONLY,P5-T03 resource graph closure
2418,P5T01-C02625,data/rf192/UI/UI_Shop2/VVIP/SpriteImage/Effect/SGFX_se_vvip_M4A1_S_GSpirit/SGFX_se_vvip_M4A1_S_GSpirit_04.BIN,config,-15,360b108fc40aa104a0d81c22b2d5677457e3fdc85b03102b336c141423512c72,keyword:M4,0,0,0,0,,,CANDIDATE_ONLY,P5-T03 resource graph closure
2419,P5T01-C02626,data/rf192/UI/UI_Shop2/VVIP/SpriteImage/Effect/SGFX_se_vvip_M4A1_S_GSpirit/SGFX_se_vvip_M4A1_S_GSpirit_05.BIN,config,-15,3c4338cf0d6930476a0b1bff1e5a262d0a8107d3d642d0dd194577629373935d,keyword:M4,0,0,0,0,,,CANDIDATE_ONLY,P5-T03 resource graph closure
2420,P5T01-C02627,data/rf192/UI/UI_Shop2/VVIP/SpriteImage/Effect/SGFX_se_vvip_M4A1_S_GSpirit/SGFX_se_vvip_M4A1_S_GSpirit_06.BIN,config,-15,8255474cdc43ebda5d0702782ad669fa7685b6478992aadf11605f8917745da4,keyword:M4,0,0,0,0,,,CANDIDATE_ONLY,P5-T03 resource graph closure
2421,P5T01-C02628,data/rf192/UI/UI_Shop2/VVIP/SpriteImage/Effect/SGFX_se_vvip_M4A1_S_GSpirit/SGFX_se_vvip_M4A1_S_GSpirit_07.BIN,config,-15,30b221e2b7577d5a1e6602f62d9a8d03c756964d30ac23217eff3ce50515c2bc,keyword:M4,0,0,0,0,,,CANDIDATE_ONLY,P5-T03 resource graph closure
2422,P5T01-C02629,data/rf192/UI/UI_Shop2/VVIP/SpriteImage/Effect/SGFX_se_vvip_M4A1_S_GSpirit/SGFX_se_vvip_M4A1_S_GSpirit_08.BIN,config,-15,dd81bb41c261691174beeb559924042ad77b1aeb3c61b42ff4025342b7d6f3c0,keyword:M4,0,0,0,0,,,CANDIDATE_ONLY,P5-T03 resource graph closure
2423,P5T01-C02630,data/rf192/UI/UI_Shop2/VVIP/SpriteImage/Effect/SGFX_se_vvip_M4A1_S_GSpirit/SGFX_se_vvip_M4A1_S_GSpirit_09.BIN,config,-15,3d624663b892e2acfc6b0771a459a5e7b3fe4a2d5448ba52d1e2c1d33f3cb7eb,keyword:M4,0,0,0,0,,,CANDIDATE_ONLY,P5-T03 resource graph closure
2424,P5T01-C02631,data/rf192/UI/UI_Shop2/VVIP/SpriteImage/Effect/SGFX_se_vvip_M4A1_S_GSpirit/SGFX_se_vvip_M4A1_S_GSpirit_10.BIN,config,-15,4dc856b01084afcf92a6fdf9cda825cbaf04115cb5e7a23f5f2f5d77dbea36ce,keyword:M4,0,0,0,0,,,CANDIDATE_ONLY,P5-T03 resource graph closure
2425,P5T01-C02632,data/rf192/UI/UI_Shop2/VVIP/SpriteImage/Effect/SGFX_se_vvip_M4A1_S_GSpirit/SGFX_se_vvip_M4A1_S_GSpirit_11.BIN,config,-15,59a390730955165f3b6f8f930242dc12f91159d35dd00fb2340fb9e7cb3d32e6,keyword:M4,0,0,0,0,,,CANDIDATE_ONLY,P5-T03 resource graph closure
2426,P5T01-C02633,data/rf192/UI/UI_Shop2/VVIP/SpriteImage/Effect/SGFX_se_vvip_M4A1_S_GSpirit/SGFX_se_vvip_M4A1_S_GSpirit_12.BIN,config,-15,983a1ea554e9e844b749d85d9935fe18adaf5cfd07d043037cfb0a8592c8cc7b,keyword:M4,0,0,0,0,,,CANDIDATE_ONLY,P5-T03 resource graph closure
2427,P5T01-C02634,data/rf192/UI/UI_Shop2/VVIP/SpriteImage/Effect/SGFX_se_vvip_M4A1_S_GSpirit/SGFX_se_vvip_M4A1_S_GSpirit_13.BIN,config,-15,c3d035df9eb99bcb8e08ff3e2182ffd695f07b6dda784b99f0f87ec7e89522a9,keyword:M4,0,0,0,0,,,CANDIDATE_ONLY,P5-T03 resource graph closure
2428,P5T01-C02635,data/rf192/UI/UI_Shop2/VVIP/SpriteImage/Effect/SGFX_se_vvip_M4A1_S_GSpirit/SGFX_se_vvip_M4A1_S_GSpirit_14.BIN,config,-15,5194acc00da6cbe3d7df2c9d792b3af600db5cfecfc47c63dd55ae89ac71879c,keyword:M4,0,0,0,0,,,CANDIDATE_ONLY,P5-T03 resource graph closure
2429,P5T01-C02636,data/rf192/UI/UI_Shop2/VVIP/SpriteImage/Effect/SGFX_se_vvip_M4A1_S_GSpirit/SGFX_se_vvip_M4A1_S_GSpirit_15.BIN,config,-15,e6fde38d93c726c1ac64e452b61af6aec3e63ae92944ac53fdb3b0033df9963c,keyword:M4,0,0,0,0,,,CANDIDATE_ONLY,P5-T03 resource graph closure
2430,P5T01-C02727,data/rf192/UI/UI_Shop2/VVIP/SpriteImage/Effect/SGFX_yc_vvip_m4a1_s_dominator/SGFX_yc_vvip_m4a1_s_dominator_01.BIN,config,-15,f309df23e5497abb20d3deb3e02f94aa5b3f09011b477d6502577ca198d2a409,keyword:M4,0,0,0,0,,,CANDIDATE_ONLY,P5-T03 resource graph closure
2431,P5T01-C02728,data/rf192/UI/UI_Shop2/VVIP/SpriteImage/Effect/SGFX_yc_vvip_m4a1_s_dominator/SGFX_yc_vvip_m4a1_s_dominator_02.BIN,config,-15,115cec89dd00f9a9237c987f4b178894103fd6d0f67e5e1f0cede8c7e6668763,keyword:M4,0,0,0,0,,,CANDIDATE_ONLY,P5-T03 resource graph closure
2432,P5T01-C02729,data/rf192/UI/UI_Shop2/VVIP/SpriteImage/Effect/SGFX_yc_vvip_m4a1_s_dominator/SGFX_yc_vvip_m4a1_s_dominator_03.BIN,config,-15,534f904641196fbe608217241aca0af7f578c6d5793ca1e989dc92b5b57df41b,keyword:M4,0,0,0,0,,,CANDIDATE_ONLY,P5-T03 resource graph closure
2433,P5T01-C02730,data/rf192/UI/UI_Shop2/VVIP/SpriteImage/Effect/SGFX_yc_vvip_m4a1_s_dominator/SGFX_yc_vvip_m4a1_s_dominator_04.BIN,config,-15,0d9ce274d3bb0ca4aca535999d5739cfbdc7b8f2386f133d3390017d4bc73feb,keyword:M4,0,0,0,0,,,CANDIDATE_ONLY,P5-T03 resource graph closure
2434,P5T01-C02731,data/rf192/UI/UI_Shop2/VVIP/SpriteImage/Effect/SGFX_yc_vvip_m4a1_s_dominator/SGFX_yc_vvip_m4a1_s_dominator_05.BIN,config,-15,2edc219f6c2fb5ea8171f37a7fb9b37f76a800d8dba925d25be6c9643f2f7afd,keyword:M4,0,0,0,0,,,CANDIDATE_ONLY,P5-T03 resource graph closure
2435,P5T01-C02732,data/rf192/UI/UI_Shop2/VVIP/SpriteImage/Effect/SGFX_yc_vvip_m4a1_s_dominator/SGFX_yc_vvip_m4a1_s_dominator_06.BIN,config,-15,b765cd7ebe44897533760f73625581d9551934ee0d0c5fc19d5b608ef39160b9,keyword:M4,0,0,0,0,,,CANDIDATE_ONLY,P5-T03 resource graph closure
2436,P5T01-C02733,data/rf192/UI/UI_Shop2/VVIP/SpriteImage/Effect/SGFX_yc_vvip_m4a1_s_dominator/SGFX_yc_vvip_m4a1_s_dominator_07.BIN,config,-15,ffe5de84db99e487fce46aff355480d5e66fdb4ad749565e92d9435a925d383e,keyword:M4,0,0,0,0,,,CANDIDATE_ONLY,P5-T03 resource graph closure
2437,P5T01-C02734,data/rf192/UI/UI_Shop2/VVIP/SpriteImage/Effect/SGFX_yc_vvip_m4a1_s_dominator/SGFX_yc_vvip_m4a1_s_dominator_08.BIN,config,-15,f0ed342314ec8bb0d587ecb5011417da84401c962232d7c7516fef4714a19505,keyword:M4,0,0,0,0,,,CANDIDATE_ONLY,P5-T03 resource graph closure
2438,P5T01-C02735,data/rf192/UI/UI_Shop2/VVIP/SpriteImage/Effect/SGFX_yc_vvip_m4a1_s_dominator/SGFX_yc_vvip_m4a1_s_dominator_09.BIN,config,-15,09da2fac93ac1261149b3864cf380280b1c5edf9f206e1ae7da36f6190fa9cd8,keyword:M4,0,0,0,0,,,CANDIDATE_ONLY,P5-T03 resource graph closure
2439,P5T01-C02736,data/rf192/UI/UI_Shop2/VVIP/SpriteImage/Effect/SGFX_yc_vvip_m4a1_s_dominator/SGFX_yc_vvip_m4a1_s_dominator_10.BIN,config,-15,eabf369751e21f51ab74a6e4c7ec420a8a64547c0c219b541c6f0901076f1028,keyword:M4,0,0,0,0,,,CANDIDATE_ONLY,P5-T03 resource graph closure
2440,P5T01-C02737,data/rf192/UI/UI_Shop2/VVIP/SpriteImage/Effect/SGFX_yc_vvip_m4a1_s_dominator/SGFX_yc_vvip_m4a1_s_dominator_11.BIN,config,-15,7ae6206808bcb563fa48355b511b1b75b746b05412034a73bc5fec6e1ed4a39d,keyword:M4,0,0,0,0,,,CANDIDATE_ONLY,P5-T03 resource graph closure
2441,P5T01-C02738,data/rf192/UI/UI_Shop2/VVIP/SpriteImage/Effect/SGFX_yc_vvip_m4a1_s_dominator/SGFX_yc_vvip_m4a1_s_dominator_12.BIN,config,-15,5e10a2d355849dd687cad38acffe25e019313e341387d8f45a270a8286c44cfa,keyword:M4,0,0,0,0,,,CANDIDATE_ONLY,P5-T03 resource graph closure
2442,P5T01-C02739,data/rf192/UI/UI_Shop2/VVIP/SpriteImage/Effect/SGFX_yc_vvip_m4a1_s_dominator/SGFX_yc_vvip_m4a1_s_dominator_13.BIN,config,-15,2a779ac1135c8034a9da76c7cd4f7272fd097ceadf4574f0d385c6bc0eeeeff5,keyword:M4,0,0,0,0,,,CANDIDATE_ONLY,P5-T03 resource graph closure
2443,P5T01-C02740,data/rf192/UI/UI_Shop2/VVIP/SpriteImage/Effect/SGFX_yc_vvip_m4a1_s_dominator/SGFX_yc_vvip_m4a1_s_dominator_14.BIN,config,-15,4d2de2be329deeb13d548efcb22ecc3dad4ca8b566a12eab80037543a7d37df4,keyword:M4,0,0,0,0,,,CANDIDATE_ONLY,P5-T03 resource graph closure
2444,P5T01-C02741,data/rf192/UI/UI_Shop2/VVIP/SpriteImage/Effect/SGFX_yc_vvip_m4a1_s_dominator/SGFX_yc_vvip_m4a1_s_dominator_15.BIN,config,-15,12ec4fcbeada005dcbf4429109afe6621af3d0865c17e9fdda53e457e0a17553,keyword:M4,0,0,0,0,,,CANDIDATE_ONLY,P5-T03 resource graph closure
2445,P5T01-C02769,data/rf192/UI/UI_ShopRenewal/VVIPSkin/Name/M4A1_S_Ironwolf_NG/NewName.BIN,config,-15,0fbe164b689bb758db29079bf245b48ffb7b58f85ee89ea236835f3687882664,keyword:M4,0,0,0,0,,,CANDIDATE_ONLY,P5-T03 resource graph closure
2446,P5T01-C02856,data/rf192/UI/UI_Trade/Combination/ItemIcon/Item_Piece_M4A1_S_GSpirit.BIN,config,-15,ba0bd64ec8bbf47c4570891dad3cd840085f7bc754145ea56d0c88b176e5f54c,keyword:M4,0,0,0,0,,,CANDIDATE_ONLY,P5-T03 resource graph closure
2447,P5T01-C00105,data/out/PV-M4A1_S_BornBeast_BL.obj,model,-30,cf9b9c4033b3ef476290631e4a76fd41c36a186dcc0687102b3ba7b860f50a26,keyword:M4,0,8,0,1,,,CANDIDATE_ONLY,P5-T02 geometry/parts comparison
2448,P5T01-C00108,data/out/PV-M4A1_S_BornBeast_Classic.obj,model,-30,64d0827e460d2b110ad936a9ad296fd2caf7cbc594cbf817af0b23d927b784f3,keyword:M4,0,8,0,1,,,CANDIDATE_ONLY,P5-T02 geometry/parts comparison
2449,P5T01-C00110,data/out/PV-M4A1_S_BornBeast_Classic_BL.obj,model,-30,6f0b11583f0c976592b2e8d26dd50d792bcdcb72c3f7e12b98355f326886c2b4,keyword:M4,0,8,0,1,,,CANDIDATE_ONLY,P5-T02 geometry/parts comparison
2450,P5T01-C00121,data/out/QV-M4A1_S_BornBeast.obj,model,-30,7c083b9e4e9f2f7c3af213c05f7d1d3272bd1a2aa42f86a983328ae4ecc9e92a,keyword:M4,0,8,0,1,,,CANDIDATE_ONLY,P5-T02 geometry/parts comparison
2451,P5T01-C00103,data/out/PV-M4A1_S_BornBeast.dds,texture,-30,82d957687baa53e744066cb25c0333364d3c8e79874b6b5c89769ce98f75cb64,keyword:M4,0,7,0,1,,,CANDIDATE_ONLY,P5-T02 atlas/UV comparison
2452,P5T01-C00104,data/out/PV-M4A1_S_BornBeast_BL.mtl,config,-30,2c58e874f983a4e276925d1107ffa0c506cad32e4e17c2531eefe934d5deca11,keyword:M4,0,8,0,1,,,CANDIDATE_ONLY,P5-T03 resource graph closure
2453,P5T01-C00106,data/out/PV-M4A1_S_BornBeast_BL_textures/PV-M4A1_S_BornBeast.png,texture,-30,a8493dd9c582a8f6e95a67bb158765d2e8580bc84936cd84dad3069191e8e554,keyword:M4,0,7,0,1,,,CANDIDATE_ONLY,P5-T02 atlas/UV comparison
2454,P5T01-C00107,data/out/PV-M4A1_S_BornBeast_Classic.mtl,config,-30,5ce5492a0b3aa8d3561dd22b47ea485f23ff295479ad88815b0c6e32e387affd,keyword:M4,0,8,0,1,,,CANDIDATE_ONLY,P5-T03 resource graph closure
2455,P5T01-C00109,data/out/PV-M4A1_S_BornBeast_Classic_BL.mtl,config,-30,5ce5492a0b3aa8d3561dd22b47ea485f23ff295479ad88815b0c6e32e387affd,keyword:M4,0,8,0,1,,,CANDIDATE_ONLY,P5-T03 resource graph closure
2456,P5T01-C00111,data/out/PV-M4A1_S_BornBeast_Classic_BL_mapping_candidates.txt,config,-30,2274b3c95248a1344e7de7a531fc1b33a6f5ca694eb89ca78113cfef315d2d08,keyword:M4,0,8,0,1,,,CANDIDATE_ONLY,P5-T03 resource graph closure
2457,P5T01-C00112,data/out/PV-M4A1_S_BornBeast_Classic_BL_texture_report.txt,config,-30,abb6945d791bd002e7ad604950d9825cdc33fcaf52cc59cd12d660f424e47978,keyword:M4,0,8,0,1,,,CANDIDATE_ONLY,P5-T03 resource graph closure
2458,P5T01-C00113,data/out/PV-M4A1_S_BornBeast_Classic_mapping_candidates.txt,config,-30,4c71caf653ee02868e61ac197cb46a2176d4d7bc18ad9ae63cc8737d4d28a97a,keyword:M4,0,8,0,1,,,CANDIDATE_ONLY,P5-T03 resource graph closure
2459,P5T01-C00114,data/out/PV-M4A1_S_BornBeast_Classic_texture_report.txt,config,-30,e89815549fff459918b65d4a31b8e50131eaacc8394ae0cd97bd21d504ff2cf5,keyword:M4,0,8,0,1,,,CANDIDATE_ONLY,P5-T03 resource graph closure
2460,P5T01-C00115,data/out/PV_M4A1_S_BornBeast_Normal_4K.png,texture,-30,d0f2dff8aaf8c7b81449403d267bcd697aa633e1176393260703fd0072504b3d,keyword:M4,0,7,0,1,,,CANDIDATE_ONLY,P5-T02 atlas/UV comparison
2461,P5T01-C00116,data/out/PV_M4A1_S_BornBeast_Normal_4K.vtf,texture,-30,695c1834804f96670da0f819890832c4506a6253f7dc93b59f64ff0ddd999ec5,keyword:M4,0,7,0,1,,,CANDIDATE_ONLY,P5-T02 atlas/UV comparison
2462,P5T01-C00117,data/out/PV_M4A1_S_BornBeast_Raw.png,texture,-30,ac3fa0e5f2c2000b6f537b9e85400489676aebd8ff12615b3950658764ead9f5,keyword:M4,0,7,0,1,,,CANDIDATE_ONLY,P5-T02 atlas/UV comparison
2463,P5T01-C00118,data/out/PV_M4A1_S_BornBeast_UltraHD_4K.png,texture,-30,d74c5796f9e895470551b7e5dae2a4ffb92a3bd95cce901553a0e566d24c42ff,keyword:M4,0,7,0,1,,,CANDIDATE_ONLY,P5-T02 atlas/UV comparison
2464,P5T01-C00119,data/out/PV_M4A1_S_BornBeast_UltraHD_4K.vtf,texture,-30,4e1cd5509a678935e7b7f78fcc93bca619a79944d3a7abf0f22f08d0bbfacd84,keyword:M4,0,7,0,1,,,CANDIDATE_ONLY,P5-T02 atlas/UV comparison
2465,P5T01-C00120,data/out/QV-M4A1_S_BornBeast.mtl,config,-30,d38aeb9570da0894627dc4479e0985a975480438702ae638f8da197720affe6d,keyword:M4,0,8,0,1,,,CANDIDATE_ONLY,P5-T03 resource graph closure
2466,P5T01-C00122,data/out/QV-M4A1_S_BornBeast_textures/QV-M4A1_S_BornBeast.png,texture,-30,d019410e096306c9ec58d57b06fd9205cf293bd0cdfe4e64f3d602cab8f2d106,keyword:M4,0,7,0,1,,,CANDIDATE_ONLY,P5-T02 atlas/UV comparison
2467,P5T01-C00123,data/out/decompiled_m4a1_bornbeast/PV-AK-47-Beast.smd,config,-30,9f51f6db9576fbf2e8d699bac147d4d97d38177fe1992de4cf71f97a0e916a8a,keyword:M4,0,7,0,1,,,CANDIDATE_ONLY,P5-T03 resource graph closure
2468,P5T01-C00124,data/out/decompiled_m4a1_bornbeast/PV-AK-47-Beast_02.smd,config,-30,ef84575002084a5c5acbd6161f0eaf5c13750141dff77e2b1800b09a65d3864b,keyword:M4,0,7,0,1,,,CANDIDATE_ONLY,P5-T03 resource graph closure
2469,P5T01-C00125,data/out/decompiled_m4a1_bornbeast/PV-M4A1-BornBeast.smd,config,-30,82f1b44264e4e4a4d5f6c327c362b3d96bc7c9dbaa3a8aebbda117672ed0997f,keyword:M4,0,7,0,1,,,CANDIDATE_ONLY,P5-T03 resource graph closure
2470,P5T01-C00126,data/out/decompiled_m4a1_bornbeast/bones_define.qci,config,-30,e3b0c44298fc1c149afbf4c8996fb92427ae41e4649b934ca495991b7852b855,keyword:M4,0,7,0,1,,,CANDIDATE_ONLY,P5-T03 resource graph closure
2471,P5T01-C00127,data/out/decompiled_m4a1_bornbeast/csgo_hands.smd,config,-30,06fb57fb68ea7784ca5060172ca99764ccb98a9acded3927ac93bedef9606525,keyword:M4,0,7,0,1,,,CANDIDATE_ONLY,P5-T03 resource graph closure
2472,P5T01-C00128,data/out/decompiled_m4a1_bornbeast/v_rif_ak47_anims/ak47_draw.smd,config,-30,bf4814b2ec13fe84733e92549b64c42f53b952843eceb84d92c9f5dce1ef6d9b,keyword:M4,0,7,0,1,,,CANDIDATE_ONLY,P5-T03 resource graph closure
2473,P5T01-C00129,data/out/decompiled_m4a1_bornbeast/v_rif_ak47_anims/ak47_fire1.smd,config,-30,cfd54e6c9578b99fbb04a1f317d4eb5b95e6ab5daab966237b9c87e396cffa41,keyword:M4,0,7,0,1,,,CANDIDATE_ONLY,P5-T03 resource graph closure
2474,P5T01-C00130,data/out/decompiled_m4a1_bornbeast/v_rif_ak47_anims/ak47_fire2.smd,config,-30,cfd54e6c9578b99fbb04a1f317d4eb5b95e6ab5daab966237b9c87e396cffa41,keyword:M4,0,7,0,1,,,CANDIDATE_ONLY,P5-T03 resource graph closure
2475,P5T01-C00131,data/out/decompiled_m4a1_bornbeast/v_rif_ak47_anims/ak47_fire3.smd,config,-30,cfd54e6c9578b99fbb04a1f317d4eb5b95e6ab5daab966237b9c87e396cffa41,keyword:M4,0,7,0,1,,,CANDIDATE_ONLY,P5-T03 resource graph closure
2476,P5T01-C00132,data/out/decompiled_m4a1_bornbeast/v_rif_ak47_anims/ak47_idle.smd,config,-30,a98ff5a5017d7b7acf5d7c20e9668c2a050e546729edfe221412d014fb34eb8d,keyword:M4,0,7,0,1,,,CANDIDATE_ONLY,P5-T03 resource graph closure
2477,P5T01-C00133,data/out/decompiled_m4a1_bornbeast/v_rif_ak47_anims/ak47_reload.smd,config,-30,7490c06b63bba6bc68882717c0fe870975dea17a50f2eb928b3c440db59a9317,keyword:M4,0,7,0,1,,,CANDIDATE_ONLY,P5-T03 resource graph closure
2478,P5T01-C00134,data/out/decompiled_m4a1_bornbeast/v_rif_ak47_anims/lookat01.smd,config,-30,3d6882357d498e9d8abdcda5a0a3a21ebe50849b1d5e2158d780c362ef62bb97,keyword:M4,0,7,0,1,,,CANDIDATE_ONLY,P5-T03 resource graph closure
2479,P5T01-C00135,data/out/decompiled_m4a1_bornbeast/v_rif_ak47_anims/lookat01_beast.smd,config,-30,14789f3728f2d2d541c1ad1317218b80c751dc0eec301b805ca9f9b3b8b14d1c,keyword:M4,0,7,0,1,,,CANDIDATE_ONLY,P5-T03 resource graph closure
2480,P5T01-C00136,data/out/decompiled_m4a1_bornbeast/v_rif_m4a1.qc,config,-30,90eab4f4f3869676c70dbad173b64480b45076d6e15e8bec0b9fff6d6098740a,keyword:M4,0,7,0,1,,,CANDIDATE_ONLY,P5-T03 resource graph closure
2481,P5T01-C00137,data/out/decompiled_m4a1_bornbeast/v_rif_m4a1_s.qc,config,-30,ace0582f96877abb4d03d5bafb771e2b69212063d66b2caf744950f8ace49e03,keyword:M4,0,7,0,1,,,CANDIDATE_ONLY,P5-T03 resource graph closure
2482,P5T01-C00138,data/out/m4a1_audio/M4A1IronBeast_1.wav,sound,-30,36d5614ac686ee66e34128403f89587439ca01b562c09b7c6dde0eac327c3b2c,keyword:M4,0,7,0,1,,,CANDIDATE_ONLY,P5-T03 same-variant association
2483,P5T01-C00139,data/out/m4a1_audio/M4A1IronBeast_10.wav,sound,-30,b1c0b8cb037b03a1170316ca4cfbd8cb931fe02a2bb8e3ee75b8e23e4dfaf289,keyword:M4,0,7,0,1,,,CANDIDATE_ONLY,P5-T03 same-variant association
2484,P5T01-C00140,data/out/m4a1_audio/M4A1IronBeast_11.wav,sound,-30,fb212bc4160c63c471ef1ca5a0e05fb34ae6b3afdf247a69476ac63d4b473fdf,keyword:M4,0,7,0,1,,,CANDIDATE_ONLY,P5-T03 same-variant association
2485,P5T01-C00141,data/out/m4a1_audio/M4A1IronBeast_12.wav,sound,-30,90bc4ac53b3e6b5b2bfffc942dc58aae8f4e96a9f72e0c5dafd7047a5cddbbfc,keyword:M4,0,7,0,1,,,CANDIDATE_ONLY,P5-T03 same-variant association
2486,P5T01-C00142,data/out/m4a1_audio/M4A1IronBeast_13.wav,sound,-30,f85c41a00a4e4a0a00320e10d73a9ca59e29db98d19ce42ef0b1a1d1ef66a647,keyword:M4,0,7,0,1,,,CANDIDATE_ONLY,P5-T03 same-variant association
2487,P5T01-C00143,data/out/m4a1_audio/M4A1IronBeast_14.wav,sound,-30,9fba957f8402f9ef87857ebbc9a078d6f20754b18cd7ee26a4b16de88a23bbf8,keyword:M4,0,7,0,1,,,CANDIDATE_ONLY,P5-T03 same-variant association
2488,P5T01-C00144,data/out/m4a1_audio/M4A1IronBeast_15.wav,sound,-30,def9bc6d1802ff7861399043b840c6db16fdfa5c61bff90fc80f79c1cbe1803e,keyword:M4,0,7,0,1,,,CANDIDATE_ONLY,P5-T03 same-variant association
2489,P5T01-C00145,data/out/m4a1_audio/M4A1IronBeast_16.wav,sound,-30,2df35273fc35797dc91cc5de349bb03122dc07079dc8f894e08f457c32809b3d,keyword:M4,0,7,0,1,,,CANDIDATE_ONLY,P5-T03 same-variant association
2490,P5T01-C00146,data/out/m4a1_audio/M4A1IronBeast_17.wav,sound,-30,092226a90512cee4410d2a61cd78e01e266cb885307bd0e63a5fdff1fec51682,keyword:M4,0,7,0,1,,,CANDIDATE_ONLY,P5-T03 same-variant association
2491,P5T01-C00147,data/out/m4a1_audio/M4A1IronBeast_2.wav,sound,-30,419c3429f36d55806872a826994128d1819f0715bd97d6bb67d68e2768af263b,keyword:M4,0,7,0,1,,,CANDIDATE_ONLY,P5-T03 same-variant association
2492,P5T01-C00148,data/out/m4a1_audio/M4A1IronBeast_3.wav,sound,-30,6f4dd968347fd1fa237ce7b13ba9985f9ab63ac75f4a14e768940b7c01c9adff,keyword:M4,0,7,0,1,,,CANDIDATE_ONLY,P5-T03 same-variant association
2493,P5T01-C00149,data/out/m4a1_audio/M4A1IronBeast_4.wav,sound,-30,1e57103998d8d5166f0da20c82892ed6154e9e500d2718aea4683d8dc15fea2a,keyword:M4,0,7,0,1,,,CANDIDATE_ONLY,P5-T03 same-variant association
2494,P5T01-C00150,data/out/m4a1_audio/M4A1IronBeast_5.wav,sound,-30,dec852ec2a397aa18c4d306c22187073a4ec2793fb86c1ad5cee20813013268e,keyword:M4,0,7,0,1,,,CANDIDATE_ONLY,P5-T03 same-variant association
2495,P5T01-C00151,data/out/m4a1_audio/M4A1IronBeast_6.wav,sound,-30,9ca0848808b39723dba795ca403dd01202fcd84f8d7f6947099eb2a13bf8fd8a,keyword:M4,0,7,0,1,,,CANDIDATE_ONLY,P5-T03 same-variant association
2496,P5T01-C00152,data/out/m4a1_audio/M4A1IronBeast_7.wav,sound,-30,20791d962b2e1e98637bb4b5d06300e6cc60413db985fa7c9d7362db0368d779,keyword:M4,0,7,0,1,,,CANDIDATE_ONLY,P5-T03 same-variant association
2497,P5T01-C00153,data/out/m4a1_audio/M4A1IronBeast_8.wav,sound,-30,3c6c830667c108c7495ea89ac03c88d4345b0eec950f5b7123410403ff263c88,keyword:M4,0,7,0,1,,,CANDIDATE_ONLY,P5-T03 same-variant association
2498,P5T01-C00154,data/out/m4a1_audio/M4A1IronBeast_9.wav,sound,-30,e66967191b0bac19d49f27e0d970faeb65e6af41bdcd7132b7793984366af653,keyword:M4,0,7,0,1,,,CANDIDATE_ONLY,P5-T03 same-variant association
2499,P5T01-C00101,data/Snd2_Cleaned/vvip/Critical/M4A1SBornBeast_CriticalHit.wav,sound,-40,fd81183efb78822a241783c3d8c9314dfb850cbc984476da50ac6470257a7c42,keyword:M4,0,8,0,0,,,CANDIDATE_ONLY,P5-T03 same-variant association
2500,P5T01-C00162,data/rf008/MAP2/ADVERTIS/AZTEC TM_4X1_1.DTX,texture,-40,2ac1aab139c5d363a760eb0b4aded893ba12cf88f33d1ecef0c68701e2d3c4f6,keyword:M4,0,0,0,0,,,CANDIDATE_ONLY,P5-T02 atlas/UV comparison
2501,P5T01-C00163,data/rf008/MAP2/ADVERTIS/AZTEC TM_4X1_2.DTX,texture,-40,829618faa81d2d55e84abd9387f26c407419284182cbc7469d70073cc3a1dc72,keyword:M4,0,0,0,0,,,CANDIDATE_ONLY,P5-T02 atlas/UV comparison
2502,P5T01-C00164,data/rf008/MAP2/ADVERTIS/AZTEC TM_4X1_3.DTX,texture,-40,312edf0bff79a87c2b2e4b6fc806d8523bc550575904173293f2faf22ec96167,keyword:M4,0,0,0,0,,,CANDIDATE_ONLY,P5-T02 atlas/UV comparison
2503,P5T01-C00165,data/rf008/MAP2/ADVERTIS/AZTEC TM_4X1_4.DTX,texture,-40,10944caeba2b3e08bfe490b35a03cf1e01ac45163ba5cc9d37e74e31242f9551,keyword:M4,0,0,0,0,,,CANDIDATE_ONLY,P5-T02 atlas/UV comparison
2504,P5T01-C00166,data/rf008/MAP2/ADVERTIS/AZTEC TM_4X1_5.DTX,texture,-40,0fd2dc06da9b6241f328f109c929cdda0d3dee427562092afc76ed85cb44c155,keyword:M4,0,0,0,0,,,CANDIDATE_ONLY,P5-T02 atlas/UV comparison
2505,P5T01-C00167,data/rf008/MAP2/ADVERTIS/FACTORYTM_4X1_1.DTX,texture,-40,7f27e58c69f5f2d1527c05ec5a264d49d74ef7f4168e750ec7fd0e489a2dc1e1,keyword:M4,0,0,0,0,,,CANDIDATE_ONLY,P5-T02 atlas/UV comparison
2506,P5T01-C00168,data/rf008/MAP2/ADVERTIS/FACTORYTM_4X1_2.DTX,texture,-40,7f27e58c69f5f2d1527c05ec5a264d49d74ef7f4168e750ec7fd0e489a2dc1e1,keyword:M4,0,0,0,0,,,CANDIDATE_ONLY,P5-T02 atlas/UV comparison
2507,P5T01-C00169,data/rf008/MAP2/ADVERTIS/FACTORYTM_4X3_1.DTX,texture,-40,8543738f21cd7deb70fa9a07182941b5edc56dc633eb44fc6c53ed7b3b659adb,keyword:M4,0,0,0,0,,,CANDIDATE_ONLY,P5-T02 atlas/UV comparison
2508,P5T01-C00170,data/rf008/MAP2/ADVERTIS/FACTORYTM_4X3_2.DTX,texture,-40,8543738f21cd7deb70fa9a07182941b5edc56dc633eb44fc6c53ed7b3b659adb,keyword:M4,0,0,0,0,,,CANDIDATE_ONLY,P5-T02 atlas/UV comparison
2509,P5T01-C00171,data/rf008/MAP2/ADVERTIS/MaxicoTM_4x1_1.DTX,texture,-40,daebd17de777423fd794f1d12a39a28f09fbb9612541cd828a5c8c9baf0509ae,keyword:M4,0,0,0,0,,,CANDIDATE_ONLY,P5-T02 atlas/UV comparison
2510,P5T01-C00172,data/rf008/MAP2/ADVERTIS/MaxicoTM_4x1_2.DTX,texture,-40,258c1c5ea311eed998f845bee9350588e32f76b6fc58b7d698eb5b968b57ec0b,keyword:M4,0,0,0,0,,,CANDIDATE_ONLY,P5-T02 atlas/UV comparison
2511,P5T01-C00173,data/rf008/MAP2/ADVERTIS/MaxicoTM_4x1_3.DTX,texture,-40,daebd17de777423fd794f1d12a39a28f09fbb9612541cd828a5c8c9baf0509ae,keyword:M4,0,0,0,0,,,CANDIDATE_ONLY,P5-T02 atlas/UV comparison
2512,P5T01-C00174,data/rf008/MAP2/ADVERTIS/MaxicoTM_4x3_1.DTX,texture,-40,8543738f21cd7deb70fa9a07182941b5edc56dc633eb44fc6c53ed7b3b659adb,keyword:M4,0,0,0,0,,,CANDIDATE_ONLY,P5-T02 atlas/UV comparison
2513,P5T01-C00175,data/rf008/MAP2/ADVERTIS/SpainTM_4x1_1.DTX,texture,-40,d510182b3b5199fb89f3df47854986510ae696c517b724a0c3e560d2211b95ac,keyword:M4,0,0,0,0,,,CANDIDATE_ONLY,P5-T02 atlas/UV comparison
2514,P5T01-C00176,data/rf008/MAP2/ADVERTIS/SpainTM_4x1_2.DTX,texture,-40,232356c03772f045a2e163d0ef9d1e008a8cc7c16bf09b40b349fab78bacb9f1,keyword:M4,0,0,0,0,,,CANDIDATE_ONLY,P5-T02 atlas/UV comparison
2515,P5T01-C00177,data/rf008/MAP2/ADVERTIS/SpainTM_4x1_3.DTX,texture,-40,fdc78484be0fe6abb70d7ac67728360b0f84fd0dbbed0f9fb78d9b6f196ad1ed,keyword:M4,0,0,0,0,,,CANDIDATE_ONLY,P5-T02 atlas/UV comparison
2516,P5T01-C00178,data/rf008/MAP2/Advertis_CFS/MaxicoTM_4x1_1.DTX,texture,-40,6db720a6552fb725b40d5c9ed8199b88575ec21881303dd2b3ef5e880b95ded6,keyword:M4,0,0,0,0,,,CANDIDATE_ONLY,P5-T02 atlas/UV comparison
2517,P5T01-C00179,data/rf008/MAP2/Advertis_CFS/MaxicoTM_4x1_2.DTX,texture,-40,c535215292d5d198af88243943eccb81dd66fb9cd95c7771152e3cbf0c35b96f,keyword:M4,0,0,0,0,,,CANDIDATE_ONLY,P5-T02 atlas/UV comparison
2518,P5T01-C00180,data/rf008/MAP2/Advertis_CFS/MaxicoTM_4x1_3.DTX,texture,-40,c535215292d5d198af88243943eccb81dd66fb9cd95c7771152e3cbf0c35b96f,keyword:M4,0,0,0,0,,,CANDIDATE_ONLY,P5-T02 atlas/UV comparison
2519,P5T01-C00181,data/rf008/MAP2/Advertis_CFS/MaxicoTM_4x3_1.DTX,texture,-40,57cc779012026ec14375c584bbd84b9bf76a8f0a68236ebd472d2f9e4d3e82ba,keyword:M4,0,0,0,0,,,CANDIDATE_ONLY,P5-T02 atlas/UV comparison
2520,P5T01-C00182,data/rf013/MAP7/Gallery_TM/Gallery_TM_400.DTX,texture,-40,738ed9d115a7cf9fc250d205cab630c81240159bfc7325d4d1dd59cdfa4b246a,keyword:M4,0,0,0,0,,,CANDIDATE_ONLY,P5-T02 atlas/UV comparison
2521,P5T01-C00183,data/rf013/MAP7/Gallery_TM/Gallery_TM_401.DTX,texture,-40,f718ca77fd6a4457c6908f59ca6f5e0f06541b7d7f17d527fa3f5f6d813b4ef3,keyword:M4,0,0,0,0,,,CANDIDATE_ONLY,P5-T02 atlas/UV comparison
2522,P5T01-C00184,data/rf013/MAP7/Gallery_TM/Gallery_TM_402.DTX,texture,-40,4adad283536a6608a27e533d1f58d8367b8e49104dde210df9037cac36b1a89e,keyword:M4,0,0,0,0,,,CANDIDATE_ONLY,P5-T02 atlas/UV comparison
2523,P5T01-C00185,data/rf013/MAP7/Gallery_TM/Gallery_TM_403.DTX,texture,-40,bf76477f12e2d5d105a53e0130d6221d41cadf951aebe0a7fb7a621bf5e7813a,keyword:M4,0,0,0,0,,,CANDIDATE_ONLY,P5-T02 atlas/UV comparison
2524,P5T01-C00186,data/rf013/MAP7/Gallery_TM/Gallery_TM_403b.DTX,texture,-40,f03ae18a8811c722617e414cd107f34e72b43ffb991b56581e8d7625fd529aa9,keyword:M4,0,0,0,0,,,CANDIDATE_ONLY,P5-T02 atlas/UV comparison
2525,P5T01-C00187,data/rf013/MAP7/Gallery_TM/Gallery_TM_404.DTX,texture,-40,db0f22a892dcb533b5257dca1a78ebf480297af0783bfd74e264646f4eab8451,keyword:M4,0,0,0,0,,,CANDIDATE_ONLY,P5-T02 atlas/UV comparison
2526,P5T01-C00188,data/rf013/MAP7/Gallery_TM/Gallery_TM_405.DTX,texture,-40,5fe461a7bab35fcdecf1c29e2114e15f0ee6e7e624ff52344c83cdb3cb3aed65,keyword:M4,0,0,0,0,,,CANDIDATE_ONLY,P5-T02 atlas/UV comparison
2527,P5T01-C00189,data/rf013/MAP7/Gallery_TM/Gallery_TM_406.DTX,texture,-40,4dd774bdccdb5569035e1eb409d8c19afa90fd419e9edcaa6a67e8266a6c8e49,keyword:M4,0,0,0,0,,,CANDIDATE_ONLY,P5-T02 atlas/UV comparison
2528,P5T01-C00190,data/rf013/MAP7/Gallery_TM/Gallery_TM_407.DTX,texture,-40,32bbd9abef5db35db80fb7bd1166a39047ddb42f38dfdb6d75c6792932fe2956,keyword:M4,0,0,0,0,,,CANDIDATE_ONLY,P5-T02 atlas/UV comparison
2529,P5T01-C00191,data/rf013/MAP7/Gallery_TM/Gallery_TM_410.DTX,texture,-40,6a046fb28fed60ff850e1e8d9f21dc2b757e71efb7fb71013812956d80e7e606,keyword:M4,0,0,0,0,,,CANDIDATE_ONLY,P5-T02 atlas/UV comparison
2530,P5T01-C00192,data/rf013/MAP7/Gallery_TM/Gallery_TM_411.DTX,texture,-40,2010c87c707f7172b669a0cd996355e943ccca35edc03c97a96b5296916a3b24,keyword:M4,0,0,0,0,,,CANDIDATE_ONLY,P5-T02 atlas/UV comparison
2531,P5T01-C00193,data/rf013/MAP7/Gallery_TM/Gallery_TM_412.DTX,texture,-40,2370d781c63755763d537c8311e3c747760da0fbe183777b26c9b5f679102e66,keyword:M4,0,0,0,0,,,CANDIDATE_ONLY,P5-T02 atlas/UV comparison
2532,P5T01-C01593,data/rf017/ModelTextures/PLAYERVIEW/PV-M4CQBR.DTX,texture,-40,9de7fdab8e8c5def13787072c9b9aba623f06ee8d9be49ec6fba2d8da5ef933b,keyword:M4,0,0,0,0,,,CANDIDATE_ONLY,P5-T02 atlas/UV comparison
2533,P5T01-C01594,data/rf017/ModelTextures/PLAYERVIEW/PV-M4CQBR_DMZ.DTX,texture,-40,e4af922ba60c24c685e320844be9bf328034018ca38a8e39abb495896859b766,keyword:M4,0,0,0,0,,,CANDIDATE_ONLY,P5-T02 atlas/UV comparison
2534,P5T01-C01595,data/rf017/ModelTextures/PLAYERVIEW/PV-M4Commando.DTX,texture,-40,f5e7f21b719b47f4ff6b56f02f27592c758a72d0748ce8fb5e2d737b9edd607b,keyword:M4,0,0,0,0,,,CANDIDATE_ONLY,P5-T02 atlas/UV comparison
2535,P5T01-C01757,data/rf017/ModelTextures/WEAPONS/QV-M4CQBR.DTX,texture,-40,502f8f5e58cbcfa400f91bd28949bd5a588c3d859a0396c5ceadc4125478d4e1,keyword:M4,0,0,0,0,,,CANDIDATE_ONLY,P5-T02 atlas/UV comparison
2536,P5T01-C01758,data/rf017/ModelTextures/WEAPONS/QV-M4CQBR_DMZ.DTX,texture,-40,991286113676d2b224bb89342eeaf0fc8de9af310d42cb75bfcb4c71b5f596ec,keyword:M4,0,0,0,0,,,CANDIDATE_ONLY,P5-T02 atlas/UV comparison
2537,P5T01-C01759,data/rf017/ModelTextures/WEAPONS/QV-M4Commando.DTX,texture,-40,16b5a866f0aa2cda6fdf224e710bbef46ba4b5da0e58be1d1a9afe5cf8c0f6d1,keyword:M4,0,0,0,0,,,CANDIDATE_ONLY,P5-T02 atlas/UV comparison
2538,P5T01-C01850,data/rf018/SND/WEAPON/M4CQBR/M4CQBR_ClipIn.WAV,sound,-40,8bf14ca5fd572de2b49b09399ea3238afb6912514190709cf9931927038cd40d,keyword:M4,0,0,0,0,,,CANDIDATE_ONLY,P5-T03 same-variant association
2539,P5T01-C01851,data/rf018/SND/WEAPON/M4CQBR/M4CQBR_ClipOut.WAV,sound,-40,463f4f3552840eb782261662465fb2996dc82181626294129ad06fedabc17b01,keyword:M4,0,0,0,0,,,CANDIDATE_ONLY,P5-T03 same-variant association
2540,P5T01-C01852,data/rf018/SND/WEAPON/M4CQBR/M4CQBR_Reload.WAV,sound,-40,de9941436dd3d87c3f9c9248a00677f3e4f15b1087a37954552c62ef0f704248,keyword:M4,0,0,0,0,,,CANDIDATE_ONLY,P5-T03 same-variant association
2541,P5T01-C01853,data/rf018/SND/WEAPON/M4CQBR/M4CQBR_Select.WAV,sound,-40,e7f7f3c2621503576b7da411da81fedfbe6d433751ae37e4207d3c577f3c7144,keyword:M4,0,0,0,0,,,CANDIDATE_ONLY,P5-T03 same-variant association
2542,P5T01-C01854,data/rf018/SND/WEAPON/M4CQBR/M4CQBR_Shoot_1.WAV,sound,-40,d992e99bd25471dd8b8ab6c45a7dc47cc70ca3d4a67fc6d5dde3024f91b46b19,keyword:M4,0,0,0,0,,,CANDIDATE_ONLY,P5-T03 same-variant association
2543,P5T01-C01855,data/rf018/SND/WEAPON/M4CQBR_DualMag/M4CQBRDualMag_ClipIn.WAV,sound,-40,48c73a6db33e08279297ad1ccedb76ded7d7d561f6ddb52c61620db904c2cef4,keyword:M4,0,0,0,0,,,CANDIDATE_ONLY,P5-T03 same-variant association
2544,P5T01-C01856,data/rf018/SND/WEAPON/M4CQBR_DualMag/M4CQBRDualMag_ClipOut.WAV,sound,-40,cae162889fa7d273c18a21b054323303c19bd72d3157f4cf8abaaf81cd8dfffa,keyword:M4,0,0,0,0,,,CANDIDATE_ONLY,P5-T03 same-variant association
2545,P5T01-C01857,data/rf018/SND/WEAPON/M4CQBR_DualMag/M4CQBRDualMag_Reload.WAV,sound,-40,876a21bab78278b49de7e9170b0b562454d4bd93efb0578df8df23b39e7149f3,keyword:M4,0,0,0,0,,,CANDIDATE_ONLY,P5-T03 same-variant association
2546,P5T01-C01858,data/rf018/SND/WEAPON/M4CQBR_DualMag/M4CQBRDualMag_SideClipIn.WAV,sound,-40,5ae7b08e37a4aed4cbd160a3b13ca7520ad0f9eb3d9f11d71408809b8664a4e4,keyword:M4,0,0,0,0,,,CANDIDATE_ONLY,P5-T03 same-variant association
2547,P5T01-C01859,data/rf018/SND/WEAPON/M4CQBR_DualMag/M4CQBRDualMag_SideClipOut.WAV,sound,-40,fc044f67af825ecc2e71507b5fa31b1397543549f48e66b10e6e30951f19459d,keyword:M4,0,0,0,0,,,CANDIDATE_ONLY,P5-T03 same-variant association
2548,P5T01-C01860,data/rf018/SND/WEAPON/M4CQBR_DualMag/M4CQBRDualMag_SideReload.WAV,sound,-40,76d94c010f8e0f7586e663c2e569e27a8d960b99696452ddc02371bb4bd5f31f,keyword:M4,0,0,0,0,,,CANDIDATE_ONLY,P5-T03 same-variant association
2549,P5T01-C01861,data/rf018/SND/WEAPON/M4Commando/M4Commando_ClipIn.WAV,sound,-40,98791b07fc988d2f54a8b03ec69fa67c094956e3118e0a753d41094a6040317f,keyword:M4,0,0,0,0,,,CANDIDATE_ONLY,P5-T03 same-variant association
2550,P5T01-C01862,data/rf018/SND/WEAPON/M4Commando/M4Commando_ClipOut.WAV,sound,-40,c5bb15a13b1fbb32cadeb8a9e958cd0abcb7665faca9622dc8354099c487c36c,keyword:M4,0,0,0,0,,,CANDIDATE_ONLY,P5-T03 same-variant association
2551,P5T01-C01863,data/rf018/SND/WEAPON/M4Commando/M4Commando_Reload.WAV,sound,-40,d69399047e4f944f5ee4da2497cb118321bc1274aff2484a9c52ff83cae6f5fc,keyword:M4,0,0,0,0,,,CANDIDATE_ONLY,P5-T03 same-variant association
2552,P5T01-C01864,data/rf018/SND/WEAPON/M4Commando/M4Commando_SHOOT_1.WAV,sound,-40,5b3c80b22966df335134fe8e5a8fb5b95acf9982bac252fdd3286bc381982c2b,keyword:M4,0,0,0,0,,,CANDIDATE_ONLY,P5-T03 same-variant association
2553,P5T01-C01865,data/rf018/SND/WEAPON/M4Commando/M4Commando_SHOOT_2.WAV,sound,-40,62072180758465c970cb4de0b56dc9517bb8e9882f74076072428e441f16aab0,keyword:M4,0,0,0,0,,,CANDIDATE_ONLY,P5-T03 same-variant association
2554,P5T01-C01866,data/rf018/SND/WEAPON/M4Commando/M4Commando_Select.WAV,sound,-40,78e70f5d943deb759b365d11930f8de0c1e8727a6371beb1682b727ec6d3ae74,keyword:M4,0,0,0,0,,,CANDIDATE_ONLY,P5-T03 same-variant association
2555,P5T01-C01884,data/rf019/TEX/UI/AIItem/GetAIItem/GetAIItem4.DTX,texture,-40,5068938ab4468bcafaafbb1565fc24c84c2446a185fdfa639614835ce14253ac,keyword:M4,0,0,0,0,,,CANDIDATE_ONLY,P5-T02 atlas/UV comparison
2556,P5T01-C01885,data/rf019/TEX/UI/AMMOICON/M4 Commando_BG.DTX,texture,-40,babd0bc20051311d4dc6f154eebaa288a66a32ba09a36a821ceef94f8603a5e3,keyword:M4,0,0,0,0,,,CANDIDATE_ONLY,P5-T02 atlas/UV comparison
2557,P5T01-C01886,data/rf019/TEX/UI/AMMOICON/M4 Commando_EFFECT.DTX,texture,-40,599caa3441ea84469fdb2537e1ed339b1fa312755656bb9bf72faf2e09c65cc3,keyword:M4,0,0,0,0,,,CANDIDATE_ONLY,P5-T02 atlas/UV comparison
2558,P5T01-C01887,data/rf019/TEX/UI/AMMOICON/M4 Commando_LINE.DTX,texture,-40,5759c58ee3ec26f0af0fb223f4a423ab82d25b7292b7d303098dee27c31b7a8b,keyword:M4,0,0,0,0,,,CANDIDATE_ONLY,P5-T02 atlas/UV comparison
2559,P5T01-C02080,data/rf019/TEX/UI/AMMOICON/M4CQBR_AP_BG.DTX,texture,-40,0a074fc62d09aae484dc2cb1ec47e0d9d9925c6901294c16bfa1458de26ea07c,keyword:M4,0,0,0,0,,,CANDIDATE_ONLY,P5-T02 atlas/UV comparison
2560,P5T01-C02081,data/rf019/TEX/UI/AMMOICON/M4CQBR_AP_EFFECT.DTX,texture,-40,840f533938984427aa0802a1a754cd5b4b8707967768522b491992e184a3c49f,keyword:M4,0,0,0,0,,,CANDIDATE_ONLY,P5-T02 atlas/UV comparison
2561,P5T01-C02082,data/rf019/TEX/UI/AMMOICON/M4CQBR_AP_LINE.DTX,texture,-40,2641eb5b11f1f9c99a2c195979da7595f1cfcd13bcbda6a25bf325616ab3968c,keyword:M4,0,0,0,0,,,CANDIDATE_ONLY,P5-T02 atlas/UV comparison
2562,P5T01-C02083,data/rf019/TEX/UI/AMMOICON/M4CQBR_BG.DTX,texture,-40,0a074fc62d09aae484dc2cb1ec47e0d9d9925c6901294c16bfa1458de26ea07c,keyword:M4,0,0,0,0,,,CANDIDATE_ONLY,P5-T02 atlas/UV comparison
2563,P5T01-C02084,data/rf019/TEX/UI/AMMOICON/M4CQBR_DMZ_BG.DTX,texture,-40,e49b9b4599e8b2f8709d8398ae7f1e97d640bc25a18d42fe959ef3ebbbce66d7,keyword:M4,0,0,0,0,,,CANDIDATE_ONLY,P5-T02 atlas/UV comparison
2564,P5T01-C02085,data/rf019/TEX/UI/AMMOICON/M4CQBR_DMZ_EFFECT.DTX,texture,-40,9313668963e38da4ff72d24f68e8006646c53e501d2b24a3007fcca3921e4e09,keyword:M4,0,0,0,0,,,CANDIDATE_ONLY,P5-T02 atlas/UV comparison
2565,P5T01-C02086,data/rf019/TEX/UI/AMMOICON/M4CQBR_DMZ_LINE.DTX,texture,-40,83c772119f6456b6ff83135e79af1e0f5db6c7854b5aeb058d01016d96befd7a,keyword:M4,0,0,0,0,,,CANDIDATE_ONLY,P5-T02 atlas/UV comparison
2566,P5T01-C02087,data/rf019/TEX/UI/AMMOICON/M4CQBR_DMZ_NoAP_BG.DTX,texture,-40,e49b9b4599e8b2f8709d8398ae7f1e97d640bc25a18d42fe959ef3ebbbce66d7,keyword:M4,0,0,0,0,,,CANDIDATE_ONLY,P5-T02 atlas/UV comparison
2567,P5T01-C02088,data/rf019/TEX/UI/AMMOICON/M4CQBR_DMZ_NoAP_EFFECT.DTX,texture,-40,9313668963e38da4ff72d24f68e8006646c53e501d2b24a3007fcca3921e4e09,keyword:M4,0,0,0,0,,,CANDIDATE_ONLY,P5-T02 atlas/UV comparison
2568,P5T01-C02089,data/rf019/TEX/UI/AMMOICON/M4CQBR_DMZ_NoAP_LINE.DTX,texture,-40,83c772119f6456b6ff83135e79af1e0f5db6c7854b5aeb058d01016d96befd7a,keyword:M4,0,0,0,0,,,CANDIDATE_ONLY,P5-T02 atlas/UV comparison
2569,P5T01-C02090,data/rf019/TEX/UI/AMMOICON/M4CQBR_EFFECT.DTX,texture,-40,840f533938984427aa0802a1a754cd5b4b8707967768522b491992e184a3c49f,keyword:M4,0,0,0,0,,,CANDIDATE_ONLY,P5-T02 atlas/UV comparison
2570,P5T01-C02091,data/rf019/TEX/UI/AMMOICON/M4CQBR_LINE.DTX,texture,-40,2641eb5b11f1f9c99a2c195979da7595f1cfcd13bcbda6a25bf325616ab3968c,keyword:M4,0,0,0,0,,,CANDIDATE_ONLY,P5-T02 atlas/UV comparison
2571,P5T01-C02095,data/rf019/TEX/UI/KILLMSG/SHOT_WEAPON_M4 Commando.DTX,texture,-40,17146969015dd79b1622f53897efd610fddd5a1ae8a0502afcd12f6d41059883,keyword:M4,0,0,0,0,,,CANDIDATE_ONLY,P5-T02 atlas/UV comparison
2572,P5T01-C02168,data/rf019/TEX/UI/KILLMSG/SHOT_WEAPON_M4CQBR.DTX,texture,-40,5f3f7f91333e96c565195f1fc68106a9a93e5bdf8e7d4e4256a5ee254fb377f9,keyword:M4,0,0,0,0,,,CANDIDATE_ONLY,P5-T02 atlas/UV comparison
2573,P5T01-C02169,data/rf019/TEX/UI/KILLMSG/SHOT_WEAPON_M4CQBR_AP.DTX,texture,-40,5f3f7f91333e96c565195f1fc68106a9a93e5bdf8e7d4e4256a5ee254fb377f9,keyword:M4,0,0,0,0,,,CANDIDATE_ONLY,P5-T02 atlas/UV comparison
2574,P5T01-C02170,data/rf019/TEX/UI/KILLMSG/SHOT_WEAPON_M4CQBR_DMZ.DTX,texture,-40,5f3f7f91333e96c565195f1fc68106a9a93e5bdf8e7d4e4256a5ee254fb377f9,keyword:M4,0,0,0,0,,,CANDIDATE_ONLY,P5-T02 atlas/UV comparison
2575,P5T01-C02171,data/rf019/TEX/UI/KILLMSG/SHOT_WEAPON_M4CQBR_DMZ_NoAP.DTX,texture,-40,5f3f7f91333e96c565195f1fc68106a9a93e5bdf8e7d4e4256a5ee254fb377f9,keyword:M4,0,0,0,0,,,CANDIDATE_ONLY,P5-T02 atlas/UV comparison
2576,P5T01-C02173,data/rf019/TEX/UI/WEAPONICON/BUYWEAPON_INFO_M4 Commando.DTX,texture,-40,c0391c92a0e2afcf5d1d164743b514ec3192c59e2314f5096de885d1d2d73214,keyword:M4,0,0,0,0,,,CANDIDATE_ONLY,P5-T02 atlas/UV comparison
2577,P5T01-C02240,data/rf019/TEX/UI/WEAPONICON/BUYWEAPON_INFO_M4CQBR.DTX,texture,-40,3d5beeebed4225f7931578128e2629439efaafe9daa4180aa8195b710d7c2bab,keyword:M4,0,0,0,0,,,CANDIDATE_ONLY,P5-T02 atlas/UV comparison
2578,P5T01-C02241,data/rf019/TEX/UI/WEAPONICON/BUYWEAPON_INFO_M4CQBR_AP.DTX,texture,-40,740f84fe24230688c22d652e01c7d87f08f24589b5104653278e2807d8c41f93,keyword:M4,0,0,0,0,,,CANDIDATE_ONLY,P5-T02 atlas/UV comparison
2579,P5T01-C02242,data/rf019/TEX/UI/WEAPONICON/BUYWEAPON_INFO_M4CQBR_DMZ.DTX,texture,-40,7aecf18986ad41bedc2527a94cce767c1645b57bab087c7f15894ab23e55eeba,keyword:M4,0,0,0,0,,,CANDIDATE_ONLY,P5-T02 atlas/UV comparison
2580,P5T01-C02243,data/rf019/TEX/UI/WEAPONICON/BUYWEAPON_INFO_M4CQBR_DMZ_NoAP.DTX,texture,-40,5f6cccc60793f8bab3cfe38a355ac5a933886867f6ed330946583808b8674847,keyword:M4,0,0,0,0,,,CANDIDATE_ONLY,P5-T02 atlas/UV comparison
2581,P5T01-C02290,data/rf019/TEX/UI/WEAPONICON/WEAPON_SELECT_M4CQBR_AP.DTX,texture,-40,f2dba987d36312b85b78f6e9ca49487d1373f81265bd1918a2c8090fa1ec72dc,keyword:M4,0,0,0,0,,,CANDIDATE_ONLY,P5-T02 atlas/UV comparison
2582,P5T01-C02291,data/rf019/TEX/UI/WEAPONICON/WEAPON_SELECT_M4CQBR_DMZ.DTX,texture,-40,6c4993b801c3138182741e02c983095e06cbf5beb0a1454f276fc4e8408cafcf,keyword:M4,0,0,0,0,,,CANDIDATE_ONLY,P5-T02 atlas/UV comparison
2583,P5T01-C02292,data/rf019/TEX/UI/WEAPONICON/WEAPON_SELECT_M4CQBR_DMZ_NoAP.DTX,texture,-40,6c4993b801c3138182741e02c983095e06cbf5beb0a1454f276fc4e8408cafcf,keyword:M4,0,0,0,0,,,CANDIDATE_ONLY,P5-T02 atlas/UV comparison
2584,P5T01-C02295,data/rf024/MAP8/Park_TM/Park_TM_401.DTX,texture,-40,61357134a3912849cc25b75eacb9ad691b9d348b41853f95842b3189a8a4e23a,keyword:M4,0,0,0,0,,,CANDIDATE_ONLY,P5-T02 atlas/UV comparison
2585,P5T01-C02296,data/rf024/MAP8/Park_TM/Park_TM_402.DTX,texture,-40,d2e36d8c73b2c6efe388e7241a2b519d53d059b5712cd07afc8887cc08e2ec14,keyword:M4,0,0,0,0,,,CANDIDATE_ONLY,P5-T02 atlas/UV comparison
2586,P5T01-C02297,data/rf024/MAP8/Park_TM/Park_TM_402_02.DTX,texture,-40,a050e9f572f39bf66ab311a93d48d29e8e279b1011ee1fcef45c461d77cf21c6,keyword:M4,0,0,0,0,,,CANDIDATE_ONLY,P5-T02 atlas/UV comparison
2587,P5T01-C02298,data/rf024/MAP8/Park_TM/Park_TM_404.DTX,texture,-40,c89445da60d369756f344639630aae6f1c833bde1aa49039386f235aee87b51a,keyword:M4,0,0,0,0,,,CANDIDATE_ONLY,P5-T02 atlas/UV comparison
2588,P5T01-C02299,data/rf024/MAP8/Park_TM/Park_TM_405.DTX,texture,-40,d872c0a3cb7bc0b8f5e44d6025b41c2a0def856cf621e0752f07b6148f33a603,keyword:M4,0,0,0,0,,,CANDIDATE_ONLY,P5-T02 atlas/UV comparison
2589,P5T01-C02300,data/rf024/MAP8/Park_TM/Park_TM_405_02.DTX,texture,-40,3dbb68d5cf6e43798f16d04e11d7336f9adcea9c333175a9a2b33991777aa0a3,keyword:M4,0,0,0,0,,,CANDIDATE_ONLY,P5-T02 atlas/UV comparison
2590,P5T01-C02301,data/rf024/MAP8/Park_TM/Park_TM_405_03.DTX,texture,-40,3932aa849a491493bbf909c0dca70df121eea1400890259c30f530e910fe6e1f,keyword:M4,0,0,0,0,,,CANDIDATE_ONLY,P5-T02 atlas/UV comparison
2591,P5T01-C02302,data/rf024/MAP8/Park_TM/Park_TM_406.DTX,texture,-40,3b736ba745e68bd0c03a53fbc0511f2f32e2e466cf395efff7eaa70b7a8469c6,keyword:M4,0,0,0,0,,,CANDIDATE_ONLY,P5-T02 atlas/UV comparison
2592,P5T01-C02303,data/rf024/MAP8/Park_TM/Park_TM_409.DTX,texture,-40,ea608620a96b38136a12b3d4eb8934a03aa87a90fd459a34ce98e402cda15e8f,keyword:M4,0,0,0,0,,,CANDIDATE_ONLY,P5-T02 atlas/UV comparison
2593,P5T01-C02304,data/rf024/MAP8/Park_TM/Park_TM_409_02.DTX,texture,-40,356b15e9a717acc322e86709979cf7ed90775609f2b745c2d730edfc4e3a80bc,keyword:M4,0,0,0,0,,,CANDIDATE_ONLY,P5-T02 atlas/UV comparison
2594,P5T01-C02305,data/rf024/MAP8/Park_TM/Park_TM_410.DTX,texture,-40,2cbe1fd95b23232e179bafc750c479d12c8ce1d99ecd391c56d34da65214f34f,keyword:M4,0,0,0,0,,,CANDIDATE_ONLY,P5-T02 atlas/UV comparison
2595,P5T01-C02306,data/rf024/MAP8/Park_TM/Park_TM_410_02.DTX,texture,-40,6bb2ec64eda8e61baca7c0d165c6e403a9ecffb707eadadc2db7483e482d9ef1,keyword:M4,0,0,0,0,,,CANDIDATE_ONLY,P5-T02 atlas/UV comparison
2596,P5T01-C02307,data/rf024/MAP8/Park_TM/Park_TM_411.DTX,texture,-40,b33cf4dddd26a4456d8ffecd5e0a51a812f9f1a491fd4b4f5a8484ef8d8e6a68,keyword:M4,0,0,0,0,,,CANDIDATE_ONLY,P5-T02 atlas/UV comparison
2597,P5T01-C02308,data/rf024/MAP8/Park_TM/Park_TM_413.DTX,texture,-40,f99ceafb03843fa08fd141469aea47570794fce5ad73b7a28b4528229b7a24e0,keyword:M4,0,0,0,0,,,CANDIDATE_ONLY,P5-T02 atlas/UV comparison
2598,P5T01-C02309,data/rf024/MAP8/Park_TM/Park_TM_414.DTX,texture,-40,652a596a65cbdb58ef226a6f5988966a2fd4c6c83ec8de4addc191f7bd063f01,keyword:M4,0,0,0,0,,,CANDIDATE_ONLY,P5-T02 atlas/UV comparison
2599,P5T01-C02310,data/rf024/MAP8/Park_TM/Park_TM_414_02.DTX,texture,-40,c5ad490273d54a90a2d0cd92dd0665427bcdd5de8e66e7b55565f69061e919f8,keyword:M4,0,0,0,0,,,CANDIDATE_ONLY,P5-T02 atlas/UV comparison
2600,P5T01-C02311,data/rf024/MAP8/Park_TM/Park_TM_415.DTX,texture,-40,c61720763834fa1286733e48ebf5f11222fb0daf4e0aa6e4d1b877892fe3ef57,keyword:M4,0,0,0,0,,,CANDIDATE_ONLY,P5-T02 atlas/UV comparison
2601,P5T01-C02312,data/rf024/MAP8/Park_TM/Park_TM_415_02.DTX,texture,-40,5a0642dd722caacbc274ce179d39ca7975bb003f85e1f6b6a631f7dcd5fe8e15,keyword:M4,0,0,0,0,,,CANDIDATE_ONLY,P5-T02 atlas/UV comparison
2602,P5T01-C02313,data/rf024/MAP8/Park_TM/Park_TM_416.DTX,texture,-40,e67c1dd6ef4cc01f2815cf90e00cf28684731d1ba4c4b457bac8345a4771293b,keyword:M4,0,0,0,0,,,CANDIDATE_ONLY,P5-T02 atlas/UV comparison
2603,P5T01-C02314,data/rf024/MAP8/Park_TM/Park_TM_417.DTX,texture,-40,21580ee8f3e2127605eba07510819b94b13199248af6cbcbbbb33d2645dc1c78,keyword:M4,0,0,0,0,,,CANDIDATE_ONLY,P5-T02 atlas/UV comparison
2604,P5T01-C02315,data/rf024/MAP8/Park_TM/Park_TM_418.DTX,texture,-40,b751ef9c4fad82ff6700b31a6d4c52357997c6a9614d14a06ab9774d76256794,keyword:M4,0,0,0,0,,,CANDIDATE_ONLY,P5-T02 atlas/UV comparison
2605,P5T01-C02316,data/rf024/MAP8/Park_TM/Park_TM_420.DTX,texture,-40,8c94c36d3e54865213d9a2533c6836661ddec06b7bf7e9376dd9f447f1ab1a9a,keyword:M4,0,0,0,0,,,CANDIDATE_ONLY,P5-T02 atlas/UV comparison
2606,P5T01-C02317,data/rf029/MAP11/HyperDM/HyperDM_400.DTX,texture,-40,b2f2501f9e6f6ff9b702751f282798556f99ba620125f29d00395c5371f83e51,keyword:M4,0,0,0,0,,,CANDIDATE_ONLY,P5-T02 atlas/UV comparison
2607,P5T01-C02318,data/rf029/MAP11/HyperDM/HyperDM_401.DTX,texture,-40,a09904b66a426599e8f8c7677102169c89cdaaea068338d339f98ea66f130242,keyword:M4,0,0,0,0,,,CANDIDATE_ONLY,P5-T02 atlas/UV comparison
2608,P5T01-C02319,data/rf029/MAP11/HyperDM/HyperDM_402.DTX,texture,-40,1a1d7e996a2d5ad88cc32665db0f2afa0c6c28ad5386099a7c446c8691f083b0,keyword:M4,0,0,0,0,,,CANDIDATE_ONLY,P5-T02 atlas/UV comparison
2609,P5T01-C02321,data/rf040/MAP13/Ghost_20F_GM/Ghost_20F_GM_400.DTX,texture,-40,2666156905ada4ef59cd51c93f28a1b623ce9c6590c507a3ff97f4391ca7af7c,keyword:M4,0,0,0,0,,,CANDIDATE_ONLY,P5-T02 atlas/UV comparison
2610,P5T01-C02322,data/rf040/MAP13/Ghost_20F_GM/Ghost_20F_GM_401.DTX,texture,-40,ff7692805d3259d5f557b610a1d72846a36e3deb19e627ca45581ad28be5e121,keyword:M4,0,0,0,0,,,CANDIDATE_ONLY,P5-T02 atlas/UV comparison
2611,P5T01-C02323,data/rf040/MAP13/Ghost_20F_GM/Ghost_20F_GM_405.DTX,texture,-40,38ebcae30fbbe584355dc17b0658816829330e90034c9e10211bcba8e4d3fde6,keyword:M4,0,0,0,0,,,CANDIDATE_ONLY,P5-T02 atlas/UV comparison
2612,P5T01-C02324,data/rf040/MAP13/Ghost_20F_GM/Ghost_20F_GM_409.DTX,texture,-40,657a400ec08261ee8666af690a5922faa4a733399456a936e495b654d7a86ad3,keyword:M4,0,0,0,0,,,CANDIDATE_ONLY,P5-T02 atlas/UV comparison
2613,P5T01-C02325,data/rf040/MAP13/Ghost_20F_GM/Ghost_20F_GM_410.DTX,texture,-40,c6780159804559017324c19c18f087bf2b82b525debd99b79bc0f5b446556ffa,keyword:M4,0,0,0,0,,,CANDIDATE_ONLY,P5-T02 atlas/UV comparison
2614,P5T01-C02326,data/rf040/MAP13/Ghost_20F_GM/Ghost_20F_GM_411.DTX,texture,-40,41f458724253a2503ead6f163ac8fd6f2229289e6d76a5c5cd717e22819f6d0d,keyword:M4,0,0,0,0,,,CANDIDATE_ONLY,P5-T02 atlas/UV comparison
2615,P5T01-C02327,data/rf040/MAP13/Ghost_20F_GM/Ghost_20F_GM_418.DTX,texture,-40,01e451bd0fd657c3a1808f75b08c8d6ca47b042770636157e20d0a4228da6a15,keyword:M4,0,0,0,0,,,CANDIDATE_ONLY,P5-T02 atlas/UV comparison
2616,P5T01-C02328,data/rf044/MAP15/GrenadeKnife_KM/GrenadeKnife_KM_400.DTX,texture,-40,cc4718327d5668414f5ea85e411ca5d9612f3babea47ee1cd987542ddae41840,keyword:M4,0,0,0,0,,,CANDIDATE_ONLY,P5-T02 atlas/UV comparison
2617,P5T01-C02329,data/rf044/MAP15/GrenadeKnife_KM/GrenadeKnife_KM_401.DTX,texture,-40,36a3a3754db25893bbb670cd723a08789aa564c47e8dff141e2cb8d56c529ac2,keyword:M4,0,0,0,0,,,CANDIDATE_ONLY,P5-T02 atlas/UV comparison
2618,P5T01-C02330,data/rf044/MAP15/GrenadeKnife_KM/GrenadeKnife_KM_402.DTX,texture,-40,4bdb5d822272e4eb070ef07951c10298c8918c4104cd38a34417e7658fdebf7c,keyword:M4,0,0,0,0,,,CANDIDATE_ONLY,P5-T02 atlas/UV comparison
2619,P5T01-C02331,data/rf044/MAP15/GrenadeKnife_KM/GrenadeKnife_KM_403.DTX,texture,-40,3698f542b5c35ee211f65f0faa22604b0b3fbbfdee30aac2ac69648c11027e24,keyword:M4,0,0,0,0,,,CANDIDATE_ONLY,P5-T02 atlas/UV comparison
2620,P5T01-C02332,data/rf044/MAP15/GrenadeKnife_KM/GrenadeKnife_KM_404.DTX,texture,-40,60816614b844b12eb31e2941733449538005c82fbd7a060a0ca9cf8a2ce98ed5,keyword:M4,0,0,0,0,,,CANDIDATE_ONLY,P5-T02 atlas/UV comparison
2621,P5T01-C02333,data/rf044/MAP15/GrenadeKnife_KM/GrenadeKnife_KM_405.DTX,texture,-40,f8dd6c6c3c39e9fd66c333ebc199e2f79184142c464011bb159a5dd24097368c,keyword:M4,0,0,0,0,,,CANDIDATE_ONLY,P5-T02 atlas/UV comparison
2622,P5T01-C02334,data/rf044/MAP15/GrenadeKnife_KM/GrenadeKnife_KM_406.DTX,texture,-40,1793b5a8a247e5f75b5e23a9f375908c34563fac3a6f30ac9ee729a7b4910d32,keyword:M4,0,0,0,0,,,CANDIDATE_ONLY,P5-T02 atlas/UV comparison
2623,P5T01-C02335,data/rf044/MAP15/GrenadeKnife_KM/GrenadeKnife_KM_407.DTX,texture,-40,38c6c6803b78cc2193ba0eb6008f2115eb11f25f8dc71b487a2b3e42e5da5fda,keyword:M4,0,0,0,0,,,CANDIDATE_ONLY,P5-T02 atlas/UV comparison
2624,P5T01-C02336,data/rf044/MAP15/GrenadeKnife_KM/GrenadeKnife_KM_408.DTX,texture,-40,e9f4458fb8441f2b722e372b0f938223b10d7f36f8a1087bd214bd8daddef0b6,keyword:M4,0,0,0,0,,,CANDIDATE_ONLY,P5-T02 atlas/UV comparison
2625,P5T01-C02337,data/rf044/MAP15/GrenadeKnife_KM/GrenadeKnife_KM_409.DTX,texture,-40,913d3708c5f396790a2188b2e3a4a6e0d78bc41f60dcdecaa2be4146d0d9769d,keyword:M4,0,0,0,0,,,CANDIDATE_ONLY,P5-T02 atlas/UV comparison
2626,P5T01-C02338,data/rf044/MAP15/GrenadeKnife_KM/GrenadeKnife_KM_409_01.DTX,texture,-40,25a87f113ec933998982a5bd1aac4c7f6aa8fdf6a4bdaf9736f6f6f31d4fee91,keyword:M4,0,0,0,0,,,CANDIDATE_ONLY,P5-T02 atlas/UV comparison
2627,P5T01-C02339,data/rf044/MAP15/GrenadeKnife_KM/GrenadeKnife_KM_410.DTX,texture,-40,50d6fb0faf49c2a5ce40076adc2a858fb52236c767bd29ff880c661fcbcea571,keyword:M4,0,0,0,0,,,CANDIDATE_ONLY,P5-T02 atlas/UV comparison
2628,P5T01-C02340,data/rf044/MAP15/GrenadeKnife_KM/GrenadeKnife_KM_411.DTX,texture,-40,755e5b05e0e75555bcf0fdb29d9865442cc59e114f9da610308ba4821cb1fe08,keyword:M4,0,0,0,0,,,CANDIDATE_ONLY,P5-T02 atlas/UV comparison
2629,P5T01-C02341,data/rf044/MAP15/GrenadeKnife_KM/GrenadeKnife_KM_412.DTX,texture,-40,98ab88b51152518107b1332927fc282e13914ec5dcb9c35556d76c16f6a536dc,keyword:M4,0,0,0,0,,,CANDIDATE_ONLY,P5-T02 atlas/UV comparison
2630,P5T01-C02342,data/rf046/MAP9/PlayGround_KM/PlayGround_KM40.DTX,texture,-40,fd48c025d45a01662e90422ad2c1f932bcbab71dcc709b262c3e4b515e843148,keyword:M4,0,0,0,0,,,CANDIDATE_ONLY,P5-T02 atlas/UV comparison
2631,P5T01-C02343,data/rf064/MAP16/ArmouryTM/ArmouryTM_400.DTX,texture,-40,b03ea429bdb195d990887aa3916cd1ee1d975e13627acbc1230fc8e80b45e3c7,keyword:M4,0,0,0,0,,,CANDIDATE_ONLY,P5-T02 atlas/UV comparison
2632,P5T01-C02344,data/rf064/MAP16/ArmouryTM/ArmouryTM_401.DTX,texture,-40,faa1601d6e3586b54a1b49f6ca6aa36d2ec9eaf9f84fa73fac988e7e7021c0f5,keyword:M4,0,0,0,0,,,CANDIDATE_ONLY,P5-T02 atlas/UV comparison
2633,P5T01-C02345,data/rf064/MAP16/ArmouryTM/ArmouryTM_402.DTX,texture,-40,96483328614f6fcae34b2c6d7af66b93fe85fc3874a55055a4bf7d6dbe0350f8,keyword:M4,0,0,0,0,,,CANDIDATE_ONLY,P5-T02 atlas/UV comparison
2634,P5T01-C02346,data/rf064/MAP16/ArmouryTM/ArmouryTM_402_01.DTX,texture,-40,0c77f3163e44b7b83bf620f761f2eabeba5a7c8066a9d3159a989c36c06b948f,keyword:M4,0,0,0,0,,,CANDIDATE_ONLY,P5-T02 atlas/UV comparison
2635,P5T01-C02347,data/rf064/MAP16/ArmouryTM/ArmouryTM_403.DTX,texture,-40,a52f636dcf2293bd8b7ee9ef0b881f8a807aadf5f37f57deb1ff96ef1af95ef1,keyword:M4,0,0,0,0,,,CANDIDATE_ONLY,P5-T02 atlas/UV comparison
2636,P5T01-C02348,data/rf064/MAP16/ArmouryTM/ArmouryTM_404.DTX,texture,-40,4725a1f904a412a169e4c1bad3699503f4afaf80ae5b6c68ceabe6a5f4837d30,keyword:M4,0,0,0,0,,,CANDIDATE_ONLY,P5-T02 atlas/UV comparison
2637,P5T01-C02349,data/rf064/MAP16/ArmouryTM/ArmouryTM_405.DTX,texture,-40,4be7cdddac75bf5c862355f69d118d436b0802e1a3c10e8adef3f776d2b3aae2,keyword:M4,0,0,0,0,,,CANDIDATE_ONLY,P5-T02 atlas/UV comparison
2638,P5T01-C02350,data/rf064/MAP16/ArmouryTM/ArmouryTM_406.DTX,texture,-40,71eb44cf0b5820e3d896ac9536c4b10319656861c5e795ab9c0e3ce5ab1316f8,keyword:M4,0,0,0,0,,,CANDIDATE_ONLY,P5-T02 atlas/UV comparison
2639,P5T01-C02351,data/rf064/MAP16/ArmouryTM/ArmouryTM_407.DTX,texture,-40,8a6ffd6d55251b68c9524966d0b5ae3973bf75bda9058ae4cbf645727dff0c6a,keyword:M4,0,0,0,0,,,CANDIDATE_ONLY,P5-T02 atlas/UV comparison
2640,P5T01-C02352,data/rf064/MAP16/ArmouryTM/ArmouryTM_408.DTX,texture,-40,094e4bbe10abc737b4d88f81a81c1467be83329cc8385b7b457f85c305a412b4,keyword:M4,0,0,0,0,,,CANDIDATE_ONLY,P5-T02 atlas/UV comparison
2641,P5T01-C02353,data/rf064/MAP16/ArmouryTM/ArmouryTM_409.DTX,texture,-40,e2ad7eda827a904208a2e5b7b291af41be831d42d93151553047b5591b449cbd,keyword:M4,0,0,0,0,,,CANDIDATE_ONLY,P5-T02 atlas/UV comparison
2642,P5T01-C02354,data/rf064/MAP16/ArmouryTM/ArmouryTM_410.DTX,texture,-40,7fee8bbed5e6e5fcef5437c8dfcd58719c4a106345bdc2bbadf9d4614677576c,keyword:M4,0,0,0,0,,,CANDIDATE_ONLY,P5-T02 atlas/UV comparison
2643,P5T01-C02355,data/rf064/MAP16/ArmouryTM/ArmouryTM_411.DTX,texture,-40,c731e4ccb095f41c898395d961e525173e6f1d7d10f82b92ebe0f4ed0a52746f,keyword:M4,0,0,0,0,,,CANDIDATE_ONLY,P5-T02 atlas/UV comparison
2644,P5T01-C02356,data/rf064/MAP16/ArmouryTM/ArmouryTM_412.DTX,texture,-40,152a2db387acbd1828da70f20140c70e222f8de4ed4442d10d282a8ee38f3318,keyword:M4,0,0,0,0,,,CANDIDATE_ONLY,P5-T02 atlas/UV comparison
2645,P5T01-C02357,data/rf064/MAP16/ArmouryTM/ArmouryTM_413.DTX,texture,-40,12cb71f19712ec0e34d69ec19bcd9a41ef16e15da6ad0ce5b9f5a547ccd96c84,keyword:M4,0,0,0,0,,,CANDIDATE_ONLY,P5-T02 atlas/UV comparison
2646,P5T01-C02358,data/rf064/MAP16/ArmouryTM/ArmouryTM_414.DTX,texture,-40,7850412559f80dbf57f161506325765b296884d7490ec4546a33c2470698a498,keyword:M4,0,0,0,0,,,CANDIDATE_ONLY,P5-T02 atlas/UV comparison
2647,P5T01-C02359,data/rf064/MAP16/ArmouryTM/ArmouryTM_415.DTX,texture,-40,8aaa2ce9e2e0174b8b0647136bb975ca70a87a94703a510c7b558601eb203346,keyword:M4,0,0,0,0,,,CANDIDATE_ONLY,P5-T02 atlas/UV comparison
2648,P5T01-C02360,data/rf064/MAP16/ArmouryTM/ArmouryTM_416.DTX,texture,-40,27951b92394784f201ade74466ad93a3fd5875a70db74f2733c09149eb2ee29e,keyword:M4,0,0,0,0,,,CANDIDATE_ONLY,P5-T02 atlas/UV comparison
2649,P5T01-C02361,data/rf064/MAP16/ArmouryTM/ArmouryTM_417.DTX,texture,-40,a0de5bc9f4457a430a1b1a03057c1f7b9a0a121c13eb3f88397dc0eda357acc1,keyword:M4,0,0,0,0,,,CANDIDATE_ONLY,P5-T02 atlas/UV comparison
2650,P5T01-C02362,data/rf064/MAP16/ArmouryTM/ArmouryTM_417_01.DTX,texture,-40,a66fa0e68a475260931df07058eb27336cde793f834afcacc22993489cb2cea2,keyword:M4,0,0,0,0,,,CANDIDATE_ONLY,P5-T02 atlas/UV comparison
2651,P5T01-C02363,data/rf064/MAP16/ArmouryTM/ArmouryTM_417_02.DTX,texture,-40,01590abc38fcad0c631be379ff9d784ceb0b88fc96fe26d12b10c98c66f098f5,keyword:M4,0,0,0,0,,,CANDIDATE_ONLY,P5-T02 atlas/UV comparison
2652,P5T01-C02364,data/rf064/MAP16/ArmouryTM/ArmouryTM_419.DTX,texture,-40,2115ec7eaba8ef831d596d187980227929e8ce3a5cc44842a8f1ea8cead80158,keyword:M4,0,0,0,0,,,CANDIDATE_ONLY,P5-T02 atlas/UV comparison
2653,P5T01-C02365,data/rf064/MAP16/ArmouryTM/ArmouryTM_420.DTX,texture,-40,5ececfc81e04d2e59d4ca71509316d1cbd8888a1214ae10c79552b10100d865d,keyword:M4,0,0,0,0,,,CANDIDATE_ONLY,P5-T02 atlas/UV comparison
2654,P5T01-C02366,data/rf064/MAP16/ArmouryTM/ArmouryTM_421.DTX,texture,-40,a91daa3d928ed61de4c3984c8e6e50ac02bf4e40373825f11fade6788c84a251,keyword:M4,0,0,0,0,,,CANDIDATE_ONLY,P5-T02 atlas/UV comparison
2655,P5T01-C02367,data/rf064/MAP16/ArmouryTM/ArmouryTM_422.DTX,texture,-40,488975e74cac9bcbe5f42d82f88cff094afa12f61ccb19f34be96be8896c8942,keyword:M4,0,0,0,0,,,CANDIDATE_ONLY,P5-T02 atlas/UV comparison
2656,P5T01-C02368,data/rf064/MAP16/ArmouryTM/ArmouryTM_423.DTX,texture,-40,b3f2ca3bd37b80b9547d45c939042017382057f78a01c103c344c61332b02c69,keyword:M4,0,0,0,0,,,CANDIDATE_ONLY,P5-T02 atlas/UV comparison
2657,P5T01-C02369,data/rf064/MAP16/ArmouryTM/ArmouryTM_424.DTX,texture,-40,06e1295e6f9d3f34c3e70baae9383b443125bdd8b4ab924710ddaff3d905984b,keyword:M4,0,0,0,0,,,CANDIDATE_ONLY,P5-T02 atlas/UV comparison
2658,P5T01-C02370,data/rf064/MAP16/ChinaTown_TM/ChinaTown_TM_400.DTX,texture,-40,c147adeeee3790ba196366979a6c2e1044722569c9b8bac0e313ed7fd2dfa481,keyword:M4,0,0,0,0,,,CANDIDATE_ONLY,P5-T02 atlas/UV comparison
2659,P5T01-C02371,data/rf064/MAP16/ChinaTown_TM/ChinaTown_TM_401.DTX,texture,-40,5df2fc9f36f6dce988d50c4f03afcc2157094ff8c02903a6372844167fbfea35,keyword:M4,0,0,0,0,,,CANDIDATE_ONLY,P5-T02 atlas/UV comparison
2660,P5T01-C02372,data/rf064/MAP16/ChinaTown_TM/ChinaTown_TM_402.DTX,texture,-40,20ff056299260a9391360ab12a038440d2c5c07710559b9f32937f1a7f47559f,keyword:M4,0,0,0,0,,,CANDIDATE_ONLY,P5-T02 atlas/UV comparison
2661,P5T01-C02373,data/rf064/MAP16/ChinaTown_TM/ChinaTown_TM_403.DTX,texture,-40,b40834f1d4e64d0b74b22791542baa0c31909c2794f6b68c8c03940fb923689e,keyword:M4,0,0,0,0,,,CANDIDATE_ONLY,P5-T02 atlas/UV comparison
2662,P5T01-C02374,data/rf064/MAP16/ChinaTown_TM/ChinaTown_TM_405.DTX,texture,-40,1baa9c819fd3620aef9f5ab8ffba7b63c42952a46c6e6337db994ce3fab05ba8,keyword:M4,0,0,0,0,,,CANDIDATE_ONLY,P5-T02 atlas/UV comparison
2663,P5T01-C02375,data/rf064/MAP16/ChinaTown_TM/ChinaTown_TM_406.DTX,texture,-40,7f95084b3873ca15274fec6d985af69c39a57156c01e8702219c4214a847b4c9,keyword:M4,0,0,0,0,,,CANDIDATE_ONLY,P5-T02 atlas/UV comparison
2664,P5T01-C02376,data/rf064/MAP16/ChinaTown_TM/ChinaTown_TM_406_A.DTX,texture,-40,03ee43277c3261a71b3fc8717fa3807aad020333f947cf6cc3b32f21b011cf34,keyword:M4,0,0,0,0,,,CANDIDATE_ONLY,P5-T02 atlas/UV comparison
2665,P5T01-C02377,data/rf064/MAP16/ChinaTown_TM/ChinaTown_TM_407.DTX,texture,-40,aeaf0ff19ecb26895c7f2a72d08e935f984c0e73dec694eaa0d8f9180ff8fc36,keyword:M4,0,0,0,0,,,CANDIDATE_ONLY,P5-T02 atlas/UV comparison
2666,P5T01-C02378,data/rf064/MAP16/ChinaTown_TM/ChinaTown_TM_408.DTX,texture,-40,b0c294f4912477cb92428e3ebea17945c65f7af3b953f95d6356da5d8e35bdb8,keyword:M4,0,0,0,0,,,CANDIDATE_ONLY,P5-T02 atlas/UV comparison
2667,P5T01-C02379,data/rf064/MAP16/ChinaTown_TM/ChinaTown_TM_409.DTX,texture,-40,b4ca112162ed9bd379abc840cf3dd16514497a22d8770a22f9fffa6686ab6741,keyword:M4,0,0,0,0,,,CANDIDATE_ONLY,P5-T02 atlas/UV comparison
2668,P5T01-C02380,data/rf064/MAP16/ChinaTown_TM/ChinaTown_TM_410.DTX,texture,-40,00c4e714d72d8a796485e52c96f3abd5973f81f2173901713740608b33b64425,keyword:M4,0,0,0,0,,,CANDIDATE_ONLY,P5-T02 atlas/UV comparison
2669,P5T01-C02381,data/rf064/MAP16/ChinaTown_TM/ChinaTown_TM_411.DTX,texture,-40,7bda3f602284247d6fe96de05f44b40d8146cfde372f531fc11e04364f0b91e2,keyword:M4,0,0,0,0,,,CANDIDATE_ONLY,P5-T02 atlas/UV comparison
2670,P5T01-C02382,data/rf064/MAP16/ChinaTown_TM/ChinaTown_TM_414.DTX,texture,-40,8534899f7640de8fe7534498abac147b6da1ca7295f86f4e398bd1fbe48d5f5d,keyword:M4,0,0,0,0,,,CANDIDATE_ONLY,P5-T02 atlas/UV comparison
2671,P5T01-C02383,data/rf064/MAP16/ChinaTown_TM/ChinaTown_TM_414_a.DTX,texture,-40,78059ebc8757110a8c131dea60565e9d61e0de6ed2fc382df98cd36d5faff8b4,keyword:M4,0,0,0,0,,,CANDIDATE_ONLY,P5-T02 atlas/UV comparison
2672,P5T01-C02384,data/rf064/MAP16/ChinaTown_TM/ChinaTown_TM_415.DTX,texture,-40,a5015cf7a0278faead17035b7d40df9ce197a8753271b9f9dffd1c83ff4d0e46,keyword:M4,0,0,0,0,,,CANDIDATE_ONLY,P5-T02 atlas/UV comparison
2673,P5T01-C02385,data/rf064/MAP16/EscapeTM/EscapeTM_400.DTX,texture,-40,c95fae3cb3d9dbd694520432df18f9707bfb39f29ced95ec29e6b92c8ae154cc,keyword:M4,0,0,0,0,,,CANDIDATE_ONLY,P5-T02 atlas/UV comparison
2674,P5T01-C02386,data/rf064/MAP16/EscapeTM/EscapeTM_401.DTX,texture,-40,e899d21a7199ab20215156d0b78419d3ad5f91dd8f6e78d711f84d06d1be4f58,keyword:M4,0,0,0,0,,,CANDIDATE_ONLY,P5-T02 atlas/UV comparison
2675,P5T01-C02387,data/rf064/MAP16/EscapeTM/EscapeTM_402.DTX,texture,-40,d60c773036ae99ca1fff6380af321f49f8a20fc6f202f705ab2b723b277b85bb,keyword:M4,0,0,0,0,,,CANDIDATE_ONLY,P5-T02 atlas/UV comparison
2676,P5T01-C02388,data/rf064/MAP16/EscapeTM/EscapeTM_403.DTX,texture,-40,14a3481c83f0bf38227b8a8834a9ce2746386fab70706e4690b75dba08f9c3b1,keyword:M4,0,0,0,0,,,CANDIDATE_ONLY,P5-T02 atlas/UV comparison
2677,P5T01-C02389,data/rf064/MAP16/EscapeTM/EscapeTM_404.DTX,texture,-40,e5cc2f135343828c351c57ff3f6f6f27cce542d7f51d20ad2749b727f2afa99b,keyword:M4,0,0,0,0,,,CANDIDATE_ONLY,P5-T02 atlas/UV comparison
2678,P5T01-C02390,data/rf064/MAP16/EscapeTM/EscapeTM_405.DTX,texture,-40,902bc703600caf3bde534a3f6f948247a490db0eba0977b15e9c4d13ee793fc2,keyword:M4,0,0,0,0,,,CANDIDATE_ONLY,P5-T02 atlas/UV comparison
2679,P5T01-C02391,data/rf064/MAP16/EscapeTM/EscapeTM_406.DTX,texture,-40,e3a1f23eb2ded18eef5093378c42e3a48f00c531f6feb0c75badd64677cb62d4,keyword:M4,0,0,0,0,,,CANDIDATE_ONLY,P5-T02 atlas/UV comparison
2680,P5T01-C02392,data/rf064/MAP16/EscapeTM/EscapeTM_407.DTX,texture,-40,494955936e744148164c4770c3880ded37f277d52426f6a5f209769348dbd35e,keyword:M4,0,0,0,0,,,CANDIDATE_ONLY,P5-T02 atlas/UV comparison
2681,P5T01-C02393,data/rf064/MAP16/EscapeTM/EscapeTM_408.DTX,texture,-40,5996b5c6f38ec49d574b9a1f270b5e83cb397855088ecf2160d5643b0acf003a,keyword:M4,0,0,0,0,,,CANDIDATE_ONLY,P5-T02 atlas/UV comparison
2682,P5T01-C02394,data/rf064/MAP16/EscapeTM/EscapeTM_409.DTX,texture,-40,648294962b9fee661b11d4c2d263391c46c3a70362ebfd16fb47ff849ba47f7f,keyword:M4,0,0,0,0,,,CANDIDATE_ONLY,P5-T02 atlas/UV comparison
2683,P5T01-C02395,data/rf064/MAP16/EscapeTM/EscapeTM_410.DTX,texture,-40,a7fc3c6d899f8be4fd1f9c9c1acf9d8437ab7f364ab8e3819769ba2513caf8e6,keyword:M4,0,0,0,0,,,CANDIDATE_ONLY,P5-T02 atlas/UV comparison
2684,P5T01-C02396,data/rf064/MAP16/EscapeTM/EscapeTM_411.DTX,texture,-40,5dee3bea8f7ed040eda650450e618daed8e5afa717d4cc86ea92bcb10b76fdba,keyword:M4,0,0,0,0,,,CANDIDATE_ONLY,P5-T02 atlas/UV comparison
2685,P5T01-C02397,data/rf064/MAP16/EscapeTM/EscapeTM_413.DTX,texture,-40,4d0b592ae7f0d2431d6a12a658b1d08c548b41ec2108ed556356147d927292ca,keyword:M4,0,0,0,0,,,CANDIDATE_ONLY,P5-T02 atlas/UV comparison
2686,P5T01-C02398,data/rf064/MAP16/EscapeTM/EscapeTM_414.DTX,texture,-40,e991b6bf8c6d0404e84e2738212f4e6a6bb4756003cc59e76b1c77845f92e9b6,keyword:M4,0,0,0,0,,,CANDIDATE_ONLY,P5-T02 atlas/UV comparison
2687,P5T01-C02399,data/rf064/MAP16/EscapeTM/EscapeTM_415.DTX,texture,-40,1f8addf0d152076ac6232866c7397d15aadad0274c72c3162c36aec58ee1f0e4,keyword:M4,0,0,0,0,,,CANDIDATE_ONLY,P5-T02 atlas/UV comparison
2688,P5T01-C02400,data/rf064/MAP16/NightMarket_TM/NightMarket_TM_400.DTX,texture,-40,a04605f3944fc948bf496da1270e1fc25f92dd60a752e712ee48e9b7230e06d4,keyword:M4,0,0,0,0,,,CANDIDATE_ONLY,P5-T02 atlas/UV comparison
2689,P5T01-C02401,data/rf064/MAP16/NightMarket_TM/NightMarket_TM_401.DTX,texture,-40,fae76bdc27655a58604a07a009bd93e0bfe2e093706410e4fe35e2be8f96dc56,keyword:M4,0,0,0,0,,,CANDIDATE_ONLY,P5-T02 atlas/UV comparison
2690,P5T01-C02402,data/rf064/MAP16/NightMarket_TM/NightMarket_TM_403.DTX,texture,-40,2eebf09479f5ccd323f45b715c3ae8f288078e56842ba3df5032a0c447cc79de,keyword:M4,0,0,0,0,,,CANDIDATE_ONLY,P5-T02 atlas/UV comparison
2691,P5T01-C02403,data/rf064/MAP16/NightMarket_TM/NightMarket_TM_404.DTX,texture,-40,54475685f6c14e6e6469e9d5ad7045b23847536163678ec24a91ce4115ae9fec,keyword:M4,0,0,0,0,,,CANDIDATE_ONLY,P5-T02 atlas/UV comparison
2692,P5T01-C02404,data/rf064/MAP16/NightMarket_TM/NightMarket_TM_405.DTX,texture,-40,cbffc1499952c0520c11b6ce89b3b78120738ef6d3f3be108fa13fcbf4ee8a07,keyword:M4,0,0,0,0,,,CANDIDATE_ONLY,P5-T02 atlas/UV comparison
2693,P5T01-C02405,data/rf064/MAP16/NightMarket_TM/NightMarket_TM_406.DTX,texture,-40,d0ca57604fef5da0f809d4ed8b53f9f7c84c127415d1388e06bf62b1ed40bf60,keyword:M4,0,0,0,0,,,CANDIDATE_ONLY,P5-T02 atlas/UV comparison
2694,P5T01-C02406,data/rf064/MAP16/NightMarket_TM/NightMarket_TM_407.DTX,texture,-40,1c4616e6a870e47b5ebf322a695a04a5dfde64dd0e869d86387d0a92e1d10bee,keyword:M4,0,0,0,0,,,CANDIDATE_ONLY,P5-T02 atlas/UV comparison
2695,P5T01-C02407,data/rf064/MAP16/NightMarket_TM/NightMarket_TM_409.DTX,texture,-40,d4259ecfa4598e3c854a04af2a62f5ab9987d3fb0baae0578fcc1edb80f46d8e,keyword:M4,0,0,0,0,,,CANDIDATE_ONLY,P5-T02 atlas/UV comparison
2696,P5T01-C02408,data/rf064/MAP16/NightMarket_TM/NightMarket_TM_410.DTX,texture,-40,9d8e2327a18a987d6ed08b09b8ab960ab5bbdd1e7a533289734b1225cb2b6194,keyword:M4,0,0,0,0,,,CANDIDATE_ONLY,P5-T02 atlas/UV comparison
2697,P5T01-C02409,data/rf064/MAP16/NightMarket_TM/NightMarket_TM_411.DTX,texture,-40,f45fc97a6c86b6c03623643e62e07eb8f26aff295a3fa5973b3193f273358efc,keyword:M4,0,0,0,0,,,CANDIDATE_ONLY,P5-T02 atlas/UV comparison
2698,P5T01-C02410,data/rf064/MAP16/NightMarket_TM/NightMarket_TM_412.DTX,texture,-40,2110df8a094f8ffee48fccaaa827035b85bbc9039fa8e4b30b968525f69b4cab,keyword:M4,0,0,0,0,,,CANDIDATE_ONLY,P5-T02 atlas/UV comparison
2699,P5T01-C02411,data/rf064/MAP16/NightMarket_TM/NightMarket_TM_413.DTX,texture,-40,5a43f6ad6a457ba78db067c1548065019443fccf397ffb3bf994b3ee8d751397,keyword:M4,0,0,0,0,,,CANDIDATE_ONLY,P5-T02 atlas/UV comparison
2700,P5T01-C02412,data/rf064/MAP16/cache_tm/Cache_TM_400.DTX,texture,-40,3301ed0c55c3f17391965fa4d3333cebfd75544ee30e1bff12415d51159f82ab,keyword:M4,0,0,0,0,,,CANDIDATE_ONLY,P5-T02 atlas/UV comparison
2701,P5T01-C02413,data/rf064/MAP16/cache_tm/Cache_TM_401.DTX,texture,-40,58d2a89ab8fd30a4c95348caba200f27ab93434361ebd4174ad3ddc4ab48f277,keyword:M4,0,0,0,0,,,CANDIDATE_ONLY,P5-T02 atlas/UV comparison
2702,P5T01-C02414,data/rf064/MAP16/cache_tm/Cache_TM_401_01.DTX,texture,-40,2b7cb85379732d8d1dfeb04130060571757b0e4f8917bdc184cb7d59978b320e,keyword:M4,0,0,0,0,,,CANDIDATE_ONLY,P5-T02 atlas/UV comparison
2703,P5T01-C02415,data/rf064/MAP16/cache_tm/Cache_TM_402.DTX,texture,-40,400cb7898ae66ac86bf6cc4c389b91c9165df856c309d41af8063a9baf47eb05,keyword:M4,0,0,0,0,,,CANDIDATE_ONLY,P5-T02 atlas/UV comparison
2704,P5T01-C02416,data/rf064/MAP16/cache_tm/Cache_TM_403.DTX,texture,-40,117ecad4f69c2c69305b4a3941eab8e6b0c55fe203c10591a8dae95c7a16f8a9,keyword:M4,0,0,0,0,,,CANDIDATE_ONLY,P5-T02 atlas/UV comparison
2705,P5T01-C02417,data/rf064/MAP16/cache_tm/Cache_TM_409.DTX,texture,-40,d71b824f72074fceeead9307734694b49d06999169a1f1d1ed6efd725b955ba6,keyword:M4,0,0,0,0,,,CANDIDATE_ONLY,P5-T02 atlas/UV comparison
2706,P5T01-C02418,data/rf064/MAP16/cache_tm/Cache_TM_410.DTX,texture,-40,d56fd9a73040174cf8a0e93dad2aa5d74fddb0c008c62e138b3a179dee6eca00,keyword:M4,0,0,0,0,,,CANDIDATE_ONLY,P5-T02 atlas/UV comparison
2707,P5T01-C02419,data/rf064/MAP16/cache_tm/Cache_TM_410_01.DTX,texture,-40,472cae7984a8f279888791d7d56fa5c74919c0030186719d23df4d313f17659c,keyword:M4,0,0,0,0,,,CANDIDATE_ONLY,P5-T02 atlas/UV comparison
2708,P5T01-C02420,data/rf064/MAP16/cache_tm/Cache_TM_411.DTX,texture,-40,8073337bdfb517eb32f70d0ac623a47fe1f14e79de1fa2ca2f7dc6f140c7dfdc,keyword:M4,0,0,0,0,,,CANDIDATE_ONLY,P5-T02 atlas/UV comparison
2709,P5T01-C02421,data/rf064/MAP16/cache_tm/Cache_TM_414.DTX,texture,-40,41ee16898e66362d922a99f2b4c463e9d6d6f73923695199cc36e3aed481faf9,keyword:M4,0,0,0,0,,,CANDIDATE_ONLY,P5-T02 atlas/UV comparison
2710,P5T01-C02422,data/rf064/MAP16/cache_tm/Cache_TM_414_01.DTX,texture,-40,38a29403aa3e3e4f399e166ed3ab8f34af0ec8a9a21f3efbe5d3864e1540fd6e,keyword:M4,0,0,0,0,,,CANDIDATE_ONLY,P5-T02 atlas/UV comparison
2711,P5T01-C02423,data/rf101/MAP12/BB_DM/BB_DM400.DTX,texture,-40,9892f09c12b6ceccaf5aecf8d5f11d22dc4b1447680d8654e7eb1ac3f499d26a,keyword:M4,0,0,0,0,,,CANDIDATE_ONLY,P5-T02 atlas/UV comparison
2712,P5T01-C02424,data/rf101/MAP12/BB_DM/BB_DM400_A.DTX,texture,-40,0d933fe2a39075866007eb32f09662dbadc049d25141eee9280014bac4b4380f,keyword:M4,0,0,0,0,,,CANDIDATE_ONLY,P5-T02 atlas/UV comparison
2713,P5T01-C02425,data/rf101/MAP12/BB_DM/BB_DM401.DTX,texture,-40,844e4c05fd9939b8d8e54b5d8d272d316a8ba9838253467f715959a7c075fb55,keyword:M4,0,0,0,0,,,CANDIDATE_ONLY,P5-T02 atlas/UV comparison
2714,P5T01-C02426,data/rf101/MAP12/BB_DM/BB_DM401_A.DTX,texture,-40,58872c5f29064fb8ba6c38e9d42f6f6161429a124b21b9cc18914ebb773f899f,keyword:M4,0,0,0,0,,,CANDIDATE_ONLY,P5-T02 atlas/UV comparison
2715,P5T01-C02427,data/rf101/MAP12/BB_DM/BB_DM402.DTX,texture,-40,eb9044bf03241463473a654d9bf4c7ec7261c79a4221f9ec1a84d8b8300b1591,keyword:M4,0,0,0,0,,,CANDIDATE_ONLY,P5-T02 atlas/UV comparison
2716,P5T01-C02428,data/rf101/MAP12/BB_DM/BB_DM402_A.DTX,texture,-40,26aee4a9e1c9632d1bf95d719e58eb93c31c61264fbccbd32d2a9887b5445217,keyword:M4,0,0,0,0,,,CANDIDATE_ONLY,P5-T02 atlas/UV comparison
2717,P5T01-C02429,data/rf101/MAP12/BB_DM/BB_DM403.DTX,texture,-40,3ad682e9be3c89864973b78295ef6c7bb938051ebc0f70224a1f7d77b0b3589e,keyword:M4,0,0,0,0,,,CANDIDATE_ONLY,P5-T02 atlas/UV comparison
2718,P5T01-C02430,data/rf101/MAP12/BB_DM/BB_DM404.DTX,texture,-40,bd7544d4b563ede2e55659e93038feac98a4d2f33c240369df0f541a599ab3fb,keyword:M4,0,0,0,0,,,CANDIDATE_ONLY,P5-T02 atlas/UV comparison
2719,P5T01-C02431,data/rf101/MAP12/BB_DM/BB_DM405.DTX,texture,-40,2ad5d5f41f6991fae1925499c6818f9487e22cad4e380d027eb53d18d5341e3d,keyword:M4,0,0,0,0,,,CANDIDATE_ONLY,P5-T02 atlas/UV comparison
2720,P5T01-C02432,data/rf101/MAP12/BB_DM/BB_DM406.DTX,texture,-40,30101665f01f30bba662ce8c3413d9b9cfb61c1ff20537de376a87eb98b3d5c6,keyword:M4,0,0,0,0,,,CANDIDATE_ONLY,P5-T02 atlas/UV comparison
2721,P5T01-C02433,data/rf101/MAP12/BB_DM/BB_DM407.DTX,texture,-40,b71a307dc596c399d201991b719d6aad864fecff406cfc56c81941cf0d5227eb,keyword:M4,0,0,0,0,,,CANDIDATE_ONLY,P5-T02 atlas/UV comparison
2722,P5T01-C02434,data/rf101/MAP12/BB_DM/BB_DM408.DTX,texture,-40,b21cf7011cb94eff77301ff7f5cec75f35bb42af42f1e0dd6c0815f78f8d60c0,keyword:M4,0,0,0,0,,,CANDIDATE_ONLY,P5-T02 atlas/UV comparison
2723,P5T01-C02435,data/rf101/MAP12/BB_DM/BB_DM409.DTX,texture,-40,0fdd2e4ff57eeab2b235d7ece40f75b1501eddc24a3de7ad2d20175cd58cd02b,keyword:M4,0,0,0,0,,,CANDIDATE_ONLY,P5-T02 atlas/UV comparison
2724,P5T01-C02436,data/rf101/MAP12/BB_DM/BB_DM410.DTX,texture,-40,e5c4c71fd0b9d5e65517cca73edcf42c93ebcaea0fadda5811742adbc35251b2,keyword:M4,0,0,0,0,,,CANDIDATE_ONLY,P5-T02 atlas/UV comparison
2725,P5T01-C02437,data/rf101/MAP12/BB_DM/BB_DM411.DTX,texture,-40,e8208800311a9e09c0ddedbabdd579d4ecd5e4711622fac25b3c77d4bc2aa47c,keyword:M4,0,0,0,0,,,CANDIDATE_ONLY,P5-T02 atlas/UV comparison
2726,P5T01-C02438,data/rf101/MAP12/BB_DM/BB_DM412.DTX,texture,-40,f23534c36712fe85bfaecadd10ee4ad422a18c77f253fa02628d012fb5e6666a,keyword:M4,0,0,0,0,,,CANDIDATE_ONLY,P5-T02 atlas/UV comparison
2727,P5T01-C02439,data/rf101/MAP12/BB_DM/BB_DM413.DTX,texture,-40,94fc06844131de68af2f7759ce0b6662c52e0c21cebcba1cbe7cd8818781af2a,keyword:M4,0,0,0,0,,,CANDIDATE_ONLY,P5-T02 atlas/UV comparison
2728,P5T01-C02440,data/rf101/MAP12/BB_DM/BB_DM414.DTX,texture,-40,272f4d97a1f1557a5bff9d8f46768f8395e0f5e57dc0bcc67697a24115ace494,keyword:M4,0,0,0,0,,,CANDIDATE_ONLY,P5-T02 atlas/UV comparison
2729,P5T01-C02441,data/rf101/MAP12/BB_DM/BB_DM414_A.DTX,texture,-40,f5ef91e4be8a486dcd7d6662f67bec4be62c958ed5426dff91039002d495915d,keyword:M4,0,0,0,0,,,CANDIDATE_ONLY,P5-T02 atlas/UV comparison
2730,P5T01-C02442,data/rf101/MAP12/BB_DM/BB_DM415.DTX,texture,-40,9b02deed957e3b38cf54849ddd689fb12ed3870fdac40c979de986389af64879,keyword:M4,0,0,0,0,,,CANDIDATE_ONLY,P5-T02 atlas/UV comparison
2731,P5T01-C02443,data/rf101/MAP12/BB_DM/BB_DM416.DTX,texture,-40,fec67f6e3e829937ffd7b0e1292abc9d43d6582d50d87b5a04aaf329e95966ac,keyword:M4,0,0,0,0,,,CANDIDATE_ONLY,P5-T02 atlas/UV comparison
2732,P5T01-C02444,data/rf101/MAP12/BB_DM/BB_DM417.DTX,texture,-40,5cc8fa1dcbc4688f8205ac87f8db7fcf69ad433c17bfd24f190b5516dcc8ff34,keyword:M4,0,0,0,0,,,CANDIDATE_ONLY,P5-T02 atlas/UV comparison
2733,P5T01-C02445,data/rf101/MAP12/BB_DM/BB_DM418.DTX,texture,-40,758a6e77b0ddc275b0bc36e09d8a373b1875b5e06423c225924ea72c70177746,keyword:M4,0,0,0,0,,,CANDIDATE_ONLY,P5-T02 atlas/UV comparison
2734,P5T01-C02446,data/rf101/MAP12/BB_DM/BB_DM419.DTX,texture,-40,e6a6b0033ad1b1db9e422822ffd3dbbe3c0e0aee7fc8ffab741072f3a3f03c5f,keyword:M4,0,0,0,0,,,CANDIDATE_ONLY,P5-T02 atlas/UV comparison
2735,P5T01-C02447,data/rf101/MAP12/BB_DM/BB_DM420.DTX,texture,-40,55621066bae1a25ed89253c528f4823f347d9c1ccbea58b8e21553678df9bd7b,keyword:M4,0,0,0,0,,,CANDIDATE_ONLY,P5-T02 atlas/UV comparison
2736,P5T01-C02448,data/rf101/MAP12/BB_DM/BB_DM421.DTX,texture,-40,e515abb34b2a10e8af1fabf44774d6ed125dc911b0382aeaaef301381add20b1,keyword:M4,0,0,0,0,,,CANDIDATE_ONLY,P5-T02 atlas/UV comparison
2737,P5T01-C02449,data/rf101/MAP12/BB_DM/BB_DM422.DTX,texture,-40,8acd6eea6573a4774fcf0efb583b1c16f857237ab584b14137542c65a1b130c0,keyword:M4,0,0,0,0,,,CANDIDATE_ONLY,P5-T02 atlas/UV comparison
2738,P5T01-C02450,data/rf101/MAP12/BB_DM/BB_DM423.DTX,texture,-40,427795a5d6309db9f9ae0233ee6c4a7c409d2e68a7c12b6ab1bc905d59f41048,keyword:M4,0,0,0,0,,,CANDIDATE_ONLY,P5-T02 atlas/UV comparison
2739,P5T01-C02451,data/rf101/MAP12/Chocolate_Factory_TM/Chocolate_Factory_TM_406.DTX,texture,-40,cc846a9a5f0968a6d7aad513decbb8a9b9745c67fd4c584b264dff66bc21fe3b,keyword:M4,0,0,0,0,,,CANDIDATE_ONLY,P5-T02 atlas/UV comparison
2740,P5T01-C02452,data/rf101/MAP12/Chocolate_Factory_TM/Chocolate_Factory_TM_411.DTX,texture,-40,223283d1aec4c7cc64ae25dfb91a630967bde9f70a215b4cb3d4320b5f47c348,keyword:M4,0,0,0,0,,,CANDIDATE_ONLY,P5-T02 atlas/UV comparison
2741,P5T01-C02453,data/rf101/MAP12/Chocolate_Factory_TM/Chocolate_Factory_TM_415.DTX,texture,-40,96c7aaab3346e6c2de5045cb7e99587d2ddfa088ecb9fca2b005138504f79101,keyword:M4,0,0,0,0,,,CANDIDATE_ONLY,P5-T02 atlas/UV comparison
2742,P5T01-C02454,data/rf101/MAP12/Chocolate_Factory_TM/Chocolate_Factory_TM_416.DTX,texture,-40,045172aae607a22e5fb741be7cd2381884e4b0d76fcd060215c9d850a673bb91,keyword:M4,0,0,0,0,,,CANDIDATE_ONLY,P5-T02 atlas/UV comparison
2743,P5T01-C02455,data/rf101/MAP12/Chocolate_Factory_TM/Chocolate_Factory_TM_417.DTX,texture,-40,52516cb6fa65240a9588570879f7c65c5b335173de00e15a6dbe207b58d82bf1,keyword:M4,0,0,0,0,,,CANDIDATE_ONLY,P5-T02 atlas/UV comparison
2744,P5T01-C02456,data/rf101/MAP12/Chocolate_Factory_TM/Chocolate_Factory_TM_418.DTX,texture,-40,312b1474cc6a06d0acc5c42c103b7b536cc8e21e55e36c63a8db0a5f3581460f,keyword:M4,0,0,0,0,,,CANDIDATE_ONLY,P5-T02 atlas/UV comparison
2745,P5T01-C02457,data/rf192/UI/UI_Character_Setting/BagNum4.BIN,config,-40,1c4343243810a1244a875f76ec98ced143b3f6ca892f4047fb26d0b18718321a,keyword:M4,0,0,0,0,,,CANDIDATE_ONLY,P5-T03 resource graph closure
2746,P5T01-C02458,data/rf192/UI/UI_GameRoom/IconNum_4.BIN,config,-40,d2b961132567ab3d36b2bb7806fd785ec15cf01599e00e7f235cd85e80557d10,keyword:M4,0,0,0,0,,,CANDIDATE_ONLY,P5-T03 resource graph closure
2747,P5T01-C02460,data/rf192/UI/UI_MatchMenuPopup/ElitePVE/WeeklySkillIcon/WeeklySkill_Icon_Beam4.BIN,config,-40,5c82c5dfbdfffdc55f03105b16e21549746f015e6fa80962b0c477c0b4a827f9,keyword:M4,0,0,0,0,,,CANDIDATE_ONLY,P5-T03 resource graph closure
2748,P5T01-C02461,data/rf192/UI/UI_Shop2/BestItemLayer/SpecialWeapon/BestItemZoom_4571.BIN,config,-40,56c4f27b3d4137fae59a56355bdfe4afa0e0d16d729a2fe1662ef2beb560546a,keyword:M4,0,0,0,0,,,CANDIDATE_ONLY,P5-T03 resource graph closure
2749,P5T01-C00102,data/Snd2_Cleaned/vvip/Pertinacious/M4A1SPredatorl_Pertinacious.wav,sound,-65,3d51728d131960848d4b465a28cea486211d8b20ceaa84ad4bf34f16859ffb46,keyword:M4,0,0,0,1,,,CANDIDATE_ONLY,P5-T03 same-variant association
2750,P5T01-C00098,data/Snd2_Cleaned/AI4/Predator/Predator1_Weakness_Boom4.wav,sound,-90,bae70b9cef473624f37a80987675f1f9069dac21ca51d8f30ed9f3f833f73bd9,keyword:M4,0,0,0,1,,,CANDIDATE_ONLY,P5-T03 same-variant association
2751,P5T01-C00155,data/out/m4a1_audio/M4A1_BR_1.wav,sound,-115,240f03c55a366b47564c17c6871c9a33b26201a6699da2e28f92a462a94aef33,keyword:M4,0,0,0,0,,,CANDIDATE_ONLY,P5-T03 same-variant association
2752,P5T01-C00156,data/out/m4a1_audio/M4A1_BR_2.wav,sound,-115,9fc7c6ccca04bb5eb30ce8f978e1fdc80de20a4252cdc0f92e32a4e8eb4a6178,keyword:M4,0,0,0,0,,,CANDIDATE_ONLY,P5-T03 same-variant association
2753,P5T01-C00157,data/out/m4a1_audio/M4A1_BR_3.wav,sound,-115,5a263b5b3c163ededb832e0fa0d36cec99fb651562e1a6d6af8c164d649ff96b,keyword:M4,0,0,0,0,,,CANDIDATE_ONLY,P5-T03 same-variant association
2754,P5T01-C00158,data/out/m4a1_audio/M4A1_BR_4.wav,sound,-115,f1ebda60a0bdf6e005e3fd66308e826db6368dd025ecd803bb873a88bf934f79,keyword:M4,0,0,0,0,,,CANDIDATE_ONLY,P5-T03 same-variant association
2755,P5T01-C00159,data/out/m4a1_audio/M4A1_BR_5.wav,sound,-115,305c1aa4c2672b9ab6e89d8d1754dfd45e0ffcf16b7bdb9ac8a462aafc485b0a,keyword:M4,0,0,0,0,,,CANDIDATE_ONLY,P5-T03 same-variant association
2756,P5T01-C00160,data/out/m4a1_audio/M4A1_BR_6.wav,sound,-115,36d5614ac686ee66e34128403f89587439ca01b562c09b7c6dde0eac327c3b2c,keyword:M4,0,0,0,0,,,CANDIDATE_ONLY,P5-T03 same-variant association
2757,P5T01-C00161,data/out/m4a1_audio/M4A1_BR_7.wav,sound,-115,092226a90512cee4410d2a61cd78e01e266cb885307bd0e63a5fdff1fec51682,keyword:M4,0,0,0,0,,,CANDIDATE_ONLY,P5-T03 same-variant association
2758,P5T01-C00001,data/FMOD_Voices/Voice_CN/Categorized/BL_GM/40172_ROUND_START_BL_GM.wav,sound,-140,493a335591a7a774fffcc105243726a1f85847e7241d7435f1764219d3f543f2,keyword:M4,0,0,0,0,,,CANDIDATE_ONLY,P5-T03 same-variant association
2759,P5T01-C00002,data/FMOD_Voices/Voice_CN/Categorized/BL_GM/40378_ROUND_START_BL_GM.wav,sound,-140,f4111103a65994e7aa11a15a7267ffd7aaf5708396e036f721d062082a9bedb7,keyword:M4,0,0,0,0,,,CANDIDATE_ONLY,P5-T03 same-variant association
2760,P5T01-C00003,data/FMOD_Voices/Voice_CN/Categorized/BL_GM/40584_ROUND_START_BL_GM.wav,sound,-140,e3c88050b242a8d5bd76f392e5bd07758285559df19a67d7855fac2082e97da6,keyword:M4,0,0,0,0,,,CANDIDATE_ONLY,P5-T03 same-variant association
2761,P5T01-C00004,data/FMOD_Voices/Voice_CN/Categorized/BL_GM/40874_ROUND_START_BL_GM.wav,sound,-140,c9116d6f547773cb6757a5b8f88de41cdb2da0542be3ba385f75fa85b4e5ad48,keyword:M4,0,0,0,0,,,CANDIDATE_ONLY,P5-T03 same-variant association
2762,P5T01-C00005,data/FMOD_Voices/Voice_CN/Categorized/BL_GM/4106_ROUND_START_BL_GM.wav,sound,-140,8a35c515093104e9ee8945550c3ee43c38a9a9c5dd6b94b23ad1aea18e28e16d,keyword:M4,0,0,0,0,,,CANDIDATE_ONLY,P5-T03 same-variant association
2763,P5T01-C00006,data/FMOD_Voices/Voice_CN/Categorized/BL_GM/41080_ROUND_START_BL_GM.wav,sound,-140,20bb39278f5aca1ce5b208019efb164d53ddba5f42832ae24681b74b1c683d14,keyword:M4,0,0,0,0,,,CANDIDATE_ONLY,P5-T03 same-variant association
2764,P5T01-C00007,data/FMOD_Voices/Voice_CN/Categorized/BL_GM/41286_ROUND_START_BL_GM.wav,sound,-140,efa5331e6f02f7d2ef29a24fb8c1ae9be9aa7732e1cfa13145d8763b0d081e8c,keyword:M4,0,0,0,0,,,CANDIDATE_ONLY,P5-T03 same-variant association
2765,P5T01-C00008,data/FMOD_Voices/Voice_CN/Categorized/BL_GM/41489_ROUND_START_BL_GM.wav,sound,-140,b53f332ea6ad0981395252741b5cfe10c613ec360f7618f695fc9afe7338a7b1,keyword:M4,0,0,0,0,,,CANDIDATE_ONLY,P5-T03 same-variant association
2766,P5T01-C00009,data/FMOD_Voices/Voice_CN/Categorized/BL_GM/41690_ROUND_START_BL_GM.wav,sound,-140,044617b4de6013cf239abe0e202c748e7cb9bb372121ff4d201dc72bd03a8440,keyword:M4,0,0,0,0,,,CANDIDATE_ONLY,P5-T03 same-variant association
2767,P5T01-C00010,data/FMOD_Voices/Voice_CN/Categorized/BL_GM/417_ROUND_START_BL_GM.wav,sound,-140,f666cde1b73f6687a8ab3dfc540e1701b5f8e90f0b97802bf4524c67b5fb9ee8,keyword:M4,0,0,0,0,,,CANDIDATE_ONLY,P5-T03 same-variant association
2768,P5T01-C00011,data/FMOD_Voices/Voice_CN/Categorized/BL_GM/41967_ROUND_START_BL_GM.wav,sound,-140,8721924832e8f3407d0947b99a1fbed9950120939265b25846042de45e2ca1d2,keyword:M4,0,0,0,0,,,CANDIDATE_ONLY,P5-T03 same-variant association
2769,P5T01-C00012,data/FMOD_Voices/Voice_CN/Categorized/BL_GM/42164_ROUND_START_BL_GM.wav,sound,-140,13b4aa73943dbfe2461b08e989c9f0509dae5b89a2a16d213225c9bbfe5e9383,keyword:M4,0,0,0,0,,,CANDIDATE_ONLY,P5-T03 same-variant association
2770,P5T01-C00013,data/FMOD_Voices/Voice_CN/Categorized/BL_GM/42446_ROUND_START_BL_GM.wav,sound,-140,0ef236729b41705cc557f707921371e65957215b5bd01c92f180844f6e146bd9,keyword:M4,0,0,0,0,,,CANDIDATE_ONLY,P5-T03 same-variant association
2771,P5T01-C00014,data/FMOD_Voices/Voice_CN/Categorized/BL_GM/42736_ROUND_START_BL_GM.wav,sound,-140,b1c9cc49b8a15420a0abdda9863343aab11df65a57fdd35af23ae4fd16b1d7c9,keyword:M4,0,0,0,0,,,CANDIDATE_ONLY,P5-T03 same-variant association
2772,P5T01-C00015,data/FMOD_Voices/Voice_CN/Categorized/BL_GM/43026_ROUND_START_BL_GM.wav,sound,-140,a4035bbd2391d0084bd22a66e2f957712b1f7be0fe4db06792db936b0973887e,keyword:M4,0,0,0,0,,,CANDIDATE_ONLY,P5-T03 same-variant association
2773,P5T01-C00016,data/FMOD_Voices/Voice_CN/Categorized/BL_GM/43224_ROUND_START_BL_GM.wav,sound,-140,8f02b56198aeb3d6883213c57086b5f3866286bb340d048cae4989426fdc68a4,keyword:M4,0,0,0,0,,,CANDIDATE_ONLY,P5-T03 same-variant association
2774,P5T01-C00017,data/FMOD_Voices/Voice_CN/Categorized/BL_GM/43425_ROUND_START_BL_GM.wav,sound,-140,4bbe318cb74f5679cfb78725ed6d6f749a1481e41fa7e3d6ecc7060abb9f724d,keyword:M4,0,0,0,0,,,CANDIDATE_ONLY,P5-T03 same-variant association
2775,P5T01-C00018,data/FMOD_Voices/Voice_CN/Categorized/BL_GM/43626_ROUND_START_BL_GM.wav,sound,-140,85b1d348e463436ee1273ae00a2175f60071adfca12de147b63a416f65f8f354,keyword:M4,0,0,0,0,,,CANDIDATE_ONLY,P5-T03 same-variant association
2776,P5T01-C00019,data/FMOD_Voices/Voice_CN/Categorized/BL_GM/43829_ROUND_START_BL_GM.wav,sound,-140,51001f7779cb7fd6c2574fa6928e61ac2c32fa6c157b772745d2eec68987e827,keyword:M4,0,0,0,0,,,CANDIDATE_ONLY,P5-T03 same-variant association
2777,P5T01-C00020,data/FMOD_Voices/Voice_CN/Categorized/BL_GM/4394_ROUND_START_BL_GM.wav,sound,-140,18da74d0759bf1ba85bb3bbb7fed00469e0a83c6c5e28b092308b48ac7a3e5f5,keyword:M4,0,0,0,0,,,CANDIDATE_ONLY,P5-T03 same-variant association
2778,P5T01-C00021,data/FMOD_Voices/Voice_CN/Categorized/BL_GM/44035_ROUND_START_BL_GM.wav,sound,-140,f2bdf0a2e5035d726897c0b76f2dd971a041d1450ba685d7802cc0a402aa2d31,keyword:M4,0,0,0,0,,,CANDIDATE_ONLY,P5-T03 same-variant association
2779,P5T01-C00022,data/FMOD_Voices/Voice_CN/Categorized/BL_GM/44236_ROUND_START_BL_GM.wav,sound,-140,1520f169b4dba305c477d9982805ba19d0f9ed20265be89afbaa23b71438f019,keyword:M4,0,0,0,0,,,CANDIDATE_ONLY,P5-T03 same-variant association
2780,P5T01-C00023,data/FMOD_Voices/Voice_CN/Categorized/BL_GM/44513_ROUND_START_BL_GM.wav,sound,-140,12de6b8bf6a70f4f32830e02886485ae5588babd2622501288257e4ad4d9461d,keyword:M4,0,0,0,0,,,CANDIDATE_ONLY,P5-T03 same-variant association
2781,P5T01-C00024,data/FMOD_Voices/Voice_CN/Categorized/BL_GM/44801_ROUND_START_BL_GM.wav,sound,-140,9ececfe66945882a6fdecaaabb7f28ad1cf9af42d05dccbbcf19948fc09a93fc,keyword:M4,0,0,0,0,,,CANDIDATE_ONLY,P5-T03 same-variant association
2782,P5T01-C00025,data/FMOD_Voices/Voice_CN/Categorized/BL_GM/45002_ROUND_START_BL_GM.wav,sound,-140,6066e032bded7dd44eab4aa7d16d2c1d9b58c1dd3c91b64f93e2618126067960,keyword:M4,0,0,0,0,,,CANDIDATE_ONLY,P5-T03 same-variant association
2783,P5T01-C00026,data/FMOD_Voices/Voice_CN/Categorized/BL_GM/45293_ROUND_START_BL_GM.wav,sound,-140,33c1b281ab53a7dfa5b707ddcd03c8ec90cbf6cf31140ac156bc7aef0d9b4235,keyword:M4,0,0,0,0,,,CANDIDATE_ONLY,P5-T03 same-variant association
2784,P5T01-C00027,data/FMOD_Voices/Voice_CN/Categorized/BL_GM/45878_ROUND_START_BL_GM.wav,sound,-140,2a32885d3e32dd5fb9e58108ad29b8aec1575787b71235d077c03243aab99085,keyword:M4,0,0,0,0,,,CANDIDATE_ONLY,P5-T03 same-variant association
2785,P5T01-C00028,data/FMOD_Voices/Voice_CN/Categorized/BL_GM/45879_ROUND_START_BL_GM_EN.wav,sound,-140,5573394d1de6643ade8c83cade1b73a11d0cdc6221518c411df4d9bb9e1eea18,keyword:M4,0,0,0,0,,,CANDIDATE_ONLY,P5-T03 same-variant association
2786,P5T01-C00029,data/FMOD_Voices/Voice_CN/Categorized/BL_GM/4601_ROUND_START_BL_GM.wav,sound,-140,3bbe983ac20dff3b0cf8f0388f2229f8800f9a6e260454140c023d7f02fe40a7,keyword:M4,0,0,0,0,,,CANDIDATE_ONLY,P5-T03 same-variant association
2787,P5T01-C00030,data/FMOD_Voices/Voice_CN/Categorized/BL_GM/46095_ROUND_START_BL_GM.wav,sound,-140,d96d3e2b17ada0e7a082f17277df5e574768c94579463c1f6b88e679231c06f2,keyword:M4,0,0,0,0,,,CANDIDATE_ONLY,P5-T03 same-variant association
2788,P5T01-C00031,data/FMOD_Voices/Voice_CN/Categorized/BL_GM/46381_ROUND_START_BL_GM.wav,sound,-140,2b57d814a857100f4e87a720e78cfcb7527f50907b4c19b1dc7d16669139020a,keyword:M4,0,0,0,0,,,CANDIDATE_ONLY,P5-T03 same-variant association
2789,P5T01-C00032,data/FMOD_Voices/Voice_CN/Categorized/BL_GM/46587_ROUND_START_BL_GM.wav,sound,-140,5fa4c3a607aa95b058979d43c90de7abc66ebc6cfec6eb00c9bb8f478625b49b,keyword:M4,0,0,0,0,,,CANDIDATE_ONLY,P5-T03 same-variant association
2790,P5T01-C00033,data/FMOD_Voices/Voice_CN/Categorized/BL_GM/46791_ROUND_START_BL_GM.wav,sound,-140,961944dc855f109d3db8e8060fc9c6e765545ff6bcd940b1ab2402530b24b6ee,keyword:M4,0,0,0,0,,,CANDIDATE_ONLY,P5-T03 same-variant association
2791,P5T01-C00034,data/FMOD_Voices/Voice_CN/Categorized/BL_GM/46997_ROUND_START_BL_GM.wav,sound,-140,aaba18da63b02b75889cfe5181771d4d621b8aac2373a85709528900a5783e9c,keyword:M4,0,0,0,0,,,CANDIDATE_ONLY,P5-T03 same-variant association
2792,P5T01-C00035,data/FMOD_Voices/Voice_CN/Categorized/BL_GM/47199_ROUND_START_BL_GM.wav,sound,-140,eeb78aaf1637a5327bc421ce2aee63a239ff871614e490dc7a5b25a5fe38d3dc,keyword:M4,0,0,0,0,,,CANDIDATE_ONLY,P5-T03 same-variant association
2793,P5T01-C00036,data/FMOD_Voices/Voice_CN/Categorized/BL_GM/47399_ROUND_START_BL_GM.wav,sound,-140,06b675b5ac4f41c8d3c670535f68e86e1eb276d4f9ac00c751c176224e134d96,keyword:M4,0,0,0,0,,,CANDIDATE_ONLY,P5-T03 same-variant association
2794,P5T01-C00037,data/FMOD_Voices/Voice_CN/Categorized/BL_GM/47605_ROUND_START_BL_GM.wav,sound,-140,d30b7650377f4151539e02cf5e709c56e5eb757a16e9f725cdd3a27f65299083,keyword:M4,0,0,0,0,,,CANDIDATE_ONLY,P5-T03 same-variant association
2795,P5T01-C00038,data/FMOD_Voices/Voice_CN/Categorized/BL_GM/47806_ROUND_START_BL_GM.wav,sound,-140,6cede42b65171897f0bcef8b701c2b363a4a07c5db7ef57c014bafb2b9539e74,keyword:M4,0,0,0,0,,,CANDIDATE_ONLY,P5-T03 same-variant association
2796,P5T01-C00039,data/FMOD_Voices/Voice_CN/Categorized/BL_GM/48012_ROUND_START_BL_GM.wav,sound,-140,4bf22f4bdb19ebe70b1ae86131a0fdaad98b2a624e363cb5a4165cbaa0053fa5,keyword:M4,0,0,0,0,,,CANDIDATE_ONLY,P5-T03 same-variant association
2797,P5T01-C00040,data/FMOD_Voices/Voice_CN/Categorized/BL_GM/4802_ROUND_START_BL_GM.wav,sound,-140,8697c0b70e40b3192e214a1d33f1ea6d5714fa3e3a538e817c7bf7119a3f5415,keyword:M4,0,0,0,0,,,CANDIDATE_ONLY,P5-T03 same-variant association
2798,P5T01-C00041,data/FMOD_Voices/Voice_CN/Categorized/BL_GM/48290_ROUND_START_BL_GM.wav,sound,-140,99366ad32c2ccfd8bb2128688f01769920d2e0c472e89e57f01dbf0c7cdffee6,keyword:M4,0,0,0,0,,,CANDIDATE_ONLY,P5-T03 same-variant association
2799,P5T01-C00042,data/FMOD_Voices/Voice_CN/Categorized/BL_GM/48567_ROUND_START_BL_GM.wav,sound,-140,b149a896fe136f38bafe8f8aef7493860b998d455e686fcc57dfb3713ba32b3b,keyword:M4,0,0,0,0,,,CANDIDATE_ONLY,P5-T03 same-variant association
2800,P5T01-C00043,data/FMOD_Voices/Voice_CN/Categorized/BL_GM/48769_ROUND_START_BL_GM.wav,sound,-140,f5654dd413fb146b1a5f0b101c87fdba06c9be9af9deeda05dc8d79a8e4186f7,keyword:M4,0,0,0,0,,,CANDIDATE_ONLY,P5-T03 same-variant association
2801,P5T01-C00044,data/FMOD_Voices/Voice_CN/Categorized/BL_GM/48970_ROUND_START_BL_GM.wav,sound,-140,dbc0dabea3ff43ce72acadf5f7147932d136d89f0e1516627b1a31d85e3fe67a,keyword:M4,0,0,0,0,,,CANDIDATE_ONLY,P5-T03 same-variant association
2802,P5T01-C00045,data/FMOD_Voices/Voice_CN/Categorized/BL_GM/49255_ROUND_START_BL_GM.wav,sound,-140,472b6b444b3f2d3728f664532f95a7ade9359e76cb0ecbb68b2b7572b034c7de,keyword:M4,0,0,0,0,,,CANDIDATE_ONLY,P5-T03 same-variant association
2803,P5T01-C00046,data/FMOD_Voices/Voice_CN/Categorized/BL_GM/49456_ROUND_START_BL_GM.wav,sound,-140,0f697981b7d6440cd7ca99ff0cc6f01a7dd53d634dabe8b056c30f6760020e4d,keyword:M4,0,0,0,0,,,CANDIDATE_ONLY,P5-T03 same-variant association
2804,P5T01-C00047,data/FMOD_Voices/Voice_CN/Categorized/BL_GM/49657_ROUND_START_BL_GM.wav,sound,-140,821a810eb1340e82bf8b4afae56c0a700bf5abc37a00fcf969794091adc21f0c,keyword:M4,0,0,0,0,,,CANDIDATE_ONLY,P5-T03 same-variant association
2805,P5T01-C00048,data/FMOD_Voices/Voice_CN/Categorized/BL_GM/49860_ROUND_START_BL_GM.wav,sound,-140,1938731ee938938923ead9c18c7773339a3d6bf8ce98746ed632accd66404d36,keyword:M4,0,0,0,0,,,CANDIDATE_ONLY,P5-T03 same-variant association
2806,P5T01-C00049,data/FMOD_Voices/Voice_CN/Categorized/GR_GM/40174_ROUND_START_GR_GM.wav,sound,-140,bd52e36e5f94e96c8b17821b9fa0994d57d492f9147fdf7f24c36ce8f77b5e30,keyword:M4,0,0,0,0,,,CANDIDATE_ONLY,P5-T03 same-variant association
2807,P5T01-C00050,data/FMOD_Voices/Voice_CN/Categorized/GR_GM/40380_ROUND_START_GR_GM.wav,sound,-140,f3965d5ea27672d00b7a69744b11518c4ea75bc4c41bb2ab30cdcd9fd27405e2,keyword:M4,0,0,0,0,,,CANDIDATE_ONLY,P5-T03 same-variant association
2808,P5T01-C00051,data/FMOD_Voices/Voice_CN/Categorized/GR_GM/40586_ROUND_START_GR_GM.wav,sound,-140,9e8d6daf598cb5007852b1c969321d50b49a9b8aa872664a9558161107bcb095,keyword:M4,0,0,0,0,,,CANDIDATE_ONLY,P5-T03 same-variant association
2809,P5T01-C00052,data/FMOD_Voices/Voice_CN/Categorized/GR_GM/40876_ROUND_START_GR_GM.wav,sound,-140,c68e09918e4830b7270f9d31eb421ce950d625f7da24a0288842a05f7419cd12,keyword:M4,0,0,0,0,,,CANDIDATE_ONLY,P5-T03 same-variant association
2810,P5T01-C00053,data/FMOD_Voices/Voice_CN/Categorized/GR_GM/41082_ROUND_START_GR_GM.wav,sound,-140,7ca7c85209617be5ca6eb345fe16d7117f71a328d7e2cd87206fcc8bdbbc2fe3,keyword:M4,0,0,0,0,,,CANDIDATE_ONLY,P5-T03 same-variant association
2811,P5T01-C00054,data/FMOD_Voices/Voice_CN/Categorized/GR_GM/4108_ROUND_START_GR_GM.wav,sound,-140,ca360c10b2813bc63c7609d1587bcc600ec2c7b11713aee1e4e532b37b4c7b80,keyword:M4,0,0,0,0,,,CANDIDATE_ONLY,P5-T03 same-variant association
2812,P5T01-C00055,data/FMOD_Voices/Voice_CN/Categorized/GR_GM/41288_ROUND_START_GR_GM.wav,sound,-140,5ccc109d7f7aad9ae3e58e5eb9e42898e4affb8c85a1c1ed865d65677275d13a,keyword:M4,0,0,0,0,,,CANDIDATE_ONLY,P5-T03 same-variant association
2813,P5T01-C00056,data/FMOD_Voices/Voice_CN/Categorized/GR_GM/41491_ROUND_START_GR_GM.wav,sound,-140,c8446dbb319ff1c003ab65a1748de36ea93545e2d4e00bcecfdd8e14e719d756,keyword:M4,0,0,0,0,,,CANDIDATE_ONLY,P5-T03 same-variant association
2814,P5T01-C00057,data/FMOD_Voices/Voice_CN/Categorized/GR_GM/41692_ROUND_START_GR_GM.wav,sound,-140,5bafbbfc321b1861b48f21d0922f035468193f735dc4d73328cacd5dd8aea014,keyword:M4,0,0,0,0,,,CANDIDATE_ONLY,P5-T03 same-variant association
2815,P5T01-C00058,data/FMOD_Voices/Voice_CN/Categorized/GR_GM/41969_ROUND_START_GR_GM.wav,sound,-140,651181c18df69dfb7739a73f3481bd407b981d65e72f5ef9f5f4ccf9e907b7b9,keyword:M4,0,0,0,0,,,CANDIDATE_ONLY,P5-T03 same-variant association
2816,P5T01-C00059,data/FMOD_Voices/Voice_CN/Categorized/GR_GM/419_ROUND_START_GR_GM.wav,sound,-140,520b63bfe0bce4ebe51778f2602157e3690449550174175b34e3c929949a225c,keyword:M4,0,0,0,0,,,CANDIDATE_ONLY,P5-T03 same-variant association
2817,P5T01-C00060,data/FMOD_Voices/Voice_CN/Categorized/GR_GM/42171_ROUND_START_GR_GM.wav,sound,-140,c2995f56712376cd767eb9ba8800ae61f7235b0bb478f95fa4e6fa35207983f9,keyword:M4,0,0,0,0,,,CANDIDATE_ONLY,P5-T03 same-variant association
2818,P5T01-C00061,data/FMOD_Voices/Voice_CN/Categorized/GR_GM/42448_ROUND_START_GR_GM.wav,sound,-140,81d162762af19978451ed5d7fc272f1c6f1b9d412b6f2f795443c93ba9475c18,keyword:M4,0,0,0,0,,,CANDIDATE_ONLY,P5-T03 same-variant association
2819,P5T01-C00062,data/FMOD_Voices/Voice_CN/Categorized/GR_GM/42738_ROUND_START_GR_GM.wav,sound,-140,d4dddb6edcacc284b41ea99645688586ab70baef305a1ed12f517418e1087e64,keyword:M4,0,0,0,0,,,CANDIDATE_ONLY,P5-T03 same-variant association
2820,P5T01-C00063,data/FMOD_Voices/Voice_CN/Categorized/GR_GM/43028_ROUND_START_GR_GM.wav,sound,-140,059002493a8a8d9d396945a911ef288b2aa3806f04b89f945828f8d68748a36f,keyword:M4,0,0,0,0,,,CANDIDATE_ONLY,P5-T03 same-variant association
2821,P5T01-C00064,data/FMOD_Voices/Voice_CN/Categorized/GR_GM/43226_ROUND_START_GR_GM.wav,sound,-140,9785ebf92eb19334736c00f498380f393957b8f73fcbaae30df68d37e716fca6,keyword:M4,0,0,0,0,,,CANDIDATE_ONLY,P5-T03 same-variant association
2822,P5T01-C00065,data/FMOD_Voices/Voice_CN/Categorized/GR_GM/43427_ROUND_START_GR_GM.wav,sound,-140,724c1e5bbdbf7a37545bbd4f2da3a222d7b8cb91134163f7445c291f889d4dd7,keyword:M4,0,0,0,0,,,CANDIDATE_ONLY,P5-T03 same-variant association
2823,P5T01-C00066,data/FMOD_Voices/Voice_CN/Categorized/GR_GM/43628_ROUND_START_GR_GM.wav,sound,-140,2496b7a15d0309c699833fd9c7be2da0d39fd996eb3b3499e5a20578287b347f,keyword:M4,0,0,0,0,,,CANDIDATE_ONLY,P5-T03 same-variant association
2824,P5T01-C00067,data/FMOD_Voices/Voice_CN/Categorized/GR_GM/43830_ROUND_START_GR_GM.wav,sound,-140,2e658c6f1f2e936f6b867a4c0504802b760b492332e2a7a92b2401f22a968a2c,keyword:M4,0,0,0,0,,,CANDIDATE_ONLY,P5-T03 same-variant association
2825,P5T01-C00068,data/FMOD_Voices/Voice_CN/Categorized/GR_GM/4396_ROUND_START_GR_GM.wav,sound,-140,bdba9558fcc03ce3616fd7e96bc6878a48a819a3817e69db4feaa0550cd002eb,keyword:M4,0,0,0,0,,,CANDIDATE_ONLY,P5-T03 same-variant association
2826,P5T01-C00069,data/FMOD_Voices/Voice_CN/Categorized/GR_GM/44037_ROUND_START_GR_GM.wav,sound,-140,1034ef6ae8a2a7bfe126a3e941b019043ea068c0d9c7a3ff27fb918dfe5a957d,keyword:M4,0,0,0,0,,,CANDIDATE_ONLY,P5-T03 same-variant association
2827,P5T01-C00070,data/FMOD_Voices/Voice_CN/Categorized/GR_GM/44238_ROUND_START_GR_GM.wav,sound,-140,8a0278edd77fa80a0bd04cc02570f422adf1e27be625295a8eaf8e08d86d2910,keyword:M4,0,0,0,0,,,CANDIDATE_ONLY,P5-T03 same-variant association
2828,P5T01-C00071,data/FMOD_Voices/Voice_CN/Categorized/GR_GM/44515_ROUND_START_GR_GM.wav,sound,-140,0ae7d5c4d1aa1c39264abfc9685402d516f9942c4464bf92cab3ffa0d1450a7b,keyword:M4,0,0,0,0,,,CANDIDATE_ONLY,P5-T03 same-variant association
2829,P5T01-C00072,data/FMOD_Voices/Voice_CN/Categorized/GR_GM/44803_ROUND_START_GR_GM.wav,sound,-140,3344e798b6ddf22d812215f84f11d1b4299bc7741d851a921a5eeb5c547b4fcf,keyword:M4,0,0,0,0,,,CANDIDATE_ONLY,P5-T03 same-variant association
2830,P5T01-C00073,data/FMOD_Voices/Voice_CN/Categorized/GR_GM/45004_ROUND_START_GR_GM.wav,sound,-140,0bdabb0e2ebf0de93380db405ddb4f2fb7881cac744cf3780df811de4952fa70,keyword:M4,0,0,0,0,,,CANDIDATE_ONLY,P5-T03 same-variant association
2831,P5T01-C00074,data/FMOD_Voices/Voice_CN/Categorized/GR_GM/45295_ROUND_START_GR_GM.wav,sound,-140,b082469dc4c33592ab93bc31bef43ab5dcd32897ce3c4254b8e2cd9b97deb84b,keyword:M4,0,0,0,0,,,CANDIDATE_ONLY,P5-T03 same-variant association
2832,P5T01-C00075,data/FMOD_Voices/Voice_CN/Categorized/GR_GM/45882_ROUND_START_GR_GM.wav,sound,-140,b643344be82057bd9480cea8918803370a5654e7736202b2ca4e852afe682fb7,keyword:M4,0,0,0,0,,,CANDIDATE_ONLY,P5-T03 same-variant association
2833,P5T01-C00076,data/FMOD_Voices/Voice_CN/Categorized/GR_GM/45883_ROUND_START_GR_GM_EN.wav,sound,-140,5adcb6d1da9905c17bfd487f43bdde8857c30c02fe3723bbc5d795e57d04efa1,keyword:M4,0,0,0,0,,,CANDIDATE_ONLY,P5-T03 same-variant association
2834,P5T01-C00077,data/FMOD_Voices/Voice_CN/Categorized/GR_GM/4603_ROUND_START_GR_GM.wav,sound,-140,b282e73dd6a918e4e4655bd33057aa4b33b155f65c10bc09ddf9f8b8860a531a,keyword:M4,0,0,0,0,,,CANDIDATE_ONLY,P5-T03 same-variant association
2835,P5T01-C00078,data/FMOD_Voices/Voice_CN/Categorized/GR_GM/46097_ROUND_START_GR_GM.wav,sound,-140,99f083ba7f53bef4849e99ff4603a4e8421d160814328f3828cd82f05c91146c,keyword:M4,0,0,0,0,,,CANDIDATE_ONLY,P5-T03 same-variant association
2836,P5T01-C00079,data/FMOD_Voices/Voice_CN/Categorized/GR_GM/46383_ROUND_START_GR_GM.wav,sound,-140,9f83cc993c25f82630ea16242ca06b9459132f5825b06a793884bdc2ed1d5637,keyword:M4,0,0,0,0,,,CANDIDATE_ONLY,P5-T03 same-variant association
2837,P5T01-C00080,data/FMOD_Voices/Voice_CN/Categorized/GR_GM/46589_ROUND_START_GR_GM.wav,sound,-140,f39d29aaa99c1c0ba6169a6f165aa8f57248b9eb9f8ecb8bf1dec6433f37c487,keyword:M4,0,0,0,0,,,CANDIDATE_ONLY,P5-T03 same-variant association
2838,P5T01-C00081,data/FMOD_Voices/Voice_CN/Categorized/GR_GM/46793_ROUND_START_GR_GM.wav,sound,-140,25cf054e1549da7bc81676960ae0a439d3427b2e8aa05b432a476c420eff1769,keyword:M4,0,0,0,0,,,CANDIDATE_ONLY,P5-T03 same-variant association
2839,P5T01-C00082,data/FMOD_Voices/Voice_CN/Categorized/GR_GM/46999_ROUND_START_GR_GM.wav,sound,-140,bcfc526a5a0e1d51a009ee65beb9fcce5eece4060abe1f08658a1a30cc24633b,keyword:M4,0,0,0,0,,,CANDIDATE_ONLY,P5-T03 same-variant association
2840,P5T01-C00083,data/FMOD_Voices/Voice_CN/Categorized/GR_GM/47201_ROUND_START_GR_GM.wav,sound,-140,082eab4834d5cdf51e7b764c50d3c4a7fba762765fd69309fb127ebf221206c7,keyword:M4,0,0,0,0,,,CANDIDATE_ONLY,P5-T03 same-variant association
2841,P5T01-C00084,data/FMOD_Voices/Voice_CN/Categorized/GR_GM/47401_ROUND_START_GR_GM.wav,sound,-140,a41e3dea5c36a4d77a325ae1b81b26b4deddb40d110811c8623830ea641c921c,keyword:M4,0,0,0,0,,,CANDIDATE_ONLY,P5-T03 same-variant association
2842,P5T01-C00085,data/FMOD_Voices/Voice_CN/Categorized/GR_GM/47607_ROUND_START_GR_GM.wav,sound,-140,07cb6098297afac8abc935d076e9acc86fe7687ccd0c77e4682b80f7da59b85c,keyword:M4,0,0,0,0,,,CANDIDATE_ONLY,P5-T03 same-variant association
2843,P5T01-C00086,data/FMOD_Voices/Voice_CN/Categorized/GR_GM/47808_ROUND_START_GR_GM.wav,sound,-140,b6ee4cbc4db11f66eba3e2b70fe1ccf02876964889b469bb4c74389d43b87e9b,keyword:M4,0,0,0,0,,,CANDIDATE_ONLY,P5-T03 same-variant association
2844,P5T01-C00087,data/FMOD_Voices/Voice_CN/Categorized/GR_GM/48014_ROUND_START_GR_GM.wav,sound,-140,7d27e5297e566263509df9beeccd8bed9cda99ac90e6953d7ef74b1615c35f3e,keyword:M4,0,0,0,0,,,CANDIDATE_ONLY,P5-T03 same-variant association
2845,P5T01-C00088,data/FMOD_Voices/Voice_CN/Categorized/GR_GM/4804_ROUND_START_GR_GM.wav,sound,-140,30ceb117f4cf2c302f17fa180bd5971094cc7f890e7f0d41a9cb40e09ab757ee,keyword:M4,0,0,0,0,,,CANDIDATE_ONLY,P5-T03 same-variant association
2846,P5T01-C00089,data/FMOD_Voices/Voice_CN/Categorized/GR_GM/48292_ROUND_START_GR_GM.wav,sound,-140,641fc2f84353c1dc6973ca4267762dc132b6b01ccfa7ea285ed73525faa328e7,keyword:M4,0,0,0,0,,,CANDIDATE_ONLY,P5-T03 same-variant association
2847,P5T01-C00090,data/FMOD_Voices/Voice_CN/Categorized/GR_GM/48569_ROUND_START_GR_GM.wav,sound,-140,f75d88a6cab324605ba203b114edf3f1daa4237ba89a2c855ed4f6418bb7db4b,keyword:M4,0,0,0,0,,,CANDIDATE_ONLY,P5-T03 same-variant association
2848,P5T01-C00091,data/FMOD_Voices/Voice_CN/Categorized/GR_GM/48771_ROUND_START_GR_GM.wav,sound,-140,11c8e28b75b23af569c057f247759ccf1dd00834aa8fa15010937708e48c9f99,keyword:M4,0,0,0,0,,,CANDIDATE_ONLY,P5-T03 same-variant association
2849,P5T01-C00092,data/FMOD_Voices/Voice_CN/Categorized/GR_GM/48972_ROUND_START_GR_GM.wav,sound,-140,6bca7de87d77f6061fe2577a45a3e6e6f92eaf5b1cd9fe164148df711e98e506,keyword:M4,0,0,0,0,,,CANDIDATE_ONLY,P5-T03 same-variant association
2850,P5T01-C00093,data/FMOD_Voices/Voice_CN/Categorized/GR_GM/49257_ROUND_START_GR_GM.wav,sound,-140,1c780fd09636786e5814ae4932891b79f0574fd7cdd0a24ff6c701c446ddfd70,keyword:M4,0,0,0,0,,,CANDIDATE_ONLY,P5-T03 same-variant association
2851,P5T01-C00094,data/FMOD_Voices/Voice_CN/Categorized/GR_GM/49458_ROUND_START_GR_GM.wav,sound,-140,98d663882af14da4c9b76e2fd61bc5a5f83eae2be706509867d11bb4fa34399d,keyword:M4,0,0,0,0,,,CANDIDATE_ONLY,P5-T03 same-variant association
2852,P5T01-C00095,data/FMOD_Voices/Voice_CN/Categorized/GR_GM/49659_ROUND_START_GR_GM.wav,sound,-140,f43757de6bd60d63e936b97faaf5f53024a72a0d407a47bc9d3c986dde7c6529,keyword:M4,0,0,0,0,,,CANDIDATE_ONLY,P5-T03 same-variant association
2853,P5T01-C00096,data/FMOD_Voices/Voice_CN/Categorized/GR_GM/49862_ROUND_START_GR_GM.wav,sound,-140,4be5a3804f9efbe8f57f159b72c21f6684c73f61bdbeb90232d204e3d3b76e77,keyword:M4,0,0,0,0,,,CANDIDATE_ONLY,P5-T03 same-variant association
2854,P5T01-C00097,data/FMOD_Voices/Voice_CN/Categorized/SP_GM/4397_ROUND_START_SP_GM.wav,sound,-140,9a6fb57244ea1f91d8ebecc8e487f4e1626aaaeb08ff25e490f4abd737f3a2cf,keyword:M4,0,0,0,0,,,CANDIDATE_ONLY,P5-T03 same-variant association
2855,P5T01-C00099,data/Snd2_Cleaned/EnvSounds/GhostLaboratory/Ghost_Computer_Room_4_Generator.wav,sound,-140,f0eb510acf001067c6d73bf38932df7cdddebd87dc7294ffec17e7fd5178a0fb,keyword:M4,0,0,0,0,,,CANDIDATE_ONLY,P5-T03 same-variant association
2856,P5T01-C00100,data/Snd2_Cleaned/Mode/BossBattle/BossBattleVoRoom4.wav,sound,-140,01e6dd4fed8c6e37eca9f6e333ffa087c30b555d66ecd8fa9e9fb819d651c533,keyword:M4,0,0,0,0,,,CANDIDATE_ONLY,P5-T03 same-variant association
