# C1 split generated from B3 raw OBJ
mtllib PV-M4A1_S_BornBeast_Classic_weapon_only.mtl
o PV-M4A1_S_BornBeast_Classic_weapon_only
g PV-M4A1_S_BornBeast_Classic_M4A1S_BornBeast
usemtl M4A1S_BornBeast
v 1.3590370416641235 -7.3884291648864746 -0.12749099731445312
v 1.3590370416641235 -7.2727527618408203 -0.026210999116301537
v 1.8368539810180664 -4.2441349029541016 3.4749350547790527
v 1.7200369834899902 -4.3741822242736816 3.5501608848571777
v 1.7200380563735962 -4.3741822242736816 3.7862730026245117
v 1.8601800203323364 -4.1311130523681641 3.7862699031829834
v 1.6989929676055908 -3.6631569862365723 -0.2581770122051239
v 1.6989940404891968 -3.6631569862365723 0.086851999163627625
v 1.6989940404891968 -3.6207380294799805 0.0561630018055439
v 1.6989929676055908 -3.6207389831542969 -0.2581770122051239
v 1.8601729869842529 -4.1311168670654297 1.7470749616622925
v 1.8601670265197754 -4.1311211585998535 -0.20030400156974792
v 1.8368480205535889 -4.2441377639770508 1.7470749616622925
v 1.6989940404891968 -3.469926118850708 0.0561630018055439
v 1.6989940404891968 -3.3437380790710449 0.086851999163627625
v 1.6989940404891968 -3.3437380790710449 -0.15229900181293488
v 1.6989940404891968 -3.469926118850708 -0.15229800343513489
v 1.8036700487136841 -3.7236599922180176 -0.36701199412345886
v 1.8974390029907227 -3.8779990673065186 -0.36683499813079834
v 1.8601670265197754 -3.8905620574951172 -0.24779300391674042
v 1.8132189512252808 -4.2731800079345703 -0.1489270031452179
v 1.7431130409240723 -4.3741879463195801 0.17436400055885315
v 1.8036689758300781 -3.723660945892334 -0.58818298578262329
v 1.6498459577560425 -3.6337060928344727 -0.36701199412345886
v 1.6498459577560425 -3.6337060928344727 -0.58818298578262329
v 1.8974390029907227 -3.8779990673065186 -0.58818298578262329
v 1.9112019538879395 -4.0981349945068359 -0.33736398816108704
v 1.8885669708251953 -4.1818890571594238 -0.58818298578262329
v 1.6990000009536743 -3.3437340259552002 1.7470749616622925
v 1.6990000009536743 -3.6631529331207275 1.7470740079879761
v 1.6990050077438354 -3.6631500720977783 3.4749341011047363
v 1.6990059614181519 -3.3437309265136719 3.7862710952758789
v 1.8368539810180664 -4.3741822242736816 3.4749350547790527
v 1.8368539810180664 -4.6647567749023438 3.5995559692382812
v 1.1232650279998779 -4.6647567749023438 3.5995581150054932
v 1.1232650279998779 -4.6429538726806641 3.7763750553131104
v 1.8368550539016724 -4.6429538726806641 3.776371955871582
v 1.8368500471115112 -5.1304202079772949 2.0100810527801514
v 1.7431119680404663 -4.698390007019043 -0.22147999703884125
v 1.6385849714279175 -4.7407121658325195 -0.3987250030040741
v 1.4755090475082397 -4.7891521453857422 -0.42266499996185303
v 1.4755100011825562 -4.9263801574707031 -0.23445199429988861
v 1.6455060243606567 -4.8820228576660156 -0.19154499471187592
v 1.6271740198135376 -4.7162752151489258 -0.66878998279571533
v 1.4755079746246338 -4.768974781036377 -0.66878998279571533
v 1.7249939441680908 -4.5783438682556152 -0.66879099607467651
v 1.7431180477142334 -4.3741860389709473 1.6976029872894287
v 1.743116021156311 -5.0866751670837402 1.083791971206665
v 1.7922049760818481 -5.0866742134094238 1.6659899950027466
v 1.6850119829177856 -5.7240638732910156 1.9999070167541504
v 1.6850110292434692 -5.1304202079772949 1.9999059438705444
v 1.6140170097351074 -5.6683177947998047 0.85705900192260742
v 1.6140179634094238 -5.7346701622009277 0.94689100980758667
v 1.6140179634094238 -5.7984919548034668 0.95421397686004639
v 1.6140170097351074 -5.851830005645752 0.84722799062728882
v 1.6850110292434692 -5.1304202079772949 1.782696008682251
v 1.6850110292434692 -5.3628931045532227 1.9455109834671021
v 1.6850110292434692 -5.6271882057189941 1.9287780523300171
v 1.6086939573287964 -5.6271882057189941 1.9287780523300171
v 1.6086939573287964 -5.6982507705688477 1.8628040552139282
v 1.6850110292434692 -5.6982507705688477 1.8628040552139282
v 1.6522289514541626 -3.6949329376220703 -0.6687920093536377
v 1.7573980093002319 -3.7691190242767334 -0.66879302263259888
v 1.8474839925765991 -3.8997950553894043 -0.66879302263259888
v 1.8602319955825806 -4.1692662239074707 -0.6687920093536377
v 1.8816570043563843 -5.8378949165344238 2.0066969394683838
v 1.881661057472229 -5.5433969497680664 3.5934219360351562
v 1.6086939573287964 -5.8526620864868164 1.8989269733428955
v 1.6850110292434692 -5.8526620864868164 1.8989269733428955
v 1.6850110292434692 -5.8526620864868164 1.9765369892120361
v 1.6086950302124023 -5.8526620864868164 1.984449028968811
v 1.8368550539016724 -4.3939571380615234 3.7326829433441162
v 1.2424780130386353 -7.1202621459960938 -1.2151709794998169
v 1.4755090475082397 -3.3437380790710449 -0.31150001287460327
v 1.6179529428482056 -3.3437380790710449 -0.26822501420974731
v 1.3330650329589844 -3.3437380790710449 -0.26822501420974731
v 1.4755090475082397 -3.4699270725250244 -0.31150001287460327
v 1.6179529428482056 -3.469926118850708 -0.26822501420974731
v 1.2757060527801514 -3.6534030437469482 -0.12650899589061737
v 1.1232650279998779 -4.3939571380615234 3.7326850891113281
v 1.123263955116272 -4.3741822242736816 3.4749369621276855
v 1.2079110145568848 -5.0866751670837402 1.083793044090271
v 1.2079130411148071 -5.0866742134094238 1.6659920215606689
v 1.2364599704742432 -5.4264130592346191 0.78961402177810669
v 1.2079110145568848 -5.1880221366882324 0.91498398780822754
v 1.3370089530944824 -5.851830005645752 0.84722799062728882
v 1.3370089530944824 -5.6683177947998047 0.8570600152015686
v 1.1184649467468262 -5.8378949165344238 1.989035964012146
v 1.1184699535369873 -5.5433969497680664 3.5934240818023682
v 1.1777950525283813 -7.3157610893249512 -0.42667898535728455
v 1.8601729869842529 -3.8905580043792725 1.7470740079879761
v 1.2520380020141602 -3.3437309265136719 3.7862720489501953
v 1.2520309686660767 -3.3437340259552002 1.7644519805908203
v 1.1632790565490723 -4.3741822242736816 3.7862739562988281
v 1.2310060262680054 -4.3741822242736816 3.5501620769500732
v 1.123263955116272 -4.3252878189086914 3.4749369621276855
v 1.085237979888916 -4.2020702362060547 3.7862730026245117
v 1.2520259618759155 -3.6102390289306641 0.047511998564004898
v 1.185107946395874 -4.3053731918334961 0.0180479995906353
v 1.0746910572052002 -4.2124948501586914 -0.16139300167560577
v 1.1232589483261108 -4.3000950813293457 1.7470769882202148
v 1.2520250082015991 -3.3437380790710449 -0.15229800343513489
v 1.2520259618759155 -3.3437380790710449 0.086852997541427612
v 1.2520259618759155 -3.469926118850708 0.056164998561143875
v 1.2520250082015991 -3.469926118850708 -0.1522970050573349
v 1.6989940404891968 -3.5902979373931885 0.086851999163627625
v 1.6989940404891968 -3.5003659725189209 0.086851999163627625
v 1.2520259618759155 -3.4917879104614258 0.086854003369808197
v 1.2520259618759155 -3.5504519939422607 0.086854003369808197
v 1.2008659839630127 -3.6921870708465576 -0.1717119961977005
v 1.0595220327377319 -3.8842570781707764 -0.36072200536727905
v 1.1473469734191895 -3.723660945892334 -0.36700999736785889
v 1.207908034324646 -4.3741879463195801 0.17436599731445312
v 1.1107800006866455 -4.3022189140319824 -0.17680999636650085
v 1.3011709451675415 -3.6337060928344727 -0.36701101064682007
v 1.1473469734191895 -3.723660945892334 -0.58818197250366211
v 1.3011699914932251 -3.6337060928344727 -0.58818197250366211
v 1.0535769462585449 -3.8779990673065186 -0.58818197250366211
v 1.0398149490356445 -4.0981349945068359 -0.33736199140548706
v 1.0850839614868164 -4.2656421661376953 -0.5881810188293457
v 1.0398149490356445 -4.0981349945068359 -0.5881810188293457
v 1.2079130411148071 -4.3741860389709473 1.6976050138473511
v 1.1232589483261108 -4.8930258750915527 1.7470790147781372
v 1.2079130411148071 -4.9172840118408203 1.6976059675216675
v 1.2520309686660767 -3.5787959098815918 1.7644519805908203
v 1.2520380020141602 -3.5787920951843262 3.7862720489501953
v 1.0815860033035278 -3.8021309375762939 3.7862730026245117
v 1.1232600212097168 -4.9878230094909668 1.9648710489273071
v 1.1232600212097168 -5.1304202079772949 1.9924190044403076
v 1.2079139947891235 -5.1304202079772949 1.9866670370101929
v 1.1232589483261108 -4.9878230094909668 1.8169790506362915
v 1.2079139947891235 -5.0322332382202148 1.7826969623565674
v 1.2079139947891235 -5.0322332382202148 1.9425920248031616
v 1.20790696144104 -4.6156601905822754 -0.34827500581741333
v 1.207908034324646 -4.7811222076416016 -0.094681002199649811
v 1.2079139947891235 -5.1304202079772949 1.7826980352401733
v 1.3124330043792725 -4.7407121658325195 -0.39872398972511292
v 1.3055139780044556 -4.8820228576660156 -0.19154399633407593
v 1.3238420486450195 -4.7162752151489258 -0.66878902912139893
v 1.2943999767303467 -5.1241788864135742 -0.074766002595424652
v 1.207908034324646 -5.1241779327392578 0.078000999987125397
v 1.2260220050811768 -4.5783448219299316 -0.66878902912139893
v 1.2660219669342041 -5.7240638732910156 1.9866679906845093
v 1.2660219669342041 -5.1304202079772949 1.9866670370101929
v 1.2660219669342041 -5.1304202079772949 1.7826980352401733
v 1.2474249601364136 -5.4101171493530273 -0.026054000481963158
v 1.2079099416732788 -5.851830005645752 0.67727702856063843
v 1.2079099416732788 -5.1285290718078613 0.68491101264953613
v 1.2660180330276489 -5.851830005645752 0.67727702856063843
v 1.2660189867019653 -5.851830005645752 0.84722900390625
v 1.2660189867019653 -5.6683177947998047 0.8570600152015686
v 1.2660189867019653 -5.7346701622009277 0.94689202308654785
v 1.2660189867019653 -5.7984919548034668 0.95421499013900757
v 1.3370100259780884 -5.7346701622009277 0.94689202308654785
v 1.3370100259780884 -5.7984919548034668 0.95421499013900757
v 1.2660219669342041 -5.3628931045532227 1.9455130100250244
v 1.2660219669342041 -5.6982507705688477 1.862805962562561
v 1.2660219669342041 -5.6271882057189941 1.9287790060043335
v 1.342339038848877 -5.6982507705688477 1.862805962562561
v 1.342339038848877 -5.6271882057189941 1.9287790060043335
v 1.1936180591583252 -3.7691199779510498 -0.66878998279571533
v 1.3027880191802979 -3.6925590038299561 -0.66879099607467651
v 1.1035310029983521 -3.8997960090637207 -0.66878998279571533
v 1.111685037612915 -4.2464637756347656 -0.66878998279571533
v 1.0698829889297485 -4.0920701026916504 -0.66878998279571533
v 1.2079099416732788 -5.8518309593200684 0.42318600416183472
v 1.1670509576797485 -7.1958789825439453 -0.92102897167205811
v 1.2079089879989624 -6.0365438461303711 0.3175010085105896
v 1.342339038848877 -5.8526620864868164 1.8989280462265015
v 1.2660219669342041 -5.8526620864868164 1.8989280462265015
v 1.2660219669342041 -5.8526620864868164 1.9864599704742432
v 1.342339038848877 -5.8526620864868164 1.984449028968811
v 1.2024420499801636 -7.1309380531311035 -0.24663400650024414
v 1.2079089879989624 -6.3732161521911621 0.12487199902534485
v 1.6990059614181519 -3.6631500720977783 3.7862710952758789
v 1.3330650329589844 -3.469926118850708 -0.26822400093078613
v 1.4755079746246338 -3.6567220687866211 -0.6687920093536377
v 1.0249259471893311 -3.9537649154663086 3.7862730026245117
v 1.843000054359436 -3.8905549049377441 3.4749341011047363
v 1.8601800203323364 -3.8905549049377441 3.7862699031829834
v 1.8601789474487305 -4.1311140060424805 3.4749350547790527
v 1.2520350217819214 -3.578794002532959 2.8714170455932617
v 1.1640069484710693 -3.6708979606628418 2.9687778949737549
v 1.0249229669570923 -3.9537661075592041 3.0730869770050049
v 1.0398010015487671 -4.0886697769165039 3.0578310489654541
v 1.1232630014419556 -4.3252902030944824 2.8973040580749512
v 1.1511720418930054 -4.3414149284362793 1.2284660339355469
v 1.2520300149917603 -3.5893919467926025 1.3198800086975098
v 1.0721199512481689 -3.801598072052002 1.3559210300445557
v 1.0384210348129272 -3.8789479732513428 1.3586430549621582
v 1.0337309837341309 -3.8976318836212158 1.3392770290374756
v 1.0395139455795288 -3.8767960071563721 1.3209869861602783
v 1.1761699914932251 -3.6725668907165527 1.2081209421157837
v 1.2520289421081543 -3.5935559272766113 1.152008056640625
v 1.2520289421081543 -3.5941939353942871 1.1263079643249512
v 1.0700609683990479 -3.8014121055603027 1.1542140245437622
v 1.0292949676513672 -3.9201529026031494 1.1676369905471802
v 1.084293007850647 -3.8046989440917969 1.192952036857605
v 1.087988018989563 -3.7938950061798096 1.216621994972229
v 1.0822410583496094 -3.8090019226074219 1.2413680553436279
v 1.0326759815216064 -3.9532639980316162 1.286221981048584
v 1.0683729648590088 -4.2131171226501465 1.2596900463104248
v 1.1020760536193848 -4.2445569038391113 1.2374629974365234
v 1.1309289932250977 -3.7808599472045898 -0.24254000186920166
v 1.1747820377349854 -3.6707398891448975 3.7862720489501953
v 1.083035945892334 -3.79864501953125 3.0423820018768311
v 1.1792750358581543 -3.6669719219207764 1.3388220071792603
v 1.0761059522628784 -3.7938010692596436 1.2765400409698486
v 1.1656980514526367 -3.6672260761260986 1.1399699449539185
v 1.0410289764404297 -4.0870661735534668 3.7862730026245117
v 1.0258170366287231 -4.0878968238830566 -0.207955002784729
v 1.0717649459838867 -4.2048320770263672 3.0129849910736084
v 1.0258389711380005 -4.0871171951293945 1.2914140224456787
v 1.0258359909057617 -4.0871920585632324 1.1384810209274292
v 1.0702879428863525 -4.2130517959594727 1.0962259769439697
v 1.1409549713134766 -4.3018450736999512 1.0674090385437012
v 1.091791033744812 -3.9037539958953857 -0.3143799901008606
v 1.2082740068435669 -4.3000950813293457 1.7470769882202148
v 1.312006950378418 -3.5957438945770264 1.7644519805908203
v 1.2952899932861328 -3.6024100780487061 2.8714160919189453
v 1.2322690486907959 -3.6708979606628418 2.9572548866271973
v 1.0652669668197632 -3.9537661075592041 3.0730869770050049
v 1.0830559730529785 -4.0886697769165039 3.0578310489654541
v 1.2408690452575684 -4.3064098358154297 2.8973040580749512
v 1.1536959409713745 -4.2753429412841797 1.2820110321044922
v 1.3083620071411133 -3.6063399314880371 1.3198800086975098
v 1.1102559566497803 -3.801598072052002 1.3585159778594971
v 1.0669610500335693 -3.8789479732513428 1.3586430549621582
v 1.0566890239715576 -3.8976318836212158 1.3392759561538696
v 1.0624710321426392 -3.8767960071563721 1.3209869861602783
v 1.2065149545669556 -3.6725668907165527 1.2008609771728516
v 1.2952840328216553 -3.5935559272766113 1.152006983757019
v 1.2952840328216553 -3.5941939353942871 1.1263079643249512
v 1.1133160591125488 -3.8014121055603027 1.1542140245437622
v 1.0724400281906128 -3.8959701061248779 1.1704189777374268
v 1.1118030548095703 -3.8046989440917969 1.192952036857605
v 1.1154990196228027 -3.7938950061798096 1.216621994972229
v 1.1097509860992432 -3.8090019226074219 1.2413680553436279
v 1.0658140182495117 -3.9532639980316162 1.286221981048584
v 1.1015110015869141 -4.2131171226501465 1.2596900463104248
v 1.1453310251235962 -4.2445569038391113 1.2374629974365234
v 1.1233789920806885 -3.79864501953125 3.037161111831665
v 1.2174110412597656 -3.6669719219207764 1.3388220071792603
v 1.1064499616622925 -3.7938010692596436 1.2765400409698486
v 1.2089530229568481 -3.6672260761260986 1.1399699449539185
v 1.1150200366973877 -4.2048320770263672 3.0129849910736084
v 1.0589770078659058 -4.0871171951293945 1.2914140224456787
v 1.1104409694671631 -4.2753429412841797 1.2820110321044922
v 1.1685479879379272 -3.6825299263000488 0.043898001313209534
v 1.0775409936904907 -3.7998170852661133 -0.038988001644611359
v 1.0312080383300781 -3.9179270267486572 -0.12546400725841522
v 1.5837140083312988 -3.6207380294799805 0.0561630018055439
v 1.4839049577713013 -3.6376209259033203 -0.25817599892616272
v 1.2380859851837158 -3.6193339824676514 -0.027557000517845154
v 1.4148039817810059 -3.5797750949859619 0.072397999465465546
v 1.0121129751205444 -3.9178340435028076 -0.23444700241088867
v 1.0501459836959839 -3.7710731029510498 -0.16049499809741974
v 1.1337449550628662 -3.6719489097595215 -0.089192003011703491
v 1.5919970273971558 -7.3884291648864746 -0.12749199569225311
v 1.5920089483261108 -7.2727527618408203 -0.026210999116301537
v 1.4755229949951172 -5.1241788864135742 -0.15133699774742126
v 1.4755229949951172 -5.3535561561584473 -0.17473599314689636
v 1.4755229949951172 -5.851830005645752 0.57034397125244141
v 1.4755229949951172 -7.0932440757751465 -1.3206130266189575
v 1.4755229949951172 -7.1273431777954102 -0.11744499951601028
v 1.4755229949951172 -6.2760062217712402 0.34161800146102905
v 1.7085520029067993 -7.1202621459960938 -1.2151720523834229
v 1.7145760059356689 -5.4264130592346191 0.78961402177810669
v 1.7431260347366333 -5.1880221366882324 0.91498297452926636
v 1.773237943649292 -7.3157610893249512 -0.42667999863624573
v 1.6566339731216431 -5.1241779327392578 -0.07476700097322464
v 1.7431249618530273 -5.1241779327392578 0.078000001609325409
v 1.7036210298538208 -5.4101171493530273 -0.026054000481963158
v 1.7431260347366333 -5.851830005645752 0.67727702856063843
v 1.7431260347366333 -5.1285290718078613 0.68490999937057495
v 1.6850179433822632 -5.851830005645752 0.67727601528167725
v 1.6850179433822632 -5.851830005645752 0.84722799062728882
v 1.6850179433822632 -5.6683177947998047 0.8570600152015686
v 1.6850169897079468 -5.7346701622009277 0.94689100980758667
v 1.6850179433822632 -5.7984919548034668 0.95421397686004639
v 1.7431260347366333 -5.8518309593200684 0.42318499088287354
v 1.7839800119400024 -7.1958789825439453 -0.92102998495101929
v 1.743137001991272 -6.2048788070678711 0.22118699550628662
v 1.7486029863357544 -7.1309380531311035 -0.24663400650024414
v 1.4755229949951172 -7.2727527618408203 -0.026210999116301537
v 1.4755229949951172 -7.3884291648864746 -0.12749199569225311
v 1.172173023223877 -4.576653003692627 1.1988309621810913
v 1.172173023223877 -4.4072351455688477 0.68652802705764771
v 1.172173023223877 -4.4072351455688477 1.1988309621810913
v 1.172173023223877 -4.576653003692627 0.68652802705764771
v 1.2071419954299927 -4.6053009033203125 1.1988309621810913
v 1.2071419954299927 -4.3652420043945312 0.68652802705764771
v 1.2071419954299927 -4.3652420043945312 1.1988309621810913
v 1.2071419954299927 -4.6053009033203125 0.68652802705764771
v 1.0286040306091309 -4.5354709625244141 1.8132790327072144
v 1.125391960144043 -4.5359621047973633 1.8132790327072144
v 1.125391960144043 -4.5359621047973633 1.7549270391464233
v 1.0286040306091309 -4.5354709625244141 1.7549270391464233
v 1.125391960144043 -4.3952040672302246 1.7549270391464233
v 1.125391960144043 -4.3952040672302246 1.8132790327072144
v 1.0286040306091309 -4.3950238227844238 1.8132790327072144
v 1.0286029577255249 -4.3950238227844238 1.7549279928207397
v 1.0045479536056519 -4.4652481079101562 1.7549279928207397
v 1.0045479536056519 -4.4652471542358398 1.8132790327072144
v 2.2303829193115234 -4.1919608116149902 -0.22269600629806519
v 2.1086740493774414 -4.2446761131286621 -0.26095399260520935
v 1.7745579481124878 -4.2424588203430176 0.6772729754447937
v 1.7902070283889771 -4.2199511528015137 0.91497999429702759
v 2.2042279243469238 -3.8533151149749756 -0.23923599720001221
v 1.7377409934997559 -3.7303769588470459 -0.36819100379943848
v 1.8005290031433105 -4.174281120300293 -0.31217899918556213
v 1.7833919525146484 -3.8149940967559814 0.67510098218917847
v 2.2869439125061035 -3.9611101150512695 -0.20477299392223358
v 2.2872860431671143 -4.0829000473022461 -0.20481699705123901
v 1.8454170227050781 -4.1043071746826172 1.0837899446487427
v 1.8461459875106812 -3.9554541110992432 1.0837889909744263
v 1.8357909917831421 -3.8655030727386475 0.91497999429702759
v 1.8263139724731445 -4.0815181732177734 1.6998469829559326
v 1.8263189792633057 -4.0815138816833496 3.4000120162963867
v 1.7371519804000854 -3.7487390041351318 3.4000120162963867
v 1.7371469736099243 -3.7487421035766602 1.6998469829559326
v 1.6917510032653809 -3.5517969131469727 1.8346589803695679
v 1.7616629600524902 -3.6999959945678711 1.9506709575653076
v 2.2760200500488281 -3.6510179042816162 1.5008620023727417
v 2.2760200500488281 -3.6510179042816162 1.4565680027008057
v 2.2785189151763916 -3.8311049938201904 1.4565680027008057
v 2.2785189151763916 -3.8311049938201904 1.5008620023727417
v 1.9271069765090942 -4.1540460586547852 1.8117549419403076
v 1.9549050331115723 -3.9835031032562256 1.8117549419403076
v 1.9630060195922852 -3.9844779968261719 1.7432249784469604
v 1.9271069765090942 -4.1540460586547852 1.7441740036010742
v 1.8121869564056396 -3.7963860034942627 1.8430110216140747
v 1.897400975227356 -3.7507669925689697 1.8076679706573486
v 1.6892479658126831 -4.1553850173950195 1.7432270050048828
v 1.6892470121383667 -4.1553859710693359 1.3332569599151611
v 1.6917489767074585 -3.5406699180603027 1.3689550161361694
v 1.7833069562911987 -4.3741860389709473 1.7432270050048828
v 1.8347270488739014 -4.1995711326599121 1.81386399269104
v 1.8347270488739014 -4.1995711326599121 1.7432260513305664
v 1.847108006477356 -3.8946149349212646 3.4811470508575439
v 1.847108006477356 -3.8946149349212646 3.4043240547180176
v 1.8614530563354492 -4.0421819686889648 3.4043240547180176
v 1.8614530563354492 -4.0421819686889648 3.4811470508575439
v 1.8347320556640625 -4.1995677947998047 3.4064691066741943
v 1.8614480495452881 -4.0421848297119141 1.8242670297622681
v 1.924981951713562 -4.0915541648864746 3.4064691066741943
v 1.924981951713562 -4.0915532112121582 3.4811470508575439
v 1.9179509878158569 -4.1617388725280762 3.4811470508575439
v 1.8347320556640625 -4.1995677947998047 3.4811470508575439
v 1.9179509878158569 -4.1617388725280762 3.4064691066741943
v 1.691756010055542 -3.5517940521240234 3.4811460971832275
v 1.7721600532531738 -3.7238810062408447 3.3164820671081543
v 1.7209320068359375 -3.8264749050140381 3.2663049697875977
v 1.7157399654388428 -3.7951529026031494 1.9817110300064087
v 1.7660050392150879 -3.9774680137634277 3.3139679431915283
v 1.7460570335388184 -3.9239459037780762 1.9051530361175537
v 1.7833119630813599 -4.374183177947998 3.4811480045318604
v 1.8035659790039062 -4.045252799987793 3.2341170310974121
v 1.8035620450973511 -4.045255184173584 1.9944779872894287
v 1.0661920309066772 -4.7560667991638184 2.2589540481567383
v 1.0661909580230713 -4.7560667991638184 1.8954609632492065
v 1.1054220199584961 -4.3206381797790527 2.2589540481567383
v 1.0661920309066772 -4.6238160133361816 2.2589540481567383
v 1.1054220199584961 -4.5628771781921387 1.8954609632492065
v 1.1054220199584961 -4.5628771781921387 2.2589540481567383
v 1.0661909580230713 -4.6238160133361816 1.8954609632492065
v 1.1054220199584961 -4.3206381797790527 1.8954609632492065
v 1.1528589725494385 -4.7560667991638184 2.2589540481567383
v 1.1528589725494385 -4.7560667991638184 1.8954609632492065
v 1.1560920476913452 -4.2790389060974121 2.2589540481567383
v 1.1529849767684937 -4.593346118927002 2.2589540481567383
v 1.1529849767684937 -4.593346118927002 1.8954609632492065
v 1.1560920476913452 -4.2790389060974121 1.8954609632492065
v 0.96770799160003662 -4.2610630989074707 1.9623329639434814
v 0.96770799160003662 -4.2610630989074707 1.7586159706115723
v 0.96770799160003662 -4.0787711143493652 1.9623329639434814
v 0.96770799160003662 -4.0787711143493652 1.7586159706115723
v 0.96770799160003662 -4.0294151306152344 1.9053560495376587
v 0.96770799160003662 -4.3243269920349121 1.9066020250320435
v 1.0357110500335693 -4.2610630989074707 1.9623329639434814
v 1.0357110500335693 -4.2610630989074707 1.7586159706115723
v 1.0357110500335693 -4.0787711143493652 1.9623329639434814
v 1.0357110500335693 -4.0787711143493652 1.7586159706115723
v 1.0357110500335693 -4.0294151306152344 1.9053560495376587
v 1.0357110500335693 -4.3236770629882812 1.8139890432357788
v 0.96770799160003662 -4.0289139747619629 1.8180019855499268
v 0.96770799160003662 -4.3236770629882812 1.8139890432357788
v 1.0357110500335693 -4.0289139747619629 1.8180019855499268
v 1.0357110500335693 -4.3243269920349121 1.9066020250320435
v 0.96770799160003662 -4.5069417953491211 1.9066020250320435
v 1.0357110500335693 -4.5062918663024902 1.8139890432357788
v 0.96770799160003662 -4.5062918663024902 1.8139890432357788
v 1.0357110500335693 -4.5069417953491211 1.9066020250320435
v 1.0774389505386353 -4.623115062713623 1.9066020250320435
v 1.1145679950714111 -4.5916838645935059 1.8139890432357788
v 1.0771440267562866 -4.6225371360778809 1.8139890432357788
v 1.1148630380630493 -4.5922632217407227 1.9066020250320435
v 1.0774389505386353 -4.7377758026123047 1.9066020250320435
v 1.1145679950714111 -4.7387690544128418 1.8139890432357788
v 1.0771440267562866 -4.7371978759765625 1.8139890432357788
v 1.1148630380630493 -4.7393479347229004 1.9066020250320435
v 1.2227239608764648 -4.4286379814147949 3.674875020980835
v 1.2227239608764648 -4.4286379814147949 1.0608069896697998
v 1.2227239608764648 -4.2719488143920898 3.674875020980835
v 1.2958869934082031 -4.1987872123718262 1.0608069896697998
v 1.6685760021209717 -4.1987872123718262 3.674875020980835
v 1.6685760021209717 -4.1987872123718262 1.0608069896697998
v 1.2958869934082031 -4.1987872123718262 3.674875020980835
v 1.2227239608764648 -4.2719488143920898 1.0608069896697998
v 1.0906209945678711 -4.7560667991638184 1.8176989555358887
v 1.0906209945678711 -4.7560667991638184 1.6488800048828125
v 1.1504429578781128 -4.3780522346496582 1.8176980018615723
v 1.0906209945678711 -4.6110100746154785 1.8176989555358887
v 1.142212986946106 -4.5500707626342773 1.6488800048828125
v 1.142212986946106 -4.5500707626342773 1.8176989555358887
v 1.0906209945678711 -4.6110100746154785 1.6488800048828125
v 1.1504429578781128 -4.3780522346496582 1.6488800048828125
v 1.2634769678115845 -4.7560667991638184 1.8176989555358887
v 1.2634760141372681 -4.7560667991638184 1.6488800048828125
v 1.2667089700698853 -4.368919849395752 1.8176989555358887
v 1.2636029720306396 -4.5805411338806152 1.8176989555358887
v 1.2636029720306396 -4.5805411338806152 1.6488800048828125
v 1.2667089700698853 -4.368919849395752 1.6488800048828125
v 1.4354469776153564 -5.7313938140869141 1.1916569471359253
v 1.4354469776153564 -5.5605521202087402 1.0704740285873413
v 1.4354469776153564 -5.5390758514404297 1.1704670190811157
v 1.4354480504989624 -5.7313938140869141 1.2652479410171509
v 1.515375018119812 -5.7313938140869141 1.1916569471359253
v 1.515375018119812 -5.7313938140869141 1.2652479410171509
v 1.4354469776153564 -5.3602151870727539 1.1812119483947754
v 1.4354480504989624 -5.0731778144836426 1.3563400506973267
v 1.515375018119812 -5.0731778144836426 1.3563400506973267
v 1.4354469776153564 -5.3085980415344238 1.0530060529708862
v 1.4354469776153564 -5.073178768157959 1.0587290525436401
v 1.515375018119812 -5.5605521202087402 1.0704740285873413
v 1.515375018119812 -5.5390758514404297 1.1704670190811157
v 1.515375018119812 -5.3602151870727539 1.1812119483947754
v 1.515375018119812 -5.3085980415344238 1.0530060529708862
v 1.515375018119812 -5.073178768157959 1.0587290525436401
v 1.138700008392334 -4.8212399482727051 0.67691701650619507
v 1.138700008392334 -4.8212399482727051 0.37046700716018677
v 1.138700008392334 -4.5988178253173828 0.67691701650619507
v 1.138700008392334 -4.5988178253173828 0.37046700716018677
v 1.138700008392334 -4.4720330238342285 0.55236399173736572
v 1.138700008392334 -4.4720330238342285 0.49502000212669373
v 1.138700008392334 -4.9470582008361816 0.59897899627685547
v 1.138700008392334 -4.9470582008361816 0.44840601086616516
v 1.2142829895019531 -4.8212399482727051 0.67691701650619507
v 1.2142829895019531 -4.8212399482727051 0.37046700716018677
v 1.2142829895019531 -4.5988178253173828 0.67691701650619507
v 1.2142829895019531 -4.5988178253173828 0.37046700716018677
v 1.2142829895019531 -4.4720330238342285 0.55236399173736572
v 1.2142829895019531 -4.4720330238342285 0.49502000212669373
v 1.2142829895019531 -4.9470582008361816 0.59897899627685547
v 1.2142829895019531 -4.9470582008361816 0.44840601086616516
v 1.1060730218887329 -4.9381828308105469 0.47849398851394653
v 1.1060730218887329 -4.9381828308105469 0.5681840181350708
v 1.1060730218887329 -5.1930022239685059 0.56812798976898193
v 1.1060730218887329 -5.1930022239685059 0.47856599092483521
v 1.2087099552154541 -4.7408747673034668 0.47849398851394653
v 1.2087099552154541 -4.7408747673034668 0.5681840181350708
v 1.2087140083312988 -5.1930022239685059 0.56812798976898193
v 1.2087140083312988 -5.1930022239685059 0.47856599092483521
v 1.3717880249023438 -3.1017119884490967 8.6641769409179688
v 1.3842339515686035 -2.9218409061431885 8.7222280502319336
v 1.3156180381774902 -3.8918108940124512 8.7222299575805664
v 1.3156169652938843 -3.8918099403381348 8.6641788482666016
v 1.3779890537261963 -2.8461990356445312 8.3937339782714844
v 1.4094489812850952 -2.840796947479248 8.393733024597168
v 1.3820890188217163 -2.7710421085357666 8.5308475494384766
v 1.3531579971313477 -2.780479907989502 8.5308494567871094
v 1.3820890188217163 -2.7710421085357666 8.6264266967773438
v 1.4094489812850952 -2.840796947479248 8.7222270965576172
v 1.3779909610748291 -2.8461980819702148 8.7222270965576172
v 1.3531589508056641 -2.780479907989502 8.6264266967773438
v 1.3717859983444214 -3.1017119884490967 8.3611221313476562
v 1.3369369506835938 -3.6007471084594727 7.9474830627441406
v 1.3384499549865723 -3.5626370906829834 7.8202629089355469
v 1.3842320442199707 -2.921842098236084 8.3378229141235352
v 1.3937720060348511 -3.8263490200042725 8.6032304763793945
v 1.3946210145950317 -3.6548349857330322 8.6032285690307617
v 1.3966360092163086 -3.3759191036224365 8.6032285690307617
v 1.3952840566635132 -3.3397810459136963 8.4905185699462891
v 1.3717869520187378 -3.1017119884490967 8.4876289367675781
v 1.5730910301208496 -3.6548349857330322 8.6032276153564453
v 1.5401339530944824 -2.9331889152526855 8.3378229141235352
v 1.5401350259780884 -2.9331879615783691 8.7222280502319336
v 1.5857779979705811 -2.7710421085357666 8.5308475494384766
v 1.5584169626235962 -2.840796947479248 8.393733024597168
v 1.5584180355072021 -2.840796947479248 8.7222280502319336
v 1.5857779979705811 -2.7710409164428711 8.6264266967773438
v 1.595924973487854 -3.1017119884490967 8.6641769409179688
v 1.5834790468215942 -2.9218409061431885 8.7222270965576172
v 1.6520960330963135 -3.8918108940124512 8.7222299575805664
v 1.6520960330963135 -3.8918099403381348 8.6641788482666016
v 1.5897220373153687 -2.8461990356445312 8.3937339782714844
v 1.6145540475845337 -2.780479907989502 8.5308475494384766
v 1.5897220373153687 -2.8461980819702148 8.7222270965576172
v 1.6145540475845337 -2.780479907989502 8.6264266967773438
v 1.595924973487854 -3.1017119884490967 8.3611221313476562
v 1.6307740211486816 -3.6007471084594727 7.9474830627441406
v 1.6292599439620972 -3.5626370906829834 7.8202619552612305
v 1.5834790468215942 -2.921842098236084 8.3378229141235352
v 1.5710769891738892 -3.3759191036224365 8.6032276153564453
v 1.5724279880523682 -3.3397810459136963 8.4905176162719727
v 1.595924973487854 -3.1017119884490967 8.4876279830932617
v 1.4253129959106445 -2.9331889152526855 8.3378229141235352
v 1.4253129959106445 -2.9331879615783691 8.7222280502319336
v 1.4839030504226685 -3.8660581111907959 8.2076740264892578
v 1.6195080280303955 -3.9437780380249023 8.2076730728149414
v 1.483909010887146 -3.866055965423584 9.7747859954833984
v 1.6195130348205566 -3.943774938583374 9.7747859954833984
v 1.6195080280303955 -4.1408219337463379 8.2076740264892578
v 1.6195130348205566 -4.1408200263977051 9.7747859954833984
v 1.4839040040969849 -4.2185420989990234 8.2076740264892578
v 1.483909010887146 -4.2185401916503906 9.7747859954833984
v 1.3803110122680664 -4.1848831176757812 8.2076740264892578
v 1.3803160190582275 -4.1848797798156738 9.7747859954833984
v 1.3162870407104492 -4.0967621803283691 8.2076740264892578
v 1.3162920475006104 -4.0967588424682617 9.7747859954833984
v 1.3162870407104492 -3.9878380298614502 8.2076740264892578
v 1.3162920475006104 -3.9878349304199219 9.7747859954833984
v 1.3803110122680664 -3.8997180461883545 8.2076740264892578
v 1.3803160190582275 -3.8997149467468262 9.7747859954833984
v 1.595818042755127 -3.9609909057617188 9.814173698425293
v 1.4839110374450684 -3.8995599746704102 10.426793098449707
v 1.483909010887146 -3.8968520164489746 9.814173698425293
v 1.5937349796295166 -3.9625039100646973 10.426793098449707
v 1.595818042755127 -4.1236038208007812 9.814173698425293
v 1.5937349796295166 -4.1220879554748535 10.426793098449707
v 1.483909010887146 -4.1877431869506836 9.814173698425293
v 1.4839110374450684 -4.1850318908691406 10.426793098449707
v 1.3984179496765137 -4.1599650382995605 9.814173698425293
v 1.4000129699707031 -4.1577720642089844 10.426794052124023
v 1.3455820083618164 -4.0872430801391602 9.814173698425293
v 1.348160982131958 -4.0864038467407227 10.426794052124023
v 1.3455820083618164 -3.9973530769348145 9.814173698425293
v 1.348160982131958 -3.9981880187988281 10.426794052124023
v 1.3984179496765137 -3.9246299266815186 9.814173698425293
v 1.4000129699707031 -3.9268200397491455 10.426794052124023
v 0.93978399038314819 -3.9456110000610352 3.8349149227142334
v 0.97808700799942017 -3.8026630878448486 3.8349149227142334
v 1.1519229412078857 -3.5781750679016113 3.8349149227142334
v 1.4839049577713013 -3.4521410465240479 3.8349149227142334
v 1.7652360200881958 -3.5275239944458008 3.8349149227142334
v 2.0088748931884766 -3.8741369247436523 3.8349149227142334
v 1.8682099580764771 -4.3991069793701172 3.8349149227142334
v 1.4839060306549072 -4.5774641036987305 3.8349149227142334
v 1.2717659473419189 -4.5206208229064941 3.8349149227142334
v 0.97808700799942017 -4.2269420623779297 3.8349149227142334
v 1.0227799415588379 -4.0839929580688477 4.2684707641601562
v 1.0499639511108398 -3.8441610336303711 4.2684707641601562
v 1.1934219598770142 -3.6500520706176758 4.2684707641601562
v 1.4839049577713013 -3.5351378917694092 4.2684707641601562
v 1.7237379550933838 -3.5994000434875488 4.2684707641601562
v 1.9314390420913696 -3.8948860168457031 4.2684707641601562
v 1.8115229606628418 -4.3424201011657715 4.2684707641601562
v 1.4839060306549072 -4.4944667816162109 4.2684707641601562
v 1.313264012336731 -4.4487438201904297 4.2684707641601562
v 1.1191550493240356 -4.3052859306335449 4.2684707641601562
v 1.1252490282058716 -3.9456110000610352 3.7639439105987549
v 1.207895040512085 -3.7755529880523682 3.7639439105987549
v 1.3644980192184448 -3.6696009635925293 3.7639439105987549
v 1.4839049577713013 -3.6376059055328369 3.7639439105987549
v 1.6725029945373535 -3.6881411075592041 3.7639439105987549
v 1.8358340263366699 -3.9205029010772705 3.7639439105987549
v 1.741534948348999 -4.2724318504333496 3.7639439105987549
v 1.4839060306549072 -4.3919987678527832 3.7639439105987549
v 1.244655966758728 -4.2908129692077637 3.7639439105987549
v 1.1387039422988892 -4.1342101097106934 3.7639439105987549
v 1.053691029548645 -3.4063930511474609 0.89265400171279907
v 1.0536919832229614 -3.4531300067901611 1.005486011505127
v 1.1664079427719116 -3.4531300067901611 1.005486011505127
v 1.1664079427719116 -3.4063930511474609 0.89265298843383789
v 1.053691029548645 -3.2935609817504883 0.84591799974441528
v 1.1664069890975952 -3.2935609817504883 0.8459169864654541
v 1.053691029548645 -3.1807289123535156 0.89265298843383789
v 1.1664069890975952 -3.1807279586791992 0.89265298843383789
v 1.0536919832229614 -3.1339919567108154 1.005486011505127
v 1.1664079427719116 -3.1339919567108154 1.0054850578308105
v 1.0536919832229614 -3.1807279586791992 1.1183179616928101
v 1.1664079427719116 -3.1807279586791992 1.1183170080184937
v 1.0536919832229614 -3.2935609817504883 1.1650550365447998
v 1.1664079427719116 -3.2935609817504883 1.1650539636611938
v 1.0536919832229614 -3.4063920974731445 1.118319034576416
v 1.1664079427719116 -3.4063920974731445 1.1183179616928101
v 1.0219719409942627 -3.4250309467315674 0.87401598691940308
v 1.0219719409942627 -3.4794878959655762 1.005486011505127
v 1.0219709873199463 -3.2935609817504883 0.81955802440643311
v 1.0219709873199463 -3.1620900630950928 0.87401497364044189
v 1.0219719409942627 -3.107633113861084 1.0054850578308105
v 1.0219719409942627 -3.1620900630950928 1.1369559764862061
v 1.0219730138778687 -3.2935609817504883 1.1914139986038208
v 1.0219719409942627 -3.4250309467315674 1.1369559764862061
v 0.97656899690628052 -3.4794878959655762 1.0054869651794434
v 0.97656899690628052 -3.4250309467315674 0.87401598691940308
v 0.94622302055358887 -3.2935609817504883 1.005486011505127
v 0.97656798362731934 -3.2935609817504883 0.81955802440643311
v 0.97656899690628052 -3.1620900630950928 0.87401497364044189
v 0.97656899690628052 -3.107633113861084 1.005486011505127
v 0.97656899690628052 -3.1620900630950928 1.1369559764862061
v 0.9765700101852417 -3.2935609817504883 1.1914139986038208
v 0.97656899690628052 -3.4250309467315674 1.136957049369812
v 1.1664079427719116 -3.2935609817504883 1.005486011505127
v 1.4129199981689453 -3.6283810138702393 3.5432798862457275
v 1.2499480247497559 -3.6876978874206543 3.5432798862457275
v 1.1384680271148682 -3.8205540180206299 3.543281078338623
v 1.1083519458770752 -3.9913508892059326 3.5432798862457275
v 1.1676690578460693 -4.1543231010437012 3.543281078338623
v 1.3005249500274658 -4.2658028602600098 3.5432798862457275
v 1.7758899927139282 -3.9329490661621094 2.8267409801483154
v 1.7165729999542236 -3.7699770927429199 2.8267409801483154
v 1.5837160348892212 -3.6584970951080322 2.8267409801483154
v 1.4129199981689453 -3.6283810138702393 2.8267409801483154
v 1.2499480247497559 -3.6876978874206543 2.8267409801483154
v 1.1384680271148682 -3.8205540180206299 2.8267409801483154
v 1.1083519458770752 -3.9913508892059326 2.8267409801483154
v 1.1676690578460693 -4.1543231010437012 2.8267409801483154
v 1.3005249500274658 -4.2658028602600098 2.8267409801483154
v 1.4713219404220581 -4.2959189414978027 2.8267409801483154
v 1.6342940330505371 -4.2366018295288086 2.8267409801483154
v 1.7457740306854248 -4.1037459373474121 2.8267409801483154
v 1.7142620086669922 -3.9383409023284912 2.8267409801483154
v 1.665897011756897 -3.8054599761962891 2.8267409801483154
v 1.5575720071792603 -3.7145640850067139 2.8267409801483154
v 1.4183119535446167 -3.6900091171264648 2.8267409801483154
v 1.2854310274124146 -3.7383739948272705 2.8267409801483154
v 1.1945350170135498 -3.8466989994049072 2.8267409801483154
v 1.1699800491333008 -3.9859590530395508 2.8267409801483154
v 1.21834397315979 -4.118840217590332 2.8267409801483154
v 1.3266700506210327 -4.2097349166870117 2.8267409801483154
v 1.4659299850463867 -4.2342910766601562 2.8267409801483154
v 1.5988099575042725 -4.1859259605407715 2.8267409801483154
v 1.6897059679031372 -4.0776009559631348 2.8267409801483154
v 1.7142620086669922 -3.9383409023284912 3.2489919662475586
v 1.665897011756897 -3.8054599761962891 3.2489919662475586
v 1.5575720071792603 -3.7145640850067139 3.2489919662475586
v 1.4183119535446167 -3.6900091171264648 3.2489919662475586
v 1.2854310274124146 -3.7383739948272705 3.2489919662475586
v 1.1945350170135498 -3.8466989994049072 3.2489919662475586
v 1.1699800491333008 -3.9859590530395508 3.2489919662475586
v 1.21834397315979 -4.118840217590332 3.2489919662475586
v 1.3266700506210327 -4.2097349166870117 3.2489919662475586
v 1.4659299850463867 -4.2342910766601562 3.2489919662475586
v 1.5988099575042725 -4.1859259605407715 3.2489919662475586
v 1.6897059679031372 -4.0776009559631348 3.2489919662475586
v 1.3565319776535034 -3.7052419185638428 3.0091791152954102
v 1.3146859407424927 -3.6634609699249268 0.95108801126480103
v 1.3146859407424927 -3.498708963394165 3.0091791152954102
v 1.3146859407424927 -3.498708963394165 0.95108801126480103
v 1.6058919429779053 -3.7052419185638428 3.0091791152954102
v 1.6058909893035889 -3.7052419185638428 0.95108801126480103
v 1.3146859407424927 -3.6634609699249268 3.0091791152954102
v 1.3565319776535034 -3.7052419185638428 0.95108801126480103
v 1.7481340169906616 -3.1235120296478271 0.45492100715637207
v 1.7481340169906616 -2.9200479984283447 0.45492100715637207
v 1.6118229627609253 -3.1235120296478271 0.61797201633453369
v 1.6118229627609253 -2.9200479984283447 0.61797201633453369
v 1.4024620056152344 -3.1235120296478271 0.65449702739715576
v 1.4024620056152344 -2.9200479984283447 0.65449702739715576
v 1.2759369611740112 -3.1235120296478271 0.5814480185508728
v 1.2759369611740112 -2.9200479984283447 0.58144700527191162
v 1.2028870582580566 -3.1235120296478271 0.45492300391197205
v 1.2028870582580566 -2.9200489521026611 0.45492300391197205
v 1.2028859853744507 -3.1235120296478271 0.30882400274276733
v 1.2028859853744507 -2.9200489521026611 0.30882400274276733
v 1.2759350538253784 -3.1235129833221436 0.18229800462722778
v 1.2759350538253784 -2.9200489521026611 0.18229800462722778
v 1.402459979057312 -3.1235129833221436 0.10925000160932541
v 1.402459979057312 -2.9200489521026611 0.10925000160932541
v 1.5485579967498779 -3.1235129833221436 0.10925000160932541
v 1.5485579967498779 -2.9200489521026611 0.10924900323152542
v 1.7116090059280396 -3.1235120296478271 0.24556000530719757
v 1.7116090059280396 -2.9200489521026611 0.24556000530719757
v 1.2317260503768921 -3.511077880859375 0.11921200156211853
v 1.2062640190124512 -3.7149178981781006 0.1633639931678772
v 1.2728559970855713 -3.5091540813446045 0.10524000227451324
v 1.3224389553070068 -3.5748529434204102 0.098132997751235962
v 1.1736530065536499 -3.6447269916534424 0.16165600717067719
v 1.2390179634094238 -3.5077500343322754 0.14039699733257294
v 1.213703989982605 -3.7114739418029785 0.18447999656200409
v 1.2799479961395264 -3.506105899810791 0.12653599679470062
v 1.1811820268630981 -3.6413021087646484 0.18274299800395966
v 1.3814810514450073 -3.5828549861907959 -0.84447002410888672
v 1.3814929723739624 -3.5828690528869629 -4.4106178283691406
v 1.4839040040969849 -3.5828690528869629 -4.4106178283691406
v 1.4839049577713013 -3.5828549861907959 -0.84447002410888672
v 1.3814810514450073 -3.5828549861907959 -1.0981199741363525
v 1.4839049577713013 -3.5828549861907959 -1.0981199741363525
v 1.3814810514450073 -3.5828549861907959 -1.283236026763916
v 1.4839049577713013 -3.5828549861907959 -1.283236026763916
v 1.3814810514450073 -3.5828549861907959 -1.5539339780807495
v 1.4839049577713013 -3.5828549861907959 -1.5539339780807495
v 1.3814810514450073 -3.5828549861907959 -1.7321380376815796
v 1.4839049577713013 -3.5828549861907959 -1.7321380376815796
v 1.3814810514450073 -3.5828549861907959 -3.0960109233856201
v 1.4839040040969849 -3.5828549861907959 -3.0960109233856201
v 1.3814810514450073 -3.5828549861907959 -2.0072219371795654
v 1.4839049577713013 -3.5828549861907959 -2.0072219371795654
v 1.3814810514450073 -3.5828549861907959 -2.189863920211792
v 1.4839040040969849 -3.5828549861907959 -2.189863920211792
v 1.3814810514450073 -3.5828549861907959 -2.4640319347381592
v 1.4839040040969849 -3.5828549861907959 -2.4640319347381592
v 1.3814810514450073 -3.5828549861907959 -2.6419119834899902
v 1.4839040040969849 -3.5828549861907959 -2.6419119834899902
v 1.3814810514450073 -3.5828549861907959 -2.9159579277038574
v 1.4839040040969849 -3.5828549861907959 -2.9159579277038574
v 1.4839049577713013 -3.4991691112518311 -1.0981199741363525
v 1.4192279577255249 -3.524022102355957 -1.0981199741363525
v 1.4192279577255249 -3.524022102355957 -1.2430000305175781
v 1.4839049577713013 -3.4991691112518311 -1.2271360158920288
v 1.4839049577713013 -3.4991691112518311 -1.5539339780807495
v 1.4192279577255249 -3.524022102355957 -1.5539339780807495
v 1.4192279577255249 -3.524022102355957 -1.6969380378723145
v 1.4839049577713013 -3.4991691112518311 -1.6815409660339355
v 1.4839049577713013 -3.4991691112518311 -2.0072219371795654
v 1.4192279577255249 -3.524022102355957 -2.0072219371795654
v 1.4192279577255249 -3.524022102355957 -2.1516859531402588
v 1.4839040040969849 -3.4991691112518311 -2.1371181011199951
v 1.4839040040969849 -3.4991691112518311 -2.4640319347381592
v 1.4192279577255249 -3.524022102355957 -2.4640319347381592
v 1.4192279577255249 -3.524022102355957 -2.6074891090393066
v 1.4839040040969849 -3.4991691112518311 -2.5921080112457275
v 1.4192279577255249 -3.524022102355957 -2.9159579277038574
v 1.4192279577255249 -3.524022102355957 -3.0600759983062744
v 1.4839040040969849 -3.4991691112518311 -3.0447061061859131
v 1.4839040040969849 -3.4991691112518311 -2.9159579277038574
v 1.1074620485305786 -4.027310848236084 -4.4115829467773438
v 1.1992620229721069 -3.8125638961791992 -4.4115829467773438
v 1.3673080205917358 -3.7070369720458984 -4.4106178283691406
v 1.3390090465545654 -4.398716926574707 -4.4115829467773438
v 1.1487430334091187 -4.2570509910583496 -4.4115829467773438
v 1.1074620485305786 -4.027310848236084 -0.84207302331924438
v 1.1992620229721069 -3.8125638961791992 -0.84207302331924438
v 1.3672959804534912 -3.707024097442627 -0.84447002410888672
v 1.3390100002288818 -4.3987178802490234 -0.84207302331924438
v 1.1487439870834351 -4.2570509910583496 -0.84207302331924438
v 1.5863280296325684 -3.5828549861907959 -0.84447002410888672
v 1.5863150358200073 -3.5828690528869629 -4.4106178283691406
v 1.5863280296325684 -3.5828549861907959 -1.0981199741363525
v 1.5863280296325684 -3.5828549861907959 -1.283236026763916
v 1.5863280296325684 -3.5828549861907959 -1.5539339780807495
v 1.5863280296325684 -3.5828549861907959 -1.7321380376815796
v 1.5863280296325684 -3.5828549861907959 -3.0960109233856201
v 1.5863280296325684 -3.5828549861907959 -2.0072219371795654
v 1.5863280296325684 -3.5828549861907959 -2.189863920211792
v 1.5863280296325684 -3.5828549861907959 -2.4640319347381592
v 1.5863280296325684 -3.5828549861907959 -2.6419119834899902
v 1.5863280296325684 -3.5828549861907959 -2.9159579277038574
v 1.5485819578170776 -3.524022102355957 -1.0981199741363525
v 1.5485819578170776 -3.524022102355957 -1.2430000305175781
v 1.5485810041427612 -3.524022102355957 -1.5539339780807495
v 1.5485810041427612 -3.524022102355957 -1.6969380378723145
v 1.5485810041427612 -3.524022102355957 -2.0072219371795654
v 1.5485810041427612 -3.524022102355957 -2.1516859531402588
v 1.5485810041427612 -3.524022102355957 -2.4640319347381592
v 1.5485810041427612 -3.524022102355957 -2.6074891090393066
v 1.5485810041427612 -3.524022102355957 -2.9159579277038574
v 1.5485810041427612 -3.524022102355957 -3.0600759983062744
v 1.8603620529174805 -4.1421809196472168 -4.4115829467773438
v 1.7685459852218628 -3.8125638961791992 -4.4115829467773438
v 1.6004999876022339 -3.7070369720458984 -4.4106178283691406
v 1.6287989616394043 -4.398716926574707 -4.4115829467773438
v 1.7685470581054688 -3.8125638961791992 -0.84207302331924438
v 1.6005140542984009 -3.707024097442627 -0.84447002410888672
v 1.6288000345230103 -4.3987178802490234 -0.84207302331924438
v 1.8603630065917969 -4.1421809196472168 -0.84207302331924438
v 1.4839049577713013 -3.70701003074646 -0.84448397159576416
v 1.3359919786453247 -4.9971580505371094 -1.3355220556259155
v 1.3359919786453247 -4.9932570457458496 -2.4758720397949219
v 1.3359919786453247 -4.3920130729675293 -0.80373501777648926
v 1.3359919786453247 -5.7714390754699707 -4.2072467803955078
v 1.3359919786453247 -4.3920130729675293 -4.2426872253417969
v 1.3359919786453247 -4.6801548004150391 -1.2126059532165527
v 1.6318169832229614 -4.9971580505371094 -1.3355220556259155
v 1.6318169832229614 -4.9932570457458496 -2.4758720397949219
v 1.6318169832229614 -4.3920130729675293 -0.80373501777648926
v 1.631816029548645 -4.3920130729675293 -4.2426872253417969
v 1.631816029548645 -5.7714390754699707 -4.2072467803955078
v 1.6318169832229614 -4.6801548004150391 -1.2126059532165527
v 1.3130470514297485 -5.0916471481323242 -2.2381289005279541
v 1.3130489587783813 -5.0916447639465332 -1.4909830093383789
v 1.6547620296478271 -5.0916447639465332 -1.4909830093383789
v 1.3130450248718262 -5.6375741958618164 -2.8559150695800781
v 1.3130489587783813 -4.9149518013000488 -1.501101016998291
v 1.3130489587783813 -4.831305980682373 -1.6026359796524048
v 1.6547620296478271 -4.831305980682373 -1.6026370525360107
v 1.3130450248718262 -5.2503461837768555 -2.8558731079101562
v 1.6547620296478271 -4.9149518013000488 -1.501101016998291
v 1.3130459785461426 -4.8313069343566895 -2.32647705078125
v 1.6547620296478271 -5.0916471481323242 -2.2381300926208496
v 1.6547620296478271 -5.6375741958618164 -2.8559150695800781
v 1.6547620296478271 -5.2503461837768555 -2.8558731079101562
v 1.6547620296478271 -4.831305980682373 -2.32647705078125
v 1.2657719850540161 -4.5500931739807129 -1.2438490390777588
v 1.2657719850540161 -4.5500931739807129 -1.4063800573348999
v 1.2657719850540161 -4.3614177703857422 -1.2438490390777588
v 1.2657719850540161 -4.3614177703857422 -1.4063800573348999
v 1.70203697681427 -4.5500931739807129 -1.2438490390777588
v 1.70203697681427 -4.5500931739807129 -1.4063800573348999
v 1.70203697681427 -4.3614177703857422 -1.2438490390777588
v 1.70203697681427 -4.3614177703857422 -1.4063800573348999
v 1.4053499698638916 -4.8733420372009277 -1.9567699432373047
v 1.3890810012817383 -4.8733410835266113 -1.8389389514923096
v 1.4053499698638916 -5.206474781036377 -1.9567689895629883
v 1.4839040040969849 -4.8733420372009277 -1.9893079996109009
v 1.4839040040969849 -5.206474781036377 -1.9893070459365845
v 1.5787279605865479 -5.206474781036377 -1.9174929857254028
v 1.5787279605865479 -4.8733420372009277 -1.9174940586090088
v 1.5231820344924927 -5.2064738273620605 -1.783390998840332
v 1.5231820344924927 -4.8733410835266113 -1.7833930253982544
v 1.3890810012817383 -5.206474781036377 -1.8389379978179932
v 1.0444400310516357 -4.0675950050354004 -0.84867697954177856
v 1.1033170223236084 -3.8478620052337646 -0.84867697954177856
v 1.2641719579696655 -3.687006950378418 -0.84867697954177856
v 1.4839049577713013 -3.6281299591064453 -0.84867697954177856
v 1.7036370038986206 -3.687006950378418 -0.84867697954177856
v 1.8644920587539673 -3.8478620052337646 -0.84867697954177856
v 1.8537169694900513 -4.2176737785339355 -0.84867697954177856
v 1.4839049577713013 -4.5070590972900391 -0.84867697954177856
v 1.2641730308532715 -4.4481821060180664 -0.84867697954177856
v 1.1033170223236084 -4.2873268127441406 -0.84867697954177856
v 1.0444400310516357 -4.0675950050354004 -0.65677398443222046
v 1.1033170223236084 -3.8478620052337646 -0.65677398443222046
v 1.2641730308532715 -3.687006950378418 -0.65677398443222046
v 1.4839049577713013 -3.6281299591064453 -0.65677398443222046
v 1.7036370038986206 -3.687006950378418 -0.65677398443222046
v 1.8644920587539673 -3.8478620052337646 -0.65677398443222046
v 1.8537169694900513 -4.2176737785339355 -0.65677398443222046
v 1.4839049577713013 -4.5070590972900391 -0.65677398443222046
v 1.2641730308532715 -4.4481821060180664 -0.65677398443222046
v 1.1033170223236084 -4.2873268127441406 -0.65677398443222046
v 1.2505040168762207 -6.1445150375366211 -4.0504851341247559
v 1.2505040168762207 -6.1838421821594238 -4.3458237648010254
v 1.1412039995193481 -5.6344809532165527 -4.0205388069152832
v 1.1412039995193481 -5.6344809532165527 -4.266204833984375
v 1.2767549753189087 -5.9565029144287109 -3.6737880706787109
v 1.2278629541397095 -5.4855961799621582 -3.6674809455871582
v 1.3369840383529663 -5.309971809387207 -3.3102540969848633
v 1.3614139556884766 -6.4247522354125977 -4.230402946472168
v 1.3384150266647339 -6.4232301712036133 -4.4126071929931641
v 1.0637999773025513 -4.7815899848937988 -4.245182991027832
v 1.0637999773025513 -4.7815899848937988 -4.3285951614379883
v 1.0795929431915283 -4.0575809478759766 -4.4101920127868652
v 1.0795929431915283 -4.0575809478759766 -4.5088438987731934
v 1.256261944770813 -3.6935679912567139 -4.4101228713989258
v 1.2570470571517944 -3.6921939849853516 -4.6058049201965332
v 1.8266040086746216 -5.6344819068908691 -4.0205388069152832
v 1.7399450540542603 -5.4855961799621582 -3.6674809455871582
v 1.9040080308914185 -4.7815899848937988 -4.245182991027832
v 1.8882149457931519 -4.057581901550293 -4.4101920127868652
v 1.4839040040969849 -3.4227030277252197 -4.4101128578186035
v 1.7115459442138672 -3.6935679912567139 -4.4101228713989258
v 1.4839040040969849 -3.7815489768981934 -4.3390598297119141
v 1.4839040040969849 -5.4451208114624023 -3.6674809455871582
v 1.4839040040969849 -4.7815899848937988 -3.9984540939331055
v 1.4839040040969849 -4.0575809478759766 -4.2565298080444336
v 1.4839040040969849 -5.4253067970275879 -3.798975944519043
v 1.717303991317749 -6.1445150375366211 -4.0504851341247559
v 1.717303991317749 -6.1838431358337402 -4.3458237648010254
v 1.8266040086746216 -5.6344809532165527 -4.266204833984375
v 1.691053032875061 -5.9565038681030273 -3.6737880706787109
v 1.6308239698410034 -5.309971809387207 -3.3102540969848633
v 1.6063940525054932 -6.4247522354125977 -4.230402946472168
v 1.6293929815292358 -6.4232311248779297 -4.4126071929931641
v 1.4839040040969849 -6.550969123840332 -4.3012008666992188
v 1.9040080308914185 -4.7815899848937988 -4.3285951614379883
v 1.8882149457931519 -4.0575809478759766 -4.5088438987731934
v 1.4839040040969849 -3.4229540824890137 -4.6195340156555176
v 1.7107609510421753 -3.6921939849853516 -4.6058049201965332
v 1.4839040040969849 -5.309971809387207 -3.3102540969848633
v 1.4839040040969849 -6.5494480133056641 -4.4479098320007324
v 1.3882629871368408 -3.582942008972168 -4.4197878837585449
v 1.4839040040969849 -3.4475209712982178 -4.4197878837585449
v 1.3882629871368408 -3.582942008972168 -3.4129660129547119
v 1.5795450210571289 -3.582942008972168 -4.4197878837585449
v 1.4839040040969849 -3.4361000061035156 -3.4927060604095459
v 1.5795459747314453 -3.582942008972168 -3.4129660129547119
v 1.4839040040969849 -3.4048960208892822 -3.2850539684295654
v 1.3355569839477539 -5.8267688751220703 1.942376971244812
v 1.6154769659042358 -5.8267688751220703 1.942376971244812
v 1.6154730319976807 -5.8267707824707031 0.84366798400878906
v 1.3355530500411987 -5.8267707824707031 0.84366899728775024
v 1.6154730319976807 -5.7562131881713867 0.90448200702667236
v 1.6154730319976807 -5.728093147277832 0.84716898202896118
v 1.6154730319976807 -5.7562131881713867 0.78985500335693359
v 1.3355569839477539 -5.7280898094177246 1.9385789632797241
v 1.3355569839477539 -5.7562108039855957 1.9961919784545898
v 1.3355569839477539 -5.7562108039855957 1.8809679746627808
v 1.6154769659042358 -5.7562108039855957 1.8809670209884644
v 1.6154769659042358 -5.7280898094177246 1.9385780096054077
v 1.3355530500411987 -5.7562131881713867 0.90448302030563354
v 1.6154769659042358 -5.7562108039855957 1.9961899518966675
v 1.3355530500411987 -5.728093147277832 0.84716898202896118
v 1.3355530500411987 -5.7562141418457031 0.78985500335693359
v 1.2513200044631958 -4.0405068397521973 10.335559844970703
v 1.282480001449585 -3.9242138862609863 10.335559844970703
v 1.2824809551239014 -3.9242138862609863 13.936319351196289
v 1.2513200044631958 -4.0405068397521973 13.936319351196289
v 1.3676129579544067 -3.8390820026397705 10.335559844970703
v 1.3676140308380127 -3.8390810489654541 13.936319351196289
v 1.4839060306549072 -3.8079218864440918 10.335559844970703
v 1.4839069843292236 -3.8079209327697754 13.936319351196289
v 1.6002000570297241 -3.8390820026397705 10.335559844970703
v 1.6002000570297241 -3.8390810489654541 13.936319351196289
v 1.7009129524230957 -3.9823610782623291 10.335559844970703
v 1.7009129524230957 -3.9823598861694336 13.936319351196289
v 1.642765998840332 -4.1993670463562012 10.335559844970703
v 1.6427669525146484 -4.1993670463562012 13.936319351196289
v 1.4839060306549072 -4.2730951309204102 10.335559844970703
v 1.4839069843292236 -4.2730951309204102 13.936319351196289
v 1.3676129579544067 -4.2419338226318359 10.335559844970703
v 1.3676140308380127 -4.2419328689575195 13.936319351196289
v 1.282480001449585 -4.1568021774291992 10.335559844970703
v 1.2824809551239014 -4.1568012237548828 13.936319351196289
v 1.5694810152053833 -2.4277629852294922 0.38148099184036255
v 1.5694810152053833 -2.4277629852294922 0.33280700445175171
v 1.5918020009994507 -2.4799809455871582 0.33280700445175171
v 1.5918020009994507 -2.4799809455871582 0.38148099184036255
v 1.5918020009994507 -2.7565410137176514 0.39284700155258179
v 1.359218955039978 -2.7565419673919678 0.39284700155258179
v 1.359218955039978 -2.6947040557861328 0.42854800820350647
v 1.5918020009994507 -2.6947040557861328 0.42854699492454529
v 1.359218955039978 -2.5960330963134766 0.33280700445175171
v 1.359218955039978 -2.6947040557861328 0.28574201464653015
v 1.5918020009994507 -2.6947040557861328 0.28573998808860779
v 1.5918020009994507 -2.5960330963134766 0.33280700445175171
v 1.4216010570526123 -2.3922441005706787 0.38148099184036255
v 1.3815399408340454 -2.4277629852294922 0.38148099184036255
v 1.3815399408340454 -2.4277620315551758 0.33280700445175171
v 1.4215999841690063 -2.3922441005706787 0.33280700445175171
v 1.529420018196106 -2.3922441005706787 0.38148099184036255
v 1.4755100011825562 -2.3798990249633789 0.38148099184036255
v 1.4755100011825562 -2.3798990249633789 0.33280700445175171
v 1.529420018196106 -2.3922441005706787 0.33280700445175171
v 1.359218955039978 -2.4799809455871582 0.38148099184036255
v 1.359218955039978 -2.4799809455871582 0.33280700445175171
v 1.5104279518127441 -2.4310240745544434 0.33280700445175171
v 1.5359890460968018 -2.4565858840942383 0.33280700445175171
v 1.4755100011825562 -2.4216690063476562 0.33280700445175171
v 1.4405930042266846 -2.4310240745544434 0.33280700445175171
v 1.4150320291519165 -2.4565870761871338 0.33280700445175171
v 1.5104279518127441 -2.4310240745544434 0.38148099184036255
v 1.5359890460968018 -2.4565858840942383 0.38148099184036255
v 1.359218955039978 -2.5960330963134766 0.38148099184036255
v 1.5918020009994507 -2.5960330963134766 0.38148099184036255
v 1.4150320291519165 -2.526421070098877 0.33280700445175171
v 1.405676007270813 -2.4915030002593994 0.33280700445175171
v 1.359218955039978 -2.7565419673919678 0.32144400477409363
v 1.5918020009994507 -2.7565419673919678 0.32144299149513245
v 1.4405930042266846 -2.5519819259643555 0.33280700445175171
v 1.4755100011825562 -2.561337947845459 0.33280700445175171
v 1.5104279518127441 -2.5519819259643555 0.38148099184036255
v 1.4755109548568726 -2.561337947845459 0.38148099184036255
v 1.405676007270813 -2.4915030002593994 0.38148099184036255
v 1.4150320291519165 -2.526421070098877 0.38148099184036255
v 1.5453449487686157 -2.4915030002593994 0.33280700445175171
v 1.5359890460968018 -2.526421070098877 0.33280700445175171
v 1.5453460216522217 -2.4915030002593994 0.38148099184036255
v 1.5104279518127441 -2.5519819259643555 0.33280700445175171
v 1.5359890460968018 -2.526421070098877 0.38148099184036255
v 1.4405930042266846 -2.5519819259643555 0.38148099184036255
v 1.4755109548568726 -2.4216690063476562 0.38148099184036255
v 1.4405930042266846 -2.4310240745544434 0.38148099184036255
v 1.4150320291519165 -2.4565858840942383 0.38148099184036255
v 1.857571005821228 -4.0791201591491699 3.3962090015411377
v 1.8575659990310669 -4.0791220664978027 1.8113299608230591
v 1.89348304271698 -4.0811429023742676 1.8113299608230591
v 1.8934880495071411 -4.0811400413513184 3.3962090015411377
v 1.9160809516906738 -4.1279067993164062 1.8113299608230591
v 1.8753010034561157 -4.1666531562805176 1.8113299608230591
v 1.8753060102462769 -4.1666498184204102 3.3962090015411377
v 1.916085958480835 -4.127903938293457 3.3962090015411377
v 1.8753010034561157 -4.5161728858947754 1.8954960107803345
v 1.8753060102462769 -4.5161700248718262 3.3120439052581787
v 1.8753060102462769 -4.4320049285888672 3.3962090015411377
v 1.8753010034561157 -4.4320068359375 1.8113299608230591
v 2.3097019195556641 -4.0224428176879883 -0.46342000365257263
v 2.2876169681549072 -4.1077737808227539 -0.46933799982070923
v 2.2710049152374268 -4.1077737808227539 -0.40733900666236877
v 2.2930901050567627 -4.0224428176879883 -0.4014190137386322
v 2.186068058013916 -4.1816720962524414 -0.49654701352119446
v 2.1694550514221191 -4.1816720962524414 -0.43454700708389282
v 2.0322649478912354 -4.1390070915222168 -0.53776001930236816
v 2.0156519412994385 -4.1390070915222168 -0.47575798630714417
v 1.9800100326538086 -4.0224437713623047 -0.55175900459289551
v 1.9633979797363281 -4.0224437713623047 -0.48976001143455505
v 2.0020959377288818 -3.9371130466461182 -0.54584300518035889
v 1.9854830503463745 -3.9371130466461182 -0.48384100198745728
v 2.0624330043792725 -3.8746469020843506 -0.52967500686645508
v 2.045820951461792 -3.8746469020843506 -0.46767500042915344
v 2.1448559761047363 -3.8517830371856689 -0.50758999586105347
v 2.1282439231872559 -3.8517830371856689 -0.44559100270271301
v 2.2272789478302002 -3.8746469020843506 -0.48550599813461304
v 2.2106668949127197 -3.8746469020843506 -0.42350500822067261
v 2.2876169681549072 -3.9371130466461182 -0.46933799982070923
v 2.2710049152374268 -3.9371130466461182 -0.40733900666236877
v 2.2292149066925049 -4.0885882377624512 -0.37976899743080139
v 2.2463350296020508 -4.0224428176879883 -0.37518298625946045
v 2.1504979133605957 -4.1458721160888672 -0.400860995054245
v 2.0312759876251221 -4.1127991676330566 -0.43280598521232605
v 1.9907699823379517 -4.0224437713623047 -0.44366100430488586
v 2.007889986038208 -3.9562990665435791 -0.43907299637794495
v 2.0546610355377197 -3.9078769683837891 -0.42654100060462952
v 2.1185519695281982 -3.8901538848876953 -0.40942099690437317
v 2.1824440956115723 -3.9078769683837891 -0.3923029899597168
v 2.2292149066925049 -3.9562981128692627 -0.37977099418640137
v 2.1853950023651123 -4.0885882377624512 -0.21622699499130249
v 2.2025139331817627 -4.0224428176879883 -0.21164000034332275
v 2.1066780090332031 -4.1458711624145508 -0.23731799423694611
v 1.9874550104141235 -4.1127991676330566 -0.26926299929618835
v 1.9469499588012695 -4.0224428176879883 -0.28011798858642578
v 1.9640690088272095 -3.9562990665435791 -0.27553001046180725
v 2.010840892791748 -3.9078769683837891 -0.26299801468849182
v 2.0747320652008057 -3.8901538848876953 -0.24587899446487427
v 2.1386229991912842 -3.9078769683837891 -0.2287600040435791
v 2.1853950023651123 -3.9562981128692627 -0.21622900664806366
v 1.466480016708374 -2.9337129592895508 8.5030813217163086
v 1.466480016708374 -2.8268699645996094 8.5030813217163086
v 1.4839049577713013 -2.8268699645996094 8.5332603454589844
v 1.4839049577713013 -2.9337129592895508 8.5332603454589844
v 1.5013300180435181 -2.9337129592895508 8.5030813217163086
v 1.5013300180435181 -2.8268699645996094 8.5030813217163086
v 1.2601369619369507 -2.6986360549926758 0.39404299855232239
v 1.6908849477767944 -2.6986351013183594 0.39404299855232239
v 1.690883994102478 -2.7266829013824463 0.3554379940032959
v 1.2601369619369507 -2.7266829013824463 0.35543900728225708
v 1.2601369619369507 -2.6532540321350098 0.37929901480674744
v 1.690883994102478 -2.6532540321350098 0.37929698824882507
v 1.2601369619369507 -2.6532540321350098 0.3315809965133667
v 1.690883994102478 -2.6532540321350098 0.33158001303672791
v 1.2601369619369507 -2.6986360549926758 0.31683599948883057
v 1.690883994102478 -2.6986360549926758 0.31683498620986938
v 1.1137290000915527 -3.9567821025848389 0.9646570086479187
v 1.2130719423294067 -3.7485051155090332 0.9646570086479187
v 1.3231650590896606 -4.3425149917602539 0.9646570086479187
v 1.1557810306549072 -4.1836729049682617 0.9646570086479187
v 1.1137290000915527 -3.9567821025848389 1.3636330366134644
v 1.2130719423294067 -3.7485051155090332 1.3636330366134644
v 1.3231650590896606 -4.3425149917602539 1.3636330366134644
v 1.1557810306549072 -4.1836729049682617 1.3636330366134644
v 1.7851129770278931 -3.3753468990325928 0.39775300025939941
v 1.7851239442825317 -3.3753418922424316 3.7334671020507812
v 1.7851239442825317 -3.2626171112060547 3.7334671020507812
v 1.7851129770278931 -3.2626230716705322 0.39775300025939941
v 1.6573879718780518 -2.8103671073913574 3.7334671020507812
v 1.700158953666687 -3.1662139892578125 3.7334671020507812
v 1.2508840560913086 -3.1662139892578125 3.7334690093994141
v 1.3022270202636719 -2.8103671073913574 3.7334680557250977
v 1.700158953666687 -2.8103671073913574 3.7334671020507812
v 1.7001579999923706 -2.8670599460601807 3.5597360134124756
v 1.7001579999923706 -3.056067943572998 3.5597360134124756
v 1.7001579999923706 -2.6277730464935303 3.5896151065826416
v 1.7001579999923706 -2.7715930938720703 3.4577229022979736
v 1.7001490592956543 -2.3983390331268311 0.6827009916305542
v 1.7001509666442871 -2.7715981006622314 1.1472020149230957
v 1.7001579999923706 -3.1662149429321289 3.4577240943908691
v 1.7001490592956543 -2.8543128967285156 0.68270200490951538
v 1.7001500129699707 -2.8670639991760254 1.027595043182373
v 1.7001349925994873 -2.9117329120635986 0.68152999877929688
v 1.7001500129699707 -3.0560729503631592 1.027595043182373
v 1.6573870182037354 -2.6277730464935303 3.5896151065826416
v 1.6573779582977295 -2.3983390331268311 0.6827009916305542
v 1.3020700216293335 -2.6793079376220703 3.5340280532836914
v 1.3019059896469116 -2.6796820163726807 0.68270301818847656
v 1.6576889753341675 -2.6796820163726807 0.68270200490951538
v 1.6575429439544678 -2.6793079376220703 3.534027099609375
v 1.7001470327377319 -2.9117341041564941 0.081828996539115906
v 1.7001470327377319 -2.8541529178619385 0.056111998856067657
v 1.7001470327377319 -3.1306819915771484 0.08183000236749649
v 1.7001470327377319 -3.3427639007568359 -0.14932399988174438
v 1.5872650146484375 -2.8541519641876221 -0.01208799984306097
v 1.593330979347229 -3.3427639007568359 -0.21343700587749481
v 1.7001479864120483 -3.16621994972229 0.39775300025939941
v 1.7001509666442871 -3.1662189960479736 1.1472029685974121
v 1.7001490592956543 -3.130681037902832 0.68153101205825806
v 1.2508740425109863 -2.8543128967285156 0.68270301818847656
v 1.7001490592956543 -3.3427629470825195 0.39775300025939941
v 1.2508759498596191 -3.0560729503631592 1.0275969505310059
v 1.2508759498596191 -3.1662189960479736 1.1472040414810181
v 1.2508749961853027 -2.8670639991760254 1.0275969505310059
v 1.2508759498596191 -2.7715981006622314 1.1472040414810181
v 1.2508829832077026 -2.7715930938720703 3.4577250480651855
v 1.2508840560913086 -2.8670599460601807 3.559736967086792
v 1.2508840560913086 -3.0560688972473145 3.5597379207611084
v 1.2508829832077026 -3.1662149429321289 3.457726001739502
v 1.2508740425109863 -3.130681037902832 0.68153202533721924
v 1.250872015953064 -3.1306819915771484 0.081831000745296478
v 1.700158953666687 -3.4708011150360107 3.7334680557250977
v 1.7001490592956543 -3.4708070755004883 0.39775300025939941
v 1.1659189462661743 -3.2626171112060547 3.7334699630737305
v 1.1659189462661743 -3.3753418922424316 3.7334699630737305
v 1.1659090518951416 -3.3753480911254883 0.39775499701499939
v 1.1659090518951416 -3.2626230716705322 0.3977540135383606
v 1.2508840560913086 -2.8103671073913574 3.7334680557250977
v 1.2508840560913086 -2.6277740001678467 3.5896170139312744
v 1.2508740425109863 -2.3983390331268311 0.68270200490951538
v 1.2508879899978638 -2.9117329120635986 0.68153101205825806
v 1.3022259473800659 -2.6277740001678467 3.5896170139312744
v 1.3022170066833496 -2.3983390331268311 0.68270200490951538
v 1.250872015953064 -2.9117341041564941 0.08183000236749649
v 1.250872015953064 -2.8541519641876221 0.056113999336957932
v 1.250872015953064 -3.3427639007568359 -0.14932200312614441
v 1.3576869964599609 -3.3427639007568359 -0.21343599259853363
v 1.3637549877166748 -2.8541529178619385 -0.012086999602615833
v 1.2508740425109863 -3.16621994972229 0.3977540135383606
v 1.2508840560913086 -3.4708011150360107 3.7334690093994141
v 1.2508740425109863 -3.3427629470825195 0.3977540135383606
v 1.2508740425109863 -3.4708070755004883 0.39775499701499939
v 1.4755100011825562 -2.8541529178619385 -0.030060999095439911
v 1.4755090475082397 -3.3427639007568359 -0.23249100148677826
v 1.7256489992141724 -2.5175158977508545 0.080765001475811005
v 1.7256489992141724 -2.8541519641876221 0.080765001475811005
v 1.7256489992141724 -2.3848168849945068 0.24855899810791016
v 1.6568039655685425 -2.3848168849945068 0.24855899810791016
v 1.6568039655685425 -2.5175158977508545 0.080765001475811005
v 1.2253710031509399 -2.51751708984375 0.080765999853610992
v 1.2253710031509399 -2.3848168849945068 0.24856099486351013
v 1.7256510257720947 -2.3947000503540039 0.6827009916305542
v 1.6568059921264648 -2.3947000503540039 0.6827009916305542
v 1.6568039655685425 -2.3651139736175537 0.31369701027870178
v 1.7256489992141724 -2.3651139736175537 0.31369701027870178
v 1.3027880191802979 -2.3651139736175537 0.31369799375534058
v 1.2253710031509399 -2.3651139736175537 0.31369799375534058
v 1.2253710031509399 -2.8541529178619385 0.080765999853610992
v 1.6568039655685425 -2.7609028816223145 0.080765001475811005
v 1.3027880191802979 -2.3947000503540039 0.68270200490951538
v 1.2253730297088623 -2.3947000503540039 0.68270301818847656
v 1.6568059921264648 -2.7609009742736816 0.68270200490951538
v 1.3027880191802979 -2.7609009742736816 0.68270200490951538
v 1.7256510257720947 -2.8543119430541992 0.68270200490951538
v 1.2253730297088623 -2.8543128967285156 0.68270397186279297
v 1.3027880191802979 -2.3848168849945068 0.24855999648571014
v 1.3027880191802979 -2.51751708984375 0.080765001475811005
v 1.2942169904708862 -2.760901927947998 0.080765999853610992
v 1.8800619840621948 -2.8673920631408691 0.45816698670387268
v 1.726125955581665 -2.8673920631408691 0.45816799998283386
v 1.8800619840621948 -2.6717350482940674 0.60635000467300415
v 1.726125955581665 -2.6717350482940674 0.60635000467300415
v 1.8800619840621948 -2.5096480846405029 0.53921002149581909
v 1.726125955581665 -2.5096480846405029 0.53921002149581909
v 1.8800610303878784 -2.4425098896026611 0.37712299823760986
v 1.726125955581665 -2.4425098896026611 0.37712299823760986
v 1.8800610303878784 -2.5096490383148193 0.21503700315952301
v 1.7261250019073486 -2.5096490383148193 0.21503700315952301
v 1.8800610303878784 -2.6717369556427002 0.14789800345897675
v 1.7261250019073486 -2.6717369556427002 0.14789800345897675
v 1.8800610303878784 -2.8338229656219482 0.21503700315952301
v 1.7261250019073486 -2.8338229656219482 0.215038001537323
v 1.9481329917907715 -2.795414924621582 0.42835301160812378
v 1.9481320381164551 -2.7741949558258057 0.2746640145778656
v 1.9481329917907715 -2.6717350482940674 0.52202200889587402
v 1.9481329917907715 -2.5692770481109619 0.47958201169967651
v 1.9481329917907715 -2.5268380641937256 0.37712299823760986
v 1.9481320381164551 -2.5692780017852783 0.2746640145778656
v 1.9481320381164551 -2.6717360019683838 0.23222500085830688
v 1.2317260503768921 -3.511077880859375 0.45435699820518494
v 1.2062640190124512 -3.7149178981781006 0.4985089898109436
v 1.3224389553070068 -3.5748529434204102 0.43327799439430237
v 1.2728559970855713 -3.5091540813446045 0.44038599729537964
v 1.1736530065536499 -3.6447269916534424 0.4968009889125824
v 1.213703989982605 -3.7114739418029785 0.51962399482727051
v 1.2390179634094238 -3.5077500343322754 0.47554200887680054
v 1.2799479961395264 -3.506105899810791 0.46168100833892822
v 1.1811820268630981 -3.6413021087646484 0.51788800954818726
v 1.2317260503768921 -3.511077880859375 1.0175219774246216
v 1.2062640190124512 -3.7149178981781006 1.0616739988327026
v 1.3224389553070068 -3.5748529434204102 0.99644297361373901
v 1.2728559970855713 -3.5091540813446045 1.0035510063171387
v 1.1736530065536499 -3.6447269916534424 1.059965968132019
v 1.213703989982605 -3.7114739418029785 1.0827900171279907
v 1.2390179634094238 -3.5077500343322754 1.038707971572876
v 1.2799479961395264 -3.506105899810791 1.0248459577560425
v 1.1811820268630981 -3.6413021087646484 1.0810530185699463
v 1.0536919832229614 -3.4063930511474609 3.3937430381774902
v 1.0536919832229614 -3.4531300067901611 3.5065760612487793
v 1.1664079427719116 -3.4531300067901611 3.5065760612487793
v 1.1664079427719116 -3.4063930511474609 3.3937430381774902
v 1.053691029548645 -3.2935609817504883 3.3470070362091064
v 1.1664079427719116 -3.2935609817504883 3.3470070362091064
v 1.0536919832229614 -3.1807289123535156 3.3937430381774902
v 1.1664079427719116 -3.1807279586791992 3.3937430381774902
v 1.0536919832229614 -3.1339919567108154 3.5065760612487793
v 1.1664079427719116 -3.1339919567108154 3.5065751075744629
v 1.0536919832229614 -3.1807279586791992 3.6194078922271729
v 1.1664090156555176 -3.1807279586791992 3.6194069385528564
v 1.0536919832229614 -3.2935609817504883 3.6661450862884521
v 1.1664090156555176 -3.2935609817504883 3.6661450862884521
v 1.0536919832229614 -3.4063920974731445 3.6194090843200684
v 1.1664090156555176 -3.4063920974731445 3.6194078922271729
v 1.0219719409942627 -3.4250309467315674 3.3751060962677002
v 1.0219719409942627 -3.4794878959655762 3.5065760612487793
v 1.0219719409942627 -3.2935609817504883 3.3206479549407959
v 1.0219719409942627 -3.1620900630950928 3.3751049041748047
v 1.0219719409942627 -3.107633113861084 3.5065751075744629
v 1.0219730138778687 -3.1620900630950928 3.6380460262298584
v 1.0219730138778687 -3.2935609817504883 3.6925039291381836
v 1.0219730138778687 -3.4250309467315674 3.6380460262298584
v 0.97656899690628052 -3.4794878959655762 3.5065770149230957
v 0.97656899690628052 -3.4250309467315674 3.3751060962677002
v 0.94622302055358887 -3.2935609817504883 3.5065760612487793
v 0.97656899690628052 -3.2935609817504883 3.3206479549407959
v 0.97656899690628052 -3.1620900630950928 3.3751049041748047
v 0.97656899690628052 -3.107633113861084 3.5065760612487793
v 0.9765700101852417 -3.1620900630950928 3.6380460262298584
v 0.9765700101852417 -3.2935609817504883 3.6925039291381836
v 0.9765700101852417 -3.4250309467315674 3.6380469799041748
v 1.1664079427719116 -3.2935609817504883 3.5065760612487793
v 1.0752110481262207 -4.4549660682678223 6.6962771415710449
v 1.0842920541763306 -4.5436058044433594 6.7577199935913086
v 1.1061160564422607 -4.6464419364929199 6.6906089782714844
v 1.1062040328979492 -4.619056224822998 6.5884509086608887
v 1.0914219617843628 -4.4945869445800781 6.5707049369812012
v 0.91616499423980713 -4.4803171157836914 6.6834039688110352
v 0.92524600028991699 -4.5689578056335449 6.7448477745056152
v 0.94707000255584717 -4.6717939376831055 6.6777358055114746
v 0.94715702533721924 -4.6444082260131836 6.5755767822265625
v 0.93237602710723877 -4.5199389457702637 6.5578317642211914
v 0.8766930103302002 -4.5778999328613281 6.6338200569152832
v 1.0813729763031006 -4.655756950378418 6.9212241172790527
v 0.92647302150726318 -4.6805381774902344 6.9088249206542969
v 0.94829797744750977 -4.7833738327026367 6.8417139053344727
v 0.93251001834869385 -4.6070570945739746 6.7301139831542969
v 0.93979001045227051 -4.6413612365722656 6.707726001739502
v 0.94087100028991699 -4.7483792304992676 6.8645529747009277
v 0.87108701467514038 -4.6168618202209473 6.6551051139831543
v 0.86854201555252075 -4.6496701240539551 6.7741031646728516
v 0.88209801912307739 -4.7237510681152344 6.8884248733520508
v 0.87582200765609741 -4.6839737892150879 6.751716136932373
v 0.88937801122665405 -4.7580552101135254 6.8660378456115723
v 0.86875200271606445 -4.5829148292541504 6.6844792366027832
v 1.1031969785690308 -4.7585930824279785 6.8541131019592285
v 0.93389201164245605 -4.7154960632324219 6.886012077331543
v 1.002269983291626 -4.9493179321289062 7.2670211791992188
v 0.97848498821258545 -4.8667020797729492 7.2950539588928223
v 1.0516660213470459 -4.8137249946594238 7.2911558151245117
v 1.1206790208816528 -4.8636012077331543 7.2607131004333496
v 1.0901509523391724 -4.9474020004272461 7.2457971572875977
v 1.1658270359039307 -5.0652108192443848 7.7807002067565918
v 1.1420420408248901 -4.9825940132141113 7.8087339401245117
v 1.215222954750061 -4.9296178817749023 7.8048357963562012
v 1.284235954284668 -4.9794940948486328 7.7743930816650391
v 1.2537070512771606 -5.0632939338684082 7.7594771385192871
v 0.94587200880050659 -4.765592098236084 6.8541221618652344
v 0.93109798431396484 -4.6903071403503418 6.9019880294799805
v 1.0045000314712524 -4.6454510688781738 6.9083819389343262
v 1.067639946937561 -4.6930131912231445 6.8644700050354004
v 1.028406023979187 -4.7586507797241211 6.8357448577880859
v 1.3613129854202271 -5.1952571868896484 7.6111202239990234
v 1.1788909435272217 -5.1122088432312012 7.6510219573974609
v 1.1248730421066284 -5.053429126739502 7.7778100967407227
v 1.2009580135345459 -5.0595297813415527 7.9078330993652344
v 1.3479360342025757 -5.1199479103088379 7.9651107788085938
v 1.441862940788269 -4.9756717681884766 7.531836986541748
v 1.2911540269851685 -4.8927769660949707 7.5782938003540039
v 1.2374229431152344 -4.8343319892883301 7.7047991752624512
v 1.3134009838104248 -4.84039306640625 7.834719181060791
v 1.4604810476303101 -4.9008588790893555 7.8921017646789551
v 1.3447779417037964 -5.1705098152160645 8.2061834335327148
v 1.1527149677276611 -5.0724930763244629 8.2303924560546875
v 1.1048599481582642 -5.0001401901245117 8.3508367538452148
v 1.1809940338134766 -5.0029268264770508 8.480961799621582
v 1.3224170207977295 -5.0709261894226074 8.5441341400146484
v 1.4323049783706665 -4.9643921852111816 8.0988826751708984
v 1.285269021987915 -4.8666892051696777 8.1346969604492188
v 1.2377339601516724 -4.7948641777038574 8.2548341751098633
v 1.3137630224227905 -4.7976088523864746 8.3848495483398438
v 1.4552849531173706 -4.8656578063964844 8.4481344223022461
v 1.2947349548339844 -5.1132669448852539 8.742609977722168
v 1.1652469635009766 -5.0165438652038574 8.7833490371704102
v 1.1178480386734009 -4.9446010589599609 8.9033889770507812
v 1.1939820051193237 -4.9473891258239746 9.0335140228271484
v 1.3354049921035767 -5.015388011932373 9.0966863632202148
v 1.4223430156707764 -4.9161229133605957 8.6504087448120117
v 1.2927989959716797 -4.81927490234375 8.6912126541137695
v 1.2454630136489868 -4.7474498748779297 8.8111848831176758
v 1.3214980363845825 -4.7501950263977051 8.9412050247192383
v 1.4630140066146851 -4.8182439804077148 9.004486083984375
v 1.2490030527114868 -5.192896842956543 7.8783631324768066
v 1.1245089769363403 -5.1011300086975098 7.8277959823608398
v 1.223039984703064 -5.164064884185791 7.9271388053894043
v 1.2883269786834717 -5.2297019958496094 7.8467741012573242
v 1.1466549634933472 -5.1280479431152344 7.7751908302307129
v 1.1807980537414551 -5.1766681671142578 7.6409578323364258
v 1.1498379707336426 -5.1397309303283691 7.7118210792541504
v 1.3165500164031982 -5.2658839225769043 7.7704949378967285
v 1.2834759950637817 -5.1528592109680176 7.8683910369873047
v 1.1590150594711304 -5.0611357688903809 7.8177242279052734
v 1.2575130462646484 -5.1239891052246094 7.9174070358276367
v 1.3229739665985107 -5.1898069381713867 7.836799144744873
v 1.1810590028762817 -5.0878868103027344 7.7656412124633789
v 1.2155829668045044 -5.1368560791015625 7.6311588287353516
v 1.1844170093536377 -5.099696159362793 7.702362060546875
v 1.3513510227203369 -5.226128101348877 7.7604389190673828
v 1.0251489877700806 -4.5499382019042969 6.6034860610961914
v 1.0057300329208374 -4.5124602317810059 6.7210378646850586
v 1.0526469945907593 -4.6022930145263672 6.7690019607543945
v 1.0719530582427979 -4.6387248039245605 6.6525712013244629
v 1.1295260190963745 -4.4946560859680176 6.5584697723388672
v 1.10064697265625 -4.4609260559082031 6.6796660423278809
v 1.1693919897079468 -4.5399460792541504 6.7269430160522461
v 1.1968070268630981 -4.5703330039978027 6.6098928451538086
v 1.2071620225906372 -5.1260318756103516 8.4513120651245117
v 1.0990289449691772 -5.0669751167297363 8.350590705871582
v 1.0800859928131104 -5.036797046661377 8.402674674987793
v 1.1841850280761719 -5.094153881072998 8.4996881484985352
v 1.2444750070571899 -5.1649031639099121 8.4197597503662109
v 1.0984389781951904 -5.0824928283691406 8.2879724502563477
v 1.2680679559707642 -5.2057971954345703 8.3442926406860352
v 1.125080943107605 -5.1238269805908203 8.2177858352661133
v 1.132891058921814 -5.0276618003845215 8.3366098403930664
v 1.1140179634094238 -4.9976811408996582 8.3881778717041016
v 1.2181040048599243 -5.0549349784851074 8.4855260848999023
v 1.2410670518875122 -5.0868668556213379 8.4369125366210938
v 1.1324809789657593 -5.0432991981506348 8.274078369140625
v 1.2785550355911255 -5.1258797645568848 8.4053573608398438
v 1.3022960424423218 -5.1669201850891113 8.3298072814941406
v 1.1593090295791626 -5.0848779678344727 8.2035551071166992
v 1.2143169641494751 -5.0668320655822754 9.0200529098510742
v 1.1198990345001221 -5.0112709999084473 8.904627799987793
v 1.0970000028610229 -4.9767518043518066 8.9522342681884766
v 1.1878700256347656 -5.0307388305664062 9.0634403228759766
v 1.2529599666595459 -5.1092071533203125 8.9953594207763672
v 1.1251230239868164 -5.031221866607666 8.8434963226318359
v 1.282431960105896 -5.156257152557373 8.9257755279541016
v 1.1570580005645752 -5.0784420967102051 8.7795047760009766
v 1.1567189693450928 -4.9743261337280273 8.8917007446289062
v 1.1339340209960938 -4.9400448799133301 8.9388160705566406
v 1.2247610092163086 -4.9939041137695312 9.0503463745117188
v 1.2512160539627075 -5.0300660133361816 9.0067281723022461
v 1.1621060371398926 -4.9943981170654297 8.8306827545166016
v 1.290024995803833 -5.0725898742675781 8.9820566177368164
v 1.3196480274200439 -5.1197972297668457 8.91241455078125
v 1.1942509412765503 -5.0418930053710938 8.7663946151733398
v 1.8926010131835938 -4.4549660682678223 6.6962771415710449
v 1.8835190534591675 -4.5436058044433594 6.7577199935913086
v 1.8616950511932373 -4.6464419364929199 6.6906089782714844
v 1.7689310312271118 -4.5970649719238281 6.6222009658813477
v 1.8640600442886353 -4.4945869445800781 6.583488941192627
v 2.0516469478607178 -4.4803171157836914 6.6834039688110352
v 2.0425660610198975 -4.5689578056335449 6.7448468208312988
v 2.0207419395446777 -4.6717939376831055 6.6777358055114746
v 2.0206539630889893 -4.6444082260131836 6.5755767822265625
v 2.0354349613189697 -4.5199389457702637 6.5578317642211914
v 2.0911190509796143 -4.5778999328613281 6.6338200569152832
v 1.8864389657974243 -4.655756950378418 6.9212241172790527
v 2.0413379669189453 -4.6805381774902344 6.9088249206542969
v 2.0195140838623047 -4.7833738327026367 6.8417139053344727
v 2.0353019237518311 -4.6070570945739746 6.7301130294799805
v 2.0280220508575439 -4.6413612365722656 6.707726001739502
v 2.0269410610198975 -4.7483792304992676 6.8645520210266113
v 2.0967249870300293 -4.6168618202209473 6.6551041603088379
v 2.0857141017913818 -4.7237510681152344 6.8884248733520508
v 2.0784339904785156 -4.7580552101135254 6.8660368919372559
v 2.09906005859375 -4.5829148292541504 6.6844792366027832
v 1.8646149635314941 -4.7585930824279785 6.8541131019592285
v 2.033919095993042 -4.7154960632324219 6.886012077331543
v 1.9655419588088989 -4.9226679801940918 7.2670211791992188
v 1.9354829788208008 -4.8526821136474609 7.2854948043823242
v 1.8776609897613525 -4.9474020004272461 7.2457971572875977
v 1.8335709571838379 -5.0627927780151367 7.8039507865905762
v 1.8035119771957397 -4.9928069114685059 7.8224239349365234
v 1.7456909418106079 -5.087526798248291 7.7827267646789551
v 2.0219399929046631 -4.7389421463012695 6.854121208190918
v 1.9842280149459839 -4.6797699928283691 6.8942070007324219
v 1.9394060373306274 -4.7586507797241211 6.8357448577880859
v 1.6064980030059814 -5.1952571868896484 7.6111202239990234
v 1.8326170444488525 -5.0901021957397461 7.7144150733947754
v 1.7668540477752686 -5.0595297813415527 7.9078330993652344
v 1.6198760271072388 -5.1199479103088379 7.9651107788085938
v 1.5259490013122559 -4.9756717681884766 7.531836986541748
v 1.7202110290527344 -4.8537149429321289 7.6415472030639648
v 1.6544109582901001 -4.84039306640625 7.834719181060791
v 1.5073310136795044 -4.9008588790893555 7.8921017646789551
v 1.6230340003967285 -5.1705098152160645 8.2061834335327148
v 1.8557120561599731 -5.0355720520019531 8.290614128112793
v 1.7868180274963379 -5.0029268264770508 8.480961799621582
v 1.645395040512085 -5.0709261894226074 8.5441341400146484
v 1.5355069637298584 -4.9643921852111816 8.0988826751708984
v 1.7229980230331421 -4.8209371566772461 8.1947650909423828
v 1.6540490388870239 -4.7976088523864746 8.3848495483398438
v 1.5125269889831543 -4.8656578063964844 8.4481344223022461
v 1.6730779409408569 -5.1132669448852539 8.742609977722168
v 1.8511500358581543 -4.9737329483032227 8.8433685302734375
v 1.7738300561904907 -4.9473891258239746 9.0335140228271484
v 1.6324069499969482 -5.015388011932373 9.0966863632202148
v 1.5454690456390381 -4.9161229133605957 8.6504087448120117
v 1.7153689861297607 -4.7735228538513184 8.7511987686157227
v 1.6463140249252319 -4.7501950263977051 8.9412050247192383
v 1.5047980546951294 -4.8182439804077148 9.004486083984375
v 1.8433029651641846 -5.1011300086975098 7.8277959823608398
v 1.7447719573974609 -5.164064884185791 7.9271388053894043
v 1.6991469860076904 -5.211298942565918 7.8625679016113281
v 1.8195650577545166 -5.1338901519775391 7.7435059547424316
v 1.7870140075683594 -5.1766681671142578 7.6409578323364258
v 1.6512620449066162 -5.2658839225769043 7.7704949378967285
v 1.8087970018386841 -5.0611357688903809 7.8177242279052734
v 1.710299015045166 -5.1239891052246094 7.9174070358276367
v 1.6645870208740234 -5.171332836151123 7.8525948524475098
v 1.78507399559021 -5.0937919616699219 7.7340011596679688
v 1.7522280216217041 -5.1368560791015625 7.6311588287353516
v 1.6164599657058716 -5.226128101348877 7.7604389190673828
v 1.8690780401229858 -5.0747342109680176 8.3192815780639648
v 1.8877259492874146 -5.036797046661377 8.402674674987793
v 1.7836270332336426 -5.094153881072998 8.4996881484985352
v 1.7419940233230591 -5.1454682350158691 8.4355363845825195
v 1.6997439861297607 -5.2057971954345703 8.3442926406860352
v 1.8427309989929199 -5.1238269805908203 8.2177858352661133
v 1.8351260423660278 -5.0354809761047363 8.3053436279296875
v 1.8537939786911011 -4.9976811408996582 8.3881778717041016
v 1.7497080564498901 -5.0549349784851074 8.4855260848999023
v 1.7080010175704956 -5.1063728332519531 8.4211349487304688
v 1.6655160188674927 -5.1669201850891113 8.3298072814941406
v 1.8085030317306519 -5.0848779678344727 8.2035551071166992
v 1.8453010320663452 -5.0212469100952148 8.8740615844726562
v 1.8708120584487915 -4.9767518043518066 8.9522342681884766
v 1.7799429893493652 -5.0307388305664062 9.0634403228759766
v 1.7341740131378174 -5.0880188941955566 9.0077056884765625
v 1.6853810548782349 -5.156257152557373 8.9257755279541016
v 1.8107539415359497 -5.0784420967102051 8.7795047760009766
v 1.80840003490448 -4.9843621253967285 8.8611917495727539
v 1.8338780403137207 -4.9400448799133301 8.9388160705566406
v 1.7430520057678223 -4.9939041137695312 9.0503463745117188
v 1.6971909999847412 -5.051328182220459 8.9943923950195312
v 1.6481640338897705 -5.1197972297668457 8.91241455078125
v 1.7735610008239746 -5.0418930053710938 8.7663946151733398
v 1.0286040306091309 -4.5354709625244141 1.9071069955825806
v 1.125391960144043 -4.5359621047973633 1.907107949256897
v 1.125391960144043 -4.5359621047973633 1.965459942817688
v 1.0286040306091309 -4.5354709625244141 1.9654589891433716
v 1.125391960144043 -4.3952040672302246 1.965459942817688
v 1.125391960144043 -4.3952040672302246 1.907107949256897
v 1.0286040306091309 -4.3950238227844238 1.9071069955825806
v 1.0286029577255249 -4.3950238227844238 1.9654589891433716
v 1.0045479536056519 -4.4652481079101562 1.9654589891433716
v 1.0045479536056519 -4.4652471542358398 1.9071069955825806
v 1.2657710313796997 -4.5500931739807129 -3.4348199367523193
v 1.2657710313796997 -4.5500931739807129 -3.59735107421875
v 1.2657710313796997 -4.3614177703857422 -3.59735107421875
v 1.2657710313796997 -4.3614177703857422 -3.4348199367523193
v 1.70203697681427 -4.5500931739807129 -3.4348199367523193
v 1.70203697681427 -4.5500931739807129 -3.59735107421875
v 1.70203697681427 -4.3614177703857422 -3.59735107421875
v 1.70203697681427 -4.3614177703857422 -3.4348199367523193
v 1.3296339511871338 -3.9197430610656738 9.303318977355957
v 1.2636640071868896 -3.8639791011810303 9.1521501541137695
v 1.4839060306549072 -3.8674499988555908 9.2982683181762695
v 1.2621790170669556 -3.8807649612426758 9.0995616912841797
v 1.4839060306549072 -3.8427269458770752 9.1269187927246094
v 1.1959689855575562 -3.7896299362182617 8.7571840286254883
v 1.4839060306549072 -3.7332611083984375 8.7901430130004883
v 1.1959689855575562 -3.7440259456634521 8.7057695388793945
v 1.4839060306549072 -3.6771590709686279 8.7333707809448242
v 1.220041036605835 -3.6803710460662842 8.3690681457519531
v 1.4839060306549072 -3.624269962310791 8.3858480453491211
v 1.220041036605835 -3.6459751129150391 8.346043586730957
v 1.4839060306549072 -3.5898740291595459 8.3628263473510742
v 1.2946640253067017 -4.0571398735046387 9.3394432067871094
v 1.0595690011978149 -4.1457347869873047 8.8981313705444336
v 0.95040297508239746 -3.9694819450378418 8.3919668197631836
v 1.0013970136642456 -3.839622974395752 8.2569046020507812
v 1.0449680089950562 -3.7771730422973633 8.2960395812988281
v 1.0086840391159058 -3.9084999561309814 8.5431413650512695
v 1.0474389791488647 -3.9552710056304932 8.7635374069213867
v 1.0995509624481201 -3.9736709594726562 8.9601297378540039
v 0.95697802305221558 -4.1190428733825684 8.1454305648803711
v 0.91620701551437378 -4.4009881019592285 8.3778295516967773
v 0.96885097026824951 -3.9138739109039307 7.9787120819091797
v 0.90765601396560669 -4.0193829536437988 6.3723931312561035
v 1.1260099411010742 -4.900245189666748 9.1105070114135742
v 1.1526050567626953 -4.8781590461730957 8.5949716567993164
v 0.89655399322509766 -4.4114460945129395 8.0780515670776367
v 0.94907099008560181 -4.4966669082641602 6.7410769462585449
v 0.8846210241317749 -4.2533869743347168 6.5580811500549316
v 0.91923302412033081 -3.9163570404052734 7.3679327964782715
v 0.88626700639724731 -4.4737868309020996 7.6909599304199219
v 0.79344600439071655 -4.1287460327148438 7.267035961151123
v 0.89130300283432007 -4.0093698501586914 6.9321517944335938
v 0.87553697824478149 -4.4237270355224609 7.2866411209106445
v 0.83543902635574341 -4.2174239158630371 7.1173720359802246
v 0.85126602649688721 -4.0141291618347168 6.6470141410827637
v 0.80907398462295532 -4.3592162132263184 6.9325900077819824
v 0.8285670280456543 -4.2272548675537109 6.8009920120239258
v 1.0131139755249023 -3.7702469825744629 7.8735017776489258
v 0.97358298301696777 -3.7720029354095459 6.4461498260498047
v 0.88990199565887451 -3.9160299301147461 7.4549160003662109
v 0.829367995262146 -3.9982988834381104 7.0294079780578613
v 0.80641800165176392 -4.3995590209960938 7.3345270156860352
v 0.7832990288734436 -4.2195591926574707 7.1507248878479004
v 1.1075390577316284 -3.4126830101013184 4.1613011360168457
v 1.4839049577713013 -3.1802349090576172 4.1448531150817871
v 0.9583430290222168 -3.6128649711608887 4.1787247657775879
v 0.8367689847946167 -3.9656610488891602 4.2556519508361816
v 0.93756300210952759 -4.3517627716064453 4.2566170692443848
v 0.88719499111175537 -3.7720661163330078 4.2252440452575684
v 0.99358701705932617 -4.4278512001037598 6.5424261093139648
v 0.81282699108123779 -4.0003352165222168 6.4640259742736816
v 0.76891201734542847 -4.2271881103515625 6.6105442047119141
v 0.98296302556991577 -3.7720661163330078 6.2024421691894531
v 0.82390397787094116 -4.455963134765625 6.8232889175415039
v 0.88351398706436157 -4.761052131652832 7.1599469184875488
v 0.95067101716995239 -4.8408889770507812 7.5211029052734375
v 1.0404080152511597 -4.8487019538879395 7.9012508392333984
v 0.91065001487731934 -4.6165189743041992 7.8923149108886719
v 1.2002140283584595 -4.9614591598510742 9.0254411697387695
v 1.2003329992294312 -4.9665942192077637 8.1532316207885742
v 1.2192150354385376 -4.9805631637573242 7.7516870498657227
v 1.2223340272903442 -4.5875840187072754 6.9738421440124512
v 1.1234530210494995 -4.8336291313171387 7.0513210296630859
v 1.1765810251235962 -4.5636820793151855 6.5315818786621094
v 1.0863690376281738 -4.7988600730895996 6.7574801445007324
v 1.1597620248794556 -4.9409232139587402 7.5181159973144531
v 1.0209139585494995 -5.0075631141662598 6.8061962127685547
v 1.3477929830551147 -4.8622889518737793 6.8588337898254395
v 1.3328820466995239 -5.0438551902770996 6.9376368522644043
v 1.3829419612884521 -5.1720771789550781 9.1427955627441406
v 1.3687059879302979 -5.2032871246337891 8.5758419036865234
v 1.3623889684677124 -5.2017459869384766 8.1840629577636719
v 1.3735040426254272 -5.2472448348999023 7.5472631454467773
v 1.3849990367889404 -5.3163819313049316 7.2632169723510742
v 1.4839060306549072 -5.2622132301330566 8.5758419036865234
v 1.4839060306549072 -5.4828939437866211 7.1863598823547363
v 1.4415030479431152 -5.0357770919799805 9.9508028030395508
v 1.4839060306549072 -4.5814127922058105 10.637256622314453
v 1.3775089979171753 -4.6424617767333984 6.795896053314209
v 1.3597639799118042 -4.8622889518737793 7.0070548057556152
v 1.3338780403137207 -5.0378398895263672 7.1499438285827637
v 1.3684090375900269 -4.1574859619140625 9.6246204376220703
v 1.4839060306549072 -4.1803340911865234 9.6974105834960938
v 1.4839060306549072 -4.3339672088623047 9.4273748397827148
v 1.4839060306549072 -4.5933928489685059 9.722203254699707
v 1.3590669631958008 -4.7032980918884277 9.7281866073608398
v 1.2817820310592651 -4.7382569313049316 9.3201265335083008
v 1.3435180187225342 -4.6009650230407715 9.4264259338378906
v 1.4359179735183716 -4.7902851104736328 10.363073348999023
v 1.4191750288009644 -4.6482229232788086 10.307435989379883
v 1.4839060306549072 -4.6312198638916016 10.30570125579834
v 1.1868979930877686 -4.6535539627075195 9.0711479187011719
v 1.3139239549636841 -4.5408158302307129 9.1958522796630859
v 1.3123300075531006 -4.3745732307434082 9.274144172668457
v 1.2272160053253174 -4.3486309051513672 9.1955032348632812
v 1.4839060306549072 -4.6405491828918457 9.7752523422241211
v 1.2253110408782959 -4.8551201820373535 9.4473991394042969
v 1.4104009866714478 -5.142916202545166 9.4672021865844727
v 1.3089289665222168 -4.7545509338378906 9.4547529220581055
v 1.4839060306549072 -4.5359978675842285 9.543522834777832
v 1.3465100526809692 -4.6358680725097656 9.540349006652832
v 1.373136043548584 -4.6364917755126953 9.6342668533325195
v 1.4839060306549072 -4.5824170112609863 9.624079704284668
v 1.3546630144119263 -4.6221351623535156 9.4824647903442383
v 1.371461033821106 -4.6609139442443848 9.5692138671875
v 1.2171469926834106 -4.4908089637756348 9.1090021133422852
v 0.90492600202560425 -4.6299538612365723 7.5376491546630859
v 1.4839049577713013 -4.6525888442993164 4.2566170692443848
v 1.2154550552368164 -3.3293530941009521 4.2858700752258301
v 1.1735090017318726 -3.4472498893737793 5.7416601181030273
v 1.0714000463485718 -3.5471880435943604 5.6795229911804199
v 0.86073201894760132 -3.9811201095581055 5.8980717658996582
v 0.92277199029922485 -3.7720661163330078 5.7335410118103027
v 0.94625997543334961 -4.3491559028625488 6.0520138740539551
v 1.4839060306549072 -4.6525888442993164 6.0308561325073242
v 0.84141498804092407 -4.1232857704162598 4.2566170692443848
v 0.86355799436569214 -4.1204428672790527 6.077239990234375
v 0.87064802646636963 -4.1287732124328613 6.4504790306091309
v 1.1239989995956421 -3.4286429882049561 5.4975271224975586
v 1.0080510377883911 -3.5902390480041504 5.5045919418334961
v 0.86118602752685547 -3.9811201095581055 5.6152729988098145
v 0.91347801685333252 -3.7720661163330078 5.5441598892211914
v 0.94474500417709351 -4.3497681617736816 5.6258649826049805
v 1.1447470188140869 -4.581852912902832 5.6214561462402344
v 0.86137902736663818 -4.1210808753967285 5.668698787689209
v 0.85495299100875854 -4.1086230278015137 5.5555567741394043
v 1.1712319850921631 -3.443350076675415 5.1078429222106934
v 1.075808048248291 -3.5230910778045654 5.0321831703186035
v 0.85323601961135864 -3.9817399978637695 5.2129969596862793
v 0.90800100564956665 -3.7692089080810547 5.084047794342041
v 0.84877502918243408 -4.1225118637084961 4.9457211494445801
v 1.1801780462265015 -3.4286429882049561 4.425178050994873
v 1.0592499971389771 -3.5208389759063721 4.3388490676879883
v 0.83983498811721802 -4.0130782127380371 4.6192288398742676
v 0.90084898471832275 -3.7605578899383545 4.4017748832702637
v 1.1134589910507202 -3.4286429882049561 4.8762388229370117
v 0.97584402561187744 -3.6128649711608887 4.8771390914916992
v 0.84824502468109131 -3.9783270359039307 4.9673080444335938
v 0.89570701122283936 -3.7720661163330078 4.9033241271972656
v 0.93756401538848877 -4.3507418632507324 4.9882168769836426
v 1.1447470188140869 -4.581852912902832 4.9901590347290039
v 0.85092097520828247 -4.121884822845459 5.004918098449707
v 1.2787810564041138 -3.4192368984222412 5.5927810668945312
v 1.2076970338821411 -3.4664440155029297 5.5015339851379395
v 1.0377860069274902 -3.6033940315246582 5.4982051849365234
v 0.94450902938842773 -3.7720661163330078 5.5309839248657227
v 0.88734298944473267 -3.9811201095581055 5.5960721969604492
v 0.89894497394561768 -4.1001110076904297 5.6484818458557129
v 0.89089000225067139 -4.093073844909668 5.5518379211425781
v 0.88993799686431885 -3.9816620349884033 5.2354378700256348
v 0.94063997268676758 -3.7720661163330078 5.0985898971557617
v 1.1105959415435791 -3.5318450927734375 5.052116870880127
v 1.197098970413208 -3.4725809097290039 5.129723072052002
v 1.1269210577011108 -3.5620319843292236 5.6890082359313965
v 0.94576501846313477 -3.7720661163330078 5.7660150527954102
v 0.90811002254486084 -3.9843111038208008 5.9350919723510742
v 0.90049898624420166 -4.096107006072998 6.085996150970459
v 0.89937901496887207 -4.1075301170349121 6.4337019920349121
v 0.97430801391601562 -3.762937068939209 7.7694811820983887
v 0.92368501424789429 -3.9565699100494385 7.9223928451538086
v 0.91288101673126221 -4.1353812217712402 8.089686393737793
v 1.0321429967880249 -3.8120501041412354 7.5891098976135254
v 0.97425198554992676 -3.978018045425415 7.8401589393615723
v 0.93971097469329834 -4.3060059547424316 8.3850679397583008
v 0.96233397722244263 -4.1637377738952637 8.0024480819702148
v 0.98086601495742798 -4.4764299392700195 8.3482131958007812
v 0.97988897562026978 -3.8965260982513428 7.0851430892944336
v 1.2924820184707642 -3.3203980922698975 4.3951511383056641
v 1.0636910200119019 -3.5839018821716309 5.9284329414367676
v 0.92511701583862305 -3.8465039730072021 6.6884088516235352
v 0.95924597978591919 -3.7106420993804932 7.193662166595459
v 1.0985250473022461 -3.6157660484313965 7.5240488052368164
v 0.98205399513244629 -3.6190369129180908 7.1173009872436523
v 1.0373549461364746 -3.5803050994873047 6.4794540405273438
v 1.218703031539917 -3.3939709663391113 7.4307518005371094
v 1.1993769407272339 -3.4599099159240723 5.8236708641052246
v 1.2376129627227783 -3.3775730133056641 6.8850641250610352
v 1.2096879482269287 -3.4147439002990723 6.2274260520935059
v 1.2885760068893433 -3.3028910160064697 4.4020929336547852
v 1.0051699876785278 -3.5252840518951416 7.1042051315307617
v 1.0879340171813965 -3.3966150283813477 5.8312520980834961
v 1.0930789709091187 -3.5949020385742188 6.9704041481018066
v 1.2389609813690186 -3.3497719764709473 6.1898269653320312
v 0.96216398477554321 -3.5358290672302246 6.4891800880432129
v 1.21294105052948 -3.3497929573059082 6.921389102935791
v 1.2133849859237671 -3.3245930671691895 6.2154860496520996
v 0.92584997415542603 -3.5410869121551514 5.9397168159484863
v 0.82389301061630249 -3.8165020942687988 6.7079758644104004
v 0.88811600208282471 -3.6855840682983398 7.2096128463745117
v 0.99528098106384277 -3.588184118270874 7.7040410041809082
v 1.2456760406494141 -3.3069479465484619 5.7420749664306641
v 1.2564510107040405 -3.3454470634460449 5.7411179542541504
v 1.255370020866394 -3.3355789184570312 4.9486551284790039
v 1.2470200061798096 -3.3014841079711914 4.946016788482666
v 1.1533149480819702 -3.3773250579833984 4.7900791168212891
v 1.1422820091247559 -3.3392078876495361 4.7907471656799316
v 1.4839049577713013 -3.2591331005096436 4.3945751190185547
v 1.4839060306549072 -3.2229399681091309 6.0005397796630859
v 1.4839060306549072 -3.1967968940734863 6.0634169578552246
v 1.4839060306549072 -3.2133569717407227 5.628176212310791
v 1.4839060306549072 -3.240825891494751 6.7679638862609863
v 1.4839049577713013 -3.2095398902893066 4.4033432006835938
v 1.4839060306549072 -3.2849800586700439 7.1981978416442871
v 1.2227410078048706 -3.4995839595794678 8.0062799453735352
v 1.2459520101547241 -3.3058240413665771 5.5783162117004395
v 1.2252169847488403 -3.355989933013916 5.6091551780700684
v 1.0357240438461304 -3.6130979061126709 7.6765260696411133
v 0.94137901067733765 -3.8815419673919678 6.8698911666870117
v 1.20728600025177 -3.3439109325408936 4.9876642227172852
v 1.2198400497436523 -3.4286420345306396 4.849308967590332
v 1.032412052154541 -3.606442928314209 4.8543782234191895
v 0.93376600742340088 -3.7712678909301758 4.8849711418151855
v 0.88560700416564941 -3.9783270359039307 4.9468951225280762
v 0.88590002059936523 -4.1114392280578613 4.9761929512023926
v 0.88529902696609497 -4.1056370735168457 4.9332242012023926
v 0.87359797954559326 -4.0069270133972168 4.6379990577697754
v 0.93204200267791748 -3.761293888092041 4.4291372299194336
v 1.11223304271698 -3.5610148906707764 4.3789339065551758
v 1.2021750211715698 -3.4560680389404297 4.4353280067443848
v 1.2067489624023438 -3.4569580554962158 4.8501157760620117
v 1.2181060314178467 -3.3629798889160156 7.4510588645935059
v 0.9203529953956604 -3.9747040271759033 7.1696147918701172
v 1.0832129716873169 -4.8604001998901367 8.2283515930175781
v 1.1522949934005737 -4.967559814453125 8.3782873153686523
v 1.2850329875946045 -5.1356592178344727 8.5749483108520508
v 1.2788710594177246 -5.0992369651794434 8.7559223175048828
v 1.2393929958343506 -4.9597082138061523 8.7420997619628906
v 0.93458998203277588 -4.6148080825805664 8.1430625915527344
v 0.89392197132110596 -4.4841032028198242 7.9605197906494141
v 1.0476100444793701 -4.9132118225097656 8.4764995574951172
v 0.85164898633956909 -3.9390130043029785 7.2888832092285156
v 0.81294798851013184 -4.4358658790588379 7.7454710006713867
v 0.82801097631454468 -4.5821280479431152 7.9684000015258789
v 0.94206899404525757 -3.7584350109100342 7.1443610191345215
v 0.91367602348327637 -4.7531890869140625 8.2140016555786133
v 1.1858090162277222 -5.0476841926574707 8.6585254669189453
v 1.0101610422134399 -4.6501808166503906 8.5956258773803711
v 1.1496020555496216 -4.8597750663757324 8.8878545761108398
v 1.2565720081329346 -4.9472088813781738 8.9857749938964844
v 1.2883340120315552 -5.0667819976806641 9.1004838943481445
v 1.308899998664856 -5.062769889831543 9.2748289108276367
v 1.277413010597229 -4.9293580055236816 9.3254966735839844
v 1.1930630207061768 -4.837913990020752 9.1718568801879883
v 1.0916340351104736 -4.7257108688354492 9.0076198577880859
v 0.93174302577972412 -4.5678977966308594 8.616969108581543
v 0.98523300886154175 -4.7039589881896973 8.8315401077270508
v 0.86991602182388306 -4.0107879638671875 6.8392810821533203
v 0.85331100225448608 -4.2636542320251465 7.0752830505371094
v 0.86292397975921631 -4.6473760604858398 7.2653012275695801
v 1.095937967300415 -4.9838781356811523 7.744938850402832
v 1.3068039417266846 -5.1501660346984863 7.9325251579284668
v 1.0630179643630981 -3.6142759323120117 6.3062448501586914
v 0.9036790132522583 -3.7814610004425049 6.5589818954467773
v 0.8194429874420166 -4.0124812126159668 6.7418298721313477
v 0.77399402856826782 -4.2122402191162109 6.9057297706604004
v 0.77795302867889404 -4.4579868316650391 7.1624212265014648
v 0.78147000074386597 -4.651832103729248 7.4396982192993164
v 0.89355701208114624 -4.8491911888122559 7.7399868965148926
v 1.0456019639968872 -5.0297021865844727 7.9939579963684082
v 1.4839049577713013 -3.4416770935058594 4.2563700675964355
v 1.2174630165100098 -3.5012149810791016 4.3781790733337402
v 1.1628600358963013 -3.4126830101013184 4.1613011360168457
v 1.0054459571838379 -3.6128649711608887 4.1787247657775879
v 0.93429797887802124 -3.7720661163330078 4.2252440452575684
v 1.2472690343856812 -3.3402180671691895 4.2858700752258301
v 0.88406097888946533 -3.9656190872192383 4.2566180229187012
v 1.3522989749908447 -4.6424617767333984 6.6735281944274902
v 1.0217779874801636 -4.805473804473877 7.0934591293334961
v 0.82475799322128296 -4.3729162216186523 7.5166821479797363
v 0.8604620099067688 -4.3512539863586426 7.5557432174682617
v 0.81409502029418945 -4.1617069244384766 7.1928491592407227
v 0.87041997909545898 -4.0886139869689941 7.3106198310852051
v 0.89525401592254639 -4.0156650543212891 7.4546890258789062
v 0.85826897621154785 -3.9999699592590332 7.5252790451049805
v 0.88439500331878662 -3.9477710723876953 7.6228938102722168
v 0.88641899824142456 -3.991987943649292 7.5272650718688965
v 0.91995400190353394 -3.9452419281005859 7.6239581108093262
v 0.86515897512435913 -4.3050990104675293 7.7667198181152344
v 0.88017398118972778 -4.2302370071411133 7.905148983001709
v 0.82814198732376099 -4.3382492065429688 7.6403841972351074
v 0.99336099624633789 -4.0796480178833008 8.7058296203613281
v 0.95678699016571045 -3.9771339893341064 8.3793554306030273
v 1.0143109560012817 -3.8457529544830322 8.2202119827270508
v 1.0658489465713501 -3.7557179927825928 8.1505928039550781
v 1.0372810363769531 -3.7291109561920166 8.1657943725585938
v 0.97161000967025757 -4.0034232139587402 8.2494564056396484
v 0.9804459810256958 -4.0382251739501953 8.3487186431884766
v 0.98865801095962524 -4.0421581268310547 8.565455436706543
v 0.96373498439788818 -4.100316047668457 8.4480142593383789
v 0.95576798915863037 -4.0980567932128906 8.2974491119384766
v 0.93938201665878296 -4.2214717864990234 8.5265998840332031
v 1.0092309713363647 -4.5282139778137207 8.6816692352294922
v 1.3041199445724487 -4.8799238204956055 9.5831823348999023
v 1.3026520013809204 -4.9661312103271484 9.4045791625976562
v 1.0040949583053589 -4.4839601516723633 8.7459115982055664
v 1.0853420495986938 -4.692011833190918 9.0465335845947266
v 1.1600840091705322 -4.7807998657226562 9.2398309707641602
v 1.238798975944519 -4.2373600006103516 9.33673095703125
v 1.3324700593948364 -4.2962398529052734 9.4340324401855469
v 1.1622329950332642 -4.1011390686035156 9.1985254287719727
v 1.42113196849823 -5.2091851234436035 9.2064723968505859
v 1.4494160413742065 -5.3265490531921387 9.1611509323120117
v 1.32635498046875 -5.0270328521728516 9.4275426864624023
v 1.3316129446029663 -4.9063668251037598 9.7940101623535156
v 1.4062750339508057 -5.0796217918395996 9.7616872787475586
v 1.4551750421524048 -5.2067070007324219 9.6967134475708008
v 1.4839060306549072 -5.1216959953308105 9.7143335342407227
v 1.4839060306549072 -5.2660088539123535 9.1559371948242188
v 1.1448440551757812 -4.561251163482666 6.0322580337524414
v 1.1919529438018799 -4.5691051483154297 4.2566170692443848
v 1.3397090435028076 -4.6247539520263672 6.5351071357727051
v 1.3363410234451294 -4.6410441398620605 6.0459637641906738
v 1.336292028427124 -4.6513447761535645 5.5682511329650879
v 1.336292028427124 -4.6550769805908203 5.0541071891784668
v 1.3380249738693237 -4.6328988075256348 6.2761268615722656
v 1.4839060306549072 -4.6525888442993164 5.7899069786071777
v 1.3363159894943237 -4.6461939811706543 5.7574000358581543
v 1.336292028427124 -4.653313159942627 5.2053899765014648
v 1.336292028427124 -4.6520428657531738 4.3941059112548828
v 1.336292028427124 -4.6540861129760742 4.7391891479492188
v 1.4839060306549072 -4.7279667854309082 6.1152057647705078
v 1.4839060306549072 -4.7366781234741211 5.599696159362793
v 1.4839060306549072 -4.7604479789733887 5.0798530578613281
v 1.4386420249938965 -4.7227492332458496 6.1190390586853027
v 1.4385939836502075 -4.7297568321228027 5.6051759719848633
v 1.4385939836502075 -4.7421422004699707 5.0858011245727539
v 1.4403259754180908 -4.7189631462097168 6.2367968559265137
v 1.4386179447174072 -4.7322578430175781 5.7231597900390625
v 1.4839060306549072 -4.7502841949462891 5.1904449462890625
v 1.4385939836502075 -4.7392759323120117 5.1844978332519531
v 1.4839049577713013 -4.759678840637207 4.3869128227233887
v 1.4385939836502075 -4.75848388671875 4.3898792266845703
v 1.4839060306549072 -4.8187689781188965 4.5700922012329102
v 1.4385939836502075 -4.7905020713806152 4.5660891532897949
v 1.4839060306549072 -4.7285981178283691 4.654961109161377
v 1.387442946434021 -4.7138547897338867 4.6251869201660156
v 1.3467869758605957 -4.6026759147644043 9.3537073135375977
v 1.4839060306549072 -4.473517894744873 9.3024606704711914
v 1.3484209775924683 -4.555448055267334 9.2950248718261719
v 1.4839060306549072 -4.4823861122131348 9.233734130859375
v 1.2688750028610229 -4.7042970657348633 9.1987953186035156
v 0.93429797887802124 -3.7720661163330078 4.256688117980957
v 1.2512370347976685 -3.32582688331604 4.3288960456848145
v 1.0514999628067017 -3.6128649711608887 4.2566437721252441
v 1.2237080335617065 -3.5034360885620117 4.2566218376159668
v 1.2769830226898193 -3.3386459350585938 4.3174099922180176
v 1.0142970085144043 -4.3380508422851562 8.8115787506103516
v 1.0794179439544678 -3.4593830108642578 7.5775508880615234
v 1.1266119480133057 -3.6087400913238525 8.0860366821289062
v 1.0999369621276855 -3.4873349666595459 7.5536389350891113
v 1.6381779909133911 -3.9197430610656738 9.303318977355957
v 1.7041490077972412 -3.8639791011810303 9.1521501541137695
v 1.4839060306549072 -3.8170769214630127 9.1830606460571289
v 1.7056330442428589 -3.8807649612426758 9.0995616912841797
v 1.7718429565429688 -3.7668280601501465 8.7314767837524414
v 1.7477710247039795 -3.6803710460662842 8.3690681457519531
v 1.7477710247039795 -3.6459751129150391 8.346043586730957
v 1.6731480360031128 -4.0571398735046387 9.3394432067871094
v 1.90824294090271 -4.1457347869873047 8.8981313705444336
v 2.0142168998718262 -3.9733080863952637 8.3856611251831055
v 1.9228440523147583 -3.7771730422973633 8.2960395812988281
v 1.9397499561309814 -3.9318850040435791 8.6533393859863281
v 1.8682620525360107 -3.9736709594726562 8.9601297378540039
v 1.9768290519714355 -3.8420600891113281 7.9261069297790527
v 1.8688269853591919 -4.791956901550293 9.0303821563720703
v 1.8152070045471191 -4.8781590461730957 8.5949716567993164
v 2.0187408924102783 -4.4966669082641602 6.7410769462585449
v 2.0815379619598389 -3.9482080936431885 7.4287800788879395
v 2.0916678905487061 -4.041691780090332 7.2292218208312988
v 2.1268339157104492 -4.4116430282592773 7.3105840682983398
v 2.0519630908966064 -3.8338639736175537 6.3706870079040527
v 1.8602720499038696 -3.4126830101013184 4.1613011360168457
v 2.0094668865203857 -3.6128649711608887 4.1787247657775879
v 1.9373229742050171 -4.4815502166748047 4.2566170692443848
v 2.1058280467987061 -3.8688631057739258 4.240447998046875
v 1.9742239713668823 -4.4278512001037598 6.5424261093139648
v 1.7929040193557739 -4.9106168746948242 8.9566478729248047
v 1.8040750026702881 -4.9882340431213379 8.1610231399536133
v 1.7454769611358643 -4.5875840187072754 6.9738421440124512
v 1.8443590402603149 -4.8336291313171387 7.0513210296630859
v 1.7912299633026123 -4.5636820793151855 6.5315818786621094
v 1.8814430236816406 -4.7988600730895996 6.7574801445007324
v 1.8069119453430176 -4.9645757675170898 7.5791950225830078
v 1.9468979835510254 -5.0075631141662598 6.8061962127685547
v 1.6200180053710938 -4.8622889518737793 6.8588337898254395
v 1.6349300146102905 -5.0438551902770996 6.9376368522644043
v 1.565775990486145 -5.1906318664550781 9.1746339797973633
v 1.5991059541702271 -5.2032871246337891 8.5758419036865234
v 1.6054229736328125 -5.2017459869384766 8.1840629577636719
v 1.5943080186843872 -5.2472448348999023 7.5472631454467773
v 1.582813024520874 -5.3163819313049316 7.2632169723510742
v 1.4839060306549072 -5.257239818572998 8.148341178894043
v 1.4839060306549072 -5.308323860168457 7.5477237701416016
v 1.5263090133666992 -5.0357770919799805 9.9508028030395508
v 1.5903029441833496 -4.6424617767333984 6.795896053314209
v 1.6080470085144043 -4.8622889518737793 7.0070548057556152
v 1.6339329481124878 -5.0378398895263672 7.1499438285827637
v 1.4839060306549072 -4.6424617767333984 6.6944360733032227
v 1.4839060306549072 -4.8622889518737793 6.8841099739074707
v 1.4839060306549072 -5.0378398895263672 7.0255589485168457
v 1.5994030237197876 -4.1574859619140625 9.6246204376220703
v 1.6087460517883301 -4.7032980918884277 9.7281866073608398
v 1.4839060306549072 -4.5232257843017578 9.4398326873779297
v 1.5318950414657593 -4.7902851104736328 10.363073348999023
v 1.5486370325088501 -4.6482229232788086 10.307435989379883
v 1.7296040058135986 -4.6985840797424316 9.2137975692749023
v 1.4839060306549072 -4.4183602333068848 9.2483558654785156
v 1.4839060306549072 -4.6212072372436523 9.6733217239379883
v 1.5574109554290771 -5.142916202545166 9.4672021865844727
v 1.6588840484619141 -4.7545509338378906 9.4547529220581055
v 1.5946760177612305 -4.6364917755126953 9.6342668533325195
v 1.4839060306549072 -4.6207771301269531 9.5966386795043945
v 1.4839060306549072 -4.5752668380737305 9.470306396484375
v 1.6172260046005249 -4.6290011405944824 9.5114068984985352
v 1.5963510274887085 -4.6609139442443848 9.5692138671875
v 1.7158609628677368 -4.515906810760498 9.1524267196655273
v 2.0174601078033447 -4.7393279075622559 7.7194499969482422
v 1.7523560523986816 -3.3293530941009521 4.2858700752258301
v 2.1263959407806396 -4.1232857704162598 4.2566161155700684
v 2.0660879611968994 -4.1857690811157227 6.5000848770141602
v 1.9573349952697754 -4.4869260787963867 5.6236600875854492
v 1.4839060306549072 -4.6582651138305664 5.525597095489502
v 2.0956780910491943 -4.1105451583862305 5.2855792045593262
v 1.9609260559082031 -4.4874129295349121 4.9891881942749023
v 1.4839060306549072 -4.6819639205932617 5.0141510963439941
v 2.0857830047607422 -4.1082749366760254 6.0816178321838379
v 2.0188150405883789 -3.859752893447876 7.8459367752075195
v 2.0549309253692627 -4.1353812217712402 8.089686393737793
v 1.9356689453125 -3.8120501041412354 7.5891098976135254
v 1.9935590028762817 -3.978018045425415 7.8401589393615723
v 2.0054779052734375 -4.1637377738952637 8.0024480819702148
v 1.9879230260848999 -3.8965260982513428 7.0851430892944336
v 1.6753289699554443 -3.3203980922698975 4.3951511383056641
v 1.9908839464187622 -3.5624940395355225 5.9340739250183105
v 2.0085659027099609 -3.7106420993804932 7.193662166595459
v 1.8692870140075684 -3.6157660484313965 7.5240488052368164
v 1.9292809963226318 -3.5656750202178955 7.06597900390625
v 1.9304560422897339 -3.5803050994873047 6.4794540405273438
v 1.7491090297698975 -3.3939709663391113 7.4307518005371094
v 1.8531719446182251 -3.4282629489898682 5.8274621963500977
v 1.7301980257034302 -3.3775730133056641 6.8850641250610352
v 1.7581230401992798 -3.4147439002990723 6.2274260520935059
v 1.6792349815368652 -3.3028910160064697 4.4020929336547852
v 1.9626419544219971 -3.5252840518951416 7.1042051315307617
v 1.8747329711914062 -3.5949020385742188 6.9704041481018066
v 1.7288500070571899 -3.3497719764709473 6.1898269653320312
v 2.0056478977203369 -3.5358290672302246 6.4891800880432129
v 1.7548710107803345 -3.3497929573059082 6.921389102935791
v 1.7544269561767578 -3.3245930671691895 6.2154860496520996
v 2.1439189910888672 -3.8165020942687988 6.7079758644104004
v 2.0796959400177002 -3.6855840682983398 7.2096128463745117
v 1.9725309610366821 -3.588184118270874 7.7040410041809082
v 1.7221360206604004 -3.3069479465484619 5.7420740127563477
v 1.7207909822463989 -3.3014841079711914 4.946016788482666
v 1.8255289793014526 -3.3392078876495361 4.7907471656799316
v 1.4839060306549072 -3.4258348941802979 7.9890999794006348
v 1.4839060306549072 -3.2586889266967773 6.6955499649047852
v 1.4839060306549072 -3.2724928855895996 7.2646918296813965
v 1.4839060306549072 -3.2123661041259766 4.8638920783996582
v 1.7450710535049438 -3.4995839595794678 8.0062799453735352
v 1.7218589782714844 -3.3058240413665771 5.5783147811889648
v 1.9320880174636841 -3.6130979061126709 7.6765260696411133
v 1.7124409675598145 -3.3355789184570312 4.9486541748046875
v 1.9631530046463013 -3.5641400814056396 5.167971134185791
v 2.0697720050811768 -3.8774840831756592 5.2516388893127441
v 1.8144960403442383 -3.3773250579833984 4.7900791168212891
v 1.7497060298919678 -3.3629798889160156 7.4510588645935059
v 2.0262129306793213 -4.6061229705810547 7.8756470680236816
v 1.8155169486999512 -4.967559814453125 8.3782873153686523
v 1.6827789545059204 -5.1356592178344727 8.5749483108520508
v 1.6889410018920898 -5.0992369651794434 8.7559223175048828
v 1.7284189462661743 -4.9597082138061523 8.7420997619628906
v 2.0622050762176514 -4.5299439430236816 8.0502071380615234
v 1.9202020168304443 -4.9132118225097656 8.4764995574951172
v 2.1161630153656006 -3.964008092880249 7.324470043182373
v 2.1259160041809082 -4.5517621040344238 7.9183359146118164
v 2.0257420539855957 -3.7584350109100342 7.1443610191345215
v 1.7820030450820923 -5.0476841926574707 8.6585254669189453
v 1.9722989797592163 -4.5633049011230469 8.471919059753418
v 1.7112400531768799 -4.9472088813781738 8.9857749938964844
v 1.6794790029525757 -5.0667819976806641 9.1004838943481445
v 2.0493180751800537 -4.4745221138000488 8.5135736465454102
v 2.1118369102478027 -4.1255760192871094 6.9951910972595215
v 2.0558669567108154 -4.7725510597229004 7.3668642044067383
v 1.9047930240631104 -3.6142759323120117 6.3062448501586914
v 2.0748260021209717 -3.8139829635620117 6.623694896697998
v 2.1710929870605469 -4.1123600006103516 6.8237800598144531
v 2.1898589134216309 -4.4579868316650391 7.1624212265014648
v 2.1302990913391113 -4.7505121231079102 7.5898427963256836
v 1.9222099781036377 -5.0297021865844727 7.9939579963684082
v 1.7503479719161987 -3.5012149810791016 4.3781781196594238
v 1.8049509525299072 -3.4126830101013184 4.1613011360168457
v 1.9623639583587646 -3.6128649711608887 4.1787247657775879
v 2.0586309432983398 -3.8688418865203857 4.2409310340881348
v 1.7205419540405273 -3.3402180671691895 4.2858700752258301
v 1.6155129671096802 -4.6424617767333984 6.6735281944274902
v 1.4839060306549072 -4.6175789833068848 6.5386309623718262
v 1.9460330009460449 -4.805473804473877 7.0934591293334961
v 2.125201940536499 -4.3620848655700684 7.5362119674682617
v 2.1141209602355957 -4.2977490425109863 7.7525930404663086
v 2.1396698951721191 -4.3382492065429688 7.6403841972351074
v 1.927731990814209 -3.8007359504699707 8.1854019165039062
v 1.9484729766845703 -3.7843670845031738 8.2113504409790039
v 1.9962010383605957 -4.0034232139587402 8.2494564056396484
v 1.9873659610748291 -4.0382251739501953 8.3487186431884766
v 1.9768029451370239 -4.0609030723571777 8.6356430053710938
v 2.0040769577026367 -4.100316047668457 8.4480142593383789
v 2.0114390850067139 -4.1085500717163086 8.221440315246582
v 2.0282649993896484 -4.2637391090393066 8.4558343887329102
v 1.7030969858169556 -4.8675217628479004 9.5152912139892578
v 1.963718056678772 -4.4839601516723633 8.7459115982055664
v 1.8450989723205566 -4.7364058494567871 9.1431827545166016
v 1.6901090145111084 -4.3142008781433105 9.3101034164428711
v 1.8055789470672607 -4.1011390686035156 9.1985254287719727
v 1.5183960199356079 -5.3265490531921387 9.1611509323120117
v 1.6592650413513184 -5.0250787734985352 9.3355598449707031
v 1.6361989974975586 -4.9063668251037598 9.7940101623535156
v 1.5615379810333252 -5.0796217918395996 9.7616872787475586
v 1.5126379728317261 -5.2067070007324219 9.6967134475708008
v 1.4839060306549072 -5.0505471229553223 9.9699153900146484
v 1.4839060306549072 -4.8062248229980469 10.375022888183594
v 1.4839060306549072 -5.1794238090515137 9.4778404235839844
v 1.4839060306549072 -5.2429699897766113 9.1322507858276367
v 1.4839060306549072 -5.3725299835205078 9.1222686767578125
v 1.4839060306549072 -5.2373881340026855 9.6663169860839844
v 1.9565290212631226 -4.4763188362121582 6.0421361923217773
v 1.6281030178070068 -4.6247539520263672 6.5351071357727051
v 1.6314710378646851 -4.6410441398620605 6.0459637641906738
v 1.6315189599990845 -4.6513447761535645 5.5682511329650879
v 1.6315189599990845 -4.6550769805908203 5.0541071891784668
v 1.4839060306549072 -4.6350841522216797 6.2974982261657715
v 1.6297869682312012 -4.6328988075256348 6.2761268615722656
v 1.6314949989318848 -4.6461939811706543 5.7574000358581543
v 1.4839060306549072 -4.667503833770752 5.260857105255127
v 1.6315189599990845 -4.653313159942627 5.2053899765014648
v 1.4839049577713013 -4.6532378196716309 4.3843960762023926
v 1.6315189599990845 -4.6520428657531738 4.3941059112548828
v 1.4839060306549072 -4.6553058624267578 4.7947330474853516
v 1.6315189599990845 -4.6540861129760742 4.7391891479492188
v 1.529168963432312 -4.7227492332458496 6.1190390586853027
v 1.529217004776001 -4.7297568321228027 5.6051759719848633
v 1.529217004776001 -4.7421422004699707 5.0858011245727539
v 1.4839060306549072 -4.7211480140686035 6.2379021644592285
v 1.5274850130081177 -4.7189631462097168 6.2367968559265137
v 1.4839060306549072 -4.7386531829833984 5.7268967628479004
v 1.5291930437088013 -4.7322578430175781 5.7231597900390625
v 1.529217004776001 -4.7392759323120117 5.1844978332519531
v 1.529217004776001 -4.75848388671875 4.3898792266845703
v 1.529217004776001 -4.7905020713806152 4.5660891532897949
v 1.5803680419921875 -4.7138547897338867 4.6251869201660156
v 1.4839060306549072 -4.5441608428955078 9.3837413787841797
v 1.6226600408554077 -4.6018209457397461 9.3900671005249023
v 1.6193909645080566 -4.555448055267334 9.2950248718261719
v 2.033513069152832 -3.7720661163330078 4.256688117980957
v 1.71657395362854 -3.32582688331604 4.3288960456848145
v 1.9163099527359009 -3.6128649711608887 4.2566437721252441
v 1.744102954864502 -3.5034360885620117 4.2566218376159668
v 1.6908279657363892 -3.3386459350585938 4.3174099922180176
v 1.9535150527954102 -4.3380508422851562 8.8115787506103516
v 1.8883939981460571 -3.4593830108642578 7.5775508880615234
v 1.8411999940872192 -3.6087400913238525 8.0860366821289062
v 1.8678740262985229 -3.4873349666595459 7.5536389350891113
v 1.759734034538269 -5.9312829971313477 -3.4828469753265381
v 1.714853048324585 -5.9658927917480469 -3.4618680477142334
v 1.7148540019989014 -6.0468578338623047 -3.3604319095611572
v 1.2529549598693848 -6.0468587875366211 -3.3604309558868408
v 1.2080750465393066 -6.0714740753173828 -3.3183839321136475
v 1.759734034538269 -6.0714750289916992 -3.3183839321136475
v 1.6055530309677124 -5.866919994354248 -3.5236649513244629
v 1.3622549772262573 -5.8669190406799316 -3.5236659049987793
v 1.2080739736557007 -5.9312829971313477 -3.4828460216522217
v 1.2529549598693848 -5.9658927917480469 -3.4618680477142334
v 1.3622549772262573 -5.7418379783630371 -3.5925428867340088
v 1.6055530309677124 -5.7418379783630371 -3.5925440788269043
v 1.7148540019989014 -5.9046502113342285 -3.3792769908905029
v 1.2529549598693848 -5.9046487808227539 -3.3792769908905029
v 1.2529549598693848 -5.9688611030578613 -3.2919259071350098
v 1.7148540019989014 -5.9688620567321777 -3.2919259071350098
v 1.759734034538269 -5.8700418472290039 -3.4002571105957031
v 1.7597349882125854 -5.9934158325195312 -3.2468810081481934
v 1.2080750465393066 -5.9934158325195312 -3.2468810081481934
v 1.2080750465393066 -5.8700408935546875 -3.4002549648284912
v 1.3622549772262573 -5.8037199974060059 -3.4380509853363037
v 1.3622549772262573 -5.6633200645446777 -3.5151269435882568
v 1.6055530309677124 -5.6633210182189941 -3.5151278972625732
v 1.6055530309677124 -5.8037209510803223 -3.4380528926849365
v 1.7256510257720947 -2.8543119430541992 0.68270200490951538
v 1.2253730297088623 -2.8543128967285156 0.68270397186279297
v 0.93978399038314819 -4.0839929580688477 3.8349149227142334
v 1.0472780466079712 -3.6828200817108154 3.8349149227142334
v 1.2717659473419189 -3.5089840888977051 3.8349149227142334
v 1.1519240140914917 -4.4514298439025879 3.8349149227142334
v 1.0472780466079712 -4.3467841148376465 3.8349149227142334
v 1.0227799415588379 -3.9456110000610352 4.2684707641601562
v 1.1191550493240356 -3.7243189811706543 4.2684707641601562
v 1.313264012336731 -3.5808610916137695 4.2684707641601562
v 1.1934219598770142 -4.3795528411865234 4.2684707641601562
v 1.0499639511108398 -4.1854438781738281 4.2684707641601562
v 1.1252490282058716 -4.0839929580688477 3.7639439105987549
v 1.1387039422988892 -3.895395040512085 3.7639439105987549
v 1.244655966758728 -3.7387919425964355 3.7639439105987549
v 1.3644980192184448 -4.3600029945373535 3.7639439105987549
v 1.207895040512085 -4.2540521621704102 3.7639439105987549
v 1.3590370416641235 -7.3884291648864746 -0.12749099731445312
v 1.7200369834899902 -4.3741822242736816 3.5501608848571777
v 1.6989929676055908 -3.6631569862365723 -0.2581770122051239
v 1.6989929676055908 -3.6207389831542969 -0.2581770122051239
v 1.8368480205535889 -4.2441377639770508 1.7470749616622925
v 1.6989940404891968 -3.469926118850708 0.0561630018055439
v 1.6989940404891968 -3.469926118850708 -0.15229800343513489
v 1.6989940404891968 -3.3437380790710449 -0.15229900181293488
v 1.8601670265197754 -3.8905620574951172 -0.24779300391674042
v 1.8974390029907227 -3.8779990673065186 -0.36683499813079834
v 1.8974390029907227 -3.8779990673065186 -0.58818298578262329
v 1.8368539810180664 -4.6647567749023438 3.5995559692382812
v 1.8368500471115112 -5.1304202079772949 2.0100810527801514
v 1.1232650279998779 -4.6647567749023438 3.5995581150054932
v 1.1232650279998779 -4.6429538726806641 3.7763750553131104
v 1.6086950302124023 -5.8526620864868164 1.984449028968811
v 1.6850110292434692 -5.8526620864868164 1.9765369892120361
v 1.4755100011825562 -4.9263801574707031 -0.23445199429988861
v 1.4755090475082397 -4.7891521453857422 -0.42266499996185303
v 1.6271740198135376 -4.7162752151489258 -0.66878998279571533
v 1.4755079746246338 -4.768974781036377 -0.66878998279571533
v 1.6566339731216431 -5.1241779327392578 -0.07476700097322464
v 1.7431249618530273 -5.1241779327392578 0.078000001609325409
v 1.7249939441680908 -4.5783438682556152 -0.66879099607467651
v 1.4755229949951172 -5.1241788864135742 -0.15133699774742126
v 1.7922049760818481 -5.0866742134094238 1.6659899950027466
v 1.7431180477142334 -4.3741860389709473 1.6976029872894287
v 1.6850169897079468 -5.7346701622009277 0.94689100980758667
v 1.6850179433822632 -5.6683177947998047 0.8570600152015686
v 1.6140179634094238 -5.7346701622009277 0.94689100980758667
v 1.6850179433822632 -5.7984919548034668 0.95421397686004639
v 1.6140179634094238 -5.7984919548034668 0.95421397686004639
v 1.6850179433822632 -5.851830005645752 0.84722799062728882
v 1.6850179433822632 -5.7984919548034668 0.95421397686004639
v 1.6140179634094238 -5.7984919548034668 0.95421397686004639
v 1.6140170097351074 -5.851830005645752 0.84722799062728882
v 1.6850110292434692 -5.1304202079772949 1.9999059438705444
v 1.6850110292434692 -5.3628931045532227 1.9455109834671021
v 1.6850110292434692 -5.1304202079772949 1.782696008682251
v 1.6850119829177856 -5.7240638732910156 1.9999070167541504
v 1.6850110292434692 -5.6271882057189941 1.9287780523300171
v 1.6850110292434692 -5.6982507705688477 1.8628040552139282
v 1.6086939573287964 -5.6982507705688477 1.8628040552139282
v 1.7573980093002319 -3.7691190242767334 -0.66879302263259888
v 1.6522289514541626 -3.6949329376220703 -0.6687920093536377
v 1.8474839925765991 -3.8997950553894043 -0.66879302263259888
v 1.8602319955825806 -4.1692662239074707 -0.6687920093536377
v 1.8474839925765991 -3.8997950553894043 -0.66879302263259888
v 1.7431260347366333 -5.8518309593200684 0.42318499088287354
v 1.7431260347366333 -5.851830005645752 0.67727702856063843
v 1.6850179433822632 -5.851830005645752 0.67727601528167725
v 1.4755229949951172 -5.851830005645752 0.57034397125244141
v 1.6086939573287964 -5.8526620864868164 1.8989269733428955
v 1.6850110292434692 -5.8526620864868164 1.8989269733428955
v 1.6086939573287964 -5.8526620864868164 1.8989269733428955
v 1.6086950302124023 -5.8526620864868164 1.984449028968811
v 1.6086939573287964 -5.6271882057189941 1.9287780523300171
v 1.6850110292434692 -5.8526620864868164 1.8989269733428955
v 1.6850110292434692 -5.8526620864868164 1.9765369892120361
v 1.6086950302124023 -5.8526620864868164 1.984449028968811
v 1.6140170097351074 -5.851830005645752 0.84722799062728882
v 1.6140170097351074 -5.6683177947998047 0.85705900192260742
v 1.8368539810180664 -4.6647567749023438 3.5995559692382812
v 1.8368550539016724 -4.3939571380615234 3.7326829433441162
v 1.8368550539016724 -4.6429538726806641 3.776371955871582
v 1.7145760059356689 -5.4264130592346191 0.78961402177810669
v 1.6850179433822632 -5.851830005645752 0.84722799062728882
v 1.881661057472229 -5.5433969497680664 3.5934219360351562
v 1.8816570043563843 -5.8378949165344238 2.0066969394683838
v 1.2424780130386353 -7.1202621459960938 -1.2151709794998169
v 1.4755229949951172 -7.0932440757751465 -1.3206130266189575
v 1.7085520029067993 -7.1202621459960938 -1.2151720523834229
v 1.4755090475082397 -3.3437380790710449 -0.31150001287460327
v 1.6179529428482056 -3.3437380790710449 -0.26822501420974731
v 1.123263955116272 -4.3741822242736816 3.4749369621276855
v 1.1232650279998779 -4.3939571380615234 3.7326850891113281
v 1.8368539810180664 -4.3741822242736816 3.4749350547790527
v 1.7922049760818481 -5.0866742134094238 1.6659899950027466
v 1.2079130411148071 -5.0866742134094238 1.6659920215606689
v 1.2079110145568848 -5.0866751670837402 1.083793044090271
v 1.743116021156311 -5.0866751670837402 1.083791971206665
v 1.7431260347366333 -5.1880221366882324 0.91498297452926636
v 1.2079110145568848 -5.1880221366882324 0.91498398780822754
v 1.3370089530944824 -5.851830005645752 0.84722799062728882
v 1.6140170097351074 -5.851830005645752 0.84722799062728882
v 1.773237943649292 -7.3157610893249512 -0.42667999863624573
v 1.4755229949951172 -7.3884291648864746 -0.12749199569225311
v 1.8368539810180664 -4.3741822242736816 3.4749350547790527
v 1.8368539810180664 -4.2441349029541016 3.4749350547790527
v 1.7431260347366333 -5.1285290718078613 0.68490999937057495
v 1.6989940404891968 -3.3437380790710449 -0.15229900181293488
v 1.2520380020141602 -3.3437309265136719 3.7862720489501953
v 1.6990059614181519 -3.3437309265136719 3.7862710952758789
v 1.6990000009536743 -3.3437340259552002 1.7470749616622925
v 1.2310060262680054 -4.3741822242736816 3.5501620769500732
v 1.2520250082015991 -3.3437380790710449 -0.15229800343513489
v 1.2520259618759155 -3.4917879104614258 0.086854003369808197
v 1.6989940404891968 -3.5003659725189209 0.086851999163627625
v 1.3011709451675415 -3.6337060928344727 -0.36701101064682007
v 1.3011699914932251 -3.6337060928344727 -0.58818197250366211
v 1.2520309686660767 -3.5787959098815918 1.7644519805908203
v 1.2520309686660767 -3.3437340259552002 1.7644519805908203
v 1.1232630014419556 -4.3252902030944824 2.8973040580749512
v 1.2079139947891235 -5.1304202079772949 1.7826980352401733
v 1.3238420486450195 -4.7162752151489258 -0.66878902912139893
v 1.4755079746246338 -4.768974781036377 -0.66878998279571533
v 1.2260220050811768 -4.5783448219299316 -0.66878902912139893
v 1.2660219669342041 -5.1304202079772949 1.9866670370101929
v 1.2079139947891235 -5.1304202079772949 1.9866670370101929
v 1.2660180330276489 -5.851830005645752 0.67727702856063843
v 1.2079099416732788 -5.1285290718078613 0.68491101264953613
v 1.2079099416732788 -5.851830005645752 0.67727702856063843
v 1.2364599704742432 -5.4264130592346191 0.78961402177810669
v 1.2660189867019653 -5.851830005645752 0.84722900390625
v 1.2660189867019653 -5.7984919548034668 0.95421499013900757
v 1.2660189867019653 -5.7346701622009277 0.94689202308654785
v 1.2660189867019653 -5.6683177947998047 0.8570600152015686
v 1.2660180330276489 -5.851830005645752 0.67727702856063843
v 1.3370100259780884 -5.7346701622009277 0.94689202308654785
v 1.2660189867019653 -5.7984919548034668 0.95421499013900757
v 1.3370100259780884 -5.7984919548034668 0.95421499013900757
v 1.2660189867019653 -5.851830005645752 0.84722900390625
v 1.3370089530944824 -5.851830005645752 0.84722799062728882
v 1.3370100259780884 -5.7984919548034668 0.95421499013900757
v 1.2660219669342041 -5.3628931045532227 1.9455130100250244
v 1.2660219669342041 -5.1304202079772949 1.9866670370101929
v 1.2660219669342041 -5.1304202079772949 1.7826980352401733
v 1.2660219669342041 -5.7240638732910156 1.9866679906845093
v 1.2660219669342041 -5.6271882057189941 1.9287790060043335
v 1.342339038848877 -5.6982507705688477 1.862805962562561
v 1.2660219669342041 -5.6982507705688477 1.862805962562561
v 1.3027880191802979 -3.6925590038299561 -0.66879099607467651
v 1.1936180591583252 -3.7691199779510498 -0.66878998279571533
v 1.1035310029983521 -3.8997960090637207 -0.66878998279571533
v 1.111685037612915 -4.2464637756347656 -0.66878998279571533
v 1.0698829889297485 -4.0920701026916504 -0.66878998279571533
v 1.2079099416732788 -5.851830005645752 0.67727702856063843
v 1.2079099416732788 -5.8518309593200684 0.42318600416183472
v 1.342339038848877 -5.8526620864868164 1.8989280462265015
v 1.2660219669342041 -5.8526620864868164 1.8989280462265015
v 1.6086950302124023 -5.8526620864868164 1.984449028968811
v 1.342339038848877 -5.8526620864868164 1.984449028968811
v 1.342339038848877 -5.8526620864868164 1.984449028968811
v 1.342339038848877 -5.8526620864868164 1.8989280462265015
v 1.342339038848877 -5.6271882057189941 1.9287790060043335
v 1.342339038848877 -5.8526620864868164 1.984449028968811
v 1.2660219669342041 -5.8526620864868164 1.9864599704742432
v 1.2660219669342041 -5.8526620864868164 1.8989280462265015
v 1.3370089530944824 -5.851830005645752 0.84722799062728882
v 1.3370089530944824 -5.6683177947998047 0.8570600152015686
v 1.1777950525283813 -7.3157610893249512 -0.42667898535728455
v 1.2660219669342041 -5.8526620864868164 1.9864599704742432
v 1.6990059614181519 -3.6631500720977783 3.7862710952758789
v 1.6990059614181519 -3.3437309265136719 3.7862710952758789
v 1.2520380020141602 -3.3437309265136719 3.7862720489501953
v 1.2520380020141602 -3.5787920951843262 3.7862720489501953
v 1.3330650329589844 -3.3437380790710449 -0.26822501420974731
v 1.5837140083312988 -3.6207380294799805 0.0561630018055439
v 1.6989940404891968 -3.6207380294799805 0.0561630018055439
v 1.4755079746246338 -3.6567220687866211 -0.6687920093536377
v 1.1184699535369873 -5.5433969497680664 3.5934240818023682
v 1.881661057472229 -5.5433969497680664 3.5934219360351562
v 1.7839800119400024 -7.1958789825439453 -0.92102998495101929
v 1.1670509576797485 -7.1958789825439453 -0.92102897167205811
v 1.1761699914932251 -3.6725668907165527 1.2081209421157837
v 1.1792750358581543 -3.6669719219207764 1.3388220071792603
v 1.2520300149917603 -3.5893919467926025 1.3198800086975098
v 1.2520289421081543 -3.5935559272766113 1.152008056640625
v 1.123263955116272 -4.3741822242736816 3.4749369621276855
v 1.123263955116272 -4.3252878189086914 3.4749369621276855
v 1.2757060527801514 -3.6534030437469482 -0.12650899589061737
v 1.2520259618759155 -3.3437380790710449 0.086852997541427612
v 1.6989940404891968 -3.3437380790710449 0.086851999163627625
v 1.7431260347366333 -5.1880221366882324 0.91498297452926636
v 1.8368500471115112 -5.1304202079772949 2.0100810527801514
v 1.6850110292434692 -5.1304202079772949 1.9999059438705444
v 1.8368539810180664 -4.2441349029541016 3.4749350547790527
v 1.8816570043563843 -5.8378949165344238 2.0066969394683838
v 1.1184649467468262 -5.8378949165344238 1.989035964012146
v 1.342339038848877 -5.8526620864868164 1.984449028968811
v 1.3027880191802979 -3.6925590038299561 -0.66879099607467651
v 1.2520259618759155 -3.469926118850708 0.056164998561143875
v 1.6989940404891968 -3.6207380294799805 0.0561630018055439
v 1.6989940404891968 -3.5902979373931885 0.086851999163627625
v 1.2520259618759155 -3.5504519939422607 0.086854003369808197
v 1.2520259618759155 -3.6102390289306641 0.047511998564004898
v 1.0337309837341309 -3.8976318836212158 1.3392770290374756
v 1.1640069484710693 -3.6708979606628418 2.9687778949737549
v 1.0249229669570923 -3.9537661075592041 3.0730869770050049
v 1.083035945892334 -3.79864501953125 3.0423820018768311
v 1.0398010015487671 -4.0886697769165039 3.0578310489654541
v 1.0717649459838867 -4.2048320770263672 3.0129849910736084
v 1.2380859851837158 -3.6193339824676514 -0.027557000517845154
v 1.0326759815216064 -3.9532639980316162 1.286221981048584
v 1.0258389711380005 -4.0871171951293945 1.2914140224456787
v 1.0683729648590088 -4.2131171226501465 1.2596900463104248
v 1.1184699535369873 -5.5433969497680664 3.5934240818023682
v 1.2082740068435669 -4.3000950813293457 1.7470769882202148
v 1.1232589483261108 -4.3000950813293457 1.7470769882202148
v 1.1232630014419556 -4.3252902030944824 2.8973040580749512
v 1.2408690452575684 -4.3064098358154297 2.8973040580749512
v 1.2520300149917603 -3.5893919467926025 1.3198800086975098
v 1.3083620071411133 -3.6063399314880371 1.3198800086975098
v 1.2520350217819214 -3.578794002532959 2.8714170455932617
v 1.1453310251235962 -4.2445569038391113 1.2374629974365234
v 1.1020760536193848 -4.2445569038391113 1.2374629974365234
v 1.1104409694671631 -4.2753429412841797 1.2820110321044922
v 1.0721199512481689 -3.801598072052002 1.3559210300445557
v 1.0384210348129272 -3.8789479732513428 1.3586430549621582
v 1.0337309837341309 -3.8976318836212158 1.3392770290374756
v 1.0566890239715576 -3.8976318836212158 1.3392759561538696
v 1.0395139455795288 -3.8767960071563721 1.3209869861602783
v 1.0761059522628784 -3.7938010692596436 1.2765400409698486
v 1.2520289421081543 -3.5941939353942871 1.1263079643249512
v 1.2952840328216553 -3.5941939353942871 1.1263079643249512
v 1.2520289421081543 -3.5941939353942871 1.1263079643249512
v 1.1656980514526367 -3.6672260761260986 1.1399699449539185
v 1.0700609683990479 -3.8014121055603027 1.1542140245437622
v 1.0292949676513672 -3.9201529026031494 1.1676369905471802
v 1.0724400281906128 -3.8959701061248779 1.1704189777374268
v 1.0292949676513672 -3.9201529026031494 1.1676369905471802
v 1.084293007850647 -3.8046989440917969 1.192952036857605
v 1.087988018989563 -3.7938950061798096 1.216621994972229
v 1.1154990196228027 -3.7938950061798096 1.216621994972229
v 1.087988018989563 -3.7938950061798096 1.216621994972229
v 1.0822410583496094 -3.8090019226074219 1.2413680553436279
v 1.1020760536193848 -4.2445569038391113 1.2374629974365234
v 1.1232589483261108 -4.3000950813293457 1.7470769882202148
v 1.2520259618759155 -3.6102390289306641 0.047511998564004898
v 1.4148039817810059 -3.5797750949859619 0.072397999465465546
v 1.5919970273971558 -7.3884291648864746 -0.12749199569225311
v 1.7431260347366333 -5.1285290718078613 0.68490999937057495
v 1.6850179433822632 -5.851830005645752 0.67727601528167725
v 1.7431260347366333 -5.851830005645752 0.67727702856063843
v 1.2071419954299927 -4.3652420043945312 0.68652802705764771
v 1.2071419954299927 -4.3652420043945312 1.1988309621810913
v 1.2071419954299927 -4.6053009033203125 0.68652802705764771
v 1.2071419954299927 -4.6053009033203125 1.1988309621810913
v 1.125391960144043 -4.5359621047973633 1.7549270391464233
v 1.125391960144043 -4.5359621047973633 1.8132790327072144
v 1.125391960144043 -4.3952040672302246 1.7549270391464233
v 1.125391960144043 -4.3952040672302246 1.8132790327072144
v 2.2303829193115234 -4.1919608116149902 -0.22269600629806519
v 2.1086740493774414 -4.2446761131286621 -0.26095399260520935
v 2.2042279243469238 -3.8533151149749756 -0.23923599720001221
v 1.8005290031433105 -4.174281120300293 -0.31217899918556213
v 1.7377409934997559 -3.7303769588470459 -0.36819100379943848
v 2.2872860431671143 -4.0829000473022461 -0.20481699705123901
v 2.2869439125061035 -3.9611101150512695 -0.20477299392223358
v 2.2785189151763916 -3.8311049938201904 1.4565680027008057
v 1.9271069765090942 -4.1540460586547852 1.7441740036010742
v 1.9630060195922852 -3.9844779968261719 1.7432249784469604
v 1.9549050331115723 -3.9835031032562256 1.8117549419403076
v 1.9630060195922852 -3.9844779968261719 1.7432249784469604
v 1.6892479658126831 -4.1553850173950195 1.7432270050048828
v 1.6892470121383667 -4.1553859710693359 1.3332569599151611
v 1.6917489767074585 -3.5406699180603027 1.3689550161361694
v 2.2760200500488281 -3.6510179042816162 1.4565680027008057
v 1.6917510032653809 -3.5517969131469727 1.8346589803695679
v 1.8347270488739014 -4.1995711326599121 1.7432260513305664
v 1.8347270488739014 -4.1995711326599121 1.81386399269104
v 1.7833069562911987 -4.3741860389709473 1.7432270050048828
v 1.847108006477356 -3.8946149349212646 3.4811470508575439
v 1.8614530563354492 -4.0421819686889648 3.4811470508575439
v 1.8614480495452881 -4.0421848297119141 1.8242670297622681
v 1.8614530563354492 -4.0421819686889648 3.4043240547180176
v 1.9549050331115723 -3.9835031032562256 1.8117549419403076
v 1.8347270488739014 -4.1995711326599121 1.81386399269104
v 1.9271069765090942 -4.1540460586547852 1.8117549419403076
v 1.8347270488739014 -4.1995711326599121 1.81386399269104
v 1.8347270488739014 -4.1995711326599121 1.7432260513305664
v 1.8614530563354492 -4.0421819686889648 3.4043240547180176
v 1.8614530563354492 -4.0421819686889648 3.4811470508575439
v 1.8614530563354492 -4.0421819686889648 3.4811470508575439
v 1.8347320556640625 -4.1995677947998047 3.4811470508575439
v 1.9179509878158569 -4.1617388725280762 3.4811470508575439
v 1.924981951713562 -4.0915532112121582 3.4811470508575439
v 1.8347320556640625 -4.1995677947998047 3.4811470508575439
v 1.8347320556640625 -4.1995677947998047 3.4064691066741943
v 1.9179509878158569 -4.1617388725280762 3.4064691066741943
v 1.8347320556640625 -4.1995677947998047 3.4064691066741943
v 1.8614530563354492 -4.0421819686889648 3.4043240547180176
v 1.924981951713562 -4.0915541648864746 3.4064691066741943
v 1.897400975227356 -3.7507669925689697 1.8076679706573486
v 1.691756010055542 -3.5517940521240234 3.4811460971832275
v 1.7833069562911987 -4.3741860389709473 1.7432270050048828
v 1.7833119630813599 -4.374183177947998 3.4811480045318604
v 1.7833119630813599 -4.374183177947998 3.4811480045318604
v 1.1528589725494385 -4.7560667991638184 2.2589540481567383
v 1.1528589725494385 -4.7560667991638184 1.8954609632492065
v 1.1560920476913452 -4.2790389060974121 2.2589540481567383
v 1.1560920476913452 -4.2790389060974121 1.8954609632492065
v 1.0357110500335693 -4.0787711143493652 1.9623329639434814
v 1.0357110500335693 -4.0787711143493652 1.7586159706115723
v 1.1145679950714111 -4.7387690544128418 1.8139890432357788
v 1.1148630380630493 -4.7393479347229004 1.9066020250320435
v 1.2634769678115845 -4.7560667991638184 1.8176989555358887
v 1.2634760141372681 -4.7560667991638184 1.6488800048828125
v 1.2667089700698853 -4.368919849395752 1.8176989555358887
v 1.2667089700698853 -4.368919849395752 1.6488800048828125
v 1.515375018119812 -5.7313938140869141 1.1916569471359253
v 1.515375018119812 -5.5605521202087402 1.0704740285873413
v 1.515375018119812 -5.3602151870727539 1.1812119483947754
v 1.515375018119812 -5.0731778144836426 1.3563400506973267
v 1.515375018119812 -5.3085980415344238 1.0530060529708862
v 1.515375018119812 -5.7313938140869141 1.2652479410171509
v 1.515375018119812 -5.5390758514404297 1.1704670190811157
v 1.515375018119812 -5.073178768157959 1.0587290525436401
v 1.2142829895019531 -4.4720330238342285 0.55236399173736572
v 1.2142829895019531 -4.4720330238342285 0.49502000212669373
v 1.2142829895019531 -4.9470582008361816 0.59897899627685547
v 1.2142829895019531 -4.9470582008361816 0.44840601086616516
v 1.2087099552154541 -4.7408747673034668 0.47849398851394653
v 1.2087099552154541 -4.7408747673034668 0.5681840181350708
v 1.2087140083312988 -5.1930022239685059 0.56812798976898193
v 1.2087140083312988 -5.1930022239685059 0.47856599092483521
v 1.3156169652938843 -3.8918099403381348 8.6641788482666016
v 1.3156180381774902 -3.8918108940124512 8.7222299575805664
v 1.3842339515686035 -2.9218409061431885 8.7222280502319336
v 1.3779890537261963 -2.8461990356445312 8.3937339782714844
v 1.3820890188217163 -2.7710421085357666 8.5308475494384766
v 1.4094489812850952 -2.840796947479248 8.393733024597168
v 1.3820890188217163 -2.7710421085357666 8.6264266967773438
v 1.3779909610748291 -2.8461980819702148 8.7222270965576172
v 1.4094489812850952 -2.840796947479248 8.7222270965576172
v 1.3842320442199707 -2.921842098236084 8.3378229141235352
v 1.3384499549865723 -3.5626370906829834 7.8202629089355469
v 1.3369369506835938 -3.6007471084594727 7.9474830627441406
v 1.3952840566635132 -3.3397810459136963 8.4905185699462891
v 1.3966360092163086 -3.3759191036224365 8.6032285690307617
v 1.3717880249023438 -3.1017119884490967 8.6641769409179688
v 1.5710769891738892 -3.3759191036224365 8.6032276153564453
v 1.3842339515686035 -2.9218409061431885 8.7222280502319336
v 1.4253129959106445 -2.9331879615783691 8.7222280502319336
v 1.4253129959106445 -2.9331889152526855 8.3378229141235352
v 1.3531579971313477 -2.780479907989502 8.5308494567871094
v 1.3531589508056641 -2.780479907989502 8.6264266967773438
v 1.595924973487854 -3.1017119884490967 8.4876279830932617
v 1.3717869520187378 -3.1017119884490967 8.4876289367675781
v 1.3717859983444214 -3.1017119884490967 8.3611221313476562
v 1.595924973487854 -3.1017119884490967 8.3611221313476562
v 1.6307740211486816 -3.6007471084594727 7.9474830627441406
v 1.5724279880523682 -3.3397810459136963 8.4905176162719727
v 1.6520960330963135 -3.8918099403381348 8.6641788482666016
v 1.595924973487854 -3.1017119884490967 8.6641769409179688
v 1.4253129959106445 -2.9331879615783691 8.7222280502319336
v 1.5401350259780884 -2.9331879615783691 8.7222280502319336
v 1.5401339530944824 -2.9331889152526855 8.3378229141235352
v 1.4253129959106445 -2.9331889152526855 8.3378229141235352
v 1.6520960330963135 -3.8918108940124512 8.7222299575805664
v 1.5401350259780884 -2.9331879615783691 8.7222280502319336
v 1.4253129959106445 -2.9331879615783691 8.7222280502319336
v 1.5834790468215942 -2.9218409061431885 8.7222270965576172
v 1.5897220373153687 -2.8461990356445312 8.3937339782714844
v 1.5584169626235962 -2.840796947479248 8.393733024597168
v 1.6145540475845337 -2.780479907989502 8.5308475494384766
v 1.5897220373153687 -2.8461980819702148 8.7222270965576172
v 1.6145540475845337 -2.780479907989502 8.6264266967773438
v 1.5584180355072021 -2.840796947479248 8.7222280502319336
v 1.5401350259780884 -2.9331879615783691 8.7222280502319336
v 1.5834790468215942 -2.9218409061431885 8.7222270965576172
v 1.5834790468215942 -2.921842098236084 8.3378229141235352
v 1.5401339530944824 -2.9331889152526855 8.3378229141235352
v 1.5857779979705811 -2.7710421085357666 8.5308475494384766
v 1.5857779979705811 -2.7710409164428711 8.6264266967773438
v 1.6292599439620972 -3.5626370906829834 7.8202619552612305
v 1.483909010887146 -4.2185401916503906 9.7747859954833984
v 1.4839040040969849 -4.2185420989990234 8.2076740264892578
v 1.4839110374450684 -4.1850318908691406 10.426793098449707
v 1.483909010887146 -4.1877431869506836 9.814173698425293
v 1.4839060306549072 -4.4944667816162109 4.2684707641601562
v 1.4839060306549072 -4.5774641036987305 3.8349149227142334
v 1.4839060306549072 -4.3919987678527832 3.7639439105987549
v 1.1664079427719116 -3.4063930511474609 0.89265298843383789
v 1.1664079427719116 -3.4531300067901611 1.005486011505127
v 1.0536919832229614 -3.4531300067901611 1.005486011505127
v 1.1664069890975952 -3.2935609817504883 0.8459169864654541
v 1.1664069890975952 -3.1807279586791992 0.89265298843383789
v 1.1664079427719116 -3.1339919567108154 1.0054850578308105
v 1.1664079427719116 -3.1807279586791992 1.1183170080184937
v 1.1664079427719116 -3.2935609817504883 1.1650539636611938
v 1.1664079427719116 -3.4063920974731445 1.1183179616928101
v 1.1664079427719116 -3.4531300067901611 1.005486011505127
v 1.0219719409942627 -3.4794878959655762 1.005486011505127
v 0.97656899690628052 -3.4250309467315674 0.87401598691940308
v 0.97656899690628052 -3.4794878959655762 1.0054869651794434
v 0.97656798362731934 -3.2935609817504883 0.81955802440643311
v 0.97656899690628052 -3.1620900630950928 0.87401497364044189
v 0.97656899690628052 -3.107633113861084 1.005486011505127
v 0.97656899690628052 -3.1620900630950928 1.1369559764862061
v 0.9765700101852417 -3.2935609817504883 1.1914139986038208
v 0.97656899690628052 -3.4250309467315674 1.136957049369812
v 0.97656899690628052 -3.4794878959655762 1.0054869651794434
v 1.1664079427719116 -3.4531300067901611 1.005486011505127
v 1.2499480247497559 -3.6876978874206543 2.8267409801483154
v 1.4129199981689453 -3.6283810138702393 2.8267409801483154
v 1.1384680271148682 -3.8205540180206299 2.8267409801483154
v 1.1083519458770752 -3.9913508892059326 2.8267409801483154
v 1.1676690578460693 -4.1543231010437012 2.8267409801483154
v 1.3005249500274658 -4.2658028602600098 2.8267409801483154
v 1.665897011756897 -3.8054599761962891 2.8267409801483154
v 1.7142620086669922 -3.9383409023284912 2.8267409801483154
v 1.5575720071792603 -3.7145640850067139 2.8267409801483154
v 1.4183119535446167 -3.6900091171264648 2.8267409801483154
v 1.2854310274124146 -3.7383739948272705 2.8267409801483154
v 1.1945350170135498 -3.8466989994049072 2.8267409801483154
v 1.1699800491333008 -3.9859590530395508 2.8267409801483154
v 1.21834397315979 -4.118840217590332 2.8267409801483154
v 1.3266700506210327 -4.2097349166870117 2.8267409801483154
v 1.4659299850463867 -4.2342910766601562 2.8267409801483154
v 1.5988099575042725 -4.1859259605407715 2.8267409801483154
v 1.6897059679031372 -4.0776009559631348 2.8267409801483154
v 1.1699800491333008 -3.9859590530395508 3.2489919662475586
v 1.1699800491333008 -3.9859590530395508 2.8267409801483154
v 1.7116090059280396 -2.9200489521026611 0.24556000530719757
v 1.7481340169906616 -2.9200479984283447 0.45492100715637207
v 1.6118229627609253 -3.1235120296478271 0.61797201633453369
v 1.6118229627609253 -2.9200479984283447 0.61797201633453369
v 1.6118229627609253 -2.9200479984283447 0.61797201633453369
v 1.4024620056152344 -2.9200479984283447 0.65449702739715576
v 1.2759369611740112 -2.9200479984283447 0.58144700527191162
v 1.2028870582580566 -2.9200489521026611 0.45492300391197205
v 1.2028859853744507 -2.9200489521026611 0.30882400274276733
v 1.2759350538253784 -2.9200489521026611 0.18229800462722778
v 1.402459979057312 -2.9200489521026611 0.10925000160932541
v 1.5485579967498779 -2.9200489521026611 0.10924900323152542
v 1.2317260503768921 -3.511077880859375 0.11921200156211853
v 1.2728559970855713 -3.5091540813446045 0.10524000227451324
v 1.2062640190124512 -3.7149178981781006 0.1633639931678772
v 1.1736530065536499 -3.6447269916534424 0.16165600717067719
v 1.3814810514450073 -3.5828549861907959 -0.84447002410888672
v 1.3814810514450073 -3.5828549861907959 -1.0981199741363525
v 1.3672959804534912 -3.707024097442627 -0.84447002410888672
v 1.4839049577713013 -3.5828549861907959 -0.84447002410888672
v 1.4839049577713013 -3.5828549861907959 -1.0981199741363525
v 1.3814810514450073 -3.5828549861907959 -1.283236026763916
v 1.4839049577713013 -3.4991691112518311 -1.2271360158920288
v 1.4192279577255249 -3.524022102355957 -1.2430000305175781
v 1.4192279577255249 -3.524022102355957 -1.0981199741363525
v 1.4839049577713013 -3.4991691112518311 -1.0981199741363525
v 1.3814810514450073 -3.5828549861907959 -1.5539339780807495
v 1.4839049577713013 -3.5828549861907959 -1.5539339780807495
v 1.4839049577713013 -3.5828549861907959 -1.283236026763916
v 1.3814810514450073 -3.5828549861907959 -1.7321380376815796
v 1.4839049577713013 -3.4991691112518311 -1.6815409660339355
v 1.4192279577255249 -3.524022102355957 -1.6969380378723145
v 1.4192279577255249 -3.524022102355957 -1.5539339780807495
v 1.4839049577713013 -3.4991691112518311 -1.5539339780807495
v 1.3814810514450073 -3.5828549861907959 -2.0072219371795654
v 1.4839049577713013 -3.5828549861907959 -2.0072219371795654
v 1.4839049577713013 -3.5828549861907959 -1.7321380376815796
v 1.3814810514450073 -3.5828549861907959 -3.0960109233856201
v 1.4839040040969849 -3.5828549861907959 -3.0960109233856201
v 1.3814810514450073 -3.5828549861907959 -2.189863920211792
v 1.4839040040969849 -3.4991691112518311 -2.1371181011199951
v 1.4192279577255249 -3.524022102355957 -2.1516859531402588
v 1.4192279577255249 -3.524022102355957 -2.0072219371795654
v 1.4839049577713013 -3.4991691112518311 -2.0072219371795654
v 1.3814810514450073 -3.5828549861907959 -2.4640319347381592
v 1.4839040040969849 -3.5828549861907959 -2.4640319347381592
v 1.4839040040969849 -3.5828549861907959 -2.189863920211792
v 1.3814810514450073 -3.5828549861907959 -2.6419119834899902
v 1.4839040040969849 -3.4991691112518311 -2.5921080112457275
v 1.4192279577255249 -3.524022102355957 -2.6074891090393066
v 1.4192279577255249 -3.524022102355957 -2.4640319347381592
v 1.4839040040969849 -3.4991691112518311 -2.4640319347381592
v 1.3814810514450073 -3.5828549861907959 -2.9159579277038574
v 1.4839040040969849 -3.5828549861907959 -2.9159579277038574
v 1.4839040040969849 -3.5828549861907959 -2.6419119834899902
v 1.4839040040969849 -3.4991691112518311 -3.0447061061859131
v 1.4192279577255249 -3.524022102355957 -3.0600759983062744
v 1.4192279577255249 -3.524022102355957 -2.9159579277038574
v 1.4839040040969849 -3.4991691112518311 -2.9159579277038574
v 1.3814810514450073 -3.5828549861907959 -1.283236026763916
v 1.4839049577713013 -3.4991691112518311 -1.2271360158920288
v 1.3814810514450073 -3.5828549861907959 -1.7321380376815796
v 1.4839049577713013 -3.4991691112518311 -1.6815409660339355
v 1.3814810514450073 -3.5828549861907959 -2.189863920211792
v 1.4839040040969849 -3.4991691112518311 -2.1371181011199951
v 1.3814810514450073 -3.5828549861907959 -2.6419119834899902
v 1.4839040040969849 -3.4991691112518311 -2.5921080112457275
v 1.3814810514450073 -3.5828549861907959 -3.0960109233856201
v 1.4839040040969849 -3.4991691112518311 -3.0447061061859131
v 1.5863280296325684 -3.5828549861907959 -1.0981199741363525
v 1.5863280296325684 -3.5828549861907959 -0.84447002410888672
v 1.6005140542984009 -3.707024097442627 -0.84447002410888672
v 1.5863280296325684 -3.5828549861907959 -1.283236026763916
v 1.5485819578170776 -3.524022102355957 -1.0981199741363525
v 1.5485819578170776 -3.524022102355957 -1.2430000305175781
v 1.5863280296325684 -3.5828549861907959 -1.5539339780807495
v 1.5863280296325684 -3.5828549861907959 -1.7321380376815796
v 1.5485810041427612 -3.524022102355957 -1.5539339780807495
v 1.5485810041427612 -3.524022102355957 -1.6969380378723145
v 1.5863280296325684 -3.5828549861907959 -2.0072219371795654
v 1.5863280296325684 -3.5828549861907959 -3.0960109233856201
v 1.5863280296325684 -3.5828549861907959 -2.189863920211792
v 1.5485810041427612 -3.524022102355957 -2.0072219371795654
v 1.5485810041427612 -3.524022102355957 -2.1516859531402588
v 1.5863280296325684 -3.5828549861907959 -2.4640319347381592
v 1.5863280296325684 -3.5828549861907959 -2.6419119834899902
v 1.5485810041427612 -3.524022102355957 -2.4640319347381592
v 1.5485810041427612 -3.524022102355957 -2.6074891090393066
v 1.5863280296325684 -3.5828549861907959 -2.9159579277038574
v 1.5485810041427612 -3.524022102355957 -2.9159579277038574
v 1.5485810041427612 -3.524022102355957 -3.0600759983062744
v 1.4839049577713013 -3.4991691112518311 -1.2271360158920288
v 1.5863280296325684 -3.5828549861907959 -1.283236026763916
v 1.4839049577713013 -3.4991691112518311 -1.6815409660339355
v 1.5863280296325684 -3.5828549861907959 -1.7321380376815796
v 1.4839040040969849 -3.4991691112518311 -2.1371181011199951
v 1.5863280296325684 -3.5828549861907959 -2.189863920211792
v 1.4839040040969849 -3.4991691112518311 -2.5921080112457275
v 1.5863280296325684 -3.5828549861907959 -2.6419119834899902
v 1.4839040040969849 -3.4991691112518311 -3.0447061061859131
v 1.5863280296325684 -3.5828549861907959 -3.0960109233856201
v 1.3359919786453247 -4.6801548004150391 -1.2126059532165527
v 1.3359919786453247 -4.3920130729675293 -0.80373501777648926
v 1.3359919786453247 -5.7714390754699707 -4.2072467803955078
v 1.3359919786453247 -4.9932570457458496 -2.4758720397949219
v 1.3359919786453247 -4.9971580505371094 -1.3355220556259155
v 1.6318169832229614 -4.9932570457458496 -2.4758720397949219
v 1.6318169832229614 -4.9971580505371094 -1.3355220556259155
v 1.631816029548645 -5.7714390754699707 -4.2072467803955078
v 1.6318169832229614 -4.6801548004150391 -1.2126059532165527
v 1.6318169832229614 -4.3920130729675293 -0.80373501777648926
v 1.6547620296478271 -5.0916471481323242 -2.2381300926208496
v 1.6547620296478271 -5.0916447639465332 -1.4909830093383789
v 1.3130489587783813 -5.0916447639465332 -1.4909830093383789
v 1.3130470514297485 -5.0916471481323242 -2.2381289005279541
v 1.3130489587783813 -4.9149518013000488 -1.501101016998291
v 1.3130489587783813 -4.831305980682373 -1.6026359796524048
v 1.3130489587783813 -5.0916447639465332 -1.4909830093383789
v 1.3130450248718262 -5.6375741958618164 -2.8559150695800781
v 1.3130459785461426 -4.8313069343566895 -2.32647705078125
v 1.3130450248718262 -5.2503461837768555 -2.8558731079101562
v 1.3130450248718262 -5.6375741958618164 -2.8559150695800781
v 1.6547620296478271 -5.6375741958618164 -2.8559150695800781
v 1.6547620296478271 -4.831305980682373 -1.6026370525360107
v 1.6547620296478271 -4.9149518013000488 -1.501101016998291
v 1.6547620296478271 -5.0916447639465332 -1.4909830093383789
v 1.6547620296478271 -5.6375741958618164 -2.8559150695800781
v 1.6547620296478271 -5.2503461837768555 -2.8558731079101562
v 1.6547620296478271 -4.831305980682373 -2.32647705078125
v 1.2657719850540161 -4.3614177703857422 -1.4063800573348999
v 1.2657719850540161 -4.5500931739807129 -1.4063800573348999
v 1.2657719850540161 -4.5500931739807129 -1.2438490390777588
v 1.2657719850540161 -4.3614177703857422 -1.2438490390777588
v 1.70203697681427 -4.5500931739807129 -1.4063800573348999
v 1.70203697681427 -4.5500931739807129 -1.2438490390777588
v 1.70203697681427 -4.3614177703857422 -1.4063800573348999
v 1.70203697681427 -4.3614177703857422 -1.2438490390777588
v 1.3890810012817383 -5.206474781036377 -1.8389379978179932
v 1.4053499698638916 -5.206474781036377 -1.9567689895629883
v 1.4839040040969849 -4.8733420372009277 -1.9893079996109009
v 1.4839040040969849 -5.206474781036377 -1.9893070459365845
v 1.4839040040969849 -5.206474781036377 -1.9893070459365845
v 1.5787279605865479 -5.206474781036377 -1.9174929857254028
v 1.5231820344924927 -5.2064738273620605 -1.783390998840332
v 1.1033170223236084 -3.8478620052337646 -0.65677398443222046
v 1.1033170223236084 -3.8478620052337646 -0.84867697954177856
v 1.0444400310516357 -4.0675950050354004 -0.84867697954177856
v 1.0444400310516357 -4.0675950050354004 -0.65677398443222046
v 1.2641730308532715 -3.687006950378418 -0.65677398443222046
v 1.2641719579696655 -3.687006950378418 -0.84867697954177856
v 1.4839049577713013 -3.6281299591064453 -0.65677398443222046
v 1.4839049577713013 -3.6281299591064453 -0.84867697954177856
v 1.7036370038986206 -3.687006950378418 -0.65677398443222046
v 1.7036370038986206 -3.687006950378418 -0.84867697954177856
v 1.8644920587539673 -3.8478620052337646 -0.65677398443222046
v 1.8644920587539673 -3.8478620052337646 -0.84867697954177856
v 1.8537169694900513 -4.2176737785339355 -0.65677398443222046
v 1.8537169694900513 -4.2176737785339355 -0.84867697954177856
v 1.4839049577713013 -4.5070590972900391 -0.65677398443222046
v 1.4839049577713013 -4.5070590972900391 -0.84867697954177856
v 1.2641730308532715 -4.4481821060180664 -0.65677398443222046
v 1.2641730308532715 -4.4481821060180664 -0.84867697954177856
v 1.4839049577713013 -4.5070590972900391 -0.84867697954177856
v 1.4839049577713013 -4.5070590972900391 -0.65677398443222046
v 1.1033170223236084 -4.2873268127441406 -0.65677398443222046
v 1.1033170223236084 -4.2873268127441406 -0.84867697954177856
v 1.1412039995193481 -5.6344809532165527 -4.266204833984375
v 1.2505040168762207 -6.1838421821594238 -4.3458237648010254
v 1.2505040168762207 -6.1445150375366211 -4.0504851341247559
v 1.1412039995193481 -5.6344809532165527 -4.0205388069152832
v 1.2278629541397095 -5.4855961799621582 -3.6674809455871582
v 1.2767549753189087 -5.9565029144287109 -3.6737880706787109
v 1.3369840383529663 -5.309971809387207 -3.3102540969848633
v 1.3614139556884766 -6.4247522354125977 -4.230402946472168
v 1.3384150266647339 -6.4232301712036133 -4.4126071929931641
v 1.0637999773025513 -4.7815899848937988 -4.3285951614379883
v 1.0637999773025513 -4.7815899848937988 -4.245182991027832
v 1.0795929431915283 -4.0575809478759766 -4.5088438987731934
v 1.0795929431915283 -4.0575809478759766 -4.4101920127868652
v 1.2570470571517944 -3.6921939849853516 -4.6058049201965332
v 1.256261944770813 -3.6935679912567139 -4.4101228713989258
v 1.4839040040969849 -3.4227030277252197 -4.4101128578186035
v 1.1412039995193481 -5.6344809532165527 -4.0205388069152832
v 1.4839040040969849 -5.4253067970275879 -3.798975944519043
v 1.717303991317749 -6.1838431358337402 -4.3458237648010254
v 1.8266040086746216 -5.6344809532165527 -4.266204833984375
v 1.717303991317749 -6.1445150375366211 -4.0504851341247559
v 1.691053032875061 -5.9565038681030273 -3.6737880706787109
v 1.4839040040969849 -5.309971809387207 -3.3102540969848633
v 1.6063940525054932 -6.4247522354125977 -4.230402946472168
v 1.6293929815292358 -6.4232311248779297 -4.4126071929931641
v 1.4839040040969849 -6.550969123840332 -4.3012008666992188
v 1.8882149457931519 -4.0575809478759766 -4.5088438987731934
v 1.9040080308914185 -4.7815899848937988 -4.3285951614379883
v 1.7107609510421753 -3.6921939849853516 -4.6058049201965332
v 1.4839040040969849 -3.4229540824890137 -4.6195340156555176
v 1.3369840383529663 -5.309971809387207 -3.3102540969848633
v 1.4839040040969849 -6.5494480133056641 -4.4479098320007324
v 1.6308239698410034 -5.309971809387207 -3.3102540969848633
v 1.8266040086746216 -5.6344819068908691 -4.0205388069152832
v 1.7399450540542603 -5.4855961799621582 -3.6674809455871582
v 1.6308239698410034 -5.309971809387207 -3.3102540969848633
v 1.9040080308914185 -4.7815899848937988 -4.245182991027832
v 1.8882149457931519 -4.057581901550293 -4.4101920127868652
v 1.7115459442138672 -3.6935679912567139 -4.4101228713989258
v 1.8266040086746216 -5.6344819068908691 -4.0205388069152832
v 1.3882629871368408 -3.582942008972168 -3.4129660129547119
v 1.5795459747314453 -3.582942008972168 -3.4129660129547119
v 1.4839040040969849 -3.4048960208892822 -3.2850539684295654
v 1.3355569839477539 -5.8267688751220703 1.942376971244812
v 1.3355530500411987 -5.8267707824707031 0.84366899728775024
v 1.6154730319976807 -5.8267707824707031 0.84366798400878906
v 1.6154769659042358 -5.8267688751220703 1.942376971244812
v 1.6154730319976807 -5.728093147277832 0.84716898202896118
v 1.3355569839477539 -5.7280898094177246 1.9385789632797241
v 1.3355569839477539 -5.7562108039855957 1.9961919784545898
v 1.3355569839477539 -5.7280898094177246 1.9385789632797241
v 1.6154769659042358 -5.7280898094177246 1.9385780096054077
v 1.6154769659042358 -5.7562108039855957 1.8809670209884644
v 1.3355569839477539 -5.7562108039855957 1.8809679746627808
v 1.6154730319976807 -5.7562131881713867 0.90448200702667236
v 1.3355530500411987 -5.7562131881713867 0.90448302030563354
v 1.6154769659042358 -5.7562108039855957 1.9961899518966675
v 1.6154769659042358 -5.7280898094177246 1.9385780096054077
v 1.3355530500411987 -5.728093147277832 0.84716898202896118
v 1.3355530500411987 -5.7562131881713867 0.90448302030563354
v 1.3355530500411987 -5.8267707824707031 0.84366899728775024
v 1.2824809551239014 -3.9242138862609863 13.936319351196289
v 1.282480001449585 -3.9242138862609863 10.335559844970703
v 1.2513200044631958 -4.0405068397521973 10.335559844970703
v 1.2513200044631958 -4.0405068397521973 13.936319351196289
v 1.3676140308380127 -3.8390810489654541 13.936319351196289
v 1.3676129579544067 -3.8390820026397705 10.335559844970703
v 1.4839069843292236 -3.8079209327697754 13.936319351196289
v 1.4839060306549072 -3.8079218864440918 10.335559844970703
v 1.6002000570297241 -3.8390810489654541 13.936319351196289
v 1.6002000570297241 -3.8390820026397705 10.335559844970703
v 1.7009129524230957 -3.9823598861694336 13.936319351196289
v 1.7009129524230957 -3.9823610782623291 10.335559844970703
v 1.6427669525146484 -4.1993670463562012 13.936319351196289
v 1.642765998840332 -4.1993670463562012 10.335559844970703
v 1.4839069843292236 -4.2730951309204102 13.936319351196289
v 1.4839060306549072 -4.2730951309204102 10.335559844970703
v 1.3676140308380127 -4.2419328689575195 13.936319351196289
v 1.3676129579544067 -4.2419338226318359 10.335559844970703
v 1.4839060306549072 -4.2730951309204102 10.335559844970703
v 1.4839069843292236 -4.2730951309204102 13.936319351196289
v 1.2824809551239014 -4.1568012237548828 13.936319351196289
v 1.282480001449585 -4.1568021774291992 10.335559844970703
v 1.5918020009994507 -2.4799809455871582 0.33280700445175171
v 1.5694810152053833 -2.4277629852294922 0.33280700445175171
v 1.3815399408340454 -2.4277620315551758 0.33280700445175171
v 1.359218955039978 -2.4799809455871582 0.33280700445175171
v 1.5104279518127441 -2.4310240745544434 0.33280700445175171
v 1.529420018196106 -2.3922441005706787 0.33280700445175171
v 1.4755100011825562 -2.4216690063476562 0.33280700445175171
v 1.4755100011825562 -2.3798990249633789 0.33280700445175171
v 1.4405930042266846 -2.4310240745544434 0.33280700445175171
v 1.4215999841690063 -2.3922441005706787 0.33280700445175171
v 1.4150320291519165 -2.526421070098877 0.33280700445175171
v 1.5918020009994507 -2.5960330963134766 0.33280700445175171
v 1.359218955039978 -2.5960330963134766 0.33280700445175171
v 1.4405930042266846 -2.5519819259643555 0.33280700445175171
v 1.5359890460968018 -2.526421070098877 0.33280700445175171
v 1.5104279518127441 -2.5519819259643555 0.33280700445175171
v 1.5359890460968018 -2.4565858840942383 0.33280700445175171
v 1.5453449487686157 -2.4915030002593994 0.33280700445175171
v 1.4150320291519165 -2.4565870761871338 0.33280700445175171
v 1.405676007270813 -2.4915030002593994 0.33280700445175171
v 1.4755100011825562 -2.561337947845459 0.33280700445175171
v 2.3097019195556641 -4.0224428176879883 -0.46342000365257263
v 2.2710049152374268 -4.1077737808227539 -0.40733900666236877
v 2.2876169681549072 -4.1077737808227539 -0.46933799982070923
v 2.2876169681549072 -4.1077737808227539 -0.46933799982070923
v 2.186068058013916 -4.1816720962524414 -0.49654701352119446
v 2.0322649478912354 -4.1390070915222168 -0.53776001930236816
v 1.9633979797363281 -4.0224437713623047 -0.48976001143455505
v 1.9800100326538086 -4.0224437713623047 -0.55175900459289551
v 2.0020959377288818 -3.9371130466461182 -0.54584300518035889
v 1.9800100326538086 -4.0224437713623047 -0.55175900459289551
v 2.0624330043792725 -3.8746469020843506 -0.52967500686645508
v 2.1448559761047363 -3.8517830371856689 -0.50758999586105347
v 2.2272789478302002 -3.8746469020843506 -0.48550599813461304
v 2.2876169681549072 -3.9371130466461182 -0.46933799982070923
v 2.2292149066925049 -4.0885882377624512 -0.37976899743080139
v 1.9907699823379517 -4.0224437713623047 -0.44366100430488586
v 2.1853950023651123 -4.0885882377624512 -0.21622699499130249
v 1.9469499588012695 -4.0224428176879883 -0.28011798858642578
v 1.4839049577713013 -2.9337129592895508 8.5332603454589844
v 1.4839049577713013 -2.8268699645996094 8.5332603454589844
v 1.2601369619369507 -2.6986360549926758 0.39404299855232239
v 1.6908849477767944 -2.6986351013183594 0.39404299855232239
v 1.7851129770278931 -3.3753468990325928 0.39775300025939941
v 1.7851129770278931 -3.2626230716705322 0.39775300025939941
v 1.6573879718780518 -2.8103671073913574 3.7334671020507812
v 1.3022270202636719 -2.8103671073913574 3.7334680557250977
v 1.2508840560913086 -3.1662139892578125 3.7334690093994141
v 1.700158953666687 -2.8103671073913574 3.7334671020507812
v 1.700158953666687 -3.1662139892578125 3.7334671020507812
v 1.7001579999923706 -3.056067943572998 3.5597360134124756
v 1.7001579999923706 -2.8670599460601807 3.5597360134124756
v 1.7001579999923706 -2.6277730464935303 3.5896151065826416
v 1.7001579999923706 -2.7715930938720703 3.4577229022979736
v 1.7001509666442871 -2.7715981006622314 1.1472020149230957
v 1.7001490592956543 -2.3983390331268311 0.6827009916305542
v 1.7001579999923706 -3.1662149429321289 3.4577240943908691
v 1.7001490592956543 -2.8543128967285156 0.68270200490951538
v 1.7001500129699707 -2.8670639991760254 1.027595043182373
v 1.7001349925994873 -2.9117329120635986 0.68152999877929688
v 1.7001500129699707 -3.0560729503631592 1.027595043182373
v 1.6573879718780518 -2.8103671073913574 3.7334671020507812
v 1.700158953666687 -2.8103671073913574 3.7334671020507812
v 1.6573870182037354 -2.6277730464935303 3.5896151065826416
v 1.6573779582977295 -2.3983390331268311 0.6827009916305542
v 1.3020700216293335 -2.6793079376220703 3.5340280532836914
v 1.6575429439544678 -2.6793079376220703 3.534027099609375
v 1.6576889753341675 -2.6796820163726807 0.68270200490951538
v 1.3019059896469116 -2.6796820163726807 0.68270301818847656
v 1.7001470327377319 -2.8541529178619385 0.056111998856067657
v 1.7001470327377319 -3.1306819915771484 0.08183000236749649
v 1.5872650146484375 -2.8541519641876221 -0.01208799984306097
v 1.7001470327377319 -2.8541529178619385 0.056111998856067657
v 1.7001470327377319 -3.3427639007568359 -0.14932399988174438
v 1.7001479864120483 -3.16621994972229 0.39775300025939941
v 1.7001490592956543 -3.130681037902832 0.68153101205825806
v 1.7001509666442871 -3.1662189960479736 1.1472029685974121
v 1.7001490592956543 -2.8543128967285156 0.68270200490951538
v 1.2508740425109863 -2.8543128967285156 0.68270301818847656
v 1.7001490592956543 -3.3427629470825195 0.39775300025939941
v 1.2508759498596191 -3.1662189960479736 1.1472040414810181
v 1.7001509666442871 -2.7715981006622314 1.1472020149230957
v 1.2508759498596191 -2.7715981006622314 1.1472040414810181
v 1.2508759498596191 -2.7715981006622314 1.1472040414810181
v 1.7001579999923706 -2.7715930938720703 3.4577229022979736
v 1.2508829832077026 -2.7715930938720703 3.4577250480651855
v 1.2508829832077026 -2.7715930938720703 3.4577250480651855
v 1.2508840560913086 -2.8670599460601807 3.559736967086792
v 1.2508840560913086 -3.0560688972473145 3.5597379207611084
v 1.2508829832077026 -3.1662149429321289 3.457726001739502
v 1.2508740425109863 -3.130681037902832 0.68153202533721924
v 1.7001490592956543 -3.130681037902832 0.68153101205825806
v 1.250872015953064 -3.1306819915771484 0.081831000745296478
v 1.7851239442825317 -3.2626171112060547 3.7334671020507812
v 1.7851239442825317 -3.3753418922424316 3.7334671020507812
v 1.7001490592956543 -3.4708070755004883 0.39775300025939941
v 1.700158953666687 -3.4708011150360107 3.7334680557250977
v 1.1659090518951416 -3.2626230716705322 0.3977540135383606
v 1.1659090518951416 -3.3753480911254883 0.39775499701499939
v 1.2508840560913086 -2.8103671073913574 3.7334680557250977
v 1.2508840560913086 -2.6277740001678467 3.5896170139312744
v 1.2508740425109863 -2.3983390331268311 0.68270200490951538
v 1.2508740425109863 -2.8543128967285156 0.68270301818847656
v 1.2508749961853027 -2.8670639991760254 1.0275969505310059
v 1.2508879899978638 -2.9117329120635986 0.68153101205825806
v 1.2508740425109863 -3.130681037902832 0.68153202533721924
v 1.2508759498596191 -3.0560729503631592 1.0275969505310059
v 1.2508840560913086 -2.8103671073913574 3.7334680557250977
v 1.3022270202636719 -2.8103671073913574 3.7334680557250977
v 1.3022259473800659 -2.6277740001678467 3.5896170139312744
v 1.3022170066833496 -2.3983390331268311 0.68270200490951538
v 1.250872015953064 -2.8541519641876221 0.056113999336957932
v 1.3637549877166748 -2.8541529178619385 -0.012086999602615833
v 1.2508740425109863 -3.16621994972229 0.3977540135383606
v 1.2508840560913086 -3.4708011150360107 3.7334690093994141
v 1.2508740425109863 -3.3427629470825195 0.3977540135383606
v 1.1659189462661743 -3.2626171112060547 3.7334699630737305
v 1.1659189462661743 -3.3753418922424316 3.7334699630737305
v 1.2508740425109863 -3.4708070755004883 0.39775499701499939
v 1.4755100011825562 -2.8541529178619385 -0.030060999095439911
v 1.7256489992141724 -2.8541519641876221 0.080765001475811005
v 1.7256489992141724 -2.3848168849945068 0.24855899810791016
v 1.7256489992141724 -2.5175158977508545 0.080765001475811005
v 1.6568039655685425 -2.5175158977508545 0.080765001475811005
v 1.6568039655685425 -2.3848168849945068 0.24855899810791016
v 1.2253710031509399 -2.51751708984375 0.080765999853610992
v 1.2253710031509399 -2.3848168849945068 0.24856099486351013
v 1.3027880191802979 -2.3848168849945068 0.24855999648571014
v 1.3027880191802979 -2.51751708984375 0.080765001475811005
v 1.7256510257720947 -2.3947000503540039 0.6827009916305542
v 1.7256489992141724 -2.3651139736175537 0.31369701027870178
v 1.6568039655685425 -2.3651139736175537 0.31369701027870178
v 1.6568059921264648 -2.3947000503540039 0.6827009916305542
v 1.2253710031509399 -2.3651139736175537 0.31369799375534058
v 1.3027880191802979 -2.3651139736175537 0.31369799375534058
v 1.2942169904708862 -2.760901927947998 0.080765999853610992
v 1.2253710031509399 -2.8541529178619385 0.080765999853610992
v 1.6568039655685425 -2.7609028816223145 0.080765001475811005
v 1.2253730297088623 -2.3947000503540039 0.68270301818847656
v 1.3027880191802979 -2.3947000503540039 0.68270200490951538
v 1.6568059921264648 -2.7609009742736816 0.68270200490951538
v 1.6568039655685425 -2.7609028816223145 0.080765001475811005
v 1.2942169904708862 -2.760901927947998 0.080765999853610992
v 1.3027880191802979 -2.7609009742736816 0.68270200490951538
v 1.6568059921264648 -2.7609009742736816 0.68270200490951538
v 1.3027880191802979 -2.7609009742736816 0.68270200490951538
v 1.8800619840621948 -2.6717350482940674 0.60635000467300415
v 1.726125955581665 -2.8673920631408691 0.45816799998283386
v 1.8800619840621948 -2.8673920631408691 0.45816698670387268
v 1.8800619840621948 -2.5096480846405029 0.53921002149581909
v 1.8800610303878784 -2.4425098896026611 0.37712299823760986
v 1.8800610303878784 -2.5096490383148193 0.21503700315952301
v 1.8800610303878784 -2.6717369556427002 0.14789800345897675
v 1.8800610303878784 -2.8338229656219482 0.21503700315952301
v 1.8800619840621948 -2.8673920631408691 0.45816698670387268
v 1.2317260503768921 -3.511077880859375 0.45435699820518494
v 1.2728559970855713 -3.5091540813446045 0.44038599729537964
v 1.2062640190124512 -3.7149178981781006 0.4985089898109436
v 1.1736530065536499 -3.6447269916534424 0.4968009889125824
v 1.2317260503768921 -3.511077880859375 1.0175219774246216
v 1.2728559970855713 -3.5091540813446045 1.0035510063171387
v 1.2062640190124512 -3.7149178981781006 1.0616739988327026
v 1.1736530065536499 -3.6447269916534424 1.059965968132019
v 1.1664079427719116 -3.4063930511474609 3.3937430381774902
v 1.1664079427719116 -3.4531300067901611 3.5065760612487793
v 1.0536919832229614 -3.4531300067901611 3.5065760612487793
v 1.1664079427719116 -3.2935609817504883 3.3470070362091064
v 1.1664079427719116 -3.1807279586791992 3.3937430381774902
v 1.1664079427719116 -3.1339919567108154 3.5065751075744629
v 1.1664090156555176 -3.1807279586791992 3.6194069385528564
v 1.1664090156555176 -3.2935609817504883 3.6661450862884521
v 1.1664090156555176 -3.4063920974731445 3.6194078922271729
v 1.1664079427719116 -3.4531300067901611 3.5065760612487793
v 1.0219719409942627 -3.4794878959655762 3.5065760612487793
v 0.97656899690628052 -3.4250309467315674 3.3751060962677002
v 0.97656899690628052 -3.4794878959655762 3.5065770149230957
v 0.97656899690628052 -3.2935609817504883 3.3206479549407959
v 0.97656899690628052 -3.1620900630950928 3.3751049041748047
v 0.97656899690628052 -3.107633113861084 3.5065760612487793
v 0.9765700101852417 -3.1620900630950928 3.6380460262298584
v 0.9765700101852417 -3.2935609817504883 3.6925039291381836
v 0.9765700101852417 -3.4250309467315674 3.6380469799041748
v 0.97656899690628052 -3.4794878959655762 3.5065770149230957
v 1.1664079427719116 -3.4531300067901611 3.5065760612487793
v 1.0842920541763306 -4.5436058044433594 6.7577199935913086
v 1.1061160564422607 -4.6464419364929199 6.6906089782714844
v 0.93251001834869385 -4.6070570945739746 6.7301139831542969
v 0.94087100028991699 -4.7483792304992676 6.8645529747009277
v 0.93979001045227051 -4.6413612365722656 6.707726001739502
v 0.93389201164245605 -4.7154960632324219 6.886012077331543
v 0.88209801912307739 -4.7237510681152344 6.8884248733520508
v 0.86854201555252075 -4.6496701240539551 6.7741031646728516
v 0.87582200765609741 -4.6839737892150879 6.751716136932373
v 0.88937801122665405 -4.7580552101135254 6.8660378456115723
v 0.86875200271606445 -4.5829148292541504 6.6844792366027832
v 0.87108701467514038 -4.6168618202209473 6.6551051139831543
v 1.284235954284668 -4.9794940948486328 7.7743930816650391
v 1.1206790208816528 -4.8636012077331543 7.2607131004333496
v 1.067639946937561 -4.6930131912231445 6.8644700050354004
v 1.1248730421066284 -5.053429126739502 7.7778100967407227
v 1.1788909435272217 -5.1122088432312012 7.6510219573974609
v 1.2009580135345459 -5.0595297813415527 7.9078330993652344
v 1.3479360342025757 -5.1199479103088379 7.9651107788085938
v 1.3613129854202271 -5.1952571868896484 7.6111202239990234
v 1.1048599481582642 -5.0001401901245117 8.3508367538452148
v 1.1527149677276611 -5.0724930763244629 8.2303924560546875
v 1.1809940338134766 -5.0029268264770508 8.480961799621582
v 1.3224170207977295 -5.0709261894226074 8.5441341400146484
v 1.3447779417037964 -5.1705098152160645 8.2061834335327148
v 1.2947349548339844 -5.1132669448852539 8.742609977722168
v 1.1652469635009766 -5.0165438652038574 8.7833490371704102
v 1.1178480386734009 -4.9446010589599609 8.9033889770507812
v 1.1939820051193237 -4.9473891258239746 9.0335140228271484
v 1.3354049921035767 -5.015388011932373 9.0966863632202148
v 1.1590150594711304 -5.0611357688903809 7.8177242279052734
v 1.2575130462646484 -5.1239891052246094 7.9174070358276367
v 1.3513510227203369 -5.226128101348877 7.7604389190673828
v 1.2155829668045044 -5.1368560791015625 7.6311588287353516
v 1.0526469945907593 -4.6022930145263672 6.7690019607543945
v 1.1693919897079468 -4.5399460792541504 6.7269430160522461
v 1.1140179634094238 -4.9976811408996582 8.3881778717041016
v 1.2181040048599243 -5.0549349784851074 8.4855260848999023
v 1.3022960424423218 -5.1669201850891113 8.3298072814941406
v 1.1593090295791626 -5.0848779678344727 8.2035551071166992
v 1.1339340209960938 -4.9400448799133301 8.9388160705566406
v 1.2247610092163086 -4.9939041137695312 9.0503463745117188
v 1.3196480274200439 -5.1197972297668457 8.91241455078125
v 1.1942509412765503 -5.0418930053710938 8.7663946151733398
v 1.8835190534591675 -4.5436058044433594 6.7577199935913086
v 1.8616950511932373 -4.6464419364929199 6.6906089782714844
v 2.0353019237518311 -4.6070570945739746 6.7301130294799805
v 2.0269410610198975 -4.7483792304992676 6.8645520210266113
v 2.0280220508575439 -4.6413612365722656 6.707726001739502
v 2.033919095993042 -4.7154960632324219 6.886012077331543
v 2.0967249870300293 -4.6168618202209473 6.6551041603088379
v 2.0784339904785156 -4.7580552101135254 6.8660368919372559
v 2.0857141017913818 -4.7237510681152344 6.8884248733520508
v 2.09906005859375 -4.5829148292541504 6.6844792366027832
v 1.8035119771957397 -4.9928069114685059 7.8224239349365234
v 1.9354829788208008 -4.8526821136474609 7.2854948043823242
v 1.9842280149459839 -4.6797699928283691 6.8942070007324219
v 1.8087970018386841 -5.0611357688903809 7.8177242279052734
v 1.710299015045166 -5.1239891052246094 7.9174070358276367
v 1.6164599657058716 -5.226128101348877 7.7604389190673828
v 1.7522280216217041 -5.1368560791015625 7.6311588287353516
v 1.8537939786911011 -4.9976811408996582 8.3881778717041016
v 1.7497080564498901 -5.0549349784851074 8.4855260848999023
v 1.6655160188674927 -5.1669201850891113 8.3298072814941406
v 1.8085030317306519 -5.0848779678344727 8.2035551071166992
v 1.8338780403137207 -4.9400448799133301 8.9388160705566406
v 1.7430520057678223 -4.9939041137695312 9.0503463745117188
v 1.6481640338897705 -5.1197972297668457 8.91241455078125
v 1.7735610008239746 -5.0418930053710938 8.7663946151733398
v 1.125391960144043 -4.5359621047973633 1.907107949256897
v 1.125391960144043 -4.5359621047973633 1.965459942817688
v 1.125391960144043 -4.3952040672302246 1.965459942817688
v 1.125391960144043 -4.3952040672302246 1.907107949256897
v 1.2657710313796997 -4.3614177703857422 -3.59735107421875
v 1.2657710313796997 -4.5500931739807129 -3.59735107421875
v 1.2657710313796997 -4.5500931739807129 -3.4348199367523193
v 1.2657710313796997 -4.3614177703857422 -3.4348199367523193
v 1.70203697681427 -4.5500931739807129 -3.59735107421875
v 1.70203697681427 -4.5500931739807129 -3.4348199367523193
v 1.70203697681427 -4.3614177703857422 -3.59735107421875
v 1.70203697681427 -4.3614177703857422 -3.4348199367523193
v 1.0863690376281738 -4.7988600730895996 6.7574801445007324
v 1.1234530210494995 -4.8336291313171387 7.0513210296630859
v 1.2223340272903442 -4.5875840187072754 6.9738421440124512
v 1.1765810251235962 -4.5636820793151855 6.5315818786621094
v 1.1597620248794556 -4.9409232139587402 7.5181159973144531
v 1.0209139585494995 -5.0075631141662598 6.8061962127685547
v 1.3477929830551147 -4.8622889518737793 6.8588337898254395
v 1.1765810251235962 -4.5636820793151855 6.5315818786621094
v 1.3522989749908447 -4.6424617767333984 6.6735281944274902
v 1.3328820466995239 -5.0438551902770996 6.9376368522644043
v 1.0209139585494995 -5.0075631141662598 6.8061962127685547
v 1.3338780403137207 -5.0378398895263672 7.1499438285827637
v 1.1597620248794556 -4.9409232139587402 7.5181159973144531
v 1.2192150354385376 -4.9805631637573242 7.7516870498657227
v 1.3328820466995239 -5.0438551902770996 6.9376368522644043
v 1.3597639799118042 -4.8622889518737793 7.0070548057556152
v 1.3522989749908447 -4.6424617767333984 6.6735281944274902
v 1.3775089979171753 -4.6424617767333984 6.795896053314209
v 1.3338780403137207 -5.0378398895263672 7.1499438285827637
v 0.93756300210952759 -4.3517627716064453 4.2566170692443848
v 0.84141498804092407 -4.1232857704162598 4.2566170692443848
v 1.4839049577713013 -3.2095398902893066 4.4033432006835938
v 1.4839049577713013 -3.4416770935058594 4.2563700675964355
v 1.4839049577713013 -3.1802349090576172 4.1448531150817871
v 1.1919529438018799 -4.5691051483154297 4.2566170692443848
v 0.88406097888946533 -3.9656190872192383 4.2566180229187012
v 1.1628600358963013 -3.4126830101013184 4.1613011360168457
v 1.0054459571838379 -3.6128649711608887 4.1787247657775879
v 0.93429797887802124 -3.7720661163330078 4.2252440452575684
v 1.4839060306549072 -5.0505471229553223 9.9699153900146484
v 1.4839049577713013 -4.6525888442993164 4.2566170692443848
v 1.0514999628067017 -3.6128649711608887 4.2566437721252441
v 1.2472690343856812 -3.3402180671691895 4.2858700752258301
v 0.93429797887802124 -3.7720661163330078 4.256688117980957
v 0.88406097888946533 -3.9656190872192383 4.2566180229187012
v 1.2769830226898193 -3.3386459350585938 4.3174099922180176
v 1.2237080335617065 -3.5034360885620117 4.2566218376159668
v 1.2174630165100098 -3.5012149810791016 4.3781790733337402
v 1.4839049577713013 -3.4416770935058594 4.2563700675964355
v 1.0514999628067017 -3.6128649711608887 4.2566437721252441
v 1.8814430236816406 -4.7988600730895996 6.7574801445007324
v 1.7912299633026123 -4.5636820793151855 6.5315818786621094
v 1.7454769611358643 -4.5875840187072754 6.9738421440124512
v 1.8443590402603149 -4.8336291313171387 7.0513210296630859
v 1.8069119453430176 -4.9645757675170898 7.5791950225830078
v 1.9468979835510254 -5.0075631141662598 6.8061962127685547
v 1.6200180053710938 -4.8622889518737793 6.8588337898254395
v 1.6155129671096802 -4.6424617767333984 6.6735281944274902
v 1.7912299633026123 -4.5636820793151855 6.5315818786621094
v 1.6349300146102905 -5.0438551902770996 6.9376368522644043
v 1.9468979835510254 -5.0075631141662598 6.8061962127685547
v 1.6339329481124878 -5.0378398895263672 7.1499438285827637
v 1.8069119453430176 -4.9645757675170898 7.5791950225830078
v 1.6349300146102905 -5.0438551902770996 6.9376368522644043
v 1.6080470085144043 -4.8622889518737793 7.0070548057556152
v 1.5903029441833496 -4.6424617767333984 6.795896053314209
v 1.6155129671096802 -4.6424617767333984 6.6735281944274902
v 1.6339329481124878 -5.0378398895263672 7.1499438285827637
v 2.1263959407806396 -4.1232857704162598 4.2566161155700684
v 1.9373229742050171 -4.4815502166748047 4.2566170692443848
v 2.0586309432983398 -3.8688418865203857 4.2409310340881348
v 1.8049509525299072 -3.4126830101013184 4.1613011360168457
v 1.9623639583587646 -3.6128649711608887 4.1787247657775879
v 1.9163099527359009 -3.6128649711608887 4.2566437721252441
v 1.7205419540405273 -3.3402180671691895 4.2858700752258301
v 2.033513069152832 -3.7720661163330078 4.256688117980957
v 2.0586309432983398 -3.8688418865203857 4.2409310340881348
v 1.6908279657363892 -3.3386459350585938 4.3174099922180176
v 1.7503479719161987 -3.5012149810791016 4.3781781196594238
v 1.744102954864502 -3.5034360885620117 4.2566218376159668
v 1.9163099527359009 -3.6128649711608887 4.2566437721252441
v 1.7148540019989014 -6.0468578338623047 -3.3604319095611572
v 1.714853048324585 -5.9658927917480469 -3.4618680477142334
v 1.759734034538269 -5.9312829971313477 -3.4828469753265381
v 1.759734034538269 -6.0714750289916992 -3.3183839321136475
v 1.2080750465393066 -6.0714740753173828 -3.3183839321136475
v 1.2529549598693848 -6.0468587875366211 -3.3604309558868408
v 1.2080739736557007 -5.9312829971313477 -3.4828460216522217
v 1.2529549598693848 -5.9658927917480469 -3.4618680477142334
v 1.3622549772262573 -5.8669190406799316 -3.5236659049987793
v 1.6055530309677124 -5.866919994354248 -3.5236649513244629
v 1.3622549772262573 -5.7418379783630371 -3.5925428867340088
v 1.6055530309677124 -5.7418379783630371 -3.5925440788269043
v 1.714853048324585 -5.9658927917480469 -3.4618680477142334
v 1.7148540019989014 -5.9046502113342285 -3.3792769908905029
v 1.2529549598693848 -5.9046487808227539 -3.3792769908905029
v 1.2529549598693848 -5.9688611030578613 -3.2919259071350098
v 1.7148540019989014 -5.9688620567321777 -3.2919259071350098
v 1.7148540019989014 -5.9046502113342285 -3.3792769908905029
v 1.759734034538269 -5.8700418472290039 -3.4002571105957031
v 1.7597349882125854 -5.9934158325195312 -3.2468810081481934
v 1.2080750465393066 -5.9934158325195312 -3.2468810081481934
v 1.2080750465393066 -5.8700408935546875 -3.4002549648284912
v 1.3622549772262573 -5.8037199974060059 -3.4380509853363037
v 1.3622549772262573 -5.6633200645446777 -3.5151269435882568
v 1.6055530309677124 -5.8037209510803223 -3.4380528926849365
v 1.6055530309677124 -5.6633210182189941 -3.5151278972625732
vt 0.38155299425125122 0.27471500635147095
vt 0.45305201411247253 0.16800099611282349
vt 0.32308900356292725 0.12568497657775879
vt 0.027617000043392181 0.36013901233673096
vt 0.34882000088691711 0.11627197265625
vt 0.3459320068359375 0.13651198148727417
vt 0.58083200454711914 0.6140730082988739
vt 0.065595999360084534 0.17212098836898804
vt 0.063217997550964355 0.17528897523880005
vt 0.57651299238204956 0.61365801095962524
vt 0.19173699617385864 0.13457697629928589
vt 0.044339001178741455 0.13231498003005981
vt 0.19221900403499603 0.12586599588394165
vt 0.57424598932266235 0.63278400897979736
vt 0.065310999751091003 0.19632697105407715
vt 0.34482100605964661 0.23575997352600098
vt 0.53395199775695801 0.64169299602508545
vt 0.59504002332687378 0.62760800123214722
vt 0.031252000480890274 0.1516609787940979
vt 0.040692999958992004 0.15060597658157349
vt 0.048011001199483871 0.12063002586364746
vt 0.072434999048709869 0.11236697435379028
vt 0.62120002508163452 0.62593299150466919
vt 0.59347802400588989 0.60643100738525391
vt 0.61991000175476074 0.60537400841712952
vt 0.01421700045466423 0.15161502361297607
vt 0.033282000571489334 0.13509601354598999
vt 0.014394000172615051 0.12848097085952759
vt 0.19084100425243378 0.19837898015975952
vt 0.19106000661849976 0.17418801784515381
vt 0.32152199745178223 0.17431598901748657
vt 0.34506899118423462 0.19847398996353149
vt 0.32232999801635742 0.11579298973083496
vt 0.027503000572323799 0.30917602777481079
vt 0.026260999962687492 0.48597598075866699
vt 0.0055379997938871384 0.48858600854873657
vt 0.027503000572323799 0.32182997465133667
vt 0.20956499874591827 0.056775987148284912
vt 0.042332001030445099 0.087264001369476318
vt 0.027184000238776207 0.081296026706695557
vt 0.514382004737854 0.46184700727462769
vt 0.49462398886680603 0.44754397869110107
vt 0.043476998805999756 0.070792019367218018
vt 0.58059298992156982 0.4719269871711731
vt 0.56845599412918091 0.46780401468276978
vt 0.58847802877426147 0.48288702964782715
vt 0.18678699433803558 0.11535000801086426
vt 0.14223699271678925 0.06045299768447876
vt 0.18561699986457825 0.06176602840423584
vt 0.19528700411319733 0.012826979160308838
vt 0.19811800122261047 0.0574989914894104
vt 0.36645200848579407 0.033464014530181885
vt 0.35607698559761047 0.0097420215606689453
vt 0.35537898540496826 0.0054500102996826172
vt 0.3694939911365509 0.021018028259277344
vt 0.36140099167823792 0.13025599718093872
vt 0.36140099167823792 0.14959597587585449
vt 0.35617798566818237 0.15958899259567261
vt 0.36675000190734863 0.16764098405838013
vt 0.37029200792312622 0.18983602523803711
vt 0.35218700766563416 0.15526098012924194
vt 0.58314400911331177 0.55347800254821777
vt 0.59150099754333496 0.54749700427055359
vt 0.59862500429153442 0.53701001405715942
vt 0.59949898719787598 0.5154779851436615
vt 0.209524005651474 0.0033389925956726074
vt 0.23619599640369415 0.37419897317886353
vt 0.3668380081653595 0.18568402528762817
vt 0.35440999269485474 0.14589202404022217
vt 0.35912299156188965 0.14590698480606079
vt 0.33922800421714783 0.39210498332977295
vt 0.027503000572323799 0.33978599309921265
vt 0.592631995677948 0.1935889720916748
vt 0.49988999962806702 0.65638399124145508
vt 0.35333600640296936 0.22979998588562012
vt 0.35332900285720825 0.20885902643203735
vt 0.49989399313926697 0.64168798923492432
vt 0.51735901832580566 0.64169299602508545
vt 0.56328999996185303 0.56151598691940308
vt 0.010683000087738037 0.51785001158714294
vt 0.041018001735210419 0.52043101191520691
vt 0.32580199837684631 0.4355120062828064
vt 0.25780200958251953 0.4356200098991394
vt 0.39197900891304016 0.050306022167205811
vt 0.34618601202964783 0.42426902055740356
vt 0.38192400336265564 0.021000027656555176
vt 0.38512200117111206 0.033464014530181885
vt 0.21401999890804291 0.34669500589370728
vt 0.026215000078082085 0.38203102350234985
vt 0.40200099349021912 0.26089400053024292
vt 0.19141300022602081 0.15293502807617188
vt 0.0042400001548230648 0.65638399124145508
vt 0.20392400026321411 0.2029380202293396
vt 0.0042400001548230648 0.52125799655914307
vt 0.038091998547315598 0.37727600336074829
vt 0.040954001247882843 0.52687999606132507
vt 0.0042400001548230648 0.5426659882068634
vt 0.53533798456192017 0.61782601475715637
vt 0.44774800539016724 0.53102099895477295
vt 0.46873798966407776 0.54692500829696655
vt 0.24394899606704712 0.52792999148368835
vt 0.34480899572372437 0.20290499925613403
vt 0.43777599930763245 0.65638399124145508
vt 0.44137299060821533 0.6416890025138855
vt 0.46583199501037598 0.64168199896812439
vt 0.57446402311325073 0.62220200896263123
vt 0.065394997596740723 0.1844789981842041
vt 0.43776699900627136 0.63905000686645508
vt 0.53538602590560913 0.62383800745010376
vt 0.46985799074172974 0.61638200283050537
vt 0.49251100420951843 0.58781701326370239
vt 0.49289599061012268 0.60929399728775024
vt 0.43067198991775513 0.52165800333023071
vt 0.4714449942111969 0.53567099571228027
vt 0.59202498197555542 0.56459298729896545
vt 0.51854801177978516 0.60893100500106812
vt 0.61962801218032837 0.56364798545837402
vt 0.51867097616195679 0.58862298727035522
vt 0.48912999033927917 0.56235200166702271
vt 0.51931500434875488 0.54392299056053162
vt 0.51865500211715698 0.56355699896812439
vt 0.25268098711967468 0.5182659924030304
vt 0.24333499372005463 0.45971202850341797
vt 0.25375500321388245 0.45525002479553223
vt 0.24041500687599182 0.62739399075508118
vt 0.0042400001548230648 0.62771999835968018
vt 0.0042400001548230648 0.59351000189781189
vt 0.21829499304294586 0.44788497686386108
vt 0.21351400017738342 0.43027198314666748
vt 0.22233399748802185 0.42848098278045654
vt 0.2359129935503006 0.44976997375488281
vt 0.24365900456905365 0.44114798307418823
vt 0.22543999552726746 0.43893098831176758
vt 0.49408501386642456 0.49783599376678467
vt 0.46475300192832947 0.47573798894882202
vt 0.39558300375938416 0.13008099794387817
vt 0.50406497716903687 0.4798930287361145
vt 0.47951799631118774 0.46213001012802124
vt 0.55637699365615845 0.4720960259437561
vt 0.46390300989151001 0.43370801210403442
vt 0.4439769983291626 0.43351399898529053
vt 0.54864501953125 0.48316198587417603
vt 0.23121200501918793 0.35977399349212646
vt 0.22908599674701691 0.42688000202178955
vt 0.38995799422264099 0.13025599718093872
vt 0.45609501004219055 0.39778399467468262
vt 0.37370601296424866 0.34729999303817749
vt 0.37292000651359558 0.4322509765625
vt 0.38509801030158997 0.013369977474212646
vt 0.38510900735855103 0.020995020866394043
vt 0.38935500383377075 0.033464014530181885
vt 0.39041799306869507 0.027188003063201904
vt 0.390951007604599 0.023411989212036133
vt 0.39514300227165222 0.010914981365203857
vt 0.39591500163078308 0.0066360235214233398
vt 0.38995799422264099 0.14959597587585449
vt 0.39942499995231628 0.15489101409912109
vt 0.39525300264358521 0.15938502550125122
vt 0.38135999441146851 0.18991297483444214
vt 0.38489800691604614 0.16764098405838013
vt 0.54649502038955688 0.54779499769210815
vt 0.55524897575378418 0.55385100841522217
vt 0.53923499584197998 0.53740799427032471
vt 0.53970098495483398 0.50972199440002441
vt 0.53644800186157227 0.52207300066947937
vt 0.40336298942565918 0.34681099653244019
vt 0.55695301294326782 0.18557101488113403
vt 0.41527000069618225 0.32473897933959961
vt 0.38489198684692383 0.18558198213577271
vt 0.39713999629020691 0.14512801170349121
vt 0.23124100267887115 0.34479200839996338
vt 0.24019700288772583 0.34475702047348022
vt 0.47723600268363953 0.19363898038864136
vt 0.43681898713111877 0.2846829891204834
vt 0.34503999352455139 0.17452198266983032
vt 0.48242700099945068 0.64168301224708557
vt 0.56905597448348999 0.55662199854850769
vt 0.0042400001548230648 0.57399299740791321
vt 0.32178300619125366 0.15371400117874146
vt 0.34533798694610596 0.15394502878189087
vt 0.32245901226997375 0.13499701023101807
vt 0.11125300079584122 0.62843000888824463
vt 0.10102400183677673 0.61215999722480774
vt 0.089207999408245087 0.5741649866104126
vt 0.091107003390789032 0.55789700150489807
vt 0.10766100138425827 0.53098198771476746
vt 0.3063029944896698 0.52675899863243103
vt 0.29148301482200623 0.62661498785018921
vt 0.288673996925354 0.5954819917678833
vt 0.28832700848579407 0.58559399843215942
vt 0.28744098544120789 0.54313600063323975
vt 0.29274600744247437 0.58586001396179199
vt 0.27742499113082886 0.58104801177978516
vt 0.27522501349449158 0.5970819890499115
vt 0.31566700339317322 0.62779399752616882
vt 0.31221500039100647 0.59571701288223267
vt 0.31108298897743225 0.581045001745224
vt 0.30678099393844604 0.59571999311447144
vt 0.30390799045562744 0.59681999683380127
vt 0.30118098855018616 0.59468600153923035
vt 0.29639101028442383 0.5759899914264679
vt 0.30096900463104248 0.54493099451065063
vt 0.30461600422859192 0.53938600420951843
vt 0.47839099168777466 0.60248398780822754
vt 0.0042400001548230648 0.61296901106834412
vt 0.092904999852180481 0.59403699636459351
vt 0.28917700052261353 0.61577001214027405
vt 0.29798701405525208 0.59649801254272461
vt 0.31390100717544556 0.6149120032787323
vt 0.0042400001548230648 0.55768799781799316
vt 0.47347399592399597 0.56205099821090698
vt 0.096608996391296387 0.54346498847007751
vt 0.29660099744796753 0.56001299619674683
vt 0.31535100936889648 0.56161400675773621
vt 0.32096299529075623 0.54575300216674805
vt 0.32496199011802673 0.53191399574279785
vt 0.48660299181938171 0.5865899920463562
vt 0.24378499388694763 0.53491601347923279
vt 0.24016200006008148 0.62336799502372742
vt 0.11551699787378311 0.62311100959777832
vt 0.10579899698495865 0.60938999056816101
vt 0.095545001327991486 0.57555100321769714
vt 0.097272999584674835 0.56164100766181946
vt 0.1128930002450943 0.53624498844146729
vt 0.28942999243736267 0.54010400176048279
vt 0.28493699431419373 0.62134701013565063
vt 0.28299599885940552 0.59576201438903809
vt 0.28337100148200989 0.5830560028553009
vt 0.28965801000595093 0.54520699381828308
vt 0.28765299916267395 0.54838201403617859
vt 0.27988499402999878 0.58423000574111938
vt 0.2791450023651123 0.60121598839759827
vt 0.31300899386405945 0.62715798616409302
vt 0.30920401215553284 0.59600800275802612
vt 0.29096299409866333 0.5613740086555481
vt 0.28911200165748596 0.57507500052452087
vt 0.30386701226234436 0.60227799415588379
vt 0.29860401153564453 0.59698399901390076
vt 0.29229500889778137 0.5761449933052063
vt 0.29377299547195435 0.54818201065063477
vt 0.29412400722503662 0.54428198933601379
vt 0.098281003534793854 0.59375900030136108
vt 0.28444400429725647 0.61544999480247498
vt 0.28343600034713745 0.56143999099731445
vt 0.31041499972343445 0.61473599076271057
vt 0.1018889993429184 0.54947599768638611
vt 0.29185500741004944 0.55910700559616089
vt 0.29935300350189209 0.53546398878097534
vt 0.44241800904273987 0.61333999037742615
vt 0.45194900035858154 0.59576299786567688
vt 0.46261098980903625 0.58114099502563477
vt 0.56461101770401001 0.61817899346351624
vt 0.5787619948387146 0.58741301298141479
vt 0.55091398954391479 0.5563490092754364
vt 0.53692901134490967 0.57706400752067566
vt 0.47495898604393005 0.58144998550415039
vt 0.46620899438858032 0.5975939929485321
vt 0.45827201008796692 0.61149001121520996
vt 0.46350398659706116 0.15546602010726929
vt 0.45305201411247253 0.16800099611282349
vt 0.48536801338195801 0.42889201641082764
vt 0.48568901419639587 0.40675902366638184
vt 0.36866798996925354 0.33816301822662354
vt 0.61988300085067749 0.20576399564743042
vt 0.44104799628257751 0.18689697980880737
vt 0.39455199241638184 0.28842300176620483
vt 0.592631995677948 0.1935889720916748
vt 0.35141101479530334 0.39667600393295288
vt 0.34618601202964783 0.42426902055740356
vt 0.50077497959136963 0.17315202951431274
vt 0.46390300989151001 0.43370801210403442
vt 0.4439769983291626 0.43351399898529053
vt 0.45609501004219055 0.39778399467468262
vt 0.37370601296424866 0.34729999303817749
vt 0.37292098999023438 0.4322509765625
vt 0.36677899956703186 0.34726399183273315
vt 0.34686499834060669 0.34632301330566406
vt 0.34469300508499146 0.36777400970458984
vt 0.33453500270843506 0.35949802398681641
vt 0.33403199911117554 0.35197800397872925
vt 0.40336298942565918 0.34681099653244019
vt 0.55695301294326782 0.18557101488113403
vt 0.4260450005531311 0.3047109842300415
vt 0.47723600268363953 0.19363898038864136
vt 0.4414060115814209 0.16471397876739502
vt 0.45099499821662903 0.14773201942443848
vt 0.32384198904037476 0.36417901515960693
vt 0.25484201312065125 0.34136098623275757
vt 0.32384198904037476 0.34136098623275757
vt 0.25484201312065125 0.36417901515960693
vt 0.32856899499893188 0.36913102865219116
vt 0.25014799833297729 0.33461201190948486
vt 0.32856899499893188 0.33679801225662231
vt 0.25014799833297729 0.36694502830505371
vt 0.41743698716163635 0.15549999475479126
vt 0.40400400757789612 0.15549999475479126
vt 0.43859699368476868 0.15549999475479126
vt 0.42517000436782837 0.15549999475479126
vt 0.43859699368476868 0.1745150089263916
vt 0.40400400757789612 0.1745150089263916
vt 0.41743698716163635 0.1745150089263916
vt 0.42517000436782837 0.1745150089263916
vt 0.42517000436782837 0.1652519702911377
vt 0.41743698716163635 0.16481399536132812
vt 0.0049319998361170292 0.81958900392055511
vt 0.015364999882876873 0.82523199915885925
vt 0.57569599151611328 0.67802000045776367
vt 0.58467197418212891 0.67503100633621216
vt 0.53776997327804565 0.65367999672889709
vt 0.54047602415084839 0.63410601019859314
vt 0.53746497631072998 0.68695399165153503
vt 0.57761299610137939 0.652538001537323
vt 0.0056199999526143074 0.8034680038690567
vt 0.0023189999628812075 0.81142899394035339
vt 0.59079200029373169 0.66933798789978027
vt 0.59127199649810791 0.66346800327301025
vt 0.58546501398086548 0.65860000252723694
vt 0.20621199905872345 0.83840300142765045
vt 0.3232719898223877 0.83840300142765045
vt 0.3232719898223877 0.86131499707698822
vt 0.20621199905872345 0.86131499707698822
vt 0.10321500152349472 0.051182985305786133
vt 0.10883700102567673 0.041608989238739014
vt 0.060141000896692276 0.038020014762878418
vt 0.058641001582145691 0.038942992687225342
vt 0.050606999546289444 0.030065000057220459
vt 0.05909699946641922 0.030318021774291992
vt 0.083627998828887939 0.015774011611938477
vt 0.079483002424240112 0.022181987762451172
vt 0.074952997267246246 0.018644988536834717
vt 0.081623002886772156 0.014204025268554688
vt 0.10155899822711945 0.036122977733612061
vt 0.096446000039577484 0.037701010704040527
vt 0.078511998057365417 0.004382014274597168
vt 0.0058120000176131725 0.0058550238609313965
vt 0.068783000111579895 0.054759979248046875
vt 0.092129997909069061 0.004414975643157959
vt 0.0971670001745224 0.013791024684906006
vt 0.082999996840953827 0.009895026683807373
vt 0.13922600448131561 0.026037991046905518
vt 0.18741799890995026 0.029576003551483154
vt 0.18529100716114044 0.021831989288330078
vt 0.15043500065803528 0.026117980480194092
vt 0.18274800479412079 0.013581991195678711
vt 0.099578000605106354 0.022041022777557373
vt 0.18643699586391449 0.018525004386901855
vt 0.18945799767971039 0.017409026622772217
vt 0.18832799792289734 0.014814019203186035
vt 0.18810400366783142 0.012158989906311035
vt 0.18558299541473389 0.015641987323760986
vt 0.11222600191831589 0.035028994083404541
vt 0.18229000270366669 0.04000699520111084
vt 0.1783829927444458 0.034721970558166504
vt 0.11072999984025955 0.03614199161529541
vt 0.18011100590229034 0.027333974838256836
vt 0.10634899884462357 0.029653012752532959
vt 0.18361799418926239 0.0047529935836791992
vt 0.17566199600696564 0.024236977100372314
vt 0.10945799946784973 0.023478984832763672
vt 0.092949002981185913 0.28877401351928711
vt 0.14212800562381744 0.28903001546859741
vt 0.092730000615119934 0.34857600927352905
vt 0.093731999397277832 0.30630302429199219
vt 0.14255200326442719 0.3160560131072998
vt 0.092238999903202057 0.31579297780990601
vt 0.1411609947681427 0.30655002593994141
vt 0.14171500504016876 0.34883302450180054
vt 0.081137001514434814 0.29019200801849365
vt 0.15392500162124634 0.29057401418685913
vt 0.086101002991199493 0.35449600219726562
vt 0.084261000156402588 0.31246501207351685
vt 0.15056499838829041 0.31281298398971558
vt 0.14827999472618103 0.35482197999954224
vt 0.16207100450992584 0.31229597330093384
vt 0.18830299377441406 0.31253200769424438
vt 0.16107200086116791 0.33650398254394531
vt 0.18885800242424011 0.33673697710037231
vt 0.16939100623130798 0.34154701232910156
vt 0.16824600100517273 0.30284899473190308
vt 0.15389999747276306 0.31048101186752319
vt 0.19651100039482117 0.31088000535964966
vt 0.15758700668811798 0.34587901830673218
vt 0.19214500486850739 0.34616398811340332
vt 0.16791300475597382 0.34997302293777466
vt 0.19197200238704681 0.30045199394226074
vt 0.1801609992980957 0.34169197082519531
vt 0.1823589950799942 0.30306899547576904
vt 0.18145300447940826 0.35014498233795166
vt 0.15869100391864777 0.30003702640533447
vt 0.17002899944782257 0.27863198518753052
vt 0.18853199481964111 0.27550500631332397
vt 0.18107399344444275 0.27882397174835205
vt 0.16265499591827393 0.27514797449111938
vt 0.16906599700450897 0.25726401805877686
vt 0.18898099660873413 0.2596290111541748
vt 0.18253800272941589 0.25750201940536499
vt 0.16257199645042419 0.25923299789428711
vt 0.16985900700092316 0.24139702320098877
vt 0.18230800330638885 0.23657900094985962
vt 0.18212899565696716 0.24162298440933228
vt 0.16983099281787872 0.23634898662567139
vt 0.64205002784729004 0.49257999658584595
vt 0.85908997058868408 0.49257999658584595
vt 0.64205002784729004 0.50558900833129883
vt 0.85908997058868408 0.51418000459671021
vt 0.64205002784729004 0.54512399435043335
vt 0.85908997058868408 0.54512301087379456
vt 0.64205002784729004 0.51418000459671021
vt 0.85908997058868408 0.50558900833129883
vt 0.21626900136470795 0.27268701791763306
vt 0.23968799412250519 0.27263301610946655
vt 0.21682299673557281 0.32537698745727539
vt 0.21785199642181396 0.29179900884628296
vt 0.2403859943151474 0.30195999145507812
vt 0.21570399403572083 0.30201500654220581
vt 0.23819200694561005 0.29175299406051636
vt 0.23936900496482849 0.32532697916030884
vt 0.19269600510597229 0.27714097499847412
vt 0.26328200101852417 0.27698099613189697
vt 0.20167499780654907 0.32882601022720337
vt 0.19761200249195099 0.3009369969367981
vt 0.25847199559211731 0.30080097913742065
vt 0.25453299283981323 0.32870900630950928
vt 0.30643698573112488 0.13235098123550415
vt 0.31016701459884644 0.14313000440597534
vt 0.30460500717163086 0.14335501194000244
vt 0.30239701271057129 0.13125902414321899
vt 0.30643698573112488 0.13235098123550415
vt 0.30239701271057129 0.13125902414321899
vt 0.30329498648643494 0.15389901399612427
vt 0.2942039966583252 0.17065298557281494
vt 0.2942039966583252 0.17065298557281494
vt 0.31050300598144531 0.15686202049255371
vt 0.31075099110603333 0.16993200778961182
vt 0.31016600131988525 0.14313000440597534
vt 0.30460500717163086 0.14335501194000244
vt 0.30329498648643494 0.15389901399612427
vt 0.31050300598144531 0.15686202049255371
vt 0.31075099110603333 0.16993200778961182
vt 0.27454298734664917 0.27437597513198853
vt 0.31512001156806946 0.27413499355316162
vt 0.27483099699020386 0.30279302597045898
vt 0.3151710033416748 0.30255502462387085
vt 0.290802001953125 0.31975799798965454
vt 0.2993989884853363 0.31970500946044922
vt 0.28419101238250732 0.25753498077392578
vt 0.30527201294898987 0.25740998983383179
vt 0.26520800590515137 0.27266901731491089
vt 0.32443401217460632 0.27231699228286743
vt 0.26624199748039246 0.3057209849357605
vt 0.32379299402236938 0.30538201332092285
vt 0.29130101203918457 0.32994002103805542
vt 0.29902800917625427 0.32989102602005005
vt 0.2845270037651062 0.24734902381896973
vt 0.30481499433517456 0.24722802639007568
vt 0.35375499725341797 0.30677801370620728
vt 0.34167000651359558 0.30677801370620728
vt 0.34167799353599548 0.27244400978088379
vt 0.35374599695205688 0.27244400978088379
vt 0.36759299039840698 0.3333590030670166
vt 0.32783499360084534 0.33336001634597778
vt 0.34167799353599548 0.25861400365829468
vt 0.367576003074646 0.27244001626968384
vt 0.94866400957107544 0.46396702527999878
vt 0.87153398990631104 0.42637097835540771
vt 0.87567400932312012 0.35957002639770508
vt 0.99722599983215332 0.61786800622940063
vt 0.96728301048278809 0.48159497976303101
vt 0.98617899417877197 0.4281420111656189
vt 0.97271901369094849 0.43581998348236084
vt 0.96469897031784058 0.37351399660110474
vt 0.96288597583770752 0.43581998348236084
vt 0.95303201675415039 0.4281420111656189
vt 0.94467300176620483 0.4816020131111145
vt 0.96294099092483521 0.38252902030944824
vt 0.9680820107460022 0.46396100521087646
vt 0.99405002593994141 0.48404401540756226
vt 0.96463102102279663 0.27092099189758301
vt 0.96863400936126709 0.35002601146697998
vt 0.9892280101776123 0.61248999834060669
vt 0.98929899930953979 0.59856900572776794
vt 0.98921799659729004 0.57591500878334045
vt 0.98931902647018433 0.56630000472068787
vt 0.96081501245498657 0.46396398544311523
vt 0.97490400075912476 0.59856998920440674
vt 0.98365801572799683 0.34921902418136597
vt 0.95303601026535034 0.41969400644302368
vt 0.98877197504043579 0.37417000532150269
vt 0.98617899417877197 0.4281420111656189
vt 0.95303201675415039 0.4281420111656189
vt 0.9904710054397583 0.3831779956817627
vt 0.94866400957107544 0.46396702527999878
vt 0.94467097520828247 0.47637802362442017
vt 0.94465601444244385 0.40944898128509521
vt 0.9486510157585144 0.40944802761077881
vt 0.96728301048278809 0.48159497976303101
vt 0.957846999168396 0.48643398284912109
vt 0.94467300176620483 0.4816020131111145
vt 0.95126801729202271 0.48643499612808228
vt 0.9680820107460022 0.46396100521087646
vt 0.98837900161743164 0.42952102422714233
vt 0.99713701009750366 0.43214297294616699
vt 0.97113001346588135 0.47636997699737549
vt 0.9528539776802063 0.44501501321792603
vt 0.96061301231384277 0.44749802350997925
vt 0.96081501245498657 0.46396398544311523
vt 0.99193799495697021 0.41969799995422363
vt 0.95303601026535034 0.41969400644302368
vt 0.75748699903488159 0.34212601184844971
vt 0.75748699903488159 0.35176801681518555
vt 0.65589499473571777 0.34212601184844971
vt 0.65589499473571777 0.35176801681518555
vt 0.75748699903488159 0.3646090030670166
vt 0.65589499473571777 0.3646090030670166
vt 0.75748699903488159 0.31002497673034668
vt 0.65589499473571777 0.31002497673034668
vt 0.75748699903488159 0.31642997264862061
vt 0.65589499473571777 0.31642997264862061
vt 0.75748699903488159 0.32284599542617798
vt 0.65589499473571777 0.32284599542617798
vt 0.75748699903488159 0.32926899194717407
vt 0.65589499473571777 0.32926899194717407
vt 0.75748699903488159 0.3356969952583313
vt 0.65589499473571777 0.3356969952583313
vt 0.65271300077438354 0.35176801681518555
vt 0.61304700374603271 0.34212601184844971
vt 0.65271300077438354 0.34212601184844971
vt 0.61304700374603271 0.35176801681518555
vt 0.65271300077438354 0.3646090030670166
vt 0.61304700374603271 0.3646090030670166
vt 0.65271300077438354 0.31002497673034668
vt 0.61304700374603271 0.31002497673034668
vt 0.65271300077438354 0.31642997264862061
vt 0.61304700374603271 0.31642997264862061
vt 0.65271300077438354 0.32284599542617798
vt 0.61304700374603271 0.32284599542617798
vt 0.65271300077438354 0.32926899194717407
vt 0.61304700374603271 0.32926899194717407
vt 0.65271300077438354 0.3356969952583313
vt 0.61304700374603271 0.3356969952583313
vt 0.92591398954391479 0.39032602310180664
vt 0.92428100109100342 0.40292000770568848
vt 0.92212498188018799 0.42779600620269775
vt 0.92131698131561279 0.45894497632980347
vt 0.92208898067474365 0.48401302099227905
vt 0.92558300495147705 0.52145400643348694
vt 0.93427801132202148 0.57118299603462219
vt 0.94640201330184937 0.30892801284790039
vt 0.93976497650146484 0.32844197750091553
vt 0.93018501996994019 0.3656730055809021
vt 0.8852660059928894 0.36962801218032837
vt 0.88124001026153564 0.39678102731704712
vt 0.87879002094268799 0.42413997650146484
vt 0.87782299518585205 0.45932000875473022
vt 0.87865102291107178 0.48637998104095459
vt 0.8824620246887207 0.52680200338363647
vt 0.89189398288726807 0.57966798543930054
vt 0.90229398012161255 0.29996001720428467
vt 0.89769601821899414 0.31743001937866211
vt 0.89093500375747681 0.34297102689743042
vt 0.9445040225982666 0.39592999219894409
vt 0.9419410228729248 0.4197080135345459
vt 0.94070601463317871 0.44364500045776367
vt 0.94045597314834595 0.45886200666427612
vt 0.94120901823043823 0.48298501968383789
vt 0.94454300403594971 0.51903599500656128
vt 0.95255601406097412 0.56632000207901001
vt 0.96323198080062866 0.3215789794921875
vt 0.95335501432418823 0.34939700365066528
vt 0.94834399223327637 0.3723750114440918
vt 0.12628799676895142 0.73737099766731262
vt 0.23636800050735474 0.73737099766731262
vt 0.23636800050735474 0.71792000532150269
vt 0.12628799676895142 0.71792000532150269
vt 0.14896999299526215 0.73737099766731262
vt 0.14896999299526215 0.71792000532150269
vt 0.17218199372291565 0.73737099766731262
vt 0.17218199372291565 0.71792000532150269
vt 0.19565199315547943 0.73737099766731262
vt 0.19565199315547943 0.71792000532150269
vt 0.21295000612735748 0.73737099766731262
vt 0.21295000612735748 0.71792000532150269
vt 0.22280600666999817 0.73737099766731262
vt 0.22280600666999817 0.71792000532150269
vt 0.22915400564670563 0.73737099766731262
vt 0.22915400564670563 0.71792000532150269
vt 0.12628799676895142 0.74412700533866882
vt 0.23636800050735474 0.74412700533866882
vt 0.14896999299526215 0.74412700533866882
vt 0.17218199372291565 0.74412700533866882
vt 0.19565199315547943 0.74412700533866882
vt 0.21295000612735748 0.74412700533866882
vt 0.22280600666999817 0.74412700533866882
vt 0.22915400564670563 0.74412700533866882
vt 0.2363550066947937 0.75184200704097748
vt 0.12628799676895142 0.75192999839782715
vt 0.17735399305820465 0.86684200167655945
vt 0.14896999299526215 0.75192999839782715
vt 0.17218199372291565 0.75192999839782715
vt 0.19565199315547943 0.75192999839782715
vt 0.21295000612735748 0.75192999839782715
vt 0.22280600666999817 0.75192999839782715
vt 0.22915400564670563 0.75192999839782715
vt 0.18319499492645264 0.71792000532150269
vt 0.4021579921245575 0.13985598087310791
vt 0.4021579921245575 0.11359202861785889
vt 0.4021579921245575 0.087327003479003906
vt 0.4021579921245575 0.061062991619110107
vt 0.4021579921245575 0.034798979759216309
vt 0.4021579921245575 0.0085359811782836914
vt 0.61183500289916992 0.34313499927520752
vt 0.60529202222824097 0.360725998878479
vt 0.59083098173141479 0.37268799543380737
vt 0.57232499122619629 0.37581700086593628
vt 0.5547339916229248 0.36927402019500732
vt 0.54277199506759644 0.35481202602386475
vt 0.53964298963546753 0.33630698919296265
vt 0.54618501663208008 0.31871598958969116
vt 0.56064701080322266 0.30675399303436279
vt 0.57915300130844116 0.30362498760223389
vt 0.59674400091171265 0.31016802787780762
vt 0.6087070107460022 0.3246300220489502
vt 0.55549699068069458 0.085179984569549561
vt 0.55549699068069458 0.098830997943878174
vt 0.55549699068069458 0.11248099803924561
vt 0.55549699068069458 0.12613201141357422
vt 0.55549699068069458 0.13978397846221924
vt 0.55549699068069458 0.15343499183654785
vt 0.55549699068069458 0.00327301025390625
vt 0.55549699068069458 0.016924023628234863
vt 0.55549699068069458 0.030575990676879883
vt 0.55549699068069458 0.044227004051208496
vt 0.55549699068069458 0.057878017425537109
vt 0.55549699068069458 0.071528971195220947
vt 0.51473301649093628 0.085179984569549561
vt 0.51473301649093628 0.098830997943878174
vt 0.51473301649093628 0.11248099803924561
vt 0.51473301649093628 0.12613201141357422
vt 0.51473301649093628 0.13978397846221924
vt 0.51473301649093628 0.15343499183654785
vt 0.51473301649093628 0.00327301025390625
vt 0.51473301649093628 0.016924023628234863
vt 0.51473301649093628 0.030575990676879883
vt 0.51473301649093628 0.044227004051208496
vt 0.51473301649093628 0.057878017425537109
vt 0.51473301649093628 0.071528971195220947
vt 0.60477501153945923 0.46693801879882812
vt 0.81055498123168945 0.47285002470016479
vt 0.60477501153945923 0.48932301998138428
vt 0.81055599451065063 0.48932301998138428
vt 0.60477501153945923 0.4420049786567688
vt 0.81055498123168945 0.44200402498245239
vt 0.60477501153945923 0.47285002470016479
vt 0.81055498123168945 0.46693700551986694
vt 0.28036698698997498 0.92013999819755554
vt 0.19161500036716461 0.90833000093698502
vt 0.081591002643108368 0.92013999819755554
vt 0.20524400472640991 0.91721499711275101
vt 0.1014690026640892 0.92013999819755554
vt 0.22138899564743042 0.91520199924707413
vt 0.12134599685668945 0.92013999819755554
vt 0.2290160059928894 0.90702100098133087
vt 0.14122399687767029 0.92013999819755554
vt 0.23153099417686462 0.8961229994893074
vt 0.16110199689865112 0.92013999819755554
vt 0.22825999557971954 0.88542799651622772
vt 0.18097899854183197 0.92013999819755554
vt 0.22008000314235687 0.87780100107192993
vt 0.20085699856281281 0.92013999819755554
vt 0.20918199419975281 0.87528599798679352
vt 0.22073499858379364 0.92013999819755554
vt 0.19848600029945374 0.8785569965839386
vt 0.25055098533630371 0.92013999819755554
vt 0.18960200250148773 0.8921860009431839
vt 0.87557697296142578 0.54165700078010559
vt 0.87557697296142578 0.44341301918029785
vt 0.87557697296142578 0.56025499105453491
vt 0.85928201675415039 0.46611702442169189
vt 0.87557697296142578 0.47659599781036377
vt 0.86586201190948486 0.54165700078010559
vt 0.86586201190948486 0.44341301918029785
vt 0.86586201190948486 0.56025499105453491
vt 0.86586201190948486 0.47659599781036377
vt 0.57107901573181152 0.092782974243164062
vt 0.82187199592590332 0.077540993690490723
vt 0.82187199592590332 0.08417898416519165
vt 0.56509298086166382 0.092914998531341553
vt 0.61254298686981201 0.14335697889328003
vt 0.60108500719070435 0.14335000514984131
vt 0.58825099468231201 0.14098900556564331
vt 0.59970498085021973 0.14128798246383667
vt 0.61290597915649414 0.13243800401687622
vt 0.60144901275634766 0.13252997398376465
vt 0.58822000026702881 0.12903100252151489
vt 0.59967702627182007 0.12900698184967041
vt 0.58837300539016724 0.09147799015045166
vt 0.5998309850692749 0.091588020324707031
vt 0.61294502019882202 0.12143898010253906
vt 0.60149198770523071 0.12173199653625488
vt 0.58829498291015625 0.11587697267532349
vt 0.59975099563598633 0.11606401205062866
vt 0.61288899183273315 0.11032497882843018
vt 0.60143202543258667 0.11031699180603027
vt 0.58828902244567871 0.10381197929382324
vt 0.59974497556686401 0.10394901037216187
vt 0.61290699243545532 0.099133014678955078
vt 0.60145300626754761 0.099425971508026123
vt 0.60107797384262085 0.15271002054214478
vt 0.60831600427627563 0.14993500709533691
vt 0.59226298332214355 0.14906901121139526
vt 0.59941202402114868 0.1525539755821228
vt 0.6015239953994751 0.14188998937606812
vt 0.60873699188232422 0.13905102014541626
vt 0.59245800971984863 0.13669097423553467
vt 0.59970200061798096 0.13994497060775757
vt 0.60173100233078003 0.13108998537063599
vt 0.60889297723770142 0.12812602519989014
vt 0.59238797426223755 0.12378901243209839
vt 0.59957098960876465 0.12712597846984863
vt 0.60142499208450317 0.11967897415161133
vt 0.60866200923919678 0.11690300703048706
vt 0.59241902828216553 0.11148500442504883
vt 0.59961497783660889 0.11483997106552124
vt 0.60885500907897949 0.1058189868927002
vt 0.59252101182937622 0.099229991436004639
vt 0.59972602128982544 0.10256701707839966
vt 0.60169202089309692 0.108784019947052
vt 0.82187199592590332 0.036839008331298828
vt 0.82187199592590332 0.053937971591949463
vt 0.82187199592590332 0.068430006504058838
vt 0.82187199592590332 0.0023829936981201172
vt 0.82187199592590332 0.019748985767364502
vt 0.56009101867675781 0.036839008331298828
vt 0.56009101867675781 0.053937971591949463
vt 0.57174897193908691 0.085509002208709717
vt 0.56009101867675781 0.0023829936981201172
vt 0.56009101867675781 0.019748985767364502
vt 0.57107901573181152 0.092782974243164062
vt 0.82187199592590332 0.077540993690490723
vt 0.61254298686981201 0.14335697889328003
vt 0.58825099468231201 0.14098900556564331
vt 0.61290597915649414 0.13243800401687622
vt 0.58822000026702881 0.12903100252151489
vt 0.58837300539016724 0.09147799015045166
vt 0.61294502019882202 0.12143898010253906
vt 0.58829498291015625 0.11587697267532349
vt 0.61288899183273315 0.11032497882843018
vt 0.58828902244567871 0.10381197929382324
vt 0.61290699243545532 0.099133014678955078
vt 0.60831600427627563 0.14993500709533691
vt 0.59226298332214355 0.14906901121139526
vt 0.60873699188232422 0.13905102014541626
vt 0.59245800971984863 0.13669097423553467
vt 0.60889297723770142 0.12812602519989014
vt 0.59238797426223755 0.12378901243209839
vt 0.60866200923919678 0.11690300703048706
vt 0.59241902828216553 0.11148500442504883
vt 0.60885500907897949 0.1058189868927002
vt 0.59252101182937622 0.099229991436004639
vt 0.82187199592590332 0.028294026851654053
vt 0.82187199592590332 0.053937971591949463
vt 0.82187199592590332 0.068430006504058838
vt 0.82187199592590332 0.0023829936981201172
vt 0.56009101867675781 0.053937971591949463
vt 0.57174897193908691 0.085509002208709717
vt 0.56009101867675781 0.0023829936981201172
vt 0.56009101867675781 0.028294026851654053
vt 0.5652809739112854 0.085651993751525879
vt 0.66096597909927368 0.22405397891998291
vt 0.71341401338577271 0.22405397891998291
vt 0.62232297658920288 0.22405397891998291
vt 0.80071800947189331 0.22405397891998291
vt 0.76977598667144775 0.20678800344467163
vt 0.64532899856567383 0.22405397891998291
vt 0.6459689736366272 0.18101602792739868
vt 0.69453299045562744 0.18118202686309814
vt 0.6233220100402832 0.20678800344467163
vt 0.76977598667144775 0.20678800344467163
vt 0.76826697587966919 0.14804202318191528
vt 0.64073401689529419 0.19451802968978882
vt 0.75164198875427246 0.13474100828170776
vt 0.61132901906967163 0.16233599185943604
vt 0.71059602499008179 0.13474202156066895
vt 0.70054000616073608 0.16233599185943604
vt 0.61886602640151978 0.16233599185943604
vt 0.62446898221969604 0.16233599185943604
vt 0.71672999858856201 0.1490439772605896
vt 0.68404901027679443 0.16233599185943604
vt 0.71115100383758545 0.14444899559020996
vt 0.65529501438140869 0.16233599185943604
vt 0.75164198875427246 0.13474100828170776
vt 0.78558099269866943 0.10474997758865356
vt 0.78557902574539185 0.12602299451828003
vt 0.75649499893188477 0.1490439772605896
vt 0.58591002225875854 0.17077499628067017
vt 0.58591002225875854 0.17949700355529785
vt 0.58591002225875854 0.16065102815628052
vt 0.58591002225875854 0.1896209716796875
vt 0.5743979811668396 0.17598402500152588
vt 0.58429300785064697 0.17598402500152588
vt 0.5743979811668396 0.18747198581695557
vt 0.58429300785064697 0.18747198581695557
vt 0.67502802610397339 0.14017999172210693
vt 0.66900700330734253 0.14017999172210693
vt 0.69270598888397217 0.13787597417831421
vt 0.64692801237106323 0.14017999172210693
vt 0.69283598661422729 0.1330609917640686
vt 0.68711698055267334 0.1294969916343689
vt 0.65294897556304932 0.14017999172210693
vt 0.68114602565765381 0.13515198230743408
vt 0.66097801923751831 0.14017999172210693
vt 0.68680101633071899 0.14112299680709839
vt 0.54863601922988892 0.33815300464630127
vt 0.55131798982620239 0.35189199447631836
vt 0.56051099300384521 0.36244899034500122
vt 0.5737529993057251 0.36699599027633667
vt 0.58749401569366455 0.36431300640106201
vt 0.59805101156234741 0.35511898994445801
vt 0.59895402193069458 0.33237200975418091
vt 0.57747697830200195 0.31304901838302612
vt 0.56374102830886841 0.31572800874710083
vt 0.55318301916122437 0.32491600513458252
vt 0.60216701030731201 0.28033101558685303
vt 0.6035730242729187 0.28870302438735962
vt 0.60060298442840576 0.2966579794883728
vt 0.59405398368835449 0.30206197500228882
vt 0.58568000793457031 0.30346900224685669
vt 0.57772499322891235 0.30049902200698853
vt 0.57236397266387939 0.28777599334716797
vt 0.58043897151947021 0.27222597599029541
vt 0.5888100266456604 0.27081799507141113
vt 0.596763014793396 0.27378600835800171
vt 0.80386698246002197 0.14727598428726196
vt 0.81297200918197632 0.12679600715637207
vt 0.76266598701477051 0.10769999027252197
vt 0.80857300758361816 0.14625197649002075
vt 0.80197000503540039 0.16875100135803223
vt 0.78351598978042603 0.10268098115921021
vt 0.79791301488876343 0.20656299591064453
vt 0.79864197969436646 0.13011497259140015
vt 0.81631499528884888 0.11812299489974976
vt 0.58645600080490112 0.12761098146438599
vt 0.80500400066375732 0.1763160228729248
vt 0.58420401811599731 0.15912598371505737
vt 0.80482697486877441 0.20262700319290161
vt 0.5752900242805481 0.17384099960327148
vt 0.81070899963378906 0.21612602472305298
vt 0.76266598701477051 0.10769999027252197
vt 0.78351598978042603 0.10268098115921021
vt 0.58645600080490112 0.12761098146438599
vt 0.58420401811599731 0.15912598371505737
vt 0.56577497720718384 0.18458002805709839
vt 0.57528901100158691 0.17384099960327148
vt 0.56577497720718384 0.16902899742126465
vt 0.78445601463317871 0.088582992553710938
vt 0.56577497720718384 0.12411099672317505
vt 0.56577497720718384 0.15680199861526489
vt 0.77763998508453369 0.087581992149353027
vt 0.83188199996948242 0.083962976932525635
vt 0.84631699323654175 0.08306199312210083
vt 0.84061300754547119 0.10992497205734253
vt 0.81279301643371582 0.091264009475708008
vt 0.80537998676300049 0.096737027168273926
vt 0.84147500991821289 0.069881021976470947
vt 0.85032498836517334 0.070912003517150879
vt 0.84508299827575684 0.061419010162353516
vt 0.84084302186965942 0.15159600973129272
vt 0.84763097763061523 0.18717098236083984
vt 0.85110598802566528 0.22420501708984375
vt 0.85131698846817017 0.20710098743438721
vt 0.80541598796844482 0.088698983192443848
vt 0.85219597816467285 0.061598002910614014
vt 0.75554901361465454 0.091840982437133789
vt 0.75532698631286621 0.1046760082244873
vt 0.67764502763748169 0.090297996997833252
vt 0.75546002388000488 0.11751300096511841
vt 0.68302297592163086 0.10442501306533813
vt 0.67754602432250977 0.11851298809051514
vt 0.66643202304840088 0.1043660044670105
vt 0.23201900720596313 0.87550099939107895
vt 0.22854100167751312 0.86523699760437012
vt 0.32242199778556824 0.86523699760437012
vt 0.32242199778556824 0.86523699760437012
vt 0.31722599267959595 0.87126600742340088
vt 0.015243000350892544 0.90340500324964523
vt 0.32702100276947021 0.8712649941444397
vt 0.053162999451160431 0.91247300058603287
vt 0.055165000259876251 0.91247300058603287
vt 0.23726600408554077 0.88153000175952911
vt 0.23378799855709076 0.87126600742340088
vt 0.22886499762535095 0.87366899847984314
vt 0.31722599267959595 0.87126600742340088
vt 0.22394299507141113 0.87126600742340088
vt 0.32212299108505249 0.87366899847984314
vt 0.32702100276947021 0.8712649941444397
vt 0.6378750205039978 0.50702899694442749
vt 0.63544100522994995 0.49961000680923462
vt 0.63120198249816895 0.54874700307846069
vt 0.63346201181411743 0.54127201437950134
vt 0.62962400913238525 0.49440097808837891
vt 0.62550699710845947 0.5540899932384491
vt 0.62198102474212646 0.49279999732971191
vt 0.61790400743484497 0.55586901307106018
vt 0.61456102132797241 0.49523299932479858
vt 0.61042898893356323 0.55360901355743408
vt 0.60855197906494141 0.50487300753593445
vt 0.60419601202011108 0.54411199688911438
vt 0.61309397220611572 0.51871800422668457
vt 0.60841399431228638 0.53016498684883118
vt 0.62364500761032104 0.52292400598526001
vt 0.61886501312255859 0.52571401000022888
vt 0.6310650110244751 0.52048999071121216
vt 0.62633997201919556 0.52797400951385498
vt 0.63627302646636963 0.51467201113700867
vt 0.63168299198150635 0.53366899490356445
vt 0.063610002398490906 0.9857379999011755
vt 0.051972001791000366 0.97891600057482719
vt 0.055838000029325485 0.96987099945545197
vt 0.070083998143672943 0.97090099938213825
vt 0.015550999902188778 0.91605299711227417
vt 0.055838000029325485 0.91605299711227417
vt 0.055838000029325485 0.92842099815607071
vt 0.015550999902188778 0.92842099815607071
vt 0.015550999902188778 0.94976900145411491
vt 0.015550999902188778 0.92842099815607071
vt 0.055838000029325485 0.92842099815607071
vt 0.055838000029325485 0.94976900145411491
vt 0.019913999363780022 0.99619799992069602
vt 0.0076529998332262039 0.98566799983382225
vt 0.019416999071836472 0.97891600057482719
vt 0.024321999400854111 0.98720499966293573
vt 0.051297999918460846 0.99625200009904802
vt 0.035604998469352722 0.99944500002311543
vt 0.0356610007584095 0.98919800017029047
vt 0.046994000673294067 0.98720700014382601
vt 0.0012189999688416719 0.97087400034070015
vt 0.015550999902188778 0.96987099945545197
vt 0.040451999753713608 0.97662200033664703
vt 0.046169999986886978 0.97392299957573414
vt 0.035548999905586243 0.97794000059366226
vt 0.030642999336123466 0.97662900015711784
vt 0.025218000635504723 0.97392299957573414
vt 0.037978000938892365 0.97234500013291836
vt 0.039758998900651932 0.97056199982762337
vt 0.00085200002649798989 0.94415900111198425
vt 0.070479996502399445 0.94416899979114532
vt 0.02704400010406971 0.96323100104928017
vt 0.023598000407218933 0.96787500008940697
vt 0.015550999902188778 0.91605299711227417
vt 0.055838000029325485 0.91605299711227417
vt 0.030632000416517258 0.95963799953460693
vt 0.035693999379873276 0.95577900111675262
vt 0.037973001599311829 0.96391300112009048
vt 0.035539001226425171 0.96326199918985367
vt 0.030673999339342117 0.96813400089740753
vt 0.031325001269578934 0.96569899842143059
vt 0.047791000455617905 0.96787500008940697
vt 0.044032998383045197 0.9632209986448288
vt 0.040408998727798462 0.96812700107693672
vt 0.041742000728845596 0.95739899948239326
vt 0.03975600004196167 0.96569399908185005
vt 0.033105000853538513 0.96391599997878075
vt 0.035544998943805695 0.97299900092184544
vt 0.033110000193119049 0.97234899923205376
vt 0.031328000128269196 0.97056799940764904
vt 0.28805699944496155 0.15872198343276978
vt 0.19912099838256836 0.15872198343276978
vt 0.19912099838256836 0.15670400857925415
vt 0.28805598616600037 0.15670400857925415
vt 0.19912099838256836 0.15379101037979126
vt 0.19912099838256836 0.15063798427581787
vt 0.28805598616600037 0.15063798427581787
vt 0.28805598616600037 0.15379202365875244
vt 0.20384399592876434 0.1310269832611084
vt 0.28333300352096558 0.1310269832611084
vt 0.28805598616600037 0.13574999570846558
vt 0.19912099838256836 0.13574999570846558
vt 0.055702999234199524 0.8492559939622879
vt 0.043940998613834381 0.8492559939622879
vt 0.021376999095082283 0.85143700242042542
vt 0.021376999095082283 0.89304299652576447
vt 0.030817000195384026 0.8602290004491806
vt 0.021376999095082283 0.85837000608444214
vt 0.0298909991979599 0.88020499795675278
vt 0.021376999095082283 0.86530500650405884
vt 0.043942999094724655 0.89314600080251694
vt 0.021376999095082283 0.85143700242042542
vt 0.05570400133728981 0.89314600080251694
vt 0.021376999095082283 0.85837000608444214
vt 0.06588900089263916 0.88726600259542465
vt 0.021376999095082283 0.86530500650405884
vt 0.071768999099731445 0.877080999314785
vt 0.021376999095082283 0.8722430020570755
vt 0.071768999099731445 0.86532099545001984
vt 0.021376999095082283 0.87918099761009216
vt 0.065888002514839172 0.85513600707054138
vt 0.021376999095082283 0.88611400127410889
vt 0.016834000125527382 0.85143700242042542
vt 0.016834000125527382 0.89304299652576447
vt 0.016834000125527382 0.85837000608444214
vt 0.016834000125527382 0.86530500650405884
vt 0.016834000125527382 0.85143700242042542
vt 0.016834000125527382 0.85837000608444214
vt 0.016834000125527382 0.86530500650405884
vt 0.016834000125527382 0.8722430020570755
vt 0.016834000125527382 0.87918099761009216
vt 0.016834000125527382 0.88611400127410889
vt 0.0017229999648407102 0.85143700242042542
vt 0.0017229999648407102 0.89304299652576447
vt 0.0017229999648407102 0.85837000608444214
vt 0.0017229999648407102 0.86530500650405884
vt 0.0017229999648407102 0.85143700242042542
vt 0.0017229999648407102 0.85837000608444214
vt 0.0017229999648407102 0.86530500650405884
vt 0.0017229999648407102 0.8722430020570755
vt 0.0017229999648407102 0.87918099761009216
vt 0.0017229999648407102 0.88611400127410889
vt 0.83655500411987305 0.37838298082351685
vt 0.83655500411987305 0.39828002452850342
vt 0.84953498840332031 0.39828002452850342
vt 0.84953498840332031 0.37838298082351685
vt 0.84304499626159668 0.37838298082351685
vt 0.84304499626159668 0.39828002452850342
vt 0.30278700590133667 0.71078300476074219
vt 0.30278700590133667 0.7553820013999939
vt 0.32206600904464722 0.7553820013999939
vt 0.32206600904464722 0.71078300476074219
vt 0.30748599767684937 0.71078300476074219
vt 0.30748599767684937 0.7553820013999939
vt 0.31242701411247253 0.71078300476074219
vt 0.31242701411247253 0.7553820013999939
vt 0.31712600588798523 0.71078300476074219
vt 0.31712600588798523 0.7553820013999939
vt 0.88165801763534546 0.61430901288986206
vt 0.88165801763534546 0.64006701111793518
vt 0.88165801763534546 0.56279298663139343
vt 0.88165801763534546 0.58855101466178894
vt 0.83712202310562134 0.61430901288986206
vt 0.83712202310562134 0.64006701111793518
vt 0.83712202310562134 0.56279298663139343
vt 0.83712202310562134 0.58855101466178894
vt 0.34167799353599548 0.72598400712013245
vt 0.0068109999410808086 0.67755201458930969
vt 0.0068140001967549324 0.69165301322937012
vt 0.34216499328613281 0.73993700742721558
vt 0.003203999949619174 0.76124699413776398
vt 0.1529420018196106 0.82637499272823334
vt 0.0068100001662969589 0.70772799849510193
vt 0.003203999949619174 0.76124699413776398
vt 0.13817000389099121 0.82637499272823334
vt 0.092157997190952301 0.99729999992996454
vt 0.12461899966001511 0.99729999992996454
vt 0.024213999509811401 0.78811000287532806
vt 0.075323998928070068 0.99729899992235005
vt 0.30316799879074097 0.83478899300098419
vt 0.30203500390052795 0.95261599868535995
vt 0.15875299274921417 0.99729999992996454
vt 0.1001489982008934 0.7122730016708374
vt 0.31716299057006836 0.99730199994519353
vt 0.23844300210475922 0.75164900720119476
vt 0.3116619884967804 0.99730199994519353
vt 0.015948999673128128 0.78051699697971344
vt 0.30199098587036133 0.8271850049495697
vt 0.021880000829696655 0.77587099373340607
vt 0.30430799722671509 0.79931800067424774
vt 0.30430799722671509 0.79931800067424774
vt 0.021880000829696655 0.77587099373340607
vt 0.45064499974250793 0.74452400207519531
vt 0.040879998356103897 0.71262699365615845
vt 0.29958298802375793 0.7513670027256012
vt 0.4897339940071106 0.67163100838661194
vt 0.034524001181125641 0.72328901290893555
vt 0.54522198438644409 0.69248899817466736
vt 0.33102399110794067 0.75429600477218628
vt 0.30595898628234863 0.99730199994519353
vt 0.25431099534034729 0.75165000557899475
vt 0.10040300339460373 0.75455799698829651
vt 0.33021101355552673 0.73104101419448853
vt 0.3116619884967804 0.95176900178194046
vt 0.33032301068305969 0.70772799849510193
vt 0.31716299057006836 0.95176900178194046
vt 0.33031401038169861 0.75950799882411957
vt 0.041303999722003937 0.75950799882411957
vt 0.026287000626325607 0.74514898657798767
vt 0.02628600038588047 0.72150599956512451
vt 0.041303001344203949 0.70772698521614075
vt 0.25431099534034729 0.71914699673652649
vt 0.44407001137733459 0.71406900882720947
vt 0.16512399911880493 0.82637499272823334
vt 0.32964301109313965 0.71476200222969055
vt 0.0068140001967549324 0.69165301322937012
vt 0.0068109999410808086 0.67755201458930969
vt 0.34167799353599548 0.72598400712013245
vt 0.34216499328613281 0.73993700742721558
vt 0.13817000389099121 0.84502500295639038
vt 0.024213999509811401 0.78811000287532806
vt 0.30316799879074097 0.83478899300098419
vt 0.23844300210475922 0.71914899349212646
vt 0.015948999673128128 0.78051699697971344
vt 0.30199098587036133 0.8271850049495697
vt 0.45064499974250793 0.74452400207519531
vt 0.041429001837968826 0.75491200387477875
vt 0.4897339940071106 0.67163100838661194
vt 0.50929898023605347 0.67737999558448792
vt 0.034651000052690506 0.74432599544525146
vt 0.33102399110794067 0.75429600477218628
vt 0.0068080001510679722 0.66257798671722412
vt 0.33021101355552673 0.73104101419448853
vt 0.32964301109313965 0.71476200222969055
vt 0.49419999122619629 0.76356199383735657
vt 0.5277249813079834 0.68383499979972839
vt 0.98438197374343872 0.72404798865318298
vt 0.9976230263710022 0.62117299437522888
vt 0.97015297412872314 0.73574599623680115
vt 0.87929701805114746 0.73174700140953064
vt 0.90766602754592896 0.70860499143600464
vt 0.7934730052947998 0.70814201235771179
vt 0.76469600200653076 0.73151201009750366
vt 0.93209397792816162 0.73471701145172119
vt 0.80301499366760254 0.72995701432228088
vt 0.86716902256011963 0.73510000109672546
vt 0.96414798498153687 0.7372870147228241
vt 0.86716902256011963 0.73510000109672546
vt 0.75297600030899048 0.73463800549507141
vt 0.7934730052947998 0.64961698651313782
vt 0.90766602754592896 0.65007901191711426
vt 0.80301499366760254 0.72995701432228088
vt 0.68882298469543457 0.72949498891830444
vt 0.97052001953125 0.77688999474048615
vt 0.80301499366760254 0.65005099773406982
vt 0.96622800827026367 0.77106499671936035
vt 0.9974219799041748 0.77106499671936035
vt 0.87929701805114746 0.73174700140953064
vt 0.90766602754592896 0.70860499143600464
vt 0.90766602754592896 0.65007901191711426
vt 0.10648100078105927 0.84629300236701965
vt 0.18698599934577942 0.90193700045347214
vt 0.13301800191402435 0.86117100715637207
vt 0.09137599915266037 0.90193700045347214
vt 0.13276199996471405 0.8829519972205162
vt 0.10731100291013718 0.90193700045347214
vt 0.11720000207424164 0.89807599782943726
vt 0.12324599921703339 0.90193700045347214
vt 0.095504000782966614 0.89854100346565247
vt 0.13918100297451019 0.90193700045347214
vt 0.079815000295639038 0.88343100249767303
vt 0.155116006731987 0.90193700045347214
vt 0.080071002244949341 0.8616500049829483
vt 0.17104999721050262 0.90193700045347214
vt 0.10665000230073929 0.85772299766540527
vt 0.091343000531196594 0.86654500663280487
vt 0.12169799953699112 0.86590699851512909
vt 0.1214900016784668 0.87805700302124023
vt 0.11243300139904022 0.88668099790811539
vt 0.099932000041007996 0.88707700371742249
vt 0.091135002672672272 0.87869500368833542
vt 0.87557697296142578 0.54165700078010559
vt 0.87557697296142578 0.44341301918029785
vt 0.85928201675415039 0.46611702442169189
vt 0.87557697296142578 0.56025499105453491
vt 0.87557697296142578 0.47659599781036377
vt 0.86586201190948486 0.44341301918029785
vt 0.86586201190948486 0.54165700078010559
vt 0.86586201190948486 0.56025499105453491
vt 0.86586201190948486 0.47659599781036377
vt 0.87557697296142578 0.54165700078010559
vt 0.87557697296142578 0.44341301918029785
vt 0.85928201675415039 0.46611702442169189
vt 0.87557697296142578 0.56025499105453491
vt 0.87557697296142578 0.47659599781036377
vt 0.86586201190948486 0.44341301918029785
vt 0.86586201190948486 0.54165700078010559
vt 0.86586201190948486 0.56025499105453491
vt 0.86586201190948486 0.47659599781036377
vt 0.12628799676895142 0.73737099766731262
vt 0.23636800050735474 0.73737099766731262
vt 0.23636800050735474 0.71792000532150269
vt 0.12628799676895142 0.71792000532150269
vt 0.14896999299526215 0.73737099766731262
vt 0.14896999299526215 0.71792000532150269
vt 0.17218199372291565 0.73737099766731262
vt 0.17218199372291565 0.71792000532150269
vt 0.19565199315547943 0.73737099766731262
vt 0.19565199315547943 0.71792000532150269
vt 0.21295000612735748 0.73737099766731262
vt 0.21295000612735748 0.71792000532150269
vt 0.22280600666999817 0.73737099766731262
vt 0.22280600666999817 0.71792000532150269
vt 0.22915400564670563 0.73737099766731262
vt 0.22915400564670563 0.71792000532150269
vt 0.12628799676895142 0.74412700533866882
vt 0.23636800050735474 0.74412700533866882
vt 0.14896999299526215 0.74412700533866882
vt 0.17218199372291565 0.74412700533866882
vt 0.19565199315547943 0.74412700533866882
vt 0.21295000612735748 0.74412700533866882
vt 0.22280600666999817 0.74412700533866882
vt 0.22915400564670563 0.74412700533866882
vt 0.2363550066947937 0.75184200704097748
vt 0.12628799676895142 0.75192999839782715
vt 0.17735399305820465 0.86684200167655945
vt 0.14896999299526215 0.75192999839782715
vt 0.17218199372291565 0.75192999839782715
vt 0.19565199315547943 0.75192999839782715
vt 0.21295000612735748 0.75192999839782715
vt 0.22280600666999817 0.75192999839782715
vt 0.22915400564670563 0.75192999839782715
vt 0.18319499492645264 0.71792000532150269
vt 0.41832900047302246 0.99098000023514032
vt 0.40203800797462463 0.97823699936270714
vt 0.48422399163246155 0.98149799928069115
vt 0.46577998995780945 0.99247500021010637
vt 0.44234201312065125 0.99887300003319979
vt 0.42865899205207825 0.96854899823665619
vt 0.42108801007270813 0.95619700103998184
vt 0.46604698896408081 0.95834799855947495
vt 0.45725500583648682 0.96919099986553192
vt 0.44332200288772583 0.97528799995779991
vt 0.44339698553085327 0.95928100124001503
vt 0.38111400604248047 0.95884599909186363
vt 0.39512598514556885 0.9380199983716011
vt 0.49359101057052612 0.94275199994444847
vt 0.42565900087356567 0.94315800070762634
vt 0.46094000339508057 0.94191600009799004
vt 0.4577920138835907 0.91179800033569336
vt 0.44806501269340515 0.95406600087881088
vt 0.43960601091384888 0.93559800088405609
vt 0.43881401419639587 0.91379500180482864
vt 0.44622901082038879 0.93530000001192093
vt 0.44544100761413574 0.91346299648284912
vt 0.43749099969863892 0.95341800153255463
vt 0.50557297468185425 0.96479599922895432
vt 0.42732098698616028 0.91291499882936478
vt 0.40094000101089478 0.8654790073633194
vt 0.40094000101089478 0.87738200277090073
vt 0.40094000101089478 0.88921699672937393
vt 0.40094000101089478 0.84176099300384521
vt 0.40094000101089478 0.85357099771499634
vt 0.32885301113128662 0.8654790073633194
vt 0.32885301113128662 0.87738200277090073
vt 0.32885301113128662 0.88921699672937393
vt 0.32885301113128662 0.84176099300384521
vt 0.32885301113128662 0.85357099771499634
vt 0.45840001106262207 0.8654790073633194
vt 0.45840001106262207 0.87738200277090073
vt 0.45840001106262207 0.88921699672937393
vt 0.45840001106262207 0.84176099300384521
vt 0.45840001106262207 0.85357099771499634
vt 0.40425398945808411 0.81751799583435059
vt 0.39840200543403625 0.83400499820709229
vt 0.38641500473022461 0.83858299255371094
vt 0.37609899044036865 0.83081899583339691
vt 0.3732529878616333 0.81664599478244781
vt 0.38159200549125671 0.97552100010216236
vt 0.36525401473045349 0.97552100010216236
vt 0.35245400667190552 0.97552100010216236
vt 0.33955499529838562 0.97552100010216236
vt 0.32508200407028198 0.97552100010216236
vt 0.36965200304985046 0.81673100590705872
vt 0.36313900351524353 0.83411599695682526
vt 0.35094800591468811 0.8377079963684082
vt 0.34130799770355225 0.8291189968585968
vt 0.33949100971221924 0.81476999819278717
vt 0.38138100504875183 0.95160700008273125
vt 0.36443299055099487 0.95160700008273125
vt 0.3517490029335022 0.95160700008273125
vt 0.3388420045375824 0.95160700008273125
vt 0.32435598969459534 0.95160700008273125
vt 0.3369860053062439 0.8164370059967041
vt 0.33222100138664246 0.82989400625228882
vt 0.3209879994392395 0.8357200026512146
vt 0.30986899137496948 0.82915200293064117
vt 0.30534899234771729 0.81538699567317963
vt 0.38045299053192139 0.92647700011730194
vt 0.36617499589920044 0.92647700011730194
vt 0.35353100299835205 0.92647700011730194
vt 0.34062600135803223 0.92647700011730194
vt 0.32613599300384521 0.92647700011730194
vt 0.51690298318862915 0.98214600048959255
vt 0.53892302513122559 0.99063799995929003
vt 0.51709097623825073 0.99119600001722574
vt 0.51457500457763672 0.97363400086760521
vt 0.54046499729156494 0.98158000037074089
vt 0.54605197906494141 0.96119099855422974
vt 0.54449701309204102 0.97324899956583977
vt 0.51597297191619873 0.96116499975323677
vt 0.50884097814559937 0.98255299963057041
vt 0.53933697938919067 0.99835400003939867
vt 0.50955498218536377 0.99130100011825562
vt 0.50728702545166016 0.97345300018787384
vt 0.54832202196121216 0.98337900079786777
vt 0.55392700433731079 0.96211300045251846
vt 0.55170601606369019 0.97464000061154366
vt 0.51617497205734253 0.95343900099396706
vt 0.35708498954772949 0.99289900017902255
vt 0.36972001194953918 0.99294999986886978
vt 0.33329498767852783 0.99247500021010637
vt 0.34578299522399902 0.99289500014856458
vt 0.35708799958229065 0.98117700032889843
vt 0.36985498666763306 0.98223300091922283
vt 0.33378699421882629 0.97934800013899803
vt 0.34607899188995361 0.97876700013875961
vt 0.51690298318862915 0.98214600048959255
vt 0.54046499729156494 0.98158000037074089
vt 0.53892302513122559 0.99063799995929003
vt 0.51709097623825073 0.99119600001722574
vt 0.51457500457763672 0.97363400086760521
vt 0.54449701309204102 0.97324899956583977
vt 0.51597297191619873 0.96116499975323677
vt 0.54605197906494141 0.96119099855422974
vt 0.54832202196121216 0.98337900079786777
vt 0.53933697938919067 0.99835400003939867
vt 0.50955498218536377 0.99130100011825562
vt 0.50884097814559937 0.98255299963057041
vt 0.55170601606369019 0.97464000061154366
vt 0.50728702545166016 0.97345300018787384
vt 0.51617497205734253 0.95343900099396706
vt 0.55392700433731079 0.96211300045251846
vt 0.51690298318862915 0.98214600048959255
vt 0.54046499729156494 0.98158000037074089
vt 0.53892302513122559 0.99063799995929003
vt 0.51709097623825073 0.99119600001722574
vt 0.51457500457763672 0.97363400086760521
vt 0.54449701309204102 0.97324899956583977
vt 0.51597297191619873 0.96116499975323677
vt 0.54605197906494141 0.96119099855422974
vt 0.54832202196121216 0.98337900079786777
vt 0.53933697938919067 0.99835400003939867
vt 0.50955498218536377 0.99130100011825562
vt 0.50884097814559937 0.98255299963057041
vt 0.55170601606369019 0.97464000061154366
vt 0.50728702545166016 0.97345300018787384
vt 0.51617497205734253 0.95343900099396706
vt 0.55392700433731079 0.96211300045251846
vt 0.41832900047302246 0.99098000023514032
vt 0.40203800797462463 0.97823699936270714
vt 0.48422399163246155 0.98149799928069115
vt 0.46577998995780945 0.99247500021010637
vt 0.44234201312065125 0.99887300003319979
vt 0.42865899205207825 0.96854899823665619
vt 0.42108801007270813 0.95619700103998184
vt 0.46604698896408081 0.95834799855947495
vt 0.45725500583648682 0.96919099986553192
vt 0.44332200288772583 0.97528799995779991
vt 0.44339698553085327 0.95928100124001503
vt 0.38111400604248047 0.95884599909186363
vt 0.39512598514556885 0.9380199983716011
vt 0.49359101057052612 0.94275199994444847
vt 0.42565900087356567 0.94315800070762634
vt 0.46094000339508057 0.94191600009799004
vt 0.4577920138835907 0.91179800033569336
vt 0.44806501269340515 0.95406600087881088
vt 0.43881401419639587 0.91379500180482864
vt 0.44544100761413574 0.91346299648284912
vt 0.43749099969863892 0.95341800153255463
vt 0.50557297468185425 0.96479599922895432
vt 0.42732098698616028 0.91291499882936478
vt 0.40094000101089478 0.8654790073633194
vt 0.40094000101089478 0.84176099300384521
vt 0.40094000101089478 0.85357099771499634
vt 0.32885301113128662 0.8654790073633194
vt 0.32885301113128662 0.84176099300384521
vt 0.32885301113128662 0.85357099771499634
vt 0.45840001106262207 0.8654790073633194
vt 0.45840001106262207 0.84176099300384521
vt 0.45840001106262207 0.85357099771499634
vt 0.38159200549125671 0.95370899885892868
vt 0.35885399580001831 0.95370899885892868
vt 0.33955499529838562 0.95370899885892868
vt 0.32508200407028198 0.95370899885892868
vt 0.38159200549125671 0.97552100010216236
vt 0.35885399580001831 0.97552100010216236
vt 0.33955499529838562 0.97552100010216236
vt 0.32508200407028198 0.97552100010216236
vt 0.38138100504875183 0.92940700054168701
vt 0.35809099674224854 0.92940700054168701
vt 0.3388420045375824 0.92940700054168701
vt 0.32435598969459534 0.92940700054168701
vt 0.38138100504875183 0.95160700008273125
vt 0.35809099674224854 0.95160700008273125
vt 0.3388420045375824 0.95160700008273125
vt 0.32435598969459534 0.95160700008273125
vt 0.38045299053192139 0.90489699691534042
vt 0.35985299944877625 0.90489699691534042
vt 0.34062600135803223 0.90489699691534042
vt 0.32613599300384521 0.90489699691534042
vt 0.38045299053192139 0.92647700011730194
vt 0.35985299944877625 0.92647700011730194
vt 0.34062600135803223 0.92647700011730194
vt 0.32613599300384521 0.92647700011730194
vt 0.53892302513122559 0.99063799995929003
vt 0.51709097623825073 0.99119600001722574
vt 0.51573902368545532 0.97788999974727631
vt 0.54248100519180298 0.97741499915719032
vt 0.54605197906494141 0.96119099855422974
vt 0.51597297191619873 0.96116499975323677
vt 0.53933697938919067 0.99835400003939867
vt 0.50955498218536377 0.99130100011825562
vt 0.50806397199630737 0.9780030008405447
vt 0.55001401901245117 0.97901000082492828
vt 0.55392700433731079 0.96211300045251846
vt 0.51617497205734253 0.95343900099396706
vt 0.54248100519180298 0.97741499915719032
vt 0.53892302513122559 0.99063799995929003
vt 0.51709097623825073 0.99119600001722574
vt 0.51573902368545532 0.97788999974727631
vt 0.51597297191619873 0.96116499975323677
vt 0.54605197906494141 0.96119099855422974
vt 0.55001401901245117 0.97901000082492828
vt 0.53933697938919067 0.99835400003939867
vt 0.50955498218536377 0.99130100011825562
vt 0.50806397199630737 0.9780030008405447
vt 0.51617497205734253 0.95343900099396706
vt 0.55392700433731079 0.96211300045251846
vt 0.54248100519180298 0.97741499915719032
vt 0.53892302513122559 0.99063799995929003
vt 0.51709097623825073 0.99119600001722574
vt 0.51573902368545532 0.97788999974727631
vt 0.51597297191619873 0.96116499975323677
vt 0.54605197906494141 0.96119099855422974
vt 0.55001401901245117 0.97901000082492828
vt 0.53933697938919067 0.99835400003939867
vt 0.50955498218536377 0.99130100011825562
vt 0.50806397199630737 0.9780030008405447
vt 0.51617497205734253 0.95343900099396706
vt 0.55392700433731079 0.96211300045251846
vt 0.41743698716163635 0.15549999475479126
vt 0.40400400757789612 0.15549999475479126
vt 0.43859699368476868 0.15549999475479126
vt 0.42517000436782837 0.15549999475479126
vt 0.43859699368476868 0.1745150089263916
vt 0.40400400757789612 0.1745150089263916
vt 0.41743698716163635 0.1745150089263916
vt 0.42517000436782837 0.1745150089263916
vt 0.42517000436782837 0.1652519702911377
vt 0.41743698716163635 0.16481399536132812
vt 0.58591002225875854 0.17077499628067017
vt 0.58591002225875854 0.17949700355529785
vt 0.58591002225875854 0.1896209716796875
vt 0.58591002225875854 0.16065102815628052
vt 0.5743979811668396 0.17598402500152588
vt 0.58429300785064697 0.17598402500152588
vt 0.58429300785064697 0.18747198581695557
vt 0.5743979811668396 0.18747198581695557
vt 0.52830302715301514 0.92881499975919724
vt 0.54306799173355103 0.93057899922132492
vt 0.52384001016616821 0.94244199991226196
vt 0.54753398895263672 0.93104699999094009
vt 0.53913801908493042 0.94901600107550621
vt 0.5781090259552002 0.93678999692201614
vt 0.56805902719497681 0.96040999889373779
vt 0.58317601680755615 0.93982100114226341
vt 0.57493400573730469 0.96381700038909912
vt 0.61149799823760986 0.9489860013127327
vt 0.60494601726531982 0.97171800024807453
vt 0.61475300788879395 0.95101900026202202
vt 0.60863298177719116 0.97347900085151196
vt 0.52470499277114868 0.91639599949121475
vt 0.56657499074935913 0.90102399885654449
vt 0.61234700679779053 0.91367299854755402
vt 0.62386798858642578 0.92561499774456024
vt 0.62026000022888184 0.93241400271654129
vt 0.59914702177047729 0.92022900283336639
vt 0.57962799072265625 0.91744899749755859
vt 0.56223201751708984 0.91689900308847427
vt 0.63291800022125244 0.90096200257539749
vt 0.61275702714920044 0.87664099782705307
vt 0.64819097518920898 0.91799899935722351
vt 0.79961502552032471 0.89767199754714966
vt 0.55029100179672241 0.82999700307846069
vt 0.59459102153778076 0.82874499261379242
vt 0.64108002185821533 0.87353500723838806
vt 0.76696699857711792 0.8506540060043335
vt 0.78407102823257446 0.87347400188446045
vt 0.70413100719451904 0.91476099938154221
vt 0.67690098285675049 0.86508500576019287
vt 0.71516197919845581 0.89285899698734283
vt 0.74606901407241821 0.90283600240945816
vt 0.71375197172164917 0.86725699901580811
vt 0.72877299785614014 0.88530299812555313
vt 0.77250200510025024 0.89964699745178223
vt 0.74732601642608643 0.86959999799728394
vt 0.75870800018310547 0.88106799870729446
vt 0.65734702348709106 0.93103999644517899
vt 0.79088300466537476 0.92282100021839142
vt 0.69640398025512695 0.91452699899673462
vt 0.73644000291824341 0.90297000110149384
vt 0.70795702934265137 0.87191200256347656
vt 0.72440797090530396 0.88540899753570557
vt 0.9939039945602417 0.96019800007343292
vt 0.99639099836349487 0.99698300007730722
vt 0.99307197332382202 0.93904700130224228
vt 0.9863629937171936 0.90680000185966492
vt 0.57697999477386475 0.68354499340057373
vt 0.98908698558807373 0.92404899746179581
vt 0.78624999523162842 0.85510100424289703
vt 0.78864800930023193 0.89900100231170654
vt 0.77554202079772949 0.88001500070095062
vt 0.81238502264022827 0.9225270003080368
vt 0.75683999061584473 0.86052499711513519
vt 0.72654598951339722 0.83552399277687073
vt 0.69572699069976807 0.82639600336551666
vt 0.65797698497772217 0.82981200516223907
vt 0.65947198867797852 0.85242800414562225
vt 0.55695098638534546 0.82160300016403198
vt 0.63531702756881714 0.81312400102615356
vt 0.67505300045013428 0.80103999376296997
vt 0.75857901573181152 0.81968300044536591
vt 0.73718500137329102 0.81783099472522736
vt 0.78999298810958862 0.83586899936199188
vt 0.842507004737854 0.76731699705123901
vt 0.69643497467041016 0.80686500668525696
vt 0.96701502799987793 0.80379100143909454
vt 0.85779100656509399 0.77571700513362885
vt 0.86475801467895508 0.75521300733089447
vt 0.54716998338699341 0.79666000604629517
vt 0.59688502550125122 0.79180300235748291
vt 0.63167101144790649 0.78792400658130646
vt 0.68595200777053833 0.77206400036811829
vt 0.70994800329208374 0.76262299716472626
vt 0.59579700231552124 0.78074300289154053
vt 0.71414101123809814 0.7454490065574646
vt 0.47710099816322327 0.80116899311542511
vt 0.40926599502563477 0.82248400151729584
vt 0.76525801420211792 0.81231999397277832
vt 0.74195200204849243 0.79706099629402161
vt 0.72467201948165894 0.78494599461555481
vt 0.49893701076507568 0.90910500288009644
vt 0.48766499757766724 0.90598700195550919
vt 0.50431501865386963 0.88562099635601044
vt 0.48297598958015442 0.84875200688838959
vt 0.48866298794746399 0.83545100688934326
vt 0.52435201406478882 0.8442700058221817
vt 0.51116597652435303 0.8524480015039444
vt 0.43763598799705505 0.8127949982881546
vt 0.43873900175094604 0.82586400210857391
vt 0.43691998720169067 0.83127599954605103
vt 0.54573202133178711 0.85679499804973602
vt 0.52954798936843872 0.86607199907302856
vt 0.52502900362014771 0.88291300088167191
vt 0.53531402349472046 0.88565299659967422
vt 0.4800490140914917 0.84496000409126282
vt 0.5191270112991333 0.82928499579429626
vt 0.51865297555923462 0.79821799695491791
vt 0.51313000917434692 0.83892999589443207
vt 0.49574699997901917 0.85919000208377838
vt 0.50312298536300659 0.84668900072574615
vt 0.49435800313949585 0.84306199848651886
vt 0.4891430139541626 0.8523000031709671
vt 0.50683897733688354 0.8497609943151474
vt 0.49992099404335022 0.84459899365901947
vt 0.54137301445007324 0.87164400517940521
vt 0.6900860071182251 0.85161399841308594
vt 0.63069701194763184 0.6550849974155426
vt 0.98326700925827026 0.97142799943685532
vt 0.85333102941513062 0.95627399906516075
vt 0.8595619797706604 0.94435299932956696
vt 0.84139001369476318 0.90089300274848938
vt 0.85429298877716064 0.92086700350046158
vt 0.82902002334594727 0.86645199358463287
vt 0.83521902561187744 0.81029100716114044
vt 0.56725102663040161 0.70565900206565857
vt 0.82604098320007324 0.88790500164031982
vt 0.7927669882774353 0.88660600036382675
vt 0.87295800447463989 0.95585900172591209
vt 0.87395197153091431 0.93916900083422661
vt 0.86561501026153564 0.90273100137710571
vt 0.87067699432373047 0.92156100273132324
vt 0.86691099405288696 0.868585005402565
vt 0.86879998445510864 0.84189499914646149
vt 0.86192798614501953 0.88989199697971344
vt 0.87259000539779663 0.89095000177621841
vt 0.90915197134017944 0.95918900147080421
vt 0.91635400056838989 0.94837699830532074
vt 0.90206599235534668 0.90313299745321274
vt 0.91267800331115723 0.9225040003657341
vt 0.92654800415039062 0.89188800007104874
vt 0.9704660177230835 0.96368100121617317
vt 0.9793739914894104 0.95027799904346466
vt 0.95512199401855469 0.90207500010728836
vt 0.97376102209091187 0.92510899901390076
vt 0.92820602655410767 0.9563629999756813
vt 0.92962402105331421 0.93748199939727783
vt 0.92300599813461304 0.90469499677419662
vt 0.92798197269439697 0.92268200218677521
vt 0.92279702425003052 0.87072600424289703
vt 0.92377901077270508 0.8437969982624054
vt 0.92073100805282593 0.89195200055837631
vt 0.86749500036239624 0.96705000102519989
vt 0.87641799449920654 0.95976300165057182
vt 0.87594497203826904 0.9398920014500618
vt 0.87323898077011108 0.92251499742269516
vt 0.8682519793510437 0.90316600352525711
vt 0.8643680214881897 0.89266599714756012
vt 0.87229198217391968 0.89407899975776672
vt 0.89918398857116699 0.90477599948644638
vt 0.91032099723815918 0.92374599725008011
vt 0.91380298137664795 0.94909700006246567
vt 0.90712302923202515 0.95758000016212463
vt 0.85650497674942017 0.9452739991247654
vt 0.85088998079299927 0.92152100056409836
vt 0.83678197860717773 0.90244100242853165
vt 0.82452297210693359 0.89176899939775467
vt 0.79484599828720093 0.88932199776172638
vt 0.66670399904251099 0.93051800131797791
vt 0.6536790132522583 0.91336499899625778
vt 0.6384660005569458 0.89873900264501572
vt 0.68311202526092529 0.92794399708509445
vt 0.66193801164627075 0.9113909974694252
vt 0.61188602447509766 0.88482099771499634
vt 0.64678001403808594 0.89571800082921982
vt 0.61648398637771606 0.8684999942779541
vt 0.73110800981521606 0.91756799817085266
vt 0.97261399030685425 0.97743099927902222
vt 0.83645600080490112 0.94033600017428398
vt 0.76784700155258179 0.91636499762535095
vt 0.71977198123931885 0.93201400339603424
vt 0.68877601623535156 0.94630699977278709
vt 0.72552502155303955 0.94126600027084351
vt 0.78754597902297974 0.94113700091838837
vt 0.69742602109909058 0.96855299919843674
vt 0.8485180139541626 0.95646199956536293
vt 0.74710202217102051 0.97076399996876717
vt 0.80668401718139648 0.96391300112009048
vt 0.97073197364807129 0.97888300009071827
vt 0.72627997398376465 0.94965900108218193
vt 0.84051799774169922 0.96019300073385239
vt 0.73978501558303833 0.94691300019621849
vt 0.81022900342941284 0.9708660002797842
vt 0.78231102228164673 0.94553900137543678
vt 0.74188399314880371 0.97189800068736076
vt 0.80580002069473267 0.97208200022578239
vt 0.83215397596359253 0.94536200165748596
vt 0.76446700096130371 0.92140500247478485
vt 0.71762001514434814 0.93478599935770035
vt 0.67212402820587158 0.94615599885582924
vt 0.8506770133972168 0.97287699952721596
vt 0.85252100229263306 0.96869999915361404
vt 0.92214399576187134 0.9701519999653101
vt 0.92213302850723267 0.97413999959826469
vt 0.93804800510406494 0.96595500037074089
vt 0.93720102310180664 0.96721300110220909
vt 0.97370302677154541 0.99539100006222725
vt 0.82654398679733276 0.99527599988505244
vt 0.81917500495910645 0.99735599989071488
vt 0.86079001426696777 0.99502599984407425
vt 0.75450897216796875 0.99708899995312095
vt 0.96973800659179688 0.99757299991324544
vt 0.71536999940872192 0.99528300017118454
vt 0.64543598890304565 0.96067000180482864
vt 0.86633598804473877 0.9727379996329546
vt 0.86406302452087402 0.96759599819779396
vt 0.67492902278900146 0.94416899979114532
vt 0.7509009838104248 0.91534599661827087
vt 0.91943597793579102 0.96787299960851669
vt 0.93307900428771973 0.96303499862551689
vt 0.93339699506759644 0.94075199961662292
vt 0.93125498294830322 0.92386499792337418
vt 0.92638999223709106 0.90529400110244751
vt 0.92391902208328247 0.89411699771881104
vt 0.92732799053192139 0.89511100202798843
vt 0.95288801193237305 0.90392299741506577
vt 0.97051101922988892 0.92642699927091599
vt 0.97362399101257324 0.94990399852395058
vt 0.96890002489089966 0.96149900183081627
vt 0.9340900182723999 0.9608209989964962
vt 0.69416797161102295 0.97120399959385395
vt 0.72364199161529541 0.90928900241851807
vt 0.62989199161529541 0.82700900733470917
vt 0.61611300706863403 0.81728999316692352
vt 0.59732800722122192 0.80077700316905975
vt 0.5813789963722229 0.80547000467777252
vt 0.58198297023773193 0.81844300031661987
vt 0.63467997312545776 0.85666300356388092
vt 0.65090501308441162 0.86725300550460815
vt 0.60821902751922607 0.82759800553321838
vt 0.7119860053062439 0.91090899705886841
vt 0.67085301876068115 0.87077100574970245
vt 0.65230298042297363 0.85860200226306915
vt 0.72355401515960693 0.92838799953460693
vt 0.63103699684143066 0.84393000602722168
vt 0.59148299694061279 0.81279100477695465
vt 0.59525400400161743 0.85231600701808929
vt 0.56970202922821045 0.83041299879550934
vt 0.56149297952651978 0.81862899661064148
vt 0.55097901821136475 0.80910499393939972
vt 0.53527700901031494 0.80938200652599335
vt 0.52961397171020508 0.82159499824047089
vt 0.54225599765777588 0.8338250070810318
vt 0.55684000253677368 0.8469569981098175
vt 0.59259700775146484 0.86198499798774719
vt 0.57450801134109497 0.8497609943151474
vt 0.75428199768066406 0.90178699791431427
vt 0.73222100734710693 0.88126900047063828
vt 0.71819597482681274 0.84451399743556976
vt 0.67487400770187378 0.81036399304866791
vt 0.65536701679229736 0.78951799869537354
vt 0.80225199460983276 0.93947900086641312
vt 0.77982598543167114 0.92034199833869934
vt 0.76373898983001709 0.89950399845838547
vt 0.74877899885177612 0.8830299973487854
vt 0.72687000036239624 0.86207699775695801
vt 0.70260101556777954 0.84751899540424347
vt 0.67673099040985107 0.83038100600242615
vt 0.65393197536468506 0.81354899704456329
vt 0.62878900766372681 0.77309499680995941
vt 0.92443001270294189 0.74696600437164307
vt 0.92038500308990479 0.77331900596618652
vt 0.89449101686477661 0.76311799883842468
vt 0.87871700525283813 0.75138199329376221
vt 0.98392999172210693 0.97392800077795982
vt 0.57115799188613892 0.72109100222587585
vt 0.77644497156143188 0.81818099319934845
vt 0.73339897394180298 0.82512199878692627
vt 0.69209897518157959 0.87448400259017944
vt 0.68776899576187134 0.87693700194358826
vt 0.72182899713516235 0.89097800105810165
vt 0.71087098121643066 0.89874199777841568
vt 0.69670200347900391 0.90581899881362915
vt 0.69016802310943604 0.90647000074386597
vt 0.68214201927185059 0.91090100258588791
vt 0.69040197134017944 0.90833999961614609
vt 0.68147397041320801 0.91291899979114532
vt 0.66828399896621704 0.88183899968862534
vt 0.6564980149269104 0.88844399899244308
vt 0.67976701259613037 0.87861999869346619
vt 0.58457398414611816 0.90577299892902374
vt 0.61327898502349854 0.913223996758461
vt 0.62729901075363159 0.92505499720573425
vt 0.63344597816467285 0.93342600017786026
vt 0.63186901807785034 0.93551900237798691
vt 0.624409019947052 0.91088800132274628
vt 0.61560100317001343 0.90813499689102173
vt 0.59687197208404541 0.90813499689102173
vt 0.60689902305603027 0.90271399915218353
vt 0.61994802951812744 0.90275599807500839
vt 0.5997999906539917 0.89236900210380554
vt 0.58449101448059082 0.86669500172138214
vt 0.50626802444458008 0.82405799627304077
vt 0.52272802591323853 0.81732399761676788
vt 0.57865101099014282 0.87062600255012512
vt 0.55331897735595703 0.85010600090026855
vt 0.53658002614974976 0.83943699300289154
vt 0.5252150297164917 0.8983599990606308
vt 0.51367497444152832 0.89464300125837326
vt 0.53995299339294434 0.90846499800682068
vt 0.54111099243164062 0.79169400036334991
vt 0.54451000690460205 0.78097599744796753
vt 0.52138602733612061 0.81114000082015991
vt 0.48847600817680359 0.81788100302219391
vt 0.49297699332237244 0.80273699760437012
vt 0.50009697675704956 0.79507000744342804
vt 0.49761798977851868 0.79994599521160126
vt 0.5468829870223999 0.78542500734329224
vt 0.83278501033782959 0.84104299545288086
vt 0.98709899187088013 0.84442999958992004
vt 0.78906697034835815 0.8206309974193573
vt 0.83223700523376465 0.82278800010681152
vt 0.8740609884262085 0.82441599667072296
vt 0.91913598775863647 0.8259039968252182
vt 0.8120269775390625 0.82122999429702759
vt 0.85386097431182861 0.81121200323104858
vt 0.85748898983001709 0.8237839937210083
vt 0.90576499700546265 0.82547900080680847
vt 0.97772800922393799 0.82828100025653839
vt 0.94689899682998657 0.82716099917888641
vt 0.82714599370956421 0.80735599994659424
vt 0.87192100286483765 0.80931800603866577
vt 0.91729402542114258 0.80999499559402466
vt 0.82643699645996094 0.81113700568675995
vt 0.871101975440979 0.81317399442195892
vt 0.91661697626113892 0.81418800354003906
vt 0.81697702407836914 0.81026600301265717
vt 0.86166298389434814 0.81252400577068329
vt 0.9080970287322998 0.81005099415779114
vt 0.90863901376724243 0.81401500105857849
vt 0.97898197174072266 0.81200799345970154
vt 0.97755897045135498 0.81543199717998505
vt 0.96275901794433594 0.80812600255012512
vt 0.96287500858306885 0.81266400218009949
vt 0.95365101099014282 0.81256599724292755
vt 0.95738601684570312 0.82049700617790222
vt 0.5168120265007019 0.85539600253105164
vt 0.51144099235534668 0.87048999965190887
vt 0.52073997259140015 0.86110199987888336
vt 0.51470601558685303 0.87203699350357056
vt 0.5332760214805603 0.85108399391174316
vt 0.5757489800453186 0.74003198742866516
vt 0.9789620041847229 0.97437399998307228
vt 0.58691900968551636 0.755731001496315
vt 0.60352897644042969 0.7666659951210022
vt 0.93920201063156128 0.76048900187015533
vt 0.57358098030090332 0.88367000222206116
vt 0.68308001756668091 0.95814700052142143
vt 0.6385759711265564 0.94820600003004074
vt 0.68561798334121704 0.95669500157237053
vt 0.52830302715301514 0.92881499975919724
vt 0.54306799173355103 0.93057899922132492
vt 0.53367799520492554 0.9475179985165596
vt 0.54753398895263672 0.93104699999094009
vt 0.5806419849395752 0.93830600008368492
vt 0.61149799823760986 0.9489860013127327
vt 0.61475300788879395 0.95101900026202202
vt 0.52470499277114868 0.91639599949121475
vt 0.56657499074935913 0.90102399885654449
vt 0.61281299591064453 0.9134489968419075
vt 0.62026000022888184 0.93241400271654129
vt 0.58938801288604736 0.91883900016546249
vt 0.56223201751708984 0.91689900308847427
vt 0.65276902914047241 0.92451900243759155
vt 0.55597400665283203 0.84013499319553375
vt 0.59459102153778076 0.82874499261379242
vt 0.76696699857711792 0.8506540060043335
vt 0.69893497228622437 0.91134899854660034
vt 0.71832901239395142 0.90254499763250351
vt 0.71085500717163086 0.86958500742912292
vt 0.79814797639846802 0.91580300033092499
vt 0.9939039945602417 0.96019800007343292
vt 0.99307197332382202 0.93904700130224228
vt 0.98668599128723145 0.85847300291061401
vt 0.98772501945495605 0.91542399674654007
vt 0.78624999523162842 0.85510100424289703
vt 0.56332701444625854 0.82600800693035126
vt 0.63531702756881714 0.81312400102615356
vt 0.75857901573181152 0.81968300044536591
vt 0.73718500137329102 0.81783099472522736
vt 0.7899940013885498 0.83586899936199188
vt 0.842507004737854 0.76731699705123901
vt 0.6856989860534668 0.80628299713134766
vt 0.96701502799987793 0.80379100143909454
vt 0.85779100656509399 0.77571700513362885
vt 0.86475801467895508 0.75521300733089447
vt 0.54413998126983643 0.79417699575424194
vt 0.59688502550125122 0.79180300235748291
vt 0.63167101144790649 0.78792400658130646
vt 0.68595200777053833 0.77206400036811829
vt 0.70994800329208374 0.76262299716472626
vt 0.63265198469161987 0.77591300010681152
vt 0.68320000171661377 0.76174600422382355
vt 0.47710099816322327 0.80116899311542511
vt 0.76525801420211792 0.81231999397277832
vt 0.74195200204849243 0.79706099629402161
vt 0.72467297315597534 0.78494599461555481
vt 0.77624297142028809 0.80623799562454224
vt 0.75559902191162109 0.79058299958705902
vt 0.73982799053192139 0.77774299681186676
vt 0.49893701076507568 0.90910500288009644
vt 0.48866298794746399 0.83545100688934326
vt 0.5035099983215332 0.8636229932308197
vt 0.43763598799705505 0.8127949982881546
vt 0.43873998522758484 0.82586400210857391
vt 0.53104501962661743 0.8499390035867691
vt 0.51350301504135132 0.87404300272464752
vt 0.48640599846839905 0.84891599416732788
vt 0.51865297555923462 0.79821799695491791
vt 0.51313000917434692 0.83892999589443207
vt 0.49435800313949585 0.84306199848651886
vt 0.49221199750900269 0.85256600379943848
vt 0.50149399042129517 0.86046500504016876
vt 0.50498098134994507 0.84822499752044678
vt 0.49992099404335022 0.84459899365901947
vt 0.53545999526977539 0.86885799467563629
vt 0.67403101921081543 0.84071299433708191
vt 0.98326802253723145 0.97142799943685532
vt 0.56725102663040161 0.70565900206565857
vt 0.78893798589706421 0.88071899861097336
vt 0.86785602569580078 0.85524000227451324
vt 0.87942802906036377 0.81226100027561188
vt 0.89621299505233765 0.8925819993019104
vt 0.92328798770904541 0.85726100206375122
vt 0.92426401376724243 0.81353700160980225
vt 0.82528197765350342 0.88983699679374695
vt 0.66019099950790405 0.92194099724292755
vt 0.6384660005569458 0.89873900264501572
vt 0.68311202526092529 0.92794399708509445
vt 0.66193801164627075 0.9113909974694252
vt 0.64678001403808594 0.89571800082921982
vt 0.73110800981521606 0.91756799817085266
vt 0.97261399030685425 0.97743099927902222
vt 0.83430498838424683 0.94284899905323982
vt 0.71977198123931885 0.93201400339603424
vt 0.68877601623535156 0.94630699977278709
vt 0.73073601722717285 0.94767000153660774
vt 0.78754597902297974 0.94113700091838837
vt 0.69742602109909058 0.96855299919843674
vt 0.84451800584793091 0.95832699909806252
vt 0.74710202217102051 0.97076399996876717
vt 0.80668401718139648 0.96391300112009048
vt 0.97073197364807129 0.97888300009071827
vt 0.72627997398376465 0.94965900108218193
vt 0.73978501558303833 0.94691300019621849
vt 0.81022900342941284 0.9708660002797842
vt 0.78231000900268555 0.94553900137543678
vt 0.74188399314880371 0.97189800068736076
vt 0.80580002069473267 0.97208200022578239
vt 0.76446700096130371 0.92140500247478485
vt 0.71762001514434814 0.93478599935770035
vt 0.67212402820587158 0.94615599885582924
vt 0.85252100229263306 0.96869999915361404
vt 0.92213201522827148 0.97413999959826469
vt 0.93720102310180664 0.96721300110220909
vt 0.64325797557830811 0.98392800055444241
vt 0.76252400875091553 0.99555099988356233
vt 0.70761102437973022 0.99639500002376735
vt 0.92854702472686768 0.9971429998986423
vt 0.64543598890304565 0.96067000180482864
vt 0.86577898263931274 0.96732300147414207
vt 0.67492902278900146 0.94416899979114532
vt 0.91943597793579102 0.96787299960851669
vt 0.90287601947784424 0.94356200098991394
vt 0.89786100387573242 0.91319999843835831
vt 0.93358397483825684 0.96192799881100655
vt 0.69416797161102295 0.97120399959385395
vt 0.66079097986221313 0.85240200161933899
vt 0.61611300706863403 0.81728999316692352
vt 0.59732800722122192 0.80077700316905975
vt 0.5813789963722229 0.80547000467777252
vt 0.58198297023773193 0.81844300031661987
vt 0.64311397075653076 0.86354599893093109
vt 0.60821902751922607 0.82759800553321838
vt 0.7119860053062439 0.91090899705886841
vt 0.65626102685928345 0.86101900041103363
vt 0.72355401515960693 0.92838799953460693
vt 0.59148299694061279 0.81279100477695465
vt 0.60586899518966675 0.8604079931974411
vt 0.56149297952651978 0.81862899661064148
vt 0.55097901821136475 0.80910499393939972
vt 0.60065102577209473 0.87048999965190887
vt 0.73979097604751587 0.89281199872493744
vt 0.70904898643493652 0.83320699632167816
vt 0.80225300788879395 0.93947900086641312
vt 0.77383601665496826 0.91835299879312515
vt 0.75625902414321899 0.89126700162887573
vt 0.72687000036239624 0.86207699775695801
vt 0.68966597318649292 0.83894999325275421
vt 0.65393197536468506 0.81354899704456329
vt 0.92443001270294189 0.74696600437164307
vt 0.92038500308990479 0.77331900596618652
vt 0.89449101686477661 0.76311799883842468
vt 0.57115799188613892 0.72109100222587585
vt 0.98392999172210693 0.97392800077795982
vt 0.77644497156143188 0.81818099319934845
vt 0.78929001092910767 0.80816799402236938
vt 0.73339897394180298 0.82512199878692627
vt 0.68993401527404785 0.87571000307798386
vt 0.66965901851654053 0.88226500153541565
vt 0.67976701259613037 0.87861999869346619
vt 0.63037300109863281 0.92924000322818756
vt 0.62786799669265747 0.93056699633598328
vt 0.624409019947052 0.91088800132274628
vt 0.61560100317001343 0.90813499689102173
vt 0.59072297811508179 0.90695399791002274
vt 0.60689902305603027 0.90271399915218353
vt 0.62643301486968994 0.90185900032520294
vt 0.60584300756454468 0.88859499990940094
vt 0.51269799470901489 0.82667100429534912
vt 0.57865101099014282 0.87062600255012512
vt 0.54495000839233398 0.84477099776268005
vt 0.52480798959732056 0.8903919979929924
vt 0.53995299339294434 0.90846499800682068
vt 0.54451000690460205 0.78097599744796753
vt 0.52952802181243896 0.81234100461006165
vt 0.48847600817680359 0.81788100302219391
vt 0.49297699332237244 0.80273699760437012
vt 0.50009697675704956 0.79507000744342804
vt 0.47578001022338867 0.79731999337673187
vt 0.43597400188446045 0.80865299701690674
vt 0.5163159966468811 0.79117999970912933
vt 0.54822301864624023 0.78634700179100037
vt 0.54787802696228027 0.77605299651622772
vt 0.50694799423217773 0.79138299822807312
vt 0.83090299367904663 0.85374699532985687
vt 0.78906697034835815 0.8206309974193573
vt 0.83223700523376465 0.82278800010681152
vt 0.8740609884262085 0.82441599667072296
vt 0.91913598775863647 0.8259039968252182
vt 0.80895900726318359 0.80866199731826782
vt 0.8120269775390625 0.82122999429702759
vt 0.85748898983001709 0.8237839937210083
vt 0.90036100149154663 0.81297400593757629
vt 0.90576499700546265 0.82547900080680847
vt 0.98542600870132446 0.81739999353885651
vt 0.97772800922393799 0.82828100025653839
vt 0.9416239857673645 0.81465399265289307
vt 0.94689899682998657 0.82716099917888641
vt 0.82643699645996094 0.81113700568675995
vt 0.871101975440979 0.81317399442195892
vt 0.91661697626113892 0.81418800354003906
vt 0.81682199239730835 0.80659200251102448
vt 0.81697702407836914 0.81026600301265717
vt 0.86136800050735474 0.80865299701690674
vt 0.86166298389434814 0.81252400577068329
vt 0.90863901376724243 0.81401500105857849
vt 0.97755897045135498 0.81543199717998505
vt 0.96287500858306885 0.81266400218009949
vt 0.95738601684570312 0.82049700617790222
vt 0.50725400447845459 0.86443699896335602
vt 0.51398897171020508 0.85392199456691742
vt 0.52073997259140015 0.86110199987888336
vt 0.5757489800453186 0.74003198742866516
vt 0.9789620041847229 0.97437399998307228
vt 0.58691900968551636 0.755731001496315
vt 0.60352897644042969 0.7666659951210022
vt 0.93920201063156128 0.76048900187015533
vt 0.57358098030090332 0.88367000222206116
vt 0.68308001756668091 0.95814700052142143
vt 0.6385759711265564 0.94820600003004074
vt 0.68561798334121704 0.95669500157237053
vt 0.56321197748184204 0.10961902141571045
vt 0.68112200498580933 0.1273840069770813
vt 0.68970602750778198 0.12723398208618164
vt 0.71996200084686279 0.12670600414276123
vt 0.56321197748184204 0.14896601438522339
vt 0.56321197748184204 0.12101501226425171
vt 0.56321197748184204 0.10111898183822632
vt 0.56321197748184204 0.16888302564620972
vt 0.56321197748184204 0.16036200523376465
vt 0.72849500179290771 0.12655699253082275
vt 0.56321197748184204 0.17574697732925415
vt 0.56321197748184204 0.094281017780303955
vt 0.61825501918792725 0.12484800815582275
vt 0.64126002788543701 0.12486499547958374
vt 0.6412699818611145 0.11948698759078979
vt 0.61825001239776611 0.11947298049926758
vt 0.61601102352142334 0.12685000896453857
vt 0.61601799726486206 0.11691397428512573
vt 0.64350599050521851 0.11693000793457031
vt 0.64350098371505737 0.12686902284622192
vt 0.63581401109695435 0.1306689977645874
vt 0.63580799102783203 0.13765901327133179
vt 0.62368601560592651 0.13764899969100952
vt 0.62369197607040405 0.13065999746322632
vt 0.93209397792816162 0.6947920024394989
vt 0.68882298469543457 0.64958900213241577
vt 0.92783999443054199 0.37817800045013428
vt 0.92304497957229614 0.41514098644256592
vt 0.92159098386764526 0.44007599353790283
vt 0.93605601787567139 0.34091001749038696
vt 0.93286502361297607 0.35351800918579102
vt 0.88274502754211426 0.38525998592376709
vt 0.87963598966598511 0.41254597902297974
vt 0.87809997797012329 0.4399150013923645
vt 0.89384597539901733 0.33199799060821533
vt 0.88745599985122681 0.35822898149490356
vt 0.94720000028610229 0.37862199544906616
vt 0.94369101524353027 0.40224498510360718
vt 0.9414830207824707 0.42606598138809204
vt 0.95823800563812256 0.3339189887046814
vt 0.95191097259521484 0.35544097423553467
vt 0.46350398659706116 0.15546602010726929
vt 0.32898199558258057 0.11660200357437134
vt 0.039519999176263809 0.17165201902389526
vt 0.039459999650716782 0.1748579740524292
vt 0.19221900403499603 0.12586599588394165
vt 0.063014999032020569 0.18678498268127441
vt 0.047244999557733536 0.1867859959602356
vt 0.047244999557733536 0.19632399082183838
vt 0.58088201284408569 0.64831799268722534
vt 0.59623801708221436 0.64919200539588928
vt 0.62360101938247681 0.64715299010276794
vt 0.3319070041179657 0.093859970569610596
vt 0.21191200613975525 0.058669984340667725
vt 0.078891001641750336 0.30917602777481079
vt 0.078891001641750336 0.32182997465133667
vt 0.18888199329376221 0.0034719705581665039
vt 0.19447100162506104 0.0031049847602844238
vt 0.034294001758098602 0.060459017753601074
vt 0.021320000290870667 0.069535017013549805
vt 0.0067540002055466175 0.084695994853973389
vt 0.0039599998854100704 0.073472976684570312
vt 0.055564001202583313 0.054138004779815674
vt 0.06722799688577652 0.055872976779937744
vt 0.0079169999808073044 0.096441984176635742
vt 0.042920999228954315 0.047646999359130859
vt 0.18561699986457825 0.06176602840423584
vt 0.18678699433803558 0.11535000801086426
vt 0.3610990047454834 0.026817977428436279
vt 0.36178401112556458 0.033464014530181885
vt 0.36549800634384155 0.0262870192527771
vt 0.36061900854110718 0.022836029529571533
vt 0.36501899361610413 0.022306978702545166
vt 0.35973000526428223 0.015428006649017334
vt 0.36061900854110718 0.022836029529571533
vt 0.36501899361610413 0.022306978702545166
vt 0.36412999033927917 0.014900028705596924
vt 0.36038500070571899 0.18976998329162598
vt 0.35713401436805725 0.17564100027084351
vt 0.34719398617744446 0.18971997499465942
vt 0.36051800847053528 0.15372097492218018
vt 0.36140099167823792 0.16779297590255737
vt 0.36140099167823792 0.17440199851989746
vt 0.36680600047111511 0.17434102296829224
vt 0.63329201936721802 0.62453499436378479
vt 0.63170498609542847 0.60766500234603882
vt 0.63548898696899414 0.64434599876403809
vt 0.0079399999231100082 0.12902498245239258
vt 0.0069209998473525047 0.14997798204421997
vt 0.36367401480674744 0.0019990205764770508
vt 0.36368998885154724 0.013400018215179443
vt 0.36629799008369446 0.013396024703979492
vt 0.37569200992584229 0.0085849761962890625
vt 0.36680600047111511 0.18517601490020752
vt 0.36140099167823792 0.18517601490020752
vt 0.37029200792312622 0.18479901552200317
vt 0.3676849901676178 0.18414700031280518
vt 0.3676849901676178 0.19152498245239258
vt 0.36152699589729309 0.18568402528762817
vt 0.36152699589729309 0.1913599967956543
vt 0.3668380081653595 0.1913599967956543
vt 0.36244300007820129 0.0015050172805786133
vt 0.36235898733139038 0.013943016529083252
vt 0.3319070041179657 0.093859970569610596
vt 0.34189298748970032 0.1143149733543396
vt 0.34519499540328979 0.095492005348205566
vt 0.35923498868942261 0.050306022167205811
vt 0.36630898714065552 0.021022021770477295
vt 0.33156400918960571 0.02737802267074585
vt 0.21162700653076172 0.0050590038299560547
vt 0.4221000075340271 0.20831298828125
vt 0.41080299019813538 0.19459998607635498
vt 0.39303600788116455 0.19446200132369995
vt 0.35651201009750366 0.21932798624038696
vt 0.5173569917678833 0.65638399124145508
vt 0.078891001641750336 0.35814601182937622
vt 0.078891001641750336 0.33978599309921265
vt 0.027503000572323799 0.35814601182937622
vt 0.35640400648117065 0.12175601720809937
vt 0.39558300375938416 0.12175601720809937
vt 0.39558300375938416 0.082069993019104004
vt 0.35640400648117065 0.082069993019104004
vt 0.35640400648117065 0.068651974201202393
vt 0.39558300375938416 0.068651974201202393
vt 0.38512200117111206 0.021928012371063232
vt 0.36645200848579407 0.021928012371063232
vt 0.36486300826072693 0.24320900440216064
vt 0.37428900599479675 0.2712550163269043
vt 0.034049998968839645 0.36013501882553101
vt 0.034109000116586685 0.37824702262878418
vt 0.11251199990510941 0.056551992893218994
vt 0.53395199775695801 0.65638399124145508
vt 0.055305998772382736 0.2029610276222229
vt 0.055311001837253571 0.23581600189208984
vt 0.20520800352096558 0.23579299449920654
vt 0.032242998480796814 0.52227699756622314
vt 0.46583199501037598 0.65638399124145508
vt 0.53526502847671509 0.62961700558662415
vt 0.57420700788497925 0.629364013671875
vt 0.49340400099754333 0.63025099039077759
vt 0.51998698711395264 0.62929999828338623
vt 0.2409529983997345 0.62843000888824463
vt 0.24100400507450104 0.65638399124145508
vt 0.10882800072431564 0.52792999148368835
vt 0.24521699547767639 0.42978900671005249
vt 0.53525400161743164 0.48847299814224243
vt 0.54137700796127319 0.47103101015090942
vt 0.53157597780227661 0.50553798675537109
vt 0.39141899347305298 0.14399701356887817
vt 0.39724001288414001 0.14399701356887817
vt 0.36740699410438538 0.34085100889205933
vt 0.3715440034866333 0.39358001947402954
vt 0.37164199352264404 0.34085899591445923
vt 0.35141000151634216 0.39667600393295288
vt 0.34686499834060669 0.34632301330566406
vt 0.33403199911117554 0.35197800397872925
vt 0.33453500270843506 0.35949802398681641
vt 0.34469300508499146 0.36777400970458984
vt 0.36677899956703186 0.34726399183273315
vt 0.38624599575996399 0.026601016521453857
vt 0.390951007604599 0.023411989212036133
vt 0.38677799701690674 0.022825002670288086
vt 0.39193901419639587 0.016385972499847412
vt 0.38776600360870361 0.015798985958099365
vt 0.38677799701690674 0.022825002670288086
vt 0.39419299364089966 0.17609500885009766
vt 0.39159101247787476 0.19079500436782837
vt 0.40448799729347229 0.19079399108886719
vt 0.39159199595451355 0.15325897932052612
vt 0.38995799422264099 0.16748702526092529
vt 0.38495901226997375 0.17415398359298706
vt 0.38995799422264099 0.17409199476242065
vt 0.53124302625656128 0.62464600801467896
vt 0.53039199113845825 0.60832801461219788
vt 0.529774010181427 0.58820098638534546
vt 0.5294029712677002 0.54578700661659241
vt 0.52876102924346924 0.56442001461982727
vt 0.387704998254776 0.013365983963012695
vt 0.38768899440765381 0.0019649863243103027
vt 0.38495901226997375 0.18492799997329712
vt 0.38995799422264099 0.18492799997329712
vt 0.36849001049995422 0.18346500396728516
vt 0.38315799832344055 0.18346500396728516
vt 0.38387399911880493 0.1844019889831543
vt 0.38135999441146851 0.1850699782371521
vt 0.38387399911880493 0.19149601459503174
vt 0.38489198684692383 0.19136697053909302
vt 0.38999399542808533 0.19136697053909302
vt 0.38999399542808533 0.18558198213577271
vt 0.38892099261283875 0.0025680065155029297
vt 0.38878801465034485 0.015006005764007568
vt 0.50077497959136963 0.17315202951431274
vt 0.39160498976707458 0.14512801170349121
vt 0.029485000297427177 0.23333299160003662
vt 0.050322998315095901 0.23333197832107544
vt 0.050322998315095901 0.20417302846908569
vt 0.034988000988960266 0.20417302846908569
vt 0.48242500424385071 0.65638399124145508
vt 0.53985399007797241 0.59788200259208679
vt 0.5390089750289917 0.61153501272201538
vt 0.63035297393798828 0.58484899997711182
vt 0.078891001641750336 0.24676799774169922
vt 0.027503000572323799 0.24676799774169922
vt 0.37930500507354736 0.21116197109222412
vt 0.41778001189231873 0.22949200868606567
vt 0.30595898628234863 0.61490699648857117
vt 0.29063001275062561 0.61572599411010742
vt 0.29302600026130676 0.62843000888824463
vt 0.31271898746490479 0.62763801217079163
vt 0.037424001842737198 0.35994702577590942
vt 0.04480300098657608 0.35967499017715454
vt 0.46480399370193481 0.6267009973526001
vt 0.32723599672317505 0.20291000604629517
vt 0.32724499702453613 0.23576498031616211
vt 0.12984800338745117 0.052486002445220947
vt 0.35482901334762573 0.14525300264358521
vt 0.3598330020904541 0.14525300264358521
vt 0.32308900356292725 0.12568497657775879
vt 0.33760601282119751 0.37494802474975586
vt 0.33834201097488403 0.42291301488876343
vt 0.33922800421714783 0.40884101390838623
vt 0.63179397583007812 0.56342700123786926
vt 0.53530699014663696 0.63322100043296814
vt 0.5746229887008667 0.61819198727607727
vt 0.065493002533912659 0.17764502763748169
vt 0.43771499395370483 0.63255000114440918
vt 0.4422450065612793 0.62614598870277405
vt 0.29059100151062012 0.58332899212837219
vt 0.10003899782896042 0.61257299780845642
vt 0.088119000196456909 0.57398700714111328
vt 0.091599002480506897 0.59412801265716553
vt 0.090025998651981354 0.55738601088523865
vt 0.095311000943183899 0.54260998964309692
vt 0.45146000385284424 0.6247900128364563
vt 0.29734200239181519 0.57643699645996094
vt 0.297434002161026 0.56059899926185608
vt 0.30183500051498413 0.54490900039672852
vt 0.23584200441837311 0.42215698957443237
vt 0.24178500473499298 0.53473600745201111
vt 0.24213999509811401 0.52934199571609497
vt 0.10955899953842163 0.52931299805641174
vt 0.11506800353527069 0.53505301475524902
vt 0.29081600904464722 0.62732499837875366
vt 0.28356200456619263 0.62349799275398254
vt 0.11204099655151367 0.62728598713874817
vt 0.29351198673248291 0.54138201475143433
vt 0.3023580014705658 0.53950598835945129
vt 0.29727700352668762 0.5367330014705658
vt 0.28756898641586304 0.59543699026107788
vt 0.28732898831367493 0.58492699265480042
vt 0.29005798697471619 0.58260399103164673
vt 0.28821799159049988 0.58009800314903259
vt 0.2854979932308197 0.54633000493049622
vt 0.28053799271583557 0.55869400501251221
vt 0.27275699377059937 0.5994110107421875
vt 0.27668499946594238 0.60355600714683533
vt 0.31517300009727478 0.62726500630378723
vt 0.3131909966468811 0.61471599340438843
vt 0.31130298972129822 0.59540000557899475
vt 0.31071498990058899 0.58586901426315308
vt 0.30878999829292297 0.5913270115852356
vt 0.28755998611450195 0.55558100342750549
vt 0.28589498996734619 0.57318601012229919
vt 0.28453698754310608 0.57648199796676636
vt 0.28775501251220703 0.57837399840354919
vt 0.30379900336265564 0.59798699617385864
vt 0.30067399144172668 0.59569498896598816
vt 0.30224499106407166 0.54056200385093689
vt 0.24380399286746979 0.52961200475692749
vt 0.54168397188186646 0.55738899111747742
vt 0.54960602521896362 0.62108498811721802
vt 0.3670240044593811 0.26779597997665405
vt 0.3715440034866333 0.39358001947402954
vt 0.36740699410438538 0.34085100889205933
vt 0.37164199352264404 0.34085899591445923
vt 0.25484201312065125 0.33400100469589233
vt 0.32384198904037476 0.33400100469589233
vt 0.25484201312065125 0.37026798725128174
vt 0.32384198904037476 0.37026798725128174
vt 0.42517000436782837 0.14277797937393188
vt 0.41743698716163635 0.14277797937393188
vt 0.42517000436782837 0.18728697299957275
vt 0.41743698716163635 0.18728697299957275
vt 0.53678399324417114 0.66887998580932617
vt 0.53645801544189453 0.67432200908660889
vt 0.016564000397920609 0.7979079931974411
vt 0.047247998416423798 0.8261830061674118
vt 0.065269000828266144 0.79827700555324554
vt 0.53714299201965332 0.66402199864387512
vt 0.53754699230194092 0.65921899676322937
vt 0.057165000587701797 0.030224978923797607
vt 0.081623002886772156 0.014204025268554688
vt 0.074952997267246246 0.018644988536834717
vt 0.079483002424240112 0.022181987762451172
vt 0.074952997267246246 0.018644988536834717
vt 0.078511998057365417 0.004382014274597168
vt 0.060005001723766327 0.001573026180267334
vt 0.0064320000819861889 0.051699995994567871
vt 0.050420001149177551 0.043464004993438721
vt 0.091886997222900391 0.047188997268676758
vt 0.082999996840953827 0.009895026683807373
vt 0.085676997900009155 0.011904001235961914
vt 0.089101001620292664 0.004073023796081543
vt 0.19146700203418732 0.029254019260406494
vt 0.19226199388504028 0.019906997680664062
vt 0.099578000605106354 0.022041022777557373
vt 0.18529100716114044 0.021831989288330078
vt 0.094517998397350311 0.025545001029968262
vt 0.0971670001745224 0.013791024684906006
vt 0.094194002449512482 0.017171025276184082
vt 0.085676997900009155 0.011904001235961914
vt 0.082999996840953827 0.009895026683807373
vt 0.18529100716114044 0.021831989288330078
vt 0.19226199388504028 0.019906997680664062
vt 0.19226199388504028 0.019906997680664062
vt 0.18810400366783142 0.012158989906311035
vt 0.18832799792289734 0.014814019203186035
vt 0.18945799767971039 0.017409026622772217
vt 0.18810400366783142 0.012158989906311035
vt 0.18274800479412079 0.013581991195678711
vt 0.18558299541473389 0.015641987323760986
vt 0.18274800479412079 0.013581991195678711
vt 0.18529100716114044 0.021831989288330078
vt 0.18643699586391449 0.018525004386901855
vt 0.083129003643989563 0.032450973987579346
vt 0.19111000001430511 0.050620019435882568
vt 0.089101001620292664 0.004073023796081543
vt 0.18361799418926239 0.0047529935836791992
vt 0.17478799819946289 0.034600973129272461
vt 0.093111000955104828 0.27709698677062988
vt 0.14208799600601196 0.277351975440979
vt 0.092687003314495087 0.35740900039672852
vt 0.14166399836540222 0.357666015625
vt 0.15171100199222565 0.33563798666000366
vt 0.19822999835014343 0.33606100082397461
vt 0.1869329959154129 0.24078702926635742
vt 0.16507700085639954 0.24044597148895264
vt 0.21655100584030151 0.24939602613449097
vt 0.23929800093173981 0.24934297800064087
vt 0.21675699949264526 0.34109097719192505
vt 0.23950299620628357 0.34104102849960327
vt 0.31072899699211121 0.13095599412918091
vt 0.31442299485206604 0.14235401153564453
vt 0.2990649938583374 0.15255200862884521
vt 0.29032701253890991 0.16866302490234375
vt 0.31500500440597534 0.15673398971557617
vt 0.29802599549293518 0.13204997777938843
vt 0.30021300911903381 0.14344298839569092
vt 0.31521600484848022 0.16988497972488403
vt 0.28198701143264771 0.32612502574920654
vt 0.30828401446342468 0.32596701383590698
vt 0.27418899536132812 0.25327301025390625
vt 0.31522199511528015 0.2530289888381958
vt 0.35375499725341797 0.33674502372741699
vt 0.34167000651359558 0.33674502372741699
vt 0.32784798741340637 0.27244102954864502
vt 0.35374501347541809 0.25861400365829468
vt 0.9486510157585144 0.40944802761077881
vt 0.94465601444244385 0.40944898128509521
vt 0.94467097520828247 0.47637802362442017
vt 0.96794599294662476 0.35906898975372314
vt 0.96757400035858154 0.37408697605133057
vt 0.97098898887634277 0.35949897766113281
vt 0.9658210277557373 0.38308501243591309
vt 0.96110701560974121 0.39378601312637329
vt 0.96406799554824829 0.39462298154830933
vt 0.97113001346588135 0.47636997699737549
vt 0.99713701009750366 0.43214297294616699
vt 0.98837900161743164 0.42952102422714233
vt 0.96061301231384277 0.44749802350997925
vt 0.9528539776802063 0.44501501321792603
vt 0.99447500705718994 0.553600013256073
vt 0.97500401735305786 0.57591098546981812
vt 0.95852798223495483 0.40060102939605713
vt 0.96142399311065674 0.40318500995635986
vt 0.97242200374603271 0.34917199611663818
vt 0.957846999168396 0.48643398284912109
vt 0.95126801729202271 0.48643499612808228
vt 0.97301799058914185 0.54696300625801086
vt 0.99122202396392822 0.54696199297904968
vt 0.99122202396392822 0.53668799996376038
vt 0.97301799058914185 0.53668901324272156
vt 0.97018498182296753 0.48404598236083984
vt 0.97492802143096924 0.56630098819732666
vt 0.96696901321411133 0.61785298585891724
vt 0.96973299980163574 0.55358999967575073
vt 0.95305001735687256 0.40755897760391235
vt 0.95303601026535034 0.41969400644302368
vt 0.99193799495697021 0.41969799995422363
vt 0.99194800853729248 0.40756499767303467
vt 0.85251498222351074 0.35977202653884888
vt 0.86079698801040649 0.42568302154541016
vt 0.86885601282119751 0.42561298608779907
vt 0.85781997442245483 0.42649000883102417
vt 0.98848199844360352 0.35915201902389526
vt 0.98546600341796875 0.35955798625946045
vt 0.99162298440933228 0.37361997365951538
vt 0.99511301517486572 0.3939099907875061
vt 0.99332600831985474 0.38264501094818115
vt 0.99217599630355835 0.39472299814224243
vt 0.99436897039413452 0.40349298715591431
vt 0.99766802787780762 0.40073400735855103
vt 0.9878690242767334 0.35010498762130737
vt 0.99193799495697021 0.41969799995422363
vt 0.97271901369094849 0.43581998348236084
vt 0.96288597583770752 0.43581998348236084
vt 0.99254697561264038 0.27103900909423828
vt 0.65589499473571777 0.37421602010726929
vt 0.75748699903488159 0.37421602010726929
vt 0.61304700374603271 0.37421602010726929
vt 0.65271300077438354 0.37421602010726929
vt 0.90059399604797363 0.61736398935317993
vt 0.94499802589416504 0.60979700088500977
vt 0.9622269868850708 0.59763699769973755
vt 0.12628799676895142 0.71792000532150269
vt 0.10438799858093262 0.71792000532150269
vt 0.10438799858093262 0.73737099766731262
vt 0.14896999299526215 0.71792000532150269
vt 0.17218199372291565 0.71792000532150269
vt 0.19565199315547943 0.71792000532150269
vt 0.21295000612735748 0.71792000532150269
vt 0.22280600666999817 0.71792000532150269
vt 0.22915400564670563 0.71792000532150269
vt 0.23636800050735474 0.71792000532150269
vt 0.10438799858093262 0.74412700533866882
vt 0.18626099824905396 0.84592099487781525
vt 0.16885900497436523 0.84575000405311584
vt 0.19844600558280945 0.85834699869155884
vt 0.19827499985694885 0.87574899941682816
vt 0.18584899604320526 0.88793399930000305
vt 0.16844600439071655 0.88776399940252304
vt 0.15626199543476105 0.87533800303936005
vt 0.15643200278282166 0.85793499648571014
vt 0.10438799858093262 0.75192999839782715
vt 0.10438799858093262 0.71792000532150269
vt 0.51066899299621582 0.11359202861785889
vt 0.51066899299621582 0.13985598087310791
vt 0.51066899299621582 0.087327003479003906
vt 0.51066899299621582 0.061062991619110107
vt 0.51066899299621582 0.034798979759216309
vt 0.51066899299621582 0.0085359811782836914
vt 0.59983599185943604 0.35684698820114136
vt 0.60517102479934692 0.34250497817993164
vt 0.58804398775100708 0.36660099029541016
vt 0.57295501232147217 0.3691520094871521
vt 0.55861300230026245 0.36381697654724121
vt 0.54885900020599365 0.35202497243881226
vt 0.5463070273399353 0.33693701028823853
vt 0.55164200067520142 0.32259398698806763
vt 0.56343400478363037 0.31284099817276001
vt 0.57852298021316528 0.31028997898101807
vt 0.59286600351333618 0.31562501192092896
vt 0.60262000560760498 0.32741600275039673
vt 0.51473301649093628 0.16708600521087646
vt 0.55549699068069458 0.16708600521087646
vt 0.25055098533630371 0.94782200083136559
vt 0.28036698698997498 0.94782200083136559
vt 0.31018400192260742 0.92013999819755554
vt 0.31018400192260742 0.94782200083136559
vt 0.081591002643108368 0.94782200083136559
vt 0.1014690026640892 0.94782200083136559
vt 0.12134599685668945 0.94782200083136559
vt 0.14122399687767029 0.94782200083136559
vt 0.16110199689865112 0.94782200083136559
vt 0.18097899854183197 0.94782200083136559
vt 0.20085699856281281 0.94782200083136559
vt 0.22073499858379364 0.94782200083136559
vt 0.84171199798583984 0.49045801162719727
vt 0.85277801752090454 0.48710298538208008
vt 0.8138740062713623 0.44200402498245239
vt 0.81254702806472778 0.46254998445510864
vt 0.56009101867675781 0.077540993690490723
vt 0.57812702655792236 0.077540993690490723
vt 0.56009101867675781 0.068430006504058838
vt 0.56009101867675781 0.084160983562469482
vt 0.57629901170730591 0.084160983562469482
vt 0.59208697080612183 0.077540993690490723
vt 0.58772099018096924 0.087823987007141113
vt 0.58966302871704102 0.082338988780975342
vt 0.57817798852920532 0.082315981388092041
vt 0.57817602157592773 0.08776402473449707
vt 0.6119920015335083 0.077540993690490723
vt 0.61011701822280884 0.084170997142791748
vt 0.59214800596237183 0.084170997142791748
vt 0.62572699785232544 0.077540993690490723
vt 0.62226897478103638 0.087821006774902344
vt 0.6236569881439209 0.08233797550201416
vt 0.61200201511383057 0.082319974899291992
vt 0.61193698644638062 0.087774991989135742
vt 0.64604997634887695 0.077540993690490723
vt 0.64437401294708252 0.084186971187591553
vt 0.62574601173400879 0.084186971187591553
vt 0.72614401578903198 0.077540993690490723
vt 0.72611498832702637 0.08417898416519165
vt 0.65950500965118408 0.077540993690490723
vt 0.65496200323104858 0.08781200647354126
vt 0.65676301717758179 0.082336008548736572
vt 0.6460760235786438 0.082333981990814209
vt 0.64606499671936035 0.087800025939941406
vt 0.67962998151779175 0.077540993690490723
vt 0.67804700136184692 0.084186017513275146
vt 0.65951299667358398 0.084186017513275146
vt 0.69271200895309448 0.077540993690490723
vt 0.68926197290420532 0.087799012660980225
vt 0.69008797407150269 0.082333028316497803
vt 0.67963099479675293 0.082334995269775391
vt 0.67964500188827515 0.087805986404418945
vt 0.71286499500274658 0.077540993690490723
vt 0.71087700128555298 0.084182977676391602
vt 0.69273102283477783 0.084182977676391602
vt 0.72150200605392456 0.087782025337219238
vt 0.72307902574539185 0.082329988479614258
vt 0.71285200119018555 0.082334995269775391
vt 0.71288102865219116 0.08780902624130249
vt 0.58825099468231201 0.14098900556564331
vt 0.59941202402114868 0.1525539755821228
vt 0.58822000026702881 0.12903100252151489
vt 0.59970200061798096 0.13994497060775757
vt 0.58829498291015625 0.11587697267532349
vt 0.59957098960876465 0.12712597846984863
vt 0.58828902244567871 0.10381197929382324
vt 0.59961497783660889 0.11483997106552124
vt 0.58837300539016724 0.09147799015045166
vt 0.59972602128982544 0.10256701707839966
vt 0.57812702655792236 0.077540993690490723
vt 0.56009101867675781 0.077540993690490723
vt 0.56009101867675781 0.068430006504058838
vt 0.59208697080612183 0.077540993690490723
vt 0.57817798852920532 0.082315981388092041
vt 0.58966302871704102 0.082338988780975342
vt 0.6119920015335083 0.077540993690490723
vt 0.62572699785232544 0.077540993690490723
vt 0.61200201511383057 0.082319974899291992
vt 0.6236569881439209 0.08233797550201416
vt 0.64604997634887695 0.077540993690490723
vt 0.72614401578903198 0.077540993690490723
vt 0.65950500965118408 0.077540993690490723
vt 0.6460760235786438 0.082333981990814209
vt 0.65676301717758179 0.082336008548736572
vt 0.67962998151779175 0.077540993690490723
vt 0.69271200895309448 0.077540993690490723
vt 0.67963099479675293 0.082334995269775391
vt 0.69008797407150269 0.082333028316497803
vt 0.71286499500274658 0.077540993690490723
vt 0.71285200119018555 0.082334995269775391
vt 0.72307902574539185 0.082329988479614258
vt 0.59941202402114868 0.1525539755821228
vt 0.58825099468231201 0.14098900556564331
vt 0.59970200061798096 0.13994497060775757
vt 0.58822000026702881 0.12903100252151489
vt 0.59957098960876465 0.12712597846984863
vt 0.58829498291015625 0.11587697267532349
vt 0.59961497783660889 0.11483997106552124
vt 0.58828902244567871 0.10381197929382324
vt 0.59972602128982544 0.10256701707839966
vt 0.58837300539016724 0.09147799015045166
vt 0.64073401689529419 0.19451802968978882
vt 0.6233220100402832 0.20678800344467163
vt 0.76826697587966919 0.14804202318191528
vt 0.69453299045562744 0.18118202686309814
vt 0.6459689736366272 0.18101602792739868
vt 0.71341401338577271 0.21044802665710449
vt 0.66096597909927368 0.21044802665710449
vt 0.80071800947189331 0.21044802665710449
vt 0.64532899856567383 0.21044802665710449
vt 0.62232297658920288 0.21044802665710449
vt 0.64437800645828247 0.14309900999069214
vt 0.612559974193573 0.14309900999069214
vt 0.612559974193573 0.15765100717544556
vt 0.64437800645828247 0.15765100717544556
vt 0.71115100383758545 0.14444899559020996
vt 0.71672999858856201 0.1490439772605896
vt 0.71059602499008179 0.13474202156066895
vt 0.78558099269866943 0.10474997758865356
vt 0.75649601221084595 0.1490439772605896
vt 0.78557902574539185 0.12602299451828003
vt 0.67948800325393677 0.15765100717544556
vt 0.67948800325393677 0.14309900999069214
vt 0.62446898221969604 0.17688798904418945
vt 0.61886602640151978 0.17688798904418945
vt 0.61132901906967163 0.17688798904418945
vt 0.70054000616073608 0.17688798904418945
vt 0.68404901027679443 0.17688798904418945
vt 0.65529501438140869 0.17688798904418945
vt 0.58429300785064697 0.18747198581695557
vt 0.58429300785064697 0.17598402500152588
vt 0.5743979811668396 0.17598402500152588
vt 0.5743979811668396 0.18747198581695557
vt 0.60931897163391113 0.17949700355529785
vt 0.60931897163391113 0.17077499628067017
vt 0.60931897163391113 0.1896209716796875
vt 0.60931897163391113 0.16065102815628052
vt 0.66900700330734253 0.12445402145385742
vt 0.67502802610397339 0.12445402145385742
vt 0.67904198169708252 0.14017999172210693
vt 0.67904198169708252 0.12445402145385742
vt 0.64692801237106323 0.12445402145385742
vt 0.65294897556304932 0.12445402145385742
vt 0.66097801923751831 0.12445402145385742
vt 0.0024939998984336853 0.28310197591781616
vt 0.023330999538302422 0.28310197591781616
vt 0.023330999538302422 0.25839602947235107
vt 0.0024939998984336853 0.25839602947235107
vt 0.0024939998984336853 0.30780899524688721
vt 0.023330999538302422 0.30780899524688721
vt 0.0024939998984336853 0.3325120210647583
vt 0.023330999538302422 0.3325120210647583
vt 0.0024939998984336853 0.35721302032470703
vt 0.023330999538302422 0.35721302032470703
vt 0.0024939998984336853 0.3819119930267334
vt 0.023330999538302422 0.3819119930267334
vt 0.0024939998984336853 0.42512702941894531
vt 0.023330999538302422 0.42512702941894531
vt 0.0024939998984336853 0.48069202899932861
vt 0.023330999538302422 0.48069202899932861
vt 0.0024939998984336853 0.20898497104644775
vt 0.023330999538302422 0.20898497104644775
vt 0.023330999538302422 0.18428099155426025
vt 0.0024939998984336853 0.18428099155426025
vt 0.0024939998984336853 0.23369002342224121
vt 0.023330999538302422 0.23369002342224121
vt 0.84061300754547119 0.10992497205734253
vt 0.84631699323654175 0.08306199312210083
vt 0.83188199996948242 0.083962976932525635
vt 0.82871401309967041 0.10911500453948975
vt 0.81036198139190674 0.11410099267959595
vt 0.81279301643371582 0.091264009475708008
vt 0.79130899906158447 0.12030398845672607
vt 0.84147500991821289 0.069881021976470947
vt 0.85032498836517334 0.070912003517150879
vt 0.84084302186965942 0.15159600973129272
vt 0.83680099248886108 0.15134799480438232
vt 0.84763097763061523 0.18717098236083984
vt 0.84284800291061401 0.18691402673721313
vt 0.85131698846817017 0.20710098743438721
vt 0.84183299541473389 0.20653700828552246
vt 0.84095197916030884 0.22369301319122314
vt 0.58518999814987183 0.089950978755950928
vt 0.56577497720718384 0.095448970794677734
vt 0.82942301034927368 0.12725597620010376
vt 0.83272802829742432 0.14692598581314087
vt 0.78001999855041504 0.14665901660919189
vt 0.78080397844314575 0.16820299625396729
vt 0.79040801525115967 0.20636999607086182
vt 0.78612601757049561 0.1297919750213623
vt 0.82656997442245483 0.11840999126434326
vt 0.79257500171661377 0.12256097793579102
vt 0.83332502841949463 0.20342200994491577
vt 0.83461499214172363 0.17714202404022217
vt 0.82669901847839355 0.21657097339630127
vt 0.8184400200843811 0.22584998607635498
vt 0.80537998676300049 0.096737027168273926
vt 0.82157200574874878 0.1136469841003418
vt 0.78290200233459473 0.20617598295211792
vt 0.82871401309967041 0.10911500453948975
vt 0.81036198139190674 0.11410099267959595
vt 0.79130899906158447 0.12030398845672607
vt 0.83680099248886108 0.15134799480438232
vt 0.84284800291061401 0.18691402673721313
vt 0.84183299541473389 0.20653700828552246
vt 0.58518999814987183 0.089950978755950928
vt 0.66627800464630127 0.10647100210189819
vt 0.65889900922775269 0.11936599016189575
vt 0.67736899852752686 0.12137597799301147
vt 0.055165000259876251 0.90340500324964523
vt 0.015243999660015106 0.90340500324964523
vt 0.015243999660015106 0.91247300058603287
vt 0.055165000259876251 0.91247300058603287
vt 0.32212299108505249 0.87366899847984314
vt 0.23234300315380096 0.88393300026655197
vt 0.22742100059986115 0.88153000175952911
vt 0.053162999451160431 0.91247300058603287
vt 0.053162999451160431 0.90340500324964523
vt 0.051162000745534897 0.90340500324964523
vt 0.051162000745534897 0.91247300058603287
vt 0.017234999686479568 0.90340500324964523
vt 0.017234999686479568 0.91247300058603287
vt 0.055165000259876251 0.90340500324964523
vt 0.053162999451160431 0.90340500324964523
vt 0.015243000350892544 0.91247300058603287
vt 0.32070401310920715 0.88153000175952911
vt 0.32589998841285706 0.87550099939107895
vt 0.61149698495864868 0.40033501386642456
vt 0.75627100467681885 0.40033501386642456
vt 0.75627100467681885 0.39549398422241211
vt 0.61149698495864868 0.39549398422241211
vt 0.61149698495864868 0.40517598390579224
vt 0.75627100467681885 0.40517598390579224
vt 0.61149698495864868 0.41001600027084351
vt 0.75627100467681885 0.41001600027084351
vt 0.61149698495864868 0.41485697031021118
vt 0.75627100467681885 0.41485697031021118
vt 0.61149698495864868 0.42211800813674927
vt 0.75627100467681885 0.42211800813674927
vt 0.61149698495864868 0.43179899454116821
vt 0.75627100467681885 0.43179899454116821
vt 0.61149698495864868 0.43905997276306152
vt 0.75627100467681885 0.43905997276306152
vt 0.61149698495864868 0.38581401109695435
vt 0.75627100467681885 0.38581401109695435
vt 0.75627100467681885 0.38097298145294189
vt 0.61149698495864868 0.38097298145294189
vt 0.61149698495864868 0.39065402746200562
vt 0.75627100467681885 0.39065402746200562
vt 0.060109999030828476 0.96878699958324432
vt 0.055411998182535172 0.97974199987947941
vt 0.015915000811219215 0.97975599952042103
vt 0.011199000291526318 0.96877400018274784
vt 0.041742000728845596 0.97835199907422066
vt 0.045031998306512833 0.98506900016218424
vt 0.035693999379873276 0.97997199930250645
vt 0.035693999379873276 0.98671900015324354
vt 0.029645999893546104 0.97835100069642067
vt 0.026356000453233719 0.98506900016218424
vt 0.025218000635504723 0.96182699874043465
vt 0.060079999268054962 0.94427499920129776
vt 0.011245000176131725 0.94427400082349777
vt 0.029645999893546104 0.95739899948239326
vt 0.046169999986886978 0.96182699874043465
vt 0.04044099897146225 0.95963200181722641
vt 0.044038999825716019 0.97302900068461895
vt 0.045350000262260437 0.96812399849295616
vt 0.027049999684095383 0.9730409998446703
vt 0.025732999667525291 0.96813699975609779
vt 0.035535998642444611 0.95832100138068199
vt 0.027068000286817551 0.89304299652576447
vt 0.021376999095082283 0.899959996342659
vt 0.027068000286817551 0.899959996342659
vt 0.027068000286817551 0.85143700242042542
vt 0.027068000286817551 0.85837000608444214
vt 0.027068000286817551 0.86530500650405884
vt 0.021376999095082283 0.8722430020570755
vt 0.027068000286817551 0.8722430020570755
vt 0.027068000286817551 0.85837000608444214
vt 0.027068000286817551 0.85143700242042542
vt 0.027068000286817551 0.86530500650405884
vt 0.027068000286817551 0.8722430020570755
vt 0.027068000286817551 0.87918099761009216
vt 0.027068000286817551 0.88611400127410889
vt 0.016834000125527382 0.899959996342659
vt 0.016834000125527382 0.8722430020570755
vt 0.0017229999648407102 0.899959996342659
vt 0.0017229999648407102 0.8722430020570755
vt 0.83006501197814941 0.37838298082351685
vt 0.83006501197814941 0.39828002452850342
vt 0.3270060122013092 0.71078300476074219
vt 0.3270060122013092 0.7553820013999939
vt 0.42404401302337646 0.67755201458930969
vt 0.42405399680137634 0.69165301322937012
vt 0.13817000389099121 0.82815000414848328
vt 0.13817000389099121 0.84324899315834045
vt 0.1529420018196106 0.84502500295639038
vt 0.0068100001662969589 0.75224100053310394
vt 0.0068100001662969589 0.70772799849510193
vt 0.02628600038588047 0.72150599956512451
vt 0.026287000626325607 0.74514898657798767
vt 0.024807000532746315 0.77507999539375305
vt 0.041303999722003937 0.75950799882411957
vt 0.33031401038169861 0.75950799882411957
vt 0.38841399550437927 0.80378000438213348
vt 0.041303001344203949 0.70772698521614075
vt 0.38842698931694031 0.74674499034881592
vt 0.34528499841690063 0.74515101313591003
vt 0.3885749876499176 0.73956200480461121
vt 0.34528899192810059 0.72150701284408569
vt 0.0026620000135153532 0.78029599785804749
vt 0.0019769999198615551 0.78438800573348999
vt 0.02489900030195713 0.78401799499988556
vt 0.30385199189186096 0.83069799840450287
vt 0.1303739994764328 0.84325599670410156
vt 0.1303739994764328 0.82814399898052216
vt 0.012010999955236912 0.82813699543476105
vt 0.012010999955236912 0.84326200187206268
vt 0.45499300956726074 0.75426100194454193
vt 0.44407001137733459 0.71406900882720947
vt 0.51079297065734863 0.77176100015640259
vt 0.53046298027038574 0.78057999908924103
vt 0.56391799449920654 0.70061799883842468
vt 0.42406898736953735 0.70772799849510193
vt 0.3885749876499176 0.71217399835586548
vt 0.33032301068305969 0.70772799849510193
vt 0.0042799999937415123 0.82637499272823334
vt 0.0042799999937415123 0.84502500295639038
vt 0.42407301068305969 0.67164298892021179
vt 0.30595898628234863 0.95176900178194046
vt 0.321958988904953 0.99730199994519353
vt 0.321958988904953 0.95176900178194046
vt 0.30203500390052795 0.99627400003373623
vt 0.077500000596046448 0.95261599868535995
vt 0.077500000596046448 0.99627400003373623
vt 0.075323998928070068 0.95176700130105019
vt 0.092157997190952301 0.95176700130105019
vt 0.12461899966001511 0.95176700130105019
vt 0.15875299274921417 0.95176700130105019
vt 0.2561190128326416 0.71880599856376648
vt 0.25622600317001343 0.7513670027256012
vt 0.29958298802375793 0.71880599856376648
vt 0.15694400668144226 0.82284800708293915
vt 0.16162300109863281 0.82284800708293915
vt 0.4240419864654541 0.66257700324058533
vt 0.0068080001510679722 0.66257798671722412
vt 0.42405399680137634 0.69165301322937012
vt 0.42404401302337646 0.67755201458930969
vt 0.0068100001662969589 0.75224100053310394
vt 0.024807000532746315 0.77507999539375305
vt 0.38841399550437927 0.80378000438213348
vt 0.38842698931694031 0.74674499034881592
vt 0.34528499841690063 0.74515101313591003
vt 0.3885749876499176 0.73956200480461121
vt 0.3885749876499176 0.71217399835586548
vt 0.34528899192810059 0.72150701284408569
vt 0.0019769999198615551 0.78438800573348999
vt 0.0026620000135153532 0.78029599785804749
vt 0.02489900030195713 0.78401799499988556
vt 0.30385199189186096 0.83069799840450287
vt 0.45499300956726074 0.75426100194454193
vt 0.47673600912094116 0.75743800401687622
vt 0.42406898736953735 0.70772799849510193
vt 0.16512399911880493 0.84502500295639038
vt 0.42407301068305969 0.67164298892021179
vt 0.15694400668144226 0.84855200350284576
vt 0.16162300109863281 0.84855200350284576
vt 0.4240419864654541 0.66257700324058533
vt 0.032896000891923904 0.73381799459457397
vt 0.98438197374343872 0.69480600953102112
vt 0.9976230263710022 0.72247499227523804
vt 0.9976230263710022 0.69364398717880249
vt 0.98795098066329956 0.69364500045776367
vt 0.98795098066329956 0.72247499227523804
vt 0.91936099529266357 0.69364601373672485
vt 0.91936099529266357 0.72247600555419922
vt 0.92903399467468262 0.72247600555419922
vt 0.92903399467468262 0.69364500045776367
vt 0.9976239800453186 0.7359749972820282
vt 0.9976230263710022 0.72936499118804932
vt 0.98795098066329956 0.72936499118804932
vt 0.98795098066329956 0.7359749972820282
vt 0.91936099529266357 0.72936499118804932
vt 0.92903399467468262 0.72936499118804932
vt 0.92903298139572144 0.65182599425315857
vt 0.91936099529266357 0.62117400765419006
vt 0.98795002698898315 0.65182599425315857
vt 0.91936200857162476 0.7359749972820282
vt 0.92903399467468262 0.7359749972820282
vt 0.9314039945602417 0.68955200910568237
vt 0.98665201663970947 0.68955200910568237
vt 0.98665201663970947 0.6562730073928833
vt 0.9314039945602417 0.6562730073928833
vt 0.80301499366760254 0.65005099773406982
vt 0.99313002824783325 0.77688999474048615
vt 0.09137599915266037 0.91591899842023849
vt 0.067473001778125763 0.90193700045347214
vt 0.067473001778125763 0.91591899842023849
vt 0.10731100291013718 0.91591899842023849
vt 0.12324599921703339 0.91591899842023849
vt 0.13918100297451019 0.91591899842023849
vt 0.155116006731987 0.91591899842023849
vt 0.17104999721050262 0.91591899842023849
vt 0.18698599934577942 0.91591899842023849
vt 0.84171199798583984 0.49045801162719727
vt 0.85277801752090454 0.48710298538208008
vt 0.8138740062713623 0.44200402498245239
vt 0.81254702806472778 0.46254998445510864
vt 0.84171199798583984 0.49045801162719727
vt 0.85277801752090454 0.48710298538208008
vt 0.8138740062713623 0.44200402498245239
vt 0.81254702806472778 0.46254998445510864
vt 0.12628799676895142 0.71792000532150269
vt 0.10438799858093262 0.71792000532150269
vt 0.10438799858093262 0.73737099766731262
vt 0.14896999299526215 0.71792000532150269
vt 0.17218199372291565 0.71792000532150269
vt 0.19565199315547943 0.71792000532150269
vt 0.21295000612735748 0.71792000532150269
vt 0.22280600666999817 0.71792000532150269
vt 0.22915400564670563 0.71792000532150269
vt 0.23636800050735474 0.71792000532150269
vt 0.10438799858093262 0.74412700533866882
vt 0.18626099824905396 0.84592099487781525
vt 0.16885900497436523 0.84575000405311584
vt 0.19844600558280945 0.85834699869155884
vt 0.19827499985694885 0.87574899941682816
vt 0.18584899604320526 0.88793399930000305
vt 0.16844600439071655 0.88776399940252304
vt 0.15626199543476105 0.87533800303936005
vt 0.15643200278282166 0.85793499648571014
vt 0.10438799858093262 0.75192999839782715
vt 0.10438799858093262 0.71792000532150269
vt 0.40332800149917603 0.97914299927651882
vt 0.4816649854183197 0.98271800018846989
vt 0.42357701063156128 0.94963400065898895
vt 0.49018898606300354 0.93690899759531021
vt 0.46364301443099976 0.95142500102519989
vt 0.39883801341056824 0.93236400187015533
vt 0.43567299842834473 0.9123620018362999
vt 0.4365600049495697 0.93417800217866898
vt 0.44961100816726685 0.93348000198602676
vt 0.44943401217460632 0.91164600104093552
vt 0.4353410005569458 0.9519600011408329
vt 0.45094901323318481 0.95221000164747238
vt 0.32885301113128662 0.90099500119686127
vt 0.40094000101089478 0.90099500119686127
vt 0.45840001106262207 0.90099500119686127
vt 0.35245400667190552 0.95370899885892868
vt 0.36525401473045349 0.95370899885892868
vt 0.33955499529838562 0.95370899885892868
vt 0.32508200407028198 0.95370899885892868
vt 0.38159200549125671 0.95370899885892868
vt 0.3517490029335022 0.92940700054168701
vt 0.36443299055099487 0.92940700054168701
vt 0.3388420045375824 0.92940700054168701
vt 0.32435598969459534 0.92940700054168701
vt 0.38138100504875183 0.92940700054168701
vt 0.38045299053192139 0.90489699691534042
vt 0.36617499589920044 0.90489699691534042
vt 0.35353100299835205 0.90489699691534042
vt 0.34062600135803223 0.90489699691534042
vt 0.32613599300384521 0.90489699691534042
vt 0.54632598161697388 0.99188300035893917
vt 0.51727497577667236 0.99891900003422052
vt 0.50805097818374634 0.96023600175976753
vt 0.54601198434829712 0.95346299931406975
vt 0.38106200098991394 0.99309299979358912
vt 0.38102999329566956 0.97995699942111969
vt 0.54632598161697388 0.99188300035893917
vt 0.51727497577667236 0.99891900003422052
vt 0.50805097818374634 0.96023600175976753
vt 0.54601198434829712 0.95346299931406975
vt 0.54632598161697388 0.99188300035893917
vt 0.51727497577667236 0.99891900003422052
vt 0.50805097818374634 0.96023600175976753
vt 0.54601198434829712 0.95346299931406975
vt 0.40332800149917603 0.97914299927651882
vt 0.4816649854183197 0.98271800018846989
vt 0.42357701063156128 0.94963400065898895
vt 0.49018898606300354 0.93690899759531021
vt 0.46364301443099976 0.95142500102519989
vt 0.39883801341056824 0.93236400187015533
vt 0.45094901323318481 0.95221000164747238
vt 0.44943401217460632 0.91164600104093552
vt 0.43567299842834473 0.9123620018362999
vt 0.4353410005569458 0.9519600011408329
vt 0.32885301113128662 0.88624399900436401
vt 0.40094000101089478 0.88624399900436401
vt 0.45840001106262207 0.88624399900436401
vt 0.54632598161697388 0.99188300035893917
vt 0.51727497577667236 0.99891900003422052
vt 0.50805097818374634 0.96023600175976753
vt 0.54601198434829712 0.95346299931406975
vt 0.54632598161697388 0.99188300035893917
vt 0.51727497577667236 0.99891900003422052
vt 0.50805097818374634 0.96023600175976753
vt 0.54601198434829712 0.95346299931406975
vt 0.54632598161697388 0.99188300035893917
vt 0.51727497577667236 0.99891900003422052
vt 0.50805097818374634 0.96023600175976753
vt 0.54601198434829712 0.95346299931406975
vt 0.41743698716163635 0.14277797937393188
vt 0.42517000436782837 0.14277797937393188
vt 0.42517000436782837 0.18728697299957275
vt 0.41743698716163635 0.18728697299957275
vt 0.58429300785064697 0.18747198581695557
vt 0.58429300785064697 0.17598402500152588
vt 0.5743979811668396 0.17598402500152588
vt 0.5743979811668396 0.18747198581695557
vt 0.60931897163391113 0.17949700355529785
vt 0.60931897163391113 0.17077499628067017
vt 0.60931897163391113 0.1896209716796875
vt 0.60931897163391113 0.16065102815628052
vt 0.80179697275161743 0.76892000436782837
vt 0.770160973072052 0.76127299666404724
vt 0.77330201864242554 0.79124900698661804
vt 0.82102197408676147 0.80044400691986084
vt 0.72099101543426514 0.74305400252342224
vt 0.80049097537994385 0.74448901414871216
vt 0.81132900714874268 0.76408800482749939
vt 0.84422701597213745 0.80416600406169891
vt 0.82017797231674194 0.79414999485015869
vt 0.80752098560333252 0.74278700351715088
vt 0.84466898441314697 0.74297600984573364
vt 0.92329001426696777 0.77782399952411652
vt 0.88754099607467651 0.80629399418830872
vt 0.8610680103302002 0.80310699343681335
vt 0.94599699974060059 0.77313800156116486
vt 0.84567797183990479 0.76494200527667999
vt 0.85692000389099121 0.80708299577236176
vt 0.84656602144241333 0.7982490062713623
vt 0.84716600179672241 0.74012899398803711
vt 0.98627400398254395 0.87251600623130798
vt 0.98619997501373291 0.8933510035276413
vt 0.96973901987075806 0.99757299991324544
vt 0.95650398731231689 0.74094998836517334
vt 0.97259801626205444 0.76747800409793854
vt 0.60211300849914551 0.66276299953460693
vt 0.99041801691055298 0.90701500326395035
vt 0.99609601497650146 0.96385800093412399
vt 0.99660801887512207 0.94062700122594833
vt 0.99316197633743286 0.9246629998087883
vt 0.47578099370002747 0.79731999337673187
vt 0.99491900205612183 0.82051700353622437
vt 0.90024900436401367 0.75519099831581116
vt 0.93595999479293823 0.76393400132656097
vt 0.87985897064208984 0.74824899435043335
vt 0.85941201448440552 0.74063101410865784
vt 0.98098701238632202 0.97568099945783615
vt 0.88133698701858521 0.77875499427318573
vt 0.88417202234268188 0.79173800349235535
vt 0.90953701734542847 0.77120399475097656
vt 0.85974901914596558 0.78423500061035156
vt 0.80179697275161743 0.76892000436782837
vt 0.82102197408676147 0.80044400691986084
vt 0.77330201864242554 0.79124900698661804
vt 0.770160973072052 0.76127299666404724
vt 0.72099101543426514 0.74305400252342224
vt 0.80049097537994385 0.74448901414871216
vt 0.81132900714874268 0.76408800482749939
vt 0.82017797231674194 0.79414999485015869
vt 0.84422701597213745 0.80416600406169891
vt 0.80752098560333252 0.74278700351715088
vt 0.84466898441314697 0.74297600984573364
vt 0.92329001426696777 0.77782399952411652
vt 0.87430500984191895 0.80470000207424164
vt 0.94599699974060059 0.77313800156116486
vt 0.84567797183990479 0.76494200527667999
vt 0.84656602144241333 0.7982490062713623
vt 0.85692000389099121 0.80708299577236176
vt 0.84716600179672241 0.74012899398803711
vt 0.98619997501373291 0.8933510035276413
vt 0.58954697847366333 0.67315399646759033
vt 0.99178999662399292 0.91583900153636932
vt 0.99609601497650146 0.96385800093412399
vt 0.99660801887512207 0.94062700122594833
vt 0.90024900436401367 0.75519099831581116
vt 0.93595999479293823 0.76393400132656097
vt 0.87985897064208984 0.74824899435043335
vt 0.86906498670578003 0.74600601196289062
vt 0.98098701238632202 0.97568099945783615
vt 0.88417202234268188 0.79173800349235535
vt 0.88133698701858521 0.77875499427318573
vt 0.85974901914596558 0.78423500061035156
vt 0.64457899332046509 0.092706024646759033
vt 0.64462101459503174 0.099210023880004883
vt 0.64687800407409668 0.10119897127151489
vt 0.64679598808288574 0.090260028839111328
vt 0.61930900812149048 0.090461015701293945
vt 0.62156099081039429 0.092872977256774902
vt 0.61938697099685669 0.1013990044593811
vt 0.62161499261856079 0.099377989768981934
vt 0.62709897756576538 0.10514700412750244
vt 0.63922101259231567 0.10505998134613037
vt 0.62714999914169312 0.112263023853302
vt 0.63927298784255981 0.11217498779296875
vt 0.75848501920700073 0.12603402137756348
vt 0.75836700201034546 0.11926400661468506
vt 0.72837698459625244 0.11978697776794434
vt 0.71984398365020752 0.11993598937988281
vt 0.68958801031112671 0.1204649806022644
vt 0.68100398778915405 0.12061399221420288
vt 0.55797600746154785 0.10961902141571045
vt 0.55797600746154785 0.12101501226425171
vt 0.55797600746154785 0.14896601438522339
vt 0.55797600746154785 0.16036200523376465
vt 0.55797600746154785 0.16888302564620972
vt 0.55797600746154785 0.17574697732925415
vt 0.55797600746154785 0.10111898183822632
vt 0.55797600746154785 0.094281017780303955
vn -1.9999999949504854E-06 -0.9717479944229126 -0.23601900041103363
vn -0.4339509904384613 -0.051646001636981964 0.89945501089096069
vn 0.90864700078964233 -0.41595199704170227 0.036653999239206314
vn 0.54141700267791748 9.9999999747524271E-07 0.84075397253036499
vn 0.82797598838806152 -0.55520600080490112 0.078749001026153564
vn 0.97359102964401245 -0.22348600625991821 0.046624999493360519
vn 0.75518202781677246 0.63771200180053711 -0.15173600614070892
vn 0.95285499095916748 0.30342701077461243 -3.9999999899009708E-06
vn 0.9283440113067627 0.37172099947929382 -3.0000001061125658E-06
vn 0.55892497301101685 0.59390997886657715 -0.57868200540542603
vn 0.99452000856399536 -0.10446000099182129 -0.0043529998511075974
vn 0.97738099098205566 -0.11999499797821045 0.17414799332618713
vn 0.9537469744682312 0.012497999705374241 -0.30035200715065002
vn -3.0000001061125658E-06 -0.70997697114944458 -0.70422500371932983
vn 1 9.9999999747524271E-07 -3.0000001061125658E-06
vn -0 1 -9.9999999747524271E-07
vn 0.95383197069168091 -3.0000001061125658E-06 -0.30033901333808899
vn 0.71825897693634033 0.67986297607421875 0.14795400202274323
vn 0.94715297222137451 0.29048600792884827 0.13608300685882568
vn 0.92998200654983521 0.31454899907112122 0.19024500250816345
vn 0.95769697427749634 -0.27154600620269775 0.095282003283500671
vn 0.95428997278213501 -0.29784199595451355 0.024916000664234161
vn 0.66537600755691528 0.67581802606582642 -0.31708899140357971
vn 0.24997000396251678 0.966746985912323 0.053991001099348068
vn 0.27813500165939331 0.9212610125541687 -0.27188000082969666
vn 0.92378002405166626 0.25697100162506104 -0.28389599919319153
vn 0.98405402898788452 -0.12451799958944321 0.12701299786567688
vn 0.9686729907989502 -0.17171099781990051 -0.17940899729728699
vn 1 0 -3.0000001061125658E-06
vn 0.97955900430679321 0.20115500688552856 -3.9999999899009708E-06
vn 0.98277401924133301 0.18481099605560303 -3.9999999899009708E-06
vn 1 0 -3.0000001061125658E-06
vn 1 9.9999999747524271E-07 -3.0000001061125658E-06
vn 1.9999999949504854E-06 -0.65450799465179443 0.75605499744415283
vn -0.99999898672103882 0.0015290000010281801 -0.0004400000034365803
vn -1 -0 3.0000001061125658E-06
vn 3.0000001061125658E-06 -0.59495300054550171 0.80376100540161133
vn 0.061455000191926956 0.001386999967508018 -0.99810898303985596
vn 0.93872898817062378 -0.30946400761604309 -0.15172299742698669
vn 0.56103402376174927 -0.77333801984786987 -0.29527801275253296
vn -9.9999999747524271E-07 -0.93669700622558594 -0.35014098882675171
vn -9.0000003183376975E-06 -0.61933302879333496 -0.78512901067733765
vn 0.46806898713111877 -0.50327098369598389 -0.72638100385665894
vn -3.0000001061125658E-06 -3.9999999899009708E-06 -1
vn -1.9999999949504854E-06 4.9999998736893758E-06 -1
vn -3.0000001061125658E-06 -3.0000001061125658E-06 -1
vn 0.39068999886512756 0.067649997770786285 -0.91803300380706787
vn 0.99966400861740112 0.01693199947476387 -0.019633999094367027
vn 0.97913599014282227 -0.0325779989361763 -0.2005780041217804
vn 0.083828002214431763 0.011095999740064144 -0.99641799926757812
vn 0.066863998770713806 -1.9999999949504854E-06 -0.99776202440261841
vn -9.9999999747524271E-07 0.34369701147079468 0.93908101320266724
vn -1 -0 3.0000001061125658E-06
vn -1 -0 1.9999999949504854E-06
vn -9.9999999747524271E-07 -0.98833000659942627 0.15232500433921814
vn 0.15661099553108215 -0.91711902618408203 -0.36655899882316589
vn -3.0000001061125658E-06 -0.27045801281929016 -0.96273201704025269
vn 1 9.9999999747524271E-07 -3.9999999899009708E-06
vn -9.9999999747524271E-07 0.15149900317192078 -0.98845702409744263
vn -1 -0 3.0000001061125658E-06
vn 1 9.9999999747524271E-07 -3.9999999899009708E-06
vn -3.0000001061125658E-06 9.0000003183376975E-06 -1
vn -6.0000002122251317E-06 -1.9999999949504854E-06 -1
vn -4.9999998736893758E-06 -3.9999999899009708E-06 -1
vn -3.9999999899009708E-06 -3.0000001061125658E-06 -1
vn 0.052960000932216644 0.031950000673532486 -0.99808502197265625
vn -0.0011759999906644225 -0.9834669828414917 0.18108299374580383
vn 0 -1 1.9999999949504854E-06
vn 1 0 -3.9999999899009708E-06
vn 1 0 -3.0000001061125658E-06
vn 9.9999999747524271E-07 -0.83319300413131714 0.55298197269439697
vn 1.9999999949504854E-06 0.74059802293777466 0.67194801568984985
vn -0.71171402931213379 0.3906790018081665 -0.58380800485610962
vn -1.9999999949504854E-06 -0 -1
vn 0 1 0
vn 0 1 0
vn -3.0000001061125658E-06 -3.0000001061125658E-06 -1
vn 0.587382972240448 -3.9999999899009708E-06 -0.80930900573730469
vn -0.17037700116634369 0.96610599756240845 -0.19393700361251831
vn -1 -0 3.0000001061125658E-06
vn -1 0 3.0000001061125658E-06
vn -1 -0 3.0000001061125658E-06
vn -1 -0 3.0000001061125658E-06
vn 1.9999999949504854E-06 -0.13397400081157684 0.99098497629165649
vn -0.99922299385070801 -0.038150999695062637 -0.0098620001226663589
vn 3.0000001061125658E-06 -0.98833101987838745 0.15232400596141815
vn 1.9999999949504854E-06 0.34369799494743347 0.93907999992370605
vn -0.65511202812194824 0.0083750002086162567 -0.75548499822616577
vn -0.99998199939727783 0.0057930001057684422 -0.0014979999978095293
vn -9.9999999747524271E-07 -0.97179901599884033 -0.23581099510192871
vn 0.95285499095916748 0.30342799425125122 -3.9999999899009708E-06
vn -1 -9.9999999747524271E-07 3.0000001061125658E-06
vn -0 1 -1.9999999949504854E-06
vn -0.8223869800567627 -0.56869202852249146 0.016388000920414925
vn -0.57247298955917358 4.9999998736893758E-06 0.819923996925354
vn -0.93114900588989258 -0.36463499069213867 -0.0018019999843090773
vn -0.92603397369384766 -0.37620100378990173 0.030566999688744545
vn 0.024824999272823334 0.54952698945999146 -0.83510702848434448
vn -0.9578089714050293 -0.20124299824237823 0.2051910012960434
vn -0.90429699420928955 -0.4256339967250824 0.032905001193284988
vn -0.9237549901008606 -0.28938499093055725 -0.25086501240730286
vn -0 1 -9.9999999747524271E-07
vn -1 -0 3.0000001061125658E-06
vn -1 -0 3.0000001061125658E-06
vn -0.95383399724960327 -3.0000001061125658E-06 -0.30033400654792786
vn 0.0092209996655583382 0.38524898886680603 -0.92276698350906372
vn 1 0 -3.0000001061125658E-06
vn -1 -0 3.0000001061125658E-06
vn 0.013875000178813934 0.27914899587631226 -0.96014702320098877
vn -0.45314499735832214 0.85674399137496948 -0.24627299606800079
vn -0.94103598594665527 0.23284000158309937 0.24543300271034241
vn -0.72196602821350098 0.69057601690292358 0.043242000043392181
vn -0.97943800687789917 -0.20110000669956207 0.016099000349640846
vn -0.92919397354125977 -0.34017398953437805 0.14450199902057648
vn -0.25618100166320801 0.9663739800453186 0.022171000018715858
vn -0.66537600755691528 0.67581599950790405 -0.31709301471710205
vn -0.27902698516845703 0.92159301042556763 -0.2698340117931366
vn -0.91506797075271606 0.29416400194168091 -0.27589398622512817
vn -0.98995101451873779 -0.13223899900913239 -0.050106000155210495
vn -0.93793702125549316 -0.30083900690078735 -0.17254100739955902
vn -0.97906601428985596 -0.079663999378681183 -0.18730400502681732
vn -0.85420197248458862 -0.32879000902175903 -0.40278598666191101
vn -0.83722800016403198 -0.16155500710010529 -0.52244597673416138
vn -0.91779601573944092 -0.12905099987983704 -0.37549299001693726
vn -0.27496498823165894 -0.96143102645874023 0.0066189998760819435
vn -0.93848997354507446 0.3452720046043396 0.0047900001518428326
vn -0.88378000259399414 0.46790200471878052 0.00055100000463426113
vn -0.95306098461151123 -0.24020999670028687 -0.18431800603866577
vn -0.77135699987411499 -0.10017599910497665 -0.62846899032592773
vn -0.28138399124145508 -0.13739199936389923 -0.94970899820327759
vn -0.81955802440643311 -0.52128899097442627 -0.23787100613117218
vn -0.93567901849746704 -0.31112799048423767 -0.16644799709320068
vn -0.7686840295791626 -0.48692798614501953 -0.41475999355316162
vn -0.91082698106765747 -0.40237298607826233 -0.092141002416610718
vn -0.96743398904800415 -0.16374899446964264 -0.19302299618721008
vn 0 -0.98396599292755127 -0.17835399508476257
vn -0.61152899265289307 -0.73599201440811157 -0.29042699933052063
vn -0.63378900289535522 -0.48083400726318359 -0.60589599609375
vn -1.9999999949504854E-06 -0 -1
vn -0.67978101968765259 -0.14799700677394867 -0.71832799911499023
vn -0.97689497470855713 -0.044387001544237137 -0.2090580016374588
vn -3.0000001061125658E-06 -3.0000001061125658E-06 -1
vn -0.71417397260665894 0.0023050000891089439 -0.69996500015258789
vn -0.7071080207824707 -1.9999999949504854E-06 -0.70710599422454834
vn -9.9999999747524271E-07 -0.91486001014709473 -0.40377199649810791
vn -0.89225602149963379 0.095812000334262848 -0.44124698638916016
vn -1 -0 3.0000001061125658E-06
vn -0.99978101253509521 -0.020850999280810356 -0.0018769999733194709
vn 0 -1 1.9999999949504854E-06
vn 3.9999999899009708E-06 -0.97338199615478516 0.22918899357318878
vn 0 0.55710297822952271 0.83044397830963135
vn 0 0.50071901082992554 0.86561000347137451
vn 0 -0.89494502544403076 0.44617599248886108
vn 1 0 -3.0000001061125658E-06
vn 1 -0 -3.0000001061125658E-06
vn -3.0000001061125658E-06 -0.27045801281929016 -0.96273201704025269
vn -1 -0 3.0000001061125658E-06
vn -1 -0 1.9999999949504854E-06
vn 1 0 -3.0000001061125658E-06
vn -3.0000001061125658E-06 0.15149900317192078 -0.98845702409744263
vn -4.9999998736893758E-06 9.9999999747524271E-07 -1
vn -6.0000002122251317E-06 -6.0000002122251317E-06 -1
vn -3.9999999899009708E-06 9.9999999747524271E-07 -1
vn -3.0000001061125658E-06 -1.9999999949504854E-06 -1
vn -3.0000001061125658E-06 -0 -1
vn -0.95942401885986328 -0.14431500434875488 0.24223800003528595
vn -0.9897339940071106 0.097409002482891083 -0.10458700358867645
vn -0.87164998054504395 -0.24340499937534332 0.42541798949241638
vn 1.9999999949504854E-06 -1 1.9999999949504854E-06
vn -1 -0 3.0000001061125658E-06
vn -0.69256097078323364 0.1239129975438118 0.71063697338104248
vn 0.99876898527145386 0.0043930001556873322 0.049414999783039093
vn -0.89219498634338379 -0.11068200320005417 0.43787899613380432
vn -0.86298900842666626 -0.22672000527381897 0.45149499177932739
vn 0.9563019871711731 0.2920989990234375 -0.012862999923527241
vn -0.58738899230957031 -7.9999999798019417E-06 -0.80930501222610474
vn -3.0000001061125658E-06 -1.5999999959603883E-05 -1
vn -0.9929649829864502 0.11840999871492386 3.0000001061125658E-06
vn 0.94435900449752808 0.32659000158309937 -0.039048999547958374
vn 0.94864499568939209 0.31435099244117737 -0.035429000854492188
vn 0.99658799171447754 -0.080952003598213196 -0.016127999871969223
vn -0.98638397455215454 0.16445599496364594 3.0000001061125658E-06
vn -0.14142400026321411 -0.50112998485565186 -0.85373800992965698
vn 0 -0.027323000133037567 -0.99962699413299561
vn 0 0.22317199409008026 -0.97477900981903076
vn -0.13985900580883026 0.89556097984313965 -0.42238700389862061
vn -0.71445399522781372 -0.69933801889419556 -0.021956000477075577
vn 0.056196998804807663 0.18677300214767456 0.98079401254653931
vn -0.86375999450683594 0.50386101007461548 0.0065540000796318054
vn -0.93739801645278931 0.34818300604820251 -0.0073069999925792217
vn -9.0000003183376975E-06 -0.65969699621200562 -0.75153201818466187
vn -0.9326469898223877 0.36071598529815674 -0.0073339999653398991
vn -0.20310600101947784 -0.3997420072555542 -0.89384198188781738
vn -0.01372699998319149 -0.82404297590255737 -0.56636101007461548
vn -0.9567909836769104 0.29074400663375854 -0.0043210000731050968
vn -0.89296400547027588 0.45006400346755981 -0.0075280000455677509
vn -0.97968399524688721 0.19820399582386017 0.030581999570131302
vn -0.91267502307891846 0.40867999196052551 -0.0023529999889433384
vn -0.93962699174880981 0.34207001328468323 -0.0094170002266764641
vn -0.92032498121261597 0.38897600769996643 0.041235998272895813
vn 0 0.15260399878025055 0.98828697204589844
vn 7.0000000960135367E-06 -0.35286900401115417 0.93567299842834473
vn -0.82894498109817505 -0.55797499418258667 -0.038894999772310257
vn -0.77023601531982422 0.59789299964904785 -0.22194699943065643
vn -0.7929760217666626 0.60922098159790039 0.0062040002085268497
vn -0.11326699703931808 -0.27154600620269775 -0.95573699474334717
vn 0.0069050001911818981 0.15940399467945099 0.98718899488449097
vn -0.82962101697921753 0.55830401182174683 0.0050760000012814999
vn -0.74188798666000366 0.67043501138687134 -0.010854000225663185
vn -0.971763014793396 -0.23581899702548981 0.0081860003992915154
vn -0.97762900590896606 -0.20848800241947174 -0.027829000726342201
vn -0.018972000107169151 0.51869702339172363 -0.85474801063537598
vn 0 -0.090074002742767334 0.99593502283096313
vn -0.98774802684783936 -0.15604099631309509 -0.0022070000413805246
vn -0.86880499124526978 -0.49515500664710999 -0.00030399998649954796
vn -0.86422699689865112 -0.50229698419570923 -0.028450999408960342
vn -0.96375197172164917 0.26031699776649475 0.058462001383304596
vn -0.0053679998964071274 0.99932301044464111 0.036389000713825226
vn -0.27260899543762207 -0.96210199594497681 0.0066709998063743114
vn -0.44130098819732666 -0.81782299280166626 -0.36934900283813477
vn -0.15939800441265106 -0.59551399946212769 -0.78737199306488037
vn -0.0084690004587173462 -0.049855999648571014 -0.99872100353240967
vn 0 0.2527880072593689 -0.9675220251083374
vn -0.14358599483966827 0.94172602891921997 -0.30419701337814331
vn 0 0.95404297113418579 0.29967001080513
vn 0.046668000519275665 0.20601299405097961 0.97743600606918335
vn -0.062221001833677292 0.14944300055503845 0.98681098222732544
vn 9.9999999747524271E-07 -0.28405299782752991 0.9588090181350708
vn -4.9999998736893758E-06 -0.65969502925872803 -0.75153297185897827
vn 0 -0.55149698257446289 -0.83417701721191406
vn -0.19275000691413879 -0.42370700836181641 -0.88505399227142334
vn -3.9999999899009708E-06 -0.95104897022247314 -0.30903899669647217
vn 0 0.18387800455093384 0.98294901847839355
vn -0.012915000319480896 0.11692799627780914 0.99305599927902222
vn -0.068567000329494476 0.24750800430774689 -0.96645700931549072
vn -6.0000002122251317E-06 0.70480102300643921 -0.70940500497817993
vn 0 0.85352301597595215 0.52105498313903809
vn 0 0.66022497415542603 0.75106799602508545
vn 0 0.18216100335121155 0.98326897621154785
vn 7.9999999798019417E-06 -0.47073298692703247 0.88227599859237671
vn 7.9999999798019417E-06 0.53833699226379395 0.84272897243499756
vn -0.12375199794769287 -0.35153099894523621 -0.92796099185943604
vn -0.0029660000000149012 0.25671601295471191 0.96648198366165161
vn -0.0098099997267127037 -0.48055800795555115 -0.87690800428390503
vn 0 0.16190299391746521 0.98680698871612549
vn 0 0.62379199266433716 -0.78159099817276001
vn 9.9999999747524271E-07 -0.11455400288105011 0.99341702461242676
vn -0.87424099445343018 -0.48427700996398926 -0.034324999898672104
vn -0.72153300046920776 0.68833398818969727 0.074741996824741364
vn -0.89816802740097046 0.41806000471115112 0.13608600199222565
vn -0.98747199773788452 0.11916299909353256 0.1034339964389801
vn 0.055114001035690308 0.5976560115814209 -0.79985600709915161
vn -0.028425000607967377 0.99959099292755127 0.0032180000562220812
vn -0.3137969970703125 0.93697100877761841 -0.15367700159549713
vn 0.097222998738288879 0.91698002815246582 -0.38690400123596191
vn -0.93793702125549316 0.22440299391746521 -0.26441699266433716
vn -0.82694900035858154 0.53139197826385498 -0.18378500640392303
vn -0.60876601934432983 0.7860950231552124 -0.10704699903726578
vn 0.54315602779388428 -0.54323399066925049 0.64021700620651245
vn 0.43396800756454468 -0.051658999174833298 0.89944601058959961
vn 1.4999999621068127E-05 -0.1698479950428009 -0.9854699969291687
vn 3.9999999899009708E-06 0.29127600789070129 -0.95663899183273315
vn 7.9999999798019417E-06 -0.47462201118469238 0.88019001483917236
vn 9.9999997473787516E-06 0.55006700754165649 -0.83512097597122192
vn -0.0024190000258386135 0.14794699847698212 0.98899197578430176
vn -0.0023229999933391809 -0.48313900828361511 0.87554097175598145
vn 0.71172201633453369 0.3906719982624054 -0.58380401134490967
vn 0.99553799629211426 -0.087509997189044952 0.035314001142978668
vn 0.99922502040863037 -0.038111001253128052 -0.009855000302195549
vn 0.98214399814605713 -0.046640001237392426 0.1822579950094223
vn 0.66487002372741699 -0.18036699295043945 -0.72485500574111938
vn 0.97887998819351196 -0.054301001131534576 -0.1970909982919693
vn 0.8921700119972229 0.096827998757362366 -0.44119900465011597
vn 1 0 -0
vn 0.99978101253509521 -0.020834999158978462 -0.0018729999428614974
vn 0.99826598167419434 -0.044202998280525208 0.038865998387336731
vn 1 0 0
vn 0.99723899364471436 -0.051966000348329544 0.053043998777866364
vn 1 0 0
vn 1 9.9999999747524271E-07 -0
vn 0.95942097902297974 -0.14430800080299377 0.24225400388240814
vn 0.98972302675247192 0.096747003495693207 -0.10529900342226028
vn 0.86364597082138062 -0.23016799986362457 0.44848400354385376
vn 0.89266699552536011 -0.11377199739217758 0.43612098693847656
vn 0 -0.079322002828121185 0.99684900045394897
vn 1.9999999949504854E-06 -0.65874397754669189 0.75236797332763672
vn -0.70749300718307495 -0.33499801158905029 0.62227898836135864
vn -0.72413599491119385 0.26203200221061707 -0.6379389762878418
vn -0.72413599491119385 0.26203200221061707 0.6379389762878418
vn -0.70749300718307495 -0.33499699831008911 -0.62227898836135864
vn -0.55220097303390503 -0.67405998706817627 0.49063000082969666
vn -0.702830970287323 0.58528101444244385 -0.40432000160217285
vn -0.702830970287323 0.58528101444244385 0.40432000160217285
vn -0.55220198631286621 -0.67405998706817627 -0.49062898755073547
vn -0.4680120050907135 -0.65153300762176514 0.5970500111579895
vn -0.003590000094845891 -0.70823997259140015 0.70596301555633545
vn -0.0035959999077022076 -0.70823997259140015 -0.70596301555633545
vn -0.46801400184631348 -0.65153300762176514 -0.59704899787902832
vn 0.0013129999861121178 0.70668399333953857 -0.70752799510955811
vn 0.0013210000470280647 0.70668798685073853 0.70752400159835815
vn -0.46594399213790894 0.65342700481414795 0.59659802913665771
vn -0.46594899892807007 0.653423011302948 -0.59659898281097412
vn -0.76761001348495483 0 -0.64091700315475464
vn -0.76760601997375488 9.9999999747524271E-07 0.64092200994491577
vn 0.31548801064491272 -0.019463999196887016 -0.9487299919128418
vn 0.21998900175094604 0.00042200001189485192 -0.97550201416015625
vn 0.21203799545764923 -0.97527998685836792 0.06219400092959404
vn 0.64899998903274536 -0.73058700561523438 0.21222999691963196
vn 0.5109410285949707 0.84391701221466064 0.16353300213813782
vn 0.23655800521373749 0.96921700239181519 0.068258002400398254
vn -0.21061800420284271 -0.9748610258102417 -0.072700001299381256
vn 0.3282800018787384 0.9379429817199707 0.11178500205278397
vn 0.35839399695396423 -0.015336999669671059 -0.93344402313232422
vn 0.29768198728561401 0.0011859999503940344 -0.95466399192810059
vn 0.91588997840881348 -0.2558009922504425 0.30937400460243225
vn 0.93306899070739746 0.16723600029945374 0.31845501065254211
vn 0.71117997169494629 0.66033399105072021 0.2412090003490448
vn 0.96592599153518677 0.25881901383399963 -3.9999999899009708E-06
vn 0.96592599153518677 0.25881901383399963 -3.9999999899009708E-06
vn 0.96592599153518677 0.25881901383399963 -3.9999999899009708E-06
vn 0.96592599153518677 0.25881901383399963 -3.9999999899009708E-06
vn 0.66996097564697266 0.67877799272537231 0.30068901181221008
vn 0.97992300987243652 0.14827600121498108 0.13328699767589569
vn 0.75298202037811279 0.5603020191192627 0.34507998824119568
vn 0.74159801006317139 0.67084497213363647 -6.0000002122251317E-06
vn 0.16079699993133545 0.027234999462962151 -0.98661202192306519
vn 0.84976297616958618 -0.4110809862613678 0.33002299070358276
vn 0.79090100526809692 -0.61173999309539795 0.015797000378370285
vn 0.41890498995780945 -0.10936100035905838 0.901419997215271
vn 0.0040159998461604118 -0.0064420001581311226 -0.99997097253799438
vn 0.003994000144302845 -0.0025349999777972698 -0.99998897314071655
vn 0.5956839919090271 0.086176998913288116 0.79858201742172241
vn 0.47053301334381104 0.23396399617195129 0.85079997777938843
vn 0.0019660000689327717 0.00018099999579135329 -0.99999797344207764
vn 0.17468200623989105 0.056373998522758484 -0.98300999402999878
vn 0.18067300319671631 0.98329001665115356 0.022301999852061272
vn 0.95927202701568604 -0.28248399496078491 -1.9999999949504854E-06
vn 0.96938002109527588 -0.24556699395179749 -3.0000001061125658E-06
vn 0.0023499999660998583 0.0077559999190270901 -0.99996697902679443
vn 1.9999999949504854E-06 9.9999999747524271E-07 1
vn 0.93190401792526245 0.17945399880409241 -0.31520000100135803
vn 0.89825397729873657 0.32755100727081299 -0.29300099611282349
vn 3.9999999899009708E-06 1.9999999949504854E-06 1
vn 0.96959501504898071 -0.24471500515937805 -1.9999999949504854E-06
vn 0.34351900219917297 0.16310499608516693 0.92487400770187378
vn 0.91720002889633179 0.39842599630355835 -1.9999999949504854E-06
vn 0.91904199123382568 0.39416000247001648 -3.9999999899009708E-06
vn 0.81272000074386597 -0.58265501260757446 -1.9999999949504854E-06
vn 0.95927202701568604 -0.28248399496078491 -1.9999999949504854E-06
vn 0.81272000074386597 -0.58265399932861328 -3.0000001061125658E-06
vn 3.0000001061125658E-06 1.9999999949504854E-06 1
vn 0.96926200389862061 0.20471100509166718 -0.13647499680519104
vn 0.88765197992324829 -0.2402849942445755 -0.39285698533058167
vn 0.89764499664306641 -0.31653401255607605 0.30665901303291321
vn 0.77174001932144165 0.30421000719070435 -0.55845701694488525
vn 0.77013701200485229 0.15318000316619873 0.61921298503875732
vn 0.95927202701568604 -0.28248399496078491 -1.9999999949504854E-06
vn 0.14587900042533875 0.98700201511383057 -0.067423999309539795
vn 0.20608200132846832 0.97460001707077026 0.087665997445583344
vn -0.57735002040863037 -0.57735002040863037 0.57735002040863037
vn -0.57735002040863037 -0.57735002040863037 -0.57735002040863037
vn -0.70761001110076904 0.33459600806236267 0.62236201763153076
vn -0.73006802797317505 0.21467900276184082 0.64877897500991821
vn -0.60458201169967651 0.17777900397777557 -0.7764509916305542
vn -0.60458099842071533 0.17777900397777557 0.7764509916305542
vn -0.73006802797317505 0.21467900276184082 -0.64877897500991821
vn -0.70761001110076904 0.33459600806236267 -0.62236100435256958
vn 0 -0.70693200826644897 0.70728099346160889
vn 0 -0.70693200826644897 -0.70728099346160889
vn -0.55455499887466431 0.67547798156738281 0.48600199818611145
vn 0 0 1
vn 0 0 -1
vn -0.55455499887466431 0.67547899484634399 -0.48600199818611145
vn -0.63555997610092163 -0.27276000380516052 0.72226399183273315
vn -0.63539701700210571 -0.273499995470047 -0.72212702035903931
vn -0.62445497512817383 0.32451501488685608 0.71045398712158203
vn -0.62322902679443359 0.33041098713874817 -0.70881199836730957
vn -0.63676100969314575 0.72168898582458496 0.27147701382637024
vn -0.79591101408004761 -0.21388800442218781 0.56637299060821533
vn 0 -0.35329300165176392 0.93551301956176758
vn 0 -0.35418999195098877 -0.93517297506332397
vn 3.0000001061125658E-06 0.41548100113868713 0.90960198640823364
vn 0 0.42249900102615356 -0.90636402368545532
vn 9.9999999747524271E-07 0.93596899509429932 0.3520829975605011
vn 0 -0.35418999195098877 -0.93517297506332397
vn -0.63710099458694458 0.72501498460769653 -0.26163798570632935
vn -0.7961609959602356 -0.21431499719619751 -0.56585901975631714
vn 0 0.94062501192092896 -0.33944600820541382
vn 0 -0.35329300165176392 0.93551301956176758
vn -0.71995401382446289 -0.28753700852394104 0.6316559910774231
vn 0 0 -1
vn -0.71944600343704224 -0.28455200791358948 -0.63358300924301147
vn 0 0 1
vn -0.55745100975036621 -0.22023700177669525 0.80046498775482178
vn 0 0 -1
vn -0.55729901790618896 -0.22211399674415588 -0.8000519871711731
vn 0 0 1
vn -0.58691298961639404 -0.56612002849578857 0.57882702350616455
vn -0.030006999149918556 -0.71455401182174683 -0.69893598556518555
vn -0.58947497606277466 -0.56190001964569092 -0.58033502101898193
vn -0.030127000063657761 -0.71740102767944336 0.69600898027420044
vn -1 -0 0
vn -1 -0 0
vn -0.92387998104095459 0.38268300890922546 0
vn -0.38268300890922546 0.92387998104095459 0
vn 0 1 0
vn 0 1 0
vn -0.38268300890922546 0.92387998104095459 0
vn -0.92387998104095459 0.38268300890922546 0
vn -0.57735002040863037 -0.57735002040863037 0.57735002040863037
vn -0.57735002040863037 -0.57735002040863037 -0.57735002040863037
vn -0.58256202936172485 0.56501501798629761 0.58427697420120239
vn -0.72360801696777344 0.26517400145530701 0.63723897933959961
vn -0.57388800382614136 0.22600799798965454 -0.7871289849281311
vn -0.57388800382614136 0.22600799798965454 0.7871289849281311
vn -0.72360801696777344 0.26517400145530701 -0.63723897933959961
vn -0.58256202936172485 0.56501400470733643 -0.58427798748016357
vn 0 -0.70694500207901001 0.70726799964904785
vn 0 -0.70694500207901001 -0.70726799964904785
vn -0.057036001235246658 0.72611701488494873 0.68520098924636841
vn 0 0 1
vn 0 0 -1
vn -0.057034999132156372 0.72611802816390991 -0.68520098924636841
vn -0.81230700016021729 -0.33743399381637573 -0.47570601105690002
vn -0.65099900960922241 -0.25535398721694946 -0.71483898162841797
vn -0.76953500509262085 0.12621299922466278 0.62600797414779663
vn -0.5781019926071167 0.36070701479911804 0.73190701007843018
vn 0.8123059868812561 -0.33743301033973694 -0.4757080078125
vn 0.57810598611831665 0.36070701479911804 0.73190397024154663
vn -0.76571500301361084 -0.19247700273990631 0.61370497941970825
vn -0.54571598768234253 -0.43644499778747559 0.71533900499343872
vn 0.54571902751922607 -0.43644499778747559 0.71533697843551636
vn -0.69673597812652588 -0.01610800065100193 -0.71714597940444946
vn -0.71251702308654785 0.017052000388503075 -0.70144802331924438
vn 0.65099501609802246 -0.25535398721694946 -0.71484297513961792
vn 0.76953601837158203 0.12621399760246277 0.62600702047348022
vn 0.76571798324584961 -0.19247600436210632 0.6137009859085083
vn 0.69673502445220947 -0.016107000410556793 -0.71714800596237183
vn 0.71251499652862549 0.017053000628948212 -0.70144999027252197
vn -0.65036600828170776 -0.207955002784729 0.73060202598571777
vn -0.65036600828170776 -0.207955002784729 -0.73060101270675659
vn -0.63099700212478638 0.29369500279426575 0.71804302930831909
vn -0.63099700212478638 0.29369500279426575 -0.71804302930831909
vn -0.62953102588653564 0.71650499105453491 0.30052000284194946
vn -0.62953102588653564 0.71650397777557373 -0.30052000284194946
vn -0.61225497722625732 -0.69077801704406738 0.38466799259185791
vn -0.61225497722625732 -0.69077801704406738 -0.38466799259185791
vn 0 -0.27376198768615723 0.96179801225662231
vn 0 -0.27376198768615723 -0.96179801225662231
vn 0 0.37857800722122192 0.92556899785995483
vn 0 0.37857800722122192 -0.92556899785995483
vn 0 0.92217099666595459 0.38678199052810669
vn 0 0.92217099666595459 -0.38678199052810669
vn 0 -0.8736720085144043 0.48651498556137085
vn 0 -0.8736720085144043 -0.48651498556137085
vn -0.73192399740219116 0.17892800271511078 -0.65747398138046265
vn -0.73188501596450806 0.17891199886798859 0.65752202272415161
vn -0.57735401391983032 -0.57738798856735229 0.57730799913406372
vn -0.57736498117446899 -0.57742398977279663 -0.57726198434829712
vn -0.84846198558807373 0.4413599967956543 -0.29208499193191528
vn -0.84846997261047363 0.44134798645973206 0.29208099842071533
vn 0 -0.70715302228927612 0.70705997943878174
vn 5.199999941396527E-05 -0.70719701051712036 -0.70701700448989868
vn -0.99944001436233521 0.033296000212430954 -0.0032500000670552254
vn 9.9999999747524271E-07 4.9999998736893758E-06 1
vn 0 1.9999999949504854E-06 1
vn -0.64972400665283203 0.011756000109016895 -0.760079026222229
vn -0.99139201641082764 -0.13092499971389771 3.9999999899009708E-06
vn 0.97824501991271973 0.20745199918746948 -9.9999999747524271E-07
vn 0.93094801902770996 0.36515098810195923 -0
vn -0.30162200331687927 0.92457997798919678 -0.23275600373744965
vn 0.93094897270202637 0.36514800786972046 -9.9999999747524271E-07
vn 0.9735640287399292 0.22841300070285797 -0
vn -0.98688697814941406 -0.16141399741172791 3.9999999899009708E-06
vn -0.29504799842834473 0.90442198514938354 0.30816900730133057
vn -0.99761801958084106 0.068966999650001526 0.0015930000226944685
vn 0 -0.63815802335739136 0.76990598440170288
vn 0.0057330001145601273 0.63463300466537476 -0.77279198169708252
vn 0.13278000056743622 0.57345098257064819 -0.80840802192687988
vn -0.61654001474380493 0.0030469999182969332 -0.78731799125671387
vn -0.43448099493980408 0.0030139998998492956 -0.90067601203918457
vn -0.49750098586082458 -0.28951698541641235 -0.81772398948669434
vn -4.9999998736893758E-06 -0.57437700033187866 -0.81859099864959717
vn -0.99990701675415039 0.013608000241219997 3.0000001061125658E-06
vn 0.41586899757385254 0.0030030000489205122 -0.90941900014877319
vn -0.095808997750282288 0.60262900590896606 -0.79224902391433716
vn -0.98097699880599976 0.19412299990653992 3.0000001061125658E-06
vn 0.2946459949016571 0.92555397748947144 -0.2377689927816391
vn -0.97377902269363403 0.22749699652194977 3.0000001061125658E-06
vn -0.96933597326278687 0.24574099481105804 3.0000001061125658E-06
vn 0.28612199425697327 0.90445899963378906 0.31636801362037659
vn 0.99944001436233521 0.033296000212430954 -0.0032530000898987055
vn 0.99997901916503906 -0.0064790002070367336 -0.00047500000800937414
vn 0.99748402833938599 0.070897996425628662 -0.00022200000239536166
vn 0.99748200178146362 0.070914000272750854 9.9999999747524271E-07
vn 0.99139201641082764 -0.13092400133609772 0
vn 0.93545001745223999 -0.35345900058746338 9.9999999747524271E-07
vn 0.98688697814941406 -0.16141299903392792 9.9999999747524271E-07
vn 0.93545001745223999 -0.35346001386642456 9.9999999747524271E-07
vn 0.99761801958084106 0.068966999650001526 0.001588999992236495
vn 0.99794197082519531 0.06370999664068222 0.0072119999676942825
vn 0.99789100885391235 0.064593002200126648 0.0064570000395178795
vn 0.99969398975372314 0.024710999801754951 0.00060799997299909592
vn 0.99610501527786255 -0.086737997829914093 -0.015869999304413795
vn 0.9958299994468689 -0.090623997151851654 -0.010505000129342079
vn 0.99990701675415039 0.01360899955034256 -0
vn 0.98557800054550171 0.16922399401664734 -9.9999999747524271E-07
vn 0.98557698726654053 0.16922600567340851 -0
vn 0.10295099765062332 0.99468600749969482 -1.9999999949504854E-06
vn 0.86523199081420898 0.50137102603912354 -3.9999999899009708E-06
vn 0.093033000826835632 0.94888198375701904 0.30160799622535706
vn 0.82580500841140747 0.48541399836540222 0.28708699345588684
vn 0.86523300409317017 -0.50137102603912354 -1.9999999949504854E-06
vn 0.82580697536468506 -0.48541200160980225 0.28708699345588684
vn 0.10295200347900391 -0.99468600749969482 9.9999999747524271E-07
vn 0.09303099662065506 -0.94887900352478027 0.30161899328231812
vn -0.58778500556945801 -0.80901700258255005 3.0000001061125658E-06
vn -0.5593000054359436 -0.76980799436569214 0.30753499269485474
vn -0.95105600357055664 -0.30901899933815002 3.9999999899009708E-06
vn -0.90496599674224854 -0.29404100775718689 0.30753400921821594
vn -0.95105600357055664 0.30901899933815002 3.0000001061125658E-06
vn -0.90496402978897095 0.29404300451278687 0.30753600597381592
vn -0.58778500556945801 0.80901700258255005 0
vn -0.55929702520370483 0.76981198787689209 0.30753201246261597
vn 0.8172680139541626 0.45881399512290955 0.34865900874137878
vn 0.10306999832391739 0.99466401338577271 0.0043959999457001686
vn 0.10586299747228622 0.92887300252914429 0.35494700074195862
vn 0.86529397964477539 0.50124800205230713 0.0041789999231696129
vn 0.81726998090744019 -0.45881301164627075 0.34865599870681763
vn 0.86529499292373657 -0.50124502182006836 0.0041820001788437366
vn 0.10586199909448624 -0.92886799573898315 0.35496100783348083
vn 0.10307099670171738 -0.99466401338577271 0.0044010002166032791
vn -0.55073398351669312 -0.75802302360534668 0.34942001104354858
vn -0.58777999877929688 -0.80900800228118896 0.0044260001741349697
vn -0.89110702276229858 -0.28954300284385681 0.34941801428794861
vn -0.95104801654815674 -0.3090130090713501 0.0044260001741349697
vn -0.89110898971557617 0.28953498601913452 0.34942001104354858
vn -0.95104700326919556 0.30901399254798889 0.0044249999336898327
vn -0.55073398351669312 0.75802499055862427 0.34941500425338745
vn -0.58777898550033569 0.80900901556015015 0.0044220001436769962
vn -0.87828701734542847 0.11221300065517426 -0.46478098630905151
vn -0.81672501564025879 0.3419640064239502 -0.46478000283241272
vn -0.53632301092147827 0.70451200008392334 -0.46478098630905151
vn -0 0.89484202861785889 -0.44638299942016602
vn 0.51143598556518555 0.74090999364852905 -0.43529999256134033
vn 0.89093399047851562 0.16420599818229675 -0.42340698838233948
vn 0.68946802616119385 -0.58767402172088623 -0.42340600490570068
vn 0.072461999952793121 -0.89736497402191162 -0.43529999256134033
vn -0.3419640064239502 -0.81672602891921997 -0.46477898955345154
vn -0.81672501564025879 -0.3419640064239502 -0.46478000283241272
vn -0.97379601001739502 -0.13027100265026093 0.18641500174999237
vn -0.90846800804138184 0.37408000230789185 0.18641500174999237
vn -0.59971600770950317 0.77819699048995972 0.18641500174999237
vn 0 0.98216599225997925 0.18801799416542053
vn 0.56571000814437866 0.80305498838424683 0.18728099763393402
vn 0.96913999319076538 0.16724200546741486 0.18109999597072601
vn 0.75567901134490967 -0.62940597534179688 0.18109999597072601
vn 0.088391996920108795 -0.97832101583480835 0.18728099763393402
vn -0.37407898902893066 -0.90846800804138184 0.18641500174999237
vn -0.77819597721099854 -0.59971600770950317 0.18641500174999237
vn -0.35692501068115234 0.051157999783754349 -0.93273097276687622
vn -0.28352600336074829 0.22276699542999268 -0.93273097276687622
vn -0.13415800034999847 0.33468401432037354 -0.9327319860458374
vn 0 0.35738998651504517 -0.93395501375198364
vn 0.21315200626850128 0.28928500413894653 -0.93321001529693604
vn 0.36697399616241455 0.052062001079320908 -0.92877298593521118
vn 0.29178100824356079 -0.22857500612735748 -0.92877197265625
vn 0.039951998740434647 -0.35710799694061279 -0.93320798873901367
vn -0.22276799380779266 -0.28352698683738708 -0.93273097276687622
vn -0.33468499779701233 -0.13415700197219849 -0.93273097276687622
vn 0.36956000328063965 -0.65704798698425293 -0.65704900026321411
vn 0.36956098675727844 -0.92920702695846558 1.9999999949504854E-06
vn 1 0 -3.9999999899009708E-06
vn 1 0 -3.0000001061125658E-06
vn 0.36956599354743958 -9.9999999747524271E-07 -0.92920398712158203
vn 1 0 -3.0000001061125658E-06
vn 0.36956000328063965 0.65704202651977539 -0.65705597400665283
vn 1 -0 -3.0000001061125658E-06
vn 0.3695639967918396 0.92920500040054321 -9.9999999747524271E-07
vn 1 -0 -3.0000001061125658E-06
vn 0.3695639967918396 0.65704697370529175 0.65704798698425293
vn 1 0 -3.9999999899009708E-06
vn 0.36957401037216187 -9.9999999747524271E-07 0.92920100688934326
vn 1 9.9999999747524271E-07 -3.9999999899009708E-06
vn 0.36956098675727844 -0.65704500675201416 0.65705102682113647
vn 1 0 -3.9999999899009708E-06
vn 0.31587100028991699 -0.67090797424316406 -0.67090100049972534
vn 0.31587299704551697 -0.94880098104476929 -0
vn 0.3158780038356781 -9.9999999747524271E-07 -0.94880002737045288
vn 0.31587299704551697 0.67090302705764771 -0.67090499401092529
vn 0.31587499380111694 0.94880098104476929 -3.0000001061125658E-06
vn 0.31587401032447815 0.67090797424316406 0.67089897394180298
vn 0.31588399410247803 -9.9999999747524271E-07 0.94879800081253052
vn 0.31587499380111694 -0.67090600728988647 0.67090100049972534
vn 3.0000001061125658E-06 -1 4.9999998736893758E-06
vn 0 -0.70710998773574829 -0.70710402727127075
vn -1 -0 3.0000001061125658E-06
vn 0 -3.0000001061125658E-06 -1
vn -0 0.70710498094558716 -0.7071080207824707
vn -0 1 -9.9999999747524271E-07
vn 3.9999999899009708E-06 0.70710998773574829 0.70710402727127075
vn 6.0000002122251317E-06 9.9999999747524271E-07 1
vn 4.9999998736893758E-06 -0.70710897445678711 0.70710498094558716
vn 1 0 -3.9999999899009708E-06
vn -0.34202098846435547 0.93969202041625977 -0
vn -0.57357698678970337 0.81915199756622314 0
vn -0.90630799531936646 0.42261800169944763 0
vn -0.99619501829147339 -0.087155997753143311 0
vn -0.81915199756622314 -0.57357597351074219 0
vn -0.64278799295425415 -0.766044020652771 0
vn 0 0 -1
vn 0 -0 -1
vn 0 -0 -1
vn 0 -0 -1
vn 9.9999999747524271E-07 -1.9999999949504854E-06 -1
vn -0 -0 -1
vn 0 0 -1
vn 0 -0 -1
vn 9.9999999747524271E-07 1.9999999949504854E-06 -1
vn 0 1.9999999949504854E-06 -1
vn 0 0 -1
vn 0 0 -1
vn -0.99619501829147339 -0.087154999375343323 0
vn -0.81915199756622314 -0.57357698678970337 0
vn -0.42261800169944763 -0.90630799531936646 0
vn 0.087154999375343323 -0.99619501829147339 -0
vn 0.57357698678970337 -0.81915199756622314 -0
vn 0.90630799531936646 -0.42261800169944763 -0
vn 0.99619501829147339 0.087154999375343323 -0
vn 0.81915199756622314 0.57357597351074219 -0
vn 0.42261800169944763 0.90630799531936646 -0
vn -0.087154999375343323 0.99619501829147339 -0
vn -0.57357597351074219 0.81915301084518433 0
vn -0.90630698204040527 0.42261898517608643 0
vn -0.99619501829147339 -0.087154999375343323 0
vn -0.81915199756622314 -0.57357597351074219 0
vn -0.42261698842048645 -0.90630799531936646 0
vn 0.087155997753143311 -0.99619501829147339 -0
vn 0.57357597351074219 -0.81915199756622314 -0
vn 0.90630799531936646 -0.42261800169944763 -0
vn 0.99619501829147339 0.087155997753143311 -0
vn 0.81915199756622314 0.57357597351074219 -0
vn 0.42261800169944763 0.90630799531936646 -0
vn -0.087154999375343323 0.99619501829147339 0
vn -0.57357597351074219 0.81915301084518433 0
vn -0.90630698204040527 0.42261898517608643 0
vn -0.3823229968547821 -0.92402899265289307 0
vn -0.92373001575469971 -0.38304299116134644 0
vn -1 -0 0
vn -1 -0 0
vn 0 -1 0
vn 0 -1 0
vn -0.92373001575469971 -0.38304400444030762 0
vn -0.3823229968547821 -0.92402899265289307 0
vn 0.96592700481414795 9.9999999747524271E-07 0.25881600379943848
vn -9.9999999747524271E-07 1 -9.9999999747524271E-07
vn 0.50000298023223877 0 0.86602401733398438
vn -9.9999999747524271E-07 1 -9.9999999747524271E-07
vn -0.1745389997959137 -0 0.98465001583099365
vn 0 1 -9.9999999747524271E-07
vn -0.70710402727127075 9.9999999747524271E-07 0.70710897445678711
vn 9.9999999747524271E-07 1 -1.9999999949504854E-06
vn -0.96592497825622559 0 0.25882300734519958
vn -7.9999999798019417E-06 1 0
vn -0.96592700481414795 -0 -0.25881499052047729
vn -1.9999999949504854E-06 1 -9.9999999747524271E-07
vn -0.70710700750350952 -0 -0.70710599422454834
vn -9.9999999747524271E-07 1 -9.9999999747524271E-07
vn -0.25881698727607727 -0 -0.96592599153518677
vn -0 1 -9.9999999747524271E-07
vn 0.3411639928817749 -1.9999999949504854E-06 -0.94000399112701416
vn 0 1 -9.9999999747524271E-07
vn 0.86602300405502319 -9.9999999747524271E-07 -0.50000399351119995
vn 3.0000001061125658E-06 1 -3.0000001061125658E-06
vn -0.54992997646331787 0.83300000429153442 0.060729000717401505
vn -0.84889501333236694 -0.3846609890460968 0.36250999569892883
vn -0.084834001958370209 0.98991799354553223 -0.1134290024638176
vn -0.3261210024356842 -0.155690997838974 -0.93241900205612183
vn -0.94318002462387085 0.038270998746156693 0.33007198572158813
vn -0.5493280291557312 0.83354902267456055 0.058611001819372177
vn -0.8491700291633606 -0.38460201025009155 0.36192798614501953
vn -0.084168002009391785 0.98949599266052246 -0.11752799898386002
vn -0.94303202629089355 0.031443998217582703 0.33121299743652344
vn 5.6000000768108293E-05 -6.3999999838415533E-05 1
vn -0.66576802730560303 0.74615901708602905 -1.4000000192027073E-05
vn 0 1 -9.9999997473787516E-06
vn 0 -0.00011100000119768083 1
vn 0 0 1
vn 0 0 1
vn -0.019037999212741852 0.57269299030303955 -0.81954902410507202
vn 0 0.55682200193405151 -0.83063197135925293
vn 0 0 1
vn 0 0 1
vn 0.0093320002779364586 0.50897800922393799 -0.86072897911071777
vn 0 0.51738899946212769 -0.85575002431869507
vn 0.0033400000538676977 0.51967799663543701 -0.85435599088668823
vn 0 0.52265602350234985 -0.85254400968551636
vn 0 0 1
vn 0 0 1
vn -0.026587000116705894 0.55610698461532593 -0.83068501949310303
vn 0 0.53320997953414917 -0.84598302841186523
vn 0 0 1
vn 0 0 1
vn 0.014946999959647655 0.49777901172637939 -0.86717498302459717
vn 0 0.51140898466110229 -0.85933798551559448
vn 0 0 1
vn 0 0 1
vn 0 0 1
vn 0 0 1
vn -0.019037999212741852 0.57269299030303955 -0.81954902410507202
vn 0 0.55682200193405151 -0.83063197135925293
vn 0 0 1
vn 0 0 1
vn 0.0093320002779364586 0.50897800922393799 -0.86072897911071777
vn 0 0.51738899946212769 -0.85575002431869507
vn 0 0 1
vn 0 0 1
vn -0.026587000116705894 0.55610698461532593 -0.83068501949310303
vn 0 0.53320997953414917 -0.84598302841186523
vn 0 0 1
vn 0 0 1
vn 0.014946999959647655 0.49777901172637939 -0.86717498302459717
vn 0 0.51140898466110229 -0.85933798551559448
vn 0 0 1
vn 0.0033400000538676977 0.51967799663543701 -0.85435599088668823
vn 0 0.52265602350234985 -0.85254400968551636
vn 0 0 1
vn -0.99361199140548706 0.11284899711608887 0
vn -0.7606160044670105 0.64920198917388916 0
vn -0.84584498405456543 0.53342902660369873 -6.0000002122251317E-06
vn -0.59720897674560547 -0.8020859956741333 0
vn -0.85027700662612915 -0.52633500099182129 0
vn -0.99361199140548706 0.11284899711608887 0
vn -0.76111400127410889 0.64861899614334106 -1.9999999949504854E-06
vn 0.00011800000356743112 -1.2999999853491317E-05 1
vn -0.59720897674560547 -0.80208498239517212 0
vn -0.85027700662612915 -0.52633500099182129 0
vn -5.6000000768108293E-05 -6.3999999838415533E-05 1
vn 0.66576802730560303 0.74615901708602905 -1.4000000192027073E-05
vn 0 0 1
vn 0 0.55682200193405151 -0.83063197135925293
vn 0 0 1
vn 0 0.51738899946212769 -0.85575002431869507
vn 0 0.52265602350234985 -0.85254400968551636
vn 0 0 1
vn 0 0.53320997953414917 -0.84598302841186523
vn 0 0 1
vn 0 0.51140898466110229 -0.85933798551559448
vn 0 0 1
vn 0 0 1
vn 0.019037999212741852 0.57269299030303955 -0.81954902410507202
vn 0 0 1
vn -0.0093320002779364586 0.50897800922393799 -0.86072897911071777
vn 0 0 1
vn 0.026587000116705894 0.55610698461532593 -0.83068501949310303
vn 0 0 1
vn -0.014946999959647655 0.49777901172637939 -0.86717498302459717
vn 0 0 1
vn -0.0033400000538676977 0.51967799663543701 -0.85435599088668823
vn 0.97336798906326294 -0.22924900054931641 -0
vn 0.80193597078323364 0.59741002321243286 -0
vn 0.84584498405456543 0.53342998027801514 -6.0000002122251317E-06
vn 0.74231499433517456 -0.6700509786605835 -0
vn 0.80249601602554321 0.59665697813034058 -3.0000001061125658E-06
vn -0.00011800000356743112 -1.2999999853491317E-05 1
vn 0.74231499433517456 -0.6700509786605835 -0
vn 0.97336798906326294 -0.22924900054931641 -0
vn 0 -5.6000000768108293E-05 1
vn 0 -0.82604700326919556 0.56360101699829102
vn 0 -0.97813701629638672 0.2079630047082901
vn 0 -0.81741297245025635 0.57605201005935669
vn -0 -0.9121059775352478 0.4099540114402771
vn -1 -0 0
vn 0 -0.61580097675323486 0.78790199756622314
vn 1 -0 -0
vn 1 -0 -0
vn 1 -0 -0
vn 1 -0 -0
vn 1 -0 -0
vn 1 -0 -0
vn -1 -9.9999999747524271E-07 3.9999999899009708E-06
vn -0 0.057167999446392059 0.99836498498916626
vn 1 -0 -0
vn 0 0.00010900000052060932 -1
vn 9.9999999747524271E-07 0.45239600539207458 0.89181697368621826
vn 9.9999999747524271E-07 0.94122797250747681 0.33777099847793579
vn 1 0 -0
vn 0 0.43556898832321167 -0.90015500783920288
vn 1 0 0
vn -0 0.9444810152053833 -0.32856500148773193
vn 1 -0 -0
vn 1 -0 -0
vn 1 0 -0
vn 1 -0 -0
vn 0 -0.70710700750350952 0.70710700750350952
vn 0 -0.70710700750350952 -0.70710700750350952
vn 0 0 1
vn 0 0 -1
vn 1 0 -0
vn 1 0 -0
vn 1 0 0
vn 1 0 -0
vn -0.79142999649047852 -1.9999999949504854E-06 -0.61125898361206055
vn -0.86759597063064575 9.9999999747524271E-07 0.49726900458335876
vn 9.9999999747524271E-07 -1 1.9999999949504854E-06
vn 0.12739700078964233 -1.9999999949504854E-06 -0.99185198545455933
vn 9.9999999747524271E-07 -1 1.9999999949504854E-06
vn 9.9999999747524271E-07 -1 1.9999999949504854E-06
vn 0.96510297060012817 0 -0.26187101006507874
vn 9.9999999747524271E-07 -1 1.9999999949504854E-06
vn 0.38268598914146423 3.0000001061125658E-06 0.923878014087677
vn 0 -1 1.9999999949504854E-06
vn 0 0 -1
vn 0 0 -1
vn 0 0 -1
vn 0 0 -1
vn 0 0 -1
vn 0 0 -1
vn 0 0 -1
vn 0 0 -1
vn 0 0 -1
vn 0 0 -1
vn 0 0 1
vn 0 0 1
vn 0 0 1
vn 0 0 1
vn 0 0 1
vn 0 0 1
vn 0 0 1
vn 0 0 1
vn 0 0 1
vn 0 0 1
vn -0 -0.76120299100875854 0.64851301908493042
vn 0 0.19528700411319733 -0.98074597120285034
vn -0.3568359911441803 0.88890200853347778 -0.28726398944854736
vn 0 0.025243999436497688 -0.99968099594116211
vn -9.9999999747524271E-07 -0.733955979347229 0.67919701337814331
vn -0.24814699590206146 0.92932999134063721 -0.27343800663948059
vn -9.9999999747524271E-07 -0.49011799693107605 0.87165600061416626
vn -0 -0.52440398931503296 0.85146898031234741
vn 0 0.26889398694038391 -0.96316999197006226
vn -0.46760699152946472 0.22870500385761261 0.85383701324462891
vn -0 -0.15977700054645538 -0.98715299367904663
vn -0.3274419903755188 0.20964400470256805 0.92132002115249634
vn -0 -0.24778500199317932 -0.96881502866744995
vn -0.24080300331115723 0.15130500495433807 0.95870798826217651
vn -0 -0.19521400332450867 -0.98076099157333374
vn 0.35683798789978027 0.88890200853347778 -0.28726398944854736
vn 0.24814899265766144 0.92932999134063721 -0.27343800663948059
vn 0.46760699152946472 0.22870500385761261 0.85383701324462891
vn 0.3274419903755188 0.20964400470256805 0.92132002115249634
vn 0 0.1942330002784729 0.98095500469207764
vn 0.24080300331115723 0.15130500495433807 0.95870798826217651
vn 0 0.20412099361419678 0.97894597053527832
vn 9.9999999747524271E-07 0.99139499664306641 -0.13090500235557556
vn 0 0.27873599529266357 0.96036797761917114
vn 0 0.27597901225090027 0.96116399765014648
vn 9.9999999747524271E-07 0.99770700931549072 -0.06767900288105011
vn 0.96763801574707031 -0.237963005900383 0.083958998322486877
vn 0.94790899753570557 -0.31374600529670715 0.055054999887943268
vn 0.98871797323226929 -0.14973099529743195 0.0042150001972913742
vn 0.98062801361083984 -0.10403700172901154 0.1659650057554245
vn 0.049869000911712646 0.9271780252456665 -0.371288001537323
vn 0.84891802072525024 -0.52156400680541992 0.085491999983787537
vn 0.80833500623703003 -0.58366501331329346 0.077001996338367462
vn -0 -0.99895602464675903 0.045689001679420471
vn 0.9995800256729126 -0.028970999643206596 -0
vn 0.96368598937988281 0.26703798770904541 9.9999999747524271E-07
vn 9.9999999747524271E-07 1 -7.9999997979030013E-05
vn 0.83187597990036011 0.55496102571487427 0.00060000002849847078
vn 9.9999999747524271E-07 0.9353020191192627 -0.35385099053382874
vn -0 -0.9999459981918335 -0.010369000025093555
vn -0.81682497262954712 0.57688599824905396 0
vn -0.0022529999259859324 0.99997401237487793 -0.0068180002272129059
vn -0.84533500671386719 0.53280699253082275 -0.0390469990670681
vn 0.81937998533248901 0.5732160210609436 -0.0062629999592900276
vn -0.001973999897018075 0.99816298484802246 -0.060548000037670135
vn 0.84621798992156982 0.53162097930908203 -0.035978998988866806
vn 0 0.98889797925949097 -0.14859899878501892
vn -1 -0 3.0000001061125658E-06
vn 1 0 -3.0000001061125658E-06
vn 1 0 -3.0000001061125658E-06
vn -1 -0 3.9999999899009708E-06
vn 1 -0 -3.9999999899009708E-06
vn 9.9999999747524271E-07 0.89775997400283813 0.44048500061035156
vn 1 0 -3.0000001061125658E-06
vn 1.9999999949504854E-06 0.8986629843711853 0.43863999843597412
vn 1.9999999949504854E-06 0.8986629843711853 0.43863999843597412
vn -1 -0 3.0000001061125658E-06
vn 1 0 -3.0000001061125658E-06
vn 1 0 -3.0000001061125658E-06
vn -1 -0 3.0000001061125658E-06
vn 1 0 -3.0000001061125658E-06
vn -1 -0 3.9999999899009708E-06
vn -1 -0 3.9999999899009708E-06
vn 0 0 -1
vn -3.9999999899009708E-06 -3.9999999899009708E-06 -1
vn 0 0 1
vn 0 0 1
vn 0 -9.9999999747524271E-07 -1
vn 0 0 1
vn -0 -9.9999999747524271E-07 -1
vn 0 0 1
vn 3.0000001061125658E-06 -1.9999999949504854E-06 -1
vn 0 0 1
vn 0 0 -1
vn 0 0 1
vn 0 0 -1
vn 0 0 1
vn 0 0 -1
vn 0 0 1
vn 0 0 -1
vn 0 0 1
vn 0 0 -1
vn 0 0 1
vn 0.81114602088928223 0.5848429799079895 -3.9999999899009708E-06
vn 0 0 -1
vn 0 0 -1
vn 0.97967100143432617 0.2006089985370636 -4.9999998736893758E-06
vn 3.0000001061125658E-06 -0.49999299645423889 0.86602997779846191
vn 9.9999999747524271E-07 -0.49999698996543884 0.86602699756622314
vn 1.9999999949504854E-06 -0.49999600648880005 0.86602801084518433
vn 3.0000001061125658E-06 -0.4999920129776001 0.86602997779846191
vn -1.9999999949504854E-06 0.22070500254631042 -0.97534102201461792
vn -4.9999998736893758E-06 -0.039253998547792435 -0.99922901391983032
vn -3.0000001061125658E-06 -0.039252001792192459 -0.99922901391983032
vn 0 0.22070799767971039 -0.97534000873565674
vn -0.45755401253700256 0.88918197154998779 4.9999998736893758E-06
vn -0.81114602088928223 0.5848429799079895 1.2999999853491317E-05
vn 0 0 -1
vn -0.45755299925804138 0.88918197154998779 1.9999999949504854E-06
vn 0.45755699276924133 0.88918000459671021 -1.9999999949504854E-06
vn 0 1 0
vn -9.9999999747524271E-07 1 -0
vn 0.45755600929260254 0.88918101787567139 -1.9999999949504854E-06
vn -0.97967201471328735 0.20060800015926361 4.9999998736893758E-06
vn 0 0 -1
vn -0.49999400973320007 -0.86602902412414551 1.9999999949504854E-06
vn 0 0 -1
vn 9.9999999747524271E-07 -1 0
vn 0.49999800324440002 -0.86602598428726196 9.9999999747524271E-07
vn 0 0 -1
vn -0.49999499320983887 -0.86602801084518433 1.9999999949504854E-06
vn -0.86602598428726196 -0.49999898672103882 3.0000001061125658E-06
vn -1 0 3.0000001061125658E-06
vn 1 0 -6.0000002122251317E-06
vn 0.86602401733398438 0.50000202655792236 -3.0000001061125658E-06
vn 0 0 -1
vn -3.9999999899009708E-06 -0.50000101327896118 -0.86602497100830078
vn -3.0000001061125658E-06 -0.50000298023223877 -0.86602300405502319
vn 0.49999698996543884 0.86602699756622314 -1.9999999949504854E-06
vn 0 0 -1
vn -0.49999698996543884 0.86602699756622314 1.9999999949504854E-06
vn -0 1 -0
vn 1 -3.0000001061125658E-06 -1.9999999949504854E-06
vn 0.86602401733398438 0.50000202655792236 -3.0000001061125658E-06
vn 0 0 -1
vn -0.86602401733398438 0.50000202655792236 3.0000001061125658E-06
vn -1 -1.9999999949504854E-06 3.0000001061125658E-06
vn 0 0 -1
vn -0.86602401733398438 0.50000202655792236 3.0000001061125658E-06
vn 0.49999600648880005 0.86602801084518433 -1.9999999949504854E-06
vn -0 -1 -0
vn 0.49999499320983887 -0.86602801084518433 -1.9999999949504854E-06
vn 0.86602598428726196 -0.49999800324440002 9.9999999747524271E-07
vn 0.056157000362873077 0.99842202663421631 -1.9999999949504854E-06
vn 0.056168001145124435 0.99842101335525513 -1.9999999949504854E-06
vn 0.55505597591400146 0.83181297779083252 -3.0000001061125658E-06
vn 0.55505400896072388 0.83181500434875488 -3.0000001061125658E-06
vn 0.98376798629760742 -0.17944300174713135 -3.0000001061125658E-06
vn 0.91891199350357056 -0.39446300268173218 -1.9999999949504854E-06
vn 0.91891098022460938 -0.39446499943733215 -1.9999999949504854E-06
vn 0.98376798629760742 -0.17944400012493134 -3.0000001061125658E-06
vn 1 9.9999999747524271E-07 -3.0000001061125658E-06
vn 1 9.9999999747524271E-07 -3.0000001061125658E-06
vn 1 0 -3.0000001061125658E-06
vn 1 0 -3.0000001061125658E-06
vn 0.25881901383399963 -3.0000001061125658E-06 -0.96592599153518677
vn 0.25881600379943848 -3.9999999899009708E-06 -0.96592700481414795
vn 0.64737099409103394 -0.53116101026535034 0.54660701751708984
vn 0.80345600843429565 -0 0.59536397457122803
vn 0.25881600379943848 9.9999999747524271E-07 -0.96592700481414795
vn 0.072343997657299042 -0.92236602306365967 0.37948301434516907
vn 0.25883498787879944 2.8000000384054147E-05 -0.96592098474502563
vn -0.67610400915145874 -0.71474599838256836 0.17894299328327179
vn 0.2588140070438385 -9.0000003183376975E-06 -0.96592700481414795
vn -0.99124401807785034 -0.076608002185821533 0.10755100101232529
vn 0.25881299376487732 -7.9999999798019417E-06 -0.96592700481414795
vn -0.87312299013137817 0.46508398652076721 0.14612700045108795
vn 0.25881698727607727 1.1000000085914508E-05 -0.96592599153518677
vn -0.54425501823425293 0.80555599927902222 0.23423700034618378
vn 0.2588140070438385 -9.9999999747524271E-07 -0.96592700481414795
vn -0.095017999410629272 0.93017500638961792 0.3546069860458374
vn 0.25880399346351624 -1.8000000636675395E-05 -0.96592998504638672
vn 0.35422301292419434 0.80555099248886108 0.47498801350593567
vn 0.25881600379943848 -4.9999998736893758E-06 -0.96592700481414795
vn 0.68308502435684204 0.46509099006652832 0.56310302019119263
vn 0.60533201694488525 -0.52552199363708496 0.59782898426055908
vn 0.77260702848434448 4.9999998736893758E-06 0.63488399982452393
vn 0.034908000379800797 -0.89505499601364136 0.44458600878715515
vn -0.66554898023605347 -0.70074701309204102 0.25690001249313354
vn -0.98126101493835449 -0.085404999554157257 0.17272500693798065
vn -0.86869901418685913 0.45530098676681519 0.19509799778461456
vn -0.54675102233886719 0.7886049747467041 0.28136199712753296
vn -0.10696300119161606 0.91060501337051392 0.39919599890708923
vn 0.3328230082988739 0.78859901428222656 0.51705002784729004
vn 0.65476101636886597 0.4553070068359375 0.60331100225448608
vn 0.79174298048019409 -0.57283300161361694 0.21214500069618225
vn 0.96592700481414795 3.0000001061125658E-06 0.25881499052047729
vn 0.16859400272369385 -0.98465001583099365 0.04517500102519989
vn -0.62155300378799438 -0.76546400785446167 -0.16654199361801147
vn -0.96232700347900391 -0.086250998079776764 -0.2578510046005249
vn -0.83651500940322876 0.50000298023223877 -0.22414100170135498
vn -0.48296299576759338 0.86602598428726196 -0.12940800189971924
vn 0 1 -9.9999999747524271E-07
vn 0.48295900225639343 0.86602801084518433 0.12940500676631927
vn 0.83651500940322876 0.50000399351119995 0.224139004945755
vn -0.86602902412414551 -0 -0.49999499320983887
vn -0.86602902412414551 -9.9999999747524271E-07 -0.49999400973320007
vn 1.9999999949504854E-06 -0 1
vn 3.0000001061125658E-06 -0 1
vn 0.86602699756622314 0 -0.49999600648880005
vn 0.86602699756622314 0 -0.49999698996543884
vn 0 -0.30903100967407227 0.95105201005935669
vn 3.0000001061125658E-06 -0.30901101231575012 0.95105797052383423
vn -0 -1 -1.9999999949504854E-06
vn -0 -1 -1.9999999949504854E-06
vn -0 0.8090130090713501 0.58779001235961914
vn 1.9999999949504854E-06 0.80902200937271118 0.58777797222137451
vn -1.9999999949504854E-06 0.80901199579238892 -0.58779299259185791
vn -1.9999999949504854E-06 0.8090130090713501 -0.58779102563858032
vn -1.9999999949504854E-06 -0.30901899933815002 -0.95105600357055664
vn -1.9999999949504854E-06 -0.30902400612831116 -0.95105397701263428
vn -0.99144500494003296 0.13052700459957123 0
vn -0.90258502960205078 0.4305109977722168 0
vn -0.68835502862930298 -0.72537398338317871 -0
vn -0.87881702184677124 -0.47715899348258972 0
vn -0.99144500494003296 0.13052600622177124 0
vn -0.90258502960205078 0.4305109977722168 0
vn -0.68835502862930298 -0.72537398338317871 -0
vn -0.87881702184677124 -0.47715801000595093 -0
vn -7.0000000960135367E-06 -0 -1
vn 0.93460500240325928 -0.35568699240684509 -1.9999999949504854E-06
vn 0.93546998500823975 0.35340601205825806 -3.9999999899009708E-06
vn -4.9999998736893758E-06 -1.9999999949504854E-06 -1
vn -0.99999797344207764 -0.0012750000460073352 -0.001614999957382679
vn 3.0000001061125658E-06 1.9999999949504854E-06 1
vn -0.93546998500823975 0.35340601205825806 1.9999999949504854E-06
vn 0.99999797344207764 -0.0012740000383928418 -0.0016210000030696392
vn 0 1.9999999949504854E-06 1
vn -1.9999999949504854E-06 -0.39793699979782104 -0.91741299629211426
vn -3.0000001061125658E-06 0.36491098999977112 -0.93104201555252075
vn 0 0.88179302215576172 0.47163599729537964
vn -1.9999999949504854E-06 -0.73014497756958008 -0.6832919716835022
vn 0 0.99690002202987671 0.078681997954845428
vn 0 -1 1.9999999949504854E-06
vn -9.9999999747524271E-07 0.91637700796127319 -0.40031599998474121
vn -1.9999999949504854E-06 0.76272797584533691 -0.64671999216079712
vn 3.0000001061125658E-06 -0.43369200825691223 0.90106099843978882
vn -1.9999999949504854E-06 -3.0000001061125658E-06 -1
vn 3.9999999899009708E-06 0.40161499381065369 0.91580897569656372
vn -0.99999797344207764 -0.0018129999516531825 -0.0011159999994561076
vn -0.99999898672103882 -0.0011279999744147062 -5.2999999752501026E-05
vn 0.99999701976776123 -0.002199999988079071 -0.00071799999568611383
vn 0.99999898672103882 -0.0011060000397264957 -5.8000001445179805E-05
vn -0.99999898672103882 -0.0011060000397264957 -5.0999999075429514E-05
vn -0.99999701976776123 -0.002199999988079071 -0.00071100000059232116
vn 1 -4.9999998736893758E-06 -1.9999999949504854E-06
vn 9.9999999747524271E-07 1 0.00019099999917671084
vn -0 1 -1.9999999949504854E-06
vn 1 0 -3.0000001061125658E-06
vn 9.9999999747524271E-07 1 3.9999999899009708E-06
vn 0.30755499005317688 0.36587300896644592 -0.87837797403335571
vn -3.9999999899009708E-06 -3.0000001061125658E-06 -1
vn 1.9999999949504854E-06 0.93155902624130249 0.36359000205993652
vn -1.9999999949504854E-06 -3.0000001061125658E-06 -1
vn -1.9999999949504854E-06 0.77374297380447388 -0.63349902629852295
vn -6.0000002122251317E-06 -9.9999999747524271E-07 -1
vn 3.9999999899009708E-06 0.40161401033401489 0.91580897569656372
vn -0.83083397150039673 0.55651998519897461 1.9999999949504854E-06
vn 3.9999999899009708E-06 -0.43369200825691223 0.90106099843978882
vn -1 -0 3.0000001061125658E-06
vn -1 -0 3.0000001061125658E-06
vn -1 -9.9999999747524271E-07 3.0000001061125658E-06
vn -1 -0 3.0000001061125658E-06
vn -0.83725601434707642 0.54681098461151123 1.9999999949504854E-06
vn -1.9999999949504854E-06 -3.0000001061125658E-06 -1
vn -1 -0 3.0000001061125658E-06
vn 3.9999999899009708E-06 9.9999999747524271E-07 1
vn -7.0000000960135367E-06 -0 -1
vn -0.93546998500823975 0.35340601205825806 1.9999999949504854E-06
vn -0.93460500240325928 -0.35568699240684509 3.9999999899009708E-06
vn -4.9999998736893758E-06 -4.9999998736893758E-06 -1
vn -1.9999999949504854E-06 -1.9999999949504854E-06 -1
vn 0 3.0000001061125658E-06 1
vn 1.9999999949504854E-06 0.88179302215576172 0.47163599729537964
vn 0 0.99690002202987671 0.078681997954845428
vn -1.9999999949504854E-06 -3.0000001061125658E-06 -1
vn 0.99999797344207764 -0.0018119999440386891 -0.0011220000451430678
vn 0.99999898672103882 -0.0011269999668002129 -5.999999848427251E-05
vn -1 -4.9999998736893758E-06 3.0000001061125658E-06
vn 0 1 0.00018899999849963933
vn -0.79504597187042236 0.23471699655056 -0.55929398536682129
vn -0.30756199359893799 0.36587199568748474 -0.87837499380111694
vn -3.0000001061125658E-06 1 -1.2999999853491317E-05
vn 0 0 -1
vn -0.74697297811508179 -0.66485399007797241 3.9999999899009708E-06
vn -3.9999999899009708E-06 -3.9999999899009708E-06 -1
vn -4.9999998736893758E-06 -3.9999999899009708E-06 -1
vn -4.9999998736893758E-06 0.38260200619697571 -0.92391300201416016
vn -3.9999999899009708E-06 0.38274899125099182 -0.92385202646255493
vn 1 0 -3.0000001061125658E-06
vn -1.9999999949504854E-06 -9.9999999747524271E-07 -1
vn 1 0 -3.0000001061125658E-06
vn -1 -9.9999999747524271E-07 3.9999999899009708E-06
vn -1 -0 3.0000001061125658E-06
vn -1 -0 3.0000001061125658E-06
vn -1 -1.9999999949504854E-06 3.9999999899009708E-06
vn 1 0 -3.0000001061125658E-06
vn -1 -0 3.0000001061125658E-06
vn -1 -0 3.0000001061125658E-06
vn 1 0 -3.0000001061125658E-06
vn 1 -0 -0
vn -1 -9.9999999747524271E-07 3.0000001061125658E-06
vn -1 -0 3.0000001061125658E-06
vn -1 -0 3.0000001061125658E-06
vn 1 0 -0
vn -1 -0 3.0000001061125658E-06
vn 1.9999999949504854E-06 9.9999999747524271E-07 1
vn 0.99995702505111694 -0.0086139999330043793 -0.0034829999785870314
vn 1.9999999949504854E-06 3.9999999899009708E-06 1
vn 3.9999999899009708E-06 1.2000000424450263E-05 1
vn 1 -9.9999999747524271E-07 0
vn 0.9997979998588562 -0.018648000434041023 -0.0075400001369416714
vn 0.99927902221679688 -0.035192999988794327 -0.014229999855160713
vn 0.75304800271987915 -0.60788100957870483 0.25178998708724976
vn 0 -0.92387998104095459 0.38268300890922546
vn 0.77643698453903198 -0.065774001181125641 0.62675297260284424
vn 9.9999999747524271E-07 -0.12739700078964233 0.99185198545455933
vn 0.77811998128890991 0.44414800405502319 0.44414100050926208
vn 1.9999999949504854E-06 0.70710998773574829 0.70710402727127075
vn 0.77811902761459351 0.62811601161956787 -3.9999999899009708E-06
vn 0 1 -3.9999999899009708E-06
vn 0.77811402082443237 0.44415000081062317 -0.44415000081062317
vn 0 0.70710599422454834 -0.7071080207824707
vn 0.77811497449874878 -1.9999999949504854E-06 -0.62812197208404541
vn -1.9999999949504854E-06 -1.9999999949504854E-06 -1
vn 0.77643102407455444 -0.48969700932502747 -0.39667600393295288
vn -3.9999999899009708E-06 -0.79143399000167847 -0.61125397682189941
vn 0.89522498846054077 -0.41169500350952148 0.17052699625492096
vn 0.90409600734710693 -0.35070601105690002 -0.24416400492191315
vn 0.90410000085830688 -0.075337998569011688 0.42062699794769287
vn 0.91536301374435425 0.28470399975776672 0.28470000624656677
vn 0.91536200046539307 0.402631014585495 -3.9999999899009708E-06
vn 0.9153599739074707 0.28470501303672791 -0.28470900654792786
vn 0.91536098718643188 -0 -0.40263500809669495
vn -0.54992997646331787 0.83300000429153442 0.060729000717401505
vn -0.8488919734954834 -0.38465899229049683 0.36251899600028992
vn -0.3261210024356842 -0.15568999946117401 -0.93241900205612183
vn -0.084834001958370209 0.98991799354553223 -0.11343000084161758
vn -0.94317597150802612 0.038272000849246979 0.3300819993019104
vn -0.84916698932647705 -0.38460001349449158 0.36193698644638062
vn -0.54932701587677002 0.83354902267456055 0.058612000197172165
vn -0.084168002009391785 0.98949599266052246 -0.11752899736166
vn -0.94302797317504883 0.031447000801563263 0.3312230110168457
vn -0.54993098974227905 0.83299899101257324 0.06072700023651123
vn -0.8488919734954834 -0.38465899229049683 0.36251801252365112
vn -0.32612299919128418 -0.15568900108337402 -0.93241900205612183
vn -0.084835998713970184 0.98991698026657104 -0.1134369969367981
vn -0.9431769847869873 0.038268998265266418 0.33008098602294922
vn -0.84916698932647705 -0.38460001349449158 0.36193600296974182
vn -0.54933202266693115 0.833545982837677 0.058612998574972153
vn -0.084170997142791748 0.98949599266052246 -0.11753299832344055
vn -0.94302898645401001 0.031447999179363251 0.33122101426124573
vn 0.36956000328063965 -0.65704798698425293 -0.65704900026321411
vn 0.36956200003623962 -0.92920601367950439 1.9999999949504854E-06
vn 1 0 -3.9999999899009708E-06
vn 1 9.9999999747524271E-07 -3.0000001061125658E-06
vn 0.36956599354743958 -0 -0.92920398712158203
vn 1 -0 -3.0000001061125658E-06
vn 0.36955800652503967 0.6570429801940918 -0.65705502033233643
vn 1 -0 -3.0000001061125658E-06
vn 0.36956599354743958 0.92920398712158203 -0
vn 1 -0 -3.9999999899009708E-06
vn 0.36956200003623962 0.65704900026321411 0.65704697370529175
vn 1 0 -3.9999999899009708E-06
vn 0.36957600712776184 -1.9999999949504854E-06 0.92919999361038208
vn 1 0 -3.9999999899009708E-06
vn 0.36956200003623962 -0.65704500675201416 0.65705102682113647
vn 1 0 -3.9999999899009708E-06
vn 0.31586998701095581 -0.67090797424316406 -0.67090201377868652
vn 0.31587401032447815 -0.94880098104476929 -0
vn 0.31587600708007812 -9.9999999747524271E-07 -0.94880098104476929
vn 0.31586998701095581 0.67090302705764771 -0.67090600728988647
vn 0.31587600708007812 0.94880002737045288 -3.0000001061125658E-06
vn 0.31587299704551697 0.67090898752212524 0.67089897394180298
vn 0.31588301062583923 -9.9999999747524271E-07 0.94879800081253052
vn 0.31587600708007812 -0.67090600728988647 0.67090100049972534
vn 3.0000001061125658E-06 -1 3.9999999899009708E-06
vn -1.9999999949504854E-06 -0.70710998773574829 -0.70710402727127075
vn -1 -9.9999999747524271E-07 3.0000001061125658E-06
vn -3.0000001061125658E-06 -1.9999999949504854E-06 -1
vn -1.9999999949504854E-06 0.70710599422454834 -0.7071080207824707
vn 0 1 -9.9999999747524271E-07
vn 6.0000002122251317E-06 0.70710897445678711 0.70710402727127075
vn 9.9999999747524271E-07 0 1
vn 4.9999998736893758E-06 -0.7071080207824707 0.70710498094558716
vn 1 0 -3.9999999899009708E-06
vn -0.17424599826335907 0.93250197172164917 0.31635099649429321
vn -0.16724799573421478 0.69329899549484253 0.7009739875793457
vn 0.1758430004119873 -0.89478802680969238 -0.41040700674057007
vn 0.16356299817562103 -0.64870601892471313 -0.74325400590896606
vn -0.01730399951338768 0.536857008934021 -0.84349602460861206
vn -0.54203897714614868 0.80421900749206543 0.24377299845218658
vn -0.65321701765060425 0.34859800338745117 0.67215102910995483
vn -0.40581798553466797 -0.89062100648880005 -0.20519599318504333
vn -0.25148999691009521 -0.64370697736740112 -0.72276902198791504
vn -0.42424100637435913 0.41929298639297485 -0.80262899398803711
vn -0.90666401386260986 0.11438799649477005 -0.4060479998588562
vn -0.17455799877643585 0.81344401836395264 0.55483198165893555
vn -0.82665801048278809 0.46257400512695312 0.32041001319885254
vn -0.57195097208023071 -0.68015402555465698 -0.45854300260543823
vn -0.13171400129795074 0.80432498455047607 0.5794069766998291
vn 0.15193000435829163 -0.81111901998519897 -0.56480401754379272
vn 0.14460000395774841 -0.82116597890853882 -0.55206602811813354
vn -0.92719799280166626 -0.30788999795913696 -0.21332399547100067
vn -0.98372501134872437 -0.16906200349330902 -0.060844998806715012
vn -0.97982597351074219 -0.19942699372768402 -0.013040999881923199
vn -0.98574197292327881 -0.16181300580501556 -0.046147998422384262
vn -0.97982597351074219 -0.1994280070066452 -0.013042000122368336
vn -0.98094499111175537 0.13728100061416626 0.13748100399971008
vn 0.17455199360847473 -0.81344002485275269 -0.55483901500701904
vn -0.10358200222253799 0.81608700752258301 0.56857097148895264
vn -0.61694401502609253 -0.77799201011657715 -0.11878000199794769
vn -0.9273419976234436 0.24017700552940369 0.28697100281715393
vn 0.019129000604152679 0.94937598705291748 0.31355899572372437
vn 0.95143800973892212 0.28378099203109741 -0.11930400133132935
vn 0.48896598815917969 -0.78541797399520874 -0.37951299548149109
vn -0.57636398077011108 -0.81719297170639038 -0.00085299997590482235
vn -0.89203697443008423 0.28734898567199707 0.34885600209236145
vn 0.052439998835325241 0.97759401798248291 0.20386099815368652
vn 0.91460698843002319 0.34320700168609619 -0.21378099918365479
vn 0.56072801351547241 -0.75130099058151245 -0.34804001450538635
vn -0.59034198522567749 -0.76178598403930664 -0.26679301261901855
vn -0.91055101156234741 0.32662099599838257 0.25340801477432251
vn 0.15031500160694122 0.91450101137161255 0.37562298774719238
vn 0.98413801193237305 0.15900400280952454 -0.078680001199245453
vn 0.50508600473403931 -0.75566798448562622 -0.41695898771286011
vn -0.38984200358390808 -0.89880001544952393 0.20045499503612518
vn -0.38171198964118958 -0.89842599630355835 0.2170879989862442
vn -0.43999201059341431 -0.87149500846862793 0.21657200157642365
vn -0.41725999116897583 -0.8881869912147522 0.19240100681781769
vn -0.43116399645805359 -0.88570201396942139 0.17213200032711029
vn -0.38176900148391724 -0.18678200244903564 -0.90518802404403687
vn -0.63145297765731812 0.040614999830722809 -0.77434998750686646
vn -0.89397299289703369 0.4464850127696991 -0.038260001689195633
vn -0.49581199884414673 0.49302300810813904 0.71491098403930664
vn -0.18769299983978271 0.39609798789024353 0.89881998300552368
vn -0.44199201464653015 -0.85847699642181396 0.26011601090431213
vn -0.43175101280212402 -0.85538202524185181 0.2862040102481842
vn -0.51317101716995239 -0.81032800674438477 0.28288498520851135
vn -0.47864899039268494 -0.84225398302078247 0.24799799919128418
vn -0.49936500191688538 -0.83946400880813599 0.21432299911975861
vn -0.40058499574661255 -0.28347098827362061 -0.87130701541900635
vn -0.62309497594833374 -0.0049290000461041927 -0.78213101625442505
vn -0.85331600904464722 0.51536297798156738 -0.07907799631357193
vn -0.44428101181983948 0.5991700291633606 0.66604000329971313
vn -0.14507700502872467 0.4947969913482666 0.85681301355361938
vn -0.51531100273132324 -0.8089900016784668 0.28282400965690613
vn -0.51487100124359131 -0.8092610239982605 0.2828490138053894
vn -0.51326000690460205 -0.81025302410125732 0.28293800354003906
vn -0.51488697528839111 -0.80925202369689941 0.28284800052642822
vn -0.51531100273132324 -0.8089900016784668 0.28282400965690613
vn -0.40348199009895325 -0.16014799475669861 -0.90086400508880615
vn -0.64739400148391724 0.063872002065181732 -0.7594749927520752
vn -0.85325700044631958 0.51552700996398926 -0.078648000955581665
vn -0.44427201151847839 0.59916597604751587 0.66604900360107422
vn -0.14507000148296356 0.49478998780250549 0.85681802034378052
vn -0.075245998799800873 -0.80482399463653564 0.58872497081756592
vn -0.97447001934051514 0.083966001868247986 0.20822300016880035
vn -0.22675199806690216 -0.3897939920425415 0.89254897832870483
vn 0.0569939985871315 -0.7814139723777771 0.62140500545501709
vn -0.96316099166870117 -0.2274709939956665 -0.1434520035982132
vn -0.54218500852584839 -0.44437000155448914 -0.71314102411270142
vn -0.97901302576065063 -0.087876997888088226 -0.18388000130653381
vn 0.22278499603271484 -0.97370201349258423 -0.047660000622272491
vn 0.58498799800872803 -0.31858101487159729 0.74585199356079102
vn -0.73837602138519287 0.66468900442123413 0.11397299915552139
vn 0.20146399736404419 0.065112002193927765 0.97732901573181152
vn 0.62296301126480103 -0.36921700835227966 0.68963497877120972
vn -0.75180798768997192 0.56088697910308838 -0.34668499231338501
vn -0.21520200371742249 -0.05237400159239769 -0.97516399621963501
vn -0.7454950213432312 0.5557439923286438 -0.36794799566268921
vn 0.71397000551223755 -0.67312502861022949 -0.19274300336837769
vn -0.45347601175308228 0.22159300744533539 -0.86328202486038208
vn -0.23697400093078613 0.83767300844192505 0.49208500981330872
vn 0.4202289879322052 -0.13801699876785278 0.89686101675033569
vn 0.39153799414634705 -0.88196498155593872 -0.26236400008201599
vn -0.3832089900970459 -0.034545000642538071 -0.92301499843597412
vn -0.38702800869941711 0.88430500030517578 0.26117900013923645
vn 0.46614500880241394 -0.30972200632095337 0.82872200012207031
vn 0.2936210036277771 -0.85854798555374146 -0.42033699154853821
vn -0.041981998831033707 -0.76725298166275024 0.63996899127960205
vn -0.97041797637939453 -0.23031100630760193 -0.072423003613948822
vn -0.96029400825500488 0.10190299898386002 0.25971499085426331
vn -0.17441299557685852 -0.33374199271202087 0.92638897895812988
vn 0.092009998857975006 -0.74264997243881226 0.66332799196243286
vn -0.98834401369094849 -0.093345999717712402 -0.12025699764490128
vn 0.21758699417114258 -0.97604000568389893 -0.0014070000033825636
vn -0.58428597450256348 -0.48368498682975769 -0.65165799856185913
vn -0.76982498168945312 0.54309201240539551 -0.33529099822044373
vn -0.72898799180984497 0.67451798915863037 0.11662700027227402
vn 0.25898599624633789 0.12304600328207016 0.95801198482513428
vn 0.62737101316452026 -0.27610999345779419 0.72812700271606445
vn -0.76480001211166382 0.53661799430847168 -0.35654100775718689
vn 0.66185897588729858 -0.3302760124206543 0.67294901609420776
vn 0.69995301961898804 -0.68757200241088867 -0.19315899908542633
vn -0.27255600690841675 -0.1101360023021698 -0.95581597089767456
vn -0.14167900383472443 -0.71717798709869385 0.68233597278594971
vn -0.96684199571609497 -0.19939200580120087 -0.15956300497055054
vn -0.97664397954940796 0.15527899563312531 0.14850799739360809
vn -0.2839449942111969 -0.25964400172233582 0.92301702499389648
vn -0.0098770000040531158 -0.69586002826690674 0.71810901165008545
vn -0.97369402647018433 -0.065654002130031586 -0.21819800138473511
vn 0.173567995429039 -0.98089402914047241 0.087867997586727142
vn -0.53423601388931274 -0.50768202543258667 -0.67590802907943726
vn -0.70638000965118408 0.54526799917221069 -0.45134299993515015
vn -0.7068830132484436 0.70728999376296997 -0.0076040001586079597
vn 0.1634490042924881 0.1821260005235672 0.96959501504898071
vn 0.53581899404525757 -0.24570399522781372 0.80779200792312622
vn -0.6994670033454895 0.53710997104644775 -0.47144401073455811
vn 0.57343500852584839 -0.30491200089454651 0.76039499044418335
vn 0.68538200855255127 -0.72475802898406982 -0.070555999875068665
vn -0.17658300697803497 -0.16859999299049377 -0.96973800659179688
vn 0.17284600436687469 0.94718301296234131 0.27012801170349121
vn 0.16725000739097595 0.69329899549484253 0.7009739875793457
vn -0.20398800075054169 -0.88679999113082886 -0.41469898819923401
vn -0.23875899612903595 -0.57248902320861816 -0.78437900543212891
vn -0.077205002307891846 0.35051700472831726 -0.933368980884552
vn 0.53729802370071411 0.80867898464202881 0.23947800695896149
vn 0.65321797132492065 0.34859699010848999 0.67215001583099365
vn 0.40581899881362915 -0.89062100648880005 -0.20519599318504333
vn 0.21774899959564209 -0.63338601589202881 -0.74256902933120728
vn 0.38703298568725586 0.42077401280403137 -0.82046002149581909
vn 0.90666401386260986 0.11439000070095062 -0.4060479998588562
vn 0.17455899715423584 0.81344401836395264 0.55483102798461914
vn 0.82665801048278809 0.46257400512695312 0.32040899991989136
vn 0.57194799184799194 -0.68015599250793457 -0.45854499936103821
vn 0.099485002458095551 0.81582397222518921 0.56967902183532715
vn -0.13681699335575104 -0.81768798828125 -0.55916702747344971
vn -0.13753899931907654 -0.81771200895309448 -0.55895501375198364
vn 0.92633199691772461 -0.31503099203109741 -0.20655499398708344
vn 0.98341798782348633 -0.17281800508499146 -0.054985001683235168
vn 0.98547697067260742 -0.16352100670337677 -0.045782998204231262
vn 0.98005902767181396 0.13104499876499176 0.14936999976634979
vn -0.17455199360847473 -0.81344002485275269 -0.55483901500701904
vn 0.10358200222253799 0.81608802080154419 0.56856900453567505
vn 0.88958597183227539 -0.45673298835754395 0.0057160002179443836
vn 0.091659002006053925 0.93162000179290771 0.35168701410293579
vn -0.71816301345825195 -0.60143500566482544 -0.3500249981880188
vn 0.88549500703811646 -0.4539409875869751 0.099175997078418732
vn 0.01604899950325489 0.96649700403213501 0.25617599487304688
vn -0.79442000389099121 -0.51082199811935425 -0.32856899499893188
vn 0.87950998544692993 -0.46634599566459656 -0.09478200227022171
vn 0.030443999916315079 0.91785901784896851 0.39573800563812256
vn -0.66800397634506226 -0.63792598247528076 -0.38317200541496277
vn 0.48801800608634949 -0.085093997418880463 -0.86867600679397583
vn 0.85919702053070068 0.29394799470901489 -0.4187769889831543
vn 0.5830879807472229 0.51007002592086792 0.63232702016830444
vn 0.1875700056552887 0.39590799808502197 0.89892899990081787
vn 0.53803902864456177 -0.1046219989657402 -0.83640199899673462
vn 0.87008798122406006 0.24985800683498383 -0.42487400770187378
vn 0.59296101331710815 0.50143802165985107 0.63004499673843384
vn 0.18769299983978271 0.39609798789024353 0.89881998300552368
vn 0.48344400525093079 -0.16631700098514557 -0.85943001508712769
vn 0.83464699983596802 0.33025500178337097 -0.44079101085662842
vn 0.51715797185897827 0.6136239767074585 0.59666800498962402
vn 0.14496800303459167 0.49460899829864502 0.85693997144699097
vn 0.55620598793029785 -0.1855120062828064 -0.81007397174835205
vn 0.84568101167678833 0.26040700078010559 -0.46584600210189819
vn 0.53627699613571167 0.6104390025138855 0.58289897441864014
vn 0.14507700502872467 0.4947969913482666 0.85681301355361938
vn 0.52711397409439087 -0.04416000097990036 -0.84864598512649536
vn 0.83903002738952637 0.3821290135383606 -0.38730600476264954
vn 0.49988898634910583 0.61065500974655151 0.61417502164840698
vn 0.14497099816799164 0.494610995054245 0.85693901777267456
vn 0.537742018699646 -0.045653998851776123 -0.84187197685241699
vn 0.82600998878479004 0.3485180139541626 -0.44299298524856567
vn 0.52142399549484253 0.61939197778701782 0.58691602945327759
vn 0.14507000148296356 0.49478998780250549 0.85681802034378052
vn 0.96280801296234131 0.071873001754283905 0.26045200228691101
vn 0.26906099915504456 -0.36318099498748779 0.89202302694320679
vn -0.034207001328468323 -0.82404202222824097 0.56549501419067383
vn 0.9611780047416687 -0.16777199506759644 -0.21906700730323792
vn 0.57479101419448853 -0.40700799226760864 -0.70990097522735596
vn -0.2443619966506958 -0.96967798471450806 0.003410999896004796
vn 0.721405029296875 0.66768699884414673 0.18376399576663971
vn -0.15264199674129486 0.10769599676132202 0.98239600658416748
vn -0.64667099714279175 -0.39744499325752258 0.65104001760482788
vn 0.73179000616073608 0.52609199285507202 -0.43325498700141907
vn 0.25480800867080688 -0.016583999618887901 -0.96684902906417847
vn -0.72918897867202759 -0.67127698659896851 -0.13292999565601349
vn 0.97278302907943726 -0.17531900107860565 -0.15151399374008179
vn 0.94559001922607422 0.09292999655008316 0.31180500984191895
vn 0.21662700176239014 -0.30697199702262878 0.92673701047897339
vn -0.065875999629497528 -0.78845697641372681 0.61155200004577637
vn -0.24215400218963623 -0.96905100345611572 0.047968000173568726
vn 0.61656701564788818 -0.44601300358772278 -0.64878201484680176
vn 0.75503098964691162 0.50300097465515137 -0.42061600089073181
vn 0.70791900157928467 0.68163800239562988 0.18498499691486359
vn -0.21063800156116486 0.16613499820232391 0.96334397792816162
vn -0.68319398164749146 -0.36091598868370056 0.63481098413467407
vn -0.71868497133255005 -0.68219101428985596 -0.13456499576568604
vn 0.31152498722076416 -0.073683001101016998 -0.94737702608108521
vn 0.95858502388000488 -0.15017500519752502 -0.24199500679969788
vn 0.96782600879669189 0.14954499900341034 0.20235699415206909
vn 0.32475599646568298 -0.23139399290084839 0.91705501079559326
vn 0.032487999647855759 -0.7442929744720459 0.66706198453903198
vn -0.19316700100898743 -0.97127097845077515 0.13899099826812744
vn 0.56495702266693115 -0.46874898672103882 -0.67904198169708252
vn 0.68459200859069824 0.49863401055335999 -0.53169399499893188
vn 0.6927189826965332 0.7185400128364563 0.061974000185728073
vn -0.11674100160598755 0.22722500562667847 0.96682000160217285
vn -0.59724199771881104 -0.33898100256919861 0.72690701484680176
vn -0.69815999269485474 -0.71586102247238159 -0.01080199982970953
vn 0.21458099782466888 -0.13023699820041656 -0.96798402070999146
vn -0.4680120050907135 -0.65153300762176514 -0.5970500111579895
vn -0.003590000094845891 -0.70823997259140015 -0.70596301555633545
vn -0.0035959999077022076 -0.70823901891708374 0.70596301555633545
vn -0.46801400184631348 -0.65153300762176514 0.59704899787902832
vn 0.0013129999861121178 0.70668399333953857 0.70752799510955811
vn 0.0013210000470280647 0.70668798685073853 -0.70752400159835815
vn -0.46594399213790894 0.65342700481414795 -0.59659802913665771
vn -0.46594798564910889 0.653423011302948 0.59659898281097412
vn -0.76761001348495483 0 0.64091700315475464
vn -0.76760601997375488 9.9999999747524271E-07 -0.64092200994491577
vn 0 -0.70710700750350952 0.70710700750350952
vn 0 -0.70710700750350952 -0.70710700750350952
vn 0 0 -1
vn 0 0 1
vn 1 0 -0
vn 1 0 -0
vn 1 0 -0
vn 1 0 -0
vn -0.59780901670455933 0.63804501295089722 0.4853070080280304
vn -0.51224499940872192 0.83950400352478027 0.18121400475502014
vn 0 0.91624802350997925 0.4006119966506958
vn -0.30150198936462402 0.95223701000213623 -0.048397000879049301
vn -0.0045529999770224094 0.99608999490737915 -0.088232003152370453
vn -0.52988898754119873 0.73705697059631348 0.41948199272155762
vn -0.01422400027513504 0.85935598611831665 0.51117998361587524
vn -0.50665897130966187 0.77330201864242554 0.3811819851398468
vn 0.0076259998604655266 0.89432501792907715 0.44735199213027954
vn -0.44579198956489563 0.74257898330688477 0.4998449981212616
vn -0 0.83513897657394409 0.55003899335861206
vn -0.39850199222564697 0.70627897977828979 0.58512002229690552
vn 0 0.77742099761962891 0.62898099422454834
vn -0.6987379789352417 0.55015099048614502 0.45727398991584778
vn -0.93109399080276489 0.02322000078856945 0.36403998732566833
vn -0.9981200098991394 -0.042454998940229416 -0.044199999421834946
vn -0.95586401224136353 0.2688089907169342 -0.11859600245952606
vn -0.72969001531600952 0.62891501188278198 0.26836198568344116
vn -0.82902997732162476 0.5149499773979187 0.21802599728107452
vn -0.84319299459457397 0.4701400101184845 0.2607559859752655
vn -0.84538298845291138 0.42280301451683044 0.32644400000572205
vn -0.9309769868850708 0.28121998906135559 0.23280400037765503
vn -0.97929900884628296 -0.17415599524974823 -0.1031619980931282
vn -0.90526998043060303 0.36460599303245544 0.21805700659751892
vn -0.93644702434539795 0.14567099511623383 -0.31913399696350098
vn -0.89946800470352173 -0.31801301240921021 0.29970699548721313
vn -0.91412800550460815 -0.16280899941921234 0.37129798531532288
vn -0.96624898910522461 0.014959000051021576 0.25717499852180481
vn -0.3308970034122467 -0.79513901472091675 -0.50819402933120728
vn -0.71279299259185791 -0.55422800779342651 -0.42983299493789673
vn -0.95914101600646973 0.27224099636077881 0.077030003070831299
vn -0.89060002565383911 -0.42754998803138733 -0.155022993683815
vn -0.76804399490356445 0.64039802551269531 -0.00017499999376013875
vn -0.97070497274398804 0.16918200254440308 -0.17061400413513184
vn -0.99709600210189819 -0.062917999923229218 -0.042904999107122421
vn -0.88910502195358276 -0.14799000322818756 -0.43311798572540283
vn -0.97409898042678833 0.21770399808883667 -0.06111999973654747
vn -0.96401697397232056 -0.19812500476837158 -0.1772489994764328
vn -0.99499297142028809 -0.032370999455451965 -0.094561003148555756
vn -0.8777499794960022 0.42185100913047791 0.22714799642562866
vn -0.91827797889709473 0.22034899890422821 -0.3289560079574585
vn -0.95790797472000122 0.28692701458930969 0.0092049995437264442
vn -0.93734502792358398 0.33158400654792786 -0.10694000124931335
vn -0.89042401313781738 -0.40772700309753418 -0.20224800705909729
vn -0.81872999668121338 0.01565299928188324 -0.57396602630615234
vn -0.49145498871803284 0.58376997709274292 -0.64628499746322632
vn -9.9999999747524271E-07 0.97917801141738892 0.20300400257110596
vn -0.72183799743652344 0.24907700717449188 -0.64568698406219482
vn -0.75258898735046387 0.054405998438596725 -0.65623897314071655
vn 0 0 -1
vn -0.7318350076675415 0.17255499958992004 -0.65927499532699585
vn -0.70009398460388184 -0.7031480073928833 -0.12430399656295776
vn -0.90796500444412231 0.25050601363182068 -0.33592599630355835
vn -0.94294697046279907 -0.21956899762153625 -0.25028100609779358
vn -0.9283679723739624 0.37119600176811218 0.018631000071763992
vn -0.86451297998428345 -0.41394001245498657 -0.28508201241493225
vn -0.76251399517059326 -0.62155801057815552 -0.17955000698566437
vn -0.57042598724365234 -0.80332398414611816 -0.17113000154495239
vn -0.90685898065567017 -0.09106600284576416 0.41147801280021667
vn -0.78371602296829224 -0.5993959903717041 -0.16282999515533447
vn -0.54522699117660522 -0.74905401468276978 -0.37635698914527893
vn -0.73438900709152222 -0.63212102651596069 0.24717499315738678
vn -0.44725498557090759 -0.7847599983215332 -0.42908599972724915
vn 0.035167999565601349 -0.77790302038192749 -0.6273999810218811
vn -0.4451490044593811 -0.55020099878311157 -0.70648497343063354
vn -0.50030899047851562 -0.86574399471282959 0.013358999975025654
vn 0.20351199805736542 -0.54984301328659058 -0.81009602546691895
vn -0.41895300149917603 -0.90393197536468506 -0.085940003395080566
vn -0.19400900602340698 -0.97680699825286865 0.090597003698348999
vn 0.99211001396179199 -0.10655099898576736 -0.066058002412319183
vn 0.9965590238571167 -0.082858003675937653 -0.0023310000542551279
vn -0.69363802671432495 -0.71801602840423584 0.057613000273704529
vn -0.55650001764297485 -0.8300049901008606 0.037399999797344208
vn -0.58480197191238403 -0.80938702821731567 0.053847000002861023
vn -0.74674898386001587 -0.66459500789642334 0.026071999222040176
vn -0.90331000089645386 -0.4248499870300293 -0.059448998421430588
vn -0 -0.9998440146446228 0.017650000751018524
vn 0 -0.93763202428817749 -0.34762901067733765
vn -0.69652998447418213 -0.61342400312423706 0.37223199009895325
vn 0 0.40119600296020508 0.91599202156066895
vn -0.44679000973701477 -0.76523202657699585 -0.46346399188041687
vn -0.59299302101135254 -0.50042599439620972 -0.63081997632980347
vn -0.78148597478866577 -0.35742101073265076 -0.51139998435974121
vn -0.65321898460388184 -0.48664599657058716 0.58006900548934937
vn 0.019995000213384628 -0.82764697074890137 0.56089299917221069
vn 0.075116999447345734 -0.8811420202255249 0.4668470025062561
vn -0 0.99712002277374268 0.075833998620510101
vn -0.84346002340316772 0.51149499416351318 0.16415800154209137
vn -0.77209699153900146 0.57243400812149048 0.2760159969329834
vn -0.72070497274398804 0.66010099649429321 0.21178199350833893
vn -0.77245402336120605 -0.4783560037612915 0.41772100329399109
vn -0.81256002187728882 0.57828301191329956 0.073049001395702362
vn 0 0.99654501676559448 -0.083052001893520355
vn -0.64304298162460327 0.45752599835395813 0.61413902044296265
vn -0.72821402549743652 0.10062500089406967 0.67792201042175293
vn -0.46377798914909363 -0.62243801355361938 0.63046097755432129
vn -0.80800402164459229 -0.33028098940849304 0.48789799213409424
vn -0 0.95662999153137207 0.2913070023059845
vn -0.93599200248718262 -0.032242000102996826 0.35054099559783936
vn -0.68717497587203979 -0.68915301561355591 0.22990900278091431
vn -0.88600301742553711 0.39126700162887573 0.24881400167942047
vn 0.048673000186681747 0.96261197328567505 0.26647499203681946
vn -0.79559999704360962 0.41195398569107056 0.44420000910758972
vn -0.60948902368545532 0.78759002685546875 0.090690001845359802
vn -0 0.98900902271270752 -0.14785300195217133
vn -0.74140298366546631 0.65327602624893188 0.15346899628639221
vn -0.67012900114059448 0.71108698844909668 0.21279799938201904
vn -0.79462897777557373 -0.14805799722671509 0.58876502513885498
vn -0.89855200052261353 0.199972003698349 0.39065998792648315
vn -0.0013340000296011567 -0.0016270000487565994 -0.99999797344207764
vn -0.26451900601387024 0.95303201675415039 -0.14751100540161133
vn -0.76786398887634277 0.60051500797271729 0.22308500111103058
vn -0.64310002326965332 0.45070099830627441 0.61910498142242432
vn -0.86553901433944702 0.3823229968547821 0.32352900505065918
vn -0.82783198356628418 0.50763797760009766 0.23874400556087494
vn -0.85794198513031006 -0.51371699571609497 -0.0054939999245107174
vn 0 -0.9428669810295105 -0.33316999673843384
vn 1.9999999949504854E-06 1.9999999949504854E-06 -1
vn -0.96963399648666382 0.19721600413322449 0.1446249932050705
vn -0.87143898010253906 -0.16765600442886353 -0.46096101403236389
vn -0.39153999090194702 0.65282398462295532 -0.64847302436828613
vn -0.73167097568511963 0.37023800611495972 -0.57234597206115723
vn -0.8996880054473877 -0.030837999656796455 -0.43544399738311768
vn -0.82639497518539429 0.19749799370765686 -0.52731901407241821
vn -0.86116302013397217 -0.50829398632049561 0.0059170001186430454
vn -0.56320202350616455 -0.82616198062896729 0.016095999628305435
vn -0.98967099189758301 -0.085776001214981079 -0.11486700177192688
vn -0.92442399263381958 0.35439598560333252 0.14086499810218811
vn -0.8763890266418457 0.26566100120544434 0.40170601010322571
vn -0.70472002029418945 0.50886702537536621 0.49439200758934021
vn -0.86919200420379639 0.40105599164962769 0.28924098610877991
vn -0.75348901748657227 0.49435698986053467 0.43343299627304077
vn -0.92663699388504028 0.35612499713897705 0.12049400061368942
vn -0.8708990216255188 0.33459898829460144 0.35996899008750916
vn -0.70542997121810913 0.52089899778366089 0.48065900802612305
vn -0.8848869800567627 0.38678500056266785 0.2595599889755249
vn -0.79942899942398071 0.51589399576187134 0.30784299969673157
vn -0.56794899702072144 0.65147000551223755 -0.50301200151443481
vn -0.79358100891113281 0.40946200489997864 -0.45007801055908203
vn -0.88087600469589233 -0.025315999984741211 -0.47266900539398193
vn -0.83872699737548828 0.20748099684715271 -0.50347799062728882
vn -0.84892702102661133 -0.52849799394607544 -0.0036009999457746744
vn -0.57401198148727417 -0.81863301992416382 -0.018711000680923462
vn -0.98585802316665649 -0.079694002866744995 -0.14741900563240051
vn -0.68416702747344971 0.27417299151420593 -0.67582899332046509
vn -0.29470399022102356 0.8505290150642395 -0.43560400605201721
vn -0.61280900239944458 0.41492098569869995 -0.67253702878952026
vn -0.80344700813293457 0.1751679927110672 -0.56902498006820679
vn -0.88221597671508789 -0.078688003122806549 -0.46422401070594788
vn -0.81147098541259766 0.28218701481819153 -0.51174801588058472
vn -0.80773001909255981 0.56630599498748779 0.16391900181770325
vn -0.68389898538589478 0.64608597755432129 0.3389039933681488
vn -0.65873998403549194 0.53112298250198364 0.53288799524307251
vn -0.69325602054595947 0.36497798562049866 0.62143898010253906
vn -0.9274749755859375 0.1778939962387085 0.32885199785232544
vn -0.71700400114059448 0.30168598890304565 0.62840402126312256
vn -0.76832801103591919 0.57457202672958374 0.28202599287033081
vn -0.76239901781082153 0.52152097225189209 0.38309699296951294
vn -0.83274298906326294 0.52778899669647217 0.16726699471473694
vn -0.75605398416519165 0.12518100440502167 -0.6424260139465332
vn -0.96218401193618774 0.2718299925327301 -0.017591999843716621
vn -0.99478000402450562 0.080185003578662872 -0.063114002346992493
vn -0.99731302261352539 0.060586001724004745 0.041193000972270966
vn -0.91003698110580444 0.41239801049232483 0.041965998709201813
vn -0.98801100254058838 0.11792799830436707 -0.099637001752853394
vn -0.98796999454498291 0.11806599795818329 0.099875003099441528
vn -0.99880599975585938 0.037225998938083649 0.03163599967956543
vn -0.96907299757003784 -0.23921599984169006 -0.060609001666307449
vn -0.90083998441696167 0.41806098818778992 -0.11709699779748917
vn -0.67232102155685425 0.71357601881027222 -0.19696199893951416
vn -0.91041898727416992 -0.021631000563502312 -0.41312199831008911
vn -0.99799597263336182 -0.026829000562429428 -0.057301998138427734
vn -0.95265501737594604 -0.17987599968910217 -0.24513800442218781
vn -0.94475597143173218 0.31570300459861755 -0.088132999837398529
vn -0.77751302719116211 0.077343001961708069 -0.62409299612045288
vn -0.78512197732925415 -0.066068999469280243 -0.61580699682235718
vn -0.75155001878738403 0.59556800127029419 -0.2836729884147644
vn -0.82507097721099854 0.30498498678207397 -0.47564798593521118
vn -0.73633301258087158 0.56476998329162598 -0.37262299656867981
vn -0.89940899610519409 0.36959600448608398 -0.23337000608444214
vn -0.66031497716903687 0.4970720112323761 -0.5629420280456543
vn -0.8359299898147583 0.48523101210594177 -0.25646001100540161
vn -0.70602399110794067 0.38774898648262024 -0.59260398149490356
vn -0.86822402477264404 0.46777099370956421 -0.16546399891376495
vn -0.78918397426605225 0.48497501015663147 -0.37681299448013306
vn -0.86120098829269409 0.30650898814201355 -0.40544500946998596
vn -0.64244198799133301 0.68534702062606812 -0.34288200736045837
vn -0.71646201610565186 0.57094401121139526 -0.40087899565696716
vn -0.94916397333145142 -0.13477499783039093 -0.28447198867797852
vn -0.94192099571228027 -0.27520400285720825 -0.19247899949550629
vn -0.98379099369049072 -0.13243499398231506 -0.12089399993419647
vn -0.98686999082565308 -0.019737999886274338 -0.16030900180339813
vn -0.72275501489639282 0.67722898721694946 -0.13779400289058685
vn -0.95346498489379883 0.087026000022888184 -0.28867000341415405
vn -0.95503300428390503 0.28409299254417419 0.084867998957633972
vn -0.79825699329376221 0.5752750039100647 0.17845100164413452
vn -0.89097702503204346 -0.42685100436210632 0.15478299558162689
vn -0.93634897470474243 0.33632200956344604 0.10068999975919724
vn 0 0.80429601669311523 -0.59422802925109863
vn 0 0.99688899517059326 -0.078818999230861664
vn 0 0.97388201951980591 -0.22705399990081787
vn 0 0.99991798400878906 0.012779000215232372
vn -0 0.98925900459289551 -0.1461700052022934
vn -0 0.81740999221801758 -0.57605600357055664
vn -0 0.99975401163101196 0.022173000499606133
vn -0.41365700960159302 0.85743898153305054 0.30608201026916504
vn -0.70762902498245239 0.70654100179672241 -0.0077909999527037144
vn -0.85541301965713501 0.49818998575210571 -0.1416890025138855
vn -0.90488100051879883 -0.11930699646472931 -0.40860199928283691
vn -0.96720200777053833 -0.24849499762058258 0.052627000957727432
vn -0.52824097871780396 0.84725898504257202 -0.055803999304771423
vn -0.96100598573684692 0.18628799915313721 -0.20436100661754608
vn -0.66542798280715942 0.50216299295425415 -0.5523030161857605
vn -0.81419402360916138 0.2011760026216507 -0.54462498426437378
vn -0.85477101802825928 -0.057479999959468842 -0.5158119797706604
vn -0.80727297067642212 0.46862199902534485 -0.35875299572944641
vn -0.80165398120880127 0.57391202449798584 0.16725899279117584
vn -0.7287060022354126 0.61423397064208984 0.30282598733901978
vn -0.69450998306274414 0.61727297306060791 0.36963498592376709
vn -0.69659799337387085 0.48630699515342712 0.52750098705291748
vn -0.92781198024749756 0.046624999493360519 0.37012401223182678
vn -0.66780197620391846 0.4826970100402832 -0.5666080117225647
vn -0.57586902379989624 0.78293502330780029 -0.23534500598907471
vn -0.93178600072860718 0.34478801488876343 -0.11356200277805328
vn -0.74910497665405273 -0.65609598159790039 -0.091544002294540405
vn -0.65204900503158569 -0.73657602071762085 -0.17968900501728058
vn -0.65771502256393433 -0.75302702188491821 0.019013000652194023
vn -0.80611300468444824 -0.56508100032806396 0.17568300664424896
vn -0.87055200338363647 -0.39950999617576599 0.28728300333023071
vn -0.89694398641586304 0.19207300245761871 0.39824500679969788
vn -0.92238801717758179 0.22771899402141571 0.31200098991394043
vn -0.91762101650238037 -0.30262100696563721 0.25766900181770325
vn -0.97236800193786621 0.23172800242900848 -0.028325000777840614
vn -0.98011398315429688 -0.18690299987792969 -0.066656999289989471
vn -0.97955399751663208 -0.1669829934835434 0.11220499873161316
vn -0.90932697057723999 0.19682900607585907 -0.36658298969268799
vn -0.92957299947738647 -0.3207089900970459 0.18176500499248505
vn -0.79976701736450195 -0.48587799072265625 0.35255399346351624
vn -0.82329297065734863 -0.55850797891616821 -0.10127399861812592
vn -0.6786230206489563 -0.72593599557876587 -0.11174800246953964
vn -0.6977199912071228 -0.65969401597976685 -0.2792690098285675
vn -0.77462500333786011 -0.63209700584411621 0.020246999338269234
vn -0.8090900182723999 -0.55045002698898315 0.20586100220680237
vn -0.87215197086334229 -0.43838301301002502 0.21719099581241608
vn -0.90292102098464966 -0.17286700010299683 0.39350900053977966
vn -0.92804497480392456 -0.069724000990390778 0.3658829927444458
vn -0.98788702487945557 -0.094673998653888702 0.12294500321149826
vn -0.96419000625610352 -0.17600500583648682 0.19839400053024292
vn -0.82512402534484863 0.47481599450111389 0.30613699555397034
vn -0.95572000741958618 0.22482199966907501 0.18988199532032013
vn -0.89002102613449097 -0.43050500750541687 -0.15009599924087524
vn -0.26324701309204102 -0.86315798759460449 -0.43088200688362122
vn -0.64691102504730225 -0.75721299648284912 -0.090187996625900269
vn -0.88377302885055542 0.46633699536323547 -0.038405999541282654
vn -0.92268198728561401 0.37837100028991699 -0.074118003249168396
vn -0.96213901042938232 0.27164098620414734 0.022337000817060471
vn -0.98933899402618408 0.14169099926948547 0.033649999648332596
vn -0.99843698740005493 -0.015704000368714333 0.053631998598575592
vn -0.98219400644302368 -0.063826002180576324 0.17669700086116791
vn -0.92776197195053101 -0.2274090051651001 0.29587700963020325
vn -0.82394498586654663 -0.45930999517440796 0.33188700675964355
vn -9.9999999747524271E-07 -0.00020399999630171806 -1
vn 0.43584001064300537 -0.44036400318145752 -0.78493499755859375
vn 0.78866100311279297 -0.55980700254440308 -0.2542249858379364
vn 0.72915798425674438 -0.55466502904891968 -0.40084299445152283
vn 0.94012397527694702 -0.34083399176597595 0
vn 0.29043298959732056 0.85396397113800049 -0.43173301219940186
vn 0.00022099999478086829 0.0001939999929163605 -1
vn -0.055716998875141144 -0.99450898170471191 -0.088583000004291534
vn -0.33560100197792053 -0.80282801389694214 -0.49278700351715088
vn -0.94494199752807617 0.073193997144699097 0.31894800066947937
vn -0.99231100082397461 0.075846001505851746 0.097805999219417572
vn -0.7860100269317627 0.55368101596832275 -0.27500200271606445
vn -0.96660500764846802 0.25368198752403259 -0.036327000707387924
vn -0.97149002552032471 0.22594000399112701 0.071818001568317413
vn -0.84759199619293213 0.414683997631073 -0.33109700679779053
vn -0.53443300724029541 0.83085900545120239 0.15509499609470367
vn -0.70132499933242798 0.68943601846694946 -0.1811629980802536
vn -0.59435802698135376 0.75846099853515625 0.26734998822212219
vn -0.97264701128005981 0.15847000479698181 0.16983699798583984
vn -0.94004201889038086 0.21060000360012054 0.26826900243759155
vn -0.99642300605773926 0.052009999752044678 -0.066607996821403503
vn -0.95804500579833984 0.13305599987506866 0.25386199355125427
vn -0.95778399705886841 -0.23681999742984772 -0.16299299895763397
vn -0.95078802108764648 0.27689498662948608 -0.13903799653053284
vn -0.97470700740814209 -0.071451999247074127 -0.21175800263881683
vn -0.9766160249710083 0.21407100558280945 -0.019871000200510025
vn -0.98282700777053833 0.18277700245380402 0.025368999689817429
vn -0.99876499176025391 0.0062469998374581337 0.049299001693725586
vn -0.9455990195274353 -0.32081601023674011 -0.05403599888086319
vn -0.95971500873565674 0.27467000484466553 0.0591839998960495
vn -0.98572802543640137 0.16347399353981018 0.040203999727964401
vn -0.99236702919006348 0.042697001248598099 0.11569300293922424
vn -0.92555797100067139 0.17773599922657013 0.33429300785064697
vn -0.97772997617721558 -0.043729998171329498 0.20525999367237091
vn -0.89876699447631836 -0.41108700633049011 0.15240000188350677
vn -0.96129101514816284 -0.12940299510955811 0.24325799942016602
vn -0.87407600879669189 0.18428699672222137 0.44947698712348938
vn -0.92350900173187256 0.13257700204849243 0.35993701219558716
vn -0.85186100006103516 -0.31740599870681763 0.41663599014282227
vn -0.51741999387741089 -0.70548802614212036 0.48431700468063354
vn -0.88963299989700317 0.15191000699996948 0.43067100644111633
vn -0.86151701211929321 -0.50171101093292236 -0.077939003705978394
vn -0.88568800687789917 -0.41265499591827393 -0.21277299523353577
vn -0.88928800821304321 -0.4194520115852356 0.18228299915790558
vn -0.97240900993347168 -0.16517800092697144 0.16473099589347839
vn -0.86526000499725342 -0.48865500092506409 0.11198800057172775
vn -0.8382909893989563 -0.51720702648162842 -0.1725270003080368
vn 0 -0.61913198232650757 -0.78528702259063721
vn -0.27557599544525146 -0.0069960001856088638 -0.96125400066375732
vn -0.55994898080825806 -0.82831501960754395 0.018728999421000481
vn -0.53033202886581421 -0.84415799379348755 -0.078390002250671387
vn -0.15960699319839478 -0.98639398813247681 -0.039407998323440552
vn -0.34141799807548523 -0.93763500452041626 -0.065379999577999115
vn -0.34356001019477844 -0.935139000415802 -0.086497999727725983
vn -0.39184200763702393 -0.91652399301528931 -0.080265998840332031
vn -0.33322200179100037 -0.93225902318954468 0.14091099798679352
vn 0 -0.91450101137161255 0.40458399057388306
vn -0.34947198629379272 -0.92830199003219604 0.12698400020599365
vn -0.36987599730491638 -0.92299902439117432 0.10613600164651871
vn -0.45535999536514282 -0.86436599493026733 -0.21335199475288391
vn -0.3384850025177002 -0.93812000751495361 0.073204003274440765
vn -0 -0.93786901235580444 -0.34699100255966187
vn -0 -0.90989702939987183 -0.41483399271965027
vn 0 -0.91993200778961182 -0.3920769989490509
vn -0.33233499526977539 -0.90694797039031982 -0.25884199142456055
vn -0.34953999519348145 -0.87355297803878784 -0.33871299028396606
vn -0.47477298974990845 -0.81671500205993652 -0.32797300815582275
vn -0.28345000743865967 -0.8394010066986084 0.46374800801277161
vn -0.33753699064254761 -0.84579998254776001 0.41314798593521118
vn 0 -0.87602102756500244 0.48227301239967346
vn -0.41460499167442322 -0.79294800758361816 0.44647100567817688
vn -0 -0.63490402698516846 -0.7725909948348999
vn -0.35968399047851562 -0.66283798217773438 -0.65671402215957642
vn 0 -0.97230899333953857 0.23369799554347992
vn -0.63293898105621338 -0.75484699010848999 0.17202900350093842
vn 0 -0.83551198244094849 0.54947197437286377
vn -0.59537601470947266 -0.77353602647781372 0.21718500554561615
vn -0.76288199424743652 0.62003898620605469 0.18320100009441376
vn -0.050576001405715942 0.9417080283164978 0.33260700106620789
vn -0.68901801109313965 0.61102098226547241 0.38975301384925842
vn -0.023654000833630562 0.67697399854660034 0.73562699556350708
vn -0.69647097587585449 0.56620699167251587 0.44083800911903381
vn -8.9000001025851816E-05 2.4999999368446879E-05 -1
vn -0.41852599382400513 0.9081529974937439 0.009665999561548233
vn -0.00016900000628083944 -4.400000034365803E-05 -1
vn -0.00056900002527981997 -0.00012399999832268804 -1
vn 0.0011060000397264957 -0.40223100781440735 -0.91553801298141479
vn -0.92399001121520996 -0.042360998690128326 0.38006401062011719
vn -0.81902402639389038 0.51518100500106812 -0.25256401300430298
vn -0.63319998979568481 0.7148280143737793 0.29678100347518921
vn -0.79939502477645874 0.066843003034591675 -0.59707599878311157
vn 0.59780901670455933 0.63804501295089722 0.4853070080280304
vn 0.51224499940872192 0.83950400352478027 0.18121400475502014
vn 0 0.99901300668716431 0.044426001608371735
vn 0.30772098898887634 0.95084702968597412 -0.034612998366355896
vn 0.5128440260887146 0.81827598810195923 0.25964498519897461
vn 0.44450598955154419 0.73535197973251343 0.51153898239135742
vn 0.4067319929599762 0.70506501197814941 0.58090698719024658
vn 0.6987379789352417 0.55014997720718384 0.45727398991584778
vn 0.94067502021789551 0.042932998389005661 0.33658099174499512
vn 0.99769401550292969 0.058270998299121857 0.034793000668287277
vn 0.69298702478408813 0.68742901086807251 0.21727900207042694
vn 0.8524240255355835 0.47031098604202271 0.22843199968338013
vn 0.85349398851394653 0.40990400314331055 0.32175499200820923
vn 0.88881701231002808 0.40098598599433899 0.22184300422668457
vn 0.91613101959228516 -0.36732900142669678 0.16053900122642517
vn 0.92592400312423706 -0.11104500293731689 0.36101898550987244
vn 0.56133198738098145 -0.71288198232650757 -0.42036300897598267
vn 0.87627601623535156 0.41502600908279419 0.24473300576210022
vn 0.97470098733901978 0.149400994181633 -0.1662449985742569
vn 0.97240698337554932 0.14594599604606628 0.18200099468231201
vn 0.95446300506591797 0.2967509925365448 -0.030655000358819962
vn 0.4489629864692688 0.55518102645874023 -0.70014697313308716
vn 0.66727697849273682 0.23838500678539276 -0.70563000440597534
vn 0.70988500118255615 -0.70293402671813965 -0.04413900151848793
vn 0.75151699781417847 0.090502999722957611 -0.65347599983215332
vn 0.75524801015853882 -0.6434599757194519 -0.12474100291728973
vn 0.71881699562072754 -0.69382601976394653 -0.043687999248504639
vn 0.79304099082946777 -0.55925297737121582 0.24149699509143829
vn -0.035167999565601349 -0.77790302038192749 -0.6273999810218811
vn 0.44536098837852478 -0.54396802186965942 -0.7111629843711853
vn 0.4961400032043457 -0.86817401647567749 0.010910999961197376
vn -0.20351199805736542 -0.54984301328659058 -0.81009602546691895
vn 0.66873598098754883 -0.70385599136352539 -0.23953899741172791
vn 0.16460299491882324 -0.98433601856231689 0.063161998987197876
vn -0.99211102724075317 -0.10655099898576736 -0.066056996583938599
vn -0.9965590238571167 -0.082858003675937653 -0.0023310000542551279
vn 0.81110399961471558 -0.58482801914215088 -0.0092940004542469978
vn 0.55649399757385254 -0.83003699779510498 0.036791000515222549
vn 0.54050701856613159 -0.8391839861869812 0.060189999639987946
vn 0.67333000898361206 -0.73919099569320679 -0.014941999688744545
vn 0.90331000089645386 -0.4248499870300293 -0.059448998421430588
vn 0 -0.99942201375961304 0.03398200124502182
vn -0 -0.98340898752212524 0.18140199780464172
vn 0.69652998447418213 -0.61342400312423706 0.37223199009895325
vn 0.44679000973701477 -0.76523202657699585 -0.46346399188041687
vn 0.59299302101135254 -0.50042599439620972 -0.63081997632980347
vn 0.76399397850036621 -0.38952800631523132 -0.5143740177154541
vn -0 -0.95505601167678833 -0.29642599821090698
vn -0 -0.64806097745895386 -0.76158899068832397
vn -0 -0.49686300754547119 -0.86782902479171753
vn 0.62340700626373291 -0.57982802391052246 0.52455997467041016
vn 0.82755100727081299 0.53152400255203247 0.18066999316215515
vn 0.05696599930524826 0.93312901258468628 0.35500100255012512
vn 0.77245402336120605 -0.4783560037612915 0.41771999001502991
vn 0.81256002187728882 0.57828301191329956 0.073048003017902374
vn 0.7106509804725647 0.51496797800064087 0.47935798764228821
vn 0.074424996972084045 -0.61647897958755493 0.78384602069854736
vn -0 0.9726409912109375 0.23231400549411774
vn 0.69711399078369141 -0.68166601657867432 0.22217899560928345
vn 0.88388502597808838 0.40186899900436401 0.23926800489425659
vn 0.60948902368545532 0.78759002685546875 0.090690001845359802
vn 0.040391001850366592 0.9988589882850647 -0.025462999939918518
vn 0.085635997354984283 0.96335500478744507 0.2541930079460144
vn 0.75291001796722412 0.57110297679901123 0.32706001400947571
vn 0.62822502851486206 0.77536100149154663 0.064401000738143921
vn 0.76763200759887695 0.038001999258995056 0.6397629976272583
vn 0.9108390212059021 0.074314996600151062 0.406017005443573
vn 0.1435140073299408 0.94851797819137573 -0.28234300017356873
vn 0.034696001559495926 -0.042116999626159668 -0.99851000308990479
vn 0.96736001968383789 -0.20857000350952148 -0.14392200112342834
vn 0.74681401252746582 -0.66490501165390015 0.01306500006467104
vn -0 -0.94173902273178101 -0.33634600043296814
vn 0.99244499206542969 -0.12195199728012085 0.013450999744236469
vn 0.75853800773620605 -0.6514580249786377 -0.014918999746441841
vn -0 -0.91995698213577271 -0.39201900362968445
vn 0.99415701627731323 -0.10722199827432632 0.012461000122129917
vn 0.98056799173355103 0.1943189948797226 -0.02697099931538105
vn 0.99560099840164185 -0.049106001853942871 -0.079798996448516846
vn 0.91862398386001587 0.39209398627281189 0.048900999128818512
vn 0.99410301446914673 0.066122002899646759 -0.085947997868061066
vn 0.99715602397918701 -0.057234998792409897 -0.049038998782634735
vn 0.94905400276184082 0.26578998565673828 -0.16926899552345276
vn 0.50366002321243286 0.83311700820922852 -0.22856500744819641
vn 0.84563702344894409 0.5282750129699707 0.076306998729705811
vn 0.93352699279785156 -0.14456099271774292 -0.32806900143623352
vn 0.94734501838684082 0.30985099077224731 -0.080802001059055328
vn 0.77069902420043945 0.13456599414348602 -0.62282800674438477
vn 0.77934902906417847 -0.086681000888347626 -0.62056601047515869
vn 0.75155001878738403 0.59556800127029419 -0.2836729884147644
vn 0.68669700622558594 0.72575902938842773 0.041485998779535294
vn 0.73633301258087158 0.56476998329162598 -0.37262299656867981
vn 0.89725100994110107 0.34114199876785278 -0.28029099106788635
vn 0.66031402349472046 0.4970720112323761 -0.5629420280456543
vn 0.83777099847793579 0.48172101378440857 -0.25707098841667175
vn 0.87059402465820312 0.46554601192474365 -0.15916599333286285
vn 0.79791998863220215 0.45121300220489502 -0.39966300129890442
vn 0.86120098829269409 0.30650898814201355 -0.40544599294662476
vn 0.64244198799133301 0.68534702062606812 -0.34288200736045837
vn 0.71646201610565186 0.57094401121139526 -0.40087899565696716
vn 0.93841999769210815 -0.33967700600624084 -0.063146002590656281
vn 0.98245799541473389 -0.12966099381446838 -0.13402999937534332
vn 0.98310399055480957 0.012899000197649002 -0.18259499967098236
vn 0.52508997917175293 0.85049301385879517 0.030687000602483749
vn 0.79825800657272339 0.57527297735214233 0.17845000326633453
vn 0.93634897470474243 0.33632200956344604 0.10068999975919724
vn -0 0.95068299770355225 0.3101629912853241
vn -0 0.99996697902679443 -0.0080850003287196159
vn 0 0.99701398611068726 -0.077219001948833466
vn -0 0.99998897314071655 0.004631000105291605
vn 0.41365700960159302 0.85743898153305054 0.30608201026916504
vn 0.50457698106765747 0.8633580207824707 0.0038360001053661108
vn 0.88923400640487671 -0.15107400715351105 -0.43178701400756836
vn 0.88235098123550415 0.43220099806785583 0.18616899847984314
vn 0.87208199501037598 0.48935899138450623 0.00041000000783242285
vn 0.97704499959945679 0.2127079963684082 0.011785999871790409
vn 0.92705202102661133 0.37076500058174133 0.055750999599695206
vn 0.57586902379989624 0.78293502330780029 -0.23534500598907471
vn 0.82480800151824951 -0.5565040111541748 -0.099981002509593964
vn 0.72295999526977539 -0.68100100755691528 -0.11647500097751617
vn 0.65378499031066895 -0.75592601299285889 0.033780001103878021
vn 0.80711299180984497 -0.56387299299240112 0.17497000098228455
vn 0.85700201988220215 -0.44113099575042725 0.26636400818824768
vn 0.93234997987747192 0.1389629989862442 0.33378699421882629
vn 0.92516201734542847 -0.29482001066207886 0.23907199501991272
vn 0.97631299495697021 0.21503899991512299 -0.023887999355792999
vn 0.94775998592376709 -0.31815698742866516 0.022962000221014023
vn 0.90774798393249512 0.22789900004863739 -0.3522149920463562
vn 0.79976797103881836 -0.48587799072265625 0.35255399346351624
vn 0.89419299364089966 -0.44644498825073242 -0.033240001648664474
vn 0.63575899600982666 -0.70692598819732666 -0.30994701385498047
vn 0.81792497634887695 -0.56968897581100464 0.080326996743679047
vn 0.97324097156524658 -0.22959400713443756 0.0094349998980760574
vn 0.90880298614501953 0.36774501204490662 0.1970829963684082
vn 0.70581698417663574 -0.683788001537323 -0.18508400022983551
vn 0.8223080039024353 0.5684959888458252 0.024932999163866043
vn 0.94840002059936523 0.12886400520801544 -0.28970798850059509
vn 0.99171602725982666 0.12793000042438507 0.0115769999101758
vn 0.99508202075958252 -0.097579002380371094 -0.017024999484419823
vn 0.94369500875473022 -0.22093600034713745 0.24622400104999542
vn 0.85788500308990479 -0.42255198955535889 0.29237499833106995
vn -0.43584001064300537 -0.44036200642585754 -0.78493601083755493
vn -0.78866100311279297 -0.55980700254440308 -0.2542249858379364
vn -0.74254798889160156 -0.55086398124694824 -0.38101300597190857
vn -0.11775299906730652 0.06651800125837326 -0.99081200361251831
vn -0.29043298959732056 0.85396397113800049 -0.43173301219940186
vn 0.055716998875141144 -0.99450898170471191 -0.088583000004291534
vn 0 -0.99868398904800415 -0.05129300057888031
vn 0.52221697568893433 -0.71886599063873291 -0.45882600545883179
vn 0.98694002628326416 -0.15479999780654907 -0.044576000422239304
vn 0.95082497596740723 0.21850000321865082 0.21952199935913086
vn 0.99964600801467896 0.021477000787854195 0.015716999769210815
vn 0.9769740104675293 -0.12851500511169434 -0.17031000554561615
vn 0.96615099906921387 0.25003299117088318 -0.063530996441841125
vn 0.9886929988861084 0.14988599717617035 -0.0044760000891983509
vn 0.99923598766326904 -0.034487001597881317 0.018394000828266144
vn 0.96710902452468872 0.12811000645160675 0.21974499523639679
vn 0.96889501810073853 0.23928500711917877 0.063130997121334076
vn 0.96267998218536377 0.231004998087883 0.14100900292396545
vn 0.98810100555419922 0.10877799987792969 0.10873699933290482
vn 0.97567099332809448 -0.032083999365568161 0.21687999367713928
vn 0.92645102739334106 0.060773000121116638 0.37147599458694458
vn 0.86049097776412964 0.18330499529838562 0.47534701228141785
vn 0.65974700450897217 -0.5207970142364502 0.54176098108291626
vn 0.89314401149749756 0.087052002549171448 0.44126701354980469
vn 0.83596301078796387 -0.54874199628829956 -0.0069880001246929169
vn 0.84115499258041382 -0.5139089822769165 0.16839300096035004
vn 0.96583402156829834 -0.17566999793052673 0.19053900241851807
vn 0.86526000499725342 -0.48865500092506409 0.11198800057172775
vn 0.8382909893989563 -0.51720702648162842 -0.1725270003080368
vn 0 -0.85068702697753906 0.52567201852798462
vn -0 -0.81312799453735352 0.5820850133895874
vn -0 -0.93390899896621704 0.3575110137462616
vn -0.051713999360799789 -0.96628999710083008 -0.25220799446105957
vn -0.041145998984575272 -0.79804897308349609 -0.60118597745895386
vn -0 -0.75894898176193237 -0.65114998817443848
vn 0.7491840124130249 -0.66225200891494751 0.012106000445783138
vn 0.15960699319839478 -0.98639398813247681 -0.039407998323440552
vn 0.3757379949092865 -0.92437100410461426 -0.066018998622894287
vn 0.40021398663520813 -0.91231298446655273 -0.086676999926567078
vn 0.44107699394226074 -0.89395999908447266 -0.079292997717857361
vn 0 -0.88466101884841919 0.4662339985370636
vn 0.3587850034236908 -0.92400598526000977 0.13223400712013245
vn 0.39946898818016052 -0.90873801708221436 0.12090799957513809
vn 0 -0.93173801898956299 0.36313098669052124
vn 0.42805001139640808 -0.89757198095321655 0.10553599894046783
vn -9.9999999747524271E-07 -0.72676897048950195 -0.68688201904296875
vn 0.4608759880065918 -0.85165399312973022 -0.2495570033788681
vn 0 -0.99360299110412598 0.11292900145053864
vn 0.37200000882148743 -0.92461800575256348 0.081840001046657562
vn 0.33233499526977539 -0.90694797039031982 -0.25884199142456055
vn 0.34953999519348145 -0.87355297803878784 -0.33871299028396606
vn 0.47477298974990845 -0.81671500205993652 -0.32797399163246155
vn 0 -0.86202001571655273 0.50687402486801147
vn 0.28345000743865967 -0.8394010066986084 0.46374800801277161
vn 0 -0.8875659704208374 0.46068099141120911
vn 0.33753699064254761 -0.84579998254776001 0.41314798593521118
vn 0.41460499167442322 -0.79294800758361816 0.44647100567817688
vn 0.35968300700187683 -0.66283899545669556 -0.65671402215957642
vn 0.63293898105621338 -0.75484699010848999 0.17202800512313843
vn 0.59537601470947266 -0.77353602647781372 0.21718500554561615
vn -0.027503000572323799 0.98429602384567261 0.17437100410461426
vn 0.70861798524856567 0.63562798500061035 0.30632799863815308
vn 0.6409270167350769 0.63545197248458862 0.43059700727462769
vn -0.053523000329732895 0.033489000052213669 -0.9980049729347229
vn 0.19679799675941467 0.97027301788330078 -0.140857994556427
vn 0.00017100000695791095 -4.5000000682193786E-05 -1
vn 0.00056900002527981997 -0.00012500000593718141 -1
vn -0.0011060000397264957 -0.40222901105880737 -0.91553801298141479
vn 0.93417197465896606 -0.029772000387310982 0.35557898879051208
vn 0.81902402639389038 0.51518100500106812 -0.25256401300430298
vn 0.65319401025772095 0.69471997022628784 0.30116701126098633
vn 0.79939502477645874 0.066843003034591675 -0.59707599878311157
vn 0.82627302408218384 0.45245000720024109 -0.33550199866294861
vn -0.64095801115036011 -0.6165580153465271 0.45719599723815918
vn -0.7174680233001709 0.45969301462173462 -0.5233759880065918
vn 0.71746301651000977 0.45968601107597351 -0.52338802814483643
vn -0.71500599384307861 -0.47222900390625 0.51552498340606689
vn 0.71500402688980103 -0.47222998738288879 0.51552802324295044
vn 0.83078998327255249 0.44754898548126221 -0.33088898658752441
vn -0.83102798461914062 0.44751399755477905 -0.33033999800682068
vn -0.82604598999023438 0.45297700166702271 -0.33534899353981018
vn 0.64096397161483765 -0.61655598878860474 0.45719099044799805
vn -1 9.9999999747524271E-07 3.9999999899009708E-06
vn 1 -9.9999999747524271E-07 -3.9999999899009708E-06
vn -0.16208299994468689 0.65667200088500977 0.73655402660369873
vn 0.13686800003051758 0.64710402488708496 0.7500159740447998
vn 0.078325003385543823 0.84046202898025513 0.53617900609970093
vn -0.11166699975728989 0.82753300666809082 0.55019897222518921
vn -0.12440899759531021 0.63589400053024292 0.76168298721313477
vn -0.092978000640869141 0.8323739767074585 0.54636001586914062
vn 0.097186997532844543 0.83874797821044922 0.53577601909637451
vn 0.12906700372695923 0.62627100944519043 0.76884698867797852
vn 3.9999999899009708E-06 0.49001398682594299 0.8717150092124939
vn 4.9999998736893758E-06 0.48122501373291016 0.87659698724746704
vn 3.9999999899009708E-06 0.48122400045394897 0.87659800052642822
vn 4.9999998736893758E-06 0.49001801013946533 0.87171298265457153
vn 1 0 -3.0000001061125658E-06
vn -1 -0 3.0000001061125658E-06
vn -0.87828701734542847 -0.11221300065517426 -0.46478098630905151
vn -0.70451200008392334 0.53632301092147827 -0.46478000283241272
vn -0.34196498990058899 0.81672501564025879 -0.46478000283241272
vn -0.53632301092147827 -0.70451200008392334 -0.46478000283241272
vn -0.70451200008392334 -0.53632301092147827 -0.46478000283241272
vn -0.97379601001739502 0.13027100265026093 0.18641500174999237
vn -0.77819699048995972 0.59971600770950317 0.18641500174999237
vn -0.37408000230789185 0.90846800804138184 0.18641600012779236
vn -0.59971499443054199 -0.77819699048995972 0.18641500174999237
vn -0.90846699476242065 -0.37408098578453064 0.18641500174999237
vn -0.35692501068115234 -0.051157999783754349 -0.93273097276687622
vn -0.33468499779701233 0.13415800034999847 -0.93273097276687622
vn -0.22276699542999268 0.28352600336074829 -0.93273097276687622
vn -0.13415899872779846 -0.3346869945526123 -0.93273001909255981
vn -0.28352698683738708 -0.22276699542999268 -0.93273097276687622
vn -0.54317402839660645 -0.54319500923156738 0.6402360200881958
vn 0.74393802881240845 -0.66824901103973389 -9.9999999747524271E-07
vn 0.75518202781677246 0.63771200180053711 -0.15173600614070892
vn 0.55892497301101685 0.59390997886657715 -0.57868200540542603
vn 0.92553997039794922 -0.37861299514770508 -0.0052499999292194843
vn 1 9.9999999747524271E-07 -3.0000001061125658E-06
vn 0.95383197069168091 -3.0000001061125658E-06 -0.30033901333808899
vn 0.9538310170173645 -1.9999999949504854E-06 -0.30034300684928894
vn 0.92998200654983521 0.31454899907112122 0.19024500250816345
vn 0.94715297222137451 0.29048600792884827 0.13608300685882568
vn 0.92378002405166626 0.25697100162506104 -0.28389599919319153
vn 0.99965900182723999 0.025483999401330948 -0.0056059998460114002
vn 0.99902397394180298 0.01565999910235405 -0.041306998580694199
vn 1.9999999949504854E-06 -0.6638990044593811 0.74782198667526245
vn 3.0000001061125658E-06 -0.59495198726654053 0.80376100540161133
vn 0.81386697292327881 -0.51527500152587891 0.26853901147842407
vn 0.10146699845790863 -0.17787599563598633 0.97880798578262329
vn -9.0000003183376975E-06 -0.61933302879333496 -0.78512901067733765
vn -9.9999999747524271E-07 -0.93669700622558594 -0.35014098882675171
vn 0.59639298915863037 -0.79759001731872559 -0.090369999408721924
vn 0 -0.99665701389312744 -0.081702001392841339
vn 0.66487002372741699 -0.18036699295043945 -0.72485500574111938
vn 0.97887998819351196 -0.054301001131534576 -0.1970909982919693
vn 0.86884701251983643 -0.47303101420402527 -0.14610399305820465
vn 1.4999999621068127E-05 -0.1698479950428009 -0.9854699969291687
vn 0.99386399984359741 0.072190999984741211 -0.083798997104167938
vn 0.94561302661895752 -0.3248249888420105 -0.017446000128984451
vn -0 0.50072097778320312 0.86560899019241333
vn -7.0000000960135367E-06 0.55710399150848389 0.83044302463531494
vn 9.9999999747524271E-07 0.50072300434112549 0.86560797691345215
vn 0 0.11399800330400467 0.99348098039627075
vn 0 0.11399800330400467 0.99348098039627075
vn -1.9999999949504854E-06 -0.97338199615478516 0.22918899357318878
vn -1.9999999949504854E-06 -0.89494597911834717 0.44617399573326111
vn -1.9999999949504854E-06 -0.89494597911834717 0.44617399573326111
vn -9.9999999747524271E-07 -0.98833000659942627 0.15232500433921814
vn 1 0 -3.9999999899009708E-06
vn 1 0 -3.9999999899009708E-06
vn 1 0 -3.0000001061125658E-06
vn 1 0 -3.9999999899009708E-06
vn 0 0.3947100043296814 -0.91880601644515991
vn 0 0.25634300708770752 -0.96658599376678467
vn 0 0.25634199380874634 -0.96658599376678467
vn 0.5619959831237793 0.56824398040771484 -0.60104799270629883
vn 0.36243900656700134 0.74732202291488647 -0.55690997838973999
vn 0.80925601720809937 0.23106600344181061 -0.54010498523712158
vn 0.93126702308654785 -0.1157120019197464 -0.3454740047454834
vn 0.80925601720809937 0.23106600344181061 -0.54010498523712158
vn -9.9999999747524271E-07 -1 1.9999999949504854E-06
vn -0 -1 1.9999999949504854E-06
vn -0 -1 1.9999999949504854E-06
vn -0 -1 9.9999999747524271E-07
vn 0 -0.22778700292110443 -0.97371101379394531
vn 0 -0.22778700292110443 -0.97371101379394531
vn -1 -0 3.0000001061125658E-06
vn -1 -0 3.0000001061125658E-06
vn -1 -0 3.0000001061125658E-06
vn 0 -1 1.9999999949504854E-06
vn 0 -1 1.9999999949504854E-06
vn 0 -1 1.9999999949504854E-06
vn -1 -0 3.0000001061125658E-06
vn -1 -0 3.0000001061125658E-06
vn 1 0 -3.0000001061125658E-06
vn 1 0 -3.0000001061125658E-06
vn 1 0 -3.0000001061125658E-06
vn -0 -0.13397400081157684 0.99098497629165649
vn -1.9999999949504854E-06 -0.97338199615478516 0.22918899357318878
vn 0.99865400791168213 0.050992999225854874 -0.0094670001417398453
vn 0.9981200098991394 0.059269998222589493 -0.015577999874949455
vn -0 -0.96854698657989502 -0.24883200228214264
vn -0 -0.9687039852142334 -0.24821700155735016
vn -0 -0.96854698657989502 -0.24883200228214264
vn 0 1 0
vn 0.58738100528717041 -3.0000001061125658E-06 -0.80931097269058228
vn -0.39267200231552124 0.68391501903533936 0.61487299203872681
vn 1.9999999949504854E-06 0.74059802293777466 0.67194801568984985
vn 0.37109199166297913 0.68340200185775757 0.62869101762771606
vn 0.054625000804662704 -0.99209499359130859 -0.11297199875116348
vn 0 -0.98396700620651245 -0.17835299670696259
vn 9.9999999747524271E-07 -0.96367901563644409 0.26706299185752869
vn 9.9999999747524271E-07 -0.96558302640914917 0.26009699702262878
vn 9.9999999747524271E-07 -0.69388002157211304 0.72008997201919556
vn 1.9999999949504854E-06 -0.69388401508331299 0.72008597850799561
vn 3.0000001061125658E-06 -0.053500000387430191 0.99856799840927124
vn 9.9999999747524271E-07 -0.053497001528739929 0.99856799840927124
vn -0 -0.97179901599884033 -0.23581099510192871
vn -9.9999999747524271E-07 -0.9717479944229126 -0.23601999878883362
vn 0.37109199166297913 0.68340200185775757 0.62869101762771606
vn 0.54141700267791748 9.9999999747524271E-07 0.84075397253036499
vn 0.99978101253509521 -0.020834999158978462 -0.0018729999428614974
vn 0.9538310170173645 -1.9999999949504854E-06 -0.30034300684928894
vn -0 1 -1.9999999949504854E-06
vn -0 1 -1.9999999949504854E-06
vn -0 1 -1.9999999949504854E-06
vn -0.35185199975967407 -0.93059897422790527 -0.10092300176620483
vn -0.95383298397064209 -3.0000001061125658E-06 -0.30033698678016663
vn -0.0088799996301531792 -0.46251800656318665 -0.88656502962112427
vn -0.00045699998736381531 -0.38454699516296387 -0.92310500144958496
vn -0.25618100166320801 0.9663739800453186 0.022171000018715858
vn -0.27902698516845703 0.92159301042556763 -0.2698340117931366
vn -1 -0 3.0000001061125658E-06
vn -1 -0 3.0000001061125658E-06
vn -0.99645000696182251 -0.084188997745513916 3.9999999899009708E-06
vn -1 -0 3.0000001061125658E-06
vn -0.59639298915863037 -0.79759001731872559 -0.090365998446941376
vn 0 -0.99665701389312744 -0.081702001392841339
vn -0.86854100227355957 -0.48118200898170471 -0.11874700337648392
vn 0 -1 9.9999999747524271E-07
vn 0 -1 9.9999999747524271E-07
vn 1.4999999621068127E-05 -0.010552999563515186 0.99994397163391113
vn 1.4999999621068127E-05 -0.010552999563515186 0.99994397163391113
vn 1.4999999621068127E-05 -0.010552999563515186 0.99994397163391113
vn -0.99553698301315308 -0.087509997189044952 0.03531700000166893
vn -1 -0 3.0000001061125658E-06
vn -1 -0 3.9999999899009708E-06
vn -1 -0 3.9999999899009708E-06
vn -0.99723899364471436 -0.051966000348329544 0.053047001361846924
vn -0.99826598167419434 -0.044202998280525208 0.038869000971317291
vn 0 0.50071799755096436 0.86561000347137451
vn 0 0.11399400234222412 0.99348098039627075
vn 0 0.11399400234222412 0.99348098039627075
vn 3.9999999899009708E-06 -0.97338199615478516 0.22918899357318878
vn 3.0000001061125658E-06 -0.98833101987838745 0.15232400596141815
vn 1.9999999949504854E-06 -0.89494597911834717 0.44617500901222229
vn -1 -0 3.0000001061125658E-06
vn -0.7071080207824707 -1.9999999949504854E-06 -0.70710599422454834
vn -1 -0 3.0000001061125658E-06
vn -0.71417397260665894 0.0023050000891089439 -0.69996500015258789
vn -3.9999999899009708E-06 0.39470899105072021 -0.91880601644515991
vn -7.0000000960135367E-06 0.25633999705314636 -0.96658700704574585
vn -7.0000000960135367E-06 0.25633999705314636 -0.96658700704574585
vn -0.35389098525047302 0.75198900699615479 -0.55612397193908691
vn -0.56146401166915894 0.56822401285171509 -0.60156500339508057
vn -0.79645198583602905 0.28079399466514587 -0.53555500507354736
vn -0.89289200305938721 -0.27160000801086426 -0.35913398861885071
vn -0.93549501895904541 -0.03508400171995163 -0.35159501433372498
vn 0 -1 1.9999999949504854E-06
vn 9.9999999747524271E-07 -1 1.9999999949504854E-06
vn -3.9999999899009708E-06 -0.22778600454330444 -0.97371101379394531
vn -3.0000001061125658E-06 -0.22778500616550446 -0.97371101379394531
vn -1.9999999949504854E-06 -0.23970599472522736 -0.97084599733352661
vn -1.9999999949504854E-06 -0.23970599472522736 -0.97084599733352661
vn 0.99876898527145386 0.0043930001556873322 0.049414999783039093
vn 1 0 -3.9999999899009708E-06
vn 1 9.9999999747524271E-07 -3.0000001061125658E-06
vn 1.9999999949504854E-06 -1 1.9999999949504854E-06
vn 1.9999999949504854E-06 -1 1.9999999949504854E-06
vn 1.9999999949504854E-06 -1 1.9999999949504854E-06
vn 1 0 -3.0000001061125658E-06
vn 1 0 -3.9999999899009708E-06
vn -0.98214399814605713 -0.046585001051425934 0.18227399885654449
vn -0.69256097078323364 0.1239129975438118 0.71063697338104248
vn 3.0000001061125658E-06 0 1
vn 3.0000001061125658E-06 0 1
vn 3.0000001061125658E-06 0 1
vn 3.0000001061125658E-06 0 1
vn -0.58738601207733154 -6.0000002122251317E-06 -0.80930697917938232
vn 0.0008360000210814178 0.9941139817237854 -0.10833899676799774
vn 0.9283440113067627 0.37172099947929382 -3.0000001061125658E-06
vn 0.0011210000375285745 0.92340302467346191 -0.38383001089096069
vn 3.0000001061125658E-06 -0.0069809998385608196 0.99997597932815552
vn 3.0000001061125658E-06 -0.0069809998385608196 0.99997597932815552
vn -0 -0.97032099962234497 -0.24181899428367615
vn -0 -0.97032099962234497 -0.24181899428367615
vn -0.74596899747848511 0.66585898399353027 -0.01271199993789196
vn -0.75506299734115601 0.65562897920608521 -0.0055470000952482224
vn -0.9657520055770874 0.25941199064254761 -0.0053659998811781406
vn -0.9817579984664917 0.19007700681686401 -0.004712000023573637
vn -0.39267200231552124 0.68391501903533936 0.61487299203872681
vn -0.57247298955917358 4.9999998736893758E-06 0.819923996925354
vn -0.17037700116634369 0.96610599756240845 -0.19393700361251831
vn -0 1 -1.9999999949504854E-06
vn -0 1 -1.9999999949504854E-06
vn 0.99922502040863037 -0.038111001253128052 -0.009855000302195549
vn 0.0085239997133612633 -0.99184000492095947 -0.12720200419425964
vn 0.083718001842498779 -0.99115502834320068 -0.10297399759292603
vn 1 9.9999999747524271E-07 -3.0000001061125658E-06
vn -0.0044320002198219299 -0.97822099924087524 0.20752100646495819
vn -0.0038729999214410782 -0.97623902559280396 0.2166610062122345
vn -0.019009999930858612 -0.55683302879333496 0.83040702342987061
vn -0.35389098525047302 0.75198900699615479 -0.55612397193908691
vn -0.014682999812066555 -0.80857700109481812 -0.58820801973342896
vn 0 0.70996999740600586 -0.70423197746276855
vn 1 0 -3.0000001061125658E-06
vn -1 -9.9999999747524271E-07 3.0000001061125658E-06
vn -0.61728000640869141 0.78623700141906738 -0.028243999928236008
vn -0.9664580225944519 0.25647398829460144 -0.013389999978244305
vn -0.76791399717330933 0.64053899049758911 0.0041550002060830593
vn -0.99175101518630981 0.12817400693893433 0.00077599997166544199
vn -0.8835340142250061 0.46833100914955139 0.0058789998292922974
vn -0.97990000247955322 -0.19947700202465057 0.0020910000894218683
vn -0.93698501586914062 -0.349357008934021 0.002836999949067831
vn -0.3137969970703125 0.93697100877761841 -0.15367700159549713
vn -0.98387598991394043 0.1630219966173172 0.073564998805522919
vn -0.99102199077606201 -0.13337999582290649 0.0092460000887513161
vn -0.87058699131011963 -0.49197199940681458 -0.006490000057965517
vn 9.9999999747524271E-07 -0.9835669994354248 0.18054200708866119
vn -0.0053679998964071274 0.99932301044464111 0.036389000713825226
vn 0 0.99928998947143555 0.03766300156712532
vn -0.13985900580883026 0.89556097984313965 -0.42238700389862061
vn -0.14358599483966827 0.94172602891921997 -0.30419701337814331
vn -0.28658801317214966 -0.95772802829742432 0.024979999288916588
vn -0.28801101446151733 -0.95729601383209229 0.025178000330924988
vn -0.40835601091384888 -0.80848902463912964 -0.42378100752830505
vn 7.9999999798019417E-06 0.53833699226379395 0.84272897243499756
vn 1.2000000424450263E-05 -0.058086000382900238 0.99831199645996094
vn 1.9999999949504854E-06 0.94121098518371582 0.33781999349594116
vn -0.064024999737739563 0.10263799875974655 0.99265599250793457
vn -0.0085979998111724854 -0.46100699901580811 0.88735502958297729
vn 3.9999999899009708E-06 -0.71967500448226929 0.69431102275848389
vn 9.0000003183376975E-06 -0.71967899799346924 0.69430702924728394
vn -1.9999999949504854E-06 -0.5877540111541748 -0.80904000997543335
vn 0 -0.47848400473594666 -0.87809598445892334
vn 0 -0.99969202280044556 0.02480199933052063
vn 0 -0.99969202280044556 0.02480199933052063
vn 0 0.18387800455093384 0.98294901847839355
vn 0 0.12483300268650055 0.99217802286148071
vn 0 0.11006700247526169 0.99392402172088623
vn -0.125791996717453 0.19888399541378021 0.97191601991653442
vn -0.20072799921035767 0.24914200603961945 0.94743698835372925
vn -0.076972998678684235 0.24838800728321075 -0.96559798717498779
vn -0.0077200001105666161 0.57472699880599976 -0.81830900907516479
vn -1.9999999949504854E-06 0.90972799062728882 -0.41520398855209351
vn 0 0.90972900390625 -0.41520300507545471
vn 0 0.85352301597595215 0.52105498313903809
vn 0 0.56701898574829102 0.82370400428771973
vn 1.2000000424450263E-05 -0.058086000382900238 0.99831199645996094
vn 0 0.99928998947143555 0.03766300156712532
vn -0.61728000640869141 0.78623700141906738 -0.028243999928236008
vn 0.057874999940395355 0.67322397232055664 -0.7371709942817688
vn 0 -0.9717479944229126 -0.23602099716663361
vn -9.9999997473787516E-06 -0.010552999563515186 0.99994397163391113
vn -9.9999997473787516E-06 -0.010552999563515186 0.99994397163391113
vn -9.9999997473787516E-06 -0.010552999563515186 0.99994397163391113
vn -0.702830970287323 0.58528101444244385 -0.40432000160217285
vn -0.702830970287323 0.58528101444244385 0.40432000160217285
vn -0.55220198631286621 -0.67405998706817627 -0.49062898755073547
vn -0.55220097303390503 -0.67405998706817627 0.49063000082969666
vn -0.0035959999077022076 -0.70823997259140015 -0.70596301555633545
vn -0.003590000094845891 -0.70823997259140015 0.70596301555633545
vn 0.0013129999861121178 0.70668399333953857 -0.70752799510955811
vn 0.0013210000470280647 0.70668798685073853 0.70752400159835815
vn 0.63332301378250122 -0.73782801628112793 0.23347699642181396
vn 0.098674997687339783 -0.99441301822662354 0.037489999085664749
vn 0.26240900158882141 -0.035440001636743546 -0.96430599689483643
vn 0.20956799387931824 -0.041574001312255859 -0.97690999507904053
vn 0.24397200345993042 -0.08736100047826767 -0.96583902835845947
vn 0.9118959903717041 -0.25233998894691467 0.3236829936504364
vn 0.89068198204040527 0.34163099527359009 0.29995501041412354
vn 0.84742599725723267 -0.53091400861740112 1.9999999949504854E-06
vn 0.78916198015213013 -0.61418598890304565 3.0000001061125658E-06
vn 0.98109102249145508 -0.1712850034236908 0.090120002627372742
vn 0.98006397485733032 -0.15974900126457214 0.1181270033121109
vn 0.50285202264785767 -0.8570520281791687 0.11225999891757965
vn 0.49242600798606873 -0.86970597505569458 0.033601999282836914
vn 0.48212501406669617 -0.87610197067260742 -0
vn 0.16970199346542358 0.045885998755693436 -0.98442697525024414
vn 0.14867599308490753 0.0020620001014322042 -0.98888397216796875
vn 0.66996097564697266 0.67877799272537231 0.30068901181221008
vn 0.95927202701568604 -0.28248399496078491 -1.9999999949504854E-06
vn 0.96938002109527588 -0.24556699395179749 -3.0000001061125658E-06
vn 0.95927202701568604 -0.28248399496078491 -1.9999999949504854E-06
vn 0.96689802408218384 0.25514501333236694 0.003123000031337142
vn 0.99530798196792603 0.09675300121307373 -1.9999999949504854E-06
vn 0.98589199781417847 -0.16738300025463104 -3.0000001061125658E-06
vn 0.98589199781417847 -0.16738300025463104 -3.0000001061125658E-06
vn 0.41890498995780945 -0.10936100035905838 0.901419997215271
vn 0.060175001621246338 -0.076003000140190125 0.99528998136520386
vn 0.088040001690387726 -0.059540998190641403 0.99433600902557373
vn 0.44204100966453552 -0.89699500799179077 0
vn 0.44203999638557434 -0.89699602127075195 1.9999999949504854E-06
vn 0.61363399028778076 0.78959101438522339 9.9999999747524271E-07
vn 0.61363202333450317 0.78959298133850098 -9.9999999747524271E-07
vn 3.9999999899009708E-06 1.9999999949504854E-06 1
vn 3.9999999899009708E-06 1.9999999949504854E-06 1
vn 3.9999999899009708E-06 1.9999999949504854E-06 1
vn 3.9999999899009708E-06 1.9999999949504854E-06 1
vn 0.41382500529289246 -0.91035598516464233 1.9999999949504854E-06
vn 0.41382598876953125 -0.91035598516464233 9.9999999747524271E-07
vn 0.013058999553322792 -0.011764000169932842 -0.99984598159790039
vn 0.0067090000957250595 -0.014764999970793724 -0.99986797571182251
vn 0.017400000244379044 -0.0097120003774762154 -0.99980098009109497
vn 0.031300999224185944 -0.0031379999127238989 -0.99950498342514038
vn 0.47053301334381104 0.23396399617195129 0.85079997777938843
vn 0.90819299221038818 0.41850799322128296 0.0060879997909069061
vn -6.0000002122251317E-06 -9.9999999747524271E-07 -1
vn 3.9999999899009708E-06 1.9999999949504854E-06 1
vn 3.9999999899009708E-06 1.9999999949504854E-06 1
vn 0 -0.70693200826644897 0.70728099346160889
vn 0 -0.70693200826644897 -0.70728099346160889
vn -0.55455499887466431 0.67547798156738281 0.48600199818611145
vn -0.55455499887466431 0.67547899484634399 -0.48600199818611145
vn 3.0000001061125658E-06 0.41548100113868713 0.90960198640823364
vn 0 0.42249900102615356 -0.90636402368545532
vn -0.030006999149918556 -0.71455401182174683 -0.69893598556518555
vn -0.030127000063657761 -0.71740102767944336 0.69600898027420044
vn 0 -0.70694500207901001 0.70726799964904785
vn 0 -0.70694500207901001 -0.70726799964904785
vn -0.057036001235246658 0.72611701488494873 0.68520098924636841
vn -0.057034999132156372 0.72611802816390991 -0.68520098924636841
vn 0.8123059868812561 -0.33743301033973694 -0.4757080078125
vn 0.65099501609802246 -0.25535398721694946 -0.71484297513961792
vn 0.76571798324584961 -0.19247600436210632 0.6137009859085083
vn 0.54571902751922607 -0.43644499778747559 0.71533697843551636
vn 0.69673502445220947 -0.016107000410556793 -0.71714800596237183
vn 0.57810598611831665 0.36070701479911804 0.73190397024154663
vn 0.76953601837158203 0.12621399760246277 0.62600702047348022
vn 0.71251499652862549 0.017053000628948212 -0.70144999027252197
vn 0 0.92217099666595459 0.38678199052810669
vn 0 0.92217099666595459 -0.38678199052810669
vn 0 -0.8736720085144043 0.48651498556137085
vn 0 -0.8736720085144043 -0.48651498556137085
vn -0.84846198558807373 0.4413599967956543 -0.29208499193191528
vn -0.84846997261047363 0.44134798645973206 0.29208099842071533
vn 0 -0.70715302228927612 0.70705997943878174
vn 5.199999941396527E-05 -0.70719701051712036 -0.70701700448989868
vn -0.99748200178146362 0.070914000272750854 3.0000001061125658E-06
vn -0.99748402833938599 0.070896998047828674 -0.00022000000171829015
vn -0.99997901916503906 -0.0064799999818205833 -0.00047200001426972449
vn -0.13599100708961487 0.74556398391723633 -0.65241199731826782
vn -0.29317399859428406 0.92600899934768677 -0.23781399428844452
vn -0.094534002244472504 0.73775702714920044 -0.66841399669647217
vn -0.28466498851776123 0.90488898754119873 0.31645101308822632
vn -0.085340999066829681 0.43894898891448975 0.89445000886917114
vn -0.071777999401092529 0.41812500357627869 0.90554898977279663
vn -0.99969398975372314 0.024709999561309814 0.00061099999584257603
vn -0.99789100885391235 0.064593002200126648 0.0064590000547468662
vn -0.99794197082519531 0.06370999664068222 0.0072150002233684063
vn -0.9958299994468689 -0.090625002980232239 -0.010501000098884106
vn -0.99610501527786255 -0.086739003658294678 -0.015866000205278397
vn -0.80730599164962769 0.057392999529838562 -0.58733600378036499
vn 0.49749898910522461 -0.28951901197433472 -0.81772500276565552
vn 9.9999999747524271E-07 4.9999998736893758E-06 1
vn 9.9999999747524271E-07 3.0000001061125658E-06 1
vn 0.10119500011205673 0.60161799192428589 -0.79234802722930908
vn -0.93545001745223999 -0.35345900058746338 3.9999999899009708E-06
vn -0.93544900417327881 -0.35346099734306335 3.9999999899009708E-06
vn -3.0000001061125658E-06 -0.73345601558685303 -0.67973697185516357
vn -3.9999999899009708E-06 -0.73345500230789185 -0.67973798513412476
vn 0 -0.90164101123809814 0.43248599767684937
vn 0 -0.90164101123809814 0.43248501420021057
vn 0 -0.63815802335739136 0.76990598440170288
vn -3.9999999899009708E-06 -0.57437598705291748 -0.81859201192855835
vn 0.70346099138259888 0.026564000174403191 -0.71023702621459961
vn 0.80730599164962769 0.057392001152038574 -0.58733600378036499
vn 0 1 -3.0000001061125658E-06
vn 0 1 -3.0000001061125658E-06
vn 0 1 -3.0000001061125658E-06
vn 0 1 -3.0000001061125658E-06
vn 0 1.9999999949504854E-06 1
vn 7.9999999798019417E-06 1.9999999949504854E-06 1
vn 9.9999999747524271E-07 3.0000001061125658E-06 1
vn 1.4000000192027073E-05 0 1
vn 0.1365949958562851 0.74539101123809814 -0.65248298645019531
vn 0.09446600079536438 0.73665899038314819 -0.66963398456573486
vn 0.30308601260185242 0.92408198118209839 -0.23283299803733826
vn 0.085684001445770264 0.43865999579429626 0.89455902576446533
vn 0.29649001359939575 0.9039120078086853 0.30827999114990234
vn 0.071557000279426575 0.41469600796699524 0.90714198350906372
vn 7.9999999798019417E-06 1.9999999949504854E-06 1
vn 1.4000000192027073E-05 0 1
vn -0.12585300207138062 0.5751960277557373 -0.80827701091766357
vn -0.98097801208496094 0.19412100315093994 1.9999999949504854E-06
vn -0.93094998598098755 0.36514699459075928 3.0000001061125658E-06
vn -0.93095201253890991 0.36514198780059814 9.9999999747524271E-07
vn -0.0057359999045729637 0.6346210241317749 -0.77280199527740479
vn 0.09303099662065506 -0.94887900352478027 0.30161899328231812
vn 0.10295200347900391 -0.99468600749969482 9.9999999747524271E-07
vn 0.10307099670171738 -0.99466401338577271 0.0044010002166032791
vn 0.10586199909448624 -0.92886799573898315 0.35496100783348083
vn 0.088391996920108795 -0.97832101583480835 0.18728099763393402
vn 0.072461999952793121 -0.89736497402191162 -0.43529999256134033
vn 0.039951998740434647 -0.35710799694061279 -0.93320798873901367
vn -1.9999999949504854E-06 -0.70710498094558716 -0.7071080207824707
vn 0 -1 3.0000001061125658E-06
vn 0.36956098675727844 -0.92920702695846558 1.9999999949504854E-06
vn -3.9999999899009708E-06 -3.0000001061125658E-06 -1
vn -3.0000001061125658E-06 0.70710498094558716 -0.70710897445678711
vn 9.9999999747524271E-07 1 0
vn 4.9999998736893758E-06 0.70710700750350952 0.70710599422454834
vn 3.0000001061125658E-06 3.0000001061125658E-06 1
vn 3.0000001061125658E-06 -0.70710498094558716 0.7071080207824707
vn 0 -1 3.0000001061125658E-06
vn 0.31587299704551697 -0.94880098104476929 -0
vn -0.98694097995758057 -0.11390399932861328 -0.11389899998903275
vn -0.98694097995758057 -0.16108399629592896 3.9999999899009708E-06
vn -0.98694097995758057 -9.9999999747524271E-07 -0.161080002784729
vn -0.98694097995758057 0.11390300095081329 -0.11389999836683273
vn -0.98694097995758057 0.16108299791812897 3.0000001061125658E-06
vn -0.98694097995758057 0.11390300095081329 0.11390600353479385
vn -0.98694002628326416 -0 0.16108599305152893
vn -0.98694002628326416 -0.11390300095081329 0.11390700191259384
vn 3.0000001061125658E-06 -1 4.9999998736893758E-06
vn 1 0 -3.0000001061125658E-06
vn -0.57357597351074219 0.81915199756622314 -0
vn -0.34202000498771667 0.93969297409057617 -0
vn -0.90630799531936646 0.42261800169944763 0
vn -0.99619501829147339 -0.087155997753143311 0
vn -0.81915199756622314 -0.57357597351074219 0
vn -0.64278799295425415 -0.766044020652771 0
vn 0 -0 -1
vn 0 0 -1
vn 0 -0 -1
vn 0 0 -1
vn 1.9999999949504854E-06 -9.9999999747524271E-07 -1
vn 0 -0 -1
vn 0 0 -1
vn 0 -0 -1
vn 9.9999999747524271E-07 1.9999999949504854E-06 -1
vn -0 1.9999999949504854E-06 -1
vn 0 0 -1
vn 0 0 -1
vn 0.99619501829147339 0.087155997753143311 -0
vn 0.99619501829147339 0.087154999375343323 -0
vn 0.86602401733398438 0 -0.50000298023223877
vn 0.96592700481414795 0 0.25881499052047729
vn 0.50000298023223877 0 0.86602401733398438
vn 0.50000298023223877 0 0.86602401733398438
vn 0.50000298023223877 0 0.86602401733398438
vn -0.17453999817371368 9.9999999747524271E-07 0.98465001583099365
vn -0.70710498094558716 9.9999999747524271E-07 0.70710897445678711
vn -0.96592497825622559 -0 0.25882399082183838
vn -0.96592700481414795 -0 -0.2588140070438385
vn -0.7071080207824707 -0 -0.70710599422454834
vn -0.25881901383399963 -9.9999999747524271E-07 -0.96592599153518677
vn 0.34116300940513611 -3.0000001061125658E-06 -0.94000399112701416
vn -0.32090801000595093 -0.1529960036277771 -0.93467098474502563
vn -0.31306299567222595 -0.13456100225448608 -0.94015198945999146
vn -0.31720998883247375 -0.16274400055408478 -0.93428701162338257
vn -0.30582499504089355 -0.16490499675273895 -0.93769800662994385
vn -0.66576898097991943 0.74615800380706787 -0
vn -0.84812700748443604 0.52979302406311035 0
vn -0.84528201818466187 0.53431999683380127 -3.0000001061125658E-06
vn 0 1 -0
vn 0 1 -9.9999999747524271E-07
vn -0.84883499145507812 0.52865701913833618 0
vn -0 1 0
vn -0.68509501218795776 0.72845399379730225 0
vn -0.63159900903701782 0.77529501914978027 0
vn 0 1 -0
vn -0.84812700748443604 0.52979302406311035 0
vn 0 1 0
vn 0 1 0
vn -0.84875202178955078 0.52879101037979126 0
vn -0 1 -0
vn -0.68147701025009155 0.73183900117874146 0
vn -0.63159900903701782 0.77529501914978027 0
vn 0 1 -0
vn -0.84812700748443604 0.52979201078414917 0
vn 0 1 0
vn 0 1 0
vn -0.84879899024963379 0.52871501445770264 -3.0000001061125658E-06
vn 0 1 -9.9999997473787516E-06
vn -0.84880101680755615 0.52871197462081909 0
vn -0 1 -0
vn -0.68237400054931641 0.73100298643112183 0
vn -0.63159900903701782 0.77529501914978027 0
vn 0 1 -0
vn -0.84814202785491943 0.52976900339126587 -1.9999999949504854E-06
vn 0 1 0
vn 0 1 0
vn -0.8487740159034729 0.52875602245330811 0
vn -0 1 -0
vn -0.68095499277114868 0.73232501745223999 -0
vn -0.63159900903701782 0.77529501914978027 -0
vn 0 1 -0
vn -0.84815901517868042 0.52974098920822144 0
vn 0 1 0
vn 0 1 0
vn -0 1 0
vn -0.68191301822662354 0.73143297433853149 0
vn -0.63159900903701782 0.77529501914978027 0
vn 0 1 -0
vn 0 0.55682200193405151 -0.83063197135925293
vn -0.019037999212741852 0.57269299030303955 -0.81954902410507202
vn 0 0.51738899946212769 -0.85575002431869507
vn 0.0093320002779364586 0.50897800922393799 -0.86072897911071777
vn 0 0.53320997953414917 -0.84598302841186523
vn -0.026587000116705894 0.55610698461532593 -0.83068501949310303
vn 0 0.51140898466110229 -0.85933798551559448
vn 0.014946999959647655 0.49777901172637939 -0.86717498302459717
vn 0 0.52265602350234985 -0.85254400968551636
vn 0.0033400000538676977 0.51967799663543701 -0.85435599088668823
vn 0.84812700748443604 0.52979302406311035 -0
vn 0.66576898097991943 0.74615800380706787 -0
vn 0.84528201818466187 0.53432101011276245 -3.0000001061125658E-06
vn 0.84883499145507812 0.52865701913833618 -0
vn 0.63159900903701782 0.77529501914978027 -0
vn 0.68509399890899658 0.72845399379730225 0
vn 0.84812700748443604 0.52979302406311035 -0
vn 0.84875202178955078 0.52879101037979126 -0
vn 0.63159900903701782 0.77529501914978027 -0
vn 0.68147701025009155 0.73183900117874146 -0
vn 0.84812700748443604 0.52979201078414917 -0
vn 0.84879899024963379 0.52871501445770264 -3.9999999899009708E-06
vn 0.84880101680755615 0.52871298789978027 -0
vn 0.63159900903701782 0.77529501914978027 -0
vn 0.68237400054931641 0.73100298643112183 -0
vn 0.84814202785491943 0.52976900339126587 -3.0000001061125658E-06
vn 0.8487740159034729 0.52875602245330811 -0
vn 0.63159900903701782 0.77529501914978027 -0
vn 0.68095499277114868 0.73232501745223999 -0
vn 0.84815901517868042 0.52974200248718262 -0
vn 0.63159900903701782 0.77529501914978027 -0
vn 0.68191301822662354 0.73143297433853149 -0
vn 0.019037999212741852 0.57269299030303955 -0.81954902410507202
vn 0.019037999212741852 0.57269299030303955 -0.81954902410507202
vn -0.0093320002779364586 0.50897800922393799 -0.86072897911071777
vn -0.0093320002779364586 0.50897800922393799 -0.86072897911071777
vn 0.026587000116705894 0.55610698461532593 -0.83068501949310303
vn 0.026587000116705894 0.55610698461532593 -0.83068501949310303
vn -0.014946999959647655 0.49777901172637939 -0.86717498302459717
vn -0.014946999959647655 0.49777901172637939 -0.86717498302459717
vn -0.0033400000538676977 0.51967799663543701 -0.85435599088668823
vn -0.0033400000538676977 0.51967799663543701 -0.85435599088668823
vn -1 -0 0
vn -1 -0 0
vn -1 -0 0
vn -1 -0 0
vn -1 -0 0
vn 0 -0.97813701629638672 0.2079630047082901
vn 0 -0.82604700326919556 0.56360197067260742
vn -0 -0.9121059775352478 0.4099540114402771
vn 0 -0.61580097675323486 0.78790199756622314
vn 0 -0.81741297245025635 0.57605201005935669
vn 9.9999999747524271E-07 -0.93523800373077393 0.35401898622512817
vn 0 -1 1.9999999949504854E-06
vn 0 -1 1.9999999949504854E-06
vn 1.9999999949504854E-06 -0.93523901700973511 0.35401800274848938
vn -1 -0 3.0000001061125658E-06
vn -1 -0 3.0000001061125658E-06
vn -1 -0 3.0000001061125658E-06
vn -1 -0 3.0000001061125658E-06
vn -1 -9.9999999747524271E-07 3.0000001061125658E-06
vn -1 -0 3.0000001061125658E-06
vn 9.9999999747524271E-07 -0.74934297800064087 0.66218298673629761
vn 0 -0.74934202432632446 0.66218298673629761
vn 0 0.94122898578643799 0.33776798844337463
vn -0 0.45239800214767456 0.89181602001190186
vn -0 0.057167999446392059 0.99836498498916626
vn 0 0.00010900000052060932 -1
vn -0 0.43557000160217285 -0.90015500783920288
vn -0 0.94448202848434448 -0.32856398820877075
vn -1 0 0
vn -1 0 0
vn -1 0 0
vn -1 0 0
vn 0 -0.70710700750350952 -0.70710700750350952
vn 0 -0.70710700750350952 0.70710700750350952
vn 0 0 -1
vn 0 0 1
vn -0.86759597063064575 9.9999999747524271E-07 0.49727100133895874
vn -0.7914310097694397 -1.9999999949504854E-06 -0.61125898361206055
vn 0.12739700078964233 -1.9999999949504854E-06 -0.99185198545455933
vn 0.12739799916744232 -1.9999999949504854E-06 -0.99185198545455933
vn 0.12739799916744232 -1.9999999949504854E-06 -0.99185198545455933
vn 0.96510398387908936 -0 -0.26186800003051758
vn 0.38268598914146423 3.0000001061125658E-06 0.923878014087677
vn -0.86602497100830078 0.5 0
vn -0.86602497100830078 0.5 0
vn -1 0 0
vn -1 0 0
vn -0.5 0.86602598428726196 0
vn -0.5 0.86602497100830078 9.9999999747524271E-07
vn -0 1 9.9999999747524271E-07
vn -0 1 9.9999999747524271E-07
vn 0.5 0.86602497100830078 0
vn 0.5 0.86602497100830078 0
vn 0.92935502529144287 0.36918801069259644 0
vn 0.92935502529144287 0.36918801069259644 0
vn 0.89248698949813843 -0.45107299089431763 0
vn 0.89248698949813843 -0.45107299089431763 0
vn 0.19974300265312195 -0.97984802722930908 0
vn 0.19974300265312195 -0.97984802722930908 0
vn -0.49999898672103882 -0.86602598428726196 9.9999999747524271E-07
vn -0.49999898672103882 -0.86602598428726196 9.9999999747524271E-07
vn 0.19974300265312195 -0.97984802722930908 0
vn 0.19974300265312195 -0.97984802722930908 0
vn -0.86602497100830078 -0.5 9.9999999747524271E-07
vn -0.86602497100830078 -0.5 9.9999999747524271E-07
vn -0.98871797323226929 -0.14973099529743195 0.0042159999720752239
vn -0.94790899753570557 -0.31374600529670715 0.055054999887943268
vn -0.96763801574707031 -0.237963005900383 0.083959996700286865
vn -0.9743729829788208 -0.18224999308586121 0.13184300065040588
vn -0.94584500789642334 -0.12737399339675903 0.29858401417732239
vn -0.98062801361083984 -0.10403700172901154 0.1659650057554245
vn -0.93634301424026489 -0.10171700268983841 0.33602899312973022
vn -0.84891802072525024 -0.52156400680541992 0.085492998361587524
vn -0.80833500623703003 -0.58366501331329346 0.077003002166748047
vn -0.9995800256729126 -0.028970999643206596 0
vn -0.99908202886581421 -0.042847000062465668 0
vn -0.96368598937988281 0.26703798770904541 0
vn -0.9753730297088623 0.22056299448013306 -7.4000003223773092E-05
vn -0.83187597990036011 0.55496102571487427 0.00060000002849847078
vn -0.83909100294113159 0.54399102926254272 7.4000003223773092E-05
vn 0 0.99999898672103882 -0.0012019999558106065
vn -0.57407599687576294 0.21017700433731079 0.79136699438095093
vn 0 0.29599800705909729 0.95518898963928223
vn 0 0.19528700411319733 -0.98074597120285034
vn 0 0.025243999436497688 -0.99968099594116211
vn -9.9999999747524271E-07 -0.76120299100875854 0.64851397275924683
vn -0 -0.733955979347229 0.67919701337814331
vn -0 -0.49011799693107605 0.87165600061416626
vn -9.9999999747524271E-07 -0.52440398931503296 0.85146999359130859
vn 0 0.26889398694038391 -0.96316999197006226
vn -9.9999999747524271E-07 -0.48921900987625122 0.87216097116470337
vn -0 -0.24778500199317932 -0.96881502866744995
vn -0 -0.15977700054645538 -0.98715299367904663
vn -0 -0.19521500170230865 -0.98076099157333374
vn -0 -0.050926998257637024 -0.99870198965072632
vn -0.049867000430822372 0.9271780252456665 -0.371288001537323
vn 0 0.2693600058555603 -0.96303999423980713
vn 0 -0.49011799693107605 0.87165600061416626
vn 0.9743729829788208 -0.18224999308586121 0.13184300065040588
vn 0.94584500789642334 -0.12737399339675903 0.29858401417732239
vn 0.93634301424026489 -0.10171700268983841 0.33602899312973022
vn 0.99908202886581421 -0.042847000062465668 -0
vn 0.9753730297088623 0.22056199610233307 -7.4000003223773092E-05
vn 0.83909100294113159 0.54399001598358154 7.4000003223773092E-05
vn 0.57407701015472412 0.21017700433731079 0.79136699438095093
vn 0 -0.58345997333526611 0.812142014503479
vn 0 -0.58345997333526611 0.812142014503479
vn 0 -0.58345997333526611 0.812142014503479
vn 9.9999999747524271E-07 -1 1.9999999949504854E-06
vn 0 -1 1.9999999949504854E-06
vn 0 -1 1.9999999949504854E-06
vn 9.9999999747524271E-07 -1 1.9999999949504854E-06
vn 1 0 -3.9999999899009708E-06
vn -1 -9.9999999747524271E-07 3.0000001061125658E-06
vn -1 -9.9999999747524271E-07 3.0000001061125658E-06
vn -1.9999999949504854E-06 0.89865797758102417 -0.43865099549293518
vn -3.0000001061125658E-06 0.89865601062774658 -0.43865299224853516
vn -1.9999999949504854E-06 0.97433501482009888 -0.22510500252246857
vn -9.9999999747524271E-07 0.97433501482009888 -0.22510400414466858
vn 0 0.97410500049591064 0.22609600424766541
vn 0 0.97410500049591064 0.22609600424766541
vn 1.9999999949504854E-06 0.8986629843711853 0.43863898515701294
vn 1.9999999949504854E-06 0.8986629843711853 0.43863898515701294
vn 9.9999999747524271E-07 0.89775997400283813 0.44048398733139038
vn -1 -0 3.0000001061125658E-06
vn -1 -0 3.9999999899009708E-06
vn -0.86602598428726196 0.5 0
vn -0.86602598428726196 0.5 0
vn -1 9.9999999747524271E-07 0
vn -1 9.9999999747524271E-07 0
vn -0.49999698996543884 0.86602699756622314 -0
vn -0.49999698996543884 0.86602699756622314 -0
vn 0 1 -0
vn -0 1 -0
vn 0.57283097505569458 0.81967401504516602 -0
vn 0.57283002138137817 0.81967401504516602 -0
vn 0.98465001583099365 0.17454099655151367 -0
vn 0.98465001583099365 0.17454199492931366 -0
vn 0.76546299457550049 -0.64348000288009644 -0
vn 0.76546299457550049 -0.64348000288009644 -0
vn 0.086249999701976776 -0.99627399444580078 0
vn 0.086250998079776764 -0.9962729811668396 0
vn -0.50000202655792236 -0.86602401733398438 0
vn -0.50000101327896118 -0.86602497100830078 0
vn 0.086250998079776764 -0.9962729811668396 0
vn 0.086249999701976776 -0.99627399444580078 0
vn -0.86602401733398438 -0.50000202655792236 0
vn -0.86602497100830078 -0.50000101327896118 0
vn 0.97967100143432617 0.20060999691486359 -4.9999998736893758E-06
vn 0.81114602088928223 0.58484399318695068 -4.9999998736893758E-06
vn -0.81114500761032104 0.58484500646591187 9.0000003183376975E-06
vn -0.97967201471328735 0.20060700178146362 3.0000001061125658E-06
vn 0 0 -1
vn 0 0 -1
vn 0 0 -1
vn 0 0 -1
vn 0 0 -1
vn 0 0 -1
vn 0 0 -1
vn 1 0 -4.9999998736893758E-06
vn -1 0 3.0000001061125658E-06
vn 0 0 -1
vn 0 0 -1
vn -0.49999600648880005 0.86602801084518433 1.9999999949504854E-06
vn -0.86602598428726196 -0.49999898672103882 3.0000001061125658E-06
vn -1 -1.9999999949504854E-06 3.0000001061125658E-06
vn 0.86602902412414551 -0.49999299645423889 1.9999999949504854E-06
vn 1 -3.9999999899009708E-06 -3.0000001061125658E-06
vn 9.9999999747524271E-07 1 -0
vn 0.96592700481414795 9.9999999747524271E-07 0.2588140070438385
vn 0.64737099409103394 -0.53116101026535034 0.54660701751708984
vn 0.79174298048019409 -0.57283198833465576 0.21214699745178223
vn 0.79174298048019409 -0.57283198833465576 0.21214699745178223
vn 0.16859400272369385 -0.98465001583099365 0.045175999402999878
vn -0.62155699729919434 -0.76546198129653931 -0.1665399968624115
vn -0.99124401807785034 -0.076608002185821533 0.10755100101232529
vn -0.96232599020004272 -0.086249999701976776 -0.25785499811172485
vn -0.83652001619338989 0.49999600648880005 -0.22413800656795502
vn -0.96232599020004272 -0.086249999701976776 -0.25785499811172485
vn -0.48296299576759338 0.86602497100830078 -0.12941199541091919
vn 9.9999999747524271E-07 1 -9.9999999747524271E-07
vn 0.48296400904655457 0.86602497100830078 0.12940500676631927
vn 0.83651500940322876 0.50000399351119995 0.22414000332355499
vn 0.60533201694488525 -0.52552199363708496 0.59782898426055908
vn -0.98126101493835449 -0.085404999554157257 0.17272500693798065
vn 0.79174298048019409 -0.57283300161361694 0.21214500069618225
vn -0.96232700347900391 -0.086250998079776764 -0.2578510046005249
vn 3.0000001061125658E-06 -0 1
vn 1.9999999949504854E-06 -0 1
vn 0 -0.30903100967407227 0.95105201005935669
vn 3.0000001061125658E-06 -0.30901101231575012 0.95105797052383423
vn 0.93460601568222046 -0.3556860089302063 -1.9999999949504854E-06
vn 0.93546998500823975 0.35340699553489685 -3.9999999899009708E-06
vn 1.9999999949504854E-06 0.311614990234375 0.95020800828933716
vn 1.9999999949504854E-06 0.311614990234375 0.95020800828933716
vn 3.9999999899009708E-06 9.9999999747524271E-07 1
vn 1 0 -3.0000001061125658E-06
vn 0.93546998500823975 0.35340601205825806 -3.9999999899009708E-06
vn 1 0 -3.0000001061125658E-06
vn 1 9.9999999747524271E-07 -3.0000001061125658E-06
vn 1 9.9999999747524271E-07 -3.0000001061125658E-06
vn 1 9.9999999747524271E-07 -3.0000001061125658E-06
vn 1 0 -3.0000001061125658E-06
vn 1 0 -3.0000001061125658E-06
vn 0.83725601434707642 0.54681098461151123 -3.9999999899009708E-06
vn 1 -0.00015700000221841037 9.9999999747524271E-07
vn 1 -9.9999997473787516E-06 -1.8000000636675395E-05
vn 1 -0.00014099999680183828 -6.0000002122251317E-06
vn 1 9.9999997473787516E-06 -1.7000000298139639E-05
vn 0 0.61884397268295288 0.78551399707794189
vn 0 0.61884397268295288 0.78551399707794189
vn 0 0.88179397583007812 0.47163501381874084
vn 0 0.99690002202987671 0.078681997954845428
vn 9.9999999747524271E-07 0.95808500051498413 0.2864840030670166
vn 9.9999999747524271E-07 0.95808500051498413 0.28648298978805542
vn -3.0000001061125658E-06 0.65552401542663574 -0.75517499446868896
vn -1.9999999949504854E-06 0.64614999294281006 -0.76321101188659668
vn 1 -0 -3.0000001061125658E-06
vn 1 0 -3.0000001061125658E-06
vn 0.33427798748016357 0.3629089891910553 -0.86980199813842773
vn 0.48657199740409851 0.3386090099811554 -0.80535197257995605
vn 0.48458701372146606 0.33849900960922241 -0.80659401416778564
vn 0.9848099946975708 0.17363299429416656 -3.9999999899009708E-06
vn 1 1.8999999156221747E-05 -7.0000000960135367E-06
vn 0.83083301782608032 0.55652201175689697 -3.9999999899009708E-06
vn -1.9999999949504854E-06 0.76272797584533691 -0.64671999216079712
vn -1.9999999949504854E-06 0.77374297380447388 -0.63349902629852295
vn 1 0 -3.0000001061125658E-06
vn 9.9999999747524271E-07 0.93155902624130249 0.36359098553657532
vn 1.9999999949504854E-06 -0.78156697750091553 0.62382197380065918
vn 1.9999999949504854E-06 -0.78156697750091553 0.62382197380065918
vn 0 -1 1.9999999949504854E-06
vn 0 -1 1.9999999949504854E-06
vn 0 -1 1.9999999949504854E-06
vn -9.9999999747524271E-07 -0.73014402389526367 -0.68329298496246338
vn -1.9999999949504854E-06 -0.39793801307678223 -0.91741198301315308
vn -3.0000001061125658E-06 0.36491098999977112 -0.93104201555252075
vn -9.9999999747524271E-07 0.91637700796127319 -0.40031498670578003
vn -0 1 -1.9999999949504854E-06
vn -0 1 -1.9999999949504854E-06
vn -0 1 -1.9999999949504854E-06
vn 3.0000001061125658E-06 1.9999999949504854E-06 1
vn 7.0000000960135367E-06 0 1
vn 0.74697500467300415 -0.66485202312469482 -9.9999999747524271E-07
vn 0.74697399139404297 -0.66485399007797241 -9.9999999747524271E-07
vn -0.93546998500823975 0.35340499877929688 1.9999999949504854E-06
vn -0.93460500240325928 -0.35568699240684509 3.9999999899009708E-06
vn -1 -0 3.0000001061125658E-06
vn -1 -0 3.0000001061125658E-06
vn -1 -0 3.0000001061125658E-06
vn -1 -0.00015700000221841037 7.0000000960135367E-06
vn -1 -9.9999997473787516E-06 -1.2000000424450263E-05
vn -1 -0.00014200000441633165 0
vn -1 1.8000000636675395E-05 -9.9999999747524271E-07
vn -1 9.9999997473787516E-06 -1.1000000085914508E-05
vn 0 0.61884397268295288 0.78551399707794189
vn 9.9999999747524271E-07 0.61884397268295288 0.78551399707794189
vn 3.0000001061125658E-06 0.88179397583007812 0.47163599729537964
vn 0 0.99690002202987671 0.078682996332645416
vn -0.91057002544403076 0.16020999848842621 -0.38104400038719177
vn -0.33428299427032471 0.3629089891910553 -0.86979997158050537
vn -0.98481100797653198 0.17363199591636658 3.0000001061125658E-06
vn 3.9999999899009708E-06 0 1
vn -1 -0 3.0000001061125658E-06
vn 7.0000000960135367E-06 0 1
vn 7.0000000960135367E-06 0 1
vn -0.74697399139404297 -0.66485399007797241 3.9999999899009708E-06
vn -3.0000001061125658E-06 1 -1.5999999959603883E-05
vn 1 0 -3.0000001061125658E-06
vn 0 0.88633102178573608 -0.46305099129676819
vn 0 0.43571498990058899 -0.9000849723815918
vn 0 0.4357140064239502 -0.9000849723815918
vn 0 0.88633102178573608 -0.46305200457572937
vn -1.2000000424450263E-05 0.4357140064239502 -0.9000849723815918
vn -6.0000002122251317E-06 0.88633197546005249 -0.46305099129676819
vn -7.0000000960135367E-06 0.88633102178573608 -0.46305200457572937
vn -1.2999999853491317E-05 0.44064199924468994 -0.89768302440643311
vn -7.0000000960135367E-06 0.99680101871490479 0.079921998083591461
vn 0 0.99429500102996826 -0.10666199773550034
vn -0 0.99429500102996826 -0.10666300356388092
vn -7.9999999798019417E-06 0.99680101871490479 0.079921998083591461
vn 0 0.99429500102996826 -0.10666400194168091
vn -9.9999999747524271E-07 0.99429500102996826 -0.10666199773550034
vn -1.9999999949504854E-06 0 -1
vn -9.9999999747524271E-07 9.9999999747524271E-07 -1
vn -9.9999999747524271E-07 -9.9999999747524271E-07 -1
vn 9.9999999747524271E-07 0.99680101871490479 0.079922996461391449
vn 9.9999999747524271E-07 0.99680101871490479 0.079922996461391449
vn 0 1 -3.0000001061125658E-06
vn 9.9999999747524271E-07 1 -3.0000001061125658E-06
vn 9.9999999747524271E-07 1 -3.0000001061125658E-06
vn -0 1 -1.9999999949504854E-06
vn -1 -0 3.0000001061125658E-06
vn 3.9999999899009708E-06 1.1000000085914508E-05 1
vn 0 -0.12739700078964233 0.99185198545455933
vn 0 -0.92387998104095459 0.38268300890922546
vn 9.9999999747524271E-07 -0.92387902736663818 0.38268399238586426
vn 1.9999999949504854E-06 0.70710998773574829 0.70710402727127075
vn 0 1 -3.0000001061125658E-06
vn 0 0.70710700750350952 -0.70710700750350952
vn 0 -9.9999999747524271E-07 -1
vn -3.0000001061125658E-06 -0.79143202304840088 -0.61125701665878296
vn 9.9999999747524271E-07 -0.92387902736663818 0.38268399238586426
vn -0.32090699672698975 -0.15299400687217712 -0.93467199802398682
vn -0.31305798888206482 -0.13455300033092499 -0.94015401601791382
vn -0.31721100211143494 -0.16274499893188477 -0.93428599834442139
vn -0.30582699179649353 -0.16490599513053894 -0.93769699335098267
vn -0.32090801000595093 -0.15299299359321594 -0.93467199802398682
vn -0.31305798888206482 -0.13454900681972504 -0.940155029296875
vn -0.31721198558807373 -0.16274499893188477 -0.93428599834442139
vn -0.30582600831985474 -0.16490599513053894 -0.93769699335098267
vn -1.9999999949504854E-06 -0.70710599422454834 -0.7071080207824707
vn 0 -1 3.0000001061125658E-06
vn 0.36956200003623962 -0.92920601367950439 1.9999999949504854E-06
vn -3.0000001061125658E-06 -1.9999999949504854E-06 -1
vn -9.9999999747524271E-07 0.70710599422454834 -0.7071080207824707
vn 9.9999999747524271E-07 1 -0
vn 4.9999998736893758E-06 0.7071080207824707 0.70710599422454834
vn 9.9999999747524271E-07 3.0000001061125658E-06 1
vn 3.0000001061125658E-06 -0.70710599422454834 0.7071080207824707
vn 0 -1 3.0000001061125658E-06
vn 0.31587401032447815 -0.94880098104476929 -0
vn -0.98694097995758057 -0.11390399932861328 -0.11389999836683273
vn -0.98694097995758057 -0.16108399629592896 3.9999999899009708E-06
vn -0.98694097995758057 -9.9999999747524271E-07 -0.161080002784729
vn -0.98694097995758057 0.11390300095081329 -0.11389999836683273
vn -0.98694097995758057 0.16108199954032898 3.0000001061125658E-06
vn -0.98694097995758057 0.11390200257301331 0.11390600353479385
vn -0.98694002628326416 -0 0.16108700633049011
vn -0.98694002628326416 -0.11390300095081329 0.11390700191259384
vn 3.0000001061125658E-06 -1 3.9999999899009708E-06
vn 1 0 -3.0000001061125658E-06
vn -0.16724799573421478 0.69329899549484253 0.7009739875793457
vn 0.1758430004119873 -0.89478802680969238 -0.41040700674057007
vn -0.92405599355697632 -0.27753999829292297 0.2628529965877533
vn -0.9846460223197937 -0.14760799705982208 -0.093185998499393463
vn -0.89298498630523682 -0.40569299459457397 0.19491299986839294
vn -0.98457002639770508 -0.14762899279594421 -0.093956999480724335
vn -0.11816900223493576 0.81690901517868042 0.56453198194503784
vn -0.15510000288486481 0.81266897916793823 0.56170600652694702
vn 0.15379099547863007 -0.81429702043533325 -0.5597040057182312
vn 0.13887900114059448 -0.82347899675369263 -0.55008697509765625
vn -0.12275700271129608 0.79605501890182495 0.59264397621154785
vn 0.14746999740600586 -0.80890500545501709 -0.56914502382278442
vn 0.91460698843002319 0.34320700168609619 -0.21378099918365479
vn 0.95143800973892212 0.28378099203109741 -0.11930400133132935
vn 0.98413801193237305 0.15900400280952454 -0.078680001199245453
vn -0.88926100730895996 0.45739001035690308 0.0029760000761598349
vn -0.63211697340011597 0.067555002868175507 -0.7719230055809021
vn -0.4810749888420105 0.4894300103187561 0.72734099626541138
vn -0.1875700056552887 0.39590799808502197 0.89892899990081787
vn -0.32172700762748718 -0.17559300363063812 -0.93040800094604492
vn -0.84546399116516113 0.53325897455215454 -0.028731999918818474
vn -0.62014597654342651 0.035013999789953232 -0.78370499610900879
vn -0.42574700713157654 0.59451901912689209 0.68211901187896729
vn -0.14496800303459167 0.49460899829864502 0.85693997144699097
vn -0.31136599183082581 -0.27501198649406433 -0.90962600708007812
vn -0.40325599908828735 -0.1601639986038208 -0.90096199512481689
vn -0.66229897737503052 0.080314002931118011 -0.74492299556732178
vn -0.84519398212432861 0.53371697664260864 -0.028171999379992485
vn -0.42574700713157654 0.59451901912689209 0.68211901187896729
vn -0.14497099816799164 0.494610995054245 0.85693901777267456
vn -0.73837602138519287 0.66468900442123413 0.11397299915552139
vn 0.20146399736404419 0.065112002193927765 0.97732901573181152
vn 0.71397000551223755 -0.67312502861022949 -0.19274300336837769
vn -0.21520200371742249 -0.05237400159239769 -0.97516399621963501
vn 0.4202289879322052 -0.13801699876785278 0.89686101675033569
vn 0.46614500880241394 -0.30972200632095337 0.82872200012207031
vn -0.72898799180984497 0.67451798915863037 0.11662700027227402
vn 0.25898599624633789 0.12304600328207016 0.95801198482513428
vn 0.69995301961898804 -0.68757200241088867 -0.19315899908542633
vn -0.27255600690841675 -0.1101360023021698 -0.95581597089767456
vn -0.7068830132484436 0.70728999376296997 -0.0076040001586079597
vn 0.1634490042924881 0.1821260005235672 0.96959501504898071
vn 0.68538200855255127 -0.72475802898406982 -0.070555999875068665
vn -0.17658300697803497 -0.16859999299049377 -0.96973800659179688
vn 0.16725000739097595 0.69329899549484253 0.7009739875793457
vn -0.20398800075054169 -0.88679999113082886 -0.41469898819923401
vn 0.92405599355697632 -0.27753999829292297 0.2628529965877533
vn 0.9846460223197937 -0.14760899543762207 -0.093185998499393463
vn 0.892985999584198 -0.405690997838974 0.19491200149059296
vn 0.98457002639770508 -0.14763100445270538 -0.093957997858524323
vn -0.13672299683094025 -0.81768500804901123 -0.55919498205184937
vn -0.13736400008201599 -0.81770598888397217 -0.55900698900222778
vn 0.10263500362634659 0.81602799892425537 0.56882697343826294
vn 0.098950996994972229 0.81578797101974487 0.56982302665710449
vn 0.01604899950325489 0.96649700403213501 0.25617599487304688
vn 0.091659002006053925 0.93162000179290771 0.35168701410293579
vn 0.030443999916315079 0.91785901784896851 0.39573800563812256
vn 0.721405029296875 0.66768699884414673 0.18376399576663971
vn -0.15264199674129486 0.10769599676132202 0.98239600658416748
vn -0.72918897867202759 -0.67127698659896851 -0.13292999565601349
vn 0.25480800867080688 -0.016583999618887901 -0.96684902906417847
vn 0.70791900157928467 0.68163800239562988 0.18498499691486359
vn -0.21063800156116486 0.16613499820232391 0.96334397792816162
vn -0.71868497133255005 -0.68219101428985596 -0.13456499576568604
vn 0.31152498722076416 -0.073683001101016998 -0.94737702608108521
vn 0.6927189826965332 0.7185400128364563 0.061974000185728073
vn -0.11674100160598755 0.22722500562667847 0.96682000160217285
vn -0.69815999269485474 -0.71586102247238159 -0.01080199982970953
vn 0.21458099782466888 -0.13023699820041656 -0.96798402070999146
vn -0.003590000094845891 -0.70823997259140015 -0.70596301555633545
vn -0.0035959999077022076 -0.70823901891708374 0.70596301555633545
vn 0.0013129999861121178 0.70668399333953857 0.70752799510955811
vn 0.0013210000470280647 0.70668798685073853 -0.70752400159835815
vn -1 0 0
vn -1 0 0
vn -1 0 0
vn -1 0 0
vn 0 -0.70710700750350952 -0.70710700750350952
vn 0 -0.70710700750350952 0.70710700750350952
vn 0 0 -1
vn 0 0 1
vn -0.90582799911499023 0.39977499842643738 0.14019499719142914
vn -0.90296602249145508 0.39837300777435303 0.16109399497509003
vn -0.89191001653671265 0.42970800399780273 0.14088499546051025
vn -0.8850409984588623 0.45084699988365173 0.11592599749565125
vn -0.92919498682022095 0.33664500713348389 0.15253299474716187
vn -0.93257701396942139 0.32777699828147888 0.15120300650596619
vn 0.21877199411392212 -0.51841497421264648 -0.82667100429534912
vn 0.19119900465011597 -0.67320400476455688 -0.71430999040603638
vn 0.30847600102424622 -0.61677402257919312 -0.72417700290679932
vn 0.2855449914932251 -0.36446800827980042 -0.88635599613189697
vn 0.33758801221847534 -0.31309100985527039 -0.88769799470901489
vn -0.242467001080513 -0.96538299322128296 0.096147999167442322
vn -0.45808699727058411 -0.88873898983001709 0.017311999574303627
vn -0.51137101650238037 -0.85921698808670044 -0.015658000484108925
vn -0.12742599844932556 -0.99143302440643311 0.028689000755548477
vn 0.97791498899459839 -0.18951499462127686 -0.088122002780437469
vn 0.96527600288391113 -0.2076680064201355 -0.15848100185394287
vn 0.94488000869750977 -0.26326099038124084 -0.19466599822044373
vn 0.99091702699661255 -0.13074000179767609 -0.03147599846124649
vn -0.80905401706695557 -0.5877150297164917 0.0047360002063214779
vn -0.9730449914932251 -0.21370899677276611 -0.086669996380805969
vn -0 0.81740999221801758 -0.57605600357055664
vn -0 -0.33340498805046082 -0.94278401136398315
vn -0 -0.39234200119972229 -0.91981899738311768
vn 0 0 -1
vn 0.018880000337958336 -0.095881998538970947 -0.99521398544311523
vn 0.019271999597549438 0.62205797433853149 -0.7827339768409729
vn 0 -0.15379199385643005 -0.98810297250747681
vn 0 -0.23265500366687775 -0.97255897521972656
vn 0 -0.85068702697753906 0.52567201852798462
vn 0.01952500082552433 -0.9861299991607666 -0.1648239940404892
vn 0.72640198469161987 -0.54655301570892334 -0.41667801141738892
vn 0.720100998878479 -0.49101701378822327 -0.49026200175285339
vn 0.93191498517990112 -0.35689601302146912 -0.064490996301174164
vn 0.96792799234390259 -0.25122600793838501 0
vn -0.28651198744773865 0.25261399149894714 -0.92417299747467041
vn -0.38478899002075195 0.92227798700332642 -0.036619998514652252
vn -0.38533100485801697 0.92204999923706055 -0.036642998456954956
vn 0 0.99953597784042358 -0.030453000217676163
vn -0.53583699464797974 0.84322899580001831 -0.042934998869895935
vn 0.90580898523330688 0.39986899495124817 0.14005400240421295
vn 0.8850409984588623 0.45084699988365173 0.11592599749565125
vn 0.89191001653671265 0.42970699071884155 0.14088499546051025
vn 0.90493601560592651 0.39398801326751709 0.1608240008354187
vn 0.92918598651885986 0.33681899309158325 0.15220500528812408
vn 0.93269097805023193 0.32769098877906799 0.1506820023059845
vn -0.21877199411392212 -0.51841497421264648 -0.82667100429534912
vn -0.3084770143032074 -0.61677402257919312 -0.72417700290679932
vn -0.19119900465011597 -0.67320400476455688 -0.71430999040603638
vn -0.28554600477218628 -0.36446800827980042 -0.88635599613189697
vn -0.33758801221847534 -0.31309100985527039 -0.88769799470901489
vn 0.17510600388050079 -0.98184400796890259 0.072944000363349915
vn 0.19252499938011169 -0.97722899913787842 0.089210003614425659
vn 0.12742599844932556 -0.99143302440643311 0.028689000755548477
vn -0.97791498899459839 -0.18951499462127686 -0.088122002780437469
vn -0.94488000869750977 -0.26326099038124084 -0.19466499984264374
vn -0.96527600288391113 -0.2076680064201355 -0.15848100185394287
vn -0.99091702699661255 -0.13074000179767609 -0.031475000083446503
vn 0.97958797216415405 -0.19922299683094025 -0.026802999898791313
vn 9.9999999747524271E-07 -1.9999999949504854E-06 -1
vn -0.0096429996192455292 -0.1679760068655014 -0.98574399948120117
vn -0.019271999597549438 0.62205702066421509 -0.7827339768409729
vn 0 -0.13985000550746918 -0.99017298221588135
vn -0.72640198469161987 -0.54655301570892334 -0.41667801141738892
vn -0.720100998878479 -0.49101600050926208 -0.49026298522949219
vn -0.92803800106048584 -0.33492499589920044 0.16300399601459503
vn -0.92203700542449951 -0.28242099285125732 0.264739990234375
vn 0.28651198744773865 0.25261399149894714 -0.92417299747467041
vn 0.38533100485801697 0.92204999923706055 -0.036644000560045242
vn 0.38478899002075195 0.92227798700332642 -0.036619998514652252
vn 0.53583699464797974 0.84322899580001831 -0.042934998869895935
vn 0.10226999968290329 -0.81167697906494141 -0.57508301734924316
vn 0.14739100635051727 -0.64541298151016235 -0.74947798252105713
vn 0.11528000235557556 -0.63364899158477783 -0.76498401165008545
vn 0.090384997427463531 -0.81437498331069946 -0.57325798273086548
vn -0.090397000312805176 -0.81437897682189941 -0.57324999570846558
vn -0.10227599740028381 -0.81168299913406372 -0.5750730037689209
vn -0.11867800354957581 -0.63307797908782959 -0.76493597030639648
vn -0.1494159996509552 -0.64885902404785156 -0.7460939884185791
vn -0.00054699997417628765 -0.51190900802612305 -0.85903900861740112
vn 0.00077199999941512942 -0.51435697078704834 -0.85757601261138916
vn -1.9999999949504854E-06 -0.48236501216888428 -0.87597000598907471
vn -4.9999998736893758E-06 -0.48236998915672302 -0.87596797943115234
vn -0.64095801115036011 -0.6165580153465271 0.45719599723815918
vn -0.76564502716064453 -0.51670300960540771 0.38315200805664062
vn 0.76564300060272217 -0.51670700311660767 0.38315001130104065
vn 0.68673700094223022 0.47968798875808716 -0.54615998268127441
vn -0.68673598766326904 0.4796999990940094 -0.54615199565887451
vn -0.76564502716064453 -0.51670300960540771 0.38315200805664062
vn 0.86775702238082886 0.39943099021911621 -0.29572400450706482
vn 0.69221299886703491 -0.48747599124908447 0.53217297792434692
vn -0.69221097230911255 -0.48747900128364563 0.53217399120330811
vn -0.86757099628448486 0.39947399497032166 -0.29621300101280212
vn -0.86748999357223511 0.40000501275062561 -0.29573100805282593
vn -1 9.9999999747524271E-07 3.9999999899009708E-06
vn 0.86732500791549683 0.4004490077495575 -0.29561400413513184
vn 1 -9.9999999747524271E-07 -3.9999999899009708E-06
f 286/286/286 285/285/285 2/2/2
f 2/2/2 2050/2050/2050 286/286/286
f 3/3/3 6/6/6 5/5/5
f 5/5/5 2051/2051/2051 3/3/3
f 2052/2052/2052 2053/2053/2053 9/9/9
f 9/9/9 8/8/8 2052/2052/2052
f 11/11/11 2054/2054/2054 21/21/21
f 21/21/21 12/12/12 11/11/11
f 2055/2055/2055 2056/2056/2056 2057/2057/2057
f 2057/2057/2057 15/15/15 2055/2055/2055
f 18/18/18 7/7/7 2058/2058/2058
f 2058/2058/2058 2059/2059/2059 18/18/18
f 23/23/23 25/25/25 24/24/24
f 24/24/24 18/18/18 23/23/23
f 18/18/18 2059/2059/2059 2060/2060/2060
f 2060/2060/2060 23/23/23 18/18/18
f 21/21/21 28/28/28 27/27/27
f 19/19/19 27/27/27 28/28/28
f 28/28/28 26/26/26 19/19/19
f 29/29/29 32/32/32 31/31/31
f 31/31/31 30/30/30 29/29/29
f 2061/2061/2061 2062/2062/2062 33/33/33
f 2063/2063/2063 34/34/34 37/37/37
f 37/37/37 2064/2064/2064 2063/2063/2063
f 2065/2065/2065 2066/2066/2066 50/50/50
f 50/50/50 66/66/66 2065/2065/2065
f 21/21/21 22/22/22 39/39/39
f 40/40/40 43/43/43 2067/2067/2067
f 2067/2067/2067 2068/2068/2068 40/40/40
f 2069/2069/2069 40/40/40 2068/2068/2068
f 2068/2068/2068 2070/2070/2070 2069/2069/2069
f 2071/2071/2071 43/43/43 39/39/39
f 39/39/39 2072/2072/2072 2071/2071/2071
f 40/40/40 2069/2069/2069 2073/2073/2073
f 2073/2073/2073 39/39/39 40/40/40
f 43/43/43 2071/2071/2071 2074/2074/2074
f 2074/2074/2074 2067/2067/2067 43/43/43
f 43/43/43 40/40/40 39/39/39
f 39/39/39 2073/2073/2073 28/28/28
f 28/28/28 21/21/21 39/39/39
f 2075/2075/2075 48/48/48 2076/2076/2076
f 22/22/22 21/21/21 2054/2054/2054
f 2054/2054/2054 2076/2076/2076 22/22/22
f 2077/2077/2077 2078/2078/2078 52/52/52
f 52/52/52 2079/2079/2079 2077/2077/2077
f 2080/2080/2080 2077/2077/2077 2079/2079/2079
f 2079/2079/2079 2081/2081/2081 2080/2080/2080
f 2082/2082/2082 2083/2083/2083 2084/2084/2084
f 2084/2084/2084 2085/2085/2085 2082/2082/2082
f 2086/2086/2086 2087/2087/2087 2088/2088/2088
f 2089/2089/2089 2087/2087/2087 2086/2086/2086
f 2090/2090/2090 2091/2091/2091 2092/2092/2092
f 2092/2092/2092 59/59/59 2090/2090/2090
f 2090/2090/2090 59/59/59 57/57/57
f 25/25/25 23/23/23 2093/2093/2093
f 2093/2093/2093 2094/2094/2094 25/25/25
f 2060/2060/2060 2095/2095/2095 2093/2093/2093
f 2093/2093/2093 23/23/23 2060/2060/2060
f 28/28/28 2096/2096/2096 2097/2097/2097
f 2097/2097/2097 26/26/26 28/28/28
f 2096/2096/2096 28/28/28 2073/2073/2073
f 2098/2098/2098 2099/2099/2099 2100/2100/2100
f 2100/2100/2100 2101/2101/2101 2098/2098/2098
f 2102/2102/2102 2092/2092/2092 2091/2091/2091
f 2091/2091/2091 2103/2103/2103 2102/2102/2102
f 60/60/60 2104/2104/2104 2105/2105/2105
f 2105/2105/2105 2106/2106/2106 60/60/60
f 68/68/68 2107/2107/2107 2108/2108/2108
f 2108/2108/2108 2109/2109/2109 68/68/68
f 2110/2110/2110 54/54/54 53/53/53
f 53/53/53 2111/2111/2111 2110/2110/2110
f 2112/2112/2112 33/33/33 2113/2113/2113
f 2113/2113/2113 2114/2114/2114 2112/2112/2112
f 2089/2089/2089 58/58/58 2087/2087/2087
f 2089/2089/2089 70/70/70 69/69/69
f 61/61/61 58/58/58 2089/2089/2089
f 2089/2089/2089 69/69/69 61/61/61
f 52/52/52 2078/2078/2078 2115/2115/2115
f 2100/2100/2100 2116/2116/2116 55/55/55
f 2061/2061/2061 2117/2117/2117 2118/2118/2118
f 2118/2118/2118 2062/2062/2062 2061/2061/2061
f 2119/2119/2119 2120/2120/2120 2121/2121/2121
f 76/76/76 75/75/75 2122/2122/2122
f 2123/2123/2123 78/78/78 77/77/77
f 77/77/77 74/74/74 2123/2123/2123
f 7/7/7 253/253/253 10/10/10
f 2124/2124/2124 2125/2125/2125 72/72/72
f 72/72/72 2126/2126/2126 2124/2124/2124
f 37/37/37 72/72/72 2125/2125/2125
f 2125/2125/2125 2064/2064/2064 37/37/37
f 2127/2127/2127 2128/2128/2128 2129/2129/2129
f 2129/2129/2129 2130/2130/2130 2127/2127/2127
f 2131/2131/2131 2132/2132/2132 84/84/84
f 84/84/84 2115/2115/2115 2131/2131/2131
f 52/52/52 87/87/87 2133/2133/2133
f 2133/2133/2133 2134/2134/2134 52/52/52
f 2135/2135/2135 2136/2136/2136 90/90/90
f 91/91/91 11/11/11 12/12/12
f 12/12/12 20/20/20 91/91/91
f 27/27/27 12/12/12 21/21/21
f 91/91/91 20/20/20 8/8/8
f 8/8/8 30/30/30 91/91/91
f 27/27/27 19/19/19 20/20/20
f 20/20/20 12/12/12 27/27/27
f 4/4/4 2137/2137/2137 2138/2138/2138
f 18/18/18 24/24/24 7/7/7
f 2139/2139/2139 2072/2072/2072 22/22/22
f 2072/2072/2072 39/39/39 22/22/22
f 2140/2140/2140 17/17/17 78/78/78
f 78/78/78 2123/2123/2123 2140/2140/2140
f 2141/2141/2141 2142/2142/2142 2143/2143/2143
f 2143/2143/2143 93/93/93 2141/2141/2141
f 96/96/96 2144/2144/2144 94/94/94
f 94/94/94 97/97/97 96/96/96
f 215/215/215 100/100/100 99/99/99
f 99/99/99 216/216/216 215/215/215
f 2145/2145/2145 105/105/105 104/104/104
f 104/104/104 103/103/103 2145/2145/2145
f 106/106/106 109/109/109 2146/2146/2146
f 2146/2146/2146 2147/2147/2147 106/106/106
f 114/114/114 113/113/113 99/99/99
f 2148/2148/2148 2149/2149/2149 116/116/116
f 116/116/116 112/112/112 2148/2148/2148
f 112/112/112 116/116/116 118/118/118
f 118/118/118 111/111/111 112/112/112
f 119/119/119 121/121/121 120/120/120
f 120/120/120 114/114/114 119/119/119
f 25/25/25 117/117/117 115/115/115
f 115/115/115 24/24/24 25/25/25
f 121/121/121 119/119/119 111/111/111
f 111/111/111 118/118/118 121/121/121
f 122/122/122 124/124/124 123/123/123
f 123/123/123 101/101/101 122/122/122
f 2150/2150/2150 182/182/182 92/92/92
f 92/92/92 2151/2151/2151 2150/2150/2150
f 2152/2152/2152 101/101/101 81/81/81
f 81/81/81 96/96/96 2152/2152/2152
f 131/131/131 123/123/123 124/124/124
f 124/124/124 132/132/132 131/131/131
f 131/131/131 132/132/132 133/133/133
f 133/133/133 128/128/128 131/131/131
f 129/129/129 128/128/128 133/133/133
f 133/133/133 130/130/130 129/129/129
f 113/113/113 114/114/114 134/134/134
f 134/134/134 135/135/135 113/113/113
f 2153/2153/2153 130/130/130 133/133/133
f 133/133/133 132/132/132 2153/2153/2153
f 42/42/42 138/138/138 137/137/137
f 137/137/137 41/41/41 42/42/42
f 41/41/41 137/137/137 2154/2154/2154
f 2154/2154/2154 2155/2155/2155 41/41/41
f 140/140/140 141/141/141 135/135/135
f 135/135/135 138/138/138 140/140/140
f 137/137/137 134/134/134 2156/2156/2156
f 2156/2156/2156 2154/2154/2154 137/137/137
f 261/261/261 140/140/140 138/138/138
f 138/138/138 42/42/42 261/261/261
f 137/137/137 138/138/138 135/135/135
f 135/135/135 134/134/134 137/137/137
f 134/134/134 114/114/114 120/120/120
f 120/120/120 2156/2156/2156 134/134/134
f 136/136/136 145/145/145 2157/2157/2157
f 2157/2157/2157 2158/2158/2158 136/136/136
f 187/187/187 122/122/122 101/101/101
f 187/187/187 216/216/216 113/113/113
f 140/140/140 262/262/262 146/146/146
f 146/146/146 141/141/141 140/140/140
f 140/140/140 261/261/261 262/262/262
f 2159/2159/2159 2160/2160/2160 2161/2161/2161
f 2162/2162/2162 85/85/85 148/148/148
f 2163/2163/2163 2164/2164/2164 2165/2165/2165
f 2165/2165/2165 2166/2166/2166 2163/2163/2163
f 2166/2166/2166 2162/2162/2162 2167/2167/2167
f 2167/2167/2167 2163/2163/2163 2166/2166/2166
f 87/87/87 151/151/151 152/152/152
f 152/152/152 2168/2168/2168 87/87/87
f 2168/2168/2168 152/152/152 2169/2169/2169
f 2169/2169/2169 2170/2170/2170 2168/2168/2168
f 2171/2171/2171 2172/2172/2172 2173/2173/2173
f 2173/2173/2173 153/153/153 2171/2171/2171
f 83/83/83 2153/2153/2153 132/132/132
f 132/132/132 124/124/124 83/83/83
f 2174/2174/2174 2175/2175/2175 2176/2176/2176
f 2174/2174/2174 2177/2177/2177 2175/2175/2175
f 158/158/158 157/157/157 2177/2177/2177
f 2178/2178/2178 160/160/160 2179/2179/2179
f 2179/2179/2179 2180/2180/2180 2178/2178/2178
f 160/160/160 2178/2178/2178 156/156/156
f 2149/2149/2149 2181/2181/2181 2182/2182/2182
f 2182/2182/2182 116/116/116 2149/2149/2149
f 2182/2182/2182 2183/2183/2183 118/118/118
f 118/118/118 116/116/116 2182/2182/2182
f 2184/2184/2184 120/120/120 121/121/121
f 121/121/121 2185/2185/2185 2184/2184/2184
f 2183/2183/2183 2185/2185/2185 121/121/121
f 121/121/121 118/118/118 2183/2183/2183
f 120/120/120 2184/2184/2184 2156/2156/2156
f 149/149/149 2186/2186/2186 2187/2187/2187
f 2187/2187/2187 2101/2101/2101 149/149/149
f 262/262/262 264/264/264 73/73/73
f 73/73/73 146/146/146 262/262/262
f 168/168/168 166/166/166 146/146/146
f 266/266/266 263/263/263 166/166/166
f 166/166/166 168/168/168 266/266/266
f 2188/2188/2188 2189/2189/2189 2180/2180/2180
f 2180/2180/2180 2179/2179/2179 2188/2188/2188
f 160/160/160 59/59/59 2190/2190/2190
f 2190/2190/2190 2191/2191/2191 160/160/160
f 2192/2192/2192 2193/2193/2193 159/159/159
f 159/159/159 2194/2194/2194 2192/2192/2192
f 169/169/169 2195/2195/2195 2196/2196/2196
f 2196/2196/2196 2197/2197/2197 169/169/169
f 2198/2198/2198 2199/2199/2199 154/154/154
f 154/154/154 155/155/155 2198/2198/2198
f 173/173/173 2200/2200/2200 2050/2050/2050
f 2050/2050/2050 2/2/2 173/173/173
f 174/174/174 173/173/173 265/265/265
f 265/265/265 266/266/266 174/174/174
f 167/167/167 173/173/173 174/174/174
f 174/174/174 146/146/146 167/167/167
f 80/80/80 81/81/81 35/35/35
f 35/35/35 36/36/36 80/80/80
f 158/158/158 2177/2177/2177 2174/2174/2174
f 156/156/156 57/57/57 59/59/59
f 59/59/59 160/160/160 156/156/156
f 136/136/136 2128/2128/2128 145/145/145
f 2129/2129/2129 2132/2132/2132 2131/2131/2131
f 2131/2131/2131 2130/2130/2130 2129/2129/2129
f 170/170/170 2201/2201/2201 2177/2177/2177
f 2177/2177/2177 157/157/157 170/170/170
f 151/151/151 87/87/87 84/84/84
f 150/150/150 149/149/149 86/86/86
f 173/173/173 2/2/2 265/265/265
f 168/168/168 146/146/146 174/174/174
f 2200/2200/2200 173/173/173 167/167/167
f 2167/2167/2167 2162/2162/2162 148/148/148
f 2202/2202/2202 2203/2203/2203 2204/2204/2204
f 2204/2204/2204 2205/2205/2205 2202/2202/2202
f 2206/2206/2206 74/74/74 77/77/77
f 77/77/77 176/176/176 2206/2206/2206
f 2207/2207/2207 2208/2208/2208 10/10/10
f 10/10/10 253/253/253 2207/2207/2207
f 115/115/115 253/253/253 24/24/24
f 2209/2209/2209 25/25/25 2094/2094/2094
f 2210/2210/2210 2211/2211/2211 34/34/34
f 34/34/34 2063/2063/2063 2210/2210/2210
f 2127/2127/2127 56/56/56 145/145/145
f 145/145/145 2128/2128/2128 2127/2127/2127
f 57/57/57 156/156/156 145/145/145
f 145/145/145 56/56/56 57/57/57
f 52/52/52 2115/2115/2115 84/84/84
f 84/84/84 87/87/87 52/52/52
f 149/149/149 2100/2100/2100 55/55/55
f 55/55/55 86/86/86 149/149/149
f 2121/2121/2121 2212/2212/2212 2213/2213/2213
f 2213/2213/2213 2119/2119/2119 2121/2121/2121
f 2135/2135/2135 90/90/90 2213/2213/2213
f 2213/2213/2213 2212/2212/2212 2135/2135/2135
f 2/2/2 285/285/285 265/265/265
f 114/114/114 99/99/99 100/100/100
f 2214/2214/2214 2215/2215/2215 2216/2216/2216
f 2216/2216/2216 2217/2217/2217 2214/2214/2214
f 111/111/111 119/119/119 217/217/217
f 2218/2218/2218 95/95/95 2219/2219/2219
f 2148/2148/2148 112/112/112 2220/2220/2220
f 166/166/166 147/147/147 141/141/141
f 141/141/141 146/146/146 166/166/166
f 147/147/147 148/148/148 141/141/141
f 113/113/113 135/135/135 141/141/141
f 141/141/141 148/148/148 113/113/113
f 129/129/129 130/130/130 143/143/143
f 143/143/143 88/88/88 129/129/129
f 176/176/176 105/105/105 2145/2145/2145
f 2145/2145/2145 2206/2206/2206 176/176/176
f 165/165/165 65/65/65 164/164/164
f 44/44/44 45/45/45 139/139/139
f 142/142/142 46/46/46 44/44/44
f 44/44/44 139/139/139 142/142/142
f 46/46/46 142/142/142 164/164/164
f 164/164/164 65/65/65 46/46/46
f 65/65/65 165/165/165 163/163/163
f 163/163/163 64/64/64 65/65/65
f 64/64/64 163/163/163 161/161/161
f 161/161/161 63/63/63 64/64/64
f 162/162/162 62/62/62 63/63/63
f 63/63/63 161/161/161 162/162/162
f 2221/2221/2221 2222/2222/2222 16/16/16
f 16/16/16 102/102/102 2221/2221/2221
f 102/102/102 16/16/16 75/75/75
f 75/75/75 76/76/76 102/102/102
f 48/48/48 2223/2223/2223 2139/2139/2139
f 2139/2139/2139 22/22/22 48/48/48
f 48/48/48 22/22/22 2076/2076/2076
f 82/82/82 83/83/83 124/124/124
f 124/124/124 122/122/122 82/82/82
f 15/15/15 107/107/107 2055/2055/2055
f 108/108/108 2150/2150/2150 2151/2151/2151
f 2151/2151/2151 103/103/103 108/108/108
f 2127/2127/2127 2224/2224/2224 2225/2225/2225
f 2225/2225/2225 56/56/56 2127/2127/2127
f 2062/2062/2062 49/49/49 13/13/13
f 2062/2062/2062 13/13/13 2226/2226/2226
f 2226/2226/2226 33/33/33 2062/2062/2062
f 49/49/49 47/47/47 13/13/13
f 149/149/149 2101/2101/2101 2100/2100/2100
f 179/179/179 31/31/31 175/175/175
f 175/175/175 180/180/180 179/179/179
f 180/180/180 6/6/6 181/181/181
f 181/181/181 179/179/179 180/180/180
f 181/181/181 6/6/6 3/3/3
f 2227/2227/2227 2228/2228/2228 2229/2229/2229
f 2229/2229/2229 71/71/71 2227/2227/2227
f 32/32/32 175/175/175 31/31/31
f 2209/2209/2209 117/117/117 25/25/25
f 2209/2209/2209 2230/2230/2230 117/117/117
f 162/162/162 177/177/177 62/62/62
f 2222/2222/2222 2221/2221/2221 93/93/93
f 93/93/93 2143/2143/2143 2222/2222/2222
f 20/20/20 2052/2052/2052 8/8/8
f 128/128/128 101/101/101 123/123/123
f 123/123/123 131/131/131 128/128/128
f 82/82/82 122/122/122 113/113/113
f 113/113/113 148/148/148 82/82/82
f 148/148/148 85/85/85 82/82/82
f 2147/2147/2147 2146/2146/2146 2231/2231/2231
f 2231/2231/2231 14/14/14 2147/2147/2147
f 252/252/252 106/106/106 2232/2232/2232
f 103/103/103 104/104/104 108/108/108
f 8/8/8 9/9/9 2233/2233/2233
f 108/108/108 2234/2234/2234 2150/2150/2150
f 107/107/107 15/15/15 29/29/29
f 29/29/29 30/30/30 107/107/107
f 30/30/30 2233/2233/2233 107/107/107
f 2234/2234/2234 2235/2235/2235 195/195/195
f 2234/2234/2234 195/195/195 2217/2217/2217
f 2234/2234/2234 2217/2217/2217 2216/2216/2216
f 2234/2234/2234 2216/2216/2216 2150/2150/2150
f 30/30/30 8/8/8 2233/2233/2233
f 2236/2236/2236 190/190/190 192/192/192
f 174/174/174 266/266/266 168/168/168
f 2237/2237/2237 205/205/205 126/126/126
f 126/126/126 182/182/182 2237/2237/2237
f 2238/2238/2238 178/178/178 127/127/127
f 127/127/127 2239/2239/2239 2238/2238/2238
f 210/210/210 178/178/178 2238/2238/2238
f 2238/2238/2238 2240/2240/2240 210/210/210
f 96/96/96 97/97/97 2241/2241/2241
f 2241/2241/2241 2152/2152/2152 96/96/96
f 2242/2242/2242 258/258/258 249/249/249
f 249/249/249 2235/2235/2235 2242/2242/2242
f 2220/2220/2220 112/112/112 110/110/110
f 2239/2239/2239 127/127/127 205/205/205
f 205/205/205 2237/2237/2237 2239/2239/2239
f 257/257/257 258/258/258 110/110/110
f 110/110/110 204/204/204 257/257/257
f 2215/2215/2215 2214/2214/2214 208/208/208
f 208/208/208 189/189/189 2215/2215/2215
f 119/119/119 114/114/114 100/100/100
f 100/100/100 211/211/211 119/119/119
f 215/215/215 214/214/214 211/211/211
f 211/211/211 100/100/100 215/215/215
f 210/210/210 2240/2240/2240 2241/2241/2241
f 2241/2241/2241 97/97/97 210/210/210
f 200/200/200 198/198/198 197/197/197
f 197/197/197 2243/2243/2243 200/200/200
f 2244/2244/2244 2243/2243/2243 197/197/197
f 197/197/197 214/214/214 2244/2244/2244
f 2245/2245/2245 2244/2244/2244 214/214/214
f 214/214/214 215/215/215 2245/2245/2245
f 203/203/203 2245/2245/2245 215/215/215
f 215/215/215 216/216/216 203/203/203
f 256/256/256 257/257/257 204/204/204
f 204/204/204 217/217/217 256/256/256
f 130/130/130 144/144/144 143/143/143
f 88/88/88 143/143/143 171/171/171
f 171/171/171 172/172/172 88/88/88
f 67/67/67 2246/2246/2246 2228/2228/2228
f 2228/2228/2228 2227/2227/2227 67/67/67
f 50/50/50 38/38/38 66/66/66
f 50/50/50 51/51/51 38/38/38
f 187/187/187 113/113/113 122/122/122
f 2247/2247/2247 2248/2248/2248 2249/2249/2249
f 2249/2249/2249 2250/2250/2250 2247/2247/2247
f 219/219/219 125/125/125 2251/2251/2251
f 2251/2251/2251 2252/2252/2252 219/219/219
f 220/220/220 2253/2253/2253 125/125/125
f 125/125/125 219/219/219 220/220/220
f 221/221/221 183/183/183 2253/2253/2253
f 2253/2253/2253 220/220/220 221/221/221
f 222/222/222 184/184/184 206/206/206
f 206/206/206 242/242/242 222/222/222
f 223/223/223 185/185/185 184/184/184
f 184/184/184 222/222/222 223/223/223
f 224/224/224 186/186/186 212/212/212
f 212/212/212 246/246/246 224/224/224
f 2254/2254/2254 2255/2255/2255 2256/2256/2256
f 2256/2256/2256 225/225/225 2254/2254/2254
f 226/226/226 188/188/188 207/207/207
f 207/207/207 243/243/243 226/226/226
f 227/227/227 2257/2257/2257 2258/2258/2258
f 2258/2258/2258 228/228/228 227/227/227
f 228/228/228 2258/2258/2258 2259/2259/2259
f 2259/2259/2259 2260/2260/2260 228/228/228
f 229/229/229 191/191/191 2261/2261/2261
f 2261/2261/2261 230/230/230 229/229/229
f 230/230/230 2261/2261/2261 2262/2262/2262
f 2262/2262/2262 244/244/244 230/230/230
f 232/232/232 194/194/194 2263/2263/2263
f 2263/2263/2263 2264/2264/2264 232/232/232
f 231/231/231 193/193/193 194/194/194
f 194/194/194 232/232/232 231/231/231
f 233/233/233 2265/2265/2265 2266/2266/2266
f 2266/2266/2266 245/245/245 233/233/233
f 234/234/234 2267/2267/2267 2268/2268/2268
f 2268/2268/2268 2269/2269/2269 234/234/234
f 235/235/235 2270/2270/2270 2271/2271/2271
f 2271/2271/2271 236/236/236 235/235/235
f 236/236/236 2271/2271/2271 2272/2272/2272
f 2272/2272/2272 2273/2273/2273 236/236/236
f 237/237/237 2274/2274/2274 2275/2275/2275
f 2275/2275/2275 238/238/238 237/237/237
f 238/238/238 2275/2275/2275 201/201/201
f 201/201/201 239/239/239 238/238/238
f 239/239/239 201/201/201 213/213/213
f 213/213/213 247/247/247 239/239/239
f 240/240/240 202/202/202 2276/2276/2276
f 2276/2276/2276 241/241/241 240/240/240
f 242/242/242 206/206/206 183/183/183
f 183/183/183 221/221/221 242/242/242
f 243/243/243 207/207/207 2257/2257/2257
f 2257/2257/2257 227/227/227 243/243/243
f 244/244/244 2262/2262/2262 193/193/193
f 193/193/193 231/231/231 244/244/244
f 245/245/245 2266/2266/2266 2267/2267/2267
f 2267/2267/2267 234/234/234 245/245/245
f 246/246/246 212/212/212 185/185/185
f 185/185/185 223/223/223 246/246/246
f 247/247/247 213/213/213 202/202/202
f 202/202/202 240/240/240 247/247/247
f 187/187/187 248/248/248 216/216/216
f 218/218/218 225/225/225 2256/2256/2256
f 2256/2256/2256 2277/2277/2277 218/218/218
f 248/248/248 187/187/187 101/101/101
f 216/216/216 99/99/99 113/113/113
f 248/248/248 203/203/203 216/216/216
f 189/189/189 208/208/208 192/192/192
f 192/192/192 190/190/190 189/189/189
f 200/200/200 199/199/199 198/198/198
f 182/182/182 126/126/126 92/92/92
f 111/111/111 217/217/217 204/204/204
f 204/204/204 112/112/112 111/111/111
f 112/112/112 204/204/204 110/110/110
f 2235/2235/2235 249/249/249 209/209/209
f 209/209/209 195/195/195 2235/2235/2235
f 196/196/196 209/209/209 249/249/249
f 249/249/249 250/250/250 196/196/196
f 197/197/197 196/196/196 250/250/250
f 250/250/250 251/251/251 197/197/197
f 214/214/214 197/197/197 251/251/251
f 251/251/251 211/211/211 214/214/214
f 79/79/79 255/255/255 2207/2207/2207
f 253/253/253 79/79/79 2207/2207/2207
f 253/253/253 7/7/7 24/24/24
f 115/115/115 79/79/79 253/253/253
f 119/119/119 256/256/256 217/217/217
f 2220/2220/2220 110/110/110 258/258/258
f 258/258/258 2242/2242/2242 2220/2220/2220
f 250/250/250 249/249/249 258/258/258
f 258/258/258 257/257/257 250/250/250
f 251/251/251 250/250/250 257/257/257
f 257/257/257 256/256/256 251/251/251
f 254/254/254 2278/2278/2278 255/255/255
f 119/119/119 211/211/211 256/256/256
f 2279/2279/2279 98/98/98 109/109/109
f 2279/2279/2279 109/109/109 106/106/106
f 252/252/252 2279/2279/2279 106/106/106
f 79/79/79 254/254/254 255/255/255
f 2136/2136/2136 1/1/1 90/90/90
f 2135/2135/2135 2280/2280/2280 2136/2136/2136
f 73/73/73 167/167/167 146/146/146
f 101/101/101 128/128/128 35/35/35
f 101/101/101 35/35/35 81/81/81
f 129/129/129 88/88/88 89/89/89
f 129/129/129 89/89/89 35/35/35
f 35/35/35 128/128/128 129/129/129
f 286/286/286 259/259/259 260/260/260
f 260/260/260 285/285/285 286/286/286
f 271/271/271 272/272/272 273/273/273
f 273/273/273 262/262/262 271/271/271
f 261/261/261 271/271/271 262/262/262
f 2281/2281/2281 2282/2282/2282 2283/2283/2283
f 269/269/269 268/268/268 275/275/275
f 277/277/277 278/278/278 279/279/279
f 279/279/279 280/280/280 277/277/277
f 268/268/268 278/278/278 276/276/276
f 277/277/277 276/276/276 278/278/278
f 262/262/262 273/273/273 267/267/267
f 267/267/267 264/264/264 262/262/262
f 281/281/281 283/283/283 273/273/273
f 263/263/263 266/266/266 281/281/281
f 283/283/283 281/281/281 266/266/266
f 284/284/284 260/260/260 259/259/259
f 259/259/259 270/270/270 284/284/284
f 283/283/283 266/266/266 265/265/265
f 265/265/265 284/284/284 283/283/283
f 282/282/282 273/273/273 283/283/283
f 283/283/283 284/284/284 282/282/282
f 260/260/260 284/284/284 265/265/265
f 284/284/284 270/270/270 282/282/282
f 268/268/268 276/276/276 275/275/275
f 285/285/285 260/260/260 265/265/265
f 281/281/281 273/273/273 272/272/272
f 272/272/272 274/274/274 281/281/281
f 275/275/275 274/274/274 272/272/272
f 282/282/282 267/267/267 273/273/273
f 2284/2284/2284 288/288/288 289/289/289
f 289/289/289 2285/2285/2285 2284/2284/2284
f 290/290/290 2286/2286/2286 2287/2287/2287
f 2287/2287/2287 287/287/287 290/290/290
f 290/290/290 287/287/287 289/289/289
f 289/289/289 288/288/288 290/290/290
f 293/293/293 289/289/289 287/287/287
f 287/287/287 291/291/291 293/293/293
f 294/294/294 290/290/290 288/288/288
f 288/288/288 292/292/292 294/294/294
f 295/295/295 298/298/298 2288/2288/2288
f 2288/2288/2288 2289/2289/2289 295/295/295
f 2290/2290/2290 302/302/302 301/301/301
f 301/301/301 2291/2291/2291 2290/2290/2290
f 302/302/302 299/299/299 297/297/297
f 303/303/303 302/302/302 297/297/297
f 297/297/297 298/298/298 303/303/303
f 304/304/304 295/295/295 300/300/300
f 300/300/300 301/301/301 304/304/304
f 295/295/295 296/296/296 300/300/300
f 295/295/295 304/304/304 303/303/303
f 303/303/303 298/298/298 295/295/295
f 304/304/304 301/301/301 302/302/302
f 302/302/302 303/303/303 304/304/304
f 2292/2292/2292 308/308/308 307/307/307
f 307/307/307 2293/2293/2293 2292/2292/2292
f 2294/2294/2294 306/306/306 2295/2295/2295
f 2295/2295/2295 2296/2296/2296 2294/2294/2294
f 309/309/309 310/310/310 312/312/312
f 311/311/311 2293/2293/2293 307/307/307
f 2294/2294/2294 313/313/313 305/305/305
f 305/305/305 306/306/306 2294/2294/2294
f 2297/2297/2297 315/315/315 308/308/308
f 308/308/308 2292/2292/2292 2297/2297/2297
f 317/317/317 316/316/316 2298/2298/2298
f 2298/2298/2298 309/309/309 317/317/317
f 315/315/315 2297/2297/2297 2298/2298/2298
f 2298/2298/2298 316/316/316 315/315/315
f 314/314/314 305/305/305 313/313/313
f 309/309/309 312/312/312 317/317/317
f 318/318/318 321/321/321 320/320/320
f 320/320/320 319/319/319 318/318/318
f 323/323/323 332/332/332 322/322/322
f 324/324/324 327/327/327 2299/2299/2299
f 2299/2299/2299 325/325/325 324/324/324
f 328/328/328 2300/2300/2300 2301/2301/2301
f 2301/2301/2301 2302/2302/2302 328/328/328
f 2303/2303/2303 327/327/327 329/329/329
f 327/327/327 2303/2303/2303 2304/2304/2304
f 327/327/327 2304/2304/2304 2305/2305/2305
f 2305/2305/2305 2299/2299/2299 327/327/327
f 326/326/326 335/335/335 2306/2306/2306
f 2306/2306/2306 2307/2307/2307 326/326/326
f 336/336/336 2308/2308/2308 324/324/324
f 324/324/324 325/325/325 336/336/336
f 2309/2309/2309 2310/2310/2310 2311/2311/2311
f 2312/2312/2312 2313/2313/2313 342/342/342
f 342/342/342 341/341/341 2312/2312/2312
f 344/344/344 338/338/338 2314/2314/2314
f 2314/2314/2314 2315/2315/2315 344/344/344
f 332/332/332 345/345/345 2316/2316/2316
f 2316/2316/2316 333/333/333 332/332/332
f 345/345/345 2317/2317/2317 2318/2318/2318
f 2318/2318/2318 2316/2316/2316 345/345/345
f 328/328/328 2319/2319/2319 2320/2320/2320
f 2320/2320/2320 2300/2300/2300 328/328/328
f 346/346/346 2321/2321/2321 2322/2322/2322
f 2322/2322/2322 347/347/347 346/346/346
f 2323/2323/2323 2324/2324/2324 2325/2325/2325
f 2325/2325/2325 2326/2326/2326 2323/2323/2323
f 348/348/348 2327/2327/2327 2328/2328/2328
f 2328/2328/2328 350/350/350 348/348/348
f 2329/2329/2329 2330/2330/2330 2331/2331/2331
f 2331/2331/2331 2332/2332/2332 2329/2329/2329
f 350/350/350 346/346/346 347/347/347
f 347/347/347 348/348/348 350/350/350
f 2333/2333/2333 329/329/329 327/327/327
f 327/327/327 324/324/324 2333/2333/2333
f 2312/2312/2312 341/341/341 352/352/352
f 352/352/352 2334/2334/2334 2312/2312/2312
f 353/353/353 354/354/354 323/323/323
f 323/323/323 352/352/352 353/353/353
f 341/341/341 355/355/355 353/353/353
f 353/353/353 352/352/352 341/341/341
f 354/354/354 356/356/356 332/332/332
f 332/332/332 323/323/323 354/354/354
f 356/356/356 345/345/345 332/332/332
f 2308/2308/2308 2333/2333/2333 324/324/324
f 322/322/322 332/332/332 333/333/333
f 339/339/339 2335/2335/2335 334/334/334
f 334/334/334 330/330/330 331/331/331
f 331/331/331 339/339/339 334/334/334
f 2336/2336/2336 2324/2324/2324 2323/2323/2323
f 343/343/343 351/351/351 2337/2337/2337
f 322/322/322 2334/2334/2334 352/352/352
f 352/352/352 323/323/323 322/322/322
f 340/340/340 351/351/351 343/343/343
f 358/358/358 355/355/355 342/342/342
f 342/342/342 355/355/355 341/341/341
f 356/356/356 359/359/359 345/345/345
f 359/359/359 358/358/358 342/342/342
f 342/342/342 345/345/345 359/359/359
f 344/344/344 349/349/349 357/357/357
f 357/357/357 337/337/337 338/338/338
f 338/338/338 344/344/344 357/357/357
f 211/211/211 251/251/251 256/256/256
f 367/367/367 364/364/364 365/365/365
f 365/365/365 362/362/362 367/367/367
f 366/366/366 361/361/361 360/360/360
f 360/360/360 363/363/363 366/366/366
f 366/366/366 363/363/363 365/365/365
f 365/365/365 364/364/364 366/366/366
f 2338/2338/2338 360/360/360 361/361/361
f 361/361/361 2339/2339/2339 2338/2338/2338
f 2340/2340/2340 2341/2341/2341 367/367/367
f 367/367/367 362/362/362 2340/2340/2340
f 370/370/370 362/362/362 365/365/365
f 365/365/365 371/371/371 370/370/370
f 369/369/369 361/361/361 366/366/366
f 366/366/366 372/372/372 369/369/369
f 371/371/371 363/363/363 360/360/360
f 360/360/360 368/368/368 371/371/371
f 372/372/372 364/364/364 367/367/367
f 367/367/367 373/373/373 372/372/372
f 371/371/371 365/365/365 363/363/363
f 372/372/372 366/366/366 364/364/364
f 377/377/377 375/375/375 374/374/374
f 374/374/374 376/376/376 377/377/377
f 378/378/378 386/386/386 377/377/377
f 377/377/377 376/376/376 378/378/378
f 387/387/387 379/379/379 374/374/374
f 374/374/374 375/375/375 387/387/387
f 2342/2342/2342 376/376/376 374/374/374
f 374/374/374 380/380/380 2342/2342/2342
f 381/381/381 375/375/375 377/377/377
f 377/377/377 2343/2343/2343 381/381/381
f 384/384/384 378/378/378 376/376/376
f 376/376/376 382/382/382 384/384/384
f 383/383/383 377/377/377 386/386/386
f 386/386/386 388/388/388 383/383/383
f 380/380/380 374/374/374 379/379/379
f 379/379/379 389/389/389 380/380/380
f 385/385/385 387/387/387 375/375/375
f 375/375/375 381/381/381 385/385/385
f 388/388/388 386/386/386 378/378/378
f 378/378/378 384/384/384 388/388/388
f 392/392/392 387/387/387 385/385/385
f 385/385/385 391/391/391 392/392/392
f 390/390/390 379/379/379 387/387/387
f 387/387/387 392/392/392 390/390/390
f 393/393/393 389/389/389 379/379/379
f 379/379/379 390/390/390 393/393/393
f 396/396/396 392/392/392 391/391/391
f 391/391/391 395/395/395 396/396/396
f 394/394/394 390/390/390 392/392/392
f 392/392/392 396/396/396 394/394/394
f 397/397/397 393/393/393 390/390/390
f 390/390/390 394/394/394 397/397/397
f 400/400/400 396/396/396 395/395/395
f 395/395/395 2344/2344/2344 400/400/400
f 398/398/398 394/394/394 396/396/396
f 396/396/396 400/400/400 398/398/398
f 2345/2345/2345 397/397/397 394/394/394
f 394/394/394 398/398/398 2345/2345/2345
f 398/398/398 400/400/400 399/399/399
f 399/399/399 401/401/401 398/398/398
f 409/409/409 403/403/403 402/402/402
f 402/402/402 404/404/404 409/409/409
f 407/407/407 405/405/405 408/408/408
f 408/408/408 406/406/406 407/407/407
f 408/408/408 405/405/405 409/409/409
f 409/409/409 404/404/404 408/408/408
f 417/417/417 414/414/414 415/415/415
f 415/415/415 412/412/412 417/417/417
f 416/416/416 411/411/411 410/410/410
f 410/410/410 413/413/413 416/416/416
f 416/416/416 413/413/413 415/415/415
f 415/415/415 414/414/414 416/416/416
f 2346/2346/2346 410/410/410 411/411/411
f 411/411/411 2347/2347/2347 2346/2346/2346
f 2348/2348/2348 2349/2349/2349 417/417/417
f 417/417/417 412/412/412 2348/2348/2348
f 420/420/420 412/412/412 415/415/415
f 415/415/415 421/421/421 420/420/420
f 419/419/419 411/411/411 416/416/416
f 416/416/416 422/422/422 419/419/419
f 421/421/421 413/413/413 410/410/410
f 410/410/410 418/418/418 421/421/421
f 422/422/422 414/414/414 417/417/417
f 417/417/417 423/423/423 422/422/422
f 421/421/421 415/415/415 413/413/413
f 422/422/422 416/416/416 414/414/414
f 424/424/424 427/427/427 426/426/426
f 426/426/426 425/425/425 424/424/424
f 2350/2350/2350 424/424/424 425/425/425
f 425/425/425 2351/2351/2351 2350/2350/2350
f 430/430/430 2352/2352/2352 2353/2353/2353
f 2353/2353/2353 431/431/431 430/430/430
f 425/425/425 426/426/426 430/430/430
f 430/430/430 433/433/433 425/425/425
f 2351/2351/2351 425/425/425 433/433/433
f 433/433/433 2354/2354/2354 2351/2351/2351
f 427/427/427 2355/2355/2355 2356/2356/2356
f 2356/2356/2356 426/426/426 427/427/427
f 426/426/426 2356/2356/2356 2352/2352/2352
f 2352/2352/2352 430/430/430 426/426/426
f 430/430/430 431/431/431 434/434/434
f 434/434/434 433/433/433 430/430/430
f 434/434/434 2357/2357/2357 2354/2354/2354
f 2354/2354/2354 433/433/433 434/434/434
f 428/428/428 435/435/435 436/436/436
f 436/436/436 429/429/429 428/428/428
f 435/435/435 438/438/438 437/437/437
f 437/437/437 436/436/436 435/435/435
f 437/437/437 438/438/438 439/439/439
f 439/439/439 432/432/432 437/437/437
f 443/443/443 441/441/441 440/440/440
f 440/440/440 442/442/442 443/443/443
f 445/445/445 443/443/443 442/442/442
f 442/442/442 444/444/444 445/445/445
f 446/446/446 440/440/440 441/441/441
f 441/441/441 447/447/447 446/446/446
f 450/450/450 442/442/442 440/440/440
f 440/440/440 448/448/448 450/450/450
f 449/449/449 441/441/441 443/443/443
f 443/443/443 451/451/451 449/449/449
f 2358/2358/2358 444/444/444 442/442/442
f 442/442/442 450/450/450 2358/2358/2358
f 451/451/451 443/443/443 445/445/445
f 445/445/445 2359/2359/2359 451/451/451
f 453/453/453 445/445/445 444/444/444
f 444/444/444 452/452/452 453/453/453
f 448/448/448 440/440/440 446/446/446
f 446/446/446 2360/2360/2360 448/448/448
f 2361/2361/2361 447/447/447 441/441/441
f 441/441/441 449/449/449 2361/2361/2361
f 454/454/454 446/446/446 447/447/447
f 447/447/447 455/455/455 454/454/454
f 458/458/458 457/457/457 456/456/456
f 456/456/456 459/459/459 458/458/458
f 2362/2362/2362 456/456/456 457/457/457
f 457/457/457 2363/2363/2363 2362/2362/2362
f 461/461/461 457/457/457 458/458/458
f 458/458/458 2364/2364/2364 461/461/461
f 462/462/462 458/458/458 459/459/459
f 459/459/459 2365/2365/2365 462/462/462
f 463/463/463 459/459/459 456/456/456
f 456/456/456 460/460/460 463/463/463
f 464/464/464 2366/2366/2366 2367/2367/2367
f 2367/2367/2367 2368/2368/2368 464/464/464
f 2369/2369/2369 471/471/471 2370/2370/2370
f 2370/2370/2370 2371/2371/2371 2369/2369/2369
f 2372/2372/2372 475/475/475 2373/2373/2373
f 2373/2373/2373 2374/2374/2374 2372/2372/2372
f 476/476/476 2375/2375/2375 2376/2376/2376
f 2376/2376/2376 2377/2377/2377 476/476/476
f 468/468/468 2375/2375/2375 2368/2368/2368
f 2368/2368/2368 474/474/474 468/468/468
f 481/481/481 480/480/480 467/467/467
f 464/464/464 484/484/484 2378/2378/2378
f 2378/2378/2378 2379/2379/2379 464/464/464
f 482/482/482 481/481/481 467/467/467
f 467/467/467 2380/2380/2380 482/482/482
f 481/481/481 482/482/482 2381/2381/2381
f 2381/2381/2381 485/485/485 481/481/481
f 2368/2368/2368 2375/2375/2375 484/484/484
f 484/484/484 464/464/464 2368/2368/2368
f 2374/2374/2374 2373/2373/2373 2382/2382/2382
f 2382/2382/2382 2383/2383/2383 2374/2374/2374
f 2371/2371/2371 2384/2384/2384 479/479/479
f 479/479/479 2369/2369/2369 2371/2371/2371
f 2385/2385/2385 468/468/468 474/474/474
f 474/474/474 2386/2386/2386 2385/2385/2385
f 2387/2387/2387 2388/2388/2388 2389/2389/2389
f 2389/2389/2389 2390/2390/2390 2387/2387/2387
f 2391/2391/2391 2390/2390/2390 2389/2389/2389
f 2389/2389/2389 477/477/477 2391/2391/2391
f 2388/2388/2388 2387/2387/2387 2392/2392/2392
f 2392/2392/2392 483/483/483 2388/2388/2388
f 2393/2393/2393 485/485/485 2381/2381/2381
f 2381/2381/2381 2394/2394/2394 2393/2393/2393
f 482/482/482 483/483/483 2392/2392/2392
f 2392/2392/2392 2381/2381/2381 482/482/482
f 2395/2395/2395 2396/2396/2396 2397/2397/2397
f 2397/2397/2397 2398/2398/2398 2395/2395/2395
f 466/466/466 2399/2399/2399 2400/2400/2400
f 2400/2400/2400 2401/2401/2401 466/466/466
f 2401/2401/2401 465/465/465 466/466/466
f 2399/2399/2399 2402/2402/2402 2400/2400/2400
f 2375/2375/2375 476/476/476 484/484/484
f 2384/2384/2384 478/478/478 479/479/479
f 2370/2370/2370 471/471/471 475/475/475
f 475/475/475 2372/2372/2372 2370/2370/2370
f 2403/2403/2403 2404/2404/2404 488/488/488
f 488/488/488 2405/2405/2405 2403/2403/2403
f 2406/2406/2406 2407/2407/2407 491/491/491
f 491/491/491 2408/2408/2408 2406/2406/2406
f 2408/2408/2408 2409/2409/2409 2410/2410/2410
f 2410/2410/2410 2406/2406/2406 2408/2408/2408
f 2404/2404/2404 2403/2403/2403 2411/2411/2411
f 2411/2411/2411 486/486/486 2404/2404/2404
f 489/489/489 2412/2412/2412 487/487/487
f 487/487/487 490/490/490 489/489/489
f 2413/2413/2413 489/489/489 490/490/490
f 490/490/490 2414/2414/2414 2413/2413/2413
f 2407/2407/2407 2405/2405/2405 488/488/488
f 488/488/488 491/491/491 2407/2407/2407
f 478/478/478 2384/2384/2384 486/486/486
f 486/486/486 2415/2415/2415 478/478/478
f 486/486/486 2411/2411/2411 2415/2415/2415
f 492/492/492 493/493/493 494/494/494
f 494/494/494 495/495/495 492/492/492
f 500/500/500 501/501/501 502/502/502
f 502/502/502 503/503/503 500/500/500
f 496/496/496 498/498/498 493/493/493
f 493/493/493 503/503/503 496/496/496
f 492/492/492 504/504/504 505/505/505
f 505/505/505 506/506/506 492/492/492
f 493/493/493 492/492/492 506/506/506
f 506/506/506 503/503/503 493/493/493
f 497/497/497 499/499/499 498/498/498
f 498/498/498 496/496/496 497/497/497
f 500/500/500 503/503/503 506/506/506
f 507/507/507 469/469/469 508/508/508
f 473/473/473 508/508/508 469/469/469
f 469/469/469 470/470/470 473/473/473
f 472/472/472 473/473/473 470/470/470
f 511/511/511 512/512/512 510/510/510
f 510/510/510 509/509/509 511/511/511
f 512/512/512 514/514/514 513/513/513
f 513/513/513 510/510/510 512/512/512
f 514/514/514 2416/2416/2416 2417/2417/2417
f 2417/2417/2417 513/513/513 514/514/514
f 516/516/516 518/518/518 517/517/517
f 517/517/517 515/515/515 516/516/516
f 518/518/518 520/520/520 519/519/519
f 519/519/519 517/517/517 518/518/518
f 520/520/520 522/522/522 521/521/521
f 521/521/521 519/519/519 520/520/520
f 522/522/522 524/524/524 523/523/523
f 523/523/523 521/521/521 522/522/522
f 524/524/524 511/511/511 509/509/509
f 509/509/509 523/523/523 524/524/524
f 527/527/527 526/526/526 528/528/528
f 528/528/528 525/525/525 527/527/527
f 525/525/525 528/528/528 530/530/530
f 530/530/530 529/529/529 525/525/525
f 529/529/529 530/530/530 2418/2418/2418
f 2418/2418/2418 2419/2419/2419 529/529/529
f 531/531/531 532/532/532 534/534/534
f 534/534/534 533/533/533 531/531/531
f 533/533/533 534/534/534 536/536/536
f 536/536/536 535/535/535 533/533/533
f 535/535/535 536/536/536 538/538/538
f 538/538/538 537/537/537 535/535/535
f 537/537/537 538/538/538 540/540/540
f 540/540/540 539/539/539 537/537/537
f 539/539/539 540/540/540 526/526/526
f 526/526/526 527/527/527 539/539/539
f 527/527/527 525/525/525 512/512/512
f 512/512/512 511/511/511 527/527/527
f 529/529/529 514/514/514 512/512/512
f 512/512/512 525/525/525 529/529/529
f 2419/2419/2419 2416/2416/2416 514/514/514
f 514/514/514 529/529/529 2419/2419/2419
f 533/533/533 518/518/518 516/516/516
f 516/516/516 531/531/531 533/533/533
f 535/535/535 520/520/520 518/518/518
f 518/518/518 533/533/533 535/535/535
f 537/537/537 522/522/522 520/520/520
f 520/520/520 535/535/535 537/537/537
f 539/539/539 524/524/524 522/522/522
f 522/522/522 537/537/537 539/539/539
f 527/527/527 511/511/511 524/524/524
f 524/524/524 539/539/539 527/527/527
f 552/552/552 542/542/542 541/541/541
f 541/541/541 2040/2040/2040 552/552/552
f 553/553/553 543/543/543 2036/2036/2036
f 2036/2036/2036 2041/2041/2041 553/553/553
f 554/554/554 544/544/544 2037/2037/2037
f 2037/2037/2037 2042/2042/2042 554/554/554
f 555/555/555 545/545/545 544/544/544
f 544/544/544 554/554/554 555/555/555
f 556/556/556 546/546/546 545/545/545
f 545/545/545 555/555/555 556/556/556
f 557/557/557 547/547/547 546/546/546
f 546/546/546 556/556/556 557/557/557
f 2420/2420/2420 2421/2421/2421 547/547/547
f 547/547/547 557/557/557 2420/2420/2420
f 559/559/559 549/549/549 548/548/548
f 548/548/548 558/558/558 559/559/559
f 560/560/560 2039/2039/2039 2038/2038/2038
f 2038/2038/2038 2043/2043/2043 560/560/560
f 551/551/551 2035/2035/2035 550/550/550
f 550/550/550 2044/2044/2044 551/551/551
f 561/561/561 541/541/541 542/542/542
f 542/542/542 2046/2046/2046 561/561/561
f 562/562/562 2036/2036/2036 543/543/543
f 543/543/543 2047/2047/2047 562/562/562
f 563/563/563 2037/2037/2037 544/544/544
f 544/544/544 564/564/564 563/563/563
f 564/564/564 544/544/544 545/545/545
f 545/545/545 565/565/565 564/564/564
f 565/565/565 545/545/545 546/546/546
f 546/546/546 566/566/566 565/565/565
f 566/566/566 546/546/546 547/547/547
f 547/547/547 567/567/567 566/566/566
f 567/567/567 547/547/547 2421/2421/2421
f 2421/2421/2421 2422/2422/2422 567/567/567
f 568/568/568 548/548/548 549/549/549
f 549/549/549 2048/2048/2048 568/568/568
f 569/569/569 2038/2038/2038 2039/2039/2039
f 2039/2039/2039 2049/2049/2049 569/569/569
f 570/570/570 550/550/550 2035/2035/2035
f 2035/2035/2035 2045/2045/2045 570/570/570
f 571/571/571 2423/2423/2423 2424/2424/2424
f 2424/2424/2424 2425/2425/2425 571/571/571
f 575/575/575 2426/2426/2426 2423/2423/2423
f 2423/2423/2423 571/571/571 575/575/575
f 577/577/577 2427/2427/2427 2426/2426/2426
f 2426/2426/2426 575/575/575 577/577/577
f 579/579/579 2428/2428/2428 2427/2427/2427
f 2427/2427/2427 577/577/577 579/579/579
f 581/581/581 2429/2429/2429 2428/2428/2428
f 2428/2428/2428 579/579/579 581/581/581
f 583/583/583 2430/2430/2430 2429/2429/2429
f 2429/2429/2429 581/581/581 583/583/583
f 585/585/585 2431/2431/2431 2430/2430/2430
f 2430/2430/2430 583/583/583 585/585/585
f 2431/2431/2431 585/585/585 572/572/572
f 572/572/572 2432/2432/2432 2431/2431/2431
f 2425/2425/2425 2433/2433/2433 587/587/587
f 587/587/587 571/571/571 2425/2425/2425
f 571/571/571 587/587/587 589/589/589
f 589/589/589 575/575/575 571/571/571
f 575/575/575 589/589/589 590/590/590
f 590/590/590 577/577/577 575/575/575
f 577/577/577 590/590/590 591/591/591
f 591/591/591 579/579/579 577/577/577
f 579/579/579 591/591/591 592/592/592
f 592/592/592 581/581/581 579/579/579
f 581/581/581 592/592/592 593/593/593
f 593/593/593 583/583/583 581/581/581
f 583/583/583 593/593/593 594/594/594
f 594/594/594 585/585/585 583/583/583
f 588/588/588 572/572/572 585/585/585
f 585/585/585 594/594/594 588/588/588
f 597/597/597 2434/2434/2434 2435/2435/2435
f 597/597/597 2436/2436/2436 2434/2434/2434
f 597/597/597 2437/2437/2437 2436/2436/2436
f 597/597/597 2438/2438/2438 2437/2437/2437
f 597/597/597 2439/2439/2439 2438/2438/2438
f 597/597/597 2440/2440/2440 2439/2439/2439
f 597/597/597 2441/2441/2441 2440/2440/2440
f 597/597/597 2435/2435/2435 2441/2441/2441
f 2442/2442/2442 596/596/596 587/587/587
f 587/587/587 2433/2433/2433 2442/2442/2442
f 596/596/596 598/598/598 589/589/589
f 589/589/589 587/587/587 596/596/596
f 598/598/598 599/599/599 590/590/590
f 590/590/590 589/589/589 598/598/598
f 599/599/599 600/600/600 591/591/591
f 591/591/591 590/590/590 599/599/599
f 600/600/600 601/601/601 592/592/592
f 592/592/592 591/591/591 600/600/600
f 601/601/601 602/602/602 593/593/593
f 593/593/593 592/592/592 601/601/601
f 602/602/602 603/603/603 594/594/594
f 594/594/594 593/593/593 602/602/602
f 603/603/603 595/595/595 588/588/588
f 588/588/588 594/594/594 603/603/603
f 604/604/604 2443/2443/2443 574/574/574
f 604/604/604 574/574/574 576/576/576
f 604/604/604 576/576/576 578/578/578
f 604/604/604 578/578/578 580/580/580
f 604/604/604 580/580/580 582/582/582
f 604/604/604 582/582/582 584/584/584
f 604/604/604 584/584/584 586/586/586
f 604/604/604 586/586/586 573/573/573
f 2444/2444/2444 606/606/606 605/605/605
f 605/605/605 2445/2445/2445 2444/2444/2444
f 2446/2446/2446 607/607/607 606/606/606
f 606/606/606 2444/2444/2444 2446/2446/2446
f 2447/2447/2447 608/608/608 607/607/607
f 607/607/607 2446/2446/2446 2447/2447/2447
f 2448/2448/2448 609/609/609 608/608/608
f 608/608/608 2447/2447/2447 2448/2448/2448
f 2449/2449/2449 610/610/610 609/609/609
f 609/609/609 2448/2448/2448 2449/2449/2449
f 2450/2450/2450 612/612/612 611/611/611
f 611/611/611 2451/2451/2451 2450/2450/2450
f 2452/2452/2452 613/613/613 612/612/612
f 612/612/612 2450/2450/2450 2452/2452/2452
f 2453/2453/2453 614/614/614 613/613/613
f 613/613/613 2452/2452/2452 2453/2453/2453
f 2454/2454/2454 615/615/615 614/614/614
f 614/614/614 2453/2453/2453 2454/2454/2454
f 2455/2455/2455 616/616/616 615/615/615
f 615/615/615 2454/2454/2454 2455/2455/2455
f 2456/2456/2456 617/617/617 616/616/616
f 616/616/616 2455/2455/2455 2456/2456/2456
f 2457/2457/2457 618/618/618 617/617/617
f 617/617/617 2456/2456/2456 2457/2457/2457
f 2458/2458/2458 619/619/619 618/618/618
f 618/618/618 2457/2457/2457 2458/2458/2458
f 2459/2459/2459 620/620/620 619/619/619
f 619/619/619 2458/2458/2458 2459/2459/2459
f 2460/2460/2460 621/621/621 620/620/620
f 620/620/620 2459/2459/2459 2460/2460/2460
f 2461/2461/2461 622/622/622 621/621/621
f 621/621/621 2460/2460/2460 2461/2461/2461
f 2451/2451/2451 611/611/611 622/622/622
f 622/622/622 2461/2461/2461 2451/2451/2451
f 636/636/636 624/624/624 623/623/623
f 623/623/623 635/635/635 636/636/636
f 637/637/637 625/625/625 624/624/624
f 624/624/624 636/636/636 637/637/637
f 638/638/638 626/626/626 625/625/625
f 625/625/625 637/637/637 638/638/638
f 639/639/639 627/627/627 626/626/626
f 626/626/626 638/638/638 639/639/639
f 640/640/640 628/628/628 627/627/627
f 627/627/627 639/639/639 640/640/640
f 2462/2462/2462 2463/2463/2463 628/628/628
f 628/628/628 640/640/640 2462/2462/2462
f 642/642/642 630/630/630 629/629/629
f 629/629/629 641/641/641 642/642/642
f 643/643/643 631/631/631 630/630/630
f 630/630/630 642/642/642 643/643/643
f 644/644/644 632/632/632 631/631/631
f 631/631/631 643/643/643 644/644/644
f 645/645/645 633/633/633 632/632/632
f 632/632/632 644/644/644 645/645/645
f 646/646/646 634/634/634 633/633/633
f 633/633/633 645/645/645 646/646/646
f 635/635/635 623/623/623 634/634/634
f 634/634/634 646/646/646 635/635/635
f 650/650/650 648/648/648 653/653/653
f 653/653/653 649/649/649 650/650/650
f 651/651/651 647/647/647 654/654/654
f 654/654/654 652/652/652 651/651/651
f 654/654/654 647/647/647 653/653/653
f 653/653/653 648/648/648 654/654/654
f 655/655/655 673/673/673 2464/2464/2464
f 2464/2464/2464 2465/2465/2465 655/655/655
f 2466/2466/2466 655/655/655 2465/2465/2465
f 2465/2465/2465 2467/2467/2467 2466/2466/2466
f 659/659/659 657/657/657 2468/2468/2468
f 2468/2468/2468 2469/2469/2469 659/659/659
f 661/661/661 659/659/659 2469/2469/2469
f 2469/2469/2469 2470/2470/2470 661/661/661
f 663/663/663 661/661/661 2470/2470/2470
f 2470/2470/2470 2471/2471/2471 663/663/663
f 665/665/665 663/663/663 2471/2471/2471
f 2471/2471/2471 2472/2472/2472 665/665/665
f 667/667/667 665/665/665 2472/2472/2472
f 2472/2472/2472 2473/2473/2473 667/667/667
f 669/669/669 667/667/667 2473/2473/2473
f 2473/2473/2473 2474/2474/2474 669/669/669
f 671/671/671 669/669/669 2474/2474/2474
f 2474/2474/2474 2475/2475/2475 671/671/671
f 673/673/673 671/671/671 2475/2475/2475
f 2475/2475/2475 2464/2464/2464 673/673/673
f 666/666/666 664/664/664 662/662/662
f 660/660/660 668/668/668 666/666/666
f 666/666/666 662/662/662 660/660/660
f 658/658/658 670/670/670 668/668/668
f 668/668/668 660/660/660 658/658/658
f 658/658/658 672/672/672 670/670/670
f 656/656/656 674/674/674 672/672/672
f 672/672/672 658/658/658 656/656/656
f 2476/2476/2476 2477/2477/2477 678/678/678
f 678/678/678 2478/2478/2478 2476/2476/2476
f 2479/2479/2479 2476/2476/2476 2478/2478/2478
f 675/675/675 680/680/680 682/682/682
f 682/682/682 677/677/677 675/675/675
f 679/679/679 683/683/683 680/680/680
f 680/680/680 675/675/675 679/679/679
f 676/676/676 681/681/681 683/683/683
f 683/683/683 679/679/679 676/676/676
f 2480/2480/2480 2481/2481/2481 2482/2482/2482
f 2481/2481/2481 2480/2480/2480 2483/2483/2483
f 2483/2483/2483 2484/2484/2484 2481/2481/2481
f 2481/2481/2481 2485/2485/2485 2482/2482/2482
f 2486/2486/2486 2487/2487/2487 2488/2488/2488
f 2488/2488/2488 2489/2489/2489 2486/2486/2486
f 2485/2485/2485 2490/2490/2490 2482/2482/2482
f 2491/2491/2491 2490/2490/2490 2485/2485/2485
f 2485/2485/2485 2492/2492/2492 2491/2491/2491
f 2490/2490/2490 2493/2493/2493 2482/2482/2482
f 2494/2494/2494 2495/2495/2495 2496/2496/2496
f 2496/2496/2496 2497/2497/2497 2494/2494/2494
f 2493/2493/2493 2498/2498/2498 2482/2482/2482
f 2499/2499/2499 2498/2498/2498 2493/2493/2493
f 2493/2493/2493 2500/2500/2500 2499/2499/2499
f 2501/2501/2501 685/685/685 730/730/730
f 686/686/686 685/685/685 2501/2501/2501
f 2501/2501/2501 2502/2502/2502 686/686/686
f 2498/2498/2498 2503/2503/2503 2482/2482/2482
f 2504/2504/2504 2505/2505/2505 2506/2506/2506
f 2506/2506/2506 2507/2507/2507 2504/2504/2504
f 2508/2508/2508 730/730/730 2482/2482/2482
f 2482/2482/2482 2503/2503/2503 2508/2508/2508
f 2509/2509/2509 2508/2508/2508 2503/2503/2503
f 2503/2503/2503 2510/2510/2510 2509/2509/2509
f 2508/2508/2508 2511/2511/2511 730/730/730
f 2512/2512/2512 2513/2513/2513 2514/2514/2514
f 2514/2514/2514 2515/2515/2515 2512/2512/2512
f 2511/2511/2511 2516/2516/2516 730/730/730
f 2517/2517/2517 2516/2516/2516 2511/2511/2511
f 2511/2511/2511 2518/2518/2518 2517/2517/2517
f 2516/2516/2516 2501/2501/2501 730/730/730
f 2519/2519/2519 2520/2520/2520 2521/2521/2521
f 2521/2521/2521 2522/2522/2522 2519/2519/2519
f 2481/2481/2481 2488/2488/2488 2487/2487/2487
f 2487/2487/2487 2485/2485/2485 2481/2481/2481
f 2490/2490/2490 2496/2496/2496 2495/2495/2495
f 2495/2495/2495 2493/2493/2493 2490/2490/2490
f 2498/2498/2498 2506/2506/2506 2505/2505/2505
f 2505/2505/2505 2503/2503/2503 2498/2498/2498
f 2508/2508/2508 2514/2514/2514 2513/2513/2513
f 2513/2513/2513 2511/2511/2511 2508/2508/2508
f 2516/2516/2516 2521/2521/2521 2520/2520/2520
f 2520/2520/2520 2501/2501/2501 2516/2516/2516
f 729/729/729 728/728/728 733/733/733
f 733/733/733 734/734/734 729/729/729
f 730/730/730 729/729/729 734/734/734
f 734/734/734 2482/2482/2482 730/730/730
f 732/732/732 731/731/731 736/736/736
f 736/736/736 737/737/737 732/732/732
f 728/728/728 732/732/732 737/737/737
f 737/737/737 733/733/733 728/728/728
f 684/684/684 735/735/735 768/768/768
f 768/768/768 687/687/687 684/684/684
f 709/709/709 688/688/688 689/689/689
f 689/689/689 708/708/708 709/709/709
f 711/711/711 691/691/691 2523/2523/2523
f 690/690/690 710/710/710 2524/2524/2524
f 713/713/713 692/692/692 693/693/693
f 693/693/693 712/712/712 713/713/713
f 715/715/715 695/695/695 2525/2525/2525
f 694/694/694 714/714/714 2526/2526/2526
f 717/717/717 698/698/698 699/699/699
f 699/699/699 716/716/716 717/717/717
f 719/719/719 701/701/701 2527/2527/2527
f 700/700/700 718/718/718 2528/2528/2528
f 721/721/721 702/702/702 703/703/703
f 703/703/703 720/720/720 721/721/721
f 723/723/723 705/705/705 2529/2529/2529
f 704/704/704 722/722/722 2530/2530/2530
f 726/726/726 697/697/697 2531/2531/2531
f 696/696/696 725/725/725 2532/2532/2532
f 724/724/724 706/706/706 707/707/707
f 707/707/707 727/727/727 724/724/724
f 2533/2533/2533 2534/2534/2534 2535/2535/2535
f 2533/2533/2533 2484/2484/2484 2483/2483/2483
f 2483/2483/2483 2534/2534/2534 2533/2533/2533
f 2536/2536/2536 2533/2533/2533 2535/2535/2535
f 2486/2486/2486 2489/2489/2489 2537/2537/2537
f 2537/2537/2537 2538/2538/2538 2486/2486/2486
f 2539/2539/2539 2536/2536/2536 2535/2535/2535
f 2491/2491/2491 2492/2492/2492 2536/2536/2536
f 2536/2536/2536 2539/2539/2539 2491/2491/2491
f 2540/2540/2540 2539/2539/2539 2535/2535/2535
f 2494/2494/2494 2497/2497/2497 2541/2541/2541
f 2541/2541/2541 2542/2542/2542 2494/2494/2494
f 2543/2543/2543 2540/2540/2540 2535/2535/2535
f 2499/2499/2499 2500/2500/2500 2540/2540/2540
f 2540/2540/2540 2543/2543/2543 2499/2499/2499
f 739/739/739 2544/2544/2544 762/762/762
f 686/686/686 2502/2502/2502 2544/2544/2544
f 2544/2544/2544 739/739/739 686/686/686
f 2545/2545/2545 2543/2543/2543 2535/2535/2535
f 2504/2504/2504 2507/2507/2507 2546/2546/2546
f 2546/2546/2546 2547/2547/2547 2504/2504/2504
f 2548/2548/2548 2545/2545/2545 2535/2535/2535
f 2535/2535/2535 762/762/762 2548/2548/2548
f 2509/2509/2509 2510/2510/2510 2545/2545/2545
f 2545/2545/2545 2548/2548/2548 2509/2509/2509
f 2549/2549/2549 2548/2548/2548 762/762/762
f 2512/2512/2512 2515/2515/2515 2550/2550/2550
f 2550/2550/2550 2551/2551/2551 2512/2512/2512
f 2552/2552/2552 2549/2549/2549 762/762/762
f 2517/2517/2517 2518/2518/2518 2549/2549/2549
f 2549/2549/2549 2552/2552/2552 2517/2517/2517
f 2544/2544/2544 2552/2552/2552 762/762/762
f 2519/2519/2519 2522/2522/2522 2553/2553/2553
f 2553/2553/2553 2554/2554/2554 2519/2519/2519
f 2533/2533/2533 2536/2536/2536 2538/2538/2538
f 2538/2538/2538 2537/2537/2537 2533/2533/2533
f 2539/2539/2539 2540/2540/2540 2542/2542/2542
f 2542/2542/2542 2541/2541/2541 2539/2539/2539
f 2543/2543/2543 2545/2545/2545 2547/2547/2547
f 2547/2547/2547 2546/2546/2546 2543/2543/2543
f 2548/2548/2548 2549/2549/2549 2551/2551/2551
f 2551/2551/2551 2550/2550/2550 2548/2548/2548
f 2552/2552/2552 2544/2544/2544 2554/2554/2554
f 2554/2554/2554 2553/2553/2553 2552/2552/2552
f 761/761/761 764/764/764 767/767/767
f 767/767/767 760/760/760 761/761/761
f 762/762/762 2535/2535/2535 764/764/764
f 764/764/764 761/761/761 762/762/762
f 760/760/760 767/767/767 766/766/766
f 766/766/766 763/763/763 760/760/760
f 738/738/738 687/687/687 768/768/768
f 768/768/768 765/765/765 738/738/738
f 750/750/750 708/708/708 689/689/689
f 689/689/689 740/740/740 750/750/750
f 2555/2555/2555 751/751/751 2556/2556/2556
f 741/741/741 691/691/691 711/711/711
f 752/752/752 712/712/712 693/693/693
f 693/693/693 742/742/742 752/752/752
f 2557/2557/2557 753/753/753 2558/2558/2558
f 743/743/743 695/695/695 715/715/715
f 754/754/754 716/716/716 699/699/699
f 699/699/699 745/745/745 754/754/754
f 2559/2559/2559 755/755/755 2560/2560/2560
f 746/746/746 701/701/701 719/719/719
f 756/756/756 720/720/720 703/703/703
f 703/703/703 747/747/747 756/756/756
f 2561/2561/2561 757/757/757 2562/2562/2562
f 748/748/748 705/705/705 723/723/723
f 2563/2563/2563 759/759/759 2564/2564/2564
f 744/744/744 697/697/697 726/726/726
f 758/758/758 727/727/727 707/707/707
f 707/707/707 749/749/749 758/758/758
f 773/773/773 2565/2565/2565 2566/2566/2566
f 773/773/773 2567/2567/2567 2568/2568/2568
f 773/773/773 2568/2568/2568 2569/2569/2569
f 2569/2569/2569 2565/2565/2565 773/773/773
f 2570/2570/2570 2571/2571/2571 769/769/769
f 769/769/769 770/770/770 2570/2570/2570
f 2570/2570/2570 770/770/770 772/772/772
f 772/772/772 2572/2572/2572 2570/2570/2570
f 771/771/771 774/774/774 2573/2573/2573
f 2573/2573/2573 2574/2574/2574 771/771/771
f 774/774/774 769/769/769 2571/2571/2571
f 2571/2571/2571 2573/2573/2573 774/774/774
f 780/780/780 778/778/778 777/777/777
f 779/779/779 778/778/778 776/776/776
f 778/778/778 780/780/780 775/775/775
f 775/775/775 776/776/776 778/778/778
f 2575/2575/2575 2576/2576/2576 2577/2577/2577
f 2577/2577/2577 2578/2578/2578 2575/2575/2575
f 2579/2579/2579 2580/2580/2580 2581/2581/2581
f 2582/2582/2582 781/781/781 2583/2583/2583
f 2583/2583/2583 2584/2584/2584 2582/2582/2582
f 2585/2585/2585 2586/2586/2586 2575/2575/2575
f 2575/2575/2575 2578/2578/2578 2585/2585/2585
f 2583/2583/2583 781/781/781 2581/2581/2581
f 2581/2581/2581 2580/2580/2580 2583/2583/2583
f 2587/2587/2587 786/786/786 785/785/785
f 785/785/785 2588/2588/2588 2587/2587/2587
f 2588/2588/2588 785/785/785 782/782/782
f 782/782/782 2589/2589/2589 2588/2588/2588
f 2590/2590/2590 784/784/784 788/788/788
f 788/788/788 2591/2591/2591 2590/2590/2590
f 2591/2591/2591 788/788/788 790/790/790
f 790/790/790 2592/2592/2592 2591/2591/2591
f 2592/2592/2592 790/790/790 786/786/786
f 786/786/786 2587/2587/2587 2592/2592/2592
f 787/787/787 789/789/789 783/783/783
f 792/792/792 793/793/793 794/794/794
f 794/794/794 791/791/791 792/792/792
f 794/794/794 787/787/787 783/783/783
f 783/783/783 791/791/791 794/794/794
f 2593/2593/2593 2594/2594/2594 2595/2595/2595
f 2595/2595/2595 2596/2596/2596 2593/2593/2593
f 796/796/796 2597/2597/2597 2598/2598/2598
f 2598/2598/2598 795/795/795 796/796/796
f 798/798/798 2599/2599/2599 2597/2597/2597
f 2597/2597/2597 796/796/796 798/798/798
f 795/795/795 2598/2598/2598 2600/2600/2600
f 2600/2600/2600 797/797/797 795/795/795
f 802/802/802 801/801/801 799/799/799
f 799/799/799 800/800/800 802/802/802
f 2601/2601/2601 804/804/804 803/803/803
f 803/803/803 2602/2602/2602 2601/2601/2601
f 2602/2602/2602 803/803/803 2603/2603/2603
f 2603/2603/2603 2604/2604/2604 2602/2602/2602
f 2605/2605/2605 806/806/806 809/809/809
f 809/809/809 2606/2606/2606 2605/2605/2605
f 2606/2606/2606 809/809/809 811/811/811
f 811/811/811 2607/2607/2607 2606/2606/2606
f 2607/2607/2607 811/811/811 804/804/804
f 804/804/804 2601/2601/2601 2607/2607/2607
f 805/805/805 807/807/807 812/812/812
f 807/807/807 810/810/810 812/812/812
f 807/807/807 808/808/808 810/810/810
f 2608/2608/2608 2609/2609/2609 2610/2610/2610
f 2610/2610/2610 2611/2611/2611 2608/2608/2608
f 2612/2612/2612 2613/2613/2613 2609/2609/2609
f 2609/2609/2609 2608/2608/2608 2612/2612/2612
f 2614/2614/2614 2615/2615/2615 2613/2613/2613
f 2613/2613/2613 2612/2612/2612 2614/2614/2614
f 2616/2616/2616 2617/2617/2617 2615/2615/2615
f 2615/2615/2615 2614/2614/2614 2616/2616/2616
f 2618/2618/2618 2619/2619/2619 2617/2617/2617
f 2617/2617/2617 2616/2616/2616 2618/2618/2618
f 2620/2620/2620 2621/2621/2621 2619/2619/2619
f 2619/2619/2619 2618/2618/2618 2620/2620/2620
f 2622/2622/2622 2623/2623/2623 2621/2621/2621
f 2621/2621/2621 2620/2620/2620 2622/2622/2622
f 2624/2624/2624 2625/2625/2625 2626/2626/2626
f 2626/2626/2626 2627/2627/2627 2624/2624/2624
f 2628/2628/2628 2629/2629/2629 2625/2625/2625
f 2625/2625/2625 2624/2624/2624 2628/2628/2628
f 2611/2611/2611 2610/2610/2610 2629/2629/2629
f 2629/2629/2629 2628/2628/2628 2611/2611/2611
f 820/820/820 813/813/813 814/814/814
f 820/820/820 814/814/814 815/815/815
f 820/820/820 815/815/815 816/816/816
f 820/820/820 816/816/816 817/817/817
f 820/820/820 817/817/817 818/818/818
f 820/820/820 818/818/818 819/819/819
f 820/820/820 821/821/821 822/822/822
f 820/820/820 822/822/822 813/813/813
f 830/830/830 824/824/824 823/823/823
f 830/830/830 825/825/825 824/824/824
f 830/830/830 826/826/826 825/825/825
f 830/830/830 827/827/827 826/826/826
f 830/830/830 828/828/828 827/827/827
f 830/830/830 829/829/829 828/828/828
f 830/830/830 832/832/832 831/831/831
f 830/830/830 823/823/823 832/832/832
f 2630/2630/2630 2631/2631/2631 2632/2632/2632
f 2632/2632/2632 2633/2633/2633 2630/2630/2630
f 2634/2634/2634 2633/2633/2633 2632/2632/2632
f 2632/2632/2632 2635/2635/2635 2634/2634/2634
f 2636/2636/2636 2634/2634/2634 2635/2635/2635
f 2637/2637/2637 2632/2632/2632 2631/2631/2631
f 2631/2631/2631 2638/2638/2638 2637/2637/2637
f 866/866/866 2637/2637/2637 2638/2638/2638
f 2638/2638/2638 872/872/872 866/866/866
f 2639/2639/2639 2630/2630/2630 2633/2633/2633
f 2633/2633/2633 2640/2640/2640 2639/2639/2639
f 2641/2641/2641 2639/2639/2639 2640/2640/2640
f 2640/2640/2640 2642/2642/2642 2641/2641/2641
f 2643/2643/2643 2641/2641/2641 2642/2642/2642
f 2642/2642/2642 2644/2644/2644 2643/2643/2643
f 869/869/869 2643/2643/2643 2644/2644/2644
f 2644/2644/2644 2645/2645/2645 869/869/869
f 856/856/856 842/842/842 2646/2646/2646
f 2646/2646/2646 2647/2647/2647 856/856/856
f 857/857/857 844/844/844 842/842/842
f 842/842/842 856/856/856 857/857/857
f 854/854/854 846/846/846 844/844/844
f 844/844/844 857/857/857 854/854/854
f 854/854/854 852/852/852 846/846/846
f 2648/2648/2648 834/834/834 836/836/836
f 836/836/836 2649/2649/2649 2648/2648/2648
f 2650/2650/2650 2651/2651/2651 837/837/837
f 837/837/837 833/833/833 2650/2650/2650
f 2651/2651/2651 2652/2652/2652 837/837/837
f 2650/2650/2650 833/833/833 840/840/840
f 840/840/840 2653/2653/2653 2650/2650/2650
f 2648/2648/2648 2654/2654/2654 841/841/841
f 841/841/841 834/834/834 2648/2648/2648
f 2653/2653/2653 840/840/840 2655/2655/2655
f 2656/2656/2656 2657/2657/2657 843/843/843
f 843/843/843 845/845/845 2656/2656/2656
f 2658/2658/2658 847/847/847 2659/2659/2659
f 858/858/858 835/835/835 838/838/838
f 838/838/838 855/855/855 858/858/858
f 855/855/855 838/838/838 2660/2660/2660
f 2660/2660/2660 871/871/871 855/855/855
f 2661/2661/2661 841/841/841 2654/2654/2654
f 2649/2649/2649 836/836/836 843/843/843
f 843/843/843 2657/2657/2657 2649/2649/2649
f 2656/2656/2656 845/845/845 847/847/847
f 847/847/847 2658/2658/2658 2656/2656/2656
f 2652/2652/2652 839/839/839 837/837/837
f 2651/2651/2651 2662/2662/2662 2652/2652/2652
f 861/861/861 2663/2663/2663 859/859/859
f 859/859/859 860/860/860 861/861/861
f 2664/2664/2664 862/862/862 859/859/859
f 859/859/859 2663/2663/2663 2664/2664/2664
f 2664/2664/2664 2665/2665/2665 862/862/862
f 864/864/864 865/865/865 860/860/860
f 860/860/860 859/859/859 864/864/864
f 866/866/866 872/872/872 865/865/865
f 865/865/865 864/864/864 866/866/866
f 867/867/867 2666/2666/2666 2663/2663/2663
f 2663/2663/2663 861/861/861 867/867/867
f 868/868/868 2667/2667/2667 2666/2666/2666
f 2666/2666/2666 867/867/867 868/868/868
f 870/870/870 2668/2668/2668 2667/2667/2667
f 2667/2667/2667 868/868/868 870/870/870
f 869/869/869 2645/2645/2645 2668/2668/2668
f 2668/2668/2668 870/870/870 869/869/869
f 856/856/856 2647/2647/2647 2669/2669/2669
f 2669/2669/2669 850/850/850 856/856/856
f 857/857/857 856/856/856 850/850/850
f 850/850/850 851/851/851 857/857/857
f 854/854/854 857/857/857 851/851/851
f 851/851/851 853/853/853 854/854/854
f 852/852/852 854/854/854 853/853/853
f 858/858/858 855/855/855 849/849/849
f 849/849/849 848/848/848 858/858/858
f 855/855/855 871/871/871 863/863/863
f 863/863/863 849/849/849 855/855/855
f 875/875/875 877/877/877 874/874/874
f 874/874/874 873/873/873 875/875/875
f 2670/2670/2670 2671/2671/2671 2672/2672/2672
f 876/876/876 874/874/874 877/877/877
f 877/877/877 878/878/878 876/876/876
f 875/875/875 879/879/879 877/877/877
f 877/877/877 879/879/879 878/878/878
f 2673/2673/2673 2674/2674/2674 2675/2675/2675
f 2675/2675/2675 2676/2676/2676 2673/2673/2673
f 882/882/882 886/886/886 2677/2677/2677
f 2677/2677/2677 884/884/884 882/882/882
f 2678/2678/2678 889/889/889 880/880/880
f 880/880/880 2679/2679/2679 2678/2678/2678
f 2680/2680/2680 2681/2681/2681 2682/2682/2682
f 2682/2682/2682 2683/2683/2683 2680/2680/2680
f 2683/2683/2683 2682/2682/2682 2684/2684/2684
f 2684/2684/2684 2685/2685/2685 2683/2683/2683
f 888/888/888 2686/2686/2686 2687/2687/2687
f 2687/2687/2687 887/887/887 888/888/888
f 2685/2685/2685 2684/2684/2684 885/885/885
f 885/885/885 2688/2688/2688 2685/2685/2685
f 880/880/880 889/889/889 2689/2689/2689
f 2689/2689/2689 2690/2690/2690 880/880/880
f 891/891/891 893/893/893 881/881/881
f 881/881/881 890/890/890 891/891/891
f 883/883/883 892/892/892 894/894/894
f 894/894/894 895/895/895 883/883/883
f 881/881/881 882/882/882 884/884/884
f 884/884/884 890/890/890 881/881/881
f 2691/2691/2691 2692/2692/2692 2693/2693/2693
f 2693/2693/2693 2694/2694/2694 2691/2691/2691
f 2695/2695/2695 2696/2696/2696 2692/2692/2692
f 2692/2692/2692 2691/2691/2691 2695/2695/2695
f 2697/2697/2697 2698/2698/2698 2696/2696/2696
f 2696/2696/2696 2695/2695/2695 2697/2697/2697
f 2699/2699/2699 2700/2700/2700 2698/2698/2698
f 2698/2698/2698 2697/2697/2697 2699/2699/2699
f 2701/2701/2701 2702/2702/2702 2700/2700/2700
f 2700/2700/2700 2699/2699/2699 2701/2701/2701
f 2703/2703/2703 2704/2704/2704 2702/2702/2702
f 2702/2702/2702 2701/2701/2701 2703/2703/2703
f 2705/2705/2705 2706/2706/2706 2704/2704/2704
f 2704/2704/2704 2703/2703/2703 2705/2705/2705
f 2707/2707/2707 2708/2708/2708 2709/2709/2709
f 2709/2709/2709 2710/2710/2710 2707/2707/2707
f 2711/2711/2711 2712/2712/2712 2708/2708/2708
f 2708/2708/2708 2707/2707/2707 2711/2711/2711
f 2694/2694/2694 2693/2693/2693 2712/2712/2712
f 2712/2712/2712 2711/2711/2711 2694/2694/2694
f 910/910/910 897/897/897 900/900/900
f 911/911/911 901/901/901 898/898/898
f 910/910/910 900/900/900 902/902/902
f 911/911/911 903/903/903 901/901/901
f 910/910/910 902/902/902 904/904/904
f 911/911/911 905/905/905 903/903/903
f 910/910/910 904/904/904 906/906/906
f 911/911/911 907/907/907 905/905/905
f 910/910/910 906/906/906 908/908/908
f 911/911/911 909/909/909 907/907/907
f 911/911/911 915/915/915 913/913/913
f 910/910/910 912/912/912 914/914/914
f 911/911/911 898/898/898 899/899/899
f 911/911/911 899/899/899 915/915/915
f 910/910/910 896/896/896 897/897/897
f 910/910/910 914/914/914 896/896/896
f 916/916/916 919/919/919 2713/2713/2713
f 2713/2713/2713 2714/2714/2714 916/916/916
f 920/920/920 923/923/923 922/922/922
f 922/922/922 921/921/921 920/920/920
f 924/924/924 927/927/927 926/926/926
f 926/926/926 925/925/925 924/924/924
f 928/928/928 931/931/931 2715/2715/2715
f 2715/2715/2715 929/929/929 928/928/928
f 932/932/932 935/935/935 934/934/934
f 934/934/934 933/933/933 932/932/932
f 2715/2715/2715 2716/2716/2716 936/936/936
f 936/936/936 929/929/929 2715/2715/2715
f 2717/2717/2717 2718/2718/2718 917/917/917
f 917/917/917 939/939/939 2717/2717/2717
f 2718/2718/2718 2717/2717/2717 2719/2719/2719
f 2719/2719/2719 2720/2720/2720 2718/2718/2718
f 2721/2721/2721 942/942/942 930/930/930
f 930/930/930 2722/2722/2722 2721/2721/2721
f 937/937/937 948/948/948 2723/2723/2723
f 2723/2723/2723 924/924/924 937/937/937
f 919/919/919 946/946/946 2724/2724/2724
f 2724/2724/2724 2713/2713/2713 919/919/919
f 2716/2716/2716 2725/2725/2725 945/945/945
f 945/945/945 936/936/936 2716/2716/2716
f 926/926/926 950/950/950 949/949/949
f 949/949/949 925/925/925 926/926/926
f 952/952/952 924/924/924 2726/2726/2726
f 918/918/918 927/927/927 2727/2727/2727
f 2727/2727/2727 957/957/957 918/918/918
f 927/927/927 960/960/960 2727/2727/2727
f 2723/2723/2723 2726/2726/2726 924/924/924
f 2719/2719/2719 2721/2721/2721 2722/2722/2722
f 2722/2722/2722 2720/2720/2720 2719/2719/2719
f 933/933/933 934/934/934 931/931/931
f 931/931/931 928/928/928 933/933/933
f 916/916/916 2714/2714/2714 935/935/935
f 935/935/935 932/932/932 916/916/916
f 2728/2728/2728 953/953/953 961/961/961
f 961/961/961 958/958/958 2728/2728/2728
f 944/944/944 943/943/943 938/938/938
f 938/938/938 2729/2729/2729 944/944/944
f 2730/2730/2730 959/959/959 944/944/944
f 944/944/944 2729/2729/2729 2730/2730/2730
f 963/963/963 940/940/940 938/938/938
f 938/938/938 943/943/943 963/963/963
f 965/965/965 2731/2731/2731 941/941/941
f 941/941/941 964/964/964 965/965/965
f 955/955/955 2732/2732/2732 2731/2731/2731
f 2731/2731/2731 965/965/965 955/955/955
f 962/962/962 951/951/951 947/947/947
f 947/947/947 956/956/956 962/962/962
f 954/954/954 2733/2733/2733 951/951/951
f 951/951/951 962/962/962 954/954/954
f 964/964/964 941/941/941 940/940/940
f 940/940/940 963/963/963 964/964/964
f 958/958/958 961/961/961 959/959/959
f 959/959/959 2730/2730/2730 958/958/958
f 956/956/956 947/947/947 2732/2732/2732
f 2732/2732/2732 955/955/955 956/956/956
f 953/953/953 2728/2728/2728 2733/2733/2733
f 2733/2733/2733 954/954/954 953/953/953
f 937/937/937 930/930/930 942/942/942
f 942/942/942 948/948/948 937/937/937
f 939/939/939 917/917/917 918/918/918
f 918/918/918 957/957/957 939/939/939
f 952/952/952 960/960/960 927/927/927
f 952/952/952 927/927/927 924/924/924
f 966/966/966 969/969/969 968/968/968
f 968/968/968 967/967/967 966/966/966
f 970/970/970 973/973/973 972/972/972
f 972/972/972 971/971/971 970/970/970
f 974/974/974 977/977/977 976/976/976
f 976/976/976 975/975/975 974/974/974
f 968/968/968 969/969/969 973/973/973
f 973/973/973 970/970/970 968/968/968
f 976/976/976 977/977/977 971/971/971
f 971/971/971 972/972/972 976/976/976
f 2734/2734/2734 981/981/981 2735/2735/2735
f 2735/2735/2735 2736/2736/2736 2734/2734/2734
f 2737/2737/2737 980/980/980 983/983/983
f 983/983/983 2738/2738/2738 2737/2737/2737
f 2738/2738/2738 983/983/983 985/985/985
f 985/985/985 2739/2739/2739 2738/2738/2738
f 2739/2739/2739 985/985/985 2740/2740/2740
f 2740/2740/2740 2741/2741/2741 2739/2739/2739
f 989/989/989 2742/2742/2742 2743/2743/2743
f 2743/2743/2743 987/987/987 989/989/989
f 2742/2742/2742 989/989/989 991/991/991
f 991/991/991 2744/2744/2744 2742/2742/2742
f 2744/2744/2744 991/991/991 993/993/993
f 993/993/993 2745/2745/2745 2744/2744/2744
f 2745/2745/2745 993/993/993 995/995/995
f 995/995/995 2746/2746/2746 2745/2745/2745
f 2746/2746/2746 995/995/995 997/997/997
f 997/997/997 2747/2747/2747 2746/2746/2746
f 2747/2747/2747 997/997/997 981/981/981
f 981/981/981 2734/2734/2734 2747/2747/2747
f 988/988/988 990/990/990 996/996/996
f 996/996/996 978/978/978 988/988/988
f 2735/2735/2735 981/981/981 999/999/999
f 999/999/999 2748/2748/2748 2735/2735/2735
f 983/983/983 980/980/980 998/998/998
f 998/998/998 1000/1000/1000 983/983/983
f 985/985/985 983/983/983 1000/1000/1000
f 1000/1000/1000 1001/1001/1001 985/985/985
f 985/985/985 1001/1001/1001 2749/2749/2749
f 2749/2749/2749 2740/2740/2740 985/985/985
f 1002/1002/1002 1003/1003/1003 989/989/989
f 989/989/989 987/987/987 1002/1002/1002
f 991/991/991 989/989/989 1003/1003/1003
f 1003/1003/1003 1004/1004/1004 991/991/991
f 993/993/993 991/991/991 1004/1004/1004
f 1004/1004/1004 1005/1005/1005 993/993/993
f 995/995/995 993/993/993 1005/1005/1005
f 1005/1005/1005 1006/1006/1006 995/995/995
f 997/997/997 995/995/995 1006/1006/1006
f 1006/1006/1006 1007/1007/1007 997/997/997
f 981/981/981 997/997/997 1007/1007/1007
f 1007/1007/1007 999/999/999 981/981/981
f 2748/2748/2748 999/999/999 1009/1009/1009
f 1009/1009/1009 2750/2750/2750 2748/2748/2748
f 1000/1000/1000 998/998/998 1008/1008/1008
f 1008/1008/1008 1010/1010/1010 1000/1000/1000
f 1001/1001/1001 1000/1000/1000 1010/1010/1010
f 1010/1010/1010 1011/1011/1011 1001/1001/1001
f 2749/2749/2749 1001/1001/1001 1011/1011/1011
f 1011/1011/1011 2751/2751/2751 2749/2749/2749
f 1003/1003/1003 1002/1002/1002 1012/1012/1012
f 1012/1012/1012 1013/1013/1013 1003/1003/1003
f 1004/1004/1004 1003/1003/1003 1013/1013/1013
f 1013/1013/1013 1014/1014/1014 1004/1004/1004
f 1005/1005/1005 1004/1004/1004 1014/1014/1014
f 1014/1014/1014 1015/1015/1015 1005/1005/1005
f 1006/1006/1006 1005/1005/1005 1015/1015/1015
f 1015/1015/1015 1016/1016/1016 1006/1006/1006
f 1007/1007/1007 1006/1006/1006 1016/1016/1016
f 1016/1016/1016 1017/1017/1017 1007/1007/1007
f 999/999/999 1007/1007/1007 1017/1017/1017
f 1017/1017/1017 1009/1009/1009 999/999/999
f 992/992/992 994/994/994 996/996/996
f 996/996/996 990/990/990 992/992/992
f 979/979/979 986/986/986 988/988/988
f 988/988/988 978/978/978 979/979/979
f 982/982/982 984/984/984 986/986/986
f 986/986/986 979/979/979 982/982/982
f 1018/1018/1018 2752/2752/2752 2753/2753/2753
f 2753/2753/2753 1019/1019/1019 1018/1018/1018
f 1019/1019/1019 1023/1023/1023 1022/1022/1022
f 1022/1022/1022 1018/1018/1018 1019/1019/1019
f 1021/1021/1021 1022/1022/1022 1023/1023/1023
f 1023/1023/1023 1020/1020/1020 1021/1021/1021
f 2754/2754/2754 1027/1027/1027 1026/1026/1026
f 1026/1026/1026 2755/2755/2755 2754/2754/2754
f 1025/1025/1025 1029/1029/1029 1028/1028/1028
f 1028/1028/1028 1024/1024/1024 1025/1025/1025
f 1030/1030/1030 1028/1028/1028 1029/1029/1029
f 1029/1029/1029 1031/1031/1031 1030/1030/1030
f 1032/1032/1032 1030/1030/1030 1031/1031/1031
f 1031/1031/1031 1033/1033/1033 1032/1032/1032
f 1027/1027/1027 1032/1032/1032 1033/1033/1033
f 1033/1033/1033 1026/1026/1026 1027/1027/1027
f 1039/1039/1039 1035/1035/1035 1034/1034/1034
f 1034/1034/1034 1038/1038/1038 1039/1039/1039
f 1041/1041/1041 1037/1037/1037 1036/1036/1036
f 1036/1036/1036 1040/1040/1040 1041/1041/1041
f 1038/1038/1038 1034/1034/1034 1037/1037/1037
f 1037/1037/1037 1041/1041/1041 1038/1038/1038
f 2756/2756/2756 2757/2757/2757 1044/1044/1044
f 1044/1044/1044 1043/1043/1043 2756/2756/2756
f 2758/2758/2758 2759/2759/2759 2760/2760/2760
f 2760/2760/2760 1047/1047/1047 2758/2758/2758
f 2761/2761/2761 2762/2762/2762 2763/2763/2763
f 2763/2763/2763 2764/2764/2764 2761/2761/2761
f 2765/2765/2765 2761/2761/2761 2764/2764/2764
f 2764/2764/2764 2766/2766/2766 2765/2765/2765
f 2765/2765/2765 2766/2766/2766 2767/2767/2767
f 2767/2767/2767 2768/2768/2768 2765/2765/2765
f 2769/2769/2769 2763/2763/2763 2762/2762/2762
f 2770/2770/2770 2768/2768/2768 2767/2767/2767
f 2767/2767/2767 2771/2771/2771 2770/2770/2770
f 2772/2772/2772 2770/2770/2770 2771/2771/2771
f 2771/2771/2771 2773/2773/2773 2772/2772/2772
f 2774/2774/2774 2775/2775/2775 1053/1053/1053
f 1053/1053/1053 2776/2776/2776 2774/2774/2774
f 2776/2776/2776 1053/1053/1053 1055/1055/1055
f 1055/1055/1055 2777/2777/2777 2776/2776/2776
f 2778/2778/2778 2779/2779/2779 2780/2780/2780
f 2780/2780/2780 2781/2781/2781 2778/2778/2778
f 1068/1068/1068 2782/2782/2782 2770/2770/2770
f 2770/2770/2770 2772/2772/2772 1068/1068/1068
f 2783/2783/2783 1071/1071/1071 2782/2782/2782
f 2782/2782/2782 1068/1068/1068 2783/2783/2783
f 2784/2784/2784 2785/2785/2785 2786/2786/2786
f 2786/2786/2786 1073/1073/1073 2784/2784/2784
f 2787/2787/2787 2783/2783/2783 2788/2788/2788
f 2788/2788/2788 2789/2789/2789 2787/2787/2787
f 1050/1050/1050 2758/2758/2758 1047/1047/1047
f 2781/2781/2781 2780/2780/2780 2790/2790/2790
f 2790/2790/2790 2791/2791/2791 2781/2781/2781
f 2779/2779/2779 2778/2778/2778 2759/2759/2759
f 2759/2759/2759 2758/2758/2758 2779/2779/2779
f 2792/2792/2792 1071/1071/1071 2783/2783/2783
f 2783/2783/2783 2787/2787/2787 2792/2792/2792
f 1075/1075/1075 1061/1061/1061 1079/1079/1079
f 1079/1079/1079 2793/2793/2793 1075/1075/1075
f 1081/1081/1081 1059/1059/1059 2794/2794/2794
f 2794/2794/2794 2795/2795/2795 1081/1081/1081
f 2796/2796/2796 1056/1056/1056 2797/2797/2797
f 2797/2797/2797 2798/2798/2798 2796/2796/2796
f 2799/2799/2799 1054/1054/1054 1051/1051/1051
f 1051/1051/1051 2800/2800/2800 2799/2799/2799
f 2800/2800/2800 1051/1051/1051 1052/1052/1052
f 1052/1052/1052 2801/2801/2801 2800/2800/2800
f 2802/2802/2802 2801/2801/2801 1052/1052/1052
f 1052/1052/1052 1057/1057/1057 2802/2802/2802
f 2803/2803/2803 2804/2804/2804 1070/1070/1070
f 1070/1070/1070 2805/2805/2805 2803/2803/2803
f 2806/2806/2806 1047/1047/1047 1089/1089/1089
f 1089/1089/1089 2807/2807/2807 2806/2806/2806
f 2808/2808/2808 2756/2756/2756 1043/1043/1043
f 1043/1043/1043 2809/2809/2809 2808/2808/2808
f 1042/1042/1042 1090/1090/1090 1078/1078/1078
f 1078/1078/1078 1045/1045/1045 1042/1042/1042
f 2789/2789/2789 2757/2757/2757 2787/2787/2787
f 1044/1044/1044 2757/2757/2757 2789/2789/2789
f 2789/2789/2789 2769/2769/2769 1044/1044/1044
f 2762/2762/2762 1044/1044/1044 2769/2769/2769
f 1074/1074/1074 1045/1045/1045 1078/1078/1078
f 2788/2788/2788 2772/2772/2772 2773/2773/2773
f 2773/2773/2773 2789/2789/2789 2788/2788/2788
f 1091/1091/1091 2810/2810/2810 2811/2811/2811
f 2811/2811/2811 1092/1092/1092 1091/1091/1091
f 1085/1085/1085 1048/1048/1048 2812/2812/2812
f 2812/2812/2812 1084/1084/1084 1085/1085/1085
f 1084/1084/1084 2812/2812/2812 2813/2813/2813
f 2813/2813/2813 1083/1083/1083 1084/1084/1084
f 1082/1082/1082 1083/1083/1083 2813/2813/2813
f 2813/2813/2813 2814/2814/2814 1082/1082/1082
f 1085/1085/1085 1086/1086/1086 1048/1048/1048
f 1082/1082/1082 2814/2814/2814 2815/2815/2815
f 2816/2816/2816 1082/1082/1082 2815/2815/2815
f 2815/2815/2815 2817/2817/2817 2816/2816/2816
f 2817/2817/2817 2818/2818/2818 2819/2819/2819
f 2819/2819/2819 2816/2816/2816 2817/2817/2817
f 1096/1096/1096 2820/2820/2820 2821/2821/2821
f 2821/2821/2821 2822/2822/2822 1096/1096/1096
f 1097/1097/1097 1096/1096/1096 2822/2822/2822
f 2822/2822/2822 2823/2823/2823 1097/1097/1097
f 1101/1101/1101 2817/2817/2817 2815/2815/2815
f 2815/2815/2815 2824/2824/2824 1101/1101/1101
f 2824/2824/2824 1103/1103/1103 1088/1088/1088
f 1088/1088/1088 1101/1101/1101 2824/2824/2824
f 1103/1103/1103 2824/2824/2824 2825/2825/2825
f 2825/2825/2825 1104/1104/1104 1103/1103/1103
f 2818/2818/2818 1088/1088/1088 2826/2826/2826
f 1080/1080/1080 2819/2819/2819 2818/2818/2818
f 2818/2818/2818 2826/2826/2826 1080/1080/1080
f 2759/2759/2759 1095/1095/1095 2760/2760/2760
f 2760/2760/2760 2827/2827/2827 1089/1089/1089
f 1089/1089/1089 1047/1047/1047 2760/2760/2760
f 1058/1058/1058 1069/1069/1069 1102/1102/1102
f 1102/1102/1102 1077/1077/1077 1058/1058/1058
f 1088/1088/1088 1103/1103/1103 2828/2828/2828
f 2828/2828/2828 2826/2826/2826 1088/1088/1088
f 2802/2802/2802 1057/1057/1057 1075/1075/1075
f 1075/1075/1075 2793/2793/2793 2802/2802/2802
f 1081/1081/1081 1079/1079/1079 1061/1061/1061
f 1061/1061/1061 1059/1059/1059 1081/1081/1081
f 1098/1098/1098 1060/1060/1060 1076/1076/1076
f 1076/1076/1076 1087/1087/1087 1098/1098/1098
f 2827/2827/2827 2760/2760/2760 2829/2829/2829
f 2829/2829/2829 2830/2830/2830 2827/2827/2827
f 1092/1092/1092 2811/2811/2811 2831/2831/2831
f 2831/2831/2831 1107/1107/1107 1092/1092/1092
f 1108/1108/1108 1109/1109/1109 1093/1093/1093
f 1093/1093/1093 1094/1094/1094 1108/1108/1108
f 2810/2810/2810 1080/1080/1080 2826/2826/2826
f 1080/1080/1080 2810/2810/2810 1091/1091/1091
f 1091/1091/1091 1086/1086/1086 1080/1080/1080
f 1091/1091/1091 1048/1048/1048 1086/1086/1086
f 1094/1094/1094 1106/1106/1106 1108/1108/1108
f 2832/2832/2832 1105/1105/1105 1072/1072/1072
f 1110/1110/1110 2784/2784/2784 1073/1073/1073
f 1073/1073/1073 1111/1111/1111 1110/1110/1110
f 1067/1067/1067 1046/1046/1046 1062/1062/1062
f 1064/1064/1064 1099/1099/1099 1049/1049/1049
f 1067/1067/1067 1062/1062/1062 1063/1063/1063
f 1063/1063/1063 1066/1066/1066 1067/1067/1067
f 1064/1064/1064 1065/1065/1065 1100/1100/1100
f 1100/1100/1100 1099/1099/1099 1064/1064/1064
f 1104/1104/1104 2825/2825/2825 1110/1110/1110
f 1110/1110/1110 1111/1111/1111 1104/1104/1104
f 1102/1102/1102 1069/1069/1069 1072/1072/1072
f 1072/1072/1072 1105/1105/1105 1102/1102/1102
f 2033/2033/2033 2833/2833/2833 1112/1112/1112
f 2834/2834/2834 2835/2835/2835 2836/2836/2836
f 2836/2836/2836 2837/2837/2837 2834/2834/2834
f 2838/2838/2838 2839/2839/2839 2840/2840/2840
f 2840/2840/2840 2841/2841/2841 2838/2838/2838
f 2842/2842/2842 2843/2843/2843 2844/2844/2844
f 2844/2844/2844 2845/2845/2845 2842/2842/2842
f 2839/2839/2839 2846/2846/2846 2847/2847/2847
f 2847/2847/2847 2840/2840/2840 2839/2839/2839
f 2843/2843/2843 2834/2834/2834 2837/2837/2837
f 2837/2837/2837 2844/2844/2844 2843/2843/2843
f 2838/2838/2838 2841/2841/2841 2848/2848/2848
f 2848/2848/2848 2849/2849/2849 2838/2838/2838
f 2848/2848/2848 2850/2850/2850 1113/1113/1113
f 1113/1113/1113 2849/2849/2849 2848/2848/2848
f 2850/2850/2850 2836/2836/2836 2835/2835/2835
f 2835/2835/2835 1113/1113/1113 2850/2850/2850
f 2847/2847/2847 2846/2846/2846 2851/2851/2851
f 2851/2851/2851 2852/2852/2852 2847/2847/2847
f 1117/1117/1117 2034/2034/2034 1124/1124/1124
f 2033/2033/2033 1122/1122/1122 1119/1119/1119
f 2034/2034/2034 1117/1117/1117 1125/1125/1125
f 2853/2853/2853 2854/2854/2854 2855/2855/2855
f 2855/2855/2855 2856/2856/2856 2853/2853/2853
f 2034/2034/2034 1128/1128/1128 1124/1124/1124
f 1122/1122/1122 2033/2033/2033 1112/1112/1112
f 1116/1116/1116 2857/2857/2857 1121/1121/1121
f 1116/1116/1116 1126/1126/1126 2857/2857/2857
f 2857/2857/2857 1120/1120/1120 1121/1121/1121
f 1131/1131/1131 1129/1129/1129 2858/2858/2858
f 2858/2858/2858 1132/1132/1132 1131/1131/1131
f 1130/1130/1130 1134/1134/1134 1123/1123/1123
f 1135/1135/1135 1134/1134/1134 1130/1130/1130
f 1127/1127/1127 1130/1130/1130 1123/1123/1123
f 1116/1116/1116 1121/1121/1121 1115/1115/1115
f 1114/1114/1114 1122/1122/1122 1112/1112/1112
f 1117/1117/1117 1124/1124/1124 1118/1118/1118
f 1134/1134/1134 1133/1133/1133 1123/1123/1123
f 2859/2859/2859 1139/1139/1139 2860/2860/2860
f 2860/2860/2860 2861/2861/2861 2859/2859/2859
f 2862/2862/2862 1141/1141/1141 1139/1139/1139
f 1139/1139/1139 2859/2859/2859 2862/2862/2862
f 2863/2863/2863 1143/1143/1143 1141/1141/1141
f 1141/1141/1141 2862/2862/2862 2863/2863/2863
f 2864/2864/2864 1145/1145/1145 1143/1143/1143
f 1143/1143/1143 2863/2863/2863 2864/2864/2864
f 2865/2865/2865 1147/1147/1147 1145/1145/1145
f 1145/1145/1145 2864/2864/2864 2865/2865/2865
f 2866/2866/2866 1149/1149/1149 1147/1147/1147
f 1147/1147/1147 2865/2865/2865 2866/2866/2866
f 1149/1149/1149 2866/2866/2866 2867/2867/2867
f 2867/2867/2867 1137/1137/1137 1149/1149/1149
f 1138/1138/1138 1136/1136/1136 1150/1150/1150
f 1150/1150/1150 1152/1152/1152 1138/1138/1138
f 1152/1152/1152 1153/1153/1153 1140/1140/1140
f 1140/1140/1140 1138/1138/1138 1152/1152/1152
f 1153/1153/1153 1154/1154/1154 1142/1142/1142
f 1142/1142/1142 1140/1140/1140 1153/1153/1153
f 1144/1144/1144 1142/1142/1142 1154/1154/1154
f 1154/1154/1154 1155/1155/1155 1144/1144/1144
f 1146/1146/1146 1144/1144/1144 1155/1155/1155
f 1155/1155/1155 1156/1156/1156 1146/1146/1146
f 1148/1148/1148 1146/1146/1146 1156/1156/1156
f 1156/1156/1156 1151/1151/1151 1148/1148/1148
f 1151/1151/1151 1150/1150/1150 1136/1136/1136
f 1136/1136/1136 1148/1148/1148 1151/1151/1151
f 1155/1155/1155 1154/1154/1154 1153/1153/1153
f 1155/1155/1155 1153/1153/1153 1152/1152/1152
f 1152/1152/1152 1156/1156/1156 1155/1155/1155
f 1156/1156/1156 1152/1152/1152 1150/1150/1150
f 1150/1150/1150 1151/1151/1151 1156/1156/1156
f 2868/2868/2868 2869/2869/2869 1159/1159/1159
f 1159/1159/1159 2870/2870/2870 2868/2868/2868
f 2871/2871/2871 2868/2868/2868 2870/2870/2870
f 1157/1157/1157 1163/1163/1163 1164/1164/1164
f 1164/1164/1164 1160/1160/1160 1157/1157/1157
f 1161/1161/1161 1165/1165/1165 1163/1163/1163
f 1163/1163/1163 1157/1157/1157 1161/1161/1161
f 1158/1158/1158 1162/1162/1162 1165/1165/1165
f 1165/1165/1165 1161/1161/1161 1158/1158/1158
f 2872/2872/2872 2873/2873/2873 1168/1168/1168
f 1168/1168/1168 2874/2874/2874 2872/2872/2872
f 2875/2875/2875 2872/2872/2872 2874/2874/2874
f 1166/1166/1166 1172/1172/1172 1173/1173/1173
f 1173/1173/1173 1169/1169/1169 1166/1166/1166
f 1170/1170/1170 1174/1174/1174 1172/1172/1172
f 1172/1172/1172 1166/1166/1166 1170/1170/1170
f 1167/1167/1167 1171/1171/1171 1174/1174/1174
f 1174/1174/1174 1170/1170/1170 1167/1167/1167
f 1175/1175/1175 2876/2876/2876 2877/2877/2877
f 2877/2877/2877 2878/2878/2878 1175/1175/1175
f 1179/1179/1179 2879/2879/2879 2876/2876/2876
f 2876/2876/2876 1175/1175/1175 1179/1179/1179
f 1181/1181/1181 2880/2880/2880 2879/2879/2879
f 2879/2879/2879 1179/1179/1179 1181/1181/1181
f 1183/1183/1183 2881/2881/2881 2880/2880/2880
f 2880/2880/2880 1181/1181/1181 1183/1183/1183
f 1185/1185/1185 2882/2882/2882 2881/2881/2881
f 2881/2881/2881 1183/1183/1183 1185/1185/1185
f 1187/1187/1187 2883/2883/2883 2882/2882/2882
f 2882/2882/2882 1185/1185/1185 1187/1187/1187
f 1189/1189/1189 2884/2884/2884 2883/2883/2883
f 2883/2883/2883 1187/1187/1187 1189/1189/1189
f 2884/2884/2884 1189/1189/1189 1176/1176/1176
f 1176/1176/1176 2885/2885/2885 2884/2884/2884
f 2878/2878/2878 2886/2886/2886 1191/1191/1191
f 1191/1191/1191 1175/1175/1175 2878/2878/2878
f 1175/1175/1175 1191/1191/1191 1193/1193/1193
f 1193/1193/1193 1179/1179/1179 1175/1175/1175
f 1179/1179/1179 1193/1193/1193 1194/1194/1194
f 1194/1194/1194 1181/1181/1181 1179/1179/1179
f 1181/1181/1181 1194/1194/1194 1195/1195/1195
f 1195/1195/1195 1183/1183/1183 1181/1181/1181
f 1183/1183/1183 1195/1195/1195 1196/1196/1196
f 1196/1196/1196 1185/1185/1185 1183/1183/1183
f 1185/1185/1185 1196/1196/1196 1197/1197/1197
f 1197/1197/1197 1187/1187/1187 1185/1185/1185
f 1187/1187/1187 1197/1197/1197 1198/1198/1198
f 1198/1198/1198 1189/1189/1189 1187/1187/1187
f 1192/1192/1192 1176/1176/1176 1189/1189/1189
f 1189/1189/1189 1198/1198/1198 1192/1192/1192
f 1201/1201/1201 2887/2887/2887 2888/2888/2888
f 1201/1201/1201 2889/2889/2889 2887/2887/2887
f 1201/1201/1201 2890/2890/2890 2889/2889/2889
f 1201/1201/1201 2891/2891/2891 2890/2890/2890
f 1201/1201/1201 2892/2892/2892 2891/2891/2891
f 1201/1201/1201 2893/2893/2893 2892/2892/2892
f 1201/1201/1201 2894/2894/2894 2893/2893/2893
f 1201/1201/1201 2888/2888/2888 2894/2894/2894
f 2895/2895/2895 1200/1200/1200 1191/1191/1191
f 1191/1191/1191 2886/2886/2886 2895/2895/2895
f 1200/1200/1200 1202/1202/1202 1193/1193/1193
f 1193/1193/1193 1191/1191/1191 1200/1200/1200
f 1202/1202/1202 1203/1203/1203 1194/1194/1194
f 1194/1194/1194 1193/1193/1193 1202/1202/1202
f 1203/1203/1203 1204/1204/1204 1195/1195/1195
f 1195/1195/1195 1194/1194/1194 1203/1203/1203
f 1204/1204/1204 1205/1205/1205 1196/1196/1196
f 1196/1196/1196 1195/1195/1195 1204/1204/1204
f 1205/1205/1205 1206/1206/1206 1197/1197/1197
f 1197/1197/1197 1196/1196/1196 1205/1205/1205
f 1206/1206/1206 1207/1207/1207 1198/1198/1198
f 1198/1198/1198 1197/1197/1197 1206/1206/1206
f 1207/1207/1207 1199/1199/1199 1192/1192/1192
f 1192/1192/1192 1198/1198/1198 1207/1207/1207
f 1208/1208/1208 2896/2896/2896 1178/1178/1178
f 1208/1208/1208 1178/1178/1178 1180/1180/1180
f 1208/1208/1208 1180/1180/1180 1182/1182/1182
f 1208/1208/1208 1182/1182/1182 1184/1184/1184
f 1208/1208/1208 1184/1184/1184 1186/1186/1186
f 1208/1208/1208 1186/1186/1186 1188/1188/1188
f 1208/1208/1208 1188/1188/1188 1190/1190/1190
f 1208/1208/1208 1190/1190/1190 1177/1177/1177
f 1215/1215/1215 2897/2897/2897 1209/1209/1209
f 1209/1209/1209 1214/1214/1214 1215/1215/1215
f 1217/1217/1217 1212/1212/1212 2898/2898/2898
f 2898/2898/2898 1216/1216/1216 1217/1217/1217
f 1218/1218/1218 1213/1213/1213 1212/1212/1212
f 1212/1212/1212 1217/1217/1217 1218/1218/1218
f 1214/1214/1214 1209/1209/1209 1213/1213/1213
f 1213/1213/1213 1218/1218/1218 1214/1214/1214
f 1219/1219/1219 1231/1231/1231 1214/1214/1214
f 1231/1231/1231 2899/2899/2899 1215/1215/1215
f 1226/1226/1226 1217/1217/1217 1216/1216/1216
f 1219/1219/1219 1218/1218/1218 1217/1217/1217
f 1219/1219/1219 1214/1214/1214 1218/1218/1218
f 1220/1220/1220 1210/1210/1210 1215/1215/1215
f 1215/1215/1215 1221/1221/1221 1220/1220/1220
f 1222/1222/1222 1216/1216/1216 1211/1211/1211
f 1211/1211/1211 1232/1232/1232 1222/1222/1222
f 2900/2900/2900 2901/2901/2901 1216/1216/1216
f 1216/1216/1216 1222/1222/1222 2900/2900/2900
f 1221/1221/1221 1215/1215/1215 2899/2899/2899
f 2899/2899/2899 2902/2902/2902 1221/1221/1221
f 1226/1226/1226 1216/1216/1216 2901/2901/2901
f 1231/1231/1231 1219/1219/1219 1226/1226/1226
f 2903/2903/2903 1233/1233/1233 1223/1223/1223
f 1223/1223/1223 2904/2904/2904 2903/2903/2903
f 2905/2905/2905 1224/1224/1224 1225/1225/1225
f 1225/1225/1225 2906/2906/2906 2905/2905/2905
f 2907/2907/2907 2904/2904/2904 1223/1223/1223
f 2905/2905/2905 2908/2908/2908 1224/1224/1224
f 1227/1227/1227 1229/1229/1229 1230/1230/1230
f 1230/1230/1230 1228/1228/1228 1227/1227/1227
f 1231/1231/1231 1226/1226/1226 1229/1229/1229
f 1229/1229/1229 1227/1227/1227 1231/1231/1231
f 1226/1226/1226 1219/1219/1219 1217/1217/1217
f 1231/1231/1231 1215/1215/1215 1214/1214/1214
f 1240/1240/1240 1235/1235/1235 1234/1234/1234
f 1234/1234/1234 1239/1239/1239 1240/1240/1240
f 1241/1241/1241 1236/1236/1236 1235/1235/1235
f 1235/1235/1235 1240/1240/1240 1241/1241/1241
f 2909/2909/2909 2910/2910/2910 1236/1236/1236
f 1236/1236/1236 1241/1241/1241 2909/2909/2909
f 1243/1243/1243 1238/1238/1238 1237/1237/1237
f 1237/1237/1237 1242/1242/1242 1243/1243/1243
f 1239/1239/1239 1234/1234/1234 1238/1238/1238
f 1238/1238/1238 1243/1243/1243 1239/1239/1239
f 1244/1244/1244 1234/1234/1234 1235/1235/1235
f 1235/1235/1235 1245/1245/1245 1244/1244/1244
f 1245/1245/1245 1235/1235/1235 1236/1236/1236
f 1236/1236/1236 1246/1246/1246 1245/1245/1245
f 1246/1246/1246 1236/1236/1236 2910/2910/2910
f 2910/2910/2910 2911/2911/2911 1246/1246/1246
f 1247/1247/1247 1237/1237/1237 1238/1238/1238
f 1238/1238/1238 1248/1248/1248 1247/1247/1247
f 1248/1248/1248 1238/1238/1238 1234/1234/1234
f 1234/1234/1234 1244/1244/1244 1248/1248/1248
f 2912/2912/2912 1256/1256/1256 1255/1255/1255
f 1255/1255/1255 2913/2913/2913 2912/2912/2912
f 2912/2912/2912 2914/2914/2914 1257/1257/1257
f 1257/1257/1257 1256/1256/1256 2912/2912/2912
f 2914/2914/2914 2915/2915/2915 1258/1258/1258
f 1258/1258/1258 1257/1257/1257 2914/2914/2914
f 2916/2916/2916 2913/2913/2913 1255/1255/1255
f 1255/1255/1255 1254/1254/1254 2916/2916/2916
f 2917/2917/2917 1266/1266/1266 1265/1265/1265
f 1265/1265/1265 2918/2918/2918 2917/2917/2917
f 2917/2917/2917 2919/2919/2919 1267/1267/1267
f 1267/1267/1267 1266/1266/1266 2917/2917/2917
f 2919/2919/2919 2920/2920/2920 1268/1268/1268
f 1268/1268/1268 1267/1267/1267 2919/2919/2919
f 2921/2921/2921 2918/2918/2918 1265/1265/1265
f 1265/1265/1265 1264/1264/1264 2921/2921/2921
f 2922/2922/2922 2923/2923/2923 1275/1275/1275
f 1275/1275/1275 1274/1274/1274 2922/2922/2922
f 2924/2924/2924 1276/1276/1276 1275/1275/1275
f 1275/1275/1275 2923/2923/2923 2924/2924/2924
f 2924/2924/2924 2925/2925/2925 1277/1277/1277
f 1277/1277/1277 1276/1276/1276 2924/2924/2924
f 2925/2925/2925 2926/2926/2926 1278/1278/1278
f 1278/1278/1278 1277/1277/1277 2925/2925/2925
f 1252/1252/1252 1250/1250/1250 1249/1249/1249
f 1249/1249/1249 1253/1253/1253 1252/1252/1252
f 1262/1262/1262 1260/1260/1260 1259/1259/1259
f 1259/1259/1259 1263/1263/1263 1262/1262/1262
f 1272/1272/1272 1270/1270/1270 1269/1269/1269
f 1269/1269/1269 1273/1273/1273 1272/1272/1272
f 1250/1250/1250 1252/1252/1252 1251/1251/1251
f 1260/1260/1260 1262/1262/1262 1261/1261/1261
f 1270/1270/1270 1272/1272/1272 1271/1271/1271
f 1279/1279/1279 1281/1281/1281 1280/1280/1280
f 1280/1280/1280 1283/1283/1283 1279/1279/1279
f 1282/1282/1282 1279/1279/1279 1283/1283/1283
f 1283/1283/1283 1285/1285/1285 1282/1282/1282
f 1285/1285/1285 1284/1284/1284 1286/1286/1286
f 1286/1286/1286 1282/1282/1282 1285/1285/1285
f 1280/1280/1280 2927/2927/2927 1291/1291/1291
f 1291/1291/1291 1283/1283/1283 1280/1280/1280
f 1281/1281/1281 2928/2928/2928 1288/1288/1288
f 1288/1288/1288 1280/1280/1280 1281/1281/1281
f 1279/1279/1279 1287/1287/1287 1289/1289/1289
f 1289/1289/1289 1281/1281/1281 1279/1279/1279
f 1283/1283/1283 1291/1291/1291 1293/1293/1293
f 1293/1293/1293 1285/1285/1285 1283/1283/1283
f 1282/1282/1282 1290/1290/1290 1287/1287/1287
f 1287/1287/1287 1279/1279/1279 1282/1282/1282
f 1286/1286/1286 2929/2929/2929 1290/1290/1290
f 1290/1290/1290 1282/1282/1282 1286/1286/1286
f 1284/1284/1284 2930/2930/2930 1294/1294/1294
f 1294/1294/1294 1286/1286/1286 1284/1284/1284
f 1285/1285/1285 1293/1293/1293 1292/1292/1292
f 1292/1292/1292 1284/1284/1284 1285/1285/1285
f 1299/1299/1299 1295/1295/1295 1296/1296/1296
f 1296/1296/1296 1300/1300/1300 1299/1299/1299
f 1300/1300/1300 1296/1296/1296 2931/2931/2931
f 2931/2931/2931 2932/2932/2932 1300/1300/1300
f 1301/1301/1301 1297/1297/1297 1298/1298/1298
f 1298/1298/1298 1302/1302/1302 1301/1301/1301
f 1302/1302/1302 1298/1298/1298 1295/1295/1295
f 1295/1295/1295 1299/1299/1299 1302/1302/1302
f 1303/1303/1303 1306/1306/1306 1305/1305/1305
f 1305/1305/1305 1304/1304/1304 1303/1303/1303
f 1307/1307/1307 1303/1303/1303 1304/1304/1304
f 1304/1304/1304 1308/1308/1308 1307/1307/1307
f 1308/1308/1308 1310/1310/1310 1309/1309/1309
f 1309/1309/1309 1307/1307/1307 1308/1308/1308
f 1305/1305/1305 2933/2933/2933 1311/1311/1311
f 1311/1311/1311 1304/1304/1304 1305/1305/1305
f 1306/1306/1306 2934/2934/2934 1312/1312/1312
f 1312/1312/1312 1305/1305/1305 1306/1306/1306
f 1303/1303/1303 1314/1314/1314 1313/1313/1313
f 1313/1313/1313 1306/1306/1306 1303/1303/1303
f 1304/1304/1304 1311/1311/1311 1315/1315/1315
f 1315/1315/1315 1308/1308/1308 1304/1304/1304
f 1307/1307/1307 1316/1316/1316 1314/1314/1314
f 1314/1314/1314 1303/1303/1303 1307/1307/1307
f 1309/1309/1309 2935/2935/2935 1316/1316/1316
f 1316/1316/1316 1307/1307/1307 1309/1309/1309
f 1310/1310/1310 2936/2936/2936 1317/1317/1317
f 1317/1317/1317 1309/1309/1309 1310/1310/1310
f 1308/1308/1308 1315/1315/1315 1318/1318/1318
f 1318/1318/1318 1310/1310/1310 1308/1308/1308
f 1319/1319/1319 1322/1322/1322 1321/1321/1321
f 1321/1321/1321 1320/1320/1320 1319/1319/1319
f 1323/1323/1323 1319/1319/1319 1320/1320/1320
f 1320/1320/1320 1324/1324/1324 1323/1323/1323
f 1324/1324/1324 1326/1326/1326 1325/1325/1325
f 1325/1325/1325 1323/1323/1323 1324/1324/1324
f 1321/1321/1321 2937/2937/2937 1327/1327/1327
f 1327/1327/1327 1320/1320/1320 1321/1321/1321
f 1322/1322/1322 2938/2938/2938 1328/1328/1328
f 1328/1328/1328 1321/1321/1321 1322/1322/1322
f 1319/1319/1319 1330/1330/1330 1329/1329/1329
f 1329/1329/1329 1322/1322/1322 1319/1319/1319
f 1320/1320/1320 1327/1327/1327 1331/1331/1331
f 1331/1331/1331 1324/1324/1324 1320/1320/1320
f 1323/1323/1323 1332/1332/1332 1330/1330/1330
f 1330/1330/1330 1319/1319/1319 1323/1323/1323
f 1325/1325/1325 2939/2939/2939 1332/1332/1332
f 1332/1332/1332 1323/1323/1323 1325/1325/1325
f 1326/1326/1326 2940/2940/2940 1333/1333/1333
f 1333/1333/1333 1325/1325/1325 1326/1326/1326
f 1324/1324/1324 1331/1331/1331 1334/1334/1334
f 1334/1334/1334 1326/1326/1326 1324/1324/1324
f 1341/1341/1341 1340/1340/1340 1335/1335/1335
f 1335/1335/1335 2941/2941/2941 1341/1341/1341
f 1343/1343/1343 1342/1342/1342 2942/2942/2942
f 2942/2942/2942 1338/1338/1338 1343/1343/1343
f 1344/1344/1344 1343/1343/1343 1338/1338/1338
f 1338/1338/1338 1339/1339/1339 1344/1344/1344
f 1340/1340/1340 1344/1344/1344 1339/1339/1339
f 1339/1339/1339 1335/1335/1335 1340/1340/1340
f 1355/1355/1355 1345/1345/1345 1340/1340/1340
f 2943/2943/2943 1355/1355/1355 1341/1341/1341
f 1343/1343/1343 1352/1352/1352 1342/1342/1342
f 1344/1344/1344 1345/1345/1345 1343/1343/1343
f 1340/1340/1340 1345/1345/1345 1344/1344/1344
f 1346/1346/1346 1347/1347/1347 1341/1341/1341
f 1341/1341/1341 1336/1336/1336 1346/1346/1346
f 1348/1348/1348 1356/1356/1356 1337/1337/1337
f 1337/1337/1337 1342/1342/1342 1348/1348/1348
f 2944/2944/2944 1348/1348/1348 1342/1342/1342
f 1342/1342/1342 2945/2945/2945 2944/2944/2944
f 1347/1347/1347 2946/2946/2946 2943/2943/2943
f 2943/2943/2943 1341/1341/1341 1347/1347/1347
f 1342/1342/1342 1352/1352/1352 2945/2945/2945
f 1345/1345/1345 1355/1355/1355 1352/1352/1352
f 1350/1350/1350 2947/2947/2947 2948/2948/2948
f 2948/2948/2948 1351/1351/1351 1350/1350/1350
f 2949/2949/2949 2950/2950/2950 1349/1349/1349
f 1349/1349/1349 1357/1357/1357 2949/2949/2949
f 1355/1355/1355 1353/1353/1353 1354/1354/1354
f 1354/1354/1354 1352/1352/1352 1355/1355/1355
f 1345/1345/1345 1352/1352/1352 1343/1343/1343
f 1341/1341/1341 1355/1355/1355 1340/1340/1340
f 2951/2951/2951 1361/1361/1361 1358/1358/1358
f 1358/1358/1358 2952/2952/2952 2951/2951/2951
f 1363/1363/1363 1362/1362/1362 1359/1359/1359
f 1359/1359/1359 1360/1360/1360 1363/1363/1363
f 1361/1361/1361 1363/1363/1363 1360/1360/1360
f 1360/1360/1360 1358/1358/1358 1361/1361/1361
f 1364/1364/1364 2953/2953/2953 2952/2952/2952
f 2952/2952/2952 1358/1358/1358 1364/1364/1364
f 1365/1365/1365 1366/1366/1366 1360/1360/1360
f 1360/1360/1360 1359/1359/1359 1365/1365/1365
f 1366/1366/1366 1364/1364/1364 1358/1358/1358
f 1358/1358/1358 1360/1360/1360 1366/1366/1366
f 1368/1368/1368 1372/1372/1372 1373/1373/1373
f 1373/1373/1373 1369/1369/1369 1368/1368/1368
f 1369/1369/1369 1373/1373/1373 1374/1374/1374
f 1374/1374/1374 1370/1370/1370 1369/1369/1369
f 1367/1367/1367 1371/1371/1371 1372/1372/1372
f 1372/1372/1372 1368/1368/1368 1367/1367/1367
f 1376/1376/1376 1380/1380/1380 1381/1381/1381
f 1381/1381/1381 1377/1377/1377 1376/1376/1376
f 1377/1377/1377 1381/1381/1381 1382/1382/1382
f 1382/1382/1382 1378/1378/1378 1377/1377/1377
f 1375/1375/1375 1379/1379/1379 1380/1380/1380
f 1380/1380/1380 1376/1376/1376 1375/1375/1375
f 1383/1383/1383 1387/1387/1387 1388/1388/1388
f 1388/1388/1388 1384/1384/1384 1383/1383/1383
f 1384/1384/1384 1388/1388/1388 1389/1389/1389
f 1389/1389/1389 1385/1385/1385 1384/1384/1384
f 1385/1385/1385 1389/1389/1389 1390/1390/1390
f 1390/1390/1390 1386/1386/1386 1385/1385/1385
f 1393/1393/1393 1394/1394/1394 1391/1391/1391
f 1391/1391/1391 1392/1392/1392 1393/1393/1393
f 1394/1394/1394 1393/1393/1393 1396/1396/1396
f 1396/1396/1396 1395/1395/1395 1394/1394/1394
f 1391/1391/1391 1394/1394/1394 1400/1400/1400
f 1400/1400/1400 2954/2954/2954 1391/1391/1391
f 1392/1392/1392 1391/1391/1391 1397/1397/1397
f 1397/1397/1397 2955/2955/2955 1392/1392/1392
f 1393/1393/1393 1392/1392/1392 1398/1398/1398
f 1398/1398/1398 1399/1399/1399 1393/1393/1393
f 1396/1396/1396 1393/1393/1393 1399/1399/1399
f 1399/1399/1399 2956/2956/2956 1396/1396/1396
f 1395/1395/1395 1396/1396/1396 1402/1402/1402
f 1402/1402/1402 2957/2957/2957 1395/1395/1395
f 1394/1394/1394 1395/1395/1395 1401/1401/1401
f 1401/1401/1401 1400/1400/1400 1394/1394/1394
f 1406/1406/1406 1403/1403/1403 1404/1404/1404
f 1404/1404/1404 1405/1405/1405 1406/1406/1406
f 1403/1403/1403 1406/1406/1406 1407/1407/1407
f 1407/1407/1407 1408/1408/1408 1403/1403/1403
f 1404/1404/1404 1403/1403/1403 1409/1409/1409
f 1409/1409/1409 2958/2958/2958 1404/1404/1404
f 1405/1405/1405 1404/1404/1404 1410/1410/1410
f 1410/1410/1410 2959/2959/2959 1405/1405/1405
f 1406/1406/1406 1405/1405/1405 1411/1411/1411
f 1411/1411/1411 1412/1412/1412 1406/1406/1406
f 1407/1407/1407 1406/1406/1406 1412/1412/1412
f 1412/1412/1412 2960/2960/2960 1407/1407/1407
f 1408/1408/1408 1407/1407/1407 1413/1413/1413
f 1413/1413/1413 2961/2961/2961 1408/1408/1408
f 1403/1403/1403 1408/1408/1408 1414/1414/1414
f 1414/1414/1414 1409/1409/1409 1403/1403/1403
f 1418/1418/1418 1415/1415/1415 1416/1416/1416
f 1416/1416/1416 1417/1417/1417 1418/1418/1418
f 1415/1415/1415 1418/1418/1418 1419/1419/1419
f 1419/1419/1419 1420/1420/1420 1415/1415/1415
f 1416/1416/1416 1415/1415/1415 1421/1421/1421
f 1421/1421/1421 2962/2962/2962 1416/1416/1416
f 1417/1417/1417 1416/1416/1416 1422/1422/1422
f 1422/1422/1422 2963/2963/2963 1417/1417/1417
f 1418/1418/1418 1417/1417/1417 1423/1423/1423
f 1423/1423/1423 1424/1424/1424 1418/1418/1418
f 1419/1419/1419 1418/1418/1418 1424/1424/1424
f 1424/1424/1424 2964/2964/2964 1419/1419/1419
f 1420/1420/1420 1419/1419/1419 1425/1425/1425
f 1425/1425/1425 2965/2965/2965 1420/1420/1420
f 1415/1415/1415 1420/1420/1420 1426/1426/1426
f 1426/1426/1426 1421/1421/1421 1415/1415/1415
f 1427/1427/1427 2966/2966/2966 2967/2967/2967
f 2967/2967/2967 1430/1430/1430 1427/1427/1427
f 2968/2968/2968 2969/2969/2969 1433/1433/1433
f 1433/1433/1433 1434/1434/1434 2968/2968/2968
f 1431/1431/1431 1434/1434/1434 1429/1429/1429
f 1435/1435/1435 1430/1430/1430 1429/1429/1429
f 1429/1429/1429 1434/1434/1434 1435/1435/1435
f 1436/1436/1436 1433/1433/1433 1432/1432/1432
f 1432/1432/1432 1427/1427/1427 1436/1436/1436
f 1428/1428/1428 1427/1427/1427 1432/1432/1432
f 1427/1427/1427 1430/1430/1430 1435/1435/1435
f 1435/1435/1435 1436/1436/1436 1427/1427/1427
f 1436/1436/1436 1435/1435/1435 1434/1434/1434
f 1434/1434/1434 1433/1433/1433 1436/1436/1436
f 2970/2970/2970 2971/2971/2971 2972/2972/2972
f 2972/2972/2972 2973/2973/2973 2970/2970/2970
f 1438/1438/1438 2974/2974/2974 2975/2975/2975
f 2975/2975/2975 1437/1437/1437 1438/1438/1438
f 1439/1439/1439 2976/2976/2976 2974/2974/2974
f 2974/2974/2974 1438/1438/1438 1439/1439/1439
f 1437/1437/1437 2975/2975/2975 2977/2977/2977
f 2977/2977/2977 1440/1440/1440 1437/1437/1437
f 1443/1443/1443 1444/1444/1444 1441/1441/1441
f 1441/1441/1441 1442/1442/1442 1443/1443/1443
f 1799/1799/1799 1446/1446/1446 1445/1445/1445
f 1445/1445/1445 1447/1447/1447 1799/1799/1799
f 1448/1448/1448 1446/1446/1446 1799/1799/1799
f 1799/1799/1799 1449/1449/1449 1448/1448/1448
f 1450/1450/1450 1448/1448/1448 1449/1449/1449
f 1449/1449/1449 1451/1451/1451 1450/1450/1450
f 1452/1452/1452 1450/1450/1450 1451/1451/1451
f 1451/1451/1451 1453/1453/1453 1452/1452/1452
f 1454/1454/1454 1452/1452/1452 1453/1453/1453
f 1453/1453/1453 1455/1455/1455 1454/1454/1454
f 1456/1456/1456 1454/1454/1454 1455/1455/1455
f 1455/1455/1455 1457/1457/1457 1456/1456/1456
f 1650/1650/1650 1456/1456/1456 1457/1457/1457
f 1457/1457/1457 1902/1902/1902 1650/1650/1650
f 1458/1458/1458 1445/1445/1445 1446/1446/1446
f 1446/1446/1446 1746/1746/1746 1458/1458/1458
f 1727/1727/1727 1459/1459/1459 1465/1465/1465
f 1465/1465/1465 1464/1464/1464 1727/1727/1727
f 1463/1463/1463 1460/1460/1460 1727/1727/1727
f 1727/1727/1727 1464/1464/1464 1463/1463/1463
f 1461/1461/1461 1460/1460/1460 1463/1463/1463
f 1463/1463/1463 1462/1462/1462 1461/1461/1461
f 1795/1795/1795 1456/1456/1456 1650/1650/1650
f 1454/1454/1454 1456/1456/1456 1462/1462/1462
f 1463/1463/1463 1452/1452/1452 1454/1454/1454
f 1454/1454/1454 1462/1462/1462 1463/1463/1463
f 1450/1450/1450 1452/1452/1452 1463/1463/1463
f 1464/1464/1464 1450/1450/1450 1463/1463/1463
f 1465/1465/1465 1448/1448/1448 1450/1450/1450
f 1450/1450/1450 1464/1464/1464 1465/1465/1465
f 1459/1459/1459 1746/1746/1746 1465/1465/1465
f 1446/1446/1446 1448/1448/1448 1465/1465/1465
f 1461/1461/1461 1729/1729/1729 1728/1728/1728
f 1728/1728/1728 1460/1460/1460 1461/1461/1461
f 1466/1466/1466 1607/1607/1607 1467/1467/1467
f 1467/1467/1467 1610/1610/1610 1466/1466/1466
f 1742/1742/1742 1741/1741/1741 1738/1738/1738
f 1738/1738/1738 1690/1690/1690 1742/1742/1742
f 1675/1675/1675 1472/1472/1472 1725/1725/1725
f 1725/1725/1725 1724/1724/1724 1675/1675/1675
f 1716/1716/1716 1715/1715/1715 1476/1476/1476
f 1715/1715/1715 1477/1477/1477 1489/1489/1489
f 1489/1489/1489 1488/1488/1488 1715/1715/1715
f 1477/1477/1477 1717/1717/1717 1489/1489/1489
f 1701/1701/1701 1483/1483/1483 1482/1482/1482
f 1482/1482/1482 1702/1702/1702 1701/1701/1701
f 1700/1700/1700 1481/1481/1481 1483/1483/1483
f 1483/1483/1483 1701/1701/1701 1700/1700/1700
f 1483/1483/1483 1498/1498/1498 1500/1500/1500
f 1500/1500/1500 1482/1482/1482 1483/1483/1483
f 1481/1481/1481 1497/1497/1497 1498/1498/1498
f 1498/1498/1498 1483/1483/1483 1481/1481/1481
f 1499/1499/1499 1469/1469/1469 1485/1485/1485
f 1608/1608/1608 1723/1723/1723 1609/1609/1609
f 1617/1617/1617 1475/1475/1475 1486/1486/1486
f 1628/1628/1628 1613/1613/1613 1680/1680/1680
f 1613/1613/1613 1487/1487/1487 1668/1668/1668
f 1486/1486/1486 1723/1723/1723 1608/1608/1608
f 1608/1608/1608 1617/1617/1617 1486/1486/1486
f 1730/1730/1730 1729/1729/1729 1461/1461/1461
f 1461/1461/1461 1731/1731/1731 1730/1730/1730
f 1731/1731/1731 1461/1461/1461 1462/1462/1462
f 1489/1489/1489 1480/1480/1480 1479/1479/1479
f 1479/1479/1479 1488/1488/1488 1489/1489/1489
f 1499/1499/1499 1485/1485/1485 1698/1698/1698
f 1498/1498/1498 1474/1474/1474 1473/1473/1473
f 1473/1473/1473 1500/1500/1500 1498/1498/1498
f 1497/1497/1497 1469/1469/1469 1564/1564/1564
f 1564/1564/1564 1498/1498/1498 1497/1497/1497
f 1613/1613/1613 1654/1654/1654 1487/1487/1487
f 1601/1601/1601 1559/1559/1559 1558/1558/1558
f 1558/1558/1558 1602/1602/1602 1601/1601/1601
f 1560/1560/1560 1474/1474/1474 1564/1564/1564
f 1564/1564/1564 1563/1563/1563 1560/1560/1560
f 1600/1600/1600 1557/1557/1557 1559/1559/1559
f 1559/1559/1559 1601/1601/1601 1600/1600/1600
f 1496/1496/1496 1473/1473/1473 1474/1474/1474
f 1474/1474/1474 1560/1560/1560 1496/1496/1496
f 1556/1556/1556 1557/1557/1557 1600/1600/1600
f 1670/1670/1670 1669/1669/1669 1503/1503/1503
f 1503/1503/1503 1506/1506/1506 1670/1670/1670
f 1703/1703/1703 1695/1695/1695 1502/1502/1502
f 1504/1504/1504 1553/1553/1553 1503/1503/1503
f 1673/1673/1673 1684/1684/1684 1471/1471/1471
f 1512/1512/1512 1502/1502/1502 1501/1501/1501
f 1501/1501/1501 1714/1714/1714 1512/1512/1512
f 1507/1507/1507 1696/1696/1696 1502/1502/1502
f 1502/1502/1502 1512/1512/1512 1507/1507/1507
f 1508/1508/1508 1509/1509/1509 1714/1714/1714
f 1714/1714/1714 1473/1473/1473 1508/1508/1508
f 2978/2978/2978 2979/2979/2979 2980/2980/2980
f 2980/2980/2980 2981/2981/2981 2978/2978/2978
f 2982/2982/2982 2979/2979/2979 2978/2978/2978
f 2978/2978/2978 2983/2983/2983 2982/2982/2982
f 2984/2984/2984 1511/1511/1511 2985/2985/2985
f 2985/2985/2985 2986/2986/2986 2984/2984/2984
f 2987/2987/2987 2988/2988/2988 1511/1511/1511
f 1511/1511/1511 2984/2984/2984 2987/2987/2987
f 1513/1513/1513 2989/2989/2989 2990/2990/2990
f 2989/2989/2989 2991/2991/2991 2990/2990/2990
f 1513/1513/1513 2992/2992/2992 2989/2989/2989
f 1519/1519/1519 1697/1697/1697 1507/1507/1507
f 1519/1519/1519 1507/1507/1507 1527/1527/1527
f 1527/1527/1527 1520/1520/1520 1519/1519/1519
f 1969/1969/1969 1516/1516/1516 1517/1517/1517
f 1517/1517/1517 1521/1521/1521 1969/1969/1969
f 1521/1521/1521 1517/1517/1517 1518/1518/1518
f 1518/1518/1518 1838/1838/1838 1521/1521/1521
f 1838/1838/1838 1518/1518/1518 1519/1519/1519
f 1519/1519/1519 1839/1839/1839 1838/1838/1838
f 1839/1839/1839 1519/1519/1519 1520/1520/1520
f 1520/1520/1520 1522/1522/1522 1839/1839/1839
f 1522/1522/1522 1520/1520/1520 1527/1527/1527
f 1527/1527/1527 1846/1846/1846 1522/1522/1522
f 1687/1687/1687 1686/1686/1686 1516/1516/1516
f 1516/1516/1516 1544/1544/1544 1687/1687/1687
f 1535/1535/1535 1524/1524/1524 1536/1536/1536
f 2993/2993/2993 1514/1514/1514 2994/2994/2994
f 2994/2994/2994 2995/2995/2995 2993/2993/2993
f 2996/2996/2996 1515/1515/1515 1514/1514/1514
f 1514/1514/1514 2993/2993/2993 2996/2996/2996
f 1845/1845/1845 1526/1526/1526 1525/1525/1525
f 1525/1525/1525 1844/1844/1844 1845/1845/1845
f 1846/1846/1846 1527/1527/1527 1526/1526/1526
f 1526/1526/1526 1845/1845/1845 1846/1846/1846
f 1744/1744/1744 1528/1528/1528 1746/1746/1746
f 1529/1529/1529 1528/1528/1528 1745/1745/1745
f 1745/1745/1745 1530/1530/1530 1529/1529/1529
f 1744/1744/1744 1745/1745/1745 1528/1528/1528
f 1459/1459/1459 1744/1744/1744 1746/1746/1746
f 1528/1528/1528 1458/1458/1458 1746/1746/1746
f 1537/1537/1537 1536/1536/1536 1524/1524/1524
f 1548/1548/1548 1551/1551/1551 1545/1545/1545
f 1545/1545/1545 1532/1532/1532 1548/1548/1548
f 1854/1854/1854 1532/1532/1532 1531/1531/1531
f 1743/1743/1743 1689/1689/1689 1688/1688/1688
f 1688/1688/1688 1543/1543/1543 1743/1743/1743
f 1536/1536/1536 1750/1750/1750 1535/1535/1535
f 1532/1532/1532 1750/1750/1750 1536/1536/1536
f 1542/1542/1542 1532/1532/1532 1536/1536/1536
f 1536/1536/1536 1537/1537/1537 1542/1542/1542
f 1742/1742/1742 1690/1690/1690 1689/1689/1689
f 1689/1689/1689 1743/1743/1743 1742/1742/1742
f 1783/1783/1783 1533/1533/1533 1534/1534/1534
f 1783/1783/1783 1534/1534/1534 1849/1849/1849
f 1849/1849/1849 1997/1997/1997 1783/1783/1783
f 1540/1540/1540 1853/1853/1853 1530/1530/1530
f 1530/1530/1530 1745/1745/1745 1540/1540/1540
f 1540/1540/1540 1539/1539/1539 1853/1853/1853
f 1744/1744/1744 1541/1541/1541 1540/1540/1540
f 1540/1540/1540 1745/1745/1745 1744/1744/1744
f 1542/1542/1542 1531/1531/1531 1532/1532/1532
f 1854/1854/1854 1548/1548/1548 1532/1532/1532
f 1740/1740/1740 1739/1739/1739 1543/1543/1543
f 1547/1547/1547 1550/1550/1550 1545/1545/1545
f 1543/1543/1543 1739/1739/1739 1545/1545/1545
f 1859/1859/1859 1849/1849/1849 1534/1534/1534
f 1534/1534/1534 1550/1550/1550 1859/1859/1859
f 1549/1549/1549 1858/1858/1858 1548/1548/1548
f 1854/1854/1854 1549/1549/1549 1548/1548/1548
f 1858/1858/1858 1551/1551/1551 1548/1548/1548
f 1858/1858/1858 1546/1546/1546 1547/1547/1547
f 1550/1550/1550 1547/1547/1547 1546/1546/1546
f 1546/1546/1546 1859/1859/1859 1550/1550/1550
f 1534/1534/1534 1533/1533/1533 1545/1545/1545
f 1545/1545/1545 1550/1550/1550 1534/1534/1534
f 1551/1551/1551 1547/1547/1547 1545/1545/1545
f 1858/1858/1858 1547/1547/1547 1551/1551/1551
f 1545/1545/1545 1739/1739/1739 1532/1532/1532
f 1552/1552/1552 1538/1538/1538 1539/1539/1539
f 1540/1540/1540 1541/1541/1541 1552/1552/1552
f 1476/1476/1476 1715/1715/1715 1488/1488/1488
f 1488/1488/1488 1553/1553/1553 1476/1476/1476
f 1553/1553/1553 1488/1488/1488 1479/1479/1479
f 1553/1553/1553 1504/1504/1504 1476/1476/1476
f 1612/1612/1612 1675/1675/1675 1674/1674/1674
f 1674/1674/1674 1683/1683/1683 1612/1612/1612
f 1683/1683/1683 1674/1674/1674 1471/1471/1471
f 1683/1683/1683 1471/1471/1471 1684/1684/1684
f 1756/1756/1756 1587/1587/1587 1586/1586/1586
f 1586/1586/1586 2997/2997/2997 1756/1756/1756
f 1543/1543/1543 1545/1545/1545 1533/1533/1533
f 1559/1559/1559 1568/1568/1568 1567/1567/1567
f 1567/1567/1567 1558/1558/1558 1559/1559/1559
f 1571/1571/1571 1569/1569/1569 1560/1560/1560
f 1560/1560/1560 1563/1563/1563 1571/1571/1571
f 1557/1557/1557 1566/1566/1566 1568/1568/1568
f 1568/1568/1568 1559/1559/1559 1557/1557/1557
f 1638/1638/1638 1652/1652/1652 1565/1565/1565
f 1565/1565/1565 1556/1556/1556 1638/1638/1638
f 1565/1565/1565 1566/1566/1566 1557/1557/1557
f 1557/1557/1557 1556/1556/1556 1565/1565/1565
f 1755/1755/1755 1496/1496/1496 1560/1560/1560
f 1580/1580/1580 1493/1493/1493 2998/2998/2998
f 2998/2998/2998 1577/1577/1577 1580/1580/1580
f 1469/1469/1469 1604/1604/1604 1564/1564/1564
f 1564/1564/1564 1474/1474/1474 1498/1498/1498
f 1570/1570/1570 1755/1755/1755 1560/1560/1560
f 1560/1560/1560 1569/1569/1569 1570/1570/1570
f 1763/1763/1763 1755/1755/1755 1570/1570/1570
f 1570/1570/1570 1759/1759/1759 1763/1763/1763
f 1592/1592/1592 1597/1597/1597 1596/1596/1596
f 1596/1596/1596 1593/1593/1593 1592/1592/1592
f 1571/1571/1571 1572/1572/1572 1569/1569/1569
f 1591/1591/1591 1598/1598/1598 1597/1597/1597
f 1597/1597/1597 1592/1592/1592 1591/1591/1591
f 1589/1589/1589 1599/1599/1599 1590/1590/1590
f 1599/1599/1599 1598/1598/1598 1591/1591/1591
f 1591/1591/1591 1590/1590/1590 1599/1599/1599
f 1571/1571/1571 1563/1563/1563 1558/1558/1558
f 1558/1558/1558 1567/1567/1567 1571/1571/1571
f 1595/1595/1595 1594/1594/1594 1593/1593/1593
f 1593/1593/1593 1596/1596/1596 1595/1595/1595
f 1576/1576/1576 1585/1585/1585 1584/1584/1584
f 1584/1584/1584 1575/1575/1575 1576/1576/1576
f 1572/1572/1572 1588/1588/1588 1586/1586/1586
f 1586/1586/1586 1569/1569/1569 1572/1572/1572
f 1574/1574/1574 1583/1583/1583 1585/1585/1585
f 1585/1585/1585 1576/1576/1576 1574/1574/1574
f 1655/1655/1655 1582/1582/1582 1573/1573/1573
f 1582/1582/1582 1583/1583/1583 1574/1574/1574
f 1574/1574/1574 1573/1573/1573 1582/1582/1582
f 1661/1661/1661 1660/1660/1660 1659/1659/1659
f 1659/1659/1659 1662/1662/1662 1661/1661/1661
f 1581/1581/1581 1495/1495/1495 1493/1493/1493
f 1493/1493/1493 1580/1580/1580 1581/1581/1581
f 1577/1577/1577 2998/2998/2998 2997/2997/2997
f 2997/2997/2997 1586/1586/1586 1577/1577/1577
f 1579/1579/1579 1492/1492/1492 1495/1495/1495
f 1495/1495/1495 1581/1581/1581 1579/1579/1579
f 1490/1490/1490 1492/1492/1492 1579/1579/1579
f 1579/1579/1579 1578/1578/1578 1490/1490/1490
f 1658/1658/1658 1663/1663/1663 1662/1662/1662
f 1662/1662/1662 1659/1659/1659 1658/1658/1658
f 1588/1588/1588 1577/1577/1577 1586/1586/1586
f 1657/1657/1657 1664/1664/1664 1663/1663/1663
f 1663/1663/1663 1658/1658/1658 1657/1657/1657
f 1657/1657/1657 1666/1666/1666 1665/1665/1665
f 1665/1665/1665 1664/1664/1664 1657/1657/1657
f 1587/1587/1587 1570/1570/1570 1569/1569/1569
f 1569/1569/1569 1586/1586/1586 1587/1587/1587
f 1760/1760/1760 1764/1764/1764 1570/1570/1570
f 1570/1570/1570 1587/1587/1587 1760/1760/1760
f 1588/1588/1588 1572/1572/1572 1575/1575/1575
f 1575/1575/1575 1584/1584/1584 1588/1588/1588
f 1565/1565/1565 1652/1652/1652 1589/1589/1589
f 1589/1589/1589 1590/1590/1590 1565/1565/1565
f 1591/1591/1591 1566/1566/1566 1565/1565/1565
f 1565/1565/1565 1590/1590/1590 1591/1591/1591
f 1592/1592/1592 1568/1568/1568 1566/1566/1566
f 1566/1566/1566 1591/1591/1591 1592/1592/1592
f 1593/1593/1593 1567/1567/1567 1568/1568/1568
f 1568/1568/1568 1592/1592/1592 1593/1593/1593
f 1575/1575/1575 1572/1572/1572 1595/1595/1595
f 1595/1595/1595 1596/1596/1596 1575/1575/1575
f 1571/1571/1571 1567/1567/1567 1593/1593/1593
f 1593/1593/1593 1594/1594/1594 1571/1571/1571
f 1572/1572/1572 1571/1571/1571 1594/1594/1594
f 1594/1594/1594 1595/1595/1595 1572/1572/1572
f 1597/1597/1597 1576/1576/1576 1575/1575/1575
f 1575/1575/1575 1596/1596/1596 1597/1597/1597
f 1598/1598/1598 1574/1574/1574 1576/1576/1576
f 1576/1576/1576 1597/1597/1597 1598/1598/1598
f 1573/1573/1573 1574/1574/1574 1598/1598/1598
f 1598/1598/1598 1599/1599/1599 1573/1573/1573
f 1589/1589/1589 1573/1573/1573 1599/1599/1599
f 1556/1556/1556 1600/1600/1600 1615/1615/1615
f 1615/1615/1615 1622/1622/1622 1556/1556/1556
f 1601/1601/1601 1615/1615/1615 1600/1600/1600
f 1602/1602/1602 1469/1469/1469 1499/1499/1499
f 1499/1499/1499 1601/1601/1601 1602/1602/1602
f 1603/1603/1603 1563/1563/1563 1564/1564/1564
f 1564/1564/1564 1604/1604/1604 1603/1603/1603
f 1603/1603/1603 1604/1604/1604 1469/1469/1469
f 1469/1469/1469 1602/1602/1602 1603/1603/1603
f 1602/1602/1602 1558/1558/1558 1563/1563/1563
f 1563/1563/1563 1603/1603/1603 1602/1602/1602
f 1484/1484/1484 1730/1730/1730 1653/1653/1653
f 1606/1606/1606 1468/1468/1468 1484/1484/1484
f 1484/1484/1484 1605/1605/1605 1606/1606/1606
f 1466/1466/1466 1468/1468/1468 1606/1606/1606
f 1606/1606/1606 1607/1607/1607 1466/1466/1466
f 1605/1605/1605 1653/1653/1653 1618/1618/1618
f 1618/1618/1618 1608/1608/1608 1605/1605/1605
f 1609/1609/1609 1606/1606/1606 1605/1605/1605
f 1605/1605/1605 1608/1608/1608 1609/1609/1609
f 1734/1734/1734 1727/1727/1727 1460/1460/1460
f 1460/1460/1460 1728/1728/1728 1734/1734/1734
f 1607/1607/1607 1606/1606/1606 1609/1609/1609
f 1609/1609/1609 1611/1611/1611 1607/1607/1607
f 1467/1467/1467 1607/1607/1607 1611/1611/1611
f 1611/1611/1611 1612/1612/1612 1467/1467/1467
f 1578/1578/1578 1656/1656/1656 1641/1641/1641
f 1641/1641/1641 1614/1614/1614 1578/1578/1578
f 1491/1491/1491 1789/1789/1789 1614/1614/1614
f 1614/1614/1614 1643/1643/1643 1491/1491/1491
f 1655/1655/1655 1589/1589/1589 1652/1652/1652
f 1652/1652/1652 1639/1639/1639 1655/1655/1655
f 1555/1555/1555 1490/1490/1490 1578/1578/1578
f 1614/1614/1614 1789/1789/1789 1578/1578/1578
f 1680/1680/1680 1613/1613/1613 1668/1668/1668
f 1481/1481/1481 1700/1700/1700 1699/1699/1699
f 1699/1699/1699 1485/1485/1485 1481/1481/1481
f 1634/1634/1634 1613/1613/1613 1628/1628/1628
f 1628/1628/1628 1630/1630/1630 1634/1634/1634
f 1608/1608/1608 1618/1618/1618 1626/1626/1626
f 1626/1626/1626 1635/1635/1635 1608/1608/1608
f 1640/1640/1640 1905/1905/1905 1642/1642/1642
f 1621/1621/1621 1667/1667/1667 1904/1904/1904
f 1904/1904/1904 1649/1649/1649 1621/1621/1621
f 1615/1615/1615 1633/1633/1633 1627/1627/1627
f 1627/1627/1627 1622/1622/1622 1615/1615/1615
f 1615/1615/1615 1698/1698/1698 1633/1633/1633
f 1654/1654/1654 1613/1613/1613 1634/1634/1634
f 1634/1634/1634 1616/1616/1616 1654/1654/1654
f 1620/1620/1620 1616/1616/1616 1634/1634/1634
f 1634/1634/1634 1630/1630/1630 1620/1620/1620
f 1617/1617/1617 1608/1608/1608 1635/1635/1635
f 1619/1619/1619 1617/1617/1617 1635/1635/1635
f 1635/1635/1635 1626/1626/1626 1619/1619/1619
f 1794/1794/1794 1796/1796/1796 1653/1653/1653
f 1653/1653/1653 1636/1636/1636 1794/1794/1794
f 1637/1637/1637 1629/1629/1629 1644/1644/1644
f 1644/1644/1644 1646/1646/1646 1637/1637/1637
f 1903/1903/1903 1645/1645/1645 1632/1632/1632
f 1632/1632/1632 1623/1623/1623 1903/1903/1903
f 1642/1642/1642 1905/1905/1905 2999/2999/2999
f 1648/1648/1648 1625/1625/1625 1642/1642/1642
f 1645/1645/1645 1644/1644/1644 1629/1629/1629
f 1629/1629/1629 1632/1632/1632 1645/1645/1645
f 1633/1633/1633 1698/1698/1698 1624/1624/1624
f 1624/1624/1624 1627/1627/1627 1633/1633/1633
f 1646/1646/1646 1905/1905/1905 1640/1640/1640
f 1640/1640/1640 1651/1651/1651 1646/1646/1646
f 1632/1632/1632 1630/1630/1630 1628/1628/1628
f 1628/1628/1628 1623/1623/1623 1632/1632/1632
f 1647/1647/1647 1631/1631/1631 1621/1621/1621
f 1621/1621/1621 1649/1649/1649 1647/1647/1647
f 1629/1629/1629 1637/1637/1637 1627/1627/1627
f 1627/1627/1627 1624/1624/1624 1629/1629/1629
f 1624/1624/1624 1620/1620/1620 1630/1630/1630
f 1630/1630/1630 1632/1632/1632 1624/1624/1624
f 1623/1623/1623 1619/1619/1619 1626/1626/1626
f 1626/1626/1626 1631/1631/1631 1623/1623/1623
f 1667/1667/1667 1650/1650/1650 1902/1902/1902
f 1902/1902/1902 1904/1904/1904 1667/1667/1667
f 1647/1647/1647 1903/1903/1903 1623/1623/1623
f 1623/1623/1623 1631/1631/1631 1647/1647/1647
f 1651/1651/1651 1640/1640/1640 1639/1639/1639
f 1639/1639/1639 1652/1652/1652 1651/1651/1651
f 1640/1640/1640 1642/1642/1642 1641/1641/1641
f 1641/1641/1641 1639/1639/1639 1640/1640/1640
f 1625/1625/1625 1614/1614/1614 1641/1641/1641
f 1641/1641/1641 1642/1642/1642 1625/1625/1625
f 1632/1632/1632 1629/1629/1629 1624/1624/1624
f 1627/1627/1627 1637/1637/1637 1638/1638/1638
f 1638/1638/1638 1622/1622/1622 1627/1627/1627
f 1614/1614/1614 1625/1625/1625 1648/1648/1648
f 1648/1648/1648 1643/1643/1643 1614/1614/1614
f 1626/1626/1626 1618/1618/1618 1621/1621/1621
f 1621/1621/1621 1631/1631/1631 1626/1626/1626
f 1794/1794/1794 1795/1795/1795 1650/1650/1650
f 1650/1650/1650 1667/1667/1667 1794/1794/1794
f 1651/1651/1651 1637/1637/1637 1646/1646/1646
f 1652/1652/1652 1638/1638/1638 1637/1637/1637
f 1637/1637/1637 1651/1651/1651 1652/1652/1652
f 1556/1556/1556 1622/1622/1622 1638/1638/1638
f 1601/1601/1601 1499/1499/1499 1615/1615/1615
f 1499/1499/1499 1698/1698/1698 1615/1615/1615
f 1653/1653/1653 1605/1605/1605 1484/1484/1484
f 1730/1730/1730 1731/1731/1731 1636/1636/1636
f 1636/1636/1636 1653/1653/1653 1730/1730/1730
f 1654/1654/1654 1478/1478/1478 1487/1487/1487
f 1654/1654/1654 1616/1616/1616 1478/1478/1478
f 1655/1655/1655 1573/1573/1573 1589/1589/1589
f 1656/1656/1656 1639/1639/1639 1641/1641/1641
f 1666/1666/1666 1582/1582/1582 1656/1656/1656
f 1658/1658/1658 1585/1585/1585 1583/1583/1583
f 1583/1583/1583 1657/1657/1657 1658/1658/1658
f 1659/1659/1659 1584/1584/1584 1585/1585/1585
f 1585/1585/1585 1658/1658/1658 1659/1659/1659
f 1580/1580/1580 1577/1577/1577 1661/1661/1661
f 1661/1661/1661 1662/1662/1662 1580/1580/1580
f 1663/1663/1663 1581/1581/1581 1580/1580/1580
f 1580/1580/1580 1662/1662/1662 1663/1663/1663
f 1664/1664/1664 1579/1579/1579 1581/1581/1581
f 1581/1581/1581 1663/1663/1663 1664/1664/1664
f 1656/1656/1656 1578/1578/1578 1665/1665/1665
f 1665/1665/1665 1666/1666/1666 1656/1656/1656
f 1657/1657/1657 1583/1583/1583 1582/1582/1582
f 1582/1582/1582 1666/1666/1666 1657/1657/1657
f 1578/1578/1578 1579/1579/1579 1664/1664/1664
f 1664/1664/1664 1665/1665/1665 1578/1578/1578
f 1577/1577/1577 1588/1588/1588 1660/1660/1660
f 1660/1660/1660 1661/1661/1661 1577/1577/1577
f 1588/1588/1588 1584/1584/1584 1659/1659/1659
f 1659/1659/1659 1660/1660/1660 1588/1588/1588
f 1656/1656/1656 1582/1582/1582 1655/1655/1655
f 1655/1655/1655 1639/1639/1639 1656/1656/1656
f 1680/1680/1680 1617/1617/1617 1619/1619/1619
f 1619/1619/1619 1628/1628/1628 1680/1680/1680
f 1668/1668/1668 1677/1677/1677 1680/1680/1680
f 1718/1718/1718 1677/1677/1677 1668/1668/1668
f 1676/1676/1676 1670/1670/1670 1671/1671/1671
f 1671/1671/1671 1682/1682/1682 1676/1676/1676
f 1672/1672/1672 1686/1686/1686 1685/1685/1685
f 1685/1685/1685 1673/1673/1673 1672/1672/1672
f 1673/1673/1673 1682/1682/1682 1672/1672/1672
f 1674/1674/1674 1681/1681/1681 1676/1676/1676
f 1676/1676/1676 1471/1471/1471 1674/1674/1674
f 1679/1679/1679 1681/1681/1681 1674/1674/1674
f 1679/1679/1679 1674/1674/1674 1675/1675/1675
f 1675/1675/1675 1678/1678/1678 1679/1679/1679
f 1672/1672/1672 1671/1671/1671 1517/1517/1517
f 1517/1517/1517 1516/1516/1516 1672/1672/1672
f 1676/1676/1676 1682/1682/1682 1673/1673/1673
f 1673/1673/1673 1471/1471/1471 1676/1676/1676
f 1677/1677/1677 1475/1475/1475 1617/1617/1617
f 1617/1617/1617 1680/1680/1680 1677/1677/1677
f 1726/1726/1726 1724/1724/1724 1719/1719/1719
f 1719/1719/1719 1677/1677/1677 1726/1726/1726
f 1669/1669/1669 1670/1670/1670 1676/1676/1676
f 1676/1676/1676 1681/1681/1681 1669/1669/1669
f 1679/1679/1679 1504/1504/1504 1669/1669/1669
f 1669/1669/1669 1681/1681/1681 1679/1679/1679
f 1678/1678/1678 1476/1476/1476 1504/1504/1504
f 1504/1504/1504 1679/1679/1679 1678/1678/1678
f 1682/1682/1682 1671/1671/1671 1672/1672/1672
f 1619/1619/1619 1623/1623/1623 1628/1628/1628
f 1685/1685/1685 1505/1505/1505 1684/1684/1684
f 1686/1686/1686 1505/1505/1505 1685/1685/1685
f 1470/1470/1470 1505/1505/1505 1686/1686/1686
f 1686/1686/1686 1687/1687/1687 1470/1470/1470
f 1690/1690/1690 1470/1470/1470 1689/1689/1689
f 1692/1692/1692 1684/1684/1684 1470/1470/1470
f 1692/1692/1692 1691/1691/1691 1683/1683/1683
f 1467/1467/1467 1612/1612/1612 1683/1683/1683
f 1683/1683/1683 1691/1691/1691 1467/1467/1467
f 1610/1610/1610 1467/1467/1467 1691/1691/1691
f 1691/1691/1691 1738/1738/1738 1610/1610/1610
f 1692/1692/1692 1690/1690/1690 1738/1738/1738
f 1738/1738/1738 1691/1691/1691 1692/1692/1692
f 1470/1470/1470 1690/1690/1690 1692/1692/1692
f 1688/1688/1688 1689/1689/1689 1470/1470/1470
f 1687/1687/1687 1688/1688/1688 1470/1470/1470
f 1505/1505/1505 1470/1470/1470 1684/1684/1684
f 1672/1672/1672 1516/1516/1516 1686/1686/1686
f 1740/1740/1740 1543/1543/1543 1688/1688/1688
f 1669/1669/1669 1504/1504/1504 1503/1503/1503
f 1703/1703/1703 1502/1502/1502 1704/1704/1704
f 1693/1693/1693 1478/1478/1478 1616/1616/1616
f 1694/1694/1694 1480/1480/1480 1478/1478/1478
f 1478/1478/1478 1693/1693/1693 1694/1694/1694
f 1479/1479/1479 1480/1480/1480 1694/1694/1694
f 1695/1695/1695 1501/1501/1501 1502/1502/1502
f 1695/1695/1695 1702/1702/1702 1482/1482/1482
f 1696/1696/1696 1705/1705/1705 1704/1704/1704
f 1704/1704/1704 1502/1502/1502 1696/1696/1696
f 1697/1697/1697 1518/1518/1518 1705/1705/1705
f 1705/1705/1705 1696/1696/1696 1697/1697/1697
f 1671/1671/1671 1670/1670/1670 1506/1506/1506
f 1518/1518/1518 1517/1517/1517 1671/1671/1671
f 1671/1671/1671 1506/1506/1506 1518/1518/1518
f 1695/1695/1695 1482/1482/1482 1500/1500/1500
f 1500/1500/1500 1501/1501/1501 1695/1695/1695
f 1519/1519/1519 1518/1518/1518 1697/1697/1697
f 1485/1485/1485 1699/1699/1699 1698/1698/1698
f 1698/1698/1698 1620/1620/1620 1624/1624/1624
f 1699/1699/1699 1620/1620/1620 1698/1698/1698
f 1616/1616/1616 1620/1620/1620 1699/1699/1699
f 1700/1700/1700 1616/1616/1616 1699/1699/1699
f 1693/1693/1693 1616/1616/1616 1700/1700/1700
f 1701/1701/1701 1694/1694/1694 1693/1693/1693
f 1693/1693/1693 1700/1700/1700 1701/1701/1701
f 1702/1702/1702 1479/1479/1479 1694/1694/1694
f 1694/1694/1694 1701/1701/1701 1702/1702/1702
f 1703/1703/1703 1553/1553/1553 1479/1479/1479
f 1479/1479/1479 1702/1702/1702 1703/1703/1703
f 1703/1703/1703 1704/1704/1704 1503/1503/1503
f 1503/1503/1503 1553/1553/1553 1703/1703/1703
f 1705/1705/1705 1503/1503/1503 1704/1704/1704
f 1506/1506/1506 1503/1503/1503 1705/1705/1705
f 1518/1518/1518 1506/1506/1506 1705/1705/1705
f 1789/1789/1789 1555/1555/1555 1578/1578/1578
f 3000/3000/3000 1792/1792/1792 3001/3001/3001
f 1554/1554/1554 1494/1494/1494 1562/1562/1562
f 1554/1554/1554 3002/3002/3002 1494/1494/1494
f 3003/3003/3003 2998/2998/2998 1493/1493/1493
f 3004/3004/3004 1490/1490/1490 1555/1555/1555
f 1555/1555/1555 1711/1711/1711 3004/3004/3004
f 3005/3005/3005 1492/1492/1492 1490/1490/1490
f 1490/1490/1490 3004/3004/3004 3005/3005/3005
f 3003/3003/3003 1493/1493/1493 1495/1495/1495
f 1495/1495/1495 3006/3006/3006 3003/3003/3003
f 3006/3006/3006 1495/1495/1495 1492/1492/1492
f 1492/1492/1492 3005/3005/3005 3006/3006/3006
f 1712/1712/1712 1554/1554/1554 1562/1562/1562
f 1695/1695/1695 1703/1703/1703 1702/1702/1702
f 1713/1713/1713 1844/1844/1844 1525/1525/1525
f 1496/1496/1496 1510/1510/1510 1508/1508/1508
f 1508/1508/1508 1473/1473/1473 1496/1496/1496
f 1510/1510/1510 1757/1757/1757 1713/1713/1713
f 1501/1501/1501 1500/1500/1500 1473/1473/1473
f 1473/1473/1473 1714/1714/1714 1501/1501/1501
f 1714/1714/1714 1509/1509/1509 1512/1512/1512
f 1697/1697/1697 1696/1696/1696 1507/1507/1507
f 1717/1717/1717 1477/1477/1477 1718/1718/1718
f 1715/1715/1715 1716/1716/1716 1718/1718/1718
f 1718/1718/1718 1477/1477/1477 1715/1715/1715
f 1487/1487/1487 1478/1478/1478 1480/1480/1480
f 1480/1480/1480 1717/1717/1717 1487/1487/1487
f 1668/1668/1668 1487/1487/1487 1717/1717/1717
f 1717/1717/1717 1718/1718/1718 1668/1668/1668
f 1717/1717/1717 1480/1480/1480 1489/1489/1489
f 1720/1720/1720 1722/1722/1722 1719/1719/1719
f 1723/1723/1723 1722/1722/1722 1720/1720/1720
f 1720/1720/1720 1721/1721/1721 1723/1723/1723
f 1486/1486/1486 1475/1475/1475 1719/1719/1719
f 1719/1719/1719 1722/1722/1722 1486/1486/1486
f 1723/1723/1723 1486/1486/1486 1722/1722/1722
f 1725/1725/1725 1723/1723/1723 1721/1721/1721
f 1719/1719/1719 1475/1475/1475 1677/1677/1677
f 1716/1716/1716 1476/1476/1476 1678/1678/1678
f 1678/1678/1678 1726/1726/1726 1716/1716/1716
f 1725/1725/1725 1611/1611/1611 1609/1609/1609
f 1609/1609/1609 1723/1723/1723 1725/1725/1725
f 1720/1720/1720 1719/1719/1719 1724/1724/1724
f 1725/1725/1725 1721/1721/1721 1720/1720/1720
f 1720/1720/1720 1724/1724/1724 1725/1725/1725
f 1472/1472/1472 1612/1612/1612 1611/1611/1611
f 1611/1611/1611 1725/1725/1725 1472/1472/1472
f 1726/1726/1726 1677/1677/1677 1718/1718/1718
f 1718/1718/1718 1716/1716/1716 1726/1726/1726
f 1678/1678/1678 1675/1675/1675 1724/1724/1724
f 1724/1724/1724 1726/1726/1726 1678/1678/1678
f 1612/1612/1612 1472/1472/1472 1675/1675/1675
f 1729/1729/1729 1730/1730/1730 1484/1484/1484
f 1484/1484/1484 1468/1468/1468 1729/1729/1729
f 1738/1738/1738 1741/1741/1741 1737/1737/1737
f 1737/1737/1737 1610/1610/1610 1738/1738/1738
f 1728/1728/1728 1729/1729/1729 1732/1732/1732
f 1733/1733/1733 1735/1735/1735 1734/1734/1734
f 1728/1728/1728 1732/1732/1732 1733/1733/1733
f 1733/1733/1733 1734/1734/1734 1728/1728/1728
f 1737/1737/1737 1736/1736/1736 1610/1610/1610
f 1736/1736/1736 1468/1468/1468 1466/1466/1466
f 1733/1733/1733 1736/1736/1736 1735/1735/1735
f 1733/1733/1733 1732/1732/1732 1736/1736/1736
f 1732/1732/1732 1729/1729/1729 1468/1468/1468
f 1732/1732/1732 1468/1468/1468 1736/1736/1736
f 1736/1736/1736 1466/1466/1466 1610/1610/1610
f 1727/1727/1727 1734/1734/1734 1735/1735/1735
f 1544/1544/1544 1751/1751/1751 1750/1750/1750
f 1750/1750/1750 1749/1749/1749 1544/1544/1544
f 1687/1687/1687 1544/1544/1544 1749/1749/1749
f 1737/1737/1737 1727/1727/1727 1735/1735/1735
f 1741/1741/1741 1793/1793/1793 1737/1737/1737
f 1743/1743/1743 1787/1787/1787 1538/1538/1538
f 1538/1538/1538 1742/1742/1742 1743/1743/1743
f 1543/1543/1543 1533/1533/1533 1743/1743/1743
f 1541/1541/1541 1744/1744/1744 1459/1459/1459
f 1746/1746/1746 1446/1446/1446 1465/1465/1465
f 1747/1747/1747 1544/1544/1544 1516/1516/1516
f 1747/1747/1747 1748/1748/1748 1544/1544/1544
f 1687/1687/1687 1749/1749/1749 1740/1740/1740
f 1740/1740/1740 1688/1688/1688 1687/1687/1687
f 1739/1739/1739 1740/1740/1740 1749/1749/1749
f 1749/1749/1749 1750/1750/1750 1739/1739/1739
f 1751/1751/1751 1523/1523/1523 1750/1750/1750
f 1752/1752/1752 1523/1523/1523 1751/1751/1751
f 1739/1739/1739 1750/1750/1750 1532/1532/1532
f 1535/1535/1535 1967/1967/1967 1524/1524/1524
f 1967/1967/1967 1535/1535/1535 1523/1523/1523
f 1523/1523/1523 3007/3007/3007 1967/1967/1967
f 1969/1969/1969 1747/1747/1747 1516/1516/1516
f 1968/1968/1968 1544/1544/1544 1748/1748/1748
f 1748/1748/1748 1970/1970/1970 1968/1968/1968
f 1969/1969/1969 1754/1754/1754 1747/1747/1747
f 1753/1753/1753 1751/1751/1751 1544/1544/1544
f 1544/1544/1544 1968/1968/1968 1753/1753/1753
f 1966/1966/1966 1523/1523/1523 1752/1752/1752
f 1752/1752/1752 1971/1971/1971 1966/1966/1966
f 1971/1971/1971 1752/1752/1752 1751/1751/1751
f 1751/1751/1751 1753/1753/1753 1971/1971/1971
f 1970/1970/1970 1748/1748/1748 1747/1747/1747
f 1747/1747/1747 1754/1754/1754 1970/1970/1970
f 1761/1761/1761 1510/1510/1510 1755/1755/1755
f 1755/1755/1755 1758/1758/1758 1761/1761/1761
f 1766/1766/1766 1984/1984/1984 1871/1871/1871
f 1871/1871/1871 1760/1760/1760 1766/1766/1766
f 1763/1763/1763 1762/1762/1762 1561/1561/1561
f 1561/1561/1561 1758/1758/1758 1763/1763/1763
f 1764/1764/1764 1980/1980/1980 1868/1868/1868
f 1868/1868/1868 1759/1759/1759 1764/1764/1764
f 1761/1761/1761 1977/1977/1977 1943/1943/1943
f 1943/1943/1943 1757/1757/1757 1761/1761/1761
f 1765/1765/1765 1756/1756/1756 3008/3008/3008
f 3008/3008/3008 1982/1982/1982 1765/1765/1765
f 1770/1770/1770 1758/1758/1758 1561/1561/1561
f 1561/1561/1561 1767/1767/1767 1770/1770/1770
f 1771/1771/1771 1759/1759/1759 1868/1868/1868
f 1868/1868/1868 1768/1768/1768 1771/1771/1771
f 1772/1772/1772 1760/1760/1760 1871/1871/1871
f 1871/1871/1871 1769/1769/1769 1772/1772/1772
f 1773/1773/1773 1761/1761/1761 1758/1758/1758
f 1758/1758/1758 1770/1770/1770 1773/1773/1773
f 1989/1989/1989 1977/1977/1977 1761/1761/1761
f 1761/1761/1761 1773/1773/1773 1989/1989/1989
f 1774/1774/1774 1763/1763/1763 1759/1759/1759
f 1759/1759/1759 1771/1771/1771 1774/1774/1774
f 1991/1991/1991 1762/1762/1762 1763/1763/1763
f 1763/1763/1763 1774/1774/1774 1991/1991/1991
f 1776/1776/1776 1764/1764/1764 1760/1760/1760
f 1760/1760/1760 1772/1772/1772 1776/1776/1776
f 1775/1775/1775 1980/1980/1980 1764/1764/1764
f 1764/1764/1764 1776/1776/1776 1775/1775/1775
f 1778/1778/1778 1765/1765/1765 1982/1982/1982
f 1982/1982/1982 1777/1777/1777 1778/1778/1778
f 1782/1782/1782 1766/1766/1766 1765/1765/1765
f 1765/1765/1765 1778/1778/1778 1782/1782/1782
f 1781/1781/1781 1984/1984/1984 1766/1766/1766
f 1766/1766/1766 1782/1782/1782 1781/1781/1781
f 1767/1767/1767 1989/1989/1989 1773/1773/1773
f 1773/1773/1773 1770/1770/1770 1767/1767/1767
f 1768/1768/1768 1991/1991/1991 1774/1774/1774
f 1774/1774/1774 1771/1771/1771 1768/1768/1768
f 1769/1769/1769 1775/1775/1775 1776/1776/1776
f 1776/1776/1776 1772/1772/1772 1769/1769/1769
f 1777/1777/1777 1779/1779/1779 1780/1780/1780
f 1780/1780/1780 1778/1778/1778 1777/1777/1777
f 1780/1780/1780 1779/1779/1779 1781/1781/1781
f 1781/1781/1781 1782/1782/1782 1780/1780/1780
f 1778/1778/1778 1780/1780/1780 1782/1782/1782
f 1761/1761/1761 1757/1757/1757 1510/1510/1510
f 1763/1763/1763 1758/1758/1758 1755/1755/1755
f 1764/1764/1764 1759/1759/1759 1570/1570/1570
f 1766/1766/1766 1760/1760/1760 1587/1587/1587
f 1766/1766/1766 1587/1587/1587 1756/1756/1756
f 1756/1756/1756 1765/1765/1765 1766/1766/1766
f 1784/1784/1784 1785/1785/1785 1783/1783/1783
f 1783/1783/1783 1997/1997/1997 1784/1784/1784
f 1784/1784/1784 1786/1786/1786 1539/1539/1539
f 1539/1539/1539 1785/1785/1785 1784/1784/1784
f 1786/1786/1786 1853/1853/1853 1539/1539/1539
f 1785/1785/1785 1539/1539/1539 1787/1787/1787
f 1785/1785/1785 1787/1787/1787 1533/1533/1533
f 1533/1533/1533 1783/1783/1783 1785/1785/1785
f 1743/1743/1743 1533/1533/1533 1787/1787/1787
f 1539/1539/1539 1538/1538/1538 1787/1787/1787
f 3009/3009/3009 1709/1709/1709 1708/1708/1708
f 1708/1708/1708 3010/3010/3010 3009/3009/3009
f 3011/3011/3011 3012/3012/3012 1710/1710/1710
f 3011/3011/3011 1710/1710/1710 1709/1709/1709
f 1709/1709/1709 3009/3009/3009 3011/3011/3011
f 3010/3010/3010 1792/1792/1792 1707/1707/1707
f 1707/1707/1707 3009/3009/3009 3010/3010/3010
f 1789/1789/1789 3013/3013/3013 1711/1711/1711
f 1711/1711/1711 1555/1555/1555 1789/1789/1789
f 3014/3014/3014 3015/3015/3015 3016/3016/3016
f 3014/3014/3014 3017/3017/3017 3015/3015/3015
f 3013/3013/3013 1789/1789/1789 1491/1491/1491
f 1792/1792/1792 3000/3000/3000 1707/1707/1707
f 1554/1554/1554 1712/1712/1712 1788/1788/1788
f 1554/1554/1554 1788/1788/1788 1790/1790/1790
f 1554/1554/1554 1790/1790/1790 1791/1791/1791
f 1554/1554/1554 1791/1791/1791 1706/1706/1706
f 1713/1713/1713 1757/1757/1757 1943/1943/1943
f 1943/1943/1943 1844/1844/1844 1713/1713/1713
f 1692/1692/1692 1683/1683/1683 1684/1684/1684
f 1673/1673/1673 1685/1685/1685 1684/1684/1684
f 1540/1540/1540 1552/1552/1552 1539/1539/1539
f 1793/1793/1793 1552/1552/1552 1541/1541/1541
f 1541/1541/1541 1459/1459/1459 1793/1793/1793
f 1741/1741/1741 1742/1742/1742 1538/1538/1538
f 1741/1741/1741 1538/1538/1538 1552/1552/1552
f 1552/1552/1552 1793/1793/1793 1741/1741/1741
f 1459/1459/1459 1727/1727/1727 1737/1737/1737
f 1737/1737/1737 1793/1793/1793 1459/1459/1459
f 1796/1796/1796 1621/1621/1621 1618/1618/1618
f 1618/1618/1618 1653/1653/1653 1796/1796/1796
f 1667/1667/1667 1621/1621/1621 1796/1796/1796
f 1796/1796/1796 1794/1794/1794 1667/1667/1667
f 1636/1636/1636 1731/1731/1731 1795/1795/1795
f 1795/1795/1795 1794/1794/1794 1636/1636/1636
f 1731/1731/1731 1462/1462/1462 1456/1456/1456
f 1456/1456/1456 1795/1795/1795 1731/1731/1731
f 1750/1750/1750 1523/1523/1523 1535/1535/1535
f 1737/1737/1737 1735/1735/1735 1736/1736/1736
f 1497/1497/1497 1481/1481/1481 1485/1485/1485
f 1799/1799/1799 1447/1447/1447 1797/1797/1797
f 1797/1797/1797 1798/1798/1798 1799/1799/1799
f 1800/1800/1800 1449/1449/1449 1799/1799/1799
f 1799/1799/1799 1798/1798/1798 1800/1800/1800
f 1801/1801/1801 1451/1451/1451 1449/1449/1449
f 1449/1449/1449 1800/1800/1800 1801/1801/1801
f 1801/1801/1801 1453/1453/1453 1451/1451/1451
f 1802/1802/1802 1455/1455/1455 1453/1453/1453
f 1453/1453/1453 1801/1801/1801 1802/1802/1802
f 1803/1803/1803 1457/1457/1457 1455/1455/1455
f 1455/1455/1455 1802/1802/1802 1803/1803/1803
f 1906/1906/1906 1902/1902/1902 1457/1457/1457
f 1457/1457/1457 1803/1803/1803 1906/1906/1906
f 1804/1804/1804 1960/1960/1960 1798/1798/1798
f 1798/1798/1798 1797/1797/1797 1804/1804/1804
f 1952/1952/1952 1808/1808/1808 1809/1809/1809
f 1809/1809/1809 1805/1805/1805 1952/1952/1952
f 1952/1952/1952 1806/1806/1806 1808/1808/1808
f 1949/1949/1949 1807/1807/1807 1808/1808/1808
f 1808/1808/1808 1806/1806/1806 1949/1949/1949
f 1803/1803/1803 2007/2007/2007 1906/1906/1906
f 1803/1803/1803 1802/1802/1802 1807/1807/1807
f 1808/1808/1808 1807/1807/1807 1802/1802/1802
f 1802/1802/1802 1801/1801/1801 1808/1808/1808
f 1809/1809/1809 1808/1808/1808 1801/1801/1801
f 1801/1801/1801 1800/1800/1800 1809/1809/1809
f 1960/1960/1960 1805/1805/1805 1809/1809/1809
f 1800/1800/1800 1798/1798/1798 1809/1809/1809
f 1806/1806/1806 1948/1948/1948 1949/1949/1949
f 1954/1954/1954 1955/1955/1955 1928/1928/1928
f 1928/1928/1928 1874/1874/1874 1954/1954/1954
f 1958/1958/1958 1811/1811/1811 1928/1928/1928
f 1928/1928/1928 1957/1957/1957 1958/1958/1958
f 1945/1945/1945 1816/1816/1816 1929/1929/1929
f 1929/1929/1929 1815/1815/1815 1945/1945/1945
f 1813/1813/1813 1866/1866/1866 1933/1933/1933
f 1933/1933/1933 1934/1934/1934 1813/1813/1813
f 1814/1814/1814 1875/1875/1875 1876/1876/1876
f 1878/1878/1878 1891/1891/1891 1923/1923/1923
f 1929/1929/1929 1932/1932/1932 1878/1878/1878
f 1878/1878/1878 1815/1815/1815 1929/1929/1929
f 1817/1817/1817 1932/1932/1932 1933/1933/1933
f 1933/1933/1933 1866/1866/1866 1817/1817/1817
f 1972/1972/1972 1872/1872/1872 1866/1866/1866
f 1813/1813/1813 1822/1822/1822 1866/1866/1866
f 1972/1972/1972 1866/1866/1866 1822/1822/1822
f 1915/1915/1915 1824/1824/1824 1863/1863/1863
f 1863/1863/1863 1914/1914/1914 1915/1915/1915
f 1823/1823/1823 1918/1918/1918 1812/1812/1812
f 1829/1829/1829 1944/1944/1944 1930/1930/1930
f 1935/1935/1935 1936/1936/1936 1829/1829/1829
f 1829/1829/1829 1930/1930/1930 1935/1935/1935
f 1825/1825/1825 1813/1813/1813 1944/1944/1944
f 1944/1944/1944 1826/1826/1826 1825/1825/1825
f 3018/3018/3018 3019/3019/3019 3020/3020/3020
f 3020/3020/3020 3021/3021/3021 3018/3018/3018
f 3022/3022/3022 3023/3023/3023 3018/3018/3018
f 3018/3018/3018 3021/3021/3021 3022/3022/3022
f 3024/3024/3024 3025/3025/3025 3026/3026/3026
f 3026/3026/3026 1828/1828/1828 3024/3024/3024
f 3027/3027/3027 3024/3024/3024 1828/1828/1828
f 1828/1828/1828 3028/3028/3028 3027/3027/3027
f 3029/3029/3029 1830/1830/1830 3030/3030/3030
f 3031/3031/3031 1830/1830/1830 3029/3029/3029
f 1936/1936/1936 1835/1835/1835 1836/1836/1836
f 1836/1836/1836 1829/1829/1829 1936/1936/1936
f 1836/1836/1836 1837/1837/1837 1843/1843/1843
f 1843/1843/1843 1829/1829/1829 1836/1836/1836
f 1969/1969/1969 1521/1521/1521 1834/1834/1834
f 1834/1834/1834 1833/1833/1833 1969/1969/1969
f 1521/1521/1521 1838/1838/1838 1835/1835/1835
f 1835/1835/1835 1834/1834/1834 1521/1521/1521
f 1838/1838/1838 1839/1839/1839 1836/1836/1836
f 1836/1836/1836 1835/1835/1835 1838/1838/1838
f 1839/1839/1839 1522/1522/1522 1837/1837/1837
f 1837/1837/1837 1836/1836/1836 1839/1839/1839
f 1522/1522/1522 1846/1846/1846 1843/1843/1843
f 1843/1843/1843 1837/1837/1837 1522/1522/1522
f 1962/1962/1962 1855/1855/1855 1833/1833/1833
f 1833/1833/1833 1927/1927/1927 1962/1962/1962
f 1524/1524/1524 1850/1850/1850 1851/1851/1851
f 3032/3032/3032 3033/3033/3033 3034/3034/3034
f 3034/3034/3034 1831/1831/1831 3032/3032/3032
f 3035/3035/3035 3032/3032/3032 1831/1831/1831
f 1831/1831/1831 1832/1832/1832 3035/3035/3035
f 1845/1845/1845 1844/1844/1844 1841/1841/1841
f 1841/1841/1841 1842/1842/1842 1845/1845/1845
f 1846/1846/1846 1845/1845/1845 1842/1842/1842
f 1842/1842/1842 1843/1843/1843 1846/1846/1846
f 1847/1847/1847 1959/1959/1959 1960/1960/1960
f 1529/1529/1529 1530/1530/1530 1959/1959/1959
f 1959/1959/1959 1847/1847/1847 1529/1529/1529
f 1959/1959/1959 1805/1805/1805 1960/1960/1960
f 1804/1804/1804 1847/1847/1847 1960/1960/1960
f 1851/1851/1851 1537/1537/1537 1524/1524/1524
f 1857/1857/1857 1848/1848/1848 1856/1856/1856
f 1856/1856/1856 1861/1861/1861 1857/1857/1857
f 1848/1848/1848 1854/1854/1854 1531/1531/1531
f 1958/1958/1958 1956/1956/1956 1962/1962/1962
f 1962/1962/1962 1811/1811/1811 1958/1958/1958
f 1963/1963/1963 1851/1851/1851 1850/1850/1850
f 1963/1963/1963 1848/1848/1848 1851/1851/1851
f 1542/1542/1542 1537/1537/1537 1851/1851/1851
f 1851/1851/1851 1848/1848/1848 1542/1542/1542
f 1998/1998/1998 1997/1997/1997 1849/1849/1849
f 1853/1853/1853 1959/1959/1959 1530/1530/1530
f 1862/1862/1862 1959/1959/1959 1853/1853/1853
f 1531/1531/1531 1542/1542/1542 1848/1848/1848
f 1857/1857/1857 1854/1854/1854 1848/1848/1848
f 1859/1859/1859 1860/1860/1860 1998/1998/1998
f 1998/1998/1998 1849/1849/1849 1859/1859/1859
f 1858/1858/1858 1549/1549/1549 1857/1857/1857
f 1549/1549/1549 1854/1854/1854 1857/1857/1857
f 1861/1861/1861 1858/1858/1858 1857/1857/1857
f 1546/1546/1546 1858/1858/1858 1860/1860/1860
f 1546/1546/1546 1860/1860/1860 1859/1859/1859
f 1998/1998/1998 1860/1860/1860 1856/1856/1856
f 1856/1856/1856 1852/1852/1852 1998/1998/1998
f 1860/1860/1860 1861/1861/1861 1856/1856/1856
f 1860/1860/1860 1858/1858/1858 1861/1861/1861
f 1956/1956/1956 1856/1856/1856 1848/1848/1848
f 1914/1914/1914 1863/1863/1863 1816/1816/1816
f 1816/1816/1816 1945/1945/1945 1914/1914/1914
f 1919/1919/1919 1925/1925/1925 1812/1812/1812
f 1812/1812/1812 1925/1925/1925 1823/1823/1823
f 1856/1856/1856 1956/1956/1956 1852/1852/1852
f 1869/1869/1869 1872/1872/1872 1972/1972/1972
f 1972/1972/1972 1867/1867/1867 1869/1869/1869
f 1821/1821/1821 1869/1869/1869 3036/3036/3036
f 1979/1979/1979 1975/1975/1975 1867/1867/1867
f 1867/1867/1867 1972/1972/1972 1979/1979/1979
f 1872/1872/1872 1869/1869/1869 1911/1911/1911
f 1870/1870/1870 1869/1869/1869 1867/1867/1867
f 1911/1911/1911 1869/1869/1869 1821/1821/1821
f 1869/1869/1869 1870/1870/1870 1820/1820/1820
f 1820/1820/1820 3036/3036/3036 1869/1869/1869
f 1819/1819/1819 1910/1910/1910 1911/1911/1911
f 1911/1911/1911 1821/1821/1821 1819/1819/1819
f 1976/1976/1976 1870/1870/1870 1867/1867/1867
f 1867/1867/1867 1981/1981/1981 1976/1976/1976
f 1910/1910/1910 1886/1886/1886 1880/1880/1880
f 1880/1880/1880 1911/1911/1911 1910/1910/1910
f 1911/1911/1911 1817/1817/1817 1872/1872/1872
f 1948/1948/1948 1810/1810/1810 1908/1908/1908
f 1954/1954/1954 1874/1874/1874 1873/1873/1873
f 1873/1873/1873 1810/1810/1810 1954/1954/1954
f 1873/1873/1873 1875/1875/1875 1882/1882/1882
f 1882/1882/1882 1908/1908/1908 1873/1873/1873
f 1873/1873/1873 1876/1876/1876 1875/1875/1875
f 1874/1874/1874 1877/1877/1877 1876/1876/1876
f 1876/1876/1876 1873/1873/1873 1874/1874/1874
f 1928/1928/1928 1925/1925/1925 1877/1877/1877
f 1877/1877/1877 1874/1874/1874 1928/1928/1928
f 1491/1491/1491 1643/1643/1643 1879/1879/1879
f 1879/1879/1879 2001/2001/2001 1491/1491/1491
f 1878/1878/1878 1923/1923/1923 1815/1815/1815
f 1896/1896/1896 1893/1893/1893 1891/1891/1891
f 1891/1891/1891 1878/1878/1878 1896/1896/1896
f 1875/1875/1875 1897/1897/1897 1890/1890/1890
f 1890/1890/1890 1882/1882/1882 1875/1875/1875
f 1905/1905/1905 1900/1900/1900 1901/1901/1901
f 1885/1885/1885 1649/1649/1649 1904/1904/1904
f 1904/1904/1904 1913/1913/1913 1885/1885/1885
f 1878/1878/1878 1932/1932/1932 1896/1896/1896
f 1884/1884/1884 1893/1893/1893 1896/1896/1896
f 1896/1896/1896 1932/1932/1932 1884/1884/1884
f 1875/1875/1875 1881/1881/1881 1897/1897/1897
f 1883/1883/1883 1890/1890/1890 1897/1897/1897
f 1897/1897/1897 1881/1881/1881 1883/1883/1883
f 2006/2006/2006 1898/1898/1898 1908/1908/1908
f 1908/1908/1908 2008/2008/2008 2006/2006/2006
f 1899/1899/1899 1646/1646/1646 1644/1644/1644
f 1644/1644/1644 1892/1892/1892 1899/1899/1899
f 1903/1903/1903 1887/1887/1887 1895/1895/1895
f 1895/1895/1895 1645/1645/1645 1903/1903/1903
f 1901/1901/1901 1889/1889/1889 1648/1648/1648
f 1648/1648/1648 1905/1905/1905 1901/1901/1901
f 1645/1645/1645 1895/1895/1895 1892/1892/1892
f 1892/1892/1892 1644/1644/1644 1645/1645/1645
f 1880/1880/1880 1886/1886/1886 1888/1888/1888
f 1888/1888/1888 1931/1931/1931 1880/1880/1880
f 1646/1646/1646 1899/1899/1899 1907/1907/1907
f 1900/1900/1900 1905/1905/1905 1646/1646/1646
f 1900/1900/1900 1646/1646/1646 1907/1907/1907
f 1895/1895/1895 1887/1887/1887 1891/1891/1891
f 1891/1891/1891 1893/1893/1893 1895/1895/1895
f 1647/1647/1647 1649/1649/1649 1885/1885/1885
f 1885/1885/1885 1894/1894/1894 1647/1647/1647
f 1892/1892/1892 1888/1888/1888 1886/1886/1886
f 1886/1886/1886 1899/1899/1899 1892/1892/1892
f 1888/1888/1888 1895/1895/1895 1893/1893/1893
f 1893/1893/1893 1884/1884/1884 1888/1888/1888
f 1887/1887/1887 1894/1894/1894 1890/1890/1890
f 1890/1890/1890 1883/1883/1883 1887/1887/1887
f 1913/1913/1913 1904/1904/1904 1902/1902/1902
f 1902/1902/1902 1906/1906/1906 1913/1913/1913
f 1647/1647/1647 1894/1894/1894 1887/1887/1887
f 1887/1887/1887 1903/1903/1903 1647/1647/1647
f 1909/1909/1909 1900/1900/1900 1907/1907/1907
f 1900/1900/1900 1909/1909/1909 1912/1912/1912
f 1912/1912/1912 1901/1901/1901 1900/1900/1900
f 1889/1889/1889 1901/1901/1901 1912/1912/1912
f 1912/1912/1912 1879/1879/1879 1889/1889/1889
f 1892/1892/1892 1895/1895/1895 1888/1888/1888
f 1879/1879/1879 1643/1643/1643 1648/1648/1648
f 1648/1648/1648 1889/1889/1889 1879/1879/1879
f 1890/1890/1890 1894/1894/1894 1885/1885/1885
f 1885/1885/1885 1882/1882/1882 1890/1890/1890
f 2006/2006/2006 1913/1913/1913 1906/1906/1906
f 1906/1906/1906 2007/2007/2007 2006/2006/2006
f 1817/1817/1817 1911/1911/1911 1880/1880/1880
f 1931/1931/1931 1817/1817/1817 1880/1880/1880
f 1873/1873/1873 1908/1908/1908 1810/1810/1810
f 1948/1948/1948 1908/1908/1908 1898/1898/1898
f 1898/1898/1898 1949/1949/1949 1948/1948/1948
f 1883/1883/1883 1923/1923/1923 1891/1891/1891
f 1921/1921/1921 1815/1815/1815 1923/1923/1923
f 1920/1920/1920 1924/1924/1924 1916/1916/1916
f 1916/1916/1916 1915/1915/1915 1920/1920/1920
f 1917/1917/1917 1918/1918/1918 1926/1926/1926
f 1926/1926/1926 1927/1927/1927 1917/1917/1917
f 1924/1924/1924 1918/1918/1918 1917/1917/1917
f 1919/1919/1919 1812/1812/1812 1920/1920/1920
f 1920/1920/1920 1922/1922/1922 1919/1919/1919
f 1917/1917/1917 1833/1833/1833 1834/1834/1834
f 1834/1834/1834 1916/1916/1916 1917/1917/1917
f 1920/1920/1920 1812/1812/1812 1918/1918/1918
f 1918/1918/1918 1924/1924/1924 1920/1920/1920
f 1921/1921/1921 1923/1923/1923 1881/1881/1881
f 1881/1881/1881 1814/1814/1814 1921/1921/1921
f 1947/1947/1947 1921/1921/1921 1814/1814/1814
f 1814/1814/1814 1946/1946/1946 1947/1947/1947
f 1914/1914/1914 1922/1922/1922 1920/1920/1920
f 1920/1920/1920 1915/1915/1915 1914/1914/1914
f 1916/1916/1916 1924/1924/1924 1917/1917/1917
f 1887/1887/1887 1883/1883/1883 1891/1891/1891
f 1823/1823/1823 1927/1927/1927 1926/1926/1926
f 1811/1811/1811 1962/1962/1962 1927/1927/1927
f 1927/1927/1927 1823/1823/1823 1811/1811/1811
f 1928/1928/1928 1811/1811/1811 1925/1925/1925
f 1833/1833/1833 1917/1917/1917 1927/1927/1927
f 1930/1930/1930 1944/1944/1944 1813/1813/1813
f 1813/1813/1813 1934/1934/1934 1930/1930/1930
f 1915/1915/1915 1916/1916/1916 1824/1824/1824
f 1835/1835/1835 1824/1824/1824 1916/1916/1916
f 1916/1916/1916 1834/1834/1834 1835/1835/1835
f 1932/1932/1932 1817/1817/1817 1931/1931/1931
f 1884/1884/1884 1931/1931/1931 1888/1888/1888
f 1884/1884/1884 1932/1932/1932 1931/1931/1931
f 1932/1932/1932 1929/1929/1929 1933/1933/1933
f 1934/1934/1934 1933/1933/1933 1929/1929/1929
f 1929/1929/1929 1816/1816/1816 1934/1934/1934
f 1935/1935/1935 1934/1934/1934 1816/1816/1816
f 1816/1816/1816 1863/1863/1863 1935/1935/1935
f 1863/1863/1863 1936/1936/1936 1935/1935/1935
f 1863/1863/1863 1824/1824/1824 1936/1936/1936
f 1824/1824/1824 1835/1835/1835 1936/1936/1936
f 2004/2004/2004 3000/3000/3000 3001/3001/3001
f 3037/3037/3037 1554/1554/1554 1865/1865/1865
f 3036/3036/3036 3038/3038/3038 1821/1821/1821
f 3039/3039/3039 1941/1941/1941 1864/1864/1864
f 1864/1864/1864 1818/1818/1818 3039/3039/3039
f 3040/3040/3040 3039/3039/3039 1818/1818/1818
f 1818/1818/1818 1819/1819/1819 3040/3040/3040
f 3038/3038/3038 3040/3040/3040 1819/1819/1819
f 1819/1819/1819 1821/1821/1821 3038/3038/3038
f 1554/1554/1554 1940/1940/1940 1865/1865/1865
f 1935/1935/1935 1930/1930/1930 1934/1934/1934
f 1844/1844/1844 1942/1942/1942 1841/1841/1841
f 1822/1822/1822 1813/1813/1813 1825/1825/1825
f 1825/1825/1825 1827/1827/1827 1822/1822/1822
f 1973/1973/1973 1827/1827/1827 1942/1942/1942
f 1826/1826/1826 1944/1944/1944 1829/1829/1829
f 1945/1945/1945 1947/1947/1947 1922/1922/1922
f 1922/1922/1922 1914/1914/1914 1945/1945/1945
f 1946/1946/1946 1814/1814/1814 1876/1876/1876
f 1876/1876/1876 1877/1877/1877 1946/1946/1946
f 1919/1919/1919 1946/1946/1946 1877/1877/1877
f 1877/1877/1877 1925/1925/1925 1919/1919/1919
f 1947/1947/1947 1945/1945/1945 1815/1815/1815
f 1815/1815/1815 1921/1921/1921 1947/1947/1947
f 1922/1922/1922 1947/1947/1947 1946/1946/1946
f 1946/1946/1946 1919/1919/1919 1922/1922/1922
f 1955/1955/1955 1957/1957/1957 1928/1928/1928
f 1948/1948/1948 1806/1806/1806 1950/1950/1950
f 1953/1953/1953 1951/1951/1951 1952/1952/1952
f 1806/1806/1806 1952/1952/1952 1951/1951/1951
f 1951/1951/1951 1950/1950/1950 1806/1806/1806
f 1954/1954/1954 1951/1951/1951 1953/1953/1953
f 1950/1950/1950 1951/1951/1951 1954/1954/1954
f 1948/1948/1948 1950/1950/1950 1810/1810/1810
f 1810/1810/1810 1950/1950/1950 1954/1954/1954
f 1855/1855/1855 1962/1962/1962 1963/1963/1963
f 1963/1963/1963 1964/1964/1964 1855/1855/1855
f 1952/1952/1952 1955/1955/1955 1953/1953/1953
f 2005/2005/2005 1957/1957/1957 1955/1955/1955
f 1852/1852/1852 1956/1956/1956 1958/1958/1958
f 1798/1798/1798 1960/1960/1960 1809/1809/1809
f 1961/1961/1961 1833/1833/1833 1855/1855/1855
f 1956/1956/1956 1963/1963/1963 1962/1962/1962
f 1840/1840/1840 1964/1964/1964 1963/1963/1963
f 1840/1840/1840 1965/1965/1965 1964/1964/1964
f 1963/1963/1963 1956/1956/1956 1848/1848/1848
f 1967/1967/1967 1850/1850/1850 1524/1524/1524
f 1967/1967/1967 1966/1966/1966 1840/1840/1840
f 1840/1840/1840 1850/1850/1850 1967/1967/1967
f 1968/1968/1968 1970/1970/1970 1961/1961/1961
f 1961/1961/1961 1855/1855/1855 1968/1968/1968
f 1754/1754/1754 1969/1969/1969 1833/1833/1833
f 1753/1753/1753 1968/1968/1968 1855/1855/1855
f 1855/1855/1855 1964/1964/1964 1753/1753/1753
f 1966/1966/1966 1971/1971/1971 1965/1965/1965
f 1965/1965/1965 1840/1840/1840 1966/1966/1966
f 1971/1971/1971 1753/1753/1753 1964/1964/1964
f 1964/1964/1964 1965/1965/1965 1971/1971/1971
f 1970/1970/1970 1754/1754/1754 1833/1833/1833
f 1833/1833/1833 1961/1961/1961 1970/1970/1970
f 1978/1978/1978 1974/1974/1974 1972/1972/1972
f 1972/1972/1972 1827/1827/1827 1978/1978/1978
f 1985/1985/1985 1976/1976/1976 1871/1871/1871
f 1871/1871/1871 1984/1984/1984 1985/1985/1985
f 1979/1979/1979 1974/1974/1974 1561/1561/1561
f 1561/1561/1561 1762/1762/1762 1979/1979/1979
f 1981/1981/1981 1975/1975/1975 1868/1868/1868
f 1868/1868/1868 1980/1980/1980 1981/1981/1981
f 1978/1978/1978 1973/1973/1973 1943/1943/1943
f 1943/1943/1943 1977/1977/1977 1978/1978/1978
f 1983/1983/1983 1982/1982/1982 3008/3008/3008
f 3008/3008/3008 1820/1820/1820 1983/1983/1983
f 1986/1986/1986 1767/1767/1767 1561/1561/1561
f 1561/1561/1561 1974/1974/1974 1986/1986/1986
f 1987/1987/1987 1768/1768/1768 1868/1868/1868
f 1868/1868/1868 1975/1975/1975 1987/1987/1987
f 1988/1988/1988 1769/1769/1769 1871/1871/1871
f 1871/1871/1871 1976/1976/1976 1988/1988/1988
f 1990/1990/1990 1986/1986/1986 1974/1974/1974
f 1974/1974/1974 1978/1978/1978 1990/1990/1990
f 1989/1989/1989 1990/1990/1990 1978/1978/1978
f 1978/1978/1978 1977/1977/1977 1989/1989/1989
f 1992/1992/1992 1987/1987/1987 1975/1975/1975
f 1975/1975/1975 1979/1979/1979 1992/1992/1992
f 1991/1991/1991 1992/1992/1992 1979/1979/1979
f 1979/1979/1979 1762/1762/1762 1991/1991/1991
f 1993/1993/1993 1988/1988/1988 1976/1976/1976
f 1976/1976/1976 1981/1981/1981 1993/1993/1993
f 1775/1775/1775 1993/1993/1993 1981/1981/1981
f 1981/1981/1981 1980/1980/1980 1775/1775/1775
f 1994/1994/1994 1777/1777/1777 1982/1982/1982
f 1982/1982/1982 1983/1983/1983 1994/1994/1994
f 1996/1996/1996 1994/1994/1994 1983/1983/1983
f 1983/1983/1983 1985/1985/1985 1996/1996/1996
f 1781/1781/1781 1996/1996/1996 1985/1985/1985
f 1985/1985/1985 1984/1984/1984 1781/1781/1781
f 1767/1767/1767 1986/1986/1986 1990/1990/1990
f 1990/1990/1990 1989/1989/1989 1767/1767/1767
f 1768/1768/1768 1987/1987/1987 1992/1992/1992
f 1992/1992/1992 1991/1991/1991 1768/1768/1768
f 1769/1769/1769 1988/1988/1988 1993/1993/1993
f 1993/1993/1993 1775/1775/1775 1769/1769/1769
f 1777/1777/1777 1994/1994/1994 1995/1995/1995
f 1995/1995/1995 1779/1779/1779 1777/1777/1777
f 1995/1995/1995 1996/1996/1996 1781/1781/1781
f 1781/1781/1781 1779/1779/1779 1995/1995/1995
f 1995/1995/1995 1994/1994/1994 1996/1996/1996
f 1973/1973/1973 1978/1978/1978 1827/1827/1827
f 1974/1974/1974 1979/1979/1979 1972/1972/1972
f 1975/1975/1975 1981/1981/1981 1867/1867/1867
f 1976/1976/1976 1985/1985/1985 1870/1870/1870
f 1985/1985/1985 1983/1983/1983 1820/1820/1820
f 1820/1820/1820 1870/1870/1870 1985/1985/1985
f 1784/1784/1784 1997/1997/1997 1998/1998/1998
f 1998/1998/1998 1999/1999/1999 1784/1784/1784
f 1784/1784/1784 1999/1999/1999 1862/1862/1862
f 1862/1862/1862 1786/1786/1786 1784/1784/1784
f 1853/1853/1853 1786/1786/1786 1862/1862/1862
f 1862/1862/1862 1999/1999/1999 1852/1852/1852
f 1998/1998/1998 1852/1852/1852 1999/1999/1999
f 3041/3041/3041 3042/3042/3042 1938/1938/1938
f 1938/1938/1938 1939/1939/1939 3041/3041/3041
f 3043/3043/3043 3041/3041/3041 1939/1939/1939
f 1939/1939/1939 3044/3044/3044 3043/3043/3043
f 3042/3042/3042 3041/3041/3041 1937/1937/1937
f 1937/1937/1937 2004/2004/2004 3042/3042/3042
f 2001/2001/2001 1864/1864/1864 1941/1941/1941
f 1941/1941/1941 3045/3045/3045 2001/2001/2001
f 3046/3046/3046 3047/3047/3047 3016/3016/3016
f 3048/3048/3048 3047/3047/3047 3046/3046/3046
f 2001/2001/2001 3045/3045/3045 1491/1491/1491
f 3000/3000/3000 2004/2004/2004 1937/1937/1937
f 1940/1940/1940 1554/1554/1554 2000/2000/2000
f 2000/2000/2000 1554/1554/1554 2002/2002/2002
f 2002/2002/2002 1554/1554/1554 2003/2003/2003
f 2003/2003/2003 1554/1554/1554 1706/1706/1706
f 1942/1942/1942 1844/1844/1844 1943/1943/1943
f 1943/1943/1943 1973/1973/1973 1942/1942/1942
f 1925/1925/1925 1811/1811/1811 1823/1823/1823
f 1926/1926/1926 1918/1918/1918 1823/1823/1823
f 2005/2005/2005 1805/1805/1805 1959/1959/1959
f 1959/1959/1959 1862/1862/1862 2005/2005/2005
f 1958/1958/1958 1957/1957/1957 1852/1852/1852
f 1852/1852/1852 1957/1957/1957 1862/1862/1862
f 1805/1805/1805 2005/2005/2005 1955/1955/1955
f 1955/1955/1955 1952/1952/1952 1805/1805/1805
f 2008/2008/2008 1908/1908/1908 1882/1882/1882
f 1882/1882/1882 1885/1885/1885 2008/2008/2008
f 1913/1913/1913 2006/2006/2006 2008/2008/2008
f 2008/2008/2008 1885/1885/1885 1913/1913/1913
f 1898/1898/1898 2006/2006/2006 2007/2007/2007
f 2007/2007/2007 1949/1949/1949 1898/1898/1898
f 1949/1949/1949 2007/2007/2007 1803/1803/1803
f 1803/1803/1803 1807/1807/1807 1949/1949/1949
f 1840/1840/1840 1963/1963/1963 1850/1850/1850
f 1953/1953/1953 1955/1955/1955 1954/1954/1954
f 1755/1755/1755 1510/1510/1510 1496/1496/1496
f 1469/1469/1469 1497/1497/1497 1485/1485/1485
f 1822/1822/1822 1827/1827/1827 1972/1972/1972
f 1814/1814/1814 1881/1881/1881 1875/1875/1875
f 1899/1899/1899 1886/1886/1886 1912/1912/1912
f 1907/1907/1907 1899/1899/1899 1912/1912/1912
f 1907/1907/1907 1912/1912/1912 1909/1909/1909
f 1886/1886/1886 1910/1910/1910 1912/1912/1912
f 1817/1817/1817 1866/1866/1866 1872/1872/1872
f 1957/1957/1957 2005/2005/2005 1862/1862/1862
f 1864/1864/1864 1912/1912/1912 1818/1818/1818
f 1912/1912/1912 1910/1910/1910 1819/1819/1819
f 2001/2001/2001 1879/1879/1879 1912/1912/1912
f 1864/1864/1864 2001/2001/2001 1912/1912/1912
f 1912/1912/1912 1819/1819/1819 1818/1818/1818
f 1883/1883/1883 1881/1881/1881 1923/1923/1923
f 3049/3049/3049 3050/3050/3050 3051/3051/3051
f 3051/3051/3051 3052/3052/3052 3049/3049/3049
f 3053/3053/3053 3054/3054/3054 3049/3049/3049
f 3049/3049/3049 3052/3052/3052 3053/3053/3053
f 3055/3055/3055 3056/3056/3056 3054/3054/3054
f 3054/3054/3054 3053/3053/3053 3055/3055/3055
f 3056/3056/3056 3055/3055/3055 3057/3057/3057
f 3056/3056/3056 3057/3057/3057 3058/3058/3058
f 3056/3056/3056 3058/3058/3058 3051/3051/3051
f 3050/3050/3050 3056/3056/3056 3051/3051/3051
f 3058/3058/3058 3057/3057/3057 3059/3059/3059
f 3059/3059/3059 3060/3060/3060 3058/3058/3058
f 2018/2018/2018 3061/3061/3061 3062/3062/3062
f 3062/3062/3062 3063/3063/3063 2018/2018/2018
f 2012/2012/2012 2018/2018/2018 3063/3063/3063
f 3063/3063/3063 3064/3064/3064 2012/2012/2012
f 2011/2011/2011 2012/2012/2012 3064/3064/3064
f 3064/3064/3064 3065/3065/3065 2011/2011/2011
f 2010/2010/2010 2011/2011/2011 3065/3065/3065
f 3065/3065/3065 3066/3066/3066 2010/2010/2010
f 3067/3067/3067 3068/3068/3068 2014/2014/2014
f 2014/2014/2014 2009/2009/2009 3067/3067/3067
f 3069/3069/3069 2013/2013/2013 2014/2014/2014
f 2014/2014/2014 3068/3068/3068 3069/3069/3069
f 3070/3070/3070 2017/2017/2017 2013/2013/2013
f 2013/2013/2013 3069/3069/3069 3070/3070/3070
f 3071/3071/3071 2016/2016/2016 2017/2017/2017
f 2017/2017/2017 3070/3070/3070 3071/3071/3071
f 3072/3072/3072 2019/2019/2019 2016/2016/2016
f 2016/2016/2016 3071/3071/3071 3072/3072/3072
f 3073/3073/3073 2015/2015/2015 2020/2020/2020
f 2020/2020/2020 3074/3074/3074 3073/3073/3073
f 3067/3067/3067 2009/2009/2009 2015/2015/2015
f 2015/2015/2015 3073/3073/3073 3067/3067/3067
f 2024/2024/2024 2026/2026/2026 2025/2025/2025
f 2025/2025/2025 2021/2021/2021 2024/2024/2024
f 2027/2027/2027 2026/2026/2026 2024/2024/2024
f 2024/2024/2024 2023/2023/2023 2027/2027/2027
f 2022/2022/2022 2028/2028/2028 2027/2027/2027
f 2027/2027/2027 2023/2023/2023 2022/2022/2022
f 2025/2025/2025 2032/2032/2032 2029/2029/2029
f 2029/2029/2029 2028/2028/2028 2025/2025/2025
f 2030/2030/2030 2029/2029/2029 2032/2032/2032
f 2032/2032/2032 2031/2031/2031 2030/2030/2030
f 2025/2025/2025 2028/2028/2028 2022/2022/2022
f 2022/2022/2022 2021/2021/2021 2025/2025/2025
f 2041/2041/2041 2036/2036/2036 542/542/542
f 542/542/542 552/552/552 2041/2041/2041
f 2035/2035/2035 551/551/551 2040/2040/2040
f 2040/2040/2040 541/541/541 2035/2035/2035
f 2042/2042/2042 2037/2037/2037 543/543/543
f 543/543/543 553/553/553 2042/2042/2042
f 2043/2043/2043 2038/2038/2038 549/549/549
f 549/549/549 559/559/559 2043/2043/2043
f 2044/2044/2044 550/550/550 2039/2039/2039
f 2039/2039/2039 560/560/560 2044/2044/2044
f 2045/2045/2045 2035/2035/2035 541/541/541
f 541/541/541 561/561/561 2045/2045/2045
f 2046/2046/2046 542/542/542 2036/2036/2036
f 2036/2036/2036 562/562/562 2046/2046/2046
f 2047/2047/2047 543/543/543 2037/2037/2037
f 2037/2037/2037 563/563/563 2047/2047/2047
f 2048/2048/2048 549/549/549 2038/2038/2038
f 2038/2038/2038 569/569/569 2048/2048/2048
f 2049/2049/2049 2039/2039/2039 550/550/550
f 550/550/550 570/570/570 2049/2049/2049
g PV-M4A1_S_BornBeast_Classic_M4A1S_BornBeast04
usemtl M4A1S_BornBeast04
v 1.0568490028381348 -3.7902181148529053 2.892564058303833
v 1.0011409521102905 -3.9537670612335205 2.9231700897216797
v 1.0683900117874146 -4.2124300003051758 2.8198549747467041
v 1.1823300123214722 -4.3229718208312988 2.6917519569396973
v 1.2017359733581543 -4.3214597702026367 2.5598580837249756
v 1.016664981842041 -4.0903830528259277 2.6734380722045898
v 0.99828100204467773 -3.9537670612335205 2.7011458873748779
v 1.171375036239624 -3.6837630271911621 2.6189470291137695
v 1.1570589542388916 -3.6775751113891602 2.7989730834960938
v 1.0677740573883057 -3.7916839122772217 2.6713309288024902
v 1.0107979774475098 -4.091151237487793 2.8925340175628662
v 1.0860669612884521 -4.2125930786132812 2.621121883392334
v 1.2651499509811401 -3.590691089630127 2.6808650493621826
v 1.2877520322799683 -3.5905900001525879 2.5475709438323975
v 1.0899809598922729 -3.8075299263000488 2.8934600353240967
v 1.0382050275802612 -3.9586949348449707 2.922698974609375
v 1.1011699438095093 -4.1946830749511719 2.8228158950805664
v 1.2093470096588135 -4.2973470687866211 2.6951680183410645
v 1.2364209890365601 -4.3028998374938965 2.5532019138336182
v 1.0517909526824951 -4.0775971412658691 2.6668550968170166
v 1.040850043296814 -3.9584848880767822 2.6879971027374268
v 1.1946979761123657 -3.7056319713592529 2.6222760677337646
v 1.1829260587692261 -3.6969048976898193 2.8033339977264404
v 1.0989019870758057 -3.8122899532318115 2.6695280075073242
v 1.0472439527511597 -4.0828309059143066 2.8933629989624023
v 1.1158050298690796 -4.1900811195373535 2.622067928314209
v 1.3000049591064453 -3.6084659099578857 2.6827239990234375
v 1.3224409818649292 -3.6070919036865234 2.5442979335784912
v 1.1946979761123657 -3.7056319713592529 2.6222760677337646
v 1.3224409818649292 -3.6070919036865234 2.5442979335784912
v 1.3000049591064453 -3.6084659099578857 2.6827239990234375
v 1.1829260587692261 -3.6969048976898193 2.8033339977264404
v 1.2093470096588135 -4.2973470687866211 2.6951680183410645
v 1.2364209890365601 -4.3028998374938965 2.5532019138336182
v 1.1158050298690796 -4.1900811195373535 2.622067928314209
v 1.1011699438095093 -4.1946830749511719 2.8228158950805664
v 1.0472439527511597 -4.0828309059143066 2.8933629989624023
v 1.0517909526824951 -4.0775971412658691 2.6668550968170166
v 1.040850043296814 -3.9584848880767822 2.6879971027374268
v 1.0382050275802612 -3.9586949348449707 2.922698974609375
v 1.0899809598922729 -3.8075299263000488 2.8934600353240967
v 1.0989019870758057 -3.8122899532318115 2.6695280075073242
v 1.3000049591064453 -3.6084659099578857 2.6827239990234375
v 1.3224409818649292 -3.6070919036865234 2.5442979335784912
v 1.2093470096588135 -4.2973470687866211 2.6951680183410645
v 1.2364209890365601 -4.3028998374938965 2.5532019138336182
vt 0.10537499934434891 0.59141600131988525
vt 0.10322699695825577 0.57741901278495789
vt 0.11096499860286713 0.55517399311065674
vt 0.12113799899816513 0.541159987449646
vt 0.13255800306797028 0.53960099816322327
vt 0.12431000173091888 0.56561198830604553
vt 0.12227199971675873 0.57741200923919678
vt 0.12800699472427368 0.60569500923156738
vt 0.11249099671840668 0.60428100824356079
vt 0.12432699650526047 0.59257298707962036
vt 0.10549099743366241 0.56640899181365967
vt 0.12797899544239044 0.55340400338172913
vt 0.12178199738264084 0.61672601103782654
vt 0.13322100043296814 0.61893200874328613
vt 0.10257499665021896 0.59239101409912109
vt 0.10027699917554855 0.57735300064086914
vt 0.10836199671030045 0.55349099636077881
vt 0.12079799920320511 0.53798499703407288
vt 0.13600899279117584 0.53958100080490112
vt 0.12748900055885315 0.56634798645973206
vt 0.12607400119304657 0.57754999399185181
vt 0.13065400719642639 0.60481500625610352
vt 0.11017999798059464 0.60585600137710571
vt 0.12745000422000885 0.59186899662017822
vt 0.1026109978556633 0.56539899110794067
vt 0.1309799998998642 0.55441901087760925
vt 0.12149199843406677 0.62008300423622131
vt 0.13335800170898438 0.62224400043487549
vt 0.24298800528049469 0.61418101191520691
vt 0.23923799395561218 0.62150898575782776
vt 0.2456430047750473 0.6208139955997467
vt 0.25133201479911804 0.6141979992389679
vt 0.2458139955997467 0.58233699202537537
vt 0.23921400308609009 0.58159199357032776
vt 0.24274300038814545 0.58901500701904297
vt 0.25198900699615479 0.58890798687934875
vt 0.25535601377487183 0.59453600645065308
vt 0.244951993227005 0.59490200877189636
vt 0.2460000067949295 0.60038301348686218
vt 0.25678101181983948 0.60023400187492371
vt 0.25550898909568787 0.60758501291275024
vt 0.24521200358867645 0.60761499404907227
vt 0.11969300359487534 0.61940199136734009
vt 0.1365240067243576 0.61912500858306885
vt 0.11837200075387955 0.53939199447631836
vt 0.13310900330543518 0.53624498844146729
vn -0.51833599805831909 0.56092900037765503 0.64551299810409546
vn -0.69389599561691284 0.07810799777507782 0.71582698822021484
vn -0.47500300407409668 -0.71227699518203735 0.51675301790237427
vn -0.012895000167191029 -0.95515400171279907 0.29583001136779785
vn -0.14788499474525452 -0.74490398168563843 -0.65057498216629028
vn -0.80361497402191162 -0.12218599766492844 -0.58247202634811401
vn -0.85052001476287842 0.11712799966335297 -0.51273500919342041
vn -0.64924901723861694 0.2960599958896637 -0.70058798789978027
vn -0.30311998724937439 0.81589299440383911 0.49237900972366333
vn -0.71294200420379639 0.29991400241851807 -0.63384997844696045
vn -0.65308398008346558 -0.40720701217651367 0.63848501443862915
vn -0.71087199449539185 -0.23741200566291809 -0.66203898191452026
vn -0.095595002174377441 0.95628702640533447 0.27636298537254333
vn -0.16198000311851501 0.66384702920913696 -0.73011600971221924
vn 0.14795100688934326 0.3349280059337616 0.93055498600006104
vn 0.013515000231564045 -0.021911000832915306 0.99966901540756226
vn 0.22653800249099731 -0.53530001640319824 0.81371599435806274
vn 0.56323802471160889 -0.68669098615646362 0.45958501100540161
vn 0.21218100190162659 -0.627128005027771 -0.74945902824401855
vn -0.25214299559593201 0.19283999502658844 -0.94828099012374878
vn -0.27915900945663452 0.045042000710964203 -0.95918798446655273
vn -0.1908009946346283 -0.34079599380493164 -0.92057198286056519
vn 0.27512198686599731 0.54593402147293091 0.79136800765991211
vn -0.16045600175857544 -0.16706499457359314 -0.97280198335647583
vn 0.066761001944541931 -0.35763901472091675 0.93147099018096924
vn -0.21015000343322754 0.30532801151275635 -0.92876899242401123
vn 0.4058229923248291 0.82942098379135132 0.38388499617576599
vn 0.24310199916362762 0.64621102809906006 -0.72340399026870728
vn 0.6923069953918457 -0.71665602922439575 0.084354996681213379
vn 0.64432001113891602 -0.75859200954437256 0.096901997923851013
vn 0.64751201868057251 -0.75688701868057251 0.08860199898481369
vn 0.74071401357650757 -0.66873002052307129 0.064368002116680145
vn 0.71976900100708008 0.6884620189666748 0.089180998504161835
vn 0.71141201257705688 0.69434797763824463 0.10851100087165833
vn 0.792868971824646 0.60520702600479126 0.07130199670791626
vn 0.87343400716781616 0.48117798566818237 0.07470499724149704
vn 0.97663497924804688 0.21271699666976929 0.030578000470995903
vn 0.94629299640655518 0.32222598791122437 0.026443000882863998
vn 0.99083602428436279 -0.13263800740242004 0.025522999465465546
vn 0.99118298292160034 -0.13203899562358856 0.011052999645471573
vn 0.89403599500656128 -0.44689801335334778 0.031342998147010803
vn 0.84985601902008057 -0.52394098043441772 0.056832000613212585
vn 0.4058229923248291 0.82942098379135132 0.38388499617576599
vn 0.24310199916362762 0.64621102809906006 -0.72340399026870728
vn 0.56323802471160889 -0.68669098615646362 0.45958501100540161
vn 0.21218100190162659 -0.627128005027771 -0.74945902824401855
f 3087/3087/3087 3088/3088/3088 3082/3082/3082
f 3082/3082/3082 3083/3083/3083 3087/3087/3087
f 3086/3086/3086 3079/3079/3079 3078/3078/3078
f 3078/3078/3078 3077/3077/3077 3086/3086/3086
f 3081/3081/3081 3080/3080/3080 3085/3085/3085
f 3085/3085/3085 3076/3076/3076 3081/3081/3081
f 3081/3081/3081 3076/3076/3076 3075/3075/3075
f 3075/3075/3075 3084/3084/3084 3081/3081/3081
f 3083/3083/3083 3082/3082/3082 3084/3084/3084
f 3084/3084/3084 3075/3075/3075 3083/3083/3083
f 3086/3086/3086 3077/3077/3077 3085/3085/3085
f 3085/3085/3085 3080/3080/3080 3086/3086/3086
f 3103/3103/3103 3104/3104/3104 3105/3105/3105
f 3105/3105/3105 3106/3106/3106 3103/3103/3103
f 3107/3107/3107 3108/3108/3108 3109/3109/3109
f 3109/3109/3109 3110/3110/3110 3107/3107/3107
f 3111/3111/3111 3112/3112/3112 3113/3113/3113
f 3113/3113/3113 3114/3114/3114 3111/3111/3111
f 3115/3115/3115 3114/3114/3114 3113/3113/3113
f 3113/3113/3113 3116/3116/3116 3115/3115/3115
f 3116/3116/3116 3103/3103/3103 3106/3106/3106
f 3106/3106/3106 3115/3115/3115 3116/3116/3116
f 3111/3111/3111 3110/3110/3110 3109/3109/3109
f 3109/3109/3109 3112/3112/3112 3111/3111/3111
f 3083/3083/3083 3097/3097/3097 3117/3117/3117
f 3117/3117/3117 3087/3087/3087 3083/3083/3083
f 3088/3088/3088 3118/3118/3118 3096/3096/3096
f 3096/3096/3096 3082/3082/3082 3088/3088/3088
f 3087/3087/3087 3101/3101/3101 3102/3102/3102
f 3102/3102/3102 3088/3088/3088 3087/3087/3087
f 3078/3078/3078 3119/3119/3119 3091/3091/3091
f 3091/3091/3091 3077/3077/3077 3078/3078/3078
f 3079/3079/3079 3120/3120/3120 3092/3092/3092
f 3092/3092/3092 3078/3078/3078 3079/3079/3079
f 3086/3086/3086 3100/3100/3100 3093/3093/3093
f 3093/3093/3093 3079/3079/3079 3086/3086/3086
f 3085/3085/3085 3099/3099/3099 3090/3090/3090
f 3090/3090/3090 3076/3076/3076 3085/3085/3085
f 3081/3081/3081 3095/3095/3095 3094/3094/3094
f 3094/3094/3094 3080/3080/3080 3081/3081/3081
f 3084/3084/3084 3098/3098/3098 3095/3095/3095
f 3095/3095/3095 3081/3081/3081 3084/3084/3084
f 3076/3076/3076 3090/3090/3090 3089/3089/3089
f 3089/3089/3089 3075/3075/3075 3076/3076/3076
f 3075/3075/3075 3089/3089/3089 3097/3097/3097
f 3097/3097/3097 3083/3083/3083 3075/3075/3075
f 3082/3082/3082 3096/3096/3096 3098/3098/3098
f 3098/3098/3098 3084/3084/3084 3082/3082/3082
f 3080/3080/3080 3094/3094/3094 3100/3100/3100
f 3100/3100/3100 3086/3086/3086 3080/3080/3080
f 3077/3077/3077 3091/3091/3091 3099/3099/3099
f 3099/3099/3099 3085/3085/3085 3077/3077/3077
g PV-M4A1_S_BornBeast_Classic_M4A1S_BornBeast02
usemtl M4A1S_BornBeast02
v 2.0037870407104492 -3.4037001132965088 -0.43528598546981812
v 1.6154210567474365 -3.4037001132965088 -0.29139900207519531
v 1.3302669525146484 -3.6252360343933105 -0.034299001097679138
v 1.3446869850158691 -3.6252310276031494 3.0645930767059326
v 1.6231410503387451 -3.6252310276031494 3.0645918846130371
v 0.93509399890899658 -3.625236988067627 -0.22774000465869904
v 1.2653160095214844 -3.5808169841766357 -0.20698699355125427
v 0.88107597827911377 -3.625236988067627 -0.38099798560142517
v 0.9350929856300354 -3.625236988067627 -0.45872199535369873
v 1.6348099708557129 -3.6252360343933105 -0.034299001097679138
v 2.0750889778137207 -3.6252360343933105 -0.3810029923915863
v 2.0750889778137207 -3.6252360343933105 -0.30075100064277649
v 2.0750889778137207 -3.4149200916290283 -0.30075100064277649
v 2.0210731029510498 -3.6252360343933105 -0.227742999792099
v 1.6888129711151123 -3.4037001132965088 -0.22108000516891479
v 1.6995340585708618 -3.4149200916290283 -0.20698800683021545
v 0.88107699155807495 -3.5036640167236328 -0.30074599385261536
v 0.88107597827911377 -3.5036649703979492 -0.38099798560142517
v 0.9350929856300354 -3.5036649703979492 -0.45872199535369873
v 2.0117430686950684 -3.4037001132965088 -0.24490299820899963
v 0.95237797498703003 -3.4037010669708252 -0.43528300523757935
v 0.89874798059463501 -3.4037001132965088 -0.29963698983192444
v 1.3446869850158691 -3.4718620777130127 3.0645930767059326
v 1.6231410503387451 -3.4718620777130127 3.0645909309387207
v 1.3302669525146484 -3.4718670845031738 -0.034299001097679138
v 1.4839040040969849 -3.4037001132965088 -0.33511900901794434
v 1.3482019901275635 -3.4037001132965088 -0.29557099938392639
v 0.88107699155807495 -3.5808179378509521 -0.30074599385261536
v 0.88107597827911377 -3.5808179378509521 -0.38099798560142517
v 0.9350929856300354 -3.5808179378509521 -0.45872199535369873
v 0.93509399890899658 -3.5808169841766357 -0.22773900628089905
v 1.2424520254135132 -3.5808179378509521 -0.45872300863265991
v 0.93509399890899658 -3.5036640167236328 -0.22773900628089905
v 1.3482019901275635 -3.4718670845031738 -0.29556998610496521
v 1.4839040040969849 -3.4718670845031738 -0.33511900901794434
v 1.6154210567474365 -3.4718670845031738 -0.29139798879623413
v 1.6348099708557129 -3.4718670845031738 -0.034299001097679138
v 2.0750889778137207 -3.4149210453033447 -0.3810029923915863
v 2.0210719108581543 -3.4149210453033447 -0.45872500538825989
v 0.93509399890899658 -3.4149210453033447 -0.22773900628089905
v 0.88107699155807495 -3.4149210453033447 -0.30074599385261536
v 0.88107597827911377 -3.4149210453033447 -0.38099798560142517
v 0.9350929856300354 -3.4149210453033447 -0.45872199535369873
v 2.0210731029510498 -3.4149200916290283 -0.227742999792099
v 1.2764220237731934 -3.4037001132965088 -0.22077800333499908
v 1.2653160095214844 -3.4149210453033447 -0.20698699355125427
v 1.2424520254135132 -3.5036649703979492 -0.45872300863265991
v 2.0573821067810059 -3.4037001132965088 -0.37516498565673828
v 2.0574169158935547 -3.4037001132965088 -0.29964101314544678
v 0.88107699155807495 -3.625236988067627 -0.30074599385261536
v 1.2653160095214844 -3.5036640167236328 -0.20698699355125427
v 1.2653160095214844 -3.4718670845031738 -0.20698699355125427
v 1.6995340585708618 -3.4718670845031738 -0.20698800683021545
v 2.0210719108581543 -3.6252360343933105 -0.45872500538825989
v 0.89878302812576294 -3.4037010669708252 -0.37516000866889954
v 0.9444270133972168 -3.4037010669708252 -0.24489499628543854
v 1.2653160095214844 -3.6252360343933105 -0.20698699355125427
v 1.6995340585708618 -3.6252360343933105 -0.20698800683021545
v 0.96329200267791748 -3.5166571140289307 -0.11619099974632263
v 1.2859580516815186 -3.5682220458984375 0.097227998077869415
v 1.2100670337677002 -3.5682220458984375 -0.082529999315738678
v 1.2100670337677002 -3.5166571140289307 -0.082529999315738678
v 0.96329200267791748 -3.5682229995727539 -0.11619099974632263
v 1.0184110403060913 -3.5682220458984375 -0.076086997985839844
v 1.0756069421768188 -3.5682229995727539 -0.42794901132583618
v 1.3365099430084229 -3.5682220458984375 0.30486899614334106
v 0.93320602178573608 -3.5166571140289307 -0.34755301475524902
v 0.90968602895736694 -3.5166571140289307 -0.27284398674964905
v 1.0184110403060913 -3.5166571140289307 -0.076086997985839844
v 1.3592100143432617 -3.5166571140289307 -0.43451198935508728
v 1.0756069421768188 -3.5166571140289307 -0.42794901132583618
v 1.1650129556655884 -3.5166571140289307 -0.11626099795103073
v 1.3365099430084229 -3.5166559219360352 0.30486899614334106
v 1.2859580516815186 -3.5166559219360352 0.097227998077869415
v 0.93320602178573608 -3.5682229995727539 -0.34755301475524902
v 1.1650129556655884 -3.5682229995727539 -0.11626099795103073
v 0.90968602895736694 -3.5682229995727539 -0.27284398674964905
v 1.3592120409011841 -3.5166559219360352 0.05508200079202652
v 1.3592100143432617 -3.5682229995727539 -0.43451198935508728
v 1.6154210567474365 -3.4037001132965088 -0.29139900207519531
v 1.3302669525146484 -3.4718670845031738 -0.034299001097679138
v 1.3446869850158691 -3.4718620777130127 3.0645930767059326
v 1.6231410503387451 -3.4718620777130127 3.0645909309387207
v 1.6348099708557129 -3.4718670845031738 -0.034299001097679138
v 0.93509399890899658 -3.5808169841766357 -0.22773900628089905
v 0.93509399890899658 -3.625236988067627 -0.22774000465869904
v 0.88107597827911377 -3.5808179378509521 -0.38099798560142517
v 0.88107699155807495 -3.5808179378509521 -0.30074599385261536
v 0.9350929856300354 -3.5808179378509521 -0.45872199535369873
v 2.0750889778137207 -3.4149210453033447 -0.3810029923915863
v 2.0750889778137207 -3.4149200916290283 -0.30075100064277649
v 2.0210731029510498 -3.6252360343933105 -0.227742999792099
v 2.0210731029510498 -3.4149200916290283 -0.227742999792099
v 1.6995340585708618 -3.4718670845031738 -0.20698800683021545
v 1.6995340585708618 -3.4149200916290283 -0.20698800683021545
v 0.88107699155807495 -3.4149210453033447 -0.30074599385261536
v 0.93509399890899658 -3.5036640167236328 -0.22773900628089905
v 0.93509399890899658 -3.4149210453033447 -0.22773900628089905
v 0.88107597827911377 -3.4149210453033447 -0.38099798560142517
v 1.4839040040969849 -3.4718670845031738 -0.33511900901794434
v 1.4839040040969849 -3.4037001132965088 -0.33511900901794434
v 1.2653160095214844 -3.4718670845031738 -0.20698699355125427
v 1.2653160095214844 -3.4149210453033447 -0.20698699355125427
v 1.6888129711151123 -3.4037001132965088 -0.22108000516891479
v 1.3482019901275635 -3.4037001132965088 -0.29557099938392639
v 1.2764220237731934 -3.4037001132965088 -0.22077800333499908
v 0.93509399890899658 -3.5808169841766357 -0.22773900628089905
v 1.2424520254135132 -3.5808179378509521 -0.45872300863265991
v 1.2653160095214844 -3.5808169841766357 -0.20698699355125427
v 1.2653160095214844 -3.5036640167236328 -0.20698699355125427
v 1.2424520254135132 -3.5036649703979492 -0.45872300863265991
v 1.2653160095214844 -3.5808169841766357 -0.20698699355125427
v 1.2424520254135132 -3.5808179378509521 -0.45872300863265991
v 1.6995340585708618 -3.4718670845031738 -0.20698800683021545
v 1.6154210567474365 -3.4718670845031738 -0.29139798879623413
v 1.3482019901275635 -3.4718670845031738 -0.29556998610496521
v 1.2653160095214844 -3.4718670845031738 -0.20698699355125427
v 2.0210719108581543 -3.4149210453033447 -0.45872500538825989
v 0.9350929856300354 -3.4149210453033447 -0.45872199535369873
v 2.0210731029510498 -3.4149200916290283 -0.227742999792099
v 0.93509399890899658 -3.4149210453033447 -0.22773900628089905
v 1.6995340585708618 -3.4149200916290283 -0.20698800683021545
v 1.2653160095214844 -3.4149210453033447 -0.20698699355125427
v 0.90968602895736694 -3.5166571140289307 -0.27284398674964905
v 0.96329200267791748 -3.5166571140289307 -0.11619099974632263
v 0.93320602178573608 -3.5166571140289307 -0.34755301475524902
v 1.2859580516815186 -3.5166559219360352 0.097227998077869415
v 1.2100670337677002 -3.5166571140289307 -0.082529999315738678
v 1.1650129556655884 -3.5166571140289307 -0.11626099795103073
v 1.0184110403060913 -3.5166571140289307 -0.076086997985839844
v 1.3592100143432617 -3.5166571140289307 -0.43451198935508728
v 1.0756069421768188 -3.5166571140289307 -0.42794901132583618
v 1.3365099430084229 -3.5166559219360352 0.30486899614334106
vt 0.82969999313354492 0.26816600561141968
vt 0.66606098413467407 0.24342900514602661
vt 0.83658397197723389 0.34489697217941284
vt 0.88578897714614868 0.34489601850509644
vt 0.83679401874542236 0.33584100008010864
vt 0.6104620099067688 0.22894501686096191
vt 0.82595497369766235 0.34721601009368896
vt 0.63572102785110474 0.22894501686096191
vt 0.64913100004196167 0.22894501686096191
vt 0.78686898946762085 0.33581602573394775
vt 0.82461202144622803 0.22894501686096191
vt 0.83645999431610107 0.22894501686096191
vt 0.84083098173141479 0.28860902786254883
vt 0.76107001304626465 0.33577102422714233
vt 0.65915298461914062 0.24342799186706543
vt 0.77745997905731201 0.34651601314544678
vt 0.62369900941848755 0.24730902910232544
vt 0.63554799556732178 0.24730902910232544
vt 0.64899897575378418 0.24728500843048096
vt 0.83085000514984131 0.29640698432922363
vt 0.6729699969291687 0.26816701889038086
vt 0.66496497392654419 0.28837698698043823
vt 0.83842098712921143 0.37361901998519897
vt 0.83679002523422241 0.34365302324295044
vt 0.77902597188949585 0.37483501434326172
vt 0.75220298767089844 0.28309601545333862
vt 0.6851009726524353 0.24347001314163208
vt 0.60551202297210693 0.28710800409317017
vt 0.60551202297210693 0.27615797519683838
vt 0.61288201808929443 0.26555401086807251
vt 0.61288201808929443 0.2970690131187439
vt 0.69450801610946655 0.23595398664474487
vt 0.80982202291488647 0.35095202922821045
vt 0.68510699272155762 0.23883497714996338
vt 0.76073998212814331 0.36562001705169678
vt 0.66606497764587402 0.2387930154800415
vt 0.77892202138900757 0.35637897253036499
vt 0.84069401025772095 0.27593898773193359
vt 0.81120598316192627 0.26048797369003296
vt 0.80974197387695312 0.35536998510360718
vt 0.66184699535369873 0.28821402788162231
vt 0.66197597980499268 0.27594101428985596
vt 0.64891201257705688 0.26048797369003296
vt 0.76104897260665894 0.34648197889328003
vt 0.69215500354766846 0.24347102642059326
vt 0.82587498426437378 0.35540401935577393
vt 0.69446098804473877 0.247344970703125
vt 0.8376929759979248 0.27712100744247437
vt 0.83770197629928589 0.28837597370147705
vt 0.62387198209762573 0.22894501686096191
vt 0.82595497369766235 0.35095202922821045
vt 0.82595598697662354 0.35252302885055542
vt 0.77746599912643433 0.34361600875854492
vt 0.81120502948760986 0.22894501686096191
vt 0.66497600078582764 0.27712398767471313
vt 0.67181801795959473 0.29640698432922363
vt 0.82595598697662354 0.34489697217941284
vt 0.77748000621795654 0.33580398559570312
vt 0.80652499198913574 0.38844102621078491
vt 0.83208799362182617 0.42163801193237305
vt 0.8115839958190918 0.41643399000167847
vt 0.80448997020721436 0.42241197824478149
vt 0.81010901927947998 0.38355600833892822
vt 0.81853997707366943 0.39516901969909668
vt 0.76162701845169067 0.40145397186279297
vt 0.86915701627731323 0.43411999940872192
vt 0.77942800521850586 0.3884660005569458
vt 0.78647297620773315 0.3826109766960144
vt 0.80850702524185181 0.39789199829101562
vt 0.76803600788116455 0.43900400400161743
vt 0.76977002620697021 0.40560197830200195
vt 0.80062800645828247 0.41624599695205688
vt 0.8676300048828125 0.44005000591278076
vt 0.82949000597000122 0.42827200889587402
vt 0.7746729850769043 0.38090997934341431
vt 0.80980700254440308 0.41425400972366333
vt 0.78569400310516357 0.37659502029418945
vt 0.82500702142715454 0.43933600187301636
vt 0.75926798582077026 0.43760800361633301
vt 0.77180600166320801 0.28961700201034546
vt 0.83454698324203491 0.35251301527023315
vt 0.88578897714614868 0.35251200199127197
vt 0.83832401037216187 0.35674399137496948
vt 0.78686302900314331 0.34362798929214478
vt 0.8098679780960083 0.34720897674560547
vt 0.80986899137496948 0.34488999843597412
vt 0.63572102785110474 0.23591101169586182
vt 0.62387198209762573 0.23591101169586182
vt 0.64912700653076172 0.23591101169586182
vt 0.82461202144622803 0.26048797369003296
vt 0.83645999431610107 0.26048797369003296
vt 0.8498690128326416 0.22894501686096191
vt 0.8498690128326416 0.26048797369003296
vt 0.65795499086380005 0.23879200220108032
vt 0.65795201063156128 0.24266499280929565
vt 0.62369900941848755 0.26048797369003296
vt 0.61028897762298584 0.24730902910232544
vt 0.61028897762298584 0.26048797369003296
vt 0.63554799556732178 0.26048797369003296
vt 0.67549502849578857 0.23881000280380249
vt 0.67548400163650513 0.24344497919082642
vt 0.69335800409317017 0.23883599042892456
vt 0.69335901737213135 0.24270802736282349
vt 0.78275001049041748 0.30027997493743896
vt 0.73197197914123535 0.28899502754211426
vt 0.72126799821853638 0.30032998323440552
vt 0.6104620099067688 0.23591101169586182
vt 0.63579398393630981 0.24433600902557373
vt 0.65669900178909302 0.24433600902557373
vt 0.65669900178909302 0.23795497417449951
vt 0.63579398393630981 0.23795497417449951
vt 0.65793800354003906 0.29990100860595703
vt 0.65481799840927124 0.26555401086807251
vt 0.76843798160552979 0.35251498222351074
vt 0.76335000991821289 0.35763698816299438
vt 0.76317900419235229 0.37383198738098145
vt 0.768576979637146 0.37882900238037109
vt 0.83249402046203613 0.26446300745010376
vt 0.67039597034454346 0.26429402828216553
vt 0.83254402875900269 0.2993130087852478
vt 0.67012298107147217 0.2993130087852478
vt 0.784434974193573 0.30308800935745239
vt 0.71952700614929199 0.30310600996017456
vt 0.78626400232315063 0.38572502136230469
vt 0.80459898710250854 0.39110302925109863
vt 0.7790529727935791 0.38539201021194458
vt 0.83019697666168213 0.42685997486114502
vt 0.80838799476623535 0.42116701602935791
vt 0.80410498380661011 0.414683997631073
vt 0.81247901916503906 0.39561599493026733
vt 0.76590901613235474 0.43798202276229858
vt 0.76780200004577637 0.40314602851867676
vt 0.86795198917388916 0.43790900707244873
vn 0.079582996666431427 0.97118300199508667 -0.22465600073337555
vn -0.51625901460647583 1.2000000424450263E-05 0.85643202066421509
vn -0.98344701528549194 -9.9999999747524271E-07 0.18119600415229797
vn -0.99998897314071655 -0 0.0046529998071491718
vn 0.99999302625656128 0 0.0037650000303983688
vn -0.80388301610946655 -7.9999999798019417E-06 0.59478700160980225
vn -0.7507929801940918 -0 0.66053801774978638
vn -0.95424401760101318 1.9999999949504854E-06 -0.29902899265289307
vn -0.46330899000167847 9.9999999747524271E-07 -0.88619697093963623
vn 0.98363202810287476 9.9999999747524271E-07 0.18018999695777893
vn 0.95424199104309082 9.9999999747524271E-07 -0.29903700947761536
vn 0.94970798492431641 9.9999999747524271E-07 0.31313499808311462
vn 0.53666901588439941 0.83094298839569092 0.14669899642467499
vn 0.064413003623485565 0 0.99792301654815674
vn -0.73155498504638672 0.016540000215172768 0.68158197402954102
vn 0.064413003623485565 0 0.99792301654815674
vn -0.94970601797103882 -9.9999999747524271E-07 0.31314298510551453
vn -0.95424497127532959 -1.9999999949504854E-06 -0.2990260124206543
vn -0.46330899000167847 -9.9999999747524271E-07 -0.88619697093963623
vn 0.14132800698280334 0.94820499420166016 0.28448900580406189
vn -0.079586997628211975 0.97118198871612549 -0.22465699911117554
vn -0.32800498604774475 0.93410301208496094 0.14093799889087677
vn -0 1 -1.9999999949504854E-06
vn 0.99999302625656128 0 0.0037650000303983688
vn -9.9999999747524271E-07 1 -1.9999999949504854E-06
vn -0 1 -1.9999999949504854E-06
vn 0.51822000741958618 1.1000000085914508E-05 0.85524702072143555
vn -1.9999999949504854E-06 1 0
vn -0 1 -9.9999999747524271E-07
vn -0 1 -9.9999999747524271E-07
vn -9.9999999747524271E-07 1 -9.9999999747524271E-07
vn -3.0000001061125658E-06 -1.9999999949504854E-06 -1
vn -0.062720000743865967 -0 0.99803102016448975
vn 0.52022099494934082 0.0037030000239610672 0.85402399301528931
vn -9.9999999747524271E-07 1 -3.0000001061125658E-06
vn -0.51996898651123047 0.006668000016361475 0.85415899753570557
vn -9.9999999747524271E-07 1 -3.0000001061125658E-06
vn 0.49176299571990967 0.85679298639297485 -0.1551630049943924
vn 0.46330100297927856 0 -0.88620102405548096
vn -0.062720000743865967 -0 0.99803102016448975
vn -0.53667402267456055 0.83093798160552979 0.14670500159263611
vn -0.49175998568534851 0.8567960262298584 -0.15515600144863129
vn -0.46331000328063965 -0 -0.88619601726531982
vn 0.064413003623485565 0 0.99792301654815674
vn 0.74287301301956177 0.0092940004542469978 0.66936802864074707
vn -0.062720000743865967 -0 0.99803102016448975
vn -3.0000001061125658E-06 9.9999999747524271E-07 -1
vn 0.29881298542022705 0.94955599308013916 -0.095156997442245483
vn 0.32800200581550598 0.93410402536392212 0.14093799889087677
vn -0.94970697164535522 -3.0000001061125658E-06 0.31314098834991455
vn -0.7507929801940918 -0 0.66053801774978638
vn -0.41190600395202637 -0 0.91122597455978394
vn 0.4133169949054718 0 0.91058701276779175
vn 0.46329998970031738 0 -0.88620102405548096
vn -0.29881098866462708 0.94955599308013916 -0.09515400230884552
vn -0.1410440057516098 0.94815301895141602 0.28480300307273865
vn -0.59470802545547485 -9.9999999747524271E-07 0.80394202470779419
vn 0.5958549976348877 0 0.80309200286865234
vn -0.80462700128555298 -9.9999999747524271E-07 0.5937809944152832
vn -0.94950300455093384 -9.9999999747524271E-07 0.31375899910926819
vn -0.78764998912811279 -9.9999999747524271E-07 0.6161230206489563
vn -0 1 -9.9999999747524271E-07
vn -0.80462700128555298 -9.9999999747524271E-07 0.5937809944152832
vn -0.17978599667549133 -0 0.98370599746704102
vn -0.26533499360084534 -0 -0.96415597200393677
vn -0.97161900997161865 -0 0.23655299842357635
vn -9.9999999747524271E-07 1 -9.9999999747524271E-07
vn -0.99992400407791138 0 0.012350999750196934
vn 9.9999999747524271E-07 1 -1.9999999949504854E-06
vn 0 1 -1.9999999949504854E-06
vn -0 1 -1.9999999949504854E-06
vn -1.9999999949504854E-06 1 -9.9999999747524271E-07
vn 9.9999999747524271E-07 1 -0
vn 0 1 -9.9999999747524271E-07
vn -0.77699398994445801 -1.9999999949504854E-06 -0.62950801849365234
vn -0.18649600446224213 -0 0.9824560284614563
vn -0.99992400407791138 -9.9999999747524271E-07 0.012350000441074371
vn 0 1 -9.9999999747524271E-07
vn -0.023135000839829445 -0 -0.99973201751708984
vn -0 1 -1.9999999949504854E-06
vn -0.98344701528549194 -9.9999999747524271E-07 0.18119600415229797
vn -0.99998897314071655 -0 0.0046529998071491718
vn -0 1 -1.9999999949504854E-06
vn 0.98363202810287476 9.9999999747524271E-07 0.18018999695777893
vn -0.062720999121665955 -1.2000000424450263E-05 0.99803102016448975
vn -0.062720999121665955 -1.2999999853491317E-05 0.99803102016448975
vn -0.95424497127532959 3.0000001061125658E-06 -0.29902499914169312
vn -0.94970500469207764 -3.0000001061125658E-06 0.31314700841903687
vn -0.46330899000167847 9.9999999747524271E-07 -0.88619697093963623
vn 0.95424199104309082 9.9999999747524271E-07 -0.29903599619865417
vn 0.94970798492431641 9.9999999747524271E-07 0.31313601136207581
vn 0.80388998985290527 0 0.59477800130844116
vn 0.80389100313186646 0 0.59477698802947998
vn -0.72306400537490845 0.028954999521374702 0.69017398357391357
vn -0.79585599899291992 -9.9999999747524271E-07 0.60548597574234009
vn -0.94970500469207764 -9.9999999747524271E-07 0.31314399838447571
vn -0.80388402938842773 -0 0.59478598833084106
vn -0.80388402938842773 0 0.59478598833084106
vn -0.95424497127532959 -9.9999999747524271E-07 -0.2990260124206543
vn -0.0186769999563694 1.9999999949504854E-06 0.99982601404190063
vn -0.0186769999563694 1.9999999949504854E-06 0.99982601404190063
vn 0.73824101686477661 0.016143999993801117 0.67434400320053101
vn 0.77882897853851318 0 0.627236008644104
vn 0.014941000379621983 0.97915899753570557 0.20254300534725189
vn -9.9999999747524271E-07 1 -1.9999999949504854E-06
vn -0.014882000163197517 0.97868102788925171 0.20484599471092224
vn -0.80388301610946655 -7.9999999798019417E-06 0.59478700160980225
vn -0.99590098857879639 -0 0.090452998876571655
vn -0.99590098857879639 -0 0.090452998876571655
vn -0.99590098857879639 -0 0.090452998876571655
vn -0.99590098857879639 0 0.090452998876571655
vn -9.9999999747524271E-07 1 -1.9999999949504854E-06
vn -9.9999999747524271E-07 1 -1.9999999949504854E-06
vn -9.9999999747524271E-07 1 -9.9999999747524271E-07
vn -9.9999999747524271E-07 1 9.9999999747524271E-07
vn -9.9999999747524271E-07 1 -9.9999999747524271E-07
vn -0 1 -9.9999999747524271E-07
vn 0.17377899587154388 0.92506802082061768 -0.33771198987960815
vn -0.173785001039505 0.92506802082061768 -0.33770999312400818
vn 0.23470699787139893 0.86155802011489868 0.45014500617980957
vn -0.23443000018596649 0.86153101921081543 0.45034000277519226
vn 0.044047001749277115 0.79933798313140869 0.59926497936248779
vn -0.043898999691009521 0.7938309907913208 0.60655200481414795
vn -1.9999999949504854E-06 1 -9.9999999747524271E-07
vn 3.0000001061125658E-06 1 -3.9999999899009708E-06
vn -0.77699398994445801 -9.9999999747524271E-07 -0.62950700521469116
vn -0.94950300455093384 -9.9999999747524271E-07 0.31375899910926819
vn -0.78764998912811279 -9.9999999747524271E-07 0.6161230206489563
vn -0.18649600446224213 -0 0.9824560284614563
vn -0.17978599667549133 -0 0.98370599746704102
vn -0.023135000839829445 -0 -0.99973201751708984
vn -0.26533499360084534 -0 -0.96415597200393677
vn -0.97161900997161865 0 0.23655299842357635
f 3200/3200/3200 3169/3169/3169 3168/3168/3168
f 3146/3146/3146 3200/3200/3200 3168/3168/3168
f 3121/3121/3121 3146/3146/3146 3168/3168/3168
f 3201/3201/3201 3123/3123/3123 3124/3124/3124
f 3124/3124/3124 3202/3202/3202 3201/3201/3201
f 3157/3157/3157 3145/3145/3145 3143/3143/3143
f 3143/3143/3143 3203/3203/3203 3157/3157/3157
f 3130/3130/3130 3204/3204/3204 3144/3144/3144
f 3144/3144/3144 3125/3125/3125 3130/3130/3130
f 3205/3205/3205 3206/3206/3206 3177/3177/3177
f 3177/3177/3177 3127/3127/3127 3205/3205/3205
f 3207/3207/3207 3128/3128/3128 3170/3170/3170
f 3170/3170/3170 3208/3208/3208 3207/3207/3207
f 3209/3209/3209 3129/3129/3129 3128/3128/3128
f 3128/3128/3128 3207/3207/3207 3209/3209/3209
f 3201/3201/3201 3171/3171/3171 3127/3127/3127
f 3127/3127/3127 3123/3123/3123 3201/3201/3201
f 3173/3173/3173 3204/3204/3204 3130/3130/3130
f 3130/3130/3130 3178/3178/3178 3173/3173/3173
f 3210/3210/3210 3131/3131/3131 3174/3174/3174
f 3174/3174/3174 3159/3159/3159 3210/3210/3210
f 3211/3211/3211 3132/3132/3132 3131/3131/3131
f 3131/3131/3131 3210/3210/3210 3211/3211/3211
f 3212/3212/3212 3132/3132/3132 3211/3211/3211
f 3211/3211/3211 3213/3213/3213 3212/3212/3212
f 3134/3134/3134 3164/3164/3164 3173/3173/3173
f 3173/3173/3173 3178/3178/3178 3134/3134/3134
f 3135/3135/3135 3156/3156/3156 3214/3214/3214
f 3214/3214/3214 3215/3215/3215 3135/3135/3135
f 3216/3216/3216 3137/3137/3137 3217/3217/3217
f 3217/3217/3217 3218/3218/3218 3216/3216/3216
f 3219/3219/3219 3138/3138/3138 3137/3137/3137
f 3137/3137/3137 3216/3216/3216 3219/3219/3219
f 3139/3139/3139 3138/3138/3138 3219/3219/3219
f 3219/3219/3219 3163/3163/3163 3139/3139/3139
f 3147/3147/3147 3154/3154/3154 3220/3220/3220
f 3220/3220/3220 3221/3221/3221 3147/3147/3147
f 3156/3156/3156 3122/3122/3122 3221/3221/3221
f 3221/3221/3221 3220/3220/3220 3156/3156/3156
f 3222/3222/3222 3154/3154/3154 3165/3165/3165
f 3165/3165/3165 3223/3223/3223 3222/3222/3222
f 3140/3140/3140 3169/3169/3169 3200/3200/3200
f 3200/3200/3200 3224/3224/3224 3140/3140/3140
f 3121/3121/3121 3141/3141/3141 3146/3146/3146
f 3175/3175/3175 3225/3225/3225 3146/3146/3146
f 3146/3146/3146 3141/3141/3141 3175/3175/3175
f 3142/3142/3142 3225/3225/3225 3175/3175/3175
f 3176/3176/3176 3226/3226/3226 3225/3225/3225
f 3225/3225/3225 3142/3142/3142 3176/3176/3176
f 3227/3227/3227 3208/3208/3208 3170/3170/3170
f 3170/3170/3170 3126/3126/3126 3227/3227/3227
f 3152/3152/3152 3174/3174/3174 3129/3129/3129
f 3129/3129/3129 3209/3209/3209 3152/3152/3152
f 3228/3228/3228 3229/3229/3229 3230/3230/3230
f 3230/3230/3230 3231/3231/3231 3228/3228/3228
f 3151/3151/3151 3150/3150/3150 3149/3149/3149
f 3149/3149/3149 3148/3148/3148 3151/3151/3151
f 3151/3151/3151 3232/3232/3232 3233/3233/3233
f 3233/3233/3233 3150/3150/3150 3151/3151/3151
f 3153/3153/3153 3171/3171/3171 3172/3172/3172
f 3172/3172/3172 3160/3160/3160 3153/3153/3153
f 3201/3201/3201 3172/3172/3172 3171/3171/3171
f 3234/3234/3234 3235/3235/3235 3236/3236/3236
f 3236/3236/3236 3237/3237/3237 3234/3234/3234
f 3235/3235/3235 3155/3155/3155 3236/3236/3236
f 3127/3127/3127 3177/3177/3177 3123/3123/3123
f 3234/3234/3234 3237/3237/3237 3145/3145/3145
f 3145/3145/3145 3157/3157/3157 3234/3234/3234
f 3133/3133/3133 3158/3158/3158 3168/3168/3168
f 3168/3168/3168 3169/3169/3169 3133/3133/3133
f 3168/3168/3168 3158/3158/3158 3238/3238/3238
f 3238/3238/3238 3121/3121/3121 3168/3168/3168
f 3121/3121/3121 3238/3238/3238 3239/3239/3239
f 3239/3239/3239 3141/3141/3141 3121/3121/3121
f 3169/3169/3169 3140/3140/3140 3240/3240/3240
f 3240/3240/3240 3133/3133/3133 3169/3169/3169
f 3241/3241/3241 3176/3176/3176 3142/3142/3142
f 3142/3142/3142 3161/3161/3161 3241/3241/3241
f 3161/3161/3161 3142/3142/3142 3175/3175/3175
f 3175/3175/3175 3162/3162/3162 3161/3161/3161
f 3239/3239/3239 3162/3162/3162 3175/3175/3175
f 3175/3175/3175 3141/3141/3141 3239/3239/3239
f 3242/3242/3242 3240/3240/3240 3140/3140/3140
f 3140/3140/3140 3224/3224/3224 3242/3242/3242
f 3243/3243/3243 3226/3226/3226 3176/3176/3176
f 3176/3176/3176 3241/3241/3241 3243/3243/3243
f 3163/3163/3163 3159/3159/3159 3167/3167/3167
f 3167/3167/3167 3139/3139/3139 3163/3163/3163
f 3174/3174/3174 3152/3152/3152 3167/3167/3167
f 3167/3167/3167 3159/3159/3159 3174/3174/3174
f 3164/3164/3164 3136/3136/3136 3173/3173/3173
f 3172/3172/3172 3166/3166/3166 3160/3160/3160
f 3154/3154/3154 3147/3147/3147 3165/3165/3165
f 3135/3135/3135 3122/3122/3122 3156/3156/3156
f 3189/3189/3189 3187/3187/3187 3244/3244/3244
f 3244/3244/3244 3245/3245/3245 3189/3189/3189
f 3246/3246/3246 3195/3195/3195 3197/3197/3197
f 3197/3197/3197 3188/3188/3188 3246/3246/3246
f 3181/3181/3181 3180/3180/3180 3247/3247/3247
f 3247/3247/3247 3248/3248/3248 3181/3181/3181
f 3179/3179/3179 3188/3188/3188 3197/3197/3197
f 3197/3197/3197 3183/3183/3183 3179/3179/3179
f 3196/3196/3196 3249/3249/3249 3250/3250/3250
f 3250/3250/3250 3184/3184/3184 3196/3196/3196
f 3251/3251/3251 3199/3199/3199 3185/3185/3185
f 3185/3185/3185 3252/3252/3252 3251/3251/3251
f 3191/3191/3191 3192/3192/3192 3182/3182/3182
f 3182/3182/3182 3190/3190/3190 3191/3191/3191
f 3252/3252/3252 3185/3185/3185 3195/3195/3195
f 3195/3195/3195 3246/3246/3246 3252/3252/3252
f 3179/3179/3179 3183/3183/3183 3184/3184/3184
f 3184/3184/3184 3250/3250/3250 3179/3179/3179
f 3249/3249/3249 3196/3196/3196 3181/3181/3181
f 3181/3181/3181 3248/3248/3248 3249/3249/3249
f 3182/3182/3182 3198/3198/3198 3190/3190/3190
f 3192/3192/3192 3191/3191/3191 3187/3187/3187
f 3187/3187/3187 3189/3189/3189 3192/3192/3192
f 3247/3247/3247 3180/3180/3180 3186/3186/3186
f 3186/3186/3186 3253/3253/3253 3247/3247/3247
f 3198/3198/3198 3182/3182/3182 3194/3194/3194
f 3194/3194/3194 3193/3193/3193 3198/3198/3198
g PV-M4A1_S_BornBeast_Classic_M4A1S_BornBeast03
usemtl M4A1S_BornBeast03
v 1.7930339574813843 -3.9759318828582764 2.1886990070343018
v 1.7516189813613892 -3.8213679790496826 2.1886990070343018
v 1.6384700536727905 -3.7082180976867676 2.1886990070343018
v 1.4839049577713013 -3.6668028831481934 2.1886990070343018
v 1.3293399810791016 -3.7082180976867676 2.1886990070343018
v 1.2161910533905029 -3.8213679790496826 2.1886990070343018
v 1.1747759580612183 -3.9759318828582764 2.1886990070343018
v 1.2161910533905029 -4.1304969787597656 2.1886990070343018
v 1.3293399810791016 -4.2436461448669434 2.1886990070343018
v 1.4839049577713013 -4.2850618362426758 2.1886990070343018
v 1.6384689807891846 -4.2436461448669434 2.1886990070343018
v 1.7516180276870728 -4.1304969787597656 2.1886990070343018
v 1.7930350303649902 -3.9759318828582764 1.3851619958877563
v 1.7516189813613892 -3.8213679790496826 1.3851619958877563
v 1.6384700536727905 -3.7082180976867676 1.3851610422134399
v 1.4839060306549072 -3.6668028831481934 1.3851610422134399
v 1.3293410539627075 -3.7082180976867676 1.3851610422134399
v 1.2161920070648193 -3.8213679790496826 1.3851610422134399
v 1.1747759580612183 -3.9759318828582764 1.3851610422134399
v 1.2161920070648193 -4.1304969787597656 1.3851610422134399
v 1.3293410539627075 -4.2436461448669434 1.3851610422134399
v 1.4839049577713013 -4.2850618362426758 1.3851610422134399
v 1.6384700536727905 -4.2436461448669434 1.3851610422134399
v 1.7516189813613892 -4.1304969787597656 1.3851619958877563
v 1.4839049577713013 -3.6668028831481934 1.7049920558929443
v 1.3293410539627075 -3.7082180976867676 1.7049909830093384
v 1.2161910533905029 -3.8213679790496826 1.7049909830093384
v 1.1747759580612183 -3.9759318828582764 1.7049909830093384
v 1.2161910533905029 -4.1304969787597656 1.7049909830093384
v 1.3293399810791016 -4.2436461448669434 1.7049909830093384
v 1.4839060306549072 -3.6668028831481934 1.5143630504608154
v 1.3293410539627075 -3.7082180976867676 1.5143630504608154
v 1.2161920070648193 -3.8213679790496826 1.5143630504608154
v 1.1747759580612183 -3.9759318828582764 1.5143630504608154
v 1.2161910533905029 -4.1304969787597656 1.5143630504608154
v 1.3293410539627075 -4.2436461448669434 1.5143630504608154
v 1.4839060306549072 -3.6219398975372314 1.6096769571304321
v 1.3069100379943848 -3.6693658828735352 1.6096769571304321
v 1.177340030670166 -3.7989358901977539 1.6096769571304321
v 1.1299140453338623 -3.9759318828582764 1.6096769571304321
v 1.1773389577865601 -4.1529278755187988 1.6096769571304321
v 1.3069089651107788 -4.2824978828430176 1.6096769571304321
v 1.4839049577713013 -3.6668028831481934 1.9038439989089966
v 1.3293410539627075 -3.7082180976867676 1.9038439989089966
v 1.2161910533905029 -3.8213679790496826 1.9038439989089966
v 1.1747759580612183 -3.9759318828582764 1.9038439989089966
v 1.2161910533905029 -4.1304969787597656 1.9038439989089966
v 1.3293399810791016 -4.2436461448669434 1.9038439989089966
v 1.4839049577713013 -3.6668028831481934 2.1049530506134033
v 1.3293399810791016 -3.7082180976867676 2.1049520969390869
v 1.2161910533905029 -3.8213670253753662 2.1049520969390869
v 1.1747759580612183 -3.9759318828582764 2.1049520969390869
v 1.2161910533905029 -4.1304969787597656 2.1049520969390869
v 1.3293399810791016 -4.2436461448669434 2.1049520969390869
v 1.4839049577713013 -3.6279220581054688 1.9295790195465088
v 1.3099000453948975 -3.6745469570159912 1.9295779466629028
v 1.1825200319290161 -3.8019270896911621 1.9295779466629028
v 1.1358950138092041 -3.9759318828582764 1.9295779466629028
v 1.1825189590454102 -4.1499371528625488 1.9295779466629028
v 1.3099000453948975 -4.277318000793457 1.9295779466629028
v 1.4839049577713013 -3.6279220581054688 2.0665240287780762
v 1.3099000453948975 -3.6745469570159912 2.0665230751037598
v 1.1825189590454102 -3.8019270896911621 2.0665230751037598
v 1.1358950138092041 -3.9759318828582764 2.0665230751037598
v 1.1825189590454102 -4.1499371528625488 2.0665230751037598
v 1.3099000453948975 -4.277318000793457 2.0665230751037598
v 1.595641016960144 -3.782397985458374 2.9868431091308594
v 1.4839040040969849 -3.7524580955505371 2.9868431091308594
v 1.3721669912338257 -3.782397985458374 2.9868431091308594
v 1.290369987487793 -3.8641951084136963 2.9868431091308594
v 1.2604299783706665 -3.9759318828582764 2.9868431091308594
v 1.290369987487793 -4.0876688957214355 2.9868431091308594
v 1.3721669912338257 -4.1694660186767578 2.9868431091308594
v 1.4839040040969849 -4.1994061470031738 2.9868431091308594
v 1.5956419706344604 -3.782397985458374 2.3668251037597656
v 1.4839049577713013 -3.7524590492248535 2.3668251037597656
v 1.3721679449081421 -3.782397985458374 2.3668251037597656
v 1.2903709411621094 -3.8641951084136963 2.3668251037597656
v 1.2604310512542725 -3.9759318828582764 2.3668251037597656
v 1.2903709411621094 -4.0876688957214355 2.3668251037597656
v 1.3721679449081421 -4.1694660186767578 2.3668251037597656
v 1.4839049577713013 -4.1994061470031738 2.3668251037597656
v 1.6226680278778076 -3.7355868816375732 2.3205680847167969
v 1.4839049577713013 -3.6984059810638428 2.3205680847167969
v 1.3451420068740845 -3.7355868816375732 2.3205668926239014
v 1.2435599565505981 -3.8371689319610596 2.3205668926239014
v 1.2063779830932617 -3.9759318828582764 2.3205668926239014
v 1.2435599565505981 -4.1146950721740723 2.3205668926239014
v 1.3451410531997681 -4.2162771224975586 2.3205668926239014
v 1.4839049577713013 -4.2534589767456055 2.3205668926239014
v 1.6226680278778076 -3.7355868816375732 2.1832849979400635
v 1.4839049577713013 -3.6984059810638428 2.1832849979400635
v 1.3451420068740845 -3.7355868816375732 2.1832840442657471
v 1.2435599565505981 -3.8371689319610596 2.1832840442657471
v 1.2063779830932617 -3.9759318828582764 2.1832840442657471
v 1.2435599565505981 -4.1146950721740723 2.1832840442657471
v 1.3451410531997681 -4.2162771224975586 2.1832840442657471
v 1.4839049577713013 -4.2534589767456055 2.1832840442657471
v 1.7599220275878906 -4.091519832611084 2.8378469944000244
v 1.7872970104217529 -3.9362668991088867 2.8378469944000244
v 1.7333790063858032 -3.7881269454956055 2.8378469944000244
v 1.6126140356063843 -3.6867930889129639 2.8378469944000244
v 1.4573609828948975 -3.6594169139862061 2.8378469944000244
v 1.3092199563980103 -3.7133359909057617 2.8378469944000244
v 1.2078859806060791 -3.8341009616851807 2.837846040725708
v 1.1805109977722168 -3.9893538951873779 2.837846040725708
v 1.2344299554824829 -4.1374940872192383 2.8378469944000244
v 1.3551950454711914 -4.2388291358947754 2.8378469944000244
v 1.5104470252990723 -4.2662038803100586 2.8378469944000244
v 1.6585880517959595 -4.212285041809082 2.8378469944000244
v 1.3225489854812622 -3.7257099151611328 1.1150219440460205
v 1.3225489854812622 -3.7257099151611328 0.69050198793411255
v 1.4672609567642212 -3.7257099151611328 1.1150219440460205
v 1.4672609567642212 -3.7257099151611328 0.69050198793411255
v 1.3225489854812622 -3.8401739597320557 1.1150219440460205
v 1.3225489854812622 -3.8401739597320557 0.69050198793411255
v 1.4672609567642212 -3.8401739597320557 0.69050198793411255
v 1.3419040441513062 -3.6698079109191895 1.1602519750595093
v 1.4485800266265869 -3.6698079109191895 1.1602519750595093
v 1.3225489854812622 -3.8391671180725098 1.2398819923400879
v 1.3419029712677002 -3.6698079109191895 1.6547939777374268
v 1.3419029712677002 -3.7218549251556396 1.6549340486526489
v 1.3375430107116699 -3.73105788230896 1.3119770288467407
v 1.3949040174484253 -3.6443939208984375 1.6547939777374268
v 1.3949049711227417 -3.6443939208984375 1.1748700141906738
v 1.3093839883804321 -4.1718869209289551 1.3866909742355347
v 1.3439639806747437 -4.2283668518066406 -0.13906799256801605
v 1.3093839883804321 -3.8512639999389648 1.3866920471191406
v 1.3835560083389282 -3.797558069229126 -0.13906799256801605
v 1.2473820447921753 -4.0115761756896973 1.3866909742355347
v 1.2473839521408081 -4.0115761756896973 -0.13906799256801605
v 1.6298010349273682 -3.8512639999389648 1.3866920471191406
v 1.5556319952011108 -3.797558069229126 -0.13906699419021606
v 1.3835560083389282 -3.797558069229126 0.60541802644729614
v 1.3439630270004272 -4.2283668518066406 0.6115800142288208
v 1.2473829984664917 -4.0115761756896973 0.63269197940826416
v 1.5556310415267944 -3.797558069229126 0.60541802644729614
v 1.3093839883804321 -4.1718869209289551 0.64493799209594727
v 1.3093849420547485 -3.8512639999389648 0.64191997051239014
v 1.6298019886016846 -3.8512639999389648 0.64192098379135132
v 1.3293399810791016 -3.7082180976867676 2.1886990070343018
v 1.4839049577713013 -3.6668028831481934 2.1886990070343018
v 1.2161910533905029 -3.8213679790496826 2.1886990070343018
v 1.1747759580612183 -3.9759318828582764 2.1886990070343018
v 1.2161910533905029 -4.1304969787597656 2.1886990070343018
v 1.3293399810791016 -4.2436461448669434 2.1886990070343018
v 1.4839060306549072 -3.6668028831481934 1.3851610422134399
v 1.3293410539627075 -3.7082180976867676 1.3851610422134399
v 1.2161920070648193 -3.8213679790496826 1.3851610422134399
v 1.1747759580612183 -3.9759318828582764 1.3851610422134399
v 1.2161920070648193 -4.1304969787597656 1.3851610422134399
v 1.3293410539627075 -4.2436461448669434 1.3851610422134399
v 1.4839049577713013 -3.7524590492248535 2.3668251037597656
v 1.5956419706344604 -3.782397985458374 2.3668251037597656
v 1.3721679449081421 -3.782397985458374 2.3668251037597656
v 1.2903709411621094 -3.8641951084136963 2.3668251037597656
v 1.2604310512542725 -3.9759318828582764 2.3668251037597656
v 1.2903709411621094 -4.0876688957214355 2.3668251037597656
v 1.3721679449081421 -4.1694660186767578 2.3668251037597656
v 1.4839049577713013 -4.1994061470031738 2.3668251037597656
v 1.3225489854812622 -3.7257099151611328 1.1150219440460205
v 1.3225489854812622 -3.7257099151611328 0.69050198793411255
v 1.3225489854812622 -3.8401739597320557 0.69050198793411255
v 1.3419040441513062 -3.6698079109191895 1.1602519750595093
v 1.3949049711227417 -3.6443939208984375 1.1748700141906738
vt 0.63444501161575317 0.74623799324035645
vt 0.6432880163192749 0.75628599524497986
vt 0.65596997737884521 0.76056699454784393
vt 0.6690940260887146 0.75793300569057465
vt 0.67914301156997681 0.74908998608589172
vt 0.68342298269271851 0.73640701174736023
vt 0.68078899383544922 0.72328400611877441
vt 0.67194598913192749 0.713236004114151
vt 0.65926402807235718 0.70895600318908691
vt 0.64614099264144897 0.7115899920463562
vt 0.63609302043914795 0.72043299674987793
vt 0.63181197643280029 0.73311400413513184
vt 0.6847040057182312 0.68360999226570129
vt 0.67761200666427612 0.69526100158691406
vt 0.66564399003982544 0.70180600881576538
vt 0.832955002784729 0.64288398623466492
vt 0.832955002784729 0.62424701452255249
vt 0.832955002784729 0.60556700825691223
vt 0.832955002784729 0.58685898780822754
vt 0.832955002784729 0.56817600131034851
vt 0.832955002784729 0.54954099655151367
vt 0.66682398319244385 0.6509149968624115
vt 0.678475022315979 0.65800699591636658
vt 0.68502002954483032 0.66997399926185608
vt 0.79505801200866699 0.64288398623466492
vt 0.79505801200866699 0.62424701452255249
vt 0.79505801200866699 0.60556700825691223
vt 0.79505801200866699 0.58685898780822754
vt 0.79505801200866699 0.56817600131034851
vt 0.79505801200866699 0.54954099655151367
vt 0.8185420036315918 0.64288398623466492
vt 0.8185420036315918 0.62424701452255249
vt 0.8185420036315918 0.60556700825691223
vt 0.8185420036315918 0.58685898780822754
vt 0.8185420036315918 0.56817600131034851
vt 0.8185420036315918 0.54954099655151367
vt 0.80680602788925171 0.64288398623466492
vt 0.80680602788925171 0.62424701452255249
vt 0.80680602788925171 0.60556700825691223
vt 0.80680602788925171 0.58685898780822754
vt 0.80680602788925171 0.56817600131034851
vt 0.80680602788925171 0.54954099655151367
vt 0.77287399768829346 0.64288398623466492
vt 0.77287399768829346 0.62424701452255249
vt 0.77287399768829346 0.60556700825691223
vt 0.77287399768829346 0.58685898780822754
vt 0.77287399768829346 0.56817600131034851
vt 0.77287399768829346 0.54954099655151367
vt 0.74635201692581177 0.64288398623466492
vt 0.74635201692581177 0.62424701452255249
vt 0.74635201692581177 0.60556700825691223
vt 0.74635201692581177 0.58685898780822754
vt 0.74635201692581177 0.56817600131034851
vt 0.74635201692581177 0.54954099655151367
vt 0.7677609920501709 0.64288398623466492
vt 0.7677609920501709 0.62424701452255249
vt 0.7677609920501709 0.60556700825691223
vt 0.7677609920501709 0.58685898780822754
vt 0.7677609920501709 0.56817600131034851
vt 0.7677609920501709 0.54954099655151367
vt 0.75238698720932007 0.64288398623466492
vt 0.75238698720932007 0.62424701452255249
vt 0.75238698720932007 0.60556700825691223
vt 0.75238698720932007 0.58685898780822754
vt 0.75238698720932007 0.56817600131034851
vt 0.75238698720932007 0.54954099655151367
vt 0.63943898677825928 0.64315599203109741
vt 0.63943898677825928 0.63024398684501648
vt 0.63943898677825928 0.61733099818229675
vt 0.63943898677825928 0.60441800951957703
vt 0.63943898677825928 0.59150499105453491
vt 0.63943898677825928 0.57859200239181519
vt 0.63943898677825928 0.56567999720573425
vt 0.63943898677825928 0.55276700854301453
vt 0.712677001953125 0.64675998687744141
vt 0.712677001953125 0.63326400518417358
vt 0.712677001953125 0.61919501423835754
vt 0.712677001953125 0.60489299893379211
vt 0.712677001953125 0.5905509889125824
vt 0.712677001953125 0.57634401321411133
vt 0.712677001953125 0.56246501207351685
vt 0.712677001953125 0.54925501346588135
vt 0.71968597173690796 0.64675998687744141
vt 0.71968597173690796 0.63326400518417358
vt 0.71968597173690796 0.61919501423835754
vt 0.71968597173690796 0.60489299893379211
vt 0.71968597173690796 0.5905509889125824
vt 0.71968597173690796 0.57634401321411133
vt 0.71968597173690796 0.56246501207351685
vt 0.71968597173690796 0.54925501346588135
vt 0.73369497060775757 0.64675998687744141
vt 0.73369497060775757 0.63326400518417358
vt 0.73369497060775757 0.61919501423835754
vt 0.73369497060775757 0.60489299893379211
vt 0.73369497060775757 0.5905509889125824
vt 0.73369497060775757 0.57634401321411133
vt 0.73369497060775757 0.56246501207351685
vt 0.73369497060775757 0.54925501346588135
vt 0.59755802154541016 0.40837401151657104
vt 0.59755897521972656 0.43320798873901367
vt 0.58514201641082764 0.45471501350402832
vt 0.56363600492477417 0.46713399887084961
vt 0.53880101442337036 0.46713501214981079
vt 0.51729398965835571 0.45471799373626709
vt 0.50487601757049561 0.43321198225021362
vt 0.50487601757049561 0.408378005027771
vt 0.51729297637939453 0.38687199354171753
vt 0.538798987865448 0.37445598840713501
vt 0.56363201141357422 0.37445402145385742
vt 0.58513897657394409 0.38686901330947876
vt 0.82808297872543335 0.31611102819442749
vt 0.88697397708892822 0.3173450231552124
vt 0.8362240195274353 0.33483397960662842
vt 0.88703197240829468 0.33466500043869019
vt 0.82794100046157837 0.30242198705673218
vt 0.90067297220230103 0.31730002164840698
vt 0.90073198080062866 0.33461898565292358
vt 0.82258599996566772 0.3231239914894104
vt 0.82761001586914062 0.33262801170349121
vt 0.81301498413085938 0.30266302824020386
vt 0.76339900493621826 0.32301700115203857
vt 0.76339197158813477 0.3167949914932251
vt 0.80444198846817017 0.31574499607086182
vt 0.76338601112365723 0.33005201816558838
vt 0.82407999038696289 0.32621502876281738
vt 0.39125499129295349 0.76238200068473816
vt 0.47514501214027405 0.75973300635814667
vt 0.39089199900627136 0.7816769927740097
vt 0.47534701228141785 0.78646999597549438
vt 0.39110499620437622 0.77194100618362427
vt 0.47501799464225769 0.77280800044536591
vt 0.3908030092716217 0.79951100051403046
vt 0.4755299985408783 0.79587599635124207
vt 0.43452098965644836 0.78641000390052795
vt 0.43378099799156189 0.75929500162601471
vt 0.43241199851036072 0.7724120020866394
vt 0.43466499447822571 0.79578199982643127
vt 0.43189400434494019 0.76290400326251984
vt 0.43170800805091858 0.7819100022315979
vt 0.43141099810600281 0.79962900280952454
vt 0.73700898885726929 0.62424701452255249
vt 0.73700898885726929 0.64288398623466492
vt 0.73700898885726929 0.60556700825691223
vt 0.73700898885726929 0.58685898780822754
vt 0.73700898885726929 0.56817600131034851
vt 0.73700898885726929 0.54954099655151367
vt 0.65200799703598022 0.70149001479148865
vt 0.64035600423812866 0.69439798593521118
vt 0.63381099700927734 0.68242999911308289
vt 0.63412797451019287 0.66879299283027649
vt 0.64121997356414795 0.65714201331138611
vt 0.65318799018859863 0.65059798955917358
vt 0.70864701271057129 0.63024398684501648
vt 0.70864701271057129 0.64315599203109741
vt 0.70864701271057129 0.61733099818229675
vt 0.70864701271057129 0.60441800951957703
vt 0.70864701271057129 0.59150499105453491
vt 0.70864701271057129 0.57859200239181519
vt 0.70864701271057129 0.56567999720573425
vt 0.70864701271057129 0.55276700854301453
vt 0.83616602420806885 0.31751501560211182
vt 0.87888699769973755 0.31559497117996216
vt 0.87874698638916016 0.30189597606658936
vt 0.82756799459457397 0.31985998153686523
vt 0.82082498073577881 0.33015602827072144
vn -9.9999999747524271E-07 -0 1
vn -9.9999999747524271E-07 -0 1
vn -9.9999999747524271E-07 -0 1
vn -9.9999999747524271E-07 -0 1
vn -0 0 1
vn -9.9999999747524271E-07 -0 1
vn -9.9999999747524271E-07 -0 1
vn -9.9999999747524271E-07 0 1
vn -9.9999999747524271E-07 0 1
vn -9.9999999747524271E-07 -0 1
vn -1.9999999949504854E-06 9.9999999747524271E-07 1
vn -9.9999999747524271E-07 -0 1
vn 9.9999999747524271E-07 0 -1
vn 1.9999999949504854E-06 -0 -1
vn 9.9999999747524271E-07 0 -1
vn -0.25881901383399963 0.96592599153518677 -0
vn -0.5 0.86602598428726196 -0
vn -0.86602497100830078 0.5 -9.9999999747524271E-07
vn -1 9.9999999747524271E-07 -9.9999999747524271E-07
vn -0.86602598428726196 -0.49999898672103882 -9.9999999747524271E-07
vn -0.70710700750350952 -0.70710599422454834 -9.9999999747524271E-07
vn 9.9999999747524271E-07 0 -1
vn 9.9999999747524271E-07 9.9999999747524271E-07 -1
vn 9.9999999747524271E-07 0 -1
vn -0.25254100561141968 0.9424939751625061 0.21892300248146057
vn -0.48703399300575256 0.84356701374053955 0.22625699639320374
vn -0.84356701374053955 0.48703399300575256 0.22625699639320374
vn -0.97406798601150513 9.9999999747524271E-07 0.22625699639320374
vn -0.84356802701950073 -0.48703300952911377 0.22625699639320374
vn -0.68995398283004761 -0.6899530291557312 0.21892300248146057
vn -0.2525399923324585 0.9424939751625061 -0.21892400085926056
vn -0.48703300952911377 0.84356701374053955 -0.22625799477100372
vn -0.84356701374053955 0.48703399300575256 -0.22625799477100372
vn -0.97406697273254395 9.9999999747524271E-07 -0.22625799477100372
vn -0.84356701374053955 -0.48703300952911377 -0.22625799477100372
vn -0.68995398283004761 -0.6899530291557312 -0.21892400085926056
vn -0.25881901383399963 0.96592599153518677 -0
vn -0.5 0.86602598428726196 -0
vn -0.86602497100830078 0.5 -9.9999999747524271E-07
vn -1 9.9999999747524271E-07 -9.9999999747524271E-07
vn -0.86602598428726196 -0.49999898672103882 -9.9999999747524271E-07
vn -0.70710700750350952 -0.70710599422454834 -0
vn -0.22471800446510315 0.83866000175476074 -0.49613699316978455
vn -0.43033498525619507 0.74536401033401489 -0.50915998220443726
vn -0.74536299705505371 0.43033701181411743 -0.50915998220443726
vn -0.86067098379135132 9.9999999747524271E-07 -0.50916099548339844
vn -0.74536401033401489 -0.43033599853515625 -0.50915998220443726
vn -0.6139410138130188 -0.6139410138130188 -0.49613699316978455
vn -0.23740699887275696 0.88601398468017578 0.39826801419258118
vn -0.456045001745224 0.78989297151565552 0.40999001264572144
vn -0.78989297151565552 0.45604598522186279 0.40998899936676025
vn -0.91209101676940918 0 0.40998899936676025
vn -0.7898939847946167 -0.456045001745224 0.40999001264572144
vn -0.64860802888870239 -0.64860701560974121 0.39826801419258118
vn -0.23351900279521942 0.8715059757232666 -0.43121498823165894
vn -0.44814199209213257 0.77620697021484375 -0.44347700476646423
vn -0.77620601654052734 0.44814398884773254 -0.44347700476646423
vn -0.89628499746322632 9.9999999747524271E-07 -0.44347798824310303
vn -0.77620601654052734 -0.44814300537109375 -0.44347798824310303
vn -0.63798600435256958 -0.63798600435256958 -0.43121498823165894
vn -0.24209700524806976 0.90351498126983643 0.35362300276756287
vn -0.46560901403427124 0.8064579963684082 0.36446499824523926
vn -0.80645698308944702 0.46560901403427124 0.36446499824523926
vn -0.9312170147895813 0 0.36446499824523926
vn -0.8064579963684082 -0.46560800075531006 0.36446499824523926
vn -0.66141998767852783 -0.66141802072525024 0.35362300276756287
vn 0.25881999731063843 0.96592599153518677 0
vn 9.9999999747524271E-07 1 -0
vn -0.5 0.86602598428726196 -0
vn -0.86602497100830078 0.5 -9.9999999747524271E-07
vn -1 9.9999999747524271E-07 -9.9999999747524271E-07
vn -0.86602598428726196 -0.5 -9.9999999747524271E-07
vn -0.50000101327896118 -0.86602497100830078 -0
vn -0.25882101058959961 -0.96592497825622559 -0
vn 0.1716340035200119 0.6405479907989502 0.74849200248718262
vn -0 0.65019601583480835 0.75976598262786865
vn -0.32509899139404297 0.56308799982070923 0.75976502895355225
vn -0.56308799982070923 0.32509899139404297 0.75976502895355225
vn -0.65019798278808594 0 0.75976502895355225
vn -0.56308799982070923 -0.32509800791740417 0.75976598262786865
vn -0.32510000467300415 -0.56308799982070923 0.75976502895355225
vn -0.17163699865341187 -0.64055001735687256 0.74848997592926025
vn 0.23912400007247925 0.89242100715637207 0.38262999057769775
vn 0 0.91908401250839233 0.39406099915504456
vn -0.45954200625419617 0.79595100879669189 0.39406099915504456
vn -0.79594999551773071 0.45954200625419617 0.39405998587608337
vn -0.91908502578735352 0 0.39405998587608337
vn -0.79595100879669189 -0.45954200625419617 0.39406099915504456
vn -0.45954298973083496 -0.79594999551773071 0.39405998587608337
vn -0.23912499845027924 -0.89242100715637207 0.38262799382209778
vn 0.25881901383399963 0.96592599153518677 0
vn 0 1 -0
vn -0.49999898672103882 0.86602598428726196 -0
vn -0.86602497100830078 0.5 -9.9999999747524271E-07
vn -1 0 -9.9999999747524271E-07
vn -0.86602598428726196 -0.49999898672103882 -9.9999999747524271E-07
vn -0.50000101327896118 -0.86602497100830078 -0
vn -0.25881999731063843 -0.96592599153518677 -0
vn 9.9999999747524271E-07 0 -1
vn 9.9999999747524271E-07 -0 -1
vn 9.9999999747524271E-07 0 -1
vn 1.9999999949504854E-06 -0 -1
vn 0 0 -1
vn 3.0000001061125658E-06 0 -1
vn 9.9999999747524271E-07 -0 -1
vn -9.9999999747524271E-07 -1.9999999949504854E-06 -1
vn -9.9999999747524271E-07 -1.9999999949504854E-06 -1
vn 9.9999999747524271E-07 0 -1
vn 9.9999999747524271E-07 1.9999999949504854E-06 -1
vn 9.9999999747524271E-07 0 -1
vn -0.99653100967407227 0.076682001352310181 0.032324999570846558
vn 9.9999999747524271E-07 0.70710700750350952 -0.70710700750350952
vn 9.9999999747524271E-07 0.91977602243423462 -0.39244499802589417
vn 9.9999999747524271E-07 0.70710700750350952 -0.70710700750350952
vn -1 0 -9.9999999747524271E-07
vn 9.9999999747524271E-07 -0 -1
vn 9.9999999747524271E-07 -0 -1
vn -0.84567999839782715 0.53170597553253174 0.045988000929355621
vn 9.9999999747524271E-07 0.60222500562667847 -0.79832601547241211
vn -0.99709600210189819 0.056366000324487686 0.051215998828411102
vn -0.84439098834991455 0.53568601608276367 0.0066550001502037048
vn -0.99991899728775024 3.5000000934815034E-05 0.012710999697446823
vn -0.99558001756668091 0.089991003274917603 0.026872999966144562
vn -0.43236300349235535 0.90170001983642578 -0
vn 9.9999999747524271E-07 0.49860399961471558 -0.86682999134063721
vn -0.93267500400543213 -0.3607180118560791 -9.9999999747524271E-07
vn -0.91345298290252686 -0.40694299340248108 -9.9999999747524271E-07
vn -0.56536799669265747 0.82483899593353271 -0
vn -0.46895301342010498 0.88292998075485229 -0.022755000740289688
vn -1 0 -9.9999999747524271E-07
vn -0.99793601036071777 0.060260001569986343 -0.022197000682353973
vn 9.9999999747524271E-07 1 0
vn 0 1 -0
vn -0.22569000720977783 0.89036798477172852 0.39535799622535706
vn -0.87007302045822144 -0.4920009970664978 -0.030146999284625053
vn -1 0 -9.9999999747524271E-07
vn -0 0.82569301128387451 0.56411898136138916
vn -0.91328400373458862 -0.40717300772666931 -0.01103300042450428
vn -0.66150599718093872 0.74242597818374634 0.10589300096035004
vn 0 0.95752698183059692 0.28834399580955505
vn -0.5 0.86602497100830078 -9.9999999747524271E-07
vn -0.25881901383399963 0.96592599153518677 -0
vn -0.86602497100830078 0.50000101327896118 -0
vn -1 9.9999999747524271E-07 -9.9999999747524271E-07
vn -0.86602598428726196 -0.5 -9.9999999747524271E-07
vn -0.70710700750350952 -0.70710700750350952 -9.9999999747524271E-07
vn 9.9999999747524271E-07 0 -1
vn 9.9999999747524271E-07 0 -1
vn 9.9999999747524271E-07 0 -1
vn 9.9999999747524271E-07 0 -1
vn 9.9999999747524271E-07 -0 -1
vn 9.9999999747524271E-07 0 -1
vn 9.9999999747524271E-07 1 -0
vn 0.25881999731063843 0.96592599153518677 0
vn -0.49999898672103882 0.86602598428726196 -9.9999999747524271E-07
vn -0.86602497100830078 0.5 -9.9999999747524271E-07
vn -1 0 -9.9999999747524271E-07
vn -0.86602598428726196 -0.49999898672103882 -9.9999999747524271E-07
vn -0.50000101327896118 -0.86602497100830078 -0
vn -0.25881999731063843 -0.96592497825622559 -0
vn 9.9999999747524271E-07 0.92039400339126587 -0.39099100232124329
vn -1 9.9999999747524271E-07 -9.9999999747524271E-07
vn -1 9.9999999747524271E-07 -9.9999999747524271E-07
vn 9.9999999747524271E-07 0.60210102796554565 -0.7984200119972229
vn -0.43236300349235535 0.90170001983642578 -0
f 3302/3302/3302 3303/3303/3303 3394/3394/3394
f 3394/3394/3394 3395/3395/3395 3302/3302/3302
f 3303/3303/3303 3304/3304/3304 3396/3396/3396
f 3396/3396/3396 3394/3394/3394 3303/3303/3303
f 3304/3304/3304 3305/3305/3305 3397/3397/3397
f 3397/3397/3397 3396/3396/3396 3304/3304/3304
f 3305/3305/3305 3306/3306/3306 3398/3398/3398
f 3398/3398/3398 3397/3397/3397 3305/3305/3305
f 3306/3306/3306 3307/3307/3307 3399/3399/3399
f 3399/3399/3399 3398/3398/3398 3306/3306/3306
f 3275/3275/3275 3267/3267/3267 3266/3266/3266
f 3275/3275/3275 3268/3268/3268 3267/3267/3267
f 3275/3275/3275 3400/3400/3400 3268/3268/3268
f 3275/3275/3275 3401/3401/3401 3400/3400/3400
f 3275/3275/3275 3402/3402/3402 3401/3401/3401
f 3275/3275/3275 3403/3403/3403 3402/3402/3402
f 3275/3275/3275 3404/3404/3404 3403/3403/3403
f 3275/3275/3275 3405/3405/3405 3404/3404/3404
f 3275/3275/3275 3277/3277/3277 3276/3276/3276
f 3275/3275/3275 3266/3266/3266 3277/3277/3277
f 3263/3263/3263 3254/3254/3254 3255/3255/3255
f 3263/3263/3263 3255/3255/3255 3256/3256/3256
f 3263/3263/3263 3256/3256/3256 3257/3257/3257
f 3263/3263/3263 3257/3257/3257 3258/3258/3258
f 3263/3263/3263 3258/3258/3258 3259/3259/3259
f 3263/3263/3263 3259/3259/3259 3260/3260/3260
f 3263/3263/3263 3260/3260/3260 3261/3261/3261
f 3263/3263/3263 3261/3261/3261 3262/3262/3262
f 3263/3263/3263 3264/3264/3264 3265/3265/3265
f 3263/3263/3263 3265/3265/3265 3254/3254/3254
f 3284/3284/3284 3269/3269/3269 3270/3270/3270
f 3270/3270/3270 3285/3285/3285 3284/3284/3284
f 3285/3285/3285 3270/3270/3270 3271/3271/3271
f 3271/3271/3271 3286/3286/3286 3285/3285/3285
f 3286/3286/3286 3271/3271/3271 3272/3272/3272
f 3272/3272/3272 3287/3287/3287 3286/3286/3286
f 3287/3287/3287 3272/3272/3272 3273/3273/3273
f 3273/3273/3273 3288/3288/3288 3287/3287/3287
f 3288/3288/3288 3273/3273/3273 3274/3274/3274
f 3274/3274/3274 3289/3289/3289 3288/3288/3288
f 3278/3278/3278 3290/3290/3290 3291/3291/3291
f 3291/3291/3291 3279/3279/3279 3278/3278/3278
f 3279/3279/3279 3291/3291/3291 3292/3292/3292
f 3292/3292/3292 3280/3280/3280 3279/3279/3279
f 3280/3280/3280 3292/3292/3292 3293/3293/3293
f 3293/3293/3293 3281/3281/3281 3280/3280/3280
f 3281/3281/3281 3293/3293/3293 3294/3294/3294
f 3294/3294/3294 3282/3282/3282 3281/3281/3281
f 3282/3282/3282 3294/3294/3294 3295/3295/3295
f 3295/3295/3295 3283/3283/3283 3282/3282/3282
f 3290/3290/3290 3284/3284/3284 3285/3285/3285
f 3285/3285/3285 3291/3291/3291 3290/3290/3290
f 3291/3291/3291 3285/3285/3285 3286/3286/3286
f 3286/3286/3286 3292/3292/3292 3291/3291/3291
f 3292/3292/3292 3286/3286/3286 3287/3287/3287
f 3287/3287/3287 3293/3293/3293 3292/3292/3292
f 3293/3293/3293 3287/3287/3287 3288/3288/3288
f 3288/3288/3288 3294/3294/3294 3293/3293/3293
f 3294/3294/3294 3288/3288/3288 3289/3289/3289
f 3289/3289/3289 3295/3295/3295 3294/3294/3294
f 3296/3296/3296 3278/3278/3278 3279/3279/3279
f 3279/3279/3279 3297/3297/3297 3296/3296/3296
f 3297/3297/3297 3279/3279/3279 3280/3280/3280
f 3280/3280/3280 3298/3298/3298 3297/3297/3297
f 3298/3298/3298 3280/3280/3280 3281/3281/3281
f 3281/3281/3281 3299/3299/3299 3298/3298/3298
f 3299/3299/3299 3281/3281/3281 3282/3282/3282
f 3282/3282/3282 3300/3300/3300 3299/3299/3299
f 3300/3300/3300 3282/3282/3282 3283/3283/3283
f 3283/3283/3283 3301/3301/3301 3300/3300/3300
f 3302/3302/3302 3314/3314/3314 3315/3315/3315
f 3315/3315/3315 3303/3303/3303 3302/3302/3302
f 3303/3303/3303 3315/3315/3315 3316/3316/3316
f 3316/3316/3316 3304/3304/3304 3303/3303/3303
f 3304/3304/3304 3316/3316/3316 3317/3317/3317
f 3317/3317/3317 3305/3305/3305 3304/3304/3304
f 3305/3305/3305 3317/3317/3317 3318/3318/3318
f 3318/3318/3318 3306/3306/3306 3305/3305/3305
f 3306/3306/3306 3318/3318/3318 3319/3319/3319
f 3319/3319/3319 3307/3307/3307 3306/3306/3306
f 3308/3308/3308 3296/3296/3296 3297/3297/3297
f 3297/3297/3297 3309/3309/3309 3308/3308/3308
f 3309/3309/3309 3297/3297/3297 3298/3298/3298
f 3298/3298/3298 3310/3310/3310 3309/3309/3309
f 3310/3310/3310 3298/3298/3298 3299/3299/3299
f 3299/3299/3299 3311/3311/3311 3310/3310/3310
f 3311/3311/3311 3299/3299/3299 3300/3300/3300
f 3300/3300/3300 3312/3312/3312 3311/3311/3311
f 3312/3312/3312 3300/3300/3300 3301/3301/3301
f 3301/3301/3301 3313/3313/3313 3312/3312/3312
f 3308/3308/3308 3309/3309/3309 3315/3315/3315
f 3315/3315/3315 3314/3314/3314 3308/3308/3308
f 3309/3309/3309 3310/3310/3310 3316/3316/3316
f 3316/3316/3316 3315/3315/3315 3309/3309/3309
f 3310/3310/3310 3311/3311/3311 3317/3317/3317
f 3317/3317/3317 3316/3316/3316 3310/3310/3310
f 3311/3311/3311 3312/3312/3312 3318/3318/3318
f 3318/3318/3318 3317/3317/3317 3311/3311/3311
f 3312/3312/3312 3313/3313/3313 3319/3319/3319
f 3319/3319/3319 3318/3318/3318 3312/3312/3312
f 3406/3406/3406 3321/3321/3321 3320/3320/3320
f 3320/3320/3320 3407/3407/3407 3406/3406/3406
f 3408/3408/3408 3322/3322/3322 3321/3321/3321
f 3321/3321/3321 3406/3406/3406 3408/3408/3408
f 3409/3409/3409 3323/3323/3323 3322/3322/3322
f 3322/3322/3322 3408/3408/3408 3409/3409/3409
f 3410/3410/3410 3324/3324/3324 3323/3323/3323
f 3323/3323/3323 3409/3409/3409 3410/3410/3410
f 3411/3411/3411 3325/3325/3325 3324/3324/3324
f 3324/3324/3324 3410/3410/3410 3411/3411/3411
f 3412/3412/3412 3326/3326/3326 3325/3325/3325
f 3325/3325/3325 3411/3411/3411 3412/3412/3412
f 3413/3413/3413 3327/3327/3327 3326/3326/3326
f 3326/3326/3326 3412/3412/3412 3413/3413/3413
f 3337/3337/3337 3329/3329/3329 3328/3328/3328
f 3328/3328/3328 3336/3336/3336 3337/3337/3337
f 3338/3338/3338 3330/3330/3330 3329/3329/3329
f 3329/3329/3329 3337/3337/3337 3338/3338/3338
f 3339/3339/3339 3331/3331/3331 3330/3330/3330
f 3330/3330/3330 3338/3338/3338 3339/3339/3339
f 3340/3340/3340 3332/3332/3332 3331/3331/3331
f 3331/3331/3331 3339/3339/3339 3340/3340/3340
f 3341/3341/3341 3333/3333/3333 3332/3332/3332
f 3332/3332/3332 3340/3340/3340 3341/3341/3341
f 3342/3342/3342 3334/3334/3334 3333/3333/3333
f 3333/3333/3333 3341/3341/3341 3342/3342/3342
f 3343/3343/3343 3335/3335/3335 3334/3334/3334
f 3334/3334/3334 3342/3342/3342 3343/3343/3343
f 3345/3345/3345 3337/3337/3337 3336/3336/3336
f 3336/3336/3336 3344/3344/3344 3345/3345/3345
f 3346/3346/3346 3338/3338/3338 3337/3337/3337
f 3337/3337/3337 3345/3345/3345 3346/3346/3346
f 3347/3347/3347 3339/3339/3339 3338/3338/3338
f 3338/3338/3338 3346/3346/3346 3347/3347/3347
f 3348/3348/3348 3340/3340/3340 3339/3339/3339
f 3339/3339/3339 3347/3347/3347 3348/3348/3348
f 3349/3349/3349 3341/3341/3341 3340/3340/3340
f 3340/3340/3340 3348/3348/3348 3349/3349/3349
f 3350/3350/3350 3342/3342/3342 3341/3341/3341
f 3341/3341/3341 3349/3349/3349 3350/3350/3350
f 3351/3351/3351 3343/3343/3343 3342/3342/3342
f 3342/3342/3342 3350/3350/3350 3351/3351/3351
f 3361/3361/3361 3353/3353/3353 3352/3352/3352
f 3361/3361/3361 3354/3354/3354 3353/3353/3353
f 3361/3361/3361 3355/3355/3355 3354/3354/3354
f 3361/3361/3361 3356/3356/3356 3355/3355/3355
f 3361/3361/3361 3357/3357/3357 3356/3356/3356
f 3361/3361/3361 3358/3358/3358 3357/3357/3357
f 3361/3361/3361 3359/3359/3359 3358/3358/3358
f 3361/3361/3361 3360/3360/3360 3359/3359/3359
f 3361/3361/3361 3363/3363/3363 3362/3362/3362
f 3361/3361/3361 3352/3352/3352 3363/3363/3363
f 3367/3367/3367 3365/3365/3365 3414/3414/3414
f 3414/3414/3414 3366/3366/3366 3367/3367/3367
f 3368/3368/3368 3364/3364/3364 3415/3415/3415
f 3415/3415/3415 3416/3416/3416 3368/3368/3368
f 3370/3370/3370 3369/3369/3369 3365/3365/3365
f 3365/3365/3365 3367/3367/3367 3370/3370/3370
f 3417/3417/3417 3372/3372/3372 3366/3366/3366
f 3366/3366/3366 3414/3414/3414 3417/3417/3417
f 3373/3373/3373 3376/3376/3376 3364/3364/3364
f 3364/3364/3364 3368/3368/3368 3373/3373/3373
f 3376/3376/3376 3375/3375/3375 3374/3374/3374
f 3374/3374/3374 3371/3371/3371 3376/3376/3376
f 3418/3418/3418 3371/3371/3371 3374/3374/3374
f 3374/3374/3374 3377/3377/3377 3418/3418/3418
f 3417/3417/3417 3378/3378/3378 3372/3372/3372
f 3376/3376/3376 3371/3371/3371 3364/3364/3364
f 3392/3392/3392 3384/3384/3384 3389/3389/3389
f 3392/3392/3392 3389/3389/3389 3383/3383/3383
f 3392/3392/3392 3383/3383/3383 3381/3381/3381
f 3389/3389/3389 3384/3384/3384 3391/3391/3391
f 3389/3389/3389 3391/3391/3391 3379/3379/3379
f 3389/3389/3389 3379/3379/3379 3383/3383/3383
f 3385/3385/3385 3393/3393/3393 3392/3392/3392
f 3392/3392/3392 3381/3381/3381 3385/3385/3385
f 3390/3390/3390 3386/3386/3386 3382/3382/3382
f 3382/3382/3382 3387/3387/3387 3390/3390/3390
f 3393/3393/3393 3390/3390/3390 3387/3387/3387
f 3387/3387/3387 3392/3392/3392 3393/3393/3393
f 3392/3392/3392 3387/3387/3387 3382/3382/3382
f 3382/3382/3382 3384/3384/3384 3392/3392/3392
f 3384/3384/3384 3380/3380/3380 3388/3388/3388
f 3388/3388/3388 3391/3391/3391 3384/3384/3384
g PV-M4A1_S_BornBeast_Classic_M4A1S_BornBeast07
usemtl M4A1S_BornBeast07
v 1.0895320177078247 -4.2181987762451172 1.8054549694061279
v 1.0925780534744263 -3.7997078895568848 1.8466730117797852
v 1.0504390001296997 -3.9537680149078369 1.8672540187835693
v 1.1990079879760742 -3.6697399616241455 1.6364459991455078
v 1.0394599437713623 -3.9536008834838867 1.6697050333023071
v 1.0484499931335449 -4.0876250267028809 1.6598089933395386
v 1.1797080039978027 -3.6697559356689453 1.7993520498275757
v 1.0974509716033936 -3.8012878894805908 1.6613589525222778
v 1.048524022102356 -4.0874271392822266 1.8496700525283813
v 1.1038910150527954 -4.2183160781860352 1.6397349834442139
v 1.1738179922103882 -4.3233399391174316 1.7302290201187134
v 1.2545729875564575 -3.5858280658721924 1.760390043258667
v 1.2764899730682373 -3.5892429351806641 1.6134879589080811
v 1.196835994720459 -4.3200011253356934 1.5857670307159424
v 1.1289900541305542 -4.2036471366882324 1.8084180355072021
v 1.1316649913787842 -3.8152799606323242 1.843919038772583
v 1.0928980112075806 -3.9590020179748535 1.8611060380935669
v 1.2297420501708984 -3.693411111831665 1.6356979608535767
v 1.0857150554656982 -3.9588539600372314 1.6579990386962891
v 1.0882660150527954 -4.078467845916748 1.6530909538269043
v 1.2096580266952515 -3.6919829845428467 1.8020360469818115
v 1.1353759765625 -3.8190970420837402 1.6560159921646118
v 1.0931429862976074 -4.081632137298584 1.8496060371398926
v 1.1399199962615967 -4.1993069648742676 1.6318889856338501
v 1.2031970024108887 -4.3005180358886719 1.7340129613876343
v 1.2828580141067505 -3.6099469661712646 1.7644530534744263
v 1.3088860511779785 -3.6056060791015625 1.6151299476623535
v 1.2340430021286011 -4.303743839263916 1.579774022102356
v 1.2297420501708984 -3.693411111831665 1.6356979608535767
v 1.3088860511779785 -3.6056060791015625 1.6151299476623535
v 1.2828580141067505 -3.6099469661712646 1.7644530534744263
v 1.2096580266952515 -3.6919829845428467 1.8020360469818115
v 1.0857150554656982 -3.9588539600372314 1.6579990386962891
v 1.1353759765625 -3.8190970420837402 1.6560159921646118
v 1.1316649913787842 -3.8152799606323242 1.843919038772583
v 1.0928980112075806 -3.9590020179748535 1.8611060380935669
v 1.0931429862976074 -4.081632137298584 1.8496060371398926
v 1.0882660150527954 -4.078467845916748 1.6530909538269043
v 1.2031970024108887 -4.3005180358886719 1.7340129613876343
v 1.2340430021286011 -4.303743839263916 1.579774022102356
v 1.1399199962615967 -4.1993069648742676 1.6318889856338501
v 1.1289900541305542 -4.2036471366882324 1.8084180355072021
v 1.2828580141067505 -3.6099469661712646 1.7644530534744263
v 1.3088860511779785 -3.6056060791015625 1.6151299476623535
v 1.2031970024108887 -4.3005180358886719 1.7340129613876343
v 1.2340430021286011 -4.303743839263916 1.579774022102356
vt 0.190187007188797 0.5539110004901886
vt 0.18680000305175781 0.59230899810791016
vt 0.18527600169181824 0.57802298665046692
vt 0.20572000741958618 0.60855001211166382
vt 0.20373900234699249 0.57796299457550049
vt 0.20448100566864014 0.56567099690437317
vt 0.19040900468826294 0.60674500465393066
vt 0.20413500070571899 0.59298399090766907
vt 0.18672700226306915 0.56624099612236023
vt 0.20569999516010284 0.55246099829673767
vt 0.19639599323272705 0.54117700457572937
vt 0.19350999593734741 0.61735799908638
vt 0.20738199353218079 0.61908900737762451
vt 0.21006600558757782 0.53935098648071289
vt 0.18674600124359131 0.5523110032081604
vt 0.18308599293231964 0.59314501285552979
vt 0.18139199912548065 0.5780549943447113
vt 0.20935499668121338 0.60821899771690369
vt 0.20811200141906738 0.57816600799560547
vt 0.20830799639225006 0.56594100594520569
vt 0.18699899315834045 0.60758098959922791
vt 0.20807600021362305 0.59297400712966919
vt 0.18274299800395966 0.56538400053977966
vt 0.20957799255847931 0.55287200212478638
vt 0.19608999788761139 0.53770500421524048
vt 0.19315500557422638 0.62082499265670776
vt 0.20727899670600891 0.62247198820114136
vt 0.21394099295139313 0.53929498791694641
vt 0.25650998950004578 0.57352200150489807
vt 0.25512900948524475 0.57885798811912537
vt 0.26208499073982239 0.57847601175308228
vt 0.2642039954662323 0.57357800006866455
vt 0.25843799114227295 0.55962100625038147
vt 0.25794699788093567 0.56639200448989868
vt 0.26655599474906921 0.5670199990272522
vt 0.267753005027771 0.56022500991821289
vt 0.26757100224494934 0.55454900860786438
vt 0.25855201482772827 0.55414199829101562
vt 0.2629610002040863 0.54283499717712402
vt 0.25586101412773132 0.54151800274848938
vt 0.25798600912094116 0.5480630099773407
vt 0.26609000563621521 0.54859998822212219
vt 0.19005000591278076 0.618243008852005
vt 0.21078300476074219 0.61947700381278992
vt 0.19306699931621552 0.5398620069026947
vt 0.21069100499153137 0.53558400273323059
vn -0.5963280200958252 -0.55872398614883423 0.5763859748840332
vn -0.58281898498535156 0.42535299062728882 0.69238501787185669
vn -0.63423699140548706 0.085047997534275055 0.76844602823257446
vn -0.60449200868606567 0.35893800854682922 -0.7111629843711853
vn -0.82215702533721924 0.11967799812555313 -0.55653798580169678
vn -0.78884398937225342 -0.12469399720430374 -0.60181200504302979
vn -0.48088198900222778 0.62884002923965454 0.61099398136138916
vn -0.70343297719955444 0.32254299521446228 -0.63336199522018433
vn -0.68585300445556641 -0.25411000847816467 0.68193399906158447
vn -0.74762600660324097 -0.2839449942111969 -0.60035902261734009
vn -0.11934799700975418 -0.93065100908279419 0.34589800238609314
vn -0.10148700326681137 0.89672702550888062 0.4307900071144104
vn -0.11040999740362167 0.72220700979232788 -0.68280798196792603
vn -0.20286799967288971 -0.71382701396942139 -0.67029500007629395
vn 0.094686999917030334 -0.41267699003219604 0.90594297647476196
vn 0.13830199837684631 0.16429400444030762 0.97666800022125244
vn 0.12907500565052032 -0.023158999159932137 0.9913640022277832
vn -0.10726699978113174 -0.12335699796676636 -0.98654800653457642
vn -0.23249800503253937 0.036077998578548431 -0.9719269871711731
vn -0.18925400078296661 0.07366500049829483 -0.97916102409362793
vn 0.13178500533103943 0.28436699509620667 0.9496150016784668
vn -0.14163100719451904 -0.017692999914288521 -0.98976099491119385
vn 0.027820000424981117 -0.20280499756336212 0.97882401943206787
vn -0.26978200674057007 0.12898199260234833 -0.95424401760101318
vn 0.46203801035881042 -0.71455198526382446 0.52529698610305786
vn 0.45011499524116516 0.63186299800872803 0.63098698854446411
vn 0.37739101052284241 0.60653102397918701 -0.69978302717208862
vn 0.14092700183391571 -0.63245397806167603 -0.76166999340057373
vn 0.77718299627304077 -0.62052398920059204 0.10457299649715424
vn 0.75102299451828003 -0.65070897340774536 0.11199399828910828
vn 0.75931602716445923 -0.64248001575469971 0.10323800146579742
vn 0.80616402626037598 -0.58693301677703857 0.074891000986099243
vn 0.9894300103187561 -0.14428399503231049 -0.014531999826431274
vn 0.88896101713180542 -0.45548099279403687 0.047805000096559525
vn 0.91708201169967651 -0.39865198731422424 0.0061780000105500221
vn 0.99089497327804565 -0.1299699991941452 -0.035137001425027847
vn 0.98900800943374634 0.14779399335384369 -0.0044249999336898327
vn 0.97480201721191406 0.22211800515651703 -0.020611999556422234
vn 0.79615801572799683 0.59703701734542847 0.098387002944946289
vn 0.76935601234436035 0.62310397624969482 0.14082799851894379
vn 0.86294597387313843 0.50058501958847046 0.068846002221107483
vn 0.92439699172973633 0.37559598684310913 0.066468000411987305
vn 0.45011499524116516 0.63186299800872803 0.63098698854446411
vn 0.37739101052284241 0.60653102397918701 -0.69978302717208862
vn 0.46203801035881042 -0.71455198526382446 0.52529698610305786
vn 0.14092700183391571 -0.63245397806167603 -0.76166999340057373
f 3430/3430/3430 3431/3431/3431 3422/3422/3422
f 3422/3422/3422 3425/3425/3425 3430/3430/3430
f 3420/3420/3420 3426/3426/3426 3423/3423/3423
f 3423/3423/3423 3421/3421/3421 3420/3420/3420
f 3423/3423/3423 3424/3424/3424 3427/3427/3427
f 3427/3427/3427 3421/3421/3421 3423/3423/3423
f 3428/3428/3428 3432/3432/3432 3429/3429/3429
f 3429/3429/3429 3419/3419/3419 3428/3428/3428
f 3426/3426/3426 3420/3420/3420 3425/3425/3425
f 3425/3425/3425 3422/3422/3422 3426/3426/3426
f 3428/3428/3428 3419/3419/3419 3427/3427/3427
f 3427/3427/3427 3424/3424/3424 3428/3428/3428
f 3447/3447/3447 3448/3448/3448 3449/3449/3449
f 3449/3449/3449 3450/3450/3450 3447/3447/3447
f 3451/3451/3451 3452/3452/3452 3453/3453/3453
f 3453/3453/3453 3454/3454/3454 3451/3451/3451
f 3455/3455/3455 3456/3456/3456 3451/3451/3451
f 3451/3451/3451 3454/3454/3454 3455/3455/3455
f 3457/3457/3457 3458/3458/3458 3459/3459/3459
f 3459/3459/3459 3460/3460/3460 3457/3457/3457
f 3450/3450/3450 3453/3453/3453 3452/3452/3452
f 3452/3452/3452 3447/3447/3447 3450/3450/3450
f 3455/3455/3455 3460/3460/3460 3459/3459/3459
f 3459/3459/3459 3456/3456/3456 3455/3455/3455
f 3425/3425/3425 3439/3439/3439 3461/3461/3461
f 3461/3461/3461 3430/3430/3430 3425/3425/3425
f 3431/3431/3431 3462/3462/3462 3436/3436/3436
f 3436/3436/3436 3422/3422/3422 3431/3431/3431
f 3430/3430/3430 3444/3444/3444 3445/3445/3445
f 3445/3445/3445 3431/3431/3431 3430/3430/3430
f 3421/3421/3421 3435/3435/3435 3434/3434/3434
f 3434/3434/3434 3420/3420/3420 3421/3421/3421
f 3426/3426/3426 3440/3440/3440 3437/3437/3437
f 3437/3437/3437 3423/3423/3423 3426/3426/3426
f 3427/3427/3427 3441/3441/3441 3435/3435/3435
f 3435/3435/3435 3421/3421/3421 3427/3427/3427
f 3423/3423/3423 3437/3437/3437 3438/3438/3438
f 3438/3438/3438 3424/3424/3424 3423/3423/3423
f 3429/3429/3429 3463/3463/3463 3433/3433/3433
f 3433/3433/3433 3419/3419/3419 3429/3429/3429
f 3432/3432/3432 3464/3464/3464 3443/3443/3443
f 3443/3443/3443 3429/3429/3429 3432/3432/3432
f 3428/3428/3428 3442/3442/3442 3446/3446/3446
f 3446/3446/3446 3432/3432/3432 3428/3428/3428
f 3422/3422/3422 3436/3436/3436 3440/3440/3440
f 3440/3440/3440 3426/3426/3426 3422/3422/3422
f 3420/3420/3420 3434/3434/3434 3439/3439/3439
f 3439/3439/3439 3425/3425/3425 3420/3420/3420
f 3424/3424/3424 3438/3438/3438 3442/3442/3442
f 3442/3442/3442 3428/3428/3428 3424/3424/3424
f 3419/3419/3419 3433/3433/3433 3441/3441/3441
f 3441/3441/3441 3427/3427/3427 3419/3419/3419
g PV-M4A1_S_BornBeast_Classic_M4A1S_BornBeast08
usemtl M4A1S_BornBeast08
v 1.0944249629974365 -3.8002369403839111 1.534546971321106
v 1.052096962928772 -3.9535079002380371 1.5519770383834839
v 1.0889120101928711 -4.2145180702209473 1.4874190092086792
v 1.1811939477920532 -4.3242812156677246 1.3822319507598877
v 1.1950919628143311 -3.6689159870147705 1.3669799566268921
v 1.0434919595718384 -3.9533610343933105 1.3835769891738892
v 1.0541729927062988 -4.0875058174133301 1.3724950551986694
v 1.177793025970459 -3.6689260005950928 1.4958870410919189
v 1.099668025970459 -3.8014290332794189 1.3810509443283081
v 1.0510059595108032 -4.0886368751525879 1.5357110500335693
v 1.1106640100479126 -4.214439868927002 1.345128059387207
v 1.2496089935302734 -3.5892610549926758 1.4594379663467407
v 1.2694339752197266 -3.5891060829162598 1.3466589450836182
v 1.196416974067688 -4.3189878463745117 1.2750990390777588
v 1.1285619735717773 -3.8154959678649902 1.534917950630188
v 1.0976990461349487 -3.9586999416351318 1.5457730293273926
v 1.1290819644927979 -4.2012262344360352 1.4891170263290405
v 1.2150130271911621 -4.3030648231506348 1.3873080015182495
v 1.2241619825363159 -3.6920640468597412 1.3643419742584229
v 1.0872889757156372 -3.9582409858703613 1.3686950206756592
v 1.0970230102539062 -4.0778779983520508 1.3633739948272705
v 1.2078490257263184 -3.6909489631652832 1.4947750568389893
v 1.1329250335693359 -3.8184161186218262 1.3724030256271362
v 1.0965529680252075 -4.0828099250793457 1.5322630405426025
v 1.1431829929351807 -4.1964578628540039 1.3433430194854736
v 1.2820240259170532 -3.6061480045318604 1.4636019468307495
v 1.3036220073699951 -3.6073079109191895 1.3483059406280518
v 1.2336059808731079 -4.3036332130432129 1.2735580205917358
v 1.2241619825363159 -3.6920640468597412 1.3643419742584229
v 1.3036220073699951 -3.6073079109191895 1.3483059406280518
v 1.2820240259170532 -3.6061480045318604 1.4636019468307495
v 1.2078490257263184 -3.6909489631652832 1.4947750568389893
v 1.0872889757156372 -3.9582409858703613 1.3686950206756592
v 1.1329250335693359 -3.8184161186218262 1.3724030256271362
v 1.1285619735717773 -3.8154959678649902 1.534917950630188
v 1.0976990461349487 -3.9586999416351318 1.5457730293273926
v 1.0965529680252075 -4.0828099250793457 1.5322630405426025
v 1.0970230102539062 -4.0778779983520508 1.3633739948272705
v 1.2150130271911621 -4.3030648231506348 1.3873080015182495
v 1.2336059808731079 -4.3036332130432129 1.2735580205917358
v 1.1431829929351807 -4.1964578628540039 1.3433430194854736
v 1.1290819644927979 -4.2012262344360352 1.4891170263290405
v 1.2820240259170532 -3.6061480045318604 1.4636019468307495
v 1.3036220073699951 -3.6073079109191895 1.3483059406280518
v 1.2150130271911621 -4.3030648231506348 1.3873080015182495
v 1.2336059808731079 -4.3036332130432129 1.2735580205917358
vt 0.2151779979467392 0.59345600008964539
vt 0.21309800446033478 0.5792660117149353
vt 0.21665599942207336 0.55531200766563416
vt 0.22482399642467499 0.54117399454116821
vt 0.23121100664138794 0.60831698775291443
vt 0.22876599431037903 0.5782490074634552
vt 0.22882699966430664 0.56590801477432251
vt 0.21903100609779358 0.60754901170730591
vt 0.22959700226783752 0.59312701225280762
vt 0.21366700530052185 0.56730100512504578
vt 0.22996599972248077 0.55278900265693665
vt 0.22248600423336029 0.61744800209999084
vt 0.23322699964046478 0.61851999163627625
vt 0.23486499488353729 0.53936299681663513
vt 0.21180400252342224 0.59408000111579895
vt 0.2089339941740036 0.5795229971408844
vt 0.21332100033760071 0.55351901054382324
vt 0.22423900663852692 0.53745600581169128
vt 0.23467700183391571 0.60781100392341614
vt 0.23299099504947662 0.57818800210952759
vt 0.23297299444675446 0.56597098708152771
vt 0.21573999524116516 0.60858601331710815
vt 0.23316900432109833 0.59285300970077515
vt 0.20959700644016266 0.56655099987983704
vt 0.23345300555229187 0.55344599485397339
vt 0.22230599820613861 0.62089499831199646
vt 0.233241006731987 0.62215501070022583
vt 0.23863300681114197 0.53964701294898987
vt 0.26850700378417969 0.57521998882293701
vt 0.26703399419784546 0.58040100336074829
vt 0.27241998910903931 0.58052301406860352
vt 0.27453199028968811 0.57558700442314148
vt 0.27034398913383484 0.56144601106643677
vt 0.26976799964904785 0.5681689977645874
vt 0.27717700600624084 0.56907901167869568
vt 0.27842500805854797 0.56245198845863342
vt 0.27853098511695862 0.55671998858451843
vt 0.27081200480461121 0.55595400929450989
vt 0.27317601442337036 0.54436400532722473
vt 0.2679780125617981 0.54335600137710571
vt 0.27061000466346741 0.5500519871711731
vt 0.27728700637817383 0.55087798833847046
vt 0.21943099796772003 0.61916100978851318
vt 0.2368679940700531 0.61867201328277588
vt 0.22157500684261322 0.53932100534439087
vt 0.23488999903202057 0.53560099005699158
vn -0.61142599582672119 0.41435500979423523 0.67414301633834839
vn -0.64553099870681763 0.078277997672557831 0.75971198081970215
vn -0.59558397531509399 -0.58904701471328735 0.54617100954055786
vn -0.17073500156402588 -0.94786500930786133 0.26907598972320557
vn -0.60897397994995117 0.38855800032615662 -0.69150102138519287
vn -0.83590602874755859 0.12308900058269501 -0.53489202260971069
vn -0.79262000322341919 -0.13146400451660156 -0.59537398815155029
vn -0.48365598917007446 0.59023302793502808 0.64629900455474854
vn -0.71772301197052002 0.34380000829696655 -0.605538010597229
vn -0.6622769832611084 -0.27689298987388611 0.69621801376342773
vn -0.73920398950576782 -0.18868499994277954 -0.64651000499725342
vn -0.18739500641822815 0.89093899726867676 0.41365501284599304
vn -0.096271000802516937 0.74472397565841675 -0.66039299964904785
vn -0.22578699886798859 -0.62861299514770508 -0.74422198534011841
vn 0.076089002192020416 0.16940000653266907 0.98260599374771118
vn 0.12732100486755371 -0.0366239994764328 0.99118500947952271
vn 0.12765300273895264 -0.47870200872421265 0.8686479926109314
vn 0.4092470109462738 -0.79572498798370361 0.44647398591041565
vn -0.11494100093841553 -0.054246000945568085 -0.99189001321792603
vn -0.30838701128959656 0.057089000940322876 -0.94954597949981689
vn -0.23256200551986694 0.065370000898838043 -0.9703819751739502
vn 0.16899000108242035 0.1929900050163269 0.96653902530670166
vn -0.2058970034122467 0.071585997939109802 -0.97595202922821045
vn 0.097494997084140778 -0.21963599324226379 0.97069799900054932
vn -0.20591099560260773 0.25754600763320923 -0.94407099485397339
vn 0.34368601441383362 0.75239098072052002 0.56195002794265747
vn 0.36377200484275818 0.62620300054550171 -0.68959397077560425
vn 0.19381199777126312 -0.5750420093536377 -0.79483598470687866
vn 0.77811402082443237 -0.61735802888870239 0.11579500138759613
vn 0.73537600040435791 -0.66209197044372559 0.14441500604152679
vn 0.75255501270294189 -0.64721900224685669 0.12152799963951111
vn 0.80615401268005371 -0.58602398633956909 0.081796996295452118
vn 0.9941290020942688 -0.10702700167894363 -0.01587199978530407
vn 0.89845800399780273 -0.43628600239753723 0.04927700012922287
vn 0.92393302917480469 -0.38253301382064819 0.0039380001835525036
vn 0.99211198091506958 -0.11080300062894821 -0.058612998574972153
vn 0.98947799205780029 0.14455400407314301 0.0061400001868605614
vn 0.97327399253845215 0.22945599257946014 0.0094079999253153801
vn 0.80132800340652466 0.58715599775314331 0.11454500257968903
vn 0.79742002487182617 0.58982402086257935 0.12739799916744232
vn 0.87355601787567139 0.47912299633026123 0.085684999823570251
vn 0.93221700191497803 0.34736499190330505 0.10153599828481674
vn 0.34368601441383362 0.75239098072052002 0.56195002794265747
vn 0.36377200484275818 0.62620300054550171 -0.68959397077560425
vn 0.4092470109462738 -0.79572498798370361 0.44647398591041565
vn 0.19381199777126312 -0.5750420093536377 -0.79483598470687866
f 3476/3476/3476 3477/3477/3477 3469/3469/3469
f 3469/3469/3469 3472/3472/3472 3476/3476/3476
f 3465/3465/3465 3473/3473/3473 3470/3470/3470
f 3470/3470/3470 3466/3466/3466 3465/3465/3465
f 3470/3470/3470 3471/3471/3471 3474/3474/3474
f 3474/3474/3474 3466/3466/3466 3470/3470/3470
f 3475/3475/3475 3478/3478/3478 3468/3468/3468
f 3468/3468/3468 3467/3467/3467 3475/3475/3475
f 3473/3473/3473 3465/3465/3465 3472/3472/3472
f 3472/3472/3472 3469/3469/3469 3473/3473/3473
f 3475/3475/3475 3467/3467/3467 3474/3474/3474
f 3474/3474/3474 3471/3471/3471 3475/3475/3475
f 3493/3493/3493 3494/3494/3494 3495/3495/3495
f 3495/3495/3495 3496/3496/3496 3493/3493/3493
f 3497/3497/3497 3498/3498/3498 3499/3499/3499
f 3499/3499/3499 3500/3500/3500 3497/3497/3497
f 3501/3501/3501 3502/3502/3502 3497/3497/3497
f 3497/3497/3497 3500/3500/3500 3501/3501/3501
f 3503/3503/3503 3504/3504/3504 3505/3505/3505
f 3505/3505/3505 3506/3506/3506 3503/3503/3503
f 3496/3496/3496 3499/3499/3499 3498/3498/3498
f 3498/3498/3498 3493/3493/3493 3496/3496/3496
f 3501/3501/3501 3506/3506/3506 3505/3505/3505
f 3505/3505/3505 3502/3502/3502 3501/3501/3501
f 3472/3472/3472 3486/3486/3486 3507/3507/3507
f 3507/3507/3507 3476/3476/3476 3472/3472/3472
f 3477/3477/3477 3508/3508/3508 3483/3483/3483
f 3483/3483/3483 3469/3469/3469 3477/3477/3477
f 3476/3476/3476 3490/3490/3490 3491/3491/3491
f 3491/3491/3491 3477/3477/3477 3476/3476/3476
f 3466/3466/3466 3480/3480/3480 3479/3479/3479
f 3479/3479/3479 3465/3465/3465 3466/3466/3466
f 3473/3473/3473 3487/3487/3487 3484/3484/3484
f 3484/3484/3484 3470/3470/3470 3473/3473/3473
f 3474/3474/3474 3488/3488/3488 3480/3480/3480
f 3480/3480/3480 3466/3466/3466 3474/3474/3474
f 3470/3470/3470 3484/3484/3484 3485/3485/3485
f 3485/3485/3485 3471/3471/3471 3470/3470/3470
f 3468/3468/3468 3509/3509/3509 3481/3481/3481
f 3481/3481/3481 3467/3467/3467 3468/3468/3468
f 3478/3478/3478 3510/3510/3510 3482/3482/3482
f 3482/3482/3482 3468/3468/3468 3478/3478/3478
f 3475/3475/3475 3489/3489/3489 3492/3492/3492
f 3492/3492/3492 3478/3478/3478 3475/3475/3475
f 3469/3469/3469 3483/3483/3483 3487/3487/3487
f 3487/3487/3487 3473/3473/3473 3469/3469/3469
f 3465/3465/3465 3479/3479/3479 3486/3486/3486
f 3486/3486/3486 3472/3472/3472 3465/3465/3465
f 3471/3471/3471 3485/3485/3485 3489/3489/3489
f 3489/3489/3489 3475/3475/3475 3471/3471/3471
f 3467/3467/3467 3481/3481/3481 3488/3488/3488
f 3488/3488/3488 3474/3474/3474 3467/3467/3467
g PV-M4A1_S_BornBeast_Classic_M4A1S_BornBeast05
usemtl M4A1S_BornBeast05
v 1.0720239877700806 -3.8099730014801025 2.542057991027832
v 1.0227459669113159 -3.9537661075592041 2.5719780921936035
v 1.0892599821090698 -4.212493896484375 2.4687809944152832
v 1.189594030380249 -4.322300910949707 2.3308870792388916
v 1.1741559505462646 -3.6913919448852539 2.2885890007019043
v 1.0162349939346313 -3.9537670612335205 2.3674499988555908
v 1.0314669609069824 -4.089813232421875 2.3470749855041504
v 1.2060949802398682 -4.3196201324462891 2.228579044342041
v 1.1603319644927979 -3.6922779083251953 2.4620940685272217
v 1.0731910467147827 -3.8115370273590088 2.3449389934539795
v 1.030519962310791 -4.0904278755187988 2.5473909378051758
v 1.1001759767532349 -4.2127161026000977 2.2949419021606445
v 1.2714699506759644 -3.5901861190795898 2.3211269378662109
v 1.2888400554656982 -3.5885250568389893 2.2151219844818115
v 1.1055020093917847 -3.8266289234161377 2.5418579578399658
v 1.0647350549697876 -3.9588398933410645 2.5657329559326172
v 1.1212810277938843 -4.1949000358581543 2.4708271026611328
v 1.2212259769439697 -4.3011322021484375 2.3356549739837646
v 1.2015750408172607 -3.7166869640350342 2.2911639213562012
v 1.0582540035247803 -3.9587540626525879 2.357666015625
v 1.0708600282669067 -4.0773720741271973 2.341033935546875
v 1.2401310205459595 -4.3005580902099609 2.2229769229888916
v 1.1891930103302002 -3.7160129547119141 2.4634909629821777
v 1.1052570343017578 -3.8307509422302246 2.3382339477539062
v 1.0711250305175781 -4.0809998512268066 2.5413820743560791
v 1.1272009611129761 -4.1910881996154785 2.2925839424133301
v 1.3110229969024658 -3.6074259281158447 2.322782039642334
v 1.3246610164642334 -3.6063649654388428 2.2134571075439453
v 1.2015750408172607 -3.7166869640350342 2.2911639213562012
v 1.3246610164642334 -3.6063649654388428 2.2134571075439453
v 1.3110229969024658 -3.6074259281158447 2.322782039642334
v 1.1891930103302002 -3.7160129547119141 2.4634909629821777
v 1.0582540035247803 -3.9587540626525879 2.357666015625
v 1.1052570343017578 -3.8307509422302246 2.3382339477539062
v 1.1055020093917847 -3.8266289234161377 2.5418579578399658
v 1.0647350549697876 -3.9588398933410645 2.5657329559326172
v 1.0711250305175781 -4.0809998512268066 2.5413820743560791
v 1.0708600282669067 -4.0773720741271973 2.341033935546875
v 1.2212259769439697 -4.3011322021484375 2.3356549739837646
v 1.2401310205459595 -4.3005580902099609 2.2229769229888916
v 1.1272009611129761 -4.1910881996154785 2.2925839424133301
v 1.1212810277938843 -4.1949000358581543 2.4708271026611328
v 1.3110229969024658 -3.6074259281158447 2.322782039642334
v 1.3246610164642334 -3.6063649654388428 2.2134571075439453
v 1.2212259769439697 -4.3011322021484375 2.3356549739837646
v 1.2401310205459595 -4.3005580902099609 2.2229769229888916
vt 0.13352200388908386 0.59000501036643982
vt 0.13142800331115723 0.57755100727081299
vt 0.13860400021076202 0.55475699901580811
vt 0.14925000071525574 0.54077699780464172
vt 0.15455099940299988 0.60493999719619751
vt 0.14927700161933899 0.57738599181175232
vt 0.15049499273300171 0.56542098522186279
vt 0.1582610011100769 0.53919300436973572
vt 0.13945400714874268 0.60277599096298218
vt 0.15079499781131744 0.59080800414085388
vt 0.13304199278354645 0.56652900576591492
vt 0.15375299751758575 0.55280101299285889
vt 0.15034699440002441 0.61698400974273682
vt 0.15957500040531158 0.61904698610305786
vt 0.1305219978094101 0.59094399213790894
vt 0.12800100445747375 0.57760500907897949
vt 0.13593100011348724 0.5531260073184967
vt 0.14877200126647949 0.53744900226593018
vt 0.15766599774360657 0.60387700796127319
vt 0.15302500128746033 0.5774100124835968
vt 0.15408800542354584 0.56601399183273315
vt 0.16173699498176575 0.53933700919151306
vt 0.13670100271701813 0.60441398620605469
vt 0.15408200025558472 0.59023299813270569
vt 0.12984000146389008 0.56536400318145752
vt 0.15664100646972656 0.55375900864601135
vt 0.14992600679397583 0.62074699997901917
vt 0.15941700339317322 0.62255200743675232
vt 0.25634101033210754 0.61393100023269653
vt 0.25266501307487488 0.62147301435470581
vt 0.25770801305770874 0.62105301022529602
vt 0.26427200436592102 0.61364200711250305
vt 0.25944200158119202 0.60082700848579407
vt 0.25854200124740601 0.60708799958229065
vt 0.26789501309394836 0.60728499293327332
vt 0.26900398731231689 0.60093399882316589
vt 0.2679620087146759 0.59530100226402283
vt 0.25875800848007202 0.59533798694610596
vt 0.25859999656677246 0.58283600211143494
vt 0.25338900089263916 0.58226901292800903
vt 0.25660499930381775 0.58948099613189697
vt 0.26479700207710266 0.58954301476478577
vt 0.1479869931936264 0.61997398734092712
vt 0.16308699548244476 0.61904400587081909
vt 0.1464879959821701 0.53873100876808167
vt 0.15864799916744232 0.53576800227165222
vn -0.51758497953414917 0.53284001350402832 0.6694679856300354
vn -0.64545899629592896 0.088552996516227722 0.7586439847946167
vn -0.44380900263786316 -0.72012901306152344 0.53333699703216553
vn -0.11794500052928925 -0.96046799421310425 0.25217100977897644
vn -0.68028301000595093 0.28463500738143921 -0.67542499303817749
vn -0.83538097143173218 0.11209999769926071 -0.53811997175216675
vn -0.80846697092056274 -0.12137500196695328 -0.575888991355896
vn -0.16415999829769135 -0.71218198537826538 -0.6825299859046936
vn -0.29449498653411865 0.77426397800445557 0.56016701459884644
vn -0.7603219747543335 0.28889200091362 -0.58176600933074951
vn -0.59144699573516846 -0.40173599123954773 0.6991419792175293
vn -0.74619901180267334 -0.24076199531555176 -0.62066197395324707
vn -0.14243899285793304 0.95506197214126587 0.25993800163269043
vn -0.1566769927740097 0.66681402921676636 -0.72856801748275757
vn 0.16661100089550018 0.30882298946380615 0.9364129900932312
vn 0.149959996342659 -0.022197000682353973 0.98844301700592041
vn 0.24972100555896759 -0.54616999626159668 0.79958599805831909
vn 0.45541900396347046 -0.78686702251434326 0.41645300388336182
vn -0.20085999369621277 -0.31463098526000977 -0.92771899700164795
vn -0.22407899796962738 0.026528999209403992 -0.97421002388000488
vn -0.2132599949836731 0.20345699787139893 -0.95557600259780884
vn 0.19762900471687317 -0.58315199613571167 -0.78795701265335083
vn 0.33671000599861145 0.46551498770713806 0.81848800182342529
vn -0.26301398873329163 -0.12765499949455261 -0.95630902051925659
vn 0.20847299695014954 -0.3213840126991272 0.92371600866317749
vn -0.28305399417877197 0.26059800386428833 -0.92302101850509644
vn 0.36986500024795532 0.85528600215911865 0.3628849983215332
vn 0.25837698578834534 0.62216800451278687 -0.7390180230140686
vn 0.72651302814483643 -0.68451499938964844 0.060153000056743622
vn 0.69267797470092773 -0.71685802936553955 0.0794529989361763
vn 0.69471198320388794 -0.7159460186958313 0.069262996315956116
vn 0.76634699106216431 -0.64136099815368652 0.036982998251914978
vn 0.99255800247192383 -0.12143199890851974 -0.0091519998386502266
vn 0.86392301321029663 -0.50306499004364014 0.023726999759674072
vn 0.90302902460098267 -0.42953500151634216 -0.006120000034570694
vn 0.99171900749206543 -0.12464600056409836 -0.030943000689148903
vn 0.97892999649047852 0.20416699349880219 -0.00355300004594028
vn 0.95345300436019897 0.30151298642158508 0.004201000090688467
vn 0.73984497785568237 0.66689401865005493 0.088780000805854797
vn 0.7293810248374939 0.67244201898574829 0.12579900026321411
vn 0.81481599807739258 0.57744097709655762 0.051353000104427338
vn 0.88438302278518677 0.46510300040245056 0.039324000477790833
vn 0.36986500024795532 0.85528600215911865 0.3628849983215332
vn 0.25837698578834534 0.62216800451278687 -0.7390180230140686
vn 0.45541900396347046 -0.78686702251434326 0.41645300388336182
vn 0.19762900471687317 -0.58315199613571167 -0.78795701265335083
f 3523/3523/3523 3524/3524/3524 3515/3515/3515
f 3515/3515/3515 3519/3519/3519 3523/3523/3523
f 3511/3511/3511 3520/3520/3520 3516/3516/3516
f 3516/3516/3516 3512/3512/3512 3511/3511/3511
f 3516/3516/3516 3517/3517/3517 3521/3521/3521
f 3521/3521/3521 3512/3512/3512 3516/3516/3516
f 3522/3522/3522 3518/3518/3518 3514/3514/3514
f 3514/3514/3514 3513/3513/3513 3522/3522/3522
f 3519/3519/3519 3515/3515/3515 3520/3520/3520
f 3520/3520/3520 3511/3511/3511 3519/3519/3519
f 3522/3522/3522 3513/3513/3513 3521/3521/3521
f 3521/3521/3521 3517/3517/3517 3522/3522/3522
f 3539/3539/3539 3540/3540/3540 3541/3541/3541
f 3541/3541/3541 3542/3542/3542 3539/3539/3539
f 3543/3543/3543 3544/3544/3544 3545/3545/3545
f 3545/3545/3545 3546/3546/3546 3543/3543/3543
f 3547/3547/3547 3548/3548/3548 3543/3543/3543
f 3543/3543/3543 3546/3546/3546 3547/3547/3547
f 3549/3549/3549 3550/3550/3550 3551/3551/3551
f 3551/3551/3551 3552/3552/3552 3549/3549/3549
f 3544/3544/3544 3539/3539/3539 3542/3542/3542
f 3542/3542/3542 3545/3545/3545 3544/3544/3544
f 3547/3547/3547 3552/3552/3552 3551/3551/3551
f 3551/3551/3551 3548/3548/3548 3547/3547/3547
f 3519/3519/3519 3533/3533/3533 3553/3553/3553
f 3553/3553/3553 3523/3523/3523 3519/3519/3519
f 3524/3524/3524 3554/3554/3554 3529/3529/3529
f 3529/3529/3529 3515/3515/3515 3524/3524/3524
f 3523/3523/3523 3537/3537/3537 3538/3538/3538
f 3538/3538/3538 3524/3524/3524 3523/3523/3523
f 3512/3512/3512 3526/3526/3526 3525/3525/3525
f 3525/3525/3525 3511/3511/3511 3512/3512/3512
f 3520/3520/3520 3534/3534/3534 3530/3530/3530
f 3530/3530/3530 3516/3516/3516 3520/3520/3520
f 3521/3521/3521 3535/3535/3535 3526/3526/3526
f 3526/3526/3526 3512/3512/3512 3521/3521/3521
f 3516/3516/3516 3530/3530/3530 3531/3531/3531
f 3531/3531/3531 3517/3517/3517 3516/3516/3516
f 3514/3514/3514 3555/3555/3555 3527/3527/3527
f 3527/3527/3527 3513/3513/3513 3514/3514/3514
f 3518/3518/3518 3556/3556/3556 3528/3528/3528
f 3528/3528/3528 3514/3514/3514 3518/3518/3518
f 3522/3522/3522 3536/3536/3536 3532/3532/3532
f 3532/3532/3532 3518/3518/3518 3522/3522/3522
f 3511/3511/3511 3525/3525/3525 3533/3533/3533
f 3533/3533/3533 3519/3519/3519 3511/3511/3511
f 3515/3515/3515 3529/3529/3529 3534/3534/3534
f 3534/3534/3534 3520/3520/3520 3515/3515/3515
f 3517/3517/3517 3531/3531/3531 3536/3536/3536
f 3536/3536/3536 3522/3522/3522 3517/3517/3517
f 3513/3513/3513 3527/3527/3527 3535/3535/3535
f 3535/3535/3535 3521/3521/3521 3513/3513/3513
g PV-M4A1_S_BornBeast_Classic_M4A1S_BornBeast06
usemtl M4A1S_BornBeast06
v 1.0964269638061523 -3.7972609996795654 2.19228196144104
v 1.0463420152664185 -3.9537670612335205 2.2242989540100098
v 1.0976370573043823 -4.2178921699523926 2.148184061050415
v 1.1861950159072876 -4.3206720352172852 2.0240139961242676
v 1.1847089529037476 -3.6757609844207764 1.9450199604034424
v 1.0152260065078735 -3.9537680149078369 2.0150508880615234
v 1.0239900350570679 -4.0880918502807617 2.0033919811248779
v 1.1880439519882202 -4.3201580047607422 1.9142769575119019
v 1.1864299774169922 -3.675853967666626 2.1065020561218262
v 1.0778390169143677 -3.7992451190948486 1.9953659772872925
v 1.0484460592269897 -4.0892868041992188 2.2049319744110107
v 1.0912790298461914 -4.2180452346801758 1.96247398853302
v 1.2730300426483154 -3.5876429080963135 2.0097920894622803
v 1.2754700183868408 -3.5879850387573242 1.9017269611358643
v 1.1343499422073364 -3.8146300315856934 2.1924901008605957
v 1.088778018951416 -3.9592869281768799 2.2188599109649658
v 1.132362961769104 -4.2004389762878418 2.1470379829406738
v 1.2219630479812622 -4.3018150329589844 2.0209081172943115
v 1.2088960409164429 -3.698577880859375 1.9423179626464844
v 1.0579730272293091 -3.9590411186218262 2.0038468837738037
v 1.0645910501480103 -4.0775852203369141 1.9918739795684814
v 1.2245099544525146 -4.3033537864685059 1.9061000347137451
v 1.2145450115203857 -3.7004809379577637 2.1153800487518311
v 1.112604022026062 -3.8180389404296875 1.9847589731216431
v 1.091526985168457 -4.081428050994873 2.2008650302886963
v 1.1203769445419312 -4.1961898803710938 1.9610949754714966
v 1.3056600093841553 -3.605431079864502 2.0121109485626221
v 1.3107800483703613 -3.6069040298461914 1.8957209587097168
v 1.2088960409164429 -3.698577880859375 1.9423179626464844
v 1.3107800483703613 -3.6069040298461914 1.8957209587097168
v 1.3056600093841553 -3.605431079864502 2.0121109485626221
v 1.2145450115203857 -3.7004809379577637 2.1153800487518311
v 1.0579730272293091 -3.9590411186218262 2.0038468837738037
v 1.112604022026062 -3.8180389404296875 1.9847589731216431
v 1.1343499422073364 -3.8146300315856934 2.1924901008605957
v 1.088778018951416 -3.9592869281768799 2.2188599109649658
v 1.091526985168457 -4.081428050994873 2.2008650302886963
v 1.0645910501480103 -4.0775852203369141 1.9918739795684814
v 1.2219630479812622 -4.3018150329589844 2.0209081172943115
v 1.2245099544525146 -4.3033537864685059 1.9061000347137451
v 1.1203769445419312 -4.1961898803710938 1.9610949754714966
v 1.132362961769104 -4.2004389762878418 2.1470379829406738
v 1.3056600093841553 -3.605431079864502 2.0121109485626221
v 1.3107800483703613 -3.6069040298461914 1.8957209587097168
v 1.2219630479812622 -4.3018150329589844 2.0209081172943115
v 1.2245099544525146 -4.3033537864685059 1.9061000347137451
vt 0.15985099971294403 0.59081900119781494
vt 0.15812100470066071 0.57684001326560974
vt 0.16344200074672699 0.55365198850631714
vt 0.17258800566196442 0.54036000370979309
vt 0.17973199486732483 0.60678499937057495
vt 0.17695200443267822 0.57696801424026489
vt 0.17772200703620911 0.56518200039863586
vt 0.18240399658679962 0.53901800513267517
vt 0.16541300714015961 0.604746013879776
vt 0.17746299505233765 0.5917620062828064
vt 0.15963500738143921 0.56560701131820679
vt 0.17991000413894653 0.55198800563812256
vt 0.1721390038728714 0.61690500378608704
vt 0.18170100450515747 0.61853298544883728
vt 0.15643300116062164 0.59175300598144531
vt 0.15448999404907227 0.57689100503921509
vt 0.1605599969625473 0.55208998918533325
vt 0.17248499393463135 0.53673499822616577
vt 0.18268799781799316 0.60631498694419861
vt 0.18082700669765472 0.5771619975566864
vt 0.18153299391269684 0.56544700264930725
vt 0.18605700135231018 0.53850200772285461
vt 0.16211099922657013 0.60568800568580627
vt 0.18109899759292603 0.59170699119567871
vt 0.15599299967288971 0.56467598676681519
vt 0.18306300044059753 0.55271199345588684
vt 0.17146299779415131 0.62016201019287109
vt 0.18168500065803528 0.62215098738670349
vt 0.24424299597740173 0.57268500328063965
vt 0.24267999827861786 0.57914501428604126
vt 0.24799400568008423 0.57853999733924866
vt 0.25217399001121521 0.57209199666976929
vt 0.24601200222969055 0.55850899219512939
vt 0.24557200074195862 0.56549400091171265
vt 0.25516700744628906 0.56541100144386292
vt 0.25598898530006409 0.55838900804519653
vt 0.25512799620628357 0.55278199911117554
vt 0.24545100331306458 0.55305600166320801
vt 0.24740099906921387 0.54041099548339844
vt 0.24214300513267517 0.53999599814414978
vt 0.24429599940776825 0.54698601365089417
vt 0.25285500288009644 0.54692599177360535
vt 0.16947099566459656 0.61896800994873047
vt 0.18528500199317932 0.61910200119018555
vt 0.16991700232028961 0.53778699040412903
vt 0.18265900015830994 0.53537499904632568
vn -0.49829000234603882 0.52212601900100708 0.69216501712799072
vn -0.60630899667739868 0.10354799777269363 0.78845900297164917
vn -0.42913299798965454 -0.66055601835250854 0.61604398488998413
vn -0.088462002575397491 -0.9440150260925293 0.31782099604606628
vn -0.67982101440429688 0.37081798911094666 -0.63272202014923096
vn -0.86190497875213623 0.12848599255084991 -0.49052199721336365
vn -0.85237300395965576 -0.16181400418281555 -0.49726900458335876
vn -0.23938100039958954 -0.73836100101470947 -0.63049197196960449
vn -0.33602398633956909 0.76893097162246704 0.54390501976013184
vn -0.77919399738311768 0.34099599719047546 -0.52590698003768921
vn -0.59981697797775269 -0.31735700368881226 0.73451000452041626
vn -0.74272698163986206 -0.2820189893245697 -0.60730701684951782
vn -0.083043999969959259 0.9451640248298645 0.31586098670959473
vn -0.19298499822616577 0.73447197675704956 -0.65062099695205688
vn 0.14548499882221222 0.31446599960327148 0.93805402517318726
vn 0.12792100012302399 -0.001943000010214746 0.99178200960159302
vn 0.27315199375152588 -0.48194301128387451 0.83253699541091919
vn 0.45381098985671997 -0.81594598293304443 0.35817199945449829
vn -0.25879999995231628 -0.16358500719070435 -0.95197802782058716
vn -0.25286400318145752 0.031702999025583267 -0.96698200702667236
vn -0.28829300403594971 0.087730996310710907 -0.95351499319076538
vn 0.16000199317932129 -0.67074799537658691 -0.72422099113464355
vn 0.2105260044336319 0.5294259786605835 0.821819007396698
vn -0.31287899613380432 -0.057553999125957489 -0.9480469822883606
vn 0.13996599614620209 -0.24818499386310577 0.95854800939559937
vn -0.22371199727058411 0.21915300190448761 -0.94969701766967773
vn 0.41485100984573364 0.81350398063659668 0.40756699442863464
vn 0.22169999778270721 0.64401000738143921 -0.73218798637390137
vn 0.72745400667190552 -0.68601900339126587 -0.013732999563217163
vn 0.67819398641586304 -0.73384100198745728 0.039122998714447021
vn 0.69212299585342407 -0.72176998853683472 0.0037020000163465738
vn 0.76097899675369263 -0.64697402715682983 -0.048333998769521713
vn 0.98142600059509277 -0.14755800366401672 -0.12259799987077713
vn 0.85637599229812622 -0.51161998510360718 -0.069758996367454529
vn 0.88640201091766357 -0.45178601145744324 -0.10090400278568268
vn 0.9799010157585144 -0.14155800640583038 -0.1405549943447113
vn 0.97415798902511597 0.19572700560092926 -0.11272600293159485
vn 0.95396798849105835 0.27576899528503418 -0.11788100004196167
vn 0.72403597831726074 0.68966102600097656 -0.011812999844551086
vn 0.71885800361633301 0.69512498378753662 0.0066300001926720142
vn 0.8148149847984314 0.57779300212860107 -0.04724700003862381
vn 0.88717800378799438 0.45905900001525879 -0.046695001423358917
vn 0.41485100984573364 0.81350398063659668 0.40756699442863464
vn 0.22169999778270721 0.64401000738143921 -0.73218798637390137
vn 0.45381098985671997 -0.81594598293304443 0.35817199945449829
vn 0.16000199317932129 -0.67074799537658691 -0.72422099113464355
f 3569/3569/3569 3570/3570/3570 3561/3561/3561
f 3561/3561/3561 3565/3565/3565 3569/3569/3569
f 3557/3557/3557 3566/3566/3566 3562/3562/3562
f 3562/3562/3562 3558/3558/3558 3557/3557/3557
f 3562/3562/3562 3563/3563/3563 3567/3567/3567
f 3567/3567/3567 3558/3558/3558 3562/3562/3562
f 3568/3568/3568 3564/3564/3564 3560/3560/3560
f 3560/3560/3560 3559/3559/3559 3568/3568/3568
f 3565/3565/3565 3561/3561/3561 3566/3566/3566
f 3566/3566/3566 3557/3557/3557 3565/3565/3565
f 3568/3568/3568 3559/3559/3559 3567/3567/3567
f 3567/3567/3567 3563/3563/3563 3568/3568/3568
f 3585/3585/3585 3586/3586/3586 3587/3587/3587
f 3587/3587/3587 3588/3588/3588 3585/3585/3585
f 3589/3589/3589 3590/3590/3590 3591/3591/3591
f 3591/3591/3591 3592/3592/3592 3589/3589/3589
f 3593/3593/3593 3594/3594/3594 3589/3589/3589
f 3589/3589/3589 3592/3592/3592 3593/3593/3593
f 3595/3595/3595 3596/3596/3596 3597/3597/3597
f 3597/3597/3597 3598/3598/3598 3595/3595/3595
f 3590/3590/3590 3585/3585/3585 3588/3588/3588
f 3588/3588/3588 3591/3591/3591 3590/3590/3590
f 3593/3593/3593 3598/3598/3598 3597/3597/3597
f 3597/3597/3597 3594/3594/3594 3593/3593/3593
f 3565/3565/3565 3579/3579/3579 3599/3599/3599
f 3599/3599/3599 3569/3569/3569 3565/3565/3565
f 3570/3570/3570 3600/3600/3600 3575/3575/3575
f 3575/3575/3575 3561/3561/3561 3570/3570/3570
f 3569/3569/3569 3583/3583/3583 3584/3584/3584
f 3584/3584/3584 3570/3570/3570 3569/3569/3569
f 3558/3558/3558 3572/3572/3572 3571/3571/3571
f 3571/3571/3571 3557/3557/3557 3558/3558/3558
f 3566/3566/3566 3580/3580/3580 3576/3576/3576
f 3576/3576/3576 3562/3562/3562 3566/3566/3566
f 3567/3567/3567 3581/3581/3581 3572/3572/3572
f 3572/3572/3572 3558/3558/3558 3567/3567/3567
f 3562/3562/3562 3576/3576/3576 3577/3577/3577
f 3577/3577/3577 3563/3563/3563 3562/3562/3562
f 3560/3560/3560 3601/3601/3601 3573/3573/3573
f 3573/3573/3573 3559/3559/3559 3560/3560/3560
f 3564/3564/3564 3602/3602/3602 3574/3574/3574
f 3574/3574/3574 3560/3560/3560 3564/3564/3564
f 3568/3568/3568 3582/3582/3582 3578/3578/3578
f 3578/3578/3578 3564/3564/3564 3568/3568/3568
f 3557/3557/3557 3571/3571/3571 3579/3579/3579
f 3579/3579/3579 3565/3565/3565 3557/3557/3557
f 3561/3561/3561 3575/3575/3575 3580/3580/3580
f 3580/3580/3580 3566/3566/3566 3561/3561/3561
f 3563/3563/3563 3577/3577/3577 3582/3582/3582
f 3582/3582/3582 3568/3568/3568 3563/3563/3563
f 3559/3559/3559 3573/3573/3573 3581/3581/3581
f 3581/3581/3581 3567/3567/3567 3559/3559/3559
g PV-M4A1_S_BornBeast_Classic_M4A1S_BornBeast01
usemtl M4A1S_BornBeast01
v 1.2212079763412476 -5.8335671424865723 3.4913859367370605
v 1.2212029695510864 -5.8335690498352051 2.0718119144439697
v 1.2212040424346924 -4.3276758193969727 2.7274219989776611
v 1.2212070226669312 -4.5224828720092773 3.4913830757141113
v 1.2212049961090088 -4.5224838256835938 2.9523038864135742
v 1.2212079763412476 -6.8019862174987793 3.6432769298553467
v 1.2212100028991699 -8.0189533233642578 3.9888460636138916
v 1.2212029695510864 -4.3276767730712891 2.0718100070953369
v 1.2212040424346924 -7.0371990203857422 2.2150909900665283
v 1.2212059497833252 -8.3458747863769531 2.5877621173858643
v 1.738211989402771 -6.8019862174987793 3.6432759761810303
v 1.738211989402771 -8.0189533233642578 3.9888451099395752
v 1.738211989402771 -5.8335671424865723 3.4913849830627441
v 1.738211989402771 -5.8335690498352051 2.0718119144439697
v 1.738211989402771 -4.3276758193969727 2.7274210453033447
v 1.738211989402771 -4.5224828720092773 3.4913830757141113
v 1.738211989402771 -4.5224838256835938 2.9523029327392578
v 1.738211989402771 -4.3276758193969727 2.0718090534210205
v 1.738211989402771 -7.0371990203857422 2.2150909900665283
v 1.738211989402771 -8.3458747863769531 2.5877609252929688
v 1.2212100028991699 -8.0189533233642578 3.9888460636138916
v 1.2212079763412476 -6.8019862174987793 3.6432769298553467
v 1.2212049961090088 -4.5224838256835938 2.9523038864135742
v 1.2212079763412476 -5.8335671424865723 3.4913859367370605
v 1.2212070226669312 -4.5224828720092773 3.4913830757141113
v 1.2212040424346924 -4.3276758193969727 2.7274219989776611
v 1.2212059497833252 -8.3458747863769531 2.5877621173858643
v 1.738211989402771 -8.3458747863769531 2.5877609252929688
v 1.738211989402771 -8.0189533233642578 3.9888451099395752
v 1.2212100028991699 -8.0189533233642578 3.9888460636138916
v 1.738211989402771 -5.8335671424865723 3.4913849830627441
v 1.738211989402771 -4.5224828720092773 3.4913830757141113
v 1.2212070226669312 -4.5224828720092773 3.4913830757141113
v 1.738211989402771 -4.5224828720092773 3.4913830757141113
v 1.738211989402771 -4.5224838256835938 2.9523029327392578
v 1.738211989402771 -4.3276758193969727 2.7274210453033447
v 1.738211989402771 -4.3276758193969727 2.0718090534210205
v 1.2212029695510864 -4.3276767730712891 2.0718100070953369
v 1.738211989402771 -8.0189533233642578 3.9888451099395752
v 1.738211989402771 -6.8019862174987793 3.6432759761810303
v 1.738211989402771 -5.8335690498352051 2.0718119144439697
v 1.738211989402771 -4.3276758193969727 2.0718090534210205
v 1.738211989402771 -7.0371990203857422 2.2150909900665283
v 1.738211989402771 -8.3458747863769531 2.5877609252929688
vt 0.88199102878570557 0.16362500190734863
vt 0.96926301717758179 0.17303597927093506
vt 0.92718601226806641 0.26617801189422607
vt 0.88334298133850098 0.26681101322174072
vt 0.9115939736366272 0.26640301942825317
vt 0.88201099634170532 0.10970598459243774
vt 0.88203698396682739 0.040024995803833008
vt 0.96195799112319946 0.26376098394393921
vt 0.96866798400878906 0.10802501440048218
vt 0.9590650200843811 0.034537017345428467
vt 0.89307302236557007 0.11146801710128784
vt 0.88372498750686646 0.042101025581359863
vt 0.89528101682662964 0.16597402095794678
vt 0.96926301717758179 0.17303597927093506
vt 0.92751002311706543 0.26105600595474243
vt 0.88813400268554688 0.24717098474502563
vt 0.91644102334976196 0.24978601932525635
vt 0.96195697784423828 0.26376098394393921
vt 0.96866798400878906 0.10802501440048218
vt 0.9590650200843811 0.034537017345428467
vt 0.88372498750686646 0.042101025581359863
vt 0.89307302236557007 0.11146801710128784
vt 0.91644197702407837 0.24978601932525635
vt 0.89528101682662964 0.16597402095794678
vt 0.88813400268554688 0.24717098474502563
vt 0.92751002311706543 0.26105600595474243
vt 0.96030700206756592 0.031020998954772949
vt 0.95751899480819702 0.0040670037269592285
vt 0.88251399993896484 0.011825025081634521
vt 0.88530099391937256 0.038778007030487061
vt 0.85489398241043091 0.16361498832702637
vt 0.85486400127410889 0.24481797218322754
vt 0.88195997476577759 0.2448279857635498
vt 0.88373398780822754 0.29390597343444824
vt 0.91198498010635376 0.29349797964096069
vt 0.92757701873779297 0.29327201843261719
vt 0.96193498373031616 0.29277598857879639
vt 0.9615439772605896 0.26568198204040527
vt 0.85493999719619751 0.040014982223510742
vt 0.85491400957107544 0.10969597101211548
vt 0.99624001979827881 0.173878014087677
vt 0.98917800188064575 0.26570302248001099
vt 0.99548202753067017 0.10629498958587646
vt 0.98628497123718262 0.031332015991210938
vn 1.9999999949504854E-06 0.077711001038551331 0.99697601795196533
vn -0.69402199983596802 -0.042626999318599701 -0.71869099140167236
vn 0 0.93697398900985718 0.34940001368522644
vn -0 1 -1.9999999949504854E-06
vn 0 0.936972975730896 0.34940099716186523
vn 1.9999999949504854E-06 0.21444800496101379 0.97673499584197998
vn 9.9999999747524271E-07 0.27316001057624817 0.96196901798248291
vn -0.7071080207824707 -9.9999999747524271E-07 -0.70710599422454834
vn -0.68966901302337646 -0.14240899682044983 -0.70998299121856689
vn -0.7177090048789978 -0.1907150000333786 -0.66971701383590698
vn 1 0 -0
vn 1 0 -0
vn 1 -0 -0
vn 0.69401997327804565 -0.042626000940799713 -0.71869301795959473
vn 1 0 -0
vn 1 0 -0
vn 1 0 -0
vn 0.70710599422454834 -9.9999999747524271E-07 -0.7071080207824707
vn 0.6896669864654541 -0.14240899682044983 -0.70998597145080566
vn 0.71770697832107544 -0.1907150000333786 -0.66971898078918457
vn -1 -0 3.0000001061125658E-06
vn -1 -0 3.0000001061125658E-06
vn -1 -9.9999999747524271E-07 3.0000001061125658E-06
vn -1 -0 3.0000001061125658E-06
vn -1 -0 3.0000001061125658E-06
vn -1 -1.9999999949504854E-06 3.0000001061125658E-06
vn 0 -0.97384101152420044 0.22723199427127838
vn 0 -0.97384101152420044 0.22723199427127838
vn 9.9999999747524271E-07 -0.97384101152420044 0.22723099589347839
vn 9.9999999747524271E-07 -0.97384101152420044 0.22723099589347839
vn 1.9999999949504854E-06 0.077711001038551331 0.99697601795196533
vn 1.9999999949504854E-06 1.9999999949504854E-06 1
vn 1.9999999949504854E-06 1.9999999949504854E-06 1
vn -0 1 -1.9999999949504854E-06
vn 0 0.93697398900985718 0.34940001368522644
vn 0 0.93697398900985718 0.34940001368522644
vn -9.9999999747524271E-07 1 -9.9999999747524271E-07
vn -0 1 -9.9999999747524271E-07
vn 9.9999999747524271E-07 0.27316001057624817 0.96196901798248291
vn 1.9999999949504854E-06 0.21444800496101379 0.97673499584197998
vn 0.69401997327804565 -0.042626000940799713 -0.71869301795959473
vn 0.70710599422454834 -9.9999999747524271E-07 -0.7071080207824707
vn 0.6896669864654541 -0.14240899682044983 -0.70998597145080566
vn 0.71770697832107544 -0.1907150000333786 -0.66971898078918457
f 3612/3612/3612 3623/3623/3623 3624/3624/3624
f 3624/3624/3624 3611/3611/3611 3612/3612/3612
f 3625/3625/3625 3604/3604/3604 3626/3626/3626
f 3626/3626/3626 3627/3627/3627 3625/3625/3625
f 3611/3611/3611 3624/3624/3624 3626/3626/3626
f 3626/3626/3626 3604/3604/3604 3611/3611/3611
f 3625/3625/3625 3628/3628/3628 3610/3610/3610
f 3610/3610/3610 3604/3604/3604 3625/3625/3625
f 3629/3629/3629 3630/3630/3630 3631/3631/3631
f 3631/3631/3631 3632/3632/3632 3629/3629/3629
f 3633/3633/3633 3634/3634/3634 3635/3635/3635
f 3635/3635/3635 3603/3603/3603 3633/3633/3633
f 3636/3636/3636 3637/3637/3637 3607/3607/3607
f 3607/3607/3607 3606/3606/3606 3636/3636/3636
f 3638/3638/3638 3639/3639/3639 3640/3640/3640
f 3640/3640/3640 3605/3605/3605 3638/3638/3638
f 3637/3637/3637 3638/3638/3638 3605/3605/3605
f 3605/3605/3605 3607/3607/3607 3637/3637/3637
f 3608/3608/3608 3609/3609/3609 3641/3641/3641
f 3641/3641/3641 3642/3642/3642 3608/3608/3608
f 3642/3642/3642 3633/3633/3633 3603/3603/3603
f 3603/3603/3603 3608/3608/3608 3642/3642/3642
f 3643/3643/3643 3604/3604/3604 3610/3610/3610
f 3610/3610/3610 3644/3644/3644 3643/3643/3643
f 3645/3645/3645 3611/3611/3611 3604/3604/3604
f 3604/3604/3604 3643/3643/3643 3645/3645/3645
f 3612/3612/3612 3611/3611/3611 3645/3645/3645
f 3645/3645/3645 3646/3646/3646 3612/3612/3612
f 3622/3622/3622 3621/3621/3621 3613/3613/3613
f 3613/3613/3613 3614/3614/3614 3622/3622/3622
f 3619/3619/3619 3618/3618/3618 3615/3615/3615
f 3615/3615/3615 3616/3616/3616 3619/3619/3619
f 3621/3621/3621 3616/3616/3616 3615/3615/3615
f 3615/3615/3615 3613/3613/3613 3621/3621/3621
f 3619/3619/3619 3616/3616/3616 3620/3620/3620
f 3620/3620/3620 3617/3617/3617 3619/3619/3619
