// Created by CrowbarDecompiler 0.71
version 1
nodes
  0 "Kukri" -1
  1 "Dummy002" -1
  2 "ValveBiped.Bip01_L_UpperArm" 1
  3 "ValveBiped.Bip01_L_Forearm" 2
  4 "ValveBiped.Bip01_L_Hand" 3
  5 "ValveBiped.Bip01_L_Finger4" 4
  6 "ValveBiped.Bip01_L_Finger41" 5
  7 "ValveBiped.Bip01_L_Finger42" 6
  8 "v_weapon.Bip01_L_Finger42" 7
  9 "v_weapon.Bip01_L_Finger41" 6
  10 "v_weapon.Bip01_L_Finger4" 5
  11 "ValveBiped.Bip01_L_Finger3" 4
  12 "ValveBiped.Bip01_L_Finger31" 11
  13 "ValveBiped.Bip01_L_Finger32" 12
  14 "v_weapon.Bip01_L_Finger32" 13
  15 "v_weapon.Bip01_L_Finger31" 12
  16 "v_weapon.Bip01_L_Finger3" 11
  17 "ValveBiped.Bip01_L_Finger2" 4
  18 "ValveBiped.Bip01_L_Finger21" 17
  19 "ValveBiped.Bip01_L_Finger22" 18
  20 "v_weapon.Bip01_L_Finger22" 19
  21 "v_weapon.Bip01_L_Finger21" 18
  22 "v_weapon.Bip01_L_Finger2" 17
  23 "ValveBiped.Bip01_L_Finger1" 4
  24 "ValveBiped.Bip01_L_Finger11" 23
  25 "ValveBiped.Bip01_L_Finger12" 24
  26 "v_weapon.Bip01_L_Finger12" 25
  27 "v_weapon.Bip01_L_Finger11" 24
  28 "v_weapon.Bip01_L_Finger1" 23
  29 "ValveBiped.Bip01_L_Finger0" 4
  30 "ValveBiped.Bip01_L_Finger01" 29
  31 "ValveBiped.Bip01_L_Finger02" 30
  32 "v_weapon.Bip01_L_Finger02" 31
  33 "v_weapon.Bip01_L_Finger01" 30
  34 "v_weapon.Bip01_L_Finger0" 29
  35 "v_weapon.Bip01_L_Hand" 4
  36 "ValveBiped.Bip01_L_Driven_ulna" 3
  37 "v_weapon.Bip01_L_ForeTwist" 36
  38 "v_weapon.Bip01_L_Forearm" 36
  39 "Dummy001" -1
  40 "ValveBiped.Bip01_R_UpperArm" 39
  41 "ValveBiped.Bip01_R_Forearm" 40
  42 "ValveBiped.Bip01_R_Hand" 41
  43 "ValveBiped.Bip01_R_Finger4" 42
  44 "ValveBiped.Bip01_R_Finger41" 43
  45 "ValveBiped.Bip01_R_Finger42" 44
  46 "v_weapon.Bip01_R_Finger42" 45
  47 "v_weapon.Bip01_R_Finger41" 44
  48 "v_weapon.Bip01_R_Finger4" 43
  49 "ValveBiped.Bip01_R_Finger3" 42
  50 "ValveBiped.Bip01_R_Finger31" 49
  51 "ValveBiped.Bip01_R_Finger32" 50
  52 "v_weapon.Bip01_R_Finger32" 51
  53 "v_weapon.Bip01_R_Finger31" 50
  54 "v_weapon.Bip01_R_Finger3" 49
  55 "ValveBiped.Bip01_R_Finger2" 42
  56 "ValveBiped.Bip01_R_Finger21" 55
  57 "ValveBiped.Bip01_R_Finger22" 56
  58 "v_weapon.Bip01_R_Finger22" 57
  59 "v_weapon.Bip01_R_Finger21" 56
  60 "v_weapon.Bip01_R_Finger2" 55
  61 "ValveBiped.Bip01_R_Finger1" 42
  62 "ValveBiped.Bip01_R_Finger11" 61
  63 "ValveBiped.Bip01_R_Finger12" 62
  64 "v_weapon.Bip01_R_Finger12" 63
  65 "v_weapon.Bip01_R_Finger11" 62
  66 "v_weapon.Bip01_R_Finger1" 61
  67 "ValveBiped.Bip01_R_Finger0" 42
  68 "ValveBiped.Bip01_R_Finger01" 67
  69 "ValveBiped.Bip01_R_Finger02" 68
  70 "v_weapon.Bip01_R_Finger02" 69
  71 "v_weapon.Bip01_R_Finger01" 68
  72 "v_weapon.Bip01_R_Finger0" 67
  73 "v_weapon.Bip01_R_Hand" 42
  74 "ValveBiped.Bip01_R_Driven_ulna" 41
  75 "v_weapon.Bip01_R_Forearm" 74
  76 "v_weapon.Bip01_R_ForeTwist" 74
end
skeleton
  time 0
    0 -13.313824 4.720600 8.209144 0.057396 -1.242782 3.281532
    1 7.820313 -3.039063 -8.804688 -1.082104 0.087263 -1.570797
    2 -0.000001 0.000002 0.000000 0.017818 0.035797 0.796610
    3 10.907404 0.000001 -0.000001 0.000000 0.000025 -0.946565
    4 10.424325 -0.000011 -0.000033 2.507843 0.174217 -0.133358
    5 2.997275 0.005409 -1.477475 0.000000 0.000000 -0.287977
    6 1.510384 -0.000004 0.000000 0.000000 0.000000 -0.506144
    7 0.808659 -0.000001 0.000001 0.000000 0.000000 -0.471238
    8 -0.005463 0.010882 0.011922 -3.130701 -0.002586 -0.018476
    9 -0.001080 -0.005339 -0.002780 -3.138880 -0.004640 0.012721
    10 -0.019963 -0.004463 0.017139 3.137685 -0.000240 0.002472
    11 3.305800 0.203115 -0.546730 0.000000 0.000000 -0.305433
    12 1.807178 0.000000 -0.000004 0.000000 0.000000 -0.453785
    13 0.966141 0.000003 -0.000001 0.000000 0.000000 -0.314158
    14 -0.002205 0.006298 0.000417 3.133979 -0.003058 0.005338
    15 0.007872 0.003559 -0.000436 -3.124798 -0.001004 0.009074
    16 0.012690 -0.008244 0.010269 -3.131666 0.016691 0.012264
    17 3.571513 0.109304 0.409580 0.000000 0.000000 -0.244345
    18 2.150648 0.000002 -0.000003 0.000000 0.000000 -0.479966
    19 1.152746 -0.000003 0.000003 0.000000 0.000000 -0.340337
    20 0.000419 0.016150 0.002405 3.136320 -0.007304 -0.003105
    21 0.001816 -0.009672 -0.007393 3.139013 -0.008631 -0.008588
    22 -0.003752 -0.011593 -0.001195 3.133090 0.002976 0.014444
    23 3.684098 -0.158697 1.419183 0.000000 0.000000 -0.069812
    24 1.701014 0.000004 0.000004 0.000000 0.000000 -0.418878
    25 0.994714 -0.000002 -0.000008 0.000000 0.000000 -0.174532
    26 0.021160 0.011093 -0.004108 -3.137926 -0.002080 -0.001153
    27 -0.003428 0.010128 -0.008341 -3.140832 -0.004146 -0.019238
    28 0.004127 0.010881 0.000767 3.138806 -0.003164 -0.013821
    29 1.068074 -1.287202 0.981906 1.988092 -0.717834 -0.545799
    30 1.836308 -0.000001 0.000002 0.031406 -0.185509 -0.353979
    31 1.223949 -0.000002 0.000002 0.021546 -0.034467 -0.362542
    32 -0.012758 0.013269 0.005633 -3.132442 0.011957 -0.016684
    33 0.003252 0.002937 0.004907 3.134101 -0.012025 0.011384
    34 0.017597 0.001415 -0.271330 3.132743 -0.094250 -0.000348
    35 -0.034845 0.015532 -0.006371 -3.119476 -0.012752 0.011827
    36 6.868289 0.000003 0.000003 1.848166 0.037595 0.156306
    37 -6.002364 -0.460211 -0.868646 -0.695749 -0.131805 0.077518
    38 -6.002752 -0.459276 -0.867383 -0.699507 -0.131813 0.077097
    39 -10.921875 -4.957031 -11.492188 -1.570794 0.087264 -1.570796
    40 -0.000001 -0.000002 0.000004 0.074434 0.149029 -1.675830
    41 10.907397 0.000000 -0.000001 -0.000346 -0.000019 -0.944833
    42 10.424307 0.000001 0.000016 -1.319210 0.005795 0.659249
    43 2.997296 0.000062 1.477484 0.000000 0.000000 -1.038469
    44 1.510386 -0.000002 0.000000 0.000000 0.000000 -0.846484
    45 0.808652 0.000001 -0.000003 -0.119283 0.003523 -1.747148
    46 -0.010181 0.001544 -0.002427 3.133438 0.004938 -0.014530
    47 -0.007761 0.000776 -0.012938 -3.140949 0.009512 -0.002789
    48 -0.003515 0.022163 -0.007593 -3.131007 0.004989 -0.015563
    49 3.305811 0.201132 0.547463 0.105764 -0.028116 -1.071979
    50 1.807181 -0.000005 -0.000002 0.025091 -0.090975 -1.128935
    51 0.966146 0.000000 0.000000 0.000000 0.000000 -1.579521
    52 -0.004041 0.002991 -0.002260 -3.129316 0.007469 -0.002160
    53 -0.016014 -0.012525 -0.005755 -3.127586 -0.003209 -0.007102
    54 -0.010741 -0.015351 -0.005964 -3.141244 -0.014366 0.013993
    55 3.571526 0.110787 -0.409180 0.049846 -0.139786 -1.076866
    56 2.150658 0.000000 0.000000 0.000000 0.000000 -1.884952
    57 1.152748 0.000002 -0.000001 0.000000 0.000000 -1.038446
    58 -0.009424 0.003368 0.009511 3.138994 -0.007577 -0.001092
    59 -0.009795 0.006993 0.001619 3.137400 -0.006826 0.001062
    60 -0.005070 0.017085 0.007624 3.135509 0.005211 0.001477
    61 3.684113 -0.153569 -1.419744 -0.096816 -0.253004 -0.554907
    62 1.701014 -0.000001 0.000000 0.000000 0.000000 -1.867498
    63 0.994705 -0.000004 0.000000 0.000000 0.000000 -0.715585
    64 0.015236 0.000657 -0.012633 3.136885 0.014164 0.000018
    65 -0.014324 -0.018461 0.000846 -3.134644 0.013210 0.007851
    66 -0.020566 0.000650 -0.004019 -3.126894 -0.002595 -0.013678
    67 1.068097 -1.283652 -0.986552 -2.099602 0.354164 -0.554602
    68 1.836308 -0.000002 0.000001 0.083362 -0.004879 -0.597428
    69 1.223948 0.000001 -0.000002 -0.030976 -0.071338 -0.420800
    70 -0.026768 0.000412 0.021024 -3.135050 0.011560 0.031832
    71 -0.030946 0.015453 0.007155 3.126687 -0.014474 -0.013279
    72 0.024326 0.034636 0.000721 -3.121606 0.015525 0.030344
    73 -0.046000 0.019587 0.021797 3.134639 0.020864 -0.001670
    74 6.694322 0.000002 0.000001 -1.223737 -0.122763 0.104400
    75 -6.579163 -0.452807 0.914976 1.390020 0.137634 0.072730
    76 -6.553783 -0.454803 0.900534 1.387994 0.108045 0.086436
  time 1
    0 -12.005190 1.540815 7.541155 0.093801 -1.284515 3.261901
    1 7.820313 -3.039063 -8.804688 -1.082104 0.087263 -1.570797
    2 -0.000001 0.000002 0.000000 0.017818 0.035797 0.796610
    3 10.907404 0.000001 -0.000001 0.000000 0.000025 -0.946565
    4 10.424325 -0.000011 -0.000033 2.507843 0.174217 -0.133358
    5 2.997275 0.005409 -1.477475 0.000000 0.000000 -0.287977
    6 1.510384 -0.000004 0.000000 0.000000 0.000000 -0.506144
    7 0.808659 -0.000001 0.000001 0.000000 0.000000 -0.471238
    8 -0.005463 0.010882 0.011922 -3.130701 -0.002586 -0.018476
    9 -0.001080 -0.005339 -0.002780 -3.138880 -0.004640 0.012721
    10 -0.019963 -0.004463 0.017139 3.137685 -0.000240 0.002472
    11 3.305800 0.203115 -0.546730 0.000000 0.000000 -0.305433
    12 1.807178 0.000000 -0.000004 0.000000 0.000000 -0.453785
    13 0.966141 0.000003 -0.000001 0.000000 0.000000 -0.314158
    14 -0.002205 0.006298 0.000417 3.133979 -0.003058 0.005338
    15 0.007872 0.003559 -0.000436 -3.124798 -0.001004 0.009074
    16 0.012690 -0.008244 0.010269 -3.131666 0.016691 0.012264
    17 3.571513 0.109304 0.409580 0.000000 0.000000 -0.244345
    18 2.150648 0.000002 -0.000003 0.000000 0.000000 -0.479966
    19 1.152746 -0.000003 0.000003 0.000000 0.000000 -0.340337
    20 0.000419 0.016150 0.002405 3.136320 -0.007304 -0.003105
    21 0.001816 -0.009672 -0.007393 3.139013 -0.008631 -0.008588
    22 -0.003752 -0.011593 -0.001195 3.133090 0.002976 0.014444
    23 3.684098 -0.158697 1.419183 0.000000 0.000000 -0.069812
    24 1.701014 0.000004 0.000004 0.000000 0.000000 -0.418878
    25 0.994714 -0.000002 -0.000008 0.000000 0.000000 -0.174532
    26 0.021160 0.011093 -0.004108 -3.137926 -0.002080 -0.001153
    27 -0.003428 0.010128 -0.008341 -3.140832 -0.004146 -0.019238
    28 0.004127 0.010881 0.000767 3.138806 -0.003164 -0.013821
    29 1.068074 -1.287202 0.981906 1.988092 -0.717834 -0.545799
    30 1.836308 -0.000001 0.000002 0.031406 -0.185509 -0.353979
    31 1.223949 -0.000002 0.000002 0.021546 -0.034467 -0.362542
    32 -0.012758 0.013269 0.005633 -3.132442 0.011957 -0.016684
    33 0.003252 0.002937 0.004907 3.134101 -0.012025 0.011384
    34 0.017597 0.001415 -0.271330 3.132743 -0.094250 -0.000348
    35 -0.034845 0.015532 -0.006371 -3.119476 -0.012752 0.011827
    36 6.868289 0.000003 0.000003 1.848166 0.037595 0.156306
    37 -6.002364 -0.460211 -0.868646 -0.695749 -0.131805 0.077518
    38 -6.002752 -0.459276 -0.867383 -0.699507 -0.131813 0.077097
    39 -10.921875 -4.957031 -11.492188 -1.570794 0.087264 -1.570796
    40 -0.000001 -0.000002 0.000004 0.068029 0.092668 -1.352900
    41 10.907397 0.000000 -0.000001 -0.000346 -0.000019 -1.299349
    42 10.424307 0.000001 0.000016 -1.264341 0.021427 0.678702
    43 2.997296 0.000062 1.477484 0.000000 0.000000 -1.038469
    44 1.510386 -0.000002 0.000000 0.000000 0.000000 -0.846484
    45 0.808652 0.000001 -0.000003 -0.119283 0.003523 -1.747148
    46 -0.010181 0.001544 -0.002427 3.133438 0.004938 -0.014530
    47 -0.007761 0.000776 -0.012938 -3.140949 0.009512 -0.002789
    48 -0.003515 0.022163 -0.007593 -3.131007 0.004989 -0.015563
    49 3.305811 0.201132 0.547463 0.105764 -0.028116 -1.071979
    50 1.807181 -0.000005 -0.000002 0.025091 -0.090975 -1.128935
    51 0.966146 0.000000 0.000000 0.000000 0.000000 -1.579521
    52 -0.004041 0.002991 -0.002260 -3.129316 0.007469 -0.002160
    53 -0.016014 -0.012525 -0.005755 -3.127586 -0.003209 -0.007102
    54 -0.010741 -0.015351 -0.005964 -3.141244 -0.014366 0.013993
    55 3.571526 0.110787 -0.409180 0.049846 -0.139786 -1.076866
    56 2.150658 0.000000 0.000000 0.000000 0.000000 -1.884952
    57 1.152748 0.000002 -0.000001 0.000000 0.000000 -1.038446
    58 -0.009424 0.003368 0.009511 3.138994 -0.007577 -0.001092
    59 -0.009795 0.006993 0.001619 3.137400 -0.006826 0.001062
    60 -0.005070 0.017085 0.007624 3.135509 0.005211 0.001477
    61 3.684113 -0.153569 -1.419744 -0.096816 -0.253004 -0.554907
    62 1.701014 -0.000001 0.000000 0.000000 0.000000 -1.867498
    63 0.994705 -0.000004 0.000000 0.000000 0.000000 -0.715585
    64 0.015236 0.000657 -0.012633 3.136885 0.014164 0.000018
    65 -0.014324 -0.018461 0.000846 -3.134644 0.013210 0.007851
    66 -0.020566 0.000650 -0.004019 -3.126894 -0.002595 -0.013678
    67 1.068097 -1.283652 -0.986552 -2.099602 0.354164 -0.554602
    68 1.836308 -0.000002 0.000001 0.083362 -0.004879 -0.597428
    69 1.223948 0.000001 -0.000002 -0.030976 -0.071338 -0.420800
    70 -0.026768 0.000412 0.021024 -3.135050 0.011560 0.031832
    71 -0.030946 0.015453 0.007155 3.126687 -0.014474 -0.013279
    72 0.024326 0.034636 0.000721 -3.121606 0.015525 0.030344
    73 -0.046000 0.019587 0.021797 3.134639 0.020864 -0.001670
    74 6.694322 0.000002 0.000001 -1.188617 -0.126347 0.100037
    75 -6.579163 -0.452807 0.914976 1.390020 0.137634 0.072730
    76 -6.553783 -0.454803 0.900534 1.387994 0.108045 0.086436
  time 2
    0 -9.126196 -5.525807 6.064548 0.134521 -1.377372 3.256116
    1 7.820313 -3.039063 -8.804688 -1.082104 0.087263 -1.570797
    2 -0.000001 0.000002 0.000000 0.017818 0.035797 0.796610
    3 10.907404 0.000001 -0.000001 0.000000 0.000025 -0.946565
    4 10.424325 -0.000011 -0.000033 2.507843 0.174217 -0.133358
    5 2.997275 0.005409 -1.477475 0.000000 0.000000 -0.287977
    6 1.510384 -0.000004 0.000000 0.000000 0.000000 -0.506144
    7 0.808659 -0.000001 0.000001 0.000000 0.000000 -0.471238
    8 -0.005463 0.010882 0.011922 -3.130701 -0.002586 -0.018476
    9 -0.001080 -0.005339 -0.002780 -3.138880 -0.004640 0.012721
    10 -0.019963 -0.004463 0.017139 3.137685 -0.000240 0.002472
    11 3.305800 0.203115 -0.546730 0.000000 0.000000 -0.305433
    12 1.807178 0.000000 -0.000004 0.000000 0.000000 -0.453785
    13 0.966141 0.000003 -0.000001 0.000000 0.000000 -0.314158
    14 -0.002205 0.006298 0.000417 3.133979 -0.003058 0.005338
    15 0.007872 0.003559 -0.000436 -3.124798 -0.001004 0.009074
    16 0.012690 -0.008244 0.010269 -3.131666 0.016691 0.012264
    17 3.571513 0.109304 0.409580 0.000000 0.000000 -0.244345
    18 2.150648 0.000002 -0.000003 0.000000 0.000000 -0.479966
    19 1.152746 -0.000003 0.000003 0.000000 0.000000 -0.340337
    20 0.000419 0.016150 0.002405 3.136320 -0.007304 -0.003105
    21 0.001816 -0.009672 -0.007393 3.139013 -0.008631 -0.008588
    22 -0.003752 -0.011593 -0.001195 3.133090 0.002976 0.014444
    23 3.684098 -0.158697 1.419183 0.000000 0.000000 -0.069812
    24 1.701014 0.000004 0.000004 0.000000 0.000000 -0.418878
    25 0.994714 -0.000002 -0.000008 0.000000 0.000000 -0.174532
    26 0.021160 0.011093 -0.004108 -3.137926 -0.002080 -0.001153
    27 -0.003428 0.010128 -0.008341 -3.140832 -0.004146 -0.019238
    28 0.004127 0.010881 0.000767 3.138806 -0.003164 -0.013821
    29 1.068074 -1.287202 0.981906 1.988092 -0.717834 -0.545799
    30 1.836308 -0.000001 0.000002 0.031406 -0.185509 -0.353979
    31 1.223949 -0.000002 0.000002 0.021546 -0.034467 -0.362542
    32 -0.012758 0.013269 0.005633 -3.132442 0.011957 -0.016684
    33 0.003252 0.002937 0.004907 3.134101 -0.012025 0.011384
    34 0.017597 0.001415 -0.271330 3.132743 -0.094250 -0.000348
    35 -0.034845 0.015532 -0.006371 -3.119476 -0.012752 0.011827
    36 6.868289 0.000003 0.000003 1.848166 0.037595 0.156306
    37 -6.002364 -0.460211 -0.868646 -0.695749 -0.131805 0.077518
    38 -6.002752 -0.459276 -0.867383 -0.699507 -0.131813 0.077097
    39 -10.921875 -4.957031 -11.492188 -1.570794 0.087264 -1.570796
    40 -0.000001 -0.000002 0.000004 -0.033337 -0.033273 -0.756217
    41 10.907397 0.000000 -0.000001 -0.000346 -0.000019 -1.620398
    42 10.424307 0.000001 0.000016 -1.222180 0.103401 0.384567
    43 2.997296 0.000062 1.477484 0.000000 0.000000 -1.038469
    44 1.510386 -0.000002 0.000000 0.000000 0.000000 -0.846484
    45 0.808652 0.000001 -0.000003 -0.119283 0.003523 -1.747148
    46 -0.010181 0.001544 -0.002427 3.133438 0.004938 -0.014530
    47 -0.007761 0.000776 -0.012938 -3.140949 0.009512 -0.002789
    48 -0.003515 0.022163 -0.007593 -3.131007 0.004989 -0.015563
    49 3.305811 0.201132 0.547463 0.105764 -0.028116 -1.071979
    50 1.807181 -0.000005 -0.000002 0.025091 -0.090975 -1.128935
    51 0.966146 0.000000 0.000000 0.000000 0.000000 -1.579521
    52 -0.004041 0.002991 -0.002260 -3.129316 0.007469 -0.002160
    53 -0.016014 -0.012525 -0.005755 -3.127586 -0.003209 -0.007102
    54 -0.010741 -0.015351 -0.005964 -3.141244 -0.014366 0.013993
    55 3.571526 0.110787 -0.409180 0.049846 -0.139786 -1.076866
    56 2.150658 0.000000 0.000000 0.000000 0.000000 -1.884952
    57 1.152748 0.000002 -0.000001 0.000000 0.000000 -1.038446
    58 -0.009424 0.003368 0.009511 3.138994 -0.007577 -0.001092
    59 -0.009795 0.006993 0.001619 3.137400 -0.006826 0.001062
    60 -0.005070 0.017085 0.007624 3.135509 0.005211 0.001477
    61 3.684113 -0.153569 -1.419744 -0.096816 -0.253004 -0.554907
    62 1.701014 -0.000001 0.000000 0.000000 0.000000 -1.867498
    63 0.994705 -0.000004 0.000000 0.000000 0.000000 -0.715585
    64 0.015236 0.000657 -0.012633 3.136885 0.014164 0.000018
    65 -0.014324 -0.018461 0.000846 -3.134644 0.013210 0.007851
    66 -0.020566 0.000650 -0.004019 -3.126894 -0.002595 -0.013678
    67 1.068097 -1.283652 -0.986552 -2.099602 0.354164 -0.554602
    68 1.836308 -0.000002 0.000001 0.083362 -0.004879 -0.597428
    69 1.223948 0.000001 -0.000002 -0.030976 -0.071338 -0.420800
    70 -0.026768 0.000412 0.021024 -3.135050 0.011560 0.031832
    71 -0.030946 0.015453 0.007155 3.126687 -0.014474 -0.013279
    72 0.024326 0.034636 0.000721 -3.121606 0.015525 0.030344
    73 -0.046000 0.019587 0.021797 3.134639 0.020864 -0.001670
    74 6.694322 0.000002 0.000001 -1.197294 -0.125472 0.101128
    75 -6.579163 -0.452807 0.914976 1.390020 0.137634 0.072730
    76 -6.553783 -0.454803 0.900534 1.387994 0.108045 0.086436
  time 3
    0 -6.258921 -12.701807 4.560596 0.010577 -1.467068 3.413261
    1 7.820313 -3.039063 -8.804688 -1.082104 0.087263 -1.570797
    2 -0.000001 0.000002 0.000000 0.017818 0.035797 0.796610
    3 10.907404 0.000001 -0.000001 0.000000 0.000025 -0.946565
    4 10.424325 -0.000011 -0.000033 2.507843 0.174217 -0.133358
    5 2.997275 0.005409 -1.477475 0.000000 0.000000 -0.287977
    6 1.510384 -0.000004 0.000000 0.000000 0.000000 -0.506144
    7 0.808659 -0.000001 0.000001 0.000000 0.000000 -0.471238
    8 -0.005463 0.010882 0.011922 -3.130701 -0.002586 -0.018476
    9 -0.001080 -0.005339 -0.002780 -3.138880 -0.004640 0.012721
    10 -0.019963 -0.004463 0.017139 3.137685 -0.000240 0.002472
    11 3.305800 0.203115 -0.546730 0.000000 0.000000 -0.305433
    12 1.807178 0.000000 -0.000004 0.000000 0.000000 -0.453785
    13 0.966141 0.000003 -0.000001 0.000000 0.000000 -0.314158
    14 -0.002205 0.006298 0.000417 3.133979 -0.003058 0.005338
    15 0.007872 0.003559 -0.000436 -3.124798 -0.001004 0.009074
    16 0.012690 -0.008244 0.010269 -3.131666 0.016691 0.012264
    17 3.571513 0.109304 0.409580 0.000000 0.000000 -0.244345
    18 2.150648 0.000002 -0.000003 0.000000 0.000000 -0.479966
    19 1.152746 -0.000003 0.000003 0.000000 0.000000 -0.340337
    20 0.000419 0.016150 0.002405 3.136320 -0.007304 -0.003105
    21 0.001816 -0.009672 -0.007393 3.139013 -0.008631 -0.008588
    22 -0.003752 -0.011593 -0.001195 3.133090 0.002976 0.014444
    23 3.684098 -0.158697 1.419183 0.000000 0.000000 -0.069812
    24 1.701014 0.000004 0.000004 0.000000 0.000000 -0.418878
    25 0.994714 -0.000002 -0.000008 0.000000 0.000000 -0.174532
    26 0.021160 0.011093 -0.004108 -3.137926 -0.002080 -0.001153
    27 -0.003428 0.010128 -0.008341 -3.140832 -0.004146 -0.019238
    28 0.004127 0.010881 0.000767 3.138806 -0.003164 -0.013821
    29 1.068074 -1.287202 0.981906 1.988092 -0.717834 -0.545799
    30 1.836308 -0.000001 0.000002 0.031406 -0.185509 -0.353979
    31 1.223949 -0.000002 0.000002 0.021546 -0.034467 -0.362542
    32 -0.012758 0.013269 0.005633 -3.132442 0.011957 -0.016684
    33 0.003252 0.002937 0.004907 3.134101 -0.012025 0.011384
    34 0.017597 0.001415 -0.271330 3.132743 -0.094250 -0.000348
    35 -0.034845 0.015532 -0.006371 -3.119476 -0.012752 0.011827
    36 6.868289 0.000003 0.000003 1.848166 0.037595 0.156306
    37 -6.002364 -0.460211 -0.868646 -0.695749 -0.131805 0.077518
    38 -6.002752 -0.459276 -0.867383 -0.699507 -0.131813 0.077097
    39 -10.921875 -4.957031 -11.492188 -1.570794 0.087264 -1.570796
    40 -0.000001 -0.000002 0.000004 -0.131453 -0.159511 -0.369906
    41 10.907397 0.000000 -0.000001 -0.000346 -0.000019 -1.407485
    42 10.424307 0.000001 0.000016 -1.304559 0.109833 -0.208652
    43 2.997296 0.000062 1.477484 0.000000 0.000000 -1.038469
    44 1.510386 -0.000002 0.000000 0.000000 0.000000 -0.846484
    45 0.808652 0.000001 -0.000003 -0.119283 0.003523 -1.747148
    46 -0.010181 0.001544 -0.002427 3.133438 0.004938 -0.014530
    47 -0.007761 0.000776 -0.012938 -3.140949 0.009512 -0.002789
    48 -0.003515 0.022163 -0.007593 -3.131007 0.004989 -0.015563
    49 3.305811 0.201132 0.547463 0.105764 -0.028116 -1.071979
    50 1.807181 -0.000005 -0.000002 0.025091 -0.090975 -1.128935
    51 0.966146 0.000000 0.000000 0.000000 0.000000 -1.579521
    52 -0.004041 0.002991 -0.002260 -3.129316 0.007469 -0.002160
    53 -0.016014 -0.012525 -0.005755 -3.127586 -0.003209 -0.007102
    54 -0.010741 -0.015351 -0.005964 -3.141244 -0.014366 0.013993
    55 3.571526 0.110787 -0.409180 0.049846 -0.139786 -1.076866
    56 2.150658 0.000000 0.000000 0.000000 0.000000 -1.884952
    57 1.152748 0.000002 -0.000001 0.000000 0.000000 -1.038446
    58 -0.009424 0.003368 0.009511 3.138994 -0.007577 -0.001092
    59 -0.009795 0.006993 0.001619 3.137400 -0.006826 0.001062
    60 -0.005070 0.017085 0.007624 3.135509 0.005211 0.001477
    61 3.684113 -0.153569 -1.419744 -0.096816 -0.253004 -0.554907
    62 1.701014 -0.000001 0.000000 0.000000 0.000000 -1.867498
    63 0.994705 -0.000004 0.000000 0.000000 0.000000 -0.715585
    64 0.015236 0.000657 -0.012633 3.136885 0.014164 0.000018
    65 -0.014324 -0.018461 0.000846 -3.134644 0.013210 0.007851
    66 -0.020566 0.000650 -0.004019 -3.126894 -0.002595 -0.013678
    67 1.068097 -1.283652 -0.986552 -2.099602 0.354164 -0.554602
    68 1.836308 -0.000002 0.000001 0.083362 -0.004879 -0.597428
    69 1.223948 0.000001 -0.000002 -0.030976 -0.071338 -0.420800
    70 -0.026768 0.000412 0.021024 -3.135050 0.011560 0.031832
    71 -0.030946 0.015453 0.007155 3.126687 -0.014474 -0.013279
    72 0.024326 0.034636 0.000721 -3.121606 0.015525 0.030344
    73 -0.046000 0.019587 0.021797 3.134639 0.020864 -0.001670
    74 6.694322 0.000002 0.000001 -1.244837 -0.120546 0.106964
    75 -6.579163 -0.452807 0.914976 1.390020 0.137634 0.072730
    76 -6.553783 -0.454803 0.900534 1.387994 0.108045 0.086436
  time 4
    0 -4.962006 -16.112067 3.826198 -0.253356 -1.501517 -2.590970
    1 7.820313 -3.039063 -8.804688 -1.082104 0.087263 -1.570797
    2 -0.000001 0.000002 0.000000 0.017818 0.035797 0.796610
    3 10.907404 0.000001 -0.000001 0.000000 0.000025 -0.946565
    4 10.424325 -0.000011 -0.000033 2.507843 0.174217 -0.133358
    5 2.997275 0.005409 -1.477475 0.000000 0.000000 -0.287977
    6 1.510384 -0.000004 0.000000 0.000000 0.000000 -0.506144
    7 0.808659 -0.000001 0.000001 0.000000 0.000000 -0.471238
    8 -0.005463 0.010882 0.011922 -3.130701 -0.002586 -0.018476
    9 -0.001080 -0.005339 -0.002780 -3.138880 -0.004640 0.012721
    10 -0.019963 -0.004463 0.017139 3.137685 -0.000240 0.002472
    11 3.305800 0.203115 -0.546730 0.000000 0.000000 -0.305433
    12 1.807178 0.000000 -0.000004 0.000000 0.000000 -0.453785
    13 0.966141 0.000003 -0.000001 0.000000 0.000000 -0.314158
    14 -0.002205 0.006298 0.000417 3.133979 -0.003058 0.005338
    15 0.007872 0.003559 -0.000436 -3.124798 -0.001004 0.009074
    16 0.012690 -0.008244 0.010269 -3.131666 0.016691 0.012264
    17 3.571513 0.109304 0.409580 0.000000 0.000000 -0.244345
    18 2.150648 0.000002 -0.000003 0.000000 0.000000 -0.479966
    19 1.152746 -0.000003 0.000003 0.000000 0.000000 -0.340337
    20 0.000419 0.016150 0.002405 3.136320 -0.007304 -0.003105
    21 0.001816 -0.009672 -0.007393 3.139013 -0.008631 -0.008588
    22 -0.003752 -0.011593 -0.001195 3.133090 0.002976 0.014444
    23 3.684098 -0.158697 1.419183 0.000000 0.000000 -0.069812
    24 1.701014 0.000004 0.000004 0.000000 0.000000 -0.418878
    25 0.994714 -0.000002 -0.000008 0.000000 0.000000 -0.174532
    26 0.021160 0.011093 -0.004108 -3.137926 -0.002080 -0.001153
    27 -0.003428 0.010128 -0.008341 -3.140832 -0.004146 -0.019238
    28 0.004127 0.010881 0.000767 3.138806 -0.003164 -0.013821
    29 1.068074 -1.287202 0.981906 1.988092 -0.717834 -0.545799
    30 1.836308 -0.000001 0.000002 0.031406 -0.185509 -0.353979
    31 1.223949 -0.000002 0.000002 0.021546 -0.034467 -0.362542
    32 -0.012758 0.013269 0.005633 -3.132442 0.011957 -0.016684
    33 0.003252 0.002937 0.004907 3.134101 -0.012025 0.011384
    34 0.017597 0.001415 -0.271330 3.132743 -0.094250 -0.000348
    35 -0.034845 0.015532 -0.006371 -3.119476 -0.012752 0.011827
    36 6.868289 0.000003 0.000003 1.848166 0.037595 0.156306
    37 -6.002364 -0.460211 -0.868646 -0.695749 -0.131805 0.077518
    38 -6.002752 -0.459276 -0.867383 -0.699507 -0.131813 0.077097
    39 -10.921875 -4.957031 -11.492188 -1.570794 0.087264 -1.570796
    40 -0.000001 -0.000002 0.000004 -0.131994 -0.216094 -0.325764
    41 10.907397 0.000000 -0.000001 -0.000346 -0.000019 -1.109926
    42 10.424307 0.000001 0.000016 -1.336778 0.067238 -0.534570
    43 2.997296 0.000062 1.477484 0.000000 0.000000 -1.038469
    44 1.510386 -0.000002 0.000000 0.000000 0.000000 -0.846484
    45 0.808652 0.000001 -0.000003 -0.119283 0.003523 -1.747148
    46 -0.010181 0.001544 -0.002427 3.133438 0.004938 -0.014530
    47 -0.007761 0.000776 -0.012938 -3.140949 0.009512 -0.002789
    48 -0.003515 0.022163 -0.007593 -3.131007 0.004989 -0.015563
    49 3.305811 0.201132 0.547463 0.105764 -0.028116 -1.071979
    50 1.807181 -0.000005 -0.000002 0.025091 -0.090975 -1.128935
    51 0.966146 0.000000 0.000000 0.000000 0.000000 -1.579521
    52 -0.004041 0.002991 -0.002260 -3.129316 0.007469 -0.002160
    53 -0.016014 -0.012525 -0.005755 -3.127586 -0.003209 -0.007102
    54 -0.010741 -0.015351 -0.005964 -3.141244 -0.014366 0.013993
    55 3.571526 0.110787 -0.409180 0.049846 -0.139786 -1.076866
    56 2.150658 0.000000 0.000000 0.000000 0.000000 -1.884952
    57 1.152748 0.000002 -0.000001 0.000000 0.000000 -1.038446
    58 -0.009424 0.003368 0.009511 3.138994 -0.007577 -0.001092
    59 -0.009795 0.006993 0.001619 3.137400 -0.006826 0.001062
    60 -0.005070 0.017085 0.007624 3.135509 0.005211 0.001477
    61 3.684113 -0.153569 -1.419744 -0.096816 -0.253004 -0.554907
    62 1.701014 -0.000001 0.000000 0.000000 0.000000 -1.867498
    63 0.994705 -0.000004 0.000000 0.000000 0.000000 -0.715585
    64 0.015236 0.000657 -0.012633 3.136885 0.014164 0.000018
    65 -0.014324 -0.018461 0.000846 -3.134644 0.013210 0.007851
    66 -0.020566 0.000650 -0.004019 -3.126894 -0.002595 -0.013678
    67 1.068097 -1.283652 -0.986552 -2.099602 0.354164 -0.554602
    68 1.836308 -0.000002 0.000001 0.083362 -0.004879 -0.597428
    69 1.223948 0.000001 -0.000002 -0.030976 -0.071338 -0.420800
    70 -0.026768 0.000412 0.021024 -3.135050 0.011560 0.031832
    71 -0.030946 0.015453 0.007155 3.126687 -0.014474 -0.013279
    72 0.024326 0.034636 0.000721 -3.121606 0.015525 0.030344
    73 -0.046000 0.019587 0.021797 3.134639 0.020864 -0.001670
    74 6.694322 0.000002 0.000001 -1.244746 -0.120558 0.106952
    75 -6.579163 -0.452807 0.914976 1.390020 0.137634 0.072730
    76 -6.553783 -0.454803 0.900534 1.387994 0.108045 0.086436
  time 5
    0 -4.962006 -16.217539 3.763696 -0.253356 -1.501517 -2.590970
    1 7.820313 -3.039063 -8.804688 -1.082104 0.087263 -1.570797
    2 -0.000001 0.000002 0.000000 0.017818 0.035797 0.796610
    3 10.907404 0.000001 -0.000001 0.000000 0.000025 -0.946565
    4 10.424325 -0.000011 -0.000033 2.507843 0.174217 -0.133358
    5 2.997275 0.005409 -1.477475 0.000000 0.000000 -0.287977
    6 1.510384 -0.000004 0.000000 0.000000 0.000000 -0.506144
    7 0.808659 -0.000001 0.000001 0.000000 0.000000 -0.471238
    8 -0.005463 0.010882 0.011922 -3.130701 -0.002586 -0.018476
    9 -0.001080 -0.005339 -0.002780 -3.138880 -0.004640 0.012721
    10 -0.019963 -0.004463 0.017139 3.137685 -0.000240 0.002472
    11 3.305800 0.203115 -0.546730 0.000000 0.000000 -0.305433
    12 1.807178 0.000000 -0.000004 0.000000 0.000000 -0.453785
    13 0.966141 0.000003 -0.000001 0.000000 0.000000 -0.314158
    14 -0.002205 0.006298 0.000417 3.133979 -0.003058 0.005338
    15 0.007872 0.003559 -0.000436 -3.124798 -0.001004 0.009074
    16 0.012690 -0.008244 0.010269 -3.131666 0.016691 0.012264
    17 3.571513 0.109304 0.409580 0.000000 0.000000 -0.244345
    18 2.150648 0.000002 -0.000003 0.000000 0.000000 -0.479966
    19 1.152746 -0.000003 0.000003 0.000000 0.000000 -0.340337
    20 0.000419 0.016150 0.002405 3.136320 -0.007304 -0.003105
    21 0.001816 -0.009672 -0.007393 3.139013 -0.008631 -0.008588
    22 -0.003752 -0.011593 -0.001195 3.133090 0.002976 0.014444
    23 3.684098 -0.158697 1.419183 0.000000 0.000000 -0.069812
    24 1.701014 0.000004 0.000004 0.000000 0.000000 -0.418878
    25 0.994714 -0.000002 -0.000008 0.000000 0.000000 -0.174532
    26 0.021160 0.011093 -0.004108 -3.137926 -0.002080 -0.001153
    27 -0.003428 0.010128 -0.008341 -3.140832 -0.004146 -0.019238
    28 0.004127 0.010881 0.000767 3.138806 -0.003164 -0.013821
    29 1.068074 -1.287202 0.981906 1.988092 -0.717834 -0.545799
    30 1.836308 -0.000001 0.000002 0.031406 -0.185509 -0.353979
    31 1.223949 -0.000002 0.000002 0.021546 -0.034467 -0.362542
    32 -0.012758 0.013269 0.005633 -3.132442 0.011957 -0.016684
    33 0.003252 0.002937 0.004907 3.134101 -0.012025 0.011384
    34 0.017597 0.001415 -0.271330 3.132743 -0.094250 -0.000348
    35 -0.034845 0.015532 -0.006371 -3.119476 -0.012752 0.011827
    36 6.868289 0.000003 0.000003 1.848166 0.037595 0.156306
    37 -6.002364 -0.460211 -0.868646 -0.695749 -0.131805 0.077518
    38 -6.002752 -0.459276 -0.867383 -0.699507 -0.131813 0.077097
    39 -10.921875 -4.957031 -11.492188 -1.570794 0.087264 -1.570796
    40 -0.000001 -0.000002 0.000004 -0.131261 -0.216057 -0.321269
    41 10.907397 0.000000 -0.000001 -0.000346 -0.000019 -1.105025
    42 10.424307 0.000001 0.000016 -1.337226 0.065518 -0.543862
    43 2.997296 0.000062 1.477484 0.000000 0.000000 -1.038469
    44 1.510386 -0.000002 0.000000 0.000000 0.000000 -0.846484
    45 0.808652 0.000001 -0.000003 -0.119283 0.003523 -1.747148
    46 -0.010181 0.001544 -0.002427 3.133438 0.004938 -0.014530
    47 -0.007761 0.000776 -0.012938 -3.140949 0.009512 -0.002789
    48 -0.003515 0.022163 -0.007593 -3.131007 0.004989 -0.015563
    49 3.305811 0.201132 0.547463 0.105764 -0.028116 -1.071979
    50 1.807181 -0.000005 -0.000002 0.025091 -0.090975 -1.128935
    51 0.966146 0.000000 0.000000 0.000000 0.000000 -1.579521
    52 -0.004041 0.002991 -0.002260 -3.129316 0.007469 -0.002160
    53 -0.016014 -0.012525 -0.005755 -3.127586 -0.003209 -0.007102
    54 -0.010741 -0.015351 -0.005964 -3.141244 -0.014366 0.013993
    55 3.571526 0.110787 -0.409180 0.049846 -0.139786 -1.076866
    56 2.150658 0.000000 0.000000 0.000000 0.000000 -1.884952
    57 1.152748 0.000002 -0.000001 0.000000 0.000000 -1.038446
    58 -0.009424 0.003368 0.009511 3.138994 -0.007577 -0.001092
    59 -0.009795 0.006993 0.001619 3.137400 -0.006826 0.001062
    60 -0.005070 0.017085 0.007624 3.135509 0.005211 0.001477
    61 3.684113 -0.153569 -1.419744 -0.096816 -0.253004 -0.554907
    62 1.701014 -0.000001 0.000000 0.000000 0.000000 -1.867498
    63 0.994705 -0.000004 0.000000 0.000000 0.000000 -0.715585
    64 0.015236 0.000657 -0.012633 3.136885 0.014164 0.000018
    65 -0.014324 -0.018461 0.000846 -3.134644 0.013210 0.007851
    66 -0.020566 0.000650 -0.004019 -3.126894 -0.002595 -0.013678
    67 1.068097 -1.283652 -0.986552 -2.099602 0.354164 -0.554602
    68 1.836308 -0.000002 0.000001 0.083362 -0.004879 -0.597428
    69 1.223948 0.000001 -0.000002 -0.030976 -0.071338 -0.420800
    70 -0.026768 0.000412 0.021024 -3.135050 0.011560 0.031832
    71 -0.030946 0.015453 0.007155 3.126687 -0.014474 -0.013279
    72 0.024326 0.034636 0.000721 -3.121606 0.015525 0.030344
    73 -0.046000 0.019587 0.021797 3.134639 0.020864 -0.001670
    74 6.694322 0.000002 0.000001 -1.244243 -0.120606 0.106892
    75 -6.579163 -0.452807 0.914976 1.390020 0.137634 0.072730
    76 -6.553783 -0.454803 0.900534 1.387994 0.108045 0.086436
  time 6
    0 -4.962006 -16.225352 3.740258 -0.253356 -1.501517 -2.590970
    1 7.820313 -3.039063 -8.804688 -1.082104 0.087263 -1.570797
    2 -0.000001 0.000002 0.000000 0.017818 0.035797 0.796610
    3 10.907404 0.000001 -0.000001 0.000000 0.000025 -0.946565
    4 10.424325 -0.000011 -0.000033 2.507843 0.174217 -0.133358
    5 2.997275 0.005409 -1.477475 0.000000 0.000000 -0.287977
    6 1.510384 -0.000004 0.000000 0.000000 0.000000 -0.506144
    7 0.808659 -0.000001 0.000001 0.000000 0.000000 -0.471238
    8 -0.005463 0.010882 0.011922 -3.130701 -0.002586 -0.018476
    9 -0.001080 -0.005339 -0.002780 -3.138880 -0.004640 0.012721
    10 -0.019963 -0.004463 0.017139 3.137685 -0.000240 0.002472
    11 3.305800 0.203115 -0.546730 0.000000 0.000000 -0.305433
    12 1.807178 0.000000 -0.000004 0.000000 0.000000 -0.453785
    13 0.966141 0.000003 -0.000001 0.000000 0.000000 -0.314158
    14 -0.002205 0.006298 0.000417 3.133979 -0.003058 0.005338
    15 0.007872 0.003559 -0.000436 -3.124798 -0.001004 0.009074
    16 0.012690 -0.008244 0.010269 -3.131666 0.016691 0.012264
    17 3.571513 0.109304 0.409580 0.000000 0.000000 -0.244345
    18 2.150648 0.000002 -0.000003 0.000000 0.000000 -0.479966
    19 1.152746 -0.000003 0.000003 0.000000 0.000000 -0.340337
    20 0.000419 0.016150 0.002405 3.136320 -0.007304 -0.003105
    21 0.001816 -0.009672 -0.007393 3.139013 -0.008631 -0.008588
    22 -0.003752 -0.011593 -0.001195 3.133090 0.002976 0.014444
    23 3.684098 -0.158697 1.419183 0.000000 0.000000 -0.069812
    24 1.701014 0.000004 0.000004 0.000000 0.000000 -0.418878
    25 0.994714 -0.000002 -0.000008 0.000000 0.000000 -0.174532
    26 0.021160 0.011093 -0.004108 -3.137926 -0.002080 -0.001153
    27 -0.003428 0.010128 -0.008341 -3.140832 -0.004146 -0.019238
    28 0.004127 0.010881 0.000767 3.138806 -0.003164 -0.013821
    29 1.068074 -1.287202 0.981906 1.988092 -0.717834 -0.545799
    30 1.836308 -0.000001 0.000002 0.031406 -0.185509 -0.353979
    31 1.223949 -0.000002 0.000002 0.021546 -0.034467 -0.362542
    32 -0.012758 0.013269 0.005633 -3.132442 0.011957 -0.016684
    33 0.003252 0.002937 0.004907 3.134101 -0.012025 0.011384
    34 0.017597 0.001415 -0.271330 3.132743 -0.094250 -0.000348
    35 -0.034845 0.015532 -0.006371 -3.119476 -0.012752 0.011827
    36 6.868289 0.000003 0.000003 1.848166 0.037595 0.156306
    37 -6.002364 -0.460211 -0.868646 -0.695749 -0.131805 0.077518
    38 -6.002752 -0.459276 -0.867383 -0.699507 -0.131813 0.077097
    39 -10.921875 -4.957031 -11.492188 -1.570794 0.087264 -1.570796
    40 -0.000001 -0.000002 0.000004 -0.131516 -0.216094 -0.319021
    41 10.907397 0.000000 -0.000001 -0.000346 -0.000019 -1.106915
    42 10.424307 0.000001 0.000016 -1.337525 0.065293 -0.544123
    43 2.997296 0.000062 1.477484 0.000000 0.000000 -1.038469
    44 1.510386 -0.000002 0.000000 0.000000 0.000000 -0.846484
    45 0.808652 0.000001 -0.000003 -0.119283 0.003523 -1.747148
    46 -0.010181 0.001544 -0.002427 3.133438 0.004938 -0.014530
    47 -0.007761 0.000776 -0.012938 -3.140949 0.009512 -0.002789
    48 -0.003515 0.022163 -0.007593 -3.131007 0.004989 -0.015563
    49 3.305811 0.201132 0.547463 0.105764 -0.028116 -1.071979
    50 1.807181 -0.000005 -0.000002 0.025091 -0.090975 -1.128935
    51 0.966146 0.000000 0.000000 0.000000 0.000000 -1.579521
    52 -0.004041 0.002991 -0.002260 -3.129316 0.007469 -0.002160
    53 -0.016014 -0.012525 -0.005755 -3.127586 -0.003209 -0.007102
    54 -0.010741 -0.015351 -0.005964 -3.141244 -0.014366 0.013993
    55 3.571526 0.110787 -0.409180 0.049846 -0.139786 -1.076866
    56 2.150658 0.000000 0.000000 0.000000 0.000000 -1.884952
    57 1.152748 0.000002 -0.000001 0.000000 0.000000 -1.038446
    58 -0.009424 0.003368 0.009511 3.138994 -0.007577 -0.001092
    59 -0.009795 0.006993 0.001619 3.137400 -0.006826 0.001062
    60 -0.005070 0.017085 0.007624 3.135509 0.005211 0.001477
    61 3.684113 -0.153569 -1.419744 -0.096816 -0.253004 -0.554907
    62 1.701014 -0.000001 0.000000 0.000000 0.000000 -1.867498
    63 0.994705 -0.000004 0.000000 0.000000 0.000000 -0.715585
    64 0.015236 0.000657 -0.012633 3.136885 0.014164 0.000018
    65 -0.014324 -0.018461 0.000846 -3.134644 0.013210 0.007851
    66 -0.020566 0.000650 -0.004019 -3.126894 -0.002595 -0.013678
    67 1.068097 -1.283652 -0.986552 -2.099602 0.354164 -0.554602
    68 1.836308 -0.000002 0.000001 0.083362 -0.004879 -0.597428
    69 1.223948 0.000001 -0.000002 -0.030976 -0.071338 -0.420800
    70 -0.026768 0.000412 0.021024 -3.135050 0.011560 0.031832
    71 -0.030946 0.015453 0.007155 3.126687 -0.014474 -0.013279
    72 0.024326 0.034636 0.000721 -3.121606 0.015525 0.030344
    73 -0.046000 0.019587 0.021797 3.134639 0.020864 -0.001670
    74 6.694322 0.000002 0.000001 -1.244380 -0.120594 0.106916
    75 -6.579163 -0.452807 0.914976 1.390020 0.137634 0.072730
    76 -6.553783 -0.454803 0.900534 1.387994 0.108045 0.086436
  time 7
    0 -4.962006 -16.330824 3.736352 -0.253356 -1.501517 -2.590970
    1 7.820313 -3.039063 -8.804688 -1.082104 0.087263 -1.570797
    2 -0.000001 0.000002 0.000000 0.017818 0.035797 0.796610
    3 10.907404 0.000001 -0.000001 0.000000 0.000025 -0.946565
    4 10.424325 -0.000011 -0.000033 2.507843 0.174217 -0.133358
    5 2.997275 0.005409 -1.477475 0.000000 0.000000 -0.287977
    6 1.510384 -0.000004 0.000000 0.000000 0.000000 -0.506144
    7 0.808659 -0.000001 0.000001 0.000000 0.000000 -0.471238
    8 -0.005463 0.010882 0.011922 -3.130701 -0.002586 -0.018476
    9 -0.001080 -0.005339 -0.002780 -3.138880 -0.004640 0.012721
    10 -0.019963 -0.004463 0.017139 3.137685 -0.000240 0.002472
    11 3.305800 0.203115 -0.546730 0.000000 0.000000 -0.305433
    12 1.807178 0.000000 -0.000004 0.000000 0.000000 -0.453785
    13 0.966141 0.000003 -0.000001 0.000000 0.000000 -0.314158
    14 -0.002205 0.006298 0.000417 3.133979 -0.003058 0.005338
    15 0.007872 0.003559 -0.000436 -3.124798 -0.001004 0.009074
    16 0.012690 -0.008244 0.010269 -3.131666 0.016691 0.012264
    17 3.571513 0.109304 0.409580 0.000000 0.000000 -0.244345
    18 2.150648 0.000002 -0.000003 0.000000 0.000000 -0.479966
    19 1.152746 -0.000003 0.000003 0.000000 0.000000 -0.340337
    20 0.000419 0.016150 0.002405 3.136320 -0.007304 -0.003105
    21 0.001816 -0.009672 -0.007393 3.139013 -0.008631 -0.008588
    22 -0.003752 -0.011593 -0.001195 3.133090 0.002976 0.014444
    23 3.684098 -0.158697 1.419183 0.000000 0.000000 -0.069812
    24 1.701014 0.000004 0.000004 0.000000 0.000000 -0.418878
    25 0.994714 -0.000002 -0.000008 0.000000 0.000000 -0.174532
    26 0.021160 0.011093 -0.004108 -3.137926 -0.002080 -0.001153
    27 -0.003428 0.010128 -0.008341 -3.140832 -0.004146 -0.019238
    28 0.004127 0.010881 0.000767 3.138806 -0.003164 -0.013821
    29 1.068074 -1.287202 0.981906 1.988092 -0.717834 -0.545799
    30 1.836308 -0.000001 0.000002 0.031406 -0.185509 -0.353979
    31 1.223949 -0.000002 0.000002 0.021546 -0.034467 -0.362542
    32 -0.012758 0.013269 0.005633 -3.132442 0.011957 -0.016684
    33 0.003252 0.002937 0.004907 3.134101 -0.012025 0.011384
    34 0.017597 0.001415 -0.271330 3.132743 -0.094250 -0.000348
    35 -0.034845 0.015532 -0.006371 -3.119476 -0.012752 0.011827
    36 6.868289 0.000003 0.000003 1.848166 0.037595 0.156306
    37 -6.002364 -0.460211 -0.868646 -0.695749 -0.131805 0.077518
    38 -6.002752 -0.459276 -0.867383 -0.699507 -0.131813 0.077097
    39 -10.921875 -4.957031 -11.492188 -1.570794 0.087264 -1.570796
    40 -0.000001 -0.000002 0.000004 -0.129668 -0.216020 -0.320909
    41 10.907397 0.000000 -0.000001 -0.000346 -0.000019 -1.094418
    42 10.424307 0.000001 0.000016 -1.337077 0.063872 -0.554805
    43 2.997296 0.000062 1.477484 0.000000 0.000000 -1.038469
    44 1.510386 -0.000002 0.000000 0.000000 0.000000 -0.846484
    45 0.808652 0.000001 -0.000003 -0.119283 0.003523 -1.747148
    46 -0.010181 0.001544 -0.002427 3.133438 0.004938 -0.014530
    47 -0.007761 0.000776 -0.012938 -3.140949 0.009512 -0.002789
    48 -0.003515 0.022163 -0.007593 -3.131007 0.004989 -0.015563
    49 3.305811 0.201132 0.547463 0.105764 -0.028116 -1.071979
    50 1.807181 -0.000005 -0.000002 0.025091 -0.090975 -1.128935
    51 0.966146 0.000000 0.000000 0.000000 0.000000 -1.579521
    52 -0.004041 0.002991 -0.002260 -3.129316 0.007469 -0.002160
    53 -0.016014 -0.012525 -0.005755 -3.127586 -0.003209 -0.007102
    54 -0.010741 -0.015351 -0.005964 -3.141244 -0.014366 0.013993
    55 3.571526 0.110787 -0.409180 0.049846 -0.139786 -1.076866
    56 2.150658 0.000000 0.000000 0.000000 0.000000 -1.884952
    57 1.152748 0.000002 -0.000001 0.000000 0.000000 -1.038446
    58 -0.009424 0.003368 0.009511 3.138994 -0.007577 -0.001092
    59 -0.009795 0.006993 0.001619 3.137400 -0.006826 0.001062
    60 -0.005070 0.017085 0.007624 3.135509 0.005211 0.001477
    61 3.684113 -0.153569 -1.419744 -0.096816 -0.253004 -0.554907
    62 1.701014 -0.000001 0.000000 0.000000 0.000000 -1.867498
    63 0.994705 -0.000004 0.000000 0.000000 0.000000 -0.715585
    64 0.015236 0.000657 -0.012633 3.136885 0.014164 0.000018
    65 -0.014324 -0.018461 0.000846 -3.134644 0.013210 0.007851
    66 -0.020566 0.000650 -0.004019 -3.126894 -0.002595 -0.013678
    67 1.068097 -1.283652 -0.986552 -2.099602 0.354164 -0.554602
    68 1.836308 -0.000002 0.000001 0.083362 -0.004879 -0.597428
    69 1.223948 0.000001 -0.000002 -0.030976 -0.071338 -0.420800
    70 -0.026768 0.000412 0.021024 -3.135050 0.011560 0.031832
    71 -0.030946 0.015453 0.007155 3.126687 -0.014474 -0.013279
    72 0.024326 0.034636 0.000721 -3.121606 0.015525 0.030344
    73 -0.046000 0.019587 0.021797 3.134639 0.020864 -0.001670
    74 6.694322 0.000002 0.000001 -1.243284 -0.120714 0.106772
    75 -6.579163 -0.452807 0.914976 1.390020 0.137634 0.072730
    76 -6.553783 -0.454803 0.900534 1.387994 0.108045 0.086436
  time 8
    0 -4.762782 -16.936311 4.283243 -0.877956 -1.491943 -1.977469
    1 7.820313 -3.039063 -8.804688 -1.082104 0.087263 -1.570797
    2 -0.000001 0.000002 0.000000 0.017818 0.035797 0.796610
    3 10.907404 0.000001 -0.000001 0.000000 0.000025 -0.946565
    4 10.424325 -0.000011 -0.000033 2.507843 0.174217 -0.133358
    5 2.997275 0.005409 -1.477475 0.000000 0.000000 -0.287977
    6 1.510384 -0.000004 0.000000 0.000000 0.000000 -0.506144
    7 0.808659 -0.000001 0.000001 0.000000 0.000000 -0.471238
    8 -0.005463 0.010882 0.011922 -3.130701 -0.002586 -0.018476
    9 -0.001080 -0.005339 -0.002780 -3.138880 -0.004640 0.012721
    10 -0.019963 -0.004463 0.017139 3.137685 -0.000240 0.002472
    11 3.305800 0.203115 -0.546730 0.000000 0.000000 -0.305433
    12 1.807178 0.000000 -0.000004 0.000000 0.000000 -0.453785
    13 0.966141 0.000003 -0.000001 0.000000 0.000000 -0.314158
    14 -0.002205 0.006298 0.000417 3.133979 -0.003058 0.005338
    15 0.007872 0.003559 -0.000436 -3.124798 -0.001004 0.009074
    16 0.012690 -0.008244 0.010269 -3.131666 0.016691 0.012264
    17 3.571513 0.109304 0.409580 0.000000 0.000000 -0.244345
    18 2.150648 0.000002 -0.000003 0.000000 0.000000 -0.479966
    19 1.152746 -0.000003 0.000003 0.000000 0.000000 -0.340337
    20 0.000419 0.016150 0.002405 3.136320 -0.007304 -0.003105
    21 0.001816 -0.009672 -0.007393 3.139013 -0.008631 -0.008588
    22 -0.003752 -0.011593 -0.001195 3.133090 0.002976 0.014444
    23 3.684098 -0.158697 1.419183 0.000000 0.000000 -0.069812
    24 1.701014 0.000004 0.000004 0.000000 0.000000 -0.418878
    25 0.994714 -0.000002 -0.000008 0.000000 0.000000 -0.174532
    26 0.021160 0.011093 -0.004108 -3.137926 -0.002080 -0.001153
    27 -0.003428 0.010128 -0.008341 -3.140832 -0.004146 -0.019238
    28 0.004127 0.010881 0.000767 3.138806 -0.003164 -0.013821
    29 1.068074 -1.287202 0.981906 1.988092 -0.717834 -0.545799
    30 1.836308 -0.000001 0.000002 0.031406 -0.185509 -0.353979
    31 1.223949 -0.000002 0.000002 0.021546 -0.034467 -0.362542
    32 -0.012758 0.013269 0.005633 -3.132442 0.011957 -0.016684
    33 0.003252 0.002937 0.004907 3.134101 -0.012025 0.011384
    34 0.017597 0.001415 -0.271330 3.132743 -0.094250 -0.000348
    35 -0.034845 0.015532 -0.006371 -3.119476 -0.012752 0.011827
    36 6.868289 0.000003 0.000003 1.848166 0.037595 0.156306
    37 -6.002364 -0.460211 -0.868646 -0.695749 -0.131805 0.077518
    38 -6.002752 -0.459276 -0.867383 -0.699507 -0.131813 0.077097
    39 -10.921875 -4.957031 -11.492188 -1.570794 0.087264 -1.570796
    40 -0.000001 -0.000002 0.000004 -0.112524 -0.220834 -0.393640
    41 10.907397 0.000000 -0.000001 -0.000346 -0.000019 -0.952744
    42 10.424307 0.000001 0.000016 -1.329302 0.041397 -0.582855
    43 2.997296 0.000062 1.477484 0.000000 0.000000 -1.038469
    44 1.510386 -0.000002 0.000000 0.000000 0.000000 -0.846484
    45 0.808652 0.000001 -0.000003 -0.119283 0.003523 -1.747148
    46 -0.010181 0.001544 -0.002427 3.133438 0.004938 -0.014530
    47 -0.007761 0.000776 -0.012938 -3.140949 0.009512 -0.002789
    48 -0.003515 0.022163 -0.007593 -3.131007 0.004989 -0.015563
    49 3.305811 0.201132 0.547463 0.105764 -0.028116 -1.071979
    50 1.807181 -0.000005 -0.000002 0.025091 -0.090975 -1.128935
    51 0.966146 0.000000 0.000000 0.000000 0.000000 -1.579521
    52 -0.004041 0.002991 -0.002260 -3.129316 0.007469 -0.002160
    53 -0.016014 -0.012525 -0.005755 -3.127586 -0.003209 -0.007102
    54 -0.010741 -0.015351 -0.005964 -3.141244 -0.014366 0.013993
    55 3.571526 0.110787 -0.409180 0.049846 -0.139786 -1.076866
    56 2.150658 0.000000 0.000000 0.000000 0.000000 -1.884952
    57 1.152748 0.000002 -0.000001 0.000000 0.000000 -1.038446
    58 -0.009424 0.003368 0.009511 3.138994 -0.007577 -0.001092
    59 -0.009795 0.006993 0.001619 3.137400 -0.006826 0.001062
    60 -0.005070 0.017085 0.007624 3.135509 0.005211 0.001477
    61 3.684113 -0.153569 -1.419744 -0.096816 -0.253004 -0.554907
    62 1.701014 -0.000001 0.000000 0.000000 0.000000 -1.867498
    63 0.994705 -0.000004 0.000000 0.000000 0.000000 -0.715585
    64 0.015236 0.000657 -0.012633 3.136885 0.014164 0.000018
    65 -0.014324 -0.018461 0.000846 -3.134644 0.013210 0.007851
    66 -0.020566 0.000650 -0.004019 -3.126894 -0.002595 -0.013678
    67 1.068097 -1.283652 -0.986552 -2.099602 0.354164 -0.554602
    68 1.836308 -0.000002 0.000001 0.083362 -0.004879 -0.597428
    69 1.223948 0.000001 -0.000002 -0.030976 -0.071338 -0.420800
    70 -0.026768 0.000412 0.021024 -3.135050 0.011560 0.031832
    71 -0.030946 0.015453 0.007155 3.126687 -0.014474 -0.013279
    72 0.024326 0.034636 0.000721 -3.121606 0.015525 0.030344
    73 -0.046000 0.019587 0.021797 3.134639 0.020864 -0.001670
    74 6.694322 0.000002 0.000001 -1.236525 -0.121433 0.105958
    75 -6.579163 -0.452807 0.914976 1.390020 0.137634 0.072730
    76 -6.553783 -0.454803 0.900534 1.387994 0.108045 0.086436
  time 9
    0 -4.454178 -17.842589 5.314525 4.985327 -1.426068 -1.574981
    1 7.820313 -3.039063 -8.804688 -1.082104 0.087263 -1.570797
    2 -0.000001 0.000002 0.000000 0.017818 0.035797 0.796610
    3 10.907404 0.000001 -0.000001 0.000000 0.000025 -0.946565
    4 10.424325 -0.000011 -0.000033 2.507843 0.174217 -0.133358
    5 2.997275 0.005409 -1.477475 0.000000 0.000000 -0.287977
    6 1.510384 -0.000004 0.000000 0.000000 0.000000 -0.506144
    7 0.808659 -0.000001 0.000001 0.000000 0.000000 -0.471238
    8 -0.005463 0.010882 0.011922 -3.130701 -0.002586 -0.018476
    9 -0.001080 -0.005339 -0.002780 -3.138880 -0.004640 0.012721
    10 -0.019963 -0.004463 0.017139 3.137685 -0.000240 0.002472
    11 3.305800 0.203115 -0.546730 0.000000 0.000000 -0.305433
    12 1.807178 0.000000 -0.000004 0.000000 0.000000 -0.453785
    13 0.966141 0.000003 -0.000001 0.000000 0.000000 -0.314158
    14 -0.002205 0.006298 0.000417 3.133979 -0.003058 0.005338
    15 0.007872 0.003559 -0.000436 -3.124798 -0.001004 0.009074
    16 0.012690 -0.008244 0.010269 -3.131666 0.016691 0.012264
    17 3.571513 0.109304 0.409580 0.000000 0.000000 -0.244345
    18 2.150648 0.000002 -0.000003 0.000000 0.000000 -0.479966
    19 1.152746 -0.000003 0.000003 0.000000 0.000000 -0.340337
    20 0.000419 0.016150 0.002405 3.136320 -0.007304 -0.003105
    21 0.001816 -0.009672 -0.007393 3.139013 -0.008631 -0.008588
    22 -0.003752 -0.011593 -0.001195 3.133090 0.002976 0.014444
    23 3.684098 -0.158697 1.419183 0.000000 0.000000 -0.069812
    24 1.701014 0.000004 0.000004 0.000000 0.000000 -0.418878
    25 0.994714 -0.000002 -0.000008 0.000000 0.000000 -0.174532
    26 0.021160 0.011093 -0.004108 -3.137926 -0.002080 -0.001153
    27 -0.003428 0.010128 -0.008341 -3.140832 -0.004146 -0.019238
    28 0.004127 0.010881 0.000767 3.138806 -0.003164 -0.013821
    29 1.068074 -1.287202 0.981906 1.988092 -0.717834 -0.545799
    30 1.836308 -0.000001 0.000002 0.031406 -0.185509 -0.353979
    31 1.223949 -0.000002 0.000002 0.021546 -0.034467 -0.362542
    32 -0.012758 0.013269 0.005633 -3.132442 0.011957 -0.016684
    33 0.003252 0.002937 0.004907 3.134101 -0.012025 0.011384
    34 0.017597 0.001415 -0.271330 3.132743 -0.094250 -0.000348
    35 -0.034845 0.015532 -0.006371 -3.119476 -0.012752 0.011827
    36 6.868289 0.000003 0.000003 1.848166 0.037595 0.156306
    37 -6.002364 -0.460211 -0.868646 -0.695749 -0.131805 0.077518
    38 -6.002752 -0.459276 -0.867383 -0.699507 -0.131813 0.077097
    39 -10.921875 -4.957031 -11.492188 -1.570794 0.087264 -1.570796
    40 -0.000001 -0.000002 0.000004 -0.078395 -0.229906 -0.550520
    41 10.907397 0.000000 -0.000001 -0.000346 -0.000019 -0.663096
    42 10.424307 0.000001 0.000016 -1.320706 0.022437 -0.640691
    43 2.997296 0.000062 1.477484 0.000000 0.000000 -1.038469
    44 1.510386 -0.000002 0.000000 0.000000 0.000000 -0.846484
    45 0.808652 0.000001 -0.000003 -0.119283 0.003523 -1.747148
    46 -0.010181 0.001544 -0.002427 3.133438 0.004938 -0.014530
    47 -0.007761 0.000776 -0.012938 -3.140949 0.009512 -0.002789
    48 -0.003515 0.022163 -0.007593 -3.131007 0.004989 -0.015563
    49 3.305811 0.201132 0.547463 0.105764 -0.028116 -1.071979
    50 1.807181 -0.000005 -0.000002 0.025091 -0.090975 -1.128935
    51 0.966146 0.000000 0.000000 0.000000 0.000000 -1.579521
    52 -0.004041 0.002991 -0.002260 -3.129316 0.007469 -0.002160
    53 -0.016014 -0.012525 -0.005755 -3.127586 -0.003209 -0.007102
    54 -0.010741 -0.015351 -0.005964 -3.141244 -0.014366 0.013993
    55 3.571526 0.110787 -0.409180 0.049846 -0.139786 -1.076866
    56 2.150658 0.000000 0.000000 0.000000 0.000000 -1.884952
    57 1.152748 0.000002 -0.000001 0.000000 0.000000 -1.038446
    58 -0.009424 0.003368 0.009511 3.138994 -0.007577 -0.001092
    59 -0.009795 0.006993 0.001619 3.137400 -0.006826 0.001062
    60 -0.005070 0.017085 0.007624 3.135509 0.005211 0.001477
    61 3.684113 -0.153569 -1.419744 -0.096816 -0.253004 -0.554907
    62 1.701014 -0.000001 0.000000 0.000000 0.000000 -1.867498
    63 0.994705 -0.000004 0.000000 0.000000 0.000000 -0.715585
    64 0.015236 0.000657 -0.012633 3.136885 0.014164 0.000018
    65 -0.014324 -0.018461 0.000846 -3.134644 0.013210 0.007851
    66 -0.020566 0.000650 -0.004019 -3.126894 -0.002595 -0.013678
    67 1.068097 -1.283652 -0.986552 -2.099602 0.354164 -0.554602
    68 1.836308 -0.000002 0.000001 0.083362 -0.004879 -0.597428
    69 1.223948 0.000001 -0.000002 -0.030976 -0.071338 -0.420800
    70 -0.026768 0.000412 0.021024 -3.135050 0.011560 0.031832
    71 -0.030946 0.015453 0.007155 3.126687 -0.014474 -0.013279
    72 0.024326 0.034636 0.000721 -3.121606 0.015525 0.030344
    73 -0.046000 0.019587 0.021797 3.134639 0.020864 -0.001670
    74 6.694322 0.000002 0.000001 -1.225929 -0.122536 0.104675
    75 -6.579163 -0.452807 0.914976 1.390020 0.137634 0.072730
    76 -6.553783 -0.454803 0.900534 1.387994 0.108045 0.086436
  time 10
    0 -4.321362 -18.303540 5.880948 4.948454 -1.386901 -1.545486
    1 7.820313 -3.039063 -8.804688 -1.082104 0.087263 -1.570797
    2 -0.000001 0.000002 0.000000 0.017818 0.035797 0.796610
    3 10.907404 0.000001 -0.000001 0.000000 0.000025 -0.946565
    4 10.424325 -0.000011 -0.000033 2.507843 0.174217 -0.133358
    5 2.997275 0.005409 -1.477475 0.000000 0.000000 -0.287977
    6 1.510384 -0.000004 0.000000 0.000000 0.000000 -0.506144
    7 0.808659 -0.000001 0.000001 0.000000 0.000000 -0.471238
    8 -0.005463 0.010882 0.011922 -3.130701 -0.002586 -0.018476
    9 -0.001080 -0.005339 -0.002780 -3.138880 -0.004640 0.012721
    10 -0.019963 -0.004463 0.017139 3.137685 -0.000240 0.002472
    11 3.305800 0.203115 -0.546730 0.000000 0.000000 -0.305433
    12 1.807178 0.000000 -0.000004 0.000000 0.000000 -0.453785
    13 0.966141 0.000003 -0.000001 0.000000 0.000000 -0.314158
    14 -0.002205 0.006298 0.000417 3.133979 -0.003058 0.005338
    15 0.007872 0.003559 -0.000436 -3.124798 -0.001004 0.009074
    16 0.012690 -0.008244 0.010269 -3.131666 0.016691 0.012264
    17 3.571513 0.109304 0.409580 0.000000 0.000000 -0.244345
    18 2.150648 0.000002 -0.000003 0.000000 0.000000 -0.479966
    19 1.152746 -0.000003 0.000003 0.000000 0.000000 -0.340337
    20 0.000419 0.016150 0.002405 3.136320 -0.007304 -0.003105
    21 0.001816 -0.009672 -0.007393 3.139013 -0.008631 -0.008588
    22 -0.003752 -0.011593 -0.001195 3.133090 0.002976 0.014444
    23 3.684098 -0.158697 1.419183 0.000000 0.000000 -0.069812
    24 1.701014 0.000004 0.000004 0.000000 0.000000 -0.418878
    25 0.994714 -0.000002 -0.000008 0.000000 0.000000 -0.174532
    26 0.021160 0.011093 -0.004108 -3.137926 -0.002080 -0.001153
    27 -0.003428 0.010128 -0.008341 -3.140832 -0.004146 -0.019238
    28 0.004127 0.010881 0.000767 3.138806 -0.003164 -0.013821
    29 1.068074 -1.287202 0.981906 1.988092 -0.717834 -0.545799
    30 1.836308 -0.000001 0.000002 0.031406 -0.185509 -0.353979
    31 1.223949 -0.000002 0.000002 0.021546 -0.034467 -0.362542
    32 -0.012758 0.013269 0.005633 -3.132442 0.011957 -0.016684
    33 0.003252 0.002937 0.004907 3.134101 -0.012025 0.011384
    34 0.017597 0.001415 -0.271330 3.132743 -0.094250 -0.000348
    35 -0.034845 0.015532 -0.006371 -3.119476 -0.012752 0.011827
    36 6.868289 0.000003 0.000003 1.848166 0.037595 0.156306
    37 -6.002364 -0.460211 -0.868646 -0.695749 -0.131805 0.077518
    38 -6.002752 -0.459276 -0.867383 -0.699507 -0.131813 0.077097
    39 -10.921875 -4.957031 -11.492188 -1.570794 0.087264 -1.570796
    40 -0.000001 -0.000002 0.000004 -0.052456 -0.234831 -0.667304
    41 10.907397 0.000000 -0.000001 -0.000346 -0.000019 -0.443602
    42 10.424307 0.000001 0.000016 -1.318014 0.022811 -0.706170
    43 2.997296 0.000062 1.477484 0.000000 0.000000 -1.038469
    44 1.510386 -0.000002 0.000000 0.000000 0.000000 -0.846484
    45 0.808652 0.000001 -0.000003 -0.119283 0.003523 -1.747148
    46 -0.010181 0.001544 -0.002427 3.133438 0.004938 -0.014530
    47 -0.007761 0.000776 -0.012938 -3.140949 0.009512 -0.002789
    48 -0.003515 0.022163 -0.007593 -3.131007 0.004989 -0.015563
    49 3.305811 0.201132 0.547463 0.105764 -0.028116 -1.071979
    50 1.807181 -0.000005 -0.000002 0.025091 -0.090975 -1.128935
    51 0.966146 0.000000 0.000000 0.000000 0.000000 -1.579521
    52 -0.004041 0.002991 -0.002260 -3.129316 0.007469 -0.002160
    53 -0.016014 -0.012525 -0.005755 -3.127586 -0.003209 -0.007102
    54 -0.010741 -0.015351 -0.005964 -3.141244 -0.014366 0.013993
    55 3.571526 0.110787 -0.409180 0.049846 -0.139786 -1.076866
    56 2.150658 0.000000 0.000000 0.000000 0.000000 -1.884952
    57 1.152748 0.000002 -0.000001 0.000000 0.000000 -1.038446
    58 -0.009424 0.003368 0.009511 3.138994 -0.007577 -0.001092
    59 -0.009795 0.006993 0.001619 3.137400 -0.006826 0.001062
    60 -0.005070 0.017085 0.007624 3.135509 0.005211 0.001477
    61 3.684113 -0.153569 -1.419744 -0.096816 -0.253004 -0.554907
    62 1.701014 -0.000001 0.000000 0.000000 0.000000 -1.867498
    63 0.994705 -0.000004 0.000000 0.000000 0.000000 -0.715585
    64 0.015236 0.000657 -0.012633 3.136885 0.014164 0.000018
    65 -0.014324 -0.018461 0.000846 -3.134644 0.013210 0.007851
    66 -0.020566 0.000650 -0.004019 -3.126894 -0.002595 -0.013678
    67 1.068097 -1.283652 -0.986552 -2.099602 0.354164 -0.554602
    68 1.836308 -0.000002 0.000001 0.083362 -0.004879 -0.597428
    69 1.223948 0.000001 -0.000002 -0.030976 -0.071338 -0.420800
    70 -0.026768 0.000412 0.021024 -3.135050 0.011560 0.031832
    71 -0.030946 0.015453 0.007155 3.126687 -0.014474 -0.013279
    72 0.024326 0.034636 0.000721 -3.121606 0.015525 0.030344
    73 -0.046000 0.019587 0.021797 3.134639 0.020864 -0.001670
    74 6.694322 0.000002 0.000001 -1.216384 -0.123530 0.103501
    75 -6.579163 -0.452807 0.914976 1.390020 0.137634 0.072730
    76 -6.553783 -0.454803 0.900534 1.387994 0.108045 0.086436
  time 11
    0 -6.801906 -15.877685 5.783289 4.771873 -1.474443 -1.409111
    1 7.820313 -3.039063 -8.804688 -1.082104 0.087263 -1.570797
    2 -0.000001 0.000002 0.000000 0.017818 0.035797 0.796610
    3 10.907404 0.000001 -0.000001 0.000000 0.000025 -0.946565
    4 10.424325 -0.000011 -0.000033 2.507843 0.174217 -0.133358
    5 2.997275 0.005409 -1.477475 0.000000 0.000000 -0.287977
    6 1.510384 -0.000004 0.000000 0.000000 0.000000 -0.506144
    7 0.808659 -0.000001 0.000001 0.000000 0.000000 -0.471238
    8 -0.005463 0.010882 0.011922 -3.130701 -0.002586 -0.018476
    9 -0.001080 -0.005339 -0.002780 -3.138880 -0.004640 0.012721
    10 -0.019963 -0.004463 0.017139 3.137685 -0.000240 0.002472
    11 3.305800 0.203115 -0.546730 0.000000 0.000000 -0.305433
    12 1.807178 0.000000 -0.000004 0.000000 0.000000 -0.453785
    13 0.966141 0.000003 -0.000001 0.000000 0.000000 -0.314158
    14 -0.002205 0.006298 0.000417 3.133979 -0.003058 0.005338
    15 0.007872 0.003559 -0.000436 -3.124798 -0.001004 0.009074
    16 0.012690 -0.008244 0.010269 -3.131666 0.016691 0.012264
    17 3.571513 0.109304 0.409580 0.000000 0.000000 -0.244345
    18 2.150648 0.000002 -0.000003 0.000000 0.000000 -0.479966
    19 1.152746 -0.000003 0.000003 0.000000 0.000000 -0.340337
    20 0.000419 0.016150 0.002405 3.136320 -0.007304 -0.003105
    21 0.001816 -0.009672 -0.007393 3.139013 -0.008631 -0.008588
    22 -0.003752 -0.011593 -0.001195 3.133090 0.002976 0.014444
    23 3.684098 -0.158697 1.419183 0.000000 0.000000 -0.069812
    24 1.701014 0.000004 0.000004 0.000000 0.000000 -0.418878
    25 0.994714 -0.000002 -0.000008 0.000000 0.000000 -0.174532
    26 0.021160 0.011093 -0.004108 -3.137926 -0.002080 -0.001153
    27 -0.003428 0.010128 -0.008341 -3.140832 -0.004146 -0.019238
    28 0.004127 0.010881 0.000767 3.138806 -0.003164 -0.013821
    29 1.068074 -1.287202 0.981906 1.988092 -0.717834 -0.545799
    30 1.836308 -0.000001 0.000002 0.031406 -0.185509 -0.353979
    31 1.223949 -0.000002 0.000002 0.021546 -0.034467 -0.362542
    32 -0.012758 0.013269 0.005633 -3.132442 0.011957 -0.016684
    33 0.003252 0.002937 0.004907 3.134101 -0.012025 0.011384
    34 0.017597 0.001415 -0.271330 3.132743 -0.094250 -0.000348
    35 -0.034845 0.015532 -0.006371 -3.119476 -0.012752 0.011827
    36 6.868289 0.000003 0.000003 1.848166 0.037595 0.156306
    37 -6.002364 -0.460211 -0.868646 -0.695749 -0.131805 0.077518
    38 -6.002752 -0.459276 -0.867383 -0.699507 -0.131813 0.077097
    39 -10.921875 -4.957031 -11.492188 -1.570794 0.087264 -1.570796
    40 -0.000001 -0.000002 0.000004 -0.058097 -0.113408 -0.500085
    41 10.907397 0.000000 -0.000001 -0.000346 -0.000019 -0.969968
    42 10.424307 0.000001 0.000016 -1.261575 -0.068624 -0.433052
    43 2.997296 0.000062 1.477484 0.000000 0.000000 -1.038469
    44 1.510386 -0.000002 0.000000 0.000000 0.000000 -0.846484
    45 0.808652 0.000001 -0.000003 -0.119283 0.003523 -1.747168
    46 -0.010181 0.001544 -0.002427 3.133438 0.004938 -0.014530
    47 -0.007761 0.000776 -0.012938 -3.140949 0.009512 -0.002789
    48 -0.003515 0.022163 -0.007593 -3.131007 0.004989 -0.015563
    49 3.305811 0.201132 0.547463 0.105764 -0.028116 -1.071979
    50 1.807181 -0.000005 -0.000002 0.025091 -0.090975 -1.128935
    51 0.966146 0.000000 0.000000 0.000000 0.000000 -1.579521
    52 -0.004041 0.002991 -0.002260 -3.129316 0.007469 -0.002160
    53 -0.016014 -0.012525 -0.005755 -3.127586 -0.003209 -0.007102
    54 -0.010741 -0.015351 -0.005964 -3.141244 -0.014366 0.013993
    55 3.571526 0.110787 -0.409180 0.049846 -0.139786 -1.076866
    56 2.150658 0.000000 0.000000 0.000000 0.000000 -1.884952
    57 1.152748 0.000002 -0.000001 0.000000 0.000000 -1.038471
    58 -0.009424 0.003368 0.009511 3.138994 -0.007577 -0.001092
    59 -0.009795 0.006993 0.001619 3.137400 -0.006826 0.001062
    60 -0.005070 0.017085 0.007624 3.135509 0.005211 0.001477
    61 3.684113 -0.153569 -1.419744 -0.096816 -0.253004 -0.554907
    62 1.701014 -0.000001 0.000000 0.000000 0.000000 -1.867498
    63 0.994705 -0.000004 0.000000 0.000000 0.000000 -0.715585
    64 0.015236 0.000657 -0.012633 3.136885 0.014164 0.000018
    65 -0.014324 -0.018461 0.000846 -3.134644 0.013210 0.007851
    66 -0.020566 0.000650 -0.004019 -3.126894 -0.002595 -0.013678
    67 1.068097 -1.283652 -0.986552 -2.099602 0.354164 -0.554602
    68 1.836308 -0.000002 0.000001 0.083362 -0.004879 -0.597428
    69 1.223948 0.000001 -0.000002 -0.030976 -0.071338 -0.420800
    70 -0.026768 0.000412 0.021024 -3.135050 0.011560 0.031832
    71 -0.030946 0.015453 0.007155 3.126687 -0.014474 -0.013279
    72 0.024326 0.034636 0.000721 -3.121606 0.015525 0.030344
    73 -0.046000 0.019587 0.021797 3.134639 0.020864 -0.001670
    74 6.694322 0.000002 0.000001 -1.213461 -0.123830 0.103141
    75 -6.579163 -0.452807 0.914976 1.390020 0.137634 0.072730
    76 -6.553783 -0.454803 0.900534 1.387994 0.108045 0.086436
  time 12
    0 -11.544238 -10.400955 5.564532 1.714458 -1.453875 1.591061
    1 7.820313 -3.039063 -8.804688 -1.082104 0.087263 -1.570797
    2 -0.000001 0.000002 0.000000 0.017818 0.035797 0.796610
    3 10.907404 0.000001 -0.000001 0.000000 0.000025 -0.946565
    4 10.424325 -0.000011 -0.000033 2.507843 0.174217 -0.133358
    5 2.997275 0.005409 -1.477475 0.000000 0.000000 -0.287977
    6 1.510384 -0.000004 0.000000 0.000000 0.000000 -0.506144
    7 0.808659 -0.000001 0.000001 0.000000 0.000000 -0.471238
    8 -0.005463 0.010882 0.011922 -3.130701 -0.002586 -0.018476
    9 -0.001080 -0.005339 -0.002780 -3.138880 -0.004640 0.012721
    10 -0.019963 -0.004463 0.017139 3.137685 -0.000240 0.002472
    11 3.305800 0.203115 -0.546730 0.000000 0.000000 -0.305433
    12 1.807178 0.000000 -0.000004 0.000000 0.000000 -0.453785
    13 0.966141 0.000003 -0.000001 0.000000 0.000000 -0.314158
    14 -0.002205 0.006298 0.000417 3.133979 -0.003058 0.005338
    15 0.007872 0.003559 -0.000436 -3.124798 -0.001004 0.009074
    16 0.012690 -0.008244 0.010269 -3.131666 0.016691 0.012264
    17 3.571513 0.109304 0.409580 0.000000 0.000000 -0.244345
    18 2.150648 0.000002 -0.000003 0.000000 0.000000 -0.479966
    19 1.152746 -0.000003 0.000003 0.000000 0.000000 -0.340337
    20 0.000419 0.016150 0.002405 3.136320 -0.007304 -0.003105
    21 0.001816 -0.009672 -0.007393 3.139013 -0.008631 -0.008588
    22 -0.003752 -0.011593 -0.001195 3.133090 0.002976 0.014444
    23 3.684098 -0.158697 1.419183 0.000000 0.000000 -0.069812
    24 1.701014 0.000004 0.000004 0.000000 0.000000 -0.418878
    25 0.994714 -0.000002 -0.000008 0.000000 0.000000 -0.174532
    26 0.021160 0.011093 -0.004108 -3.137926 -0.002080 -0.001153
    27 -0.003428 0.010128 -0.008341 -3.140832 -0.004146 -0.019238
    28 0.004127 0.010881 0.000767 3.138806 -0.003164 -0.013821
    29 1.068074 -1.287202 0.981906 1.988092 -0.717834 -0.545799
    30 1.836308 -0.000001 0.000002 0.031406 -0.185509 -0.353979
    31 1.223949 -0.000002 0.000002 0.021546 -0.034467 -0.362542
    32 -0.012758 0.013269 0.005633 -3.132442 0.011957 -0.016684
    33 0.003252 0.002937 0.004907 3.134101 -0.012025 0.011384
    34 0.017597 0.001415 -0.271330 3.132743 -0.094250 -0.000348
    35 -0.034845 0.015532 -0.006371 -3.119476 -0.012752 0.011827
    36 6.868289 0.000003 0.000003 1.848166 0.037595 0.156306
    37 -6.002364 -0.460211 -0.868646 -0.695749 -0.131805 0.077518
    38 -6.002752 -0.459276 -0.867383 -0.699507 -0.131813 0.077097
    39 -10.921875 -4.957031 -11.492188 -1.570794 0.087264 -1.570796
    40 -0.000001 -0.000002 0.000004 0.093299 0.112368 -0.526696
    41 10.907397 0.000000 -0.000001 -0.000346 -0.000019 -1.417357
    42 10.424307 0.000001 0.000016 -1.101003 -0.236535 -0.194149
    43 2.997296 0.000062 1.477484 0.000000 0.000000 -1.038469
    44 1.510386 -0.000002 0.000000 0.000000 0.000000 -0.846484
    45 0.808652 0.000001 -0.000003 -0.119283 0.003523 -1.747148
    46 -0.010181 0.001544 -0.002427 3.133438 0.004938 -0.014530
    47 -0.007761 0.000776 -0.012938 -3.140949 0.009512 -0.002789
    48 -0.003515 0.022163 -0.007593 -3.131007 0.004989 -0.015563
    49 3.305811 0.201132 0.547463 0.105764 -0.028116 -1.071979
    50 1.807181 -0.000005 -0.000002 0.025091 -0.090975 -1.128935
    51 0.966146 0.000000 0.000000 0.000000 0.000000 -1.579521
    52 -0.004041 0.002991 -0.002260 -3.129316 0.007469 -0.002160
    53 -0.016014 -0.012525 -0.005755 -3.127586 -0.003209 -0.007102
    54 -0.010741 -0.015351 -0.005964 -3.141244 -0.014366 0.013993
    55 3.571526 0.110787 -0.409180 0.049846 -0.139786 -1.076866
    56 2.150658 0.000000 0.000000 0.000000 0.000000 -1.884952
    57 1.152748 0.000002 -0.000001 0.000000 0.000000 -1.038446
    58 -0.009424 0.003368 0.009511 3.138994 -0.007577 -0.001092
    59 -0.009795 0.006993 0.001619 3.137400 -0.006826 0.001062
    60 -0.005070 0.017085 0.007624 3.135509 0.005211 0.001477
    61 3.684113 -0.153569 -1.419744 -0.096816 -0.253004 -0.554907
    62 1.701014 -0.000001 0.000000 0.000000 0.000000 -1.867498
    63 0.994705 -0.000004 0.000000 0.000000 0.000000 -0.715585
    64 0.015236 0.000657 -0.012633 3.136885 0.014164 0.000018
    65 -0.014324 -0.018461 0.000846 -3.134644 0.013210 0.007851
    66 -0.020566 0.000650 -0.004019 -3.126894 -0.002595 -0.013678
    67 1.068097 -1.283652 -0.986552 -2.099602 0.354164 -0.554602
    68 1.836308 -0.000002 0.000001 0.083362 -0.004879 -0.597428
    69 1.223948 0.000001 -0.000002 -0.030976 -0.071338 -0.420800
    70 -0.026768 0.000412 0.021024 -3.135050 0.011560 0.031832
    71 -0.030946 0.015453 0.007155 3.126687 -0.014474 -0.013279
    72 0.024326 0.034636 0.000721 -3.121606 0.015525 0.030344
    73 -0.046000 0.019587 0.021797 3.134639 0.020864 -0.001670
    74 6.694322 0.000002 0.000001 -1.152126 -0.129894 0.095375
    75 -6.579163 -0.452807 0.914976 1.390020 0.137634 0.072730
    76 -6.553783 -0.454803 0.900534 1.387994 0.108045 0.086436
  time 13
    0 -14.282603 -4.662499 5.294993 1.515265 -1.230643 1.790883
    1 7.820313 -3.039063 -8.804688 -1.082104 0.087263 -1.570797
    2 -0.000001 0.000002 0.000000 0.017818 0.035797 0.796610
    3 10.907404 0.000001 -0.000001 0.000000 0.000025 -0.946565
    4 10.424325 -0.000011 -0.000033 2.507843 0.174217 -0.133358
    5 2.997275 0.005409 -1.477475 0.000000 0.000000 -0.287977
    6 1.510384 -0.000004 0.000000 0.000000 0.000000 -0.506144
    7 0.808659 -0.000001 0.000001 0.000000 0.000000 -0.471238
    8 -0.005463 0.010882 0.011922 -3.130701 -0.002586 -0.018476
    9 -0.001080 -0.005339 -0.002780 -3.138880 -0.004640 0.012721
    10 -0.019963 -0.004463 0.017139 3.137685 -0.000240 0.002472
    11 3.305800 0.203115 -0.546730 0.000000 0.000000 -0.305433
    12 1.807178 0.000000 -0.000004 0.000000 0.000000 -0.453785
    13 0.966141 0.000003 -0.000001 0.000000 0.000000 -0.314158
    14 -0.002205 0.006298 0.000417 3.133979 -0.003058 0.005338
    15 0.007872 0.003559 -0.000436 -3.124798 -0.001004 0.009074
    16 0.012690 -0.008244 0.010269 -3.131666 0.016691 0.012264
    17 3.571513 0.109304 0.409580 0.000000 0.000000 -0.244345
    18 2.150648 0.000002 -0.000003 0.000000 0.000000 -0.479966
    19 1.152746 -0.000003 0.000003 0.000000 0.000000 -0.340337
    20 0.000419 0.016150 0.002405 3.136320 -0.007304 -0.003105
    21 0.001816 -0.009672 -0.007393 3.139013 -0.008631 -0.008588
    22 -0.003752 -0.011593 -0.001195 3.133090 0.002976 0.014444
    23 3.684098 -0.158697 1.419183 0.000000 0.000000 -0.069812
    24 1.701014 0.000004 0.000004 0.000000 0.000000 -0.418878
    25 0.994714 -0.000002 -0.000008 0.000000 0.000000 -0.174532
    26 0.021160 0.011093 -0.004108 -3.137926 -0.002080 -0.001153
    27 -0.003428 0.010128 -0.008341 -3.140832 -0.004146 -0.019238
    28 0.004127 0.010881 0.000767 3.138806 -0.003164 -0.013821
    29 1.068074 -1.287202 0.981906 1.988092 -0.717834 -0.545799
    30 1.836308 -0.000001 0.000002 0.031406 -0.185509 -0.353979
    31 1.223949 -0.000002 0.000002 0.021546 -0.034467 -0.362542
    32 -0.012758 0.013269 0.005633 -3.132442 0.011957 -0.016684
    33 0.003252 0.002937 0.004907 3.134101 -0.012025 0.011384
    34 0.017597 0.001415 -0.271330 3.132743 -0.094250 -0.000348
    35 -0.034845 0.015532 -0.006371 -3.119476 -0.012752 0.011827
    36 6.868289 0.000003 0.000003 1.848166 0.037595 0.156306
    37 -6.002364 -0.460211 -0.868646 -0.695749 -0.131805 0.077518
    38 -6.002752 -0.459276 -0.867383 -0.699507 -0.131813 0.077097
    39 -10.921875 -4.957031 -11.492188 -1.570794 0.087264 -1.570796
    40 -0.000001 -0.000002 0.000004 0.224747 0.237347 -0.778513
    41 10.907397 0.000000 -0.000001 -0.000346 -0.000019 -1.532391
    42 10.424307 0.000001 0.000016 -1.014064 -0.310805 -0.041915
    43 2.997296 0.000062 1.477484 0.000000 0.000000 -1.038469
    44 1.510386 -0.000002 0.000000 0.000000 0.000000 -0.846484
    45 0.808652 0.000001 -0.000003 -0.119283 0.003523 -1.747148
    46 -0.010181 0.001544 -0.002427 3.133438 0.004938 -0.014530
    47 -0.007761 0.000776 -0.012938 -3.140949 0.009512 -0.002789
    48 -0.003515 0.022163 -0.007593 -3.131007 0.004989 -0.015563
    49 3.305811 0.201132 0.547463 0.105764 -0.028116 -1.071979
    50 1.807181 -0.000005 -0.000002 0.025091 -0.090975 -1.128935
    51 0.966146 0.000000 0.000000 0.000000 0.000000 -1.579521
    52 -0.004041 0.002991 -0.002260 -3.129316 0.007469 -0.002160
    53 -0.016014 -0.012525 -0.005755 -3.127586 -0.003209 -0.007102
    54 -0.010741 -0.015351 -0.005964 -3.141244 -0.014366 0.013993
    55 3.571526 0.110787 -0.409180 0.049846 -0.139786 -1.076866
    56 2.150658 0.000000 0.000000 0.000000 0.000000 -1.884952
    57 1.152748 0.000002 -0.000001 0.000000 0.000000 -1.038446
    58 -0.009424 0.003368 0.009511 3.138994 -0.007577 -0.001092
    59 -0.009795 0.006993 0.001619 3.137400 -0.006826 0.001062
    60 -0.005070 0.017085 0.007624 3.135509 0.005211 0.001477
    61 3.684113 -0.153569 -1.419744 -0.096816 -0.253004 -0.554907
    62 1.701014 -0.000001 0.000000 0.000000 0.000000 -1.867498
    63 0.994705 -0.000004 0.000000 0.000000 0.000000 -0.715585
    64 0.015236 0.000657 -0.012633 3.136885 0.014164 0.000018
    65 -0.014324 -0.018461 0.000846 -3.134644 0.013210 0.007851
    66 -0.020566 0.000650 -0.004019 -3.126894 -0.002595 -0.013678
    67 1.068097 -1.283652 -0.986552 -2.099602 0.354164 -0.554602
    68 1.836308 -0.000002 0.000001 0.083362 -0.004879 -0.597428
    69 1.223948 0.000001 -0.000002 -0.030976 -0.071338 -0.420800
    70 -0.026768 0.000412 0.021024 -3.135050 0.011560 0.031832
    71 -0.030946 0.015453 0.007155 3.126687 -0.014474 -0.013279
    72 0.024326 0.034636 0.000721 -3.121606 0.015525 0.030344
    73 -0.046000 0.019587 0.021797 3.134639 0.020864 -0.001670
    74 6.694322 0.000002 0.000001 -1.114448 -0.133370 0.090437
    75 -6.579163 -0.452807 0.914976 1.390020 0.137634 0.072730
    76 -6.553783 -0.454803 0.900534 1.387994 0.108045 0.086436
  time 14
    0 -14.208382 1.325965 4.841854 1.521739 -1.020375 1.882116
    1 7.820313 -3.039063 -8.804688 -1.082104 0.087263 -1.570797
    2 -0.000001 0.000002 0.000000 0.017818 0.035797 0.796610
    3 10.907404 0.000001 -0.000001 0.000000 0.000025 -0.946565
    4 10.424325 -0.000011 -0.000033 2.507843 0.174217 -0.133358
    5 2.997275 0.005409 -1.477475 0.000000 0.000000 -0.287977
    6 1.510384 -0.000004 0.000000 0.000000 0.000000 -0.506144
    7 0.808659 -0.000001 0.000001 0.000000 0.000000 -0.471238
    8 -0.005463 0.010882 0.011922 -3.130701 -0.002586 -0.018476
    9 -0.001080 -0.005339 -0.002780 -3.138880 -0.004640 0.012721
    10 -0.019963 -0.004463 0.017139 3.137685 -0.000240 0.002472
    11 3.305800 0.203115 -0.546730 0.000000 0.000000 -0.305433
    12 1.807178 0.000000 -0.000004 0.000000 0.000000 -0.453785
    13 0.966141 0.000003 -0.000001 0.000000 0.000000 -0.314158
    14 -0.002205 0.006298 0.000417 3.133979 -0.003058 0.005338
    15 0.007872 0.003559 -0.000436 -3.124798 -0.001004 0.009074
    16 0.012690 -0.008244 0.010269 -3.131666 0.016691 0.012264
    17 3.571513 0.109304 0.409580 0.000000 0.000000 -0.244345
    18 2.150648 0.000002 -0.000003 0.000000 0.000000 -0.479966
    19 1.152746 -0.000003 0.000003 0.000000 0.000000 -0.340337
    20 0.000419 0.016150 0.002405 3.136320 -0.007304 -0.003105
    21 0.001816 -0.009672 -0.007393 3.139013 -0.008631 -0.008588
    22 -0.003752 -0.011593 -0.001195 3.133090 0.002976 0.014444
    23 3.684098 -0.158697 1.419183 0.000000 0.000000 -0.069812
    24 1.701014 0.000004 0.000004 0.000000 0.000000 -0.418878
    25 0.994714 -0.000002 -0.000008 0.000000 0.000000 -0.174532
    26 0.021160 0.011093 -0.004108 -3.137926 -0.002080 -0.001153
    27 -0.003428 0.010128 -0.008341 -3.140832 -0.004146 -0.019238
    28 0.004127 0.010881 0.000767 3.138806 -0.003164 -0.013821
    29 1.068074 -1.287202 0.981906 1.988092 -0.717834 -0.545799
    30 1.836308 -0.000001 0.000002 0.031406 -0.185509 -0.353979
    31 1.223949 -0.000002 0.000002 0.021546 -0.034467 -0.362542
    32 -0.012758 0.013269 0.005633 -3.132442 0.011957 -0.016684
    33 0.003252 0.002937 0.004907 3.134101 -0.012025 0.011384
    34 0.017597 0.001415 -0.271330 3.132743 -0.094250 -0.000348
    35 -0.034845 0.015532 -0.006371 -3.119476 -0.012752 0.011827
    36 6.868289 0.000003 0.000003 1.848166 0.037595 0.156306
    37 -6.002364 -0.460211 -0.868646 -0.695749 -0.131805 0.077518
    38 -6.002752 -0.459276 -0.867383 -0.699507 -0.131813 0.077097
    39 -10.921875 -4.957031 -11.492188 -1.570794 0.087264 -1.570796
    40 -0.000001 -0.000002 0.000004 0.199796 0.217647 -1.165363
    41 10.907397 0.000000 -0.000001 -0.000346 -0.000019 -1.505750
    42 10.424307 0.000001 0.000016 -1.047778 -0.218285 0.138630
    43 2.997296 0.000062 1.477484 0.000000 0.000000 -1.038469
    44 1.510386 -0.000002 0.000000 0.000000 0.000000 -0.846484
    45 0.808652 0.000001 -0.000003 -0.119283 0.003523 -1.747148
    46 -0.010181 0.001544 -0.002427 3.133438 0.004938 -0.014530
    47 -0.007761 0.000776 -0.012938 -3.140949 0.009512 -0.002789
    48 -0.003515 0.022163 -0.007593 -3.131007 0.004989 -0.015563
    49 3.305811 0.201132 0.547463 0.105764 -0.028116 -1.071979
    50 1.807181 -0.000005 -0.000002 0.025091 -0.090975 -1.128935
    51 0.966146 0.000000 0.000000 0.000000 0.000000 -1.579521
    52 -0.004041 0.002991 -0.002260 -3.129316 0.007469 -0.002160
    53 -0.016014 -0.012525 -0.005755 -3.127586 -0.003209 -0.007102
    54 -0.010741 -0.015351 -0.005964 -3.141244 -0.014366 0.013993
    55 3.571526 0.110787 -0.409180 0.049846 -0.139786 -1.076866
    56 2.150658 0.000000 0.000000 0.000000 0.000000 -1.884952
    57 1.152748 0.000002 -0.000001 0.000000 0.000000 -1.038446
    58 -0.009424 0.003368 0.009511 3.138994 -0.007577 -0.001092
    59 -0.009795 0.006993 0.001619 3.137400 -0.006826 0.001062
    60 -0.005070 0.017085 0.007624 3.135509 0.005211 0.001477
    61 3.684113 -0.153569 -1.419744 -0.096816 -0.253004 -0.554907
    62 1.701014 -0.000001 0.000000 0.000000 0.000000 -1.867498
    63 0.994705 -0.000004 0.000000 0.000000 0.000000 -0.715585
    64 0.015236 0.000657 -0.012633 3.136885 0.014164 0.000018
    65 -0.014324 -0.018461 0.000846 -3.134644 0.013210 0.007851
    66 -0.020566 0.000650 -0.004019 -3.126894 -0.002595 -0.013678
    67 1.068097 -1.283652 -0.986552 -2.099602 0.354164 -0.554602
    68 1.836308 -0.000002 0.000001 0.083362 -0.004879 -0.597428
    69 1.223948 0.000001 -0.000002 -0.030976 -0.071338 -0.420800
    70 -0.026768 0.000412 0.021024 -3.135050 0.011560 0.031832
    71 -0.030946 0.015453 0.007155 3.126687 -0.014474 -0.013279
    72 0.024326 0.034636 0.000721 -3.121606 0.015525 0.030344
    73 -0.046000 0.019587 0.021797 3.134639 0.020864 -0.001670
    74 6.694322 0.000002 0.000001 -1.118193 -0.133034 0.090929
    75 -6.579163 -0.452807 0.914976 1.390020 0.137634 0.072730
    76 -6.553783 -0.454803 0.900534 1.387994 0.108045 0.086436
  time 15
    0 -13.833371 7.978512 3.935576 1.553077 -0.791096 2.001990
    1 7.820313 -3.039063 -8.804688 -1.082104 0.087263 -1.570797
    2 -0.000001 0.000002 0.000000 0.017818 0.035797 0.796610
    3 10.907404 0.000001 -0.000001 0.000000 0.000025 -0.946565
    4 10.424325 -0.000011 -0.000033 2.507843 0.174217 -0.133358
    5 2.997275 0.005409 -1.477475 0.000000 0.000000 -0.287977
    6 1.510384 -0.000004 0.000000 0.000000 0.000000 -0.506144
    7 0.808659 -0.000001 0.000001 0.000000 0.000000 -0.471238
    8 -0.005463 0.010882 0.011922 -3.130701 -0.002586 -0.018476
    9 -0.001080 -0.005339 -0.002780 -3.138880 -0.004640 0.012721
    10 -0.019963 -0.004463 0.017139 3.137685 -0.000240 0.002472
    11 3.305800 0.203115 -0.546730 0.000000 0.000000 -0.305433
    12 1.807178 0.000000 -0.000004 0.000000 0.000000 -0.453785
    13 0.966141 0.000003 -0.000001 0.000000 0.000000 -0.314158
    14 -0.002205 0.006298 0.000417 3.133979 -0.003058 0.005338
    15 0.007872 0.003559 -0.000436 -3.124798 -0.001004 0.009074
    16 0.012690 -0.008244 0.010269 -3.131666 0.016691 0.012264
    17 3.571513 0.109304 0.409580 0.000000 0.000000 -0.244345
    18 2.150648 0.000002 -0.000003 0.000000 0.000000 -0.479966
    19 1.152746 -0.000003 0.000003 0.000000 0.000000 -0.340337
    20 0.000419 0.016150 0.002405 3.136320 -0.007304 -0.003105
    21 0.001816 -0.009672 -0.007393 3.139013 -0.008631 -0.008588
    22 -0.003752 -0.011593 -0.001195 3.133090 0.002976 0.014444
    23 3.684098 -0.158697 1.419183 0.000000 0.000000 -0.069812
    24 1.701014 0.000004 0.000004 0.000000 0.000000 -0.418878
    25 0.994714 -0.000002 -0.000008 0.000000 0.000000 -0.174532
    26 0.021160 0.011093 -0.004108 -3.137926 -0.002080 -0.001153
    27 -0.003428 0.010128 -0.008341 -3.140832 -0.004146 -0.019238
    28 0.004127 0.010881 0.000767 3.138806 -0.003164 -0.013821
    29 1.068074 -1.287202 0.981906 1.988092 -0.717834 -0.545799
    30 1.836308 -0.000001 0.000002 0.031406 -0.185509 -0.353979
    31 1.223949 -0.000002 0.000002 0.021546 -0.034467 -0.362542
    32 -0.012758 0.013269 0.005633 -3.132442 0.011957 -0.016684
    33 0.003252 0.002937 0.004907 3.134101 -0.012025 0.011384
    34 0.017597 0.001415 -0.271330 3.132743 -0.094250 -0.000348
    35 -0.034845 0.015532 -0.006371 -3.119476 -0.012752 0.011827
    36 6.868289 0.000003 0.000003 1.848166 0.037595 0.156306
    37 -6.002364 -0.460211 -0.868646 -0.695749 -0.131805 0.077518
    38 -6.002752 -0.459276 -0.867383 -0.699507 -0.131813 0.077097
    39 -10.921875 -4.957031 -11.492188 -1.570794 0.087264 -1.570796
    40 -0.000001 -0.000002 0.000004 0.116275 0.173543 -1.680864
    41 10.907397 0.000000 -0.000001 -0.000346 -0.000019 -1.202274
    42 10.424307 0.000001 0.000016 -1.100256 -0.008939 0.145317
    43 2.997296 0.000062 1.477484 0.000000 0.000000 -1.038469
    44 1.510386 -0.000002 0.000000 0.000000 0.000000 -0.846484
    45 0.808652 0.000001 -0.000003 -0.119283 0.003523 -1.747148
    46 -0.010181 0.001544 -0.002427 3.133438 0.004938 -0.014530
    47 -0.007761 0.000776 -0.012938 -3.140949 0.009512 -0.002789
    48 -0.003515 0.022163 -0.007593 -3.131007 0.004989 -0.015563
    49 3.305811 0.201132 0.547463 0.105764 -0.028116 -1.071979
    50 1.807181 -0.000005 -0.000002 0.025091 -0.090975 -1.128935
    51 0.966146 0.000000 0.000000 0.000000 0.000000 -1.579521
    52 -0.004041 0.002991 -0.002260 -3.129316 0.007469 -0.002160
    53 -0.016014 -0.012525 -0.005755 -3.127586 -0.003209 -0.007102
    54 -0.010741 -0.015351 -0.005964 -3.141244 -0.014366 0.013993
    55 3.571526 0.110787 -0.409180 0.049846 -0.139786 -1.076866
    56 2.150658 0.000000 0.000000 0.000000 0.000000 -1.884952
    57 1.152748 0.000002 -0.000001 0.000000 0.000000 -1.038446
    58 -0.009424 0.003368 0.009511 3.138994 -0.007577 -0.001092
    59 -0.009795 0.006993 0.001619 3.137400 -0.006826 0.001062
    60 -0.005070 0.017085 0.007624 3.135509 0.005211 0.001477
    61 3.684113 -0.153569 -1.419744 -0.096816 -0.253004 -0.554907
    62 1.701014 -0.000001 0.000000 0.000000 0.000000 -1.867498
    63 0.994705 -0.000004 0.000000 0.000000 0.000000 -0.715585
    64 0.015236 0.000657 -0.012633 3.136885 0.014164 0.000018
    65 -0.014324 -0.018461 0.000846 -3.134644 0.013210 0.007851
    66 -0.020566 0.000650 -0.004019 -3.126894 -0.002595 -0.013678
    67 1.068097 -1.283652 -0.986552 -2.099602 0.354164 -0.554602
    68 1.836308 -0.000002 0.000001 0.083362 -0.004879 -0.597428
    69 1.223948 0.000001 -0.000002 -0.030976 -0.071338 -0.420800
    70 -0.026768 0.000412 0.021024 -3.135050 0.011560 0.031832
    71 -0.030946 0.015453 0.007155 3.126687 -0.014474 -0.013279
    72 0.024326 0.034636 0.000721 -3.121606 0.015525 0.030344
    73 -0.046000 0.019587 0.021797 3.134639 0.020864 -0.001670
    74 6.694322 0.000002 0.000001 -1.142992 -0.130757 0.094189
    75 -6.579163 -0.452807 0.914976 1.390020 0.137634 0.072730
    76 -6.553783 -0.454803 0.900534 1.387994 0.108045 0.086436
  time 16
    0 -13.431015 13.263829 2.451156 1.561897 -0.602542 2.117976
    1 7.820313 -3.039063 -8.804688 -1.082104 0.087263 -1.570797
    2 -0.000001 0.000002 0.000000 0.017818 0.035797 0.796610
    3 10.907404 0.000001 -0.000001 0.000000 0.000025 -0.946565
    4 10.424325 -0.000011 -0.000033 2.507843 0.174217 -0.133358
    5 2.997275 0.005409 -1.477475 0.000000 0.000000 -0.287977
    6 1.510384 -0.000004 0.000000 0.000000 0.000000 -0.506144
    7 0.808659 -0.000001 0.000001 0.000000 0.000000 -0.471238
    8 -0.005463 0.010882 0.011922 -3.130701 -0.002586 -0.018476
    9 -0.001080 -0.005339 -0.002780 -3.138880 -0.004640 0.012721
    10 -0.019963 -0.004463 0.017139 3.137685 -0.000240 0.002472
    11 3.305800 0.203115 -0.546730 0.000000 0.000000 -0.305433
    12 1.807178 0.000000 -0.000004 0.000000 0.000000 -0.453785
    13 0.966141 0.000003 -0.000001 0.000000 0.000000 -0.314158
    14 -0.002205 0.006298 0.000417 3.133979 -0.003058 0.005338
    15 0.007872 0.003559 -0.000436 -3.124798 -0.001004 0.009074
    16 0.012690 -0.008244 0.010269 -3.131666 0.016691 0.012264
    17 3.571513 0.109304 0.409580 0.000000 0.000000 -0.244345
    18 2.150648 0.000002 -0.000003 0.000000 0.000000 -0.479966
    19 1.152746 -0.000003 0.000003 0.000000 0.000000 -0.340337
    20 0.000419 0.016150 0.002405 3.136320 -0.007304 -0.003105
    21 0.001816 -0.009672 -0.007393 3.139013 -0.008631 -0.008588
    22 -0.003752 -0.011593 -0.001195 3.133090 0.002976 0.014444
    23 3.684098 -0.158697 1.419183 0.000000 0.000000 -0.069812
    24 1.701014 0.000004 0.000004 0.000000 0.000000 -0.418878
    25 0.994714 -0.000002 -0.000008 0.000000 0.000000 -0.174532
    26 0.021160 0.011093 -0.004108 -3.137926 -0.002080 -0.001153
    27 -0.003428 0.010128 -0.008341 -3.140832 -0.004146 -0.019238
    28 0.004127 0.010881 0.000767 3.138806 -0.003164 -0.013821
    29 1.068074 -1.287202 0.981906 1.988092 -0.717834 -0.545799
    30 1.836308 -0.000001 0.000002 0.031406 -0.185509 -0.353979
    31 1.223949 -0.000002 0.000002 0.021546 -0.034467 -0.362542
    32 -0.012758 0.013269 0.005633 -3.132442 0.011957 -0.016684
    33 0.003252 0.002937 0.004907 3.134101 -0.012025 0.011384
    34 0.017597 0.001415 -0.271330 3.132743 -0.094250 -0.000348
    35 -0.034845 0.015532 -0.006371 -3.119476 -0.012752 0.011827
    36 6.868289 0.000003 0.000003 1.848166 0.037595 0.156306
    37 -6.002364 -0.460211 -0.868646 -0.695749 -0.131805 0.077518
    38 -6.002752 -0.459276 -0.867383 -0.699507 -0.131813 0.077097
    39 -10.921875 -4.957031 -11.492188 -1.570794 0.087264 -1.570796
    40 -0.000001 -0.000002 0.000004 0.046042 0.130588 -2.172361
    41 10.907397 0.000000 -0.000001 -0.000346 -0.000019 -0.693867
    42 10.424307 0.000001 0.000016 -1.170749 0.193078 -0.049991
    43 2.997296 0.000062 1.477484 0.000000 0.000000 -1.038469
    44 1.510386 -0.000002 0.000000 0.000000 0.000000 -0.846484
    45 0.808652 0.000001 -0.000003 -0.119283 0.003523 -1.747148
    46 -0.010181 0.001544 -0.002427 3.133438 0.004938 -0.014530
    47 -0.007761 0.000776 -0.012938 -3.140949 0.009512 -0.002789
    48 -0.003515 0.022163 -0.007593 -3.131007 0.004989 -0.015563
    49 3.305811 0.201132 0.547463 0.105764 -0.028116 -1.071979
    50 1.807181 -0.000005 -0.000002 0.025091 -0.090975 -1.128935
    51 0.966146 0.000000 0.000000 0.000000 0.000000 -1.579521
    52 -0.004041 0.002991 -0.002260 -3.129316 0.007469 -0.002160
    53 -0.016014 -0.012525 -0.005755 -3.127586 -0.003209 -0.007102
    54 -0.010741 -0.015351 -0.005964 -3.141244 -0.014366 0.013993
    55 3.571526 0.110787 -0.409180 0.049846 -0.139786 -1.076866
    56 2.150658 0.000000 0.000000 0.000000 0.000000 -1.884952
    57 1.152748 0.000002 -0.000001 0.000000 0.000000 -1.038446
    58 -0.009424 0.003368 0.009511 3.138994 -0.007577 -0.001092
    59 -0.009795 0.006993 0.001619 3.137400 -0.006826 0.001062
    60 -0.005070 0.017085 0.007624 3.135509 0.005211 0.001477
    61 3.684113 -0.153569 -1.419744 -0.096816 -0.253004 -0.554907
    62 1.701014 -0.000001 0.000000 0.000000 0.000000 -1.867498
    63 0.994705 -0.000004 0.000000 0.000000 0.000000 -0.715585
    64 0.015236 0.000657 -0.012633 3.136885 0.014164 0.000018
    65 -0.014324 -0.018461 0.000846 -3.134644 0.013210 0.007851
    66 -0.020566 0.000650 -0.004019 -3.126894 -0.002595 -0.013678
    67 1.068097 -1.283652 -0.986552 -2.099602 0.354164 -0.554602
    68 1.836308 -0.000002 0.000001 0.083362 -0.004879 -0.597428
    69 1.223948 0.000001 -0.000002 -0.030976 -0.071338 -0.420800
    70 -0.026768 0.000412 0.021024 -3.135050 0.011560 0.031832
    71 -0.030946 0.015453 0.007155 3.126687 -0.014474 -0.013279
    72 0.024326 0.034636 0.000721 -3.121606 0.015525 0.030344
    73 -0.046000 0.019587 0.021797 3.134639 0.020864 -0.001670
    74 6.694322 0.000002 0.000001 -1.183045 -0.126898 0.099330
    75 -6.579163 -0.452807 0.914976 1.390020 0.137634 0.072730
    76 -6.553783 -0.454803 0.900534 1.387994 0.108045 0.086436
  time 17
    0 -13.235696 15.388894 0.322185 1.513764 -0.514816 2.184077
    1 7.820313 -3.039063 -8.804688 -1.082104 0.087263 -1.570797
    2 -0.000001 0.000002 0.000000 0.017818 0.035797 0.796610
    3 10.907404 0.000001 -0.000001 0.000000 0.000025 -0.946565
    4 10.424325 -0.000011 -0.000033 2.507843 0.174217 -0.133358
    5 2.997275 0.005409 -1.477475 0.000000 0.000000 -0.287977
    6 1.510384 -0.000004 0.000000 0.000000 0.000000 -0.506144
    7 0.808659 -0.000001 0.000001 0.000000 0.000000 -0.471238
    8 -0.005463 0.010882 0.011922 -3.130701 -0.002586 -0.018476
    9 -0.001080 -0.005339 -0.002780 -3.138880 -0.004640 0.012721
    10 -0.019963 -0.004463 0.017139 3.137685 -0.000240 0.002472
    11 3.305800 0.203115 -0.546730 0.000000 0.000000 -0.305433
    12 1.807178 0.000000 -0.000004 0.000000 0.000000 -0.453785
    13 0.966141 0.000003 -0.000001 0.000000 0.000000 -0.314158
    14 -0.002205 0.006298 0.000417 3.133979 -0.003058 0.005338
    15 0.007872 0.003559 -0.000436 -3.124798 -0.001004 0.009074
    16 0.012690 -0.008244 0.010269 -3.131666 0.016691 0.012264
    17 3.571513 0.109304 0.409580 0.000000 0.000000 -0.244345
    18 2.150648 0.000002 -0.000003 0.000000 0.000000 -0.479966
    19 1.152746 -0.000003 0.000003 0.000000 0.000000 -0.340337
    20 0.000419 0.016150 0.002405 3.136320 -0.007304 -0.003105
    21 0.001816 -0.009672 -0.007393 3.139013 -0.008631 -0.008588
    22 -0.003752 -0.011593 -0.001195 3.133090 0.002976 0.014444
    23 3.684098 -0.158697 1.419183 0.000000 0.000000 -0.069812
    24 1.701014 0.000004 0.000004 0.000000 0.000000 -0.418878
    25 0.994714 -0.000002 -0.000008 0.000000 0.000000 -0.174532
    26 0.021160 0.011093 -0.004108 -3.137926 -0.002080 -0.001153
    27 -0.003428 0.010128 -0.008341 -3.140832 -0.004146 -0.019238
    28 0.004127 0.010881 0.000767 3.138806 -0.003164 -0.013821
    29 1.068074 -1.287202 0.981906 1.988092 -0.717834 -0.545799
    30 1.836308 -0.000001 0.000002 0.031406 -0.185509 -0.353979
    31 1.223949 -0.000002 0.000002 0.021546 -0.034467 -0.362542
    32 -0.012758 0.013269 0.005633 -3.132442 0.011957 -0.016684
    33 0.003252 0.002937 0.004907 3.134101 -0.012025 0.011384
    34 0.017597 0.001415 -0.271330 3.132743 -0.094250 -0.000348
    35 -0.034845 0.015532 -0.006371 -3.119476 -0.012752 0.011827
    36 6.868289 0.000003 0.000003 1.848166 0.037595 0.156306
    37 -6.002364 -0.460211 -0.868646 -0.695749 -0.131805 0.077518
    38 -6.002752 -0.459276 -0.867383 -0.699507 -0.131813 0.077097
    39 -10.921875 -4.957031 -11.492188 -1.570794 0.087264 -1.570796
    40 -0.000001 -0.000002 0.000004 0.031447 0.111665 -2.377339
    41 10.907397 0.000000 -0.000001 -0.000346 -0.000019 -0.564832
    42 10.424307 0.000001 0.000016 -1.259930 0.271050 -0.052770
    43 2.997296 0.000062 1.477484 0.000000 0.000000 -1.038469
    44 1.510386 -0.000002 0.000000 0.000000 0.000000 -0.846484
    45 0.808652 0.000001 -0.000003 -0.119283 0.003523 -1.747148
    46 -0.010181 0.001544 -0.002427 3.133438 0.004938 -0.014530
    47 -0.007761 0.000776 -0.012938 -3.140949 0.009512 -0.002789
    48 -0.003515 0.022163 -0.007593 -3.131007 0.004989 -0.015563
    49 3.305811 0.201132 0.547463 0.105764 -0.028116 -1.071979
    50 1.807181 -0.000005 -0.000002 0.025091 -0.090975 -1.128935
    51 0.966146 0.000000 0.000000 0.000000 0.000000 -1.579521
    52 -0.004041 0.002991 -0.002260 -3.129316 0.007469 -0.002160
    53 -0.016014 -0.012525 -0.005755 -3.127586 -0.003209 -0.007102
    54 -0.010741 -0.015351 -0.005964 -3.141244 -0.014366 0.013993
    55 3.571526 0.110787 -0.409180 0.049846 -0.139786 -1.076866
    56 2.150658 0.000000 0.000000 0.000000 0.000000 -1.884952
    57 1.152748 0.000002 -0.000001 0.000000 0.000000 -1.038446
    58 -0.009424 0.003368 0.009511 3.138994 -0.007577 -0.001092
    59 -0.009795 0.006993 0.001619 3.137400 -0.006826 0.001062
    60 -0.005070 0.017085 0.007624 3.135509 0.005211 0.001477
    61 3.684113 -0.153569 -1.419744 -0.096816 -0.253004 -0.554907
    62 1.701014 -0.000001 0.000000 0.000000 0.000000 -1.867498
    63 0.994705 -0.000004 0.000000 0.000000 0.000000 -0.715585
    64 0.015236 0.000657 -0.012633 3.136885 0.014164 0.000018
    65 -0.014324 -0.018461 0.000846 -3.134644 0.013210 0.007851
    66 -0.020566 0.000650 -0.004019 -3.126894 -0.002595 -0.013678
    67 1.068097 -1.283652 -0.986552 -2.099602 0.354164 -0.554602
    68 1.836308 -0.000002 0.000001 0.083362 -0.004879 -0.597428
    69 1.223948 0.000001 -0.000002 -0.030976 -0.071338 -0.420800
    70 -0.026768 0.000412 0.021024 -3.135050 0.011560 0.031832
    71 -0.030946 0.015453 0.007155 3.126687 -0.014474 -0.013279
    72 0.024326 0.034636 0.000721 -3.121606 0.015525 0.030344
    73 -0.046000 0.019587 0.021797 3.134639 0.020864 -0.001670
    74 6.694322 0.000002 0.000001 -1.229811 -0.122128 0.105143
    75 -6.579163 -0.452807 0.914976 1.390020 0.137634 0.072730
    76 -6.553783 -0.454803 0.900534 1.387994 0.108045 0.086436
  time 18
    0 -11.938782 7.681628 -9.873439 4.447329 0.518290 -1.502525
    1 7.820313 -3.039063 -8.804688 -1.082104 0.087263 -1.570797
    2 -0.000001 0.000002 0.000000 0.017818 0.035797 0.796610
    3 10.907404 0.000001 -0.000001 0.000000 0.000025 -0.946565
    4 10.424325 -0.000011 -0.000033 2.507843 0.174217 -0.133358
    5 2.997275 0.005409 -1.477475 0.000000 0.000000 -0.287977
    6 1.510384 -0.000004 0.000000 0.000000 0.000000 -0.506144
    7 0.808659 -0.000001 0.000001 0.000000 0.000000 -0.471238
    8 -0.005463 0.010882 0.011922 -3.130701 -0.002586 -0.018476
    9 -0.001080 -0.005339 -0.002780 -3.138880 -0.004640 0.012721
    10 -0.019963 -0.004463 0.017139 3.137685 -0.000240 0.002472
    11 3.305800 0.203115 -0.546730 0.000000 0.000000 -0.305433
    12 1.807178 0.000000 -0.000004 0.000000 0.000000 -0.453785
    13 0.966141 0.000003 -0.000001 0.000000 0.000000 -0.314158
    14 -0.002205 0.006298 0.000417 3.133979 -0.003058 0.005338
    15 0.007872 0.003559 -0.000436 -3.124798 -0.001004 0.009074
    16 0.012690 -0.008244 0.010269 -3.131666 0.016691 0.012264
    17 3.571513 0.109304 0.409580 0.000000 0.000000 -0.244345
    18 2.150648 0.000002 -0.000003 0.000000 0.000000 -0.479966
    19 1.152746 -0.000003 0.000003 0.000000 0.000000 -0.340337
    20 0.000419 0.016150 0.002405 3.136320 -0.007304 -0.003105
    21 0.001816 -0.009672 -0.007393 3.139013 -0.008631 -0.008588
    22 -0.003752 -0.011593 -0.001195 3.133090 0.002976 0.014444
    23 3.684098 -0.158697 1.419183 0.000000 0.000000 -0.069812
    24 1.701014 0.000004 0.000004 0.000000 0.000000 -0.418878
    25 0.994714 -0.000002 -0.000008 0.000000 0.000000 -0.174532
    26 0.021160 0.011093 -0.004108 -3.137926 -0.002080 -0.001153
    27 -0.003428 0.010128 -0.008341 -3.140832 -0.004146 -0.019238
    28 0.004127 0.010881 0.000767 3.138806 -0.003164 -0.013821
    29 1.068074 -1.287202 0.981906 1.988092 -0.717834 -0.545799
    30 1.836308 -0.000001 0.000002 0.031406 -0.185509 -0.353979
    31 1.223949 -0.000002 0.000002 0.021546 -0.034467 -0.362542
    32 -0.012758 0.013269 0.005633 -3.132442 0.011957 -0.016684
    33 0.003252 0.002937 0.004907 3.134101 -0.012025 0.011384
    34 0.017597 0.001415 -0.271330 3.132743 -0.094250 -0.000348
    35 -0.034845 0.015532 -0.006371 -3.119476 -0.012752 0.011827
    36 6.868289 0.000003 0.000003 1.848166 0.037595 0.156306
    37 -6.002364 -0.460211 -0.868646 -0.695749 -0.131805 0.077518
    38 -6.002752 -0.459276 -0.867383 -0.699507 -0.131813 0.077097
    39 -10.921875 -4.957031 -11.492188 -1.570794 0.087264 -1.570796
    40 -0.000001 -0.000002 0.000004 0.139887 0.153213 -2.299753
    41 10.907397 0.000000 -0.000001 -0.000346 -0.000019 -1.514467
    42 10.424307 0.000001 0.000016 -1.638261 -0.137471 -2.281488
    43 2.997296 0.000062 1.477484 0.000000 0.000000 -1.038469
    44 1.510386 -0.000002 0.000000 0.000000 0.000000 -0.846484
    45 0.808652 0.000001 -0.000003 -0.119283 0.003523 -1.747148
    46 -0.010181 0.001544 -0.002427 3.133438 0.004938 -0.014530
    47 -0.007761 0.000776 -0.012938 -3.140949 0.009512 -0.002789
    48 -0.003515 0.022163 -0.007593 -3.131007 0.004989 -0.015563
    49 3.305811 0.201132 0.547463 0.105764 -0.028116 -1.071979
    50 1.807181 -0.000005 -0.000002 0.025091 -0.090975 -1.128935
    51 0.966146 0.000000 0.000000 0.000000 0.000000 -1.579521
    52 -0.004041 0.002991 -0.002260 -3.129316 0.007469 -0.002160
    53 -0.016014 -0.012525 -0.005755 -3.127586 -0.003209 -0.007102
    54 -0.010741 -0.015351 -0.005964 -3.141244 -0.014366 0.013993
    55 3.571526 0.110787 -0.409180 0.049846 -0.139786 -1.076866
    56 2.150658 0.000000 0.000000 0.000000 0.000000 -1.884952
    57 1.152748 0.000002 -0.000001 0.000000 0.000000 -1.038446
    58 -0.009424 0.003368 0.009511 3.138994 -0.007577 -0.001092
    59 -0.009795 0.006993 0.001619 3.137400 -0.006826 0.001062
    60 -0.005070 0.017085 0.007624 3.135509 0.005211 0.001477
    61 3.684113 -0.153569 -1.419744 -0.096816 -0.253004 -0.554907
    62 1.701014 -0.000001 0.000000 0.000000 0.000000 -1.867498
    63 0.994705 -0.000004 0.000000 0.000000 0.000000 -0.715585
    64 0.015236 0.000657 -0.012633 3.136885 0.014164 0.000018
    65 -0.014324 -0.018461 0.000846 -3.134644 0.013210 0.007851
    66 -0.020566 0.000650 -0.004019 -3.126894 -0.002595 -0.013678
    67 1.068097 -1.283652 -0.986552 -2.099602 0.354164 -0.554602
    68 1.836308 -0.000002 0.000001 0.083362 -0.004879 -0.597428
    69 1.223948 0.000001 -0.000002 -0.030976 -0.071338 -0.420800
    70 -0.026768 0.000412 0.021024 -3.135050 0.011560 0.031832
    71 -0.030946 0.015453 0.007155 3.126687 -0.014474 -0.013279
    72 0.024326 0.034636 0.000721 -3.121606 0.015525 0.030344
    73 -0.046000 0.019587 0.021797 3.134639 0.020864 -0.001670
    74 6.694322 0.000002 0.000001 -2.888016 0.116101 0.111770
    75 -6.579163 -0.452807 0.914976 1.390020 0.137634 0.072730
    76 -6.553783 -0.454803 0.900534 1.387994 0.108045 0.086436
  time 19
    0 -14.524798 2.017392 -21.760520 4.541530 0.267343 -1.801926
    1 7.820313 -3.039063 -8.804688 -1.082104 0.087263 -1.570797
    2 -0.000001 0.000002 0.000000 0.017818 0.035797 0.796610
    3 10.907404 0.000001 -0.000001 0.000000 0.000025 -0.946565
    4 10.424325 -0.000011 -0.000033 2.507843 0.174217 -0.133358
    5 2.997275 0.005409 -1.477475 0.000000 0.000000 -0.287977
    6 1.510384 -0.000004 0.000000 0.000000 0.000000 -0.506144
    7 0.808659 -0.000001 0.000001 0.000000 0.000000 -0.471238
    8 -0.005463 0.010882 0.011922 -3.130701 -0.002586 -0.018476
    9 -0.001080 -0.005339 -0.002780 -3.138880 -0.004640 0.012721
    10 -0.019963 -0.004463 0.017139 3.137685 -0.000240 0.002472
    11 3.305800 0.203115 -0.546730 0.000000 0.000000 -0.305433
    12 1.807178 0.000000 -0.000004 0.000000 0.000000 -0.453785
    13 0.966141 0.000003 -0.000001 0.000000 0.000000 -0.314158
    14 -0.002205 0.006298 0.000417 3.133979 -0.003058 0.005338
    15 0.007872 0.003559 -0.000436 -3.124798 -0.001004 0.009074
    16 0.012690 -0.008244 0.010269 -3.131666 0.016691 0.012264
    17 3.571513 0.109304 0.409580 0.000000 0.000000 -0.244345
    18 2.150648 0.000002 -0.000003 0.000000 0.000000 -0.479966
    19 1.152746 -0.000003 0.000003 0.000000 0.000000 -0.340337
    20 0.000419 0.016150 0.002405 3.136320 -0.007304 -0.003105
    21 0.001816 -0.009672 -0.007393 3.139013 -0.008631 -0.008588
    22 -0.003752 -0.011593 -0.001195 3.133090 0.002976 0.014444
    23 3.684098 -0.158697 1.419183 0.000000 0.000000 -0.069812
    24 1.701014 0.000004 0.000004 0.000000 0.000000 -0.418878
    25 0.994714 -0.000002 -0.000008 0.000000 0.000000 -0.174532
    26 0.021160 0.011093 -0.004108 -3.137926 -0.002080 -0.001153
    27 -0.003428 0.010128 -0.008341 -3.140832 -0.004146 -0.019238
    28 0.004127 0.010881 0.000767 3.138806 -0.003164 -0.013821
    29 1.068074 -1.287202 0.981906 1.988092 -0.717834 -0.545799
    30 1.836308 -0.000001 0.000002 0.031406 -0.185509 -0.353979
    31 1.223949 -0.000002 0.000002 0.021546 -0.034467 -0.362542
    32 -0.012758 0.013269 0.005633 -3.132442 0.011957 -0.016684
    33 0.003252 0.002937 0.004907 3.134101 -0.012025 0.011384
    34 0.017597 0.001415 -0.271330 3.132743 -0.094250 -0.000348
    35 -0.034845 0.015532 -0.006371 -3.119476 -0.012752 0.011827
    36 6.868289 0.000003 0.000003 1.848166 0.037595 0.156306
    37 -6.002364 -0.460211 -0.868646 -0.695749 -0.131805 0.077518
    38 -6.002752 -0.459276 -0.867383 -0.699507 -0.131813 0.077097
    39 -10.921875 -4.957031 -11.492188 -1.570794 0.087264 -1.570796
    40 -0.000001 -0.000002 0.000004 0.237461 0.238162 3.072101
    41 10.907397 0.000000 -0.000001 -0.000346 -0.000019 -1.586406
    42 10.424307 0.000001 0.000016 -1.309866 0.217535 -1.534124
    43 2.997296 0.000062 1.477484 0.000000 0.000000 -1.038469
    44 1.510386 -0.000002 0.000000 0.000000 0.000000 -0.846484
    45 0.808652 0.000001 -0.000003 -0.119283 0.003523 -1.747148
    46 -0.010181 0.001544 -0.002427 3.133438 0.004938 -0.014530
    47 -0.007761 0.000776 -0.012938 -3.140949 0.009512 -0.002789
    48 -0.003515 0.022163 -0.007593 -3.131007 0.004989 -0.015563
    49 3.305811 0.201132 0.547463 0.105764 -0.028116 -1.071979
    50 1.807181 -0.000005 -0.000002 0.025091 -0.090975 -1.128935
    51 0.966146 0.000000 0.000000 0.000000 0.000000 -1.579521
    52 -0.004041 0.002991 -0.002260 -3.129316 0.007469 -0.002160
    53 -0.016014 -0.012525 -0.005755 -3.127586 -0.003209 -0.007102
    54 -0.010741 -0.015351 -0.005964 -3.141244 -0.014366 0.013993
    55 3.571526 0.110787 -0.409180 0.049846 -0.139786 -1.076866
    56 2.150658 0.000000 0.000000 0.000000 0.000000 -1.884952
    57 1.152748 0.000002 -0.000001 0.000000 0.000000 -1.038446
    58 -0.009424 0.003368 0.009511 3.138994 -0.007577 -0.001092
    59 -0.009795 0.006993 0.001619 3.137400 -0.006826 0.001062
    60 -0.005070 0.017085 0.007624 3.135509 0.005211 0.001477
    61 3.684113 -0.153569 -1.419744 -0.096816 -0.253004 -0.554907
    62 1.701014 -0.000001 0.000000 0.000000 0.000000 -1.867498
    63 0.994705 -0.000004 0.000000 0.000000 0.000000 -0.715585
    64 0.015236 0.000657 -0.012633 3.136885 0.014164 0.000018
    65 -0.014324 -0.018461 0.000846 -3.134644 0.013210 0.007851
    66 -0.020566 0.000650 -0.004019 -3.126894 -0.002595 -0.013678
    67 1.068097 -1.283652 -0.986552 -2.099602 0.354164 -0.554602
    68 1.836308 -0.000002 0.000001 0.083362 -0.004879 -0.597428
    69 1.223948 0.000001 -0.000002 -0.030976 -0.071338 -0.420800
    70 -0.026768 0.000412 0.021024 -3.135050 0.011560 0.031832
    71 -0.030946 0.015453 0.007155 3.126687 -0.014474 -0.013279
    72 0.024326 0.034636 0.000721 -3.121606 0.015525 0.030344
    73 -0.046000 0.019587 0.021797 3.134639 0.020864 -0.001670
    74 6.694322 0.000002 0.000001 -0.549321 -0.160898 0.005347
    75 -6.579163 -0.452807 0.914976 1.390020 0.137634 0.072730
    76 -6.553783 -0.454803 0.900534 1.387994 0.108045 0.086436
  time 20
    0 -16.759241 -3.342146 -28.545884 4.433536 0.266381 -2.032570
    1 7.820313 -3.039063 -8.804688 -1.082104 0.087263 -1.570797
    2 -0.000001 0.000002 0.000000 0.017818 0.035797 0.796610
    3 10.907404 0.000001 -0.000001 0.000000 0.000025 -0.946565
    4 10.424325 -0.000011 -0.000033 2.507843 0.174217 -0.133358
    5 2.997275 0.005409 -1.477475 0.000000 0.000000 -0.287977
    6 1.510384 -0.000004 0.000000 0.000000 0.000000 -0.506144
    7 0.808659 -0.000001 0.000001 0.000000 0.000000 -0.471238
    8 -0.005463 0.010882 0.011922 -3.130701 -0.002586 -0.018476
    9 -0.001080 -0.005339 -0.002780 -3.138880 -0.004640 0.012721
    10 -0.019963 -0.004463 0.017139 3.137685 -0.000240 0.002472
    11 3.305800 0.203115 -0.546730 0.000000 0.000000 -0.305433
    12 1.807178 0.000000 -0.000004 0.000000 0.000000 -0.453785
    13 0.966141 0.000003 -0.000001 0.000000 0.000000 -0.314158
    14 -0.002205 0.006298 0.000417 3.133979 -0.003058 0.005338
    15 0.007872 0.003559 -0.000436 -3.124798 -0.001004 0.009074
    16 0.012690 -0.008244 0.010269 -3.131666 0.016691 0.012264
    17 3.571513 0.109304 0.409580 0.000000 0.000000 -0.244345
    18 2.150648 0.000002 -0.000003 0.000000 0.000000 -0.479966
    19 1.152746 -0.000003 0.000003 0.000000 0.000000 -0.340337
    20 0.000419 0.016150 0.002405 3.136320 -0.007304 -0.003105
    21 0.001816 -0.009672 -0.007393 3.139013 -0.008631 -0.008588
    22 -0.003752 -0.011593 -0.001195 3.133090 0.002976 0.014444
    23 3.684098 -0.158697 1.419183 0.000000 0.000000 -0.069812
    24 1.701014 0.000004 0.000004 0.000000 0.000000 -0.418878
    25 0.994714 -0.000002 -0.000008 0.000000 0.000000 -0.174532
    26 0.021160 0.011093 -0.004108 -3.137926 -0.002080 -0.001153
    27 -0.003428 0.010128 -0.008341 -3.140832 -0.004146 -0.019238
    28 0.004127 0.010881 0.000767 3.138806 -0.003164 -0.013821
    29 1.068074 -1.287202 0.981906 1.988092 -0.717834 -0.545799
    30 1.836308 -0.000001 0.000002 0.031406 -0.185509 -0.353979
    31 1.223949 -0.000002 0.000002 0.021546 -0.034467 -0.362542
    32 -0.012758 0.013269 0.005633 -3.132442 0.011957 -0.016684
    33 0.003252 0.002937 0.004907 3.134101 -0.012025 0.011384
    34 0.017597 0.001415 -0.271330 3.132743 -0.094250 -0.000348
    35 -0.034845 0.015532 -0.006371 -3.119476 -0.012752 0.011827
    36 6.868289 0.000003 0.000003 1.848166 0.037595 0.156306
    37 -6.002364 -0.460211 -0.868646 -0.695749 -0.131805 0.077518
    38 -6.002752 -0.459276 -0.867383 -0.699507 -0.131813 0.077097
    39 -10.921875 -4.957031 -11.492188 -1.570794 0.087264 -1.570796
    40 -0.000001 -0.000002 0.000004 0.183417 0.310742 2.315302
    41 10.907397 0.000000 -0.000001 -0.000346 -0.000019 -1.059936
    42 10.424307 0.000001 0.000016 -1.285571 0.264057 -1.220103
    43 2.997296 0.000062 1.477484 0.000000 0.000000 -1.038469
    44 1.510386 -0.000002 0.000000 0.000000 0.000000 -0.846484
    45 0.808652 0.000001 -0.000003 -0.119283 0.003523 -1.747148
    46 -0.010181 0.001544 -0.002427 3.133438 0.004938 -0.014530
    47 -0.007761 0.000776 -0.012938 -3.140949 0.009512 -0.002789
    48 -0.003515 0.022163 -0.007593 -3.131007 0.004989 -0.015563
    49 3.305811 0.201132 0.547463 0.105764 -0.028116 -1.071979
    50 1.807181 -0.000005 -0.000002 0.025091 -0.090975 -1.128935
    51 0.966146 0.000000 0.000000 0.000000 0.000000 -1.579521
    52 -0.004041 0.002991 -0.002260 -3.129316 0.007469 -0.002160
    53 -0.016014 -0.012525 -0.005755 -3.127586 -0.003209 -0.007102
    54 -0.010741 -0.015351 -0.005964 -3.141244 -0.014366 0.013993
    55 3.571526 0.110787 -0.409180 0.049846 -0.139786 -1.076866
    56 2.150658 0.000000 0.000000 0.000000 0.000000 -1.884952
    57 1.152748 0.000002 -0.000001 0.000000 0.000000 -1.038446
    58 -0.009424 0.003368 0.009511 3.138994 -0.007577 -0.001092
    59 -0.009795 0.006993 0.001619 3.137400 -0.006826 0.001062
    60 -0.005070 0.017085 0.007624 3.135509 0.005211 0.001477
    61 3.684113 -0.153569 -1.419744 -0.096816 -0.253004 -0.554907
    62 1.701014 -0.000001 0.000000 0.000000 0.000000 -1.867498
    63 0.994705 -0.000004 0.000000 0.000000 0.000000 -0.715585
    64 0.015236 0.000657 -0.012633 3.136885 0.014164 0.000018
    65 -0.014324 -0.018461 0.000846 -3.134644 0.013210 0.007851
    66 -0.020566 0.000650 -0.004019 -3.126894 -0.002595 -0.013678
    67 1.068097 -1.283652 -0.986552 -2.099602 0.354164 -0.554602
    68 1.836308 -0.000002 0.000001 0.083362 -0.004879 -0.597428
    69 1.223948 0.000001 -0.000002 -0.030976 -0.071338 -0.420800
    70 -0.026768 0.000412 0.021024 -3.135050 0.011560 0.031832
    71 -0.030946 0.015453 0.007155 3.126687 -0.014474 -0.013279
    72 0.024326 0.034636 0.000721 -3.121606 0.015525 0.030344
    73 -0.046000 0.019587 0.021797 3.134639 0.020864 -0.001670
    74 6.694322 0.000002 0.000001 -0.976523 -0.144456 0.071298
    75 -6.579163 -0.452807 0.914976 1.390020 0.137634 0.072730
    76 -6.553783 -0.454803 0.900534 1.387994 0.108045 0.086436
  time 21
    0 -18.407729 -8.990756 -27.600542 1.543319 -0.459661 2.061168
    1 7.820313 -3.039063 -8.804688 -1.082104 0.087263 -1.570797
    2 -0.000001 0.000002 0.000000 0.017818 0.035797 0.796610
    3 10.907404 0.000001 -0.000001 0.000000 0.000025 -0.946565
    4 10.424325 -0.000011 -0.000033 2.507843 0.174217 -0.133358
    5 2.997275 0.005409 -1.477475 0.000000 0.000000 -0.287977
    6 1.510384 -0.000004 0.000000 0.000000 0.000000 -0.506144
    7 0.808659 -0.000001 0.000001 0.000000 0.000000 -0.471238
    8 -0.005463 0.010882 0.011922 -3.130701 -0.002586 -0.018476
    9 -0.001080 -0.005339 -0.002780 -3.138880 -0.004640 0.012721
    10 -0.019963 -0.004463 0.017139 3.137685 -0.000240 0.002472
    11 3.305800 0.203115 -0.546730 0.000000 0.000000 -0.305433
    12 1.807178 0.000000 -0.000004 0.000000 0.000000 -0.453785
    13 0.966141 0.000003 -0.000001 0.000000 0.000000 -0.314158
    14 -0.002205 0.006298 0.000417 3.133979 -0.003058 0.005338
    15 0.007872 0.003559 -0.000436 -3.124798 -0.001004 0.009074
    16 0.012690 -0.008244 0.010269 -3.131666 0.016691 0.012264
    17 3.571513 0.109304 0.409580 0.000000 0.000000 -0.244345
    18 2.150648 0.000002 -0.000003 0.000000 0.000000 -0.479966
    19 1.152746 -0.000003 0.000003 0.000000 0.000000 -0.340337
    20 0.000419 0.016150 0.002405 3.136320 -0.007304 -0.003105
    21 0.001816 -0.009672 -0.007393 3.139013 -0.008631 -0.008588
    22 -0.003752 -0.011593 -0.001195 3.133090 0.002976 0.014444
    23 3.684098 -0.158697 1.419183 0.000000 0.000000 -0.069812
    24 1.701014 0.000004 0.000004 0.000000 0.000000 -0.418878
    25 0.994714 -0.000002 -0.000008 0.000000 0.000000 -0.174532
    26 0.021160 0.011093 -0.004108 -3.137926 -0.002080 -0.001153
    27 -0.003428 0.010128 -0.008341 -3.140832 -0.004146 -0.019238
    28 0.004127 0.010881 0.000767 3.138806 -0.003164 -0.013821
    29 1.068074 -1.287202 0.981906 1.988092 -0.717834 -0.545799
    30 1.836308 -0.000001 0.000002 0.031406 -0.185509 -0.353979
    31 1.223949 -0.000002 0.000002 0.021546 -0.034467 -0.362542
    32 -0.012758 0.013269 0.005633 -3.132442 0.011957 -0.016684
    33 0.003252 0.002937 0.004907 3.134101 -0.012025 0.011384
    34 0.017597 0.001415 -0.271330 3.132743 -0.094250 -0.000348
    35 -0.034845 0.015532 -0.006371 -3.119476 -0.012752 0.011827
    36 6.868289 0.000003 0.000003 1.848166 0.037595 0.156306
    37 -6.002364 -0.460211 -0.868646 -0.695749 -0.131805 0.077518
    38 -6.002752 -0.459276 -0.867383 -0.699507 -0.131813 0.077097
    39 -10.921875 -4.957031 -11.492188 -1.570794 0.087264 -1.570796
    40 -0.000001 -0.000002 0.000004 0.282520 0.362363 2.116977
    41 10.907397 0.000000 -0.000001 -0.000346 -0.000019 -1.302394
    42 10.424307 0.000001 0.000016 -1.340964 0.262037 -0.638260
    43 2.997296 0.000062 1.477484 0.000000 0.000000 -1.038469
    44 1.510386 -0.000002 0.000000 0.000000 0.000000 -0.846484
    45 0.808652 0.000001 -0.000003 -0.119283 0.003523 -1.747148
    46 -0.010181 0.001544 -0.002427 3.133438 0.004938 -0.014530
    47 -0.007761 0.000776 -0.012938 -3.140949 0.009512 -0.002789
    48 -0.003515 0.022163 -0.007593 -3.131007 0.004989 -0.015563
    49 3.305811 0.201132 0.547463 0.105764 -0.028116 -1.071979
    50 1.807181 -0.000005 -0.000002 0.025091 -0.090975 -1.128935
    51 0.966146 0.000000 0.000000 0.000000 0.000000 -1.579521
    52 -0.004041 0.002991 -0.002260 -3.129316 0.007469 -0.002160
    53 -0.016014 -0.012525 -0.005755 -3.127586 -0.003209 -0.007102
    54 -0.010741 -0.015351 -0.005964 -3.141244 -0.014366 0.013993
    55 3.571526 0.110787 -0.409180 0.049846 -0.139786 -1.076866
    56 2.150658 0.000000 0.000000 0.000000 0.000000 -1.884952
    57 1.152748 0.000002 -0.000001 0.000000 0.000000 -1.038446
    58 -0.009424 0.003368 0.009511 3.138994 -0.007577 -0.001092
    59 -0.009795 0.006993 0.001619 3.137400 -0.006826 0.001062
    60 -0.005070 0.017085 0.007624 3.135509 0.005211 0.001477
    61 3.684113 -0.153569 -1.419744 -0.096816 -0.253004 -0.554907
    62 1.701014 -0.000001 0.000000 0.000000 0.000000 -1.867498
    63 0.994705 -0.000004 0.000000 0.000000 0.000000 -0.715585
    64 0.015236 0.000657 -0.012633 3.136885 0.014164 0.000018
    65 -0.014324 -0.018461 0.000846 -3.134644 0.013210 0.007851
    66 -0.020566 0.000650 -0.004019 -3.126894 -0.002595 -0.013678
    67 1.068097 -1.283652 -0.986552 -2.099602 0.354164 -0.554602
    68 1.836308 -0.000002 0.000001 0.083362 -0.004879 -0.597428
    69 1.223948 0.000001 -0.000002 -0.030976 -0.071338 -0.420800
    70 -0.026768 0.000412 0.021024 -3.135050 0.011560 0.031832
    71 -0.030946 0.015453 0.007155 3.126687 -0.014474 -0.013279
    72 0.024326 0.034636 0.000721 -3.121606 0.015525 0.030344
    73 -0.046000 0.019587 0.021797 3.134639 0.020864 -0.001670
    74 6.694322 0.000002 0.000001 -1.237484 -0.121325 0.106077
    75 -6.579163 -0.452807 0.914976 1.390020 0.137634 0.072730
    76 -6.553783 -0.454803 0.900534 1.387994 0.108045 0.086436
  time 22
    0 -19.134314 -13.588553 -25.416882 1.598113 -0.551877 1.970030
    1 7.820313 -3.039063 -8.804688 -1.082104 0.087263 -1.570797
    2 -0.000001 0.000002 0.000000 0.017818 0.035797 0.796610
    3 10.907404 0.000001 -0.000001 0.000000 0.000025 -0.946565
    4 10.424325 -0.000011 -0.000033 2.507843 0.174217 -0.133358
    5 2.997275 0.005409 -1.477475 0.000000 0.000000 -0.287977
    6 1.510384 -0.000004 0.000000 0.000000 0.000000 -0.506144
    7 0.808659 -0.000001 0.000001 0.000000 0.000000 -0.471238
    8 -0.005463 0.010882 0.011922 -3.130701 -0.002586 -0.018476
    9 -0.001080 -0.005339 -0.002780 -3.138880 -0.004640 0.012721
    10 -0.019963 -0.004463 0.017139 3.137685 -0.000240 0.002472
    11 3.305800 0.203115 -0.546730 0.000000 0.000000 -0.305433
    12 1.807178 0.000000 -0.000004 0.000000 0.000000 -0.453785
    13 0.966141 0.000003 -0.000001 0.000000 0.000000 -0.314158
    14 -0.002205 0.006298 0.000417 3.133979 -0.003058 0.005338
    15 0.007872 0.003559 -0.000436 -3.124798 -0.001004 0.009074
    16 0.012690 -0.008244 0.010269 -3.131666 0.016691 0.012264
    17 3.571513 0.109304 0.409580 0.000000 0.000000 -0.244345
    18 2.150648 0.000002 -0.000003 0.000000 0.000000 -0.479966
    19 1.152746 -0.000003 0.000003 0.000000 0.000000 -0.340337
    20 0.000419 0.016150 0.002405 3.136320 -0.007304 -0.003105
    21 0.001816 -0.009672 -0.007393 3.139013 -0.008631 -0.008588
    22 -0.003752 -0.011593 -0.001195 3.133090 0.002976 0.014444
    23 3.684098 -0.158697 1.419183 0.000000 0.000000 -0.069812
    24 1.701014 0.000004 0.000004 0.000000 0.000000 -0.418878
    25 0.994714 -0.000002 -0.000008 0.000000 0.000000 -0.174532
    26 0.021160 0.011093 -0.004108 -3.137926 -0.002080 -0.001153
    27 -0.003428 0.010128 -0.008341 -3.140832 -0.004146 -0.019238
    28 0.004127 0.010881 0.000767 3.138806 -0.003164 -0.013821
    29 1.068074 -1.287202 0.981906 1.988092 -0.717834 -0.545799
    30 1.836308 -0.000001 0.000002 0.031406 -0.185509 -0.353979
    31 1.223949 -0.000002 0.000002 0.021546 -0.034467 -0.362542
    32 -0.012758 0.013269 0.005633 -3.132442 0.011957 -0.016684
    33 0.003252 0.002937 0.004907 3.134101 -0.012025 0.011384
    34 0.017597 0.001415 -0.271330 3.132743 -0.094250 -0.000348
    35 -0.034845 0.015532 -0.006371 -3.119476 -0.012752 0.011827
    36 6.868289 0.000003 0.000003 1.848166 0.037595 0.156306
    37 -6.002364 -0.460211 -0.868646 -0.695749 -0.131805 0.077518
    38 -6.002752 -0.459276 -0.867383 -0.699507 -0.131813 0.077097
    39 -10.921875 -4.957031 -11.492188 -1.570794 0.087264 -1.570796
    40 -0.000001 -0.000002 0.000004 0.349885 0.386359 1.849876
    41 10.907397 0.000000 -0.000001 -0.000346 -0.000019 -1.439377
    42 10.424307 0.000001 0.000016 -1.442031 0.140498 -0.201444
    43 2.997296 0.000062 1.477484 0.000000 0.000000 -1.038469
    44 1.510386 -0.000002 0.000000 0.000000 0.000000 -0.846484
    45 0.808652 0.000001 -0.000003 -0.119283 0.003523 -1.747148
    46 -0.010181 0.001544 -0.002427 3.133438 0.004938 -0.014530
    47 -0.007761 0.000776 -0.012938 -3.140949 0.009512 -0.002789
    48 -0.003515 0.022163 -0.007593 -3.131007 0.004989 -0.015563
    49 3.305811 0.201132 0.547463 0.105764 -0.028116 -1.071979
    50 1.807181 -0.000005 -0.000002 0.025091 -0.090975 -1.128935
    51 0.966146 0.000000 0.000000 0.000000 0.000000 -1.579521
    52 -0.004041 0.002991 -0.002260 -3.129316 0.007469 -0.002160
    53 -0.016014 -0.012525 -0.005755 -3.127586 -0.003209 -0.007102
    54 -0.010741 -0.015351 -0.005964 -3.141244 -0.014366 0.013993
    55 3.571526 0.110787 -0.409180 0.049846 -0.139786 -1.076866
    56 2.150658 0.000000 0.000000 0.000000 0.000000 -1.884952
    57 1.152748 0.000002 -0.000001 0.000000 0.000000 -1.038446
    58 -0.009424 0.003368 0.009511 3.138994 -0.007577 -0.001092
    59 -0.009795 0.006993 0.001619 3.137400 -0.006826 0.001062
    60 -0.005070 0.017085 0.007624 3.135509 0.005211 0.001477
    61 3.684113 -0.153569 -1.419744 -0.096816 -0.253004 -0.554907
    62 1.701014 -0.000001 0.000000 0.000000 0.000000 -1.867498
    63 0.994705 -0.000004 0.000000 0.000000 0.000000 -0.715585
    64 0.015236 0.000657 -0.012633 3.136885 0.014164 0.000018
    65 -0.014324 -0.018461 0.000846 -3.134644 0.013210 0.007851
    66 -0.020566 0.000650 -0.004019 -3.126894 -0.002595 -0.013678
    67 1.068097 -1.283652 -0.986552 -2.099602 0.354164 -0.554602
    68 1.836308 -0.000002 0.000001 0.083362 -0.004879 -0.597428
    69 1.223948 0.000001 -0.000002 -0.030976 -0.071338 -0.420800
    70 -0.026768 0.000412 0.021024 -3.135050 0.011560 0.031832
    71 -0.030946 0.015453 0.007155 3.126687 -0.014474 -0.013279
    72 0.024326 0.034636 0.000721 -3.121606 0.015525 0.030344
    73 -0.046000 0.019587 0.021797 3.134639 0.020864 -0.001670
    74 6.694322 0.000002 0.000001 -1.315535 -0.112708 0.115198
    75 -6.579163 -0.452807 0.914976 1.390020 0.137634 0.072730
    76 -6.553783 -0.454803 0.900534 1.387994 0.108045 0.086436
  time 23
    0 -18.872587 -16.158944 -22.873835 1.630108 -0.517977 1.956848
    1 7.820313 -3.039063 -8.804688 -1.082104 0.087263 -1.570797
    2 -0.000001 0.000002 0.000000 0.009066 0.017429 0.776274
    3 10.907404 0.000001 -0.000001 0.000000 0.000025 -0.983155
    4 10.424325 -0.000011 -0.000033 2.488698 0.168500 -0.107116
    5 2.997275 0.005409 -1.477475 0.000000 0.000000 -0.287977
    6 1.510384 -0.000004 0.000000 0.000000 0.000000 -0.506144
    7 0.808659 -0.000001 0.000001 0.000000 0.000000 -0.471238
    8 -0.005463 0.010882 0.011922 -3.130701 -0.002586 -0.018476
    9 -0.001080 -0.005339 -0.002780 -3.138880 -0.004640 0.012721
    10 -0.019963 -0.004463 0.017139 3.137685 -0.000240 0.002472
    11 3.305800 0.203115 -0.546730 0.000000 0.000000 -0.305433
    12 1.807178 0.000000 -0.000004 0.000000 0.000000 -0.453785
    13 0.966141 0.000003 -0.000001 0.000000 0.000000 -0.314158
    14 -0.002205 0.006298 0.000417 3.133979 -0.003058 0.005338
    15 0.007872 0.003559 -0.000436 -3.124798 -0.001004 0.009074
    16 0.012690 -0.008244 0.010269 -3.131666 0.016691 0.012264
    17 3.571513 0.109304 0.409580 0.000000 0.000000 -0.244345
    18 2.150648 0.000002 -0.000003 0.000000 0.000000 -0.479966
    19 1.152746 -0.000003 0.000003 0.000000 0.000000 -0.340337
    20 0.000419 0.016150 0.002405 3.136320 -0.007304 -0.003105
    21 0.001816 -0.009672 -0.007393 3.139013 -0.008631 -0.008588
    22 -0.003752 -0.011593 -0.001195 3.133090 0.002976 0.014444
    23 3.684098 -0.158697 1.419183 0.000000 0.000000 -0.069812
    24 1.701014 0.000004 0.000004 0.000000 0.000000 -0.418878
    25 0.994714 -0.000002 -0.000008 0.000000 0.000000 -0.174532
    26 0.021160 0.011093 -0.004108 -3.137926 -0.002080 -0.001153
    27 -0.003428 0.010128 -0.008341 -3.140832 -0.004146 -0.019238
    28 0.004127 0.010881 0.000767 3.138806 -0.003164 -0.013821
    29 1.068074 -1.287202 0.981906 1.988092 -0.717834 -0.545799
    30 1.836308 -0.000001 0.000002 0.031406 -0.185509 -0.353979
    31 1.223949 -0.000002 0.000002 0.021546 -0.034467 -0.362542
    32 -0.012758 0.013269 0.005633 -3.132442 0.011957 -0.016684
    33 0.003252 0.002937 0.004907 3.134101 -0.012025 0.011384
    34 0.017597 0.001415 -0.271330 3.132743 -0.094250 -0.000348
    35 -0.034845 0.015532 -0.006371 -3.119476 -0.012752 0.011827
    36 6.868289 0.000003 0.000003 1.836317 0.039453 0.155851
    37 -6.002364 -0.460211 -0.868646 -0.695749 -0.131805 0.077518
    38 -6.002752 -0.459276 -0.867383 -0.699507 -0.131813 0.077097
    39 -10.921875 -4.957031 -11.492188 -1.570794 0.087264 -1.570796
    40 -0.000001 -0.000002 0.000004 0.378979 0.374509 1.657126
    41 10.907397 0.000000 -0.000001 -0.000346 -0.000019 -1.553920
    42 10.424307 0.000001 0.000016 -1.514319 0.054710 0.028341
    43 2.997296 0.000062 1.477484 0.000000 0.000000 -1.038469
    44 1.510386 -0.000002 0.000000 0.000000 0.000000 -0.846484
    45 0.808652 0.000001 -0.000003 -0.119283 0.003523 -1.747148
    46 -0.010181 0.001544 -0.002427 3.133438 0.004938 -0.014530
    47 -0.007761 0.000776 -0.012938 -3.140949 0.009512 -0.002789
    48 -0.003515 0.022163 -0.007593 -3.131007 0.004989 -0.015563
    49 3.305811 0.201132 0.547463 0.105764 -0.028116 -1.071979
    50 1.807181 -0.000005 -0.000002 0.025091 -0.090975 -1.128935
    51 0.966146 0.000000 0.000000 0.000000 0.000000 -1.579521
    52 -0.004041 0.002991 -0.002260 -3.129316 0.007469 -0.002160
    53 -0.016014 -0.012525 -0.005755 -3.127586 -0.003209 -0.007102
    54 -0.010741 -0.015351 -0.005964 -3.141244 -0.014366 0.013993
    55 3.571526 0.110787 -0.409180 0.049846 -0.139786 -1.076866
    56 2.150658 0.000000 0.000000 0.000000 0.000000 -1.884952
    57 1.152748 0.000002 -0.000001 0.000000 0.000000 -1.038446
    58 -0.009424 0.003368 0.009511 3.138994 -0.007577 -0.001092
    59 -0.009795 0.006993 0.001619 3.137400 -0.006826 0.001062
    60 -0.005070 0.017085 0.007624 3.135509 0.005211 0.001477
    61 3.684113 -0.153569 -1.419744 -0.096816 -0.253004 -0.554907
    62 1.701014 -0.000001 0.000000 0.000000 0.000000 -1.867498
    63 0.994705 -0.000004 0.000000 0.000000 0.000000 -0.715585
    64 0.015236 0.000657 -0.012633 3.136885 0.014164 0.000018
    65 -0.014324 -0.018461 0.000846 -3.134644 0.013210 0.007851
    66 -0.020566 0.000650 -0.004019 -3.126894 -0.002595 -0.013678
    67 1.068097 -1.283652 -0.986552 -2.099602 0.354164 -0.554602
    68 1.836308 -0.000002 0.000001 0.083362 -0.004879 -0.597428
    69 1.223948 0.000001 -0.000002 -0.030976 -0.071338 -0.420800
    70 -0.026768 0.000412 0.021024 -3.135050 0.011560 0.031832
    71 -0.030946 0.015453 0.007155 3.126687 -0.014474 -0.013279
    72 0.024326 0.034636 0.000721 -3.121606 0.015525 0.030344
    73 -0.046000 0.019587 0.021797 3.134639 0.020864 -0.001670
    74 6.694322 0.000002 0.000001 -1.352619 -0.108370 0.119284
    75 -6.579163 -0.452807 0.914976 1.390020 0.137634 0.072730
    76 -6.553783 -0.454803 0.900534 1.387994 0.108045 0.086436
  time 24
    0 -18.188972 -18.721522 -19.717489 1.707046 -0.428419 1.931052
    1 7.820313 -3.039063 -8.804688 -1.082104 0.087263 -1.570797
    2 -0.000001 0.000002 0.000000 -0.015852 -0.028550 0.706832
    3 10.907404 0.000001 -0.000001 0.000000 0.000025 -1.040150
    4 10.424325 -0.000011 -0.000033 2.445031 0.154070 -0.056333
    5 2.997275 0.005409 -1.477475 0.000000 0.000000 -0.287977
    6 1.510384 -0.000004 0.000000 0.000000 0.000000 -0.506144
    7 0.808659 -0.000001 0.000001 0.000000 0.000000 -0.471238
    8 -0.005463 0.010882 0.011922 -3.130701 -0.002586 -0.018476
    9 -0.001080 -0.005339 -0.002780 -3.138880 -0.004640 0.012721
    10 -0.019963 -0.004463 0.017139 3.137685 -0.000240 0.002472
    11 3.305800 0.203115 -0.546730 0.000000 0.000000 -0.305433
    12 1.807178 0.000000 -0.000004 0.000000 0.000000 -0.453785
    13 0.966141 0.000003 -0.000001 0.000000 0.000000 -0.314158
    14 -0.002205 0.006298 0.000417 3.133979 -0.003058 0.005338
    15 0.007872 0.003559 -0.000436 -3.124798 -0.001004 0.009074
    16 0.012690 -0.008244 0.010269 -3.131666 0.016691 0.012264
    17 3.571513 0.109304 0.409580 0.000000 0.000000 -0.244345
    18 2.150648 0.000002 -0.000003 0.000000 0.000000 -0.479966
    19 1.152746 -0.000003 0.000003 0.000000 0.000000 -0.340337
    20 0.000419 0.016150 0.002405 3.136320 -0.007304 -0.003105
    21 0.001816 -0.009672 -0.007393 3.139013 -0.008631 -0.008588
    22 -0.003752 -0.011593 -0.001195 3.133090 0.002976 0.014444
    23 3.684098 -0.158697 1.419183 0.000000 0.000000 -0.069812
    24 1.701014 0.000004 0.000004 0.000000 0.000000 -0.418878
    25 0.994714 -0.000002 -0.000008 0.000000 0.000000 -0.174532
    26 0.021160 0.011093 -0.004108 -3.137926 -0.002080 -0.001153
    27 -0.003428 0.010128 -0.008341 -3.140832 -0.004146 -0.019238
    28 0.004127 0.010881 0.000767 3.138806 -0.003164 -0.013821
    29 1.068074 -1.287202 0.981906 1.988092 -0.717834 -0.545799
    30 1.836308 -0.000001 0.000002 0.031406 -0.185509 -0.353979
    31 1.223949 -0.000002 0.000002 0.021546 -0.034467 -0.362542
    32 -0.012758 0.013269 0.005633 -3.132442 0.011957 -0.016684
    33 0.003252 0.002937 0.004907 3.134101 -0.012025 0.011384
    34 0.017597 0.001415 -0.271330 3.132743 -0.094250 -0.000348
    35 -0.034845 0.015532 -0.006371 -3.119476 -0.012752 0.011827
    36 6.868289 0.000003 0.000003 1.811071 0.043408 0.154808
    37 -6.002364 -0.460211 -0.868646 -0.695749 -0.131805 0.077518
    38 -6.002752 -0.459276 -0.867383 -0.699507 -0.131813 0.077097
    39 -10.921875 -4.957031 -11.492188 -1.570794 0.087264 -1.570796
    40 -0.000001 -0.000002 0.000004 0.363078 0.340737 1.391913
    41 10.907397 0.000000 -0.000001 -0.000346 -0.000019 -1.618718
    42 10.424307 0.000001 0.000016 -1.631309 0.019445 0.199594
    43 2.997296 0.000062 1.477484 0.000000 0.000000 -1.038469
    44 1.510386 -0.000002 0.000000 0.000000 0.000000 -0.846484
    45 0.808652 0.000001 -0.000003 -0.119283 0.003523 -1.747148
    46 -0.010181 0.001544 -0.002427 3.133438 0.004938 -0.014530
    47 -0.007761 0.000776 -0.012938 -3.140949 0.009512 -0.002789
    48 -0.003515 0.022163 -0.007593 -3.131007 0.004989 -0.015563
    49 3.305811 0.201132 0.547463 0.105764 -0.028116 -1.071979
    50 1.807181 -0.000005 -0.000002 0.025091 -0.090975 -1.128935
    51 0.966146 0.000000 0.000000 0.000000 0.000000 -1.579521
    52 -0.004041 0.002991 -0.002260 -3.129316 0.007469 -0.002160
    53 -0.016014 -0.012525 -0.005755 -3.127586 -0.003209 -0.007102
    54 -0.010741 -0.015351 -0.005964 -3.141244 -0.014366 0.013993
    55 3.571526 0.110787 -0.409180 0.049846 -0.139786 -1.076866
    56 2.150658 0.000000 0.000000 0.000000 0.000000 -1.884952
    57 1.152748 0.000002 -0.000001 0.000000 0.000000 -1.038446
    58 -0.009424 0.003368 0.009511 3.138994 -0.007577 -0.001092
    59 -0.009795 0.006993 0.001619 3.137400 -0.006826 0.001062
    60 -0.005070 0.017085 0.007624 3.135509 0.005211 0.001477
    61 3.684113 -0.153569 -1.419744 -0.096816 -0.253004 -0.554907
    62 1.701014 -0.000001 0.000000 0.000000 0.000000 -1.867498
    63 0.994705 -0.000004 0.000000 0.000000 0.000000 -0.715585
    64 0.015236 0.000657 -0.012633 3.136885 0.014164 0.000018
    65 -0.014324 -0.018461 0.000846 -3.134644 0.013210 0.007851
    66 -0.020566 0.000650 -0.004019 -3.126894 -0.002595 -0.013678
    67 1.068097 -1.283652 -0.986552 -2.099602 0.354164 -0.554602
    68 1.836308 -0.000002 0.000001 0.083362 -0.004879 -0.597428
    69 1.223948 0.000001 -0.000002 -0.030976 -0.071338 -0.420800
    70 -0.026768 0.000412 0.021024 -3.135050 0.011560 0.031832
    71 -0.030946 0.015453 0.007155 3.126687 -0.014474 -0.013279
    72 0.024326 0.034636 0.000721 -3.121606 0.015525 0.030344
    73 -0.046000 0.019587 0.021797 3.134639 0.020864 -0.001670
    74 6.694322 0.000002 0.000001 -1.411580 -0.101167 0.125444
    75 -6.579163 -0.452807 0.914976 1.390020 0.137634 0.072730
    76 -6.553783 -0.454803 0.900534 1.387994 0.108045 0.086436
  time 25
    0 -17.220193 -21.077062 -16.303322 1.802373 -0.302441 1.912464
    1 7.820313 -3.039063 -8.804688 -1.082104 0.087263 -1.570797
    2 -0.000001 0.000002 0.000000 -0.049612 -0.088439 0.582113
    3 10.907404 0.000001 -0.000001 0.000000 0.000025 -1.045959
    4 10.424325 -0.000011 -0.000033 2.399229 0.133697 -0.022366
    5 2.997275 0.005409 -1.477475 0.000000 0.000000 -0.287977
    6 1.510384 -0.000004 0.000000 0.000000 0.000000 -0.506144
    7 0.808659 -0.000001 0.000001 0.000000 0.000000 -0.471238
    8 -0.005463 0.010882 0.011922 -3.130701 -0.002586 -0.018476
    9 -0.001080 -0.005339 -0.002780 -3.138880 -0.004640 0.012721
    10 -0.019963 -0.004463 0.017139 3.137685 -0.000240 0.002472
    11 3.305800 0.203115 -0.546730 0.000000 0.000000 -0.305433
    12 1.807178 0.000000 -0.000004 0.000000 0.000000 -0.453785
    13 0.966141 0.000003 -0.000001 0.000000 0.000000 -0.314158
    14 -0.002205 0.006298 0.000417 3.133979 -0.003058 0.005338
    15 0.007872 0.003559 -0.000436 -3.124798 -0.001004 0.009074
    16 0.012690 -0.008244 0.010269 -3.131666 0.016691 0.012264
    17 3.571513 0.109304 0.409580 0.000000 0.000000 -0.244345
    18 2.150648 0.000002 -0.000003 0.000000 0.000000 -0.479966
    19 1.152746 -0.000003 0.000003 0.000000 0.000000 -0.340337
    20 0.000419 0.016150 0.002405 3.136320 -0.007304 -0.003105
    21 0.001816 -0.009672 -0.007393 3.139013 -0.008631 -0.008588
    22 -0.003752 -0.011593 -0.001195 3.133090 0.002976 0.014444
    23 3.684098 -0.158697 1.419183 0.000000 0.000000 -0.069812
    24 1.701014 0.000004 0.000004 0.000000 0.000000 -0.418878
    25 0.994714 -0.000002 -0.000008 0.000000 0.000000 -0.174532
    26 0.021160 0.011093 -0.004108 -3.137926 -0.002080 -0.001153
    27 -0.003428 0.010128 -0.008341 -3.140832 -0.004146 -0.019238
    28 0.004127 0.010881 0.000767 3.138806 -0.003164 -0.013821
    29 1.068074 -1.287202 0.981906 1.988092 -0.717834 -0.545799
    30 1.836308 -0.000001 0.000002 0.031406 -0.185509 -0.353979
    31 1.223949 -0.000002 0.000002 0.021546 -0.034467 -0.362542
    32 -0.012758 0.013269 0.005633 -3.132442 0.011957 -0.016684
    33 0.003252 0.002937 0.004907 3.134101 -0.012025 0.011384
    34 0.017597 0.001415 -0.271330 3.132743 -0.094250 -0.000348
    35 -0.034845 0.015532 -0.006371 -3.119476 -0.012752 0.011827
    36 6.868289 0.000003 0.000003 1.787033 0.047147 0.153717
    37 -6.002364 -0.460211 -0.868646 -0.695749 -0.131805 0.077518
    38 -6.002752 -0.459276 -0.867383 -0.699507 -0.131813 0.077097
    39 -10.921875 -4.957031 -11.492188 -1.570794 0.087264 -1.570796
    40 -0.000001 -0.000002 0.000004 0.300461 0.293412 1.086694
    41 10.907397 0.000000 -0.000001 -0.000346 -0.000019 -1.594948
    42 10.424307 0.000001 0.000016 -1.754728 0.034703 0.278881
    43 2.997296 0.000062 1.477484 0.000000 0.000000 -1.038469
    44 1.510386 -0.000002 0.000000 0.000000 0.000000 -0.846484
    45 0.808652 0.000001 -0.000003 -0.119283 0.003523 -1.747148
    46 -0.010181 0.001544 -0.002427 3.133438 0.004938 -0.014530
    47 -0.007761 0.000776 -0.012938 -3.140949 0.009512 -0.002789
    48 -0.003515 0.022163 -0.007593 -3.131007 0.004989 -0.015563
    49 3.305811 0.201132 0.547463 0.105764 -0.028116 -1.071979
    50 1.807181 -0.000005 -0.000002 0.025091 -0.090975 -1.128935
    51 0.966146 0.000000 0.000000 0.000000 0.000000 -1.579521
    52 -0.004041 0.002991 -0.002260 -3.129316 0.007469 -0.002160
    53 -0.016014 -0.012525 -0.005755 -3.127586 -0.003209 -0.007102
    54 -0.010741 -0.015351 -0.005964 -3.141244 -0.014366 0.013993
    55 3.571526 0.110787 -0.409180 0.049846 -0.139786 -1.076866
    56 2.150658 0.000000 0.000000 0.000000 0.000000 -1.884952
    57 1.152748 0.000002 -0.000001 0.000000 0.000000 -1.038446
    58 -0.009424 0.003368 0.009511 3.138994 -0.007577 -0.001092
    59 -0.009795 0.006993 0.001619 3.137400 -0.006826 0.001062
    60 -0.005070 0.017085 0.007624 3.135509 0.005211 0.001477
    61 3.684113 -0.153569 -1.419744 -0.096816 -0.253004 -0.554907
    62 1.701014 -0.000001 0.000000 0.000000 0.000000 -1.867498
    63 0.994705 -0.000004 0.000000 0.000000 0.000000 -0.715585
    64 0.015236 0.000657 -0.012633 3.136885 0.014164 0.000018
    65 -0.014324 -0.018461 0.000846 -3.134644 0.013210 0.007851
    66 -0.020566 0.000650 -0.004019 -3.126894 -0.002595 -0.013678
    67 1.068097 -1.283652 -0.986552 -2.099602 0.354164 -0.554602
    68 1.836308 -0.000002 0.000001 0.083362 -0.004879 -0.597428
    69 1.223948 0.000001 -0.000002 -0.030976 -0.071338 -0.420800
    70 -0.026768 0.000412 0.021024 -3.135050 0.011560 0.031832
    71 -0.030946 0.015453 0.007155 3.126687 -0.014474 -0.013279
    72 0.024326 0.034636 0.000721 -3.121606 0.015525 0.030344
    73 -0.046000 0.019587 0.021797 3.134639 0.020864 -0.001670
    74 6.694322 0.000002 0.000001 -1.476158 -0.092850 0.131700
    75 -6.579163 -0.452807 0.914976 1.390020 0.137634 0.072730
    76 -6.553783 -0.454803 0.900534 1.387994 0.108045 0.086436
  time 26
    0 -16.126410 -23.053685 -13.002440 1.898357 -0.162584 1.911421
    1 7.820313 -3.039063 -8.804688 -1.082104 0.087263 -1.570797
    2 -0.000001 0.000002 0.000000 -0.077019 -0.148517 0.421739
    3 10.907404 0.000001 -0.000001 0.000000 0.000025 -0.973966
    4 10.424325 -0.000011 -0.000033 2.368007 0.106000 -0.033465
    5 2.997275 0.005409 -1.477475 0.000000 0.000000 -0.287977
    6 1.510384 -0.000004 0.000000 0.000000 0.000000 -0.506144
    7 0.808659 -0.000001 0.000001 0.000000 0.000000 -0.471238
    8 -0.005463 0.010882 0.011922 -3.130701 -0.002586 -0.018476
    9 -0.001080 -0.005339 -0.002780 -3.138880 -0.004640 0.012721
    10 -0.019963 -0.004463 0.017139 3.137685 -0.000240 0.002472
    11 3.305800 0.203115 -0.546730 0.000000 0.000000 -0.305433
    12 1.807178 0.000000 -0.000004 0.000000 0.000000 -0.453785
    13 0.966141 0.000003 -0.000001 0.000000 0.000000 -0.314158
    14 -0.002205 0.006298 0.000417 3.133979 -0.003058 0.005338
    15 0.007872 0.003559 -0.000436 -3.124798 -0.001004 0.009074
    16 0.012690 -0.008244 0.010269 -3.131666 0.016691 0.012264
    17 3.571513 0.109304 0.409580 0.000000 0.000000 -0.244345
    18 2.150648 0.000002 -0.000003 0.000000 0.000000 -0.479966
    19 1.152746 -0.000003 0.000003 0.000000 0.000000 -0.340337
    20 0.000419 0.016150 0.002405 3.136320 -0.007304 -0.003105
    21 0.001816 -0.009672 -0.007393 3.139013 -0.008631 -0.008588
    22 -0.003752 -0.011593 -0.001195 3.133090 0.002976 0.014444
    23 3.684098 -0.158697 1.419183 0.000000 0.000000 -0.069812
    24 1.701014 0.000004 0.000004 0.000000 0.000000 -0.418878
    25 0.994714 -0.000002 -0.000008 0.000000 0.000000 -0.174532
    26 0.021160 0.011093 -0.004108 -3.137926 -0.002080 -0.001153
    27 -0.003428 0.010128 -0.008341 -3.140832 -0.004146 -0.019238
    28 0.004127 0.010881 0.000767 3.138806 -0.003164 -0.013821
    29 1.068074 -1.287202 0.981906 1.988092 -0.717834 -0.545799
    30 1.836308 -0.000001 0.000002 0.031406 -0.185509 -0.353979
    31 1.223949 -0.000002 0.000002 0.021546 -0.034467 -0.362542
    32 -0.012758 0.013269 0.005633 -3.132442 0.011957 -0.016684
    33 0.003252 0.002937 0.004907 3.134101 -0.012025 0.011384
    34 0.017597 0.001415 -0.271330 3.132743 -0.094250 -0.000348
    35 -0.034845 0.015532 -0.006371 -3.119476 -0.012752 0.011827
    36 6.868289 0.000003 0.000003 1.772618 0.049376 0.153022
    37 -6.002364 -0.460211 -0.868646 -0.695749 -0.131805 0.077518
    38 -6.002752 -0.459276 -0.867383 -0.699507 -0.131813 0.077097
    39 -10.921875 -4.957031 -11.492188 -1.570794 0.087264 -1.570796
    40 -0.000001 -0.000002 0.000004 0.218852 0.241865 0.793792
    41 10.907397 0.000000 -0.000001 -0.000346 -0.000019 -1.482751
    42 10.424307 0.000001 0.000016 -1.850488 0.073670 0.253002
    43 2.997296 0.000062 1.477484 0.000000 0.000000 -1.038469
    44 1.510386 -0.000002 0.000000 0.000000 0.000000 -0.846484
    45 0.808652 0.000001 -0.000003 -0.119283 0.003523 -1.747148
    46 -0.010181 0.001544 -0.002427 3.133438 0.004938 -0.014530
    47 -0.007761 0.000776 -0.012938 -3.140949 0.009512 -0.002789
    48 -0.003515 0.022163 -0.007593 -3.131007 0.004989 -0.015563
    49 3.305811 0.201132 0.547463 0.105764 -0.028116 -1.071979
    50 1.807181 -0.000005 -0.000002 0.025091 -0.090975 -1.128935
    51 0.966146 0.000000 0.000000 0.000000 0.000000 -1.579521
    52 -0.004041 0.002991 -0.002260 -3.129316 0.007469 -0.002160
    53 -0.016014 -0.012525 -0.005755 -3.127586 -0.003209 -0.007102
    54 -0.010741 -0.015351 -0.005964 -3.141244 -0.014366 0.013993
    55 3.571526 0.110787 -0.409180 0.049846 -0.139786 -1.076866
    56 2.150658 0.000000 0.000000 0.000000 0.000000 -1.884952
    57 1.152748 0.000002 -0.000001 0.000000 0.000000 -1.038446
    58 -0.009424 0.003368 0.009511 3.138994 -0.007577 -0.001092
    59 -0.009795 0.006993 0.001619 3.137400 -0.006826 0.001062
    60 -0.005070 0.017085 0.007624 3.135509 0.005211 0.001477
    61 3.684113 -0.153569 -1.419744 -0.096816 -0.253004 -0.554907
    62 1.701014 -0.000001 0.000000 0.000000 0.000000 -1.867498
    63 0.994705 -0.000004 0.000000 0.000000 0.000000 -0.715585
    64 0.015236 0.000657 -0.012633 3.136885 0.014164 0.000018
    65 -0.014324 -0.018461 0.000846 -3.134644 0.013210 0.007851
    66 -0.020566 0.000650 -0.004019 -3.126894 -0.002595 -0.013678
    67 1.068097 -1.283652 -0.986552 -2.099602 0.354164 -0.554602
    68 1.836308 -0.000002 0.000001 0.083362 -0.004879 -0.597428
    69 1.223948 0.000001 -0.000002 -0.030976 -0.071338 -0.420800
    70 -0.026768 0.000412 0.021024 -3.135050 0.011560 0.031832
    71 -0.030946 0.015453 0.007155 3.126687 -0.014474 -0.013279
    72 0.024326 0.034636 0.000721 -3.121606 0.015525 0.030344
    73 -0.046000 0.019587 0.021797 3.134639 0.020864 -0.001670
    74 6.694322 0.000002 0.000001 -1.524797 -0.086318 0.136051
    75 -6.579163 -0.452807 0.914976 1.390020 0.137634 0.072730
    76 -6.553783 -0.454803 0.900534 1.387994 0.108045 0.086436
  time 27
    0 -15.095128 -24.526386 -10.201574 1.983082 -0.033262 1.926879
    1 7.820313 -3.039063 -8.804688 -1.082104 0.087263 -1.570797
    2 -0.000001 0.000002 0.000000 -0.087685 -0.194871 0.271114
    3 10.907404 0.000001 -0.000001 0.000000 0.000025 -0.855794
    4 10.424325 -0.000011 -0.000033 2.354458 0.069040 -0.090941
    5 2.997275 0.005409 -1.477475 0.000000 0.000000 -0.287977
    6 1.510384 -0.000004 0.000000 0.000000 0.000000 -0.506144
    7 0.808659 -0.000001 0.000001 0.000000 0.000000 -0.471238
    8 -0.005463 0.010882 0.011922 -3.130701 -0.002586 -0.018476
    9 -0.001080 -0.005339 -0.002780 -3.138880 -0.004640 0.012721
    10 -0.019963 -0.004463 0.017139 3.137685 -0.000240 0.002472
    11 3.305800 0.203115 -0.546730 0.000000 0.000000 -0.305433
    12 1.807178 0.000000 -0.000004 0.000000 0.000000 -0.453785
    13 0.966141 0.000003 -0.000001 0.000000 0.000000 -0.314158
    14 -0.002205 0.006298 0.000417 3.133979 -0.003058 0.005338
    15 0.007872 0.003559 -0.000436 -3.124798 -0.001004 0.009074
    16 0.012690 -0.008244 0.010269 -3.131666 0.016691 0.012264
    17 3.571513 0.109304 0.409580 0.000000 0.000000 -0.244345
    18 2.150648 0.000002 -0.000003 0.000000 0.000000 -0.479966
    19 1.152746 -0.000003 0.000003 0.000000 0.000000 -0.340337
    20 0.000419 0.016150 0.002405 3.136320 -0.007304 -0.003105
    21 0.001816 -0.009672 -0.007393 3.139013 -0.008631 -0.008588
    22 -0.003752 -0.011593 -0.001195 3.133090 0.002976 0.014444
    23 3.684098 -0.158697 1.419183 0.000000 0.000000 -0.069812
    24 1.701014 0.000004 0.000004 0.000000 0.000000 -0.418878
    25 0.994714 -0.000002 -0.000008 0.000000 0.000000 -0.174532
    26 0.021160 0.011093 -0.004108 -3.137926 -0.002080 -0.001153
    27 -0.003428 0.010128 -0.008341 -3.140832 -0.004146 -0.019238
    28 0.004127 0.010881 0.000767 3.138806 -0.003164 -0.013821
    29 1.068074 -1.287202 0.981906 1.988092 -0.717834 -0.545799
    30 1.836308 -0.000001 0.000002 0.031406 -0.185509 -0.353979
    31 1.223949 -0.000002 0.000002 0.021546 -0.034467 -0.362542
    32 -0.012758 0.013269 0.005633 -3.132442 0.011957 -0.016684
    33 0.003252 0.002937 0.004907 3.134101 -0.012025 0.011384
    34 0.017597 0.001415 -0.271330 3.132743 -0.094250 -0.000348
    35 -0.034845 0.015532 -0.006371 -3.119476 -0.012752 0.011827
    36 6.868289 0.000003 0.000003 1.768278 0.050035 0.152806
    37 -6.002364 -0.460211 -0.868646 -0.695749 -0.131805 0.077518
    38 -6.002752 -0.459276 -0.867383 -0.699507 -0.131813 0.077097
    39 -10.921875 -4.957031 -11.492188 -1.570794 0.087264 -1.570796
    40 -0.000001 -0.000002 0.000004 0.148746 0.195391 0.549257
    41 10.907397 0.000000 -0.000001 -0.000346 -0.000019 -1.317692
    42 10.424307 0.000001 0.000016 -1.910515 0.106542 0.154349
    43 2.997296 0.000062 1.477484 0.000000 0.000000 -1.038469
    44 1.510386 -0.000002 0.000000 0.000000 0.000000 -0.846484
    45 0.808652 0.000001 -0.000003 -0.119283 0.003523 -1.747148
    46 -0.010181 0.001544 -0.002427 3.133438 0.004938 -0.014530
    47 -0.007761 0.000776 -0.012938 -3.140949 0.009512 -0.002789
    48 -0.003515 0.022163 -0.007593 -3.131007 0.004989 -0.015563
    49 3.305811 0.201132 0.547463 0.105764 -0.028104 -1.071979
    50 1.807181 -0.000005 -0.000002 0.025091 -0.090975 -1.128935
    51 0.966146 0.000000 0.000000 0.000000 0.000000 -1.579521
    52 -0.004041 0.002991 -0.002260 -3.129316 0.007469 -0.002160
    53 -0.016014 -0.012525 -0.005755 -3.127586 -0.003209 -0.007102
    54 -0.010741 -0.015351 -0.005964 -3.141244 -0.014366 0.013993
    55 3.571526 0.110787 -0.409180 0.049846 -0.139786 -1.076866
    56 2.150658 0.000000 0.000000 0.000000 0.000000 -1.884952
    57 1.152748 0.000002 -0.000001 0.000000 0.000000 -1.038446
    58 -0.009424 0.003368 0.009511 3.138994 -0.007577 -0.001092
    59 -0.009795 0.006993 0.001619 3.137400 -0.006826 0.001062
    60 -0.005070 0.017085 0.007624 3.135509 0.005211 0.001477
    61 3.684113 -0.153569 -1.419744 -0.096816 -0.253004 -0.554907
    62 1.701014 -0.000001 0.000000 0.000000 0.000000 -1.867498
    63 0.994705 -0.000004 0.000000 0.000000 0.000000 -0.715585
    64 0.015236 0.000657 -0.012633 3.136885 0.014164 0.000018
    65 -0.014324 -0.018461 0.000846 -3.134644 0.013210 0.007851
    66 -0.020566 0.000650 -0.004019 -3.126894 -0.002595 -0.013678
    67 1.068097 -1.283652 -0.986552 -2.099602 0.354164 -0.554602
    68 1.836308 -0.000002 0.000001 0.083362 -0.004879 -0.597428
    69 1.223948 0.000001 -0.000002 -0.030976 -0.071338 -0.420800
    70 -0.026768 0.000412 0.021024 -3.135050 0.011560 0.031832
    71 -0.030946 0.015453 0.007155 3.126687 -0.014474 -0.013279
    72 0.024326 0.034636 0.000721 -3.121606 0.015525 0.030344
    73 -0.046000 0.019587 0.021797 3.134639 0.020864 -0.001670
    74 6.694322 0.000002 0.000001 -1.551834 -0.082603 0.138340
    75 -6.579163 -0.452807 0.914976 1.390020 0.137634 0.072730
    76 -6.553783 -0.454803 0.900534 1.387994 0.108045 0.086436
  time 28
    0 -14.321667 -25.440477 -8.264015 2.043881 0.062252 1.949640
    1 7.820313 -3.039063 -8.804688 -1.082104 0.087263 -1.570797
    2 -0.000001 0.000002 0.000000 -0.087034 -0.213520 0.198567
    3 10.907404 0.000001 -0.000001 0.000000 0.000025 -0.781189
    4 10.424325 -0.000011 -0.000033 2.351954 0.024553 -0.159432
    5 2.997275 0.005409 -1.477475 0.000000 0.000000 -0.287977
    6 1.510384 -0.000004 0.000000 0.000000 0.000000 -0.506144
    7 0.808659 -0.000001 0.000001 0.000000 0.000000 -0.471238
    8 -0.005463 0.010882 0.011922 -3.130701 -0.002586 -0.018476
    9 -0.001080 -0.005339 -0.002780 -3.138880 -0.004640 0.012721
    10 -0.019963 -0.004463 0.017139 3.137685 -0.000240 0.002472
    11 3.305800 0.203115 -0.546730 0.000000 0.000000 -0.305433
    12 1.807178 0.000000 -0.000004 0.000000 0.000000 -0.453785
    13 0.966141 0.000003 -0.000001 0.000000 0.000000 -0.314158
    14 -0.002205 0.006298 0.000417 3.133979 -0.003058 0.005338
    15 0.007872 0.003559 -0.000436 -3.124798 -0.001004 0.009074
    16 0.012690 -0.008244 0.010269 -3.131666 0.016691 0.012264
    17 3.571513 0.109304 0.409580 0.000000 0.000000 -0.244345
    18 2.150648 0.000002 -0.000003 0.000000 0.000000 -0.479966
    19 1.152746 -0.000003 0.000003 0.000000 0.000000 -0.340337
    20 0.000419 0.016150 0.002405 3.136320 -0.007304 -0.003105
    21 0.001816 -0.009672 -0.007393 3.139013 -0.008631 -0.008588
    22 -0.003752 -0.011593 -0.001195 3.133090 0.002976 0.014444
    23 3.684098 -0.158697 1.419183 0.000000 0.000000 -0.069812
    24 1.701014 0.000004 0.000004 0.000000 0.000000 -0.418878
    25 0.994714 -0.000002 -0.000008 0.000000 0.000000 -0.174532
    26 0.021160 0.011093 -0.004108 -3.137926 -0.002080 -0.001153
    27 -0.003428 0.010128 -0.008341 -3.140832 -0.004146 -0.019238
    28 0.004127 0.010881 0.000767 3.138806 -0.003164 -0.013821
    29 1.068074 -1.287202 0.981906 1.988092 -0.717834 -0.545799
    30 1.836308 -0.000001 0.000002 0.031406 -0.185509 -0.353979
    31 1.223949 -0.000002 0.000002 0.021546 -0.034467 -0.362542
    32 -0.012758 0.013269 0.005633 -3.132442 0.011957 -0.016684
    33 0.003252 0.002937 0.004907 3.134101 -0.012025 0.011384
    34 0.017597 0.001415 -0.271330 3.132743 -0.094250 -0.000348
    35 -0.034845 0.015532 -0.006371 -3.119476 -0.012752 0.011827
    36 6.868289 0.000003 0.000003 1.769109 0.049915 0.152854
    37 -6.002364 -0.460211 -0.868646 -0.695749 -0.131805 0.077518
    38 -6.002752 -0.459276 -0.867383 -0.699507 -0.131813 0.077097
    39 -10.921875 -4.957031 -11.492188 -1.570794 0.087264 -1.570796
    40 -0.000001 -0.000002 0.000004 0.104420 0.161990 0.378173
    41 10.907397 0.000000 -0.000001 -0.000346 -0.000019 -1.161701
    42 10.424307 0.000001 0.000016 -1.939370 0.123595 0.044928
    43 2.997296 0.000062 1.477484 0.000000 0.000000 -1.038469
    44 1.510386 -0.000002 0.000000 0.000000 0.000000 -0.846484
    45 0.808652 0.000001 -0.000003 -0.119283 0.003523 -1.747148
    46 -0.010181 0.001544 -0.002427 3.133438 0.004938 -0.014530
    47 -0.007761 0.000776 -0.012938 -3.140949 0.009512 -0.002789
    48 -0.003515 0.022163 -0.007593 -3.131007 0.004989 -0.015563
    49 3.305811 0.201132 0.547463 0.105764 -0.028116 -1.071979
    50 1.807181 -0.000005 -0.000002 0.025091 -0.090975 -1.128935
    51 0.966146 0.000000 0.000000 0.000000 0.000000 -1.579521
    52 -0.004041 0.002991 -0.002260 -3.129316 0.007469 -0.002160
    53 -0.016014 -0.012525 -0.005755 -3.127586 -0.003209 -0.007102
    54 -0.010741 -0.015351 -0.005964 -3.141244 -0.014366 0.013993
    55 3.571526 0.110787 -0.409180 0.049846 -0.139786 -1.076866
    56 2.150658 0.000000 0.000000 0.000000 0.000000 -1.884952
    57 1.152748 0.000002 -0.000001 0.000000 0.000000 -1.038446
    58 -0.009424 0.003368 0.009511 3.138994 -0.007577 -0.001092
    59 -0.009795 0.006993 0.001619 3.137400 -0.006826 0.001062
    60 -0.005070 0.017085 0.007624 3.135509 0.005211 0.001477
    61 3.684113 -0.153569 -1.419744 -0.096816 -0.253004 -0.554907
    62 1.701014 -0.000001 0.000000 0.000000 0.000000 -1.867498
    63 0.994705 -0.000004 0.000000 0.000000 0.000000 -0.715585
    64 0.015236 0.000657 -0.012633 3.136885 0.014164 0.000018
    65 -0.014324 -0.018461 0.000846 -3.134644 0.013210 0.007851
    66 -0.020566 0.000650 -0.004019 -3.126894 -0.002595 -0.013678
    67 1.068097 -1.283652 -0.986552 -2.099602 0.354164 -0.554602
    68 1.836308 -0.000002 0.000001 0.083362 -0.004879 -0.597428
    69 1.223948 0.000001 -0.000002 -0.030976 -0.071338 -0.420800
    70 -0.026768 0.000412 0.021024 -3.135050 0.011560 0.031832
    71 -0.030946 0.015453 0.007155 3.126687 -0.014474 -0.013279
    72 0.024326 0.034636 0.000721 -3.121606 0.015525 0.030344
    73 -0.046000 0.019587 0.021797 3.134639 0.020864 -0.001670
    74 6.694322 0.000002 0.000001 -1.563480 -0.080973 0.139287
    75 -6.579163 -0.452807 0.914976 1.390020 0.137634 0.072730
    76 -6.553783 -0.454803 0.900534 1.387994 0.108045 0.086436
  time 29
    0 -14.009157 -25.749080 -7.537430 2.063678 0.103068 1.965478
    1 7.820313 -3.039063 -8.804688 -1.082104 0.087263 -1.570797
    2 -0.000001 0.000002 0.000000 -0.085274 -0.211737 0.198408
    3 10.907404 0.000001 -0.000001 0.000000 0.000025 -0.772969
    4 10.424325 -0.000011 -0.000033 2.353574 -0.021432 -0.212307
    5 2.997275 0.005409 -1.477475 0.000000 0.000000 -0.287977
    6 1.510384 -0.000004 0.000000 0.000000 0.000000 -0.506144
    7 0.808659 -0.000001 0.000001 0.000000 0.000000 -0.471238
    8 -0.005463 0.010882 0.011922 -3.130701 -0.002586 -0.018476
    9 -0.001080 -0.005339 -0.002780 -3.138880 -0.004640 0.012721
    10 -0.019963 -0.004463 0.017139 3.137685 -0.000240 0.002472
    11 3.305800 0.203115 -0.546730 0.000000 0.000000 -0.305433
    12 1.807178 0.000000 -0.000004 0.000000 0.000000 -0.453785
    13 0.966141 0.000003 -0.000001 0.000000 0.000000 -0.314158
    14 -0.002205 0.006298 0.000417 3.133979 -0.003058 0.005338
    15 0.007872 0.003559 -0.000436 -3.124798 -0.001004 0.009074
    16 0.012690 -0.008244 0.010269 -3.131666 0.016691 0.012264
    17 3.571513 0.109304 0.409580 0.000000 0.000000 -0.244345
    18 2.150648 0.000002 -0.000003 0.000000 0.000000 -0.479966
    19 1.152746 -0.000003 0.000003 0.000000 0.000000 -0.340337
    20 0.000419 0.016150 0.002405 3.136320 -0.007304 -0.003105
    21 0.001816 -0.009672 -0.007393 3.139013 -0.008631 -0.008588
    22 -0.003752 -0.011593 -0.001195 3.133090 0.002976 0.014444
    23 3.684098 -0.158697 1.419183 0.000000 0.000000 -0.069812
    24 1.701014 0.000004 0.000004 0.000000 0.000000 -0.418878
    25 0.994714 -0.000002 -0.000008 0.000000 0.000000 -0.174532
    26 0.021160 0.011093 -0.004108 -3.137926 -0.002080 -0.001153
    27 -0.003428 0.010128 -0.008341 -3.140832 -0.004146 -0.019238
    28 0.004127 0.010881 0.000767 3.138806 -0.003164 -0.013821
    29 1.068074 -1.287202 0.981906 1.988092 -0.717834 -0.545799
    30 1.836308 -0.000001 0.000002 0.031406 -0.185497 -0.353979
    31 1.223949 -0.000002 0.000002 0.021546 -0.034467 -0.362542
    32 -0.012758 0.013269 0.005633 -3.132442 0.011957 -0.016684
    33 0.003252 0.002937 0.004907 3.134101 -0.012025 0.011384
    34 0.017597 0.001415 -0.271330 3.132743 -0.094250 -0.000348
    35 -0.034845 0.015532 -0.006371 -3.119476 -0.012752 0.011827
    36 6.868289 0.000003 0.000003 1.770241 0.049736 0.152914
    37 -6.002364 -0.460211 -0.868646 -0.695749 -0.131805 0.077518
    38 -6.002752 -0.459276 -0.867383 -0.699507 -0.131813 0.077097
    39 -10.921875 -4.957031 -11.492188 -1.570794 0.087264 -1.570796
    40 -0.000001 -0.000002 0.000004 0.089188 0.149140 0.313083
    41 10.907397 0.000000 -0.000001 -0.000346 -0.000019 -1.093893
    42 10.424307 0.000001 0.000016 -1.940342 0.128307 -0.004920
    43 2.997296 0.000062 1.477484 0.000000 0.000000 -1.038469
    44 1.510386 -0.000002 0.000000 0.000000 0.000000 -0.846484
    45 0.808652 0.000001 -0.000003 -0.119283 0.003523 -1.747148
    46 -0.010181 0.001544 -0.002427 3.133438 0.004938 -0.014530
    47 -0.007761 0.000776 -0.012938 -3.140949 0.009512 -0.002789
    48 -0.003515 0.022163 -0.007593 -3.131007 0.004989 -0.015563
    49 3.305811 0.201132 0.547463 0.105764 -0.028116 -1.071979
    50 1.807181 -0.000005 -0.000002 0.025091 -0.090975 -1.128935
    51 0.966146 0.000000 0.000000 0.000000 0.000000 -1.579521
    52 -0.004041 0.002991 -0.002260 -3.129316 0.007469 -0.002160
    53 -0.016014 -0.012525 -0.005755 -3.127586 -0.003209 -0.007102
    54 -0.010741 -0.015351 -0.005964 -3.141244 -0.014366 0.013993
    55 3.571526 0.110787 -0.409180 0.049846 -0.139786 -1.076866
    56 2.150658 0.000000 0.000000 0.000000 0.000000 -1.884952
    57 1.152748 0.000002 -0.000001 0.000000 0.000000 -1.038446
    58 -0.009424 0.003368 0.009511 3.138994 -0.007577 -0.001092
    59 -0.009795 0.006993 0.001619 3.137400 -0.006826 0.001062
    60 -0.005070 0.017085 0.007624 3.135509 0.005211 0.001477
    61 3.684113 -0.153569 -1.419744 -0.096816 -0.253004 -0.554907
    62 1.701014 -0.000001 0.000000 0.000000 0.000000 -1.867498
    63 0.994705 -0.000004 0.000000 0.000000 0.000000 -0.715585
    64 0.015236 0.000657 -0.012633 3.136885 0.014164 0.000018
    65 -0.014324 -0.018461 0.000846 -3.134644 0.013210 0.007851
    66 -0.020566 0.000650 -0.004019 -3.126894 -0.002595 -0.013678
    67 1.068097 -1.283652 -0.986552 -2.099602 0.354164 -0.554602
    68 1.836308 -0.000002 0.000001 0.083362 -0.004879 -0.597428
    69 1.223948 0.000001 -0.000002 -0.030976 -0.071338 -0.420800
    70 -0.026768 0.000412 0.021024 -3.135050 0.011560 0.031832
    71 -0.030946 0.015453 0.007155 3.126687 -0.014474 -0.013279
    72 0.024326 0.034636 0.000721 -3.121606 0.015525 0.030344
    73 -0.046000 0.019587 0.021797 3.134639 0.020864 -0.001670
    74 6.694322 0.000002 0.000001 -1.563297 -0.081009 0.139275
    75 -6.579163 -0.452807 0.914976 1.390020 0.137634 0.072730
    76 -6.553783 -0.454803 0.900534 1.387994 0.108045 0.086436
  time 30
    0 -14.020877 -25.729548 -7.599932 2.045757 0.096701 1.966142
    1 7.820313 -3.039063 -8.804688 -1.082104 0.087263 -1.570797
    2 -0.000001 0.000002 0.000000 -0.083487 -0.207139 0.208158
    3 10.907404 0.000001 -0.000001 0.000000 0.000025 -0.773955
    4 10.424325 -0.000011 -0.000033 2.356593 -0.063282 -0.258126
    5 2.997275 0.005409 -1.477475 0.000000 0.000000 -0.287977
    6 1.510384 -0.000004 0.000000 0.000000 0.000000 -0.506144
    7 0.808659 -0.000001 0.000001 0.000000 0.000000 -0.471238
    8 -0.005463 0.010882 0.011922 -3.130701 -0.002586 -0.018476
    9 -0.001080 -0.005339 -0.002780 -3.138880 -0.004640 0.012721
    10 -0.019963 -0.004463 0.017139 3.137685 -0.000240 0.002472
    11 3.305800 0.203115 -0.546730 0.000000 0.000000 -0.305433
    12 1.807178 0.000000 -0.000004 0.000000 0.000000 -0.453785
    13 0.966141 0.000003 -0.000001 0.000000 0.000000 -0.314158
    14 -0.002205 0.006298 0.000417 3.133979 -0.003058 0.005338
    15 0.007872 0.003559 -0.000436 -3.124798 -0.001004 0.009074
    16 0.012690 -0.008244 0.010269 -3.131666 0.016691 0.012264
    17 3.571513 0.109304 0.409580 0.000000 0.000000 -0.244345
    18 2.150648 0.000002 -0.000003 0.000000 0.000000 -0.479966
    19 1.152746 -0.000003 0.000003 0.000000 0.000000 -0.340337
    20 0.000419 0.016150 0.002405 3.136320 -0.007304 -0.003105
    21 0.001816 -0.009672 -0.007393 3.139013 -0.008631 -0.008588
    22 -0.003752 -0.011593 -0.001195 3.133090 0.002976 0.014444
    23 3.684098 -0.158697 1.419183 0.000000 0.000000 -0.069812
    24 1.701014 0.000004 0.000004 0.000000 0.000000 -0.418878
    25 0.994714 -0.000002 -0.000008 0.000000 0.000000 -0.174532
    26 0.021160 0.011093 -0.004108 -3.137926 -0.002080 -0.001153
    27 -0.003428 0.010128 -0.008341 -3.140832 -0.004146 -0.019238
    28 0.004127 0.010881 0.000767 3.138806 -0.003164 -0.013821
    29 1.068074 -1.287202 0.981906 1.988092 -0.717834 -0.545799
    30 1.836308 -0.000001 0.000002 0.031406 -0.185509 -0.353979
    31 1.223949 -0.000002 0.000002 0.021546 -0.034467 -0.362542
    32 -0.012758 0.013269 0.005633 -3.132442 0.011957 -0.016684
    33 0.003252 0.002937 0.004907 3.134101 -0.012025 0.011384
    34 0.017597 0.001415 -0.271330 3.132743 -0.094250 -0.000348
    35 -0.034845 0.015532 -0.006371 -3.119476 -0.012752 0.011827
    36 6.868289 0.000003 0.000003 1.771071 0.049604 0.152950
    37 -6.002364 -0.460211 -0.868646 -0.695749 -0.131805 0.077518
    38 -6.002752 -0.459276 -0.867383 -0.699507 -0.131813 0.077097
    39 -10.921875 -4.957031 -11.492188 -1.570794 0.087264 -1.570796
    40 -0.000001 -0.000002 0.000004 0.089890 0.149177 0.317668
    41 10.907397 0.000000 -0.000001 -0.000346 -0.000019 -1.100999
    42 10.424307 0.000001 0.000016 -1.929652 0.133879 0.014099
    43 2.997296 0.000062 1.477484 0.000000 0.000000 -1.038469
    44 1.510386 -0.000002 0.000000 0.000000 0.000000 -0.846484
    45 0.808652 0.000001 -0.000003 -0.119283 0.003523 -1.747148
    46 -0.010181 0.001544 -0.002427 3.133438 0.004938 -0.014530
    47 -0.007761 0.000776 -0.012938 -3.140949 0.009512 -0.002789
    48 -0.003515 0.022163 -0.007593 -3.131007 0.004989 -0.015563
    49 3.305811 0.201132 0.547463 0.105764 -0.028116 -1.071979
    50 1.807181 -0.000005 -0.000002 0.025091 -0.090975 -1.128935
    51 0.966146 0.000000 0.000000 0.000000 0.000000 -1.579521
    52 -0.004041 0.002991 -0.002260 -3.129316 0.007469 -0.002160
    53 -0.016014 -0.012525 -0.005755 -3.127586 -0.003209 -0.007102
    54 -0.010741 -0.015351 -0.005964 -3.141244 -0.014366 0.013993
    55 3.571526 0.110787 -0.409180 0.049846 -0.139786 -1.076866
    56 2.150658 0.000000 0.000000 0.000000 0.000000 -1.884952
    57 1.152748 0.000002 -0.000001 0.000000 0.000000 -1.038446
    58 -0.009424 0.003368 0.009511 3.138994 -0.007577 -0.001092
    59 -0.009795 0.006993 0.001619 3.137400 -0.006826 0.001062
    60 -0.005070 0.017085 0.007624 3.135509 0.005211 0.001477
    61 3.684113 -0.153569 -1.419744 -0.096816 -0.253004 -0.554907
    62 1.701014 -0.000001 0.000000 0.000000 0.000000 -1.867498
    63 0.994705 -0.000004 0.000000 0.000000 0.000000 -0.715585
    64 0.015236 0.000657 -0.012633 3.136885 0.014164 0.000018
    65 -0.014324 -0.018461 0.000846 -3.134644 0.013210 0.007851
    66 -0.020566 0.000650 -0.004019 -3.126894 -0.002595 -0.013678
    67 1.068097 -1.283652 -0.986552 -2.099602 0.354164 -0.554602
    68 1.836308 -0.000002 0.000001 0.083362 -0.004879 -0.597428
    69 1.223948 0.000001 -0.000002 -0.030976 -0.071338 -0.420800
    70 -0.026768 0.000412 0.021024 -3.135050 0.011560 0.031832
    71 -0.030946 0.015453 0.007155 3.126687 -0.014474 -0.013279
    72 0.024326 0.034636 0.000721 -3.121606 0.015525 0.030344
    73 -0.046000 0.019587 0.021797 3.134639 0.020864 -0.001670
    74 6.694322 0.000002 0.000001 -1.558091 -0.081728 0.138843
    75 -6.579163 -0.452807 0.914976 1.390020 0.137634 0.072730
    76 -6.553783 -0.454803 0.900534 1.387994 0.108045 0.086436
  time 31
    0 -14.067753 -25.690484 -7.767906 2.013857 0.071597 1.957037
    1 7.820313 -3.039063 -8.804688 -1.082104 0.087263 -1.570797
    2 -0.000001 0.000002 0.000000 -0.081688 -0.201134 0.223081
    3 10.907404 0.000001 -0.000001 0.000000 0.000025 -0.780002
    4 10.424325 -0.000011 -0.000033 2.360570 -0.098948 -0.296303
    5 2.997275 0.005409 -1.477475 0.000000 0.000000 -0.287977
    6 1.510384 -0.000004 0.000000 0.000000 0.000000 -0.506144
    7 0.808659 -0.000001 0.000001 0.000000 0.000000 -0.471238
    8 -0.005463 0.010882 0.011922 -3.130701 -0.002586 -0.018476
    9 -0.001080 -0.005339 -0.002780 -3.138880 -0.004640 0.012721
    10 -0.019963 -0.004463 0.017139 3.137685 -0.000240 0.002472
    11 3.305800 0.203115 -0.546730 0.000000 0.000000 -0.305433
    12 1.807178 0.000000 -0.000004 0.000000 0.000000 -0.453785
    13 0.966141 0.000003 -0.000001 0.000000 0.000000 -0.314158
    14 -0.002205 0.006298 0.000417 3.133979 -0.003058 0.005338
    15 0.007872 0.003559 -0.000436 -3.124798 -0.001004 0.009074
    16 0.012690 -0.008244 0.010269 -3.131666 0.016691 0.012264
    17 3.571513 0.109304 0.409580 0.000000 0.000000 -0.244345
    18 2.150648 0.000002 -0.000003 0.000000 0.000000 -0.479966
    19 1.152746 -0.000003 0.000003 0.000000 0.000000 -0.340337
    20 0.000419 0.016150 0.002405 3.136320 -0.007304 -0.003105
    21 0.001816 -0.009672 -0.007393 3.139013 -0.008631 -0.008588
    22 -0.003752 -0.011593 -0.001195 3.133090 0.002976 0.014444
    23 3.684098 -0.158697 1.419183 0.000000 0.000000 -0.069812
    24 1.701014 0.000004 0.000004 0.000000 0.000000 -0.418878
    25 0.994714 -0.000002 -0.000008 0.000000 0.000000 -0.174532
    26 0.021160 0.011093 -0.004108 -3.137926 -0.002080 -0.001153
    27 -0.003428 0.010128 -0.008341 -3.140832 -0.004146 -0.019238
    28 0.004127 0.010881 0.000767 3.138806 -0.003164 -0.013821
    29 1.068074 -1.287202 0.981906 1.988092 -0.717834 -0.545799
    30 1.836308 -0.000001 0.000002 0.031406 -0.185497 -0.353979
    31 1.223949 -0.000002 0.000002 0.021546 -0.034467 -0.362542
    32 -0.012758 0.013269 0.005633 -3.132442 0.011957 -0.016684
    33 0.003252 0.002937 0.004907 3.134101 -0.012025 0.011384
    34 0.017597 0.001415 -0.271330 3.132743 -0.094250 -0.000348
    35 -0.034845 0.015532 -0.006371 -3.119476 -0.012752 0.011827
    36 6.868289 0.000003 0.000003 1.771675 0.049520 0.152974
    37 -6.002364 -0.460211 -0.868646 -0.695749 -0.131805 0.077518
    38 -6.002752 -0.459276 -0.867383 -0.699507 -0.131813 0.077097
    39 -10.921875 -4.957031 -11.492188 -1.570794 0.087264 -1.570796
    40 -0.000001 -0.000002 0.000004 0.091610 0.149214 0.328636
    41 10.907397 0.000000 -0.000001 -0.000346 -0.000019 -1.117907
    42 10.424307 0.000001 0.000016 -1.922625 0.147416 0.059257
    43 2.997296 0.000062 1.477484 0.000000 0.000000 -1.038469
    44 1.510386 -0.000002 0.000000 0.000000 0.000000 -0.846484
    45 0.808652 0.000001 -0.000003 -0.119283 0.003523 -1.747148
    46 -0.010181 0.001544 -0.002427 3.133438 0.004938 -0.014530
    47 -0.007761 0.000776 -0.012938 -3.140949 0.009512 -0.002789
    48 -0.003515 0.022163 -0.007593 -3.131007 0.004989 -0.015563
    49 3.305811 0.201132 0.547463 0.105764 -0.028116 -1.071979
    50 1.807181 -0.000005 -0.000002 0.025091 -0.090975 -1.128935
    51 0.966146 0.000000 0.000000 0.000000 0.000000 -1.579521
    52 -0.004041 0.002991 -0.002260 -3.129316 0.007469 -0.002160
    53 -0.016014 -0.012525 -0.005755 -3.127586 -0.003209 -0.007102
    54 -0.010741 -0.015351 -0.005964 -3.141244 -0.014366 0.013993
    55 3.571526 0.110787 -0.409180 0.049846 -0.139786 -1.076866
    56 2.150658 0.000000 0.000000 0.000000 0.000000 -1.884952
    57 1.152748 0.000002 -0.000001 0.000000 0.000000 -1.038446
    58 -0.009424 0.003368 0.009511 3.138994 -0.007577 -0.001092
    59 -0.009795 0.006993 0.001619 3.137400 -0.006826 0.001062
    60 -0.005070 0.017085 0.007624 3.135509 0.005211 0.001477
    61 3.684113 -0.153569 -1.419744 -0.096816 -0.253004 -0.554907
    62 1.701014 -0.000001 0.000000 0.000000 0.000000 -1.867498
    63 0.994705 -0.000004 0.000000 0.000000 0.000000 -0.715585
    64 0.015236 0.000657 -0.012633 3.136885 0.014164 0.000018
    65 -0.014324 -0.018461 0.000846 -3.134644 0.013210 0.007851
    66 -0.020566 0.000650 -0.004019 -3.126894 -0.002595 -0.013678
    67 1.068097 -1.283652 -0.986552 -2.099602 0.354164 -0.554602
    68 1.836308 -0.000002 0.000001 0.083362 -0.004879 -0.597428
    69 1.223948 0.000001 -0.000002 -0.030976 -0.071338 -0.420800
    70 -0.026768 0.000412 0.021024 -3.135050 0.011560 0.031832
    71 -0.030946 0.015453 0.007155 3.126687 -0.014474 -0.013279
    72 0.024326 0.034636 0.000721 -3.121606 0.015525 0.030344
    73 -0.046000 0.019587 0.021797 3.134639 0.020864 -0.001670
    74 6.694322 0.000002 0.000001 -1.554985 -0.082172 0.138592
    75 -6.579163 -0.452807 0.914976 1.390020 0.137634 0.072730
    76 -6.553783 -0.454803 0.900534 1.387994 0.108045 0.086436
  time 32
    0 -14.130255 -25.635795 -7.971037 1.978109 0.039301 1.944519
    1 7.820313 -3.039063 -8.804688 -1.082104 0.087263 -1.570797
    2 -0.000001 0.000002 0.000000 -0.080017 -0.195129 0.238720
    3 10.907404 0.000001 -0.000001 0.000000 0.000025 -0.787528
    4 10.424325 -0.000011 -0.000033 2.364546 -0.126609 -0.325780
    5 2.997275 0.005409 -1.477475 0.000000 0.000000 -0.287977
    6 1.510384 -0.000004 0.000000 0.000000 0.000000 -0.506144
    7 0.808659 -0.000001 0.000001 0.000000 0.000000 -0.471238
    8 -0.005463 0.010882 0.011922 -3.130701 -0.002586 -0.018476
    9 -0.001080 -0.005339 -0.002780 -3.138880 -0.004640 0.012721
    10 -0.019963 -0.004463 0.017139 3.137685 -0.000240 0.002472
    11 3.305800 0.203115 -0.546730 0.000000 0.000000 -0.305433
    12 1.807178 0.000000 -0.000004 0.000000 0.000000 -0.453785
    13 0.966141 0.000003 -0.000001 0.000000 0.000000 -0.314158
    14 -0.002205 0.006298 0.000417 3.133979 -0.003058 0.005338
    15 0.007872 0.003559 -0.000436 -3.124798 -0.001004 0.009074
    16 0.012690 -0.008244 0.010269 -3.131666 0.016691 0.012264
    17 3.571513 0.109304 0.409580 0.000000 0.000000 -0.244345
    18 2.150648 0.000002 -0.000003 0.000000 0.000000 -0.479966
    19 1.152746 -0.000003 0.000003 0.000000 0.000000 -0.340337
    20 0.000419 0.016150 0.002405 3.136320 -0.007304 -0.003105
    21 0.001816 -0.009672 -0.007393 3.139013 -0.008631 -0.008588
    22 -0.003752 -0.011593 -0.001195 3.133090 0.002976 0.014444
    23 3.684098 -0.158697 1.419183 0.000000 0.000000 -0.069812
    24 1.701014 0.000004 0.000004 0.000000 0.000000 -0.418878
    25 0.994714 -0.000002 -0.000008 0.000000 0.000000 -0.174532
    26 0.021160 0.011093 -0.004108 -3.137926 -0.002080 -0.001153
    27 -0.003428 0.010128 -0.008341 -3.140832 -0.004146 -0.019238
    28 0.004127 0.010881 0.000767 3.138806 -0.003164 -0.013821
    29 1.068074 -1.287202 0.981906 1.988092 -0.717834 -0.545799
    30 1.836308 -0.000001 0.000002 0.031406 -0.185509 -0.353979
    31 1.223949 -0.000002 0.000002 0.021546 -0.034467 -0.362542
    32 -0.012758 0.013269 0.005633 -3.132442 0.011957 -0.016684
    33 0.003252 0.002937 0.004907 3.134101 -0.012025 0.011384
    34 0.017597 0.001415 -0.271330 3.132743 -0.094250 -0.000348
    35 -0.034845 0.015532 -0.006371 -3.119476 -0.012752 0.011827
    36 6.868289 0.000003 0.000003 1.772127 0.049448 0.152998
    37 -6.002364 -0.460211 -0.868646 -0.695749 -0.131805 0.077518
    38 -6.002752 -0.459276 -0.867383 -0.699507 -0.131813 0.077097
    39 -10.921875 -4.957031 -11.492188 -1.570794 0.087264 -1.570796
    40 -0.000001 -0.000002 0.000004 0.093682 0.149288 0.341582
    41 10.907397 0.000000 -0.000001 -0.000346 -0.000019 -1.137931
    42 10.424307 0.000001 0.000016 -1.917542 0.163834 0.113186
    43 2.997296 0.000062 1.477484 0.000000 0.000000 -1.038469
    44 1.510386 -0.000002 0.000000 0.000000 0.000000 -0.846484
    45 0.808652 0.000001 -0.000003 -0.119283 0.003523 -1.747148
    46 -0.010181 0.001544 -0.002427 3.133438 0.004938 -0.014530
    47 -0.007761 0.000776 -0.012938 -3.140949 0.009512 -0.002789
    48 -0.003515 0.022163 -0.007593 -3.131007 0.004989 -0.015563
    49 3.305811 0.201132 0.547463 0.105764 -0.028116 -1.071979
    50 1.807181 -0.000005 -0.000002 0.025091 -0.090975 -1.128935
    51 0.966146 0.000000 0.000000 0.000000 0.000000 -1.579521
    52 -0.004041 0.002991 -0.002260 -3.129316 0.007469 -0.002160
    53 -0.016014 -0.012525 -0.005755 -3.127586 -0.003209 -0.007102
    54 -0.010741 -0.015351 -0.005964 -3.141244 -0.014366 0.013993
    55 3.571526 0.110787 -0.409180 0.049846 -0.139786 -1.076866
    56 2.150658 0.000000 0.000000 0.000000 0.000000 -1.884952
    57 1.152748 0.000002 -0.000001 0.000000 0.000000 -1.038446
    58 -0.009424 0.003368 0.009511 3.138994 -0.007577 -0.001092
    59 -0.009795 0.006993 0.001619 3.137400 -0.006826 0.001062
    60 -0.005070 0.017085 0.007624 3.135509 0.005211 0.001477
    61 3.684113 -0.153569 -1.419744 -0.096816 -0.253004 -0.554907
    62 1.701014 -0.000001 0.000000 0.000000 0.000000 -1.867498
    63 0.994705 -0.000004 0.000000 0.000000 0.000000 -0.715585
    64 0.015236 0.000657 -0.012633 3.136885 0.014164 0.000018
    65 -0.014324 -0.018461 0.000846 -3.134644 0.013210 0.007851
    66 -0.020566 0.000650 -0.004019 -3.126894 -0.002595 -0.013678
    67 1.068097 -1.283652 -0.986552 -2.099602 0.354164 -0.554602
    68 1.836308 -0.000002 0.000001 0.083362 -0.004879 -0.597428
    69 1.223948 0.000001 -0.000002 -0.030976 -0.071338 -0.420800
    70 -0.026768 0.000412 0.021024 -3.135050 0.011560 0.031832
    71 -0.030946 0.015453 0.007155 3.126687 -0.014474 -0.013279
    72 0.024326 0.034636 0.000721 -3.121606 0.015525 0.030344
    73 -0.046000 0.019587 0.021797 3.134639 0.020864 -0.001670
    74 6.694322 0.000002 0.000001 -1.553341 -0.082399 0.138460
    75 -6.579163 -0.452807 0.914976 1.390020 0.137634 0.072730
    76 -6.553783 -0.454803 0.900534 1.387994 0.108045 0.086436
  time 33
    0 -14.177131 -25.585012 -8.146824 1.949211 0.011448 1.934087
    1 7.820313 -3.039063 -8.804688 -1.082104 0.087263 -1.570797
    2 -0.000001 0.000002 0.000000 -0.078754 -0.190507 0.250938
    3 10.907404 0.000001 -0.000001 0.000000 0.000025 -0.793666
    4 10.424325 -0.000011 -0.000033 2.367565 -0.144502 -0.344939
    5 2.997275 0.005409 -1.477475 0.000000 0.000000 -0.287977
    6 1.510384 -0.000004 0.000000 0.000000 0.000000 -0.506144
    7 0.808659 -0.000001 0.000001 0.000000 0.000000 -0.471238
    8 -0.005463 0.010882 0.011922 -3.130701 -0.002586 -0.018476
    9 -0.001080 -0.005339 -0.002780 -3.138880 -0.004640 0.012721
    10 -0.019963 -0.004463 0.017139 3.137685 -0.000240 0.002472
    11 3.305800 0.203115 -0.546730 0.000000 0.000000 -0.305433
    12 1.807178 0.000000 -0.000004 0.000000 0.000000 -0.453785
    13 0.966141 0.000003 -0.000001 0.000000 0.000000 -0.314158
    14 -0.002205 0.006298 0.000417 3.133979 -0.003058 0.005338
    15 0.007872 0.003559 -0.000436 -3.124798 -0.001004 0.009074
    16 0.012690 -0.008244 0.010269 -3.131666 0.016691 0.012264
    17 3.571513 0.109304 0.409580 0.000000 0.000000 -0.244345
    18 2.150648 0.000002 -0.000003 0.000000 0.000000 -0.479966
    19 1.152746 -0.000003 0.000003 0.000000 0.000000 -0.340337
    20 0.000419 0.016150 0.002405 3.136320 -0.007304 -0.003105
    21 0.001816 -0.009672 -0.007393 3.139013 -0.008631 -0.008588
    22 -0.003752 -0.011593 -0.001195 3.133090 0.002976 0.014444
    23 3.684098 -0.158697 1.419183 0.000000 0.000000 -0.069812
    24 1.701014 0.000004 0.000004 0.000000 0.000000 -0.418878
    25 0.994714 -0.000002 -0.000008 0.000000 0.000000 -0.174532
    26 0.021160 0.011093 -0.004108 -3.137926 -0.002080 -0.001153
    27 -0.003428 0.010128 -0.008341 -3.140832 -0.004146 -0.019238
    28 0.004127 0.010881 0.000767 3.138806 -0.003164 -0.013821
    29 1.068074 -1.287202 0.981906 1.988092 -0.717834 -0.545799
    30 1.836308 -0.000001 0.000002 0.031406 -0.185509 -0.353979
    31 1.223949 -0.000002 0.000002 0.021546 -0.034467 -0.362542
    32 -0.012758 0.013269 0.005633 -3.132442 0.011957 -0.016684
    33 0.003252 0.002937 0.004907 3.134101 -0.012025 0.011384
    34 0.017597 0.001415 -0.271330 3.132743 -0.094250 -0.000348
    35 -0.034845 0.015532 -0.006371 -3.119476 -0.012752 0.011827
    36 6.868289 0.000003 0.000003 1.772429 0.049400 0.153022
    37 -6.002364 -0.460211 -0.868646 -0.695749 -0.131805 0.077518
    38 -6.002752 -0.459276 -0.867383 -0.699507 -0.131813 0.077097
    39 -10.921875 -4.957031 -11.492188 -1.570794 0.087264 -1.570796
    40 -0.000001 -0.000002 0.000004 0.095402 0.149325 0.352461
    41 10.907397 0.000000 -0.000001 -0.000346 -0.000019 -1.154490
    42 10.424307 0.000001 0.000016 -1.913804 0.177783 0.158344
    43 2.997296 0.000062 1.477484 0.000000 0.000000 -1.038469
    44 1.510386 -0.000002 0.000000 0.000000 0.000000 -0.846484
    45 0.808652 0.000001 -0.000003 -0.119283 0.003523 -1.747148
    46 -0.010181 0.001544 -0.002427 3.133438 0.004938 -0.014530
    47 -0.007761 0.000776 -0.012938 -3.140949 0.009512 -0.002789
    48 -0.003515 0.022163 -0.007593 -3.131007 0.004989 -0.015563
    49 3.305811 0.201132 0.547463 0.105764 -0.028116 -1.071979
    50 1.807181 -0.000005 -0.000002 0.025091 -0.090975 -1.128935
    51 0.966146 0.000000 0.000000 0.000000 0.000000 -1.579521
    52 -0.004041 0.002991 -0.002260 -3.129316 0.007469 -0.002160
    53 -0.016014 -0.012525 -0.005755 -3.127586 -0.003209 -0.007102
    54 -0.010741 -0.015351 -0.005964 -3.141244 -0.014366 0.013993
    55 3.571526 0.110787 -0.409180 0.049846 -0.139786 -1.076866
    56 2.150658 0.000000 0.000000 0.000000 0.000000 -1.884952
    57 1.152748 0.000002 -0.000001 0.000000 0.000000 -1.038446
    58 -0.009424 0.003368 0.009511 3.138994 -0.007577 -0.001092
    59 -0.009795 0.006993 0.001619 3.137400 -0.006826 0.001062
    60 -0.005070 0.017085 0.007624 3.135509 0.005211 0.001477
    61 3.684113 -0.153569 -1.419744 -0.096816 -0.253004 -0.554907
    62 1.701014 -0.000001 0.000000 0.000000 0.000000 -1.867498
    63 0.994705 -0.000004 0.000000 0.000000 0.000000 -0.715585
    64 0.015236 0.000657 -0.012633 3.136885 0.014164 0.000018
    65 -0.014324 -0.018461 0.000846 -3.134644 0.013210 0.007851
    66 -0.020566 0.000650 -0.004019 -3.126894 -0.002595 -0.013678
    67 1.068097 -1.283652 -0.986552 -2.099602 0.354164 -0.554602
    68 1.836308 -0.000002 0.000001 0.083362 -0.004879 -0.597428
    69 1.223948 0.000001 -0.000002 -0.030976 -0.071338 -0.420800
    70 -0.026768 0.000412 0.021024 -3.135050 0.011560 0.031832
    71 -0.030946 0.015453 0.007155 3.126687 -0.014474 -0.013279
    72 0.024326 0.034636 0.000721 -3.121606 0.015525 0.030344
    73 -0.046000 0.019587 0.021797 3.134639 0.020864 -0.001670
    74 6.694322 0.000002 0.000001 -1.552656 -0.082495 0.138400
    75 -6.579163 -0.452807 0.914976 1.390020 0.137634 0.072730
    76 -6.553783 -0.454803 0.900534 1.387994 0.108045 0.086436
  time 34
    0 -14.200570 -25.561574 -8.224951 1.937295 -0.000416 1.929724
    1 7.820313 -3.039063 -8.804688 -1.082104 0.087263 -1.570797
    2 -0.000001 0.000002 0.000000 -0.078243 -0.188654 0.255832
    3 10.907404 0.000001 -0.000001 0.000000 0.000025 -0.796205
    4 10.424325 -0.000011 -0.000033 2.368743 -0.150889 -0.351743
    5 2.997275 0.005409 -1.477475 0.000000 0.000000 -0.287977
    6 1.510384 -0.000004 0.000000 0.000000 0.000000 -0.506144
    7 0.808659 -0.000001 0.000001 0.000000 0.000000 -0.471238
    8 -0.005463 0.010882 0.011922 -3.130701 -0.002586 -0.018476
    9 -0.001080 -0.005339 -0.002780 -3.138880 -0.004640 0.012721
    10 -0.019963 -0.004463 0.017139 3.137685 -0.000240 0.002472
    11 3.305800 0.203115 -0.546730 0.000000 0.000000 -0.305433
    12 1.807178 0.000000 -0.000004 0.000000 0.000000 -0.453785
    13 0.966141 0.000003 -0.000001 0.000000 0.000000 -0.314158
    14 -0.002205 0.006298 0.000417 3.133979 -0.003058 0.005338
    15 0.007872 0.003559 -0.000436 -3.124798 -0.001004 0.009074
    16 0.012690 -0.008244 0.010269 -3.131666 0.016691 0.012264
    17 3.571513 0.109304 0.409580 0.000000 0.000000 -0.244345
    18 2.150648 0.000002 -0.000003 0.000000 0.000000 -0.479966
    19 1.152746 -0.000003 0.000003 0.000000 0.000000 -0.340337
    20 0.000419 0.016150 0.002405 3.136320 -0.007304 -0.003105
    21 0.001816 -0.009672 -0.007393 3.139013 -0.008631 -0.008588
    22 -0.003752 -0.011593 -0.001195 3.133090 0.002976 0.014444
    23 3.684098 -0.158697 1.419183 0.000000 0.000000 -0.069812
    24 1.701014 0.000004 0.000004 0.000000 0.000000 -0.418878
    25 0.994714 -0.000002 -0.000008 0.000000 0.000000 -0.174532
    26 0.021160 0.011093 -0.004108 -3.137926 -0.002080 -0.001153
    27 -0.003428 0.010128 -0.008341 -3.140832 -0.004146 -0.019238
    28 0.004127 0.010881 0.000767 3.138806 -0.003164 -0.013821
    29 1.068074 -1.287202 0.981906 1.988092 -0.717834 -0.545799
    30 1.836308 -0.000001 0.000002 0.031406 -0.185509 -0.353979
    31 1.223949 -0.000002 0.000002 0.021546 -0.034467 -0.362542
    32 -0.012758 0.013269 0.005633 -3.132442 0.011957 -0.016684
    33 0.003252 0.002937 0.004907 3.134101 -0.012025 0.011384
    34 0.017597 0.001415 -0.271330 3.132743 -0.094250 -0.000348
    35 -0.034845 0.015532 -0.006371 -3.119476 -0.012752 0.011827
    36 6.868289 0.000003 0.000003 1.772505 0.049388 0.153022
    37 -6.002364 -0.460211 -0.868646 -0.695749 -0.131805 0.077518
    38 -6.002752 -0.459276 -0.867383 -0.699507 -0.131813 0.077097
    39 -10.921875 -4.957031 -11.492188 -1.570794 0.087264 -1.570796
    40 -0.000001 -0.000002 0.000004 0.096103 0.149362 0.356956
    41 10.907397 0.000000 -0.000001 -0.000346 -0.000019 -1.161386
    42 10.424307 0.000001 0.000016 -1.912309 0.183654 0.177275
    43 2.997296 0.000062 1.477484 0.000000 0.000000 -1.038469
    44 1.510386 -0.000002 0.000000 0.000000 0.000000 -0.846484
    45 0.808652 0.000001 -0.000003 -0.119283 0.003523 -1.747148
    46 -0.010181 0.001544 -0.002427 3.133438 0.004938 -0.014530
    47 -0.007761 0.000776 -0.012938 -3.140949 0.009512 -0.002789
    48 -0.003515 0.022163 -0.007593 -3.131007 0.004989 -0.015563
    49 3.305811 0.201132 0.547463 0.105764 -0.028116 -1.071979
    50 1.807181 -0.000005 -0.000002 0.025091 -0.090975 -1.128935
    51 0.966146 0.000000 0.000000 0.000000 0.000000 -1.579521
    52 -0.004041 0.002991 -0.002260 -3.129316 0.007469 -0.002160
    53 -0.016014 -0.012525 -0.005755 -3.127586 -0.003209 -0.007102
    54 -0.010741 -0.015351 -0.005964 -3.141244 -0.014366 0.013993
    55 3.571526 0.110787 -0.409180 0.049846 -0.139786 -1.076866
    56 2.150658 0.000000 0.000000 0.000000 0.000000 -1.884952
    57 1.152748 0.000002 -0.000001 0.000000 0.000000 -1.038446
    58 -0.009424 0.003368 0.009511 3.138994 -0.007577 -0.001092
    59 -0.009795 0.006993 0.001619 3.137400 -0.006826 0.001062
    60 -0.005070 0.017085 0.007624 3.135509 0.005211 0.001477
    61 3.684113 -0.153569 -1.419744 -0.096816 -0.253004 -0.554907
    62 1.701014 -0.000001 0.000000 0.000000 0.000000 -1.867498
    63 0.994705 -0.000004 0.000000 0.000000 0.000000 -0.715585
    64 0.015236 0.000657 -0.012633 3.136885 0.014164 0.000018
    65 -0.014324 -0.018461 0.000846 -3.134644 0.013210 0.007851
    66 -0.020566 0.000650 -0.004019 -3.126894 -0.002595 -0.013678
    67 1.068097 -1.283652 -0.986552 -2.099602 0.354164 -0.554602
    68 1.836308 -0.000002 0.000001 0.083362 -0.004879 -0.597428
    69 1.223948 0.000001 -0.000002 -0.030976 -0.071338 -0.420800
    70 -0.026768 0.000412 0.021024 -3.135050 0.011560 0.031832
    71 -0.030946 0.015453 0.007155 3.126687 -0.014474 -0.013279
    72 0.024326 0.034636 0.000721 -3.121606 0.015525 0.030344
    73 -0.046000 0.019587 0.021797 3.134639 0.020864 -0.001670
    74 6.694322 0.000002 0.000001 -1.552473 -0.082507 0.138388
    75 -6.579163 -0.452807 0.914976 1.390020 0.137634 0.072730
    76 -6.553783 -0.454803 0.900534 1.387994 0.108045 0.086436
end
