// Created by CrowbarDecompiler 0.71
version 1
nodes
  0 "Kukri" -1
  1 "Dummy002" -1
  2 "ValveBiped.Bip01_L_UpperArm" 1
  3 "ValveBiped.Bip01_L_Forearm" 2
  4 "ValveBiped.Bip01_L_Hand" 3
  5 "ValveBiped.Bip01_L_Finger4" 4
  6 "ValveBiped.Bip01_L_Finger41" 5
  7 "ValveBiped.Bip01_L_Finger42" 6
  8 "v_weapon.Bip01_L_Finger42" 7
  9 "v_weapon.Bip01_L_Finger41" 6
  10 "v_weapon.Bip01_L_Finger4" 5
  11 "ValveBiped.Bip01_L_Finger3" 4
  12 "ValveBiped.Bip01_L_Finger31" 11
  13 "ValveBiped.Bip01_L_Finger32" 12
  14 "v_weapon.Bip01_L_Finger32" 13
  15 "v_weapon.Bip01_L_Finger31" 12
  16 "v_weapon.Bip01_L_Finger3" 11
  17 "ValveBiped.Bip01_L_Finger2" 4
  18 "ValveBiped.Bip01_L_Finger21" 17
  19 "ValveBiped.Bip01_L_Finger22" 18
  20 "v_weapon.Bip01_L_Finger22" 19
  21 "v_weapon.Bip01_L_Finger21" 18
  22 "v_weapon.Bip01_L_Finger2" 17
  23 "ValveBiped.Bip01_L_Finger1" 4
  24 "ValveBiped.Bip01_L_Finger11" 23
  25 "ValveBiped.Bip01_L_Finger12" 24
  26 "v_weapon.Bip01_L_Finger12" 25
  27 "v_weapon.Bip01_L_Finger11" 24
  28 "v_weapon.Bip01_L_Finger1" 23
  29 "ValveBiped.Bip01_L_Finger0" 4
  30 "ValveBiped.Bip01_L_Finger01" 29
  31 "ValveBiped.Bip01_L_Finger02" 30
  32 "v_weapon.Bip01_L_Finger02" 31
  33 "v_weapon.Bip01_L_Finger01" 30
  34 "v_weapon.Bip01_L_Finger0" 29
  35 "v_weapon.Bip01_L_Hand" 4
  36 "ValveBiped.Bip01_L_Driven_ulna" 3
  37 "v_weapon.Bip01_L_ForeTwist" 36
  38 "v_weapon.Bip01_L_Forearm" 36
  39 "Dummy001" -1
  40 "ValveBiped.Bip01_R_UpperArm" 39
  41 "ValveBiped.Bip01_R_Forearm" 40
  42 "ValveBiped.Bip01_R_Hand" 41
  43 "ValveBiped.Bip01_R_Finger4" 42
  44 "ValveBiped.Bip01_R_Finger41" 43
  45 "ValveBiped.Bip01_R_Finger42" 44
  46 "v_weapon.Bip01_R_Finger42" 45
  47 "v_weapon.Bip01_R_Finger41" 44
  48 "v_weapon.Bip01_R_Finger4" 43
  49 "ValveBiped.Bip01_R_Finger3" 42
  50 "ValveBiped.Bip01_R_Finger31" 49
  51 "ValveBiped.Bip01_R_Finger32" 50
  52 "v_weapon.Bip01_R_Finger32" 51
  53 "v_weapon.Bip01_R_Finger31" 50
  54 "v_weapon.Bip01_R_Finger3" 49
  55 "ValveBiped.Bip01_R_Finger2" 42
  56 "ValveBiped.Bip01_R_Finger21" 55
  57 "ValveBiped.Bip01_R_Finger22" 56
  58 "v_weapon.Bip01_R_Finger22" 57
  59 "v_weapon.Bip01_R_Finger21" 56
  60 "v_weapon.Bip01_R_Finger2" 55
  61 "ValveBiped.Bip01_R_Finger1" 42
  62 "ValveBiped.Bip01_R_Finger11" 61
  63 "ValveBiped.Bip01_R_Finger12" 62
  64 "v_weapon.Bip01_R_Finger12" 63
  65 "v_weapon.Bip01_R_Finger11" 62
  66 "v_weapon.Bip01_R_Finger1" 61
  67 "ValveBiped.Bip01_R_Finger0" 42
  68 "ValveBiped.Bip01_R_Finger01" 67
  69 "ValveBiped.Bip01_R_Finger02" 68
  70 "v_weapon.Bip01_R_Finger02" 69
  71 "v_weapon.Bip01_R_Finger01" 68
  72 "v_weapon.Bip01_R_Finger0" 67
  73 "v_weapon.Bip01_R_Hand" 42
  74 "ValveBiped.Bip01_R_Driven_ulna" 41
  75 "v_weapon.Bip01_R_Forearm" 74
  76 "v_weapon.Bip01_R_ForeTwist" 74
end
skeleton
  time 0
    0 -14.200570 -25.561574 -8.224951 1.937295 -0.000416 1.929724
    1 7.820313 -3.039063 -8.804688 -1.082104 0.087263 -1.570797
    2 -0.000001 0.000002 0.000000 -0.078243 -0.188654 0.255832
    3 10.907404 0.000001 -0.000001 0.000000 0.000025 -0.796205
    4 10.424325 -0.000011 -0.000033 2.368743 -0.150889 -0.351743
    5 2.997275 0.005409 -1.477475 0.000000 0.000000 -0.287981
    6 1.510384 -0.000004 0.000000 0.000000 0.000000 -0.506151
    7 0.808659 -0.000001 0.000001 -0.000001 -0.000010 -0.471198
    8 -0.005463 0.010882 0.011922 -3.130701 -0.002586 -0.018476
    9 -0.001080 -0.005339 -0.002780 -3.138880 -0.004640 0.012721
    10 -0.019963 -0.004463 0.017139 3.137685 -0.000240 0.002472
    11 3.305800 0.203115 -0.546730 0.000000 0.000000 -0.305458
    12 1.807178 0.000000 -0.000004 -0.000011 0.000009 -0.453789
    13 0.966141 0.000003 -0.000001 0.000000 0.000000 -0.314159
    14 -0.002205 0.006298 0.000417 3.133979 -0.003058 0.005338
    15 0.007872 0.003559 -0.000436 -3.124798 -0.001004 0.009074
    16 0.012690 -0.008244 0.010269 -3.131666 0.016691 0.012264
    17 3.571513 0.109304 0.409580 -0.000005 0.000008 -0.244355
    18 2.150648 0.000002 -0.000003 0.000000 0.000000 -0.479993
    19 1.152746 -0.000003 0.000003 0.000000 0.000000 -0.340327
    20 0.000419 0.016150 0.002405 3.136320 -0.007304 -0.003105
    21 0.001816 -0.009672 -0.007393 3.139013 -0.008631 -0.008588
    22 -0.003752 -0.011593 -0.001195 3.133090 0.002976 0.014444
    23 3.684098 -0.158697 1.419183 -0.000004 0.000006 -0.069803
    24 1.701014 0.000004 0.000004 0.000000 0.000000 -0.418897
    25 0.994714 -0.000002 -0.000008 0.000000 0.000000 -0.174533
    26 0.021160 0.011093 -0.004108 -3.137926 -0.002080 -0.001153
    27 -0.003428 0.010128 -0.008341 -3.140832 -0.004146 -0.019238
    28 0.004127 0.010881 0.000767 3.138806 -0.003164 -0.013821
    29 1.068074 -1.287202 0.981906 1.988097 -0.717823 -0.545789
    30 1.836308 -0.000001 0.000002 0.031406 -0.185509 -0.353979
    31 1.223949 -0.000002 0.000002 0.021556 -0.034472 -0.362529
    32 -0.012758 0.013269 0.005633 -3.132442 0.011957 -0.016684
    33 0.003252 0.002937 0.004907 3.134101 -0.012025 0.011384
    34 0.017597 0.001415 -0.271330 3.132743 -0.094250 -0.000348
    35 -0.034845 0.015532 -0.006371 -3.119476 -0.012752 0.011827
    36 6.868289 0.000003 0.000003 1.772505 0.049388 0.153022
    37 -6.002364 -0.460211 -0.868646 -0.695749 -0.131805 0.077518
    38 -6.002752 -0.459276 -0.867383 -0.699507 -0.131813 0.077097
    39 -10.921875 -4.957031 -11.492188 -1.570794 0.087264 -1.570796
    40 -0.000001 -0.000002 0.000004 0.096103 0.149362 0.356956
    41 10.907397 0.000000 -0.000001 -0.000346 -0.000019 -1.161386
    42 10.424307 0.000001 0.000016 -1.912309 0.183654 0.177275
    43 2.997296 0.000062 1.477484 0.000000 0.000000 -1.038495
    44 1.510386 -0.000002 0.000000 0.000000 0.000000 -0.846516
    45 0.808652 0.000001 -0.000003 -0.119283 0.003523 -1.747148
    46 -0.010181 0.001544 -0.002427 3.133438 0.004938 -0.014530
    47 -0.007761 0.000776 -0.012938 -3.140949 0.009512 -0.002789
    48 -0.003515 0.022163 -0.007593 -3.131007 0.004989 -0.015563
    49 3.305811 0.201132 0.547463 0.105764 -0.028116 -1.071979
    50 1.807181 -0.000005 -0.000002 0.020283 -0.092164 -1.076370
    51 0.966146 0.000000 0.000000 0.000000 0.000000 -1.579499
    52 -0.004041 0.002991 -0.002260 -3.129316 0.007469 -0.002160
    53 -0.016014 -0.012525 -0.005755 -3.127586 -0.003209 -0.007102
    54 -0.010741 -0.015351 -0.005964 -3.141244 -0.014366 0.013993
    55 3.571526 0.110787 -0.409180 0.049844 -0.139776 -1.076885
    56 2.150658 0.000000 0.000000 0.000000 0.000000 -1.884936
    57 1.152748 0.000002 -0.000001 0.000000 0.000000 -1.038469
    58 -0.009424 0.003368 0.009511 3.138994 -0.007577 -0.001092
    59 -0.009795 0.006993 0.001619 3.137400 -0.006826 0.001062
    60 -0.005070 0.017085 0.007624 3.135509 0.005211 0.001477
    61 3.684113 -0.153569 -1.419744 -0.096812 -0.252994 -0.554889
    62 1.701014 -0.000001 0.000000 0.000000 0.000000 -1.867478
    63 0.994705 -0.000004 0.000000 0.000000 0.000000 -0.715606
    64 0.015236 0.000657 -0.012633 3.136885 0.014164 0.000018
    65 -0.014324 -0.018461 0.000846 -3.134644 0.013210 0.007851
    66 -0.020566 0.000650 -0.004019 -3.126894 -0.002595 -0.013678
    67 1.068097 -1.283652 -0.986552 -2.099614 0.354156 -0.554593
    68 1.836308 -0.000002 0.000001 0.083363 -0.004875 -0.597422
    69 1.223948 0.000001 -0.000002 -0.030976 -0.071336 -0.420800
    70 -0.026768 0.000412 0.021024 -3.135050 0.011560 0.031832
    71 -0.030946 0.015453 0.007155 3.126687 -0.014474 -0.013279
    72 0.024326 0.034636 0.000721 -3.121606 0.015525 0.030344
    73 -0.046000 0.019587 0.021797 3.134639 0.020864 -0.001670
    74 6.694322 0.000002 0.000001 -1.552473 -0.082507 0.138388
    75 -6.579163 -0.452807 0.914976 1.390020 0.137634 0.072730
    76 -6.553783 -0.454803 0.900534 1.387994 0.108045 0.086436
  time 1
    0 -13.911498 -25.545949 -8.252295 1.917591 0.016716 1.926500
    1 7.820313 -3.039063 -8.804688 -1.082104 0.087263 -1.570797
    2 -0.000001 0.000002 0.000000 -0.078958 -0.187528 0.270079
    3 10.907404 0.000001 -0.000001 0.000000 0.000025 -0.807257
    4 10.424325 -0.000011 -0.000033 2.365577 -0.144442 -0.344214
    5 2.997275 0.005409 -1.477475 0.000000 0.000000 -0.316627
    6 1.510384 -0.000004 0.000000 0.000000 0.000000 -0.534791
    7 0.808659 -0.000001 0.000001 -0.000001 -0.000010 -0.499825
    8 -0.005463 0.010882 0.011922 -3.130701 -0.002586 -0.018476
    9 -0.001080 -0.005339 -0.002780 -3.138880 -0.004640 0.012721
    10 -0.019963 -0.004463 0.017139 3.137685 -0.000240 0.002472
    11 3.305800 0.203115 -0.546730 0.000000 0.000000 -0.334082
    12 1.807178 0.000000 -0.000004 -0.000011 0.000009 -0.482424
    13 0.966141 0.000003 -0.000001 0.000000 0.000000 -0.342771
    14 -0.002205 0.006298 0.000417 3.133979 -0.003058 0.005338
    15 0.007872 0.003559 -0.000436 -3.124798 -0.001004 0.009074
    16 0.012690 -0.008244 0.010269 -3.131666 0.016691 0.012264
    17 3.571513 0.109304 0.409580 -0.000005 0.000008 -0.272985
    18 2.150648 0.000002 -0.000003 0.000000 0.000000 -0.508610
    19 1.152746 -0.000003 0.000003 0.000000 0.000000 -0.368927
    20 0.000419 0.016150 0.002405 3.136320 -0.007304 -0.003105
    21 0.001816 -0.009672 -0.007393 3.139013 -0.008631 -0.008588
    22 -0.003752 -0.011593 -0.001195 3.133090 0.002976 0.014444
    23 3.684098 -0.158697 1.419183 -0.000004 0.000006 -0.098429
    24 1.701014 0.000004 0.000004 0.000000 0.000000 -0.447514
    25 0.994714 -0.000002 -0.000008 0.000000 0.000000 -0.203178
    26 0.021160 0.011093 -0.004108 -3.137926 -0.002080 -0.001153
    27 -0.003428 0.010128 -0.008341 -3.140832 -0.004146 -0.019238
    28 0.004127 0.010881 0.000767 3.138806 -0.003164 -0.013821
    29 1.068074 -1.287202 0.981906 1.978377 -0.683684 -0.528926
    30 1.836308 -0.000001 0.000002 0.038093 -0.183543 -0.391375
    31 1.223949 -0.000002 0.000002 0.022467 -0.033297 -0.399345
    32 -0.012758 0.013269 0.005633 -3.132442 0.011957 -0.016684
    33 0.003252 0.002937 0.004907 3.134101 -0.012025 0.011384
    34 0.017597 0.001415 -0.271330 3.132743 -0.094250 -0.000348
    35 -0.034845 0.015532 -0.006371 -3.119476 -0.012752 0.011827
    36 6.868289 0.000003 0.000003 1.771448 0.049556 0.152962
    37 -6.002364 -0.460211 -0.868646 -0.695749 -0.131805 0.077518
    38 -6.002752 -0.459276 -0.867383 -0.699507 -0.131813 0.077097
    39 -10.921875 -4.957031 -11.492188 -1.570794 0.087264 -1.570796
    40 -0.000001 -0.000002 0.000004 0.090081 0.138734 0.364148
    41 10.907397 0.000000 -0.000001 -0.000346 -0.000019 -1.170698
    42 10.424307 0.000001 0.000016 -1.875605 0.186010 0.181617
    43 2.997296 0.000062 1.477484 0.000000 0.001043 -1.038495
    44 1.510386 -0.000002 0.000000 0.000000 0.000000 -0.854506
    45 0.808652 0.000001 -0.000003 -0.118959 0.004302 -1.739963
    46 -0.010181 0.001544 -0.002427 3.133438 0.004938 -0.014530
    47 -0.007761 0.000776 -0.012938 -3.140949 0.009512 -0.002789
    48 -0.003515 0.022163 -0.007593 -3.131007 0.004989 -0.015563
    49 3.305811 0.201132 0.547463 0.105680 -0.028332 -1.069799
    50 1.807181 -0.000005 -0.000002 0.020283 -0.092164 -1.076370
    51 0.966146 0.000000 0.000000 0.000000 0.000000 -1.579499
    52 -0.004041 0.002991 -0.002260 -3.129316 0.007469 -0.002160
    53 -0.016014 -0.012525 -0.005755 -3.127586 -0.003209 -0.007102
    54 -0.010741 -0.015351 -0.005964 -3.141244 -0.014366 0.013993
    55 3.571526 0.110787 -0.409180 0.049245 -0.139860 -1.072753
    56 2.150658 0.000000 0.000000 0.000000 0.000000 -1.882636
    57 1.152748 0.000002 -0.000001 0.000000 0.000000 -1.038469
    58 -0.009424 0.003368 0.009511 3.138994 -0.007577 -0.001092
    59 -0.009795 0.006993 0.001619 3.137400 -0.006826 0.001062
    60 -0.005070 0.017085 0.007624 3.135509 0.005211 0.001477
    61 3.684113 -0.153569 -1.419744 -0.098274 -0.252167 -0.548614
    62 1.701014 -0.000001 0.000000 0.000000 0.000000 -1.851371
    63 0.994705 -0.000004 0.000000 0.000000 0.000000 -0.712810
    64 0.015236 0.000657 -0.012633 3.136885 0.014164 0.000018
    65 -0.014324 -0.018461 0.000846 -3.134644 0.013210 0.007851
    66 -0.020566 0.000650 -0.004019 -3.126894 -0.002595 -0.013678
    67 1.068097 -1.283652 -0.986552 -2.100939 0.353138 -0.559051
    68 1.836308 -0.000002 0.000001 0.083243 -0.005247 -0.592652
    69 1.223948 0.000001 -0.000002 -0.030976 -0.071336 -0.420800
    70 -0.026768 0.000412 0.021024 -3.135050 0.011560 0.031832
    71 -0.030946 0.015453 0.007155 3.126687 -0.014474 -0.013279
    72 0.024326 0.034636 0.000721 -3.121606 0.015525 0.030344
    73 -0.046000 0.019587 0.021797 3.134639 0.020864 -0.001670
    74 6.694322 0.000002 0.000001 -1.534023 -0.085060 0.136842
    75 -6.579163 -0.452807 0.914976 1.390020 0.137634 0.072730
    76 -6.553783 -0.454803 0.900534 1.387994 0.108045 0.086436
  time 2
    0 -13.157569 -25.487353 -8.314797 1.859607 0.054876 1.914550
    1 7.820313 -3.039063 -8.804688 -1.082104 0.087263 -1.570797
    2 -0.000001 0.000002 0.000000 -0.080693 -0.184338 0.309238
    3 10.907404 0.000001 -0.000001 0.000000 0.000025 -0.836339
    4 10.424325 -0.000011 -0.000033 2.357182 -0.126033 -0.324637
    5 2.997275 0.005409 -1.477475 0.000000 0.000000 -0.379616
    6 1.510384 -0.000004 0.000000 0.000000 0.000000 -0.597792
    7 0.808659 -0.000001 0.000001 -0.000001 -0.000010 -0.562860
    8 -0.005463 0.010882 0.011922 -3.130701 -0.002586 -0.018476
    9 -0.001080 -0.005339 -0.002780 -3.138880 -0.004640 0.012721
    10 -0.019963 -0.004463 0.017139 3.137685 -0.000240 0.002472
    11 3.305800 0.203115 -0.546730 0.000000 0.000000 -0.397082
    12 1.807178 0.000000 -0.000004 -0.000011 0.000009 -0.545436
    13 0.966141 0.000003 -0.000001 0.000000 0.000000 -0.405789
    14 -0.002205 0.006298 0.000417 3.133979 -0.003058 0.005338
    15 0.007872 0.003559 -0.000436 -3.124798 -0.001004 0.009074
    16 0.012690 -0.008244 0.010269 -3.131666 0.016691 0.012264
    17 3.571513 0.109304 0.409580 -0.000005 0.000008 -0.335989
    18 2.150648 0.000002 -0.000003 0.000000 0.000000 -0.571597
    19 1.152746 -0.000003 0.000003 0.000000 0.000000 -0.431936
    20 0.000419 0.016150 0.002405 3.136320 -0.007304 -0.003105
    21 0.001816 -0.009672 -0.007393 3.139013 -0.008631 -0.008588
    22 -0.003752 -0.011593 -0.001195 3.133090 0.002976 0.014444
    23 3.684098 -0.158697 1.419183 -0.000004 0.000006 -0.161437
    24 1.701014 0.000004 0.000004 0.000000 0.000000 -0.510514
    25 0.994714 -0.000002 -0.000008 0.000000 0.000000 -0.266175
    26 0.021160 0.011093 -0.004108 -3.137926 -0.002080 -0.001153
    27 -0.003428 0.010128 -0.008341 -3.140832 -0.004146 -0.019238
    28 0.004127 0.010881 0.000767 3.138806 -0.003164 -0.013821
    29 1.068074 -1.287202 0.981906 1.957021 -0.608569 -0.491808
    30 1.836308 -0.000001 0.000002 0.052822 -0.179253 -0.473565
    31 1.223949 -0.000002 0.000002 0.024480 -0.030697 -0.480320
    32 -0.012758 0.013269 0.005633 -3.132442 0.011957 -0.016684
    33 0.003252 0.002937 0.004907 3.134101 -0.012025 0.011384
    34 0.017597 0.001415 -0.271330 3.132743 -0.094250 -0.000348
    35 -0.034845 0.015532 -0.006371 -3.119476 -0.012752 0.011827
    36 6.868289 0.000003 0.000003 1.768656 0.049975 0.152830
    37 -6.002364 -0.460211 -0.868646 -0.695749 -0.131805 0.077518
    38 -6.002752 -0.459276 -0.867383 -0.699507 -0.131813 0.077097
    39 -10.921875 -4.957031 -11.492188 -1.570794 0.087264 -1.570796
    40 -0.000001 -0.000002 0.000004 0.073478 0.110776 0.382038
    41 10.907397 0.000000 -0.000001 -0.000346 -0.000019 -1.192682
    42 10.424307 0.000001 0.000016 -1.779247 0.192180 0.191691
    43 2.997296 0.000062 1.477484 0.000000 0.004003 -1.038495
    44 1.510386 -0.000002 0.000000 0.000000 0.000000 -0.877037
    45 0.808652 0.000001 -0.000003 -0.118048 0.006520 -1.719566
    46 -0.010181 0.001544 -0.002427 3.133438 0.004938 -0.014530
    47 -0.007761 0.000776 -0.012938 -3.140949 0.009512 -0.002789
    48 -0.003515 0.022163 -0.007593 -3.131007 0.004989 -0.015563
    49 3.305811 0.201132 0.547463 0.105428 -0.028955 -1.063674
    50 1.807181 -0.000005 -0.000002 0.020283 -0.092164 -1.076370
    51 0.966146 0.000000 0.000000 0.000000 0.000000 -1.579499
    52 -0.004041 0.002991 -0.002260 -3.129316 0.007469 -0.002160
    53 -0.016014 -0.012525 -0.005755 -3.127586 -0.003209 -0.007102
    54 -0.010741 -0.015351 -0.005964 -3.141244 -0.014366 0.013993
    55 3.571526 0.110787 -0.409180 0.047531 -0.140100 -1.061046
    56 2.150658 0.000000 0.000000 0.000000 0.000000 -1.876037
    57 1.152748 0.000002 -0.000001 0.000000 0.000000 -1.038469
    58 -0.009424 0.003368 0.009511 3.138994 -0.007577 -0.001092
    59 -0.009795 0.006993 0.001619 3.137400 -0.006826 0.001062
    60 -0.005070 0.017085 0.007624 3.135509 0.005211 0.001477
    61 3.684113 -0.153569 -1.419744 -0.102301 -0.249866 -0.531205
    62 1.701014 -0.000001 0.000000 0.000000 0.000000 -1.805700
    63 0.994705 -0.000004 0.000000 0.000000 0.000000 -0.704921
    64 0.015236 0.000657 -0.012633 3.136885 0.014164 0.000018
    65 -0.014324 -0.018461 0.000846 -3.134644 0.013210 0.007851
    66 -0.020566 0.000650 -0.004019 -3.126894 -0.002595 -0.013678
    67 1.068097 -1.283652 -0.986552 -2.104251 0.350561 -0.570173
    68 1.836308 -0.000002 0.000001 0.082907 -0.006325 -0.579109
    69 1.223948 0.000001 -0.000002 -0.030976 -0.071336 -0.420800
    70 -0.026768 0.000412 0.021024 -3.135050 0.011560 0.031832
    71 -0.030946 0.015453 0.007155 3.126687 -0.014474 -0.013279
    72 0.024326 0.034636 0.000721 -3.121606 0.015525 0.030344
    73 -0.046000 0.019587 0.021797 3.134639 0.020864 -0.001670
    74 6.694322 0.000002 0.000001 -1.485429 -0.091627 0.132551
    75 -6.579163 -0.452807 0.914976 1.390020 0.137634 0.072730
    76 -6.553783 -0.454803 0.900534 1.387994 0.108045 0.086436
  time 3
    0 -12.122381 -25.389694 -8.389018 1.763623 0.089096 1.891979
    1 7.820313 -3.039063 -8.804688 -1.082104 0.087263 -1.570797
    2 -0.000001 0.000002 0.000000 -0.082352 -0.179435 0.366105
    3 10.907404 0.000001 -0.000001 0.000000 0.000025 -0.872655
    4 10.424325 -0.000011 -0.000033 2.345916 -0.096899 -0.300263
    5 2.997275 0.005409 -1.477475 0.000000 0.000000 -0.442627
    6 1.510384 -0.000004 0.000000 0.000000 0.000000 -0.660793
    7 0.808659 -0.000001 0.000001 -0.000001 -0.000010 -0.625840
    8 -0.005463 0.010882 0.011922 -3.130701 -0.002586 -0.018476
    9 -0.001080 -0.005339 -0.002780 -3.138880 -0.004640 0.012721
    10 -0.019963 -0.004463 0.017139 3.137685 -0.000240 0.002472
    11 3.305800 0.203115 -0.546730 0.000000 0.000000 -0.460082
    12 1.807178 0.000000 -0.000004 -0.000011 0.000009 -0.608423
    13 0.966141 0.000003 -0.000001 0.000000 0.000000 -0.468763
    14 -0.002205 0.006298 0.000417 3.133979 -0.003058 0.005338
    15 0.007872 0.003559 -0.000436 -3.124798 -0.001004 0.009074
    16 0.012690 -0.008244 0.010269 -3.131666 0.016691 0.012264
    17 3.571513 0.109304 0.409580 -0.000005 0.000008 -0.398975
    18 2.150648 0.000002 -0.000003 0.000000 0.000000 -0.634631
    19 1.152746 -0.000003 0.000003 0.000000 0.000000 -0.494946
    20 0.000419 0.016150 0.002405 3.136320 -0.007304 -0.003105
    21 0.001816 -0.009672 -0.007393 3.139013 -0.008631 -0.008588
    22 -0.003752 -0.011593 -0.001195 3.133090 0.002976 0.014444
    23 3.684098 -0.158697 1.419183 -0.000004 0.000006 -0.224412
    24 1.701014 0.000004 0.000004 0.000000 0.000000 -0.573514
    25 0.994714 -0.000002 -0.000008 0.000000 0.000000 -0.329173
    26 0.021160 0.011093 -0.004108 -3.137926 -0.002080 -0.001153
    27 -0.003428 0.010128 -0.008341 -3.140832 -0.004146 -0.019238
    28 0.004127 0.010881 0.000767 3.138806 -0.003164 -0.013821
    29 1.068074 -1.287202 0.981906 1.935652 -0.533453 -0.454689
    30 1.836308 -0.000001 0.000002 0.067551 -0.174950 -0.555755
    31 1.223949 -0.000002 0.000002 0.026494 -0.028096 -0.561329
    32 -0.012758 0.013269 0.005633 -3.132442 0.011957 -0.016684
    33 0.003252 0.002937 0.004907 3.134101 -0.012025 0.011384
    34 0.017597 0.001415 -0.271330 3.132743 -0.094250 -0.000348
    35 -0.034845 0.015532 -0.006371 -3.119476 -0.012752 0.011827
    36 6.868289 0.000003 0.000003 1.765033 0.050539 0.152651
    37 -6.002364 -0.460211 -0.868646 -0.695749 -0.131805 0.077518
    38 -6.002752 -0.459276 -0.867383 -0.699507 -0.131813 0.077097
    39 -10.921875 -4.957031 -11.492188 -1.570794 0.087264 -1.570796
    40 -0.000001 -0.000002 0.000004 0.048591 0.071412 0.404334
    41 10.907397 0.000000 -0.000001 -0.000346 -0.000019 -1.216732
    42 10.424307 0.000001 0.000016 -1.643942 0.200781 0.202286
    43 2.997296 0.000062 1.477484 0.000000 0.008629 -1.038495
    44 1.510386 -0.000002 0.000000 0.000000 0.000000 -0.911840
    45 0.808652 0.000001 -0.000003 -0.116634 0.009959 -1.687721
    46 -0.010181 0.001544 -0.002427 3.133438 0.004938 -0.014530
    47 -0.007761 0.000776 -0.012938 -3.140949 0.009512 -0.002789
    48 -0.003515 0.022163 -0.007593 -3.131007 0.004989 -0.015563
    49 3.305811 0.201132 0.547463 0.105057 -0.029938 -1.054054
    50 1.807181 -0.000005 -0.000002 0.020283 -0.092164 -1.076370
    51 0.966146 0.000000 0.000000 0.000000 0.000000 -1.579499
    52 -0.004041 0.002991 -0.002260 -3.129316 0.007469 -0.002160
    53 -0.016014 -0.012525 -0.005755 -3.127586 -0.003209 -0.007102
    54 -0.010741 -0.015351 -0.005964 -3.141244 -0.014366 0.013993
    55 3.571526 0.110787 -0.409180 0.044870 -0.140459 -1.042710
    56 2.150658 0.000000 0.000000 0.000000 0.000000 -1.865749
    57 1.152748 0.000002 -0.000001 0.000000 0.000000 -1.038469
    58 -0.009424 0.003368 0.009511 3.138994 -0.007577 -0.001092
    59 -0.009795 0.006993 0.001619 3.137400 -0.006826 0.001062
    60 -0.005070 0.017085 0.007624 3.135509 0.005211 0.001477
    61 3.684113 -0.153569 -1.419744 -0.108401 -0.246391 -0.504897
    62 1.701014 -0.000001 0.000000 0.000000 0.000000 -1.734391
    63 0.994705 -0.000004 0.000000 0.000000 0.000000 -0.692577
    64 0.015236 0.000657 -0.012633 3.136885 0.014164 0.000018
    65 -0.014324 -0.018461 0.000846 -3.134644 0.013210 0.007851
    66 -0.020566 0.000650 -0.004019 -3.126894 -0.002595 -0.013678
    67 1.068097 -1.283652 -0.986552 -2.108550 0.347229 -0.584639
    68 1.836308 -0.000002 0.000001 0.082404 -0.008003 -0.557968
    69 1.223948 0.000001 -0.000002 -0.030976 -0.071336 -0.420800
    70 -0.026768 0.000412 0.021024 -3.135050 0.011560 0.031832
    71 -0.030946 0.015453 0.007155 3.126687 -0.014474 -0.013279
    72 0.024326 0.034636 0.000721 -3.121606 0.015525 0.030344
    73 -0.046000 0.019587 0.021797 3.134639 0.020864 -0.001670
    74 6.694322 0.000002 0.000001 -1.417380 -0.100436 0.126032
    75 -6.579163 -0.452807 0.914976 1.390020 0.137634 0.072730
    76 -6.553783 -0.454803 0.900534 1.387994 0.108045 0.086436
  time 4
    0 -10.985628 -25.249065 -8.451520 1.636301 0.095281 1.864950
    1 7.820313 -3.039063 -8.804688 -1.082104 0.087263 -1.570797
    2 -0.000001 0.000002 0.000000 -0.083168 -0.173054 0.435070
    3 10.907404 0.000001 -0.000001 0.000000 0.000025 -0.909391
    4 10.424325 -0.000011 -0.000033 2.334355 -0.058237 -0.276308
    5 2.997275 0.005409 -1.477475 0.000000 0.000000 -0.471250
    6 1.510384 -0.000004 0.000000 0.000000 0.000000 -0.689434
    7 0.808659 -0.000001 0.000001 -0.000001 -0.000010 -0.654467
    8 -0.005463 0.010882 0.011922 -3.130701 -0.002586 -0.018476
    9 -0.001080 -0.005339 -0.002780 -3.138880 -0.004640 0.012721
    10 -0.019963 -0.004463 0.017139 3.137685 -0.000240 0.002472
    11 3.305800 0.203115 -0.546730 0.000000 0.000000 -0.488706
    12 1.807178 0.000000 -0.000004 -0.000011 0.000009 -0.637058
    13 0.966141 0.000003 -0.000001 0.000000 0.000000 -0.497419
    14 -0.002205 0.006298 0.000417 3.133979 -0.003058 0.005338
    15 0.007872 0.003559 -0.000436 -3.124798 -0.001004 0.009074
    16 0.012690 -0.008244 0.010269 -3.131666 0.016691 0.012264
    17 3.571513 0.109304 0.409580 -0.000005 0.000008 -0.427623
    18 2.150648 0.000002 -0.000003 0.000000 0.000000 -0.663248
    19 1.152746 -0.000003 0.000003 0.000000 0.000000 -0.523596
    20 0.000419 0.016150 0.002405 3.136320 -0.007304 -0.003105
    21 0.001816 -0.009672 -0.007393 3.139013 -0.008631 -0.008588
    22 -0.003752 -0.011593 -0.001195 3.133090 0.002976 0.014444
    23 3.684098 -0.158697 1.419183 -0.000004 0.000006 -0.253070
    24 1.701014 0.000004 0.000004 0.000000 0.000000 -0.602155
    25 0.994714 -0.000002 -0.000008 0.000000 0.000000 -0.357817
    26 0.021160 0.011093 -0.004108 -3.137926 -0.002080 -0.001153
    27 -0.003428 0.010128 -0.008341 -3.140832 -0.004146 -0.019238
    28 0.004127 0.010881 0.000767 3.138806 -0.003164 -0.013821
    29 1.068074 -1.287202 0.981906 1.925945 -0.499329 -0.437809
    30 1.836308 -0.000001 0.000002 0.074239 -0.172997 -0.593151
    31 1.223949 -0.000002 0.000002 0.027405 -0.026921 -0.598145
    32 -0.012758 0.013269 0.005633 -3.132442 0.011957 -0.016684
    33 0.003252 0.002937 0.004907 3.134101 -0.012025 0.011384
    34 0.017597 0.001415 -0.271330 3.132743 -0.094250 -0.000348
    35 -0.034845 0.015532 -0.006371 -3.119476 -0.012752 0.011827
    36 6.868289 0.000003 0.000003 1.761599 0.051066 0.152471
    37 -6.002364 -0.460211 -0.868646 -0.695749 -0.131805 0.077518
    38 -6.002752 -0.459276 -0.867383 -0.699507 -0.131813 0.077097
    39 -10.921875 -4.957031 -11.492188 -1.570794 0.087264 -1.570796
    40 -0.000001 -0.000002 0.000004 0.018541 0.026420 0.426001
    41 10.907397 0.000000 -0.000001 -0.000346 -0.000019 -1.235286
    42 10.424307 0.000001 0.000016 -1.490024 0.210056 0.210102
    43 2.997296 0.000062 1.477484 0.000000 0.014657 -1.038495
    44 1.510386 -0.000002 0.000000 0.000000 0.000000 -0.956711
    45 0.808652 0.000001 -0.000003 -0.114788 0.014453 -1.646195
    46 -0.010181 0.001544 -0.002427 3.133438 0.004938 -0.014530
    47 -0.007761 0.000776 -0.012938 -3.140949 0.009512 -0.002789
    48 -0.003515 0.022163 -0.007593 -3.131007 0.004989 -0.015563
    49 3.305811 0.201132 0.547463 0.104566 -0.031220 -1.041541
    50 1.807181 -0.000005 -0.000002 0.020283 -0.092164 -1.076370
    51 0.966146 0.000000 0.000000 0.000000 0.000000 -1.579499
    52 -0.004041 0.002991 -0.002260 -3.129316 0.007469 -0.002160
    53 -0.016014 -0.012525 -0.005755 -3.127586 -0.003209 -0.007102
    54 -0.010741 -0.015351 -0.005964 -3.141244 -0.014366 0.013993
    55 3.571526 0.110787 -0.409180 0.041395 -0.140927 -1.018864
    56 2.150658 0.000000 0.000000 0.000000 0.000000 -1.852248
    57 1.152748 0.000002 -0.000001 0.000000 0.000000 -1.038469
    58 -0.009424 0.003368 0.009511 3.138994 -0.007577 -0.001092
    59 -0.009795 0.006993 0.001619 3.137400 -0.006826 0.001062
    60 -0.005070 0.017085 0.007624 3.135509 0.005211 0.001477
    61 3.684113 -0.153569 -1.419744 -0.116035 -0.242028 -0.471945
    62 1.701014 -0.000001 0.000000 0.000000 0.000000 -1.641405
    63 0.994705 -0.000004 0.000000 0.000000 0.000000 -0.676481
    64 0.015236 0.000657 -0.012633 3.136885 0.014164 0.000018
    65 -0.014324 -0.018461 0.000846 -3.134644 0.013210 0.007851
    66 -0.020566 0.000650 -0.004019 -3.126894 -0.002595 -0.013678
    67 1.068097 -1.283652 -0.986552 -2.112863 0.343898 -0.599104
    68 1.836308 -0.000002 0.000001 0.081733 -0.010184 -0.530392
    69 1.223948 0.000001 -0.000002 -0.030976 -0.071336 -0.420800
    70 -0.026768 0.000412 0.021024 -3.135050 0.011560 0.031832
    71 -0.030946 0.015453 0.007155 3.126687 -0.014474 -0.013279
    72 0.024326 0.034636 0.000721 -3.121606 0.015525 0.030344
    73 -0.046000 0.019587 0.021797 3.134639 0.020864 -0.001670
    74 6.694322 0.000002 0.000001 -1.340608 -0.109796 0.117978
    75 -6.579163 -0.452807 0.914976 1.390020 0.137634 0.072730
    76 -6.553783 -0.454803 0.900534 1.387994 0.108045 0.086436
  time 5
    0 -9.899657 -25.096716 -8.486678 1.494999 0.061152 1.846552
    1 7.820313 -3.039063 -8.804688 -1.082104 0.087263 -1.570797
    2 -0.000001 0.000002 0.000000 -0.082326 -0.165547 0.509527
    3 10.907404 0.000001 -0.000001 0.000000 0.000025 -0.937632
    4 10.424325 -0.000011 -0.000033 2.325298 -0.011521 -0.258460
    5 2.997275 0.005409 -1.477475 0.000000 0.000000 -0.471250
    6 1.510384 -0.000004 0.000000 0.000000 0.000000 -0.689434
    7 0.808659 -0.000001 0.000001 -0.000001 -0.000010 -0.654467
    8 -0.005463 0.010882 0.011922 -3.130701 -0.002586 -0.018476
    9 -0.001080 -0.005339 -0.002780 -3.138880 -0.004640 0.012721
    10 -0.019963 -0.004463 0.017139 3.137685 -0.000240 0.002472
    11 3.305800 0.203115 -0.546730 0.000000 0.000000 -0.488706
    12 1.807178 0.000000 -0.000004 -0.000011 0.000009 -0.637058
    13 0.966141 0.000003 -0.000001 0.000000 0.000000 -0.497419
    14 -0.002205 0.006298 0.000417 3.133979 -0.003058 0.005338
    15 0.007872 0.003559 -0.000436 -3.124798 -0.001004 0.009074
    16 0.012690 -0.008244 0.010269 -3.131666 0.016691 0.012264
    17 3.571513 0.109304 0.409580 -0.000005 0.000008 -0.427623
    18 2.150648 0.000002 -0.000003 0.000000 0.000000 -0.663248
    19 1.152746 -0.000003 0.000003 0.000000 0.000000 -0.523596
    20 0.000419 0.016150 0.002405 3.136320 -0.007304 -0.003105
    21 0.001816 -0.009672 -0.007393 3.139013 -0.008631 -0.008588
    22 -0.003752 -0.011593 -0.001195 3.133090 0.002976 0.014444
    23 3.684098 -0.158697 1.419183 -0.000004 0.000006 -0.253070
    24 1.701014 0.000004 0.000004 0.000000 0.000000 -0.602155
    25 0.994714 -0.000002 -0.000008 0.000000 0.000000 -0.357817
    26 0.021160 0.011093 -0.004108 -3.137926 -0.002080 -0.001153
    27 -0.003428 0.010128 -0.008341 -3.140832 -0.004146 -0.019238
    28 0.004127 0.010881 0.000767 3.138806 -0.003164 -0.013821
    29 1.068074 -1.287202 0.981906 1.925945 -0.499329 -0.437809
    30 1.836308 -0.000001 0.000002 0.074239 -0.172997 -0.593151
    31 1.223949 -0.000002 0.000002 0.027405 -0.026921 -0.598145
    32 -0.012758 0.013269 0.005633 -3.132442 0.011957 -0.016684
    33 0.003252 0.002937 0.004907 3.134101 -0.012025 0.011384
    34 0.017597 0.001415 -0.271330 3.132743 -0.094250 -0.000348
    35 -0.034845 0.015532 -0.006371 -3.119476 -0.012752 0.011827
    36 6.868289 0.000003 0.000003 1.759448 0.051389 0.152363
    37 -6.002364 -0.460211 -0.868646 -0.695749 -0.131805 0.077518
    38 -6.002752 -0.459276 -0.867383 -0.699507 -0.131813 0.077097
    39 -10.921875 -4.957031 -11.492188 -1.570794 0.087264 -1.570796
    40 -0.000001 -0.000002 0.000004 -0.012369 -0.018424 0.443262
    41 10.907397 0.000000 -0.000001 -0.000346 -0.000019 -1.244108
    42 10.424307 0.000001 0.000016 -1.336927 0.218096 0.213749
    43 2.997296 0.000062 1.477484 0.000000 0.021848 -1.038495
    44 1.510386 -0.000002 0.000000 0.000000 0.000000 -1.009411
    45 0.808652 0.000001 -0.000003 -0.112583 0.019811 -1.596754
    46 -0.010181 0.001544 -0.002427 3.133438 0.004938 -0.014530
    47 -0.007761 0.000776 -0.012938 -3.140949 0.009512 -0.002789
    48 -0.003515 0.022163 -0.007593 -3.131007 0.004989 -0.015563
    49 3.305811 0.201132 0.547463 0.103978 -0.032742 -1.026660
    50 1.807181 -0.000005 -0.000002 0.020283 -0.092164 -1.076370
    51 0.966146 0.000000 0.000000 0.000000 0.000000 -1.579499
    52 -0.004041 0.002991 -0.002260 -3.129316 0.007469 -0.002160
    53 -0.016014 -0.012525 -0.005755 -3.127586 -0.003209 -0.007102
    54 -0.010741 -0.015351 -0.005964 -3.141244 -0.014366 0.013993
    55 3.571526 0.110787 -0.409180 0.037260 -0.141490 -0.990413
    56 2.150658 0.000000 0.000000 0.000000 0.000000 -1.836143
    57 1.152748 0.000002 -0.000001 0.000000 0.000000 -1.038469
    58 -0.009424 0.003368 0.009511 3.138994 -0.007577 -0.001092
    59 -0.009795 0.006993 0.001619 3.137400 -0.006826 0.001062
    60 -0.005070 0.017085 0.007624 3.135509 0.005211 0.001477
    61 3.684113 -0.153569 -1.419744 -0.124700 -0.237091 -0.434543
    62 1.701014 -0.000001 0.000000 0.000000 0.000000 -1.530668
    63 0.994705 -0.000004 0.000000 0.000000 0.000000 -0.657339
    64 0.015236 0.000657 -0.012633 3.136885 0.014164 0.000018
    65 -0.014324 -0.018461 0.000846 -3.134644 0.013210 0.007851
    66 -0.020566 0.000650 -0.004019 -3.126894 -0.002595 -0.013678
    67 1.068097 -1.283652 -0.986552 -2.116175 0.341333 -0.610238
    68 1.836308 -0.000002 0.000001 0.080930 -0.012785 -0.497566
    69 1.223948 0.000001 -0.000002 -0.030976 -0.071336 -0.420800
    70 -0.026768 0.000412 0.021024 -3.135050 0.011560 0.031832
    71 -0.030946 0.015453 0.007155 3.126687 -0.014474 -0.013279
    72 0.024326 0.034636 0.000721 -3.121606 0.015525 0.030344
    73 -0.046000 0.019587 0.021797 3.134639 0.020864 -0.001670
    74 6.694322 0.000002 0.000001 -1.265252 -0.118341 0.109397
    75 -6.579163 -0.452807 0.914976 1.390020 0.137634 0.072730
    76 -6.553783 -0.454803 0.900534 1.387994 0.108045 0.086436
  time 6
    0 -9.005098 -24.959993 -8.482771 1.361953 -0.008525 1.846457
    1 7.820313 -3.039063 -8.804688 -1.082104 0.087263 -1.570797
    2 -0.000001 0.000002 0.000000 -0.079392 -0.157243 0.583506
    3 10.907404 0.000001 -0.000001 0.000000 0.000025 -0.950986
    4 10.424325 -0.000011 -0.000033 2.320879 0.041475 -0.250206
    5 2.997275 0.005409 -1.477475 0.000000 0.000000 -0.471250
    6 1.510384 -0.000004 0.000000 0.000000 0.000000 -0.689434
    7 0.808659 -0.000001 0.000001 -0.000001 -0.000010 -0.654467
    8 -0.005463 0.010882 0.011922 -3.130701 -0.002586 -0.018476
    9 -0.001080 -0.005339 -0.002780 -3.138880 -0.004640 0.012721
    10 -0.019963 -0.004463 0.017139 3.137685 -0.000240 0.002472
    11 3.305800 0.203115 -0.546730 0.000000 0.000000 -0.488706
    12 1.807178 0.000000 -0.000004 -0.000011 0.000009 -0.637058
    13 0.966141 0.000003 -0.000001 0.000000 0.000000 -0.497419
    14 -0.002205 0.006298 0.000417 3.133979 -0.003058 0.005338
    15 0.007872 0.003559 -0.000436 -3.124798 -0.001004 0.009074
    16 0.012690 -0.008244 0.010269 -3.131666 0.016691 0.012264
    17 3.571513 0.109304 0.409580 -0.000005 0.000008 -0.427623
    18 2.150648 0.000002 -0.000003 0.000000 0.000000 -0.663248
    19 1.152746 -0.000003 0.000003 0.000000 0.000000 -0.523596
    20 0.000419 0.016150 0.002405 3.136320 -0.007304 -0.003105
    21 0.001816 -0.009672 -0.007393 3.139013 -0.008631 -0.008588
    22 -0.003752 -0.011593 -0.001195 3.133090 0.002976 0.014444
    23 3.684098 -0.158697 1.419183 -0.000004 0.000006 -0.253070
    24 1.701014 0.000004 0.000004 0.000000 0.000000 -0.602155
    25 0.994714 -0.000002 -0.000008 0.000000 0.000000 -0.357793
    26 0.021160 0.011093 -0.004108 -3.137926 -0.002080 -0.001153
    27 -0.003428 0.010128 -0.008341 -3.140832 -0.004146 -0.019238
    28 0.004127 0.010881 0.000767 3.138806 -0.003164 -0.013821
    29 1.068074 -1.287202 0.981906 1.925945 -0.499329 -0.437809
    30 1.836308 -0.000001 0.000002 0.074239 -0.172997 -0.593151
    31 1.223949 -0.000002 0.000002 0.027405 -0.026921 -0.598145
    32 -0.012758 0.013269 0.005633 -3.132442 0.011957 -0.016684
    33 0.003252 0.002937 0.004907 3.134101 -0.012025 0.011384
    34 0.017597 0.001415 -0.271330 3.132743 -0.094250 -0.000348
    35 -0.034845 0.015532 -0.006371 -3.119476 -0.012752 0.011827
    36 6.868289 0.000003 0.000003 1.759712 0.051353 0.152375
    37 -6.002364 -0.460211 -0.868646 -0.695749 -0.131805 0.077518
    38 -6.002752 -0.459276 -0.867383 -0.699507 -0.131813 0.077097
    39 -10.921875 -4.957031 -11.492188 -1.570794 0.087264 -1.570796
    40 -0.000001 -0.000002 0.000004 -0.039391 -0.057417 0.453691
    41 10.907397 0.000000 -0.000001 -0.000346 -0.000019 -1.243618
    42 10.424307 0.000001 0.000016 -1.203416 0.223182 0.214704
    43 2.997296 0.000062 1.477484 0.000000 0.029925 -1.038495
    44 1.510386 -0.000002 0.000000 0.000000 0.000000 -1.067672
    45 0.808652 0.000001 -0.000003 -0.110102 0.025839 -1.541122
    46 -0.010181 0.001544 -0.002427 3.133438 0.004938 -0.014530
    47 -0.007761 0.000776 -0.012938 -3.140949 0.009512 -0.002789
    48 -0.003515 0.022163 -0.007593 -3.131007 0.004989 -0.015563
    49 3.305811 0.201132 0.547463 0.103319 -0.034456 -1.009901
    50 1.807181 -0.000005 -0.000002 0.020283 -0.092164 -1.076370
    51 0.966146 0.000000 0.000000 0.000000 0.000000 -1.579499
    52 -0.004041 0.002991 -0.002260 -3.129316 0.007469 -0.002160
    53 -0.016014 -0.012525 -0.005755 -3.127586 -0.003209 -0.007102
    54 -0.010741 -0.015351 -0.005964 -3.141244 -0.014366 0.013993
    55 3.571526 0.110787 -0.409180 0.032610 -0.142125 -0.958475
    56 2.150658 0.000000 0.000000 0.000000 0.000000 -1.817954
    57 1.152748 0.000002 -0.000001 0.000000 0.000000 -1.038469
    58 -0.009424 0.003368 0.009511 3.138994 -0.007577 -0.001092
    59 -0.009795 0.006993 0.001619 3.137400 -0.006826 0.001062
    60 -0.005070 0.017085 0.007624 3.135509 0.005211 0.001477
    61 3.684113 -0.153569 -1.419744 -0.133880 -0.231841 -0.394927
    62 1.701014 -0.000001 0.000000 0.000000 0.000000 -1.406138
    63 0.994705 -0.000004 0.000000 0.000000 0.000000 -0.635787
    64 0.015236 0.000657 -0.012633 3.136885 0.014164 0.000018
    65 -0.014324 -0.018461 0.000846 -3.134644 0.013210 0.007851
    66 -0.020566 0.000650 -0.004019 -3.126894 -0.002595 -0.013678
    67 1.068097 -1.283652 -0.986552 -2.117499 0.340302 -0.614684
    68 1.836308 -0.000002 0.000001 0.080031 -0.015709 -0.460642
    69 1.223948 0.000001 -0.000002 -0.030976 -0.071336 -0.420800
    70 -0.026768 0.000412 0.021024 -3.135050 0.011560 0.031832
    71 -0.030946 0.015453 0.007155 3.126687 -0.014474 -0.013279
    72 0.024326 0.034636 0.000721 -3.121606 0.015525 0.030344
    73 -0.046000 0.019587 0.021797 3.134639 0.020864 -0.001670
    74 6.694322 0.000002 0.000001 -1.200400 -0.125160 0.101511
    75 -6.579163 -0.452807 0.914976 1.390020 0.137634 0.072730
    76 -6.553783 -0.454803 0.900534 1.387994 0.108045 0.086436
  time 7
    0 -8.403518 -24.866241 -8.420269 1.257431 -0.097900 1.858691
    1 7.820313 -3.039063 -8.804688 -1.082104 0.087263 -1.570797
    2 -0.000001 0.000002 0.000000 -0.074377 -0.148399 0.652193
    3 10.907404 0.000001 -0.000001 0.000000 0.000025 -0.945798
    4 10.424325 -0.000011 -0.000033 2.322868 0.098642 -0.252492
    5 2.997275 0.005409 -1.477475 0.000000 0.000000 -0.471250
    6 1.510384 -0.000004 0.000000 0.000000 0.000000 -0.689434
    7 0.808659 -0.000001 0.000001 -0.000001 -0.000010 -0.654467
    8 -0.005463 0.010882 0.011922 -3.130701 -0.002586 -0.018476
    9 -0.001080 -0.005339 -0.002780 -3.138880 -0.004640 0.012721
    10 -0.019963 -0.004463 0.017139 3.137685 -0.000240 0.002472
    11 3.305800 0.203115 -0.546730 0.000000 0.000000 -0.488706
    12 1.807178 0.000000 -0.000004 -0.000011 0.000009 -0.637058
    13 0.966141 0.000003 -0.000001 0.000000 0.000000 -0.497419
    14 -0.002205 0.006298 0.000417 3.133979 -0.003058 0.005338
    15 0.007872 0.003559 -0.000436 -3.124798 -0.001004 0.009074
    16 0.012690 -0.008244 0.010269 -3.131666 0.016691 0.012264
    17 3.571513 0.109304 0.409580 -0.000005 0.000008 -0.427623
    18 2.150648 0.000002 -0.000003 0.000000 0.000000 -0.663248
    19 1.152746 -0.000003 0.000003 0.000000 0.000000 -0.523596
    20 0.000419 0.016150 0.002405 3.136320 -0.007304 -0.003105
    21 0.001816 -0.009672 -0.007393 3.139013 -0.008631 -0.008588
    22 -0.003752 -0.011593 -0.001195 3.133090 0.002976 0.014444
    23 3.684098 -0.158697 1.419183 -0.000004 0.000006 -0.253070
    24 1.701014 0.000004 0.000004 0.000000 0.000000 -0.602155
    25 0.994714 -0.000002 -0.000008 0.000000 0.000000 -0.357793
    26 0.021160 0.011093 -0.004108 -3.137926 -0.002080 -0.001153
    27 -0.003428 0.010128 -0.008341 -3.140832 -0.004146 -0.019238
    28 0.004127 0.010881 0.000767 3.138806 -0.003164 -0.013821
    29 1.068074 -1.287202 0.981906 1.925945 -0.499329 -0.437809
    30 1.836308 -0.000001 0.000002 0.074239 -0.172997 -0.593151
    31 1.223949 -0.000002 0.000002 0.027405 -0.026921 -0.598145
    32 -0.012758 0.013269 0.005633 -3.132442 0.011957 -0.016684
    33 0.003252 0.002937 0.004907 3.134101 -0.012025 0.011384
    34 0.017597 0.001415 -0.271330 3.132743 -0.094250 -0.000348
    35 -0.034845 0.015532 -0.006371 -3.119476 -0.012752 0.011827
    36 6.868289 0.000003 0.000003 1.763335 0.050802 0.152567
    37 -6.002364 -0.460211 -0.868646 -0.695749 -0.131805 0.077518
    38 -6.002752 -0.459276 -0.867383 -0.699507 -0.131813 0.077097
    39 -10.921875 -4.957031 -11.492188 -1.570794 0.087264 -1.570796
    40 -0.000001 -0.000002 0.000004 -0.058065 -0.084709 0.455938
    41 10.907397 0.000000 -0.000001 -0.000346 -0.000019 -1.237701
    42 10.424307 0.000001 0.000016 -1.107582 0.223855 0.216528
    43 2.997296 0.000062 1.477484 0.000000 0.038638 -1.038495
    44 1.510386 -0.000002 0.000000 0.000000 0.000000 -1.129289
    45 0.808652 0.000001 -0.000003 -0.107430 0.032334 -1.481106
    46 -0.010181 0.001544 -0.002427 3.133438 0.004938 -0.014530
    47 -0.007761 0.000776 -0.012938 -3.140949 0.009512 -0.002789
    48 -0.003515 0.022163 -0.007593 -3.131007 0.004989 -0.015563
    49 3.305811 0.201132 0.547463 0.102600 -0.036301 -0.991826
    50 1.807181 -0.000005 -0.000002 0.020283 -0.092164 -1.076370
    51 0.966146 0.000000 0.000000 0.000000 0.000000 -1.579499
    52 -0.004041 0.002991 -0.002260 -3.129316 0.007469 -0.002160
    53 -0.016014 -0.012525 -0.005755 -3.127586 -0.003209 -0.007102
    54 -0.010741 -0.015351 -0.005964 -3.141244 -0.014366 0.013993
    55 3.571526 0.110787 -0.409180 0.027601 -0.142808 -0.923955
    56 2.150658 0.000000 0.000000 0.000000 0.000000 -1.798202
    57 1.152748 0.000002 -0.000001 0.000000 0.000000 -1.038469
    58 -0.009424 0.003368 0.009511 3.138994 -0.007577 -0.001092
    59 -0.009795 0.006993 0.001619 3.137400 -0.006826 0.001062
    60 -0.005070 0.017085 0.007624 3.135509 0.005211 0.001477
    61 3.684113 -0.153569 -1.419744 -0.143060 -0.226604 -0.355290
    62 1.701014 -0.000001 0.000000 0.000000 0.000000 -1.271777
    63 0.994705 -0.000004 0.000000 0.000000 0.000000 -0.612552
    64 0.015236 0.000657 -0.012633 3.136885 0.014164 0.000018
    65 -0.014324 -0.018461 0.000846 -3.134644 0.013210 0.007851
    66 -0.020566 0.000650 -0.004019 -3.126894 -0.002595 -0.013678
    67 1.068097 -1.283652 -0.986552 -2.114473 0.345851 -0.606714
    68 1.836308 -0.000002 0.000001 0.079060 -0.018861 -0.420793
    69 1.223948 0.000001 -0.000002 -0.030976 -0.071336 -0.420800
    70 -0.026768 0.000412 0.021024 -3.135050 0.011560 0.031832
    71 -0.030946 0.015453 0.007155 3.126687 -0.014474 -0.013279
    72 0.024326 0.034636 0.000721 -3.121606 0.015525 0.030344
    73 -0.046000 0.019587 0.021797 3.134639 0.020864 -0.001670
    74 6.694322 0.000002 0.000001 -1.154044 -0.129703 0.095627
    75 -6.579163 -0.452807 0.914976 1.390020 0.137634 0.072730
    76 -6.553783 -0.454803 0.900534 1.387994 0.108045 0.086436
  time 8
    0 -8.005068 -24.811551 -8.252295 1.175803 -0.182190 1.886004
    1 7.820313 -3.039063 -8.804688 -1.082104 0.087263 -1.570797
    2 -0.000001 0.000002 0.000000 -0.067564 -0.139368 0.711050
    3 10.907404 0.000001 -0.000001 0.000000 0.000025 -0.919584
    4 10.424325 -0.000011 -0.000033 2.331998 0.157666 -0.265069
    5 2.997275 0.005409 -1.477475 0.000000 0.000000 -0.471250
    6 1.510384 -0.000004 0.000000 0.000000 0.000000 -0.689434
    7 0.808659 -0.000001 0.000001 -0.000001 -0.000010 -0.654467
    8 -0.005463 0.010882 0.011922 -3.130701 -0.002586 -0.018476
    9 -0.001080 -0.005339 -0.002780 -3.138880 -0.004640 0.012721
    10 -0.019963 -0.004463 0.017139 3.137685 -0.000240 0.002472
    11 3.305800 0.203115 -0.546730 0.000000 0.000000 -0.488706
    12 1.807178 0.000000 -0.000004 -0.000011 0.000009 -0.637058
    13 0.966141 0.000003 -0.000001 0.000000 0.000000 -0.497419
    14 -0.002205 0.006298 0.000417 3.133979 -0.003058 0.005338
    15 0.007872 0.003559 -0.000436 -3.124798 -0.001004 0.009074
    16 0.012690 -0.008244 0.010269 -3.131666 0.016691 0.012264
    17 3.571513 0.109304 0.409580 -0.000005 0.000008 -0.427623
    18 2.150648 0.000002 -0.000003 0.000000 0.000000 -0.663248
    19 1.152746 -0.000003 0.000003 0.000000 0.000000 -0.523596
    20 0.000419 0.016150 0.002405 3.136320 -0.007304 -0.003105
    21 0.001816 -0.009672 -0.007393 3.139013 -0.008631 -0.008588
    22 -0.003752 -0.011593 -0.001195 3.133090 0.002976 0.014444
    23 3.684098 -0.158697 1.419183 -0.000004 0.000006 -0.253070
    24 1.701014 0.000004 0.000004 0.000000 0.000000 -0.602155
    25 0.994714 -0.000002 -0.000008 0.000000 0.000000 -0.357793
    26 0.021160 0.011093 -0.004108 -3.137926 -0.002080 -0.001153
    27 -0.003428 0.010128 -0.008341 -3.140832 -0.004146 -0.019238
    28 0.004127 0.010881 0.000767 3.138806 -0.003164 -0.013821
    29 1.068074 -1.287202 0.981906 1.925945 -0.499329 -0.437809
    30 1.836308 -0.000001 0.000002 0.074239 -0.172997 -0.593151
    31 1.223949 -0.000002 0.000002 0.027405 -0.026921 -0.598145
    32 -0.012758 0.013269 0.005633 -3.132442 0.011957 -0.016684
    33 0.003252 0.002937 0.004907 3.134101 -0.012025 0.011384
    34 0.017597 0.001415 -0.271330 3.132743 -0.094250 -0.000348
    35 -0.034845 0.015532 -0.006371 -3.119476 -0.012752 0.011827
    36 6.868289 0.000003 0.000003 1.771109 0.049604 0.152950
    37 -6.002364 -0.460211 -0.868646 -0.695749 -0.131805 0.077518
    38 -6.002752 -0.459276 -0.867383 -0.699507 -0.131813 0.077097
    39 -10.921875 -4.957031 -11.492188 -1.570794 0.087264 -1.570796
    40 -0.000001 -0.000002 0.000004 -0.070142 -0.103002 0.448297
    41 10.907397 0.000000 -0.000001 -0.000346 -0.000019 -1.229090
    42 10.424307 0.000001 0.000016 -1.038060 0.220228 0.224170
    43 2.997296 0.000062 1.477484 0.000000 0.047735 -1.038495
    44 1.510386 -0.000002 0.000000 0.000000 0.000000 -1.191992
    45 0.808652 0.000001 -0.000003 -0.104637 0.039118 -1.418452
    46 -0.010181 0.001544 -0.002427 3.133438 0.004938 -0.014530
    47 -0.007761 0.000776 -0.012938 -3.140949 0.009512 -0.002789
    48 -0.003515 0.022163 -0.007593 -3.131007 0.004989 -0.015563
    49 3.305811 0.201132 0.547463 0.101857 -0.038231 -0.972962
    50 1.807181 -0.000005 -0.000002 0.020283 -0.092164 -1.076370
    51 0.966146 0.000000 0.000000 0.000000 0.000000 -1.579499
    52 -0.004041 0.002991 -0.002260 -3.129316 0.007469 -0.002160
    53 -0.016014 -0.012525 -0.005755 -3.127586 -0.003209 -0.007102
    54 -0.010741 -0.015351 -0.005964 -3.141244 -0.014366 0.013993
    55 3.571526 0.110787 -0.409180 0.022363 -0.143516 -0.887928
    56 2.150658 0.000000 0.000000 0.000000 0.000000 -1.777408
    57 1.152748 0.000002 -0.000001 0.000000 0.000000 -1.038469
    58 -0.009424 0.003368 0.009511 3.138994 -0.007577 -0.001092
    59 -0.009795 0.006993 0.001619 3.137400 -0.006826 0.001062
    60 -0.005070 0.017085 0.007624 3.135509 0.005211 0.001477
    61 3.684113 -0.153569 -1.419744 -0.151725 -0.221666 -0.317889
    62 1.701014 -0.000001 0.000000 0.000000 0.000000 -1.131442
    63 0.994705 -0.000004 0.000000 0.000000 0.000000 -0.588272
    64 0.015236 0.000657 -0.012633 3.136885 0.014164 0.000018
    65 -0.014324 -0.018461 0.000846 -3.134644 0.013210 0.007851
    66 -0.020566 0.000650 -0.004019 -3.126894 -0.002595 -0.013678
    67 1.068097 -1.283652 -0.986552 -2.106303 0.360628 -0.585334
    68 1.836308 -0.000002 0.000001 0.078054 -0.022157 -0.379194
    69 1.223948 0.000001 -0.000002 -0.030976 -0.071336 -0.420800
    70 -0.026768 0.000412 0.021024 -3.135050 0.011560 0.031832
    71 -0.030946 0.015453 0.007155 3.126687 -0.014474 -0.013279
    72 0.024326 0.034636 0.000721 -3.121606 0.015525 0.030344
    73 -0.046000 0.019587 0.021797 3.134639 0.020864 -0.001670
    74 6.694322 0.000002 0.000001 -1.120157 -0.132854 0.091193
    75 -6.579163 -0.452807 0.914976 1.390020 0.137634 0.072730
    76 -6.553783 -0.454803 0.900534 1.387994 0.108045 0.086436
  time 9
    0 -7.657401 -24.780300 -7.967131 1.102806 -0.237987 1.937691
    1 7.820313 -3.039063 -8.804688 -1.082104 0.087263 -1.570797
    2 -0.000001 0.000002 0.000000 -0.059539 -0.130454 0.757013
    3 10.907404 0.000001 -0.000001 0.000000 0.000025 -0.872655
    4 10.424325 -0.000011 -0.000033 2.348125 0.215995 -0.286096
    5 2.997275 0.005409 -1.477475 0.000000 0.000000 -0.471250
    6 1.510384 -0.000004 0.000000 0.000000 0.000000 -0.689434
    7 0.808659 -0.000001 0.000001 -0.000001 -0.000010 -0.654467
    8 -0.005463 0.010882 0.011922 -3.130701 -0.002586 -0.018476
    9 -0.001080 -0.005339 -0.002780 -3.138880 -0.004640 0.012721
    10 -0.019963 -0.004463 0.017139 3.137685 -0.000240 0.002472
    11 3.305800 0.203115 -0.546730 0.000000 0.000000 -0.488706
    12 1.807178 0.000000 -0.000004 -0.000011 0.000009 -0.637058
    13 0.966141 0.000003 -0.000001 0.000000 0.000000 -0.497419
    14 -0.002205 0.006298 0.000417 3.133979 -0.003058 0.005338
    15 0.007872 0.003559 -0.000436 -3.124798 -0.001004 0.009074
    16 0.012690 -0.008244 0.010269 -3.131666 0.016691 0.012264
    17 3.571513 0.109304 0.409580 -0.000005 0.000008 -0.427623
    18 2.150648 0.000002 -0.000003 0.000000 0.000000 -0.663248
    19 1.152746 -0.000003 0.000003 0.000000 0.000000 -0.523596
    20 0.000419 0.016150 0.002405 3.136320 -0.007304 -0.003105
    21 0.001816 -0.009672 -0.007393 3.139013 -0.008631 -0.008588
    22 -0.003752 -0.011593 -0.001195 3.133090 0.002976 0.014444
    23 3.684098 -0.158697 1.419183 -0.000004 0.000006 -0.253070
    24 1.701014 0.000004 0.000004 0.000000 0.000000 -0.602155
    25 0.994714 -0.000002 -0.000008 0.000000 0.000000 -0.357793
    26 0.021160 0.011093 -0.004108 -3.137926 -0.002080 -0.001153
    27 -0.003428 0.010128 -0.008341 -3.140832 -0.004146 -0.019238
    28 0.004127 0.010881 0.000767 3.138806 -0.003164 -0.013821
    29 1.068074 -1.287202 0.981906 1.925945 -0.499329 -0.437809
    30 1.836308 -0.000001 0.000002 0.074239 -0.172997 -0.593151
    31 1.223949 -0.000002 0.000002 0.027405 -0.026921 -0.598145
    32 -0.012758 0.013269 0.005633 -3.132442 0.011957 -0.016684
    33 0.003252 0.002937 0.004907 3.134101 -0.012025 0.011384
    34 0.017597 0.001415 -0.271330 3.132743 -0.094250 -0.000348
    35 -0.034845 0.015532 -0.006371 -3.119476 -0.012752 0.011827
    36 6.868289 0.000003 0.000003 1.783411 0.047698 0.153549
    37 -6.002364 -0.460211 -0.868646 -0.695749 -0.131805 0.077518
    38 -6.002752 -0.459276 -0.867383 -0.699507 -0.131813 0.077097
    39 -10.921875 -4.957031 -11.492188 -1.570794 0.087264 -1.570796
    40 -0.000001 -0.000002 0.000004 -0.080244 -0.119036 0.431035
    41 10.907397 0.000000 -0.000001 -0.000346 -0.000019 -1.217187
    42 10.424307 0.000001 0.000016 -0.971604 0.213721 0.238673
    43 2.997296 0.000062 1.477484 0.000000 0.056975 -1.038495
    44 1.510386 -0.000002 0.000000 0.000000 0.000000 -1.253609
    45 0.808652 0.000001 -0.000003 -0.101809 0.045997 -1.354905
    46 -0.010181 0.001544 -0.002427 3.133438 0.004938 -0.014530
    47 -0.007761 0.000776 -0.012938 -3.140949 0.009512 -0.002789
    48 -0.003515 0.022163 -0.007593 -3.131007 0.004989 -0.015563
    49 3.305811 0.201132 0.547463 0.101114 -0.040184 -0.953797
    50 1.807181 -0.000005 -0.000002 0.020283 -0.092164 -1.076370
    51 0.966146 0.000000 0.000000 0.000000 0.000000 -1.579499
    52 -0.004041 0.002991 -0.002260 -3.129316 0.007469 -0.002160
    53 -0.016014 -0.012525 -0.005755 -3.127586 -0.003209 -0.007102
    54 -0.010741 -0.015351 -0.005964 -3.141244 -0.014366 0.013993
    55 3.571526 0.110787 -0.409180 0.017054 -0.144247 -0.851428
    56 2.150658 0.000000 0.000000 0.000000 0.000000 -1.756180
    57 1.152748 0.000002 -0.000001 0.000000 0.000000 -1.038469
    58 -0.009424 0.003368 0.009511 3.138994 -0.007577 -0.001092
    59 -0.009795 0.006993 0.001619 3.137400 -0.006826 0.001062
    60 -0.005070 0.017085 0.007624 3.135509 0.005211 0.001477
    61 3.684113 -0.153569 -1.419744 -0.159359 -0.217304 -0.284937
    62 1.701014 -0.000001 0.000000 0.000000 0.000000 -0.989161
    63 0.994705 -0.000004 0.000000 0.000000 0.000000 -0.563674
    64 0.015236 0.000657 -0.012633 3.136885 0.014164 0.000018
    65 -0.014324 -0.018461 0.000846 -3.134644 0.013210 0.007851
    66 -0.020566 0.000650 -0.004019 -3.126894 -0.002595 -0.013678
    67 1.068097 -1.283652 -0.986552 -2.094406 0.381877 -0.554318
    68 1.836308 -0.000002 0.000001 0.077035 -0.025501 -0.337009
    69 1.223948 0.000001 -0.000002 -0.030976 -0.071336 -0.420800
    70 -0.026768 0.000412 0.021024 -3.135050 0.011560 0.031832
    71 -0.030946 0.015453 0.007155 3.126687 -0.014474 -0.013279
    72 0.024326 0.034636 0.000721 -3.121606 0.015525 0.030344
    73 -0.046000 0.019587 0.021797 3.134639 0.020864 -0.001670
    74 6.694322 0.000002 0.000001 -1.087319 -0.135755 0.086794
    75 -6.579163 -0.452807 0.914976 1.390020 0.137634 0.072730
    76 -6.553783 -0.454803 0.900534 1.387994 0.108045 0.086436
  time 10
    0 -7.344892 -24.760769 -7.596025 1.046604 -0.252875 2.001042
    1 7.820313 -3.039063 -8.804688 -1.082104 0.087263 -1.570797
    2 -0.000001 0.000002 0.000000 -0.050863 -0.122055 0.787178
    3 10.907404 0.000001 -0.000001 0.000000 0.000025 -0.805029
    4 10.424325 -0.000011 -0.000033 2.370216 0.271076 -0.314374
    5 2.997275 0.005409 -1.477475 0.000000 0.000000 -0.471250
    6 1.510384 -0.000004 0.000000 0.000000 0.000000 -0.689434
    7 0.808659 -0.000001 0.000001 -0.000001 -0.000010 -0.654467
    8 -0.005463 0.010882 0.011922 -3.130701 -0.002586 -0.018476
    9 -0.001080 -0.005339 -0.002780 -3.138880 -0.004640 0.012721
    10 -0.019963 -0.004463 0.017139 3.137685 -0.000240 0.002472
    11 3.305800 0.203115 -0.546730 0.000000 0.000000 -0.488706
    12 1.807178 0.000000 -0.000004 -0.000011 0.000009 -0.637058
    13 0.966141 0.000003 -0.000001 0.000000 0.000000 -0.497419
    14 -0.002205 0.006298 0.000417 3.133979 -0.003058 0.005338
    15 0.007872 0.003559 -0.000436 -3.124798 -0.001004 0.009074
    16 0.012690 -0.008244 0.010269 -3.131666 0.016691 0.012264
    17 3.571513 0.109304 0.409580 -0.000005 0.000008 -0.427623
    18 2.150648 0.000002 -0.000003 0.000000 0.000000 -0.663248
    19 1.152746 -0.000003 0.000003 0.000000 0.000000 -0.523596
    20 0.000419 0.016150 0.002405 3.136320 -0.007304 -0.003105
    21 0.001816 -0.009672 -0.007393 3.139013 -0.008631 -0.008588
    22 -0.003752 -0.011593 -0.001195 3.133090 0.002976 0.014444
    23 3.684098 -0.158697 1.419183 -0.000004 0.000006 -0.253070
    24 1.701014 0.000004 0.000004 0.000000 0.000000 -0.602155
    25 0.994714 -0.000002 -0.000008 0.000000 0.000000 -0.357793
    26 0.021160 0.011093 -0.004108 -3.137926 -0.002080 -0.001153
    27 -0.003428 0.010128 -0.008341 -3.140832 -0.004146 -0.019238
    28 0.004127 0.010881 0.000767 3.138806 -0.003164 -0.013821
    29 1.068074 -1.287202 0.981906 1.925945 -0.499329 -0.437809
    30 1.836308 -0.000001 0.000002 0.074239 -0.172997 -0.593151
    31 1.223949 -0.000002 0.000002 0.027405 -0.026921 -0.598145
    32 -0.012758 0.013269 0.005633 -3.132442 0.011957 -0.016684
    33 0.003252 0.002937 0.004907 3.134101 -0.012025 0.011384
    34 0.017597 0.001415 -0.271330 3.132743 -0.094250 -0.000348
    35 -0.034845 0.015532 -0.006371 -3.119476 -0.012752 0.011827
    36 6.868289 0.000003 0.000003 1.800392 0.045074 0.154340
    37 -6.002364 -0.460211 -0.868646 -0.695749 -0.131805 0.077518
    38 -6.002752 -0.459276 -0.867383 -0.699507 -0.131813 0.077097
    39 -10.921875 -4.957031 -11.492188 -1.570794 0.087264 -1.570796
    40 -0.000001 -0.000002 0.000004 -0.088370 -0.132849 0.406042
    41 10.907397 0.000000 -0.000001 -0.000346 -0.000019 -1.202379
    42 10.424307 0.000001 0.000016 -0.908810 0.205120 0.258125
    43 2.997296 0.000062 1.477484 0.000000 0.066071 -1.038495
    44 1.510386 -0.000002 0.000000 0.000000 0.000000 -1.311902
    45 0.808652 0.000001 -0.000003 -0.099029 0.052780 -1.292250
    46 -0.010181 0.001544 -0.002427 3.133438 0.004938 -0.014530
    47 -0.007761 0.000776 -0.012938 -3.140949 0.009512 -0.002789
    48 -0.003515 0.022163 -0.007593 -3.131007 0.004989 -0.015563
    49 3.305811 0.201132 0.547463 0.100371 -0.042114 -0.934933
    50 1.807181 -0.000005 -0.000002 0.020283 -0.092164 -1.076370
    51 0.966146 0.000000 0.000000 0.000000 0.000000 -1.579499
    52 -0.004041 0.002991 -0.002260 -3.129316 0.007469 -0.002160
    53 -0.016014 -0.012525 -0.005755 -3.127586 -0.003209 -0.007102
    54 -0.010741 -0.015351 -0.005964 -3.141244 -0.014366 0.013993
    55 3.571526 0.110787 -0.409180 0.011805 -0.144954 -0.815401
    56 2.150658 0.000000 0.000000 0.000000 0.000000 -1.734995
    57 1.152748 0.000002 -0.000001 0.000000 0.000000 -1.038469
    58 -0.009424 0.003368 0.009511 3.138994 -0.007577 -0.001092
    59 -0.009795 0.006993 0.001619 3.137400 -0.006826 0.001062
    60 -0.005070 0.017085 0.007624 3.135509 0.005211 0.001477
    61 3.684113 -0.153569 -1.419744 -0.165459 -0.213828 -0.258649
    62 1.701014 -0.000001 0.000000 0.000000 0.000000 -0.848860
    63 0.994705 -0.000004 0.000000 0.000000 0.000000 -0.539394
    64 0.015236 0.000657 -0.012633 3.136885 0.014164 0.000018
    65 -0.014324 -0.018461 0.000846 -3.134644 0.013210 0.007851
    66 -0.020566 0.000650 -0.004019 -3.126894 -0.002595 -0.013678
    67 1.068097 -1.283652 -0.986552 -2.080145 0.406805 -0.517477
    68 1.836308 -0.000002 0.000001 0.076016 -0.028796 -0.295422
    69 1.223948 0.000001 -0.000002 -0.030976 -0.071336 -0.420800
    70 -0.026768 0.000412 0.021024 -3.135050 0.011560 0.031832
    71 -0.030946 0.015453 0.007155 3.126687 -0.014474 -0.013279
    72 0.024326 0.034636 0.000721 -3.121606 0.015525 0.030344
    73 -0.046000 0.019587 0.021797 3.134639 0.020864 -0.001670
    74 6.694322 0.000002 0.000001 -1.055989 -0.138391 0.082504
    75 -6.579163 -0.452807 0.914976 1.390020 0.137634 0.072730
    76 -6.553783 -0.454803 0.900534 1.387994 0.108045 0.086436
  time 11
    0 -7.071446 -24.756862 -7.166325 1.004007 -0.238995 2.067143
    1 7.820313 -3.039063 -8.804688 -1.082104 0.087263 -1.570797
    2 -0.000001 0.000002 0.000000 -0.042276 -0.114455 0.801664
    3 10.907404 0.000001 -0.000001 0.000000 0.000025 -0.721601
    4 10.424325 -0.000011 -0.000033 2.395989 0.320429 -0.347309
    5 2.997275 0.005409 -1.477475 0.000000 0.000000 -0.471250
    6 1.510384 -0.000004 0.000000 0.000000 0.000000 -0.689434
    7 0.808659 -0.000001 0.000001 -0.000001 -0.000010 -0.654467
    8 -0.005463 0.010882 0.011922 -3.130701 -0.002586 -0.018476
    9 -0.001080 -0.005339 -0.002780 -3.138880 -0.004640 0.012721
    10 -0.019963 -0.004463 0.017139 3.137685 -0.000240 0.002472
    11 3.305800 0.203115 -0.546730 0.000000 0.000000 -0.488706
    12 1.807178 0.000000 -0.000004 -0.000011 0.000009 -0.637058
    13 0.966141 0.000003 -0.000001 0.000000 0.000000 -0.497419
    14 -0.002205 0.006298 0.000417 3.133979 -0.003058 0.005338
    15 0.007872 0.003559 -0.000436 -3.124798 -0.001004 0.009074
    16 0.012690 -0.008244 0.010269 -3.131666 0.016691 0.012264
    17 3.571513 0.109304 0.409580 -0.000005 0.000008 -0.427623
    18 2.150648 0.000002 -0.000003 0.000000 0.000000 -0.663248
    19 1.152746 -0.000003 0.000003 0.000000 0.000000 -0.523596
    20 0.000419 0.016150 0.002405 3.136320 -0.007304 -0.003105
    21 0.001816 -0.009672 -0.007393 3.139013 -0.008631 -0.008588
    22 -0.003752 -0.011593 -0.001195 3.133090 0.002976 0.014444
    23 3.684098 -0.158697 1.419183 -0.000004 0.000006 -0.253070
    24 1.701014 0.000004 0.000004 0.000000 0.000000 -0.602155
    25 0.994714 -0.000002 -0.000008 0.000000 0.000000 -0.357817
    26 0.021160 0.011093 -0.004108 -3.137926 -0.002080 -0.001153
    27 -0.003428 0.010128 -0.008341 -3.140832 -0.004146 -0.019238
    28 0.004127 0.010881 0.000767 3.138806 -0.003164 -0.013821
    29 1.068074 -1.287202 0.981906 1.925945 -0.499329 -0.437809
    30 1.836308 -0.000001 0.000002 0.074239 -0.172997 -0.593151
    31 1.223949 -0.000002 0.000002 0.027405 -0.026921 -0.598145
    32 -0.012758 0.013269 0.005633 -3.132442 0.011957 -0.016684
    33 0.003252 0.002937 0.004907 3.134101 -0.012025 0.011384
    34 0.017597 0.001415 -0.271330 3.132743 -0.094250 -0.000348
    35 -0.034845 0.015532 -0.006371 -3.119476 -0.012752 0.011827
    36 6.868289 0.000003 0.000003 1.821260 0.041814 0.155239
    37 -6.002364 -0.460211 -0.868646 -0.695749 -0.131805 0.077518
    38 -6.002752 -0.459276 -0.867383 -0.699507 -0.131813 0.077097
    39 -10.921875 -4.957031 -11.492188 -1.570794 0.087264 -1.570796
    40 -0.000001 -0.000002 0.000004 -0.094615 -0.144699 0.375206
    41 10.907397 0.000000 -0.000001 -0.000346 -0.000019 -1.184771
    42 10.424307 0.000001 0.000016 -0.850727 0.195172 0.280270
    43 2.997296 0.000062 1.477484 0.000000 0.074784 -1.038495
    44 1.510386 -0.000002 0.000000 0.000000 0.000000 -1.364571
    45 0.808652 0.000001 -0.000003 -0.096356 0.059276 -1.232235
    46 -0.010181 0.001544 -0.002427 3.133438 0.004938 -0.014530
    47 -0.007761 0.000776 -0.012938 -3.140949 0.009512 -0.002789
    48 -0.003515 0.022163 -0.007593 -3.131007 0.004989 -0.015563
    49 3.305811 0.201132 0.547463 0.099652 -0.043960 -0.916858
    50 1.807181 -0.000005 -0.000002 0.020283 -0.092164 -1.076370
    51 0.966146 0.000000 0.000000 0.000000 0.000000 -1.579499
    52 -0.004041 0.002991 -0.002260 -3.129316 0.007469 -0.002160
    53 -0.016014 -0.012525 -0.005755 -3.127586 -0.003209 -0.007102
    54 -0.010741 -0.015351 -0.005964 -3.141244 -0.014366 0.013993
    55 3.571526 0.110787 -0.409180 0.006795 -0.145637 -0.780881
    56 2.150658 0.000000 0.000000 0.000000 0.000000 -1.714505
    57 1.152748 0.000002 -0.000001 0.000000 0.000000 -1.038469
    58 -0.009424 0.003368 0.009511 3.138994 -0.007577 -0.001092
    59 -0.009795 0.006993 0.001619 3.137400 -0.006826 0.001062
    60 -0.005070 0.017085 0.007624 3.135509 0.005211 0.001477
    61 3.684113 -0.153569 -1.419744 -0.169486 -0.211527 -0.241240
    62 1.701014 -0.000001 0.000000 0.000000 0.000000 -0.714465
    63 0.994705 -0.000004 0.000000 0.000000 0.000000 -0.516137
    64 0.015236 0.000657 -0.012633 3.136885 0.014164 0.000018
    65 -0.014324 -0.018461 0.000846 -3.134644 0.013210 0.007851
    66 -0.020566 0.000650 -0.004019 -3.126894 -0.002595 -0.013678
    67 1.068097 -1.283652 -0.986552 -2.064936 0.432643 -0.478575
    68 1.836308 -0.000002 0.000001 0.075045 -0.031948 -0.255585
    69 1.223948 0.000001 -0.000002 -0.030976 -0.071336 -0.420800
    70 -0.026768 0.000412 0.021024 -3.135050 0.011560 0.031832
    71 -0.030946 0.015453 0.007155 3.126687 -0.014474 -0.013279
    72 0.024326 0.034636 0.000721 -3.121606 0.015525 0.030344
    73 -0.046000 0.019587 0.021797 3.134639 0.020864 -0.001670
    74 6.694322 0.000002 0.000001 -1.026578 -0.140740 0.078417
    75 -6.579163 -0.452807 0.914976 1.390020 0.137634 0.072730
    76 -6.553783 -0.454803 0.900534 1.387994 0.108045 0.086436
  time 12
    0 -6.837064 -24.756862 -6.689748 0.966195 -0.217418 2.132201
    1 7.820313 -3.039063 -8.804688 -1.082104 0.087263 -1.570797
    2 -0.000001 0.000002 0.000000 -0.034340 -0.108004 0.801345
    3 10.907404 0.000001 -0.000001 0.000000 0.000025 -0.627998
    4 10.424325 -0.000011 -0.000033 2.422424 0.361799 -0.383172
    5 2.997275 0.005409 -1.477475 0.000000 0.000000 -0.471250
    6 1.510384 -0.000004 0.000000 0.000000 0.000000 -0.689434
    7 0.808659 -0.000001 0.000001 -0.000001 -0.000010 -0.654467
    8 -0.005463 0.010882 0.011922 -3.130701 -0.002586 -0.018476
    9 -0.001080 -0.005339 -0.002780 -3.138880 -0.004640 0.012721
    10 -0.019963 -0.004463 0.017139 3.137685 -0.000240 0.002472
    11 3.305800 0.203115 -0.546730 0.000000 0.000000 -0.488706
    12 1.807178 0.000000 -0.000004 -0.000011 0.000009 -0.637058
    13 0.966141 0.000003 -0.000001 0.000000 0.000000 -0.497419
    14 -0.002205 0.006298 0.000417 3.133979 -0.003058 0.005338
    15 0.007872 0.003559 -0.000436 -3.124798 -0.001004 0.009074
    16 0.012690 -0.008244 0.010269 -3.131666 0.016691 0.012264
    17 3.571513 0.109304 0.409580 -0.000005 0.000008 -0.427623
    18 2.150648 0.000002 -0.000003 0.000000 0.000000 -0.663248
    19 1.152746 -0.000003 0.000003 0.000000 0.000000 -0.523596
    20 0.000419 0.016150 0.002405 3.136320 -0.007304 -0.003105
    21 0.001816 -0.009672 -0.007393 3.139013 -0.008631 -0.008588
    22 -0.003752 -0.011593 -0.001195 3.133090 0.002976 0.014444
    23 3.684098 -0.158697 1.419183 -0.000004 0.000006 -0.253070
    24 1.701014 0.000004 0.000004 0.000000 0.000000 -0.602155
    25 0.994714 -0.000002 -0.000008 0.000000 0.000000 -0.357793
    26 0.021160 0.011093 -0.004108 -3.137926 -0.002080 -0.001153
    27 -0.003428 0.010128 -0.008341 -3.140832 -0.004146 -0.019238
    28 0.004127 0.010881 0.000767 3.138806 -0.003164 -0.013821
    29 1.068074 -1.287202 0.981906 1.925945 -0.499329 -0.437809
    30 1.836308 -0.000001 0.000002 0.074239 -0.172997 -0.593151
    31 1.223949 -0.000002 0.000002 0.027405 -0.026921 -0.598145
    32 -0.012758 0.013269 0.005633 -3.132442 0.011957 -0.016684
    33 0.003252 0.002937 0.004907 3.134101 -0.012025 0.011384
    34 0.017597 0.001415 -0.271330 3.132743 -0.094250 -0.000348
    35 -0.034845 0.015532 -0.006371 -3.119476 -0.012752 0.011827
    36 6.868289 0.000003 0.000003 1.844694 0.038134 0.156186
    37 -6.002364 -0.460211 -0.868646 -0.695749 -0.131805 0.077518
    38 -6.002752 -0.459276 -0.867383 -0.699507 -0.131813 0.077097
    39 -10.921875 -4.957031 -11.492188 -1.570794 0.087264 -1.570796
    40 -0.000001 -0.000002 0.000004 -0.099077 -0.154660 0.340144
    41 10.907397 0.000000 -0.000001 -0.000346 -0.000019 -1.164047
    42 10.424307 0.000001 0.000016 -0.798324 0.184589 0.302762
    43 2.997296 0.000062 1.477484 0.000000 0.082861 -1.038495
    44 1.510386 -0.000002 0.000000 0.000000 0.000000 -1.409441
    45 0.808652 0.000001 -0.000003 -0.093875 0.065304 -1.176603
    46 -0.010181 0.001544 -0.002427 3.133438 0.004938 -0.014530
    47 -0.007761 0.000776 -0.012938 -3.140949 0.009512 -0.002789
    48 -0.003515 0.022163 -0.007593 -3.131007 0.004989 -0.015563
    49 3.305811 0.201132 0.547463 0.098993 -0.045673 -0.900098
    50 1.807181 -0.000005 -0.000002 0.020283 -0.092164 -1.076370
    51 0.966146 0.000000 0.000000 0.000000 0.000000 -1.579499
    52 -0.004041 0.002991 -0.002260 -3.129316 0.007469 -0.002160
    53 -0.016014 -0.012525 -0.005755 -3.127586 -0.003209 -0.007102
    54 -0.010741 -0.015351 -0.005964 -3.141244 -0.014366 0.013993
    55 3.571526 0.110787 -0.409180 0.002145 -0.146272 -0.748944
    56 2.150658 0.000000 0.000000 0.000000 0.000000 -1.695144
    57 1.152748 0.000002 -0.000001 0.000000 0.000000 -1.038469
    58 -0.009424 0.003368 0.009511 3.138994 -0.007577 -0.001092
    59 -0.009795 0.006993 0.001619 3.137400 -0.006826 0.001062
    60 -0.005070 0.017085 0.007624 3.135509 0.005211 0.001477
    61 3.684113 -0.153569 -1.419744 -0.170948 -0.210688 -0.234945
    62 1.701014 -0.000001 0.000000 0.000000 0.000000 -0.589902
    63 0.994705 -0.000004 0.000000 0.000000 0.000000 -0.494608
    64 0.015236 0.000657 -0.012633 3.136885 0.014164 0.000018
    65 -0.014324 -0.018461 0.000846 -3.134644 0.013210 0.007851
    66 -0.020566 0.000650 -0.004019 -3.126894 -0.002595 -0.013678
    67 1.068097 -1.283652 -0.986552 -2.050168 0.456613 -0.441423
    68 1.836308 -0.000002 0.000001 0.074159 -0.034873 -0.218661
    69 1.223948 0.000001 -0.000002 -0.030976 -0.071336 -0.420800
    70 -0.026768 0.000412 0.021024 -3.135050 0.011560 0.031832
    71 -0.030946 0.015453 0.007155 3.126687 -0.014474 -0.013279
    72 0.024326 0.034636 0.000721 -3.121606 0.015525 0.030344
    73 -0.046000 0.019587 0.021797 3.134639 0.020864 -0.001670
    74 6.694322 0.000002 0.000001 -0.999678 -0.142790 0.074618
    75 -6.579163 -0.452807 0.914976 1.390020 0.137634 0.072730
    76 -6.553783 -0.454803 0.900534 1.387994 0.108045 0.086436
  time 13
    0 -6.641745 -24.760769 -6.197545 0.934294 -0.191169 2.192897
    1 7.820313 -3.039063 -8.804688 -1.082104 0.087263 -1.570797
    2 -0.000001 0.000002 0.000000 -0.027616 -0.102984 0.789765
    3 10.907404 0.000001 -0.000001 0.000000 0.000025 -0.534541
    4 10.424325 -0.000011 -0.000033 2.445915 0.393307 -0.418952
    5 2.997275 0.005409 -1.477475 0.000000 0.000000 -0.471250
    6 1.510384 -0.000004 0.000000 0.000000 0.000000 -0.689434
    7 0.808659 -0.000001 0.000001 -0.000001 -0.000010 -0.654467
    8 -0.005463 0.010882 0.011922 -3.130701 -0.002586 -0.018476
    9 -0.001080 -0.005339 -0.002780 -3.138880 -0.004640 0.012721
    10 -0.019963 -0.004463 0.017139 3.137685 -0.000240 0.002472
    11 3.305800 0.203115 -0.546730 0.000000 0.000000 -0.488706
    12 1.807178 0.000000 -0.000004 -0.000011 0.000009 -0.637058
    13 0.966141 0.000003 -0.000001 0.000000 0.000000 -0.497419
    14 -0.002205 0.006298 0.000417 3.133979 -0.003058 0.005338
    15 0.007872 0.003559 -0.000436 -3.124798 -0.001004 0.009074
    16 0.012690 -0.008244 0.010269 -3.131666 0.016691 0.012264
    17 3.571513 0.109304 0.409580 -0.000005 0.000008 -0.427623
    18 2.150648 0.000002 -0.000003 0.000000 0.000000 -0.663248
    19 1.152746 -0.000003 0.000003 0.000000 0.000000 -0.523596
    20 0.000419 0.016150 0.002405 3.136320 -0.007304 -0.003105
    21 0.001816 -0.009672 -0.007393 3.139013 -0.008631 -0.008588
    22 -0.003752 -0.011593 -0.001195 3.133090 0.002976 0.014444
    23 3.684098 -0.158697 1.419183 -0.000004 0.000006 -0.253070
    24 1.701014 0.000004 0.000004 0.000000 0.000000 -0.602155
    25 0.994714 -0.000002 -0.000008 0.000000 0.000000 -0.357793
    26 0.021160 0.011093 -0.004108 -3.137926 -0.002080 -0.001153
    27 -0.003428 0.010128 -0.008341 -3.140832 -0.004146 -0.019238
    28 0.004127 0.010881 0.000767 3.138806 -0.003164 -0.013821
    29 1.068074 -1.287202 0.981906 1.925945 -0.499329 -0.437809
    30 1.836308 -0.000001 0.000002 0.074239 -0.172997 -0.593151
    31 1.223949 -0.000002 0.000002 0.027405 -0.026921 -0.598145
    32 -0.012758 0.013269 0.005633 -3.132442 0.011957 -0.016684
    33 0.003252 0.002937 0.004907 3.134101 -0.012025 0.011384
    34 0.017597 0.001415 -0.271330 3.132743 -0.094250 -0.000348
    35 -0.034845 0.015532 -0.006371 -3.119476 -0.012752 0.011827
    36 6.868289 0.000003 0.000003 1.868053 0.034455 0.157025
    37 -6.002364 -0.460211 -0.868646 -0.695749 -0.131805 0.077518
    38 -6.002752 -0.459276 -0.867383 -0.699507 -0.131813 0.077097
    39 -10.921875 -4.957031 -11.492188 -1.570794 0.087264 -1.570796
    40 -0.000001 -0.000002 0.000004 -0.101976 -0.162918 0.303284
    41 10.907397 0.000000 -0.000001 -0.000346 -0.000019 -1.141607
    42 10.424307 0.000001 0.000016 -0.752649 0.174192 0.324212
    43 2.997296 0.000062 1.477484 0.000000 0.090052 -1.038495
    44 1.510386 -0.000002 0.000000 0.000000 0.000000 -1.444244
    45 0.808652 0.000001 -0.000003 -0.091670 0.070649 -1.127162
    46 -0.010181 0.001544 -0.002427 3.133438 0.004938 -0.014530
    47 -0.007761 0.000776 -0.012938 -3.140949 0.009512 -0.002789
    48 -0.003515 0.022163 -0.007593 -3.131007 0.004989 -0.015563
    49 3.305811 0.201132 0.547463 0.098405 -0.047195 -0.885180
    50 1.807181 -0.000005 -0.000002 0.020283 -0.092164 -1.076370
    51 0.966146 0.000000 0.000000 0.000000 0.000000 -1.579499
    52 -0.004041 0.002991 -0.002260 -3.129316 0.007469 -0.002160
    53 -0.016014 -0.012525 -0.005755 -3.127586 -0.003209 -0.007102
    54 -0.010741 -0.015351 -0.005964 -3.141244 -0.014366 0.013993
    55 3.571526 0.110787 -0.409180 -0.001977 -0.146835 -0.720492
    56 2.150658 0.000000 0.000000 0.000000 0.000000 -1.677433
    57 1.152748 0.000002 -0.000001 0.000000 0.000000 -1.038469
    58 -0.009424 0.003368 0.009511 3.138994 -0.007577 -0.001092
    59 -0.009795 0.006993 0.001619 3.137400 -0.006826 0.001062
    60 -0.005070 0.017085 0.007624 3.135509 0.005211 0.001477
    61 3.684113 -0.153569 -1.419744 -0.165399 -0.220744 -0.259551
    62 1.701014 -0.000001 0.000000 0.000000 0.000000 -0.479164
    63 0.994705 -0.000004 0.000000 0.000000 0.000000 -0.475443
    64 0.015236 0.000657 -0.012633 3.136885 0.014164 0.000018
    65 -0.014324 -0.018461 0.000846 -3.134644 0.013210 0.007851
    66 -0.020566 0.000650 -0.004019 -3.126894 -0.002595 -0.013678
    67 1.068097 -1.283652 -0.986552 -2.037218 0.475932 -0.409795
    68 1.836308 -0.000002 0.000001 0.073356 -0.037473 -0.185823
    69 1.223948 0.000001 -0.000002 -0.030976 -0.071336 -0.420800
    70 -0.026768 0.000412 0.021024 -3.135050 0.011560 0.031832
    71 -0.030946 0.015453 0.007155 3.126687 -0.014474 -0.013279
    72 0.024326 0.034636 0.000721 -3.121606 0.015525 0.030344
    73 -0.046000 0.019587 0.021797 3.134639 0.020864 -0.001670
    74 6.694322 0.000002 0.000001 -0.975929 -0.144504 0.071214
    75 -6.579163 -0.452807 0.914976 1.390020 0.137634 0.072730
    76 -6.553783 -0.454803 0.900534 1.387994 0.108045 0.086436
  time 14
    0 -6.481584 -24.768581 -5.724875 0.908867 -0.163637 2.246575
    1 7.820313 -3.039063 -8.804688 -1.082104 0.087263 -1.570797
    2 -0.000001 0.000002 0.000000 -0.022831 -0.099746 0.774404
    3 10.907404 0.000001 -0.000001 0.000000 0.000025 -0.459097
    4 10.424325 -0.000011 -0.000033 2.462483 0.413321 -0.448373
    5 2.997275 0.005409 -1.477475 0.000000 0.000000 -0.471250
    6 1.510384 -0.000004 0.000000 0.000000 0.000000 -0.689434
    7 0.808659 -0.000001 0.000001 -0.000001 -0.000010 -0.654467
    8 -0.005463 0.010882 0.011922 -3.130701 -0.002586 -0.018476
    9 -0.001080 -0.005339 -0.002780 -3.138880 -0.004640 0.012721
    10 -0.019963 -0.004463 0.017139 3.137685 -0.000240 0.002472
    11 3.305800 0.203115 -0.546730 0.000000 0.000000 -0.488706
    12 1.807178 0.000000 -0.000004 -0.000011 0.000009 -0.637058
    13 0.966141 0.000003 -0.000001 0.000000 0.000000 -0.497419
    14 -0.002205 0.006298 0.000417 3.133979 -0.003058 0.005338
    15 0.007872 0.003559 -0.000436 -3.124798 -0.001004 0.009074
    16 0.012690 -0.008244 0.010269 -3.131666 0.016691 0.012264
    17 3.571513 0.109304 0.409580 -0.000005 0.000008 -0.427623
    18 2.150648 0.000002 -0.000003 0.000000 0.000000 -0.663248
    19 1.152746 -0.000003 0.000003 0.000000 0.000000 -0.523596
    20 0.000419 0.016150 0.002405 3.136320 -0.007304 -0.003105
    21 0.001816 -0.009672 -0.007393 3.139013 -0.008631 -0.008588
    22 -0.003752 -0.011593 -0.001195 3.133090 0.002976 0.014444
    23 3.684098 -0.158697 1.419183 -0.000004 0.000006 -0.253070
    24 1.701014 0.000004 0.000004 0.000000 0.000000 -0.602155
    25 0.994714 -0.000002 -0.000008 0.000000 0.000000 -0.357793
    26 0.021160 0.011093 -0.004108 -3.137926 -0.002080 -0.001153
    27 -0.003428 0.010128 -0.008341 -3.140832 -0.004146 -0.019238
    28 0.004127 0.010881 0.000767 3.138806 -0.003164 -0.013821
    29 1.068074 -1.287202 0.981906 1.925945 -0.499329 -0.437809
    30 1.836308 -0.000001 0.000002 0.074239 -0.172997 -0.593151
    31 1.223949 -0.000002 0.000002 0.027405 -0.026921 -0.598145
    32 -0.012758 0.013269 0.005633 -3.132442 0.011957 -0.016684
    33 0.003252 0.002937 0.004907 3.134101 -0.012025 0.011384
    34 0.017597 0.001415 -0.271330 3.132743 -0.094250 -0.000348
    35 -0.034845 0.015532 -0.006371 -3.119476 -0.012752 0.011827
    36 6.868289 0.000003 0.000003 1.886733 0.031495 0.157648
    37 -6.002364 -0.460211 -0.868646 -0.695749 -0.131805 0.077518
    38 -6.002752 -0.459276 -0.867383 -0.699507 -0.131813 0.077097
    39 -10.921875 -4.957031 -11.492188 -1.570794 0.087264 -1.570796
    40 -0.000001 -0.000002 0.000004 -0.103633 -0.169620 0.266783
    41 10.907397 0.000000 -0.000001 -0.000346 -0.000019 -1.118292
    42 10.424307 0.000001 0.000016 -0.714898 0.164843 0.343144
    43 2.997296 0.000062 1.477484 0.000000 0.096080 -1.038495
    44 1.510386 -0.000002 0.000000 0.000000 0.000000 -1.466775
    45 0.808652 0.000001 -0.000003 -0.089824 0.075143 -1.085636
    46 -0.010181 0.001544 -0.002427 3.133438 0.004938 -0.014530
    47 -0.007761 0.000776 -0.012938 -3.140949 0.009512 -0.002789
    48 -0.003515 0.022163 -0.007593 -3.131007 0.004989 -0.015563
    49 3.305811 0.201132 0.547463 0.097914 -0.048478 -0.872667
    50 1.807181 -0.000005 -0.000002 0.020283 -0.092164 -1.076370
    51 0.966146 0.000000 0.000000 0.000000 0.000000 -1.579499
    52 -0.004041 0.002991 -0.002260 -3.129316 0.007469 -0.002160
    53 -0.016014 -0.012525 -0.005755 -3.127586 -0.003209 -0.007102
    54 -0.010741 -0.015351 -0.005964 -3.141244 -0.014366 0.013993
    55 3.571526 0.110787 -0.409180 -0.005453 -0.147303 -0.696647
    56 2.150658 0.000000 0.000000 0.000000 0.000000 -1.662022
    57 1.152748 0.000002 -0.000001 0.000000 0.000000 -1.038469
    58 -0.009424 0.003368 0.009511 3.138994 -0.007577 -0.001092
    59 -0.009795 0.006993 0.001619 3.137400 -0.006826 0.001062
    60 -0.005070 0.017085 0.007624 3.135509 0.005211 0.001477
    61 3.684113 -0.153569 -1.419744 -0.152049 -0.244701 -0.318791
    62 1.701014 -0.000001 0.000000 0.000000 0.000000 -0.386178
    63 0.994705 -0.000004 0.000000 0.000000 0.000000 -0.459370
    64 0.015236 0.000657 -0.012633 3.136885 0.014164 0.000018
    65 -0.014324 -0.018461 0.000846 -3.134644 0.013210 0.007851
    66 -0.020566 0.000650 -0.004019 -3.126894 -0.002595 -0.013678
    67 1.068097 -1.283652 -0.986552 -2.024061 0.490841 -0.380313
    68 1.836308 -0.000002 0.000001 0.072684 -0.039654 -0.158258
    69 1.223948 0.000001 -0.000002 -0.030976 -0.071336 -0.420800
    70 -0.026768 0.000412 0.021024 -3.135050 0.011560 0.031832
    71 -0.030946 0.015453 0.007155 3.126687 -0.014474 -0.013279
    72 0.024326 0.034636 0.000721 -3.121606 0.015525 0.030344
    73 -0.046000 0.019587 0.021797 3.134639 0.020864 -0.001670
    74 6.694322 0.000002 0.000001 -0.956062 -0.145870 0.068338
    75 -6.579163 -0.452807 0.914976 1.390020 0.137634 0.072730
    76 -6.553783 -0.454803 0.900534 1.387994 0.108045 0.086436
  time 15
    0 -6.352674 -24.776394 -5.295174 0.890384 -0.138030 2.290579
    1 7.820313 -3.039063 -8.804688 -1.082104 0.087263 -1.570797
    2 -0.000001 0.000002 0.000000 -0.020994 -0.098597 0.766843
    3 10.907404 0.000001 -0.000001 0.000000 0.000013 -0.428170
    4 10.424325 -0.000011 -0.000033 2.468668 0.420356 -0.460671
    5 2.997275 0.005409 -1.477475 0.000000 0.000000 -0.471250
    6 1.510384 -0.000004 0.000000 0.000000 0.000000 -0.689434
    7 0.808659 -0.000001 0.000001 -0.000001 -0.000010 -0.654467
    8 -0.005463 0.010882 0.011922 -3.130701 -0.002586 -0.018476
    9 -0.001080 -0.005339 -0.002780 -3.138880 -0.004640 0.012721
    10 -0.019963 -0.004463 0.017139 3.137685 -0.000240 0.002472
    11 3.305800 0.203115 -0.546730 0.000000 0.000000 -0.488706
    12 1.807178 0.000000 -0.000004 -0.000011 0.000009 -0.637058
    13 0.966141 0.000003 -0.000001 0.000000 0.000000 -0.497419
    14 -0.002205 0.006298 0.000417 3.133979 -0.003058 0.005338
    15 0.007872 0.003559 -0.000436 -3.124798 -0.001004 0.009074
    16 0.012690 -0.008244 0.010269 -3.131666 0.016691 0.012264
    17 3.571513 0.109304 0.409580 -0.000005 0.000008 -0.427623
    18 2.150648 0.000002 -0.000003 0.000000 0.000000 -0.663248
    19 1.152746 -0.000003 0.000003 0.000000 0.000000 -0.523596
    20 0.000419 0.016150 0.002405 3.136320 -0.007304 -0.003105
    21 0.001816 -0.009672 -0.007393 3.139013 -0.008631 -0.008588
    22 -0.003752 -0.011593 -0.001195 3.133090 0.002976 0.014444
    23 3.684098 -0.158697 1.419183 -0.000004 0.000006 -0.253070
    24 1.701014 0.000004 0.000004 0.000000 0.000000 -0.602155
    25 0.994714 -0.000002 -0.000008 0.000000 0.000000 -0.357793
    26 0.021160 0.011093 -0.004108 -3.137926 -0.002080 -0.001153
    27 -0.003428 0.010128 -0.008341 -3.140832 -0.004146 -0.019238
    28 0.004127 0.010881 0.000767 3.138806 -0.003164 -0.013821
    29 1.068074 -1.287202 0.981906 1.925945 -0.499329 -0.437809
    30 1.836308 -0.000001 0.000002 0.074239 -0.172997 -0.593151
    31 1.223949 -0.000002 0.000002 0.027405 -0.026921 -0.598145
    32 -0.012758 0.013269 0.005633 -3.132442 0.011957 -0.016684
    33 0.003252 0.002937 0.004907 3.134101 -0.012025 0.011384
    34 0.017597 0.001415 -0.271330 3.132743 -0.094250 -0.000348
    35 -0.034845 0.015532 -0.006371 -3.119476 -0.012752 0.011827
    36 6.868289 0.000003 0.000003 1.894355 0.030285 0.157876
    37 -6.002364 -0.460211 -0.868646 -0.695749 -0.131805 0.077518
    38 -6.002752 -0.459276 -0.867383 -0.699507 -0.131813 0.077097
    39 -10.921875 -4.957031 -11.492188 -1.570794 0.087264 -1.570796
    40 -0.000001 -0.000002 0.000004 -0.104334 -0.174916 0.233250
    41 10.907397 0.000000 -0.000001 -0.000346 -0.000019 -1.096028
    42 10.424307 0.000001 0.000016 -0.686118 0.157514 0.358689
    43 2.997296 0.000062 1.477484 0.000000 0.100706 -1.038495
    44 1.510386 -0.000002 0.000000 0.000000 0.000000 -1.474797
    45 0.808652 0.000001 -0.000003 -0.088410 0.078595 -1.053811
    46 -0.010181 0.001544 -0.002427 3.133438 0.004938 -0.014530
    47 -0.007761 0.000776 -0.012938 -3.140949 0.009512 -0.002789
    48 -0.003515 0.022163 -0.007593 -3.131007 0.004989 -0.015563
    49 3.305811 0.201132 0.547463 0.097543 -0.049448 -0.863084
    50 1.807181 -0.000005 -0.000002 0.020283 -0.092164 -1.076370
    51 0.966146 0.000000 0.000000 0.000000 0.000000 -1.579499
    52 -0.004041 0.002991 -0.002260 -3.129316 0.007469 -0.002160
    53 -0.016014 -0.012525 -0.005755 -3.127586 -0.003209 -0.007102
    54 -0.010741 -0.015351 -0.005964 -3.141244 -0.014366 0.013993
    55 3.571526 0.110787 -0.409180 -0.008114 -0.147674 -0.678311
    56 2.150658 0.000000 0.000000 0.000000 0.000000 -1.649346
    57 1.152748 0.000002 -0.000001 0.000000 0.000000 -1.038469
    58 -0.009424 0.003368 0.009511 3.138994 -0.007577 -0.001092
    59 -0.009795 0.006993 0.001619 3.137400 -0.006826 0.001062
    60 -0.005070 0.017085 0.007624 3.135509 0.005211 0.001477
    61 3.684113 -0.153569 -1.419744 -0.135797 -0.273308 -0.390723
    62 1.701014 -0.000001 0.000000 0.000000 0.000000 -0.314870
    63 0.994705 -0.000004 0.000000 0.000000 0.000000 -0.447025
    64 0.015236 0.000657 -0.012633 3.136885 0.014164 0.000018
    65 -0.014324 -0.018461 0.000846 -3.134644 0.013210 0.007851
    66 -0.020566 0.000650 -0.004019 -3.126894 -0.002595 -0.013678
    67 1.068097 -1.283652 -0.986552 -2.009800 0.503053 -0.350532
    68 1.836308 -0.000002 0.000001 0.072169 -0.041332 -0.137118
    69 1.223948 0.000001 -0.000002 -0.030976 -0.071336 -0.420800
    70 -0.026768 0.000412 0.021024 -3.135050 0.011560 0.031832
    71 -0.030946 0.015453 0.007155 3.126687 -0.014474 -0.013279
    72 0.024326 0.034636 0.000721 -3.121606 0.015525 0.030344
    73 -0.046000 0.019587 0.021797 3.134639 0.020864 -0.001670
    74 6.694322 0.000002 0.000001 -0.940808 -0.146888 0.066121
    75 -6.579163 -0.452807 0.914976 1.390020 0.137634 0.072730
    76 -6.553783 -0.454803 0.900534 1.387994 0.108045 0.086436
  time 16
    0 -6.258921 -24.780300 -4.939694 0.878843 -0.117415 2.322539
    1 7.820313 -3.039063 -8.804688 -1.082104 0.087263 -1.570797
    2 -0.000001 0.000002 0.000000 -0.020994 -0.098597 0.766843
    3 10.907404 0.000001 -0.000001 0.000000 0.000013 -0.428170
    4 10.424325 -0.000011 -0.000033 2.468668 0.420356 -0.460671
    5 2.997275 0.005409 -1.477475 0.000000 0.000000 -0.471250
    6 1.510384 -0.000004 0.000000 0.000000 0.000000 -0.689434
    7 0.808659 -0.000001 0.000001 -0.000001 -0.000010 -0.654467
    8 -0.005463 0.010882 0.011922 -3.130701 -0.002586 -0.018476
    9 -0.001080 -0.005339 -0.002780 -3.138880 -0.004640 0.012721
    10 -0.019963 -0.004463 0.017139 3.137685 -0.000240 0.002472
    11 3.305800 0.203115 -0.546730 0.000000 0.000000 -0.488706
    12 1.807178 0.000000 -0.000004 -0.000011 0.000009 -0.637058
    13 0.966141 0.000003 -0.000001 0.000000 0.000000 -0.497419
    14 -0.002205 0.006298 0.000417 3.133979 -0.003058 0.005338
    15 0.007872 0.003559 -0.000436 -3.124798 -0.001004 0.009074
    16 0.012690 -0.008244 0.010269 -3.131666 0.016691 0.012264
    17 3.571513 0.109304 0.409580 -0.000005 0.000008 -0.427623
    18 2.150648 0.000002 -0.000003 0.000000 0.000000 -0.663248
    19 1.152746 -0.000003 0.000003 0.000000 0.000000 -0.523596
    20 0.000419 0.016150 0.002405 3.136320 -0.007304 -0.003105
    21 0.001816 -0.009672 -0.007393 3.139013 -0.008631 -0.008588
    22 -0.003752 -0.011593 -0.001195 3.133090 0.002976 0.014444
    23 3.684098 -0.158697 1.419183 -0.000004 0.000006 -0.253070
    24 1.701014 0.000004 0.000004 0.000000 0.000000 -0.602155
    25 0.994714 -0.000002 -0.000008 0.000000 0.000000 -0.357793
    26 0.021160 0.011093 -0.004108 -3.137926 -0.002080 -0.001153
    27 -0.003428 0.010128 -0.008341 -3.140832 -0.004146 -0.019238
    28 0.004127 0.010881 0.000767 3.138806 -0.003164 -0.013821
    29 1.068074 -1.287202 0.981906 1.925945 -0.499329 -0.437809
    30 1.836308 -0.000001 0.000002 0.074239 -0.172997 -0.593151
    31 1.223949 -0.000002 0.000002 0.027405 -0.026921 -0.598145
    32 -0.012758 0.013269 0.005633 -3.132442 0.011957 -0.016684
    33 0.003252 0.002937 0.004907 3.134101 -0.012025 0.011384
    34 0.017597 0.001415 -0.271330 3.132743 -0.094250 -0.000348
    35 -0.034845 0.015532 -0.006371 -3.119476 -0.012752 0.011827
    36 6.868289 0.000003 0.000003 1.894355 0.030285 0.157876
    37 -6.002364 -0.460211 -0.868646 -0.695749 -0.131805 0.077518
    38 -6.002752 -0.459276 -0.867383 -0.699507 -0.131813 0.077097
    39 -10.921875 -4.957031 -11.492188 -1.570794 0.087264 -1.570796
    40 -0.000001 -0.000002 0.000004 -0.104462 -0.178952 0.204841
    41 10.907397 0.000000 -0.000001 -0.000346 -0.000019 -1.076039
    42 10.424307 0.000001 0.000016 -0.667430 0.153325 0.369804
    43 2.997296 0.000062 1.477484 0.000000 0.103667 -1.038495
    44 1.510386 -0.000002 0.000000 0.000000 0.000000 -1.473582
    45 0.808652 0.000001 -0.000003 -0.087499 0.080800 -1.033414
    46 -0.010181 0.001544 -0.002427 3.133438 0.004938 -0.014530
    47 -0.007761 0.000776 -0.012938 -3.140949 0.009512 -0.002789
    48 -0.003515 0.022163 -0.007593 -3.131007 0.004989 -0.015563
    49 3.305811 0.201132 0.547463 0.097291 -0.050084 -0.856922
    50 1.807181 -0.000005 -0.000002 0.020283 -0.092164 -1.076370
    51 0.966146 0.000000 0.000000 0.000000 0.000000 -1.579499
    52 -0.004041 0.002991 -0.002260 -3.129316 0.007469 -0.002160
    53 -0.016014 -0.012525 -0.005755 -3.127586 -0.003209 -0.007102
    54 -0.010741 -0.015351 -0.005964 -3.141244 -0.014366 0.013993
    55 3.571526 0.110787 -0.409180 -0.009815 -0.147902 -0.666603
    56 2.150658 0.000000 0.000000 0.000000 0.000000 -1.638970
    57 1.152748 0.000002 -0.000001 0.000000 0.000000 -1.038469
    58 -0.009424 0.003368 0.009511 3.138994 -0.007577 -0.001092
    59 -0.009795 0.006993 0.001619 3.137400 -0.006826 0.001062
    60 -0.005070 0.017085 0.007624 3.135509 0.005211 0.001477
    61 3.684113 -0.153569 -1.419744 -0.121572 -0.297265 -0.453449
    62 1.701014 -0.000001 0.000000 0.000000 0.000000 -0.269199
    63 0.994705 -0.000004 0.000000 0.000000 0.000000 -0.439136
    64 0.015236 0.000657 -0.012633 3.136885 0.014164 0.000018
    65 -0.014324 -0.018461 0.000846 -3.134644 0.013210 0.007851
    66 -0.020566 0.000650 -0.004019 -3.126894 -0.002595 -0.013678
    67 1.068097 -1.283652 -0.986552 -1.997487 0.512005 -0.325735
    68 1.836308 -0.000002 0.000001 0.071846 -0.042399 -0.123575
    69 1.223948 0.000001 -0.000002 -0.030976 -0.071336 -0.420800
    70 -0.026768 0.000412 0.021024 -3.135050 0.011560 0.031832
    71 -0.030946 0.015453 0.007155 3.126687 -0.014474 -0.013279
    72 0.024326 0.034636 0.000721 -3.121606 0.015525 0.030344
    73 -0.046000 0.019587 0.021797 3.134639 0.020864 -0.001670
    74 6.694322 0.000002 0.000001 -0.930898 -0.147536 0.064659
    75 -6.579163 -0.452807 0.914976 1.390020 0.137634 0.072730
    76 -6.553783 -0.454803 0.900534 1.387994 0.108045 0.086436
  time 17
    0 -6.188606 -24.784207 -4.693593 0.874433 -0.104634 2.339610
    1 7.820313 -3.039063 -8.804688 -1.082104 0.087263 -1.570797
    2 -0.000001 0.000002 0.000000 -0.020994 -0.098597 0.766843
    3 10.907404 0.000001 -0.000001 0.000000 0.000013 -0.428170
    4 10.424325 -0.000011 -0.000033 2.468668 0.420356 -0.460671
    5 2.997275 0.005409 -1.477475 0.000000 0.000000 -0.471250
    6 1.510384 -0.000004 0.000000 0.000000 0.000000 -0.689434
    7 0.808659 -0.000001 0.000001 -0.000001 -0.000010 -0.654467
    8 -0.005463 0.010882 0.011922 -3.130701 -0.002586 -0.018476
    9 -0.001080 -0.005339 -0.002780 -3.138880 -0.004640 0.012721
    10 -0.019963 -0.004463 0.017139 3.137685 -0.000240 0.002472
    11 3.305800 0.203115 -0.546730 0.000000 0.000000 -0.488706
    12 1.807178 0.000000 -0.000004 -0.000011 0.000009 -0.637058
    13 0.966141 0.000003 -0.000001 0.000000 0.000000 -0.497419
    14 -0.002205 0.006298 0.000417 3.133979 -0.003058 0.005338
    15 0.007872 0.003559 -0.000436 -3.124798 -0.001004 0.009074
    16 0.012690 -0.008244 0.010269 -3.131666 0.016691 0.012264
    17 3.571513 0.109304 0.409580 -0.000005 0.000008 -0.427623
    18 2.150648 0.000002 -0.000003 0.000000 0.000000 -0.663248
    19 1.152746 -0.000003 0.000003 0.000000 0.000000 -0.523596
    20 0.000419 0.016150 0.002405 3.136320 -0.007304 -0.003105
    21 0.001816 -0.009672 -0.007393 3.139013 -0.008631 -0.008588
    22 -0.003752 -0.011593 -0.001195 3.133090 0.002976 0.014444
    23 3.684098 -0.158697 1.419183 -0.000004 0.000006 -0.253070
    24 1.701014 0.000004 0.000004 0.000000 0.000000 -0.602155
    25 0.994714 -0.000002 -0.000008 0.000000 0.000000 -0.357793
    26 0.021160 0.011093 -0.004108 -3.137926 -0.002080 -0.001153
    27 -0.003428 0.010128 -0.008341 -3.140832 -0.004146 -0.019238
    28 0.004127 0.010881 0.000767 3.138806 -0.003164 -0.013821
    29 1.068074 -1.287202 0.981906 1.925945 -0.499329 -0.437809
    30 1.836308 -0.000001 0.000002 0.074239 -0.172997 -0.593151
    31 1.223949 -0.000002 0.000002 0.027405 -0.026921 -0.598145
    32 -0.012758 0.013269 0.005633 -3.132442 0.011957 -0.016684
    33 0.003252 0.002937 0.004907 3.134101 -0.012025 0.011384
    34 0.017597 0.001415 -0.271330 3.132743 -0.094250 -0.000348
    35 -0.034845 0.015532 -0.006371 -3.119476 -0.012752 0.011827
    36 6.868289 0.000003 0.000003 1.894355 0.030285 0.157876
    37 -6.002364 -0.460211 -0.868646 -0.695749 -0.131805 0.077518
    38 -6.002752 -0.459276 -0.867383 -0.699507 -0.131813 0.077097
    39 -10.921875 -4.957031 -11.492188 -1.570794 0.087264 -1.570796
    40 -0.000001 -0.000002 0.000004 -0.104589 -0.181952 0.184882
    41 10.907397 0.000000 -0.000001 -0.000346 -0.000019 -1.061896
    42 10.424307 0.000001 0.000016 -0.659805 0.153400 0.376752
    43 2.997296 0.000062 1.477484 0.000000 0.104709 -1.038495
    44 1.510386 -0.000002 0.000000 0.000000 0.000000 -1.470227
    45 0.808652 0.000001 -0.000003 -0.087176 0.081579 -1.026208
    46 -0.010181 0.001544 -0.002427 3.133438 0.004938 -0.014530
    47 -0.007761 0.000776 -0.012938 -3.140949 0.009512 -0.002789
    48 -0.003515 0.022163 -0.007593 -3.131007 0.004989 -0.015563
    49 3.305811 0.201132 0.547463 0.097207 -0.050299 -0.854780
    50 1.807181 -0.000005 -0.000002 0.020283 -0.092164 -1.076370
    51 0.966146 0.000000 0.000000 0.000000 0.000000 -1.579499
    52 -0.004041 0.002991 -0.002260 -3.129316 0.007469 -0.002160
    53 -0.016014 -0.012525 -0.005755 -3.127586 -0.003209 -0.007102
    54 -0.010741 -0.015351 -0.005964 -3.141244 -0.014366 0.013993
    55 3.571526 0.110787 -0.409180 -0.010415 -0.147986 -0.662471
    56 2.150658 0.000000 0.000000 0.000000 0.000000 -1.629984
    57 1.152748 0.000002 -0.000001 0.000000 0.000000 -1.038469
    58 -0.009424 0.003368 0.009511 3.138994 -0.007577 -0.001092
    59 -0.009795 0.006993 0.001619 3.137400 -0.006826 0.001062
    60 -0.005070 0.017085 0.007624 3.135509 0.005211 0.001477
    61 3.684113 -0.153569 -1.419744 -0.114285 -0.307320 -0.485027
    62 1.701014 -0.000001 0.000000 0.000000 0.000000 -0.253092
    63 0.994705 -0.000004 0.000000 0.000000 0.000000 -0.436340
    64 0.015236 0.000657 -0.012633 3.136885 0.014164 0.000018
    65 -0.014324 -0.018461 0.000846 -3.134644 0.013210 0.007851
    66 -0.020566 0.000650 -0.004019 -3.126894 -0.002595 -0.013678
    67 1.068097 -1.283652 -0.986552 -1.990187 0.517099 -0.311162
    68 1.836308 -0.000002 0.000001 0.071726 -0.042782 -0.118805
    69 1.223948 0.000001 -0.000002 -0.030976 -0.071336 -0.420800
    70 -0.026768 0.000412 0.021024 -3.135050 0.011560 0.031832
    71 -0.030946 0.015453 0.007155 3.126687 -0.014474 -0.013279
    72 0.024326 0.034636 0.000721 -3.121606 0.015525 0.030344
    73 -0.046000 0.019587 0.021797 3.134639 0.020864 -0.001670
    74 6.694322 0.000002 0.000001 -0.927016 -0.147775 0.064095
    75 -6.579163 -0.452807 0.914976 1.390020 0.137634 0.072730
    76 -6.553783 -0.454803 0.900534 1.387994 0.108045 0.086436
  time 18
    0 -6.145636 -24.784207 -4.529526 0.873589 -0.096572 2.348335
    1 7.820313 -3.039063 -8.804688 -1.082104 0.087263 -1.570797
    2 -0.000001 0.000002 0.000000 -0.020994 -0.098597 0.766843
    3 10.907404 0.000001 -0.000001 0.000000 0.000013 -0.428170
    4 10.424325 -0.000011 -0.000033 2.468668 0.420356 -0.460671
    5 2.997275 0.005409 -1.477475 0.000000 0.000000 -0.471250
    6 1.510384 -0.000004 0.000000 0.000000 0.000000 -0.689434
    7 0.808659 -0.000001 0.000001 -0.000001 -0.000010 -0.654467
    8 -0.005463 0.010882 0.011922 -3.130701 -0.002586 -0.018476
    9 -0.001080 -0.005339 -0.002780 -3.138880 -0.004640 0.012721
    10 -0.019963 -0.004463 0.017139 3.137685 -0.000240 0.002472
    11 3.305800 0.203115 -0.546730 0.000000 0.000000 -0.488706
    12 1.807178 0.000000 -0.000004 -0.000011 0.000009 -0.637058
    13 0.966141 0.000003 -0.000001 0.000000 0.000000 -0.497419
    14 -0.002205 0.006298 0.000417 3.133979 -0.003058 0.005338
    15 0.007872 0.003559 -0.000436 -3.124798 -0.001004 0.009074
    16 0.012690 -0.008244 0.010269 -3.131666 0.016691 0.012264
    17 3.571513 0.109304 0.409580 -0.000005 0.000008 -0.427623
    18 2.150648 0.000002 -0.000003 0.000000 0.000000 -0.663248
    19 1.152746 -0.000003 0.000003 0.000000 0.000000 -0.523596
    20 0.000419 0.016150 0.002405 3.136320 -0.007304 -0.003105
    21 0.001816 -0.009672 -0.007393 3.139013 -0.008631 -0.008588
    22 -0.003752 -0.011593 -0.001195 3.133090 0.002976 0.014444
    23 3.684098 -0.158697 1.419183 -0.000004 0.000006 -0.253070
    24 1.701014 0.000004 0.000004 0.000000 0.000000 -0.602155
    25 0.994714 -0.000002 -0.000008 0.000000 0.000000 -0.357793
    26 0.021160 0.011093 -0.004108 -3.137926 -0.002080 -0.001153
    27 -0.003428 0.010128 -0.008341 -3.140832 -0.004146 -0.019238
    28 0.004127 0.010881 0.000767 3.138806 -0.003164 -0.013821
    29 1.068074 -1.287202 0.981906 1.925945 -0.499329 -0.437809
    30 1.836308 -0.000001 0.000002 0.074239 -0.172997 -0.593151
    31 1.223949 -0.000002 0.000002 0.027405 -0.026921 -0.598145
    32 -0.012758 0.013269 0.005633 -3.132442 0.011957 -0.016684
    33 0.003252 0.002937 0.004907 3.134101 -0.012025 0.011384
    34 0.017597 0.001415 -0.271330 3.132743 -0.094250 -0.000348
    35 -0.034845 0.015532 -0.006371 -3.119476 -0.012752 0.011827
    36 6.868289 0.000003 0.000003 1.894355 0.030285 0.157876
    37 -6.002364 -0.460211 -0.868646 -0.695749 -0.131805 0.077518
    38 -6.002752 -0.459276 -0.867383 -0.699507 -0.131813 0.077097
    39 -10.921875 -4.957031 -11.492188 -1.570794 0.087264 -1.570796
    40 -0.000001 -0.000002 0.000004 -0.104749 -0.184136 0.171487
    41 10.907397 0.000000 -0.000001 -0.000346 -0.000019 -1.052339
    42 10.424307 0.000001 0.000016 -0.658310 0.155681 0.380746
    43 2.997296 0.000062 1.477484 0.000000 0.104709 -1.038495
    44 1.510386 -0.000002 0.000000 0.000000 0.000000 -1.465241
    45 0.808652 0.000001 -0.000003 -0.087176 0.081579 -1.026208
    46 -0.010181 0.001544 -0.002427 3.133438 0.004938 -0.014530
    47 -0.007761 0.000776 -0.012938 -3.140949 0.009512 -0.002789
    48 -0.003515 0.022163 -0.007593 -3.131007 0.004989 -0.015563
    49 3.305811 0.201132 0.547463 0.097207 -0.050299 -0.854780
    50 1.807181 -0.000005 -0.000002 0.020283 -0.092164 -1.076370
    51 0.966146 0.000000 0.000000 0.000000 0.000000 -1.579499
    52 -0.004041 0.002991 -0.002260 -3.129316 0.007469 -0.002160
    53 -0.016014 -0.012525 -0.005755 -3.127586 -0.003209 -0.007102
    54 -0.010741 -0.015351 -0.005964 -3.141244 -0.014366 0.013993
    55 3.571526 0.110787 -0.409180 -0.010415 -0.147986 -0.662471
    56 2.150658 0.000000 0.000000 0.000000 0.000000 -1.622214
    57 1.152748 0.000002 -0.000001 0.000000 0.000000 -1.038469
    58 -0.009424 0.003368 0.009511 3.138994 -0.007577 -0.001092
    59 -0.009795 0.006993 0.001619 3.137400 -0.006826 0.001062
    60 -0.005070 0.017085 0.007624 3.135509 0.005211 0.001477
    61 3.684113 -0.153569 -1.419744 -0.112212 -0.306949 -0.493311
    62 1.701014 -0.000001 0.000000 0.000000 0.000000 -0.253092
    63 0.994705 -0.000004 0.000000 0.000000 0.000000 -0.436340
    64 0.015236 0.000657 -0.012633 3.136885 0.014164 0.000018
    65 -0.014324 -0.018461 0.000846 -3.134644 0.013210 0.007851
    66 -0.020566 0.000650 -0.004019 -3.126894 -0.002595 -0.013678
    67 1.068097 -1.283652 -0.986552 -1.986434 0.520035 -0.303576
    68 1.836308 -0.000002 0.000001 0.071726 -0.042782 -0.118805
    69 1.223948 0.000001 -0.000002 -0.030976 -0.071336 -0.420800
    70 -0.026768 0.000412 0.021024 -3.135050 0.011560 0.031832
    71 -0.030946 0.015453 0.007155 3.126687 -0.014474 -0.013279
    72 0.024326 0.034636 0.000721 -3.121606 0.015525 0.030344
    73 -0.046000 0.019587 0.021797 3.134639 0.020864 -0.001670
    74 6.694322 0.000002 0.000001 -0.926468 -0.147811 0.064011
    75 -6.579163 -0.452807 0.914976 1.390020 0.137634 0.072730
    76 -6.553783 -0.454803 0.900534 1.387994 0.108045 0.086436
  time 19
    0 -6.106573 -24.784207 -4.396709 0.872838 -0.088280 2.357345
    1 7.820313 -3.039063 -8.804688 -1.082104 0.087263 -1.570797
    2 -0.000001 0.000002 0.000000 -0.020994 -0.098597 0.766843
    3 10.907404 0.000001 -0.000001 0.000000 0.000013 -0.428170
    4 10.424325 -0.000011 -0.000033 2.468668 0.420356 -0.460671
    5 2.997275 0.005409 -1.477475 0.000000 0.000000 -0.471250
    6 1.510384 -0.000004 0.000000 0.000000 0.000000 -0.689434
    7 0.808659 -0.000001 0.000001 -0.000001 -0.000010 -0.654467
    8 -0.005463 0.010882 0.011922 -3.130701 -0.002586 -0.018476
    9 -0.001080 -0.005339 -0.002780 -3.138880 -0.004640 0.012721
    10 -0.019963 -0.004463 0.017139 3.137685 -0.000240 0.002472
    11 3.305800 0.203115 -0.546730 0.000000 0.000000 -0.488706
    12 1.807178 0.000000 -0.000004 -0.000011 0.000009 -0.637058
    13 0.966141 0.000003 -0.000001 0.000000 0.000000 -0.497419
    14 -0.002205 0.006298 0.000417 3.133979 -0.003058 0.005338
    15 0.007872 0.003559 -0.000436 -3.124798 -0.001004 0.009074
    16 0.012690 -0.008244 0.010269 -3.131666 0.016691 0.012264
    17 3.571513 0.109304 0.409580 -0.000005 0.000008 -0.427623
    18 2.150648 0.000002 -0.000003 0.000000 0.000000 -0.663248
    19 1.152746 -0.000003 0.000003 0.000000 0.000000 -0.523596
    20 0.000419 0.016150 0.002405 3.136320 -0.007304 -0.003105
    21 0.001816 -0.009672 -0.007393 3.139013 -0.008631 -0.008588
    22 -0.003752 -0.011593 -0.001195 3.133090 0.002976 0.014444
    23 3.684098 -0.158697 1.419183 -0.000004 0.000006 -0.253070
    24 1.701014 0.000004 0.000004 0.000000 0.000000 -0.602155
    25 0.994714 -0.000002 -0.000008 0.000000 0.000000 -0.357793
    26 0.021160 0.011093 -0.004108 -3.137926 -0.002080 -0.001153
    27 -0.003428 0.010128 -0.008341 -3.140832 -0.004146 -0.019238
    28 0.004127 0.010881 0.000767 3.138806 -0.003164 -0.013821
    29 1.068074 -1.287202 0.981906 1.925945 -0.499329 -0.437809
    30 1.836308 -0.000001 0.000002 0.074239 -0.172997 -0.593151
    31 1.223949 -0.000002 0.000002 0.027405 -0.026921 -0.598145
    32 -0.012758 0.013269 0.005633 -3.132442 0.011957 -0.016684
    33 0.003252 0.002937 0.004907 3.134101 -0.012025 0.011384
    34 0.017597 0.001415 -0.271330 3.132743 -0.094250 -0.000348
    35 -0.034845 0.015532 -0.006371 -3.119476 -0.012752 0.011827
    36 6.868289 0.000003 0.000003 1.894355 0.030285 0.157876
    37 -6.002364 -0.460211 -0.868646 -0.695749 -0.131805 0.077518
    38 -6.002752 -0.459276 -0.867383 -0.699507 -0.131813 0.077097
    39 -10.921875 -4.957031 -11.492188 -1.570794 0.087264 -1.570796
    40 -0.000001 -0.000002 0.000004 -0.104812 -0.185877 0.160968
    41 10.907397 0.000000 -0.000001 -0.000346 -0.000019 -1.044673
    42 10.424307 0.000001 0.000016 -0.657113 0.157439 0.383699
    43 2.997296 0.000062 1.477484 0.000000 0.104709 -1.038495
    44 1.510386 -0.000002 0.000000 0.000000 0.000000 -1.459041
    45 0.808652 0.000001 -0.000003 -0.087176 0.081579 -1.026208
    46 -0.010181 0.001544 -0.002427 3.133438 0.004938 -0.014530
    47 -0.007761 0.000776 -0.012938 -3.140949 0.009512 -0.002789
    48 -0.003515 0.022163 -0.007593 -3.131007 0.004989 -0.015563
    49 3.305811 0.201132 0.547463 0.097207 -0.050299 -0.854780
    50 1.807181 -0.000005 -0.000002 0.020283 -0.092164 -1.076370
    51 0.966146 0.000000 0.000000 0.000000 0.000000 -1.579499
    52 -0.004041 0.002991 -0.002260 -3.129316 0.007469 -0.002160
    53 -0.016014 -0.012525 -0.005755 -3.127586 -0.003209 -0.007102
    54 -0.010741 -0.015351 -0.005964 -3.141244 -0.014366 0.013993
    55 3.571526 0.110787 -0.409180 -0.010415 -0.147986 -0.662471
    56 2.150658 0.000000 0.000000 0.000000 0.000000 -1.615702
    57 1.152748 0.000002 -0.000001 0.000000 0.000000 -1.038469
    58 -0.009424 0.003368 0.009511 3.138994 -0.007577 -0.001092
    59 -0.009795 0.006993 0.001619 3.137400 -0.006826 0.001062
    60 -0.005070 0.017085 0.007624 3.135509 0.005211 0.001477
    61 3.684113 -0.153569 -1.419744 -0.110330 -0.305906 -0.500816
    62 1.701014 -0.000001 0.000000 0.000000 0.000000 -0.253092
    63 0.994705 -0.000004 0.000000 0.000000 0.000000 -0.436340
    64 0.015236 0.000657 -0.012633 3.136885 0.014164 0.000018
    65 -0.014324 -0.018461 0.000846 -3.134644 0.013210 0.007851
    66 -0.020566 0.000650 -0.004019 -3.126894 -0.002595 -0.013678
    67 1.068097 -1.283652 -0.986552 -1.982771 0.522863 -0.296193
    68 1.836308 -0.000002 0.000001 0.071726 -0.042782 -0.118805
    69 1.223948 0.000001 -0.000002 -0.030976 -0.071336 -0.420800
    70 -0.026768 0.000412 0.021024 -3.135050 0.011560 0.031832
    71 -0.030946 0.015453 0.007155 3.126687 -0.014474 -0.013279
    72 0.024326 0.034636 0.000721 -3.121606 0.015525 0.030344
    73 -0.046000 0.019587 0.021797 3.134639 0.020864 -0.001670
    74 6.694322 0.000002 0.000001 -0.926057 -0.147835 0.063952
    75 -6.579163 -0.452807 0.914976 1.390020 0.137634 0.072730
    76 -6.553783 -0.454803 0.900534 1.387994 0.108045 0.086436
  time 20
    0 -6.079228 -24.784207 -4.302956 0.872088 -0.079897 2.366449
    1 7.820313 -3.039063 -8.804688 -1.082104 0.087263 -1.570797
    2 -0.000001 0.000002 0.000000 -0.020994 -0.098597 0.766843
    3 10.907404 0.000001 -0.000001 0.000000 0.000013 -0.428170
    4 10.424325 -0.000011 -0.000033 2.468668 0.420356 -0.460671
    5 2.997275 0.005409 -1.477475 0.000000 0.000000 -0.471250
    6 1.510384 -0.000004 0.000000 0.000000 0.000000 -0.689434
    7 0.808659 -0.000001 0.000001 -0.000001 -0.000010 -0.654467
    8 -0.005463 0.010882 0.011922 -3.130701 -0.002586 -0.018476
    9 -0.001080 -0.005339 -0.002780 -3.138880 -0.004640 0.012721
    10 -0.019963 -0.004463 0.017139 3.137685 -0.000240 0.002472
    11 3.305800 0.203115 -0.546730 0.000000 0.000000 -0.488706
    12 1.807178 0.000000 -0.000004 -0.000011 0.000009 -0.637058
    13 0.966141 0.000003 -0.000001 0.000000 0.000000 -0.497419
    14 -0.002205 0.006298 0.000417 3.133979 -0.003058 0.005338
    15 0.007872 0.003559 -0.000436 -3.124798 -0.001004 0.009074
    16 0.012690 -0.008244 0.010269 -3.131666 0.016691 0.012264
    17 3.571513 0.109304 0.409580 -0.000005 0.000008 -0.427623
    18 2.150648 0.000002 -0.000003 0.000000 0.000000 -0.663248
    19 1.152746 -0.000003 0.000003 0.000000 0.000000 -0.523596
    20 0.000419 0.016150 0.002405 3.136320 -0.007304 -0.003105
    21 0.001816 -0.009672 -0.007393 3.139013 -0.008631 -0.008588
    22 -0.003752 -0.011593 -0.001195 3.133090 0.002976 0.014444
    23 3.684098 -0.158697 1.419183 -0.000004 0.000006 -0.253070
    24 1.701014 0.000004 0.000004 0.000000 0.000000 -0.602155
    25 0.994714 -0.000002 -0.000008 0.000000 0.000000 -0.357793
    26 0.021160 0.011093 -0.004108 -3.137926 -0.002080 -0.001153
    27 -0.003428 0.010128 -0.008341 -3.140832 -0.004146 -0.019238
    28 0.004127 0.010881 0.000767 3.138806 -0.003164 -0.013821
    29 1.068074 -1.287202 0.981906 1.925945 -0.499329 -0.437809
    30 1.836308 -0.000001 0.000002 0.074239 -0.172997 -0.593151
    31 1.223949 -0.000002 0.000002 0.027405 -0.026921 -0.598145
    32 -0.012758 0.013269 0.005633 -3.132442 0.011957 -0.016684
    33 0.003252 0.002937 0.004907 3.134101 -0.012025 0.011384
    34 0.017597 0.001415 -0.271330 3.132743 -0.094250 -0.000348
    35 -0.034845 0.015532 -0.006371 -3.119476 -0.012752 0.011827
    36 6.868289 0.000003 0.000003 1.894355 0.030285 0.157876
    37 -6.002364 -0.460211 -0.868646 -0.695749 -0.131805 0.077518
    38 -6.002752 -0.459276 -0.867383 -0.699507 -0.131813 0.077097
    39 -10.921875 -4.957031 -11.492188 -1.570794 0.087264 -1.570796
    40 -0.000001 -0.000002 0.000004 -0.104876 -0.187173 0.152967
    41 10.907397 0.000000 -0.000001 -0.000346 -0.000019 -1.038757
    42 10.424307 0.000001 0.000016 -0.656216 0.158748 0.385870
    43 2.997296 0.000062 1.477484 0.000000 0.104709 -1.038495
    44 1.510386 -0.000002 0.000000 0.000000 0.000000 -1.452170
    45 0.808652 0.000001 -0.000003 -0.087176 0.081579 -1.026208
    46 -0.010181 0.001544 -0.002427 3.133438 0.004938 -0.014530
    47 -0.007761 0.000776 -0.012938 -3.140949 0.009512 -0.002789
    48 -0.003515 0.022163 -0.007593 -3.131007 0.004989 -0.015563
    49 3.305811 0.201132 0.547463 0.097207 -0.050299 -0.854780
    50 1.807181 -0.000005 -0.000002 0.020283 -0.092164 -1.076370
    51 0.966146 0.000000 0.000000 0.000000 0.000000 -1.579499
    52 -0.004041 0.002991 -0.002260 -3.129316 0.007469 -0.002160
    53 -0.016014 -0.012525 -0.005755 -3.127586 -0.003209 -0.007102
    54 -0.010741 -0.015351 -0.005964 -3.141244 -0.014366 0.013993
    55 3.571526 0.110787 -0.409180 -0.010415 -0.147986 -0.662471
    56 2.150658 0.000000 0.000000 0.000000 0.000000 -1.610276
    57 1.152748 0.000002 -0.000001 0.000000 0.000000 -1.038469
    58 -0.009424 0.003368 0.009511 3.138994 -0.007577 -0.001092
    59 -0.009795 0.006993 0.001619 3.137400 -0.006826 0.001062
    60 -0.005070 0.017085 0.007624 3.135509 0.005211 0.001477
    61 3.684113 -0.153569 -1.419744 -0.108640 -0.304264 -0.507583
    62 1.701014 -0.000001 0.000000 0.000000 0.000000 -0.253092
    63 0.994705 -0.000004 0.000000 0.000000 0.000000 -0.436340
    64 0.015236 0.000657 -0.012633 3.136885 0.014164 0.000018
    65 -0.014324 -0.018461 0.000846 -3.134644 0.013210 0.007851
    66 -0.020566 0.000650 -0.004019 -3.126894 -0.002595 -0.013678
    67 1.068097 -1.283652 -0.986552 -1.979199 0.525572 -0.289039
    68 1.836308 -0.000002 0.000001 0.071726 -0.042782 -0.118805
    69 1.223948 0.000001 -0.000002 -0.030976 -0.071336 -0.420800
    70 -0.026768 0.000412 0.021024 -3.135050 0.011560 0.031832
    71 -0.030946 0.015453 0.007155 3.126687 -0.014474 -0.013279
    72 0.024326 0.034636 0.000721 -3.121606 0.015525 0.030344
    73 -0.046000 0.019587 0.021797 3.134639 0.020864 -0.001670
    74 6.694322 0.000002 0.000001 -0.925737 -0.147859 0.063904
    75 -6.579163 -0.452807 0.914976 1.390020 0.137634 0.072730
    76 -6.553783 -0.454803 0.900534 1.387994 0.108045 0.086436
  time 21
    0 -6.059696 -24.784207 -4.232642 0.871431 -0.071513 2.375648
    1 7.820313 -3.039063 -8.804688 -1.082104 0.087263 -1.570797
    2 -0.000001 0.000002 0.000000 -0.020994 -0.098597 0.766843
    3 10.907404 0.000001 -0.000001 0.000000 0.000013 -0.428170
    4 10.424325 -0.000011 -0.000033 2.468668 0.420356 -0.460671
    5 2.997275 0.005409 -1.477475 0.000000 0.000000 -0.471250
    6 1.510384 -0.000004 0.000000 0.000000 0.000000 -0.689434
    7 0.808659 -0.000001 0.000001 -0.000001 -0.000010 -0.654467
    8 -0.005463 0.010882 0.011922 -3.130701 -0.002586 -0.018476
    9 -0.001080 -0.005339 -0.002780 -3.138880 -0.004640 0.012721
    10 -0.019963 -0.004463 0.017139 3.137685 -0.000240 0.002472
    11 3.305800 0.203115 -0.546730 0.000000 0.000000 -0.488706
    12 1.807178 0.000000 -0.000004 -0.000011 0.000009 -0.637058
    13 0.966141 0.000003 -0.000001 0.000000 0.000000 -0.497419
    14 -0.002205 0.006298 0.000417 3.133979 -0.003058 0.005338
    15 0.007872 0.003559 -0.000436 -3.124798 -0.001004 0.009074
    16 0.012690 -0.008244 0.010269 -3.131666 0.016691 0.012264
    17 3.571513 0.109304 0.409580 -0.000005 0.000008 -0.427623
    18 2.150648 0.000002 -0.000003 0.000000 0.000000 -0.663248
    19 1.152746 -0.000003 0.000003 0.000000 0.000000 -0.523596
    20 0.000419 0.016150 0.002405 3.136320 -0.007304 -0.003105
    21 0.001816 -0.009672 -0.007393 3.139013 -0.008631 -0.008588
    22 -0.003752 -0.011593 -0.001195 3.133090 0.002976 0.014444
    23 3.684098 -0.158697 1.419183 -0.000004 0.000006 -0.253070
    24 1.701014 0.000004 0.000004 0.000000 0.000000 -0.602155
    25 0.994714 -0.000002 -0.000008 0.000000 0.000000 -0.357793
    26 0.021160 0.011093 -0.004108 -3.137926 -0.002080 -0.001153
    27 -0.003428 0.010128 -0.008341 -3.140832 -0.004146 -0.019238
    28 0.004127 0.010881 0.000767 3.138806 -0.003164 -0.013821
    29 1.068074 -1.287202 0.981906 1.925945 -0.499329 -0.437809
    30 1.836308 -0.000001 0.000002 0.074239 -0.172997 -0.593151
    31 1.223949 -0.000002 0.000002 0.027405 -0.026921 -0.598145
    32 -0.012758 0.013269 0.005633 -3.132442 0.011957 -0.016684
    33 0.003252 0.002937 0.004907 3.134101 -0.012025 0.011384
    34 0.017597 0.001415 -0.271330 3.132743 -0.094250 -0.000348
    35 -0.034845 0.015532 -0.006371 -3.119476 -0.012752 0.011827
    36 6.868289 0.000003 0.000003 1.894355 0.030285 0.157876
    37 -6.002364 -0.460211 -0.868646 -0.695749 -0.131805 0.077518
    38 -6.002752 -0.459276 -0.867383 -0.699507 -0.131813 0.077097
    39 -10.921875 -4.957031 -11.492188 -1.570794 0.087264 -1.570796
    40 -0.000001 -0.000002 0.000004 -0.104876 -0.188099 0.147303
    41 10.907397 0.000000 -0.000001 -0.000346 -0.000019 -1.034486
    42 10.424307 0.000001 0.000016 -0.655544 0.159645 0.387346
    43 2.997296 0.000062 1.477484 0.000000 0.104709 -1.038495
    44 1.510386 -0.000002 0.000000 0.000000 0.000000 -1.445043
    45 0.808652 0.000001 -0.000003 -0.087176 0.081579 -1.026208
    46 -0.010181 0.001544 -0.002427 3.133438 0.004938 -0.014530
    47 -0.007761 0.000776 -0.012938 -3.140949 0.009512 -0.002789
    48 -0.003515 0.022163 -0.007593 -3.131007 0.004989 -0.015563
    49 3.305811 0.201132 0.547463 0.097207 -0.050299 -0.854780
    50 1.807181 -0.000005 -0.000002 0.020283 -0.092164 -1.076370
    51 0.966146 0.000000 0.000000 0.000000 0.000000 -1.579499
    52 -0.004041 0.002991 -0.002260 -3.129316 0.007469 -0.002160
    53 -0.016014 -0.012525 -0.005755 -3.127586 -0.003209 -0.007102
    54 -0.010741 -0.015351 -0.005964 -3.141244 -0.014366 0.013993
    55 3.571526 0.110787 -0.409180 -0.010415 -0.147986 -0.662471
    56 2.150658 0.000000 0.000000 0.000000 0.000000 -1.605891
    57 1.152748 0.000002 -0.000001 0.000000 0.000000 -1.038469
    58 -0.009424 0.003368 0.009511 3.138994 -0.007577 -0.001092
    59 -0.009795 0.006993 0.001619 3.137400 -0.006826 0.001062
    60 -0.005070 0.017085 0.007624 3.135509 0.005211 0.001477
    61 3.684113 -0.153569 -1.419744 -0.107130 -0.302071 -0.513612
    62 1.701014 -0.000001 0.000000 0.000000 0.000000 -0.253092
    63 0.994705 -0.000004 0.000000 0.000000 0.000000 -0.436340
    64 0.015236 0.000657 -0.012633 3.136885 0.014164 0.000018
    65 -0.014324 -0.018461 0.000846 -3.134644 0.013210 0.007851
    66 -0.020566 0.000650 -0.004019 -3.126894 -0.002595 -0.013678
    67 1.068097 -1.283652 -0.986552 -1.975731 0.528149 -0.282123
    68 1.836308 -0.000002 0.000001 0.071726 -0.042782 -0.118805
    69 1.223948 0.000001 -0.000002 -0.030976 -0.071336 -0.420800
    70 -0.026768 0.000412 0.021024 -3.135050 0.011560 0.031832
    71 -0.030946 0.015453 0.007155 3.126687 -0.014474 -0.013279
    72 0.024326 0.034636 0.000721 -3.121606 0.015525 0.030344
    73 -0.046000 0.019587 0.021797 3.134639 0.020864 -0.001670
    74 6.694322 0.000002 0.000001 -0.925509 -0.147871 0.063868
    75 -6.579163 -0.452807 0.914976 1.390020 0.137634 0.072730
    76 -6.553783 -0.454803 0.900534 1.387994 0.108045 0.086436
  time 22
    0 -6.047977 -24.784207 -4.185765 0.870868 -0.063222 2.384942
    1 7.820313 -3.039063 -8.804688 -1.082104 0.087263 -1.570797
    2 -0.000001 0.000002 0.000000 -0.020994 -0.098597 0.766843
    3 10.907404 0.000001 -0.000001 0.000000 0.000013 -0.428170
    4 10.424325 -0.000011 -0.000033 2.468668 0.420356 -0.460671
    5 2.997275 0.005409 -1.477475 0.000000 0.000000 -0.471250
    6 1.510384 -0.000004 0.000000 0.000000 0.000000 -0.689434
    7 0.808659 -0.000001 0.000001 -0.000001 -0.000010 -0.654467
    8 -0.005463 0.010882 0.011922 -3.130701 -0.002586 -0.018476
    9 -0.001080 -0.005339 -0.002780 -3.138880 -0.004640 0.012721
    10 -0.019963 -0.004463 0.017139 3.137685 -0.000240 0.002472
    11 3.305800 0.203115 -0.546730 0.000000 0.000000 -0.488706
    12 1.807178 0.000000 -0.000004 -0.000011 0.000009 -0.637058
    13 0.966141 0.000003 -0.000001 0.000000 0.000000 -0.497419
    14 -0.002205 0.006298 0.000417 3.133979 -0.003058 0.005338
    15 0.007872 0.003559 -0.000436 -3.124798 -0.001004 0.009074
    16 0.012690 -0.008244 0.010269 -3.131666 0.016691 0.012264
    17 3.571513 0.109304 0.409580 -0.000005 0.000008 -0.427623
    18 2.150648 0.000002 -0.000003 0.000000 0.000000 -0.663248
    19 1.152746 -0.000003 0.000003 0.000000 0.000000 -0.523596
    20 0.000419 0.016150 0.002405 3.136320 -0.007304 -0.003105
    21 0.001816 -0.009672 -0.007393 3.139013 -0.008631 -0.008588
    22 -0.003752 -0.011593 -0.001195 3.133090 0.002976 0.014444
    23 3.684098 -0.158697 1.419183 -0.000004 0.000006 -0.253070
    24 1.701014 0.000004 0.000004 0.000000 0.000000 -0.602155
    25 0.994714 -0.000002 -0.000008 0.000000 0.000000 -0.357793
    26 0.021160 0.011093 -0.004108 -3.137926 -0.002080 -0.001153
    27 -0.003428 0.010128 -0.008341 -3.140832 -0.004146 -0.019238
    28 0.004127 0.010881 0.000767 3.138806 -0.003164 -0.013821
    29 1.068074 -1.287202 0.981906 1.925945 -0.499329 -0.437809
    30 1.836308 -0.000001 0.000002 0.074239 -0.172997 -0.593151
    31 1.223949 -0.000002 0.000002 0.027405 -0.026921 -0.598145
    32 -0.012758 0.013269 0.005633 -3.132442 0.011957 -0.016684
    33 0.003252 0.002937 0.004907 3.134101 -0.012025 0.011384
    34 0.017597 0.001415 -0.271330 3.132743 -0.094250 -0.000348
    35 -0.034845 0.015532 -0.006371 -3.119476 -0.012752 0.011827
    36 6.868289 0.000003 0.000003 1.894355 0.030285 0.157876
    37 -6.002364 -0.460211 -0.868646 -0.695749 -0.131805 0.077518
    38 -6.002752 -0.459276 -0.867383 -0.699507 -0.131813 0.077097
    39 -10.921875 -4.957031 -11.492188 -1.570794 0.087264 -1.570796
    40 -0.000001 -0.000002 0.000004 -0.104876 -0.188691 0.143437
    41 10.907397 0.000000 -0.000001 -0.000346 -0.000019 -1.031580
    42 10.424307 0.000001 0.000016 -0.655095 0.160281 0.388302
    43 2.997296 0.000062 1.477484 0.000000 0.104709 -1.038495
    44 1.510386 -0.000002 0.000000 0.000000 0.000000 -1.438172
    45 0.808652 0.000001 -0.000003 -0.087176 0.081579 -1.026208
    46 -0.010181 0.001544 -0.002427 3.133438 0.004938 -0.014530
    47 -0.007761 0.000776 -0.012938 -3.140949 0.009512 -0.002789
    48 -0.003515 0.022163 -0.007593 -3.131007 0.004989 -0.015563
    49 3.305811 0.201132 0.547463 0.097207 -0.050299 -0.854780
    50 1.807181 -0.000005 -0.000002 0.020283 -0.092164 -1.076370
    51 0.966146 0.000000 0.000000 0.000000 0.000000 -1.579499
    52 -0.004041 0.002991 -0.002260 -3.129316 0.007469 -0.002160
    53 -0.016014 -0.012525 -0.005755 -3.127586 -0.003209 -0.007102
    54 -0.010741 -0.015351 -0.005964 -3.141244 -0.014366 0.013993
    55 3.571526 0.110787 -0.409180 -0.010415 -0.147986 -0.662471
    56 2.150658 0.000000 0.000000 0.000000 0.000000 -1.602462
    57 1.152748 0.000002 -0.000001 0.000000 0.000000 -1.038469
    58 -0.009424 0.003368 0.009511 3.138994 -0.007577 -0.001092
    59 -0.009795 0.006993 0.001619 3.137400 -0.006826 0.001062
    60 -0.005070 0.017085 0.007624 3.135509 0.005211 0.001477
    61 3.684113 -0.153569 -1.419744 -0.105788 -0.299422 -0.518984
    62 1.701014 -0.000001 0.000000 0.000000 0.000000 -0.253092
    63 0.994705 -0.000004 0.000000 0.000000 0.000000 -0.436340
    64 0.015236 0.000657 -0.012633 3.136885 0.014164 0.000018
    65 -0.014324 -0.018461 0.000846 -3.134644 0.013210 0.007851
    66 -0.020566 0.000650 -0.004019 -3.126894 -0.002595 -0.013678
    67 1.068097 -1.283652 -0.986552 -1.972380 0.530605 -0.275472
    68 1.836308 -0.000002 0.000001 0.071726 -0.042782 -0.118805
    69 1.223948 0.000001 -0.000002 -0.030976 -0.071336 -0.420800
    70 -0.026768 0.000412 0.021024 -3.135050 0.011560 0.031832
    71 -0.030946 0.015453 0.007155 3.126687 -0.014474 -0.013279
    72 0.024326 0.034636 0.000721 -3.121606 0.015525 0.030344
    73 -0.046000 0.019587 0.021797 3.134639 0.020864 -0.001670
    74 6.694322 0.000002 0.000001 -0.925372 -0.147883 0.063856
    75 -6.579163 -0.452807 0.914976 1.390020 0.137634 0.072730
    76 -6.553783 -0.454803 0.900534 1.387994 0.108045 0.086436
  time 23
    0 -6.040164 -24.784207 -4.158421 0.870399 -0.054976 2.394236
    1 7.820313 -3.039063 -8.804688 -1.082104 0.087263 -1.570797
    2 -0.000001 0.000002 0.000000 -0.020994 -0.098597 0.766843
    3 10.907404 0.000001 -0.000001 0.000000 0.000013 -0.428170
    4 10.424325 -0.000011 -0.000033 2.468668 0.420356 -0.460671
    5 2.997275 0.005409 -1.477475 0.000000 0.000000 -0.471250
    6 1.510384 -0.000004 0.000000 0.000000 0.000000 -0.689434
    7 0.808659 -0.000001 0.000001 -0.000001 -0.000010 -0.654467
    8 -0.005463 0.010882 0.011922 -3.130701 -0.002586 -0.018476
    9 -0.001080 -0.005339 -0.002780 -3.138880 -0.004640 0.012721
    10 -0.019963 -0.004463 0.017139 3.137685 -0.000240 0.002472
    11 3.305800 0.203115 -0.546730 0.000000 0.000000 -0.488706
    12 1.807178 0.000000 -0.000004 -0.000011 0.000009 -0.637058
    13 0.966141 0.000003 -0.000001 0.000000 0.000000 -0.497419
    14 -0.002205 0.006298 0.000417 3.133979 -0.003058 0.005338
    15 0.007872 0.003559 -0.000436 -3.124798 -0.001004 0.009074
    16 0.012690 -0.008244 0.010269 -3.131666 0.016691 0.012264
    17 3.571513 0.109304 0.409580 -0.000005 0.000008 -0.427623
    18 2.150648 0.000002 -0.000003 0.000000 0.000000 -0.663248
    19 1.152746 -0.000003 0.000003 0.000000 0.000000 -0.523596
    20 0.000419 0.016150 0.002405 3.136320 -0.007304 -0.003105
    21 0.001816 -0.009672 -0.007393 3.139013 -0.008631 -0.008588
    22 -0.003752 -0.011593 -0.001195 3.133090 0.002976 0.014444
    23 3.684098 -0.158697 1.419183 -0.000004 0.000006 -0.253070
    24 1.701014 0.000004 0.000004 0.000000 0.000000 -0.602155
    25 0.994714 -0.000002 -0.000008 0.000000 0.000000 -0.357793
    26 0.021160 0.011093 -0.004108 -3.137926 -0.002080 -0.001153
    27 -0.003428 0.010128 -0.008341 -3.140832 -0.004146 -0.019238
    28 0.004127 0.010881 0.000767 3.138806 -0.003164 -0.013821
    29 1.068074 -1.287202 0.981906 1.925945 -0.499329 -0.437809
    30 1.836308 -0.000001 0.000002 0.074239 -0.172997 -0.593151
    31 1.223949 -0.000002 0.000002 0.027405 -0.026921 -0.598145
    32 -0.012758 0.013269 0.005633 -3.132442 0.011957 -0.016684
    33 0.003252 0.002937 0.004907 3.134101 -0.012025 0.011384
    34 0.017597 0.001415 -0.271330 3.132743 -0.094250 -0.000348
    35 -0.034845 0.015532 -0.006371 -3.119476 -0.012752 0.011827
    36 6.868289 0.000003 0.000003 1.894355 0.030285 0.157876
    37 -6.002364 -0.460211 -0.868646 -0.695749 -0.131805 0.077518
    38 -6.002752 -0.459276 -0.867383 -0.699507 -0.131813 0.077097
    39 -10.921875 -4.957031 -11.492188 -1.570794 0.087264 -1.570796
    40 -0.000001 -0.000002 0.000004 -0.104876 -0.189099 0.141100
    41 10.907397 0.000000 -0.000001 -0.000346 -0.000019 -1.029795
    42 10.424307 0.000001 0.000016 -0.654871 0.160617 0.388910
    43 2.997296 0.000062 1.477484 0.000000 0.104709 -1.038495
    44 1.510386 -0.000002 0.000000 0.000000 0.000000 -1.431972
    45 0.808652 0.000001 -0.000003 -0.087176 0.081579 -1.026208
    46 -0.010181 0.001544 -0.002427 3.133438 0.004938 -0.014530
    47 -0.007761 0.000776 -0.012938 -3.140949 0.009512 -0.002789
    48 -0.003515 0.022163 -0.007593 -3.131007 0.004989 -0.015563
    49 3.305811 0.201132 0.547463 0.097207 -0.050299 -0.854780
    50 1.807181 -0.000005 -0.000002 0.020283 -0.092164 -1.076370
    51 0.966146 0.000000 0.000000 0.000000 0.000000 -1.579499
    52 -0.004041 0.002991 -0.002260 -3.129316 0.007469 -0.002160
    53 -0.016014 -0.012525 -0.005755 -3.127586 -0.003209 -0.007102
    54 -0.010741 -0.015351 -0.005964 -3.141244 -0.014366 0.013993
    55 3.571526 0.110787 -0.409180 -0.010415 -0.147986 -0.662471
    56 2.150658 0.000000 0.000000 0.000000 0.000000 -1.599988
    57 1.152748 0.000002 -0.000001 0.000000 0.000000 -1.038469
    58 -0.009424 0.003368 0.009511 3.138994 -0.007577 -0.001092
    59 -0.009795 0.006993 0.001619 3.137400 -0.006826 0.001062
    60 -0.005070 0.017085 0.007624 3.135509 0.005211 0.001477
    61 3.684113 -0.153569 -1.419744 -0.104602 -0.296378 -0.523741
    62 1.701014 -0.000001 0.000000 0.000000 0.000000 -0.253092
    63 0.994705 -0.000004 0.000000 0.000000 0.000000 -0.436340
    64 0.015236 0.000657 -0.012633 3.136885 0.014164 0.000018
    65 -0.014324 -0.018461 0.000846 -3.134644 0.013210 0.007851
    66 -0.020566 0.000650 -0.004019 -3.126894 -0.002595 -0.013678
    67 1.068097 -1.283652 -0.986552 -1.969146 0.532942 -0.269084
    68 1.836308 -0.000002 0.000001 0.071726 -0.042782 -0.118805
    69 1.223948 0.000001 -0.000002 -0.030976 -0.071336 -0.420800
    70 -0.026768 0.000412 0.021024 -3.135050 0.011560 0.031832
    71 -0.030946 0.015453 0.007155 3.126687 -0.014474 -0.013279
    72 0.024326 0.034636 0.000721 -3.121606 0.015525 0.030344
    73 -0.046000 0.019587 0.021797 3.134639 0.020864 -0.001670
    74 6.694322 0.000002 0.000001 -0.925280 -0.147883 0.063844
    75 -6.579163 -0.452807 0.914976 1.390020 0.137634 0.072730
    76 -6.553783 -0.454803 0.900534 1.387994 0.108045 0.086436
  time 24
    0 -6.036258 -24.784207 -4.142795 0.869930 -0.046959 2.403436
    1 7.820313 -3.039063 -8.804688 -1.082104 0.087263 -1.570797
    2 -0.000001 0.000002 0.000000 -0.020994 -0.098597 0.766843
    3 10.907404 0.000001 -0.000001 0.000000 0.000013 -0.428170
    4 10.424325 -0.000011 -0.000033 2.468668 0.420356 -0.460671
    5 2.997275 0.005409 -1.477475 0.000000 0.000000 -0.471250
    6 1.510384 -0.000004 0.000000 0.000000 0.000000 -0.689434
    7 0.808659 -0.000001 0.000001 -0.000001 -0.000010 -0.654467
    8 -0.005463 0.010882 0.011922 -3.130701 -0.002586 -0.018476
    9 -0.001080 -0.005339 -0.002780 -3.138880 -0.004640 0.012721
    10 -0.019963 -0.004463 0.017139 3.137685 -0.000240 0.002472
    11 3.305800 0.203115 -0.546730 0.000000 0.000000 -0.488706
    12 1.807178 0.000000 -0.000004 -0.000011 0.000009 -0.637058
    13 0.966141 0.000003 -0.000001 0.000000 0.000000 -0.497419
    14 -0.002205 0.006298 0.000417 3.133979 -0.003058 0.005338
    15 0.007872 0.003559 -0.000436 -3.124798 -0.001004 0.009074
    16 0.012690 -0.008244 0.010269 -3.131666 0.016691 0.012264
    17 3.571513 0.109304 0.409580 -0.000005 0.000008 -0.427623
    18 2.150648 0.000002 -0.000003 0.000000 0.000000 -0.663248
    19 1.152746 -0.000003 0.000003 0.000000 0.000000 -0.523596
    20 0.000419 0.016150 0.002405 3.136320 -0.007304 -0.003105
    21 0.001816 -0.009672 -0.007393 3.139013 -0.008631 -0.008588
    22 -0.003752 -0.011593 -0.001195 3.133090 0.002976 0.014444
    23 3.684098 -0.158697 1.419183 -0.000004 0.000006 -0.253070
    24 1.701014 0.000004 0.000004 0.000000 0.000000 -0.602155
    25 0.994714 -0.000002 -0.000008 0.000000 0.000000 -0.357793
    26 0.021160 0.011093 -0.004108 -3.137926 -0.002080 -0.001153
    27 -0.003428 0.010128 -0.008341 -3.140832 -0.004146 -0.019238
    28 0.004127 0.010881 0.000767 3.138806 -0.003164 -0.013821
    29 1.068074 -1.287202 0.981906 1.925945 -0.499329 -0.437809
    30 1.836308 -0.000001 0.000002 0.074239 -0.172997 -0.593151
    31 1.223949 -0.000002 0.000002 0.027405 -0.026921 -0.598145
    32 -0.012758 0.013269 0.005633 -3.132442 0.011957 -0.016684
    33 0.003252 0.002937 0.004907 3.134101 -0.012025 0.011384
    34 0.017597 0.001415 -0.271330 3.132743 -0.094250 -0.000348
    35 -0.034845 0.015532 -0.006371 -3.119476 -0.012752 0.011827
    36 6.868289 0.000003 0.000003 1.894355 0.030285 0.157876
    37 -6.002364 -0.460211 -0.868646 -0.695749 -0.131805 0.077518
    38 -6.002752 -0.459276 -0.867383 -0.699507 -0.131813 0.077097
    39 -10.921875 -4.957031 -11.492188 -1.570794 0.087264 -1.570796
    40 -0.000001 -0.000002 0.000004 -0.104876 -0.189284 0.139931
    41 10.907397 0.000000 -0.000001 -0.000346 -0.000019 -1.028885
    42 10.424307 0.000001 0.000016 -0.654871 0.160804 0.389257
    43 2.997296 0.000062 1.477484 0.000000 0.104709 -1.038495
    44 1.510386 -0.000002 0.000000 0.000000 0.000000 -1.426986
    45 0.808652 0.000001 -0.000003 -0.087176 0.081579 -1.026208
    46 -0.010181 0.001544 -0.002427 3.133438 0.004938 -0.014530
    47 -0.007761 0.000776 -0.012938 -3.140949 0.009512 -0.002789
    48 -0.003515 0.022163 -0.007593 -3.131007 0.004989 -0.015563
    49 3.305811 0.201132 0.547463 0.097207 -0.050299 -0.854780
    50 1.807181 -0.000005 -0.000002 0.020283 -0.092164 -1.076370
    51 0.966146 0.000000 0.000000 0.000000 0.000000 -1.579499
    52 -0.004041 0.002991 -0.002260 -3.129316 0.007469 -0.002160
    53 -0.016014 -0.012525 -0.005755 -3.127586 -0.003209 -0.007102
    54 -0.010741 -0.015351 -0.005964 -3.141244 -0.014366 0.013993
    55 3.571526 0.110787 -0.409180 -0.010415 -0.147986 -0.662471
    56 2.150658 0.000000 0.000000 0.000000 0.000000 -1.598251
    57 1.152748 0.000002 -0.000001 0.000000 0.000000 -1.038469
    58 -0.009424 0.003368 0.009511 3.138994 -0.007577 -0.001092
    59 -0.009795 0.006993 0.001619 3.137400 -0.006826 0.001062
    60 -0.005070 0.017085 0.007624 3.135509 0.005211 0.001477
    61 3.684113 -0.153569 -1.419744 -0.103571 -0.293011 -0.527883
    62 1.701014 -0.000001 0.000000 0.000000 0.000000 -0.253092
    63 0.994705 -0.000004 0.000000 0.000000 0.000000 -0.436340
    64 0.015236 0.000657 -0.012633 3.136885 0.014164 0.000018
    65 -0.014324 -0.018461 0.000846 -3.134644 0.013210 0.007851
    66 -0.020566 0.000650 -0.004019 -3.126894 -0.002595 -0.013678
    67 1.068097 -1.283652 -0.986552 -1.966055 0.535136 -0.262996
    68 1.836308 -0.000002 0.000001 0.071726 -0.042782 -0.118805
    69 1.223948 0.000001 -0.000002 -0.030976 -0.071336 -0.420800
    70 -0.026768 0.000412 0.021024 -3.135050 0.011560 0.031832
    71 -0.030946 0.015453 0.007155 3.126687 -0.014474 -0.013279
    72 0.024326 0.034636 0.000721 -3.121606 0.015525 0.030344
    73 -0.046000 0.019587 0.021797 3.134639 0.020864 -0.001670
    74 6.694322 0.000002 0.000001 -0.925280 -0.147883 0.063832
    75 -6.579163 -0.452807 0.914976 1.390020 0.137634 0.072730
    76 -6.553783 -0.454803 0.900534 1.387994 0.108045 0.086436
  time 25
    0 -6.032351 -24.784207 -4.138889 0.869554 -0.039217 2.412635
    1 7.820313 -3.039063 -8.804688 -1.082104 0.087263 -1.570797
    2 -0.000001 0.000002 0.000000 -0.020994 -0.098597 0.766843
    3 10.907404 0.000001 -0.000001 0.000000 0.000013 -0.428170
    4 10.424325 -0.000011 -0.000033 2.468668 0.420356 -0.460671
    5 2.997275 0.005409 -1.477475 0.000000 0.000000 -0.471250
    6 1.510384 -0.000004 0.000000 0.000000 0.000000 -0.689434
    7 0.808659 -0.000001 0.000001 -0.000001 -0.000010 -0.654467
    8 -0.005463 0.010882 0.011922 -3.130701 -0.002586 -0.018476
    9 -0.001080 -0.005339 -0.002780 -3.138880 -0.004640 0.012721
    10 -0.019963 -0.004463 0.017139 3.137685 -0.000240 0.002472
    11 3.305800 0.203115 -0.546730 0.000000 0.000000 -0.488706
    12 1.807178 0.000000 -0.000004 -0.000011 0.000009 -0.637058
    13 0.966141 0.000003 -0.000001 0.000000 0.000000 -0.497419
    14 -0.002205 0.006298 0.000417 3.133979 -0.003058 0.005338
    15 0.007872 0.003559 -0.000436 -3.124798 -0.001004 0.009074
    16 0.012690 -0.008244 0.010269 -3.131666 0.016691 0.012264
    17 3.571513 0.109304 0.409580 -0.000005 0.000008 -0.427623
    18 2.150648 0.000002 -0.000003 0.000000 0.000000 -0.663248
    19 1.152746 -0.000003 0.000003 0.000000 0.000000 -0.523596
    20 0.000419 0.016150 0.002405 3.136320 -0.007304 -0.003105
    21 0.001816 -0.009672 -0.007393 3.139013 -0.008631 -0.008588
    22 -0.003752 -0.011593 -0.001195 3.133090 0.002976 0.014444
    23 3.684098 -0.158697 1.419183 -0.000004 0.000006 -0.253070
    24 1.701014 0.000004 0.000004 0.000000 0.000000 -0.602155
    25 0.994714 -0.000002 -0.000008 0.000000 0.000000 -0.357793
    26 0.021160 0.011093 -0.004108 -3.137926 -0.002080 -0.001153
    27 -0.003428 0.010128 -0.008341 -3.140832 -0.004146 -0.019238
    28 0.004127 0.010881 0.000767 3.138806 -0.003164 -0.013821
    29 1.068074 -1.287202 0.981906 1.925945 -0.499329 -0.437809
    30 1.836308 -0.000001 0.000002 0.074239 -0.172997 -0.593151
    31 1.223949 -0.000002 0.000002 0.027405 -0.026921 -0.598145
    32 -0.012758 0.013269 0.005633 -3.132442 0.011957 -0.016684
    33 0.003252 0.002937 0.004907 3.134101 -0.012025 0.011384
    34 0.017597 0.001415 -0.271330 3.132743 -0.094250 -0.000348
    35 -0.034845 0.015532 -0.006371 -3.119476 -0.012752 0.011827
    36 6.868289 0.000003 0.000003 1.894355 0.030285 0.157876
    37 -6.002364 -0.460211 -0.868646 -0.695749 -0.131805 0.077518
    38 -6.002752 -0.459276 -0.867383 -0.699507 -0.131813 0.077097
    39 -10.921875 -4.957031 -11.492188 -1.570794 0.087264 -1.570796
    40 -0.000001 -0.000002 0.000004 -0.104876 -0.189358 0.139481
    41 10.907397 0.000000 -0.000001 -0.000346 -0.000019 -1.028534
    42 10.424307 0.000001 0.000016 -0.654871 0.160879 0.389344
    43 2.997296 0.000062 1.477484 0.000000 0.104709 -1.038495
    44 1.510386 -0.000002 0.000000 0.000000 0.000000 -1.423663
    45 0.808652 0.000001 -0.000003 -0.087176 0.081579 -1.026208
    46 -0.010181 0.001544 -0.002427 3.133438 0.004938 -0.014530
    47 -0.007761 0.000776 -0.012938 -3.140949 0.009512 -0.002789
    48 -0.003515 0.022163 -0.007593 -3.131007 0.004989 -0.015563
    49 3.305811 0.201132 0.547463 0.097207 -0.050299 -0.854780
    50 1.807181 -0.000005 -0.000002 0.020283 -0.092164 -1.076370
    51 0.966146 0.000000 0.000000 0.000000 0.000000 -1.579499
    52 -0.004041 0.002991 -0.002260 -3.129316 0.007469 -0.002160
    53 -0.016014 -0.012525 -0.005755 -3.127586 -0.003209 -0.007102
    54 -0.010741 -0.015351 -0.005964 -3.141244 -0.014366 0.013993
    55 3.571526 0.110787 -0.409180 -0.010415 -0.147986 -0.662471
    56 2.150658 0.000000 0.000000 0.000000 0.000000 -1.597296
    57 1.152748 0.000002 -0.000001 0.000000 0.000000 -1.038469
    58 -0.009424 0.003368 0.009511 3.138994 -0.007577 -0.001092
    59 -0.009795 0.006993 0.001619 3.137400 -0.006826 0.001062
    60 -0.005070 0.017085 0.007624 3.135509 0.005211 0.001477
    61 3.684113 -0.153569 -1.419744 -0.102672 -0.289391 -0.531472
    62 1.701014 -0.000001 0.000000 0.000000 0.000000 -0.253092
    63 0.994705 -0.000004 0.000000 0.000000 0.000000 -0.436340
    64 0.015236 0.000657 -0.012633 3.136885 0.014164 0.000018
    65 -0.014324 -0.018461 0.000846 -3.134644 0.013210 0.007851
    66 -0.020566 0.000650 -0.004019 -3.126894 -0.002595 -0.013678
    67 1.068097 -1.283652 -0.986552 -1.963094 0.537209 -0.257208
    68 1.836308 -0.000002 0.000001 0.071726 -0.042782 -0.118805
    69 1.223948 0.000001 -0.000002 -0.030976 -0.071336 -0.420800
    70 -0.026768 0.000412 0.021024 -3.135050 0.011560 0.031832
    71 -0.030946 0.015453 0.007155 3.126687 -0.014474 -0.013279
    72 0.024326 0.034636 0.000721 -3.121606 0.015525 0.030344
    73 -0.046000 0.019587 0.021797 3.134639 0.020864 -0.001670
    74 6.694322 0.000002 0.000001 -0.925326 -0.147883 0.063844
    75 -6.579163 -0.452807 0.914976 1.390020 0.137634 0.072730
    76 -6.553783 -0.454803 0.900534 1.387994 0.108045 0.086436
  time 26
    0 -6.032351 -24.784207 -4.138889 0.869367 -0.031750 2.421549
    1 7.820313 -3.039063 -8.804688 -1.082104 0.087263 -1.570797
    2 -0.000001 0.000002 0.000000 -0.020994 -0.098597 0.766843
    3 10.907404 0.000001 -0.000001 0.000000 0.000013 -0.428170
    4 10.424325 -0.000011 -0.000033 2.468668 0.420356 -0.460671
    5 2.997275 0.005409 -1.477475 0.000000 0.000000 -0.471250
    6 1.510384 -0.000004 0.000000 0.000000 0.000000 -0.689434
    7 0.808659 -0.000001 0.000001 -0.000001 -0.000010 -0.654467
    8 -0.005463 0.010882 0.011922 -3.130701 -0.002586 -0.018476
    9 -0.001080 -0.005339 -0.002780 -3.138880 -0.004640 0.012721
    10 -0.019963 -0.004463 0.017139 3.137685 -0.000240 0.002472
    11 3.305800 0.203115 -0.546730 0.000000 0.000000 -0.488706
    12 1.807178 0.000000 -0.000004 -0.000011 0.000009 -0.637058
    13 0.966141 0.000003 -0.000001 0.000000 0.000000 -0.497419
    14 -0.002205 0.006298 0.000417 3.133979 -0.003058 0.005338
    15 0.007872 0.003559 -0.000436 -3.124798 -0.001004 0.009074
    16 0.012690 -0.008244 0.010269 -3.131666 0.016691 0.012264
    17 3.571513 0.109304 0.409580 -0.000005 0.000008 -0.427623
    18 2.150648 0.000002 -0.000003 0.000000 0.000000 -0.663248
    19 1.152746 -0.000003 0.000003 0.000000 0.000000 -0.523596
    20 0.000419 0.016150 0.002405 3.136320 -0.007304 -0.003105
    21 0.001816 -0.009672 -0.007393 3.139013 -0.008631 -0.008588
    22 -0.003752 -0.011593 -0.001195 3.133090 0.002976 0.014444
    23 3.684098 -0.158697 1.419183 -0.000004 0.000006 -0.253070
    24 1.701014 0.000004 0.000004 0.000000 0.000000 -0.602155
    25 0.994714 -0.000002 -0.000008 0.000000 0.000000 -0.357793
    26 0.021160 0.011093 -0.004108 -3.137926 -0.002080 -0.001153
    27 -0.003428 0.010128 -0.008341 -3.140832 -0.004146 -0.019238
    28 0.004127 0.010881 0.000767 3.138806 -0.003164 -0.013821
    29 1.068074 -1.287202 0.981906 1.925945 -0.499329 -0.437809
    30 1.836308 -0.000001 0.000002 0.074239 -0.172997 -0.593151
    31 1.223949 -0.000002 0.000002 0.027405 -0.026921 -0.598145
    32 -0.012758 0.013269 0.005633 -3.132442 0.011957 -0.016684
    33 0.003252 0.002937 0.004907 3.134101 -0.012025 0.011384
    34 0.017597 0.001415 -0.271330 3.132743 -0.094250 -0.000348
    35 -0.034845 0.015532 -0.006371 -3.119476 -0.012752 0.011827
    36 6.868289 0.000003 0.000003 1.894355 0.030285 0.157876
    37 -6.002364 -0.460211 -0.868646 -0.695749 -0.131805 0.077518
    38 -6.002752 -0.459276 -0.867383 -0.699507 -0.131813 0.077097
    39 -10.921875 -4.957031 -11.492188 -1.570794 0.087264 -1.570796
    40 -0.000001 -0.000002 0.000004 -0.104876 -0.189358 0.139392
    41 10.907397 0.000000 -0.000001 -0.000346 -0.000019 -1.028499
    42 10.424307 0.000001 0.000016 -0.655020 0.160917 0.389344
    43 2.997296 0.000062 1.477484 0.000000 0.104709 -1.038495
    44 1.510386 -0.000002 0.000000 0.000000 0.000000 -1.422416
    45 0.808652 0.000001 -0.000003 -0.087176 0.081579 -1.026208
    46 -0.010181 0.001544 -0.002427 3.133438 0.004938 -0.014530
    47 -0.007761 0.000776 -0.012938 -3.140949 0.009512 -0.002789
    48 -0.003515 0.022163 -0.007593 -3.131007 0.004989 -0.015563
    49 3.305811 0.201132 0.547463 0.097207 -0.050299 -0.854780
    50 1.807181 -0.000005 -0.000002 0.020283 -0.092164 -1.076370
    51 0.966146 0.000000 0.000000 0.000000 0.000000 -1.579523
    52 -0.004041 0.002991 -0.002260 -3.129316 0.007469 -0.002160
    53 -0.016014 -0.012525 -0.005755 -3.127586 -0.003209 -0.007102
    54 -0.010741 -0.015351 -0.005964 -3.141244 -0.014366 0.013993
    55 3.571526 0.110787 -0.409180 -0.010415 -0.147986 -0.662471
    56 2.150658 0.000000 0.000000 0.000000 0.000000 -1.596992
    57 1.152748 0.000002 -0.000001 0.000000 0.000000 -1.038469
    58 -0.009424 0.003368 0.009511 3.138994 -0.007577 -0.001092
    59 -0.009795 0.006993 0.001619 3.137400 -0.006826 0.001062
    60 -0.005070 0.017085 0.007624 3.135509 0.005211 0.001477
    61 3.684113 -0.153569 -1.419744 -0.101893 -0.285604 -0.534568
    62 1.701014 -0.000001 0.000000 0.000000 0.000000 -0.253092
    63 0.994705 -0.000004 0.000000 0.000000 0.000000 -0.436340
    64 0.015236 0.000657 -0.012633 3.136885 0.014164 0.000018
    65 -0.014324 -0.018461 0.000846 -3.134644 0.013210 0.007851
    66 -0.020566 0.000650 -0.004019 -3.126894 -0.002595 -0.013678
    67 1.068097 -1.283652 -0.986552 -1.960301 0.539150 -0.251755
    68 1.836308 -0.000002 0.000001 0.071726 -0.042782 -0.118805
    69 1.223948 0.000001 -0.000002 -0.030976 -0.071336 -0.420800
    70 -0.026768 0.000412 0.021024 -3.135050 0.011560 0.031832
    71 -0.030946 0.015453 0.007155 3.126687 -0.014474 -0.013279
    72 0.024326 0.034636 0.000721 -3.121606 0.015525 0.030344
    73 -0.046000 0.019587 0.021797 3.134639 0.020864 -0.001670
    74 6.694322 0.000002 0.000001 -0.925372 -0.147883 0.063844
    75 -6.579163 -0.452807 0.914976 1.390020 0.137634 0.072730
    76 -6.553783 -0.454803 0.900534 1.387994 0.108045 0.086436
  time 27
    0 -6.036258 -24.784207 -4.138889 0.869179 -0.024650 2.430180
    1 7.820313 -3.039063 -8.804688 -1.082104 0.087263 -1.570797
    2 -0.000001 0.000002 0.000000 -0.020994 -0.098597 0.766843
    3 10.907404 0.000001 -0.000001 0.000000 0.000013 -0.428170
    4 10.424325 -0.000011 -0.000033 2.468668 0.420356 -0.460671
    5 2.997275 0.005409 -1.477475 0.000000 0.000000 -0.471250
    6 1.510384 -0.000004 0.000000 0.000000 0.000000 -0.689434
    7 0.808659 -0.000001 0.000001 -0.000001 -0.000010 -0.654467
    8 -0.005463 0.010882 0.011922 -3.130701 -0.002586 -0.018476
    9 -0.001080 -0.005339 -0.002780 -3.138880 -0.004640 0.012721
    10 -0.019963 -0.004463 0.017139 3.137685 -0.000240 0.002472
    11 3.305800 0.203115 -0.546730 0.000000 0.000000 -0.488706
    12 1.807178 0.000000 -0.000004 -0.000011 0.000009 -0.637058
    13 0.966141 0.000003 -0.000001 0.000000 0.000000 -0.497419
    14 -0.002205 0.006298 0.000417 3.133979 -0.003058 0.005338
    15 0.007872 0.003559 -0.000436 -3.124798 -0.001004 0.009074
    16 0.012690 -0.008244 0.010269 -3.131666 0.016691 0.012264
    17 3.571513 0.109304 0.409580 -0.000005 0.000008 -0.427623
    18 2.150648 0.000002 -0.000003 0.000000 0.000000 -0.663248
    19 1.152746 -0.000003 0.000003 0.000000 0.000000 -0.523596
    20 0.000419 0.016150 0.002405 3.136320 -0.007304 -0.003105
    21 0.001816 -0.009672 -0.007393 3.139013 -0.008631 -0.008588
    22 -0.003752 -0.011593 -0.001195 3.133090 0.002976 0.014444
    23 3.684098 -0.158697 1.419183 -0.000004 0.000006 -0.253070
    24 1.701014 0.000004 0.000004 0.000000 0.000000 -0.602155
    25 0.994714 -0.000002 -0.000008 0.000000 0.000000 -0.357793
    26 0.021160 0.011093 -0.004108 -3.137926 -0.002080 -0.001153
    27 -0.003428 0.010128 -0.008341 -3.140832 -0.004146 -0.019238
    28 0.004127 0.010881 0.000767 3.138806 -0.003164 -0.013821
    29 1.068074 -1.287202 0.981906 1.925945 -0.499329 -0.437809
    30 1.836308 -0.000001 0.000002 0.074239 -0.172997 -0.593151
    31 1.223949 -0.000002 0.000002 0.027405 -0.026921 -0.598145
    32 -0.012758 0.013269 0.005633 -3.132442 0.011957 -0.016684
    33 0.003252 0.002937 0.004907 3.134101 -0.012025 0.011384
    34 0.017597 0.001415 -0.271330 3.132743 -0.094250 -0.000348
    35 -0.034845 0.015532 -0.006371 -3.119476 -0.012752 0.011827
    36 6.868289 0.000003 0.000003 1.894355 0.030285 0.157876
    37 -6.002364 -0.460211 -0.868646 -0.695749 -0.131805 0.077518
    38 -6.002752 -0.459276 -0.867383 -0.699507 -0.131813 0.077097
    39 -10.921875 -4.957031 -11.492188 -1.570794 0.087264 -1.570796
    40 -0.000001 -0.000002 0.000004 -0.104844 -0.189247 0.139661
    41 10.907397 0.000000 -0.000001 -0.000346 -0.000019 -1.028780
    42 10.424307 0.000001 0.000016 -0.655170 0.160767 0.389344
    43 2.997296 0.000062 1.477484 0.000000 0.104709 -1.038495
    44 1.510386 -0.000002 0.000000 0.000000 0.000000 -1.422416
    45 0.808652 0.000001 -0.000003 -0.087176 0.081579 -1.026208
    46 -0.010181 0.001544 -0.002427 3.133438 0.004938 -0.014530
    47 -0.007761 0.000776 -0.012938 -3.140949 0.009512 -0.002789
    48 -0.003515 0.022163 -0.007593 -3.131007 0.004989 -0.015563
    49 3.305811 0.201132 0.547463 0.097207 -0.050299 -0.854780
    50 1.807181 -0.000005 -0.000002 0.020283 -0.092164 -1.076370
    51 0.966146 0.000000 0.000000 0.000000 0.000000 -1.579499
    52 -0.004041 0.002991 -0.002260 -3.129316 0.007469 -0.002160
    53 -0.016014 -0.012525 -0.005755 -3.127586 -0.003209 -0.007102
    54 -0.010741 -0.015351 -0.005964 -3.141244 -0.014366 0.013993
    55 3.571526 0.110787 -0.409180 -0.010415 -0.147986 -0.662471
    56 2.150658 0.000000 0.000000 0.000000 0.000000 -1.596992
    57 1.152748 0.000002 -0.000001 0.000000 0.000000 -1.038469
    58 -0.009424 0.003368 0.009511 3.138994 -0.007577 -0.001092
    59 -0.009795 0.006993 0.001619 3.137400 -0.006826 0.001062
    60 -0.005070 0.017085 0.007624 3.135509 0.005211 0.001477
    61 3.684113 -0.153569 -1.419744 -0.101246 -0.281697 -0.537172
    62 1.701014 -0.000001 0.000000 0.000000 0.000000 -0.253092
    63 0.994705 -0.000004 0.000000 0.000000 0.000000 -0.436340
    64 0.015236 0.000657 -0.012633 3.136885 0.014164 0.000018
    65 -0.014324 -0.018461 0.000846 -3.134644 0.013210 0.007851
    66 -0.020566 0.000650 -0.004019 -3.126894 -0.002595 -0.013678
    67 1.068097 -1.283652 -0.986552 -1.957665 0.540948 -0.246637
    68 1.836308 -0.000002 0.000001 0.071726 -0.042782 -0.118805
    69 1.223948 0.000001 -0.000002 -0.030976 -0.071336 -0.420800
    70 -0.026768 0.000412 0.021024 -3.135050 0.011560 0.031832
    71 -0.030946 0.015453 0.007155 3.126687 -0.014474 -0.013279
    72 0.024326 0.034636 0.000721 -3.121606 0.015525 0.030344
    73 -0.046000 0.019587 0.021797 3.134639 0.020864 -0.001670
    74 6.694322 0.000002 0.000001 -0.925418 -0.147883 0.063856
    75 -6.579163 -0.452807 0.914976 1.390020 0.137634 0.072730
    76 -6.553783 -0.454803 0.900534 1.387994 0.108045 0.086436
  time 28
    0 -6.044071 -24.784207 -4.150608 0.869085 -0.017962 2.438430
    1 7.820313 -3.039063 -8.804688 -1.082104 0.087263 -1.570797
    2 -0.000001 0.000002 0.000000 -0.020994 -0.098597 0.766843
    3 10.907404 0.000001 -0.000001 0.000000 0.000013 -0.428170
    4 10.424325 -0.000011 -0.000033 2.468668 0.420356 -0.460671
    5 2.997275 0.005409 -1.477475 0.000000 0.000000 -0.471250
    6 1.510384 -0.000004 0.000000 0.000000 0.000000 -0.689434
    7 0.808659 -0.000001 0.000001 -0.000001 -0.000010 -0.654467
    8 -0.005463 0.010882 0.011922 -3.130701 -0.002586 -0.018476
    9 -0.001080 -0.005339 -0.002780 -3.138880 -0.004640 0.012721
    10 -0.019963 -0.004463 0.017139 3.137685 -0.000240 0.002472
    11 3.305800 0.203115 -0.546730 0.000000 0.000000 -0.488706
    12 1.807178 0.000000 -0.000004 -0.000011 0.000009 -0.637058
    13 0.966141 0.000003 -0.000001 0.000000 0.000000 -0.497419
    14 -0.002205 0.006298 0.000417 3.133979 -0.003058 0.005338
    15 0.007872 0.003559 -0.000436 -3.124798 -0.001004 0.009074
    16 0.012690 -0.008244 0.010269 -3.131666 0.016691 0.012264
    17 3.571513 0.109304 0.409580 -0.000005 0.000008 -0.427623
    18 2.150648 0.000002 -0.000003 0.000000 0.000000 -0.663248
    19 1.152746 -0.000003 0.000003 0.000000 0.000000 -0.523596
    20 0.000419 0.016150 0.002405 3.136320 -0.007304 -0.003105
    21 0.001816 -0.009672 -0.007393 3.139013 -0.008631 -0.008588
    22 -0.003752 -0.011593 -0.001195 3.133090 0.002976 0.014444
    23 3.684098 -0.158697 1.419183 -0.000004 0.000006 -0.253070
    24 1.701014 0.000004 0.000004 0.000000 0.000000 -0.602155
    25 0.994714 -0.000002 -0.000008 0.000000 0.000000 -0.357793
    26 0.021160 0.011093 -0.004108 -3.137926 -0.002080 -0.001153
    27 -0.003428 0.010128 -0.008341 -3.140832 -0.004146 -0.019238
    28 0.004127 0.010881 0.000767 3.138806 -0.003164 -0.013821
    29 1.068074 -1.287202 0.981906 1.925945 -0.499329 -0.437809
    30 1.836308 -0.000001 0.000002 0.074239 -0.172997 -0.593151
    31 1.223949 -0.000002 0.000002 0.027405 -0.026921 -0.598145
    32 -0.012758 0.013269 0.005633 -3.132442 0.011957 -0.016684
    33 0.003252 0.002937 0.004907 3.134101 -0.012025 0.011384
    34 0.017597 0.001415 -0.271330 3.132743 -0.094250 -0.000348
    35 -0.034845 0.015532 -0.006371 -3.119476 -0.012752 0.011827
    36 6.868289 0.000003 0.000003 1.894355 0.030285 0.157876
    37 -6.002364 -0.460211 -0.868646 -0.695749 -0.131805 0.077518
    38 -6.002752 -0.459276 -0.867383 -0.699507 -0.131813 0.077097
    39 -10.921875 -4.957031 -11.492188 -1.570794 0.087264 -1.570796
    40 -0.000001 -0.000002 0.000004 -0.104749 -0.188876 0.140560
    41 10.907397 0.000000 -0.000001 -0.000346 -0.000019 -1.029585
    42 10.424307 0.000001 0.000016 -0.655394 0.160393 0.389257
    43 2.997296 0.000062 1.477484 0.000000 0.104709 -1.038495
    44 1.510386 -0.000002 0.000000 0.000000 0.000000 -1.422416
    45 0.808652 0.000001 -0.000003 -0.087176 0.081579 -1.026208
    46 -0.010181 0.001544 -0.002427 3.133438 0.004938 -0.014530
    47 -0.007761 0.000776 -0.012938 -3.140949 0.009512 -0.002789
    48 -0.003515 0.022163 -0.007593 -3.131007 0.004989 -0.015563
    49 3.305811 0.201132 0.547463 0.097207 -0.050299 -0.854780
    50 1.807181 -0.000005 -0.000002 0.020283 -0.092164 -1.076370
    51 0.966146 0.000000 0.000000 0.000000 0.000000 -1.579499
    52 -0.004041 0.002991 -0.002260 -3.129316 0.007469 -0.002160
    53 -0.016014 -0.012525 -0.005755 -3.127586 -0.003209 -0.007102
    54 -0.010741 -0.015351 -0.005964 -3.141244 -0.014366 0.013993
    55 3.571526 0.110787 -0.409180 -0.010415 -0.147986 -0.662471
    56 2.150658 0.000000 0.000000 0.000000 0.000000 -1.596992
    57 1.152748 0.000002 -0.000001 0.000000 0.000000 -1.038469
    58 -0.009424 0.003368 0.009511 3.138994 -0.007577 -0.001092
    59 -0.009795 0.006993 0.001619 3.137400 -0.006826 0.001062
    60 -0.005070 0.017085 0.007624 3.135509 0.005211 0.001477
    61 3.684113 -0.153569 -1.419744 -0.100695 -0.277766 -0.539346
    62 1.701014 -0.000001 0.000000 0.000000 0.000000 -0.253092
    63 0.994705 -0.000004 0.000000 0.000000 0.000000 -0.436340
    64 0.015236 0.000657 -0.012633 3.136885 0.014164 0.000018
    65 -0.014324 -0.018461 0.000846 -3.134644 0.013210 0.007851
    66 -0.020566 0.000650 -0.004019 -3.126894 -0.002595 -0.013678
    67 1.068097 -1.283652 -0.986552 -1.955210 0.542602 -0.241879
    68 1.836308 -0.000002 0.000001 0.071726 -0.042782 -0.118805
    69 1.223948 0.000001 -0.000002 -0.030976 -0.071336 -0.420800
    70 -0.026768 0.000412 0.021024 -3.135050 0.011560 0.031832
    71 -0.030946 0.015453 0.007155 3.126687 -0.014474 -0.013279
    72 0.024326 0.034636 0.000721 -3.121606 0.015525 0.030344
    73 -0.046000 0.019587 0.021797 3.134639 0.020864 -0.001670
    74 6.694322 0.000002 0.000001 -0.925509 -0.147871 0.063868
    75 -6.579163 -0.452807 0.914976 1.390020 0.137634 0.072730
    76 -6.553783 -0.454803 0.900534 1.387994 0.108045 0.086436
  time 29
    0 -6.055790 -24.784207 -4.166233 0.868991 -0.011731 2.446302
    1 7.820313 -3.039063 -8.804688 -1.082104 0.087263 -1.570797
    2 -0.000001 0.000002 0.000000 -0.020994 -0.098597 0.766843
    3 10.907404 0.000001 -0.000001 0.000000 0.000013 -0.428170
    4 10.424325 -0.000011 -0.000033 2.468668 0.420356 -0.460671
    5 2.997275 0.005409 -1.477475 0.000000 0.000000 -0.471250
    6 1.510384 -0.000004 0.000000 0.000000 0.000000 -0.689434
    7 0.808659 -0.000001 0.000001 -0.000001 -0.000010 -0.654467
    8 -0.005463 0.010882 0.011922 -3.130701 -0.002586 -0.018476
    9 -0.001080 -0.005339 -0.002780 -3.138880 -0.004640 0.012721
    10 -0.019963 -0.004463 0.017139 3.137685 -0.000240 0.002472
    11 3.305800 0.203115 -0.546730 0.000000 0.000000 -0.488706
    12 1.807178 0.000000 -0.000004 -0.000011 0.000009 -0.637058
    13 0.966141 0.000003 -0.000001 0.000000 0.000000 -0.497419
    14 -0.002205 0.006298 0.000417 3.133979 -0.003058 0.005338
    15 0.007872 0.003559 -0.000436 -3.124798 -0.001004 0.009074
    16 0.012690 -0.008244 0.010269 -3.131666 0.016691 0.012264
    17 3.571513 0.109304 0.409580 -0.000005 0.000008 -0.427623
    18 2.150648 0.000002 -0.000003 0.000000 0.000000 -0.663248
    19 1.152746 -0.000003 0.000003 0.000000 0.000000 -0.523596
    20 0.000419 0.016150 0.002405 3.136320 -0.007304 -0.003105
    21 0.001816 -0.009672 -0.007393 3.139013 -0.008631 -0.008588
    22 -0.003752 -0.011593 -0.001195 3.133090 0.002976 0.014444
    23 3.684098 -0.158697 1.419183 -0.000004 0.000006 -0.253070
    24 1.701014 0.000004 0.000004 0.000000 0.000000 -0.602155
    25 0.994714 -0.000002 -0.000008 0.000000 0.000000 -0.357793
    26 0.021160 0.011093 -0.004108 -3.137926 -0.002080 -0.001153
    27 -0.003428 0.010128 -0.008341 -3.140832 -0.004146 -0.019238
    28 0.004127 0.010881 0.000767 3.138806 -0.003164 -0.013821
    29 1.068074 -1.287202 0.981906 1.925945 -0.499329 -0.437809
    30 1.836308 -0.000001 0.000002 0.074239 -0.172997 -0.593151
    31 1.223949 -0.000002 0.000002 0.027405 -0.026921 -0.598145
    32 -0.012758 0.013269 0.005633 -3.132442 0.011957 -0.016684
    33 0.003252 0.002937 0.004907 3.134101 -0.012025 0.011384
    34 0.017597 0.001415 -0.271330 3.132743 -0.094250 -0.000348
    35 -0.034845 0.015532 -0.006371 -3.119476 -0.012752 0.011827
    36 6.868289 0.000003 0.000003 1.894355 0.030285 0.157876
    37 -6.002364 -0.460211 -0.868646 -0.695749 -0.131805 0.077518
    38 -6.002752 -0.459276 -0.867383 -0.699507 -0.131813 0.077097
    39 -10.921875 -4.957031 -11.492188 -1.570794 0.087264 -1.570796
    40 -0.000001 -0.000002 0.000004 -0.104558 -0.188321 0.141819
    41 10.907397 0.000000 -0.000001 -0.000346 -0.000019 -1.030775
    42 10.424307 0.000001 0.000016 -0.655768 0.159795 0.389083
    43 2.997296 0.000062 1.477484 0.000000 0.104709 -1.038495
    44 1.510386 -0.000002 0.000000 0.000000 0.000000 -1.422416
    45 0.808652 0.000001 -0.000003 -0.087176 0.081579 -1.026208
    46 -0.010181 0.001544 -0.002427 3.133438 0.004938 -0.014530
    47 -0.007761 0.000776 -0.012938 -3.140949 0.009512 -0.002789
    48 -0.003515 0.022163 -0.007593 -3.131007 0.004989 -0.015563
    49 3.305811 0.201132 0.547463 0.097207 -0.050299 -0.854780
    50 1.807181 -0.000005 -0.000002 0.020283 -0.092164 -1.076370
    51 0.966146 0.000000 0.000000 0.000000 0.000000 -1.579499
    52 -0.004041 0.002991 -0.002260 -3.129316 0.007469 -0.002160
    53 -0.016014 -0.012525 -0.005755 -3.127586 -0.003209 -0.007102
    54 -0.010741 -0.015351 -0.005964 -3.141244 -0.014366 0.013993
    55 3.571526 0.110787 -0.409180 -0.010415 -0.147986 -0.662471
    56 2.150658 0.000000 0.000000 0.000000 0.000000 -1.596992
    57 1.152748 0.000002 -0.000001 0.000000 0.000000 -1.038469
    58 -0.009424 0.003368 0.009511 3.138994 -0.007577 -0.001092
    59 -0.009795 0.006993 0.001619 3.137400 -0.006826 0.001062
    60 -0.005070 0.017085 0.007624 3.135509 0.005211 0.001477
    61 3.684113 -0.153569 -1.419744 -0.100251 -0.273859 -0.541130
    62 1.701014 -0.000001 0.000000 0.000000 0.000000 -0.253092
    63 0.994705 -0.000004 0.000000 0.000000 0.000000 -0.436340
    64 0.015236 0.000657 -0.012633 3.136885 0.014164 0.000018
    65 -0.014324 -0.018461 0.000846 -3.134644 0.013210 0.007851
    66 -0.020566 0.000650 -0.004019 -3.126894 -0.002595 -0.013678
    67 1.068097 -1.283652 -0.986552 -1.952950 0.544112 -0.237493
    68 1.836308 -0.000002 0.000001 0.071726 -0.042782 -0.118805
    69 1.223948 0.000001 -0.000002 -0.030976 -0.071336 -0.420800
    70 -0.026768 0.000412 0.021024 -3.135050 0.011560 0.031832
    71 -0.030946 0.015453 0.007155 3.126687 -0.014474 -0.013279
    72 0.024326 0.034636 0.000721 -3.121606 0.015525 0.030344
    73 -0.046000 0.019587 0.021797 3.134639 0.020864 -0.001670
    74 6.694322 0.000002 0.000001 -0.925555 -0.147871 0.063880
    75 -6.579163 -0.452807 0.914976 1.390020 0.137634 0.072730
    76 -6.553783 -0.454803 0.900534 1.387994 0.108045 0.086436
  time 30
    0 -6.067509 -24.784207 -4.181859 0.869085 -0.006051 2.453699
    1 7.820313 -3.039063 -8.804688 -1.082104 0.087263 -1.570797
    2 -0.000001 0.000002 0.000000 -0.021003 -0.098597 0.766856
    3 10.907404 0.000001 -0.000001 -0.000001 0.000012 -0.428155
    4 10.424325 -0.000011 -0.000033 2.468703 0.420364 -0.460671
    5 2.997275 0.005409 -1.477475 0.000000 0.000000 -0.471238
    6 1.510384 -0.000004 0.000000 0.000000 0.000000 -0.689404
    7 0.808659 -0.000001 0.000001 0.000000 0.000000 -0.654499
    8 -0.005463 0.010882 0.011922 -3.130701 -0.002586 -0.018476
    9 -0.001080 -0.005339 -0.002780 -3.138880 -0.004640 0.012721
    10 -0.019963 -0.004463 0.017139 3.137685 -0.000240 0.002472
    11 3.305800 0.203115 -0.546730 0.000000 0.000000 -0.488691
    12 1.807178 0.000000 -0.000004 0.000000 0.000000 -0.637045
    13 0.966141 0.000003 -0.000001 0.000000 0.000000 -0.497418
    14 -0.002205 0.006298 0.000417 3.133979 -0.003058 0.005338
    15 0.007872 0.003559 -0.000436 -3.124798 -0.001004 0.009074
    16 0.012690 -0.008244 0.010269 -3.131666 0.016691 0.012264
    17 3.571513 0.109304 0.409580 0.000000 0.000000 -0.427605
    18 2.150648 0.000002 -0.000003 0.000000 0.000000 -0.663223
    19 1.152746 -0.000003 0.000003 0.000000 0.000000 -0.523598
    20 0.000419 0.016150 0.002405 3.136320 -0.007304 -0.003105
    21 0.001816 -0.009672 -0.007393 3.139013 -0.008631 -0.008588
    22 -0.003752 -0.011593 -0.001195 3.133090 0.002976 0.014444
    23 3.684098 -0.158697 1.419183 0.000000 0.000000 -0.253072
    24 1.701014 0.000004 0.000004 0.000000 0.000000 -0.602138
    25 0.994714 -0.000002 -0.000008 0.000000 0.000000 -0.357792
    26 0.021160 0.011093 -0.004108 -3.137926 -0.002080 -0.001153
    27 -0.003428 0.010128 -0.008341 -3.140832 -0.004146 -0.019238
    28 0.004127 0.010881 0.000767 3.138806 -0.003164 -0.013821
    29 1.068074 -1.287202 0.981906 1.925949 -0.499323 -0.437818
    30 1.836308 -0.000001 0.000002 0.074245 -0.173006 -0.593150
    31 1.223949 -0.000002 0.000002 0.027395 -0.026912 -0.598150
    32 -0.012758 0.013269 0.005633 -3.132442 0.011957 -0.016684
    33 0.003252 0.002937 0.004907 3.134101 -0.012025 0.011384
    34 0.017597 0.001415 -0.271330 3.132743 -0.094250 -0.000348
    35 -0.034845 0.015532 -0.006371 -3.119476 -0.012752 0.011827
    36 6.868289 0.000003 0.000003 1.894370 0.030276 0.157882
    37 -6.002364 -0.460211 -0.868646 -0.695749 -0.131805 0.077518
    38 -6.002752 -0.459276 -0.867383 -0.699507 -0.131813 0.077097
    39 -10.921875 -4.957031 -11.492188 -1.570794 0.087264 -1.570796
    40 -0.000001 -0.000002 0.000004 -0.104334 -0.187580 0.143527
    41 10.907397 0.000000 -0.000001 -0.000346 -0.000019 -1.032350
    42 10.424307 0.000001 0.000016 -0.656142 0.159047 0.388910
    43 2.997296 0.000062 1.477484 0.000000 0.104719 -1.038469
    44 1.510386 -0.000002 0.000000 0.000000 0.000000 -1.422442
    45 0.808652 0.000001 -0.000003 -0.087183 0.081589 -1.026206
    46 -0.010181 0.001544 -0.002427 3.133438 0.004938 -0.014530
    47 -0.007761 0.000776 -0.012938 -3.140949 0.009512 -0.002789
    48 -0.003515 0.022163 -0.007593 -3.131007 0.004989 -0.015563
    49 3.305811 0.201132 0.547463 0.097216 -0.050307 -0.854751
    50 1.807181 -0.000005 -0.000002 0.020284 -0.092163 -1.076368
    51 0.966146 0.000000 0.000000 0.000000 0.000000 -1.579521
    52 -0.004041 0.002991 -0.002260 -3.129316 0.007469 -0.002160
    53 -0.016014 -0.012525 -0.005755 -3.127586 -0.003209 -0.007102
    54 -0.010741 -0.015351 -0.005964 -3.141244 -0.014366 0.013993
    55 3.571526 0.110787 -0.409180 -0.010425 -0.147987 -0.662451
    56 2.150658 0.000000 0.000000 0.000000 0.000000 -1.596972
    57 1.152748 0.000002 -0.000001 0.000000 0.000000 -1.038446
    58 -0.009424 0.003368 0.009511 3.138994 -0.007577 -0.001092
    59 -0.009795 0.006993 0.001619 3.137400 -0.006826 0.001062
    60 -0.005070 0.017085 0.007624 3.135509 0.005211 0.001477
    61 3.684113 -0.153569 -1.419744 -0.099892 -0.270060 -0.542565
    62 1.701014 -0.000001 0.000000 0.000000 0.000000 -0.253072
    63 0.994705 -0.000004 0.000000 0.000000 0.000000 -0.436331
    64 0.015236 0.000657 -0.012633 3.136885 0.014164 0.000018
    65 -0.014324 -0.018461 0.000846 -3.134644 0.013210 0.007851
    66 -0.020566 0.000650 -0.004019 -3.126894 -0.002595 -0.013678
    67 1.068097 -1.283652 -0.986552 -1.950872 0.545478 -0.233490
    68 1.836308 -0.000002 0.000001 0.071731 -0.042788 -0.118793
    69 1.223948 0.000001 -0.000002 -0.030976 -0.071337 -0.420798
    70 -0.026768 0.000412 0.021024 -3.135050 0.011560 0.031832
    71 -0.030946 0.015453 0.007155 3.126687 -0.014474 -0.013279
    72 0.024326 0.034636 0.000721 -3.121606 0.015525 0.030344
    73 -0.046000 0.019587 0.021797 3.134639 0.020864 -0.001670
    74 6.694322 0.000002 0.000001 -0.925600 -0.147871 0.063892
    75 -6.579163 -0.452807 0.914976 1.390020 0.137634 0.072730
    76 -6.553783 -0.454803 0.900534 1.387994 0.108045 0.086436
  time 31
    0 -6.087041 -24.784207 -4.205297 0.869179 -0.000920 2.460527
    1 7.820313 -3.039063 -8.804688 -1.082104 0.087263 -1.570797
    2 -0.000001 0.000002 0.000000 -0.021003 -0.098597 0.766856
    3 10.907404 0.000001 -0.000001 -0.000001 0.000012 -0.428155
    4 10.424325 -0.000011 -0.000033 2.468703 0.420364 -0.460671
    5 2.997275 0.005409 -1.477475 0.000000 0.000000 -0.471238
    6 1.510384 -0.000004 0.000000 0.000000 0.000000 -0.689404
    7 0.808659 -0.000001 0.000001 0.000000 0.000000 -0.654499
    8 -0.005463 0.010882 0.011922 -3.130701 -0.002586 -0.018476
    9 -0.001080 -0.005339 -0.002780 -3.138880 -0.004640 0.012721
    10 -0.019963 -0.004463 0.017139 3.137685 -0.000240 0.002472
    11 3.305800 0.203115 -0.546730 0.000000 0.000000 -0.488691
    12 1.807178 0.000000 -0.000004 0.000000 0.000000 -0.637045
    13 0.966141 0.000003 -0.000001 0.000000 0.000000 -0.497418
    14 -0.002205 0.006298 0.000417 3.133979 -0.003058 0.005338
    15 0.007872 0.003559 -0.000436 -3.124798 -0.001004 0.009074
    16 0.012690 -0.008244 0.010269 -3.131666 0.016691 0.012264
    17 3.571513 0.109304 0.409580 0.000000 0.000000 -0.427605
    18 2.150648 0.000002 -0.000003 0.000000 0.000000 -0.663223
    19 1.152746 -0.000003 0.000003 0.000000 0.000000 -0.523598
    20 0.000419 0.016150 0.002405 3.136320 -0.007304 -0.003105
    21 0.001816 -0.009672 -0.007393 3.139013 -0.008631 -0.008588
    22 -0.003752 -0.011593 -0.001195 3.133090 0.002976 0.014444
    23 3.684098 -0.158697 1.419183 0.000000 0.000000 -0.253072
    24 1.701014 0.000004 0.000004 0.000000 0.000000 -0.602138
    25 0.994714 -0.000002 -0.000008 0.000000 0.000000 -0.357792
    26 0.021160 0.011093 -0.004108 -3.137926 -0.002080 -0.001153
    27 -0.003428 0.010128 -0.008341 -3.140832 -0.004146 -0.019238
    28 0.004127 0.010881 0.000767 3.138806 -0.003164 -0.013821
    29 1.068074 -1.287202 0.981906 1.925949 -0.499323 -0.437818
    30 1.836308 -0.000001 0.000002 0.074245 -0.173006 -0.593150
    31 1.223949 -0.000002 0.000002 0.027395 -0.026912 -0.598150
    32 -0.012758 0.013269 0.005633 -3.132442 0.011957 -0.016684
    33 0.003252 0.002937 0.004907 3.134101 -0.012025 0.011384
    34 0.017597 0.001415 -0.271330 3.132743 -0.094250 -0.000348
    35 -0.034845 0.015532 -0.006371 -3.119476 -0.012752 0.011827
    36 6.868289 0.000003 0.000003 1.894370 0.030276 0.157882
    37 -6.002364 -0.460211 -0.868646 -0.695749 -0.131805 0.077518
    38 -6.002752 -0.459276 -0.867383 -0.699507 -0.131813 0.077097
    39 -10.921875 -4.957031 -11.492188 -1.570794 0.087264 -1.570796
    40 -0.000001 -0.000002 0.000004 -0.104080 -0.186729 0.145505
    41 10.907397 0.000000 -0.000001 -0.000346 -0.000019 -1.034171
    42 10.424307 0.000001 0.000016 -0.656590 0.158149 0.388736
    43 2.997296 0.000062 1.477484 0.000000 0.104719 -1.038469
    44 1.510386 -0.000002 0.000000 0.000000 0.000000 -1.422442
    45 0.808652 0.000001 -0.000003 -0.087183 0.081589 -1.026206
    46 -0.010181 0.001544 -0.002427 3.133438 0.004938 -0.014530
    47 -0.007761 0.000776 -0.012938 -3.140949 0.009512 -0.002789
    48 -0.003515 0.022163 -0.007593 -3.131007 0.004989 -0.015563
    49 3.305811 0.201132 0.547463 0.097216 -0.050307 -0.854751
    50 1.807181 -0.000005 -0.000002 0.020284 -0.092163 -1.076368
    51 0.966146 0.000000 0.000000 0.000000 0.000000 -1.579521
    52 -0.004041 0.002991 -0.002260 -3.129316 0.007469 -0.002160
    53 -0.016014 -0.012525 -0.005755 -3.127586 -0.003209 -0.007102
    54 -0.010741 -0.015351 -0.005964 -3.141244 -0.014366 0.013993
    55 3.571526 0.110787 -0.409180 -0.010425 -0.147987 -0.662451
    56 2.150658 0.000000 0.000000 0.000000 0.000000 -1.596972
    57 1.152748 0.000002 -0.000001 0.000000 0.000000 -1.038446
    58 -0.009424 0.003368 0.009511 3.138994 -0.007577 -0.001092
    59 -0.009795 0.006993 0.001619 3.137400 -0.006826 0.001062
    60 -0.005070 0.017085 0.007624 3.135509 0.005211 0.001477
    61 3.684113 -0.153569 -1.419744 -0.099616 -0.266453 -0.543672
    62 1.701014 -0.000001 0.000000 0.000000 0.000000 -0.253072
    63 0.994705 -0.000004 0.000000 0.000000 0.000000 -0.436331
    64 0.015236 0.000657 -0.012633 3.136885 0.014164 0.000018
    65 -0.014324 -0.018461 0.000846 -3.134644 0.013210 0.007851
    66 -0.020566 0.000650 -0.004019 -3.126894 -0.002595 -0.013678
    67 1.068097 -1.283652 -0.986552 -1.949001 0.546689 -0.229907
    68 1.836308 -0.000002 0.000001 0.071731 -0.042788 -0.118793
    69 1.223948 0.000001 -0.000002 -0.030976 -0.071337 -0.420798
    70 -0.026768 0.000412 0.021024 -3.135050 0.011560 0.031832
    71 -0.030946 0.015453 0.007155 3.126687 -0.014474 -0.013279
    72 0.024326 0.034636 0.000721 -3.121606 0.015525 0.030344
    73 -0.046000 0.019587 0.021797 3.134639 0.020864 -0.001670
    74 6.694322 0.000002 0.000001 -0.925692 -0.147859 0.063904
    75 -6.579163 -0.452807 0.914976 1.390020 0.137634 0.072730
    76 -6.553783 -0.454803 0.900534 1.387994 0.108045 0.086436
  time 32
    0 -6.106573 -24.784207 -4.228735 0.869367 0.003523 2.466597
    1 7.820313 -3.039063 -8.804688 -1.082104 0.087263 -1.570797
    2 -0.000001 0.000002 0.000000 -0.021003 -0.098597 0.766856
    3 10.907404 0.000001 -0.000001 -0.000001 0.000012 -0.428155
    4 10.424325 -0.000011 -0.000033 2.468703 0.420364 -0.460671
    5 2.997275 0.005409 -1.477475 0.000000 0.000000 -0.471238
    6 1.510384 -0.000004 0.000000 0.000000 0.000000 -0.689404
    7 0.808659 -0.000001 0.000001 0.000000 0.000000 -0.654499
    8 -0.005463 0.010882 0.011922 -3.130701 -0.002586 -0.018476
    9 -0.001080 -0.005339 -0.002780 -3.138880 -0.004640 0.012721
    10 -0.019963 -0.004463 0.017139 3.137685 -0.000240 0.002472
    11 3.305800 0.203115 -0.546730 0.000000 0.000000 -0.488691
    12 1.807178 0.000000 -0.000004 0.000000 0.000000 -0.637045
    13 0.966141 0.000003 -0.000001 0.000000 0.000000 -0.497418
    14 -0.002205 0.006298 0.000417 3.133979 -0.003058 0.005338
    15 0.007872 0.003559 -0.000436 -3.124798 -0.001004 0.009074
    16 0.012690 -0.008244 0.010269 -3.131666 0.016691 0.012264
    17 3.571513 0.109304 0.409580 0.000000 0.000000 -0.427605
    18 2.150648 0.000002 -0.000003 0.000000 0.000000 -0.663223
    19 1.152746 -0.000003 0.000003 0.000000 0.000000 -0.523598
    20 0.000419 0.016150 0.002405 3.136320 -0.007304 -0.003105
    21 0.001816 -0.009672 -0.007393 3.139013 -0.008631 -0.008588
    22 -0.003752 -0.011593 -0.001195 3.133090 0.002976 0.014444
    23 3.684098 -0.158697 1.419183 0.000000 0.000000 -0.253072
    24 1.701014 0.000004 0.000004 0.000000 0.000000 -0.602138
    25 0.994714 -0.000002 -0.000008 0.000000 0.000000 -0.357792
    26 0.021160 0.011093 -0.004108 -3.137926 -0.002080 -0.001153
    27 -0.003428 0.010128 -0.008341 -3.140832 -0.004146 -0.019238
    28 0.004127 0.010881 0.000767 3.138806 -0.003164 -0.013821
    29 1.068074 -1.287202 0.981906 1.925949 -0.499323 -0.437818
    30 1.836308 -0.000001 0.000002 0.074245 -0.173006 -0.593150
    31 1.223949 -0.000002 0.000002 0.027395 -0.026912 -0.598150
    32 -0.012758 0.013269 0.005633 -3.132442 0.011957 -0.016684
    33 0.003252 0.002937 0.004907 3.134101 -0.012025 0.011384
    34 0.017597 0.001415 -0.271330 3.132743 -0.094250 -0.000348
    35 -0.034845 0.015532 -0.006371 -3.119476 -0.012752 0.011827
    36 6.868289 0.000003 0.000003 1.894370 0.030276 0.157882
    37 -6.002364 -0.460211 -0.868646 -0.695749 -0.131805 0.077518
    38 -6.002752 -0.459276 -0.867383 -0.699507 -0.131813 0.077097
    39 -10.921875 -4.957031 -11.492188 -1.570794 0.087264 -1.570796
    40 -0.000001 -0.000002 0.000004 -0.103761 -0.185803 0.147663
    41 10.907397 0.000000 -0.000001 -0.000346 -0.000019 -1.036166
    42 10.424307 0.000001 0.000016 -0.657039 0.157140 0.388475
    43 2.997296 0.000062 1.477484 0.000000 0.104719 -1.038469
    44 1.510386 -0.000002 0.000000 0.000000 0.000000 -1.422442
    45 0.808652 0.000001 -0.000003 -0.087183 0.081589 -1.026206
    46 -0.010181 0.001544 -0.002427 3.133438 0.004938 -0.014530
    47 -0.007761 0.000776 -0.012938 -3.140949 0.009512 -0.002789
    48 -0.003515 0.022163 -0.007593 -3.131007 0.004989 -0.015563
    49 3.305811 0.201132 0.547463 0.097216 -0.050307 -0.854751
    50 1.807181 -0.000005 -0.000002 0.020284 -0.092163 -1.076368
    51 0.966146 0.000000 0.000000 0.000000 0.000000 -1.579521
    52 -0.004041 0.002991 -0.002260 -3.129316 0.007469 -0.002160
    53 -0.016014 -0.012525 -0.005755 -3.127586 -0.003209 -0.007102
    54 -0.010741 -0.015351 -0.005964 -3.141244 -0.014366 0.013993
    55 3.571526 0.110787 -0.409180 -0.010425 -0.147987 -0.662451
    56 2.150658 0.000000 0.000000 0.000000 0.000000 -1.596972
    57 1.152748 0.000002 -0.000001 0.000000 0.000000 -1.038446
    58 -0.009424 0.003368 0.009511 3.138994 -0.007577 -0.001092
    59 -0.009795 0.006993 0.001619 3.137400 -0.006826 0.001062
    60 -0.005070 0.017085 0.007624 3.135509 0.005211 0.001477
    61 3.684113 -0.153569 -1.419744 -0.099412 -0.263085 -0.544513
    62 1.701014 -0.000001 0.000000 0.000000 0.000000 -0.253072
    63 0.994705 -0.000004 0.000000 0.000000 0.000000 -0.436331
    64 0.015236 0.000657 -0.012633 3.136885 0.014164 0.000018
    65 -0.014324 -0.018461 0.000846 -3.134644 0.013210 0.007851
    66 -0.020566 0.000650 -0.004019 -3.126894 -0.002595 -0.013678
    67 1.068097 -1.283652 -0.986552 -1.947352 0.547755 -0.226743
    68 1.836308 -0.000002 0.000001 0.071731 -0.042788 -0.118793
    69 1.223948 0.000001 -0.000002 -0.030976 -0.071337 -0.420798
    70 -0.026768 0.000412 0.021024 -3.135050 0.011560 0.031832
    71 -0.030946 0.015453 0.007155 3.126687 -0.014474 -0.013279
    72 0.024326 0.034636 0.000721 -3.121606 0.015525 0.030344
    73 -0.046000 0.019587 0.021797 3.134639 0.020864 -0.001670
    74 6.694322 0.000002 0.000001 -0.925783 -0.147859 0.063916
    75 -6.579163 -0.452807 0.914976 1.390020 0.137634 0.072730
    76 -6.553783 -0.454803 0.900534 1.387994 0.108045 0.086436
  time 33
    0 -6.126104 -24.784207 -4.256080 0.869554 0.007417 2.472003
    1 7.820313 -3.039063 -8.804688 -1.082104 0.087263 -1.570797
    2 -0.000001 0.000002 0.000000 -0.021003 -0.098597 0.766856
    3 10.907404 0.000001 -0.000001 -0.000001 0.000012 -0.428155
    4 10.424325 -0.000011 -0.000033 2.468703 0.420364 -0.460671
    5 2.997275 0.005409 -1.477475 0.000000 0.000000 -0.471238
    6 1.510384 -0.000004 0.000000 0.000000 0.000000 -0.689404
    7 0.808659 -0.000001 0.000001 0.000000 0.000000 -0.654499
    8 -0.005463 0.010882 0.011922 -3.130701 -0.002586 -0.018476
    9 -0.001080 -0.005339 -0.002780 -3.138880 -0.004640 0.012721
    10 -0.019963 -0.004463 0.017139 3.137685 -0.000240 0.002472
    11 3.305800 0.203115 -0.546730 0.000000 0.000000 -0.488691
    12 1.807178 0.000000 -0.000004 0.000000 0.000000 -0.637045
    13 0.966141 0.000003 -0.000001 0.000000 0.000000 -0.497418
    14 -0.002205 0.006298 0.000417 3.133979 -0.003058 0.005338
    15 0.007872 0.003559 -0.000436 -3.124798 -0.001004 0.009074
    16 0.012690 -0.008244 0.010269 -3.131666 0.016691 0.012264
    17 3.571513 0.109304 0.409580 0.000000 0.000000 -0.427605
    18 2.150648 0.000002 -0.000003 0.000000 0.000000 -0.663223
    19 1.152746 -0.000003 0.000003 0.000000 0.000000 -0.523598
    20 0.000419 0.016150 0.002405 3.136320 -0.007304 -0.003105
    21 0.001816 -0.009672 -0.007393 3.139013 -0.008631 -0.008588
    22 -0.003752 -0.011593 -0.001195 3.133090 0.002976 0.014444
    23 3.684098 -0.158697 1.419183 0.000000 0.000000 -0.253072
    24 1.701014 0.000004 0.000004 0.000000 0.000000 -0.602138
    25 0.994714 -0.000002 -0.000008 0.000000 0.000000 -0.357792
    26 0.021160 0.011093 -0.004108 -3.137926 -0.002080 -0.001153
    27 -0.003428 0.010128 -0.008341 -3.140832 -0.004146 -0.019238
    28 0.004127 0.010881 0.000767 3.138806 -0.003164 -0.013821
    29 1.068074 -1.287202 0.981906 1.925949 -0.499323 -0.437818
    30 1.836308 -0.000001 0.000002 0.074245 -0.173006 -0.593150
    31 1.223949 -0.000002 0.000002 0.027395 -0.026912 -0.598150
    32 -0.012758 0.013269 0.005633 -3.132442 0.011957 -0.016684
    33 0.003252 0.002937 0.004907 3.134101 -0.012025 0.011384
    34 0.017597 0.001415 -0.271330 3.132743 -0.094250 -0.000348
    35 -0.034845 0.015532 -0.006371 -3.119476 -0.012752 0.011827
    36 6.868289 0.000003 0.000003 1.894370 0.030276 0.157882
    37 -6.002364 -0.460211 -0.868646 -0.695749 -0.131805 0.077518
    38 -6.002752 -0.459276 -0.867383 -0.699507 -0.131813 0.077097
    39 -10.921875 -4.957031 -11.492188 -1.570794 0.087264 -1.570796
    40 -0.000001 -0.000002 0.000004 -0.103442 -0.184803 0.149910
    41 10.907397 0.000000 -0.000001 -0.000346 -0.000019 -1.038266
    42 10.424307 0.000001 0.000016 -0.657637 0.156093 0.388302
    43 2.997296 0.000062 1.477484 0.000000 0.104719 -1.038469
    44 1.510386 -0.000002 0.000000 0.000000 0.000000 -1.422442
    45 0.808652 0.000001 -0.000003 -0.087183 0.081589 -1.026206
    46 -0.010181 0.001544 -0.002427 3.133438 0.004938 -0.014530
    47 -0.007761 0.000776 -0.012938 -3.140949 0.009512 -0.002789
    48 -0.003515 0.022163 -0.007593 -3.131007 0.004989 -0.015563
    49 3.305811 0.201132 0.547463 0.097216 -0.050307 -0.854751
    50 1.807181 -0.000005 -0.000002 0.020284 -0.092163 -1.076368
    51 0.966146 0.000000 0.000000 0.000000 0.000000 -1.579521
    52 -0.004041 0.002991 -0.002260 -3.129316 0.007469 -0.002160
    53 -0.016014 -0.012525 -0.005755 -3.127586 -0.003209 -0.007102
    54 -0.010741 -0.015351 -0.005964 -3.141244 -0.014366 0.013993
    55 3.571526 0.110787 -0.409180 -0.010425 -0.147987 -0.662451
    56 2.150658 0.000000 0.000000 0.000000 0.000000 -1.596972
    57 1.152748 0.000002 -0.000001 0.000000 0.000000 -1.038446
    58 -0.009424 0.003368 0.009511 3.138994 -0.007577 -0.001092
    59 -0.009795 0.006993 0.001619 3.137400 -0.006826 0.001062
    60 -0.005070 0.017085 0.007624 3.135509 0.005211 0.001477
    61 3.684113 -0.153569 -1.419744 -0.099256 -0.260041 -0.545108
    62 1.701014 -0.000001 0.000000 0.000000 0.000000 -0.253072
    63 0.994705 -0.000004 0.000000 0.000000 0.000000 -0.436331
    64 0.015236 0.000657 -0.012633 3.136885 0.014164 0.000018
    65 -0.014324 -0.018461 0.000846 -3.134644 0.013210 0.007851
    66 -0.020566 0.000650 -0.004019 -3.126894 -0.002595 -0.013678
    67 1.068097 -1.283652 -0.986552 -1.945923 0.548654 -0.224022
    68 1.836308 -0.000002 0.000001 0.071731 -0.042788 -0.118793
    69 1.223948 0.000001 -0.000002 -0.030976 -0.071337 -0.420798
    70 -0.026768 0.000412 0.021024 -3.135050 0.011560 0.031832
    71 -0.030946 0.015453 0.007155 3.126687 -0.014474 -0.013279
    72 0.024326 0.034636 0.000721 -3.121606 0.015525 0.030344
    73 -0.046000 0.019587 0.021797 3.134639 0.020864 -0.001670
    74 6.694322 0.000002 0.000001 -0.925874 -0.147847 0.063928
    75 -6.579163 -0.452807 0.914976 1.390020 0.137634 0.072730
    76 -6.553783 -0.454803 0.900534 1.387994 0.108045 0.086436
  time 34
    0 -6.145636 -24.784207 -4.279518 0.869836 0.010578 2.476460
    1 7.820313 -3.039063 -8.804688 -1.082104 0.087263 -1.570797
    2 -0.000001 0.000002 0.000000 -0.021003 -0.098597 0.766856
    3 10.907404 0.000001 -0.000001 -0.000001 0.000012 -0.428155
    4 10.424325 -0.000011 -0.000033 2.468703 0.420364 -0.460671
    5 2.997275 0.005409 -1.477475 0.000000 0.000000 -0.471238
    6 1.510384 -0.000004 0.000000 0.000000 0.000000 -0.689404
    7 0.808659 -0.000001 0.000001 0.000000 0.000000 -0.654499
    8 -0.005463 0.010882 0.011922 -3.130701 -0.002586 -0.018476
    9 -0.001080 -0.005339 -0.002780 -3.138880 -0.004640 0.012721
    10 -0.019963 -0.004463 0.017139 3.137685 -0.000240 0.002472
    11 3.305800 0.203115 -0.546730 0.000000 0.000000 -0.488691
    12 1.807178 0.000000 -0.000004 0.000000 0.000000 -0.637045
    13 0.966141 0.000003 -0.000001 0.000000 0.000000 -0.497418
    14 -0.002205 0.006298 0.000417 3.133979 -0.003058 0.005338
    15 0.007872 0.003559 -0.000436 -3.124798 -0.001004 0.009074
    16 0.012690 -0.008244 0.010269 -3.131666 0.016691 0.012264
    17 3.571513 0.109304 0.409580 0.000000 0.000000 -0.427605
    18 2.150648 0.000002 -0.000003 0.000000 0.000000 -0.663223
    19 1.152746 -0.000003 0.000003 0.000000 0.000000 -0.523598
    20 0.000419 0.016150 0.002405 3.136320 -0.007304 -0.003105
    21 0.001816 -0.009672 -0.007393 3.139013 -0.008631 -0.008588
    22 -0.003752 -0.011593 -0.001195 3.133090 0.002976 0.014444
    23 3.684098 -0.158697 1.419183 0.000000 0.000000 -0.253072
    24 1.701014 0.000004 0.000004 0.000000 0.000000 -0.602138
    25 0.994714 -0.000002 -0.000008 0.000000 0.000000 -0.357792
    26 0.021160 0.011093 -0.004108 -3.137926 -0.002080 -0.001153
    27 -0.003428 0.010128 -0.008341 -3.140832 -0.004146 -0.019238
    28 0.004127 0.010881 0.000767 3.138806 -0.003164 -0.013821
    29 1.068074 -1.287202 0.981906 1.925949 -0.499323 -0.437818
    30 1.836308 -0.000001 0.000002 0.074245 -0.173006 -0.593150
    31 1.223949 -0.000002 0.000002 0.027395 -0.026912 -0.598150
    32 -0.012758 0.013269 0.005633 -3.132442 0.011957 -0.016684
    33 0.003252 0.002937 0.004907 3.134101 -0.012025 0.011384
    34 0.017597 0.001415 -0.271330 3.132743 -0.094250 -0.000348
    35 -0.034845 0.015532 -0.006371 -3.119476 -0.012752 0.011827
    36 6.868289 0.000003 0.000003 1.894370 0.030276 0.157882
    37 -6.002364 -0.460211 -0.868646 -0.695749 -0.131805 0.077518
    38 -6.002752 -0.459276 -0.867383 -0.699507 -0.131813 0.077097
    39 -10.921875 -4.957031 -11.492188 -1.570794 0.087264 -1.570796
    40 -0.000001 -0.000002 0.000004 -0.103124 -0.183803 0.152248
    41 10.907397 0.000000 -0.000001 -0.000346 -0.000019 -1.040367
    42 10.424307 0.000001 0.000016 -0.658235 0.155045 0.388041
    43 2.997296 0.000062 1.477484 0.000000 0.104719 -1.038469
    44 1.510386 -0.000002 0.000000 0.000000 0.000000 -1.422442
    45 0.808652 0.000001 -0.000003 -0.087183 0.081589 -1.026206
    46 -0.010181 0.001544 -0.002427 3.133438 0.004938 -0.014530
    47 -0.007761 0.000776 -0.012938 -3.140949 0.009512 -0.002789
    48 -0.003515 0.022163 -0.007593 -3.131007 0.004989 -0.015563
    49 3.305811 0.201132 0.547463 0.097216 -0.050307 -0.854751
    50 1.807181 -0.000005 -0.000002 0.020284 -0.092163 -1.076368
    51 0.966146 0.000000 0.000000 0.000000 0.000000 -1.579521
    52 -0.004041 0.002991 -0.002260 -3.129316 0.007469 -0.002160
    53 -0.016014 -0.012525 -0.005755 -3.127586 -0.003209 -0.007102
    54 -0.010741 -0.015351 -0.005964 -3.141244 -0.014366 0.013993
    55 3.571526 0.110787 -0.409180 -0.010425 -0.147987 -0.662451
    56 2.150658 0.000000 0.000000 0.000000 0.000000 -1.596972
    57 1.152748 0.000002 -0.000001 0.000000 0.000000 -1.038446
    58 -0.009424 0.003368 0.009511 3.138994 -0.007577 -0.001092
    59 -0.009795 0.006993 0.001619 3.137400 -0.006826 0.001062
    60 -0.005070 0.017085 0.007624 3.135509 0.005211 0.001477
    61 3.684113 -0.153569 -1.419744 -0.099161 -0.257392 -0.545518
    62 1.701014 -0.000001 0.000000 0.000000 0.000000 -0.253072
    63 0.994705 -0.000004 0.000000 0.000000 0.000000 -0.436331
    64 0.015236 0.000657 -0.012633 3.136885 0.014164 0.000018
    65 -0.014324 -0.018461 0.000846 -3.134644 0.013210 0.007851
    66 -0.020566 0.000650 -0.004019 -3.126894 -0.002595 -0.013678
    67 1.068097 -1.283652 -0.986552 -1.944728 0.549409 -0.221757
    68 1.836308 -0.000002 0.000001 0.071731 -0.042788 -0.118793
    69 1.223948 0.000001 -0.000002 -0.030976 -0.071337 -0.420798
    70 -0.026768 0.000412 0.021024 -3.135050 0.011560 0.031832
    71 -0.030946 0.015453 0.007155 3.126687 -0.014474 -0.013279
    72 0.024326 0.034636 0.000721 -3.121606 0.015525 0.030344
    73 -0.046000 0.019587 0.021797 3.134639 0.020864 -0.001670
    74 6.694322 0.000002 0.000001 -0.926011 -0.147847 0.063952
    75 -6.579163 -0.452807 0.914976 1.390020 0.137634 0.072730
    76 -6.553783 -0.454803 0.900534 1.387994 0.108045 0.086436
  time 35
    0 -6.165168 -24.784207 -4.306863 0.870211 0.013006 2.480064
    1 7.820313 -3.039063 -8.804688 -1.082104 0.087263 -1.570797
    2 -0.000001 0.000002 0.000000 -0.021003 -0.098597 0.766856
    3 10.907404 0.000001 -0.000001 -0.000001 0.000012 -0.428155
    4 10.424325 -0.000011 -0.000033 2.468703 0.420364 -0.460671
    5 2.997275 0.005409 -1.477475 0.000000 0.000000 -0.471238
    6 1.510384 -0.000004 0.000000 0.000000 0.000000 -0.689404
    7 0.808659 -0.000001 0.000001 0.000000 0.000000 -0.654499
    8 -0.005463 0.010882 0.011922 -3.130701 -0.002586 -0.018476
    9 -0.001080 -0.005339 -0.002780 -3.138880 -0.004640 0.012721
    10 -0.019963 -0.004463 0.017139 3.137685 -0.000240 0.002472
    11 3.305800 0.203115 -0.546730 0.000000 0.000000 -0.488691
    12 1.807178 0.000000 -0.000004 0.000000 0.000000 -0.637045
    13 0.966141 0.000003 -0.000001 0.000000 0.000000 -0.497418
    14 -0.002205 0.006298 0.000417 3.133979 -0.003058 0.005338
    15 0.007872 0.003559 -0.000436 -3.124798 -0.001004 0.009074
    16 0.012690 -0.008244 0.010269 -3.131666 0.016691 0.012264
    17 3.571513 0.109304 0.409580 0.000000 0.000000 -0.427605
    18 2.150648 0.000002 -0.000003 0.000000 0.000000 -0.663223
    19 1.152746 -0.000003 0.000003 0.000000 0.000000 -0.523598
    20 0.000419 0.016150 0.002405 3.136320 -0.007304 -0.003105
    21 0.001816 -0.009672 -0.007393 3.139013 -0.008631 -0.008588
    22 -0.003752 -0.011593 -0.001195 3.133090 0.002976 0.014444
    23 3.684098 -0.158697 1.419183 0.000000 0.000000 -0.253072
    24 1.701014 0.000004 0.000004 0.000000 0.000000 -0.602138
    25 0.994714 -0.000002 -0.000008 0.000000 0.000000 -0.357792
    26 0.021160 0.011093 -0.004108 -3.137926 -0.002080 -0.001153
    27 -0.003428 0.010128 -0.008341 -3.140832 -0.004146 -0.019238
    28 0.004127 0.010881 0.000767 3.138806 -0.003164 -0.013821
    29 1.068074 -1.287202 0.981906 1.925949 -0.499323 -0.437818
    30 1.836308 -0.000001 0.000002 0.074245 -0.173006 -0.593150
    31 1.223949 -0.000002 0.000002 0.027395 -0.026912 -0.598150
    32 -0.012758 0.013269 0.005633 -3.132442 0.011957 -0.016684
    33 0.003252 0.002937 0.004907 3.134101 -0.012025 0.011384
    34 0.017597 0.001415 -0.271330 3.132743 -0.094250 -0.000348
    35 -0.034845 0.015532 -0.006371 -3.119476 -0.012752 0.011827
    36 6.868289 0.000003 0.000003 1.894370 0.030276 0.157882
    37 -6.002364 -0.460211 -0.868646 -0.695749 -0.131805 0.077518
    38 -6.002752 -0.459276 -0.867383 -0.699507 -0.131813 0.077097
    39 -10.921875 -4.957031 -11.492188 -1.570794 0.087264 -1.570796
    40 -0.000001 -0.000002 0.000004 -0.102805 -0.182840 0.154405
    41 10.907397 0.000000 -0.000001 -0.000346 -0.000019 -1.042432
    42 10.424307 0.000001 0.000016 -0.658908 0.153998 0.387781
    43 2.997296 0.000062 1.477484 0.000000 0.104719 -1.038469
    44 1.510386 -0.000002 0.000000 0.000000 0.000000 -1.422442
    45 0.808652 0.000001 -0.000003 -0.087183 0.081589 -1.026206
    46 -0.010181 0.001544 -0.002427 3.133438 0.004938 -0.014530
    47 -0.007761 0.000776 -0.012938 -3.140949 0.009512 -0.002789
    48 -0.003515 0.022163 -0.007593 -3.131007 0.004989 -0.015563
    49 3.305811 0.201132 0.547463 0.097216 -0.050307 -0.854751
    50 1.807181 -0.000005 -0.000002 0.020284 -0.092163 -1.076368
    51 0.966146 0.000000 0.000000 0.000000 0.000000 -1.579521
    52 -0.004041 0.002991 -0.002260 -3.129316 0.007469 -0.002160
    53 -0.016014 -0.012525 -0.005755 -3.127586 -0.003209 -0.007102
    54 -0.010741 -0.015351 -0.005964 -3.141244 -0.014366 0.013993
    55 3.571526 0.110787 -0.409180 -0.010425 -0.147987 -0.662451
    56 2.150658 0.000000 0.000000 0.000000 0.000000 -1.596972
    57 1.152748 0.000002 -0.000001 0.000000 0.000000 -1.038446
    58 -0.009424 0.003368 0.009511 3.138994 -0.007577 -0.001092
    59 -0.009795 0.006993 0.001619 3.137400 -0.006826 0.001062
    60 -0.005070 0.017085 0.007624 3.135509 0.005211 0.001477
    61 3.684113 -0.153569 -1.419744 -0.099101 -0.255199 -0.545743
    62 1.701014 -0.000001 0.000000 0.000000 0.000000 -0.253072
    63 0.994705 -0.000004 0.000000 0.000000 0.000000 -0.436331
    64 0.015236 0.000657 -0.012633 3.136885 0.014164 0.000018
    65 -0.014324 -0.018461 0.000846 -3.134644 0.013210 0.007851
    66 -0.020566 0.000650 -0.004019 -3.126894 -0.002595 -0.013678
    67 1.068097 -1.283652 -0.986552 -1.943793 0.549997 -0.219971
    68 1.836308 -0.000002 0.000001 0.071731 -0.042788 -0.118793
    69 1.223948 0.000001 -0.000002 -0.030976 -0.071337 -0.420798
    70 -0.026768 0.000412 0.021024 -3.135050 0.011560 0.031832
    71 -0.030946 0.015453 0.007155 3.126687 -0.014474 -0.013279
    72 0.024326 0.034636 0.000721 -3.121606 0.015525 0.030344
    73 -0.046000 0.019587 0.021797 3.134639 0.020864 -0.001670
    74 6.694322 0.000002 0.000001 -0.926194 -0.147835 0.063976
    75 -6.579163 -0.452807 0.914976 1.390020 0.137634 0.072730
    76 -6.553783 -0.454803 0.900534 1.387994 0.108045 0.086436
  time 36
    0 -6.184700 -24.784207 -4.330301 0.870586 0.014655 2.482624
    1 7.820313 -3.039063 -8.804688 -1.082104 0.087263 -1.570797
    2 -0.000001 0.000002 0.000000 -0.021003 -0.098597 0.766856
    3 10.907404 0.000001 -0.000001 -0.000001 0.000012 -0.428155
    4 10.424325 -0.000011 -0.000033 2.468703 0.420364 -0.460671
    5 2.997275 0.005409 -1.477475 0.000000 0.000000 -0.471238
    6 1.510384 -0.000004 0.000000 0.000000 0.000000 -0.689404
    7 0.808659 -0.000001 0.000001 0.000000 0.000000 -0.654499
    8 -0.005463 0.010882 0.011922 -3.130701 -0.002586 -0.018476
    9 -0.001080 -0.005339 -0.002780 -3.138880 -0.004640 0.012721
    10 -0.019963 -0.004463 0.017139 3.137685 -0.000240 0.002472
    11 3.305800 0.203115 -0.546730 0.000000 0.000000 -0.488691
    12 1.807178 0.000000 -0.000004 0.000000 0.000000 -0.637045
    13 0.966141 0.000003 -0.000001 0.000000 0.000000 -0.497418
    14 -0.002205 0.006298 0.000417 3.133979 -0.003058 0.005338
    15 0.007872 0.003559 -0.000436 -3.124798 -0.001004 0.009074
    16 0.012690 -0.008244 0.010269 -3.131666 0.016691 0.012264
    17 3.571513 0.109304 0.409580 0.000000 0.000000 -0.427605
    18 2.150648 0.000002 -0.000003 0.000000 0.000000 -0.663223
    19 1.152746 -0.000003 0.000003 0.000000 0.000000 -0.523598
    20 0.000419 0.016150 0.002405 3.136320 -0.007304 -0.003105
    21 0.001816 -0.009672 -0.007393 3.139013 -0.008631 -0.008588
    22 -0.003752 -0.011593 -0.001195 3.133090 0.002976 0.014444
    23 3.684098 -0.158697 1.419183 0.000000 0.000000 -0.253072
    24 1.701014 0.000004 0.000004 0.000000 0.000000 -0.602138
    25 0.994714 -0.000002 -0.000008 0.000000 0.000000 -0.357792
    26 0.021160 0.011093 -0.004108 -3.137926 -0.002080 -0.001153
    27 -0.003428 0.010128 -0.008341 -3.140832 -0.004146 -0.019238
    28 0.004127 0.010881 0.000767 3.138806 -0.003164 -0.013821
    29 1.068074 -1.287202 0.981906 1.925949 -0.499323 -0.437818
    30 1.836308 -0.000001 0.000002 0.074245 -0.173006 -0.593150
    31 1.223949 -0.000002 0.000002 0.027395 -0.026912 -0.598150
    32 -0.012758 0.013269 0.005633 -3.132442 0.011957 -0.016684
    33 0.003252 0.002937 0.004907 3.134101 -0.012025 0.011384
    34 0.017597 0.001415 -0.271330 3.132743 -0.094250 -0.000348
    35 -0.034845 0.015532 -0.006371 -3.119476 -0.012752 0.011827
    36 6.868289 0.000003 0.000003 1.894370 0.030276 0.157882
    37 -6.002364 -0.460211 -0.868646 -0.695749 -0.131805 0.077518
    38 -6.002752 -0.459276 -0.867383 -0.699507 -0.131813 0.077097
    39 -10.921875 -4.957031 -11.492188 -1.570794 0.087264 -1.570796
    40 -0.000001 -0.000002 0.000004 -0.102486 -0.181915 0.156563
    41 10.907397 0.000000 -0.000001 -0.000346 -0.000019 -1.044323
    42 10.424307 0.000001 0.000016 -0.659655 0.153026 0.387520
    43 2.997296 0.000062 1.477484 0.000000 0.104719 -1.038469
    44 1.510386 -0.000002 0.000000 0.000000 0.000000 -1.422442
    45 0.808652 0.000001 -0.000003 -0.087183 0.081589 -1.026206
    46 -0.010181 0.001544 -0.002427 3.133438 0.004938 -0.014530
    47 -0.007761 0.000776 -0.012938 -3.140949 0.009512 -0.002789
    48 -0.003515 0.022163 -0.007593 -3.131007 0.004989 -0.015563
    49 3.305811 0.201132 0.547463 0.097216 -0.050307 -0.854751
    50 1.807181 -0.000005 -0.000002 0.020284 -0.092163 -1.076368
    51 0.966146 0.000000 0.000000 0.000000 0.000000 -1.579521
    52 -0.004041 0.002991 -0.002260 -3.129316 0.007469 -0.002160
    53 -0.016014 -0.012525 -0.005755 -3.127586 -0.003209 -0.007102
    54 -0.010741 -0.015351 -0.005964 -3.141244 -0.014366 0.013993
    55 3.571526 0.110787 -0.409180 -0.010425 -0.147987 -0.662451
    56 2.150658 0.000000 0.000000 0.000000 0.000000 -1.596972
    57 1.152748 0.000002 -0.000001 0.000000 0.000000 -1.038446
    58 -0.009424 0.003368 0.009511 3.138994 -0.007577 -0.001092
    59 -0.009795 0.006993 0.001619 3.137400 -0.006826 0.001062
    60 -0.005070 0.017085 0.007624 3.135509 0.005211 0.001477
    61 3.684113 -0.153569 -1.419744 -0.099065 -0.253557 -0.545887
    62 1.701014 -0.000001 0.000000 0.000000 0.000000 -0.253072
    63 0.994705 -0.000004 0.000000 0.000000 0.000000 -0.436331
    64 0.015236 0.000657 -0.012633 3.136885 0.014164 0.000018
    65 -0.014324 -0.018461 0.000846 -3.134644 0.013210 0.007851
    66 -0.020566 0.000650 -0.004019 -3.126894 -0.002595 -0.013678
    67 1.068097 -1.283652 -0.986552 -1.943105 0.550416 -0.218677
    68 1.836308 -0.000002 0.000001 0.071731 -0.042788 -0.118793
    69 1.223948 0.000001 -0.000002 -0.030976 -0.071337 -0.420798
    70 -0.026768 0.000412 0.021024 -3.135050 0.011560 0.031832
    71 -0.030946 0.015453 0.007155 3.126687 -0.014474 -0.013279
    72 0.024326 0.034636 0.000721 -3.121606 0.015525 0.030344
    73 -0.046000 0.019587 0.021797 3.134639 0.020864 -0.001670
    74 6.694322 0.000002 0.000001 -0.926377 -0.147823 0.063999
    75 -6.579163 -0.452807 0.914976 1.390020 0.137634 0.072730
    76 -6.553783 -0.454803 0.900534 1.387994 0.108045 0.086436
  time 37
    0 -6.200325 -24.784207 -4.349833 0.870962 0.015480 2.484047
    1 7.820313 -3.039063 -8.804688 -1.082104 0.087263 -1.570797
    2 -0.000001 0.000002 0.000000 -0.021003 -0.098597 0.766856
    3 10.907404 0.000001 -0.000001 -0.000001 0.000012 -0.428155
    4 10.424325 -0.000011 -0.000033 2.468703 0.420364 -0.460671
    5 2.997275 0.005409 -1.477475 0.000000 0.000000 -0.471238
    6 1.510384 -0.000004 0.000000 0.000000 0.000000 -0.689404
    7 0.808659 -0.000001 0.000001 0.000000 0.000000 -0.654499
    8 -0.005463 0.010882 0.011922 -3.130701 -0.002586 -0.018476
    9 -0.001080 -0.005339 -0.002780 -3.138880 -0.004640 0.012721
    10 -0.019963 -0.004463 0.017139 3.137685 -0.000240 0.002472
    11 3.305800 0.203115 -0.546730 0.000000 0.000000 -0.488691
    12 1.807178 0.000000 -0.000004 0.000000 0.000000 -0.637045
    13 0.966141 0.000003 -0.000001 0.000000 0.000000 -0.497418
    14 -0.002205 0.006298 0.000417 3.133979 -0.003058 0.005338
    15 0.007872 0.003559 -0.000436 -3.124798 -0.001004 0.009074
    16 0.012690 -0.008244 0.010269 -3.131666 0.016691 0.012264
    17 3.571513 0.109304 0.409580 0.000000 0.000000 -0.427605
    18 2.150648 0.000002 -0.000003 0.000000 0.000000 -0.663223
    19 1.152746 -0.000003 0.000003 0.000000 0.000000 -0.523598
    20 0.000419 0.016150 0.002405 3.136320 -0.007304 -0.003105
    21 0.001816 -0.009672 -0.007393 3.139013 -0.008631 -0.008588
    22 -0.003752 -0.011593 -0.001195 3.133090 0.002976 0.014444
    23 3.684098 -0.158697 1.419183 0.000000 0.000000 -0.253072
    24 1.701014 0.000004 0.000004 0.000000 0.000000 -0.602138
    25 0.994714 -0.000002 -0.000008 0.000000 0.000000 -0.357792
    26 0.021160 0.011093 -0.004108 -3.137926 -0.002080 -0.001153
    27 -0.003428 0.010128 -0.008341 -3.140832 -0.004146 -0.019238
    28 0.004127 0.010881 0.000767 3.138806 -0.003164 -0.013821
    29 1.068074 -1.287202 0.981906 1.925949 -0.499323 -0.437818
    30 1.836308 -0.000001 0.000002 0.074245 -0.173006 -0.593150
    31 1.223949 -0.000002 0.000002 0.027395 -0.026912 -0.598150
    32 -0.012758 0.013269 0.005633 -3.132442 0.011957 -0.016684
    33 0.003252 0.002937 0.004907 3.134101 -0.012025 0.011384
    34 0.017597 0.001415 -0.271330 3.132743 -0.094250 -0.000348
    35 -0.034845 0.015532 -0.006371 -3.119476 -0.012752 0.011827
    36 6.868289 0.000003 0.000003 1.894370 0.030276 0.157882
    37 -6.002364 -0.460211 -0.868646 -0.695749 -0.131805 0.077518
    38 -6.002752 -0.459276 -0.867383 -0.699507 -0.131813 0.077097
    39 -10.921875 -4.957031 -11.492188 -1.570794 0.087264 -1.570796
    40 -0.000001 -0.000002 0.000004 -0.102231 -0.181100 0.158361
    41 10.907397 0.000000 -0.000001 -0.000346 -0.000019 -1.046003
    42 10.424307 0.000001 0.000016 -0.660403 0.152166 0.387260
    43 2.997296 0.000062 1.477484 0.000000 0.104719 -1.038469
    44 1.510386 -0.000002 0.000000 0.000000 0.000000 -1.422442
    45 0.808652 0.000001 -0.000003 -0.087183 0.081589 -1.026206
    46 -0.010181 0.001544 -0.002427 3.133438 0.004938 -0.014530
    47 -0.007761 0.000776 -0.012938 -3.140949 0.009512 -0.002789
    48 -0.003515 0.022163 -0.007593 -3.131007 0.004989 -0.015563
    49 3.305811 0.201132 0.547463 0.097216 -0.050307 -0.854751
    50 1.807181 -0.000005 -0.000002 0.020284 -0.092163 -1.076368
    51 0.966146 0.000000 0.000000 0.000000 0.000000 -1.579521
    52 -0.004041 0.002991 -0.002260 -3.129316 0.007469 -0.002160
    53 -0.016014 -0.012525 -0.005755 -3.127586 -0.003209 -0.007102
    54 -0.010741 -0.015351 -0.005964 -3.141244 -0.014366 0.013993
    55 3.571526 0.110787 -0.409180 -0.010425 -0.147987 -0.662451
    56 2.150658 0.000000 0.000000 0.000000 0.000000 -1.596972
    57 1.152748 0.000002 -0.000001 0.000000 0.000000 -1.038446
    58 -0.009424 0.003368 0.009511 3.138994 -0.007577 -0.001092
    59 -0.009795 0.006993 0.001619 3.137400 -0.006826 0.001062
    60 -0.005070 0.017085 0.007624 3.135509 0.005211 0.001477
    61 3.684113 -0.153569 -1.419744 -0.099053 -0.252515 -0.545928
    62 1.701014 -0.000001 0.000000 0.000000 0.000000 -0.253072
    63 0.994705 -0.000004 0.000000 0.000000 0.000000 -0.436331
    64 0.015236 0.000657 -0.012633 3.136885 0.014164 0.000018
    65 -0.014324 -0.018461 0.000846 -3.134644 0.013210 0.007851
    66 -0.020566 0.000650 -0.004019 -3.126894 -0.002595 -0.013678
    67 1.068097 -1.283652 -0.986552 -1.942676 0.550668 -0.217874
    68 1.836308 -0.000002 0.000001 0.071731 -0.042788 -0.118793
    69 1.223948 0.000001 -0.000002 -0.030976 -0.071337 -0.420798
    70 -0.026768 0.000412 0.021024 -3.135050 0.011560 0.031832
    71 -0.030946 0.015453 0.007155 3.126687 -0.014474 -0.013279
    72 0.024326 0.034636 0.000721 -3.121606 0.015525 0.030344
    73 -0.046000 0.019587 0.021797 3.134639 0.020864 -0.001670
    74 6.694322 0.000002 0.000001 -0.926605 -0.147799 0.064035
    75 -6.579163 -0.452807 0.914976 1.390020 0.137634 0.072730
    76 -6.553783 -0.454803 0.900534 1.387994 0.108045 0.086436
  time 38
    0 -6.215951 -24.784207 -4.369365 0.871431 0.015388 2.484426
    1 7.820313 -3.039063 -8.804688 -1.082104 0.087263 -1.570797
    2 -0.000001 0.000002 0.000000 -0.021003 -0.098597 0.766856
    3 10.907404 0.000001 -0.000001 -0.000001 0.000012 -0.428155
    4 10.424325 -0.000011 -0.000033 2.468703 0.420364 -0.460671
    5 2.997275 0.005409 -1.477475 0.000000 0.000000 -0.471238
    6 1.510384 -0.000004 0.000000 0.000000 0.000000 -0.689404
    7 0.808659 -0.000001 0.000001 0.000000 0.000000 -0.654499
    8 -0.005463 0.010882 0.011922 -3.130701 -0.002586 -0.018476
    9 -0.001080 -0.005339 -0.002780 -3.138880 -0.004640 0.012721
    10 -0.019963 -0.004463 0.017139 3.137685 -0.000240 0.002472
    11 3.305800 0.203115 -0.546730 0.000000 0.000000 -0.488691
    12 1.807178 0.000000 -0.000004 0.000000 0.000000 -0.637045
    13 0.966141 0.000003 -0.000001 0.000000 0.000000 -0.497418
    14 -0.002205 0.006298 0.000417 3.133979 -0.003058 0.005338
    15 0.007872 0.003559 -0.000436 -3.124798 -0.001004 0.009074
    16 0.012690 -0.008244 0.010269 -3.131666 0.016691 0.012264
    17 3.571513 0.109304 0.409580 0.000000 0.000000 -0.427605
    18 2.150648 0.000002 -0.000003 0.000000 0.000000 -0.663223
    19 1.152746 -0.000003 0.000003 0.000000 0.000000 -0.523598
    20 0.000419 0.016150 0.002405 3.136320 -0.007304 -0.003105
    21 0.001816 -0.009672 -0.007393 3.139013 -0.008631 -0.008588
    22 -0.003752 -0.011593 -0.001195 3.133090 0.002976 0.014444
    23 3.684098 -0.158697 1.419183 0.000000 0.000000 -0.253072
    24 1.701014 0.000004 0.000004 0.000000 0.000000 -0.602138
    25 0.994714 -0.000002 -0.000008 0.000000 0.000000 -0.357792
    26 0.021160 0.011093 -0.004108 -3.137926 -0.002080 -0.001153
    27 -0.003428 0.010128 -0.008341 -3.140832 -0.004146 -0.019238
    28 0.004127 0.010881 0.000767 3.138806 -0.003164 -0.013821
    29 1.068074 -1.287202 0.981906 1.925949 -0.499323 -0.437818
    30 1.836308 -0.000001 0.000002 0.074245 -0.173006 -0.593150
    31 1.223949 -0.000002 0.000002 0.027395 -0.026912 -0.598150
    32 -0.012758 0.013269 0.005633 -3.132442 0.011957 -0.016684
    33 0.003252 0.002937 0.004907 3.134101 -0.012025 0.011384
    34 0.017597 0.001415 -0.271330 3.132743 -0.094250 -0.000348
    35 -0.034845 0.015532 -0.006371 -3.119476 -0.012752 0.011827
    36 6.868289 0.000003 0.000003 1.894370 0.030276 0.157882
    37 -6.002364 -0.460211 -0.868646 -0.695749 -0.131805 0.077518
    38 -6.002752 -0.459276 -0.867383 -0.699507 -0.131813 0.077097
    39 -10.921875 -4.957031 -11.492188 -1.570794 0.087264 -1.570796
    40 -0.000001 -0.000002 0.000004 -0.101976 -0.180433 0.159799
    41 10.907397 0.000000 -0.000001 -0.000346 -0.000019 -1.047263
    42 10.424307 0.000001 0.000016 -0.661225 0.151418 0.387086
    43 2.997296 0.000062 1.477484 0.000000 0.104719 -1.038469
    44 1.510386 -0.000002 0.000000 0.000000 0.000000 -1.422442
    45 0.808652 0.000001 -0.000003 -0.087183 0.081589 -1.026206
    46 -0.010181 0.001544 -0.002427 3.133438 0.004938 -0.014530
    47 -0.007761 0.000776 -0.012938 -3.140949 0.009512 -0.002789
    48 -0.003515 0.022163 -0.007593 -3.131007 0.004989 -0.015563
    49 3.305811 0.201132 0.547463 0.097216 -0.050307 -0.854751
    50 1.807181 -0.000005 -0.000002 0.020284 -0.092163 -1.076368
    51 0.966146 0.000000 0.000000 0.000000 0.000000 -1.579521
    52 -0.004041 0.002991 -0.002260 -3.129316 0.007469 -0.002160
    53 -0.016014 -0.012525 -0.005755 -3.127586 -0.003209 -0.007102
    54 -0.010741 -0.015351 -0.005964 -3.141244 -0.014366 0.013993
    55 3.571526 0.110787 -0.409180 -0.010425 -0.147987 -0.662451
    56 2.150658 0.000000 0.000000 0.000000 0.000000 -1.596972
    57 1.152748 0.000002 -0.000001 0.000000 0.000000 -1.038446
    58 -0.009424 0.003368 0.009511 3.138994 -0.007577 -0.001092
    59 -0.009795 0.006993 0.001619 3.137400 -0.006826 0.001062
    60 -0.005070 0.017085 0.007624 3.135509 0.005211 0.001477
    61 3.684113 -0.153569 -1.419744 -0.099053 -0.252143 -0.545928
    62 1.701014 -0.000001 0.000000 0.000000 0.000000 -0.253072
    63 0.994705 -0.000004 0.000000 0.000000 0.000000 -0.436331
    64 0.015236 0.000657 -0.012633 3.136885 0.014164 0.000018
    65 -0.014324 -0.018461 0.000846 -3.134644 0.013210 0.007851
    66 -0.020566 0.000650 -0.004019 -3.126894 -0.002595 -0.013678
    67 1.068097 -1.283652 -0.986552 -1.942533 0.550764 -0.217610
    68 1.836308 -0.000002 0.000001 0.071731 -0.042788 -0.118793
    69 1.223948 0.000001 -0.000002 -0.030976 -0.071337 -0.420798
    70 -0.026768 0.000412 0.021024 -3.135050 0.011560 0.031832
    71 -0.030946 0.015453 0.007155 3.126687 -0.014474 -0.013279
    72 0.024326 0.034636 0.000721 -3.121606 0.015525 0.030344
    73 -0.046000 0.019587 0.021797 3.134639 0.020864 -0.001670
    74 6.694322 0.000002 0.000001 -0.926879 -0.147787 0.064071
    75 -6.579163 -0.452807 0.914976 1.390020 0.137634 0.072730
    76 -6.553783 -0.454803 0.900534 1.387994 0.108045 0.086436
  time 39
    0 -6.227670 -24.784207 -4.381084 0.871900 0.014701 2.483952
    1 7.820313 -3.039063 -8.804688 -1.082104 0.087263 -1.570797
    2 -0.000001 0.000002 0.000000 -0.021003 -0.098597 0.766856
    3 10.907404 0.000001 -0.000001 -0.000001 0.000012 -0.428155
    4 10.424325 -0.000011 -0.000033 2.468703 0.420364 -0.460671
    5 2.997275 0.005409 -1.477475 0.000000 0.000000 -0.471238
    6 1.510384 -0.000004 0.000000 0.000000 0.000000 -0.689404
    7 0.808659 -0.000001 0.000001 0.000000 0.000000 -0.654499
    8 -0.005463 0.010882 0.011922 -3.130701 -0.002586 -0.018476
    9 -0.001080 -0.005339 -0.002780 -3.138880 -0.004640 0.012721
    10 -0.019963 -0.004463 0.017139 3.137685 -0.000240 0.002472
    11 3.305800 0.203115 -0.546730 0.000000 0.000000 -0.488691
    12 1.807178 0.000000 -0.000004 0.000000 0.000000 -0.637045
    13 0.966141 0.000003 -0.000001 0.000000 0.000000 -0.497418
    14 -0.002205 0.006298 0.000417 3.133979 -0.003058 0.005338
    15 0.007872 0.003559 -0.000436 -3.124798 -0.001004 0.009074
    16 0.012690 -0.008244 0.010269 -3.131666 0.016691 0.012264
    17 3.571513 0.109304 0.409580 0.000000 0.000000 -0.427605
    18 2.150648 0.000002 -0.000003 0.000000 0.000000 -0.663223
    19 1.152746 -0.000003 0.000003 0.000000 0.000000 -0.523598
    20 0.000419 0.016150 0.002405 3.136320 -0.007304 -0.003105
    21 0.001816 -0.009672 -0.007393 3.139013 -0.008631 -0.008588
    22 -0.003752 -0.011593 -0.001195 3.133090 0.002976 0.014444
    23 3.684098 -0.158697 1.419183 0.000000 0.000000 -0.253072
    24 1.701014 0.000004 0.000004 0.000000 0.000000 -0.602138
    25 0.994714 -0.000002 -0.000008 0.000000 0.000000 -0.357792
    26 0.021160 0.011093 -0.004108 -3.137926 -0.002080 -0.001153
    27 -0.003428 0.010128 -0.008341 -3.140832 -0.004146 -0.019238
    28 0.004127 0.010881 0.000767 3.138806 -0.003164 -0.013821
    29 1.068074 -1.287202 0.981906 1.925949 -0.499323 -0.437818
    30 1.836308 -0.000001 0.000002 0.074245 -0.173006 -0.593150
    31 1.223949 -0.000002 0.000002 0.027395 -0.026912 -0.598150
    32 -0.012758 0.013269 0.005633 -3.132442 0.011957 -0.016684
    33 0.003252 0.002937 0.004907 3.134101 -0.012025 0.011384
    34 0.017597 0.001415 -0.271330 3.132743 -0.094250 -0.000348
    35 -0.034845 0.015532 -0.006371 -3.119476 -0.012752 0.011827
    36 6.868289 0.000003 0.000003 1.894370 0.030276 0.157882
    37 -6.002364 -0.460211 -0.868646 -0.695749 -0.131805 0.077518
    38 -6.002752 -0.459276 -0.867383 -0.699507 -0.131813 0.077097
    39 -10.921875 -4.957031 -11.492188 -1.570794 0.087264 -1.570796
    40 -0.000001 -0.000002 0.000004 -0.101753 -0.179767 0.161148
    41 10.907397 0.000000 -0.000001 -0.000346 -0.000019 -1.048629
    42 10.424307 0.000001 0.000016 -0.662122 0.150782 0.386999
    43 2.997296 0.000062 1.477484 0.000000 0.104719 -1.038469
    44 1.510386 -0.000002 0.000000 0.000000 0.000000 -1.422442
    45 0.808652 0.000001 -0.000003 -0.087183 0.081589 -1.026206
    46 -0.010181 0.001544 -0.002427 3.133438 0.004938 -0.014530
    47 -0.007761 0.000776 -0.012938 -3.140949 0.009512 -0.002789
    48 -0.003515 0.022163 -0.007593 -3.131007 0.004989 -0.015563
    49 3.305811 0.201132 0.547463 0.097216 -0.050307 -0.854751
    50 1.807181 -0.000005 -0.000002 0.020284 -0.092163 -1.076368
    51 0.966146 0.000000 0.000000 0.000000 0.000000 -1.579521
    52 -0.004041 0.002991 -0.002260 -3.129316 0.007469 -0.002160
    53 -0.016014 -0.012525 -0.005755 -3.127586 -0.003209 -0.007102
    54 -0.010741 -0.015351 -0.005964 -3.141244 -0.014366 0.013993
    55 3.571526 0.110787 -0.409180 -0.010425 -0.147987 -0.662451
    56 2.150658 0.000000 0.000000 0.000000 0.000000 -1.596972
    57 1.152748 0.000002 -0.000001 0.000000 0.000000 -1.038446
    58 -0.009424 0.003368 0.009511 3.138994 -0.007577 -0.001092
    59 -0.009795 0.006993 0.001619 3.137400 -0.006826 0.001062
    60 -0.005070 0.017085 0.007624 3.135509 0.005211 0.001477
    61 3.684113 -0.153569 -1.419744 -0.099113 -0.252191 -0.545702
    62 1.701014 -0.000001 0.000000 0.000000 0.000000 -0.253072
    63 0.994705 -0.000004 0.000000 0.000000 0.000000 -0.436331
    64 0.015236 0.000657 -0.012633 3.136885 0.014164 0.000018
    65 -0.014324 -0.018461 0.000846 -3.134644 0.013210 0.007851
    66 -0.020566 0.000650 -0.004019 -3.126894 -0.002595 -0.013678
    67 1.068097 -1.283652 -0.986552 -1.942598 0.550728 -0.217730
    68 1.836308 -0.000002 0.000001 0.071731 -0.042788 -0.118793
    69 1.223948 0.000001 -0.000002 -0.030976 -0.071337 -0.420798
    70 -0.026768 0.000412 0.021024 -3.135050 0.011560 0.031832
    71 -0.030946 0.015453 0.007155 3.126687 -0.014474 -0.013279
    72 0.024326 0.034636 0.000721 -3.121606 0.015525 0.030344
    73 -0.046000 0.019587 0.021797 3.134639 0.020864 -0.001670
    74 6.694322 0.000002 0.000001 -0.927199 -0.147763 0.064119
    75 -6.579163 -0.452807 0.914976 1.390020 0.137634 0.072730
    76 -6.553783 -0.454803 0.900534 1.387994 0.108045 0.086436
  time 40
    0 -6.239389 -24.784207 -4.396709 0.872463 0.013785 2.483288
    1 7.820313 -3.039063 -8.804688 -1.082104 0.087263 -1.570797
    2 -0.000001 0.000002 0.000000 -0.021003 -0.098597 0.766856
    3 10.907404 0.000001 -0.000001 -0.000001 0.000012 -0.428155
    4 10.424325 -0.000011 -0.000033 2.468703 0.420364 -0.460671
    5 2.997275 0.005409 -1.477475 0.000000 0.000000 -0.471238
    6 1.510384 -0.000004 0.000000 0.000000 0.000000 -0.689404
    7 0.808659 -0.000001 0.000001 0.000000 0.000000 -0.654499
    8 -0.005463 0.010882 0.011922 -3.130701 -0.002586 -0.018476
    9 -0.001080 -0.005339 -0.002780 -3.138880 -0.004640 0.012721
    10 -0.019963 -0.004463 0.017139 3.137685 -0.000240 0.002472
    11 3.305800 0.203115 -0.546730 0.000000 0.000000 -0.488691
    12 1.807178 0.000000 -0.000004 0.000000 0.000000 -0.637045
    13 0.966141 0.000003 -0.000001 0.000000 0.000000 -0.497418
    14 -0.002205 0.006298 0.000417 3.133979 -0.003058 0.005338
    15 0.007872 0.003559 -0.000436 -3.124798 -0.001004 0.009074
    16 0.012690 -0.008244 0.010269 -3.131666 0.016691 0.012264
    17 3.571513 0.109304 0.409580 0.000000 0.000000 -0.427605
    18 2.150648 0.000002 -0.000003 0.000000 0.000000 -0.663223
    19 1.152746 -0.000003 0.000003 0.000000 0.000000 -0.523598
    20 0.000419 0.016150 0.002405 3.136320 -0.007304 -0.003105
    21 0.001816 -0.009672 -0.007393 3.139013 -0.008631 -0.008588
    22 -0.003752 -0.011593 -0.001195 3.133090 0.002976 0.014444
    23 3.684098 -0.158697 1.419183 0.000000 0.000000 -0.253072
    24 1.701014 0.000004 0.000004 0.000000 0.000000 -0.602138
    25 0.994714 -0.000002 -0.000008 0.000000 0.000000 -0.357792
    26 0.021160 0.011093 -0.004108 -3.137926 -0.002080 -0.001153
    27 -0.003428 0.010128 -0.008341 -3.140832 -0.004146 -0.019238
    28 0.004127 0.010881 0.000767 3.138806 -0.003164 -0.013821
    29 1.068074 -1.287202 0.981906 1.925949 -0.499323 -0.437818
    30 1.836308 -0.000001 0.000002 0.074245 -0.173006 -0.593150
    31 1.223949 -0.000002 0.000002 0.027395 -0.026912 -0.598150
    32 -0.012758 0.013269 0.005633 -3.132442 0.011957 -0.016684
    33 0.003252 0.002937 0.004907 3.134101 -0.012025 0.011384
    34 0.017597 0.001415 -0.271330 3.132743 -0.094250 -0.000348
    35 -0.034845 0.015532 -0.006371 -3.119476 -0.012752 0.011827
    36 6.868289 0.000003 0.000003 1.894370 0.030276 0.157882
    37 -6.002364 -0.460211 -0.868646 -0.695749 -0.131805 0.077518
    38 -6.002752 -0.459276 -0.867383 -0.699507 -0.131813 0.077097
    39 -10.921875 -4.957031 -11.492188 -1.570794 0.087264 -1.570796
    40 -0.000001 -0.000002 0.000004 -0.101498 -0.179137 0.162317
    41 10.907397 0.000000 -0.000001 -0.000346 -0.000019 -1.049749
    42 10.424307 0.000001 0.000016 -0.663019 0.150072 0.386912
    43 2.997296 0.000062 1.477484 0.000000 0.104719 -1.038469
    44 1.510386 -0.000002 0.000000 0.000000 0.000000 -1.422442
    45 0.808652 0.000001 -0.000003 -0.087183 0.081589 -1.026206
    46 -0.010181 0.001544 -0.002427 3.133438 0.004938 -0.014530
    47 -0.007761 0.000776 -0.012938 -3.140949 0.009512 -0.002789
    48 -0.003515 0.022163 -0.007593 -3.131007 0.004989 -0.015563
    49 3.305811 0.201132 0.547463 0.097216 -0.050307 -0.854751
    50 1.807181 -0.000005 -0.000002 0.020284 -0.092163 -1.076368
    51 0.966146 0.000000 0.000000 0.000000 0.000000 -1.579521
    52 -0.004041 0.002991 -0.002260 -3.129316 0.007469 -0.002160
    53 -0.016014 -0.012525 -0.005755 -3.127586 -0.003209 -0.007102
    54 -0.010741 -0.015351 -0.005964 -3.141244 -0.014366 0.013993
    55 3.571526 0.110787 -0.409180 -0.010425 -0.147987 -0.662451
    56 2.150658 0.000000 0.000000 0.000000 0.000000 -1.596972
    57 1.152748 0.000002 -0.000001 0.000000 0.000000 -1.038446
    58 -0.009424 0.003368 0.009511 3.138994 -0.007577 -0.001092
    59 -0.009795 0.006993 0.001619 3.137400 -0.006826 0.001062
    60 -0.005070 0.017085 0.007624 3.135509 0.005211 0.001477
    61 3.684113 -0.153569 -1.419744 -0.099268 -0.252311 -0.545046
    62 1.701014 -0.000001 0.000000 0.000000 0.000000 -0.253072
    63 0.994705 -0.000004 0.000000 0.000000 0.000000 -0.436331
    64 0.015236 0.000657 -0.012633 3.136885 0.014164 0.000018
    65 -0.014324 -0.018461 0.000846 -3.134644 0.013210 0.007851
    66 -0.020566 0.000650 -0.004019 -3.126894 -0.002595 -0.013678
    67 1.068097 -1.283652 -0.986552 -1.942780 0.550620 -0.218066
    68 1.836308 -0.000002 0.000001 0.071731 -0.042788 -0.118793
    69 1.223948 0.000001 -0.000002 -0.030976 -0.071337 -0.420798
    70 -0.026768 0.000412 0.021024 -3.135050 0.011560 0.031832
    71 -0.030946 0.015453 0.007155 3.126687 -0.014474 -0.013279
    72 0.024326 0.034636 0.000721 -3.121606 0.015525 0.030344
    73 -0.046000 0.019587 0.021797 3.134639 0.020864 -0.001670
    74 6.694322 0.000002 0.000001 -0.927518 -0.147751 0.064167
    75 -6.579163 -0.452807 0.914976 1.390020 0.137634 0.072730
    76 -6.553783 -0.454803 0.900534 1.387994 0.108045 0.086436
  time 41
    0 -6.255015 -24.784207 -4.408428 0.873120 0.012639 2.482340
    1 7.820313 -3.039063 -8.804688 -1.082104 0.087263 -1.570797
    2 -0.000001 0.000002 0.000000 -0.021003 -0.098597 0.766856
    3 10.907404 0.000001 -0.000001 -0.000001 0.000012 -0.428155
    4 10.424325 -0.000011 -0.000033 2.468703 0.420364 -0.460671
    5 2.997275 0.005409 -1.477475 0.000000 0.000000 -0.471238
    6 1.510384 -0.000004 0.000000 0.000000 0.000000 -0.689404
    7 0.808659 -0.000001 0.000001 0.000000 0.000000 -0.654499
    8 -0.005463 0.010882 0.011922 -3.130701 -0.002586 -0.018476
    9 -0.001080 -0.005339 -0.002780 -3.138880 -0.004640 0.012721
    10 -0.019963 -0.004463 0.017139 3.137685 -0.000240 0.002472
    11 3.305800 0.203115 -0.546730 0.000000 0.000000 -0.488691
    12 1.807178 0.000000 -0.000004 0.000000 0.000000 -0.637045
    13 0.966141 0.000003 -0.000001 0.000000 0.000000 -0.497418
    14 -0.002205 0.006298 0.000417 3.133979 -0.003058 0.005338
    15 0.007872 0.003559 -0.000436 -3.124798 -0.001004 0.009074
    16 0.012690 -0.008244 0.010269 -3.131666 0.016691 0.012264
    17 3.571513 0.109304 0.409580 0.000000 0.000000 -0.427605
    18 2.150648 0.000002 -0.000003 0.000000 0.000000 -0.663223
    19 1.152746 -0.000003 0.000003 0.000000 0.000000 -0.523598
    20 0.000419 0.016150 0.002405 3.136320 -0.007304 -0.003105
    21 0.001816 -0.009672 -0.007393 3.139013 -0.008631 -0.008588
    22 -0.003752 -0.011593 -0.001195 3.133090 0.002976 0.014444
    23 3.684098 -0.158697 1.419183 0.000000 0.000000 -0.253072
    24 1.701014 0.000004 0.000004 0.000000 0.000000 -0.602138
    25 0.994714 -0.000002 -0.000008 0.000000 0.000000 -0.357792
    26 0.021160 0.011093 -0.004108 -3.137926 -0.002080 -0.001153
    27 -0.003428 0.010128 -0.008341 -3.140832 -0.004146 -0.019238
    28 0.004127 0.010881 0.000767 3.138806 -0.003164 -0.013821
    29 1.068074 -1.287202 0.981906 1.925949 -0.499323 -0.437818
    30 1.836308 -0.000001 0.000002 0.074245 -0.173006 -0.593150
    31 1.223949 -0.000002 0.000002 0.027395 -0.026912 -0.598150
    32 -0.012758 0.013269 0.005633 -3.132442 0.011957 -0.016684
    33 0.003252 0.002937 0.004907 3.134101 -0.012025 0.011384
    34 0.017597 0.001415 -0.271330 3.132743 -0.094250 -0.000348
    35 -0.034845 0.015532 -0.006371 -3.119476 -0.012752 0.011827
    36 6.868289 0.000003 0.000003 1.894370 0.030276 0.157882
    37 -6.002364 -0.460211 -0.868646 -0.695749 -0.131805 0.077518
    38 -6.002752 -0.459276 -0.867383 -0.699507 -0.131813 0.077097
    39 -10.921875 -4.957031 -11.492188 -1.570794 0.087264 -1.570796
    40 -0.000001 -0.000002 0.000004 -0.101243 -0.178434 0.163396
    41 10.907397 0.000000 -0.000001 -0.000346 -0.000019 -1.050834
    42 10.424307 0.000001 0.000016 -0.663991 0.149324 0.386912
    43 2.997296 0.000062 1.477484 0.000000 0.104719 -1.038469
    44 1.510386 -0.000002 0.000000 0.000000 0.000000 -1.422442
    45 0.808652 0.000001 -0.000003 -0.087183 0.081589 -1.026206
    46 -0.010181 0.001544 -0.002427 3.133438 0.004938 -0.014530
    47 -0.007761 0.000776 -0.012938 -3.140949 0.009512 -0.002789
    48 -0.003515 0.022163 -0.007593 -3.131007 0.004989 -0.015563
    49 3.305811 0.201132 0.547463 0.097216 -0.050307 -0.854751
    50 1.807181 -0.000005 -0.000002 0.020284 -0.092163 -1.076368
    51 0.966146 0.000000 0.000000 0.000000 0.000000 -1.579521
    52 -0.004041 0.002991 -0.002260 -3.129316 0.007469 -0.002160
    53 -0.016014 -0.012525 -0.005755 -3.127586 -0.003209 -0.007102
    54 -0.010741 -0.015351 -0.005964 -3.141244 -0.014366 0.013993
    55 3.571526 0.110787 -0.409180 -0.010425 -0.147987 -0.662451
    56 2.150658 0.000000 0.000000 0.000000 0.000000 -1.596972
    57 1.152748 0.000002 -0.000001 0.000000 0.000000 -1.038446
    58 -0.009424 0.003368 0.009511 3.138994 -0.007577 -0.001092
    59 -0.009795 0.006993 0.001619 3.137400 -0.006826 0.001062
    60 -0.005070 0.017085 0.007624 3.135509 0.005211 0.001477
    61 3.684113 -0.153569 -1.419744 -0.099544 -0.252527 -0.543980
    62 1.701014 -0.000001 0.000000 0.000000 0.000000 -0.253072
    63 0.994705 -0.000004 0.000000 0.000000 0.000000 -0.436331
    64 0.015236 0.000657 -0.012633 3.136885 0.014164 0.000018
    65 -0.014324 -0.018461 0.000846 -3.134644 0.013210 0.007851
    66 -0.020566 0.000650 -0.004019 -3.126894 -0.002595 -0.013678
    67 1.068097 -1.283652 -0.986552 -1.943092 0.550440 -0.218641
    68 1.836308 -0.000002 0.000001 0.071731 -0.042788 -0.118793
    69 1.223948 0.000001 -0.000002 -0.030976 -0.071337 -0.420798
    70 -0.026768 0.000412 0.021024 -3.135050 0.011560 0.031832
    71 -0.030946 0.015453 0.007155 3.126687 -0.014474 -0.013279
    72 0.024326 0.034636 0.000721 -3.121606 0.015525 0.030344
    73 -0.046000 0.019587 0.021797 3.134639 0.020864 -0.001670
    74 6.694322 0.000002 0.000001 -0.927884 -0.147727 0.064215
    75 -6.579163 -0.452807 0.914976 1.390020 0.137634 0.072730
    76 -6.553783 -0.454803 0.900534 1.387994 0.108045 0.086436
  time 42
    0 -6.266734 -24.784207 -4.416241 0.873777 0.011219 2.481107
    1 7.820313 -3.039063 -8.804688 -1.082104 0.087263 -1.570797
    2 -0.000001 0.000002 0.000000 -0.021003 -0.098597 0.766856
    3 10.907404 0.000001 -0.000001 -0.000001 0.000012 -0.428155
    4 10.424325 -0.000011 -0.000033 2.468703 0.420364 -0.460671
    5 2.997275 0.005409 -1.477475 0.000000 0.000000 -0.471238
    6 1.510384 -0.000004 0.000000 0.000000 0.000000 -0.689404
    7 0.808659 -0.000001 0.000001 0.000000 0.000000 -0.654499
    8 -0.005463 0.010882 0.011922 -3.130701 -0.002586 -0.018476
    9 -0.001080 -0.005339 -0.002780 -3.138880 -0.004640 0.012721
    10 -0.019963 -0.004463 0.017139 3.137685 -0.000240 0.002472
    11 3.305800 0.203115 -0.546730 0.000000 0.000000 -0.488691
    12 1.807178 0.000000 -0.000004 0.000000 0.000000 -0.637045
    13 0.966141 0.000003 -0.000001 0.000000 0.000000 -0.497418
    14 -0.002205 0.006298 0.000417 3.133979 -0.003058 0.005338
    15 0.007872 0.003559 -0.000436 -3.124798 -0.001004 0.009074
    16 0.012690 -0.008244 0.010269 -3.131666 0.016691 0.012264
    17 3.571513 0.109304 0.409580 0.000000 0.000000 -0.427605
    18 2.150648 0.000002 -0.000003 0.000000 0.000000 -0.663223
    19 1.152746 -0.000003 0.000003 0.000000 0.000000 -0.523598
    20 0.000419 0.016150 0.002405 3.136320 -0.007304 -0.003105
    21 0.001816 -0.009672 -0.007393 3.139013 -0.008631 -0.008588
    22 -0.003752 -0.011593 -0.001195 3.133090 0.002976 0.014444
    23 3.684098 -0.158697 1.419183 0.000000 0.000000 -0.253072
    24 1.701014 0.000004 0.000004 0.000000 0.000000 -0.602138
    25 0.994714 -0.000002 -0.000008 0.000000 0.000000 -0.357792
    26 0.021160 0.011093 -0.004108 -3.137926 -0.002080 -0.001153
    27 -0.003428 0.010128 -0.008341 -3.140832 -0.004146 -0.019238
    28 0.004127 0.010881 0.000767 3.138806 -0.003164 -0.013821
    29 1.068074 -1.287202 0.981906 1.925949 -0.499323 -0.437818
    30 1.836308 -0.000001 0.000002 0.074245 -0.173006 -0.593150
    31 1.223949 -0.000002 0.000002 0.027395 -0.026912 -0.598150
    32 -0.012758 0.013269 0.005633 -3.132442 0.011957 -0.016684
    33 0.003252 0.002937 0.004907 3.134101 -0.012025 0.011384
    34 0.017597 0.001415 -0.271330 3.132743 -0.094250 -0.000348
    35 -0.034845 0.015532 -0.006371 -3.119476 -0.012752 0.011827
    36 6.868289 0.000003 0.000003 1.894370 0.030276 0.157882
    37 -6.002364 -0.460211 -0.868646 -0.695749 -0.131805 0.077518
    38 -6.002752 -0.459276 -0.867383 -0.699507 -0.131813 0.077097
    39 -10.921875 -4.957031 -11.492188 -1.570794 0.087264 -1.570796
    40 -0.000001 -0.000002 0.000004 -0.100957 -0.177767 0.164384
    41 10.907397 0.000000 -0.000001 -0.000346 -0.000019 -1.051884
    42 10.424307 0.000001 0.000016 -0.665037 0.148576 0.386912
    43 2.997296 0.000062 1.477484 0.000000 0.104719 -1.038469
    44 1.510386 -0.000002 0.000000 0.000000 0.000000 -1.422442
    45 0.808652 0.000001 -0.000003 -0.087183 0.081589 -1.026206
    46 -0.010181 0.001544 -0.002427 3.133438 0.004938 -0.014530
    47 -0.007761 0.000776 -0.012938 -3.140949 0.009512 -0.002789
    48 -0.003515 0.022163 -0.007593 -3.131007 0.004989 -0.015563
    49 3.305811 0.201132 0.547463 0.097216 -0.050307 -0.854751
    50 1.807181 -0.000005 -0.000002 0.020284 -0.092163 -1.076368
    51 0.966146 0.000000 0.000000 0.000000 0.000000 -1.579521
    52 -0.004041 0.002991 -0.002260 -3.129316 0.007469 -0.002160
    53 -0.016014 -0.012525 -0.005755 -3.127586 -0.003209 -0.007102
    54 -0.010741 -0.015351 -0.005964 -3.141244 -0.014366 0.013993
    55 3.571526 0.110787 -0.409180 -0.010425 -0.147987 -0.662451
    56 2.150658 0.000000 0.000000 0.000000 0.000000 -1.596972
    57 1.152748 0.000002 -0.000001 0.000000 0.000000 -1.038446
    58 -0.009424 0.003368 0.009511 3.138994 -0.007577 -0.001092
    59 -0.009795 0.006993 0.001619 3.137400 -0.006826 0.001062
    60 -0.005070 0.017085 0.007624 3.135509 0.005211 0.001477
    61 3.684113 -0.153569 -1.419744 -0.099916 -0.252802 -0.542524
    62 1.701014 -0.000001 0.000000 0.000000 0.000000 -0.253072
    63 0.994705 -0.000004 0.000000 0.000000 0.000000 -0.436331
    64 0.015236 0.000657 -0.012633 3.136885 0.014164 0.000018
    65 -0.014324 -0.018461 0.000846 -3.134644 0.013210 0.007851
    66 -0.020566 0.000650 -0.004019 -3.126894 -0.002595 -0.013678
    67 1.068097 -1.283652 -0.986552 -1.943507 0.550188 -0.219408
    68 1.836308 -0.000002 0.000001 0.071731 -0.042788 -0.118793
    69 1.223948 0.000001 -0.000002 -0.030976 -0.071337 -0.420798
    70 -0.026768 0.000412 0.021024 -3.135050 0.011560 0.031832
    71 -0.030946 0.015453 0.007155 3.126687 -0.014474 -0.013279
    72 0.024326 0.034636 0.000721 -3.121606 0.015525 0.030344
    73 -0.046000 0.019587 0.021797 3.134639 0.020864 -0.001670
    74 6.694322 0.000002 0.000001 -0.928249 -0.147703 0.064275
    75 -6.579163 -0.452807 0.914976 1.390020 0.137634 0.072730
    76 -6.553783 -0.454803 0.900534 1.387994 0.108045 0.086436
  time 43
    0 -6.278453 -24.784207 -4.427960 0.874527 0.009570 2.479590
    1 7.820313 -3.039063 -8.804688 -1.082104 0.087263 -1.570797
    2 -0.000001 0.000002 0.000000 -0.021003 -0.098597 0.766856
    3 10.907404 0.000001 -0.000001 -0.000001 0.000012 -0.428155
    4 10.424325 -0.000011 -0.000033 2.468703 0.420364 -0.460671
    5 2.997275 0.005409 -1.477475 0.000000 0.000000 -0.471238
    6 1.510384 -0.000004 0.000000 0.000000 0.000000 -0.689404
    7 0.808659 -0.000001 0.000001 0.000000 0.000000 -0.654499
    8 -0.005463 0.010882 0.011922 -3.130701 -0.002586 -0.018476
    9 -0.001080 -0.005339 -0.002780 -3.138880 -0.004640 0.012721
    10 -0.019963 -0.004463 0.017139 3.137685 -0.000240 0.002472
    11 3.305800 0.203115 -0.546730 0.000000 0.000000 -0.488691
    12 1.807178 0.000000 -0.000004 0.000000 0.000000 -0.637045
    13 0.966141 0.000003 -0.000001 0.000000 0.000000 -0.497418
    14 -0.002205 0.006298 0.000417 3.133979 -0.003058 0.005338
    15 0.007872 0.003559 -0.000436 -3.124798 -0.001004 0.009074
    16 0.012690 -0.008244 0.010269 -3.131666 0.016691 0.012264
    17 3.571513 0.109304 0.409580 0.000000 0.000000 -0.427605
    18 2.150648 0.000002 -0.000003 0.000000 0.000000 -0.663223
    19 1.152746 -0.000003 0.000003 0.000000 0.000000 -0.523598
    20 0.000419 0.016150 0.002405 3.136320 -0.007304 -0.003105
    21 0.001816 -0.009672 -0.007393 3.139013 -0.008631 -0.008588
    22 -0.003752 -0.011593 -0.001195 3.133090 0.002976 0.014444
    23 3.684098 -0.158697 1.419183 0.000000 0.000000 -0.253072
    24 1.701014 0.000004 0.000004 0.000000 0.000000 -0.602138
    25 0.994714 -0.000002 -0.000008 0.000000 0.000000 -0.357792
    26 0.021160 0.011093 -0.004108 -3.137926 -0.002080 -0.001153
    27 -0.003428 0.010128 -0.008341 -3.140832 -0.004146 -0.019238
    28 0.004127 0.010881 0.000767 3.138806 -0.003164 -0.013821
    29 1.068074 -1.287202 0.981906 1.925949 -0.499323 -0.437818
    30 1.836308 -0.000001 0.000002 0.074245 -0.173006 -0.593150
    31 1.223949 -0.000002 0.000002 0.027395 -0.026912 -0.598150
    32 -0.012758 0.013269 0.005633 -3.132442 0.011957 -0.016684
    33 0.003252 0.002937 0.004907 3.134101 -0.012025 0.011384
    34 0.017597 0.001415 -0.271330 3.132743 -0.094250 -0.000348
    35 -0.034845 0.015532 -0.006371 -3.119476 -0.012752 0.011827
    36 6.868289 0.000003 0.000003 1.894370 0.030276 0.157882
    37 -6.002364 -0.460211 -0.868646 -0.695749 -0.131805 0.077518
    38 -6.002752 -0.459276 -0.867383 -0.699507 -0.131813 0.077097
    39 -10.921875 -4.957031 -11.492188 -1.570794 0.087264 -1.570796
    40 -0.000001 -0.000002 0.000004 -0.100638 -0.177064 0.165284
    41 10.907397 0.000000 -0.000001 -0.000346 -0.000019 -1.052864
    42 10.424307 0.000001 0.000016 -0.666159 0.147828 0.386999
    43 2.997296 0.000062 1.477484 0.000000 0.104719 -1.038469
    44 1.510386 -0.000002 0.000000 0.000000 0.000000 -1.422442
    45 0.808652 0.000001 -0.000003 -0.087183 0.081589 -1.026206
    46 -0.010181 0.001544 -0.002427 3.133438 0.004938 -0.014530
    47 -0.007761 0.000776 -0.012938 -3.140949 0.009512 -0.002789
    48 -0.003515 0.022163 -0.007593 -3.131007 0.004989 -0.015563
    49 3.305811 0.201132 0.547463 0.097216 -0.050307 -0.854751
    50 1.807181 -0.000005 -0.000002 0.020284 -0.092163 -1.076368
    51 0.966146 0.000000 0.000000 0.000000 0.000000 -1.579521
    52 -0.004041 0.002991 -0.002260 -3.129316 0.007469 -0.002160
    53 -0.016014 -0.012525 -0.005755 -3.127586 -0.003209 -0.007102
    54 -0.010741 -0.015351 -0.005964 -3.141244 -0.014366 0.013993
    55 3.571526 0.110787 -0.409180 -0.010425 -0.147987 -0.662451
    56 2.150658 0.000000 0.000000 0.000000 0.000000 -1.596972
    57 1.152748 0.000002 -0.000001 0.000000 0.000000 -1.038446
    58 -0.009424 0.003368 0.009511 3.138994 -0.007577 -0.001092
    59 -0.009795 0.006993 0.001619 3.137400 -0.006826 0.001062
    60 -0.005070 0.017085 0.007624 3.135509 0.005211 0.001477
    61 3.684113 -0.153569 -1.419744 -0.100383 -0.253150 -0.540658
    62 1.701014 -0.000001 0.000000 0.000000 0.000000 -0.253072
    63 0.994705 -0.000004 0.000000 0.000000 0.000000 -0.436331
    64 0.015236 0.000657 -0.012633 3.136885 0.014164 0.000018
    65 -0.014324 -0.018461 0.000846 -3.134644 0.013210 0.007851
    66 -0.020566 0.000650 -0.004019 -3.126894 -0.002595 -0.013678
    67 1.068097 -1.283652 -0.986552 -1.944027 0.549877 -0.220403
    68 1.836308 -0.000002 0.000001 0.071731 -0.042788 -0.118793
    69 1.223948 0.000001 -0.000002 -0.030976 -0.071337 -0.420798
    70 -0.026768 0.000412 0.021024 -3.135050 0.011560 0.031832
    71 -0.030946 0.015453 0.007155 3.126687 -0.014474 -0.013279
    72 0.024326 0.034636 0.000721 -3.121606 0.015525 0.030344
    73 -0.046000 0.019587 0.021797 3.134639 0.020864 -0.001670
    74 6.694322 0.000002 0.000001 -0.928660 -0.147679 0.064335
    75 -6.579163 -0.452807 0.914976 1.390020 0.137634 0.072730
    76 -6.553783 -0.454803 0.900534 1.387994 0.108045 0.086436
  time 44
    0 -6.294078 -24.784207 -4.435773 0.875372 0.007646 2.477883
    1 7.820313 -3.039063 -8.804688 -1.082104 0.087263 -1.570797
    2 -0.000001 0.000002 0.000000 -0.021003 -0.098597 0.766856
    3 10.907404 0.000001 -0.000001 -0.000001 0.000012 -0.428155
    4 10.424325 -0.000011 -0.000033 2.468703 0.420364 -0.460671
    5 2.997275 0.005409 -1.477475 0.000000 0.000000 -0.471238
    6 1.510384 -0.000004 0.000000 0.000000 0.000000 -0.689404
    7 0.808659 -0.000001 0.000001 0.000000 0.000000 -0.654499
    8 -0.005463 0.010882 0.011922 -3.130701 -0.002586 -0.018476
    9 -0.001080 -0.005339 -0.002780 -3.138880 -0.004640 0.012721
    10 -0.019963 -0.004463 0.017139 3.137685 -0.000240 0.002472
    11 3.305800 0.203115 -0.546730 0.000000 0.000000 -0.488691
    12 1.807178 0.000000 -0.000004 0.000000 0.000000 -0.637045
    13 0.966141 0.000003 -0.000001 0.000000 0.000000 -0.497418
    14 -0.002205 0.006298 0.000417 3.133979 -0.003058 0.005338
    15 0.007872 0.003559 -0.000436 -3.124798 -0.001004 0.009074
    16 0.012690 -0.008244 0.010269 -3.131666 0.016691 0.012264
    17 3.571513 0.109304 0.409580 0.000000 0.000000 -0.427605
    18 2.150648 0.000002 -0.000003 0.000000 0.000000 -0.663223
    19 1.152746 -0.000003 0.000003 0.000000 0.000000 -0.523598
    20 0.000419 0.016150 0.002405 3.136320 -0.007304 -0.003105
    21 0.001816 -0.009672 -0.007393 3.139013 -0.008631 -0.008588
    22 -0.003752 -0.011593 -0.001195 3.133090 0.002976 0.014444
    23 3.684098 -0.158697 1.419183 0.000000 0.000000 -0.253072
    24 1.701014 0.000004 0.000004 0.000000 0.000000 -0.602138
    25 0.994714 -0.000002 -0.000008 0.000000 0.000000 -0.357792
    26 0.021160 0.011093 -0.004108 -3.137926 -0.002080 -0.001153
    27 -0.003428 0.010128 -0.008341 -3.140832 -0.004146 -0.019238
    28 0.004127 0.010881 0.000767 3.138806 -0.003164 -0.013821
    29 1.068074 -1.287202 0.981906 1.925949 -0.499323 -0.437818
    30 1.836308 -0.000001 0.000002 0.074245 -0.173006 -0.593150
    31 1.223949 -0.000002 0.000002 0.027395 -0.026912 -0.598150
    32 -0.012758 0.013269 0.005633 -3.132442 0.011957 -0.016684
    33 0.003252 0.002937 0.004907 3.134101 -0.012025 0.011384
    34 0.017597 0.001415 -0.271330 3.132743 -0.094250 -0.000348
    35 -0.034845 0.015532 -0.006371 -3.119476 -0.012752 0.011827
    36 6.868289 0.000003 0.000003 1.894370 0.030276 0.157882
    37 -6.002364 -0.460211 -0.868646 -0.695749 -0.131805 0.077518
    38 -6.002752 -0.459276 -0.867383 -0.699507 -0.131813 0.077097
    39 -10.921875 -4.957031 -11.492188 -1.570794 0.087264 -1.570796
    40 -0.000001 -0.000002 0.000004 -0.100351 -0.176360 0.166183
    41 10.907397 0.000000 -0.000001 -0.000346 -0.000019 -1.053845
    42 10.424307 0.000001 0.000016 -0.667430 0.147080 0.386999
    43 2.997296 0.000062 1.477484 0.000000 0.104719 -1.038469
    44 1.510386 -0.000002 0.000000 0.000000 0.000000 -1.422442
    45 0.808652 0.000001 -0.000003 -0.087183 0.081589 -1.026206
    46 -0.010181 0.001544 -0.002427 3.133438 0.004938 -0.014530
    47 -0.007761 0.000776 -0.012938 -3.140949 0.009512 -0.002789
    48 -0.003515 0.022163 -0.007593 -3.131007 0.004989 -0.015563
    49 3.305811 0.201132 0.547463 0.097216 -0.050307 -0.854751
    50 1.807181 -0.000005 -0.000002 0.020284 -0.092163 -1.076368
    51 0.966146 0.000000 0.000000 0.000000 0.000000 -1.579521
    52 -0.004041 0.002991 -0.002260 -3.129316 0.007469 -0.002160
    53 -0.016014 -0.012525 -0.005755 -3.127586 -0.003209 -0.007102
    54 -0.010741 -0.015351 -0.005964 -3.141244 -0.014366 0.013993
    55 3.571526 0.110787 -0.409180 -0.010425 -0.147987 -0.662451
    56 2.150658 0.000000 0.000000 0.000000 0.000000 -1.596972
    57 1.152748 0.000002 -0.000001 0.000000 0.000000 -1.038446
    58 -0.009424 0.003368 0.009511 3.138994 -0.007577 -0.001092
    59 -0.009795 0.006993 0.001619 3.137400 -0.006826 0.001062
    60 -0.005070 0.017085 0.007624 3.135509 0.005211 0.001477
    61 3.684113 -0.153569 -1.419744 -0.100934 -0.253557 -0.538443
    62 1.701014 -0.000001 0.000000 0.000000 0.000000 -0.253072
    63 0.994705 -0.000004 0.000000 0.000000 0.000000 -0.436331
    64 0.015236 0.000657 -0.012633 3.136885 0.014164 0.000018
    65 -0.014324 -0.018461 0.000846 -3.134644 0.013210 0.007851
    66 -0.020566 0.000650 -0.004019 -3.126894 -0.002595 -0.013678
    67 1.068097 -1.283652 -0.986552 -1.944663 0.549493 -0.221589
    68 1.836308 -0.000002 0.000001 0.071731 -0.042788 -0.118793
    69 1.223948 0.000001 -0.000002 -0.030976 -0.071337 -0.420798
    70 -0.026768 0.000412 0.021024 -3.135050 0.011560 0.031832
    71 -0.030946 0.015453 0.007155 3.126687 -0.014474 -0.013279
    72 0.024326 0.034636 0.000721 -3.121606 0.015525 0.030344
    73 -0.046000 0.019587 0.021797 3.134639 0.020864 -0.001670
    74 6.694322 0.000002 0.000001 -0.929117 -0.147643 0.064407
    75 -6.579163 -0.452807 0.914976 1.390020 0.137634 0.072730
    76 -6.553783 -0.454803 0.900534 1.387994 0.108045 0.086436
  time 45
    0 -6.305797 -24.784207 -4.447492 0.876310 0.005493 2.475796
    1 7.820313 -3.039063 -8.804688 -1.082104 0.087263 -1.570797
    2 -0.000001 0.000002 0.000000 -0.021003 -0.098597 0.766856
    3 10.907404 0.000001 -0.000001 -0.000001 0.000012 -0.428155
    4 10.424325 -0.000011 -0.000033 2.468703 0.420364 -0.460671
    5 2.997275 0.005409 -1.477475 0.000000 0.000000 -0.471238
    6 1.510384 -0.000004 0.000000 0.000000 0.000000 -0.689404
    7 0.808659 -0.000001 0.000001 0.000000 0.000000 -0.654499
    8 -0.005463 0.010882 0.011922 -3.130701 -0.002586 -0.018476
    9 -0.001080 -0.005339 -0.002780 -3.138880 -0.004640 0.012721
    10 -0.019963 -0.004463 0.017139 3.137685 -0.000240 0.002472
    11 3.305800 0.203115 -0.546730 0.000000 0.000000 -0.488691
    12 1.807178 0.000000 -0.000004 0.000000 0.000000 -0.637045
    13 0.966141 0.000003 -0.000001 0.000000 0.000000 -0.497418
    14 -0.002205 0.006298 0.000417 3.133979 -0.003058 0.005338
    15 0.007872 0.003559 -0.000436 -3.124798 -0.001004 0.009074
    16 0.012690 -0.008244 0.010269 -3.131666 0.016691 0.012264
    17 3.571513 0.109304 0.409580 0.000000 0.000000 -0.427605
    18 2.150648 0.000002 -0.000003 0.000000 0.000000 -0.663223
    19 1.152746 -0.000003 0.000003 0.000000 0.000000 -0.523598
    20 0.000419 0.016150 0.002405 3.136320 -0.007304 -0.003105
    21 0.001816 -0.009672 -0.007393 3.139013 -0.008631 -0.008588
    22 -0.003752 -0.011593 -0.001195 3.133090 0.002976 0.014444
    23 3.684098 -0.158697 1.419183 0.000000 0.000000 -0.253072
    24 1.701014 0.000004 0.000004 0.000000 0.000000 -0.602138
    25 0.994714 -0.000002 -0.000008 0.000000 0.000000 -0.357792
    26 0.021160 0.011093 -0.004108 -3.137926 -0.002080 -0.001153
    27 -0.003428 0.010128 -0.008341 -3.140832 -0.004146 -0.019238
    28 0.004127 0.010881 0.000767 3.138806 -0.003164 -0.013821
    29 1.068074 -1.287202 0.981906 1.925949 -0.499323 -0.437818
    30 1.836308 -0.000001 0.000002 0.074245 -0.173006 -0.593150
    31 1.223949 -0.000002 0.000002 0.027395 -0.026912 -0.598150
    32 -0.012758 0.013269 0.005633 -3.132442 0.011957 -0.016684
    33 0.003252 0.002937 0.004907 3.134101 -0.012025 0.011384
    34 0.017597 0.001415 -0.271330 3.132743 -0.094250 -0.000348
    35 -0.034845 0.015532 -0.006371 -3.119476 -0.012752 0.011827
    36 6.868289 0.000003 0.000003 1.894370 0.030276 0.157882
    37 -6.002364 -0.460211 -0.868646 -0.695749 -0.131805 0.077518
    38 -6.002752 -0.459276 -0.867383 -0.699507 -0.131813 0.077097
    39 -10.921875 -4.957031 -11.492188 -1.570794 0.087264 -1.570796
    40 -0.000001 -0.000002 0.000004 -0.100064 -0.175693 0.166992
    41 10.907397 0.000000 -0.000001 -0.000346 -0.000019 -1.054790
    42 10.424307 0.000001 0.000016 -0.668700 0.146332 0.387086
    43 2.997296 0.000062 1.477484 0.000000 0.104719 -1.038469
    44 1.510386 -0.000002 0.000000 0.000000 0.000000 -1.422442
    45 0.808652 0.000001 -0.000003 -0.087183 0.081589 -1.026206
    46 -0.010181 0.001544 -0.002427 3.133438 0.004938 -0.014530
    47 -0.007761 0.000776 -0.012938 -3.140949 0.009512 -0.002789
    48 -0.003515 0.022163 -0.007593 -3.131007 0.004989 -0.015563
    49 3.305811 0.201132 0.547463 0.097216 -0.050307 -0.854751
    50 1.807181 -0.000005 -0.000002 0.020284 -0.092163 -1.076368
    51 0.966146 0.000000 0.000000 0.000000 0.000000 -1.579521
    52 -0.004041 0.002991 -0.002260 -3.129316 0.007469 -0.002160
    53 -0.016014 -0.012525 -0.005755 -3.127586 -0.003209 -0.007102
    54 -0.010741 -0.015351 -0.005964 -3.141244 -0.014366 0.013993
    55 3.571526 0.110787 -0.409180 -0.010425 -0.147987 -0.662451
    56 2.150658 0.000000 0.000000 0.000000 0.000000 -1.596972
    57 1.152748 0.000002 -0.000001 0.000000 0.000000 -1.038446
    58 -0.009424 0.003368 0.009511 3.138994 -0.007577 -0.001092
    59 -0.009795 0.006993 0.001619 3.137400 -0.006826 0.001062
    60 -0.005070 0.017085 0.007624 3.135509 0.005211 0.001477
    61 3.684113 -0.153569 -1.419744 -0.101581 -0.254025 -0.535860
    62 1.701014 -0.000001 0.000000 0.000000 0.000000 -0.253072
    63 0.994705 -0.000004 0.000000 0.000000 0.000000 -0.436331
    64 0.015236 0.000657 -0.012633 3.136885 0.014164 0.000018
    65 -0.014324 -0.018461 0.000846 -3.134644 0.013210 0.007851
    66 -0.020566 0.000650 -0.004019 -3.126894 -0.002595 -0.013678
    67 1.068097 -1.283652 -0.986552 -1.945404 0.549050 -0.222968
    68 1.836308 -0.000002 0.000001 0.071731 -0.042788 -0.118793
    69 1.223948 0.000001 -0.000002 -0.030976 -0.071337 -0.420798
    70 -0.026768 0.000412 0.021024 -3.135050 0.011560 0.031832
    71 -0.030946 0.015453 0.007155 3.126687 -0.014474 -0.013279
    72 0.024326 0.034636 0.000721 -3.121606 0.015525 0.030344
    73 -0.046000 0.019587 0.021797 3.134639 0.020864 -0.001670
    74 6.694322 0.000002 0.000001 -0.929619 -0.147608 0.064479
    75 -6.579163 -0.452807 0.914976 1.390020 0.137634 0.072730
    76 -6.553783 -0.454803 0.900534 1.387994 0.108045 0.086436
  time 46
    0 -6.317516 -24.788113 -4.455305 0.877248 0.003065 2.473520
    1 7.820313 -3.039063 -8.804688 -1.082104 0.087263 -1.570797
    2 -0.000001 0.000002 0.000000 -0.021003 -0.098597 0.766856
    3 10.907404 0.000001 -0.000001 -0.000001 0.000012 -0.428155
    4 10.424325 -0.000011 -0.000033 2.468703 0.420364 -0.460671
    5 2.997275 0.005409 -1.477475 0.000000 0.000000 -0.471238
    6 1.510384 -0.000004 0.000000 0.000000 0.000000 -0.689404
    7 0.808659 -0.000001 0.000001 0.000000 0.000000 -0.654499
    8 -0.005463 0.010882 0.011922 -3.130701 -0.002586 -0.018476
    9 -0.001080 -0.005339 -0.002780 -3.138880 -0.004640 0.012721
    10 -0.019963 -0.004463 0.017139 3.137685 -0.000240 0.002472
    11 3.305800 0.203115 -0.546730 0.000000 0.000000 -0.488691
    12 1.807178 0.000000 -0.000004 0.000000 0.000000 -0.637045
    13 0.966141 0.000003 -0.000001 0.000000 0.000000 -0.497418
    14 -0.002205 0.006298 0.000417 3.133979 -0.003058 0.005338
    15 0.007872 0.003559 -0.000436 -3.124798 -0.001004 0.009074
    16 0.012690 -0.008244 0.010269 -3.131666 0.016691 0.012264
    17 3.571513 0.109304 0.409580 0.000000 0.000000 -0.427605
    18 2.150648 0.000002 -0.000003 0.000000 0.000000 -0.663223
    19 1.152746 -0.000003 0.000003 0.000000 0.000000 -0.523598
    20 0.000419 0.016150 0.002405 3.136320 -0.007304 -0.003105
    21 0.001816 -0.009672 -0.007393 3.139013 -0.008631 -0.008588
    22 -0.003752 -0.011593 -0.001195 3.133090 0.002976 0.014444
    23 3.684098 -0.158697 1.419183 0.000000 0.000000 -0.253072
    24 1.701014 0.000004 0.000004 0.000000 0.000000 -0.602138
    25 0.994714 -0.000002 -0.000008 0.000000 0.000000 -0.357792
    26 0.021160 0.011093 -0.004108 -3.137926 -0.002080 -0.001153
    27 -0.003428 0.010128 -0.008341 -3.140832 -0.004146 -0.019238
    28 0.004127 0.010881 0.000767 3.138806 -0.003164 -0.013821
    29 1.068074 -1.287202 0.981906 1.925949 -0.499323 -0.437818
    30 1.836308 -0.000001 0.000002 0.074245 -0.173006 -0.593150
    31 1.223949 -0.000002 0.000002 0.027395 -0.026912 -0.598150
    32 -0.012758 0.013269 0.005633 -3.132442 0.011957 -0.016684
    33 0.003252 0.002937 0.004907 3.134101 -0.012025 0.011384
    34 0.017597 0.001415 -0.271330 3.132743 -0.094250 -0.000348
    35 -0.034845 0.015532 -0.006371 -3.119476 -0.012752 0.011827
    36 6.868289 0.000003 0.000003 1.894370 0.030276 0.157882
    37 -6.002364 -0.460211 -0.868646 -0.695749 -0.131805 0.077518
    38 -6.002752 -0.459276 -0.867383 -0.699507 -0.131813 0.077097
    39 -10.921875 -4.957031 -11.492188 -1.570794 0.087264 -1.570796
    40 -0.000001 -0.000002 0.000004 -0.099778 -0.174990 0.167801
    41 10.907397 0.000000 -0.000001 -0.000346 -0.000019 -1.055700
    42 10.424307 0.000001 0.000016 -0.670121 0.145584 0.387086
    43 2.997296 0.000062 1.477484 0.000000 0.104719 -1.038469
    44 1.510386 -0.000002 0.000000 0.000000 0.000000 -1.422442
    45 0.808652 0.000001 -0.000003 -0.087183 0.081589 -1.026206
    46 -0.010181 0.001544 -0.002427 3.133438 0.004938 -0.014530
    47 -0.007761 0.000776 -0.012938 -3.140949 0.009512 -0.002789
    48 -0.003515 0.022163 -0.007593 -3.131007 0.004989 -0.015563
    49 3.305811 0.201132 0.547463 0.097216 -0.050307 -0.854751
    50 1.807181 -0.000005 -0.000002 0.020284 -0.092163 -1.076368
    51 0.966146 0.000000 0.000000 0.000000 0.000000 -1.579521
    52 -0.004041 0.002991 -0.002260 -3.129316 0.007469 -0.002160
    53 -0.016014 -0.012525 -0.005755 -3.127586 -0.003209 -0.007102
    54 -0.010741 -0.015351 -0.005964 -3.141244 -0.014366 0.013993
    55 3.571526 0.110787 -0.409180 -0.010425 -0.147987 -0.662451
    56 2.150658 0.000000 0.000000 0.000000 0.000000 -1.596972
    57 1.152748 0.000002 -0.000001 0.000000 0.000000 -1.038446
    58 -0.009424 0.003368 0.009511 3.138994 -0.007577 -0.001092
    59 -0.009795 0.006993 0.001619 3.137400 -0.006826 0.001062
    60 -0.005070 0.017085 0.007624 3.135509 0.005211 0.001477
    61 3.684113 -0.153569 -1.419744 -0.102312 -0.254552 -0.532948
    62 1.701014 -0.000001 0.000000 0.000000 0.000000 -0.253072
    63 0.994705 -0.000004 0.000000 0.000000 0.000000 -0.436331
    64 0.015236 0.000657 -0.012633 3.136885 0.014164 0.000018
    65 -0.014324 -0.018461 0.000846 -3.134644 0.013210 0.007851
    66 -0.020566 0.000650 -0.004019 -3.126894 -0.002595 -0.013678
    67 1.068097 -1.283652 -0.986552 -1.946235 0.548546 -0.224549
    68 1.836308 -0.000002 0.000001 0.071731 -0.042788 -0.118793
    69 1.223948 0.000001 -0.000002 -0.030976 -0.071337 -0.420798
    70 -0.026768 0.000412 0.021024 -3.135050 0.011560 0.031832
    71 -0.030946 0.015453 0.007155 3.126687 -0.014474 -0.013279
    72 0.024326 0.034636 0.000721 -3.121606 0.015525 0.030344
    73 -0.046000 0.019587 0.021797 3.134639 0.020864 -0.001670
    74 6.694322 0.000002 0.000001 -0.930167 -0.147584 0.064563
    75 -6.579163 -0.452807 0.914976 1.390020 0.137634 0.072730
    76 -6.553783 -0.454803 0.900534 1.387994 0.108045 0.086436
  time 47
    0 -6.329236 -24.788113 -4.467024 0.878280 0.000362 2.470960
    1 7.820313 -3.039063 -8.804688 -1.082104 0.087263 -1.570797
    2 -0.000001 0.000002 0.000000 -0.021003 -0.098597 0.766856
    3 10.907404 0.000001 -0.000001 -0.000001 0.000012 -0.428155
    4 10.424325 -0.000011 -0.000033 2.468703 0.420364 -0.460671
    5 2.997275 0.005409 -1.477475 0.000000 0.000000 -0.471238
    6 1.510384 -0.000004 0.000000 0.000000 0.000000 -0.689404
    7 0.808659 -0.000001 0.000001 0.000000 0.000000 -0.654499
    8 -0.005463 0.010882 0.011922 -3.130701 -0.002586 -0.018476
    9 -0.001080 -0.005339 -0.002780 -3.138880 -0.004640 0.012721
    10 -0.019963 -0.004463 0.017139 3.137685 -0.000240 0.002472
    11 3.305800 0.203115 -0.546730 0.000000 0.000000 -0.488691
    12 1.807178 0.000000 -0.000004 0.000000 0.000000 -0.637045
    13 0.966141 0.000003 -0.000001 0.000000 0.000000 -0.497418
    14 -0.002205 0.006298 0.000417 3.133979 -0.003058 0.005338
    15 0.007872 0.003559 -0.000436 -3.124798 -0.001004 0.009074
    16 0.012690 -0.008244 0.010269 -3.131666 0.016691 0.012264
    17 3.571513 0.109304 0.409580 0.000000 0.000000 -0.427605
    18 2.150648 0.000002 -0.000003 0.000000 0.000000 -0.663223
    19 1.152746 -0.000003 0.000003 0.000000 0.000000 -0.523598
    20 0.000419 0.016150 0.002405 3.136320 -0.007304 -0.003105
    21 0.001816 -0.009672 -0.007393 3.139013 -0.008631 -0.008588
    22 -0.003752 -0.011593 -0.001195 3.133090 0.002976 0.014444
    23 3.684098 -0.158697 1.419183 0.000000 0.000000 -0.253072
    24 1.701014 0.000004 0.000004 0.000000 0.000000 -0.602138
    25 0.994714 -0.000002 -0.000008 0.000000 0.000000 -0.357792
    26 0.021160 0.011093 -0.004108 -3.137926 -0.002080 -0.001153
    27 -0.003428 0.010128 -0.008341 -3.140832 -0.004146 -0.019238
    28 0.004127 0.010881 0.000767 3.138806 -0.003164 -0.013821
    29 1.068074 -1.287202 0.981906 1.925949 -0.499323 -0.437818
    30 1.836308 -0.000001 0.000002 0.074245 -0.173006 -0.593150
    31 1.223949 -0.000002 0.000002 0.027395 -0.026912 -0.598150
    32 -0.012758 0.013269 0.005633 -3.132442 0.011957 -0.016684
    33 0.003252 0.002937 0.004907 3.134101 -0.012025 0.011384
    34 0.017597 0.001415 -0.271330 3.132743 -0.094250 -0.000348
    35 -0.034845 0.015532 -0.006371 -3.119476 -0.012752 0.011827
    36 6.868289 0.000003 0.000003 1.894370 0.030276 0.157882
    37 -6.002364 -0.460211 -0.868646 -0.695749 -0.131805 0.077518
    38 -6.002752 -0.459276 -0.867383 -0.699507 -0.131813 0.077097
    39 -10.921875 -4.957031 -11.492188 -1.570794 0.087264 -1.570796
    40 -0.000001 -0.000002 0.000004 -0.099523 -0.174360 0.168700
    41 10.907397 0.000000 -0.000001 -0.000346 -0.000019 -1.056610
    42 10.424307 0.000001 0.000016 -0.671616 0.144911 0.387173
    43 2.997296 0.000062 1.477484 0.000000 0.104719 -1.038469
    44 1.510386 -0.000002 0.000000 0.000000 0.000000 -1.422442
    45 0.808652 0.000001 -0.000003 -0.087183 0.081589 -1.026206
    46 -0.010181 0.001544 -0.002427 3.133438 0.004938 -0.014530
    47 -0.007761 0.000776 -0.012938 -3.140949 0.009512 -0.002789
    48 -0.003515 0.022163 -0.007593 -3.131007 0.004989 -0.015563
    49 3.305811 0.201132 0.547463 0.097216 -0.050307 -0.854751
    50 1.807181 -0.000005 -0.000002 0.020284 -0.092163 -1.076368
    51 0.966146 0.000000 0.000000 0.000000 0.000000 -1.579521
    52 -0.004041 0.002991 -0.002260 -3.129316 0.007469 -0.002160
    53 -0.016014 -0.012525 -0.005755 -3.127586 -0.003209 -0.007102
    54 -0.010741 -0.015351 -0.005964 -3.141244 -0.014366 0.013993
    55 3.571526 0.110787 -0.409180 -0.010425 -0.147987 -0.662451
    56 2.150658 0.000000 0.000000 0.000000 0.000000 -1.596972
    57 1.152748 0.000002 -0.000001 0.000000 0.000000 -1.038471
    58 -0.009424 0.003368 0.009511 3.138994 -0.007577 -0.001092
    59 -0.009795 0.006993 0.001619 3.137400 -0.006826 0.001062
    60 -0.005070 0.017085 0.007624 3.135509 0.005211 0.001477
    61 3.684113 -0.153569 -1.419744 -0.103127 -0.255115 -0.529708
    62 1.701014 -0.000001 0.000000 0.000000 0.000000 -0.253072
    63 0.994705 -0.000004 0.000000 0.000000 0.000000 -0.436331
    64 0.015236 0.000657 -0.012633 3.136885 0.014164 0.000018
    65 -0.014324 -0.018461 0.000846 -3.134644 0.013210 0.007851
    66 -0.020566 0.000650 -0.004019 -3.126894 -0.002595 -0.013678
    67 1.068097 -1.283652 -0.986552 -1.947157 0.547971 -0.226299
    68 1.836308 -0.000002 0.000001 0.071731 -0.042788 -0.118793
    69 1.223948 0.000001 -0.000002 -0.030976 -0.071337 -0.420798
    70 -0.026768 0.000412 0.021024 -3.135050 0.011560 0.031832
    71 -0.030946 0.015453 0.007155 3.126687 -0.014474 -0.013279
    72 0.024326 0.034636 0.000721 -3.121606 0.015525 0.030344
    73 -0.046000 0.019587 0.021797 3.134639 0.020864 -0.001670
    74 6.694322 0.000002 0.000001 -0.930807 -0.147536 0.064647
    75 -6.579163 -0.452807 0.914976 1.390020 0.137634 0.072730
    76 -6.553783 -0.454803 0.900534 1.387994 0.108045 0.086436
  time 48
    0 -6.340955 -24.788113 -4.474836 0.879406 -0.002478 2.468114
    1 7.820313 -3.039063 -8.804688 -1.082104 0.087263 -1.570797
    2 -0.000001 0.000002 0.000000 -0.021003 -0.098597 0.766856
    3 10.907404 0.000001 -0.000001 -0.000001 0.000012 -0.428155
    4 10.424325 -0.000011 -0.000033 2.468703 0.420364 -0.460671
    5 2.997275 0.005409 -1.477475 0.000000 0.000000 -0.471238
    6 1.510384 -0.000004 0.000000 0.000000 0.000000 -0.689404
    7 0.808659 -0.000001 0.000001 0.000000 0.000000 -0.654499
    8 -0.005463 0.010882 0.011922 -3.130701 -0.002586 -0.018476
    9 -0.001080 -0.005339 -0.002780 -3.138880 -0.004640 0.012721
    10 -0.019963 -0.004463 0.017139 3.137685 -0.000240 0.002472
    11 3.305800 0.203115 -0.546730 0.000000 0.000000 -0.488691
    12 1.807178 0.000000 -0.000004 0.000000 0.000000 -0.637045
    13 0.966141 0.000003 -0.000001 0.000000 0.000000 -0.497418
    14 -0.002205 0.006298 0.000417 3.133979 -0.003058 0.005338
    15 0.007872 0.003559 -0.000436 -3.124798 -0.001004 0.009074
    16 0.012690 -0.008244 0.010269 -3.131666 0.016691 0.012264
    17 3.571513 0.109304 0.409580 0.000000 0.000000 -0.427605
    18 2.150648 0.000002 -0.000003 0.000000 0.000000 -0.663223
    19 1.152746 -0.000003 0.000003 0.000000 0.000000 -0.523598
    20 0.000419 0.016150 0.002405 3.136320 -0.007304 -0.003105
    21 0.001816 -0.009672 -0.007393 3.139013 -0.008631 -0.008588
    22 -0.003752 -0.011593 -0.001195 3.133090 0.002976 0.014444
    23 3.684098 -0.158697 1.419183 0.000000 0.000000 -0.253072
    24 1.701014 0.000004 0.000004 0.000000 0.000000 -0.602138
    25 0.994714 -0.000002 -0.000008 0.000000 0.000000 -0.357792
    26 0.021160 0.011093 -0.004108 -3.137926 -0.002080 -0.001153
    27 -0.003428 0.010128 -0.008341 -3.140832 -0.004146 -0.019238
    28 0.004127 0.010881 0.000767 3.138806 -0.003164 -0.013821
    29 1.068074 -1.287202 0.981906 1.925949 -0.499323 -0.437818
    30 1.836308 -0.000001 0.000002 0.074245 -0.173006 -0.593150
    31 1.223949 -0.000002 0.000002 0.027395 -0.026912 -0.598150
    32 -0.012758 0.013269 0.005633 -3.132442 0.011957 -0.016684
    33 0.003252 0.002937 0.004907 3.134101 -0.012025 0.011384
    34 0.017597 0.001415 -0.271330 3.132743 -0.094250 -0.000348
    35 -0.034845 0.015532 -0.006371 -3.119476 -0.012752 0.011827
    36 6.868289 0.000003 0.000003 1.894370 0.030276 0.157882
    37 -6.002364 -0.460211 -0.868646 -0.695749 -0.131805 0.077518
    38 -6.002752 -0.459276 -0.867383 -0.699507 -0.131813 0.077097
    39 -10.921875 -4.957031 -11.492188 -1.570794 0.087264 -1.570796
    40 -0.000001 -0.000002 0.000004 -0.099268 -0.173768 0.169509
    41 10.907397 0.000000 -0.000001 -0.000346 -0.000019 -1.057520
    42 10.424307 0.000001 0.000016 -0.673260 0.144238 0.387173
    43 2.997296 0.000062 1.477484 0.000000 0.104719 -1.038469
    44 1.510386 -0.000002 0.000000 0.000000 0.000000 -1.422442
    45 0.808652 0.000001 -0.000003 -0.087183 0.081589 -1.026206
    46 -0.010181 0.001544 -0.002427 3.133438 0.004938 -0.014530
    47 -0.007761 0.000776 -0.012938 -3.140949 0.009512 -0.002789
    48 -0.003515 0.022163 -0.007593 -3.131007 0.004989 -0.015563
    49 3.305811 0.201132 0.547463 0.097216 -0.050307 -0.854751
    50 1.807181 -0.000005 -0.000002 0.020284 -0.092163 -1.076368
    51 0.966146 0.000000 0.000000 0.000000 0.000000 -1.579521
    52 -0.004041 0.002991 -0.002260 -3.129316 0.007469 -0.002160
    53 -0.016014 -0.012525 -0.005755 -3.127586 -0.003209 -0.007102
    54 -0.010741 -0.015351 -0.005964 -3.141244 -0.014366 0.013993
    55 3.571526 0.110787 -0.409180 -0.010425 -0.147987 -0.662451
    56 2.150658 0.000000 0.000000 0.000000 0.000000 -1.596972
    57 1.152748 0.000002 -0.000001 0.000000 0.000000 -1.038446
    58 -0.009424 0.003368 0.009511 3.138994 -0.007577 -0.001092
    59 -0.009795 0.006993 0.001619 3.137400 -0.006826 0.001062
    60 -0.005070 0.017085 0.007624 3.135509 0.005211 0.001477
    61 3.684113 -0.153569 -1.419744 -0.104014 -0.255727 -0.526161
    62 1.701014 -0.000001 0.000000 0.000000 0.000000 -0.253072
    63 0.994705 -0.000004 0.000000 0.000000 0.000000 -0.436331
    64 0.015236 0.000657 -0.012633 3.136885 0.014164 0.000018
    65 -0.014324 -0.018461 0.000846 -3.134644 0.013210 0.007851
    66 -0.020566 0.000650 -0.004019 -3.126894 -0.002595 -0.013678
    67 1.068097 -1.283652 -0.986552 -1.948183 0.547336 -0.228241
    68 1.836308 -0.000002 0.000001 0.071731 -0.042788 -0.118793
    69 1.223948 0.000001 -0.000002 -0.030976 -0.071337 -0.420798
    70 -0.026768 0.000412 0.021024 -3.135050 0.011560 0.031832
    71 -0.030946 0.015453 0.007155 3.126687 -0.014474 -0.013279
    72 0.024326 0.034636 0.000721 -3.121606 0.015525 0.030344
    73 -0.046000 0.019587 0.021797 3.134639 0.020864 -0.001670
    74 6.694322 0.000002 0.000001 -0.931446 -0.147500 0.064743
    75 -6.579163 -0.452807 0.914976 1.390020 0.137634 0.072730
    76 -6.553783 -0.454803 0.900534 1.387994 0.108045 0.086436
  time 49
    0 -6.352674 -24.788113 -4.486556 0.880626 -0.005685 2.464890
    1 7.820313 -3.039063 -8.804688 -1.082104 0.087263 -1.570797
    2 -0.000001 0.000002 0.000000 -0.021003 -0.098597 0.766856
    3 10.907404 0.000001 -0.000001 -0.000001 0.000012 -0.428155
    4 10.424325 -0.000011 -0.000033 2.468703 0.420364 -0.460671
    5 2.997275 0.005409 -1.477475 0.000000 0.000000 -0.471238
    6 1.510384 -0.000004 0.000000 0.000000 0.000000 -0.689404
    7 0.808659 -0.000001 0.000001 0.000000 0.000000 -0.654499
    8 -0.005463 0.010882 0.011922 -3.130701 -0.002586 -0.018476
    9 -0.001080 -0.005339 -0.002780 -3.138880 -0.004640 0.012721
    10 -0.019963 -0.004463 0.017139 3.137685 -0.000240 0.002472
    11 3.305800 0.203115 -0.546730 0.000000 0.000000 -0.488691
    12 1.807178 0.000000 -0.000004 0.000000 0.000000 -0.637045
    13 0.966141 0.000003 -0.000001 0.000000 0.000000 -0.497418
    14 -0.002205 0.006298 0.000417 3.133979 -0.003058 0.005338
    15 0.007872 0.003559 -0.000436 -3.124798 -0.001004 0.009074
    16 0.012690 -0.008244 0.010269 -3.131666 0.016691 0.012264
    17 3.571513 0.109304 0.409580 0.000000 0.000000 -0.427605
    18 2.150648 0.000002 -0.000003 0.000000 0.000000 -0.663223
    19 1.152746 -0.000003 0.000003 0.000000 0.000000 -0.523598
    20 0.000419 0.016150 0.002405 3.136320 -0.007304 -0.003105
    21 0.001816 -0.009672 -0.007393 3.139013 -0.008631 -0.008588
    22 -0.003752 -0.011593 -0.001195 3.133090 0.002976 0.014444
    23 3.684098 -0.158697 1.419183 0.000000 0.000000 -0.253072
    24 1.701014 0.000004 0.000004 0.000000 0.000000 -0.602138
    25 0.994714 -0.000002 -0.000008 0.000000 0.000000 -0.357792
    26 0.021160 0.011093 -0.004108 -3.137926 -0.002080 -0.001153
    27 -0.003428 0.010128 -0.008341 -3.140832 -0.004146 -0.019238
    28 0.004127 0.010881 0.000767 3.138806 -0.003164 -0.013821
    29 1.068074 -1.287202 0.981906 1.925949 -0.499323 -0.437818
    30 1.836308 -0.000001 0.000002 0.074245 -0.173006 -0.593150
    31 1.223949 -0.000002 0.000002 0.027395 -0.026912 -0.598150
    32 -0.012758 0.013269 0.005633 -3.132442 0.011957 -0.016684
    33 0.003252 0.002937 0.004907 3.134101 -0.012025 0.011384
    34 0.017597 0.001415 -0.271330 3.132743 -0.094250 -0.000348
    35 -0.034845 0.015532 -0.006371 -3.119476 -0.012752 0.011827
    36 6.868289 0.000003 0.000003 1.894370 0.030276 0.157882
    37 -6.002364 -0.460211 -0.868646 -0.695749 -0.131805 0.077518
    38 -6.002752 -0.459276 -0.867383 -0.699507 -0.131813 0.077097
    39 -10.921875 -4.957031 -11.492188 -1.570794 0.087264 -1.570796
    40 -0.000001 -0.000002 0.000004 -0.099013 -0.173175 0.170408
    41 10.907397 0.000000 -0.000001 -0.000346 -0.000019 -1.058430
    42 10.424307 0.000001 0.000016 -0.675054 0.143639 0.387086
    43 2.997296 0.000062 1.477484 0.000000 0.104719 -1.038469
    44 1.510386 -0.000002 0.000000 0.000000 0.000000 -1.422442
    45 0.808652 0.000001 -0.000003 -0.087183 0.081589 -1.026206
    46 -0.010181 0.001544 -0.002427 3.133438 0.004938 -0.014530
    47 -0.007761 0.000776 -0.012938 -3.140949 0.009512 -0.002789
    48 -0.003515 0.022163 -0.007593 -3.131007 0.004989 -0.015563
    49 3.305811 0.201132 0.547463 0.097216 -0.050307 -0.854751
    50 1.807181 -0.000005 -0.000002 0.020284 -0.092163 -1.076368
    51 0.966146 0.000000 0.000000 0.000000 0.000000 -1.579521
    52 -0.004041 0.002991 -0.002260 -3.129316 0.007469 -0.002160
    53 -0.016014 -0.012525 -0.005755 -3.127586 -0.003209 -0.007102
    54 -0.010741 -0.015351 -0.005964 -3.141244 -0.014366 0.013993
    55 3.571526 0.110787 -0.409180 -0.010425 -0.147987 -0.662451
    56 2.150658 0.000000 0.000000 0.000000 0.000000 -1.596972
    57 1.152748 0.000002 -0.000001 0.000000 0.000000 -1.038446
    58 -0.009424 0.003368 0.009511 3.138994 -0.007577 -0.001092
    59 -0.009795 0.006993 0.001619 3.137400 -0.006826 0.001062
    60 -0.005070 0.017085 0.007624 3.135509 0.005211 0.001477
    61 3.684113 -0.153569 -1.419744 -0.104961 -0.256374 -0.522326
    62 1.701014 -0.000001 0.000000 0.000000 0.000000 -0.253072
    63 0.994705 -0.000004 0.000000 0.000000 0.000000 -0.436331
    64 0.015236 0.000657 -0.012633 3.136885 0.014164 0.000018
    65 -0.014324 -0.018461 0.000846 -3.134644 0.013210 0.007851
    66 -0.020566 0.000650 -0.004019 -3.126894 -0.002595 -0.013678
    67 1.068097 -1.283652 -0.986552 -1.949287 0.546653 -0.230338
    68 1.836308 -0.000002 0.000001 0.071731 -0.042788 -0.118793
    69 1.223948 0.000001 -0.000002 -0.030976 -0.071337 -0.420798
    70 -0.026768 0.000412 0.021024 -3.135050 0.011560 0.031832
    71 -0.030946 0.015453 0.007155 3.126687 -0.014474 -0.013279
    72 0.024326 0.034636 0.000721 -3.121606 0.015525 0.030344
    73 -0.046000 0.019587 0.021797 3.134639 0.020864 -0.001670
    74 6.694322 0.000002 0.000001 -0.932177 -0.147452 0.064850
    75 -6.579163 -0.452807 0.914976 1.390020 0.137634 0.072730
    76 -6.553783 -0.454803 0.900534 1.387994 0.108045 0.086436
  time 50
    0 -6.360487 -24.788113 -4.498275 0.881939 -0.009120 2.461476
    1 7.820313 -3.039063 -8.804688 -1.082104 0.087263 -1.570797
    2 -0.000001 0.000002 0.000000 -0.021003 -0.098597 0.766856
    3 10.907404 0.000001 -0.000001 -0.000001 0.000012 -0.428155
    4 10.424325 -0.000011 -0.000033 2.468703 0.420364 -0.460671
    5 2.997275 0.005409 -1.477475 0.000000 0.000000 -0.471238
    6 1.510384 -0.000004 0.000000 0.000000 0.000000 -0.689404
    7 0.808659 -0.000001 0.000001 0.000000 0.000000 -0.654499
    8 -0.005463 0.010882 0.011922 -3.130701 -0.002586 -0.018476
    9 -0.001080 -0.005339 -0.002780 -3.138880 -0.004640 0.012721
    10 -0.019963 -0.004463 0.017139 3.137685 -0.000240 0.002472
    11 3.305800 0.203115 -0.546730 0.000000 0.000000 -0.488691
    12 1.807178 0.000000 -0.000004 0.000000 0.000000 -0.637045
    13 0.966141 0.000003 -0.000001 0.000000 0.000000 -0.497418
    14 -0.002205 0.006298 0.000417 3.133979 -0.003058 0.005338
    15 0.007872 0.003559 -0.000436 -3.124798 -0.001004 0.009074
    16 0.012690 -0.008244 0.010269 -3.131666 0.016691 0.012264
    17 3.571513 0.109304 0.409580 0.000000 0.000000 -0.427605
    18 2.150648 0.000002 -0.000003 0.000000 0.000000 -0.663223
    19 1.152746 -0.000003 0.000003 0.000000 0.000000 -0.523598
    20 0.000419 0.016150 0.002405 3.136320 -0.007304 -0.003105
    21 0.001816 -0.009672 -0.007393 3.139013 -0.008631 -0.008588
    22 -0.003752 -0.011593 -0.001195 3.133090 0.002976 0.014444
    23 3.684098 -0.158697 1.419183 0.000000 0.000000 -0.253072
    24 1.701014 0.000004 0.000004 0.000000 0.000000 -0.602138
    25 0.994714 -0.000002 -0.000008 0.000000 0.000000 -0.357792
    26 0.021160 0.011093 -0.004108 -3.137926 -0.002080 -0.001153
    27 -0.003428 0.010128 -0.008341 -3.140832 -0.004146 -0.019238
    28 0.004127 0.010881 0.000767 3.138806 -0.003164 -0.013821
    29 1.068074 -1.287202 0.981906 1.925949 -0.499323 -0.437818
    30 1.836308 -0.000001 0.000002 0.074245 -0.173006 -0.593150
    31 1.223949 -0.000002 0.000002 0.027395 -0.026912 -0.598150
    32 -0.012758 0.013269 0.005633 -3.132442 0.011957 -0.016684
    33 0.003252 0.002937 0.004907 3.134101 -0.012025 0.011384
    34 0.017597 0.001415 -0.271330 3.132743 -0.094250 -0.000348
    35 -0.034845 0.015532 -0.006371 -3.119476 -0.012752 0.011827
    36 6.868289 0.000003 0.000003 1.894370 0.030276 0.157882
    37 -6.002364 -0.460211 -0.868646 -0.695749 -0.131805 0.077518
    38 -6.002752 -0.459276 -0.867383 -0.699507 -0.131813 0.077097
    39 -10.921875 -4.957031 -11.492188 -1.570794 0.087264 -1.570796
    40 -0.000001 -0.000002 0.000004 -0.098822 -0.172694 0.171397
    41 10.907397 0.000000 -0.000001 -0.000346 -0.000019 -1.059341
    42 10.424307 0.000001 0.000016 -0.676923 0.143078 0.386999
    43 2.997296 0.000062 1.477484 0.000000 0.104719 -1.038469
    44 1.510386 -0.000002 0.000000 0.000000 0.000000 -1.422442
    45 0.808652 0.000001 -0.000003 -0.087183 0.081589 -1.026206
    46 -0.010181 0.001544 -0.002427 3.133438 0.004938 -0.014530
    47 -0.007761 0.000776 -0.012938 -3.140949 0.009512 -0.002789
    48 -0.003515 0.022163 -0.007593 -3.131007 0.004989 -0.015563
    49 3.305811 0.201132 0.547463 0.097216 -0.050307 -0.854751
    50 1.807181 -0.000005 -0.000002 0.020284 -0.092163 -1.076368
    51 0.966146 0.000000 0.000000 0.000000 0.000000 -1.579521
    52 -0.004041 0.002991 -0.002260 -3.129316 0.007469 -0.002160
    53 -0.016014 -0.012525 -0.005755 -3.127586 -0.003209 -0.007102
    54 -0.010741 -0.015351 -0.005964 -3.141244 -0.014366 0.013993
    55 3.571526 0.110787 -0.409180 -0.010425 -0.147987 -0.662451
    56 2.150658 0.000000 0.000000 0.000000 0.000000 -1.596972
    57 1.152748 0.000002 -0.000001 0.000000 0.000000 -1.038446
    58 -0.009424 0.003368 0.009511 3.138994 -0.007577 -0.001092
    59 -0.009795 0.006993 0.001619 3.137400 -0.006826 0.001062
    60 -0.005070 0.017085 0.007624 3.135509 0.005211 0.001477
    61 3.684113 -0.153569 -1.419744 -0.105992 -0.257057 -0.518205
    62 1.701014 -0.000001 0.000000 0.000000 0.000000 -0.253072
    63 0.994705 -0.000004 0.000000 0.000000 0.000000 -0.436331
    64 0.015236 0.000657 -0.012633 3.136885 0.014164 0.000018
    65 -0.014324 -0.018461 0.000846 -3.134644 0.013210 0.007851
    66 -0.020566 0.000650 -0.004019 -3.126894 -0.002595 -0.013678
    67 1.068097 -1.283652 -0.986552 -1.950482 0.545898 -0.232603
    68 1.836308 -0.000002 0.000001 0.071731 -0.042788 -0.118793
    69 1.223948 0.000001 -0.000002 -0.030976 -0.071337 -0.420798
    70 -0.026768 0.000412 0.021024 -3.135050 0.011560 0.031832
    71 -0.030946 0.015453 0.007155 3.126687 -0.014474 -0.013279
    72 0.024326 0.034636 0.000721 -3.121606 0.015525 0.030344
    73 -0.046000 0.019587 0.021797 3.134639 0.020864 -0.001670
    74 6.694322 0.000002 0.000001 -0.932999 -0.147392 0.064970
    75 -6.579163 -0.452807 0.914976 1.390020 0.137634 0.072730
    76 -6.553783 -0.454803 0.900534 1.387994 0.108045 0.086436
  time 51
    0 -6.368299 -24.788113 -4.513900 0.883253 -0.012785 2.457682
    1 7.820313 -3.039063 -8.804688 -1.082104 0.087263 -1.570797
    2 -0.000001 0.000002 0.000000 -0.021003 -0.098597 0.766856
    3 10.907404 0.000001 -0.000001 -0.000001 0.000012 -0.428155
    4 10.424325 -0.000011 -0.000033 2.468703 0.420364 -0.460671
    5 2.997275 0.005409 -1.477475 0.000000 0.000000 -0.471238
    6 1.510384 -0.000004 0.000000 0.000000 0.000000 -0.689404
    7 0.808659 -0.000001 0.000001 0.000000 0.000000 -0.654499
    8 -0.005463 0.010882 0.011922 -3.130701 -0.002586 -0.018476
    9 -0.001080 -0.005339 -0.002780 -3.138880 -0.004640 0.012721
    10 -0.019963 -0.004463 0.017139 3.137685 -0.000240 0.002472
    11 3.305800 0.203115 -0.546730 0.000000 0.000000 -0.488691
    12 1.807178 0.000000 -0.000004 0.000000 0.000000 -0.637045
    13 0.966141 0.000003 -0.000001 0.000000 0.000000 -0.497418
    14 -0.002205 0.006298 0.000417 3.133979 -0.003058 0.005338
    15 0.007872 0.003559 -0.000436 -3.124798 -0.001004 0.009074
    16 0.012690 -0.008244 0.010269 -3.131666 0.016691 0.012264
    17 3.571513 0.109304 0.409580 0.000000 0.000000 -0.427605
    18 2.150648 0.000002 -0.000003 0.000000 0.000000 -0.663223
    19 1.152746 -0.000003 0.000003 0.000000 0.000000 -0.523598
    20 0.000419 0.016150 0.002405 3.136320 -0.007304 -0.003105
    21 0.001816 -0.009672 -0.007393 3.139013 -0.008631 -0.008588
    22 -0.003752 -0.011593 -0.001195 3.133090 0.002976 0.014444
    23 3.684098 -0.158697 1.419183 0.000000 0.000000 -0.253072
    24 1.701014 0.000004 0.000004 0.000000 0.000000 -0.602138
    25 0.994714 -0.000002 -0.000008 0.000000 0.000000 -0.357792
    26 0.021160 0.011093 -0.004108 -3.137926 -0.002080 -0.001153
    27 -0.003428 0.010128 -0.008341 -3.140832 -0.004146 -0.019238
    28 0.004127 0.010881 0.000767 3.138806 -0.003164 -0.013821
    29 1.068074 -1.287202 0.981906 1.925949 -0.499323 -0.437818
    30 1.836308 -0.000001 0.000002 0.074245 -0.173006 -0.593150
    31 1.223949 -0.000002 0.000002 0.027395 -0.026912 -0.598150
    32 -0.012758 0.013269 0.005633 -3.132442 0.011957 -0.016684
    33 0.003252 0.002937 0.004907 3.134101 -0.012025 0.011384
    34 0.017597 0.001415 -0.271330 3.132743 -0.094250 -0.000348
    35 -0.034845 0.015532 -0.006371 -3.119476 -0.012752 0.011827
    36 6.868289 0.000003 0.000003 1.894370 0.030276 0.157882
    37 -6.002364 -0.460211 -0.868646 -0.695749 -0.131805 0.077518
    38 -6.002752 -0.459276 -0.867383 -0.699507 -0.131813 0.077097
    39 -10.921875 -4.957031 -11.492188 -1.570794 0.087264 -1.570796
    40 -0.000001 -0.000002 0.000004 -0.098662 -0.172213 0.172476
    41 10.907397 0.000000 -0.000001 -0.000346 -0.000019 -1.060286
    42 10.424307 0.000001 0.000016 -0.678942 0.142592 0.386825
    43 2.997296 0.000062 1.477484 0.000000 0.104719 -1.038469
    44 1.510386 -0.000002 0.000000 0.000000 0.000000 -1.422442
    45 0.808652 0.000001 -0.000003 -0.087183 0.081589 -1.026206
    46 -0.010181 0.001544 -0.002427 3.133438 0.004938 -0.014530
    47 -0.007761 0.000776 -0.012938 -3.140949 0.009512 -0.002789
    48 -0.003515 0.022163 -0.007593 -3.131007 0.004989 -0.015563
    49 3.305811 0.201132 0.547463 0.097216 -0.050307 -0.854751
    50 1.807181 -0.000005 -0.000002 0.020284 -0.092163 -1.076368
    51 0.966146 0.000000 0.000000 0.000000 0.000000 -1.579521
    52 -0.004041 0.002991 -0.002260 -3.129316 0.007469 -0.002160
    53 -0.016014 -0.012525 -0.005755 -3.127586 -0.003209 -0.007102
    54 -0.010741 -0.015351 -0.005964 -3.141244 -0.014366 0.013993
    55 3.571526 0.110787 -0.409180 -0.010425 -0.147987 -0.662451
    56 2.150658 0.000000 0.000000 0.000000 0.000000 -1.596972
    57 1.152748 0.000002 -0.000001 0.000000 0.000000 -1.038446
    58 -0.009424 0.003368 0.009511 3.138994 -0.007577 -0.001092
    59 -0.009795 0.006993 0.001619 3.137400 -0.006826 0.001062
    60 -0.005070 0.017085 0.007624 3.135509 0.005211 0.001477
    61 3.684113 -0.153569 -1.419744 -0.107070 -0.257764 -0.513837
    62 1.701014 -0.000001 0.000000 0.000000 0.000000 -0.253072
    63 0.994705 -0.000004 0.000000 0.000000 0.000000 -0.436331
    64 0.015236 0.000657 -0.012633 3.136885 0.014164 0.000018
    65 -0.014324 -0.018461 0.000846 -3.134644 0.013210 0.007851
    66 -0.020566 0.000650 -0.004019 -3.126894 -0.002595 -0.013678
    67 1.068097 -1.283652 -0.986552 -1.951755 0.545083 -0.235036
    68 1.836308 -0.000002 0.000001 0.071731 -0.042788 -0.118793
    69 1.223948 0.000001 -0.000002 -0.030976 -0.071337 -0.420798
    70 -0.026768 0.000412 0.021024 -3.135050 0.011560 0.031832
    71 -0.030946 0.015453 0.007155 3.126687 -0.014474 -0.013279
    72 0.024326 0.034636 0.000721 -3.121606 0.015525 0.030344
    73 -0.046000 0.019587 0.021797 3.134639 0.020864 -0.001670
    74 6.694322 0.000002 0.000001 -0.933912 -0.147344 0.065102
    75 -6.579163 -0.452807 0.914976 1.390020 0.137634 0.072730
    76 -6.553783 -0.454803 0.900534 1.387994 0.108045 0.086436
  time 52
    0 -6.376112 -24.788113 -4.525619 0.884754 -0.016725 2.453699
    1 7.820313 -3.039063 -8.804688 -1.082104 0.087263 -1.570797
    2 -0.000001 0.000002 0.000000 -0.021003 -0.098597 0.766856
    3 10.907404 0.000001 -0.000001 -0.000001 0.000012 -0.428155
    4 10.424325 -0.000011 -0.000033 2.468703 0.420364 -0.460671
    5 2.997275 0.005409 -1.477475 0.000000 0.000000 -0.471238
    6 1.510384 -0.000004 0.000000 0.000000 0.000000 -0.689404
    7 0.808659 -0.000001 0.000001 0.000000 0.000000 -0.654499
    8 -0.005463 0.010882 0.011922 -3.130701 -0.002586 -0.018476
    9 -0.001080 -0.005339 -0.002780 -3.138880 -0.004640 0.012721
    10 -0.019963 -0.004463 0.017139 3.137685 -0.000240 0.002472
    11 3.305800 0.203115 -0.546730 0.000000 0.000000 -0.488691
    12 1.807178 0.000000 -0.000004 0.000000 0.000000 -0.637045
    13 0.966141 0.000003 -0.000001 0.000000 0.000000 -0.497418
    14 -0.002205 0.006298 0.000417 3.133979 -0.003058 0.005338
    15 0.007872 0.003559 -0.000436 -3.124798 -0.001004 0.009074
    16 0.012690 -0.008244 0.010269 -3.131666 0.016691 0.012264
    17 3.571513 0.109304 0.409580 0.000000 0.000000 -0.427605
    18 2.150648 0.000002 -0.000003 0.000000 0.000000 -0.663223
    19 1.152746 -0.000003 0.000003 0.000000 0.000000 -0.523598
    20 0.000419 0.016150 0.002405 3.136320 -0.007304 -0.003105
    21 0.001816 -0.009672 -0.007393 3.139013 -0.008631 -0.008588
    22 -0.003752 -0.011593 -0.001195 3.133090 0.002976 0.014444
    23 3.684098 -0.158697 1.419183 0.000000 0.000000 -0.253072
    24 1.701014 0.000004 0.000004 0.000000 0.000000 -0.602138
    25 0.994714 -0.000002 -0.000008 0.000000 0.000000 -0.357792
    26 0.021160 0.011093 -0.004108 -3.137926 -0.002080 -0.001153
    27 -0.003428 0.010128 -0.008341 -3.140832 -0.004146 -0.019238
    28 0.004127 0.010881 0.000767 3.138806 -0.003164 -0.013821
    29 1.068074 -1.287202 0.981906 1.925949 -0.499323 -0.437818
    30 1.836308 -0.000001 0.000002 0.074245 -0.173006 -0.593150
    31 1.223949 -0.000002 0.000002 0.027395 -0.026912 -0.598150
    32 -0.012758 0.013269 0.005633 -3.132442 0.011957 -0.016684
    33 0.003252 0.002937 0.004907 3.134101 -0.012025 0.011384
    34 0.017597 0.001415 -0.271330 3.132743 -0.094250 -0.000348
    35 -0.034845 0.015532 -0.006371 -3.119476 -0.012752 0.011827
    36 6.868289 0.000003 0.000003 1.894370 0.030276 0.157882
    37 -6.002364 -0.460211 -0.868646 -0.695749 -0.131805 0.077518
    38 -6.002752 -0.459276 -0.867383 -0.699507 -0.131813 0.077097
    39 -10.921875 -4.957031 -11.492188 -1.570794 0.087264 -1.570796
    40 -0.000001 -0.000002 0.000004 -0.098535 -0.171842 0.173644
    41 10.907397 0.000000 -0.000001 -0.000346 -0.000019 -1.061231
    42 10.424307 0.000001 0.000016 -0.681184 0.142181 0.386565
    43 2.997296 0.000062 1.477484 0.000000 0.104719 -1.038469
    44 1.510386 -0.000002 0.000000 0.000000 0.000000 -1.422442
    45 0.808652 0.000001 -0.000003 -0.087183 0.081589 -1.026206
    46 -0.010181 0.001544 -0.002427 3.133438 0.004938 -0.014530
    47 -0.007761 0.000776 -0.012938 -3.140949 0.009512 -0.002789
    48 -0.003515 0.022163 -0.007593 -3.131007 0.004989 -0.015563
    49 3.305811 0.201132 0.547463 0.097216 -0.050307 -0.854751
    50 1.807181 -0.000005 -0.000002 0.020284 -0.092163 -1.076368
    51 0.966146 0.000000 0.000000 0.000000 0.000000 -1.579521
    52 -0.004041 0.002991 -0.002260 -3.129316 0.007469 -0.002160
    53 -0.016014 -0.012525 -0.005755 -3.127586 -0.003209 -0.007102
    54 -0.010741 -0.015351 -0.005964 -3.141244 -0.014366 0.013993
    55 3.571526 0.110787 -0.409180 -0.010425 -0.147987 -0.662451
    56 2.150658 0.000000 0.000000 0.000000 0.000000 -1.596972
    57 1.152748 0.000002 -0.000001 0.000000 0.000000 -1.038446
    58 -0.009424 0.003368 0.009511 3.138994 -0.007577 -0.001092
    59 -0.009795 0.006993 0.001619 3.137400 -0.006826 0.001062
    60 -0.005070 0.017085 0.007624 3.135509 0.005211 0.001477
    61 3.684113 -0.153569 -1.419744 -0.108221 -0.258483 -0.509203
    62 1.701014 -0.000001 0.000000 0.000000 0.000000 -0.253072
    63 0.994705 -0.000004 0.000000 0.000000 0.000000 -0.436331
    64 0.015236 0.000657 -0.012633 3.136885 0.014164 0.000018
    65 -0.014324 -0.018461 0.000846 -3.134644 0.013210 0.007851
    66 -0.020566 0.000650 -0.004019 -3.126894 -0.002595 -0.013678
    67 1.068097 -1.283652 -0.986552 -1.953106 0.544220 -0.237613
    68 1.836308 -0.000002 0.000001 0.071731 -0.042788 -0.118793
    69 1.223948 0.000001 -0.000002 -0.030976 -0.071337 -0.420798
    70 -0.026768 0.000412 0.021024 -3.135050 0.011560 0.031832
    71 -0.030946 0.015453 0.007155 3.126687 -0.014474 -0.013279
    72 0.024326 0.034636 0.000721 -3.121606 0.015525 0.030344
    73 -0.046000 0.019587 0.021797 3.134639 0.020864 -0.001670
    74 6.694322 0.000002 0.000001 -0.934871 -0.147272 0.065246
    75 -6.579163 -0.452807 0.914976 1.390020 0.137634 0.072730
    76 -6.553783 -0.454803 0.900534 1.387994 0.108045 0.086436
  time 53
    0 -6.380018 -24.788113 -4.545151 0.886255 -0.020939 2.449337
    1 7.820313 -3.039063 -8.804688 -1.082104 0.087263 -1.570797
    2 -0.000001 0.000002 0.000000 -0.021003 -0.098597 0.766856
    3 10.907404 0.000001 -0.000001 -0.000001 0.000012 -0.428155
    4 10.424325 -0.000011 -0.000033 2.468703 0.420364 -0.460671
    5 2.997275 0.005409 -1.477475 0.000000 0.000000 -0.471238
    6 1.510384 -0.000004 0.000000 0.000000 0.000000 -0.689404
    7 0.808659 -0.000001 0.000001 0.000000 0.000000 -0.654499
    8 -0.005463 0.010882 0.011922 -3.130701 -0.002586 -0.018476
    9 -0.001080 -0.005339 -0.002780 -3.138880 -0.004640 0.012721
    10 -0.019963 -0.004463 0.017139 3.137685 -0.000240 0.002472
    11 3.305800 0.203115 -0.546730 0.000000 0.000000 -0.488691
    12 1.807178 0.000000 -0.000004 0.000000 0.000000 -0.637045
    13 0.966141 0.000003 -0.000001 0.000000 0.000000 -0.497418
    14 -0.002205 0.006298 0.000417 3.133979 -0.003058 0.005338
    15 0.007872 0.003559 -0.000436 -3.124798 -0.001004 0.009074
    16 0.012690 -0.008244 0.010269 -3.131666 0.016691 0.012264
    17 3.571513 0.109304 0.409580 0.000000 0.000000 -0.427605
    18 2.150648 0.000002 -0.000003 0.000000 0.000000 -0.663223
    19 1.152746 -0.000003 0.000003 0.000000 0.000000 -0.523598
    20 0.000419 0.016150 0.002405 3.136320 -0.007304 -0.003105
    21 0.001816 -0.009672 -0.007393 3.139013 -0.008631 -0.008588
    22 -0.003752 -0.011593 -0.001195 3.133090 0.002976 0.014444
    23 3.684098 -0.158697 1.419183 0.000000 0.000000 -0.253072
    24 1.701014 0.000004 0.000004 0.000000 0.000000 -0.602138
    25 0.994714 -0.000002 -0.000008 0.000000 0.000000 -0.357792
    26 0.021160 0.011093 -0.004108 -3.137926 -0.002080 -0.001153
    27 -0.003428 0.010128 -0.008341 -3.140832 -0.004146 -0.019238
    28 0.004127 0.010881 0.000767 3.138806 -0.003164 -0.013821
    29 1.068074 -1.287202 0.981906 1.925949 -0.499323 -0.437818
    30 1.836308 -0.000001 0.000002 0.074245 -0.173006 -0.593150
    31 1.223949 -0.000002 0.000002 0.027395 -0.026912 -0.598150
    32 -0.012758 0.013269 0.005633 -3.132442 0.011957 -0.016684
    33 0.003252 0.002937 0.004907 3.134101 -0.012025 0.011384
    34 0.017597 0.001415 -0.271330 3.132743 -0.094250 -0.000348
    35 -0.034845 0.015532 -0.006371 -3.119476 -0.012752 0.011827
    36 6.868289 0.000003 0.000003 1.894370 0.030276 0.157882
    37 -6.002364 -0.460211 -0.868646 -0.695749 -0.131805 0.077518
    38 -6.002752 -0.459276 -0.867383 -0.699507 -0.131813 0.077097
    39 -10.921875 -4.957031 -11.492188 -1.570794 0.087264 -1.570796
    40 -0.000001 -0.000002 0.000004 -0.098439 -0.171509 0.174903
    41 10.907397 0.000000 -0.000001 -0.000346 -0.000019 -1.062176
    42 10.424307 0.000001 0.000016 -0.683502 0.141844 0.386304
    43 2.997296 0.000062 1.477484 0.000000 0.104719 -1.038469
    44 1.510386 -0.000002 0.000000 0.000000 0.000000 -1.422442
    45 0.808652 0.000001 -0.000003 -0.087183 0.081589 -1.026206
    46 -0.010181 0.001544 -0.002427 3.133438 0.004938 -0.014530
    47 -0.007761 0.000776 -0.012938 -3.140949 0.009512 -0.002789
    48 -0.003515 0.022163 -0.007593 -3.131007 0.004989 -0.015563
    49 3.305811 0.201132 0.547463 0.097216 -0.050307 -0.854751
    50 1.807181 -0.000005 -0.000002 0.020284 -0.092163 -1.076368
    51 0.966146 0.000000 0.000000 0.000000 0.000000 -1.579521
    52 -0.004041 0.002991 -0.002260 -3.129316 0.007469 -0.002160
    53 -0.016014 -0.012525 -0.005755 -3.127586 -0.003209 -0.007102
    54 -0.010741 -0.015351 -0.005964 -3.141244 -0.014366 0.013993
    55 3.571526 0.110787 -0.409180 -0.010425 -0.147987 -0.662451
    56 2.150658 0.000000 0.000000 0.000000 0.000000 -1.596972
    57 1.152748 0.000002 -0.000001 0.000000 0.000000 -1.038446
    58 -0.009424 0.003368 0.009511 3.138994 -0.007577 -0.001092
    59 -0.009795 0.006993 0.001619 3.137400 -0.006826 0.001062
    60 -0.005070 0.017085 0.007624 3.135509 0.005211 0.001477
    61 3.684113 -0.153569 -1.419744 -0.109419 -0.259226 -0.504364
    62 1.701014 -0.000001 0.000000 0.000000 0.000000 -0.253072
    63 0.994705 -0.000004 0.000000 0.000000 0.000000 -0.436331
    64 0.015236 0.000657 -0.012633 3.136885 0.014164 0.000018
    65 -0.014324 -0.018461 0.000846 -3.134644 0.013210 0.007851
    66 -0.020566 0.000650 -0.004019 -3.126894 -0.002595 -0.013678
    67 1.068097 -1.283652 -0.986552 -1.954521 0.543309 -0.240333
    68 1.836308 -0.000002 0.000001 0.071731 -0.042788 -0.118793
    69 1.223948 0.000001 -0.000002 -0.030976 -0.071337 -0.420798
    70 -0.026768 0.000412 0.021024 -3.135050 0.011560 0.031832
    71 -0.030946 0.015453 0.007155 3.126687 -0.014474 -0.013279
    72 0.024326 0.034636 0.000721 -3.121606 0.015525 0.030344
    73 -0.046000 0.019587 0.021797 3.134639 0.020864 -0.001670
    74 6.694322 0.000002 0.000001 -0.935922 -0.147212 0.065402
    75 -6.579163 -0.452807 0.914976 1.390020 0.137634 0.072730
    76 -6.553783 -0.454803 0.900534 1.387994 0.108045 0.086436
  time 54
    0 -6.380018 -24.792019 -4.564683 0.887944 -0.025383 2.444690
    1 7.820313 -3.039063 -8.804688 -1.082104 0.087263 -1.570797
    2 -0.000001 0.000002 0.000000 -0.021003 -0.098597 0.766856
    3 10.907404 0.000001 -0.000001 -0.000001 0.000012 -0.428155
    4 10.424325 -0.000011 -0.000033 2.468703 0.420364 -0.460671
    5 2.997275 0.005409 -1.477475 0.000000 0.000000 -0.471238
    6 1.510384 -0.000004 0.000000 0.000000 0.000000 -0.689404
    7 0.808659 -0.000001 0.000001 0.000000 0.000000 -0.654499
    8 -0.005463 0.010882 0.011922 -3.130701 -0.002586 -0.018476
    9 -0.001080 -0.005339 -0.002780 -3.138880 -0.004640 0.012721
    10 -0.019963 -0.004463 0.017139 3.137685 -0.000240 0.002472
    11 3.305800 0.203115 -0.546730 0.000000 0.000000 -0.488691
    12 1.807178 0.000000 -0.000004 0.000000 0.000000 -0.637045
    13 0.966141 0.000003 -0.000001 0.000000 0.000000 -0.497418
    14 -0.002205 0.006298 0.000417 3.133979 -0.003058 0.005338
    15 0.007872 0.003559 -0.000436 -3.124798 -0.001004 0.009074
    16 0.012690 -0.008244 0.010269 -3.131666 0.016691 0.012264
    17 3.571513 0.109304 0.409580 0.000000 0.000000 -0.427605
    18 2.150648 0.000002 -0.000003 0.000000 0.000000 -0.663223
    19 1.152746 -0.000003 0.000003 0.000000 0.000000 -0.523598
    20 0.000419 0.016150 0.002405 3.136320 -0.007304 -0.003105
    21 0.001816 -0.009672 -0.007393 3.139013 -0.008631 -0.008588
    22 -0.003752 -0.011593 -0.001195 3.133090 0.002976 0.014444
    23 3.684098 -0.158697 1.419183 0.000000 0.000000 -0.253072
    24 1.701014 0.000004 0.000004 0.000000 0.000000 -0.602138
    25 0.994714 -0.000002 -0.000008 0.000000 0.000000 -0.357792
    26 0.021160 0.011093 -0.004108 -3.137926 -0.002080 -0.001153
    27 -0.003428 0.010128 -0.008341 -3.140832 -0.004146 -0.019238
    28 0.004127 0.010881 0.000767 3.138806 -0.003164 -0.013821
    29 1.068074 -1.287202 0.981906 1.925949 -0.499323 -0.437818
    30 1.836308 -0.000001 0.000002 0.074245 -0.173006 -0.593150
    31 1.223949 -0.000002 0.000002 0.027395 -0.026912 -0.598150
    32 -0.012758 0.013269 0.005633 -3.132442 0.011957 -0.016684
    33 0.003252 0.002937 0.004907 3.134101 -0.012025 0.011384
    34 0.017597 0.001415 -0.271330 3.132743 -0.094250 -0.000348
    35 -0.034845 0.015532 -0.006371 -3.119476 -0.012752 0.011827
    36 6.868289 0.000003 0.000003 1.894370 0.030276 0.157882
    37 -6.002364 -0.460211 -0.868646 -0.695749 -0.131805 0.077518
    38 -6.002752 -0.459276 -0.867383 -0.699507 -0.131813 0.077097
    39 -10.921875 -4.957031 -11.492188 -1.570794 0.087264 -1.570796
    40 -0.000001 -0.000002 0.000004 -0.098439 -0.171287 0.176252
    41 10.907397 0.000000 -0.000001 -0.000346 -0.000019 -1.063191
    42 10.424307 0.000001 0.000016 -0.685969 0.141583 0.385870
    43 2.997296 0.000062 1.477484 0.000000 0.104719 -1.038469
    44 1.510386 -0.000002 0.000000 0.000000 0.000000 -1.422442
    45 0.808652 0.000001 -0.000003 -0.087183 0.081589 -1.026206
    46 -0.010181 0.001544 -0.002427 3.133438 0.004938 -0.014530
    47 -0.007761 0.000776 -0.012938 -3.140949 0.009512 -0.002789
    48 -0.003515 0.022163 -0.007593 -3.131007 0.004989 -0.015563
    49 3.305811 0.201132 0.547463 0.097216 -0.050307 -0.854751
    50 1.807181 -0.000005 -0.000002 0.020284 -0.092163 -1.076368
    51 0.966146 0.000000 0.000000 0.000000 0.000000 -1.579521
    52 -0.004041 0.002991 -0.002260 -3.129316 0.007469 -0.002160
    53 -0.016014 -0.012525 -0.005755 -3.127586 -0.003209 -0.007102
    54 -0.010741 -0.015351 -0.005964 -3.141244 -0.014366 0.013993
    55 3.571526 0.110787 -0.409180 -0.010425 -0.147987 -0.662451
    56 2.150658 0.000000 0.000000 0.000000 0.000000 -1.596972
    57 1.152748 0.000002 -0.000001 0.000000 0.000000 -1.038446
    58 -0.009424 0.003368 0.009511 3.138994 -0.007577 -0.001092
    59 -0.009795 0.006993 0.001619 3.137400 -0.006826 0.001062
    60 -0.005070 0.017085 0.007624 3.135509 0.005211 0.001477
    61 3.684113 -0.153569 -1.419744 -0.110666 -0.259981 -0.499299
    62 1.701014 -0.000001 0.000000 0.000000 0.000000 -0.253072
    63 0.994705 -0.000004 0.000000 0.000000 0.000000 -0.436331
    64 0.015236 0.000657 -0.012633 3.136885 0.014164 0.000018
    65 -0.014324 -0.018461 0.000846 -3.134644 0.013210 0.007851
    66 -0.020566 0.000650 -0.004019 -3.126894 -0.002595 -0.013678
    67 1.068097 -1.283652 -0.986552 -1.956015 0.542326 -0.243186
    68 1.836308 -0.000002 0.000001 0.071731 -0.042788 -0.118793
    69 1.223948 0.000001 -0.000002 -0.030976 -0.071337 -0.420798
    70 -0.026768 0.000412 0.021024 -3.135050 0.011560 0.031832
    71 -0.030946 0.015453 0.007155 3.126687 -0.014474 -0.013279
    72 0.024326 0.034636 0.000721 -3.121606 0.015525 0.030344
    73 -0.046000 0.019587 0.021797 3.134639 0.020864 -0.001670
    74 6.694322 0.000002 0.000001 -0.937109 -0.147128 0.065569
    75 -6.579163 -0.452807 0.914976 1.390020 0.137634 0.072730
    76 -6.553783 -0.454803 0.900534 1.387994 0.108045 0.086436
  time 55
    0 -6.380018 -24.792019 -4.584215 0.889727 -0.030101 2.439758
    1 7.820313 -3.039063 -8.804688 -1.082104 0.087263 -1.570797
    2 -0.000001 0.000002 0.000000 -0.021003 -0.098597 0.766856
    3 10.907404 0.000001 -0.000001 -0.000001 0.000012 -0.428155
    4 10.424325 -0.000011 -0.000033 2.468703 0.420364 -0.460671
    5 2.997275 0.005409 -1.477475 0.000000 0.000000 -0.471238
    6 1.510384 -0.000004 0.000000 0.000000 0.000000 -0.689404
    7 0.808659 -0.000001 0.000001 0.000000 0.000000 -0.654499
    8 -0.005463 0.010882 0.011922 -3.130701 -0.002586 -0.018476
    9 -0.001080 -0.005339 -0.002780 -3.138880 -0.004640 0.012721
    10 -0.019963 -0.004463 0.017139 3.137685 -0.000240 0.002472
    11 3.305800 0.203115 -0.546730 0.000000 0.000000 -0.488691
    12 1.807178 0.000000 -0.000004 0.000000 0.000000 -0.637045
    13 0.966141 0.000003 -0.000001 0.000000 0.000000 -0.497418
    14 -0.002205 0.006298 0.000417 3.133979 -0.003058 0.005338
    15 0.007872 0.003559 -0.000436 -3.124798 -0.001004 0.009074
    16 0.012690 -0.008244 0.010269 -3.131666 0.016691 0.012264
    17 3.571513 0.109304 0.409580 0.000000 0.000000 -0.427605
    18 2.150648 0.000002 -0.000003 0.000000 0.000000 -0.663223
    19 1.152746 -0.000003 0.000003 0.000000 0.000000 -0.523598
    20 0.000419 0.016150 0.002405 3.136320 -0.007304 -0.003105
    21 0.001816 -0.009672 -0.007393 3.139013 -0.008631 -0.008588
    22 -0.003752 -0.011593 -0.001195 3.133090 0.002976 0.014444
    23 3.684098 -0.158697 1.419183 0.000000 0.000000 -0.253072
    24 1.701014 0.000004 0.000004 0.000000 0.000000 -0.602138
    25 0.994714 -0.000002 -0.000008 0.000000 0.000000 -0.357792
    26 0.021160 0.011093 -0.004108 -3.137926 -0.002080 -0.001153
    27 -0.003428 0.010128 -0.008341 -3.140832 -0.004146 -0.019238
    28 0.004127 0.010881 0.000767 3.138806 -0.003164 -0.013821
    29 1.068074 -1.287202 0.981906 1.925949 -0.499323 -0.437818
    30 1.836308 -0.000001 0.000002 0.074245 -0.173006 -0.593150
    31 1.223949 -0.000002 0.000002 0.027395 -0.026912 -0.598150
    32 -0.012758 0.013269 0.005633 -3.132442 0.011957 -0.016684
    33 0.003252 0.002937 0.004907 3.134101 -0.012025 0.011384
    34 0.017597 0.001415 -0.271330 3.132743 -0.094250 -0.000348
    35 -0.034845 0.015532 -0.006371 -3.119476 -0.012752 0.011827
    36 6.868289 0.000003 0.000003 1.894370 0.030276 0.157882
    37 -6.002364 -0.460211 -0.868646 -0.695749 -0.131805 0.077518
    38 -6.002752 -0.459276 -0.867383 -0.699507 -0.131813 0.077097
    39 -10.921875 -4.957031 -11.492188 -1.570794 0.087264 -1.570796
    40 -0.000001 -0.000002 0.000004 -0.098439 -0.171139 0.177870
    41 10.907397 0.000000 -0.000001 -0.000346 -0.000019 -1.064242
    42 10.424307 0.000001 0.000016 -0.688660 0.141433 0.385349
    43 2.997296 0.000062 1.477484 0.000000 0.104719 -1.038469
    44 1.510386 -0.000002 0.000000 0.000000 0.000000 -1.422442
    45 0.808652 0.000001 -0.000003 -0.087183 0.081589 -1.026206
    46 -0.010181 0.001544 -0.002427 3.133438 0.004938 -0.014530
    47 -0.007761 0.000776 -0.012938 -3.140949 0.009512 -0.002789
    48 -0.003515 0.022163 -0.007593 -3.131007 0.004989 -0.015563
    49 3.305811 0.201132 0.547463 0.097216 -0.050307 -0.854751
    50 1.807181 -0.000005 -0.000002 0.020284 -0.092163 -1.076368
    51 0.966146 0.000000 0.000000 0.000000 0.000000 -1.579521
    52 -0.004041 0.002991 -0.002260 -3.129316 0.007469 -0.002160
    53 -0.016014 -0.012525 -0.005755 -3.127586 -0.003209 -0.007102
    54 -0.010741 -0.015351 -0.005964 -3.141244 -0.014366 0.013993
    55 3.571526 0.110787 -0.409180 -0.010425 -0.147987 -0.662451
    56 2.150658 0.000000 0.000000 0.000000 0.000000 -1.596972
    57 1.152748 0.000002 -0.000001 0.000000 0.000000 -1.038446
    58 -0.009424 0.003368 0.009511 3.138994 -0.007577 -0.001092
    59 -0.009795 0.006993 0.001619 3.137400 -0.006826 0.001062
    60 -0.005070 0.017085 0.007624 3.135509 0.005211 0.001477
    61 3.684113 -0.153569 -1.419744 -0.111960 -0.260736 -0.494029
    62 1.701014 -0.000001 0.000000 0.000000 0.000000 -0.253072
    63 0.994705 -0.000004 0.000000 0.000000 0.000000 -0.436331
    64 0.015236 0.000657 -0.012633 3.136885 0.014164 0.000018
    65 -0.014324 -0.018461 0.000846 -3.134644 0.013210 0.007851
    66 -0.020566 0.000650 -0.004019 -3.126894 -0.002595 -0.013678
    67 1.068097 -1.283652 -0.986552 -1.957574 0.541308 -0.246182
    68 1.836308 -0.000002 0.000001 0.071731 -0.042788 -0.118793
    69 1.223948 0.000001 -0.000002 -0.030976 -0.071337 -0.420798
    70 -0.026768 0.000412 0.021024 -3.135050 0.011560 0.031832
    71 -0.030946 0.015453 0.007155 3.126687 -0.014474 -0.013279
    72 0.024326 0.034636 0.000721 -3.121606 0.015525 0.030344
    73 -0.046000 0.019587 0.021797 3.134639 0.020864 -0.001670
    74 6.694322 0.000002 0.000001 -0.938388 -0.147044 0.065761
    75 -6.579163 -0.452807 0.914976 1.390020 0.137634 0.072730
    76 -6.553783 -0.454803 0.900534 1.387994 0.108045 0.086436
  time 56
    0 -6.380018 -24.792019 -4.607653 0.891603 -0.035049 2.434447
    1 7.820313 -3.039063 -8.804688 -1.082104 0.087263 -1.570797
    2 -0.000001 0.000002 0.000000 -0.021003 -0.098597 0.766856
    3 10.907404 0.000001 -0.000001 -0.000001 0.000012 -0.428155
    4 10.424325 -0.000011 -0.000033 2.468703 0.420364 -0.460671
    5 2.997275 0.005409 -1.477475 0.000000 0.000000 -0.471238
    6 1.510384 -0.000004 0.000000 0.000000 0.000000 -0.689404
    7 0.808659 -0.000001 0.000001 0.000000 0.000000 -0.654499
    8 -0.005463 0.010882 0.011922 -3.130701 -0.002586 -0.018476
    9 -0.001080 -0.005339 -0.002780 -3.138880 -0.004640 0.012721
    10 -0.019963 -0.004463 0.017139 3.137685 -0.000240 0.002472
    11 3.305800 0.203115 -0.546730 0.000000 0.000000 -0.488691
    12 1.807178 0.000000 -0.000004 0.000000 0.000000 -0.637045
    13 0.966141 0.000003 -0.000001 0.000000 0.000000 -0.497418
    14 -0.002205 0.006298 0.000417 3.133979 -0.003058 0.005338
    15 0.007872 0.003559 -0.000436 -3.124798 -0.001004 0.009074
    16 0.012690 -0.008244 0.010269 -3.131666 0.016691 0.012264
    17 3.571513 0.109304 0.409580 0.000000 0.000000 -0.427605
    18 2.150648 0.000002 -0.000003 0.000000 0.000000 -0.663223
    19 1.152746 -0.000003 0.000003 0.000000 0.000000 -0.523598
    20 0.000419 0.016150 0.002405 3.136320 -0.007304 -0.003105
    21 0.001816 -0.009672 -0.007393 3.139013 -0.008631 -0.008588
    22 -0.003752 -0.011593 -0.001195 3.133090 0.002976 0.014444
    23 3.684098 -0.158697 1.419183 0.000000 0.000000 -0.253072
    24 1.701014 0.000004 0.000004 0.000000 0.000000 -0.602138
    25 0.994714 -0.000002 -0.000008 0.000000 0.000000 -0.357792
    26 0.021160 0.011093 -0.004108 -3.137926 -0.002080 -0.001153
    27 -0.003428 0.010128 -0.008341 -3.140832 -0.004146 -0.019238
    28 0.004127 0.010881 0.000767 3.138806 -0.003164 -0.013821
    29 1.068074 -1.287202 0.981906 1.925949 -0.499323 -0.437818
    30 1.836308 -0.000001 0.000002 0.074245 -0.173006 -0.593150
    31 1.223949 -0.000002 0.000002 0.027395 -0.026912 -0.598150
    32 -0.012758 0.013269 0.005633 -3.132442 0.011957 -0.016684
    33 0.003252 0.002937 0.004907 3.134101 -0.012025 0.011384
    34 0.017597 0.001415 -0.271330 3.132743 -0.094250 -0.000348
    35 -0.034845 0.015532 -0.006371 -3.119476 -0.012752 0.011827
    36 6.868289 0.000003 0.000003 1.894370 0.030276 0.157882
    37 -6.002364 -0.460211 -0.868646 -0.695749 -0.131805 0.077518
    38 -6.002752 -0.459276 -0.867383 -0.699507 -0.131813 0.077097
    39 -10.921875 -4.957031 -11.492188 -1.570794 0.087264 -1.570796
    40 -0.000001 -0.000002 0.000004 -0.098535 -0.171065 0.179578
    41 10.907397 0.000000 -0.000001 -0.000346 -0.000019 -1.065327
    42 10.424307 0.000001 0.000016 -0.691500 0.141396 0.384741
    43 2.997296 0.000062 1.477484 0.000000 0.104719 -1.038469
    44 1.510386 -0.000002 0.000000 0.000000 0.000000 -1.422442
    45 0.808652 0.000001 -0.000003 -0.087183 0.081589 -1.026206
    46 -0.010181 0.001544 -0.002427 3.133438 0.004938 -0.014530
    47 -0.007761 0.000776 -0.012938 -3.140949 0.009512 -0.002789
    48 -0.003515 0.022163 -0.007593 -3.131007 0.004989 -0.015563
    49 3.305811 0.201132 0.547463 0.097216 -0.050307 -0.854751
    50 1.807181 -0.000005 -0.000002 0.020284 -0.092163 -1.076368
    51 0.966146 0.000000 0.000000 0.000000 0.000000 -1.579521
    52 -0.004041 0.002991 -0.002260 -3.129316 0.007469 -0.002160
    53 -0.016014 -0.012525 -0.005755 -3.127586 -0.003209 -0.007102
    54 -0.010741 -0.015351 -0.005964 -3.141244 -0.014366 0.013993
    55 3.571526 0.110787 -0.409180 -0.010425 -0.147987 -0.662451
    56 2.150658 0.000000 0.000000 0.000000 0.000000 -1.596972
    57 1.152748 0.000002 -0.000001 0.000000 0.000000 -1.038446
    58 -0.009424 0.003368 0.009511 3.138994 -0.007577 -0.001092
    59 -0.009795 0.006993 0.001619 3.137400 -0.006826 0.001062
    60 -0.005070 0.017085 0.007624 3.135509 0.005211 0.001477
    61 3.684113 -0.153569 -1.419744 -0.113302 -0.261491 -0.488595
    62 1.701014 -0.000001 0.000000 0.000000 0.000000 -0.253072
    63 0.994705 -0.000004 0.000000 0.000000 0.000000 -0.436331
    64 0.015236 0.000657 -0.012633 3.136885 0.014164 0.000018
    65 -0.014324 -0.018461 0.000846 -3.134644 0.013210 0.007851
    66 -0.020566 0.000650 -0.004019 -3.126894 -0.002595 -0.013678
    67 1.068097 -1.283652 -0.986552 -1.959184 0.540229 -0.249298
    68 1.836308 -0.000002 0.000001 0.071731 -0.042788 -0.118793
    69 1.223948 0.000001 -0.000002 -0.030976 -0.071337 -0.420798
    70 -0.026768 0.000412 0.021024 -3.135050 0.011560 0.031832
    71 -0.030946 0.015453 0.007155 3.126687 -0.014474 -0.013279
    72 0.024326 0.034636 0.000721 -3.121606 0.015525 0.030344
    73 -0.046000 0.019587 0.021797 3.134639 0.020864 -0.001670
    74 6.694322 0.000002 0.000001 -0.939758 -0.146960 0.065965
    75 -6.579163 -0.452807 0.914976 1.390020 0.137634 0.072730
    76 -6.553783 -0.454803 0.900534 1.387994 0.108045 0.086436
  time 57
    0 -6.376112 -24.792019 -4.642810 0.904833 -0.044944 2.417282
    1 7.820313 -3.039063 -8.804688 -1.082104 0.087263 -1.570797
    2 -0.000001 0.000002 0.000000 -0.021003 -0.098597 0.766856
    3 10.907404 0.000001 -0.000001 -0.000001 0.000012 -0.428155
    4 10.424325 -0.000011 -0.000033 2.468703 0.420364 -0.460671
    5 2.997275 0.005409 -1.477475 0.000000 0.000000 -0.471238
    6 1.510384 -0.000004 0.000000 0.000000 0.000000 -0.689404
    7 0.808659 -0.000001 0.000001 0.000000 0.000000 -0.654499
    8 -0.005463 0.010882 0.011922 -3.130701 -0.002586 -0.018476
    9 -0.001080 -0.005339 -0.002780 -3.138880 -0.004640 0.012721
    10 -0.019963 -0.004463 0.017139 3.137685 -0.000240 0.002472
    11 3.305800 0.203115 -0.546730 0.000000 0.000000 -0.488691
    12 1.807178 0.000000 -0.000004 0.000000 0.000000 -0.637045
    13 0.966141 0.000003 -0.000001 0.000000 0.000000 -0.497418
    14 -0.002205 0.006298 0.000417 3.133979 -0.003058 0.005338
    15 0.007872 0.003559 -0.000436 -3.124798 -0.001004 0.009074
    16 0.012690 -0.008244 0.010269 -3.131666 0.016691 0.012264
    17 3.571513 0.109304 0.409580 0.000000 0.000000 -0.427605
    18 2.150648 0.000002 -0.000003 0.000000 0.000000 -0.663223
    19 1.152746 -0.000003 0.000003 0.000000 0.000000 -0.523598
    20 0.000419 0.016150 0.002405 3.136320 -0.007304 -0.003105
    21 0.001816 -0.009672 -0.007393 3.139013 -0.008631 -0.008588
    22 -0.003752 -0.011593 -0.001195 3.133090 0.002976 0.014444
    23 3.684098 -0.158697 1.419183 0.000000 0.000000 -0.253072
    24 1.701014 0.000004 0.000004 0.000000 0.000000 -0.602138
    25 0.994714 -0.000002 -0.000008 0.000000 0.000000 -0.357792
    26 0.021160 0.011093 -0.004108 -3.137926 -0.002080 -0.001153
    27 -0.003428 0.010128 -0.008341 -3.140832 -0.004146 -0.019238
    28 0.004127 0.010881 0.000767 3.138806 -0.003164 -0.013821
    29 1.068074 -1.287202 0.981906 1.925949 -0.499323 -0.437818
    30 1.836308 -0.000001 0.000002 0.074245 -0.173006 -0.593150
    31 1.223949 -0.000002 0.000002 0.027395 -0.026912 -0.598150
    32 -0.012758 0.013269 0.005633 -3.132442 0.011957 -0.016684
    33 0.003252 0.002937 0.004907 3.134101 -0.012025 0.011384
    34 0.017597 0.001415 -0.271330 3.132743 -0.094250 -0.000348
    35 -0.034845 0.015532 -0.006371 -3.119476 -0.012752 0.011827
    36 6.868289 0.000003 0.000003 1.894370 0.030276 0.157882
    37 -6.002364 -0.460211 -0.868646 -0.695749 -0.131805 0.077518
    38 -6.002752 -0.459276 -0.867383 -0.699507 -0.131813 0.077097
    39 -10.921875 -4.957031 -11.492188 -1.570794 0.087264 -1.570796
    40 -0.000001 -0.000002 0.000004 -0.098853 -0.171324 0.182185
    41 10.907397 0.000000 -0.000001 -0.000346 -0.000019 -1.066762
    42 10.424307 0.000001 0.000016 -0.710114 0.147230 0.378662
    43 2.997296 0.000062 1.477484 0.000000 0.104719 -1.038469
    44 1.510386 -0.000002 0.000000 0.000000 0.000000 -1.422442
    45 0.808652 0.000001 -0.000003 -0.087183 0.081589 -1.026206
    46 -0.010181 0.001544 -0.002427 3.133438 0.004938 -0.014530
    47 -0.007761 0.000776 -0.012938 -3.140949 0.009512 -0.002789
    48 -0.003515 0.022163 -0.007593 -3.131007 0.004989 -0.015563
    49 3.305811 0.201132 0.547463 0.097216 -0.050307 -0.854751
    50 1.807181 -0.000005 -0.000002 0.020284 -0.092163 -1.076368
    51 0.966146 0.000000 0.000000 0.000000 0.000000 -1.579521
    52 -0.004041 0.002991 -0.002260 -3.129316 0.007469 -0.002160
    53 -0.016014 -0.012525 -0.005755 -3.127586 -0.003209 -0.007102
    54 -0.010741 -0.015351 -0.005964 -3.141244 -0.014366 0.013993
    55 3.571526 0.110787 -0.409180 -0.010425 -0.147987 -0.662451
    56 2.150658 0.000000 0.000000 0.000000 0.000000 -1.596972
    57 1.152748 0.000002 -0.000001 0.000000 0.000000 -1.038446
    58 -0.009424 0.003368 0.009511 3.138994 -0.007577 -0.001092
    59 -0.009795 0.006993 0.001619 3.137400 -0.006826 0.001062
    60 -0.005070 0.017085 0.007624 3.135509 0.005211 0.001477
    61 3.684113 -0.153569 -1.419744 -0.114669 -0.262246 -0.482977
    62 1.701014 -0.000001 0.000000 0.000000 0.000000 -0.253072
    63 0.994705 -0.000004 0.000000 0.000000 0.000000 -0.436331
    64 0.015236 0.000657 -0.012633 3.136885 0.014164 0.000018
    65 -0.014324 -0.018461 0.000846 -3.134644 0.013210 0.007851
    66 -0.020566 0.000650 -0.004019 -3.126894 -0.002595 -0.013678
    67 1.068097 -1.283652 -0.986552 -1.960860 0.539103 -0.252534
    68 1.836308 -0.000002 0.000001 0.071731 -0.042788 -0.118793
    69 1.223948 0.000001 -0.000002 -0.030976 -0.071337 -0.420798
    70 -0.026768 0.000412 0.021024 -3.135050 0.011560 0.031832
    71 -0.030946 0.015453 0.007155 3.126687 -0.014474 -0.013279
    72 0.024326 0.034636 0.000721 -3.121606 0.015525 0.030344
    73 -0.046000 0.019587 0.021797 3.134639 0.020864 -0.001670
    74 6.694322 0.000002 0.000001 -0.949714 -0.146301 0.067415
    75 -6.579163 -0.452807 0.914976 1.390020 0.137634 0.072730
    76 -6.553783 -0.454803 0.900534 1.387994 0.108045 0.086436
  time 58
    0 -6.364393 -24.788113 -4.689687 0.938798 -0.062855 2.377829
    1 7.820313 -3.039063 -8.804688 -1.082104 0.087263 -1.570797
    2 -0.000001 0.000002 0.000000 -0.021003 -0.098597 0.766856
    3 10.907404 0.000001 -0.000001 -0.000001 0.000012 -0.428155
    4 10.424325 -0.000011 -0.000033 2.468703 0.420364 -0.460671
    5 2.997275 0.005409 -1.477475 0.000000 0.000000 -0.471238
    6 1.510384 -0.000004 0.000000 0.000000 0.000000 -0.689404
    7 0.808659 -0.000001 0.000001 0.000000 0.000000 -0.654499
    8 -0.005463 0.010882 0.011922 -3.130701 -0.002586 -0.018476
    9 -0.001080 -0.005339 -0.002780 -3.138880 -0.004640 0.012721
    10 -0.019963 -0.004463 0.017139 3.137685 -0.000240 0.002472
    11 3.305800 0.203115 -0.546730 0.000000 0.000000 -0.488691
    12 1.807178 0.000000 -0.000004 0.000000 0.000000 -0.637045
    13 0.966141 0.000003 -0.000001 0.000000 0.000000 -0.497418
    14 -0.002205 0.006298 0.000417 3.133979 -0.003058 0.005338
    15 0.007872 0.003559 -0.000436 -3.124798 -0.001004 0.009074
    16 0.012690 -0.008244 0.010269 -3.131666 0.016691 0.012264
    17 3.571513 0.109304 0.409580 0.000000 0.000000 -0.427605
    18 2.150648 0.000002 -0.000003 0.000000 0.000000 -0.663223
    19 1.152746 -0.000003 0.000003 0.000000 0.000000 -0.523598
    20 0.000419 0.016150 0.002405 3.136320 -0.007304 -0.003105
    21 0.001816 -0.009672 -0.007393 3.139013 -0.008631 -0.008588
    22 -0.003752 -0.011593 -0.001195 3.133090 0.002976 0.014444
    23 3.684098 -0.158697 1.419183 0.000000 0.000000 -0.253072
    24 1.701014 0.000004 0.000004 0.000000 0.000000 -0.602138
    25 0.994714 -0.000002 -0.000008 0.000000 0.000000 -0.357792
    26 0.021160 0.011093 -0.004108 -3.137926 -0.002080 -0.001153
    27 -0.003428 0.010128 -0.008341 -3.140832 -0.004146 -0.019238
    28 0.004127 0.010881 0.000767 3.138806 -0.003164 -0.013821
    29 1.068074 -1.287202 0.981906 1.925949 -0.499323 -0.437818
    30 1.836308 -0.000001 0.000002 0.074245 -0.173006 -0.593150
    31 1.223949 -0.000002 0.000002 0.027395 -0.026912 -0.598150
    32 -0.012758 0.013269 0.005633 -3.132442 0.011957 -0.016684
    33 0.003252 0.002937 0.004907 3.134101 -0.012025 0.011384
    34 0.017597 0.001415 -0.271330 3.132743 -0.094250 -0.000348
    35 -0.034845 0.015532 -0.006371 -3.119476 -0.012752 0.011827
    36 6.868289 0.000003 0.000003 1.894370 0.030276 0.157882
    37 -6.002364 -0.460211 -0.868646 -0.695749 -0.131805 0.077518
    38 -6.002752 -0.459276 -0.867383 -0.699507 -0.131813 0.077097
    39 -10.921875 -4.957031 -11.492188 -1.570794 0.087264 -1.570796
    40 -0.000001 -0.000002 0.000004 -0.099459 -0.171990 0.186051
    41 10.907397 0.000000 -0.000001 -0.000346 -0.000019 -1.068688
    42 10.424307 0.000001 0.000016 -0.757658 0.163422 0.362857
    43 2.997296 0.000062 1.477484 0.000000 0.104719 -1.038469
    44 1.510386 -0.000002 0.000000 0.000000 0.000000 -1.422442
    45 0.808652 0.000001 -0.000003 -0.087183 0.081589 -1.026206
    46 -0.010181 0.001544 -0.002427 3.133438 0.004938 -0.014530
    47 -0.007761 0.000776 -0.012938 -3.140949 0.009512 -0.002789
    48 -0.003515 0.022163 -0.007593 -3.131007 0.004989 -0.015563
    49 3.305811 0.201132 0.547463 0.097216 -0.050307 -0.854751
    50 1.807181 -0.000005 -0.000002 0.020284 -0.092163 -1.076368
    51 0.966146 0.000000 0.000000 0.000000 0.000000 -1.579521
    52 -0.004041 0.002991 -0.002260 -3.129316 0.007469 -0.002160
    53 -0.016014 -0.012525 -0.005755 -3.127586 -0.003209 -0.007102
    54 -0.010741 -0.015351 -0.005964 -3.141244 -0.014366 0.013993
    55 3.571526 0.110787 -0.409180 -0.010425 -0.147987 -0.662451
    56 2.150658 0.000000 0.000000 0.000000 0.000000 -1.596972
    57 1.152748 0.000002 -0.000001 0.000000 0.000000 -1.038446
    58 -0.009424 0.003368 0.009511 3.138994 -0.007577 -0.001092
    59 -0.009795 0.006993 0.001619 3.137400 -0.006826 0.001062
    60 -0.005070 0.017085 0.007624 3.135509 0.005211 0.001477
    61 3.684113 -0.153569 -1.419744 -0.116083 -0.262977 -0.477215
    62 1.701014 -0.000001 0.000000 0.000000 0.000000 -0.253072
    63 0.994705 -0.000004 0.000000 0.000000 0.000000 -0.436331
    64 0.015236 0.000657 -0.012633 3.136885 0.014164 0.000018
    65 -0.014324 -0.018461 0.000846 -3.134644 0.013210 0.007851
    66 -0.020566 0.000650 -0.004019 -3.126894 -0.002595 -0.013678
    67 1.068097 -1.283652 -0.986552 -1.962574 0.537928 -0.255889
    68 1.836308 -0.000002 0.000001 0.071731 -0.042788 -0.118793
    69 1.223948 0.000001 -0.000002 -0.030976 -0.071337 -0.420798
    70 -0.026768 0.000412 0.021024 -3.135050 0.011560 0.031832
    71 -0.030946 0.015453 0.007155 3.126687 -0.014474 -0.013279
    72 0.024326 0.034636 0.000721 -3.121606 0.015525 0.030344
    73 -0.046000 0.019587 0.021797 3.134639 0.020864 -0.001670
    74 6.694322 0.000002 0.000001 -0.975244 -0.144551 0.071118
    75 -6.579163 -0.452807 0.914976 1.390020 0.137634 0.072730
    76 -6.553783 -0.454803 0.900534 1.387994 0.108045 0.086436
  time 59
    0 -6.356580 -24.788113 -4.748282 0.990965 -0.086035 2.317513
    1 7.820313 -3.039063 -8.804688 -1.082104 0.087263 -1.570797
    2 -0.000001 0.000002 0.000000 -0.021003 -0.098597 0.766856
    3 10.907404 0.000001 -0.000001 -0.000001 0.000012 -0.428155
    4 10.424325 -0.000011 -0.000033 2.468703 0.420364 -0.460671
    5 2.997275 0.005409 -1.477475 0.000000 0.000000 -0.471238
    6 1.510384 -0.000004 0.000000 0.000000 0.000000 -0.689404
    7 0.808659 -0.000001 0.000001 0.000000 0.000000 -0.654499
    8 -0.005463 0.010882 0.011922 -3.130701 -0.002586 -0.018476
    9 -0.001080 -0.005339 -0.002780 -3.138880 -0.004640 0.012721
    10 -0.019963 -0.004463 0.017139 3.137685 -0.000240 0.002472
    11 3.305800 0.203115 -0.546730 0.000000 0.000000 -0.488691
    12 1.807178 0.000000 -0.000004 0.000000 0.000000 -0.637045
    13 0.966141 0.000003 -0.000001 0.000000 0.000000 -0.497418
    14 -0.002205 0.006298 0.000417 3.133979 -0.003058 0.005338
    15 0.007872 0.003559 -0.000436 -3.124798 -0.001004 0.009074
    16 0.012690 -0.008244 0.010269 -3.131666 0.016691 0.012264
    17 3.571513 0.109304 0.409580 0.000000 0.000000 -0.427605
    18 2.150648 0.000002 -0.000003 0.000000 0.000000 -0.663223
    19 1.152746 -0.000003 0.000003 0.000000 0.000000 -0.523598
    20 0.000419 0.016150 0.002405 3.136320 -0.007304 -0.003105
    21 0.001816 -0.009672 -0.007393 3.139013 -0.008631 -0.008588
    22 -0.003752 -0.011593 -0.001195 3.133090 0.002976 0.014444
    23 3.684098 -0.158697 1.419183 0.000000 0.000000 -0.253072
    24 1.701014 0.000004 0.000004 0.000000 0.000000 -0.602138
    25 0.994714 -0.000002 -0.000008 0.000000 0.000000 -0.357792
    26 0.021160 0.011093 -0.004108 -3.137926 -0.002080 -0.001153
    27 -0.003428 0.010128 -0.008341 -3.140832 -0.004146 -0.019238
    28 0.004127 0.010881 0.000767 3.138806 -0.003164 -0.013821
    29 1.068074 -1.287202 0.981906 1.925949 -0.499323 -0.437818
    30 1.836308 -0.000001 0.000002 0.074245 -0.173006 -0.593150
    31 1.223949 -0.000002 0.000002 0.027395 -0.026912 -0.598150
    32 -0.012758 0.013269 0.005633 -3.132442 0.011957 -0.016684
    33 0.003252 0.002937 0.004907 3.134101 -0.012025 0.011384
    34 0.017597 0.001415 -0.271330 3.132743 -0.094250 -0.000348
    35 -0.034845 0.015532 -0.006371 -3.119476 -0.012752 0.011827
    36 6.868289 0.000003 0.000003 1.894370 0.030276 0.157882
    37 -6.002364 -0.460211 -0.868646 -0.695749 -0.131805 0.077518
    38 -6.002752 -0.459276 -0.867383 -0.699507 -0.131813 0.077097
    39 -10.921875 -4.957031 -11.492188 -1.570794 0.087264 -1.570796
    40 -0.000001 -0.000002 0.000004 -0.100287 -0.172990 0.190726
    41 10.907397 0.000000 -0.000001 -0.000346 -0.000019 -1.070858
    42 10.424307 0.000001 0.000016 -0.830767 0.188029 0.338367
    43 2.997296 0.000062 1.477484 0.000000 0.104719 -1.038469
    44 1.510386 -0.000002 0.000000 0.000000 0.000000 -1.422442
    45 0.808652 0.000001 -0.000003 -0.087183 0.081589 -1.026206
    46 -0.010181 0.001544 -0.002427 3.133438 0.004938 -0.014530
    47 -0.007761 0.000776 -0.012938 -3.140949 0.009512 -0.002789
    48 -0.003515 0.022163 -0.007593 -3.131007 0.004989 -0.015563
    49 3.305811 0.201132 0.547463 0.097216 -0.050307 -0.854751
    50 1.807181 -0.000005 -0.000002 0.020284 -0.092163 -1.076368
    51 0.966146 0.000000 0.000000 0.000000 0.000000 -1.579521
    52 -0.004041 0.002991 -0.002260 -3.129316 0.007469 -0.002160
    53 -0.016014 -0.012525 -0.005755 -3.127586 -0.003209 -0.007102
    54 -0.010741 -0.015351 -0.005964 -3.141244 -0.014366 0.013993
    55 3.571526 0.110787 -0.409180 -0.010425 -0.147987 -0.662451
    56 2.150658 0.000000 0.000000 0.000000 0.000000 -1.596972
    57 1.152748 0.000002 -0.000001 0.000000 0.000000 -1.038446
    58 -0.009424 0.003368 0.009511 3.138994 -0.007577 -0.001092
    59 -0.009795 0.006993 0.001619 3.137400 -0.006826 0.001062
    60 -0.005070 0.017085 0.007624 3.135509 0.005211 0.001477
    61 3.684113 -0.153569 -1.419744 -0.117521 -0.263708 -0.471309
    62 1.701014 -0.000001 0.000000 0.000000 0.000000 -0.253072
    63 0.994705 -0.000004 0.000000 0.000000 0.000000 -0.436331
    64 0.015236 0.000657 -0.012633 3.136885 0.014164 0.000018
    65 -0.014324 -0.018461 0.000846 -3.134644 0.013210 0.007851
    66 -0.020566 0.000650 -0.004019 -3.126894 -0.002595 -0.013678
    67 1.068097 -1.283652 -0.986552 -1.964354 0.536706 -0.259353
    68 1.836308 -0.000002 0.000001 0.071731 -0.042788 -0.118793
    69 1.223948 0.000001 -0.000002 -0.030976 -0.071337 -0.420798
    70 -0.026768 0.000412 0.021024 -3.135050 0.011560 0.031832
    71 -0.030946 0.015453 0.007155 3.126687 -0.014474 -0.013279
    72 0.024326 0.034636 0.000721 -3.121606 0.015525 0.030344
    73 -0.046000 0.019587 0.021797 3.134639 0.020864 -0.001670
    74 6.694322 0.000002 0.000001 -1.014201 -0.141699 0.076679
    75 -6.579163 -0.452807 0.914976 1.390020 0.137634 0.072730
    76 -6.553783 -0.454803 0.900534 1.387994 0.108045 0.086436
  time 60
    0 -6.348767 -24.788113 -4.814691 1.058520 -0.111277 2.237376
    1 7.820313 -3.039063 -8.804688 -1.082104 0.087263 -1.570797
    2 -0.000001 0.000002 0.000000 -0.021003 -0.098597 0.766856
    3 10.907404 0.000001 -0.000001 -0.000001 0.000012 -0.428155
    4 10.424325 -0.000011 -0.000033 2.468703 0.420364 -0.460671
    5 2.997275 0.005409 -1.477475 0.000000 0.000000 -0.471238
    6 1.510384 -0.000004 0.000000 0.000000 0.000000 -0.689404
    7 0.808659 -0.000001 0.000001 0.000000 0.000000 -0.654499
    8 -0.005463 0.010882 0.011922 -3.130701 -0.002586 -0.018476
    9 -0.001080 -0.005339 -0.002780 -3.138880 -0.004640 0.012721
    10 -0.019963 -0.004463 0.017139 3.137685 -0.000240 0.002472
    11 3.305800 0.203115 -0.546730 0.000000 0.000000 -0.488691
    12 1.807178 0.000000 -0.000004 0.000000 0.000000 -0.637045
    13 0.966141 0.000003 -0.000001 0.000000 0.000000 -0.497418
    14 -0.002205 0.006298 0.000417 3.133979 -0.003058 0.005338
    15 0.007872 0.003559 -0.000436 -3.124798 -0.001004 0.009074
    16 0.012690 -0.008244 0.010269 -3.131666 0.016691 0.012264
    17 3.571513 0.109304 0.409580 0.000000 0.000000 -0.427605
    18 2.150648 0.000002 -0.000003 0.000000 0.000000 -0.663223
    19 1.152746 -0.000003 0.000003 0.000000 0.000000 -0.523598
    20 0.000419 0.016150 0.002405 3.136320 -0.007304 -0.003105
    21 0.001816 -0.009672 -0.007393 3.139013 -0.008631 -0.008588
    22 -0.003752 -0.011593 -0.001195 3.133090 0.002976 0.014444
    23 3.684098 -0.158697 1.419183 0.000000 0.000000 -0.253072
    24 1.701014 0.000004 0.000004 0.000000 0.000000 -0.602138
    25 0.994714 -0.000002 -0.000008 0.000000 0.000000 -0.357792
    26 0.021160 0.011093 -0.004108 -3.137926 -0.002080 -0.001153
    27 -0.003428 0.010128 -0.008341 -3.140832 -0.004146 -0.019238
    28 0.004127 0.010881 0.000767 3.138806 -0.003164 -0.013821
    29 1.068074 -1.287202 0.981906 1.925949 -0.499323 -0.437818
    30 1.836308 -0.000001 0.000002 0.074245 -0.173006 -0.593150
    31 1.223949 -0.000002 0.000002 0.027395 -0.026912 -0.598150
    32 -0.012758 0.013269 0.005633 -3.132442 0.011957 -0.016684
    33 0.003252 0.002937 0.004907 3.134101 -0.012025 0.011384
    34 0.017597 0.001415 -0.271330 3.132743 -0.094250 -0.000348
    35 -0.034845 0.015532 -0.006371 -3.119476 -0.012752 0.011827
    36 6.868289 0.000003 0.000003 1.894370 0.030276 0.157882
    37 -6.002364 -0.460211 -0.868646 -0.695749 -0.131805 0.077518
    38 -6.002752 -0.459276 -0.867383 -0.699507 -0.131813 0.077097
    39 -10.921875 -4.957031 -11.492188 -1.570794 0.087264 -1.570796
    40 -0.000001 -0.000002 0.000004 -0.101243 -0.174175 0.195581
    41 10.907397 0.000000 -0.000001 -0.000346 -0.000019 -1.073028
    42 10.424307 0.000001 0.000016 -0.926303 0.218844 0.306323
    43 2.997296 0.000062 1.477484 0.000000 0.104719 -1.038469
    44 1.510386 -0.000002 0.000000 0.000000 0.000000 -1.422442
    45 0.808652 0.000001 -0.000003 -0.087183 0.081589 -1.026206
    46 -0.010181 0.001544 -0.002427 3.133438 0.004938 -0.014530
    47 -0.007761 0.000776 -0.012938 -3.140949 0.009512 -0.002789
    48 -0.003515 0.022163 -0.007593 -3.131007 0.004989 -0.015563
    49 3.305811 0.201132 0.547463 0.097216 -0.050307 -0.854749
    50 1.807181 -0.000005 -0.000002 0.020284 -0.092161 -1.076370
    51 0.966146 0.000000 0.000000 0.000000 0.000000 -1.579521
    52 -0.004041 0.002991 -0.002260 -3.129316 0.007469 -0.002160
    53 -0.016014 -0.012525 -0.005755 -3.127586 -0.003209 -0.007102
    54 -0.010741 -0.015351 -0.005964 -3.141244 -0.014366 0.013993
    55 3.571526 0.110787 -0.409180 -0.010425 -0.147987 -0.662451
    56 2.150658 0.000000 0.000000 0.000000 0.000000 -1.596972
    57 1.152748 0.000002 -0.000001 0.000000 0.000000 -1.038469
    58 -0.009424 0.003368 0.009511 3.138994 -0.007577 -0.001092
    59 -0.009795 0.006993 0.001619 3.137400 -0.006826 0.001062
    60 -0.005070 0.017085 0.007624 3.135509 0.005211 0.001477
    61 3.684113 -0.153569 -1.419744 -0.118983 -0.264415 -0.465281
    62 1.701014 -0.000001 0.000000 0.000000 0.000000 -0.253092
    63 0.994705 -0.000004 0.000000 0.000000 0.000000 -0.436331
    64 0.015236 0.000657 -0.012633 3.136885 0.014164 0.000018
    65 -0.014324 -0.018461 0.000846 -3.134644 0.013210 0.007851
    66 -0.020566 0.000650 -0.004019 -3.126894 -0.002595 -0.013678
    67 1.068097 -1.283652 -0.986552 -1.966172 0.535435 -0.262912
    68 1.836308 -0.000002 0.000001 0.071731 -0.042788 -0.118793
    69 1.223948 0.000001 -0.000002 -0.030976 -0.071337 -0.420798
    70 -0.026768 0.000412 0.021024 -3.135050 0.011560 0.031832
    71 -0.030946 0.015453 0.007155 3.126687 -0.014474 -0.013279
    72 0.024326 0.034636 0.000721 -3.121606 0.015525 0.030344
    73 -0.046000 0.019587 0.021797 3.134639 0.020864 -0.001670
    74 6.694322 0.000002 0.000001 -1.064256 -0.137708 0.083642
    75 -6.579163 -0.452807 0.914976 1.390020 0.137634 0.072730
    76 -6.553783 -0.454803 0.900534 1.387994 0.108045 0.086436
  time 61
    0 -6.352674 -24.799832 -4.877192 1.138647 -0.135144 2.139219
    1 7.820313 -3.039063 -8.804688 -1.082104 0.087263 -1.570797
    2 -0.000001 0.000002 0.000000 -0.021003 -0.098597 0.766856
    3 10.907404 0.000001 -0.000001 -0.000001 0.000012 -0.428155
    4 10.424325 -0.000011 -0.000033 2.468703 0.420364 -0.460671
    5 2.997275 0.005409 -1.477475 0.000000 0.000000 -0.471238
    6 1.510384 -0.000004 0.000000 0.000000 0.000000 -0.689404
    7 0.808659 -0.000001 0.000001 0.000000 0.000000 -0.654499
    8 -0.005463 0.010882 0.011922 -3.130701 -0.002586 -0.018476
    9 -0.001080 -0.005339 -0.002780 -3.138880 -0.004640 0.012721
    10 -0.019963 -0.004463 0.017139 3.137685 -0.000240 0.002472
    11 3.305800 0.203115 -0.546730 0.000000 0.000000 -0.488691
    12 1.807178 0.000000 -0.000004 0.000000 0.000000 -0.637045
    13 0.966141 0.000003 -0.000001 0.000000 0.000000 -0.497418
    14 -0.002205 0.006298 0.000417 3.133979 -0.003058 0.005338
    15 0.007872 0.003559 -0.000436 -3.124798 -0.001004 0.009074
    16 0.012690 -0.008244 0.010269 -3.131666 0.016691 0.012264
    17 3.571513 0.109304 0.409580 0.000000 0.000000 -0.427605
    18 2.150648 0.000002 -0.000003 0.000000 0.000000 -0.663223
    19 1.152746 -0.000003 0.000003 0.000000 0.000000 -0.523598
    20 0.000419 0.016150 0.002405 3.136320 -0.007304 -0.003105
    21 0.001816 -0.009672 -0.007393 3.139013 -0.008631 -0.008588
    22 -0.003752 -0.011593 -0.001195 3.133090 0.002976 0.014444
    23 3.684098 -0.158697 1.419183 0.000000 0.000000 -0.253072
    24 1.701014 0.000004 0.000004 0.000000 0.000000 -0.602138
    25 0.994714 -0.000002 -0.000008 0.000000 0.000000 -0.357792
    26 0.021160 0.011093 -0.004108 -3.137926 -0.002080 -0.001153
    27 -0.003428 0.010128 -0.008341 -3.140832 -0.004146 -0.019238
    28 0.004127 0.010881 0.000767 3.138806 -0.003164 -0.013821
    29 1.068074 -1.287202 0.981906 1.925949 -0.499323 -0.437818
    30 1.836308 -0.000001 0.000002 0.074245 -0.173006 -0.593150
    31 1.223949 -0.000002 0.000002 0.027395 -0.026912 -0.598150
    32 -0.012758 0.013269 0.005633 -3.132442 0.011957 -0.016684
    33 0.003252 0.002937 0.004907 3.134101 -0.012025 0.011384
    34 0.017597 0.001415 -0.271330 3.132743 -0.094250 -0.000348
    35 -0.034845 0.015532 -0.006371 -3.119476 -0.012752 0.011827
    36 6.868289 0.000003 0.000003 1.894370 0.030276 0.157882
    37 -6.002364 -0.460211 -0.868646 -0.695749 -0.131805 0.077518
    38 -6.002752 -0.459276 -0.867383 -0.699507 -0.131813 0.077097
    39 -10.921875 -4.957031 -11.492188 -1.570794 0.087264 -1.570796
    40 -0.000001 -0.000002 0.000004 -0.102231 -0.175434 0.200166
    41 10.907397 0.000000 -0.000001 -0.000346 -0.000019 -1.074954
    42 10.424307 0.000001 0.000016 -1.041050 0.253698 0.267765
    43 2.997296 0.000062 1.477484 0.000000 0.104719 -1.038469
    44 1.510386 -0.000002 0.000000 0.000000 0.000000 -1.422442
    45 0.808652 0.000001 -0.000003 -0.087183 0.081589 -1.026206
    46 -0.010181 0.001544 -0.002427 3.133438 0.004938 -0.014530
    47 -0.007761 0.000776 -0.012938 -3.140949 0.009512 -0.002789
    48 -0.003515 0.022163 -0.007593 -3.131007 0.004989 -0.015563
    49 3.305811 0.201132 0.547463 0.097216 -0.050307 -0.854749
    50 1.807181 -0.000005 -0.000002 0.020284 -0.092161 -1.076370
    51 0.966146 0.000000 0.000000 0.000000 0.000000 -1.579521
    52 -0.004041 0.002991 -0.002260 -3.129316 0.007469 -0.002160
    53 -0.016014 -0.012525 -0.005755 -3.127586 -0.003209 -0.007102
    54 -0.010741 -0.015351 -0.005964 -3.141244 -0.014366 0.013993
    55 3.571526 0.110787 -0.409180 -0.010425 -0.147987 -0.662451
    56 2.150658 0.000000 0.000000 0.000000 0.000000 -1.596972
    57 1.152748 0.000002 -0.000001 0.000000 0.000000 -1.038469
    58 -0.009424 0.003368 0.009511 3.138994 -0.007577 -0.001092
    59 -0.009795 0.006993 0.001619 3.137400 -0.006826 0.001062
    60 -0.005070 0.017085 0.007624 3.135509 0.005211 0.001477
    61 3.684113 -0.153569 -1.419744 -0.120457 -0.265087 -0.459150
    62 1.701014 -0.000001 0.000000 0.000000 0.000000 -0.253092
    63 0.994705 -0.000004 0.000000 0.000000 0.000000 -0.436331
    64 0.015236 0.000657 -0.012633 3.136885 0.014164 0.000018
    65 -0.014324 -0.018461 0.000846 -3.134644 0.013210 0.007851
    66 -0.020566 0.000650 -0.004019 -3.126894 -0.002595 -0.013678
    67 1.068097 -1.283652 -0.986552 -1.968029 0.534129 -0.266555
    68 1.836308 -0.000002 0.000001 0.071731 -0.042788 -0.118793
    69 1.223948 0.000001 -0.000002 -0.030976 -0.071337 -0.420798
    70 -0.026768 0.000412 0.021024 -3.135050 0.011560 0.031832
    71 -0.030946 0.015453 0.007155 3.126687 -0.014474 -0.013279
    72 0.024326 0.034636 0.000721 -3.121606 0.015525 0.030344
    73 -0.046000 0.019587 0.021797 3.134639 0.020864 -0.001670
    74 6.694322 0.000002 0.000001 -1.123262 -0.132567 0.091600
    75 -6.579163 -0.452807 0.914976 1.390020 0.137634 0.072730
    76 -6.553783 -0.454803 0.900534 1.387994 0.108045 0.086436
  time 62
    0 -6.364393 -24.815458 -4.935788 1.228157 -0.154384 2.025225
    1 7.820313 -3.039063 -8.804688 -1.082104 0.087263 -1.570797
    2 -0.000001 0.000002 0.000000 -0.021003 -0.098597 0.766856
    3 10.907404 0.000001 -0.000001 -0.000001 0.000012 -0.428155
    4 10.424325 -0.000011 -0.000033 2.468703 0.420364 -0.460671
    5 2.997275 0.005409 -1.477475 0.000000 0.000000 -0.471238
    6 1.510384 -0.000004 0.000000 0.000000 0.000000 -0.689404
    7 0.808659 -0.000001 0.000001 0.000000 0.000000 -0.654499
    8 -0.005463 0.010882 0.011922 -3.130701 -0.002586 -0.018476
    9 -0.001080 -0.005339 -0.002780 -3.138880 -0.004640 0.012721
    10 -0.019963 -0.004463 0.017139 3.137685 -0.000240 0.002472
    11 3.305800 0.203115 -0.546730 0.000000 0.000000 -0.488691
    12 1.807178 0.000000 -0.000004 0.000000 0.000000 -0.637045
    13 0.966141 0.000003 -0.000001 0.000000 0.000000 -0.497418
    14 -0.002205 0.006298 0.000417 3.133979 -0.003058 0.005338
    15 0.007872 0.003559 -0.000436 -3.124798 -0.001004 0.009074
    16 0.012690 -0.008244 0.010269 -3.131666 0.016691 0.012264
    17 3.571513 0.109304 0.409580 0.000000 0.000000 -0.427605
    18 2.150648 0.000002 -0.000003 0.000000 0.000000 -0.663223
    19 1.152746 -0.000003 0.000003 0.000000 0.000000 -0.523598
    20 0.000419 0.016150 0.002405 3.136320 -0.007304 -0.003105
    21 0.001816 -0.009672 -0.007393 3.139013 -0.008631 -0.008588
    22 -0.003752 -0.011593 -0.001195 3.133090 0.002976 0.014444
    23 3.684098 -0.158697 1.419183 0.000000 0.000000 -0.253072
    24 1.701014 0.000004 0.000004 0.000000 0.000000 -0.602138
    25 0.994714 -0.000002 -0.000008 0.000000 0.000000 -0.357792
    26 0.021160 0.011093 -0.004108 -3.137926 -0.002080 -0.001153
    27 -0.003428 0.010128 -0.008341 -3.140832 -0.004146 -0.019238
    28 0.004127 0.010881 0.000767 3.138806 -0.003164 -0.013821
    29 1.068074 -1.287202 0.981906 1.925949 -0.499323 -0.437818
    30 1.836308 -0.000001 0.000002 0.074245 -0.173006 -0.593150
    31 1.223949 -0.000002 0.000002 0.027395 -0.026912 -0.598150
    32 -0.012758 0.013269 0.005633 -3.132442 0.011957 -0.016684
    33 0.003252 0.002937 0.004907 3.134101 -0.012025 0.011384
    34 0.017597 0.001415 -0.271330 3.132743 -0.094250 -0.000348
    35 -0.034845 0.015532 -0.006371 -3.119476 -0.012752 0.011827
    36 6.868289 0.000003 0.000003 1.894370 0.030276 0.157882
    37 -6.002364 -0.460211 -0.868646 -0.695749 -0.131805 0.077518
    38 -6.002752 -0.459276 -0.867383 -0.699507 -0.131813 0.077097
    39 -10.921875 -4.957031 -11.492188 -1.570794 0.087264 -1.570796
    40 -0.000001 -0.000002 0.000004 -0.103124 -0.176656 0.204031
    41 10.907397 0.000000 -0.000001 -0.000346 -0.000019 -1.076389
    42 10.424307 0.000001 0.000016 -1.171721 0.290272 0.223736
    43 2.997296 0.000062 1.477484 0.000000 0.104719 -1.038469
    44 1.510386 -0.000002 0.000000 0.000000 0.000000 -1.422442
    45 0.808652 0.000001 -0.000003 -0.087183 0.081589 -1.026206
    46 -0.010181 0.001544 -0.002427 3.133438 0.004938 -0.014530
    47 -0.007761 0.000776 -0.012938 -3.140949 0.009512 -0.002789
    48 -0.003515 0.022163 -0.007593 -3.131007 0.004989 -0.015563
    49 3.305811 0.201132 0.547463 0.097216 -0.050307 -0.854749
    50 1.807181 -0.000005 -0.000002 0.020284 -0.092161 -1.076370
    51 0.966146 0.000000 0.000000 0.000000 0.000000 -1.579521
    52 -0.004041 0.002991 -0.002260 -3.129316 0.007469 -0.002160
    53 -0.016014 -0.012525 -0.005755 -3.127586 -0.003209 -0.007102
    54 -0.010741 -0.015351 -0.005964 -3.141244 -0.014366 0.013993
    55 3.571526 0.110787 -0.409180 -0.010425 -0.147987 -0.662451
    56 2.150658 0.000000 0.000000 0.000000 0.000000 -1.596972
    57 1.152748 0.000002 -0.000001 0.000000 0.000000 -1.038469
    58 -0.009424 0.003368 0.009511 3.138994 -0.007577 -0.001092
    59 -0.009795 0.006993 0.001619 3.137400 -0.006826 0.001062
    60 -0.005070 0.017085 0.007624 3.135509 0.005211 0.001477
    61 3.684113 -0.153569 -1.419744 -0.121955 -0.265734 -0.452936
    62 1.701014 -0.000001 0.000000 0.000000 0.000000 -0.253092
    63 0.994705 -0.000004 0.000000 0.000000 0.000000 -0.436331
    64 0.015236 0.000657 -0.012633 3.136885 0.014164 0.000018
    65 -0.014324 -0.018461 0.000846 -3.134644 0.013210 0.007851
    66 -0.020566 0.000650 -0.004019 -3.126894 -0.002595 -0.013678
    67 1.068097 -1.283652 -0.986552 -1.969939 0.532775 -0.270307
    68 1.836308 -0.000002 0.000001 0.071731 -0.042788 -0.118793
    69 1.223948 0.000001 -0.000002 -0.030976 -0.071337 -0.420798
    70 -0.026768 0.000412 0.021024 -3.135050 0.011560 0.031832
    71 -0.030946 0.015453 0.007155 3.126687 -0.014474 -0.013279
    72 0.024326 0.034636 0.000721 -3.121606 0.015525 0.030344
    73 -0.046000 0.019587 0.021797 3.134639 0.020864 -0.001670
    74 6.694322 0.000002 0.000001 -1.188982 -0.126311 0.100085
    75 -6.579163 -0.452807 0.914976 1.390020 0.137634 0.072730
    76 -6.553783 -0.454803 0.900534 1.387994 0.108045 0.086436
  time 63
    0 -6.399550 -24.842802 -4.982664 1.323203 -0.166294 1.898902
    1 7.820313 -3.039063 -8.804688 -1.082104 0.087263 -1.570797
    2 -0.000001 0.000002 0.000000 -0.021003 -0.098597 0.766856
    3 10.907404 0.000001 -0.000001 -0.000001 0.000012 -0.428155
    4 10.424325 -0.000011 -0.000033 2.468703 0.420364 -0.460671
    5 2.997275 0.005409 -1.477475 0.000000 0.000000 -0.471238
    6 1.510384 -0.000004 0.000000 0.000000 0.000000 -0.689404
    7 0.808659 -0.000001 0.000001 0.000000 0.000000 -0.654499
    8 -0.005463 0.010882 0.011922 -3.130701 -0.002586 -0.018476
    9 -0.001080 -0.005339 -0.002780 -3.138880 -0.004640 0.012721
    10 -0.019963 -0.004463 0.017139 3.137685 -0.000240 0.002472
    11 3.305800 0.203115 -0.546730 0.000000 0.000000 -0.488691
    12 1.807178 0.000000 -0.000004 0.000000 0.000000 -0.637045
    13 0.966141 0.000003 -0.000001 0.000000 0.000000 -0.497418
    14 -0.002205 0.006298 0.000417 3.133979 -0.003058 0.005338
    15 0.007872 0.003559 -0.000436 -3.124798 -0.001004 0.009074
    16 0.012690 -0.008244 0.010269 -3.131666 0.016691 0.012264
    17 3.571513 0.109304 0.409580 0.000000 0.000000 -0.427605
    18 2.150648 0.000002 -0.000003 0.000000 0.000000 -0.663223
    19 1.152746 -0.000003 0.000003 0.000000 0.000000 -0.523598
    20 0.000419 0.016150 0.002405 3.136320 -0.007304 -0.003105
    21 0.001816 -0.009672 -0.007393 3.139013 -0.008631 -0.008588
    22 -0.003752 -0.011593 -0.001195 3.133090 0.002976 0.014444
    23 3.684098 -0.158697 1.419183 0.000000 0.000000 -0.253072
    24 1.701014 0.000004 0.000004 0.000000 0.000000 -0.602138
    25 0.994714 -0.000002 -0.000008 0.000000 0.000000 -0.357792
    26 0.021160 0.011093 -0.004108 -3.137926 -0.002080 -0.001153
    27 -0.003428 0.010128 -0.008341 -3.140832 -0.004146 -0.019238
    28 0.004127 0.010881 0.000767 3.138806 -0.003164 -0.013821
    29 1.068074 -1.287202 0.981906 1.925949 -0.499323 -0.437818
    30 1.836308 -0.000001 0.000002 0.074245 -0.173006 -0.593150
    31 1.223949 -0.000002 0.000002 0.027395 -0.026912 -0.598150
    32 -0.012758 0.013269 0.005633 -3.132442 0.011957 -0.016684
    33 0.003252 0.002937 0.004907 3.134101 -0.012025 0.011384
    34 0.017597 0.001415 -0.271330 3.132743 -0.094250 -0.000348
    35 -0.034845 0.015532 -0.006371 -3.119476 -0.012752 0.011827
    36 6.868289 0.000003 0.000003 1.894370 0.030276 0.157882
    37 -6.002364 -0.460211 -0.868646 -0.695749 -0.131805 0.077518
    38 -6.002752 -0.459276 -0.867383 -0.699507 -0.131813 0.077097
    39 -10.921875 -4.957031 -11.492188 -1.570794 0.087264 -1.570796
    40 -0.000001 -0.000002 0.000004 -0.103888 -0.177767 0.206549
    41 10.907397 0.000000 -0.000001 -0.000346 -0.000019 -1.077194
    42 10.424307 0.000001 0.000016 -1.314576 0.326509 0.175625
    43 2.997296 0.000062 1.477484 0.000000 0.104719 -1.038469
    44 1.510386 -0.000002 0.000000 0.000000 0.000000 -1.422442
    45 0.808652 0.000001 -0.000003 -0.087183 0.081589 -1.026206
    46 -0.010181 0.001544 -0.002427 3.133438 0.004938 -0.014530
    47 -0.007761 0.000776 -0.012938 -3.140949 0.009512 -0.002789
    48 -0.003515 0.022163 -0.007593 -3.131007 0.004989 -0.015563
    49 3.305811 0.201132 0.547463 0.097216 -0.050307 -0.854749
    50 1.807181 -0.000005 -0.000002 0.020284 -0.092161 -1.076370
    51 0.966146 0.000000 0.000000 0.000000 0.000000 -1.579521
    52 -0.004041 0.002991 -0.002260 -3.129316 0.007469 -0.002160
    53 -0.016014 -0.012525 -0.005755 -3.127586 -0.003209 -0.007102
    54 -0.010741 -0.015351 -0.005964 -3.141244 -0.014366 0.013993
    55 3.571526 0.110787 -0.409180 -0.010425 -0.147987 -0.662451
    56 2.150658 0.000000 0.000000 0.000000 0.000000 -1.596972
    57 1.152748 0.000002 -0.000001 0.000000 0.000000 -1.038469
    58 -0.009424 0.003368 0.009511 3.138994 -0.007577 -0.001092
    59 -0.009795 0.006993 0.001619 3.137400 -0.006826 0.001062
    60 -0.005070 0.017085 0.007624 3.135509 0.005211 0.001477
    61 3.684113 -0.153569 -1.419744 -0.123477 -0.266345 -0.446641
    62 1.701014 -0.000001 0.000000 0.000000 0.000000 -0.253092
    63 0.994705 -0.000004 0.000000 0.000000 0.000000 -0.436331
    64 0.015236 0.000657 -0.012633 3.136885 0.014164 0.000018
    65 -0.014324 -0.018461 0.000846 -3.134644 0.013210 0.007851
    66 -0.020566 0.000650 -0.004019 -3.126894 -0.002595 -0.013678
    67 1.068097 -1.283652 -0.986552 -1.971874 0.531372 -0.274130
    68 1.836308 -0.000002 0.000001 0.071731 -0.042788 -0.118793
    69 1.223948 0.000001 -0.000002 -0.030976 -0.071337 -0.420798
    70 -0.026768 0.000412 0.021024 -3.135050 0.011560 0.031832
    71 -0.030946 0.015453 0.007155 3.126687 -0.014474 -0.013279
    72 0.024326 0.034636 0.000721 -3.121606 0.015525 0.030344
    73 -0.046000 0.019587 0.021797 3.134639 0.020864 -0.001670
    74 6.694322 0.000002 0.000001 -1.259132 -0.119012 0.108666
    75 -6.579163 -0.452807 0.914976 1.390020 0.137634 0.072730
    76 -6.553783 -0.454803 0.900534 1.387994 0.108045 0.086436
  time 64
    0 -6.450333 -24.874053 -5.010009 1.419844 -0.169089 1.764613
    1 7.820313 -3.039063 -8.804688 -1.082104 0.087263 -1.570797
    2 -0.000001 0.000002 0.000000 -0.021003 -0.098597 0.766856
    3 10.907404 0.000001 -0.000001 -0.000001 0.000012 -0.428155
    4 10.424325 -0.000011 -0.000033 2.468703 0.420364 -0.460671
    5 2.997275 0.005409 -1.477475 0.000000 0.000000 -0.471238
    6 1.510384 -0.000004 0.000000 0.000000 0.000000 -0.689404
    7 0.808659 -0.000001 0.000001 0.000000 0.000000 -0.654499
    8 -0.005463 0.010882 0.011922 -3.130701 -0.002586 -0.018476
    9 -0.001080 -0.005339 -0.002780 -3.138880 -0.004640 0.012721
    10 -0.019963 -0.004463 0.017139 3.137685 -0.000240 0.002472
    11 3.305800 0.203115 -0.546730 0.000000 0.000000 -0.488691
    12 1.807178 0.000000 -0.000004 0.000000 0.000000 -0.637045
    13 0.966141 0.000003 -0.000001 0.000000 0.000000 -0.497418
    14 -0.002205 0.006298 0.000417 3.133979 -0.003058 0.005338
    15 0.007872 0.003559 -0.000436 -3.124798 -0.001004 0.009074
    16 0.012690 -0.008244 0.010269 -3.131666 0.016691 0.012264
    17 3.571513 0.109304 0.409580 0.000000 0.000000 -0.427605
    18 2.150648 0.000002 -0.000003 0.000000 0.000000 -0.663223
    19 1.152746 -0.000003 0.000003 0.000000 0.000000 -0.523598
    20 0.000419 0.016150 0.002405 3.136320 -0.007304 -0.003105
    21 0.001816 -0.009672 -0.007393 3.139013 -0.008631 -0.008588
    22 -0.003752 -0.011593 -0.001195 3.133090 0.002976 0.014444
    23 3.684098 -0.158697 1.419183 0.000000 0.000000 -0.253072
    24 1.701014 0.000004 0.000004 0.000000 0.000000 -0.602138
    25 0.994714 -0.000002 -0.000008 0.000000 0.000000 -0.357792
    26 0.021160 0.011093 -0.004108 -3.137926 -0.002080 -0.001153
    27 -0.003428 0.010128 -0.008341 -3.140832 -0.004146 -0.019238
    28 0.004127 0.010881 0.000767 3.138806 -0.003164 -0.013821
    29 1.068074 -1.287202 0.981906 1.925949 -0.499323 -0.437818
    30 1.836308 -0.000001 0.000002 0.074245 -0.173006 -0.593150
    31 1.223949 -0.000002 0.000002 0.027395 -0.026912 -0.598150
    32 -0.012758 0.013269 0.005633 -3.132442 0.011957 -0.016684
    33 0.003252 0.002937 0.004907 3.134101 -0.012025 0.011384
    34 0.017597 0.001415 -0.271330 3.132743 -0.094250 -0.000348
    35 -0.034845 0.015532 -0.006371 -3.119476 -0.012752 0.011827
    36 6.868289 0.000003 0.000003 1.894370 0.030276 0.157882
    37 -6.002364 -0.460211 -0.868646 -0.695749 -0.131805 0.077518
    38 -6.002752 -0.459276 -0.867383 -0.699507 -0.131813 0.077097
    39 -10.921875 -4.957031 -11.492188 -1.570794 0.087264 -1.570796
    40 -0.000001 -0.000002 0.000004 -0.104398 -0.178619 0.207448
    41 10.907397 0.000000 -0.000001 -0.000346 -0.000019 -1.077124
    42 10.424307 0.000001 0.000016 -1.465355 0.360465 0.124909
    43 2.997296 0.000062 1.477484 0.000000 0.104719 -1.038469
    44 1.510386 -0.000002 0.000000 0.000000 0.000000 -1.422442
    45 0.808652 0.000001 -0.000003 -0.087183 0.081589 -1.026206
    46 -0.010181 0.001544 -0.002427 3.133438 0.004938 -0.014530
    47 -0.007761 0.000776 -0.012938 -3.140949 0.009512 -0.002789
    48 -0.003515 0.022163 -0.007593 -3.131007 0.004989 -0.015563
    49 3.305811 0.201132 0.547463 0.097216 -0.050307 -0.854749
    50 1.807181 -0.000005 -0.000002 0.020284 -0.092161 -1.076370
    51 0.966146 0.000000 0.000000 0.000000 0.000000 -1.579521
    52 -0.004041 0.002991 -0.002260 -3.129316 0.007469 -0.002160
    53 -0.016014 -0.012525 -0.005755 -3.127586 -0.003209 -0.007102
    54 -0.010741 -0.015351 -0.005964 -3.141244 -0.014366 0.013993
    55 3.571526 0.110787 -0.409180 -0.010425 -0.147987 -0.662451
    56 2.150658 0.000000 0.000000 0.000000 0.000000 -1.596972
    57 1.152748 0.000002 -0.000001 0.000000 0.000000 -1.038469
    58 -0.009424 0.003368 0.009511 3.138994 -0.007577 -0.001092
    59 -0.009795 0.006993 0.001619 3.137400 -0.006826 0.001062
    60 -0.005070 0.017085 0.007624 3.135509 0.005211 0.001477
    61 3.684113 -0.153569 -1.419744 -0.124987 -0.266908 -0.440285
    62 1.701014 -0.000001 0.000000 0.000000 0.000000 -0.253092
    63 0.994705 -0.000004 0.000000 0.000000 0.000000 -0.436331
    64 0.015236 0.000657 -0.012633 3.136885 0.014164 0.000018
    65 -0.014324 -0.018461 0.000846 -3.134644 0.013210 0.007851
    66 -0.020566 0.000650 -0.004019 -3.126894 -0.002595 -0.013678
    67 1.068097 -1.283652 -0.986552 -1.973835 0.529934 -0.278025
    68 1.836308 -0.000002 0.000001 0.071731 -0.042788 -0.118793
    69 1.223948 0.000001 -0.000002 -0.030976 -0.071337 -0.420798
    70 -0.026768 0.000412 0.021024 -3.135050 0.011560 0.031832
    71 -0.030946 0.015453 0.007155 3.126687 -0.014474 -0.013279
    72 0.024326 0.034636 0.000721 -3.121606 0.015525 0.030344
    73 -0.046000 0.019587 0.021797 3.134639 0.020864 -0.001670
    74 6.694322 0.000002 0.000001 -1.331337 -0.110875 0.116959
    75 -6.579163 -0.452807 0.914976 1.390020 0.137634 0.072730
    76 -6.553783 -0.454803 0.900534 1.387994 0.108045 0.086436
  time 65
    0 -6.524554 -24.909211 -5.002196 1.513764 -0.162263 1.627194
    1 7.820313 -3.039063 -8.804688 -1.082104 0.087263 -1.570797
    2 -0.000001 0.000002 0.000000 -0.021003 -0.098597 0.766856
    3 10.907404 0.000001 -0.000001 -0.000001 0.000012 -0.428155
    4 10.424325 -0.000011 -0.000033 2.468703 0.420364 -0.460671
    5 2.997275 0.005409 -1.477475 0.000000 0.000000 -0.471238
    6 1.510384 -0.000004 0.000000 0.000000 0.000000 -0.689404
    7 0.808659 -0.000001 0.000001 0.000000 0.000000 -0.654499
    8 -0.005463 0.010882 0.011922 -3.130701 -0.002586 -0.018476
    9 -0.001080 -0.005339 -0.002780 -3.138880 -0.004640 0.012721
    10 -0.019963 -0.004463 0.017139 3.137685 -0.000240 0.002472
    11 3.305800 0.203115 -0.546730 0.000000 0.000000 -0.488691
    12 1.807178 0.000000 -0.000004 0.000000 0.000000 -0.637045
    13 0.966141 0.000003 -0.000001 0.000000 0.000000 -0.497418
    14 -0.002205 0.006298 0.000417 3.133979 -0.003058 0.005338
    15 0.007872 0.003559 -0.000436 -3.124798 -0.001004 0.009074
    16 0.012690 -0.008244 0.010269 -3.131666 0.016691 0.012264
    17 3.571513 0.109304 0.409580 0.000000 0.000000 -0.427605
    18 2.150648 0.000002 -0.000003 0.000000 0.000000 -0.663223
    19 1.152746 -0.000003 0.000003 0.000000 0.000000 -0.523598
    20 0.000419 0.016150 0.002405 3.136320 -0.007304 -0.003105
    21 0.001816 -0.009672 -0.007393 3.139013 -0.008631 -0.008588
    22 -0.003752 -0.011593 -0.001195 3.133090 0.002976 0.014444
    23 3.684098 -0.158697 1.419183 0.000000 0.000000 -0.253072
    24 1.701014 0.000004 0.000004 0.000000 0.000000 -0.602138
    25 0.994714 -0.000002 -0.000008 0.000000 0.000000 -0.357792
    26 0.021160 0.011093 -0.004108 -3.137926 -0.002080 -0.001153
    27 -0.003428 0.010128 -0.008341 -3.140832 -0.004146 -0.019238
    28 0.004127 0.010881 0.000767 3.138806 -0.003164 -0.013821
    29 1.068074 -1.287202 0.981906 1.925949 -0.499323 -0.437818
    30 1.836308 -0.000001 0.000002 0.074245 -0.173006 -0.593150
    31 1.223949 -0.000002 0.000002 0.027395 -0.026912 -0.598150
    32 -0.012758 0.013269 0.005633 -3.132442 0.011957 -0.016684
    33 0.003252 0.002937 0.004907 3.134101 -0.012025 0.011384
    34 0.017597 0.001415 -0.271330 3.132743 -0.094250 -0.000348
    35 -0.034845 0.015532 -0.006371 -3.119476 -0.012752 0.011827
    36 6.868289 0.000003 0.000003 1.894370 0.030276 0.157882
    37 -6.002364 -0.460211 -0.868646 -0.695749 -0.131805 0.077518
    38 -6.002752 -0.459276 -0.867383 -0.699507 -0.131813 0.077097
    39 -10.921875 -4.957031 -11.492188 -1.570794 0.087264 -1.570796
    40 -0.000001 -0.000002 0.000004 -0.104621 -0.179285 0.205650
    41 10.907397 0.000000 -0.000001 -0.000346 -0.000019 -1.075724
    42 10.424307 0.000001 0.000016 -1.619273 0.390906 0.073586
    43 2.997296 0.000062 1.477484 0.000000 0.104719 -1.038469
    44 1.510386 -0.000002 0.000000 0.000000 0.000000 -1.422442
    45 0.808652 0.000001 -0.000003 -0.087183 0.081589 -1.026206
    46 -0.010181 0.001544 -0.002427 3.133438 0.004938 -0.014530
    47 -0.007761 0.000776 -0.012938 -3.140949 0.009512 -0.002789
    48 -0.003515 0.022163 -0.007593 -3.131007 0.004989 -0.015563
    49 3.305811 0.201132 0.547463 0.097216 -0.050307 -0.854749
    50 1.807181 -0.000005 -0.000002 0.020284 -0.092161 -1.076370
    51 0.966146 0.000000 0.000000 0.000000 0.000000 -1.579521
    52 -0.004041 0.002991 -0.002260 -3.129316 0.007469 -0.002160
    53 -0.016014 -0.012525 -0.005755 -3.127586 -0.003209 -0.007102
    54 -0.010741 -0.015351 -0.005964 -3.141244 -0.014366 0.013993
    55 3.571526 0.110787 -0.409180 -0.010425 -0.147987 -0.662451
    56 2.150658 0.000000 0.000000 0.000000 0.000000 -1.596972
    57 1.152748 0.000002 -0.000001 0.000000 0.000000 -1.038469
    58 -0.009424 0.003368 0.009511 3.138994 -0.007577 -0.001092
    59 -0.009795 0.006993 0.001619 3.137400 -0.006826 0.001062
    60 -0.005070 0.017085 0.007624 3.135509 0.005211 0.001477
    61 3.684113 -0.153569 -1.419744 -0.126509 -0.267435 -0.433887
    62 1.701014 -0.000001 0.000000 0.000000 0.000000 -0.253092
    63 0.994705 -0.000004 0.000000 0.000000 0.000000 -0.436331
    64 0.015236 0.000657 -0.012633 3.136885 0.014164 0.000018
    65 -0.014324 -0.018461 0.000846 -3.134644 0.013210 0.007851
    66 -0.020566 0.000650 -0.004019 -3.126894 -0.002595 -0.013678
    67 1.068097 -1.283652 -0.986552 -1.975822 0.528460 -0.281992
    68 1.836308 -0.000002 0.000001 0.071731 -0.042788 -0.118793
    69 1.223948 0.000001 -0.000002 -0.030976 -0.071337 -0.420798
    70 -0.026768 0.000412 0.021024 -3.135050 0.011560 0.031832
    71 -0.030946 0.015453 0.007155 3.126687 -0.014474 -0.013279
    72 0.024326 0.034636 0.000721 -3.121606 0.015525 0.030344
    73 -0.046000 0.019587 0.021797 3.134639 0.020864 -0.001670
    74 6.694322 0.000002 0.000001 -1.403222 -0.102210 0.124594
    75 -6.579163 -0.452807 0.914976 1.390020 0.137634 0.072730
    76 -6.553783 -0.454803 0.900534 1.387994 0.108045 0.086436
  time 66
    0 -6.614401 -24.940462 -4.955320 1.601116 -0.146688 1.492146
    1 7.820313 -3.039063 -8.804688 -1.082104 0.087263 -1.570797
    2 -0.000001 0.000002 0.000000 -0.021003 -0.098597 0.766856
    3 10.907404 0.000001 -0.000001 -0.000001 0.000012 -0.428155
    4 10.424325 -0.000011 -0.000033 2.468703 0.420364 -0.460671
    5 2.997275 0.005409 -1.477475 0.000000 0.000000 -0.471238
    6 1.510384 -0.000004 0.000000 0.000000 0.000000 -0.689404
    7 0.808659 -0.000001 0.000001 0.000000 0.000000 -0.654499
    8 -0.005463 0.010882 0.011922 -3.130701 -0.002586 -0.018476
    9 -0.001080 -0.005339 -0.002780 -3.138880 -0.004640 0.012721
    10 -0.019963 -0.004463 0.017139 3.137685 -0.000240 0.002472
    11 3.305800 0.203115 -0.546730 0.000000 0.000000 -0.488691
    12 1.807178 0.000000 -0.000004 0.000000 0.000000 -0.637045
    13 0.966141 0.000003 -0.000001 0.000000 0.000000 -0.497418
    14 -0.002205 0.006298 0.000417 3.133979 -0.003058 0.005338
    15 0.007872 0.003559 -0.000436 -3.124798 -0.001004 0.009074
    16 0.012690 -0.008244 0.010269 -3.131666 0.016691 0.012264
    17 3.571513 0.109304 0.409580 0.000000 0.000000 -0.427605
    18 2.150648 0.000002 -0.000003 0.000000 0.000000 -0.663223
    19 1.152746 -0.000003 0.000003 0.000000 0.000000 -0.523598
    20 0.000419 0.016150 0.002405 3.136320 -0.007304 -0.003105
    21 0.001816 -0.009672 -0.007393 3.139013 -0.008631 -0.008588
    22 -0.003752 -0.011593 -0.001195 3.133090 0.002976 0.014444
    23 3.684098 -0.158697 1.419183 0.000000 0.000000 -0.253072
    24 1.701014 0.000004 0.000004 0.000000 0.000000 -0.602138
    25 0.994714 -0.000002 -0.000008 0.000000 0.000000 -0.357792
    26 0.021160 0.011093 -0.004108 -3.137926 -0.002080 -0.001153
    27 -0.003428 0.010128 -0.008341 -3.140832 -0.004146 -0.019238
    28 0.004127 0.010881 0.000767 3.138806 -0.003164 -0.013821
    29 1.068074 -1.287202 0.981906 1.925949 -0.499323 -0.437818
    30 1.836308 -0.000001 0.000002 0.074245 -0.173006 -0.593150
    31 1.223949 -0.000002 0.000002 0.027395 -0.026912 -0.598150
    32 -0.012758 0.013269 0.005633 -3.132442 0.011957 -0.016684
    33 0.003252 0.002937 0.004907 3.134101 -0.012025 0.011384
    34 0.017597 0.001415 -0.271330 3.132743 -0.094250 -0.000348
    35 -0.034845 0.015532 -0.006371 -3.119476 -0.012752 0.011827
    36 6.868289 0.000003 0.000003 1.894370 0.030276 0.157882
    37 -6.002364 -0.460211 -0.868646 -0.695749 -0.131805 0.077518
    38 -6.002752 -0.459276 -0.867383 -0.699507 -0.131813 0.077097
    39 -10.921875 -4.957031 -11.492188 -1.570794 0.087264 -1.570796
    40 -0.000001 -0.000002 0.000004 -0.104653 -0.179915 0.201245
    41 10.907397 0.000000 -0.000001 -0.000346 -0.000019 -1.072818
    42 10.424307 0.000001 0.000016 -1.771473 0.416934 0.023391
    43 2.997296 0.000062 1.477484 0.000000 0.104719 -1.038469
    44 1.510386 -0.000002 0.000000 0.000000 0.000000 -1.422442
    45 0.808652 0.000001 -0.000003 -0.087183 0.081589 -1.026206
    46 -0.010181 0.001544 -0.002427 3.133438 0.004938 -0.014530
    47 -0.007761 0.000776 -0.012938 -3.140949 0.009512 -0.002789
    48 -0.003515 0.022163 -0.007593 -3.131007 0.004989 -0.015563
    49 3.305811 0.201132 0.547463 0.097216 -0.050307 -0.854749
    50 1.807181 -0.000005 -0.000002 0.020284 -0.092161 -1.076370
    51 0.966146 0.000000 0.000000 0.000000 0.000000 -1.579521
    52 -0.004041 0.002991 -0.002260 -3.129316 0.007469 -0.002160
    53 -0.016014 -0.012525 -0.005755 -3.127586 -0.003209 -0.007102
    54 -0.010741 -0.015351 -0.005964 -3.141244 -0.014366 0.013993
    55 3.571526 0.110787 -0.409180 -0.010425 -0.147987 -0.662451
    56 2.150658 0.000000 0.000000 0.000000 0.000000 -1.596972
    57 1.152748 0.000002 -0.000001 0.000000 0.000000 -1.038469
    58 -0.009424 0.003368 0.009511 3.138994 -0.007577 -0.001092
    59 -0.009795 0.006993 0.001619 3.137400 -0.006826 0.001062
    60 -0.005070 0.017085 0.007624 3.135509 0.005211 0.001477
    61 3.684113 -0.153569 -1.419744 -0.128043 -0.267903 -0.427469
    62 1.701014 -0.000001 0.000000 0.000000 0.000000 -0.253092
    63 0.994705 -0.000004 0.000000 0.000000 0.000000 -0.436331
    64 0.015236 0.000657 -0.012633 3.136885 0.014164 0.000018
    65 -0.014324 -0.018461 0.000846 -3.134644 0.013210 0.007851
    66 -0.020566 0.000650 -0.004019 -3.126894 -0.002595 -0.013678
    67 1.068097 -1.283652 -0.986552 -1.977836 0.526938 -0.286018
    68 1.836308 -0.000002 0.000001 0.071731 -0.042788 -0.118793
    69 1.223948 0.000001 -0.000002 -0.030976 -0.071337 -0.420798
    70 -0.026768 0.000412 0.021024 -3.135050 0.011560 0.031832
    71 -0.030946 0.015453 0.007155 3.126687 -0.014474 -0.013279
    72 0.024326 0.034636 0.000721 -3.121606 0.015525 0.030344
    73 -0.046000 0.019587 0.021797 3.134639 0.020864 -0.001670
    74 6.694322 0.000002 0.000001 -1.472596 -0.093317 0.131377
    75 -6.579163 -0.452807 0.914976 1.390020 0.137634 0.072730
    76 -6.553783 -0.454803 0.900534 1.387994 0.108045 0.086436
  time 67
    0 -6.712060 -24.971712 -4.888912 1.678616 -0.124378 1.364400
    1 7.820313 -3.039063 -8.804688 -1.082104 0.087263 -1.570797
    2 -0.000001 0.000002 0.000000 -0.021003 -0.098597 0.766856
    3 10.907404 0.000001 -0.000001 -0.000001 0.000012 -0.428155
    4 10.424325 -0.000011 -0.000033 2.468703 0.420364 -0.460671
    5 2.997275 0.005409 -1.477475 0.000000 0.000000 -0.471238
    6 1.510384 -0.000004 0.000000 0.000000 0.000000 -0.689404
    7 0.808659 -0.000001 0.000001 0.000000 0.000000 -0.654499
    8 -0.005463 0.010882 0.011922 -3.130701 -0.002586 -0.018476
    9 -0.001080 -0.005339 -0.002780 -3.138880 -0.004640 0.012721
    10 -0.019963 -0.004463 0.017139 3.137685 -0.000240 0.002472
    11 3.305800 0.203115 -0.546730 0.000000 0.000000 -0.488691
    12 1.807178 0.000000 -0.000004 0.000000 0.000000 -0.637045
    13 0.966141 0.000003 -0.000001 0.000000 0.000000 -0.497418
    14 -0.002205 0.006298 0.000417 3.133979 -0.003058 0.005338
    15 0.007872 0.003559 -0.000436 -3.124798 -0.001004 0.009074
    16 0.012690 -0.008244 0.010269 -3.131666 0.016691 0.012264
    17 3.571513 0.109304 0.409580 0.000000 0.000000 -0.427605
    18 2.150648 0.000002 -0.000003 0.000000 0.000000 -0.663223
    19 1.152746 -0.000003 0.000003 0.000000 0.000000 -0.523598
    20 0.000419 0.016150 0.002405 3.136320 -0.007304 -0.003105
    21 0.001816 -0.009672 -0.007393 3.139013 -0.008631 -0.008588
    22 -0.003752 -0.011593 -0.001195 3.133090 0.002976 0.014444
    23 3.684098 -0.158697 1.419183 0.000000 0.000000 -0.253072
    24 1.701014 0.000004 0.000004 0.000000 0.000000 -0.602138
    25 0.994714 -0.000002 -0.000008 0.000000 0.000000 -0.357792
    26 0.021160 0.011093 -0.004108 -3.137926 -0.002080 -0.001153
    27 -0.003428 0.010128 -0.008341 -3.140832 -0.004146 -0.019238
    28 0.004127 0.010881 0.000767 3.138806 -0.003164 -0.013821
    29 1.068074 -1.287202 0.981906 1.925949 -0.499323 -0.437818
    30 1.836308 -0.000001 0.000002 0.074245 -0.173006 -0.593150
    31 1.223949 -0.000002 0.000002 0.027395 -0.026912 -0.598150
    32 -0.012758 0.013269 0.005633 -3.132442 0.011957 -0.016684
    33 0.003252 0.002937 0.004907 3.134101 -0.012025 0.011384
    34 0.017597 0.001415 -0.271330 3.132743 -0.094250 -0.000348
    35 -0.034845 0.015532 -0.006371 -3.119476 -0.012752 0.011827
    36 6.868289 0.000003 0.000003 1.894370 0.030276 0.157882
    37 -6.002364 -0.460211 -0.868646 -0.695749 -0.131805 0.077518
    38 -6.002752 -0.459276 -0.867383 -0.699507 -0.131813 0.077097
    39 -10.921875 -4.957031 -11.492188 -1.570794 0.087264 -1.570796
    40 -0.000001 -0.000002 0.000004 -0.104558 -0.180507 0.195131
    41 10.907397 0.000000 -0.000001 -0.000346 -0.000019 -1.068898
    42 10.424307 0.000001 0.000016 -1.916271 0.437988 -0.024025
    43 2.997296 0.000062 1.477484 0.000000 0.104719 -1.038469
    44 1.510386 -0.000002 0.000000 0.000000 0.000000 -1.422442
    45 0.808652 0.000001 -0.000003 -0.087183 0.081589 -1.026206
    46 -0.010181 0.001544 -0.002427 3.133438 0.004938 -0.014530
    47 -0.007761 0.000776 -0.012938 -3.140949 0.009512 -0.002789
    48 -0.003515 0.022163 -0.007593 -3.131007 0.004989 -0.015563
    49 3.305811 0.201132 0.547463 0.097216 -0.050307 -0.854749
    50 1.807181 -0.000005 -0.000002 0.020284 -0.092161 -1.076370
    51 0.966146 0.000000 0.000000 0.000000 0.000000 -1.579521
    52 -0.004041 0.002991 -0.002260 -3.129316 0.007469 -0.002160
    53 -0.016014 -0.012525 -0.005755 -3.127586 -0.003209 -0.007102
    54 -0.010741 -0.015351 -0.005964 -3.141244 -0.014366 0.013993
    55 3.571526 0.110787 -0.409180 -0.010425 -0.147987 -0.662451
    56 2.150658 0.000000 0.000000 0.000000 0.000000 -1.596972
    57 1.152748 0.000002 -0.000001 0.000000 0.000000 -1.038469
    58 -0.009424 0.003368 0.009511 3.138994 -0.007577 -0.001092
    59 -0.009795 0.006993 0.001619 3.137400 -0.006826 0.001062
    60 -0.005070 0.017085 0.007624 3.135509 0.005211 0.001477
    61 3.684113 -0.153569 -1.419744 -0.129553 -0.268310 -0.421030
    62 1.701014 -0.000001 0.000000 0.000000 0.000000 -0.253092
    63 0.994705 -0.000004 0.000000 0.000000 0.000000 -0.436331
    64 0.015236 0.000657 -0.012633 3.136885 0.014164 0.000018
    65 -0.014324 -0.018461 0.000846 -3.134644 0.013210 0.007851
    66 -0.020566 0.000650 -0.004019 -3.126894 -0.002595 -0.013678
    67 1.068097 -1.283652 -0.986552 -1.979875 0.525380 -0.290105
    68 1.836308 -0.000002 0.000001 0.071731 -0.042788 -0.118793
    69 1.223948 0.000001 -0.000002 -0.030976 -0.071337 -0.420798
    70 -0.026768 0.000412 0.021024 -3.135050 0.011560 0.031832
    71 -0.030946 0.015453 0.007155 3.126687 -0.014474 -0.013279
    72 0.024326 0.034636 0.000721 -3.121606 0.015525 0.030344
    73 -0.046000 0.019587 0.021797 3.134639 0.020864 -0.001670
    74 6.694322 0.000002 0.000001 -1.537174 -0.084628 0.137105
    75 -6.579163 -0.452807 0.914976 1.390020 0.137634 0.072730
    76 -6.553783 -0.454803 0.900534 1.387994 0.108045 0.086436
  time 68
    0 -6.809719 -24.991244 -4.802971 1.743919 -0.098266 1.248889
    1 7.820313 -3.039063 -8.804688 -1.082104 0.087263 -1.570797
    2 -0.000001 0.000002 0.000000 -0.021003 -0.098597 0.766856
    3 10.907404 0.000001 -0.000001 -0.000001 0.000012 -0.428155
    4 10.424325 -0.000011 -0.000033 2.468703 0.420364 -0.460671
    5 2.997275 0.005409 -1.477475 0.000000 0.000000 -0.471238
    6 1.510384 -0.000004 0.000000 0.000000 0.000000 -0.689404
    7 0.808659 -0.000001 0.000001 0.000000 0.000000 -0.654499
    8 -0.005463 0.010882 0.011922 -3.130701 -0.002586 -0.018476
    9 -0.001080 -0.005339 -0.002780 -3.138880 -0.004640 0.012721
    10 -0.019963 -0.004463 0.017139 3.137685 -0.000240 0.002472
    11 3.305800 0.203115 -0.546730 0.000000 0.000000 -0.488691
    12 1.807178 0.000000 -0.000004 0.000000 0.000000 -0.637045
    13 0.966141 0.000003 -0.000001 0.000000 0.000000 -0.497418
    14 -0.002205 0.006298 0.000417 3.133979 -0.003058 0.005338
    15 0.007872 0.003559 -0.000436 -3.124798 -0.001004 0.009074
    16 0.012690 -0.008244 0.010269 -3.131666 0.016691 0.012264
    17 3.571513 0.109304 0.409580 0.000000 0.000000 -0.427605
    18 2.150648 0.000002 -0.000003 0.000000 0.000000 -0.663223
    19 1.152746 -0.000003 0.000003 0.000000 0.000000 -0.523598
    20 0.000419 0.016150 0.002405 3.136320 -0.007304 -0.003105
    21 0.001816 -0.009672 -0.007393 3.139013 -0.008631 -0.008588
    22 -0.003752 -0.011593 -0.001195 3.133090 0.002976 0.014444
    23 3.684098 -0.158697 1.419183 0.000000 0.000000 -0.253072
    24 1.701014 0.000004 0.000004 0.000000 0.000000 -0.602138
    25 0.994714 -0.000002 -0.000008 0.000000 0.000000 -0.357792
    26 0.021160 0.011093 -0.004108 -3.137926 -0.002080 -0.001153
    27 -0.003428 0.010128 -0.008341 -3.140832 -0.004146 -0.019238
    28 0.004127 0.010881 0.000767 3.138806 -0.003164 -0.013821
    29 1.068074 -1.287202 0.981906 1.925949 -0.499323 -0.437818
    30 1.836308 -0.000001 0.000002 0.074245 -0.173006 -0.593150
    31 1.223949 -0.000002 0.000002 0.027395 -0.026912 -0.598150
    32 -0.012758 0.013269 0.005633 -3.132442 0.011957 -0.016684
    33 0.003252 0.002937 0.004907 3.134101 -0.012025 0.011384
    34 0.017597 0.001415 -0.271330 3.132743 -0.094250 -0.000348
    35 -0.034845 0.015532 -0.006371 -3.119476 -0.012752 0.011827
    36 6.868289 0.000003 0.000003 1.894370 0.030276 0.157882
    37 -6.002364 -0.460211 -0.868646 -0.695749 -0.131805 0.077518
    38 -6.002752 -0.459276 -0.867383 -0.699507 -0.131813 0.077097
    39 -10.921875 -4.957031 -11.492188 -1.570794 0.087264 -1.570796
    40 -0.000001 -0.000002 0.000004 -0.104334 -0.180989 0.188119
    41 10.907397 0.000000 -0.000001 -0.000346 -0.000019 -1.064452
    42 10.424307 0.000001 0.000016 -2.047839 0.454069 -0.066838
    43 2.997296 0.000062 1.477484 0.000000 0.104719 -1.038469
    44 1.510386 -0.000002 0.000000 0.000000 0.000000 -1.422442
    45 0.808652 0.000001 -0.000003 -0.087183 0.081589 -1.026206
    46 -0.010181 0.001544 -0.002427 3.133438 0.004938 -0.014530
    47 -0.007761 0.000776 -0.012938 -3.140949 0.009512 -0.002789
    48 -0.003515 0.022163 -0.007593 -3.131007 0.004989 -0.015563
    49 3.305811 0.201132 0.547463 0.097216 -0.050307 -0.854749
    50 1.807181 -0.000005 -0.000002 0.020284 -0.092161 -1.076370
    51 0.966146 0.000000 0.000000 0.000000 0.000000 -1.579521
    52 -0.004041 0.002991 -0.002260 -3.129316 0.007469 -0.002160
    53 -0.016014 -0.012525 -0.005755 -3.127586 -0.003209 -0.007102
    54 -0.010741 -0.015351 -0.005964 -3.141244 -0.014366 0.013993
    55 3.571526 0.110787 -0.409180 -0.010425 -0.147987 -0.662451
    56 2.150658 0.000000 0.000000 0.000000 0.000000 -1.596972
    57 1.152748 0.000002 -0.000001 0.000000 0.000000 -1.038469
    58 -0.009424 0.003368 0.009511 3.138994 -0.007577 -0.001092
    59 -0.009795 0.006993 0.001619 3.137400 -0.006826 0.001062
    60 -0.005070 0.017085 0.007624 3.135509 0.005211 0.001477
    61 3.684113 -0.153569 -1.419744 -0.131064 -0.268658 -0.414592
    62 1.701014 -0.000001 0.000000 0.000000 0.000000 -0.253092
    63 0.994705 -0.000004 0.000000 0.000000 0.000000 -0.436331
    64 0.015236 0.000657 -0.012633 3.136885 0.014164 0.000018
    65 -0.014324 -0.018461 0.000846 -3.134644 0.013210 0.007851
    66 -0.020566 0.000650 -0.004019 -3.126894 -0.002595 -0.013678
    67 1.068097 -1.283652 -0.986552 -1.981914 0.523798 -0.294240
    68 1.836308 -0.000002 0.000001 0.071731 -0.042788 -0.118793
    69 1.223948 0.000001 -0.000002 -0.030976 -0.071337 -0.420798
    70 -0.026768 0.000412 0.021024 -3.135050 0.011560 0.031832
    71 -0.030946 0.015453 0.007155 3.126687 -0.014474 -0.013279
    72 0.024326 0.034636 0.000721 -3.121606 0.015525 0.030344
    73 -0.046000 0.019587 0.021797 3.134639 0.020864 -0.001670
    74 6.694322 0.000002 0.000001 -1.594764 -0.076575 0.141744
    75 -6.579163 -0.452807 0.914976 1.390020 0.137634 0.072730
    76 -6.553783 -0.454803 0.900534 1.387994 0.108045 0.086436
  time 69
    0 -6.899565 -25.002963 -4.717031 1.795805 -0.071651 1.149974
    1 7.820313 -3.039063 -8.804688 -1.082104 0.087263 -1.570797
    2 -0.000001 0.000002 0.000000 -0.021003 -0.098597 0.766856
    3 10.907404 0.000001 -0.000001 -0.000001 0.000012 -0.428155
    4 10.424325 -0.000011 -0.000033 2.468703 0.420364 -0.460671
    5 2.997275 0.005409 -1.477475 0.000000 0.000000 -0.471238
    6 1.510384 -0.000004 0.000000 0.000000 0.000000 -0.689404
    7 0.808659 -0.000001 0.000001 0.000000 0.000000 -0.654499
    8 -0.005463 0.010882 0.011922 -3.130701 -0.002586 -0.018476
    9 -0.001080 -0.005339 -0.002780 -3.138880 -0.004640 0.012721
    10 -0.019963 -0.004463 0.017139 3.137685 -0.000240 0.002472
    11 3.305800 0.203115 -0.546730 0.000000 0.000000 -0.488691
    12 1.807178 0.000000 -0.000004 0.000000 0.000000 -0.637045
    13 0.966141 0.000003 -0.000001 0.000000 0.000000 -0.497418
    14 -0.002205 0.006298 0.000417 3.133979 -0.003058 0.005338
    15 0.007872 0.003559 -0.000436 -3.124798 -0.001004 0.009074
    16 0.012690 -0.008244 0.010269 -3.131666 0.016691 0.012264
    17 3.571513 0.109304 0.409580 0.000000 0.000000 -0.427605
    18 2.150648 0.000002 -0.000003 0.000000 0.000000 -0.663223
    19 1.152746 -0.000003 0.000003 0.000000 0.000000 -0.523598
    20 0.000419 0.016150 0.002405 3.136320 -0.007304 -0.003105
    21 0.001816 -0.009672 -0.007393 3.139013 -0.008631 -0.008588
    22 -0.003752 -0.011593 -0.001195 3.133090 0.002976 0.014444
    23 3.684098 -0.158697 1.419183 0.000000 0.000000 -0.253072
    24 1.701014 0.000004 0.000004 0.000000 0.000000 -0.602138
    25 0.994714 -0.000002 -0.000008 0.000000 0.000000 -0.357792
    26 0.021160 0.011093 -0.004108 -3.137926 -0.002080 -0.001153
    27 -0.003428 0.010128 -0.008341 -3.140832 -0.004146 -0.019238
    28 0.004127 0.010881 0.000767 3.138806 -0.003164 -0.013821
    29 1.068074 -1.287202 0.981906 1.925949 -0.499323 -0.437818
    30 1.836308 -0.000001 0.000002 0.074245 -0.173006 -0.593150
    31 1.223949 -0.000002 0.000002 0.027395 -0.026912 -0.598150
    32 -0.012758 0.013269 0.005633 -3.132442 0.011957 -0.016684
    33 0.003252 0.002937 0.004907 3.134101 -0.012025 0.011384
    34 0.017597 0.001415 -0.271330 3.132743 -0.094250 -0.000348
    35 -0.034845 0.015532 -0.006371 -3.119476 -0.012752 0.011827
    36 6.868289 0.000003 0.000003 1.894370 0.030276 0.157882
    37 -6.002364 -0.460211 -0.868646 -0.695749 -0.131805 0.077518
    38 -6.002752 -0.459276 -0.867383 -0.699507 -0.131813 0.077097
    39 -10.921875 -4.957031 -11.492188 -1.570794 0.087264 -1.570796
    40 -0.000001 -0.000002 0.000004 -0.104048 -0.181433 0.181106
    41 10.907397 0.000000 -0.000001 -0.000346 -0.000019 -1.059971
    42 10.424307 0.000001 0.000016 -2.160343 0.465512 -0.103051
    43 2.997296 0.000062 1.477484 0.000000 0.104719 -1.038469
    44 1.510386 -0.000002 0.000000 0.000000 0.000000 -1.422442
    45 0.808652 0.000001 -0.000003 -0.087183 0.081589 -1.026206
    46 -0.010181 0.001544 -0.002427 3.133438 0.004938 -0.014530
    47 -0.007761 0.000776 -0.012938 -3.140949 0.009512 -0.002789
    48 -0.003515 0.022163 -0.007593 -3.131007 0.004989 -0.015563
    49 3.305811 0.201132 0.547463 0.097216 -0.050307 -0.854749
    50 1.807181 -0.000005 -0.000002 0.020284 -0.092161 -1.076370
    51 0.966146 0.000000 0.000000 0.000000 0.000000 -1.579521
    52 -0.004041 0.002991 -0.002260 -3.129316 0.007469 -0.002160
    53 -0.016014 -0.012525 -0.005755 -3.127586 -0.003209 -0.007102
    54 -0.010741 -0.015351 -0.005964 -3.141244 -0.014366 0.013993
    55 3.571526 0.110787 -0.409180 -0.010425 -0.147987 -0.662451
    56 2.150658 0.000000 0.000000 0.000000 0.000000 -1.596972
    57 1.152748 0.000002 -0.000001 0.000000 0.000000 -1.038469
    58 -0.009424 0.003368 0.009511 3.138994 -0.007577 -0.001092
    59 -0.009795 0.006993 0.001619 3.137400 -0.006826 0.001062
    60 -0.005070 0.017085 0.007624 3.135509 0.005211 0.001477
    61 3.684113 -0.153569 -1.419744 -0.132562 -0.268946 -0.408194
    62 1.701014 -0.000001 0.000000 0.000000 0.000000 -0.253092
    63 0.994705 -0.000004 0.000000 0.000000 0.000000 -0.436331
    64 0.015236 0.000657 -0.012633 3.136885 0.014164 0.000018
    65 -0.014324 -0.018461 0.000846 -3.134644 0.013210 0.007851
    66 -0.020566 0.000650 -0.004019 -3.126894 -0.002595 -0.013678
    67 1.068097 -1.283652 -0.986552 -1.983979 0.522168 -0.298423
    68 1.836308 -0.000002 0.000001 0.071731 -0.042788 -0.118793
    69 1.223948 0.000001 -0.000002 -0.030976 -0.071337 -0.420798
    70 -0.026768 0.000412 0.021024 -3.135050 0.011560 0.031832
    71 -0.030946 0.015453 0.007155 3.126687 -0.014474 -0.013279
    72 0.024326 0.034636 0.000721 -3.121606 0.015525 0.030344
    73 -0.046000 0.019587 0.021797 3.134639 0.020864 -0.001670
    74 6.694322 0.000002 0.000001 -1.643221 -0.069588 0.145291
    75 -6.579163 -0.452807 0.914976 1.390020 0.137634 0.072730
    76 -6.553783 -0.454803 0.900534 1.387994 0.108045 0.086436
  time 70
    0 -6.973786 -25.006870 -4.638904 1.833429 -0.048105 1.071543
    1 7.820313 -3.039063 -8.804688 -1.082104 0.087263 -1.570797
    2 -0.000001 0.000002 0.000000 -0.021003 -0.098597 0.766856
    3 10.907404 0.000001 -0.000001 -0.000001 0.000012 -0.428155
    4 10.424325 -0.000011 -0.000033 2.468703 0.420364 -0.460671
    5 2.997275 0.005409 -1.477475 0.000000 0.000000 -0.471238
    6 1.510384 -0.000004 0.000000 0.000000 0.000000 -0.689404
    7 0.808659 -0.000001 0.000001 0.000000 0.000000 -0.654499
    8 -0.005463 0.010882 0.011922 -3.130701 -0.002586 -0.018476
    9 -0.001080 -0.005339 -0.002780 -3.138880 -0.004640 0.012721
    10 -0.019963 -0.004463 0.017139 3.137685 -0.000240 0.002472
    11 3.305800 0.203115 -0.546730 0.000000 0.000000 -0.488691
    12 1.807178 0.000000 -0.000004 0.000000 0.000000 -0.637045
    13 0.966141 0.000003 -0.000001 0.000000 0.000000 -0.497418
    14 -0.002205 0.006298 0.000417 3.133979 -0.003058 0.005338
    15 0.007872 0.003559 -0.000436 -3.124798 -0.001004 0.009074
    16 0.012690 -0.008244 0.010269 -3.131666 0.016691 0.012264
    17 3.571513 0.109304 0.409580 0.000000 0.000000 -0.427605
    18 2.150648 0.000002 -0.000003 0.000000 0.000000 -0.663223
    19 1.152746 -0.000003 0.000003 0.000000 0.000000 -0.523598
    20 0.000419 0.016150 0.002405 3.136320 -0.007304 -0.003105
    21 0.001816 -0.009672 -0.007393 3.139013 -0.008631 -0.008588
    22 -0.003752 -0.011593 -0.001195 3.133090 0.002976 0.014444
    23 3.684098 -0.158697 1.419183 0.000000 0.000000 -0.253072
    24 1.701014 0.000004 0.000004 0.000000 0.000000 -0.602138
    25 0.994714 -0.000002 -0.000008 0.000000 0.000000 -0.357792
    26 0.021160 0.011093 -0.004108 -3.137926 -0.002080 -0.001153
    27 -0.003428 0.010128 -0.008341 -3.140832 -0.004146 -0.019238
    28 0.004127 0.010881 0.000767 3.138806 -0.003164 -0.013821
    29 1.068074 -1.287202 0.981906 1.925949 -0.499323 -0.437818
    30 1.836308 -0.000001 0.000002 0.074245 -0.173006 -0.593150
    31 1.223949 -0.000002 0.000002 0.027395 -0.026912 -0.598150
    32 -0.012758 0.013269 0.005633 -3.132442 0.011957 -0.016684
    33 0.003252 0.002937 0.004907 3.134101 -0.012025 0.011384
    34 0.017597 0.001415 -0.271330 3.132743 -0.094250 -0.000348
    35 -0.034845 0.015532 -0.006371 -3.119476 -0.012752 0.011827
    36 6.868289 0.000003 0.000003 1.894370 0.030276 0.157882
    37 -6.002364 -0.460211 -0.868646 -0.695749 -0.131805 0.077518
    38 -6.002752 -0.459276 -0.867383 -0.699507 -0.131813 0.077097
    39 -10.921875 -4.957031 -11.492188 -1.570794 0.087264 -1.570796
    40 -0.000001 -0.000002 0.000004 -0.103761 -0.181729 0.174993
    41 10.907397 0.000000 -0.000001 -0.000346 -0.000019 -1.056050
    42 10.424307 0.000001 0.000016 -2.247731 0.472992 -0.130928
    43 2.997296 0.000062 1.477484 0.000000 0.104719 -1.038469
    44 1.510386 -0.000002 0.000000 0.000000 0.000000 -1.422442
    45 0.808652 0.000001 -0.000003 -0.087183 0.081589 -1.026206
    46 -0.010181 0.001544 -0.002427 3.133438 0.004938 -0.014530
    47 -0.007761 0.000776 -0.012938 -3.140949 0.009512 -0.002789
    48 -0.003515 0.022163 -0.007593 -3.131007 0.004989 -0.015563
    49 3.305811 0.201132 0.547463 0.097216 -0.050307 -0.854749
    50 1.807181 -0.000005 -0.000002 0.020284 -0.092161 -1.076370
    51 0.966146 0.000000 0.000000 0.000000 0.000000 -1.579521
    52 -0.004041 0.002991 -0.002260 -3.129316 0.007469 -0.002160
    53 -0.016014 -0.012525 -0.005755 -3.127586 -0.003209 -0.007102
    54 -0.010741 -0.015351 -0.005964 -3.141244 -0.014366 0.013993
    55 3.571526 0.110787 -0.409180 -0.010425 -0.147987 -0.662451
    56 2.150658 0.000000 0.000000 0.000000 0.000000 -1.596972
    57 1.152748 0.000002 -0.000001 0.000000 0.000000 -1.038469
    58 -0.009424 0.003368 0.009511 3.138994 -0.007577 -0.001092
    59 -0.009795 0.006993 0.001619 3.137400 -0.006826 0.001062
    60 -0.005070 0.017085 0.007624 3.135509 0.005211 0.001477
    61 3.684113 -0.153569 -1.419744 -0.134048 -0.269149 -0.401817
    62 1.701014 -0.000001 0.000000 0.000000 0.000000 -0.253092
    63 0.994705 -0.000004 0.000000 0.000000 0.000000 -0.436331
    64 0.015236 0.000657 -0.012633 3.136885 0.014164 0.000018
    65 -0.014324 -0.018461 0.000846 -3.134644 0.013210 0.007851
    66 -0.020566 0.000650 -0.004019 -3.126894 -0.002595 -0.013678
    67 1.068097 -1.283652 -0.986552 -1.986044 0.520514 -0.302641
    68 1.836308 -0.000002 0.000001 0.071731 -0.042788 -0.118793
    69 1.223948 0.000001 -0.000002 -0.030976 -0.071337 -0.420798
    70 -0.026768 0.000412 0.021024 -3.135050 0.011560 0.031832
    71 -0.030946 0.015453 0.007155 3.126687 -0.014474 -0.013279
    72 0.024326 0.034636 0.000721 -3.121606 0.015525 0.030344
    73 -0.046000 0.019587 0.021797 3.134639 0.020864 -0.001670
    74 6.694322 0.000002 0.000001 -1.680488 -0.064099 0.147772
    75 -6.579163 -0.452807 0.914976 1.390020 0.137634 0.072730
    76 -6.553783 -0.454803 0.900534 1.387994 0.108045 0.086436
  time 71
    0 -7.024569 -25.006870 -4.580308 1.856510 -0.030834 1.017676
    1 7.820313 -3.039063 -8.804688 -1.082104 0.087263 -1.570797
    2 -0.000001 0.000002 0.000000 -0.021003 -0.098597 0.766856
    3 10.907404 0.000001 -0.000001 -0.000001 0.000012 -0.428155
    4 10.424325 -0.000011 -0.000033 2.468703 0.420364 -0.460671
    5 2.997275 0.005409 -1.477475 0.000000 0.000000 -0.471238
    6 1.510384 -0.000004 0.000000 0.000000 0.000000 -0.689404
    7 0.808659 -0.000001 0.000001 0.000000 0.000000 -0.654499
    8 -0.005463 0.010882 0.011922 -3.130701 -0.002586 -0.018476
    9 -0.001080 -0.005339 -0.002780 -3.138880 -0.004640 0.012721
    10 -0.019963 -0.004463 0.017139 3.137685 -0.000240 0.002472
    11 3.305800 0.203115 -0.546730 0.000000 0.000000 -0.488691
    12 1.807178 0.000000 -0.000004 0.000000 0.000000 -0.637045
    13 0.966141 0.000003 -0.000001 0.000000 0.000000 -0.497418
    14 -0.002205 0.006298 0.000417 3.133979 -0.003058 0.005338
    15 0.007872 0.003559 -0.000436 -3.124798 -0.001004 0.009074
    16 0.012690 -0.008244 0.010269 -3.131666 0.016691 0.012264
    17 3.571513 0.109304 0.409580 0.000000 0.000000 -0.427605
    18 2.150648 0.000002 -0.000003 0.000000 0.000000 -0.663223
    19 1.152746 -0.000003 0.000003 0.000000 0.000000 -0.523598
    20 0.000419 0.016150 0.002405 3.136320 -0.007304 -0.003105
    21 0.001816 -0.009672 -0.007393 3.139013 -0.008631 -0.008588
    22 -0.003752 -0.011593 -0.001195 3.133090 0.002976 0.014444
    23 3.684098 -0.158697 1.419183 0.000000 0.000000 -0.253072
    24 1.701014 0.000004 0.000004 0.000000 0.000000 -0.602138
    25 0.994714 -0.000002 -0.000008 0.000000 0.000000 -0.357792
    26 0.021160 0.011093 -0.004108 -3.137926 -0.002080 -0.001153
    27 -0.003428 0.010128 -0.008341 -3.140832 -0.004146 -0.019238
    28 0.004127 0.010881 0.000767 3.138806 -0.003164 -0.013821
    29 1.068074 -1.287202 0.981906 1.925949 -0.499323 -0.437818
    30 1.836308 -0.000001 0.000002 0.074245 -0.173006 -0.593150
    31 1.223949 -0.000002 0.000002 0.027395 -0.026912 -0.598150
    32 -0.012758 0.013269 0.005633 -3.132442 0.011957 -0.016684
    33 0.003252 0.002937 0.004907 3.134101 -0.012025 0.011384
    34 0.017597 0.001415 -0.271330 3.132743 -0.094250 -0.000348
    35 -0.034845 0.015532 -0.006371 -3.119476 -0.012752 0.011827
    36 6.868289 0.000003 0.000003 1.894370 0.030276 0.157882
    37 -6.002364 -0.460211 -0.868646 -0.695749 -0.131805 0.077518
    38 -6.002752 -0.459276 -0.867383 -0.699507 -0.131813 0.077097
    39 -10.921875 -4.957031 -11.492188 -1.570794 0.087264 -1.570796
    40 -0.000001 -0.000002 0.000004 -0.103570 -0.181952 0.170678
    41 10.907397 0.000000 -0.000001 -0.000346 -0.000019 -1.053214
    42 10.424307 0.000001 0.000016 -2.304245 0.477143 -0.148817
    43 2.997296 0.000062 1.477484 0.000000 0.104719 -1.038469
    44 1.510386 -0.000002 0.000000 0.000000 0.000000 -1.422442
    45 0.808652 0.000001 -0.000003 -0.087183 0.081589 -1.026206
    46 -0.010181 0.001544 -0.002427 3.133438 0.004938 -0.014530
    47 -0.007761 0.000776 -0.012938 -3.140949 0.009512 -0.002789
    48 -0.003515 0.022163 -0.007593 -3.131007 0.004989 -0.015563
    49 3.305811 0.201132 0.547463 0.097216 -0.050307 -0.854749
    50 1.807181 -0.000005 -0.000002 0.020284 -0.092161 -1.076370
    51 0.966146 0.000000 0.000000 0.000000 0.000000 -1.579521
    52 -0.004041 0.002991 -0.002260 -3.129316 0.007469 -0.002160
    53 -0.016014 -0.012525 -0.005755 -3.127586 -0.003209 -0.007102
    54 -0.010741 -0.015351 -0.005964 -3.141244 -0.014366 0.013993
    55 3.571526 0.110787 -0.409180 -0.010425 -0.147987 -0.662451
    56 2.150658 0.000000 0.000000 0.000000 0.000000 -1.596972
    57 1.152748 0.000002 -0.000001 0.000000 0.000000 -1.038469
    58 -0.009424 0.003368 0.009511 3.138994 -0.007577 -0.001092
    59 -0.009795 0.006993 0.001619 3.137400 -0.006826 0.001062
    60 -0.005070 0.017085 0.007624 3.135509 0.005211 0.001477
    61 3.684113 -0.153569 -1.419744 -0.135510 -0.269269 -0.395481
    62 1.701014 -0.000001 0.000000 0.000000 0.000000 -0.253092
    63 0.994705 -0.000004 0.000000 0.000000 0.000000 -0.436331
    64 0.015236 0.000657 -0.012633 3.136885 0.014164 0.000018
    65 -0.014324 -0.018461 0.000846 -3.134644 0.013210 0.007851
    66 -0.020566 0.000650 -0.004019 -3.126894 -0.002595 -0.013678
    67 1.068097 -1.283652 -0.986552 -1.988109 0.518825 -0.306896
    68 1.836308 -0.000002 0.000001 0.071731 -0.042788 -0.118793
    69 1.223948 0.000001 -0.000002 -0.030976 -0.071337 -0.420798
    70 -0.026768 0.000412 0.021024 -3.135050 0.011560 0.031832
    71 -0.030946 0.015453 0.007155 3.126687 -0.014474 -0.013279
    72 0.024326 0.034636 0.000721 -3.121606 0.015525 0.030344
    73 -0.046000 0.019587 0.021797 3.134639 0.020864 -0.001670
    74 6.694322 0.000002 0.000001 -1.704465 -0.060515 0.149270
    75 -6.579163 -0.452807 0.914976 1.390020 0.137634 0.072730
    76 -6.553783 -0.454803 0.900534 1.387994 0.108045 0.086436
  time 72
    0 -7.044101 -25.006870 -4.560777 1.864298 -0.022772 0.992165
    1 7.820313 -3.039063 -8.804688 -1.082104 0.087263 -1.570797
    2 -0.000001 0.000002 0.000000 -0.021003 -0.098597 0.766856
    3 10.907404 0.000001 -0.000001 -0.000001 0.000012 -0.428155
    4 10.424325 -0.000011 -0.000033 2.468703 0.420364 -0.460671
    5 2.997275 0.005409 -1.477475 0.000000 0.000000 -0.471238
    6 1.510384 -0.000004 0.000000 0.000000 0.000000 -0.689404
    7 0.808659 -0.000001 0.000001 0.000000 0.000000 -0.654499
    8 -0.005463 0.010882 0.011922 -3.130701 -0.002586 -0.018476
    9 -0.001080 -0.005339 -0.002780 -3.138880 -0.004640 0.012721
    10 -0.019963 -0.004463 0.017139 3.137685 -0.000240 0.002472
    11 3.305800 0.203115 -0.546730 0.000000 0.000000 -0.488691
    12 1.807178 0.000000 -0.000004 0.000000 0.000000 -0.637045
    13 0.966141 0.000003 -0.000001 0.000000 0.000000 -0.497418
    14 -0.002205 0.006298 0.000417 3.133979 -0.003058 0.005338
    15 0.007872 0.003559 -0.000436 -3.124798 -0.001004 0.009074
    16 0.012690 -0.008244 0.010269 -3.131666 0.016691 0.012264
    17 3.571513 0.109304 0.409580 0.000000 0.000000 -0.427605
    18 2.150648 0.000002 -0.000003 0.000000 0.000000 -0.663223
    19 1.152746 -0.000003 0.000003 0.000000 0.000000 -0.523598
    20 0.000419 0.016150 0.002405 3.136320 -0.007304 -0.003105
    21 0.001816 -0.009672 -0.007393 3.139013 -0.008631 -0.008588
    22 -0.003752 -0.011593 -0.001195 3.133090 0.002976 0.014444
    23 3.684098 -0.158697 1.419183 0.000000 0.000000 -0.253072
    24 1.701014 0.000004 0.000004 0.000000 0.000000 -0.602138
    25 0.994714 -0.000002 -0.000008 0.000000 0.000000 -0.357792
    26 0.021160 0.011093 -0.004108 -3.137926 -0.002080 -0.001153
    27 -0.003428 0.010128 -0.008341 -3.140832 -0.004146 -0.019238
    28 0.004127 0.010881 0.000767 3.138806 -0.003164 -0.013821
    29 1.068074 -1.287202 0.981906 1.925949 -0.499323 -0.437818
    30 1.836308 -0.000001 0.000002 0.074245 -0.173006 -0.593150
    31 1.223949 -0.000002 0.000002 0.027395 -0.026912 -0.598150
    32 -0.012758 0.013269 0.005633 -3.132442 0.011957 -0.016684
    33 0.003252 0.002937 0.004907 3.134101 -0.012025 0.011384
    34 0.017597 0.001415 -0.271330 3.132743 -0.094250 -0.000348
    35 -0.034845 0.015532 -0.006371 -3.119476 -0.012752 0.011827
    36 6.868289 0.000003 0.000003 1.894370 0.030276 0.157882
    37 -6.002364 -0.460211 -0.868646 -0.695749 -0.131805 0.077518
    38 -6.002752 -0.459276 -0.867383 -0.699507 -0.131813 0.077097
    39 -10.921875 -4.957031 -11.492188 -1.570794 0.087264 -1.570796
    40 -0.000001 -0.000002 0.000004 -0.103474 -0.182026 0.168970
    41 10.907397 0.000000 -0.000001 -0.000346 -0.000019 -1.052164
    42 10.424307 0.000001 0.000016 -2.324279 0.478526 -0.155157
    43 2.997296 0.000062 1.477484 0.000000 0.104719 -1.038469
    44 1.510386 -0.000002 0.000000 0.000000 0.000000 -1.422442
    45 0.808652 0.000001 -0.000003 -0.087183 0.081589 -1.026206
    46 -0.010181 0.001544 -0.002427 3.133438 0.004938 -0.014530
    47 -0.007761 0.000776 -0.012938 -3.140949 0.009512 -0.002789
    48 -0.003515 0.022163 -0.007593 -3.131007 0.004989 -0.015563
    49 3.305811 0.201132 0.547463 0.097216 -0.050307 -0.854749
    50 1.807181 -0.000005 -0.000002 0.020284 -0.092161 -1.076370
    51 0.966146 0.000000 0.000000 0.000000 0.000000 -1.579521
    52 -0.004041 0.002991 -0.002260 -3.129316 0.007469 -0.002160
    53 -0.016014 -0.012525 -0.005755 -3.127586 -0.003209 -0.007102
    54 -0.010741 -0.015351 -0.005964 -3.141244 -0.014366 0.013993
    55 3.571526 0.110787 -0.409180 -0.010425 -0.147987 -0.662451
    56 2.150658 0.000000 0.000000 0.000000 0.000000 -1.596972
    57 1.152748 0.000002 -0.000001 0.000000 0.000000 -1.038469
    58 -0.009424 0.003368 0.009511 3.138994 -0.007577 -0.001092
    59 -0.009795 0.006993 0.001619 3.137400 -0.006826 0.001062
    60 -0.005070 0.017085 0.007624 3.135509 0.005211 0.001477
    61 3.684113 -0.153569 -1.419744 -0.136936 -0.269317 -0.389227
    62 1.701014 -0.000001 0.000000 0.000000 0.000000 -0.256682
    63 0.994705 -0.000004 0.000000 0.000000 0.000000 -0.436331
    64 0.015236 0.000657 -0.012633 3.136885 0.014164 0.000018
    65 -0.014324 -0.018461 0.000846 -3.134644 0.013210 0.007851
    66 -0.020566 0.000650 -0.004019 -3.126894 -0.002595 -0.013678
    67 1.068097 -1.283652 -0.986552 -1.990187 0.517099 -0.311162
    68 1.836308 -0.000002 0.000001 0.071731 -0.042788 -0.118793
    69 1.223948 0.000001 -0.000002 -0.030976 -0.071337 -0.420798
    70 -0.026768 0.000412 0.021024 -3.135050 0.011560 0.031832
    71 -0.030946 0.015453 0.007155 3.126687 -0.014474 -0.013279
    72 0.024326 0.034636 0.000721 -3.121606 0.015525 0.030344
    73 -0.046000 0.019587 0.021797 3.134639 0.020864 -0.001670
    74 6.694322 0.000002 0.000001 -1.712914 -0.059245 0.149773
    75 -6.579163 -0.452807 0.914976 1.390020 0.137634 0.072730
    76 -6.553783 -0.454803 0.900534 1.387994 0.108045 0.086436
  time 73
    0 -7.044101 -25.010776 -4.560777 1.864110 -0.019290 0.980879
    1 7.820313 -3.039063 -8.804688 -1.082104 0.087263 -1.570797
    2 -0.000001 0.000002 0.000000 -0.021003 -0.098597 0.766856
    3 10.907404 0.000001 -0.000001 -0.000001 0.000012 -0.428155
    4 10.424325 -0.000011 -0.000033 2.468703 0.420364 -0.460671
    5 2.997275 0.005409 -1.477475 0.000000 0.000000 -0.471238
    6 1.510384 -0.000004 0.000000 0.000000 0.000000 -0.689404
    7 0.808659 -0.000001 0.000001 0.000000 0.000000 -0.654499
    8 -0.005463 0.010882 0.011922 -3.130701 -0.002586 -0.018476
    9 -0.001080 -0.005339 -0.002780 -3.138880 -0.004640 0.012721
    10 -0.019963 -0.004463 0.017139 3.137685 -0.000240 0.002472
    11 3.305800 0.203115 -0.546730 0.000000 0.000000 -0.488691
    12 1.807178 0.000000 -0.000004 0.000000 0.000000 -0.637045
    13 0.966141 0.000003 -0.000001 0.000000 0.000000 -0.497418
    14 -0.002205 0.006298 0.000417 3.133979 -0.003058 0.005338
    15 0.007872 0.003559 -0.000436 -3.124798 -0.001004 0.009074
    16 0.012690 -0.008244 0.010269 -3.131666 0.016691 0.012264
    17 3.571513 0.109304 0.409580 0.000000 0.000000 -0.427605
    18 2.150648 0.000002 -0.000003 0.000000 0.000000 -0.663223
    19 1.152746 -0.000003 0.000003 0.000000 0.000000 -0.523598
    20 0.000419 0.016150 0.002405 3.136320 -0.007304 -0.003105
    21 0.001816 -0.009672 -0.007393 3.139013 -0.008631 -0.008588
    22 -0.003752 -0.011593 -0.001195 3.133090 0.002976 0.014444
    23 3.684098 -0.158697 1.419183 0.000000 0.000000 -0.253072
    24 1.701014 0.000004 0.000004 0.000000 0.000000 -0.602138
    25 0.994714 -0.000002 -0.000008 0.000000 0.000000 -0.357792
    26 0.021160 0.011093 -0.004108 -3.137926 -0.002080 -0.001153
    27 -0.003428 0.010128 -0.008341 -3.140832 -0.004146 -0.019238
    28 0.004127 0.010881 0.000767 3.138806 -0.003164 -0.013821
    29 1.068074 -1.287202 0.981906 1.925949 -0.499323 -0.437818
    30 1.836308 -0.000001 0.000002 0.074245 -0.173006 -0.593150
    31 1.223949 -0.000002 0.000002 0.027395 -0.026912 -0.598150
    32 -0.012758 0.013269 0.005633 -3.132442 0.011957 -0.016684
    33 0.003252 0.002937 0.004907 3.134101 -0.012025 0.011384
    34 0.017597 0.001415 -0.271330 3.132743 -0.094250 -0.000348
    35 -0.034845 0.015532 -0.006371 -3.119476 -0.012752 0.011827
    36 6.868289 0.000003 0.000003 1.894370 0.030276 0.157882
    37 -6.002364 -0.460211 -0.868646 -0.695749 -0.131805 0.077518
    38 -6.002752 -0.459276 -0.867383 -0.699507 -0.131813 0.077097
    39 -10.921875 -4.957031 -11.492188 -1.570794 0.087264 -1.570796
    40 -0.000001 -0.000002 0.000004 -0.103442 -0.181989 0.169059
    41 10.907397 0.000000 -0.000001 -0.000346 -0.000019 -1.052199
    42 10.424307 0.000001 0.000016 -2.324130 0.478526 -0.154983
    43 2.997296 0.000062 1.477484 0.000000 0.104719 -1.038469
    44 1.510386 -0.000002 0.000000 0.000000 0.000000 -1.422442
    45 0.808652 0.000001 -0.000003 -0.087183 0.081589 -1.026206
    46 -0.010181 0.001544 -0.002427 3.133438 0.004938 -0.014530
    47 -0.007761 0.000776 -0.012938 -3.140949 0.009512 -0.002789
    48 -0.003515 0.022163 -0.007593 -3.131007 0.004989 -0.015563
    49 3.305811 0.201132 0.547463 0.097216 -0.050307 -0.854749
    50 1.807181 -0.000005 -0.000002 0.020284 -0.092161 -1.076370
    51 0.966146 0.000000 0.000000 0.000000 0.000000 -1.579521
    52 -0.004041 0.002991 -0.002260 -3.129316 0.007469 -0.002160
    53 -0.016014 -0.012525 -0.005755 -3.127586 -0.003209 -0.007102
    54 -0.010741 -0.015351 -0.005964 -3.141244 -0.014366 0.013993
    55 3.571526 0.110787 -0.409180 -0.010425 -0.147987 -0.662451
    56 2.150658 0.000000 0.000000 0.000000 0.000000 -1.596972
    57 1.152748 0.000002 -0.000001 0.000000 0.000000 -1.038469
    58 -0.009424 0.003368 0.009511 3.138994 -0.007577 -0.001092
    59 -0.009795 0.006993 0.001619 3.137400 -0.006826 0.001062
    60 -0.005070 0.017085 0.007624 3.135509 0.005211 0.001477
    61 3.684113 -0.153569 -1.419744 -0.138470 -0.268958 -0.382419
    62 1.701014 -0.000001 0.000000 0.000000 0.000000 -0.266984
    63 0.994705 -0.000004 0.000000 0.000000 0.000000 -0.436331
    64 0.015236 0.000657 -0.012633 3.136885 0.014164 0.000018
    65 -0.014324 -0.018461 0.000846 -3.134644 0.013210 0.007851
    66 -0.020566 0.000650 -0.004019 -3.126894 -0.002595 -0.013678
    67 1.068097 -1.283652 -0.986552 -1.992460 0.515157 -0.315920
    68 1.836308 -0.000002 0.000001 0.071731 -0.042788 -0.118793
    69 1.223948 0.000001 -0.000002 -0.030976 -0.071337 -0.420798
    70 -0.026768 0.000412 0.021024 -3.135050 0.011560 0.031832
    71 -0.030946 0.015453 0.007155 3.126687 -0.014474 -0.013279
    72 0.024326 0.034636 0.000721 -3.121606 0.015525 0.030344
    73 -0.046000 0.019587 0.021797 3.134639 0.020864 -0.001670
    74 6.694322 0.000002 0.000001 -1.712868 -0.059245 0.149773
    75 -6.579163 -0.452807 0.914976 1.390020 0.137634 0.072730
    76 -6.553783 -0.454803 0.900534 1.387994 0.108045 0.086436
  time 74
    0 -7.048007 -25.010776 -4.560777 1.863829 -0.014388 0.967412
    1 7.820313 -3.039063 -8.804688 -1.082104 0.087263 -1.570797
    2 -0.000001 0.000002 0.000000 -0.021003 -0.098597 0.766856
    3 10.907404 0.000001 -0.000001 -0.000001 0.000012 -0.428155
    4 10.424325 -0.000011 -0.000033 2.468703 0.420364 -0.460671
    5 2.997275 0.005409 -1.477475 0.000000 0.000000 -0.471238
    6 1.510384 -0.000004 0.000000 0.000000 0.000000 -0.689404
    7 0.808659 -0.000001 0.000001 0.000000 0.000000 -0.654499
    8 -0.005463 0.010882 0.011922 -3.130701 -0.002586 -0.018476
    9 -0.001080 -0.005339 -0.002780 -3.138880 -0.004640 0.012721
    10 -0.019963 -0.004463 0.017139 3.137685 -0.000240 0.002472
    11 3.305800 0.203115 -0.546730 0.000000 0.000000 -0.488691
    12 1.807178 0.000000 -0.000004 0.000000 0.000000 -0.637045
    13 0.966141 0.000003 -0.000001 0.000000 0.000000 -0.497418
    14 -0.002205 0.006298 0.000417 3.133979 -0.003058 0.005338
    15 0.007872 0.003559 -0.000436 -3.124798 -0.001004 0.009074
    16 0.012690 -0.008244 0.010269 -3.131666 0.016691 0.012264
    17 3.571513 0.109304 0.409580 0.000000 0.000000 -0.427605
    18 2.150648 0.000002 -0.000003 0.000000 0.000000 -0.663223
    19 1.152746 -0.000003 0.000003 0.000000 0.000000 -0.523598
    20 0.000419 0.016150 0.002405 3.136320 -0.007304 -0.003105
    21 0.001816 -0.009672 -0.007393 3.139013 -0.008631 -0.008588
    22 -0.003752 -0.011593 -0.001195 3.133090 0.002976 0.014444
    23 3.684098 -0.158697 1.419183 0.000000 0.000000 -0.253072
    24 1.701014 0.000004 0.000004 0.000000 0.000000 -0.602138
    25 0.994714 -0.000002 -0.000008 0.000000 0.000000 -0.357792
    26 0.021160 0.011093 -0.004108 -3.137926 -0.002080 -0.001153
    27 -0.003428 0.010128 -0.008341 -3.140832 -0.004146 -0.019238
    28 0.004127 0.010881 0.000767 3.138806 -0.003164 -0.013821
    29 1.068074 -1.287202 0.981906 1.925949 -0.499323 -0.437818
    30 1.836308 -0.000001 0.000002 0.074245 -0.173006 -0.593150
    31 1.223949 -0.000002 0.000002 0.027395 -0.026912 -0.598150
    32 -0.012758 0.013269 0.005633 -3.132442 0.011957 -0.016684
    33 0.003252 0.002937 0.004907 3.134101 -0.012025 0.011384
    34 0.017597 0.001415 -0.271330 3.132743 -0.094250 -0.000348
    35 -0.034845 0.015532 -0.006371 -3.119476 -0.012752 0.011827
    36 6.868289 0.000003 0.000003 1.894370 0.030276 0.157882
    37 -6.002364 -0.460211 -0.868646 -0.695749 -0.131805 0.077518
    38 -6.002752 -0.459276 -0.867383 -0.699507 -0.131813 0.077097
    39 -10.921875 -4.957031 -11.492188 -1.570794 0.087264 -1.570796
    40 -0.000001 -0.000002 0.000004 -0.103410 -0.181878 0.169149
    41 10.907397 0.000000 -0.000001 -0.000346 -0.000019 -1.052339
    42 10.424307 0.000001 0.000016 -2.323756 0.478639 -0.154375
    43 2.997296 0.000062 1.477484 0.000000 0.104719 -1.038469
    44 1.510386 -0.000002 0.000000 0.000000 0.000000 -1.422442
    45 0.808652 0.000001 -0.000003 -0.087183 0.081589 -1.026206
    46 -0.010181 0.001544 -0.002427 3.133438 0.004938 -0.014530
    47 -0.007761 0.000776 -0.012938 -3.140949 0.009512 -0.002789
    48 -0.003515 0.022163 -0.007593 -3.131007 0.004989 -0.015563
    49 3.305811 0.201132 0.547463 0.097216 -0.050307 -0.854749
    50 1.807181 -0.000005 -0.000002 0.020284 -0.092161 -1.076370
    51 0.966146 0.000000 0.000000 0.000000 0.000000 -1.579521
    52 -0.004041 0.002991 -0.002260 -3.129316 0.007469 -0.002160
    53 -0.016014 -0.012525 -0.005755 -3.127586 -0.003209 -0.007102
    54 -0.010741 -0.015351 -0.005964 -3.141244 -0.014366 0.013993
    55 3.571526 0.110787 -0.409180 -0.010425 -0.147987 -0.662451
    56 2.150658 0.000000 0.000000 0.000000 0.000000 -1.596972
    57 1.152748 0.000002 -0.000001 0.000000 0.000000 -1.038469
    58 -0.009424 0.003368 0.009511 3.138994 -0.007577 -0.001092
    59 -0.009795 0.006993 0.001619 3.137400 -0.006826 0.001062
    60 -0.005070 0.017085 0.007624 3.135509 0.005211 0.001477
    61 3.684113 -0.153569 -1.419744 -0.140220 -0.267903 -0.374606
    62 1.701014 -0.000001 0.000000 0.000000 0.000000 -0.283461
    63 0.994705 -0.000004 0.000000 0.000000 0.000000 -0.436331
    64 0.015236 0.000657 -0.012633 3.136885 0.014164 0.000018
    65 -0.014324 -0.018461 0.000846 -3.134644 0.013210 0.007851
    66 -0.020566 0.000650 -0.004019 -3.126894 -0.002595 -0.013678
    67 1.068097 -1.283652 -0.986552 -1.995136 0.512820 -0.321529
    68 1.836308 -0.000002 0.000001 0.071731 -0.042788 -0.118793
    69 1.223948 0.000001 -0.000002 -0.030976 -0.071337 -0.420798
    70 -0.026768 0.000412 0.021024 -3.135050 0.011560 0.031832
    71 -0.030946 0.015453 0.007155 3.126687 -0.014474 -0.013279
    72 0.024326 0.034636 0.000721 -3.121606 0.015525 0.030344
    73 -0.046000 0.019587 0.021797 3.134639 0.020864 -0.001670
    74 6.694322 0.000002 0.000001 -1.712731 -0.059269 0.149761
    75 -6.579163 -0.452807 0.914976 1.390020 0.137634 0.072730
    76 -6.553783 -0.454803 0.900534 1.387994 0.108045 0.086436
  time 75
    0 -7.051914 -25.010776 -4.564683 1.863547 -0.008296 0.951764
    1 7.820313 -3.039063 -8.804688 -1.082104 0.087263 -1.570797
    2 -0.000001 0.000002 0.000000 -0.021003 -0.098597 0.766856
    3 10.907404 0.000001 -0.000001 -0.000001 0.000012 -0.428155
    4 10.424325 -0.000011 -0.000033 2.468703 0.420364 -0.460671
    5 2.997275 0.005409 -1.477475 0.000000 0.000000 -0.471238
    6 1.510384 -0.000004 0.000000 0.000000 0.000000 -0.689404
    7 0.808659 -0.000001 0.000001 0.000000 0.000000 -0.654499
    8 -0.005463 0.010882 0.011922 -3.130701 -0.002586 -0.018476
    9 -0.001080 -0.005339 -0.002780 -3.138880 -0.004640 0.012721
    10 -0.019963 -0.004463 0.017139 3.137685 -0.000240 0.002472
    11 3.305800 0.203115 -0.546730 0.000000 0.000000 -0.488691
    12 1.807178 0.000000 -0.000004 0.000000 0.000000 -0.637045
    13 0.966141 0.000003 -0.000001 0.000000 0.000000 -0.497418
    14 -0.002205 0.006298 0.000417 3.133979 -0.003058 0.005338
    15 0.007872 0.003559 -0.000436 -3.124798 -0.001004 0.009074
    16 0.012690 -0.008244 0.010269 -3.131666 0.016691 0.012264
    17 3.571513 0.109304 0.409580 0.000000 0.000000 -0.427605
    18 2.150648 0.000002 -0.000003 0.000000 0.000000 -0.663223
    19 1.152746 -0.000003 0.000003 0.000000 0.000000 -0.523598
    20 0.000419 0.016150 0.002405 3.136320 -0.007304 -0.003105
    21 0.001816 -0.009672 -0.007393 3.139013 -0.008631 -0.008588
    22 -0.003752 -0.011593 -0.001195 3.133090 0.002976 0.014444
    23 3.684098 -0.158697 1.419183 0.000000 0.000000 -0.253072
    24 1.701014 0.000004 0.000004 0.000000 0.000000 -0.602138
    25 0.994714 -0.000002 -0.000008 0.000000 0.000000 -0.357792
    26 0.021160 0.011093 -0.004108 -3.137926 -0.002080 -0.001153
    27 -0.003428 0.010128 -0.008341 -3.140832 -0.004146 -0.019238
    28 0.004127 0.010881 0.000767 3.138806 -0.003164 -0.013821
    29 1.068074 -1.287202 0.981906 1.925949 -0.499323 -0.437818
    30 1.836308 -0.000001 0.000002 0.074245 -0.173006 -0.593150
    31 1.223949 -0.000002 0.000002 0.027395 -0.026912 -0.598150
    32 -0.012758 0.013269 0.005633 -3.132442 0.011957 -0.016684
    33 0.003252 0.002937 0.004907 3.134101 -0.012025 0.011384
    34 0.017597 0.001415 -0.271330 3.132743 -0.094250 -0.000348
    35 -0.034845 0.015532 -0.006371 -3.119476 -0.012752 0.011827
    36 6.868289 0.000003 0.000003 1.894370 0.030276 0.157882
    37 -6.002364 -0.460211 -0.868646 -0.695749 -0.131805 0.077518
    38 -6.002752 -0.459276 -0.867383 -0.699507 -0.131813 0.077097
    39 -10.921875 -4.957031 -11.492188 -1.570794 0.087264 -1.570796
    40 -0.000001 -0.000002 0.000004 -0.103347 -0.181692 0.169329
    41 10.907397 0.000000 -0.000001 -0.000346 -0.000019 -1.052549
    42 10.424307 0.000001 0.000016 -2.323158 0.478751 -0.153507
    43 2.997296 0.000062 1.477484 0.000000 0.104719 -1.038469
    44 1.510386 -0.000002 0.000000 0.000000 0.000000 -1.422442
    45 0.808652 0.000001 -0.000003 -0.087183 0.081589 -1.026206
    46 -0.010181 0.001544 -0.002427 3.133438 0.004938 -0.014530
    47 -0.007761 0.000776 -0.012938 -3.140949 0.009512 -0.002789
    48 -0.003515 0.022163 -0.007593 -3.131007 0.004989 -0.015563
    49 3.305811 0.201132 0.547463 0.097216 -0.050307 -0.854749
    50 1.807181 -0.000005 -0.000002 0.020284 -0.092161 -1.076370
    51 0.966146 0.000000 0.000000 0.000000 0.000000 -1.579521
    52 -0.004041 0.002991 -0.002260 -3.129316 0.007469 -0.002160
    53 -0.016014 -0.012525 -0.005755 -3.127586 -0.003209 -0.007102
    54 -0.010741 -0.015351 -0.005964 -3.141244 -0.014366 0.013993
    55 3.571526 0.110787 -0.409180 -0.010425 -0.147987 -0.662451
    56 2.150658 0.000000 0.000000 0.000000 0.000000 -1.596972
    57 1.152748 0.000002 -0.000001 0.000000 0.000000 -1.038469
    58 -0.009424 0.003368 0.009511 3.138994 -0.007577 -0.001092
    59 -0.009795 0.006993 0.001619 3.137400 -0.006826 0.001062
    60 -0.005070 0.017085 0.007624 3.135509 0.005211 0.001477
    61 3.684113 -0.153569 -1.419744 -0.142161 -0.266237 -0.365851
    62 1.701014 -0.000001 0.000000 0.000000 0.000000 -0.305440
    63 0.994705 -0.000004 0.000000 0.000000 0.000000 -0.436331
    64 0.015236 0.000657 -0.012633 3.136885 0.014164 0.000018
    65 -0.014324 -0.018461 0.000846 -3.134644 0.013210 0.007851
    66 -0.020566 0.000650 -0.004019 -3.126894 -0.002595 -0.013678
    67 1.068097 -1.283652 -0.986552 -1.998149 0.510124 -0.327905
    68 1.836308 -0.000002 0.000001 0.071731 -0.042788 -0.118793
    69 1.223948 0.000001 -0.000002 -0.030976 -0.071337 -0.420798
    70 -0.026768 0.000412 0.021024 -3.135050 0.011560 0.031832
    71 -0.030946 0.015453 0.007155 3.126687 -0.014474 -0.013279
    72 0.024326 0.034636 0.000721 -3.121606 0.015525 0.030344
    73 -0.046000 0.019587 0.021797 3.134639 0.020864 -0.001670
    74 6.694322 0.000002 0.000001 -1.712457 -0.059305 0.149749
    75 -6.579163 -0.452807 0.914976 1.390020 0.137634 0.072730
    76 -6.553783 -0.454803 0.900534 1.387994 0.108045 0.086436
  time 76
    0 -7.055820 -25.014683 -4.568589 1.863078 -0.001333 0.934219
    1 7.820313 -3.039063 -8.804688 -1.082104 0.087263 -1.570797
    2 -0.000001 0.000002 0.000000 -0.021003 -0.098597 0.766856
    3 10.907404 0.000001 -0.000001 -0.000001 0.000012 -0.428155
    4 10.424325 -0.000011 -0.000033 2.468703 0.420364 -0.460671
    5 2.997275 0.005409 -1.477475 0.000000 0.000000 -0.471238
    6 1.510384 -0.000004 0.000000 0.000000 0.000000 -0.689404
    7 0.808659 -0.000001 0.000001 0.000000 0.000000 -0.654499
    8 -0.005463 0.010882 0.011922 -3.130701 -0.002586 -0.018476
    9 -0.001080 -0.005339 -0.002780 -3.138880 -0.004640 0.012721
    10 -0.019963 -0.004463 0.017139 3.137685 -0.000240 0.002472
    11 3.305800 0.203115 -0.546730 0.000000 0.000000 -0.488691
    12 1.807178 0.000000 -0.000004 0.000000 0.000000 -0.637045
    13 0.966141 0.000003 -0.000001 0.000000 0.000000 -0.497418
    14 -0.002205 0.006298 0.000417 3.133979 -0.003058 0.005338
    15 0.007872 0.003559 -0.000436 -3.124798 -0.001004 0.009074
    16 0.012690 -0.008244 0.010269 -3.131666 0.016691 0.012264
    17 3.571513 0.109304 0.409580 0.000000 0.000000 -0.427605
    18 2.150648 0.000002 -0.000003 0.000000 0.000000 -0.663223
    19 1.152746 -0.000003 0.000003 0.000000 0.000000 -0.523598
    20 0.000419 0.016150 0.002405 3.136320 -0.007304 -0.003105
    21 0.001816 -0.009672 -0.007393 3.139013 -0.008631 -0.008588
    22 -0.003752 -0.011593 -0.001195 3.133090 0.002976 0.014444
    23 3.684098 -0.158697 1.419183 0.000000 0.000000 -0.253072
    24 1.701014 0.000004 0.000004 0.000000 0.000000 -0.602138
    25 0.994714 -0.000002 -0.000008 0.000000 0.000000 -0.357792
    26 0.021160 0.011093 -0.004108 -3.137926 -0.002080 -0.001153
    27 -0.003428 0.010128 -0.008341 -3.140832 -0.004146 -0.019238
    28 0.004127 0.010881 0.000767 3.138806 -0.003164 -0.013821
    29 1.068074 -1.287202 0.981906 1.925949 -0.499323 -0.437818
    30 1.836308 -0.000001 0.000002 0.074245 -0.173006 -0.593150
    31 1.223949 -0.000002 0.000002 0.027395 -0.026912 -0.598150
    32 -0.012758 0.013269 0.005633 -3.132442 0.011957 -0.016684
    33 0.003252 0.002937 0.004907 3.134101 -0.012025 0.011384
    34 0.017597 0.001415 -0.271330 3.132743 -0.094250 -0.000348
    35 -0.034845 0.015532 -0.006371 -3.119476 -0.012752 0.011827
    36 6.868289 0.000003 0.000003 1.894370 0.030276 0.157882
    37 -6.002364 -0.460211 -0.868646 -0.695749 -0.131805 0.077518
    38 -6.002752 -0.459276 -0.867383 -0.699507 -0.131813 0.077097
    39 -10.921875 -4.957031 -11.492188 -1.570794 0.087264 -1.570796
    40 -0.000001 -0.000002 0.000004 -0.103219 -0.181470 0.169599
    41 10.907397 0.000000 -0.000001 -0.000346 -0.000019 -1.052864
    42 10.424307 0.000001 0.000016 -2.322261 0.478938 -0.152204
    43 2.997296 0.000062 1.477484 0.000000 0.104719 -1.038469
    44 1.510386 -0.000002 0.000000 0.000000 0.000000 -1.422442
    45 0.808652 0.000001 -0.000003 -0.087183 0.081589 -1.026206
    46 -0.010181 0.001544 -0.002427 3.133438 0.004938 -0.014530
    47 -0.007761 0.000776 -0.012938 -3.140949 0.009512 -0.002789
    48 -0.003515 0.022163 -0.007593 -3.131007 0.004989 -0.015563
    49 3.305811 0.201132 0.547463 0.097216 -0.050307 -0.854749
    50 1.807181 -0.000005 -0.000002 0.020284 -0.092161 -1.076370
    51 0.966146 0.000000 0.000000 0.000000 0.000000 -1.579521
    52 -0.004041 0.002991 -0.002260 -3.129316 0.007469 -0.002160
    53 -0.016014 -0.012525 -0.005755 -3.127586 -0.003209 -0.007102
    54 -0.010741 -0.015351 -0.005964 -3.141244 -0.014366 0.013993
    55 3.571526 0.110787 -0.409180 -0.010425 -0.147987 -0.662451
    56 2.150658 0.000000 0.000000 0.000000 0.000000 -1.596972
    57 1.152748 0.000002 -0.000001 0.000000 0.000000 -1.038469
    58 -0.009424 0.003368 0.009511 3.138994 -0.007577 -0.001092
    59 -0.009795 0.006993 0.001619 3.137400 -0.006826 0.001062
    60 -0.005070 0.017085 0.007624 3.135509 0.005211 0.001477
    61 3.684113 -0.153569 -1.419744 -0.144259 -0.264008 -0.356316
    62 1.701014 -0.000001 0.000000 0.000000 0.000000 -0.332353
    63 0.994705 -0.000004 0.000000 0.000000 0.000000 -0.436331
    64 0.015236 0.000657 -0.012633 3.136885 0.014164 0.000018
    65 -0.014324 -0.018461 0.000846 -3.134644 0.013210 0.007851
    66 -0.020566 0.000650 -0.004019 -3.126894 -0.002595 -0.013678
    67 1.068097 -1.283652 -0.986552 -2.001474 0.507128 -0.334940
    68 1.836308 -0.000002 0.000001 0.071731 -0.042788 -0.118793
    69 1.223948 0.000001 -0.000002 -0.030976 -0.071337 -0.420798
    70 -0.026768 0.000412 0.021024 -3.135050 0.011560 0.031832
    71 -0.030946 0.015453 0.007155 3.126687 -0.014474 -0.013279
    72 0.024326 0.034636 0.000721 -3.121606 0.015525 0.030344
    73 -0.046000 0.019587 0.021797 3.134639 0.020864 -0.001670
    74 6.694322 0.000002 0.000001 -1.712138 -0.059365 0.149725
    75 -6.579163 -0.452807 0.914976 1.390020 0.137634 0.072730
    76 -6.553783 -0.454803 0.900534 1.387994 0.108045 0.086436
  time 77
    0 -7.063633 -25.014683 -4.576402 1.862609 0.006180 0.914872
    1 7.820313 -3.039063 -8.804688 -1.082104 0.087263 -1.570797
    2 -0.000001 0.000002 0.000000 -0.021003 -0.098597 0.766856
    3 10.907404 0.000001 -0.000001 -0.000001 0.000012 -0.428155
    4 10.424325 -0.000011 -0.000033 2.468703 0.420364 -0.460671
    5 2.997275 0.005409 -1.477475 0.000000 0.000000 -0.471238
    6 1.510384 -0.000004 0.000000 0.000000 0.000000 -0.689404
    7 0.808659 -0.000001 0.000001 0.000000 0.000000 -0.654499
    8 -0.005463 0.010882 0.011922 -3.130701 -0.002586 -0.018476
    9 -0.001080 -0.005339 -0.002780 -3.138880 -0.004640 0.012721
    10 -0.019963 -0.004463 0.017139 3.137685 -0.000240 0.002472
    11 3.305800 0.203115 -0.546730 0.000000 0.000000 -0.488691
    12 1.807178 0.000000 -0.000004 0.000000 0.000000 -0.637045
    13 0.966141 0.000003 -0.000001 0.000000 0.000000 -0.497418
    14 -0.002205 0.006298 0.000417 3.133979 -0.003058 0.005338
    15 0.007872 0.003559 -0.000436 -3.124798 -0.001004 0.009074
    16 0.012690 -0.008244 0.010269 -3.131666 0.016691 0.012264
    17 3.571513 0.109304 0.409580 0.000000 0.000000 -0.427605
    18 2.150648 0.000002 -0.000003 0.000000 0.000000 -0.663223
    19 1.152746 -0.000003 0.000003 0.000000 0.000000 -0.523598
    20 0.000419 0.016150 0.002405 3.136320 -0.007304 -0.003105
    21 0.001816 -0.009672 -0.007393 3.139013 -0.008631 -0.008588
    22 -0.003752 -0.011593 -0.001195 3.133090 0.002976 0.014444
    23 3.684098 -0.158697 1.419183 0.000000 0.000000 -0.253072
    24 1.701014 0.000004 0.000004 0.000000 0.000000 -0.602138
    25 0.994714 -0.000002 -0.000008 0.000000 0.000000 -0.357792
    26 0.021160 0.011093 -0.004108 -3.137926 -0.002080 -0.001153
    27 -0.003428 0.010128 -0.008341 -3.140832 -0.004146 -0.019238
    28 0.004127 0.010881 0.000767 3.138806 -0.003164 -0.013821
    29 1.068074 -1.287202 0.981906 1.925949 -0.499323 -0.437818
    30 1.836308 -0.000001 0.000002 0.074245 -0.173006 -0.593150
    31 1.223949 -0.000002 0.000002 0.027395 -0.026912 -0.598150
    32 -0.012758 0.013269 0.005633 -3.132442 0.011957 -0.016684
    33 0.003252 0.002937 0.004907 3.134101 -0.012025 0.011384
    34 0.017597 0.001415 -0.271330 3.132743 -0.094250 -0.000348
    35 -0.034845 0.015532 -0.006371 -3.119476 -0.012752 0.011827
    36 6.868289 0.000003 0.000003 1.894370 0.030276 0.157882
    37 -6.002364 -0.460211 -0.868646 -0.695749 -0.131805 0.077518
    38 -6.002752 -0.459276 -0.867383 -0.699507 -0.131813 0.077097
    39 -10.921875 -4.957031 -11.492188 -1.570794 0.087264 -1.570796
    40 -0.000001 -0.000002 0.000004 -0.103124 -0.181174 0.169869
    41 10.907397 0.000000 -0.000001 -0.000346 -0.000019 -1.053214
    42 10.424307 0.000001 0.000016 -2.321140 0.479125 -0.150641
    43 2.997296 0.000062 1.477484 0.000000 0.104719 -1.038469
    44 1.510386 -0.000002 0.000000 0.000000 0.000000 -1.422442
    45 0.808652 0.000001 -0.000003 -0.087183 0.081589 -1.026206
    46 -0.010181 0.001544 -0.002427 3.133438 0.004938 -0.014530
    47 -0.007761 0.000776 -0.012938 -3.140949 0.009512 -0.002789
    48 -0.003515 0.022163 -0.007593 -3.131007 0.004989 -0.015563
    49 3.305811 0.201132 0.547463 0.097216 -0.050307 -0.854749
    50 1.807181 -0.000005 -0.000002 0.020284 -0.092161 -1.076370
    51 0.966146 0.000000 0.000000 0.000000 0.000000 -1.579521
    52 -0.004041 0.002991 -0.002260 -3.129316 0.007469 -0.002160
    53 -0.016014 -0.012525 -0.005755 -3.127586 -0.003209 -0.007102
    54 -0.010741 -0.015351 -0.005964 -3.141244 -0.014366 0.013993
    55 3.571526 0.110787 -0.409180 -0.010425 -0.147987 -0.662451
    56 2.150658 0.000000 0.000000 0.000000 0.000000 -1.596972
    57 1.152748 0.000002 -0.000001 0.000000 0.000000 -1.038469
    58 -0.009424 0.003368 0.009511 3.138994 -0.007577 -0.001092
    59 -0.009795 0.006993 0.001619 3.137400 -0.006826 0.001062
    60 -0.005070 0.017085 0.007624 3.135509 0.005211 0.001477
    61 3.684113 -0.153569 -1.419744 -0.146500 -0.261287 -0.346124
    62 1.701014 -0.000001 0.000000 0.000000 0.000000 -0.363527
    63 0.994705 -0.000004 0.000000 0.000000 0.000000 -0.436331
    64 0.015236 0.000657 -0.012633 3.136885 0.014164 0.000018
    65 -0.014324 -0.018461 0.000846 -3.134644 0.013210 0.007851
    66 -0.020566 0.000650 -0.004019 -3.126894 -0.002595 -0.013678
    67 1.068097 -1.283652 -0.986552 -2.005046 0.503880 -0.342550
    68 1.836308 -0.000002 0.000001 0.071731 -0.042788 -0.118793
    69 1.223948 0.000001 -0.000002 -0.030976 -0.071337 -0.420798
    70 -0.026768 0.000412 0.021024 -3.135050 0.011560 0.031832
    71 -0.030946 0.015453 0.007155 3.126687 -0.014474 -0.013279
    72 0.024326 0.034636 0.000721 -3.121606 0.015525 0.030344
    73 -0.046000 0.019587 0.021797 3.134639 0.020864 -0.001670
    74 6.694322 0.000002 0.000001 -1.711681 -0.059425 0.149701
    75 -6.579163 -0.452807 0.914976 1.390020 0.137634 0.072730
    76 -6.553783 -0.454803 0.900534 1.387994 0.108045 0.086436
  time 78
    0 -7.071446 -25.018589 -4.584215 1.862140 0.014060 0.894008
    1 7.820313 -3.039063 -8.804688 -1.082104 0.087263 -1.570797
    2 -0.000001 0.000002 0.000000 -0.021003 -0.098597 0.766856
    3 10.907404 0.000001 -0.000001 -0.000001 0.000012 -0.428155
    4 10.424325 -0.000011 -0.000033 2.468703 0.420364 -0.460671
    5 2.997275 0.005409 -1.477475 0.000000 0.000000 -0.471238
    6 1.510384 -0.000004 0.000000 0.000000 0.000000 -0.689404
    7 0.808659 -0.000001 0.000001 0.000000 0.000000 -0.654499
    8 -0.005463 0.010882 0.011922 -3.130701 -0.002586 -0.018476
    9 -0.001080 -0.005339 -0.002780 -3.138880 -0.004640 0.012721
    10 -0.019963 -0.004463 0.017139 3.137685 -0.000240 0.002472
    11 3.305800 0.203115 -0.546730 0.000000 0.000000 -0.488691
    12 1.807178 0.000000 -0.000004 0.000000 0.000000 -0.637045
    13 0.966141 0.000003 -0.000001 0.000000 0.000000 -0.497418
    14 -0.002205 0.006298 0.000417 3.133979 -0.003058 0.005338
    15 0.007872 0.003559 -0.000436 -3.124798 -0.001004 0.009074
    16 0.012690 -0.008244 0.010269 -3.131666 0.016691 0.012264
    17 3.571513 0.109304 0.409580 0.000000 0.000000 -0.427605
    18 2.150648 0.000002 -0.000003 0.000000 0.000000 -0.663223
    19 1.152746 -0.000003 0.000003 0.000000 0.000000 -0.523598
    20 0.000419 0.016150 0.002405 3.136320 -0.007304 -0.003105
    21 0.001816 -0.009672 -0.007393 3.139013 -0.008631 -0.008588
    22 -0.003752 -0.011593 -0.001195 3.133090 0.002976 0.014444
    23 3.684098 -0.158697 1.419183 0.000000 0.000000 -0.253072
    24 1.701014 0.000004 0.000004 0.000000 0.000000 -0.602138
    25 0.994714 -0.000002 -0.000008 0.000000 0.000000 -0.357792
    26 0.021160 0.011093 -0.004108 -3.137926 -0.002080 -0.001153
    27 -0.003428 0.010128 -0.008341 -3.140832 -0.004146 -0.019238
    28 0.004127 0.010881 0.000767 3.138806 -0.003164 -0.013821
    29 1.068074 -1.287202 0.981906 1.925949 -0.499323 -0.437818
    30 1.836308 -0.000001 0.000002 0.074245 -0.173006 -0.593150
    31 1.223949 -0.000002 0.000002 0.027395 -0.026912 -0.598150
    32 -0.012758 0.013269 0.005633 -3.132442 0.011957 -0.016684
    33 0.003252 0.002937 0.004907 3.134101 -0.012025 0.011384
    34 0.017597 0.001415 -0.271330 3.132743 -0.094250 -0.000348
    35 -0.034845 0.015532 -0.006371 -3.119476 -0.012752 0.011827
    36 6.868289 0.000003 0.000003 1.894370 0.030276 0.157882
    37 -6.002364 -0.460211 -0.868646 -0.695749 -0.131805 0.077518
    38 -6.002752 -0.459276 -0.867383 -0.699507 -0.131813 0.077097
    39 -10.921875 -4.957031 -11.492188 -1.570794 0.087264 -1.570796
    40 -0.000001 -0.000002 0.000004 -0.102964 -0.180841 0.170228
    41 10.907397 0.000000 -0.000001 -0.000346 -0.000019 -1.053670
    42 10.424307 0.000001 0.000016 -2.319719 0.479349 -0.148817
    43 2.997296 0.000062 1.477484 0.000000 0.104719 -1.038469
    44 1.510386 -0.000002 0.000000 0.000000 0.000000 -1.422442
    45 0.808652 0.000001 -0.000003 -0.087183 0.081589 -1.026206
    46 -0.010181 0.001544 -0.002427 3.133438 0.004938 -0.014530
    47 -0.007761 0.000776 -0.012938 -3.140949 0.009512 -0.002789
    48 -0.003515 0.022163 -0.007593 -3.131007 0.004989 -0.015563
    49 3.305811 0.201132 0.547463 0.097216 -0.050307 -0.854749
    50 1.807181 -0.000005 -0.000002 0.020284 -0.092161 -1.076370
    51 0.966146 0.000000 0.000000 0.000000 0.000000 -1.579521
    52 -0.004041 0.002991 -0.002260 -3.129316 0.007469 -0.002160
    53 -0.016014 -0.012525 -0.005755 -3.127586 -0.003209 -0.007102
    54 -0.010741 -0.015351 -0.005964 -3.141244 -0.014366 0.013993
    55 3.571526 0.110787 -0.409180 -0.010425 -0.147987 -0.662451
    56 2.150658 0.000000 0.000000 0.000000 0.000000 -1.596972
    57 1.152748 0.000002 -0.000001 0.000000 0.000000 -1.038469
    58 -0.009424 0.003368 0.009511 3.138994 -0.007577 -0.001092
    59 -0.009795 0.006993 0.001619 3.137400 -0.006826 0.001062
    60 -0.005070 0.017085 0.007624 3.135509 0.005211 0.001477
    61 3.684113 -0.153569 -1.419744 -0.148849 -0.258147 -0.335380
    62 1.701014 -0.000001 0.000000 0.000000 0.000000 -0.398393
    63 0.994705 -0.000004 0.000000 0.000000 0.000000 -0.436331
    64 0.015236 0.000657 -0.012633 3.136885 0.014164 0.000018
    65 -0.014324 -0.018461 0.000846 -3.134644 0.013210 0.007851
    66 -0.020566 0.000650 -0.004019 -3.126894 -0.002595 -0.013678
    67 1.068097 -1.283652 -0.986552 -2.008826 0.500404 -0.350615
    68 1.836308 -0.000002 0.000001 0.071731 -0.042788 -0.118793
    69 1.223948 0.000001 -0.000002 -0.030976 -0.071337 -0.420798
    70 -0.026768 0.000412 0.021024 -3.135050 0.011560 0.031832
    71 -0.030946 0.015453 0.007155 3.126687 -0.014474 -0.013279
    72 0.024326 0.034636 0.000721 -3.121606 0.015525 0.030344
    73 -0.046000 0.019587 0.021797 3.134639 0.020864 -0.001670
    74 6.694322 0.000002 0.000001 -1.711133 -0.059509 0.149665
    75 -6.579163 -0.452807 0.914976 1.390020 0.137634 0.072730
    76 -6.553783 -0.454803 0.900534 1.387994 0.108045 0.086436
  time 79
    0 -7.079258 -25.022495 -4.592028 1.861577 0.022030 0.871627
    1 7.820313 -3.039063 -8.804688 -1.082104 0.087263 -1.570797
    2 -0.000001 0.000002 0.000000 -0.021003 -0.098597 0.766856
    3 10.907404 0.000001 -0.000001 -0.000001 0.000012 -0.428155
    4 10.424325 -0.000011 -0.000033 2.468703 0.420364 -0.460671
    5 2.997275 0.005409 -1.477475 0.000000 0.000000 -0.471238
    6 1.510384 -0.000004 0.000000 0.000000 0.000000 -0.689404
    7 0.808659 -0.000001 0.000001 0.000000 0.000000 -0.654499
    8 -0.005463 0.010882 0.011922 -3.130701 -0.002586 -0.018476
    9 -0.001080 -0.005339 -0.002780 -3.138880 -0.004640 0.012721
    10 -0.019963 -0.004463 0.017139 3.137685 -0.000240 0.002472
    11 3.305800 0.203115 -0.546730 0.000000 0.000000 -0.488691
    12 1.807178 0.000000 -0.000004 0.000000 0.000000 -0.637045
    13 0.966141 0.000003 -0.000001 0.000000 0.000000 -0.497418
    14 -0.002205 0.006298 0.000417 3.133979 -0.003058 0.005338
    15 0.007872 0.003559 -0.000436 -3.124798 -0.001004 0.009074
    16 0.012690 -0.008244 0.010269 -3.131666 0.016691 0.012264
    17 3.571513 0.109304 0.409580 0.000000 0.000000 -0.427605
    18 2.150648 0.000002 -0.000003 0.000000 0.000000 -0.663223
    19 1.152746 -0.000003 0.000003 0.000000 0.000000 -0.523598
    20 0.000419 0.016150 0.002405 3.136320 -0.007304 -0.003105
    21 0.001816 -0.009672 -0.007393 3.139013 -0.008631 -0.008588
    22 -0.003752 -0.011593 -0.001195 3.133090 0.002976 0.014444
    23 3.684098 -0.158697 1.419183 0.000000 0.000000 -0.253072
    24 1.701014 0.000004 0.000004 0.000000 0.000000 -0.602138
    25 0.994714 -0.000002 -0.000008 0.000000 0.000000 -0.357792
    26 0.021160 0.011093 -0.004108 -3.137926 -0.002080 -0.001153
    27 -0.003428 0.010128 -0.008341 -3.140832 -0.004146 -0.019238
    28 0.004127 0.010881 0.000767 3.138806 -0.003164 -0.013821
    29 1.068074 -1.287202 0.981906 1.925949 -0.499323 -0.437818
    30 1.836308 -0.000001 0.000002 0.074245 -0.173006 -0.593150
    31 1.223949 -0.000002 0.000002 0.027395 -0.026912 -0.598150
    32 -0.012758 0.013269 0.005633 -3.132442 0.011957 -0.016684
    33 0.003252 0.002937 0.004907 3.134101 -0.012025 0.011384
    34 0.017597 0.001415 -0.271330 3.132743 -0.094250 -0.000348
    35 -0.034845 0.015532 -0.006371 -3.119476 -0.012752 0.011827
    36 6.868289 0.000003 0.000003 1.894370 0.030276 0.157882
    37 -6.002364 -0.460211 -0.868646 -0.695749 -0.131805 0.077518
    38 -6.002752 -0.459276 -0.867383 -0.699507 -0.131813 0.077097
    39 -10.921875 -4.957031 -11.492188 -1.570794 0.087264 -1.570796
    40 -0.000001 -0.000002 0.000004 -0.102805 -0.180470 0.170678
    41 10.907397 0.000000 -0.000001 -0.000346 -0.000019 -1.054160
    42 10.424307 0.000001 0.000016 -2.318075 0.479536 -0.146646
    43 2.997296 0.000062 1.477484 0.000000 0.104719 -1.038469
    44 1.510386 -0.000002 0.000000 0.000000 0.000000 -1.422442
    45 0.808652 0.000001 -0.000003 -0.087183 0.081589 -1.026206
    46 -0.010181 0.001544 -0.002427 3.133438 0.004938 -0.014530
    47 -0.007761 0.000776 -0.012938 -3.140949 0.009512 -0.002789
    48 -0.003515 0.022163 -0.007593 -3.131007 0.004989 -0.015563
    49 3.305811 0.201132 0.547463 0.097216 -0.050307 -0.854749
    50 1.807181 -0.000005 -0.000002 0.020284 -0.092161 -1.076370
    51 0.966146 0.000000 0.000000 0.000000 0.000000 -1.579521
    52 -0.004041 0.002991 -0.002260 -3.129316 0.007469 -0.002160
    53 -0.016014 -0.012525 -0.005755 -3.127586 -0.003209 -0.007102
    54 -0.010741 -0.015351 -0.005964 -3.141244 -0.014366 0.013993
    55 3.571526 0.110787 -0.409180 -0.010425 -0.147987 -0.662451
    56 2.150658 0.000000 0.000000 0.000000 0.000000 -1.596972
    57 1.152748 0.000002 -0.000001 0.000000 0.000000 -1.038469
    58 -0.009424 0.003368 0.009511 3.138994 -0.007577 -0.001092
    59 -0.009795 0.006993 0.001619 3.137400 -0.006826 0.001062
    60 -0.005070 0.017085 0.007624 3.135509 0.005211 0.001477
    61 3.684113 -0.153569 -1.419744 -0.151282 -0.254648 -0.324225
    62 1.701014 -0.000001 0.000000 0.000000 0.000000 -0.436346
    63 0.994705 -0.000004 0.000000 0.000000 0.000000 -0.436331
    64 0.015236 0.000657 -0.012633 3.136885 0.014164 0.000018
    65 -0.014324 -0.018461 0.000846 -3.134644 0.013210 0.007851
    66 -0.020566 0.000650 -0.004019 -3.126894 -0.002595 -0.013678
    67 1.068097 -1.283652 -0.986552 -2.012761 0.496773 -0.359041
    68 1.836308 -0.000002 0.000001 0.071731 -0.042788 -0.118793
    69 1.223948 0.000001 -0.000002 -0.030976 -0.071337 -0.420798
    70 -0.026768 0.000412 0.021024 -3.135050 0.011560 0.031832
    71 -0.030946 0.015453 0.007155 3.126687 -0.014474 -0.013279
    72 0.024326 0.034636 0.000721 -3.121606 0.015525 0.030344
    73 -0.046000 0.019587 0.021797 3.134639 0.020864 -0.001670
    74 6.694322 0.000002 0.000001 -1.710493 -0.059605 0.149629
    75 -6.579163 -0.452807 0.914976 1.390020 0.137634 0.072730
    76 -6.553783 -0.454803 0.900534 1.387994 0.108045 0.086436
  time 80
    0 -7.087071 -25.026402 -4.599840 1.861108 0.029818 0.848202
    1 7.820313 -3.039063 -8.804688 -1.082104 0.087263 -1.570797
    2 -0.000001 0.000002 0.000000 -0.021003 -0.098597 0.766856
    3 10.907404 0.000001 -0.000001 -0.000001 0.000012 -0.428155
    4 10.424325 -0.000011 -0.000033 2.468703 0.420364 -0.460671
    5 2.997275 0.005409 -1.477475 0.000000 0.000000 -0.471238
    6 1.510384 -0.000004 0.000000 0.000000 0.000000 -0.689404
    7 0.808659 -0.000001 0.000001 0.000000 0.000000 -0.654499
    8 -0.005463 0.010882 0.011922 -3.130701 -0.002586 -0.018476
    9 -0.001080 -0.005339 -0.002780 -3.138880 -0.004640 0.012721
    10 -0.019963 -0.004463 0.017139 3.137685 -0.000240 0.002472
    11 3.305800 0.203115 -0.546730 0.000000 0.000000 -0.488691
    12 1.807178 0.000000 -0.000004 0.000000 0.000000 -0.637045
    13 0.966141 0.000003 -0.000001 0.000000 0.000000 -0.497418
    14 -0.002205 0.006298 0.000417 3.133979 -0.003058 0.005338
    15 0.007872 0.003559 -0.000436 -3.124798 -0.001004 0.009074
    16 0.012690 -0.008244 0.010269 -3.131666 0.016691 0.012264
    17 3.571513 0.109304 0.409580 0.000000 0.000000 -0.427605
    18 2.150648 0.000002 -0.000003 0.000000 0.000000 -0.663223
    19 1.152746 -0.000003 0.000003 0.000000 0.000000 -0.523598
    20 0.000419 0.016150 0.002405 3.136320 -0.007304 -0.003105
    21 0.001816 -0.009672 -0.007393 3.139013 -0.008631 -0.008588
    22 -0.003752 -0.011593 -0.001195 3.133090 0.002976 0.014444
    23 3.684098 -0.158697 1.419183 0.000000 0.000000 -0.253072
    24 1.701014 0.000004 0.000004 0.000000 0.000000 -0.602138
    25 0.994714 -0.000002 -0.000008 0.000000 0.000000 -0.357792
    26 0.021160 0.011093 -0.004108 -3.137926 -0.002080 -0.001153
    27 -0.003428 0.010128 -0.008341 -3.140832 -0.004146 -0.019238
    28 0.004127 0.010881 0.000767 3.138806 -0.003164 -0.013821
    29 1.068074 -1.287202 0.981906 1.925949 -0.499323 -0.437818
    30 1.836308 -0.000001 0.000002 0.074245 -0.173006 -0.593150
    31 1.223949 -0.000002 0.000002 0.027395 -0.026912 -0.598150
    32 -0.012758 0.013269 0.005633 -3.132442 0.011957 -0.016684
    33 0.003252 0.002937 0.004907 3.134101 -0.012025 0.011384
    34 0.017597 0.001415 -0.271330 3.132743 -0.094250 -0.000348
    35 -0.034845 0.015532 -0.006371 -3.119476 -0.012752 0.011827
    36 6.868289 0.000003 0.000003 1.894370 0.030276 0.157882
    37 -6.002364 -0.460211 -0.868646 -0.695749 -0.131805 0.077518
    38 -6.002752 -0.459276 -0.867383 -0.699507 -0.131813 0.077097
    39 -10.921875 -4.957031 -11.492188 -1.570794 0.087264 -1.570796
    40 -0.000001 -0.000002 0.000004 -0.102614 -0.180063 0.171127
    41 10.907397 0.000000 -0.000001 -0.000346 -0.000019 -1.054685
    42 10.424307 0.000001 0.000016 -2.316206 0.479760 -0.144128
    43 2.997296 0.000062 1.477484 0.000000 0.104719 -1.038469
    44 1.510386 -0.000002 0.000000 0.000000 0.000000 -1.422442
    45 0.808652 0.000001 -0.000003 -0.087183 0.081589 -1.026206
    46 -0.010181 0.001544 -0.002427 3.133438 0.004938 -0.014530
    47 -0.007761 0.000776 -0.012938 -3.140949 0.009512 -0.002789
    48 -0.003515 0.022163 -0.007593 -3.131007 0.004989 -0.015563
    49 3.305811 0.201132 0.547463 0.097216 -0.050307 -0.854749
    50 1.807181 -0.000005 -0.000002 0.020284 -0.092161 -1.076370
    51 0.966146 0.000000 0.000000 0.000000 0.000000 -1.579521
    52 -0.004041 0.002991 -0.002260 -3.129316 0.007469 -0.002160
    53 -0.016014 -0.012525 -0.005755 -3.127586 -0.003209 -0.007102
    54 -0.010741 -0.015351 -0.005964 -3.141244 -0.014366 0.013993
    55 3.571526 0.110787 -0.409180 -0.010425 -0.147987 -0.662451
    56 2.150658 0.000000 0.000000 0.000000 0.000000 -1.596972
    57 1.152748 0.000002 -0.000001 0.000000 0.000000 -1.038469
    58 -0.009424 0.003368 0.009511 3.138994 -0.007577 -0.001092
    59 -0.009795 0.006993 0.001619 3.137400 -0.006826 0.001062
    60 -0.005070 0.017085 0.007624 3.135509 0.005211 0.001477
    61 3.684113 -0.153569 -1.419744 -0.153762 -0.250849 -0.312783
    62 1.701014 -0.000001 0.000000 0.000000 0.000000 -0.476748
    63 0.994705 -0.000004 0.000000 0.000000 0.000000 -0.436331
    64 0.015236 0.000657 -0.012633 3.136885 0.014164 0.000018
    65 -0.014324 -0.018461 0.000846 -3.134644 0.013210 0.007851
    66 -0.020566 0.000650 -0.004019 -3.126894 -0.002595 -0.013678
    67 1.068097 -1.283652 -0.986552 -2.016827 0.492998 -0.367741
    68 1.836308 -0.000002 0.000001 0.071731 -0.042788 -0.118793
    69 1.223948 0.000001 -0.000002 -0.030976 -0.071337 -0.420798
    70 -0.026768 0.000412 0.021024 -3.135050 0.011560 0.031832
    71 -0.030946 0.015453 0.007155 3.126687 -0.014474 -0.013279
    72 0.024326 0.034636 0.000721 -3.121606 0.015525 0.030344
    73 -0.046000 0.019587 0.021797 3.134639 0.020864 -0.001670
    74 6.694322 0.000002 0.000001 -1.709763 -0.059713 0.149581
    75 -6.579163 -0.452807 0.914976 1.390020 0.137634 0.072730
    76 -6.553783 -0.454803 0.900534 1.387994 0.108045 0.086436
  time 81
    0 -7.098790 -25.030308 -4.611559 1.860639 0.037285 0.823829
    1 7.820313 -3.039063 -8.804688 -1.082104 0.087263 -1.570797
    2 -0.000001 0.000002 0.000000 -0.021003 -0.098597 0.766856
    3 10.907404 0.000001 -0.000001 -0.000001 0.000012 -0.428155
    4 10.424325 -0.000011 -0.000033 2.468703 0.420364 -0.460671
    5 2.997275 0.005409 -1.477475 0.000000 0.000000 -0.471238
    6 1.510384 -0.000004 0.000000 0.000000 0.000000 -0.689404
    7 0.808659 -0.000001 0.000001 0.000000 0.000000 -0.654499
    8 -0.005463 0.010882 0.011922 -3.130701 -0.002586 -0.018476
    9 -0.001080 -0.005339 -0.002780 -3.138880 -0.004640 0.012721
    10 -0.019963 -0.004463 0.017139 3.137685 -0.000240 0.002472
    11 3.305800 0.203115 -0.546730 0.000000 0.000000 -0.488691
    12 1.807178 0.000000 -0.000004 0.000000 0.000000 -0.637045
    13 0.966141 0.000003 -0.000001 0.000000 0.000000 -0.497418
    14 -0.002205 0.006298 0.000417 3.133979 -0.003058 0.005338
    15 0.007872 0.003559 -0.000436 -3.124798 -0.001004 0.009074
    16 0.012690 -0.008244 0.010269 -3.131666 0.016691 0.012264
    17 3.571513 0.109304 0.409580 0.000000 0.000000 -0.427605
    18 2.150648 0.000002 -0.000003 0.000000 0.000000 -0.663223
    19 1.152746 -0.000003 0.000003 0.000000 0.000000 -0.523598
    20 0.000419 0.016150 0.002405 3.136320 -0.007304 -0.003105
    21 0.001816 -0.009672 -0.007393 3.139013 -0.008631 -0.008588
    22 -0.003752 -0.011593 -0.001195 3.133090 0.002976 0.014444
    23 3.684098 -0.158697 1.419183 0.000000 0.000000 -0.253072
    24 1.701014 0.000004 0.000004 0.000000 0.000000 -0.602138
    25 0.994714 -0.000002 -0.000008 0.000000 0.000000 -0.357792
    26 0.021160 0.011093 -0.004108 -3.137926 -0.002080 -0.001153
    27 -0.003428 0.010128 -0.008341 -3.140832 -0.004146 -0.019238
    28 0.004127 0.010881 0.000767 3.138806 -0.003164 -0.013821
    29 1.068074 -1.287202 0.981906 1.925949 -0.499323 -0.437818
    30 1.836308 -0.000001 0.000002 0.074245 -0.173006 -0.593150
    31 1.223949 -0.000002 0.000002 0.027395 -0.026912 -0.598150
    32 -0.012758 0.013269 0.005633 -3.132442 0.011957 -0.016684
    33 0.003252 0.002937 0.004907 3.134101 -0.012025 0.011384
    34 0.017597 0.001415 -0.271330 3.132743 -0.094250 -0.000348
    35 -0.034845 0.015532 -0.006371 -3.119476 -0.012752 0.011827
    36 6.868289 0.000003 0.000003 1.894370 0.030276 0.157882
    37 -6.002364 -0.460211 -0.868646 -0.695749 -0.131805 0.077518
    38 -6.002752 -0.459276 -0.867383 -0.699507 -0.131813 0.077097
    39 -10.921875 -4.957031 -11.492188 -1.570794 0.087264 -1.570796
    40 -0.000001 -0.000002 0.000004 -0.102422 -0.179619 0.171577
    41 10.907397 0.000000 -0.000001 -0.000346 -0.000019 -1.055245
    42 10.424307 0.000001 0.000016 -2.314038 0.479947 -0.141436
    43 2.997296 0.000062 1.477484 0.000000 0.104719 -1.038469
    44 1.510386 -0.000002 0.000000 0.000000 0.000000 -1.422442
    45 0.808652 0.000001 -0.000003 -0.087183 0.081589 -1.026206
    46 -0.010181 0.001544 -0.002427 3.133438 0.004938 -0.014530
    47 -0.007761 0.000776 -0.012938 -3.140949 0.009512 -0.002789
    48 -0.003515 0.022163 -0.007593 -3.131007 0.004989 -0.015563
    49 3.305811 0.201132 0.547463 0.097216 -0.050307 -0.854749
    50 1.807181 -0.000005 -0.000002 0.020284 -0.092161 -1.076370
    51 0.966146 0.000000 0.000000 0.000000 0.000000 -1.579521
    52 -0.004041 0.002991 -0.002260 -3.129316 0.007469 -0.002160
    53 -0.016014 -0.012525 -0.005755 -3.127586 -0.003209 -0.007102
    54 -0.010741 -0.015351 -0.005964 -3.141244 -0.014366 0.013993
    55 3.571526 0.110787 -0.409180 -0.010425 -0.147987 -0.662451
    56 2.150658 0.000000 0.000000 0.000000 0.000000 -1.596972
    57 1.152748 0.000002 -0.000001 0.000000 0.000000 -1.038469
    58 -0.009424 0.003368 0.009511 3.138994 -0.007577 -0.001092
    59 -0.009795 0.006993 0.001619 3.137400 -0.006826 0.001062
    60 -0.005070 0.017085 0.007624 3.135509 0.005211 0.001477
    61 3.684113 -0.153569 -1.419744 -0.156279 -0.246822 -0.301177
    62 1.701014 -0.000001 0.000000 0.000000 0.000000 -0.518996
    63 0.994705 -0.000004 0.000000 0.000000 0.000000 -0.436331
    64 0.015236 0.000657 -0.012633 3.136885 0.014164 0.000018
    65 -0.014324 -0.018461 0.000846 -3.134644 0.013210 0.007851
    66 -0.020566 0.000650 -0.004019 -3.126894 -0.002595 -0.013678
    67 1.068097 -1.283652 -0.986552 -2.020944 0.489151 -0.376598
    68 1.836308 -0.000002 0.000001 0.071731 -0.042788 -0.118793
    69 1.223948 0.000001 -0.000002 -0.030976 -0.071337 -0.420798
    70 -0.026768 0.000412 0.021024 -3.135050 0.011560 0.031832
    71 -0.030946 0.015453 0.007155 3.126687 -0.014474 -0.013279
    72 0.024326 0.034636 0.000721 -3.121606 0.015525 0.030344
    73 -0.046000 0.019587 0.021797 3.134639 0.020864 -0.001670
    74 6.694322 0.000002 0.000001 -1.708941 -0.059844 0.149534
    75 -6.579163 -0.452807 0.914976 1.390020 0.137634 0.072730
    76 -6.553783 -0.454803 0.900534 1.387994 0.108045 0.086436
  time 82
    0 -7.106603 -25.034214 -4.619372 1.860263 0.044157 0.798887
    1 7.820313 -3.039063 -8.804688 -1.082104 0.087263 -1.570797
    2 -0.000001 0.000002 0.000000 -0.021003 -0.098597 0.766856
    3 10.907404 0.000001 -0.000001 -0.000001 0.000012 -0.428155
    4 10.424325 -0.000011 -0.000033 2.468703 0.420364 -0.460671
    5 2.997275 0.005409 -1.477475 0.000000 0.000000 -0.471238
    6 1.510384 -0.000004 0.000000 0.000000 0.000000 -0.689404
    7 0.808659 -0.000001 0.000001 0.000000 0.000000 -0.654499
    8 -0.005463 0.010882 0.011922 -3.130701 -0.002586 -0.018476
    9 -0.001080 -0.005339 -0.002780 -3.138880 -0.004640 0.012721
    10 -0.019963 -0.004463 0.017139 3.137685 -0.000240 0.002472
    11 3.305800 0.203115 -0.546730 0.000000 0.000000 -0.488691
    12 1.807178 0.000000 -0.000004 0.000000 0.000000 -0.637045
    13 0.966141 0.000003 -0.000001 0.000000 0.000000 -0.497418
    14 -0.002205 0.006298 0.000417 3.133979 -0.003058 0.005338
    15 0.007872 0.003559 -0.000436 -3.124798 -0.001004 0.009074
    16 0.012690 -0.008244 0.010269 -3.131666 0.016691 0.012264
    17 3.571513 0.109304 0.409580 0.000000 0.000000 -0.427605
    18 2.150648 0.000002 -0.000003 0.000000 0.000000 -0.663223
    19 1.152746 -0.000003 0.000003 0.000000 0.000000 -0.523598
    20 0.000419 0.016150 0.002405 3.136320 -0.007304 -0.003105
    21 0.001816 -0.009672 -0.007393 3.139013 -0.008631 -0.008588
    22 -0.003752 -0.011593 -0.001195 3.133090 0.002976 0.014444
    23 3.684098 -0.158697 1.419183 0.000000 0.000000 -0.253072
    24 1.701014 0.000004 0.000004 0.000000 0.000000 -0.602138
    25 0.994714 -0.000002 -0.000008 0.000000 0.000000 -0.357792
    26 0.021160 0.011093 -0.004108 -3.137926 -0.002080 -0.001153
    27 -0.003428 0.010128 -0.008341 -3.140832 -0.004146 -0.019238
    28 0.004127 0.010881 0.000767 3.138806 -0.003164 -0.013821
    29 1.068074 -1.287202 0.981906 1.925949 -0.499323 -0.437818
    30 1.836308 -0.000001 0.000002 0.074245 -0.173006 -0.593150
    31 1.223949 -0.000002 0.000002 0.027395 -0.026912 -0.598150
    32 -0.012758 0.013269 0.005633 -3.132442 0.011957 -0.016684
    33 0.003252 0.002937 0.004907 3.134101 -0.012025 0.011384
    34 0.017597 0.001415 -0.271330 3.132743 -0.094250 -0.000348
    35 -0.034845 0.015532 -0.006371 -3.119476 -0.012752 0.011827
    36 6.868289 0.000003 0.000003 1.894370 0.030276 0.157882
    37 -6.002364 -0.460211 -0.868646 -0.695749 -0.131805 0.077518
    38 -6.002752 -0.459276 -0.867383 -0.699507 -0.131813 0.077097
    39 -10.921875 -4.957031 -11.492188 -1.570794 0.087264 -1.570796
    40 -0.000001 -0.000002 0.000004 -0.102231 -0.179137 0.172116
    41 10.907397 0.000000 -0.000001 -0.000346 -0.000019 -1.055840
    42 10.424307 0.000001 0.000016 -2.311646 0.480097 -0.138396
    43 2.997296 0.000062 1.477484 0.000000 0.104719 -1.038469
    44 1.510386 -0.000002 0.000000 0.000000 0.000000 -1.422442
    45 0.808652 0.000001 -0.000003 -0.087183 0.081589 -1.026206
    46 -0.010181 0.001544 -0.002427 3.133438 0.004938 -0.014530
    47 -0.007761 0.000776 -0.012938 -3.140949 0.009512 -0.002789
    48 -0.003515 0.022163 -0.007593 -3.131007 0.004989 -0.015563
    49 3.305811 0.201132 0.547463 0.097216 -0.050307 -0.854749
    50 1.807181 -0.000005 -0.000002 0.020284 -0.092161 -1.076370
    51 0.966146 0.000000 0.000000 0.000000 0.000000 -1.579521
    52 -0.004041 0.002991 -0.002260 -3.129316 0.007469 -0.002160
    53 -0.016014 -0.012525 -0.005755 -3.127586 -0.003209 -0.007102
    54 -0.010741 -0.015351 -0.005964 -3.141244 -0.014366 0.013993
    55 3.571526 0.110787 -0.409180 -0.010425 -0.147987 -0.662451
    56 2.150658 0.000000 0.000000 0.000000 0.000000 -1.596972
    57 1.152748 0.000002 -0.000001 0.000000 0.000000 -1.038469
    58 -0.009424 0.003368 0.009511 3.138994 -0.007577 -0.001092
    59 -0.009795 0.006993 0.001619 3.137400 -0.006826 0.001062
    60 -0.005070 0.017085 0.007624 3.135509 0.005211 0.001477
    61 3.684113 -0.153569 -1.419744 -0.158796 -0.242639 -0.289509
    62 1.701014 -0.000001 0.000000 0.000000 0.000000 -0.562452
    63 0.994705 -0.000004 0.000000 0.000000 0.000000 -0.436331
    64 0.015236 0.000657 -0.012633 3.136885 0.014164 0.000018
    65 -0.014324 -0.018461 0.000846 -3.134644 0.013210 0.007851
    66 -0.020566 0.000650 -0.004019 -3.126894 -0.002595 -0.013678
    67 1.068097 -1.283652 -0.986552 -2.025100 0.485280 -0.385515
    68 1.836308 -0.000002 0.000001 0.071731 -0.042788 -0.118793
    69 1.223948 0.000001 -0.000002 -0.030976 -0.071337 -0.420798
    70 -0.026768 0.000412 0.021024 -3.135050 0.011560 0.031832
    71 -0.030946 0.015453 0.007155 3.126687 -0.014474 -0.013279
    72 0.024326 0.034636 0.000721 -3.121606 0.015525 0.030344
    73 -0.046000 0.019587 0.021797 3.134639 0.020864 -0.001670
    74 6.694322 0.000002 0.000001 -1.707982 -0.059988 0.149486
    75 -6.579163 -0.452807 0.914976 1.390020 0.137634 0.072730
    76 -6.553783 -0.454803 0.900534 1.387994 0.108045 0.086436
  time 83
    0 -7.114416 -25.042027 -4.631091 1.859982 0.050341 0.773660
    1 7.820313 -3.039063 -8.804688 -1.082104 0.087263 -1.570797
    2 -0.000001 0.000002 0.000000 -0.021003 -0.098597 0.766856
    3 10.907404 0.000001 -0.000001 -0.000001 0.000012 -0.428155
    4 10.424325 -0.000011 -0.000033 2.468703 0.420364 -0.460671
    5 2.997275 0.005409 -1.477475 0.000000 0.000000 -0.471238
    6 1.510384 -0.000004 0.000000 0.000000 0.000000 -0.689404
    7 0.808659 -0.000001 0.000001 0.000000 0.000000 -0.654499
    8 -0.005463 0.010882 0.011922 -3.130701 -0.002586 -0.018476
    9 -0.001080 -0.005339 -0.002780 -3.138880 -0.004640 0.012721
    10 -0.019963 -0.004463 0.017139 3.137685 -0.000240 0.002472
    11 3.305800 0.203115 -0.546730 0.000000 0.000000 -0.488691
    12 1.807178 0.000000 -0.000004 0.000000 0.000000 -0.637045
    13 0.966141 0.000003 -0.000001 0.000000 0.000000 -0.497418
    14 -0.002205 0.006298 0.000417 3.133979 -0.003058 0.005338
    15 0.007872 0.003559 -0.000436 -3.124798 -0.001004 0.009074
    16 0.012690 -0.008244 0.010269 -3.131666 0.016691 0.012264
    17 3.571513 0.109304 0.409580 0.000000 0.000000 -0.427605
    18 2.150648 0.000002 -0.000003 0.000000 0.000000 -0.663223
    19 1.152746 -0.000003 0.000003 0.000000 0.000000 -0.523598
    20 0.000419 0.016150 0.002405 3.136320 -0.007304 -0.003105
    21 0.001816 -0.009672 -0.007393 3.139013 -0.008631 -0.008588
    22 -0.003752 -0.011593 -0.001195 3.133090 0.002976 0.014444
    23 3.684098 -0.158697 1.419183 0.000000 0.000000 -0.253072
    24 1.701014 0.000004 0.000004 0.000000 0.000000 -0.602138
    25 0.994714 -0.000002 -0.000008 0.000000 0.000000 -0.357792
    26 0.021160 0.011093 -0.004108 -3.137926 -0.002080 -0.001153
    27 -0.003428 0.010128 -0.008341 -3.140832 -0.004146 -0.019238
    28 0.004127 0.010881 0.000767 3.138806 -0.003164 -0.013821
    29 1.068074 -1.287202 0.981906 1.925949 -0.499323 -0.437818
    30 1.836308 -0.000001 0.000002 0.074245 -0.173006 -0.593150
    31 1.223949 -0.000002 0.000002 0.027395 -0.026912 -0.598150
    32 -0.012758 0.013269 0.005633 -3.132442 0.011957 -0.016684
    33 0.003252 0.002937 0.004907 3.134101 -0.012025 0.011384
    34 0.017597 0.001415 -0.271330 3.132743 -0.094250 -0.000348
    35 -0.034845 0.015532 -0.006371 -3.119476 -0.012752 0.011827
    36 6.868289 0.000003 0.000003 1.894370 0.030276 0.157882
    37 -6.002364 -0.460211 -0.868646 -0.695749 -0.131805 0.077518
    38 -6.002752 -0.459276 -0.867383 -0.699507 -0.131813 0.077097
    39 -10.921875 -4.957031 -11.492188 -1.570794 0.087264 -1.570796
    40 -0.000001 -0.000002 0.000004 -0.102008 -0.178656 0.172656
    41 10.907397 0.000000 -0.000001 -0.000346 -0.000019 -1.056470
    42 10.424307 0.000001 0.000016 -2.308955 0.480209 -0.135183
    43 2.997296 0.000062 1.477484 0.000000 0.104719 -1.038469
    44 1.510386 -0.000002 0.000000 0.000000 0.000000 -1.422442
    45 0.808652 0.000001 -0.000003 -0.087183 0.081589 -1.026206
    46 -0.010181 0.001544 -0.002427 3.133438 0.004938 -0.014530
    47 -0.007761 0.000776 -0.012938 -3.140949 0.009512 -0.002789
    48 -0.003515 0.022163 -0.007593 -3.131007 0.004989 -0.015563
    49 3.305811 0.201132 0.547463 0.097216 -0.050307 -0.854749
    50 1.807181 -0.000005 -0.000002 0.020284 -0.092161 -1.076370
    51 0.966146 0.000000 0.000000 0.000000 0.000000 -1.579521
    52 -0.004041 0.002991 -0.002260 -3.129316 0.007469 -0.002160
    53 -0.016014 -0.012525 -0.005755 -3.127586 -0.003209 -0.007102
    54 -0.010741 -0.015351 -0.005964 -3.141244 -0.014366 0.013993
    55 3.571526 0.110787 -0.409180 -0.010425 -0.147987 -0.662451
    56 2.150658 0.000000 0.000000 0.000000 0.000000 -1.596972
    57 1.152748 0.000002 -0.000001 0.000000 0.000000 -1.038469
    58 -0.009424 0.003368 0.009511 3.138994 -0.007577 -0.001092
    59 -0.009795 0.006993 0.001619 3.137400 -0.006826 0.001062
    60 -0.005070 0.017085 0.007624 3.135509 0.005211 0.001477
    61 3.684113 -0.153569 -1.419744 -0.161301 -0.238361 -0.277944
    62 1.701014 -0.000001 0.000000 0.000000 0.000000 -0.606512
    63 0.994705 -0.000004 0.000000 0.000000 0.000000 -0.436331
    64 0.015236 0.000657 -0.012633 3.136885 0.014164 0.000018
    65 -0.014324 -0.018461 0.000846 -3.134644 0.013210 0.007851
    66 -0.020566 0.000650 -0.004019 -3.126894 -0.002595 -0.013678
    67 1.068097 -1.283652 -0.986552 -2.029231 0.481397 -0.394383
    68 1.836308 -0.000002 0.000001 0.071731 -0.042788 -0.118793
    69 1.223948 0.000001 -0.000002 -0.030976 -0.071337 -0.420798
    70 -0.026768 0.000412 0.021024 -3.135050 0.011560 0.031832
    71 -0.030946 0.015453 0.007155 3.126687 -0.014474 -0.013279
    72 0.024326 0.034636 0.000721 -3.121606 0.015525 0.030344
    73 -0.046000 0.019587 0.021797 3.134639 0.020864 -0.001670
    74 6.694322 0.000002 0.000001 -1.706977 -0.060132 0.149414
    75 -6.579163 -0.452807 0.914976 1.390020 0.137634 0.072730
    76 -6.553783 -0.454803 0.900534 1.387994 0.108045 0.086436
  time 84
    0 -7.126135 -25.045933 -4.642810 1.859888 0.055701 0.748433
    1 7.820313 -3.039063 -8.804688 -1.082104 0.087263 -1.570797
    2 -0.000001 0.000002 0.000000 -0.021003 -0.098597 0.766856
    3 10.907404 0.000001 -0.000001 -0.000001 0.000012 -0.428155
    4 10.424325 -0.000011 -0.000033 2.468703 0.420364 -0.460671
    5 2.997275 0.005409 -1.477475 0.000000 0.000000 -0.471238
    6 1.510384 -0.000004 0.000000 0.000000 0.000000 -0.689404
    7 0.808659 -0.000001 0.000001 0.000000 0.000000 -0.654499
    8 -0.005463 0.010882 0.011922 -3.130701 -0.002586 -0.018476
    9 -0.001080 -0.005339 -0.002780 -3.138880 -0.004640 0.012721
    10 -0.019963 -0.004463 0.017139 3.137685 -0.000240 0.002472
    11 3.305800 0.203115 -0.546730 0.000000 0.000000 -0.488691
    12 1.807178 0.000000 -0.000004 0.000000 0.000000 -0.637045
    13 0.966141 0.000003 -0.000001 0.000000 0.000000 -0.497418
    14 -0.002205 0.006298 0.000417 3.133979 -0.003058 0.005338
    15 0.007872 0.003559 -0.000436 -3.124798 -0.001004 0.009074
    16 0.012690 -0.008244 0.010269 -3.131666 0.016691 0.012264
    17 3.571513 0.109304 0.409580 0.000000 0.000000 -0.427605
    18 2.150648 0.000002 -0.000003 0.000000 0.000000 -0.663223
    19 1.152746 -0.000003 0.000003 0.000000 0.000000 -0.523598
    20 0.000419 0.016150 0.002405 3.136320 -0.007304 -0.003105
    21 0.001816 -0.009672 -0.007393 3.139013 -0.008631 -0.008588
    22 -0.003752 -0.011593 -0.001195 3.133090 0.002976 0.014444
    23 3.684098 -0.158697 1.419183 0.000000 0.000000 -0.253072
    24 1.701014 0.000004 0.000004 0.000000 0.000000 -0.602138
    25 0.994714 -0.000002 -0.000008 0.000000 0.000000 -0.357792
    26 0.021160 0.011093 -0.004108 -3.137926 -0.002080 -0.001153
    27 -0.003428 0.010128 -0.008341 -3.140832 -0.004146 -0.019238
    28 0.004127 0.010881 0.000767 3.138806 -0.003164 -0.013821
    29 1.068074 -1.287202 0.981906 1.925949 -0.499323 -0.437818
    30 1.836308 -0.000001 0.000002 0.074245 -0.173006 -0.593150
    31 1.223949 -0.000002 0.000002 0.027395 -0.026912 -0.598150
    32 -0.012758 0.013269 0.005633 -3.132442 0.011957 -0.016684
    33 0.003252 0.002937 0.004907 3.134101 -0.012025 0.011384
    34 0.017597 0.001415 -0.271330 3.132743 -0.094250 -0.000348
    35 -0.034845 0.015532 -0.006371 -3.119476 -0.012752 0.011827
    36 6.868289 0.000003 0.000003 1.894370 0.030276 0.157882
    37 -6.002364 -0.460211 -0.868646 -0.695749 -0.131805 0.077518
    38 -6.002752 -0.459276 -0.867383 -0.699507 -0.131813 0.077097
    39 -10.921875 -4.957031 -11.492188 -1.570794 0.087264 -1.570796
    40 -0.000001 -0.000002 0.000004 -0.101785 -0.178137 0.173195
    41 10.907397 0.000000 -0.000001 -0.000346 -0.000019 -1.057135
    42 10.424307 0.000001 0.000016 -2.306039 0.480284 -0.131796
    43 2.997296 0.000062 1.477484 0.000000 0.104719 -1.038469
    44 1.510386 -0.000002 0.000000 0.000000 0.000000 -1.422442
    45 0.808652 0.000001 -0.000003 -0.087183 0.081589 -1.026206
    46 -0.010181 0.001544 -0.002427 3.133438 0.004938 -0.014530
    47 -0.007761 0.000776 -0.012938 -3.140949 0.009512 -0.002789
    48 -0.003515 0.022163 -0.007593 -3.131007 0.004989 -0.015563
    49 3.305811 0.201132 0.547463 0.097216 -0.050307 -0.854749
    50 1.807181 -0.000005 -0.000002 0.020284 -0.092161 -1.076370
    51 0.966146 0.000000 0.000000 0.000000 0.000000 -1.579521
    52 -0.004041 0.002991 -0.002260 -3.129316 0.007469 -0.002160
    53 -0.016014 -0.012525 -0.005755 -3.127586 -0.003209 -0.007102
    54 -0.010741 -0.015351 -0.005964 -3.141244 -0.014366 0.013993
    55 3.571526 0.110787 -0.409180 -0.010425 -0.147987 -0.662451
    56 2.150658 0.000000 0.000000 0.000000 0.000000 -1.596972
    57 1.152748 0.000002 -0.000001 0.000000 0.000000 -1.038469
    58 -0.009424 0.003368 0.009511 3.138994 -0.007577 -0.001092
    59 -0.009795 0.006993 0.001619 3.137400 -0.006826 0.001062
    60 -0.005070 0.017085 0.007624 3.135509 0.005211 0.001477
    61 3.684113 -0.153569 -1.419744 -0.163746 -0.234034 -0.266584
    62 1.701014 -0.000001 0.000000 0.000000 0.000000 -0.650606
    63 0.994705 -0.000004 0.000000 0.000000 0.000000 -0.436331
    64 0.015236 0.000657 -0.012633 3.136885 0.014164 0.000018
    65 -0.014324 -0.018461 0.000846 -3.134644 0.013210 0.007851
    66 -0.020566 0.000650 -0.004019 -3.126894 -0.002595 -0.013678
    67 1.068097 -1.283652 -0.986552 -2.033296 0.477574 -0.403132
    68 1.836308 -0.000002 0.000001 0.071731 -0.042788 -0.118793
    69 1.223948 0.000001 -0.000002 -0.030976 -0.071337 -0.420798
    70 -0.026768 0.000412 0.021024 -3.135050 0.011560 0.031832
    71 -0.030946 0.015453 0.007155 3.126687 -0.014474 -0.013279
    72 0.024326 0.034636 0.000721 -3.121606 0.015525 0.030344
    73 -0.046000 0.019587 0.021797 3.134639 0.020864 -0.001670
    74 6.694322 0.000002 0.000001 -1.705835 -0.060312 0.149354
    75 -6.579163 -0.452807 0.914976 1.390020 0.137634 0.072730
    76 -6.553783 -0.454803 0.900534 1.387994 0.108045 0.086436
  time 85
    0 -7.133948 -25.049840 -4.654529 1.859982 0.060190 0.723681
    1 7.820313 -3.039063 -8.804688 -1.082104 0.087263 -1.570797
    2 -0.000001 0.000002 0.000000 -0.021003 -0.098597 0.766856
    3 10.907404 0.000001 -0.000001 -0.000001 0.000012 -0.428155
    4 10.424325 -0.000011 -0.000033 2.468703 0.420364 -0.460671
    5 2.997275 0.005409 -1.477475 0.000000 0.000000 -0.471238
    6 1.510384 -0.000004 0.000000 0.000000 0.000000 -0.689404
    7 0.808659 -0.000001 0.000001 0.000000 0.000000 -0.654499
    8 -0.005463 0.010882 0.011922 -3.130701 -0.002586 -0.018476
    9 -0.001080 -0.005339 -0.002780 -3.138880 -0.004640 0.012721
    10 -0.019963 -0.004463 0.017139 3.137685 -0.000240 0.002472
    11 3.305800 0.203115 -0.546730 0.000000 0.000000 -0.488691
    12 1.807178 0.000000 -0.000004 0.000000 0.000000 -0.637045
    13 0.966141 0.000003 -0.000001 0.000000 0.000000 -0.497418
    14 -0.002205 0.006298 0.000417 3.133979 -0.003058 0.005338
    15 0.007872 0.003559 -0.000436 -3.124798 -0.001004 0.009074
    16 0.012690 -0.008244 0.010269 -3.131666 0.016691 0.012264
    17 3.571513 0.109304 0.409580 0.000000 0.000000 -0.427605
    18 2.150648 0.000002 -0.000003 0.000000 0.000000 -0.663223
    19 1.152746 -0.000003 0.000003 0.000000 0.000000 -0.523598
    20 0.000419 0.016150 0.002405 3.136320 -0.007304 -0.003105
    21 0.001816 -0.009672 -0.007393 3.139013 -0.008631 -0.008588
    22 -0.003752 -0.011593 -0.001195 3.133090 0.002976 0.014444
    23 3.684098 -0.158697 1.419183 0.000000 0.000000 -0.253072
    24 1.701014 0.000004 0.000004 0.000000 0.000000 -0.602138
    25 0.994714 -0.000002 -0.000008 0.000000 0.000000 -0.357792
    26 0.021160 0.011093 -0.004108 -3.137926 -0.002080 -0.001153
    27 -0.003428 0.010128 -0.008341 -3.140832 -0.004146 -0.019238
    28 0.004127 0.010881 0.000767 3.138806 -0.003164 -0.013821
    29 1.068074 -1.287202 0.981906 1.925949 -0.499323 -0.437818
    30 1.836308 -0.000001 0.000002 0.074245 -0.173006 -0.593150
    31 1.223949 -0.000002 0.000002 0.027395 -0.026912 -0.598150
    32 -0.012758 0.013269 0.005633 -3.132442 0.011957 -0.016684
    33 0.003252 0.002937 0.004907 3.134101 -0.012025 0.011384
    34 0.017597 0.001415 -0.271330 3.132743 -0.094250 -0.000348
    35 -0.034845 0.015532 -0.006371 -3.119476 -0.012752 0.011827
    36 6.868289 0.000003 0.000003 1.894370 0.030276 0.157882
    37 -6.002364 -0.460211 -0.868646 -0.695749 -0.131805 0.077518
    38 -6.002752 -0.459276 -0.867383 -0.699507 -0.131813 0.077097
    39 -10.921875 -4.957031 -11.492188 -1.570794 0.087264 -1.570796
    40 -0.000001 -0.000002 0.000004 -0.101562 -0.177656 0.173734
    41 10.907397 0.000000 -0.000001 -0.000346 -0.000019 -1.057800
    42 10.424307 0.000001 0.000016 -2.302825 0.480284 -0.128062
    43 2.997296 0.000062 1.477484 0.000000 0.104719 -1.038469
    44 1.510386 -0.000002 0.000000 0.000000 0.000000 -1.422442
    45 0.808652 0.000001 -0.000003 -0.087183 0.081589 -1.026206
    46 -0.010181 0.001544 -0.002427 3.133438 0.004938 -0.014530
    47 -0.007761 0.000776 -0.012938 -3.140949 0.009512 -0.002789
    48 -0.003515 0.022163 -0.007593 -3.131007 0.004989 -0.015563
    49 3.305811 0.201132 0.547463 0.097216 -0.050307 -0.854749
    50 1.807181 -0.000005 -0.000002 0.020284 -0.092161 -1.076370
    51 0.966146 0.000000 0.000000 0.000000 0.000000 -1.579521
    52 -0.004041 0.002991 -0.002260 -3.129316 0.007469 -0.002160
    53 -0.016014 -0.012525 -0.005755 -3.127586 -0.003209 -0.007102
    54 -0.010741 -0.015351 -0.005964 -3.141244 -0.014366 0.013993
    55 3.571526 0.110787 -0.409180 -0.010425 -0.147987 -0.662451
    56 2.150658 0.000000 0.000000 0.000000 0.000000 -1.596972
    57 1.152748 0.000002 -0.000001 0.000000 0.000000 -1.038469
    58 -0.009424 0.003368 0.009511 3.138994 -0.007577 -0.001092
    59 -0.009795 0.006993 0.001619 3.137400 -0.006826 0.001062
    60 -0.005070 0.017085 0.007624 3.135509 0.005211 0.001477
    61 3.684113 -0.153569 -1.419744 -0.166130 -0.229756 -0.255553
    62 1.701014 -0.000001 0.000000 0.000000 0.000000 -0.694062
    63 0.994705 -0.000004 0.000000 0.000000 0.000000 -0.436331
    64 0.015236 0.000657 -0.012633 3.136885 0.014164 0.000018
    65 -0.014324 -0.018461 0.000846 -3.134644 0.013210 0.007851
    66 -0.020566 0.000650 -0.004019 -3.126894 -0.002595 -0.013678
    67 1.068097 -1.283652 -0.986552 -2.037257 0.473858 -0.411653
    68 1.836308 -0.000002 0.000001 0.071731 -0.042788 -0.118793
    69 1.223948 0.000001 -0.000002 -0.030976 -0.071337 -0.420798
    70 -0.026768 0.000412 0.021024 -3.135050 0.011560 0.031832
    71 -0.030946 0.015453 0.007155 3.126687 -0.014474 -0.013279
    72 0.024326 0.034636 0.000721 -3.121606 0.015525 0.030344
    73 -0.046000 0.019587 0.021797 3.134639 0.020864 -0.001670
    74 6.694322 0.000002 0.000001 -1.704648 -0.060492 0.149282
    75 -6.579163 -0.452807 0.914976 1.390020 0.137634 0.072730
    76 -6.553783 -0.454803 0.900534 1.387994 0.108045 0.086436
  time 86
    0 -7.141760 -25.057653 -4.670155 1.860357 0.063718 0.699782
    1 7.820313 -3.039063 -8.804688 -1.082104 0.087263 -1.570797
    2 -0.000001 0.000002 0.000000 -0.021003 -0.098597 0.766856
    3 10.907404 0.000001 -0.000001 -0.000001 0.000012 -0.428155
    4 10.424325 -0.000011 -0.000033 2.468703 0.420364 -0.460671
    5 2.997275 0.005409 -1.477475 0.000000 0.000000 -0.471238
    6 1.510384 -0.000004 0.000000 0.000000 0.000000 -0.689404
    7 0.808659 -0.000001 0.000001 0.000000 0.000000 -0.654499
    8 -0.005463 0.010882 0.011922 -3.130701 -0.002586 -0.018476
    9 -0.001080 -0.005339 -0.002780 -3.138880 -0.004640 0.012721
    10 -0.019963 -0.004463 0.017139 3.137685 -0.000240 0.002472
    11 3.305800 0.203115 -0.546730 0.000000 0.000000 -0.488691
    12 1.807178 0.000000 -0.000004 0.000000 0.000000 -0.637045
    13 0.966141 0.000003 -0.000001 0.000000 0.000000 -0.497418
    14 -0.002205 0.006298 0.000417 3.133979 -0.003058 0.005338
    15 0.007872 0.003559 -0.000436 -3.124798 -0.001004 0.009074
    16 0.012690 -0.008244 0.010269 -3.131666 0.016691 0.012264
    17 3.571513 0.109304 0.409580 0.000000 0.000000 -0.427605
    18 2.150648 0.000002 -0.000003 0.000000 0.000000 -0.663223
    19 1.152746 -0.000003 0.000003 0.000000 0.000000 -0.523598
    20 0.000419 0.016150 0.002405 3.136320 -0.007304 -0.003105
    21 0.001816 -0.009672 -0.007393 3.139013 -0.008631 -0.008588
    22 -0.003752 -0.011593 -0.001195 3.133090 0.002976 0.014444
    23 3.684098 -0.158697 1.419183 0.000000 0.000000 -0.253072
    24 1.701014 0.000004 0.000004 0.000000 0.000000 -0.602138
    25 0.994714 -0.000002 -0.000008 0.000000 0.000000 -0.357792
    26 0.021160 0.011093 -0.004108 -3.137926 -0.002080 -0.001153
    27 -0.003428 0.010128 -0.008341 -3.140832 -0.004146 -0.019238
    28 0.004127 0.010881 0.000767 3.138806 -0.003164 -0.013821
    29 1.068074 -1.287202 0.981906 1.925949 -0.499323 -0.437818
    30 1.836308 -0.000001 0.000002 0.074245 -0.173006 -0.593150
    31 1.223949 -0.000002 0.000002 0.027395 -0.026912 -0.598150
    32 -0.012758 0.013269 0.005633 -3.132442 0.011957 -0.016684
    33 0.003252 0.002937 0.004907 3.134101 -0.012025 0.011384
    34 0.017597 0.001415 -0.271330 3.132743 -0.094250 -0.000348
    35 -0.034845 0.015532 -0.006371 -3.119476 -0.012752 0.011827
    36 6.868289 0.000003 0.000003 1.894370 0.030276 0.157882
    37 -6.002364 -0.460211 -0.868646 -0.695749 -0.131805 0.077518
    38 -6.002752 -0.459276 -0.867383 -0.699507 -0.131813 0.077097
    39 -10.921875 -4.957031 -11.492188 -1.570794 0.087264 -1.570796
    40 -0.000001 -0.000002 0.000004 -0.101339 -0.177138 0.174364
    41 10.907397 0.000000 -0.000001 -0.000346 -0.000019 -1.058465
    42 10.424307 0.000001 0.000016 -2.299386 0.480172 -0.124241
    43 2.997296 0.000062 1.477484 0.000000 0.104719 -1.038469
    44 1.510386 -0.000002 0.000000 0.000000 0.000000 -1.422442
    45 0.808652 0.000001 -0.000003 -0.087183 0.081589 -1.026206
    46 -0.010181 0.001544 -0.002427 3.133438 0.004938 -0.014530
    47 -0.007761 0.000776 -0.012938 -3.140949 0.009512 -0.002789
    48 -0.003515 0.022163 -0.007593 -3.131007 0.004989 -0.015563
    49 3.305811 0.201132 0.547463 0.097216 -0.050307 -0.854749
    50 1.807181 -0.000005 -0.000002 0.020284 -0.092161 -1.076370
    51 0.966146 0.000000 0.000000 0.000000 0.000000 -1.579521
    52 -0.004041 0.002991 -0.002260 -3.129316 0.007469 -0.002160
    53 -0.016014 -0.012525 -0.005755 -3.127586 -0.003209 -0.007102
    54 -0.010741 -0.015351 -0.005964 -3.141244 -0.014366 0.013993
    55 3.571526 0.110787 -0.409180 -0.010425 -0.147987 -0.662451
    56 2.150658 0.000000 0.000000 0.000000 0.000000 -1.596972
    57 1.152748 0.000002 -0.000001 0.000000 0.000000 -1.038469
    58 -0.009424 0.003368 0.009511 3.138994 -0.007577 -0.001092
    59 -0.009795 0.006993 0.001619 3.137400 -0.006826 0.001062
    60 -0.005070 0.017085 0.007624 3.135509 0.005211 0.001477
    61 3.684113 -0.153569 -1.419744 -0.168396 -0.225561 -0.244972
    62 1.701014 -0.000001 0.000000 0.000000 0.000000 -0.736310
    63 0.994705 -0.000004 0.000000 0.000000 0.000000 -0.436331
    64 0.015236 0.000657 -0.012633 3.136885 0.014164 0.000018
    65 -0.014324 -0.018461 0.000846 -3.134644 0.013210 0.007851
    66 -0.020566 0.000650 -0.004019 -3.126894 -0.002595 -0.013678
    67 1.068097 -1.283652 -0.986552 -2.041050 0.470275 -0.419826
    68 1.836308 -0.000002 0.000001 0.071731 -0.042788 -0.118793
    69 1.223948 0.000001 -0.000002 -0.030976 -0.071337 -0.420798
    70 -0.026768 0.000412 0.021024 -3.135050 0.011560 0.031832
    71 -0.030946 0.015453 0.007155 3.126687 -0.014474 -0.013279
    72 0.024326 0.034636 0.000721 -3.121606 0.015525 0.030344
    73 -0.046000 0.019587 0.021797 3.134639 0.020864 -0.001670
    74 6.694322 0.000002 0.000001 -1.703323 -0.060683 0.149198
    75 -6.579163 -0.452807 0.914976 1.390020 0.137634 0.072730
    76 -6.553783 -0.454803 0.900534 1.387994 0.108045 0.086436
  time 87
    0 -7.149573 -25.061559 -4.681874 1.860920 0.066329 0.677021
    1 7.820313 -3.039063 -8.804688 -1.082104 0.087263 -1.570797
    2 -0.000001 0.000002 0.000000 -0.021003 -0.098597 0.766856
    3 10.907404 0.000001 -0.000001 -0.000001 0.000012 -0.428155
    4 10.424325 -0.000011 -0.000033 2.468703 0.420364 -0.460671
    5 2.997275 0.005409 -1.477475 0.000000 0.000000 -0.471238
    6 1.510384 -0.000004 0.000000 0.000000 0.000000 -0.689404
    7 0.808659 -0.000001 0.000001 0.000000 0.000000 -0.654499
    8 -0.005463 0.010882 0.011922 -3.130701 -0.002586 -0.018476
    9 -0.001080 -0.005339 -0.002780 -3.138880 -0.004640 0.012721
    10 -0.019963 -0.004463 0.017139 3.137685 -0.000240 0.002472
    11 3.305800 0.203115 -0.546730 0.000000 0.000000 -0.488691
    12 1.807178 0.000000 -0.000004 0.000000 0.000000 -0.637045
    13 0.966141 0.000003 -0.000001 0.000000 0.000000 -0.497418
    14 -0.002205 0.006298 0.000417 3.133979 -0.003058 0.005338
    15 0.007872 0.003559 -0.000436 -3.124798 -0.001004 0.009074
    16 0.012690 -0.008244 0.010269 -3.131666 0.016691 0.012264
    17 3.571513 0.109304 0.409580 0.000000 0.000000 -0.427605
    18 2.150648 0.000002 -0.000003 0.000000 0.000000 -0.663223
    19 1.152746 -0.000003 0.000003 0.000000 0.000000 -0.523598
    20 0.000419 0.016150 0.002405 3.136320 -0.007304 -0.003105
    21 0.001816 -0.009672 -0.007393 3.139013 -0.008631 -0.008588
    22 -0.003752 -0.011593 -0.001195 3.133090 0.002976 0.014444
    23 3.684098 -0.158697 1.419183 0.000000 0.000000 -0.253072
    24 1.701014 0.000004 0.000004 0.000000 0.000000 -0.602138
    25 0.994714 -0.000002 -0.000008 0.000000 0.000000 -0.357792
    26 0.021160 0.011093 -0.004108 -3.137926 -0.002080 -0.001153
    27 -0.003428 0.010128 -0.008341 -3.140832 -0.004146 -0.019238
    28 0.004127 0.010881 0.000767 3.138806 -0.003164 -0.013821
    29 1.068074 -1.287202 0.981906 1.925949 -0.499323 -0.437818
    30 1.836308 -0.000001 0.000002 0.074245 -0.173006 -0.593150
    31 1.223949 -0.000002 0.000002 0.027395 -0.026912 -0.598150
    32 -0.012758 0.013269 0.005633 -3.132442 0.011957 -0.016684
    33 0.003252 0.002937 0.004907 3.134101 -0.012025 0.011384
    34 0.017597 0.001415 -0.271330 3.132743 -0.094250 -0.000348
    35 -0.034845 0.015532 -0.006371 -3.119476 -0.012752 0.011827
    36 6.868289 0.000003 0.000003 1.894370 0.030276 0.157882
    37 -6.002364 -0.460211 -0.868646 -0.695749 -0.131805 0.077518
    38 -6.002752 -0.459276 -0.867383 -0.699507 -0.131813 0.077097
    39 -10.921875 -4.957031 -11.492188 -1.570794 0.087264 -1.570796
    40 -0.000001 -0.000002 0.000004 -0.101116 -0.176656 0.174903
    41 10.907397 0.000000 -0.000001 -0.000346 -0.000019 -1.059131
    42 10.424307 0.000001 0.000016 -2.295648 0.480022 -0.120159
    43 2.997296 0.000062 1.477484 0.000000 0.104719 -1.038469
    44 1.510386 -0.000002 0.000000 0.000000 0.000000 -1.422442
    45 0.808652 0.000001 -0.000003 -0.087183 0.081589 -1.026206
    46 -0.010181 0.001544 -0.002427 3.133438 0.004938 -0.014530
    47 -0.007761 0.000776 -0.012938 -3.140949 0.009512 -0.002789
    48 -0.003515 0.022163 -0.007593 -3.131007 0.004989 -0.015563
    49 3.305811 0.201132 0.547463 0.097216 -0.050307 -0.854749
    50 1.807181 -0.000005 -0.000002 0.020284 -0.092161 -1.076370
    51 0.966146 0.000000 0.000000 0.000000 0.000000 -1.579521
    52 -0.004041 0.002991 -0.002260 -3.129316 0.007469 -0.002160
    53 -0.016014 -0.012525 -0.005755 -3.127586 -0.003209 -0.007102
    54 -0.010741 -0.015351 -0.005964 -3.141244 -0.014366 0.013993
    55 3.571526 0.110787 -0.409180 -0.010425 -0.147987 -0.662451
    56 2.150658 0.000000 0.000000 0.000000 0.000000 -1.596972
    57 1.152748 0.000002 -0.000001 0.000000 0.000000 -1.038469
    58 -0.009424 0.003368 0.009511 3.138994 -0.007577 -0.001092
    59 -0.009795 0.006993 0.001619 3.137400 -0.006826 0.001062
    60 -0.005070 0.017085 0.007624 3.135509 0.005211 0.001477
    61 3.684113 -0.153569 -1.419744 -0.170553 -0.221546 -0.234986
    62 1.701014 -0.000001 0.000000 0.000000 0.000000 -0.776679
    63 0.994705 -0.000004 0.000000 0.000000 0.000000 -0.436331
    64 0.015236 0.000657 -0.012633 3.136885 0.014164 0.000018
    65 -0.014324 -0.018461 0.000846 -3.134644 0.013210 0.007851
    66 -0.020566 0.000650 -0.004019 -3.126894 -0.002595 -0.013678
    67 1.068097 -1.283652 -0.986552 -2.044635 0.466883 -0.427568
    68 1.836308 -0.000002 0.000001 0.071731 -0.042788 -0.118793
    69 1.223948 0.000001 -0.000002 -0.030976 -0.071337 -0.420798
    70 -0.026768 0.000412 0.021024 -3.135050 0.011560 0.031832
    71 -0.030946 0.015453 0.007155 3.126687 -0.014474 -0.013279
    72 0.024326 0.034636 0.000721 -3.121606 0.015525 0.030344
    73 -0.046000 0.019587 0.021797 3.134639 0.020864 -0.001670
    74 6.694322 0.000002 0.000001 -1.701907 -0.060899 0.149114
    75 -6.579163 -0.452807 0.914976 1.390020 0.137634 0.072730
    76 -6.553783 -0.454803 0.900534 1.387994 0.108045 0.086436
  time 88
    0 -7.157386 -25.069372 -4.693593 1.861671 0.067978 0.655967
    1 7.820313 -3.039063 -8.804688 -1.082104 0.087263 -1.570797
    2 -0.000001 0.000002 0.000000 -0.021003 -0.098597 0.766856
    3 10.907404 0.000001 -0.000001 -0.000001 0.000012 -0.428155
    4 10.424325 -0.000011 -0.000033 2.468703 0.420364 -0.460671
    5 2.997275 0.005409 -1.477475 0.000000 0.000000 -0.471238
    6 1.510384 -0.000004 0.000000 0.000000 0.000000 -0.689404
    7 0.808659 -0.000001 0.000001 0.000000 0.000000 -0.654499
    8 -0.005463 0.010882 0.011922 -3.130701 -0.002586 -0.018476
    9 -0.001080 -0.005339 -0.002780 -3.138880 -0.004640 0.012721
    10 -0.019963 -0.004463 0.017139 3.137685 -0.000240 0.002472
    11 3.305800 0.203115 -0.546730 0.000000 0.000000 -0.488691
    12 1.807178 0.000000 -0.000004 0.000000 0.000000 -0.637045
    13 0.966141 0.000003 -0.000001 0.000000 0.000000 -0.497418
    14 -0.002205 0.006298 0.000417 3.133979 -0.003058 0.005338
    15 0.007872 0.003559 -0.000436 -3.124798 -0.001004 0.009074
    16 0.012690 -0.008244 0.010269 -3.131666 0.016691 0.012264
    17 3.571513 0.109304 0.409580 0.000000 0.000000 -0.427605
    18 2.150648 0.000002 -0.000003 0.000000 0.000000 -0.663223
    19 1.152746 -0.000003 0.000003 0.000000 0.000000 -0.523598
    20 0.000419 0.016150 0.002405 3.136320 -0.007304 -0.003105
    21 0.001816 -0.009672 -0.007393 3.139013 -0.008631 -0.008588
    22 -0.003752 -0.011593 -0.001195 3.133090 0.002976 0.014444
    23 3.684098 -0.158697 1.419183 0.000000 0.000000 -0.253072
    24 1.701014 0.000004 0.000004 0.000000 0.000000 -0.602138
    25 0.994714 -0.000002 -0.000008 0.000000 0.000000 -0.357792
    26 0.021160 0.011093 -0.004108 -3.137926 -0.002080 -0.001153
    27 -0.003428 0.010128 -0.008341 -3.140832 -0.004146 -0.019238
    28 0.004127 0.010881 0.000767 3.138806 -0.003164 -0.013821
    29 1.068074 -1.287202 0.981906 1.925949 -0.499323 -0.437818
    30 1.836308 -0.000001 0.000002 0.074245 -0.173006 -0.593150
    31 1.223949 -0.000002 0.000002 0.027395 -0.026912 -0.598150
    32 -0.012758 0.013269 0.005633 -3.132442 0.011957 -0.016684
    33 0.003252 0.002937 0.004907 3.134101 -0.012025 0.011384
    34 0.017597 0.001415 -0.271330 3.132743 -0.094250 -0.000348
    35 -0.034845 0.015532 -0.006371 -3.119476 -0.012752 0.011827
    36 6.868289 0.000003 0.000003 1.894370 0.030276 0.157882
    37 -6.002364 -0.460211 -0.868646 -0.695749 -0.131805 0.077518
    38 -6.002752 -0.459276 -0.867383 -0.699507 -0.131813 0.077097
    39 -10.921875 -4.957031 -11.492188 -1.570794 0.087264 -1.570796
    40 -0.000001 -0.000002 0.000004 -0.100925 -0.176138 0.175532
    41 10.907397 0.000000 -0.000001 -0.000346 -0.000019 -1.059796
    42 10.424307 0.000001 0.000016 -2.291686 0.479723 -0.115991
    43 2.997296 0.000062 1.477484 0.000000 0.104719 -1.038469
    44 1.510386 -0.000002 0.000000 0.000000 0.000000 -1.422442
    45 0.808652 0.000001 -0.000003 -0.087183 0.081589 -1.026206
    46 -0.010181 0.001544 -0.002427 3.133438 0.004938 -0.014530
    47 -0.007761 0.000776 -0.012938 -3.140949 0.009512 -0.002789
    48 -0.003515 0.022163 -0.007593 -3.131007 0.004989 -0.015563
    49 3.305811 0.201132 0.547463 0.097216 -0.050307 -0.854749
    50 1.807181 -0.000005 -0.000002 0.020284 -0.092161 -1.076370
    51 0.966146 0.000000 0.000000 0.000000 0.000000 -1.579521
    52 -0.004041 0.002991 -0.002260 -3.129316 0.007469 -0.002160
    53 -0.016014 -0.012525 -0.005755 -3.127586 -0.003209 -0.007102
    54 -0.010741 -0.015351 -0.005964 -3.141244 -0.014366 0.013993
    55 3.571526 0.110787 -0.409180 -0.010425 -0.147987 -0.662451
    56 2.150658 0.000000 0.000000 0.000000 0.000000 -1.596972
    57 1.152748 0.000002 -0.000001 0.000000 0.000000 -1.038469
    58 -0.009424 0.003368 0.009511 3.138994 -0.007577 -0.001092
    59 -0.009795 0.006993 0.001619 3.137400 -0.006826 0.001062
    60 -0.005070 0.017085 0.007624 3.135509 0.005211 0.001477
    61 3.684113 -0.153569 -1.419744 -0.172542 -0.217747 -0.225717
    62 1.701014 -0.000001 0.000000 0.000000 0.000000 -0.814632
    63 0.994705 -0.000004 0.000000 0.000000 0.000000 -0.436331
    64 0.015236 0.000657 -0.012633 3.136885 0.014164 0.000018
    65 -0.014324 -0.018461 0.000846 -3.134644 0.013210 0.007851
    66 -0.020566 0.000650 -0.004019 -3.126894 -0.002595 -0.013678
    67 1.068097 -1.283652 -0.986552 -2.047973 0.463719 -0.434771
    68 1.836308 -0.000002 0.000001 0.071731 -0.042788 -0.118793
    69 1.223948 0.000001 -0.000002 -0.030976 -0.071337 -0.420798
    70 -0.026768 0.000412 0.021024 -3.135050 0.011560 0.031832
    71 -0.030946 0.015453 0.007155 3.126687 -0.014474 -0.013279
    72 0.024326 0.034636 0.000721 -3.121606 0.015525 0.030344
    73 -0.046000 0.019587 0.021797 3.134639 0.020864 -0.001670
    74 6.694322 0.000002 0.000001 -1.700400 -0.061127 0.149018
    75 -6.579163 -0.452807 0.914976 1.390020 0.137634 0.072730
    76 -6.553783 -0.454803 0.900534 1.387994 0.108045 0.086436
  time 89
    0 -7.165199 -25.073278 -4.709219 1.862703 0.068802 0.636905
    1 7.820313 -3.039063 -8.804688 -1.082104 0.087263 -1.570797
    2 -0.000001 0.000002 0.000000 -0.021003 -0.098597 0.766856
    3 10.907404 0.000001 -0.000001 -0.000001 0.000012 -0.428155
    4 10.424325 -0.000011 -0.000033 2.468703 0.420364 -0.460671
    5 2.997275 0.005409 -1.477475 0.000000 0.000000 -0.471238
    6 1.510384 -0.000004 0.000000 0.000000 0.000000 -0.689404
    7 0.808659 -0.000001 0.000001 0.000000 0.000000 -0.654499
    8 -0.005463 0.010882 0.011922 -3.130701 -0.002586 -0.018476
    9 -0.001080 -0.005339 -0.002780 -3.138880 -0.004640 0.012721
    10 -0.019963 -0.004463 0.017139 3.137685 -0.000240 0.002472
    11 3.305800 0.203115 -0.546730 0.000000 0.000000 -0.488691
    12 1.807178 0.000000 -0.000004 0.000000 0.000000 -0.637045
    13 0.966141 0.000003 -0.000001 0.000000 0.000000 -0.497418
    14 -0.002205 0.006298 0.000417 3.133979 -0.003058 0.005338
    15 0.007872 0.003559 -0.000436 -3.124798 -0.001004 0.009074
    16 0.012690 -0.008244 0.010269 -3.131666 0.016691 0.012264
    17 3.571513 0.109304 0.409580 0.000000 0.000000 -0.427605
    18 2.150648 0.000002 -0.000003 0.000000 0.000000 -0.663223
    19 1.152746 -0.000003 0.000003 0.000000 0.000000 -0.523598
    20 0.000419 0.016150 0.002405 3.136320 -0.007304 -0.003105
    21 0.001816 -0.009672 -0.007393 3.139013 -0.008631 -0.008588
    22 -0.003752 -0.011593 -0.001195 3.133090 0.002976 0.014444
    23 3.684098 -0.158697 1.419183 0.000000 0.000000 -0.253072
    24 1.701014 0.000004 0.000004 0.000000 0.000000 -0.602138
    25 0.994714 -0.000002 -0.000008 0.000000 0.000000 -0.357792
    26 0.021160 0.011093 -0.004108 -3.137926 -0.002080 -0.001153
    27 -0.003428 0.010128 -0.008341 -3.140832 -0.004146 -0.019238
    28 0.004127 0.010881 0.000767 3.138806 -0.003164 -0.013821
    29 1.068074 -1.287202 0.981906 1.925949 -0.499323 -0.437818
    30 1.836308 -0.000001 0.000002 0.074245 -0.173006 -0.593150
    31 1.223949 -0.000002 0.000002 0.027395 -0.026912 -0.598150
    32 -0.012758 0.013269 0.005633 -3.132442 0.011957 -0.016684
    33 0.003252 0.002937 0.004907 3.134101 -0.012025 0.011384
    34 0.017597 0.001415 -0.271330 3.132743 -0.094250 -0.000348
    35 -0.034845 0.015532 -0.006371 -3.119476 -0.012752 0.011827
    36 6.868289 0.000003 0.000003 1.894370 0.030276 0.157882
    37 -6.002364 -0.460211 -0.868646 -0.695749 -0.131805 0.077518
    38 -6.002752 -0.459276 -0.867383 -0.699507 -0.131813 0.077097
    39 -10.921875 -4.957031 -11.492188 -1.570794 0.087264 -1.570796
    40 -0.000001 -0.000002 0.000004 -0.100702 -0.175693 0.176072
    41 10.907397 0.000000 -0.000001 -0.000346 -0.000019 -1.060426
    42 10.424307 0.000001 0.000016 -2.287425 0.479312 -0.111562
    43 2.997296 0.000062 1.477484 0.000000 0.104719 -1.038469
    44 1.510386 -0.000002 0.000000 0.000000 0.000000 -1.422442
    45 0.808652 0.000001 -0.000003 -0.087183 0.081589 -1.026206
    46 -0.010181 0.001544 -0.002427 3.133438 0.004938 -0.014530
    47 -0.007761 0.000776 -0.012938 -3.140949 0.009512 -0.002789
    48 -0.003515 0.022163 -0.007593 -3.131007 0.004989 -0.015563
    49 3.305811 0.201132 0.547463 0.097216 -0.050307 -0.854749
    50 1.807181 -0.000005 -0.000002 0.020284 -0.092161 -1.076370
    51 0.966146 0.000000 0.000000 0.000000 0.000000 -1.579521
    52 -0.004041 0.002991 -0.002260 -3.129316 0.007469 -0.002160
    53 -0.016014 -0.012525 -0.005755 -3.127586 -0.003209 -0.007102
    54 -0.010741 -0.015351 -0.005964 -3.141244 -0.014366 0.013993
    55 3.571526 0.110787 -0.409180 -0.010425 -0.147987 -0.662451
    56 2.150658 0.000000 0.000000 0.000000 0.000000 -1.596972
    57 1.152748 0.000002 -0.000001 0.000000 0.000000 -1.038469
    58 -0.009424 0.003368 0.009511 3.138994 -0.007577 -0.001092
    59 -0.009795 0.006993 0.001619 3.137400 -0.006826 0.001062
    60 -0.005070 0.017085 0.007624 3.135509 0.005211 0.001477
    61 3.684113 -0.153569 -1.419744 -0.174352 -0.214248 -0.217269
    62 1.701014 -0.000001 0.000000 0.000000 0.000000 -0.849497
    63 0.994705 -0.000004 0.000000 0.000000 0.000000 -0.436331
    64 0.015236 0.000657 -0.012633 3.136885 0.014164 0.000018
    65 -0.014324 -0.018461 0.000846 -3.134644 0.013210 0.007851
    66 -0.020566 0.000650 -0.004019 -3.126894 -0.002595 -0.013678
    67 1.068097 -1.283652 -0.986552 -2.051012 0.460831 -0.441339
    68 1.836308 -0.000002 0.000001 0.071731 -0.042788 -0.118793
    69 1.223948 0.000001 -0.000002 -0.030976 -0.071337 -0.420798
    70 -0.026768 0.000412 0.021024 -3.135050 0.011560 0.031832
    71 -0.030946 0.015453 0.007155 3.126687 -0.014474 -0.013279
    72 0.024326 0.034636 0.000721 -3.121606 0.015525 0.030344
    73 -0.046000 0.019587 0.021797 3.134639 0.020864 -0.001670
    74 6.694322 0.000002 0.000001 -1.698847 -0.061354 0.148922
    75 -6.579163 -0.452807 0.914976 1.390020 0.137634 0.072730
    76 -6.553783 -0.454803 0.900534 1.387994 0.108045 0.086436
  time 90
    0 -7.169105 -25.081091 -4.720938 1.863923 0.068848 0.620403
    1 7.820313 -3.039063 -8.804688 -1.082104 0.087263 -1.570797
    2 -0.000001 0.000002 0.000000 -0.021003 -0.098597 0.766856
    3 10.907404 0.000001 -0.000001 -0.000001 0.000012 -0.428155
    4 10.424325 -0.000011 -0.000033 2.468703 0.420364 -0.460671
    5 2.997275 0.005409 -1.477475 0.000000 0.000000 -0.471238
    6 1.510384 -0.000004 0.000000 0.000000 0.000000 -0.689404
    7 0.808659 -0.000001 0.000001 0.000000 0.000000 -0.654499
    8 -0.005463 0.010882 0.011922 -3.130701 -0.002586 -0.018476
    9 -0.001080 -0.005339 -0.002780 -3.138880 -0.004640 0.012721
    10 -0.019963 -0.004463 0.017139 3.137685 -0.000240 0.002472
    11 3.305800 0.203115 -0.546730 0.000000 0.000000 -0.488691
    12 1.807178 0.000000 -0.000004 0.000000 0.000000 -0.637045
    13 0.966141 0.000003 -0.000001 0.000000 0.000000 -0.497418
    14 -0.002205 0.006298 0.000417 3.133979 -0.003058 0.005338
    15 0.007872 0.003559 -0.000436 -3.124798 -0.001004 0.009074
    16 0.012690 -0.008244 0.010269 -3.131666 0.016691 0.012264
    17 3.571513 0.109304 0.409580 0.000000 0.000000 -0.427605
    18 2.150648 0.000002 -0.000003 0.000000 0.000000 -0.663223
    19 1.152746 -0.000003 0.000003 0.000000 0.000000 -0.523598
    20 0.000419 0.016150 0.002405 3.136320 -0.007304 -0.003105
    21 0.001816 -0.009672 -0.007393 3.139013 -0.008631 -0.008588
    22 -0.003752 -0.011593 -0.001195 3.133090 0.002976 0.014444
    23 3.684098 -0.158697 1.419183 0.000000 0.000000 -0.253072
    24 1.701014 0.000004 0.000004 0.000000 0.000000 -0.602138
    25 0.994714 -0.000002 -0.000008 0.000000 0.000000 -0.357792
    26 0.021160 0.011093 -0.004108 -3.137926 -0.002080 -0.001153
    27 -0.003428 0.010128 -0.008341 -3.140832 -0.004146 -0.019238
    28 0.004127 0.010881 0.000767 3.138806 -0.003164 -0.013821
    29 1.068074 -1.287202 0.981906 1.925949 -0.499323 -0.437818
    30 1.836308 -0.000001 0.000002 0.074245 -0.173006 -0.593150
    31 1.223949 -0.000002 0.000002 0.027395 -0.026912 -0.598150
    32 -0.012758 0.013269 0.005633 -3.132442 0.011957 -0.016684
    33 0.003252 0.002937 0.004907 3.134101 -0.012025 0.011384
    34 0.017597 0.001415 -0.271330 3.132743 -0.094250 -0.000348
    35 -0.034845 0.015532 -0.006371 -3.119476 -0.012752 0.011827
    36 6.868289 0.000003 0.000003 1.894370 0.030276 0.157882
    37 -6.002364 -0.460211 -0.868646 -0.695749 -0.131805 0.077518
    38 -6.002752 -0.459276 -0.867383 -0.699507 -0.131813 0.077097
    39 -10.921875 -4.957031 -11.492188 -1.570794 0.087264 -1.570796
    40 -0.000001 -0.000002 0.000004 -0.100511 -0.175212 0.176701
    41 10.907397 0.000000 -0.000001 -0.000346 -0.000019 -1.061056
    42 10.424307 0.000001 0.000016 -2.282940 0.478788 -0.107046
    43 2.997296 0.000062 1.477484 0.000000 0.104719 -1.038469
    44 1.510386 -0.000002 0.000000 0.000000 0.000000 -1.422442
    45 0.808652 0.000001 -0.000003 -0.087183 0.081589 -1.026206
    46 -0.010181 0.001544 -0.002427 3.133438 0.004938 -0.014530
    47 -0.007761 0.000776 -0.012938 -3.140949 0.009512 -0.002789
    48 -0.003515 0.022163 -0.007593 -3.131007 0.004989 -0.015563
    49 3.305811 0.201132 0.547463 0.097216 -0.050307 -0.854749
    50 1.807181 -0.000005 -0.000002 0.020283 -0.092164 -1.076370
    51 0.966146 0.000000 0.000000 0.000000 0.000000 -1.579521
    52 -0.004041 0.002991 -0.002260 -3.129316 0.007469 -0.002160
    53 -0.016014 -0.012525 -0.005755 -3.127586 -0.003209 -0.007102
    54 -0.010741 -0.015351 -0.005964 -3.141244 -0.014366 0.013993
    55 3.571526 0.110787 -0.409180 -0.010425 -0.147987 -0.662451
    56 2.150658 0.000000 0.000000 0.000000 0.000000 -1.596975
    57 1.152748 0.000002 -0.000001 0.000000 0.000000 -1.038469
    58 -0.009424 0.003368 0.009511 3.138994 -0.007577 -0.001092
    59 -0.009795 0.006993 0.001619 3.137400 -0.006826 0.001062
    60 -0.005070 0.017085 0.007624 3.135509 0.005211 0.001477
    61 3.684113 -0.153569 -1.419744 -0.175958 -0.211108 -0.209764
    62 1.701014 -0.000001 0.000000 0.000000 0.000000 -0.880705
    63 0.994705 -0.000004 0.000000 0.000000 0.000000 -0.436331
    64 0.015236 0.000657 -0.012633 3.136885 0.014164 0.000018
    65 -0.014324 -0.018461 0.000846 -3.134644 0.013210 0.007851
    66 -0.020566 0.000650 -0.004019 -3.126894 -0.002595 -0.013678
    67 1.068097 -1.283652 -0.986552 -2.053714 0.458266 -0.447163
    68 1.836308 -0.000002 0.000001 0.071731 -0.042788 -0.118793
    69 1.223948 0.000001 -0.000002 -0.030976 -0.071338 -0.420800
    70 -0.026768 0.000412 0.021024 -3.135050 0.011560 0.031832
    71 -0.030946 0.015453 0.007155 3.126687 -0.014474 -0.013279
    72 0.024326 0.034636 0.000721 -3.121606 0.015525 0.030344
    73 -0.046000 0.019587 0.021797 3.134639 0.020864 -0.001670
    74 6.694322 0.000002 0.000001 -1.697158 -0.061606 0.148826
    75 -6.579163 -0.452807 0.914976 1.390020 0.137634 0.072730
    76 -6.553783 -0.454803 0.900534 1.387994 0.108045 0.086436
  time 91
    0 -7.173011 -25.084997 -4.736563 1.865330 0.068161 0.606747
    1 7.820313 -3.039063 -8.804688 -1.082104 0.087263 -1.570797
    2 -0.000001 0.000002 0.000000 -0.021003 -0.098597 0.766856
    3 10.907404 0.000001 -0.000001 -0.000001 0.000012 -0.428155
    4 10.424325 -0.000011 -0.000033 2.468703 0.420364 -0.460671
    5 2.997275 0.005409 -1.477475 0.000000 0.000000 -0.471238
    6 1.510384 -0.000004 0.000000 0.000000 0.000000 -0.689404
    7 0.808659 -0.000001 0.000001 0.000000 0.000000 -0.654499
    8 -0.005463 0.010882 0.011922 -3.130701 -0.002586 -0.018476
    9 -0.001080 -0.005339 -0.002780 -3.138880 -0.004640 0.012721
    10 -0.019963 -0.004463 0.017139 3.137685 -0.000240 0.002472
    11 3.305800 0.203115 -0.546730 0.000000 0.000000 -0.488691
    12 1.807178 0.000000 -0.000004 0.000000 0.000000 -0.637045
    13 0.966141 0.000003 -0.000001 0.000000 0.000000 -0.497418
    14 -0.002205 0.006298 0.000417 3.133979 -0.003058 0.005338
    15 0.007872 0.003559 -0.000436 -3.124798 -0.001004 0.009074
    16 0.012690 -0.008244 0.010269 -3.131666 0.016691 0.012264
    17 3.571513 0.109304 0.409580 0.000000 0.000000 -0.427605
    18 2.150648 0.000002 -0.000003 0.000000 0.000000 -0.663223
    19 1.152746 -0.000003 0.000003 0.000000 0.000000 -0.523598
    20 0.000419 0.016150 0.002405 3.136320 -0.007304 -0.003105
    21 0.001816 -0.009672 -0.007393 3.139013 -0.008631 -0.008588
    22 -0.003752 -0.011593 -0.001195 3.133090 0.002976 0.014444
    23 3.684098 -0.158697 1.419183 0.000000 0.000000 -0.253072
    24 1.701014 0.000004 0.000004 0.000000 0.000000 -0.602138
    25 0.994714 -0.000002 -0.000008 0.000000 0.000000 -0.357792
    26 0.021160 0.011093 -0.004108 -3.137926 -0.002080 -0.001153
    27 -0.003428 0.010128 -0.008341 -3.140832 -0.004146 -0.019238
    28 0.004127 0.010881 0.000767 3.138806 -0.003164 -0.013821
    29 1.068074 -1.287202 0.981906 1.925949 -0.499323 -0.437818
    30 1.836308 -0.000001 0.000002 0.074245 -0.173006 -0.593150
    31 1.223949 -0.000002 0.000002 0.027395 -0.026912 -0.598150
    32 -0.012758 0.013269 0.005633 -3.132442 0.011957 -0.016684
    33 0.003252 0.002937 0.004907 3.134101 -0.012025 0.011384
    34 0.017597 0.001415 -0.271330 3.132743 -0.094250 -0.000348
    35 -0.034845 0.015532 -0.006371 -3.119476 -0.012752 0.011827
    36 6.868289 0.000003 0.000003 1.894370 0.030276 0.157882
    37 -6.002364 -0.460211 -0.868646 -0.695749 -0.131805 0.077518
    38 -6.002752 -0.459276 -0.867383 -0.699507 -0.131813 0.077097
    39 -10.921875 -4.957031 -11.492188 -1.570794 0.087264 -1.570796
    40 -0.000001 -0.000002 0.000004 -0.100319 -0.174805 0.177241
    41 10.907397 0.000000 -0.000001 -0.000346 -0.000019 -1.061651
    42 10.424307 0.000001 0.000016 -2.278231 0.478115 -0.102444
    43 2.997296 0.000062 1.477484 0.000000 0.104719 -1.038469
    44 1.510386 -0.000002 0.000000 0.000000 0.000000 -1.422442
    45 0.808652 0.000001 -0.000003 -0.087183 0.081589 -1.026206
    46 -0.010181 0.001544 -0.002427 3.133438 0.004938 -0.014530
    47 -0.007761 0.000776 -0.012938 -3.140949 0.009512 -0.002789
    48 -0.003515 0.022163 -0.007593 -3.131007 0.004989 -0.015563
    49 3.305811 0.201132 0.547463 0.097216 -0.050307 -0.854749
    50 1.807181 -0.000005 -0.000002 0.020283 -0.092164 -1.076370
    51 0.966146 0.000000 0.000000 0.000000 0.000000 -1.579521
    52 -0.004041 0.002991 -0.002260 -3.129316 0.007469 -0.002160
    53 -0.016014 -0.012525 -0.005755 -3.127586 -0.003209 -0.007102
    54 -0.010741 -0.015351 -0.005964 -3.141244 -0.014366 0.013993
    55 3.571526 0.110787 -0.409180 -0.010425 -0.147987 -0.662451
    56 2.150658 0.000000 0.000000 0.000000 0.000000 -1.596975
    57 1.152748 0.000002 -0.000001 0.000000 0.000000 -1.038469
    58 -0.009424 0.003368 0.009511 3.138994 -0.007577 -0.001092
    59 -0.009795 0.006993 0.001619 3.137400 -0.006826 0.001062
    60 -0.005070 0.017085 0.007624 3.135509 0.005211 0.001477
    61 3.684113 -0.153569 -1.419744 -0.177336 -0.208387 -0.203367
    62 1.701014 -0.000001 0.000000 0.000000 0.000000 -0.907584
    63 0.994705 -0.000004 0.000000 0.000000 0.000000 -0.436331
    64 0.015236 0.000657 -0.012633 3.136885 0.014164 0.000018
    65 -0.014324 -0.018461 0.000846 -3.134644 0.013210 0.007851
    66 -0.020566 0.000650 -0.004019 -3.126894 -0.002595 -0.013678
    67 1.068097 -1.283652 -0.986552 -2.056026 0.456073 -0.452161
    68 1.836308 -0.000002 0.000001 0.071731 -0.042788 -0.118793
    69 1.223948 0.000001 -0.000002 -0.030976 -0.071338 -0.420800
    70 -0.026768 0.000412 0.021024 -3.135050 0.011560 0.031832
    71 -0.030946 0.015453 0.007155 3.126687 -0.014474 -0.013279
    72 0.024326 0.034636 0.000721 -3.121606 0.015525 0.030344
    73 -0.046000 0.019587 0.021797 3.134639 0.020864 -0.001670
    74 6.694322 0.000002 0.000001 -1.695376 -0.061882 0.148707
    75 -6.579163 -0.452807 0.914976 1.390020 0.137634 0.072730
    76 -6.553783 -0.454803 0.900534 1.387994 0.108045 0.086436
  time 92
    0 -7.176918 -25.092810 -4.748282 1.866831 0.066833 0.596504
    1 7.820313 -3.039063 -8.804688 -1.082104 0.087263 -1.570797
    2 -0.000001 0.000002 0.000000 -0.021003 -0.098597 0.766856
    3 10.907404 0.000001 -0.000001 -0.000001 0.000012 -0.428155
    4 10.424325 -0.000011 -0.000033 2.468703 0.420364 -0.460671
    5 2.997275 0.005409 -1.477475 0.000000 0.000000 -0.471238
    6 1.510384 -0.000004 0.000000 0.000000 0.000000 -0.689404
    7 0.808659 -0.000001 0.000001 0.000000 0.000000 -0.654499
    8 -0.005463 0.010882 0.011922 -3.130701 -0.002586 -0.018476
    9 -0.001080 -0.005339 -0.002780 -3.138880 -0.004640 0.012721
    10 -0.019963 -0.004463 0.017139 3.137685 -0.000240 0.002472
    11 3.305800 0.203115 -0.546730 0.000000 0.000000 -0.488691
    12 1.807178 0.000000 -0.000004 0.000000 0.000000 -0.637045
    13 0.966141 0.000003 -0.000001 0.000000 0.000000 -0.497418
    14 -0.002205 0.006298 0.000417 3.133979 -0.003058 0.005338
    15 0.007872 0.003559 -0.000436 -3.124798 -0.001004 0.009074
    16 0.012690 -0.008244 0.010269 -3.131666 0.016691 0.012264
    17 3.571513 0.109304 0.409580 0.000000 0.000000 -0.427605
    18 2.150648 0.000002 -0.000003 0.000000 0.000000 -0.663223
    19 1.152746 -0.000003 0.000003 0.000000 0.000000 -0.523598
    20 0.000419 0.016150 0.002405 3.136320 -0.007304 -0.003105
    21 0.001816 -0.009672 -0.007393 3.139013 -0.008631 -0.008588
    22 -0.003752 -0.011593 -0.001195 3.133090 0.002976 0.014444
    23 3.684098 -0.158697 1.419183 0.000000 0.000000 -0.253072
    24 1.701014 0.000004 0.000004 0.000000 0.000000 -0.602138
    25 0.994714 -0.000002 -0.000008 0.000000 0.000000 -0.357792
    26 0.021160 0.011093 -0.004108 -3.137926 -0.002080 -0.001153
    27 -0.003428 0.010128 -0.008341 -3.140832 -0.004146 -0.019238
    28 0.004127 0.010881 0.000767 3.138806 -0.003164 -0.013821
    29 1.068074 -1.287202 0.981906 1.925949 -0.499323 -0.437818
    30 1.836308 -0.000001 0.000002 0.074245 -0.173006 -0.593150
    31 1.223949 -0.000002 0.000002 0.027395 -0.026912 -0.598150
    32 -0.012758 0.013269 0.005633 -3.132442 0.011957 -0.016684
    33 0.003252 0.002937 0.004907 3.134101 -0.012025 0.011384
    34 0.017597 0.001415 -0.271330 3.132743 -0.094250 -0.000348
    35 -0.034845 0.015532 -0.006371 -3.119476 -0.012752 0.011827
    36 6.868289 0.000003 0.000003 1.894370 0.030276 0.157882
    37 -6.002364 -0.460211 -0.868646 -0.695749 -0.131805 0.077518
    38 -6.002752 -0.459276 -0.867383 -0.699507 -0.131813 0.077097
    39 -10.921875 -4.957031 -11.492188 -1.570794 0.087264 -1.570796
    40 -0.000001 -0.000002 0.000004 -0.100160 -0.174397 0.177780
    41 10.907397 0.000000 -0.000001 -0.000346 -0.000019 -1.062211
    42 10.424307 0.000001 0.000016 -2.273222 0.477292 -0.097667
    43 2.997296 0.000062 1.477484 0.000000 0.104719 -1.038469
    44 1.510386 -0.000002 0.000000 0.000000 0.000000 -1.422442
    45 0.808652 0.000001 -0.000003 -0.087183 0.081589 -1.026206
    46 -0.010181 0.001544 -0.002427 3.133438 0.004938 -0.014530
    47 -0.007761 0.000776 -0.012938 -3.140949 0.009512 -0.002789
    48 -0.003515 0.022163 -0.007593 -3.131007 0.004989 -0.015563
    49 3.305811 0.201132 0.547463 0.097216 -0.050307 -0.854749
    50 1.807181 -0.000005 -0.000002 0.020283 -0.092164 -1.076370
    51 0.966146 0.000000 0.000000 0.000000 0.000000 -1.579521
    52 -0.004041 0.002991 -0.002260 -3.129316 0.007469 -0.002160
    53 -0.016014 -0.012525 -0.005755 -3.127586 -0.003209 -0.007102
    54 -0.010741 -0.015351 -0.005964 -3.141244 -0.014366 0.013993
    55 3.571526 0.110787 -0.409180 -0.010425 -0.147987 -0.662451
    56 2.150658 0.000000 0.000000 0.000000 0.000000 -1.596975
    57 1.152748 0.000002 -0.000001 0.000000 0.000000 -1.038469
    58 -0.009424 0.003368 0.009511 3.138994 -0.007577 -0.001092
    59 -0.009795 0.006993 0.001619 3.137400 -0.006826 0.001062
    60 -0.005070 0.017085 0.007624 3.135509 0.005211 0.001477
    61 3.684113 -0.153569 -1.419744 -0.178439 -0.206158 -0.198158
    62 1.701014 -0.000001 0.000000 0.000000 0.000000 -0.929564
    63 0.994705 -0.000004 0.000000 0.000000 0.000000 -0.436331
    64 0.015236 0.000657 -0.012633 3.136885 0.014164 0.000018
    65 -0.014324 -0.018461 0.000846 -3.134644 0.013210 0.007851
    66 -0.020566 0.000650 -0.004019 -3.126894 -0.002595 -0.013678
    67 1.068097 -1.283652 -0.986552 -2.057909 0.454288 -0.456224
    68 1.836308 -0.000002 0.000001 0.071731 -0.042788 -0.118793
    69 1.223948 0.000001 -0.000002 -0.030976 -0.071338 -0.420800
    70 -0.026768 0.000412 0.021024 -3.135050 0.011560 0.031832
    71 -0.030946 0.015453 0.007155 3.126687 -0.014474 -0.013279
    72 0.024326 0.034636 0.000721 -3.121606 0.015525 0.030344
    73 -0.046000 0.019587 0.021797 3.134639 0.020864 -0.001670
    74 6.694322 0.000002 0.000001 -1.693504 -0.062157 0.148599
    75 -6.579163 -0.452807 0.914976 1.390020 0.137634 0.072730
    76 -6.553783 -0.454803 0.900534 1.387994 0.108045 0.086436
  time 93
    0 -7.176918 -25.096716 -4.763908 1.868426 0.064954 0.590055
    1 7.820313 -3.039063 -8.804688 -1.082104 0.087263 -1.570797
    2 -0.000001 0.000002 0.000000 -0.021003 -0.098597 0.766856
    3 10.907404 0.000001 -0.000001 -0.000001 0.000012 -0.428155
    4 10.424325 -0.000011 -0.000033 2.468703 0.420364 -0.460671
    5 2.997275 0.005409 -1.477475 0.000000 0.000000 -0.471238
    6 1.510384 -0.000004 0.000000 0.000000 0.000000 -0.689404
    7 0.808659 -0.000001 0.000001 0.000000 0.000000 -0.654499
    8 -0.005463 0.010882 0.011922 -3.130701 -0.002586 -0.018476
    9 -0.001080 -0.005339 -0.002780 -3.138880 -0.004640 0.012721
    10 -0.019963 -0.004463 0.017139 3.137685 -0.000240 0.002472
    11 3.305800 0.203115 -0.546730 0.000000 0.000000 -0.488691
    12 1.807178 0.000000 -0.000004 0.000000 0.000000 -0.637045
    13 0.966141 0.000003 -0.000001 0.000000 0.000000 -0.497418
    14 -0.002205 0.006298 0.000417 3.133979 -0.003058 0.005338
    15 0.007872 0.003559 -0.000436 -3.124798 -0.001004 0.009074
    16 0.012690 -0.008244 0.010269 -3.131666 0.016691 0.012264
    17 3.571513 0.109304 0.409580 0.000000 0.000000 -0.427605
    18 2.150648 0.000002 -0.000003 0.000000 0.000000 -0.663223
    19 1.152746 -0.000003 0.000003 0.000000 0.000000 -0.523598
    20 0.000419 0.016150 0.002405 3.136320 -0.007304 -0.003105
    21 0.001816 -0.009672 -0.007393 3.139013 -0.008631 -0.008588
    22 -0.003752 -0.011593 -0.001195 3.133090 0.002976 0.014444
    23 3.684098 -0.158697 1.419183 0.000000 0.000000 -0.253072
    24 1.701014 0.000004 0.000004 0.000000 0.000000 -0.602138
    25 0.994714 -0.000002 -0.000008 0.000000 0.000000 -0.357792
    26 0.021160 0.011093 -0.004108 -3.137926 -0.002080 -0.001153
    27 -0.003428 0.010128 -0.008341 -3.140832 -0.004146 -0.019238
    28 0.004127 0.010881 0.000767 3.138806 -0.003164 -0.013821
    29 1.068074 -1.287202 0.981906 1.925949 -0.499323 -0.437818
    30 1.836308 -0.000001 0.000002 0.074245 -0.173006 -0.593150
    31 1.223949 -0.000002 0.000002 0.027395 -0.026912 -0.598150
    32 -0.012758 0.013269 0.005633 -3.132442 0.011957 -0.016684
    33 0.003252 0.002937 0.004907 3.134101 -0.012025 0.011384
    34 0.017597 0.001415 -0.271330 3.132743 -0.094250 -0.000348
    35 -0.034845 0.015532 -0.006371 -3.119476 -0.012752 0.011827
    36 6.868289 0.000003 0.000003 1.894370 0.030276 0.157882
    37 -6.002364 -0.460211 -0.868646 -0.695749 -0.131805 0.077518
    38 -6.002752 -0.459276 -0.867383 -0.699507 -0.131813 0.077097
    39 -10.921875 -4.957031 -11.492188 -1.570794 0.087264 -1.570796
    40 -0.000001 -0.000002 0.000004 -0.100033 -0.174064 0.178229
    41 10.907397 0.000000 -0.000001 -0.000346 -0.000019 -1.062736
    42 10.424307 0.000001 0.000016 -2.267989 0.476320 -0.092804
    43 2.997296 0.000062 1.477484 0.000000 0.104719 -1.038469
    44 1.510386 -0.000002 0.000000 0.000000 0.000000 -1.422442
    45 0.808652 0.000001 -0.000003 -0.087183 0.081589 -1.026206
    46 -0.010181 0.001544 -0.002427 3.133438 0.004938 -0.014530
    47 -0.007761 0.000776 -0.012938 -3.140949 0.009512 -0.002789
    48 -0.003515 0.022163 -0.007593 -3.131007 0.004989 -0.015563
    49 3.305811 0.201132 0.547463 0.097216 -0.050307 -0.854749
    50 1.807181 -0.000005 -0.000002 0.020283 -0.092164 -1.076370
    51 0.966146 0.000000 0.000000 0.000000 0.000000 -1.579521
    52 -0.004041 0.002991 -0.002260 -3.129316 0.007469 -0.002160
    53 -0.016014 -0.012525 -0.005755 -3.127586 -0.003209 -0.007102
    54 -0.010741 -0.015351 -0.005964 -3.141244 -0.014366 0.013993
    55 3.571526 0.110787 -0.409180 -0.010425 -0.147987 -0.662451
    56 2.150658 0.000000 0.000000 0.000000 0.000000 -1.596975
    57 1.152748 0.000002 -0.000001 0.000000 0.000000 -1.038469
    58 -0.009424 0.003368 0.009511 3.138994 -0.007577 -0.001092
    59 -0.009795 0.006993 0.001619 3.137400 -0.006826 0.001062
    60 -0.005070 0.017085 0.007624 3.135509 0.005211 0.001477
    61 3.684113 -0.153569 -1.419744 -0.179278 -0.204492 -0.194283
    62 1.701014 -0.000001 0.000000 0.000000 0.000000 -0.946041
    63 0.994705 -0.000004 0.000000 0.000000 0.000000 -0.436331
    64 0.015236 0.000657 -0.012633 3.136885 0.014164 0.000018
    65 -0.014324 -0.018461 0.000846 -3.134644 0.013210 0.007851
    66 -0.020566 0.000650 -0.004019 -3.126894 -0.002595 -0.013678
    67 1.068097 -1.283652 -0.986552 -2.059312 0.452957 -0.459244
    68 1.836308 -0.000002 0.000001 0.071731 -0.042788 -0.118793
    69 1.223948 0.000001 -0.000002 -0.030976 -0.071338 -0.420800
    70 -0.026768 0.000412 0.021024 -3.135050 0.011560 0.031832
    71 -0.030946 0.015453 0.007155 3.126687 -0.014474 -0.013279
    72 0.024326 0.034636 0.000721 -3.121606 0.015525 0.030344
    73 -0.046000 0.019587 0.021797 3.134639 0.020864 -0.001670
    74 6.694322 0.000002 0.000001 -1.691540 -0.062445 0.148479
    75 -6.579163 -0.452807 0.914976 1.390020 0.137634 0.072730
    76 -6.553783 -0.454803 0.900534 1.387994 0.108045 0.086436
  time 94
    0 -7.176918 -25.104529 -4.775627 1.870021 0.062572 0.587779
    1 7.820313 -3.039063 -8.804688 -1.082104 0.087263 -1.570797
    2 -0.000001 0.000002 0.000000 -0.021003 -0.098597 0.766856
    3 10.907404 0.000001 -0.000001 -0.000001 0.000012 -0.428155
    4 10.424325 -0.000011 -0.000033 2.468703 0.420364 -0.460671
    5 2.997275 0.005409 -1.477475 0.000000 0.000000 -0.471238
    6 1.510384 -0.000004 0.000000 0.000000 0.000000 -0.689404
    7 0.808659 -0.000001 0.000001 0.000000 0.000000 -0.654499
    8 -0.005463 0.010882 0.011922 -3.130701 -0.002586 -0.018476
    9 -0.001080 -0.005339 -0.002780 -3.138880 -0.004640 0.012721
    10 -0.019963 -0.004463 0.017139 3.137685 -0.000240 0.002472
    11 3.305800 0.203115 -0.546730 0.000000 0.000000 -0.488691
    12 1.807178 0.000000 -0.000004 0.000000 0.000000 -0.637045
    13 0.966141 0.000003 -0.000001 0.000000 0.000000 -0.497418
    14 -0.002205 0.006298 0.000417 3.133979 -0.003058 0.005338
    15 0.007872 0.003559 -0.000436 -3.124798 -0.001004 0.009074
    16 0.012690 -0.008244 0.010269 -3.131666 0.016691 0.012264
    17 3.571513 0.109304 0.409580 0.000000 0.000000 -0.427605
    18 2.150648 0.000002 -0.000003 0.000000 0.000000 -0.663223
    19 1.152746 -0.000003 0.000003 0.000000 0.000000 -0.523598
    20 0.000419 0.016150 0.002405 3.136320 -0.007304 -0.003105
    21 0.001816 -0.009672 -0.007393 3.139013 -0.008631 -0.008588
    22 -0.003752 -0.011593 -0.001195 3.133090 0.002976 0.014444
    23 3.684098 -0.158697 1.419183 0.000000 0.000000 -0.253072
    24 1.701014 0.000004 0.000004 0.000000 0.000000 -0.602138
    25 0.994714 -0.000002 -0.000008 0.000000 0.000000 -0.357792
    26 0.021160 0.011093 -0.004108 -3.137926 -0.002080 -0.001153
    27 -0.003428 0.010128 -0.008341 -3.140832 -0.004146 -0.019238
    28 0.004127 0.010881 0.000767 3.138806 -0.003164 -0.013821
    29 1.068074 -1.287202 0.981906 1.925949 -0.499323 -0.437818
    30 1.836308 -0.000001 0.000002 0.074245 -0.173006 -0.593150
    31 1.223949 -0.000002 0.000002 0.027395 -0.026912 -0.598150
    32 -0.012758 0.013269 0.005633 -3.132442 0.011957 -0.016684
    33 0.003252 0.002937 0.004907 3.134101 -0.012025 0.011384
    34 0.017597 0.001415 -0.271330 3.132743 -0.094250 -0.000348
    35 -0.034845 0.015532 -0.006371 -3.119476 -0.012752 0.011827
    36 6.868289 0.000003 0.000003 1.894370 0.030276 0.157882
    37 -6.002364 -0.460211 -0.868646 -0.695749 -0.131805 0.077518
    38 -6.002752 -0.459276 -0.867383 -0.699507 -0.131813 0.077097
    39 -10.921875 -4.957031 -11.492188 -1.570794 0.087264 -1.570796
    40 -0.000001 -0.000002 0.000004 -0.099905 -0.173768 0.178769
    41 10.907397 0.000000 -0.000001 -0.000346 -0.000019 -1.063226
    42 10.424307 0.000001 0.000016 -2.262458 0.475161 -0.087941
    43 2.997296 0.000062 1.477484 0.000000 0.104719 -1.038469
    44 1.510386 -0.000002 0.000000 0.000000 0.000000 -1.422442
    45 0.808652 0.000001 -0.000003 -0.087183 0.081589 -1.026206
    46 -0.010181 0.001544 -0.002427 3.133438 0.004938 -0.014530
    47 -0.007761 0.000776 -0.012938 -3.140949 0.009512 -0.002789
    48 -0.003515 0.022163 -0.007593 -3.131007 0.004989 -0.015563
    49 3.305811 0.201132 0.547463 0.097216 -0.050307 -0.854749
    50 1.807181 -0.000005 -0.000002 0.020283 -0.092164 -1.076370
    51 0.966146 0.000000 0.000000 0.000000 0.000000 -1.579521
    52 -0.004041 0.002991 -0.002260 -3.129316 0.007469 -0.002160
    53 -0.016014 -0.012525 -0.005755 -3.127586 -0.003209 -0.007102
    54 -0.010741 -0.015351 -0.005964 -3.141244 -0.014366 0.013993
    55 3.571526 0.110787 -0.409180 -0.010425 -0.147987 -0.662451
    56 2.150658 0.000000 0.000000 0.000000 0.000000 -1.596975
    57 1.152748 0.000002 -0.000001 0.000000 0.000000 -1.038469
    58 -0.009424 0.003368 0.009511 3.138994 -0.007577 -0.001092
    59 -0.009795 0.006993 0.001619 3.137400 -0.006826 0.001062
    60 -0.005070 0.017085 0.007624 3.135509 0.005211 0.001477
    61 3.684113 -0.153569 -1.419744 -0.179793 -0.203438 -0.191884
    62 1.701014 -0.000001 0.000000 0.000000 0.000000 -0.956376
    63 0.994705 -0.000004 0.000000 0.000000 0.000000 -0.436331
    64 0.015236 0.000657 -0.012633 3.136885 0.014164 0.000018
    65 -0.014324 -0.018461 0.000846 -3.134644 0.013210 0.007851
    66 -0.020566 0.000650 -0.004019 -3.126894 -0.002595 -0.013678
    67 1.068097 -1.283652 -0.986552 -2.060182 0.452118 -0.461125
    68 1.836308 -0.000002 0.000001 0.071731 -0.042788 -0.118793
    69 1.223948 0.000001 -0.000002 -0.030976 -0.071338 -0.420800
    70 -0.026768 0.000412 0.021024 -3.135050 0.011560 0.031832
    71 -0.030946 0.015453 0.007155 3.126687 -0.014474 -0.013279
    72 0.024326 0.034636 0.000721 -3.121606 0.015525 0.030344
    73 -0.046000 0.019587 0.021797 3.134639 0.020864 -0.001670
    74 6.694322 0.000002 0.000001 -1.689485 -0.062757 0.148347
    75 -6.579163 -0.452807 0.914976 1.390020 0.137634 0.072730
    76 -6.553783 -0.454803 0.900534 1.387994 0.108045 0.086436
  time 95
    0 -7.173011 -25.108435 -4.791252 1.871616 0.059732 0.590055
    1 7.820313 -3.039063 -8.804688 -1.082104 0.087263 -1.570797
    2 -0.000001 0.000002 0.000000 -0.021003 -0.098597 0.766856
    3 10.907404 0.000001 -0.000001 -0.000001 0.000012 -0.428155
    4 10.424325 -0.000011 -0.000033 2.468703 0.420364 -0.460671
    5 2.997275 0.005409 -1.477475 0.000000 0.000000 -0.471238
    6 1.510384 -0.000004 0.000000 0.000000 0.000000 -0.689404
    7 0.808659 -0.000001 0.000001 0.000000 0.000000 -0.654499
    8 -0.005463 0.010882 0.011922 -3.130701 -0.002586 -0.018476
    9 -0.001080 -0.005339 -0.002780 -3.138880 -0.004640 0.012721
    10 -0.019963 -0.004463 0.017139 3.137685 -0.000240 0.002472
    11 3.305800 0.203115 -0.546730 0.000000 0.000000 -0.488691
    12 1.807178 0.000000 -0.000004 0.000000 0.000000 -0.637045
    13 0.966141 0.000003 -0.000001 0.000000 0.000000 -0.497418
    14 -0.002205 0.006298 0.000417 3.133979 -0.003058 0.005338
    15 0.007872 0.003559 -0.000436 -3.124798 -0.001004 0.009074
    16 0.012690 -0.008244 0.010269 -3.131666 0.016691 0.012264
    17 3.571513 0.109304 0.409580 0.000000 0.000000 -0.427605
    18 2.150648 0.000002 -0.000003 0.000000 0.000000 -0.663223
    19 1.152746 -0.000003 0.000003 0.000000 0.000000 -0.523598
    20 0.000419 0.016150 0.002405 3.136320 -0.007304 -0.003105
    21 0.001816 -0.009672 -0.007393 3.139013 -0.008631 -0.008588
    22 -0.003752 -0.011593 -0.001195 3.133090 0.002976 0.014444
    23 3.684098 -0.158697 1.419183 0.000000 0.000000 -0.253072
    24 1.701014 0.000004 0.000004 0.000000 0.000000 -0.602138
    25 0.994714 -0.000002 -0.000008 0.000000 0.000000 -0.357792
    26 0.021160 0.011093 -0.004108 -3.137926 -0.002080 -0.001153
    27 -0.003428 0.010128 -0.008341 -3.140832 -0.004146 -0.019238
    28 0.004127 0.010881 0.000767 3.138806 -0.003164 -0.013821
    29 1.068074 -1.287202 0.981906 1.925949 -0.499323 -0.437818
    30 1.836308 -0.000001 0.000002 0.074245 -0.173006 -0.593150
    31 1.223949 -0.000002 0.000002 0.027395 -0.026912 -0.598150
    32 -0.012758 0.013269 0.005633 -3.132442 0.011957 -0.016684
    33 0.003252 0.002937 0.004907 3.134101 -0.012025 0.011384
    34 0.017597 0.001415 -0.271330 3.132743 -0.094250 -0.000348
    35 -0.034845 0.015532 -0.006371 -3.119476 -0.012752 0.011827
    36 6.868289 0.000003 0.000003 1.894370 0.030276 0.157882
    37 -6.002364 -0.460211 -0.868646 -0.695749 -0.131805 0.077518
    38 -6.002752 -0.459276 -0.867383 -0.699507 -0.131813 0.077097
    39 -10.921875 -4.957031 -11.492188 -1.570794 0.087264 -1.570796
    40 -0.000001 -0.000002 0.000004 -0.099778 -0.173509 0.179218
    41 10.907397 0.000000 -0.000001 -0.000346 -0.000019 -1.063682
    42 10.424307 0.000001 0.000016 -2.256701 0.473777 -0.082904
    43 2.997296 0.000062 1.477484 0.000000 0.104719 -1.038469
    44 1.510386 -0.000002 0.000000 0.000000 0.000000 -1.422442
    45 0.808652 0.000001 -0.000003 -0.087183 0.081589 -1.026206
    46 -0.010181 0.001544 -0.002427 3.133438 0.004938 -0.014530
    47 -0.007761 0.000776 -0.012938 -3.140949 0.009512 -0.002789
    48 -0.003515 0.022163 -0.007593 -3.131007 0.004989 -0.015563
    49 3.305811 0.201132 0.547463 0.097216 -0.050307 -0.854749
    50 1.807181 -0.000005 -0.000002 0.020283 -0.092164 -1.076370
    51 0.966146 0.000000 0.000000 0.000000 0.000000 -1.579521
    52 -0.004041 0.002991 -0.002260 -3.129316 0.007469 -0.002160
    53 -0.016014 -0.012525 -0.005755 -3.127586 -0.003209 -0.007102
    54 -0.010741 -0.015351 -0.005964 -3.141244 -0.014366 0.013993
    55 3.571526 0.110787 -0.409180 -0.010425 -0.147987 -0.662451
    56 2.150658 0.000000 0.000000 0.000000 0.000000 -1.596975
    57 1.152748 0.000002 -0.000001 0.000000 0.000000 -1.038469
    58 -0.009424 0.003368 0.009511 3.138994 -0.007577 -0.001092
    59 -0.009795 0.006993 0.001619 3.137400 -0.006826 0.001062
    60 -0.005070 0.017085 0.007624 3.135509 0.005211 0.001477
    61 3.684113 -0.153569 -1.419744 -0.179973 -0.203078 -0.191043
    62 1.701014 -0.000001 0.000000 0.000000 0.000000 -0.959933
    63 0.994705 -0.000004 0.000000 0.000000 0.000000 -0.436331
    64 0.015236 0.000657 -0.012633 3.136885 0.014164 0.000018
    65 -0.014324 -0.018461 0.000846 -3.134644 0.013210 0.007851
    66 -0.020566 0.000650 -0.004019 -3.126894 -0.002595 -0.013678
    67 1.068097 -1.283652 -0.986552 -2.060481 0.451831 -0.461784
    68 1.836308 -0.000002 0.000001 0.071731 -0.042788 -0.118793
    69 1.223948 0.000001 -0.000002 -0.030976 -0.071338 -0.420800
    70 -0.026768 0.000412 0.021024 -3.135050 0.011560 0.031832
    71 -0.030946 0.015453 0.007155 3.126687 -0.014474 -0.013279
    72 0.024326 0.034636 0.000721 -3.121606 0.015525 0.030344
    73 -0.046000 0.019587 0.021797 3.134639 0.020864 -0.001670
    74 6.694322 0.000002 0.000001 -1.687338 -0.063080 0.148215
    75 -6.579163 -0.452807 0.914976 1.390020 0.137634 0.072730
    76 -6.553783 -0.454803 0.900534 1.387994 0.108045 0.086436
  time 96
    0 -7.169105 -25.116248 -4.802971 1.873118 0.056571 0.595177
    1 7.820313 -3.039063 -8.804688 -1.082104 0.087263 -1.570797
    2 -0.000001 0.000002 0.000000 -0.021003 -0.098597 0.766856
    3 10.907404 0.000001 -0.000001 -0.000001 0.000012 -0.428155
    4 10.424325 -0.000011 -0.000033 2.468703 0.420364 -0.460671
    5 2.997275 0.005409 -1.477475 0.000000 0.000000 -0.471238
    6 1.510384 -0.000004 0.000000 0.000000 0.000000 -0.689404
    7 0.808659 -0.000001 0.000001 0.000000 0.000000 -0.654499
    8 -0.005463 0.010882 0.011922 -3.130701 -0.002586 -0.018476
    9 -0.001080 -0.005339 -0.002780 -3.138880 -0.004640 0.012721
    10 -0.019963 -0.004463 0.017139 3.137685 -0.000240 0.002472
    11 3.305800 0.203115 -0.546730 0.000000 0.000000 -0.488691
    12 1.807178 0.000000 -0.000004 0.000000 0.000000 -0.637045
    13 0.966141 0.000003 -0.000001 0.000000 0.000000 -0.497418
    14 -0.002205 0.006298 0.000417 3.133979 -0.003058 0.005338
    15 0.007872 0.003559 -0.000436 -3.124798 -0.001004 0.009074
    16 0.012690 -0.008244 0.010269 -3.131666 0.016691 0.012264
    17 3.571513 0.109304 0.409580 0.000000 0.000000 -0.427605
    18 2.150648 0.000002 -0.000003 0.000000 0.000000 -0.663223
    19 1.152746 -0.000003 0.000003 0.000000 0.000000 -0.523598
    20 0.000419 0.016150 0.002405 3.136320 -0.007304 -0.003105
    21 0.001816 -0.009672 -0.007393 3.139013 -0.008631 -0.008588
    22 -0.003752 -0.011593 -0.001195 3.133090 0.002976 0.014444
    23 3.684098 -0.158697 1.419183 0.000000 0.000000 -0.253072
    24 1.701014 0.000004 0.000004 0.000000 0.000000 -0.602138
    25 0.994714 -0.000002 -0.000008 0.000000 0.000000 -0.357792
    26 0.021160 0.011093 -0.004108 -3.137926 -0.002080 -0.001153
    27 -0.003428 0.010128 -0.008341 -3.140832 -0.004146 -0.019238
    28 0.004127 0.010881 0.000767 3.138806 -0.003164 -0.013821
    29 1.068074 -1.287202 0.981906 1.925949 -0.499323 -0.437818
    30 1.836308 -0.000001 0.000002 0.074245 -0.173006 -0.593150
    31 1.223949 -0.000002 0.000002 0.027395 -0.026912 -0.598150
    32 -0.012758 0.013269 0.005633 -3.132442 0.011957 -0.016684
    33 0.003252 0.002937 0.004907 3.134101 -0.012025 0.011384
    34 0.017597 0.001415 -0.271330 3.132743 -0.094250 -0.000348
    35 -0.034845 0.015532 -0.006371 -3.119476 -0.012752 0.011827
    36 6.868289 0.000003 0.000003 1.894370 0.030276 0.157882
    37 -6.002364 -0.460211 -0.868646 -0.695749 -0.131805 0.077518
    38 -6.002752 -0.459276 -0.867383 -0.699507 -0.131813 0.077097
    39 -10.921875 -4.957031 -11.492188 -1.570794 0.087264 -1.570796
    40 -0.000001 -0.000002 0.000004 -0.099682 -0.173249 0.179758
    41 10.907397 0.000000 -0.000001 -0.000346 -0.000019 -1.064137
    42 10.424307 0.000001 0.000016 -2.250721 0.472169 -0.077954
    43 2.997296 0.000062 1.477484 0.000000 0.104719 -1.038469
    44 1.510386 -0.000002 0.000000 0.000000 0.000000 -1.422442
    45 0.808652 0.000001 -0.000003 -0.087183 0.081589 -1.026206
    46 -0.010181 0.001544 -0.002427 3.133438 0.004938 -0.014530
    47 -0.007761 0.000776 -0.012938 -3.140949 0.009512 -0.002789
    48 -0.003515 0.022163 -0.007593 -3.131007 0.004989 -0.015563
    49 3.305811 0.201132 0.547463 0.097216 -0.050307 -0.854749
    50 1.807181 -0.000005 -0.000002 0.020283 -0.092164 -1.076370
    51 0.966146 0.000000 0.000000 0.000000 0.000000 -1.579521
    52 -0.004041 0.002991 -0.002260 -3.129316 0.007469 -0.002160
    53 -0.016014 -0.012525 -0.005755 -3.127586 -0.003209 -0.007102
    54 -0.010741 -0.015351 -0.005964 -3.141244 -0.014366 0.013993
    55 3.571526 0.110787 -0.409180 -0.010425 -0.147987 -0.662451
    56 2.150658 0.000000 0.000000 0.000000 0.000000 -1.596975
    57 1.152748 0.000002 -0.000001 0.000000 0.000000 -1.038469
    58 -0.009424 0.003368 0.009511 3.138994 -0.007577 -0.001092
    59 -0.009795 0.006993 0.001619 3.137400 -0.006826 0.001062
    60 -0.005070 0.017085 0.007624 3.135509 0.005211 0.001477
    61 3.684113 -0.153569 -1.419744 -0.179901 -0.203126 -0.191371
    62 1.701014 -0.000001 0.000000 0.000000 0.000000 -0.959933
    63 0.994705 -0.000004 0.000000 0.000000 0.000000 -0.436331
    64 0.015236 0.000657 -0.012633 3.136885 0.014164 0.000018
    65 -0.014324 -0.018461 0.000846 -3.134644 0.013210 0.007851
    66 -0.020566 0.000650 -0.004019 -3.126894 -0.002595 -0.013678
    67 1.068097 -1.283652 -0.986552 -2.060442 0.451867 -0.461701
    68 1.836308 -0.000002 0.000001 0.071731 -0.042788 -0.118793
    69 1.223948 0.000001 -0.000002 -0.030976 -0.071338 -0.420800
    70 -0.026768 0.000412 0.021024 -3.135050 0.011560 0.031832
    71 -0.030946 0.015453 0.007155 3.126687 -0.014474 -0.013279
    72 0.024326 0.034636 0.000721 -3.121606 0.015525 0.030344
    73 -0.046000 0.019587 0.021797 3.134639 0.020864 -0.001670
    74 6.694322 0.000002 0.000001 -1.685101 -0.063416 0.148071
    75 -6.579163 -0.452807 0.914976 1.390020 0.137634 0.072730
    76 -6.553783 -0.454803 0.900534 1.387994 0.108045 0.086436
  time 97
    0 -7.161292 -25.120155 -4.818597 1.874713 0.053319 0.601151
    1 7.820313 -3.039063 -8.804688 -1.082104 0.087263 -1.570797
    2 -0.000001 0.000002 0.000000 -0.021003 -0.098597 0.766856
    3 10.907404 0.000001 -0.000001 -0.000001 0.000012 -0.428155
    4 10.424325 -0.000011 -0.000033 2.468703 0.420364 -0.460671
    5 2.997275 0.005409 -1.477475 0.000000 0.000000 -0.471238
    6 1.510384 -0.000004 0.000000 0.000000 0.000000 -0.689404
    7 0.808659 -0.000001 0.000001 0.000000 0.000000 -0.654499
    8 -0.005463 0.010882 0.011922 -3.130701 -0.002586 -0.018476
    9 -0.001080 -0.005339 -0.002780 -3.138880 -0.004640 0.012721
    10 -0.019963 -0.004463 0.017139 3.137685 -0.000240 0.002472
    11 3.305800 0.203115 -0.546730 0.000000 0.000000 -0.488691
    12 1.807178 0.000000 -0.000004 0.000000 0.000000 -0.637045
    13 0.966141 0.000003 -0.000001 0.000000 0.000000 -0.497418
    14 -0.002205 0.006298 0.000417 3.133979 -0.003058 0.005338
    15 0.007872 0.003559 -0.000436 -3.124798 -0.001004 0.009074
    16 0.012690 -0.008244 0.010269 -3.131666 0.016691 0.012264
    17 3.571513 0.109304 0.409580 0.000000 0.000000 -0.427605
    18 2.150648 0.000002 -0.000003 0.000000 0.000000 -0.663223
    19 1.152746 -0.000003 0.000003 0.000000 0.000000 -0.523598
    20 0.000419 0.016150 0.002405 3.136320 -0.007304 -0.003105
    21 0.001816 -0.009672 -0.007393 3.139013 -0.008631 -0.008588
    22 -0.003752 -0.011593 -0.001195 3.133090 0.002976 0.014444
    23 3.684098 -0.158697 1.419183 0.000000 0.000000 -0.253072
    24 1.701014 0.000004 0.000004 0.000000 0.000000 -0.602138
    25 0.994714 -0.000002 -0.000008 0.000000 0.000000 -0.357792
    26 0.021160 0.011093 -0.004108 -3.137926 -0.002080 -0.001153
    27 -0.003428 0.010128 -0.008341 -3.140832 -0.004146 -0.019238
    28 0.004127 0.010881 0.000767 3.138806 -0.003164 -0.013821
    29 1.068074 -1.287202 0.981906 1.925949 -0.499323 -0.437818
    30 1.836308 -0.000001 0.000002 0.074245 -0.173006 -0.593150
    31 1.223949 -0.000002 0.000002 0.027395 -0.026912 -0.598150
    32 -0.012758 0.013269 0.005633 -3.132442 0.011957 -0.016684
    33 0.003252 0.002937 0.004907 3.134101 -0.012025 0.011384
    34 0.017597 0.001415 -0.271330 3.132743 -0.094250 -0.000348
    35 -0.034845 0.015532 -0.006371 -3.119476 -0.012752 0.011827
    36 6.868289 0.000003 0.000003 1.894370 0.030276 0.157882
    37 -6.002364 -0.460211 -0.868646 -0.695749 -0.131805 0.077518
    38 -6.002752 -0.459276 -0.867383 -0.699507 -0.131813 0.077097
    39 -10.921875 -4.957031 -11.492188 -1.570794 0.087264 -1.570796
    40 -0.000001 -0.000002 0.000004 -0.099618 -0.173027 0.180297
    41 10.907397 0.000000 -0.000001 -0.000346 -0.000019 -1.064627
    42 10.424307 0.000001 0.000016 -2.244442 0.470299 -0.072917
    43 2.997296 0.000062 1.477484 0.000000 0.104719 -1.038469
    44 1.510386 -0.000002 0.000000 0.000000 0.000000 -1.422442
    45 0.808652 0.000001 -0.000003 -0.087183 0.081589 -1.026206
    46 -0.010181 0.001544 -0.002427 3.133438 0.004938 -0.014530
    47 -0.007761 0.000776 -0.012938 -3.140949 0.009512 -0.002789
    48 -0.003515 0.022163 -0.007593 -3.131007 0.004989 -0.015563
    49 3.305811 0.201132 0.547463 0.097216 -0.050307 -0.854749
    50 1.807181 -0.000005 -0.000002 0.020283 -0.092164 -1.076370
    51 0.966146 0.000000 0.000000 0.000000 0.000000 -1.579521
    52 -0.004041 0.002991 -0.002260 -3.129316 0.007469 -0.002160
    53 -0.016014 -0.012525 -0.005755 -3.127586 -0.003209 -0.007102
    54 -0.010741 -0.015351 -0.005964 -3.141244 -0.014366 0.013993
    55 3.571526 0.110787 -0.409180 -0.010425 -0.147987 -0.662451
    56 2.150658 0.000000 0.000000 0.000000 0.000000 -1.596975
    57 1.152748 0.000002 -0.000001 0.000000 0.000000 -1.038469
    58 -0.009424 0.003368 0.009511 3.138994 -0.007577 -0.001092
    59 -0.009795 0.006993 0.001619 3.137400 -0.006826 0.001062
    60 -0.005070 0.017085 0.007624 3.135509 0.005211 0.001477
    61 3.684113 -0.153569 -1.419744 -0.179685 -0.203270 -0.192294
    62 1.701014 -0.000001 0.000000 0.000000 0.000000 -0.959933
    63 0.994705 -0.000004 0.000000 0.000000 0.000000 -0.436331
    64 0.015236 0.000657 -0.012633 3.136885 0.014164 0.000018
    65 -0.014324 -0.018461 0.000846 -3.134644 0.013210 0.007851
    66 -0.020566 0.000650 -0.004019 -3.126894 -0.002595 -0.013678
    67 1.068097 -1.283652 -0.986552 -2.060338 0.451987 -0.461473
    68 1.836308 -0.000002 0.000001 0.071731 -0.042788 -0.118793
    69 1.223948 0.000001 -0.000002 -0.030976 -0.071338 -0.420800
    70 -0.026768 0.000412 0.021024 -3.135050 0.011560 0.031832
    71 -0.030946 0.015453 0.007155 3.126687 -0.014474 -0.013279
    72 0.024326 0.034636 0.000721 -3.121606 0.015525 0.030344
    73 -0.046000 0.019587 0.021797 3.134639 0.020864 -0.001670
    74 6.694322 0.000002 0.000001 -1.682771 -0.063751 0.147916
    75 -6.579163 -0.452807 0.914976 1.390020 0.137634 0.072730
    76 -6.553783 -0.454803 0.900534 1.387994 0.108045 0.086436
  time 98
    0 -7.153479 -25.124061 -4.834222 1.876120 0.049975 0.607980
    1 7.820313 -3.039063 -8.804688 -1.082104 0.087263 -1.570797
    2 -0.000001 0.000002 0.000000 -0.021003 -0.098597 0.766856
    3 10.907404 0.000001 -0.000001 -0.000001 0.000012 -0.428155
    4 10.424325 -0.000011 -0.000033 2.468703 0.420364 -0.460671
    5 2.997275 0.005409 -1.477475 0.000000 0.000000 -0.471238
    6 1.510384 -0.000004 0.000000 0.000000 0.000000 -0.689404
    7 0.808659 -0.000001 0.000001 0.000000 0.000000 -0.654499
    8 -0.005463 0.010882 0.011922 -3.130701 -0.002586 -0.018476
    9 -0.001080 -0.005339 -0.002780 -3.138880 -0.004640 0.012721
    10 -0.019963 -0.004463 0.017139 3.137685 -0.000240 0.002472
    11 3.305800 0.203115 -0.546730 0.000000 0.000000 -0.488691
    12 1.807178 0.000000 -0.000004 0.000000 0.000000 -0.637045
    13 0.966141 0.000003 -0.000001 0.000000 0.000000 -0.497418
    14 -0.002205 0.006298 0.000417 3.133979 -0.003058 0.005338
    15 0.007872 0.003559 -0.000436 -3.124798 -0.001004 0.009074
    16 0.012690 -0.008244 0.010269 -3.131666 0.016691 0.012264
    17 3.571513 0.109304 0.409580 0.000000 0.000000 -0.427605
    18 2.150648 0.000002 -0.000003 0.000000 0.000000 -0.663223
    19 1.152746 -0.000003 0.000003 0.000000 0.000000 -0.523598
    20 0.000419 0.016150 0.002405 3.136320 -0.007304 -0.003105
    21 0.001816 -0.009672 -0.007393 3.139013 -0.008631 -0.008588
    22 -0.003752 -0.011593 -0.001195 3.133090 0.002976 0.014444
    23 3.684098 -0.158697 1.419183 0.000000 0.000000 -0.253072
    24 1.701014 0.000004 0.000004 0.000000 0.000000 -0.602138
    25 0.994714 -0.000002 -0.000008 0.000000 0.000000 -0.357792
    26 0.021160 0.011093 -0.004108 -3.137926 -0.002080 -0.001153
    27 -0.003428 0.010128 -0.008341 -3.140832 -0.004146 -0.019238
    28 0.004127 0.010881 0.000767 3.138806 -0.003164 -0.013821
    29 1.068074 -1.287202 0.981906 1.925949 -0.499323 -0.437818
    30 1.836308 -0.000001 0.000002 0.074245 -0.173006 -0.593150
    31 1.223949 -0.000002 0.000002 0.027395 -0.026912 -0.598150
    32 -0.012758 0.013269 0.005633 -3.132442 0.011957 -0.016684
    33 0.003252 0.002937 0.004907 3.134101 -0.012025 0.011384
    34 0.017597 0.001415 -0.271330 3.132743 -0.094250 -0.000348
    35 -0.034845 0.015532 -0.006371 -3.119476 -0.012752 0.011827
    36 6.868289 0.000003 0.000003 1.894370 0.030276 0.157882
    37 -6.002364 -0.460211 -0.868646 -0.695749 -0.131805 0.077518
    38 -6.002752 -0.459276 -0.867383 -0.699507 -0.131813 0.077097
    39 -10.921875 -4.957031 -11.492188 -1.570794 0.087264 -1.570796
    40 -0.000001 -0.000002 0.000004 -0.099555 -0.172805 0.180837
    41 10.907397 0.000000 -0.000001 -0.000346 -0.000019 -1.065082
    42 10.424307 0.000001 0.000016 -2.237938 0.468130 -0.067880
    43 2.997296 0.000062 1.477484 0.000000 0.104719 -1.038469
    44 1.510386 -0.000002 0.000000 0.000000 0.000000 -1.422442
    45 0.808652 0.000001 -0.000003 -0.087183 0.081589 -1.026206
    46 -0.010181 0.001544 -0.002427 3.133438 0.004938 -0.014530
    47 -0.007761 0.000776 -0.012938 -3.140949 0.009512 -0.002789
    48 -0.003515 0.022163 -0.007593 -3.131007 0.004989 -0.015563
    49 3.305811 0.201132 0.547463 0.097216 -0.050307 -0.854749
    50 1.807181 -0.000005 -0.000002 0.020283 -0.092164 -1.076370
    51 0.966146 0.000000 0.000000 0.000000 0.000000 -1.579521
    52 -0.004041 0.002991 -0.002260 -3.129316 0.007469 -0.002160
    53 -0.016014 -0.012525 -0.005755 -3.127586 -0.003209 -0.007102
    54 -0.010741 -0.015351 -0.005964 -3.141244 -0.014366 0.013993
    55 3.571526 0.110787 -0.409180 -0.010425 -0.147987 -0.662451
    56 2.150658 0.000000 0.000000 0.000000 0.000000 -1.596975
    57 1.152748 0.000002 -0.000001 0.000000 0.000000 -1.038469
    58 -0.009424 0.003368 0.009511 3.138994 -0.007577 -0.001092
    59 -0.009795 0.006993 0.001619 3.137400 -0.006826 0.001062
    60 -0.005070 0.017085 0.007624 3.135509 0.005211 0.001477
    61 3.684113 -0.153569 -1.419744 -0.179349 -0.203498 -0.193832
    62 1.701014 -0.000001 0.000000 0.000000 0.000000 -0.959933
    63 0.994705 -0.000004 0.000000 0.000000 0.000000 -0.436331
    64 0.015236 0.000657 -0.012633 3.136885 0.014164 0.000018
    65 -0.014324 -0.018461 0.000846 -3.134644 0.013210 0.007851
    66 -0.020566 0.000650 -0.004019 -3.126894 -0.002595 -0.013678
    67 1.068097 -1.283652 -0.986552 -2.060169 0.452154 -0.461089
    68 1.836308 -0.000002 0.000001 0.071731 -0.042788 -0.118793
    69 1.223948 0.000001 -0.000002 -0.030976 -0.071338 -0.420800
    70 -0.026768 0.000412 0.021024 -3.135050 0.011560 0.031832
    71 -0.030946 0.015453 0.007155 3.126687 -0.014474 -0.013279
    72 0.024326 0.034636 0.000721 -3.121606 0.015525 0.030344
    73 -0.046000 0.019587 0.021797 3.134639 0.020864 -0.001670
    74 6.694322 0.000002 0.000001 -1.680351 -0.064123 0.147760
    75 -6.579163 -0.452807 0.914976 1.390020 0.137634 0.072730
    76 -6.553783 -0.454803 0.900534 1.387994 0.108045 0.086436
  time 99
    0 -7.145667 -25.131874 -4.845942 1.877621 0.046585 0.615567
    1 7.820313 -3.039063 -8.804688 -1.082104 0.087263 -1.570797
    2 -0.000001 0.000002 0.000000 -0.021003 -0.098597 0.766856
    3 10.907404 0.000001 -0.000001 -0.000001 0.000012 -0.428155
    4 10.424325 -0.000011 -0.000033 2.468703 0.420364 -0.460671
    5 2.997275 0.005409 -1.477475 0.000000 0.000000 -0.471238
    6 1.510384 -0.000004 0.000000 0.000000 0.000000 -0.689404
    7 0.808659 -0.000001 0.000001 0.000000 0.000000 -0.654499
    8 -0.005463 0.010882 0.011922 -3.130701 -0.002586 -0.018476
    9 -0.001080 -0.005339 -0.002780 -3.138880 -0.004640 0.012721
    10 -0.019963 -0.004463 0.017139 3.137685 -0.000240 0.002472
    11 3.305800 0.203115 -0.546730 0.000000 0.000000 -0.488691
    12 1.807178 0.000000 -0.000004 0.000000 0.000000 -0.637045
    13 0.966141 0.000003 -0.000001 0.000000 0.000000 -0.497418
    14 -0.002205 0.006298 0.000417 3.133979 -0.003058 0.005338
    15 0.007872 0.003559 -0.000436 -3.124798 -0.001004 0.009074
    16 0.012690 -0.008244 0.010269 -3.131666 0.016691 0.012264
    17 3.571513 0.109304 0.409580 0.000000 0.000000 -0.427605
    18 2.150648 0.000002 -0.000003 0.000000 0.000000 -0.663223
    19 1.152746 -0.000003 0.000003 0.000000 0.000000 -0.523598
    20 0.000419 0.016150 0.002405 3.136320 -0.007304 -0.003105
    21 0.001816 -0.009672 -0.007393 3.139013 -0.008631 -0.008588
    22 -0.003752 -0.011593 -0.001195 3.133090 0.002976 0.014444
    23 3.684098 -0.158697 1.419183 0.000000 0.000000 -0.253072
    24 1.701014 0.000004 0.000004 0.000000 0.000000 -0.602138
    25 0.994714 -0.000002 -0.000008 0.000000 0.000000 -0.357792
    26 0.021160 0.011093 -0.004108 -3.137926 -0.002080 -0.001153
    27 -0.003428 0.010128 -0.008341 -3.140832 -0.004146 -0.019238
    28 0.004127 0.010881 0.000767 3.138806 -0.003164 -0.013821
    29 1.068074 -1.287202 0.981906 1.925949 -0.499323 -0.437818
    30 1.836308 -0.000001 0.000002 0.074245 -0.173006 -0.593150
    31 1.223949 -0.000002 0.000002 0.027395 -0.026912 -0.598150
    32 -0.012758 0.013269 0.005633 -3.132442 0.011957 -0.016684
    33 0.003252 0.002937 0.004907 3.134101 -0.012025 0.011384
    34 0.017597 0.001415 -0.271330 3.132743 -0.094250 -0.000348
    35 -0.034845 0.015532 -0.006371 -3.119476 -0.012752 0.011827
    36 6.868289 0.000003 0.000003 1.894370 0.030276 0.157882
    37 -6.002364 -0.460211 -0.868646 -0.695749 -0.131805 0.077518
    38 -6.002752 -0.459276 -0.867383 -0.699507 -0.131813 0.077097
    39 -10.921875 -4.957031 -11.492188 -1.570794 0.087264 -1.570796
    40 -0.000001 -0.000002 0.000004 -0.099491 -0.172620 0.181466
    41 10.907397 0.000000 -0.000001 -0.000346 -0.000019 -1.065572
    42 10.424307 0.000001 0.000016 -2.231136 0.465699 -0.062757
    43 2.997296 0.000062 1.477484 0.000000 0.104719 -1.038469
    44 1.510386 -0.000002 0.000000 0.000000 0.000000 -1.422442
    45 0.808652 0.000001 -0.000003 -0.087183 0.081589 -1.026206
    46 -0.010181 0.001544 -0.002427 3.133438 0.004938 -0.014530
    47 -0.007761 0.000776 -0.012938 -3.140949 0.009512 -0.002789
    48 -0.003515 0.022163 -0.007593 -3.131007 0.004989 -0.015563
    49 3.305811 0.201132 0.547463 0.097216 -0.050307 -0.854749
    50 1.807181 -0.000005 -0.000002 0.020283 -0.092164 -1.076370
    51 0.966146 0.000000 0.000000 0.000000 0.000000 -1.579521
    52 -0.004041 0.002991 -0.002260 -3.129316 0.007469 -0.002160
    53 -0.016014 -0.012525 -0.005755 -3.127586 -0.003209 -0.007102
    54 -0.010741 -0.015351 -0.005964 -3.141244 -0.014366 0.013993
    55 3.571526 0.110787 -0.409180 -0.010425 -0.147987 -0.662451
    56 2.150658 0.000000 0.000000 0.000000 0.000000 -1.596975
    57 1.152748 0.000002 -0.000001 0.000000 0.000000 -1.038469
    58 -0.009424 0.003368 0.009511 3.138994 -0.007577 -0.001092
    59 -0.009795 0.006993 0.001619 3.137400 -0.006826 0.001062
    60 -0.005070 0.017085 0.007624 3.135509 0.005211 0.001477
    61 3.684113 -0.153569 -1.419744 -0.178894 -0.203821 -0.195944
    62 1.701014 -0.000001 0.000000 0.000000 0.000000 -0.959933
    63 0.994705 -0.000004 0.000000 0.000000 0.000000 -0.436331
    64 0.015236 0.000657 -0.012633 3.136885 0.014164 0.000018
    65 -0.014324 -0.018461 0.000846 -3.134644 0.013210 0.007851
    66 -0.020566 0.000650 -0.004019 -3.126894 -0.002595 -0.013678
    67 1.068097 -1.283652 -0.986552 -2.059935 0.452406 -0.460562
    68 1.836308 -0.000002 0.000001 0.071731 -0.042788 -0.118793
    69 1.223948 0.000001 -0.000002 -0.030976 -0.071338 -0.420800
    70 -0.026768 0.000412 0.021024 -3.135050 0.011560 0.031832
    71 -0.030946 0.015453 0.007155 3.126687 -0.014474 -0.013279
    72 0.024326 0.034636 0.000721 -3.121606 0.015525 0.030344
    73 -0.046000 0.019587 0.021797 3.134639 0.020864 -0.001670
    74 6.694322 0.000002 0.000001 -1.677793 -0.064494 0.147604
    75 -6.579163 -0.452807 0.914976 1.390020 0.137634 0.072730
    76 -6.553783 -0.454803 0.900534 1.387994 0.108045 0.086436
  time 100
    0 -7.137854 -25.135780 -4.861567 1.878935 0.043195 0.624007
    1 7.820313 -3.039063 -8.804688 -1.082104 0.087263 -1.570797
    2 -0.000001 0.000002 0.000000 -0.021003 -0.098597 0.766856
    3 10.907404 0.000001 -0.000001 -0.000001 0.000012 -0.428155
    4 10.424325 -0.000011 -0.000033 2.468703 0.420364 -0.460671
    5 2.997275 0.005409 -1.477475 0.000000 0.000000 -0.471238
    6 1.510384 -0.000004 0.000000 0.000000 0.000000 -0.689404
    7 0.808659 -0.000001 0.000001 0.000000 0.000000 -0.654499
    8 -0.005463 0.010882 0.011922 -3.130701 -0.002586 -0.018476
    9 -0.001080 -0.005339 -0.002780 -3.138880 -0.004640 0.012721
    10 -0.019963 -0.004463 0.017139 3.137685 -0.000240 0.002472
    11 3.305800 0.203115 -0.546730 0.000000 0.000000 -0.488691
    12 1.807178 0.000000 -0.000004 0.000000 0.000000 -0.637045
    13 0.966141 0.000003 -0.000001 0.000000 0.000000 -0.497418
    14 -0.002205 0.006298 0.000417 3.133979 -0.003058 0.005338
    15 0.007872 0.003559 -0.000436 -3.124798 -0.001004 0.009074
    16 0.012690 -0.008244 0.010269 -3.131666 0.016691 0.012264
    17 3.571513 0.109304 0.409580 0.000000 0.000000 -0.427605
    18 2.150648 0.000002 -0.000003 0.000000 0.000000 -0.663223
    19 1.152746 -0.000003 0.000003 0.000000 0.000000 -0.523598
    20 0.000419 0.016150 0.002405 3.136320 -0.007304 -0.003105
    21 0.001816 -0.009672 -0.007393 3.139013 -0.008631 -0.008588
    22 -0.003752 -0.011593 -0.001195 3.133090 0.002976 0.014444
    23 3.684098 -0.158697 1.419183 0.000000 0.000000 -0.253072
    24 1.701014 0.000004 0.000004 0.000000 0.000000 -0.602138
    25 0.994714 -0.000002 -0.000008 0.000000 0.000000 -0.357792
    26 0.021160 0.011093 -0.004108 -3.137926 -0.002080 -0.001153
    27 -0.003428 0.010128 -0.008341 -3.140832 -0.004146 -0.019238
    28 0.004127 0.010881 0.000767 3.138806 -0.003164 -0.013821
    29 1.068074 -1.287202 0.981906 1.925949 -0.499323 -0.437818
    30 1.836308 -0.000001 0.000002 0.074245 -0.173006 -0.593150
    31 1.223949 -0.000002 0.000002 0.027395 -0.026912 -0.598150
    32 -0.012758 0.013269 0.005633 -3.132442 0.011957 -0.016684
    33 0.003252 0.002937 0.004907 3.134101 -0.012025 0.011384
    34 0.017597 0.001415 -0.271330 3.132743 -0.094250 -0.000348
    35 -0.034845 0.015532 -0.006371 -3.119476 -0.012752 0.011827
    36 6.868289 0.000003 0.000003 1.894370 0.030276 0.157882
    37 -6.002364 -0.460211 -0.868646 -0.695749 -0.131805 0.077518
    38 -6.002752 -0.459276 -0.867383 -0.699507 -0.131813 0.077097
    39 -10.921875 -4.957031 -11.492188 -1.570794 0.087264 -1.570796
    40 -0.000001 -0.000002 0.000004 -0.099427 -0.172435 0.182095
    41 10.907397 0.000000 -0.000001 -0.000346 -0.000019 -1.066062
    42 10.424307 0.000001 0.000016 -2.224034 0.462932 -0.057720
    43 2.997296 0.000062 1.477484 0.000000 0.104719 -1.038469
    44 1.510386 -0.000002 0.000000 0.000000 0.000000 -1.422442
    45 0.808652 0.000001 -0.000003 -0.087183 0.081589 -1.026206
    46 -0.010181 0.001544 -0.002427 3.133438 0.004938 -0.014530
    47 -0.007761 0.000776 -0.012938 -3.140949 0.009512 -0.002789
    48 -0.003515 0.022163 -0.007593 -3.131007 0.004989 -0.015563
    49 3.305811 0.201132 0.547463 0.097216 -0.050307 -0.854749
    50 1.807181 -0.000005 -0.000002 0.020283 -0.092164 -1.076370
    51 0.966146 0.000000 0.000000 0.000000 0.000000 -1.579521
    52 -0.004041 0.002991 -0.002260 -3.129316 0.007469 -0.002160
    53 -0.016014 -0.012525 -0.005755 -3.127586 -0.003209 -0.007102
    54 -0.010741 -0.015351 -0.005964 -3.141244 -0.014366 0.013993
    55 3.571526 0.110787 -0.409180 -0.010425 -0.147987 -0.662451
    56 2.150658 0.000000 0.000000 0.000000 0.000000 -1.596975
    57 1.152748 0.000002 -0.000001 0.000000 0.000000 -1.038469
    58 -0.009424 0.003368 0.009511 3.138994 -0.007577 -0.001092
    59 -0.009795 0.006993 0.001619 3.137400 -0.006826 0.001062
    60 -0.005070 0.017085 0.007624 3.135509 0.005211 0.001477
    61 3.684113 -0.153569 -1.419744 -0.178307 -0.204229 -0.198589
    62 1.701014 -0.000001 0.000000 0.000000 0.000000 -0.959933
    63 0.994705 -0.000004 0.000000 0.000000 0.000000 -0.436331
    64 0.015236 0.000657 -0.012633 3.136885 0.014164 0.000018
    65 -0.014324 -0.018461 0.000846 -3.134644 0.013210 0.007851
    66 -0.020566 0.000650 -0.004019 -3.126894 -0.002595 -0.013678
    67 1.068097 -1.283652 -0.986552 -2.059636 0.452718 -0.459903
    68 1.836308 -0.000002 0.000001 0.071731 -0.042788 -0.118793
    69 1.223948 0.000001 -0.000002 -0.030976 -0.071338 -0.420800
    70 -0.026768 0.000412 0.021024 -3.135050 0.011560 0.031832
    71 -0.030946 0.015453 0.007155 3.126687 -0.014474 -0.013279
    72 0.024326 0.034636 0.000721 -3.121606 0.015525 0.030344
    73 -0.046000 0.019587 0.021797 3.134639 0.020864 -0.001670
    74 6.694322 0.000002 0.000001 -1.675190 -0.064878 0.147436
    75 -6.579163 -0.452807 0.914976 1.390020 0.137634 0.072730
    76 -6.553783 -0.454803 0.900534 1.387994 0.108045 0.086436
  time 101
    0 -7.126135 -25.139686 -4.877192 1.880248 0.039713 0.633301
    1 7.820313 -3.039063 -8.804688 -1.082104 0.087263 -1.570797
    2 -0.000001 0.000002 0.000000 -0.021003 -0.098597 0.766856
    3 10.907404 0.000001 -0.000001 -0.000001 0.000012 -0.428155
    4 10.424325 -0.000011 -0.000033 2.468703 0.420364 -0.460671
    5 2.997275 0.005409 -1.477475 0.000000 0.000000 -0.471238
    6 1.510384 -0.000004 0.000000 0.000000 0.000000 -0.689404
    7 0.808659 -0.000001 0.000001 0.000000 0.000000 -0.654499
    8 -0.005463 0.010882 0.011922 -3.130701 -0.002586 -0.018476
    9 -0.001080 -0.005339 -0.002780 -3.138880 -0.004640 0.012721
    10 -0.019963 -0.004463 0.017139 3.137685 -0.000240 0.002472
    11 3.305800 0.203115 -0.546730 0.000000 0.000000 -0.488691
    12 1.807178 0.000000 -0.000004 0.000000 0.000000 -0.637045
    13 0.966141 0.000003 -0.000001 0.000000 0.000000 -0.497418
    14 -0.002205 0.006298 0.000417 3.133979 -0.003058 0.005338
    15 0.007872 0.003559 -0.000436 -3.124798 -0.001004 0.009074
    16 0.012690 -0.008244 0.010269 -3.131666 0.016691 0.012264
    17 3.571513 0.109304 0.409580 0.000000 0.000000 -0.427605
    18 2.150648 0.000002 -0.000003 0.000000 0.000000 -0.663223
    19 1.152746 -0.000003 0.000003 0.000000 0.000000 -0.523598
    20 0.000419 0.016150 0.002405 3.136320 -0.007304 -0.003105
    21 0.001816 -0.009672 -0.007393 3.139013 -0.008631 -0.008588
    22 -0.003752 -0.011593 -0.001195 3.133090 0.002976 0.014444
    23 3.684098 -0.158697 1.419183 0.000000 0.000000 -0.253072
    24 1.701014 0.000004 0.000004 0.000000 0.000000 -0.602138
    25 0.994714 -0.000002 -0.000008 0.000000 0.000000 -0.357792
    26 0.021160 0.011093 -0.004108 -3.137926 -0.002080 -0.001153
    27 -0.003428 0.010128 -0.008341 -3.140832 -0.004146 -0.019238
    28 0.004127 0.010881 0.000767 3.138806 -0.003164 -0.013821
    29 1.068074 -1.287202 0.981906 1.925949 -0.499323 -0.437818
    30 1.836308 -0.000001 0.000002 0.074245 -0.173006 -0.593150
    31 1.223949 -0.000002 0.000002 0.027395 -0.026912 -0.598150
    32 -0.012758 0.013269 0.005633 -3.132442 0.011957 -0.016684
    33 0.003252 0.002937 0.004907 3.134101 -0.012025 0.011384
    34 0.017597 0.001415 -0.271330 3.132743 -0.094250 -0.000348
    35 -0.034845 0.015532 -0.006371 -3.119476 -0.012752 0.011827
    36 6.868289 0.000003 0.000003 1.894370 0.030276 0.157882
    37 -6.002364 -0.460211 -0.868646 -0.695749 -0.131805 0.077518
    38 -6.002752 -0.459276 -0.867383 -0.699507 -0.131813 0.077097
    39 -10.921875 -4.957031 -11.492188 -1.570794 0.087264 -1.570796
    40 -0.000001 -0.000002 0.000004 -0.099363 -0.172250 0.182725
    41 10.907397 0.000000 -0.000001 -0.000346 -0.000019 -1.066517
    42 10.424307 0.000001 0.000016 -2.216708 0.459865 -0.052683
    43 2.997296 0.000062 1.477484 0.000000 0.104719 -1.038469
    44 1.510386 -0.000002 0.000000 0.000000 0.000000 -1.422442
    45 0.808652 0.000001 -0.000003 -0.087183 0.081589 -1.026206
    46 -0.010181 0.001544 -0.002427 3.133438 0.004938 -0.014530
    47 -0.007761 0.000776 -0.012938 -3.140949 0.009512 -0.002789
    48 -0.003515 0.022163 -0.007593 -3.131007 0.004989 -0.015563
    49 3.305811 0.201132 0.547463 0.097216 -0.050307 -0.854749
    50 1.807181 -0.000005 -0.000002 0.020283 -0.092164 -1.076370
    51 0.966146 0.000000 0.000000 0.000000 0.000000 -1.579521
    52 -0.004041 0.002991 -0.002260 -3.129316 0.007469 -0.002160
    53 -0.016014 -0.012525 -0.005755 -3.127586 -0.003209 -0.007102
    54 -0.010741 -0.015351 -0.005964 -3.141244 -0.014366 0.013993
    55 3.571526 0.110787 -0.409180 -0.010425 -0.147987 -0.662451
    56 2.150658 0.000000 0.000000 0.000000 0.000000 -1.596975
    57 1.152748 0.000002 -0.000001 0.000000 0.000000 -1.038469
    58 -0.009424 0.003368 0.009511 3.138994 -0.007577 -0.001092
    59 -0.009795 0.006993 0.001619 3.137400 -0.006826 0.001062
    60 -0.005070 0.017085 0.007624 3.135509 0.005211 0.001477
    61 3.684113 -0.153569 -1.419744 -0.177612 -0.204720 -0.201767
    62 1.701014 -0.000001 0.000000 0.000000 0.000000 -0.959933
    63 0.994705 -0.000004 0.000000 0.000000 0.000000 -0.436331
    64 0.015236 0.000657 -0.012633 3.136885 0.014164 0.000018
    65 -0.014324 -0.018461 0.000846 -3.134644 0.013210 0.007851
    66 -0.020566 0.000650 -0.004019 -3.126894 -0.002595 -0.013678
    67 1.068097 -1.283652 -0.986552 -2.059286 0.453089 -0.459112
    68 1.836308 -0.000002 0.000001 0.071731 -0.042788 -0.118793
    69 1.223948 0.000001 -0.000002 -0.030976 -0.071338 -0.420800
    70 -0.026768 0.000412 0.021024 -3.135050 0.011560 0.031832
    71 -0.030946 0.015453 0.007155 3.126687 -0.014474 -0.013279
    72 0.024326 0.034636 0.000721 -3.121606 0.015525 0.030344
    73 -0.046000 0.019587 0.021797 3.134639 0.020864 -0.001670
    74 6.694322 0.000002 0.000001 -1.672450 -0.065285 0.147256
    75 -6.579163 -0.452807 0.914976 1.390020 0.137634 0.072730
    76 -6.553783 -0.454803 0.900534 1.387994 0.108045 0.086436
  time 102
    0 -7.110509 -25.143593 -4.888912 1.881468 0.036277 0.643354
    1 7.820313 -3.039063 -8.804688 -1.082104 0.087263 -1.570797
    2 -0.000001 0.000002 0.000000 -0.021003 -0.098597 0.766856
    3 10.907404 0.000001 -0.000001 -0.000001 0.000012 -0.428155
    4 10.424325 -0.000011 -0.000033 2.468703 0.420364 -0.460671
    5 2.997275 0.005409 -1.477475 0.000000 0.000000 -0.471238
    6 1.510384 -0.000004 0.000000 0.000000 0.000000 -0.689404
    7 0.808659 -0.000001 0.000001 0.000000 0.000000 -0.654499
    8 -0.005463 0.010882 0.011922 -3.130701 -0.002586 -0.018476
    9 -0.001080 -0.005339 -0.002780 -3.138880 -0.004640 0.012721
    10 -0.019963 -0.004463 0.017139 3.137685 -0.000240 0.002472
    11 3.305800 0.203115 -0.546730 0.000000 0.000000 -0.488691
    12 1.807178 0.000000 -0.000004 0.000000 0.000000 -0.637045
    13 0.966141 0.000003 -0.000001 0.000000 0.000000 -0.497418
    14 -0.002205 0.006298 0.000417 3.133979 -0.003058 0.005338
    15 0.007872 0.003559 -0.000436 -3.124798 -0.001004 0.009074
    16 0.012690 -0.008244 0.010269 -3.131666 0.016691 0.012264
    17 3.571513 0.109304 0.409580 0.000000 0.000000 -0.427605
    18 2.150648 0.000002 -0.000003 0.000000 0.000000 -0.663223
    19 1.152746 -0.000003 0.000003 0.000000 0.000000 -0.523598
    20 0.000419 0.016150 0.002405 3.136320 -0.007304 -0.003105
    21 0.001816 -0.009672 -0.007393 3.139013 -0.008631 -0.008588
    22 -0.003752 -0.011593 -0.001195 3.133090 0.002976 0.014444
    23 3.684098 -0.158697 1.419183 0.000000 0.000000 -0.253072
    24 1.701014 0.000004 0.000004 0.000000 0.000000 -0.602138
    25 0.994714 -0.000002 -0.000008 0.000000 0.000000 -0.357792
    26 0.021160 0.011093 -0.004108 -3.137926 -0.002080 -0.001153
    27 -0.003428 0.010128 -0.008341 -3.140832 -0.004146 -0.019238
    28 0.004127 0.010881 0.000767 3.138806 -0.003164 -0.013821
    29 1.068074 -1.287202 0.981906 1.925949 -0.499323 -0.437818
    30 1.836308 -0.000001 0.000002 0.074245 -0.173006 -0.593150
    31 1.223949 -0.000002 0.000002 0.027395 -0.026912 -0.598150
    32 -0.012758 0.013269 0.005633 -3.132442 0.011957 -0.016684
    33 0.003252 0.002937 0.004907 3.134101 -0.012025 0.011384
    34 0.017597 0.001415 -0.271330 3.132743 -0.094250 -0.000348
    35 -0.034845 0.015532 -0.006371 -3.119476 -0.012752 0.011827
    36 6.868289 0.000003 0.000003 1.894370 0.030276 0.157882
    37 -6.002364 -0.460211 -0.868646 -0.695749 -0.131805 0.077518
    38 -6.002752 -0.459276 -0.867383 -0.699507 -0.131813 0.077097
    39 -10.921875 -4.957031 -11.492188 -1.570794 0.087264 -1.570796
    40 -0.000001 -0.000002 0.000004 -0.099331 -0.172064 0.183354
    41 10.907397 0.000000 -0.000001 -0.000346 -0.000019 -1.067007
    42 10.424307 0.000001 0.000016 -2.209083 0.456425 -0.047733
    43 2.997296 0.000062 1.477484 0.000000 0.104719 -1.038469
    44 1.510386 -0.000002 0.000000 0.000000 0.000000 -1.422442
    45 0.808652 0.000001 -0.000003 -0.087183 0.081589 -1.026206
    46 -0.010181 0.001544 -0.002427 3.133438 0.004938 -0.014530
    47 -0.007761 0.000776 -0.012938 -3.140949 0.009512 -0.002789
    48 -0.003515 0.022163 -0.007593 -3.131007 0.004989 -0.015563
    49 3.305811 0.201132 0.547463 0.097216 -0.050307 -0.854749
    50 1.807181 -0.000005 -0.000002 0.020283 -0.092164 -1.076370
    51 0.966146 0.000000 0.000000 0.000000 0.000000 -1.579521
    52 -0.004041 0.002991 -0.002260 -3.129316 0.007469 -0.002160
    53 -0.016014 -0.012525 -0.005755 -3.127586 -0.003209 -0.007102
    54 -0.010741 -0.015351 -0.005964 -3.141244 -0.014366 0.013993
    55 3.571526 0.110787 -0.409180 -0.010425 -0.147987 -0.662451
    56 2.150658 0.000000 0.000000 0.000000 0.000000 -1.596975
    57 1.152748 0.000002 -0.000001 0.000000 0.000000 -1.038469
    58 -0.009424 0.003368 0.009511 3.138994 -0.007577 -0.001092
    59 -0.009795 0.006993 0.001619 3.137400 -0.006826 0.001062
    60 -0.005070 0.017085 0.007624 3.135509 0.005211 0.001477
    61 3.684113 -0.153569 -1.419744 -0.176809 -0.205283 -0.205417
    62 1.701014 -0.000001 0.000000 0.000000 0.000000 -0.959933
    63 0.994705 -0.000004 0.000000 0.000000 0.000000 -0.436331
    64 0.015236 0.000657 -0.012633 3.136885 0.014164 0.000018
    65 -0.014324 -0.018461 0.000846 -3.134644 0.013210 0.007851
    66 -0.020566 0.000650 -0.004019 -3.126894 -0.002595 -0.013678
    67 1.068097 -1.283652 -0.986552 -2.058883 0.453509 -0.458189
    68 1.836308 -0.000002 0.000001 0.071731 -0.042788 -0.118793
    69 1.223948 0.000001 -0.000002 -0.030976 -0.071338 -0.420800
    70 -0.026768 0.000412 0.021024 -3.135050 0.011560 0.031832
    71 -0.030946 0.015453 0.007155 3.126687 -0.014474 -0.013279
    72 0.024326 0.034636 0.000721 -3.121606 0.015525 0.030344
    73 -0.046000 0.019587 0.021797 3.134639 0.020864 -0.001670
    74 6.694322 0.000002 0.000001 -1.669618 -0.065705 0.147065
    75 -6.579163 -0.452807 0.914976 1.390020 0.137634 0.072730
    76 -6.553783 -0.454803 0.900534 1.387994 0.108045 0.086436
  time 103
    0 -7.094884 -25.147499 -4.904537 1.882594 0.032796 0.654260
    1 7.820313 -3.039063 -8.804688 -1.082104 0.087263 -1.570797
    2 -0.000001 0.000002 0.000000 -0.021003 -0.098597 0.766856
    3 10.907404 0.000001 -0.000001 -0.000001 0.000012 -0.428155
    4 10.424325 -0.000011 -0.000033 2.468703 0.420364 -0.460671
    5 2.997275 0.005409 -1.477475 0.000000 0.000000 -0.471238
    6 1.510384 -0.000004 0.000000 0.000000 0.000000 -0.689404
    7 0.808659 -0.000001 0.000001 0.000000 0.000000 -0.654499
    8 -0.005463 0.010882 0.011922 -3.130701 -0.002586 -0.018476
    9 -0.001080 -0.005339 -0.002780 -3.138880 -0.004640 0.012721
    10 -0.019963 -0.004463 0.017139 3.137685 -0.000240 0.002472
    11 3.305800 0.203115 -0.546730 0.000000 0.000000 -0.488691
    12 1.807178 0.000000 -0.000004 0.000000 0.000000 -0.637045
    13 0.966141 0.000003 -0.000001 0.000000 0.000000 -0.497418
    14 -0.002205 0.006298 0.000417 3.133979 -0.003058 0.005338
    15 0.007872 0.003559 -0.000436 -3.124798 -0.001004 0.009074
    16 0.012690 -0.008244 0.010269 -3.131666 0.016691 0.012264
    17 3.571513 0.109304 0.409580 0.000000 0.000000 -0.427605
    18 2.150648 0.000002 -0.000003 0.000000 0.000000 -0.663223
    19 1.152746 -0.000003 0.000003 0.000000 0.000000 -0.523598
    20 0.000419 0.016150 0.002405 3.136320 -0.007304 -0.003105
    21 0.001816 -0.009672 -0.007393 3.139013 -0.008631 -0.008588
    22 -0.003752 -0.011593 -0.001195 3.133090 0.002976 0.014444
    23 3.684098 -0.158697 1.419183 0.000000 0.000000 -0.253072
    24 1.701014 0.000004 0.000004 0.000000 0.000000 -0.602138
    25 0.994714 -0.000002 -0.000008 0.000000 0.000000 -0.357792
    26 0.021160 0.011093 -0.004108 -3.137926 -0.002080 -0.001153
    27 -0.003428 0.010128 -0.008341 -3.140832 -0.004146 -0.019238
    28 0.004127 0.010881 0.000767 3.138806 -0.003164 -0.013821
    29 1.068074 -1.287202 0.981906 1.925949 -0.499323 -0.437818
    30 1.836308 -0.000001 0.000002 0.074245 -0.173006 -0.593150
    31 1.223949 -0.000002 0.000002 0.027395 -0.026912 -0.598150
    32 -0.012758 0.013269 0.005633 -3.132442 0.011957 -0.016684
    33 0.003252 0.002937 0.004907 3.134101 -0.012025 0.011384
    34 0.017597 0.001415 -0.271330 3.132743 -0.094250 -0.000348
    35 -0.034845 0.015532 -0.006371 -3.119476 -0.012752 0.011827
    36 6.868289 0.000003 0.000003 1.894370 0.030276 0.157882
    37 -6.002364 -0.460211 -0.868646 -0.695749 -0.131805 0.077518
    38 -6.002752 -0.459276 -0.867383 -0.699507 -0.131813 0.077097
    39 -10.921875 -4.957031 -11.492188 -1.570794 0.087264 -1.570796
    40 -0.000001 -0.000002 0.000004 -0.099300 -0.171916 0.183893
    41 10.907397 0.000000 -0.000001 -0.000346 -0.000019 -1.067462
    42 10.424307 0.000001 0.000016 -2.201234 0.452610 -0.042783
    43 2.997296 0.000062 1.477484 0.000000 0.104719 -1.038469
    44 1.510386 -0.000002 0.000000 0.000000 0.000000 -1.422442
    45 0.808652 0.000001 -0.000003 -0.087183 0.081589 -1.026206
    46 -0.010181 0.001544 -0.002427 3.133438 0.004938 -0.014530
    47 -0.007761 0.000776 -0.012938 -3.140949 0.009512 -0.002789
    48 -0.003515 0.022163 -0.007593 -3.131007 0.004989 -0.015563
    49 3.305811 0.201132 0.547463 0.097216 -0.050307 -0.854749
    50 1.807181 -0.000005 -0.000002 0.020283 -0.092164 -1.076370
    51 0.966146 0.000000 0.000000 0.000000 0.000000 -1.579521
    52 -0.004041 0.002991 -0.002260 -3.129316 0.007469 -0.002160
    53 -0.016014 -0.012525 -0.005755 -3.127586 -0.003209 -0.007102
    54 -0.010741 -0.015351 -0.005964 -3.141244 -0.014366 0.013993
    55 3.571526 0.110787 -0.409180 -0.010425 -0.147987 -0.662451
    56 2.150658 0.000000 0.000000 0.000000 0.000000 -1.596975
    57 1.152748 0.000002 -0.000001 0.000000 0.000000 -1.038469
    58 -0.009424 0.003368 0.009511 3.138994 -0.007577 -0.001092
    59 -0.009795 0.006993 0.001619 3.137400 -0.006826 0.001062
    60 -0.005070 0.017085 0.007624 3.135509 0.005211 0.001477
    61 3.684113 -0.153569 -1.419744 -0.175898 -0.205907 -0.209559
    62 1.701014 -0.000001 0.000000 0.000000 0.000000 -0.959933
    63 0.994705 -0.000004 0.000000 0.000000 0.000000 -0.436331
    64 0.015236 0.000657 -0.012633 3.136885 0.014164 0.000018
    65 -0.014324 -0.018461 0.000846 -3.134644 0.013210 0.007851
    66 -0.020566 0.000650 -0.004019 -3.126894 -0.002595 -0.013678
    67 1.068097 -1.283652 -0.986552 -2.058415 0.454000 -0.457158
    68 1.836308 -0.000002 0.000001 0.071731 -0.042788 -0.118793
    69 1.223948 0.000001 -0.000002 -0.030976 -0.071338 -0.420800
    70 -0.026768 0.000412 0.021024 -3.135050 0.011560 0.031832
    71 -0.030946 0.015453 0.007155 3.126687 -0.014474 -0.013279
    72 0.024326 0.034636 0.000721 -3.121606 0.015525 0.030344
    73 -0.046000 0.019587 0.021797 3.134639 0.020864 -0.001670
    74 6.694322 0.000002 0.000001 -1.666695 -0.066136 0.146873
    75 -6.579163 -0.452807 0.914976 1.390020 0.137634 0.072730
    76 -6.553783 -0.454803 0.900534 1.387994 0.108045 0.086436
  time 104
    0 -7.079258 -25.147499 -4.916256 1.883532 0.029360 0.665925
    1 7.820313 -3.039063 -8.804688 -1.082104 0.087263 -1.570797
    2 -0.000001 0.000002 0.000000 -0.021003 -0.098597 0.766856
    3 10.907404 0.000001 -0.000001 -0.000001 0.000012 -0.428155
    4 10.424325 -0.000011 -0.000033 2.468703 0.420364 -0.460671
    5 2.997275 0.005409 -1.477475 0.000000 0.000000 -0.471238
    6 1.510384 -0.000004 0.000000 0.000000 0.000000 -0.689404
    7 0.808659 -0.000001 0.000001 0.000000 0.000000 -0.654499
    8 -0.005463 0.010882 0.011922 -3.130701 -0.002586 -0.018476
    9 -0.001080 -0.005339 -0.002780 -3.138880 -0.004640 0.012721
    10 -0.019963 -0.004463 0.017139 3.137685 -0.000240 0.002472
    11 3.305800 0.203115 -0.546730 0.000000 0.000000 -0.488691
    12 1.807178 0.000000 -0.000004 0.000000 0.000000 -0.637045
    13 0.966141 0.000003 -0.000001 0.000000 0.000000 -0.497418
    14 -0.002205 0.006298 0.000417 3.133979 -0.003058 0.005338
    15 0.007872 0.003559 -0.000436 -3.124798 -0.001004 0.009074
    16 0.012690 -0.008244 0.010269 -3.131666 0.016691 0.012264
    17 3.571513 0.109304 0.409580 0.000000 0.000000 -0.427605
    18 2.150648 0.000002 -0.000003 0.000000 0.000000 -0.663223
    19 1.152746 -0.000003 0.000003 0.000000 0.000000 -0.523598
    20 0.000419 0.016150 0.002405 3.136320 -0.007304 -0.003105
    21 0.001816 -0.009672 -0.007393 3.139013 -0.008631 -0.008588
    22 -0.003752 -0.011593 -0.001195 3.133090 0.002976 0.014444
    23 3.684098 -0.158697 1.419183 0.000000 0.000000 -0.253072
    24 1.701014 0.000004 0.000004 0.000000 0.000000 -0.602138
    25 0.994714 -0.000002 -0.000008 0.000000 0.000000 -0.357792
    26 0.021160 0.011093 -0.004108 -3.137926 -0.002080 -0.001153
    27 -0.003428 0.010128 -0.008341 -3.140832 -0.004146 -0.019238
    28 0.004127 0.010881 0.000767 3.138806 -0.003164 -0.013821
    29 1.068074 -1.287202 0.981906 1.925949 -0.499323 -0.437818
    30 1.836308 -0.000001 0.000002 0.074245 -0.173006 -0.593150
    31 1.223949 -0.000002 0.000002 0.027395 -0.026912 -0.598150
    32 -0.012758 0.013269 0.005633 -3.132442 0.011957 -0.016684
    33 0.003252 0.002937 0.004907 3.134101 -0.012025 0.011384
    34 0.017597 0.001415 -0.271330 3.132743 -0.094250 -0.000348
    35 -0.034845 0.015532 -0.006371 -3.119476 -0.012752 0.011827
    36 6.868289 0.000003 0.000003 1.894370 0.030276 0.157882
    37 -6.002364 -0.460211 -0.868646 -0.695749 -0.131805 0.077518
    38 -6.002752 -0.459276 -0.867383 -0.699507 -0.131813 0.077097
    39 -10.921875 -4.957031 -11.492188 -1.570794 0.087264 -1.570796
    40 -0.000001 -0.000002 0.000004 -0.099268 -0.171768 0.184523
    41 10.907397 0.000000 -0.000001 -0.000346 -0.000019 -1.067917
    42 10.424307 0.000001 0.000016 -2.193011 0.448422 -0.037920
    43 2.997296 0.000062 1.477484 0.000000 0.104719 -1.038469
    44 1.510386 -0.000002 0.000000 0.000000 0.000000 -1.422442
    45 0.808652 0.000001 -0.000003 -0.087183 0.081589 -1.026206
    46 -0.010181 0.001544 -0.002427 3.133438 0.004938 -0.014530
    47 -0.007761 0.000776 -0.012938 -3.140949 0.009512 -0.002789
    48 -0.003515 0.022163 -0.007593 -3.131007 0.004989 -0.015563
    49 3.305811 0.201132 0.547463 0.097216 -0.050307 -0.854749
    50 1.807181 -0.000005 -0.000002 0.020283 -0.092164 -1.076370
    51 0.966146 0.000000 0.000000 0.000000 0.000000 -1.579521
    52 -0.004041 0.002991 -0.002260 -3.129316 0.007469 -0.002160
    53 -0.016014 -0.012525 -0.005755 -3.127586 -0.003209 -0.007102
    54 -0.010741 -0.015351 -0.005964 -3.141244 -0.014366 0.013993
    55 3.571526 0.110787 -0.409180 -0.010425 -0.147987 -0.662451
    56 2.150658 0.000000 0.000000 0.000000 0.000000 -1.596975
    57 1.152748 0.000002 -0.000001 0.000000 0.000000 -1.038469
    58 -0.009424 0.003368 0.009511 3.138994 -0.007577 -0.001092
    59 -0.009795 0.006993 0.001619 3.137400 -0.006826 0.001062
    60 -0.005070 0.017085 0.007624 3.135509 0.005211 0.001477
    61 3.684113 -0.153569 -1.419744 -0.174891 -0.206614 -0.214132
    62 1.701014 -0.000001 0.000000 0.000000 0.000000 -0.959933
    63 0.994705 -0.000004 0.000000 0.000000 0.000000 -0.436331
    64 0.015236 0.000657 -0.012633 3.136885 0.014164 0.000018
    65 -0.014324 -0.018461 0.000846 -3.134644 0.013210 0.007851
    66 -0.020566 0.000650 -0.004019 -3.126894 -0.002595 -0.013678
    67 1.068097 -1.283652 -0.986552 -2.057909 0.454527 -0.456008
    68 1.836308 -0.000002 0.000001 0.071731 -0.042788 -0.118793
    69 1.223948 0.000001 -0.000002 -0.030976 -0.071338 -0.420800
    70 -0.026768 0.000412 0.021024 -3.135050 0.011560 0.031832
    71 -0.030946 0.015453 0.007155 3.126687 -0.014474 -0.013279
    72 0.024326 0.034636 0.000721 -3.121606 0.015525 0.030344
    73 -0.046000 0.019587 0.021797 3.134639 0.020864 -0.001670
    74 6.694322 0.000002 0.000001 -1.663635 -0.066592 0.146669
    75 -6.579163 -0.452807 0.914976 1.390020 0.137634 0.072730
    76 -6.553783 -0.454803 0.900534 1.387994 0.108045 0.086436
  time 105
    0 -7.063633 -25.151405 -4.927975 1.884471 0.025970 0.678349
    1 7.820313 -3.039063 -8.804688 -1.082104 0.087263 -1.570797
    2 -0.000001 0.000002 0.000000 -0.021003 -0.098597 0.766856
    3 10.907404 0.000001 -0.000001 -0.000001 0.000012 -0.428155
    4 10.424325 -0.000011 -0.000033 2.468703 0.420364 -0.460671
    5 2.997275 0.005409 -1.477475 0.000000 0.000000 -0.471238
    6 1.510384 -0.000004 0.000000 0.000000 0.000000 -0.689404
    7 0.808659 -0.000001 0.000001 0.000000 0.000000 -0.654499
    8 -0.005463 0.010882 0.011922 -3.130701 -0.002586 -0.018476
    9 -0.001080 -0.005339 -0.002780 -3.138880 -0.004640 0.012721
    10 -0.019963 -0.004463 0.017139 3.137685 -0.000240 0.002472
    11 3.305800 0.203115 -0.546730 0.000000 0.000000 -0.488691
    12 1.807178 0.000000 -0.000004 0.000000 0.000000 -0.637045
    13 0.966141 0.000003 -0.000001 0.000000 0.000000 -0.497418
    14 -0.002205 0.006298 0.000417 3.133979 -0.003058 0.005338
    15 0.007872 0.003559 -0.000436 -3.124798 -0.001004 0.009074
    16 0.012690 -0.008244 0.010269 -3.131666 0.016691 0.012264
    17 3.571513 0.109304 0.409580 0.000000 0.000000 -0.427605
    18 2.150648 0.000002 -0.000003 0.000000 0.000000 -0.663223
    19 1.152746 -0.000003 0.000003 0.000000 0.000000 -0.523598
    20 0.000419 0.016150 0.002405 3.136320 -0.007304 -0.003105
    21 0.001816 -0.009672 -0.007393 3.139013 -0.008631 -0.008588
    22 -0.003752 -0.011593 -0.001195 3.133090 0.002976 0.014444
    23 3.684098 -0.158697 1.419183 0.000000 0.000000 -0.253072
    24 1.701014 0.000004 0.000004 0.000000 0.000000 -0.602138
    25 0.994714 -0.000002 -0.000008 0.000000 0.000000 -0.357792
    26 0.021160 0.011093 -0.004108 -3.137926 -0.002080 -0.001153
    27 -0.003428 0.010128 -0.008341 -3.140832 -0.004146 -0.019238
    28 0.004127 0.010881 0.000767 3.138806 -0.003164 -0.013821
    29 1.068074 -1.287202 0.981906 1.925949 -0.499323 -0.437818
    30 1.836308 -0.000001 0.000002 0.074245 -0.173006 -0.593150
    31 1.223949 -0.000002 0.000002 0.027395 -0.026912 -0.598150
    32 -0.012758 0.013269 0.005633 -3.132442 0.011957 -0.016684
    33 0.003252 0.002937 0.004907 3.134101 -0.012025 0.011384
    34 0.017597 0.001415 -0.271330 3.132743 -0.094250 -0.000348
    35 -0.034845 0.015532 -0.006371 -3.119476 -0.012752 0.011827
    36 6.868289 0.000003 0.000003 1.894370 0.030276 0.157882
    37 -6.002364 -0.460211 -0.868646 -0.695749 -0.131805 0.077518
    38 -6.002752 -0.459276 -0.867383 -0.699507 -0.131813 0.077097
    39 -10.921875 -4.957031 -11.492188 -1.570794 0.087264 -1.570796
    40 -0.000001 -0.000002 0.000004 -0.099204 -0.171620 0.185152
    41 10.907397 0.000000 -0.000001 -0.000346 -0.000019 -1.068337
    42 10.424307 0.000001 0.000016 -2.184639 0.443860 -0.033057
    43 2.997296 0.000062 1.477484 0.000000 0.104719 -1.038469
    44 1.510386 -0.000002 0.000000 0.000000 0.000000 -1.422442
    45 0.808652 0.000001 -0.000003 -0.087183 0.081589 -1.026206
    46 -0.010181 0.001544 -0.002427 3.133438 0.004938 -0.014530
    47 -0.007761 0.000776 -0.012938 -3.140949 0.009512 -0.002789
    48 -0.003515 0.022163 -0.007593 -3.131007 0.004989 -0.015563
    49 3.305811 0.201132 0.547463 0.097216 -0.050307 -0.854749
    50 1.807181 -0.000005 -0.000002 0.020283 -0.092164 -1.076370
    51 0.966146 0.000000 0.000000 0.000000 0.000000 -1.579521
    52 -0.004041 0.002991 -0.002260 -3.129316 0.007469 -0.002160
    53 -0.016014 -0.012525 -0.005755 -3.127586 -0.003209 -0.007102
    54 -0.010741 -0.015351 -0.005964 -3.141244 -0.014366 0.013993
    55 3.571526 0.110787 -0.409180 -0.010425 -0.147987 -0.662451
    56 2.150658 0.000000 0.000000 0.000000 0.000000 -1.596975
    57 1.152748 0.000002 -0.000001 0.000000 0.000000 -1.038469
    58 -0.009424 0.003368 0.009511 3.138994 -0.007577 -0.001092
    59 -0.009795 0.006993 0.001619 3.137400 -0.006826 0.001062
    60 -0.005070 0.017085 0.007624 3.135509 0.005211 0.001477
    61 3.684113 -0.153569 -1.419744 -0.173801 -0.207369 -0.219115
    62 1.701014 -0.000001 0.000000 0.000000 0.000000 -0.959933
    63 0.994705 -0.000004 0.000000 0.000000 0.000000 -0.436331
    64 0.015236 0.000657 -0.012633 3.136885 0.014164 0.000018
    65 -0.014324 -0.018461 0.000846 -3.134644 0.013210 0.007851
    66 -0.020566 0.000650 -0.004019 -3.126894 -0.002595 -0.013678
    67 1.068097 -1.283652 -0.986552 -2.057350 0.455115 -0.454750
    68 1.836308 -0.000002 0.000001 0.071731 -0.042788 -0.118793
    69 1.223948 0.000001 -0.000002 -0.030976 -0.071338 -0.420800
    70 -0.026768 0.000412 0.021024 -3.135050 0.011560 0.031832
    71 -0.030946 0.015453 0.007155 3.126687 -0.014474 -0.013279
    72 0.024326 0.034636 0.000721 -3.121606 0.015525 0.030344
    73 -0.046000 0.019587 0.021797 3.134639 0.020864 -0.001670
    74 6.694322 0.000002 0.000001 -1.660484 -0.067059 0.146465
    75 -6.579163 -0.452807 0.914976 1.390020 0.137634 0.072730
    76 -6.553783 -0.454803 0.900534 1.387994 0.108045 0.086436
  time 106
    0 -7.044101 -25.151405 -4.939694 1.885127 0.022580 0.691626
    1 7.820313 -3.039063 -8.804688 -1.082104 0.087263 -1.570797
    2 -0.000001 0.000002 0.000000 -0.021003 -0.098597 0.766856
    3 10.907404 0.000001 -0.000001 -0.000001 0.000012 -0.428155
    4 10.424325 -0.000011 -0.000033 2.468703 0.420364 -0.460671
    5 2.997275 0.005409 -1.477475 0.000000 0.000000 -0.471238
    6 1.510384 -0.000004 0.000000 0.000000 0.000000 -0.689404
    7 0.808659 -0.000001 0.000001 0.000000 0.000000 -0.654499
    8 -0.005463 0.010882 0.011922 -3.130701 -0.002586 -0.018476
    9 -0.001080 -0.005339 -0.002780 -3.138880 -0.004640 0.012721
    10 -0.019963 -0.004463 0.017139 3.137685 -0.000240 0.002472
    11 3.305800 0.203115 -0.546730 0.000000 0.000000 -0.488691
    12 1.807178 0.000000 -0.000004 0.000000 0.000000 -0.637045
    13 0.966141 0.000003 -0.000001 0.000000 0.000000 -0.497418
    14 -0.002205 0.006298 0.000417 3.133979 -0.003058 0.005338
    15 0.007872 0.003559 -0.000436 -3.124798 -0.001004 0.009074
    16 0.012690 -0.008244 0.010269 -3.131666 0.016691 0.012264
    17 3.571513 0.109304 0.409580 0.000000 0.000000 -0.427605
    18 2.150648 0.000002 -0.000003 0.000000 0.000000 -0.663223
    19 1.152746 -0.000003 0.000003 0.000000 0.000000 -0.523598
    20 0.000419 0.016150 0.002405 3.136320 -0.007304 -0.003105
    21 0.001816 -0.009672 -0.007393 3.139013 -0.008631 -0.008588
    22 -0.003752 -0.011593 -0.001195 3.133090 0.002976 0.014444
    23 3.684098 -0.158697 1.419183 0.000000 0.000000 -0.253072
    24 1.701014 0.000004 0.000004 0.000000 0.000000 -0.602138
    25 0.994714 -0.000002 -0.000008 0.000000 0.000000 -0.357792
    26 0.021160 0.011093 -0.004108 -3.137926 -0.002080 -0.001153
    27 -0.003428 0.010128 -0.008341 -3.140832 -0.004146 -0.019238
    28 0.004127 0.010881 0.000767 3.138806 -0.003164 -0.013821
    29 1.068074 -1.287202 0.981906 1.925949 -0.499323 -0.437818
    30 1.836308 -0.000001 0.000002 0.074245 -0.173006 -0.593150
    31 1.223949 -0.000002 0.000002 0.027395 -0.026912 -0.598150
    32 -0.012758 0.013269 0.005633 -3.132442 0.011957 -0.016684
    33 0.003252 0.002937 0.004907 3.134101 -0.012025 0.011384
    34 0.017597 0.001415 -0.271330 3.132743 -0.094250 -0.000348
    35 -0.034845 0.015532 -0.006371 -3.119476 -0.012752 0.011827
    36 6.868289 0.000003 0.000003 1.894370 0.030276 0.157882
    37 -6.002364 -0.460211 -0.868646 -0.695749 -0.131805 0.077518
    38 -6.002752 -0.459276 -0.867383 -0.699507 -0.131813 0.077097
    39 -10.921875 -4.957031 -11.492188 -1.570794 0.087264 -1.570796
    40 -0.000001 -0.000002 0.000004 -0.099172 -0.171509 0.185691
    41 10.907397 0.000000 -0.000001 -0.000346 -0.000019 -1.068758
    42 10.424307 0.000001 0.000016 -2.175892 0.438848 -0.028367
    43 2.997296 0.000062 1.477484 0.000000 0.104719 -1.038469
    44 1.510386 -0.000002 0.000000 0.000000 0.000000 -1.422442
    45 0.808652 0.000001 -0.000003 -0.087183 0.081589 -1.026206
    46 -0.010181 0.001544 -0.002427 3.133438 0.004938 -0.014530
    47 -0.007761 0.000776 -0.012938 -3.140949 0.009512 -0.002789
    48 -0.003515 0.022163 -0.007593 -3.131007 0.004989 -0.015563
    49 3.305811 0.201132 0.547463 0.097216 -0.050307 -0.854749
    50 1.807181 -0.000005 -0.000002 0.020283 -0.092164 -1.076370
    51 0.966146 0.000000 0.000000 0.000000 0.000000 -1.579521
    52 -0.004041 0.002991 -0.002260 -3.129316 0.007469 -0.002160
    53 -0.016014 -0.012525 -0.005755 -3.127586 -0.003209 -0.007102
    54 -0.010741 -0.015351 -0.005964 -3.141244 -0.014366 0.013993
    55 3.571526 0.110787 -0.409180 -0.010425 -0.147987 -0.662451
    56 2.150658 0.000000 0.000000 0.000000 0.000000 -1.596975
    57 1.152748 0.000002 -0.000001 0.000000 0.000000 -1.038469
    58 -0.009424 0.003368 0.009511 3.138994 -0.007577 -0.001092
    59 -0.009795 0.006993 0.001619 3.137400 -0.006826 0.001062
    60 -0.005070 0.017085 0.007624 3.135509 0.005211 0.001477
    61 3.684113 -0.153569 -1.419744 -0.172614 -0.208196 -0.224487
    62 1.701014 -0.000001 0.000000 0.000000 0.000000 -0.959933
    63 0.994705 -0.000004 0.000000 0.000000 0.000000 -0.436331
    64 0.015236 0.000657 -0.012633 3.136885 0.014164 0.000018
    65 -0.014324 -0.018461 0.000846 -3.134644 0.013210 0.007851
    66 -0.020566 0.000650 -0.004019 -3.126894 -0.002595 -0.013678
    67 1.068097 -1.283652 -0.986552 -2.056740 0.455750 -0.453395
    68 1.836308 -0.000002 0.000001 0.071731 -0.042788 -0.118793
    69 1.223948 0.000001 -0.000002 -0.030976 -0.071338 -0.420800
    70 -0.026768 0.000412 0.021024 -3.135050 0.011560 0.031832
    71 -0.030946 0.015453 0.007155 3.126687 -0.014474 -0.013279
    72 0.024326 0.034636 0.000721 -3.121606 0.015525 0.030344
    73 -0.046000 0.019587 0.021797 3.134639 0.020864 -0.001670
    74 6.694322 0.000002 0.000001 -1.657196 -0.067538 0.146238
    75 -6.579163 -0.452807 0.914976 1.390020 0.137634 0.072730
    76 -6.553783 -0.454803 0.900534 1.387994 0.108045 0.086436
  time 107
    0 -7.020663 -25.151405 -4.951414 1.885690 0.019282 0.705567
    1 7.820313 -3.039063 -8.804688 -1.082104 0.087263 -1.570797
    2 -0.000001 0.000002 0.000000 -0.021003 -0.098597 0.766856
    3 10.907404 0.000001 -0.000001 -0.000001 0.000012 -0.428155
    4 10.424325 -0.000011 -0.000033 2.468703 0.420364 -0.460671
    5 2.997275 0.005409 -1.477475 0.000000 0.000000 -0.471238
    6 1.510384 -0.000004 0.000000 0.000000 0.000000 -0.689404
    7 0.808659 -0.000001 0.000001 0.000000 0.000000 -0.654499
    8 -0.005463 0.010882 0.011922 -3.130701 -0.002586 -0.018476
    9 -0.001080 -0.005339 -0.002780 -3.138880 -0.004640 0.012721
    10 -0.019963 -0.004463 0.017139 3.137685 -0.000240 0.002472
    11 3.305800 0.203115 -0.546730 0.000000 0.000000 -0.488691
    12 1.807178 0.000000 -0.000004 0.000000 0.000000 -0.637045
    13 0.966141 0.000003 -0.000001 0.000000 0.000000 -0.497418
    14 -0.002205 0.006298 0.000417 3.133979 -0.003058 0.005338
    15 0.007872 0.003559 -0.000436 -3.124798 -0.001004 0.009074
    16 0.012690 -0.008244 0.010269 -3.131666 0.016691 0.012264
    17 3.571513 0.109304 0.409580 0.000000 0.000000 -0.427605
    18 2.150648 0.000002 -0.000003 0.000000 0.000000 -0.663223
    19 1.152746 -0.000003 0.000003 0.000000 0.000000 -0.523598
    20 0.000419 0.016150 0.002405 3.136320 -0.007304 -0.003105
    21 0.001816 -0.009672 -0.007393 3.139013 -0.008631 -0.008588
    22 -0.003752 -0.011593 -0.001195 3.133090 0.002976 0.014444
    23 3.684098 -0.158697 1.419183 0.000000 0.000000 -0.253072
    24 1.701014 0.000004 0.000004 0.000000 0.000000 -0.602138
    25 0.994714 -0.000002 -0.000008 0.000000 0.000000 -0.357792
    26 0.021160 0.011093 -0.004108 -3.137926 -0.002080 -0.001153
    27 -0.003428 0.010128 -0.008341 -3.140832 -0.004146 -0.019238
    28 0.004127 0.010881 0.000767 3.138806 -0.003164 -0.013821
    29 1.068074 -1.287202 0.981906 1.925949 -0.499323 -0.437818
    30 1.836308 -0.000001 0.000002 0.074245 -0.173006 -0.593150
    31 1.223949 -0.000002 0.000002 0.027395 -0.026912 -0.598150
    32 -0.012758 0.013269 0.005633 -3.132442 0.011957 -0.016684
    33 0.003252 0.002937 0.004907 3.134101 -0.012025 0.011384
    34 0.017597 0.001415 -0.271330 3.132743 -0.094250 -0.000348
    35 -0.034845 0.015532 -0.006371 -3.119476 -0.012752 0.011827
    36 6.868289 0.000003 0.000003 1.894370 0.030276 0.157882
    37 -6.002364 -0.460211 -0.868646 -0.695749 -0.131805 0.077518
    38 -6.002752 -0.459276 -0.867383 -0.699507 -0.131813 0.077097
    39 -10.921875 -4.957031 -11.492188 -1.570794 0.087264 -1.570796
    40 -0.000001 -0.000002 0.000004 -0.099140 -0.171361 0.186141
    41 10.907397 0.000000 -0.000001 -0.000346 -0.000019 -1.069143
    42 10.424307 0.000001 0.000016 -2.166922 0.433426 -0.023851
    43 2.997296 0.000062 1.477484 0.000000 0.104719 -1.038469
    44 1.510386 -0.000002 0.000000 0.000000 0.000000 -1.422442
    45 0.808652 0.000001 -0.000003 -0.087183 0.081589 -1.026206
    46 -0.010181 0.001544 -0.002427 3.133438 0.004938 -0.014530
    47 -0.007761 0.000776 -0.012938 -3.140949 0.009512 -0.002789
    48 -0.003515 0.022163 -0.007593 -3.131007 0.004989 -0.015563
    49 3.305811 0.201132 0.547463 0.097216 -0.050307 -0.854749
    50 1.807181 -0.000005 -0.000002 0.020283 -0.092164 -1.076370
    51 0.966146 0.000000 0.000000 0.000000 0.000000 -1.579521
    52 -0.004041 0.002991 -0.002260 -3.129316 0.007469 -0.002160
    53 -0.016014 -0.012525 -0.005755 -3.127586 -0.003209 -0.007102
    54 -0.010741 -0.015351 -0.005964 -3.141244 -0.014366 0.013993
    55 3.571526 0.110787 -0.409180 -0.010425 -0.147987 -0.662451
    56 2.150658 0.000000 0.000000 0.000000 0.000000 -1.596975
    57 1.152748 0.000002 -0.000001 0.000000 0.000000 -1.038469
    58 -0.009424 0.003368 0.009511 3.138994 -0.007577 -0.001092
    59 -0.009795 0.006993 0.001619 3.137400 -0.006826 0.001062
    60 -0.005070 0.017085 0.007624 3.135509 0.005211 0.001477
    61 3.684113 -0.153569 -1.419744 -0.171356 -0.209071 -0.230208
    62 1.701014 -0.000001 0.000000 0.000000 0.000000 -0.959933
    63 0.994705 -0.000004 0.000000 0.000000 0.000000 -0.436331
    64 0.015236 0.000657 -0.012633 3.136885 0.014164 0.000018
    65 -0.014324 -0.018461 0.000846 -3.134644 0.013210 0.007851
    66 -0.020566 0.000650 -0.004019 -3.126894 -0.002595 -0.013678
    67 1.068097 -1.283652 -0.986552 -2.056090 0.456421 -0.451945
    68 1.836308 -0.000002 0.000001 0.071731 -0.042788 -0.118793
    69 1.223948 0.000001 -0.000002 -0.030976 -0.071338 -0.420800
    70 -0.026768 0.000412 0.021024 -3.135050 0.011560 0.031832
    71 -0.030946 0.015453 0.007155 3.126687 -0.014474 -0.013279
    72 0.024326 0.034636 0.000721 -3.121606 0.015525 0.030344
    73 -0.046000 0.019587 0.021797 3.134639 0.020864 -0.001670
    74 6.694322 0.000002 0.000001 -1.653816 -0.068042 0.146010
    75 -6.579163 -0.452807 0.914976 1.390020 0.137634 0.072730
    76 -6.553783 -0.454803 0.900534 1.387994 0.108045 0.086436
  time 108
    0 -7.001131 -25.151405 -4.959226 1.886159 0.016075 0.720362
    1 7.820313 -3.039063 -8.804688 -1.082104 0.087263 -1.570797
    2 -0.000001 0.000002 0.000000 -0.021003 -0.098597 0.766856
    3 10.907404 0.000001 -0.000001 -0.000001 0.000012 -0.428155
    4 10.424325 -0.000011 -0.000033 2.468703 0.420364 -0.460671
    5 2.997275 0.005409 -1.477475 0.000000 0.000000 -0.471238
    6 1.510384 -0.000004 0.000000 0.000000 0.000000 -0.689404
    7 0.808659 -0.000001 0.000001 0.000000 0.000000 -0.654499
    8 -0.005463 0.010882 0.011922 -3.130701 -0.002586 -0.018476
    9 -0.001080 -0.005339 -0.002780 -3.138880 -0.004640 0.012721
    10 -0.019963 -0.004463 0.017139 3.137685 -0.000240 0.002472
    11 3.305800 0.203115 -0.546730 0.000000 0.000000 -0.488691
    12 1.807178 0.000000 -0.000004 0.000000 0.000000 -0.637045
    13 0.966141 0.000003 -0.000001 0.000000 0.000000 -0.497418
    14 -0.002205 0.006298 0.000417 3.133979 -0.003058 0.005338
    15 0.007872 0.003559 -0.000436 -3.124798 -0.001004 0.009074
    16 0.012690 -0.008244 0.010269 -3.131666 0.016691 0.012264
    17 3.571513 0.109304 0.409580 0.000000 0.000000 -0.427605
    18 2.150648 0.000002 -0.000003 0.000000 0.000000 -0.663223
    19 1.152746 -0.000003 0.000003 0.000000 0.000000 -0.523598
    20 0.000419 0.016150 0.002405 3.136320 -0.007304 -0.003105
    21 0.001816 -0.009672 -0.007393 3.139013 -0.008631 -0.008588
    22 -0.003752 -0.011593 -0.001195 3.133090 0.002976 0.014444
    23 3.684098 -0.158697 1.419183 0.000000 0.000000 -0.253072
    24 1.701014 0.000004 0.000004 0.000000 0.000000 -0.602138
    25 0.994714 -0.000002 -0.000008 0.000000 0.000000 -0.357792
    26 0.021160 0.011093 -0.004108 -3.137926 -0.002080 -0.001153
    27 -0.003428 0.010128 -0.008341 -3.140832 -0.004146 -0.019238
    28 0.004127 0.010881 0.000767 3.138806 -0.003164 -0.013821
    29 1.068074 -1.287202 0.981906 1.925949 -0.499323 -0.437818
    30 1.836308 -0.000001 0.000002 0.074245 -0.173006 -0.593150
    31 1.223949 -0.000002 0.000002 0.027395 -0.026912 -0.598150
    32 -0.012758 0.013269 0.005633 -3.132442 0.011957 -0.016684
    33 0.003252 0.002937 0.004907 3.134101 -0.012025 0.011384
    34 0.017597 0.001415 -0.271330 3.132743 -0.094250 -0.000348
    35 -0.034845 0.015532 -0.006371 -3.119476 -0.012752 0.011827
    36 6.868289 0.000003 0.000003 1.894370 0.030276 0.157882
    37 -6.002364 -0.460211 -0.868646 -0.695749 -0.131805 0.077518
    38 -6.002752 -0.459276 -0.867383 -0.699507 -0.131813 0.077097
    39 -10.921875 -4.957031 -11.492188 -1.570794 0.087264 -1.570796
    40 -0.000001 -0.000002 0.000004 -0.099108 -0.171213 0.186680
    41 10.907397 0.000000 -0.000001 -0.000346 -0.000019 -1.069528
    42 10.424307 0.000001 0.000016 -2.157652 0.427555 -0.019336
    43 2.997296 0.000062 1.477484 0.000000 0.104719 -1.038469
    44 1.510386 -0.000002 0.000000 0.000000 0.000000 -1.422442
    45 0.808652 0.000001 -0.000003 -0.087183 0.081589 -1.026206
    46 -0.010181 0.001544 -0.002427 3.133438 0.004938 -0.014530
    47 -0.007761 0.000776 -0.012938 -3.140949 0.009512 -0.002789
    48 -0.003515 0.022163 -0.007593 -3.131007 0.004989 -0.015563
    49 3.305811 0.201132 0.547463 0.097216 -0.050307 -0.854749
    50 1.807181 -0.000005 -0.000002 0.020283 -0.092164 -1.076370
    51 0.966146 0.000000 0.000000 0.000000 0.000000 -1.579521
    52 -0.004041 0.002991 -0.002260 -3.129316 0.007469 -0.002160
    53 -0.016014 -0.012525 -0.005755 -3.127586 -0.003209 -0.007102
    54 -0.010741 -0.015351 -0.005964 -3.141244 -0.014366 0.013993
    55 3.571526 0.110787 -0.409180 -0.010425 -0.147987 -0.662451
    56 2.150658 0.000000 0.000000 0.000000 0.000000 -1.596975
    57 1.152748 0.000002 -0.000001 0.000000 0.000000 -1.038469
    58 -0.009424 0.003368 0.009511 3.138994 -0.007577 -0.001092
    59 -0.009795 0.006993 0.001619 3.137400 -0.006826 0.001062
    60 -0.005070 0.017085 0.007624 3.135509 0.005211 0.001477
    61 3.684113 -0.153569 -1.419744 -0.170025 -0.209993 -0.236298
    62 1.701014 -0.000001 0.000000 0.000000 0.000000 -0.959933
    63 0.994705 -0.000004 0.000000 0.000000 0.000000 -0.436331
    64 0.015236 0.000657 -0.012633 3.136885 0.014164 0.000018
    65 -0.014324 -0.018461 0.000846 -3.134644 0.013210 0.007851
    66 -0.020566 0.000650 -0.004019 -3.126894 -0.002595 -0.013678
    67 1.068097 -1.283652 -0.986552 -2.055415 0.457128 -0.450411
    68 1.836308 -0.000002 0.000001 0.071731 -0.042788 -0.118793
    69 1.223948 0.000001 -0.000002 -0.030976 -0.071338 -0.420800
    70 -0.026768 0.000412 0.021024 -3.135050 0.011560 0.031832
    71 -0.030946 0.015453 0.007155 3.126687 -0.014474 -0.013279
    72 0.024326 0.034636 0.000721 -3.121606 0.015525 0.030344
    73 -0.046000 0.019587 0.021797 3.134639 0.020864 -0.001670
    74 6.694322 0.000002 0.000001 -1.650254 -0.068557 0.145770
    75 -6.579163 -0.452807 0.914976 1.390020 0.137634 0.072730
    76 -6.553783 -0.454803 0.900534 1.387994 0.108045 0.086436
  time 109
    0 -6.977693 -25.151405 -4.967039 1.886441 0.012960 0.735915
    1 7.820313 -3.039063 -8.804688 -1.082104 0.087263 -1.570797
    2 -0.000001 0.000002 0.000000 -0.021003 -0.098597 0.766856
    3 10.907404 0.000001 -0.000001 -0.000001 0.000012 -0.428155
    4 10.424325 -0.000011 -0.000033 2.468703 0.420364 -0.460671
    5 2.997275 0.005409 -1.477475 0.000000 0.000000 -0.471238
    6 1.510384 -0.000004 0.000000 0.000000 0.000000 -0.689404
    7 0.808659 -0.000001 0.000001 0.000000 0.000000 -0.654499
    8 -0.005463 0.010882 0.011922 -3.130701 -0.002586 -0.018476
    9 -0.001080 -0.005339 -0.002780 -3.138880 -0.004640 0.012721
    10 -0.019963 -0.004463 0.017139 3.137685 -0.000240 0.002472
    11 3.305800 0.203115 -0.546730 0.000000 0.000000 -0.488691
    12 1.807178 0.000000 -0.000004 0.000000 0.000000 -0.637045
    13 0.966141 0.000003 -0.000001 0.000000 0.000000 -0.497418
    14 -0.002205 0.006298 0.000417 3.133979 -0.003058 0.005338
    15 0.007872 0.003559 -0.000436 -3.124798 -0.001004 0.009074
    16 0.012690 -0.008244 0.010269 -3.131666 0.016691 0.012264
    17 3.571513 0.109304 0.409580 0.000000 0.000000 -0.427605
    18 2.150648 0.000002 -0.000003 0.000000 0.000000 -0.663223
    19 1.152746 -0.000003 0.000003 0.000000 0.000000 -0.523598
    20 0.000419 0.016150 0.002405 3.136320 -0.007304 -0.003105
    21 0.001816 -0.009672 -0.007393 3.139013 -0.008631 -0.008588
    22 -0.003752 -0.011593 -0.001195 3.133090 0.002976 0.014444
    23 3.684098 -0.158697 1.419183 0.000000 0.000000 -0.253072
    24 1.701014 0.000004 0.000004 0.000000 0.000000 -0.602138
    25 0.994714 -0.000002 -0.000008 0.000000 0.000000 -0.357792
    26 0.021160 0.011093 -0.004108 -3.137926 -0.002080 -0.001153
    27 -0.003428 0.010128 -0.008341 -3.140832 -0.004146 -0.019238
    28 0.004127 0.010881 0.000767 3.138806 -0.003164 -0.013821
    29 1.068074 -1.287202 0.981906 1.925949 -0.499323 -0.437818
    30 1.836308 -0.000001 0.000002 0.074245 -0.173006 -0.593150
    31 1.223949 -0.000002 0.000002 0.027395 -0.026912 -0.598150
    32 -0.012758 0.013269 0.005633 -3.132442 0.011957 -0.016684
    33 0.003252 0.002937 0.004907 3.134101 -0.012025 0.011384
    34 0.017597 0.001415 -0.271330 3.132743 -0.094250 -0.000348
    35 -0.034845 0.015532 -0.006371 -3.119476 -0.012752 0.011827
    36 6.868289 0.000003 0.000003 1.894370 0.030276 0.157882
    37 -6.002364 -0.460211 -0.868646 -0.695749 -0.131805 0.077518
    38 -6.002752 -0.459276 -0.867383 -0.699507 -0.131813 0.077097
    39 -10.921875 -4.957031 -11.492188 -1.570794 0.087264 -1.570796
    40 -0.000001 -0.000002 0.000004 -0.099045 -0.171102 0.187130
    41 10.907397 0.000000 -0.000001 -0.000346 -0.000019 -1.069878
    42 10.424307 0.000001 0.000016 -2.148084 0.421235 -0.015080
    43 2.997296 0.000062 1.477484 0.000000 0.104719 -1.038469
    44 1.510386 -0.000002 0.000000 0.000000 0.000000 -1.422442
    45 0.808652 0.000001 -0.000003 -0.087183 0.081589 -1.026206
    46 -0.010181 0.001544 -0.002427 3.133438 0.004938 -0.014530
    47 -0.007761 0.000776 -0.012938 -3.140949 0.009512 -0.002789
    48 -0.003515 0.022163 -0.007593 -3.131007 0.004989 -0.015563
    49 3.305811 0.201132 0.547463 0.097216 -0.050307 -0.854749
    50 1.807181 -0.000005 -0.000002 0.020283 -0.092164 -1.076370
    51 0.966146 0.000000 0.000000 0.000000 0.000000 -1.579521
    52 -0.004041 0.002991 -0.002260 -3.129316 0.007469 -0.002160
    53 -0.016014 -0.012525 -0.005755 -3.127586 -0.003209 -0.007102
    54 -0.010741 -0.015351 -0.005964 -3.141244 -0.014366 0.013993
    55 3.571526 0.110787 -0.409180 -0.010425 -0.147987 -0.662451
    56 2.150658 0.000000 0.000000 0.000000 0.000000 -1.596975
    57 1.152748 0.000002 -0.000001 0.000000 0.000000 -1.038469
    58 -0.009424 0.003368 0.009511 3.138994 -0.007577 -0.001092
    59 -0.009795 0.006993 0.001619 3.137400 -0.006826 0.001062
    60 -0.005070 0.017085 0.007624 3.135509 0.005211 0.001477
    61 3.684113 -0.153569 -1.419744 -0.168611 -0.210976 -0.242675
    62 1.701014 -0.000001 0.000000 0.000000 0.000000 -0.959933
    63 0.994705 -0.000004 0.000000 0.000000 0.000000 -0.436331
    64 0.015236 0.000657 -0.012633 3.136885 0.014164 0.000018
    65 -0.014324 -0.018461 0.000846 -3.134644 0.013210 0.007851
    66 -0.020566 0.000650 -0.004019 -3.126894 -0.002595 -0.013678
    67 1.068097 -1.283652 -0.986552 -2.054688 0.457883 -0.448793
    68 1.836308 -0.000002 0.000001 0.071731 -0.042788 -0.118793
    69 1.223948 0.000001 -0.000002 -0.030976 -0.071338 -0.420800
    70 -0.026768 0.000412 0.021024 -3.135050 0.011560 0.031832
    71 -0.030946 0.015453 0.007155 3.126687 -0.014474 -0.013279
    72 0.024326 0.034636 0.000721 -3.121606 0.015525 0.030344
    73 -0.046000 0.019587 0.021797 3.134639 0.020864 -0.001670
    74 6.694322 0.000002 0.000001 -1.646646 -0.069084 0.145519
    75 -6.579163 -0.452807 0.914976 1.390020 0.137634 0.072730
    76 -6.553783 -0.454803 0.900534 1.387994 0.108045 0.086436
  time 110
    0 -6.950348 -25.151405 -4.974852 1.886535 0.009982 0.752227
    1 7.820313 -3.039063 -8.804688 -1.082104 0.087263 -1.570797
    2 -0.000001 0.000002 0.000000 -0.021003 -0.098597 0.766856
    3 10.907404 0.000001 -0.000001 -0.000001 0.000012 -0.428155
    4 10.424325 -0.000011 -0.000033 2.468703 0.420364 -0.460671
    5 2.997275 0.005409 -1.477475 0.000000 0.000000 -0.471238
    6 1.510384 -0.000004 0.000000 0.000000 0.000000 -0.689404
    7 0.808659 -0.000001 0.000001 0.000000 0.000000 -0.654499
    8 -0.005463 0.010882 0.011922 -3.130701 -0.002586 -0.018476
    9 -0.001080 -0.005339 -0.002780 -3.138880 -0.004640 0.012721
    10 -0.019963 -0.004463 0.017139 3.137685 -0.000240 0.002472
    11 3.305800 0.203115 -0.546730 0.000000 0.000000 -0.488691
    12 1.807178 0.000000 -0.000004 0.000000 0.000000 -0.637045
    13 0.966141 0.000003 -0.000001 0.000000 0.000000 -0.497418
    14 -0.002205 0.006298 0.000417 3.133979 -0.003058 0.005338
    15 0.007872 0.003559 -0.000436 -3.124798 -0.001004 0.009074
    16 0.012690 -0.008244 0.010269 -3.131666 0.016691 0.012264
    17 3.571513 0.109304 0.409580 0.000000 0.000000 -0.427605
    18 2.150648 0.000002 -0.000003 0.000000 0.000000 -0.663223
    19 1.152746 -0.000003 0.000003 0.000000 0.000000 -0.523598
    20 0.000419 0.016150 0.002405 3.136320 -0.007304 -0.003105
    21 0.001816 -0.009672 -0.007393 3.139013 -0.008631 -0.008588
    22 -0.003752 -0.011593 -0.001195 3.133090 0.002976 0.014444
    23 3.684098 -0.158697 1.419183 0.000000 0.000000 -0.253072
    24 1.701014 0.000004 0.000004 0.000000 0.000000 -0.602138
    25 0.994714 -0.000002 -0.000008 0.000000 0.000000 -0.357792
    26 0.021160 0.011093 -0.004108 -3.137926 -0.002080 -0.001153
    27 -0.003428 0.010128 -0.008341 -3.140832 -0.004146 -0.019238
    28 0.004127 0.010881 0.000767 3.138806 -0.003164 -0.013821
    29 1.068074 -1.287202 0.981906 1.925949 -0.499323 -0.437818
    30 1.836308 -0.000001 0.000002 0.074245 -0.173006 -0.593150
    31 1.223949 -0.000002 0.000002 0.027395 -0.026912 -0.598150
    32 -0.012758 0.013269 0.005633 -3.132442 0.011957 -0.016684
    33 0.003252 0.002937 0.004907 3.134101 -0.012025 0.011384
    34 0.017597 0.001415 -0.271330 3.132743 -0.094250 -0.000348
    35 -0.034845 0.015532 -0.006371 -3.119476 -0.012752 0.011827
    36 6.868289 0.000003 0.000003 1.894370 0.030276 0.157882
    37 -6.002364 -0.460211 -0.868646 -0.695749 -0.131805 0.077518
    38 -6.002752 -0.459276 -0.867383 -0.699507 -0.131813 0.077097
    39 -10.921875 -4.957031 -11.492188 -1.570794 0.087264 -1.570796
    40 -0.000001 -0.000002 0.000004 -0.099013 -0.170954 0.187489
    41 10.907397 0.000000 -0.000001 -0.000346 -0.000019 -1.070158
    42 10.424307 0.000001 0.000016 -2.138216 0.414428 -0.010912
    43 2.997296 0.000062 1.477484 0.000000 0.104719 -1.038469
    44 1.510386 -0.000002 0.000000 0.000000 0.000000 -1.422442
    45 0.808652 0.000001 -0.000003 -0.087183 0.081589 -1.026206
    46 -0.010181 0.001544 -0.002427 3.133438 0.004938 -0.014530
    47 -0.007761 0.000776 -0.012938 -3.140949 0.009512 -0.002789
    48 -0.003515 0.022163 -0.007593 -3.131007 0.004989 -0.015563
    49 3.305811 0.201132 0.547463 0.097216 -0.050307 -0.854749
    50 1.807181 -0.000005 -0.000002 0.020283 -0.092164 -1.076370
    51 0.966146 0.000000 0.000000 0.000000 0.000000 -1.579521
    52 -0.004041 0.002991 -0.002260 -3.129316 0.007469 -0.002160
    53 -0.016014 -0.012525 -0.005755 -3.127586 -0.003209 -0.007102
    54 -0.010741 -0.015351 -0.005964 -3.141244 -0.014366 0.013993
    55 3.571526 0.110787 -0.409180 -0.010425 -0.147987 -0.662451
    56 2.150658 0.000000 0.000000 0.000000 0.000000 -1.596975
    57 1.152748 0.000002 -0.000001 0.000000 0.000000 -1.038469
    58 -0.009424 0.003368 0.009511 3.138994 -0.007577 -0.001092
    59 -0.009795 0.006993 0.001619 3.137400 -0.006826 0.001062
    60 -0.005070 0.017085 0.007624 3.135509 0.005211 0.001477
    61 3.684113 -0.153569 -1.419744 -0.167149 -0.211995 -0.249360
    62 1.701014 -0.000001 0.000000 0.000000 0.000000 -0.959933
    63 0.994705 -0.000004 0.000000 0.000000 0.000000 -0.436331
    64 0.015236 0.000657 -0.012633 3.136885 0.014164 0.000018
    65 -0.014324 -0.018461 0.000846 -3.134644 0.013210 0.007851
    66 -0.020566 0.000650 -0.004019 -3.126894 -0.002595 -0.013678
    67 1.068097 -1.283652 -0.986552 -2.053934 0.458674 -0.447103
    68 1.836308 -0.000002 0.000001 0.071731 -0.042788 -0.118793
    69 1.223948 0.000001 -0.000002 -0.030976 -0.071338 -0.420800
    70 -0.026768 0.000412 0.021024 -3.135050 0.011560 0.031832
    71 -0.030946 0.015453 0.007155 3.126687 -0.014474 -0.013279
    72 0.024326 0.034636 0.000721 -3.121606 0.015525 0.030344
    73 -0.046000 0.019587 0.021797 3.134639 0.020864 -0.001670
    74 6.694322 0.000002 0.000001 -1.642855 -0.069636 0.145255
    75 -6.579163 -0.452807 0.914976 1.390020 0.137634 0.072730
    76 -6.553783 -0.454803 0.900534 1.387994 0.108045 0.086436
  time 111
    0 -6.923004 -25.147499 -4.982664 1.886441 0.007096 0.769298
    1 7.820313 -3.039063 -8.804688 -1.082104 0.087263 -1.570797
    2 -0.000001 0.000002 0.000000 -0.021003 -0.098597 0.766856
    3 10.907404 0.000001 -0.000001 -0.000001 0.000012 -0.428155
    4 10.424325 -0.000011 -0.000033 2.468703 0.420364 -0.460671
    5 2.997275 0.005409 -1.477475 0.000000 0.000000 -0.471238
    6 1.510384 -0.000004 0.000000 0.000000 0.000000 -0.689404
    7 0.808659 -0.000001 0.000001 0.000000 0.000000 -0.654499
    8 -0.005463 0.010882 0.011922 -3.130701 -0.002586 -0.018476
    9 -0.001080 -0.005339 -0.002780 -3.138880 -0.004640 0.012721
    10 -0.019963 -0.004463 0.017139 3.137685 -0.000240 0.002472
    11 3.305800 0.203115 -0.546730 0.000000 0.000000 -0.488691
    12 1.807178 0.000000 -0.000004 0.000000 0.000000 -0.637045
    13 0.966141 0.000003 -0.000001 0.000000 0.000000 -0.497418
    14 -0.002205 0.006298 0.000417 3.133979 -0.003058 0.005338
    15 0.007872 0.003559 -0.000436 -3.124798 -0.001004 0.009074
    16 0.012690 -0.008244 0.010269 -3.131666 0.016691 0.012264
    17 3.571513 0.109304 0.409580 0.000000 0.000000 -0.427605
    18 2.150648 0.000002 -0.000003 0.000000 0.000000 -0.663223
    19 1.152746 -0.000003 0.000003 0.000000 0.000000 -0.523598
    20 0.000419 0.016150 0.002405 3.136320 -0.007304 -0.003105
    21 0.001816 -0.009672 -0.007393 3.139013 -0.008631 -0.008588
    22 -0.003752 -0.011593 -0.001195 3.133090 0.002976 0.014444
    23 3.684098 -0.158697 1.419183 0.000000 0.000000 -0.253072
    24 1.701014 0.000004 0.000004 0.000000 0.000000 -0.602138
    25 0.994714 -0.000002 -0.000008 0.000000 0.000000 -0.357792
    26 0.021160 0.011093 -0.004108 -3.137926 -0.002080 -0.001153
    27 -0.003428 0.010128 -0.008341 -3.140832 -0.004146 -0.019238
    28 0.004127 0.010881 0.000767 3.138806 -0.003164 -0.013821
    29 1.068074 -1.287202 0.981906 1.925949 -0.499323 -0.437818
    30 1.836308 -0.000001 0.000002 0.074245 -0.173006 -0.593150
    31 1.223949 -0.000002 0.000002 0.027395 -0.026912 -0.598150
    32 -0.012758 0.013269 0.005633 -3.132442 0.011957 -0.016684
    33 0.003252 0.002937 0.004907 3.134101 -0.012025 0.011384
    34 0.017597 0.001415 -0.271330 3.132743 -0.094250 -0.000348
    35 -0.034845 0.015532 -0.006371 -3.119476 -0.012752 0.011827
    36 6.868289 0.000003 0.000003 1.894370 0.030276 0.157882
    37 -6.002364 -0.460211 -0.868646 -0.695749 -0.131805 0.077518
    38 -6.002752 -0.459276 -0.867383 -0.699507 -0.131813 0.077097
    39 -10.921875 -4.957031 -11.492188 -1.570794 0.087264 -1.570796
    40 -0.000001 -0.000002 0.000004 -0.098949 -0.170805 0.187759
    41 10.907397 0.000000 -0.000001 -0.000346 -0.000019 -1.070438
    42 10.424307 0.000001 0.000016 -2.128050 0.407136 -0.007004
    43 2.997296 0.000062 1.477484 0.000000 0.104719 -1.038469
    44 1.510386 -0.000002 0.000000 0.000000 0.000000 -1.422442
    45 0.808652 0.000001 -0.000003 -0.087183 0.081589 -1.026206
    46 -0.010181 0.001544 -0.002427 3.133438 0.004938 -0.014530
    47 -0.007761 0.000776 -0.012938 -3.140949 0.009512 -0.002789
    48 -0.003515 0.022163 -0.007593 -3.131007 0.004989 -0.015563
    49 3.305811 0.201132 0.547463 0.097216 -0.050307 -0.854749
    50 1.807181 -0.000005 -0.000002 0.020283 -0.092164 -1.076370
    51 0.966146 0.000000 0.000000 0.000000 0.000000 -1.579521
    52 -0.004041 0.002991 -0.002260 -3.129316 0.007469 -0.002160
    53 -0.016014 -0.012525 -0.005755 -3.127586 -0.003209 -0.007102
    54 -0.010741 -0.015351 -0.005964 -3.141244 -0.014366 0.013993
    55 3.571526 0.110787 -0.409180 -0.010425 -0.147987 -0.662451
    56 2.150658 0.000000 0.000000 0.000000 0.000000 -1.596975
    57 1.152748 0.000002 -0.000001 0.000000 0.000000 -1.038469
    58 -0.009424 0.003368 0.009511 3.138994 -0.007577 -0.001092
    59 -0.009795 0.006993 0.001619 3.137400 -0.006826 0.001062
    60 -0.005070 0.017085 0.007624 3.135509 0.005211 0.001477
    61 3.684113 -0.153569 -1.419744 -0.165627 -0.213049 -0.256291
    62 1.701014 -0.000001 0.000000 0.000000 0.000000 -0.959933
    63 0.994705 -0.000004 0.000000 0.000000 0.000000 -0.436331
    64 0.015236 0.000657 -0.012633 3.136885 0.014164 0.000018
    65 -0.014324 -0.018461 0.000846 -3.134644 0.013210 0.007851
    66 -0.020566 0.000650 -0.004019 -3.126894 -0.002595 -0.013678
    67 1.068097 -1.283652 -0.986552 -2.053142 0.459489 -0.445330
    68 1.836308 -0.000002 0.000001 0.071731 -0.042788 -0.118793
    69 1.223948 0.000001 -0.000002 -0.030976 -0.071338 -0.420800
    70 -0.026768 0.000412 0.021024 -3.135050 0.011560 0.031832
    71 -0.030946 0.015453 0.007155 3.126687 -0.014474 -0.013279
    72 0.024326 0.034636 0.000721 -3.121606 0.015525 0.030344
    73 -0.046000 0.019587 0.021797 3.134639 0.020864 -0.001670
    74 6.694322 0.000002 0.000001 -1.638928 -0.070211 0.144991
    75 -6.579163 -0.452807 0.914976 1.390020 0.137634 0.072730
    76 -6.553783 -0.454803 0.900534 1.387994 0.108045 0.086436
  time 112
    0 -6.895659 -25.143593 -4.982664 1.886066 0.004394 0.787032
    1 7.820313 -3.039063 -8.804688 -1.082104 0.087263 -1.570797
    2 -0.000001 0.000002 0.000000 -0.021003 -0.098597 0.766856
    3 10.907404 0.000001 -0.000001 -0.000001 0.000012 -0.428155
    4 10.424325 -0.000011 -0.000033 2.468703 0.420364 -0.460671
    5 2.997275 0.005409 -1.477475 0.000000 0.000000 -0.471238
    6 1.510384 -0.000004 0.000000 0.000000 0.000000 -0.689404
    7 0.808659 -0.000001 0.000001 0.000000 0.000000 -0.654499
    8 -0.005463 0.010882 0.011922 -3.130701 -0.002586 -0.018476
    9 -0.001080 -0.005339 -0.002780 -3.138880 -0.004640 0.012721
    10 -0.019963 -0.004463 0.017139 3.137685 -0.000240 0.002472
    11 3.305800 0.203115 -0.546730 0.000000 0.000000 -0.488691
    12 1.807178 0.000000 -0.000004 0.000000 0.000000 -0.637045
    13 0.966141 0.000003 -0.000001 0.000000 0.000000 -0.497418
    14 -0.002205 0.006298 0.000417 3.133979 -0.003058 0.005338
    15 0.007872 0.003559 -0.000436 -3.124798 -0.001004 0.009074
    16 0.012690 -0.008244 0.010269 -3.131666 0.016691 0.012264
    17 3.571513 0.109304 0.409580 0.000000 0.000000 -0.427605
    18 2.150648 0.000002 -0.000003 0.000000 0.000000 -0.663223
    19 1.152746 -0.000003 0.000003 0.000000 0.000000 -0.523598
    20 0.000419 0.016150 0.002405 3.136320 -0.007304 -0.003105
    21 0.001816 -0.009672 -0.007393 3.139013 -0.008631 -0.008588
    22 -0.003752 -0.011593 -0.001195 3.133090 0.002976 0.014444
    23 3.684098 -0.158697 1.419183 0.000000 0.000000 -0.253072
    24 1.701014 0.000004 0.000004 0.000000 0.000000 -0.602138
    25 0.994714 -0.000002 -0.000008 0.000000 0.000000 -0.357792
    26 0.021160 0.011093 -0.004108 -3.137926 -0.002080 -0.001153
    27 -0.003428 0.010128 -0.008341 -3.140832 -0.004146 -0.019238
    28 0.004127 0.010881 0.000767 3.138806 -0.003164 -0.013821
    29 1.068074 -1.287202 0.981906 1.925949 -0.499323 -0.437818
    30 1.836308 -0.000001 0.000002 0.074245 -0.173006 -0.593150
    31 1.223949 -0.000002 0.000002 0.027395 -0.026912 -0.598150
    32 -0.012758 0.013269 0.005633 -3.132442 0.011957 -0.016684
    33 0.003252 0.002937 0.004907 3.134101 -0.012025 0.011384
    34 0.017597 0.001415 -0.271330 3.132743 -0.094250 -0.000348
    35 -0.034845 0.015532 -0.006371 -3.119476 -0.012752 0.011827
    36 6.868289 0.000003 0.000003 1.894370 0.030276 0.157882
    37 -6.002364 -0.460211 -0.868646 -0.695749 -0.131805 0.077518
    38 -6.002752 -0.459276 -0.867383 -0.699507 -0.131813 0.077097
    39 -10.921875 -4.957031 -11.492188 -1.570794 0.087264 -1.570796
    40 -0.000001 -0.000002 0.000004 -0.098885 -0.170657 0.188029
    41 10.907397 0.000000 -0.000001 -0.000346 -0.000019 -1.070683
    42 10.424307 0.000001 0.000016 -2.117659 0.399358 -0.003270
    43 2.997296 0.000062 1.477484 0.000000 0.104719 -1.038469
    44 1.510386 -0.000002 0.000000 0.000000 0.000000 -1.422442
    45 0.808652 0.000001 -0.000003 -0.087183 0.081589 -1.026206
    46 -0.010181 0.001544 -0.002427 3.133438 0.004938 -0.014530
    47 -0.007761 0.000776 -0.012938 -3.140949 0.009512 -0.002789
    48 -0.003515 0.022163 -0.007593 -3.131007 0.004989 -0.015563
    49 3.305811 0.201132 0.547463 0.097216 -0.050307 -0.854749
    50 1.807181 -0.000005 -0.000002 0.020283 -0.092164 -1.076370
    51 0.966146 0.000000 0.000000 0.000000 0.000000 -1.579521
    52 -0.004041 0.002991 -0.002260 -3.129316 0.007469 -0.002160
    53 -0.016014 -0.012525 -0.005755 -3.127586 -0.003209 -0.007102
    54 -0.010741 -0.015351 -0.005964 -3.141244 -0.014366 0.013993
    55 3.571526 0.110787 -0.409180 -0.010425 -0.147987 -0.662451
    56 2.150658 0.000000 0.000000 0.000000 0.000000 -1.596975
    57 1.152748 0.000002 -0.000001 0.000000 0.000000 -1.038469
    58 -0.009424 0.003368 0.009511 3.138994 -0.007577 -0.001092
    59 -0.009795 0.006993 0.001619 3.137400 -0.006826 0.001062
    60 -0.005070 0.017085 0.007624 3.135509 0.005211 0.001477
    61 3.684113 -0.153569 -1.419744 -0.164045 -0.214140 -0.263447
    62 1.701014 -0.000001 0.000000 0.000000 0.000000 -0.959933
    63 0.994705 -0.000004 0.000000 0.000000 0.000000 -0.436331
    64 0.015236 0.000657 -0.012633 3.136885 0.014164 0.000018
    65 -0.014324 -0.018461 0.000846 -3.134644 0.013210 0.007851
    66 -0.020566 0.000650 -0.004019 -3.126894 -0.002595 -0.013678
    67 1.068097 -1.283652 -0.986552 -2.052324 0.460340 -0.443508
    68 1.836308 -0.000002 0.000001 0.071731 -0.042788 -0.118793
    69 1.223948 0.000001 -0.000002 -0.030976 -0.071338 -0.420800
    70 -0.026768 0.000412 0.021024 -3.135050 0.011560 0.031832
    71 -0.030946 0.015453 0.007155 3.126687 -0.014474 -0.013279
    72 0.024326 0.034636 0.000721 -3.121606 0.015525 0.030344
    73 -0.046000 0.019587 0.021797 3.134639 0.020864 -0.001670
    74 6.694322 0.000002 0.000001 -1.634863 -0.070798 0.144704
    75 -6.579163 -0.452807 0.914976 1.390020 0.137634 0.072730
    76 -6.553783 -0.454803 0.900534 1.387994 0.108045 0.086436
  time 113
    0 -6.864408 -25.135780 -4.986571 1.885596 0.001874 0.805620
    1 7.820313 -3.039063 -8.804688 -1.082104 0.087263 -1.570797
    2 -0.000001 0.000002 0.000000 -0.021003 -0.098597 0.766856
    3 10.907404 0.000001 -0.000001 -0.000001 0.000012 -0.428155
    4 10.424325 -0.000011 -0.000033 2.468703 0.420364 -0.460671
    5 2.997275 0.005409 -1.477475 0.000000 0.000000 -0.471238
    6 1.510384 -0.000004 0.000000 0.000000 0.000000 -0.689404
    7 0.808659 -0.000001 0.000001 0.000000 0.000000 -0.654499
    8 -0.005463 0.010882 0.011922 -3.130701 -0.002586 -0.018476
    9 -0.001080 -0.005339 -0.002780 -3.138880 -0.004640 0.012721
    10 -0.019963 -0.004463 0.017139 3.137685 -0.000240 0.002472
    11 3.305800 0.203115 -0.546730 0.000000 0.000000 -0.488691
    12 1.807178 0.000000 -0.000004 0.000000 0.000000 -0.637045
    13 0.966141 0.000003 -0.000001 0.000000 0.000000 -0.497418
    14 -0.002205 0.006298 0.000417 3.133979 -0.003058 0.005338
    15 0.007872 0.003559 -0.000436 -3.124798 -0.001004 0.009074
    16 0.012690 -0.008244 0.010269 -3.131666 0.016691 0.012264
    17 3.571513 0.109304 0.409580 0.000000 0.000000 -0.427605
    18 2.150648 0.000002 -0.000003 0.000000 0.000000 -0.663223
    19 1.152746 -0.000003 0.000003 0.000000 0.000000 -0.523598
    20 0.000419 0.016150 0.002405 3.136320 -0.007304 -0.003105
    21 0.001816 -0.009672 -0.007393 3.139013 -0.008631 -0.008588
    22 -0.003752 -0.011593 -0.001195 3.133090 0.002976 0.014444
    23 3.684098 -0.158697 1.419183 0.000000 0.000000 -0.253072
    24 1.701014 0.000004 0.000004 0.000000 0.000000 -0.602138
    25 0.994714 -0.000002 -0.000008 0.000000 0.000000 -0.357792
    26 0.021160 0.011093 -0.004108 -3.137926 -0.002080 -0.001153
    27 -0.003428 0.010128 -0.008341 -3.140832 -0.004146 -0.019238
    28 0.004127 0.010881 0.000767 3.138806 -0.003164 -0.013821
    29 1.068074 -1.287202 0.981906 1.925949 -0.499323 -0.437818
    30 1.836308 -0.000001 0.000002 0.074245 -0.173006 -0.593150
    31 1.223949 -0.000002 0.000002 0.027395 -0.026912 -0.598150
    32 -0.012758 0.013269 0.005633 -3.132442 0.011957 -0.016684
    33 0.003252 0.002937 0.004907 3.134101 -0.012025 0.011384
    34 0.017597 0.001415 -0.271330 3.132743 -0.094250 -0.000348
    35 -0.034845 0.015532 -0.006371 -3.119476 -0.012752 0.011827
    36 6.868289 0.000003 0.000003 1.894370 0.030276 0.157882
    37 -6.002364 -0.460211 -0.868646 -0.695749 -0.131805 0.077518
    38 -6.002752 -0.459276 -0.867383 -0.699507 -0.131813 0.077097
    39 -10.921875 -4.957031 -11.492188 -1.570794 0.087264 -1.570796
    40 -0.000001 -0.000002 0.000004 -0.098822 -0.170472 0.188209
    41 10.907397 0.000000 -0.000001 -0.000346 -0.000019 -1.070893
    42 10.424307 0.000001 0.000016 -2.106894 0.391093 0.000291
    43 2.997296 0.000062 1.477484 0.000000 0.104719 -1.038469
    44 1.510386 -0.000002 0.000000 0.000000 0.000000 -1.422442
    45 0.808652 0.000001 -0.000003 -0.087183 0.081589 -1.026206
    46 -0.010181 0.001544 -0.002427 3.133438 0.004938 -0.014530
    47 -0.007761 0.000776 -0.012938 -3.140949 0.009512 -0.002789
    48 -0.003515 0.022163 -0.007593 -3.131007 0.004989 -0.015563
    49 3.305811 0.201132 0.547463 0.097216 -0.050307 -0.854749
    50 1.807181 -0.000005 -0.000002 0.020283 -0.092164 -1.076370
    51 0.966146 0.000000 0.000000 0.000000 0.000000 -1.579521
    52 -0.004041 0.002991 -0.002260 -3.129316 0.007469 -0.002160
    53 -0.016014 -0.012525 -0.005755 -3.127586 -0.003209 -0.007102
    54 -0.010741 -0.015351 -0.005964 -3.141244 -0.014366 0.013993
    55 3.571526 0.110787 -0.409180 -0.010425 -0.147987 -0.662451
    56 2.150658 0.000000 0.000000 0.000000 0.000000 -1.596975
    57 1.152748 0.000002 -0.000001 0.000000 0.000000 -1.038469
    58 -0.009424 0.003368 0.009511 3.138994 -0.007577 -0.001092
    59 -0.009795 0.006993 0.001619 3.137400 -0.006826 0.001062
    60 -0.005070 0.017085 0.007624 3.135509 0.005211 0.001477
    61 3.684113 -0.153569 -1.419744 -0.162415 -0.215267 -0.270829
    62 1.701014 -0.000001 0.000000 0.000000 0.000000 -0.959933
    63 0.994705 -0.000004 0.000000 0.000000 0.000000 -0.436331
    64 0.015236 0.000657 -0.012633 3.136885 0.014164 0.000018
    65 -0.014324 -0.018461 0.000846 -3.134644 0.013210 0.007851
    66 -0.020566 0.000650 -0.004019 -3.126894 -0.002595 -0.013678
    67 1.068097 -1.283652 -0.986552 -2.051480 0.461215 -0.441614
    68 1.836308 -0.000002 0.000001 0.071731 -0.042788 -0.118793
    69 1.223948 0.000001 -0.000002 -0.030976 -0.071338 -0.420800
    70 -0.026768 0.000412 0.021024 -3.135050 0.011560 0.031832
    71 -0.030946 0.015453 0.007155 3.126687 -0.014474 -0.013279
    72 0.024326 0.034636 0.000721 -3.121606 0.015525 0.030344
    73 -0.046000 0.019587 0.021797 3.134639 0.020864 -0.001670
    74 6.694322 0.000002 0.000001 -1.630661 -0.071409 0.144404
    75 -6.579163 -0.452807 0.914976 1.390020 0.137634 0.072730
    76 -6.553783 -0.454803 0.900534 1.387994 0.108045 0.086436
  time 114
    0 -6.833157 -25.131874 -4.986571 1.884940 -0.000416 0.824872
    1 7.820313 -3.039063 -8.804688 -1.082104 0.087263 -1.570797
    2 -0.000001 0.000002 0.000000 -0.021003 -0.098597 0.766856
    3 10.907404 0.000001 -0.000001 -0.000001 0.000012 -0.428155
    4 10.424325 -0.000011 -0.000033 2.468703 0.420364 -0.460671
    5 2.997275 0.005409 -1.477475 0.000000 0.000000 -0.471238
    6 1.510384 -0.000004 0.000000 0.000000 0.000000 -0.689404
    7 0.808659 -0.000001 0.000001 0.000000 0.000000 -0.654499
    8 -0.005463 0.010882 0.011922 -3.130701 -0.002586 -0.018476
    9 -0.001080 -0.005339 -0.002780 -3.138880 -0.004640 0.012721
    10 -0.019963 -0.004463 0.017139 3.137685 -0.000240 0.002472
    11 3.305800 0.203115 -0.546730 0.000000 0.000000 -0.488691
    12 1.807178 0.000000 -0.000004 0.000000 0.000000 -0.637045
    13 0.966141 0.000003 -0.000001 0.000000 0.000000 -0.497418
    14 -0.002205 0.006298 0.000417 3.133979 -0.003058 0.005338
    15 0.007872 0.003559 -0.000436 -3.124798 -0.001004 0.009074
    16 0.012690 -0.008244 0.010269 -3.131666 0.016691 0.012264
    17 3.571513 0.109304 0.409580 0.000000 0.000000 -0.427605
    18 2.150648 0.000002 -0.000003 0.000000 0.000000 -0.663223
    19 1.152746 -0.000003 0.000003 0.000000 0.000000 -0.523598
    20 0.000419 0.016150 0.002405 3.136320 -0.007304 -0.003105
    21 0.001816 -0.009672 -0.007393 3.139013 -0.008631 -0.008588
    22 -0.003752 -0.011593 -0.001195 3.133090 0.002976 0.014444
    23 3.684098 -0.158697 1.419183 0.000000 0.000000 -0.253072
    24 1.701014 0.000004 0.000004 0.000000 0.000000 -0.602138
    25 0.994714 -0.000002 -0.000008 0.000000 0.000000 -0.357792
    26 0.021160 0.011093 -0.004108 -3.137926 -0.002080 -0.001153
    27 -0.003428 0.010128 -0.008341 -3.140832 -0.004146 -0.019238
    28 0.004127 0.010881 0.000767 3.138806 -0.003164 -0.013821
    29 1.068074 -1.287202 0.981906 1.925949 -0.499323 -0.437818
    30 1.836308 -0.000001 0.000002 0.074245 -0.173006 -0.593150
    31 1.223949 -0.000002 0.000002 0.027395 -0.026912 -0.598150
    32 -0.012758 0.013269 0.005633 -3.132442 0.011957 -0.016684
    33 0.003252 0.002937 0.004907 3.134101 -0.012025 0.011384
    34 0.017597 0.001415 -0.271330 3.132743 -0.094250 -0.000348
    35 -0.034845 0.015532 -0.006371 -3.119476 -0.012752 0.011827
    36 6.868289 0.000003 0.000003 1.894370 0.030276 0.157882
    37 -6.002364 -0.460211 -0.868646 -0.695749 -0.131805 0.077518
    38 -6.002752 -0.459276 -0.867383 -0.699507 -0.131813 0.077097
    39 -10.921875 -4.957031 -11.492188 -1.570794 0.087264 -1.570796
    40 -0.000001 -0.000002 0.000004 -0.098726 -0.170287 0.188299
    41 10.907397 0.000000 -0.000001 -0.000346 -0.000019 -1.071033
    42 10.424307 0.000001 0.000016 -2.095831 0.382267 0.003591
    43 2.997296 0.000062 1.477484 0.000000 0.104719 -1.038469
    44 1.510386 -0.000002 0.000000 0.000000 0.000000 -1.422442
    45 0.808652 0.000001 -0.000003 -0.087183 0.081589 -1.026206
    46 -0.010181 0.001544 -0.002427 3.133438 0.004938 -0.014530
    47 -0.007761 0.000776 -0.012938 -3.140949 0.009512 -0.002789
    48 -0.003515 0.022163 -0.007593 -3.131007 0.004989 -0.015563
    49 3.305811 0.201132 0.547463 0.097216 -0.050307 -0.854749
    50 1.807181 -0.000005 -0.000002 0.020283 -0.092164 -1.076370
    51 0.966146 0.000000 0.000000 0.000000 0.000000 -1.579521
    52 -0.004041 0.002991 -0.002260 -3.129316 0.007469 -0.002160
    53 -0.016014 -0.012525 -0.005755 -3.127586 -0.003209 -0.007102
    54 -0.010741 -0.015351 -0.005964 -3.141244 -0.014366 0.013993
    55 3.571526 0.110787 -0.409180 -0.010425 -0.147987 -0.662451
    56 2.150658 0.000000 0.000000 0.000000 0.000000 -1.596975
    57 1.152748 0.000002 -0.000001 0.000000 0.000000 -1.038469
    58 -0.009424 0.003368 0.009511 3.138994 -0.007577 -0.001092
    59 -0.009795 0.006993 0.001619 3.137400 -0.006826 0.001062
    60 -0.005070 0.017085 0.007624 3.135509 0.005211 0.001477
    61 3.684113 -0.153569 -1.419744 -0.160761 -0.216417 -0.278375
    62 1.701014 -0.000001 0.000000 0.000000 0.000000 -0.959933
    63 0.994705 -0.000004 0.000000 0.000000 0.000000 -0.436331
    64 0.015236 0.000657 -0.012633 3.136885 0.014164 0.000018
    65 -0.014324 -0.018461 0.000846 -3.134644 0.013210 0.007851
    66 -0.020566 0.000650 -0.004019 -3.126894 -0.002595 -0.013678
    67 1.068097 -1.283652 -0.986552 -2.050609 0.462114 -0.439685
    68 1.836308 -0.000002 0.000001 0.071731 -0.042788 -0.118793
    69 1.223948 0.000001 -0.000002 -0.030976 -0.071338 -0.420800
    70 -0.026768 0.000412 0.021024 -3.135050 0.011560 0.031832
    71 -0.030946 0.015453 0.007155 3.126687 -0.014474 -0.013279
    72 0.024326 0.034636 0.000721 -3.121606 0.015525 0.030344
    73 -0.046000 0.019587 0.021797 3.134639 0.020864 -0.001670
    74 6.694322 0.000002 0.000001 -1.626277 -0.072045 0.144081
    75 -6.579163 -0.452807 0.914976 1.390020 0.137634 0.072730
    76 -6.553783 -0.454803 0.900534 1.387994 0.108045 0.086436
  time 115
    0 -6.790187 -25.112342 -4.970945 1.878278 -0.005226 0.853608
    1 7.820313 -3.039063 -8.804688 -1.082104 0.087263 -1.570797
    2 -0.000001 0.000002 0.000000 -0.021003 -0.098597 0.766856
    3 10.907404 0.000001 -0.000001 -0.000001 0.000012 -0.428155
    4 10.424325 -0.000011 -0.000033 2.468703 0.420364 -0.460671
    5 2.997275 0.005409 -1.477475 0.000000 0.000000 -0.471238
    6 1.510384 -0.000004 0.000000 0.000000 0.000000 -0.689404
    7 0.808659 -0.000001 0.000001 0.000000 0.000000 -0.654499
    8 -0.005463 0.010882 0.011922 -3.130701 -0.002586 -0.018476
    9 -0.001080 -0.005339 -0.002780 -3.138880 -0.004640 0.012721
    10 -0.019963 -0.004463 0.017139 3.137685 -0.000240 0.002472
    11 3.305800 0.203115 -0.546730 0.000000 0.000000 -0.488691
    12 1.807178 0.000000 -0.000004 0.000000 0.000000 -0.637045
    13 0.966141 0.000003 -0.000001 0.000000 0.000000 -0.497418
    14 -0.002205 0.006298 0.000417 3.133979 -0.003058 0.005338
    15 0.007872 0.003559 -0.000436 -3.124798 -0.001004 0.009074
    16 0.012690 -0.008244 0.010269 -3.131666 0.016691 0.012264
    17 3.571513 0.109304 0.409580 0.000000 0.000000 -0.427605
    18 2.150648 0.000002 -0.000003 0.000000 0.000000 -0.663223
    19 1.152746 -0.000003 0.000003 0.000000 0.000000 -0.523598
    20 0.000419 0.016150 0.002405 3.136320 -0.007304 -0.003105
    21 0.001816 -0.009672 -0.007393 3.139013 -0.008631 -0.008588
    22 -0.003752 -0.011593 -0.001195 3.133090 0.002976 0.014444
    23 3.684098 -0.158697 1.419183 0.000000 0.000000 -0.253072
    24 1.701014 0.000004 0.000004 0.000000 0.000000 -0.602138
    25 0.994714 -0.000002 -0.000008 0.000000 0.000000 -0.357792
    26 0.021160 0.011093 -0.004108 -3.137926 -0.002080 -0.001153
    27 -0.003428 0.010128 -0.008341 -3.140832 -0.004146 -0.019238
    28 0.004127 0.010881 0.000767 3.138806 -0.003164 -0.013821
    29 1.068074 -1.287202 0.981906 1.925949 -0.499323 -0.437818
    30 1.836308 -0.000001 0.000002 0.074245 -0.173006 -0.593150
    31 1.223949 -0.000002 0.000002 0.027395 -0.026912 -0.598150
    32 -0.012758 0.013269 0.005633 -3.132442 0.011957 -0.016684
    33 0.003252 0.002937 0.004907 3.134101 -0.012025 0.011384
    34 0.017597 0.001415 -0.271330 3.132743 -0.094250 -0.000348
    35 -0.034845 0.015532 -0.006371 -3.119476 -0.012752 0.011827
    36 6.868289 0.000003 0.000003 1.894370 0.030276 0.157882
    37 -6.002364 -0.460211 -0.868646 -0.695749 -0.131805 0.077518
    38 -6.002752 -0.459276 -0.867383 -0.699507 -0.131813 0.077097
    39 -10.921875 -4.957031 -11.492188 -1.570794 0.087264 -1.570796
    40 -0.000001 -0.000002 0.000004 -0.098599 -0.170102 0.188029
    41 10.907397 0.000000 -0.000001 -0.000346 -0.000019 -1.070998
    42 10.424307 0.000001 0.000016 -2.073554 0.370974 0.007238
    43 2.997296 0.000062 1.477484 0.000000 0.104719 -1.038469
    44 1.510386 -0.000002 0.000000 0.000000 0.000000 -1.422442
    45 0.808652 0.000001 -0.000003 -0.087183 0.081589 -1.026206
    46 -0.010181 0.001544 -0.002427 3.133438 0.004938 -0.014530
    47 -0.007761 0.000776 -0.012938 -3.140949 0.009512 -0.002789
    48 -0.003515 0.022163 -0.007593 -3.131007 0.004989 -0.015563
    49 3.305811 0.201132 0.547463 0.097216 -0.050307 -0.854749
    50 1.807181 -0.000005 -0.000002 0.020283 -0.092164 -1.076370
    51 0.966146 0.000000 0.000000 0.000000 0.000000 -1.579521
    52 -0.004041 0.002991 -0.002260 -3.129316 0.007469 -0.002160
    53 -0.016014 -0.012525 -0.005755 -3.127586 -0.003209 -0.007102
    54 -0.010741 -0.015351 -0.005964 -3.141244 -0.014366 0.013993
    55 3.571526 0.110787 -0.409180 -0.010425 -0.147987 -0.662451
    56 2.150658 0.000000 0.000000 0.000000 0.000000 -1.596975
    57 1.152748 0.000002 -0.000001 0.000000 0.000000 -1.038469
    58 -0.009424 0.003368 0.009511 3.138994 -0.007577 -0.001092
    59 -0.009795 0.006993 0.001619 3.137400 -0.006826 0.001062
    60 -0.005070 0.017085 0.007624 3.135509 0.005211 0.001477
    61 3.684113 -0.153569 -1.419744 -0.159060 -0.217592 -0.286085
    62 1.701014 -0.000001 0.000000 0.000000 0.000000 -0.959933
    63 0.994705 -0.000004 0.000000 0.000000 0.000000 -0.436331
    64 0.015236 0.000657 -0.012633 3.136885 0.014164 0.000018
    65 -0.014324 -0.018461 0.000846 -3.134644 0.013210 0.007851
    66 -0.020566 0.000650 -0.004019 -3.126894 -0.002595 -0.013678
    67 1.068097 -1.283652 -0.986552 -2.049726 0.463036 -0.437695
    68 1.836308 -0.000002 0.000001 0.071731 -0.042788 -0.118793
    69 1.223948 0.000001 -0.000002 -0.030976 -0.071338 -0.420800
    70 -0.026768 0.000412 0.021024 -3.135050 0.011560 0.031832
    71 -0.030946 0.015453 0.007155 3.126687 -0.014474 -0.013279
    72 0.024326 0.034636 0.000721 -3.121606 0.015525 0.030344
    73 -0.046000 0.019587 0.021797 3.134639 0.020864 -0.001670
    74 6.694322 0.000002 0.000001 -1.616686 -0.073435 0.143385
    75 -6.579163 -0.452807 0.914976 1.390020 0.137634 0.072730
    76 -6.553783 -0.454803 0.900534 1.387994 0.108045 0.086436
  time 116
    0 -6.723779 -25.077184 -4.935788 1.860357 -0.014526 0.899509
    1 7.820313 -3.039063 -8.804688 -1.082104 0.087263 -1.570797
    2 -0.000001 0.000002 0.000000 -0.021003 -0.098597 0.766856
    3 10.907404 0.000001 -0.000001 -0.000001 0.000012 -0.428155
    4 10.424325 -0.000011 -0.000033 2.468703 0.420364 -0.460671
    5 2.997275 0.005409 -1.477475 0.000000 0.000000 -0.471238
    6 1.510384 -0.000004 0.000000 0.000000 0.000000 -0.689404
    7 0.808659 -0.000001 0.000001 0.000000 0.000000 -0.654499
    8 -0.005463 0.010882 0.011922 -3.130701 -0.002586 -0.018476
    9 -0.001080 -0.005339 -0.002780 -3.138880 -0.004640 0.012721
    10 -0.019963 -0.004463 0.017139 3.137685 -0.000240 0.002472
    11 3.305800 0.203115 -0.546730 0.000000 0.000000 -0.488691
    12 1.807178 0.000000 -0.000004 0.000000 0.000000 -0.637045
    13 0.966141 0.000003 -0.000001 0.000000 0.000000 -0.497418
    14 -0.002205 0.006298 0.000417 3.133979 -0.003058 0.005338
    15 0.007872 0.003559 -0.000436 -3.124798 -0.001004 0.009074
    16 0.012690 -0.008244 0.010269 -3.131666 0.016691 0.012264
    17 3.571513 0.109304 0.409580 0.000000 0.000000 -0.427605
    18 2.150648 0.000002 -0.000003 0.000000 0.000000 -0.663223
    19 1.152746 -0.000003 0.000003 0.000000 0.000000 -0.523598
    20 0.000419 0.016150 0.002405 3.136320 -0.007304 -0.003105
    21 0.001816 -0.009672 -0.007393 3.139013 -0.008631 -0.008588
    22 -0.003752 -0.011593 -0.001195 3.133090 0.002976 0.014444
    23 3.684098 -0.158697 1.419183 0.000000 0.000000 -0.253072
    24 1.701014 0.000004 0.000004 0.000000 0.000000 -0.602138
    25 0.994714 -0.000002 -0.000008 0.000000 0.000000 -0.357792
    26 0.021160 0.011093 -0.004108 -3.137926 -0.002080 -0.001153
    27 -0.003428 0.010128 -0.008341 -3.140832 -0.004146 -0.019238
    28 0.004127 0.010881 0.000767 3.138806 -0.003164 -0.013821
    29 1.068074 -1.287202 0.981906 1.925949 -0.499323 -0.437818
    30 1.836308 -0.000001 0.000002 0.074245 -0.173006 -0.593150
    31 1.223949 -0.000002 0.000002 0.027395 -0.026912 -0.598150
    32 -0.012758 0.013269 0.005633 -3.132442 0.011957 -0.016684
    33 0.003252 0.002937 0.004907 3.134101 -0.012025 0.011384
    34 0.017597 0.001415 -0.271330 3.132743 -0.094250 -0.000348
    35 -0.034845 0.015532 -0.006371 -3.119476 -0.012752 0.011827
    36 6.868289 0.000003 0.000003 1.894370 0.030276 0.157882
    37 -6.002364 -0.460211 -0.868646 -0.695749 -0.131805 0.077518
    38 -6.002752 -0.459276 -0.867383 -0.699507 -0.131813 0.077097
    39 -10.921875 -4.957031 -11.492188 -1.570794 0.087264 -1.570796
    40 -0.000001 -0.000002 0.000004 -0.098439 -0.169880 0.187310
    41 10.907397 0.000000 -0.000001 -0.000346 -0.000019 -1.070683
    42 10.424307 0.000001 0.000016 -2.030720 0.355491 0.011841
    43 2.997296 0.000062 1.477484 0.000000 0.104719 -1.038469
    44 1.510386 -0.000002 0.000000 0.000000 0.000000 -1.422442
    45 0.808652 0.000001 -0.000003 -0.087183 0.081589 -1.026206
    46 -0.010181 0.001544 -0.002427 3.133438 0.004938 -0.014530
    47 -0.007761 0.000776 -0.012938 -3.140949 0.009512 -0.002789
    48 -0.003515 0.022163 -0.007593 -3.131007 0.004989 -0.015563
    49 3.305811 0.201132 0.547463 0.097216 -0.050307 -0.854749
    50 1.807181 -0.000005 -0.000002 0.020283 -0.092164 -1.076370
    51 0.966146 0.000000 0.000000 0.000000 0.000000 -1.579521
    52 -0.004041 0.002991 -0.002260 -3.129316 0.007469 -0.002160
    53 -0.016014 -0.012525 -0.005755 -3.127586 -0.003209 -0.007102
    54 -0.010741 -0.015351 -0.005964 -3.141244 -0.014366 0.013993
    55 3.571526 0.110787 -0.409180 -0.010425 -0.147987 -0.662451
    56 2.150658 0.000000 0.000000 0.000000 0.000000 -1.596975
    57 1.152748 0.000002 -0.000001 0.000000 0.000000 -1.038469
    58 -0.009424 0.003368 0.009511 3.138994 -0.007577 -0.001092
    59 -0.009795 0.006993 0.001619 3.137400 -0.006826 0.001062
    60 -0.005070 0.017085 0.007624 3.135509 0.005211 0.001477
    61 3.684113 -0.153569 -1.419744 -0.157322 -0.218778 -0.293938
    62 1.701014 -0.000001 0.000000 0.000000 0.000000 -0.959933
    63 0.994705 -0.000004 0.000000 0.000000 0.000000 -0.436331
    64 0.015236 0.000657 -0.012633 3.136885 0.014164 0.000018
    65 -0.014324 -0.018461 0.000846 -3.134644 0.013210 0.007851
    66 -0.020566 0.000650 -0.004019 -3.126894 -0.002595 -0.013678
    67 1.068097 -1.283652 -0.986552 -2.048817 0.463971 -0.435670
    68 1.836308 -0.000002 0.000001 0.071731 -0.042788 -0.118793
    69 1.223948 0.000001 -0.000002 -0.030976 -0.071338 -0.420800
    70 -0.026768 0.000412 0.021024 -3.135050 0.011560 0.031832
    71 -0.030946 0.015453 0.007155 3.126687 -0.014474 -0.013279
    72 0.024326 0.034636 0.000721 -3.121606 0.015525 0.030344
    73 -0.046000 0.019587 0.021797 3.134639 0.020864 -0.001670
    74 6.694322 0.000002 0.000001 -1.597550 -0.076179 0.141959
    75 -6.579163 -0.452807 0.914976 1.390020 0.137634 0.072730
    76 -6.553783 -0.454803 0.900534 1.387994 0.108045 0.086436
  time 117
    0 -6.641745 -25.026402 -4.877192 1.832209 -0.027032 0.960963
    1 7.820313 -3.039063 -8.804688 -1.082104 0.087263 -1.570797
    2 -0.000001 0.000002 0.000000 -0.021003 -0.098597 0.766856
    3 10.907404 0.000001 -0.000001 -0.000001 0.000012 -0.428155
    4 10.424325 -0.000011 -0.000033 2.468703 0.420364 -0.460671
    5 2.997275 0.005409 -1.477475 0.000000 0.000000 -0.471238
    6 1.510384 -0.000004 0.000000 0.000000 0.000000 -0.689404
    7 0.808659 -0.000001 0.000001 0.000000 0.000000 -0.654499
    8 -0.005463 0.010882 0.011922 -3.130701 -0.002586 -0.018476
    9 -0.001080 -0.005339 -0.002780 -3.138880 -0.004640 0.012721
    10 -0.019963 -0.004463 0.017139 3.137685 -0.000240 0.002472
    11 3.305800 0.203115 -0.546730 0.000000 0.000000 -0.488691
    12 1.807178 0.000000 -0.000004 0.000000 0.000000 -0.637045
    13 0.966141 0.000003 -0.000001 0.000000 0.000000 -0.497418
    14 -0.002205 0.006298 0.000417 3.133979 -0.003058 0.005338
    15 0.007872 0.003559 -0.000436 -3.124798 -0.001004 0.009074
    16 0.012690 -0.008244 0.010269 -3.131666 0.016691 0.012264
    17 3.571513 0.109304 0.409580 0.000000 0.000000 -0.427605
    18 2.150648 0.000002 -0.000003 0.000000 0.000000 -0.663223
    19 1.152746 -0.000003 0.000003 0.000000 0.000000 -0.523598
    20 0.000419 0.016150 0.002405 3.136320 -0.007304 -0.003105
    21 0.001816 -0.009672 -0.007393 3.139013 -0.008631 -0.008588
    22 -0.003752 -0.011593 -0.001195 3.133090 0.002976 0.014444
    23 3.684098 -0.158697 1.419183 0.000000 0.000000 -0.253072
    24 1.701014 0.000004 0.000004 0.000000 0.000000 -0.602138
    25 0.994714 -0.000002 -0.000008 0.000000 0.000000 -0.357792
    26 0.021160 0.011093 -0.004108 -3.137926 -0.002080 -0.001153
    27 -0.003428 0.010128 -0.008341 -3.140832 -0.004146 -0.019238
    28 0.004127 0.010881 0.000767 3.138806 -0.003164 -0.013821
    29 1.068074 -1.287202 0.981906 1.925949 -0.499323 -0.437818
    30 1.836308 -0.000001 0.000002 0.074245 -0.173006 -0.593150
    31 1.223949 -0.000002 0.000002 0.027395 -0.026912 -0.598150
    32 -0.012758 0.013269 0.005633 -3.132442 0.011957 -0.016684
    33 0.003252 0.002937 0.004907 3.134101 -0.012025 0.011384
    34 0.017597 0.001415 -0.271330 3.132743 -0.094250 -0.000348
    35 -0.034845 0.015532 -0.006371 -3.119476 -0.012752 0.011827
    36 6.868289 0.000003 0.000003 1.894370 0.030276 0.157882
    37 -6.002364 -0.460211 -0.868646 -0.695749 -0.131805 0.077518
    38 -6.002752 -0.459276 -0.867383 -0.699507 -0.131813 0.077097
    39 -10.921875 -4.957031 -11.492188 -1.570794 0.087264 -1.570796
    40 -0.000001 -0.000002 0.000004 -0.098216 -0.169620 0.186141
    41 10.907397 0.000000 -0.000001 -0.000346 -0.000019 -1.070193
    42 10.424307 0.000001 0.000016 -1.969795 0.336344 0.016878
    43 2.997296 0.000062 1.477484 0.000000 0.104719 -1.038469
    44 1.510386 -0.000002 0.000000 0.000000 0.000000 -1.422442
    45 0.808652 0.000001 -0.000003 -0.087183 0.081589 -1.026206
    46 -0.010181 0.001544 -0.002427 3.133438 0.004938 -0.014530
    47 -0.007761 0.000776 -0.012938 -3.140949 0.009512 -0.002789
    48 -0.003515 0.022163 -0.007593 -3.131007 0.004989 -0.015563
    49 3.305811 0.201132 0.547463 0.097216 -0.050307 -0.854749
    50 1.807181 -0.000005 -0.000002 0.020283 -0.092164 -1.076370
    51 0.966146 0.000000 0.000000 0.000000 0.000000 -1.579521
    52 -0.004041 0.002991 -0.002260 -3.129316 0.007469 -0.002160
    53 -0.016014 -0.012525 -0.005755 -3.127586 -0.003209 -0.007102
    54 -0.010741 -0.015351 -0.005964 -3.141244 -0.014366 0.013993
    55 3.571526 0.110787 -0.409180 -0.010425 -0.147987 -0.662451
    56 2.150658 0.000000 0.000000 0.000000 0.000000 -1.596975
    57 1.152748 0.000002 -0.000001 0.000000 0.000000 -1.038469
    58 -0.009424 0.003368 0.009511 3.138994 -0.007577 -0.001092
    59 -0.009795 0.006993 0.001619 3.137400 -0.006826 0.001062
    60 -0.005070 0.017085 0.007624 3.135509 0.005211 0.001477
    61 3.684113 -0.153569 -1.419744 -0.155572 -0.219988 -0.301895
    62 1.701014 -0.000001 0.000000 0.000000 0.000000 -0.959933
    63 0.994705 -0.000004 0.000000 0.000000 0.000000 -0.436331
    64 0.015236 0.000657 -0.012633 3.136885 0.014164 0.000018
    65 -0.014324 -0.018461 0.000846 -3.134644 0.013210 0.007851
    66 -0.020566 0.000650 -0.004019 -3.126894 -0.002595 -0.013678
    67 1.068097 -1.283652 -0.986552 -2.047895 0.464930 -0.433609
    68 1.836308 -0.000002 0.000001 0.071731 -0.042788 -0.118793
    69 1.223948 0.000001 -0.000002 -0.030976 -0.071338 -0.420800
    70 -0.026768 0.000412 0.021024 -3.135050 0.011560 0.031832
    71 -0.030946 0.015453 0.007155 3.126687 -0.014474 -0.013279
    72 0.024326 0.034636 0.000721 -3.121606 0.015525 0.030344
    73 -0.046000 0.019587 0.021797 3.134639 0.020864 -0.001670
    74 6.694322 0.000002 0.000001 -1.569737 -0.080098 0.139790
    75 -6.579163 -0.452807 0.914976 1.390020 0.137634 0.072730
    76 -6.553783 -0.454803 0.900534 1.387994 0.108045 0.086436
  time 118
    0 -6.547992 -24.952181 -4.806878 1.794679 -0.041233 1.036264
    1 7.820313 -3.039063 -8.804688 -1.082104 0.087263 -1.570797
    2 -0.000001 0.000002 0.000000 -0.021003 -0.098597 0.766856
    3 10.907404 0.000001 -0.000001 -0.000001 0.000012 -0.428155
    4 10.424325 -0.000011 -0.000033 2.468703 0.420364 -0.460671
    5 2.997275 0.005409 -1.477475 0.000000 0.000000 -0.471238
    6 1.510384 -0.000004 0.000000 0.000000 0.000000 -0.689404
    7 0.808659 -0.000001 0.000001 0.000000 0.000000 -0.654499
    8 -0.005463 0.010882 0.011922 -3.130701 -0.002586 -0.018476
    9 -0.001080 -0.005339 -0.002780 -3.138880 -0.004640 0.012721
    10 -0.019963 -0.004463 0.017139 3.137685 -0.000240 0.002472
    11 3.305800 0.203115 -0.546730 0.000000 0.000000 -0.488691
    12 1.807178 0.000000 -0.000004 0.000000 0.000000 -0.637045
    13 0.966141 0.000003 -0.000001 0.000000 0.000000 -0.497418
    14 -0.002205 0.006298 0.000417 3.133979 -0.003058 0.005338
    15 0.007872 0.003559 -0.000436 -3.124798 -0.001004 0.009074
    16 0.012690 -0.008244 0.010269 -3.131666 0.016691 0.012264
    17 3.571513 0.109304 0.409580 0.000000 0.000000 -0.427605
    18 2.150648 0.000002 -0.000003 0.000000 0.000000 -0.663223
    19 1.152746 -0.000003 0.000003 0.000000 0.000000 -0.523598
    20 0.000419 0.016150 0.002405 3.136320 -0.007304 -0.003105
    21 0.001816 -0.009672 -0.007393 3.139013 -0.008631 -0.008588
    22 -0.003752 -0.011593 -0.001195 3.133090 0.002976 0.014444
    23 3.684098 -0.158697 1.419183 0.000000 0.000000 -0.253072
    24 1.701014 0.000004 0.000004 0.000000 0.000000 -0.602138
    25 0.994714 -0.000002 -0.000008 0.000000 0.000000 -0.357792
    26 0.021160 0.011093 -0.004108 -3.137926 -0.002080 -0.001153
    27 -0.003428 0.010128 -0.008341 -3.140832 -0.004146 -0.019238
    28 0.004127 0.010881 0.000767 3.138806 -0.003164 -0.013821
    29 1.068074 -1.287202 0.981906 1.925949 -0.499323 -0.437818
    30 1.836308 -0.000001 0.000002 0.074245 -0.173006 -0.593150
    31 1.223949 -0.000002 0.000002 0.027395 -0.026912 -0.598150
    32 -0.012758 0.013269 0.005633 -3.132442 0.011957 -0.016684
    33 0.003252 0.002937 0.004907 3.134101 -0.012025 0.011384
    34 0.017597 0.001415 -0.271330 3.132743 -0.094250 -0.000348
    35 -0.034845 0.015532 -0.006371 -3.119476 -0.012752 0.011827
    36 6.868289 0.000003 0.000003 1.894370 0.030276 0.157882
    37 -6.002364 -0.460211 -0.868646 -0.695749 -0.131805 0.077518
    38 -6.002752 -0.459276 -0.867383 -0.699507 -0.131813 0.077097
    39 -10.921875 -4.957031 -11.492188 -1.570794 0.087264 -1.570796
    40 -0.000001 -0.000002 0.000004 -0.098025 -0.169361 0.184882
    41 10.907397 0.000000 -0.000001 -0.000346 -0.000019 -1.069563
    42 10.424307 0.000001 0.000016 -1.893172 0.314056 0.022088
    43 2.997296 0.000062 1.477484 0.000000 0.104719 -1.038469
    44 1.510386 -0.000002 0.000000 0.000000 0.000000 -1.422442
    45 0.808652 0.000001 -0.000003 -0.087183 0.081589 -1.026206
    46 -0.010181 0.001544 -0.002427 3.133438 0.004938 -0.014530
    47 -0.007761 0.000776 -0.012938 -3.140949 0.009512 -0.002789
    48 -0.003515 0.022163 -0.007593 -3.131007 0.004989 -0.015563
    49 3.305811 0.201132 0.547463 0.097216 -0.050307 -0.854749
    50 1.807181 -0.000005 -0.000002 0.020283 -0.092164 -1.076370
    51 0.966146 0.000000 0.000000 0.000000 0.000000 -1.579521
    52 -0.004041 0.002991 -0.002260 -3.129316 0.007469 -0.002160
    53 -0.016014 -0.012525 -0.005755 -3.127586 -0.003209 -0.007102
    54 -0.010741 -0.015351 -0.005964 -3.141244 -0.014366 0.013993
    55 3.571526 0.110787 -0.409180 -0.010425 -0.147987 -0.662451
    56 2.150658 0.000000 0.000000 0.000000 0.000000 -1.596975
    57 1.152748 0.000002 -0.000001 0.000000 0.000000 -1.038469
    58 -0.009424 0.003368 0.009511 3.138994 -0.007577 -0.001092
    59 -0.009795 0.006993 0.001619 3.137400 -0.006826 0.001062
    60 -0.005070 0.017085 0.007624 3.135509 0.005211 0.001477
    61 3.684113 -0.153569 -1.419744 -0.153798 -0.221199 -0.309912
    62 1.701014 -0.000001 0.000000 0.000000 0.000000 -0.955604
    63 0.994705 -0.000004 0.000000 0.000000 0.000000 -0.436331
    64 0.015236 0.000657 -0.012633 3.136885 0.014164 0.000018
    65 -0.014324 -0.018461 0.000846 -3.134644 0.013210 0.007851
    66 -0.020566 0.000650 -0.004019 -3.126894 -0.002595 -0.013678
    67 1.068097 -1.283652 -0.986552 -2.046960 0.465889 -0.431523
    68 1.836308 -0.000002 0.000001 0.071731 -0.042788 -0.118793
    69 1.223948 0.000001 -0.000002 -0.030976 -0.071338 -0.420800
    70 -0.026768 0.000412 0.021024 -3.135050 0.011560 0.031832
    71 -0.030946 0.015453 0.007155 3.126687 -0.014474 -0.013279
    72 0.024326 0.034636 0.000721 -3.121606 0.015525 0.030344
    73 -0.046000 0.019587 0.021797 3.134639 0.020864 -0.001670
    74 6.694322 0.000002 0.000001 -1.534297 -0.085024 0.136866
    75 -6.579163 -0.452807 0.914976 1.390020 0.137634 0.072730
    76 -6.553783 -0.454803 0.900534 1.387994 0.108045 0.086436
  time 119
    0 -6.450333 -24.866241 -4.724844 1.748704 -0.055526 1.123893
    1 7.820313 -3.039063 -8.804688 -1.082104 0.087263 -1.570797
    2 -0.000001 0.000002 0.000000 -0.021003 -0.098597 0.766856
    3 10.907404 0.000001 -0.000001 -0.000001 0.000012 -0.428155
    4 10.424325 -0.000011 -0.000033 2.468703 0.420364 -0.460671
    5 2.997275 0.005409 -1.477475 0.000000 0.000000 -0.471238
    6 1.510384 -0.000004 0.000000 0.000000 0.000000 -0.689404
    7 0.808659 -0.000001 0.000001 0.000000 0.000000 -0.654499
    8 -0.005463 0.010882 0.011922 -3.130701 -0.002586 -0.018476
    9 -0.001080 -0.005339 -0.002780 -3.138880 -0.004640 0.012721
    10 -0.019963 -0.004463 0.017139 3.137685 -0.000240 0.002472
    11 3.305800 0.203115 -0.546730 0.000000 0.000000 -0.488691
    12 1.807178 0.000000 -0.000004 0.000000 0.000000 -0.637045
    13 0.966141 0.000003 -0.000001 0.000000 0.000000 -0.497418
    14 -0.002205 0.006298 0.000417 3.133979 -0.003058 0.005338
    15 0.007872 0.003559 -0.000436 -3.124798 -0.001004 0.009074
    16 0.012690 -0.008244 0.010269 -3.131666 0.016691 0.012264
    17 3.571513 0.109304 0.409580 0.000000 0.000000 -0.427605
    18 2.150648 0.000002 -0.000003 0.000000 0.000000 -0.663223
    19 1.152746 -0.000003 0.000003 0.000000 0.000000 -0.523598
    20 0.000419 0.016150 0.002405 3.136320 -0.007304 -0.003105
    21 0.001816 -0.009672 -0.007393 3.139013 -0.008631 -0.008588
    22 -0.003752 -0.011593 -0.001195 3.133090 0.002976 0.014444
    23 3.684098 -0.158697 1.419183 0.000000 0.000000 -0.253072
    24 1.701014 0.000004 0.000004 0.000000 0.000000 -0.602138
    25 0.994714 -0.000002 -0.000008 0.000000 0.000000 -0.357792
    26 0.021160 0.011093 -0.004108 -3.137926 -0.002080 -0.001153
    27 -0.003428 0.010128 -0.008341 -3.140832 -0.004146 -0.019238
    28 0.004127 0.010881 0.000767 3.138806 -0.003164 -0.013821
    29 1.068074 -1.287202 0.981906 1.925949 -0.499323 -0.437818
    30 1.836308 -0.000001 0.000002 0.074245 -0.173006 -0.593150
    31 1.223949 -0.000002 0.000002 0.027395 -0.026912 -0.598150
    32 -0.012758 0.013269 0.005633 -3.132442 0.011957 -0.016684
    33 0.003252 0.002937 0.004907 3.134101 -0.012025 0.011384
    34 0.017597 0.001415 -0.271330 3.132743 -0.094250 -0.000348
    35 -0.034845 0.015532 -0.006371 -3.119476 -0.012752 0.011827
    36 6.868289 0.000003 0.000003 1.894370 0.030276 0.157882
    37 -6.002364 -0.460211 -0.868646 -0.695749 -0.131805 0.077518
    38 -6.002752 -0.459276 -0.867383 -0.699507 -0.131813 0.077097
    39 -10.921875 -4.957031 -11.492188 -1.570794 0.087264 -1.570796
    40 -0.000001 -0.000002 0.000004 -0.097802 -0.169139 0.183624
    41 10.907397 0.000000 -0.000001 -0.000346 -0.000019 -1.068933
    42 10.424307 0.000001 0.000016 -1.803168 0.289075 0.026864
    43 2.997296 0.000062 1.477484 0.000000 0.104719 -1.038469
    44 1.510386 -0.000002 0.000000 0.000000 0.000000 -1.422442
    45 0.808652 0.000001 -0.000003 -0.087183 0.081589 -1.026206
    46 -0.010181 0.001544 -0.002427 3.133438 0.004938 -0.014530
    47 -0.007761 0.000776 -0.012938 -3.140949 0.009512 -0.002789
    48 -0.003515 0.022163 -0.007593 -3.131007 0.004989 -0.015563
    49 3.305811 0.201132 0.547463 0.097216 -0.050307 -0.854749
    50 1.807181 -0.000005 -0.000002 0.020283 -0.092164 -1.076370
    51 0.966146 0.000000 0.000000 0.000000 0.000000 -1.579521
    52 -0.004041 0.002991 -0.002260 -3.129316 0.007469 -0.002160
    53 -0.016014 -0.012525 -0.005755 -3.127586 -0.003209 -0.007102
    54 -0.010741 -0.015351 -0.005964 -3.141244 -0.014366 0.013993
    55 3.571526 0.110787 -0.409180 -0.010425 -0.147987 -0.662451
    56 2.150658 0.000000 0.000000 0.000000 0.000000 -1.596975
    57 1.152748 0.000002 -0.000001 0.000000 0.000000 -1.038469
    58 -0.009424 0.003368 0.009511 3.138994 -0.007577 -0.001092
    59 -0.009795 0.006993 0.001619 3.137400 -0.006826 0.001062
    60 -0.005070 0.017085 0.007624 3.135509 0.005211 0.001477
    61 3.684113 -0.153569 -1.419744 -0.152025 -0.222433 -0.318012
    62 1.701014 -0.000001 0.000000 0.000000 0.000000 -0.943255
    63 0.994705 -0.000004 0.000000 0.000000 0.000000 -0.436331
    64 0.015236 0.000657 -0.012633 3.136885 0.014164 0.000018
    65 -0.014324 -0.018461 0.000846 -3.134644 0.013210 0.007851
    66 -0.020566 0.000650 -0.004019 -3.126894 -0.002595 -0.013678
    67 1.068097 -1.283652 -0.986552 -2.046011 0.466859 -0.429414
    68 1.836308 -0.000002 0.000001 0.071731 -0.042788 -0.118793
    69 1.223948 0.000001 -0.000002 -0.030976 -0.071338 -0.420800
    70 -0.026768 0.000412 0.021024 -3.135050 0.011560 0.031832
    71 -0.030946 0.015453 0.007155 3.126687 -0.014474 -0.013279
    72 0.024326 0.034636 0.000721 -3.121606 0.015525 0.030344
    73 -0.046000 0.019587 0.021797 3.134639 0.020864 -0.001670
    74 6.694322 0.000002 0.000001 -1.492143 -0.090729 0.133163
    75 -6.579163 -0.452807 0.914976 1.390020 0.137634 0.072730
    76 -6.553783 -0.454803 0.900534 1.387994 0.108045 0.086436
  time 120
    0 -6.356580 -24.756862 -4.634998 1.695317 -0.068398 1.221955
    1 7.820313 -3.039063 -8.804688 -1.082104 0.087263 -1.570797
    2 -0.000001 0.000002 0.000000 -0.021003 -0.098597 0.766856
    3 10.907404 0.000001 -0.000001 -0.000001 0.000012 -0.428155
    4 10.424325 -0.000011 -0.000033 2.468703 0.420364 -0.460671
    5 2.997275 0.005409 -1.477475 0.000000 0.000000 -0.471238
    6 1.510384 -0.000004 0.000000 0.000000 0.000000 -0.689404
    7 0.808659 -0.000001 0.000001 0.000000 0.000000 -0.654499
    8 -0.005463 0.010882 0.011922 -3.130701 -0.002586 -0.018476
    9 -0.001080 -0.005339 -0.002780 -3.138880 -0.004640 0.012721
    10 -0.019963 -0.004463 0.017139 3.137685 -0.000240 0.002472
    11 3.305800 0.203115 -0.546730 0.000000 0.000000 -0.488691
    12 1.807178 0.000000 -0.000004 0.000000 0.000000 -0.637045
    13 0.966141 0.000003 -0.000001 0.000000 0.000000 -0.497418
    14 -0.002205 0.006298 0.000417 3.133979 -0.003058 0.005338
    15 0.007872 0.003559 -0.000436 -3.124798 -0.001004 0.009074
    16 0.012690 -0.008244 0.010269 -3.131666 0.016691 0.012264
    17 3.571513 0.109304 0.409580 0.000000 0.000000 -0.427605
    18 2.150648 0.000002 -0.000003 0.000000 0.000000 -0.663223
    19 1.152746 -0.000003 0.000003 0.000000 0.000000 -0.523598
    20 0.000419 0.016150 0.002405 3.136320 -0.007304 -0.003105
    21 0.001816 -0.009672 -0.007393 3.139013 -0.008631 -0.008588
    22 -0.003752 -0.011593 -0.001195 3.133090 0.002976 0.014444
    23 3.684098 -0.158697 1.419183 0.000000 0.000000 -0.253072
    24 1.701014 0.000004 0.000004 0.000000 0.000000 -0.602138
    25 0.994714 -0.000002 -0.000008 0.000000 0.000000 -0.357792
    26 0.021160 0.011093 -0.004108 -3.137926 -0.002080 -0.001153
    27 -0.003428 0.010128 -0.008341 -3.140832 -0.004146 -0.019238
    28 0.004127 0.010881 0.000767 3.138806 -0.003164 -0.013821
    29 1.068074 -1.287202 0.981906 1.925949 -0.499323 -0.437818
    30 1.836308 -0.000001 0.000002 0.074245 -0.173006 -0.593150
    31 1.223949 -0.000002 0.000002 0.027395 -0.026912 -0.598150
    32 -0.012758 0.013269 0.005633 -3.132442 0.011957 -0.016684
    33 0.003252 0.002937 0.004907 3.134101 -0.012025 0.011384
    34 0.017597 0.001415 -0.271330 3.132743 -0.094250 -0.000348
    35 -0.034845 0.015532 -0.006371 -3.119476 -0.012752 0.011827
    36 6.868289 0.000003 0.000003 1.894370 0.030276 0.157882
    37 -6.002364 -0.460211 -0.868646 -0.695749 -0.131805 0.077518
    38 -6.002752 -0.459276 -0.867383 -0.699507 -0.131813 0.077097
    39 -10.921875 -4.957031 -11.492188 -1.570794 0.087264 -1.570796
    40 -0.000001 -0.000002 0.000004 -0.097643 -0.168991 0.182545
    41 10.907397 0.000000 -0.000001 -0.000346 -0.000019 -1.068337
    42 10.424307 0.000001 0.000016 -1.702176 0.261962 0.031120
    43 2.997296 0.000062 1.477484 0.000000 0.104719 -1.038469
    44 1.510386 -0.000002 0.000000 0.000000 0.000000 -1.422416
    45 0.808652 0.000001 -0.000003 -0.087183 0.081589 -1.026206
    46 -0.010181 0.001544 -0.002427 3.133438 0.004938 -0.014530
    47 -0.007761 0.000776 -0.012938 -3.140949 0.009512 -0.002789
    48 -0.003515 0.022163 -0.007593 -3.131007 0.004989 -0.015563
    49 3.305811 0.201132 0.547463 0.097216 -0.050307 -0.854749
    50 1.807181 -0.000005 -0.000002 0.020278 -0.092162 -1.076376
    51 0.966146 0.000000 0.000000 0.000000 0.000000 -1.579521
    52 -0.004041 0.002991 -0.002260 -3.129316 0.007469 -0.002160
    53 -0.016014 -0.012525 -0.005755 -3.127586 -0.003209 -0.007102
    54 -0.010741 -0.015351 -0.005964 -3.141244 -0.014366 0.013993
    55 3.571526 0.110787 -0.409180 -0.010425 -0.147989 -0.662452
    56 2.150658 0.000000 0.000000 0.000000 0.000000 -1.596992
    57 1.152748 0.000002 -0.000001 0.000000 0.000000 -1.038469
    58 -0.009424 0.003368 0.009511 3.138994 -0.007577 -0.001092
    59 -0.009795 0.006993 0.001619 3.137400 -0.006826 0.001062
    60 -0.005070 0.017085 0.007624 3.135509 0.005211 0.001477
    61 3.684113 -0.153569 -1.419744 -0.150227 -0.223656 -0.326111
    62 1.701014 -0.000001 0.000000 0.000000 0.000000 -0.923927
    63 0.994705 -0.000004 0.000000 0.000000 0.000000 -0.436331
    64 0.015236 0.000657 -0.012633 3.136885 0.014164 0.000018
    65 -0.014324 -0.018461 0.000846 -3.134644 0.013210 0.007851
    66 -0.020566 0.000650 -0.004019 -3.126894 -0.002595 -0.013678
    67 1.068097 -1.283652 -0.986552 -2.045050 0.467842 -0.427293
    68 1.836308 -0.000002 0.000001 0.071731 -0.042788 -0.118793
    69 1.223948 0.000001 -0.000002 -0.030976 -0.071338 -0.420800
    70 -0.026768 0.000412 0.021024 -3.135050 0.011560 0.031832
    71 -0.030946 0.015453 0.007155 3.126687 -0.014474 -0.013279
    72 0.024326 0.034636 0.000721 -3.121606 0.015525 0.030344
    73 -0.046000 0.019587 0.021797 3.134639 0.020864 -0.001670
    74 6.694322 0.000002 0.000001 -1.444143 -0.097021 0.128668
    75 -6.579163 -0.452807 0.914976 1.390020 0.137634 0.072730
    76 -6.553783 -0.454803 0.900534 1.387994 0.108045 0.086436
  time 121
    0 -6.274546 -24.639671 -4.541245 1.635925 -0.078385 1.328647
    1 7.820313 -3.039063 -8.804688 -1.082104 0.087263 -1.570797
    2 -0.000001 0.000002 0.000000 -0.021003 -0.098597 0.766856
    3 10.907404 0.000001 -0.000001 -0.000001 0.000012 -0.428155
    4 10.424325 -0.000011 -0.000033 2.468703 0.420364 -0.460671
    5 2.997275 0.005409 -1.477475 0.000000 0.000000 -0.471238
    6 1.510384 -0.000004 0.000000 0.000000 0.000000 -0.689404
    7 0.808659 -0.000001 0.000001 0.000000 0.000000 -0.654499
    8 -0.005463 0.010882 0.011922 -3.130701 -0.002586 -0.018476
    9 -0.001080 -0.005339 -0.002780 -3.138880 -0.004640 0.012721
    10 -0.019963 -0.004463 0.017139 3.137685 -0.000240 0.002472
    11 3.305800 0.203115 -0.546730 0.000000 0.000000 -0.488691
    12 1.807178 0.000000 -0.000004 0.000000 0.000000 -0.637045
    13 0.966141 0.000003 -0.000001 0.000000 0.000000 -0.497418
    14 -0.002205 0.006298 0.000417 3.133979 -0.003058 0.005338
    15 0.007872 0.003559 -0.000436 -3.124798 -0.001004 0.009074
    16 0.012690 -0.008244 0.010269 -3.131666 0.016691 0.012264
    17 3.571513 0.109304 0.409580 0.000000 0.000000 -0.427605
    18 2.150648 0.000002 -0.000003 0.000000 0.000000 -0.663223
    19 1.152746 -0.000003 0.000003 0.000000 0.000000 -0.523598
    20 0.000419 0.016150 0.002405 3.136320 -0.007304 -0.003105
    21 0.001816 -0.009672 -0.007393 3.139013 -0.008631 -0.008588
    22 -0.003752 -0.011593 -0.001195 3.133090 0.002976 0.014444
    23 3.684098 -0.158697 1.419183 0.000000 0.000000 -0.253072
    24 1.701014 0.000004 0.000004 0.000000 0.000000 -0.602138
    25 0.994714 -0.000002 -0.000008 0.000000 0.000000 -0.357792
    26 0.021160 0.011093 -0.004108 -3.137926 -0.002080 -0.001153
    27 -0.003428 0.010128 -0.008341 -3.140832 -0.004146 -0.019238
    28 0.004127 0.010881 0.000767 3.138806 -0.003164 -0.013821
    29 1.068074 -1.287202 0.981906 1.925949 -0.499323 -0.437818
    30 1.836308 -0.000001 0.000002 0.074245 -0.173006 -0.593150
    31 1.223949 -0.000002 0.000002 0.027395 -0.026912 -0.598150
    32 -0.012758 0.013269 0.005633 -3.132442 0.011957 -0.016684
    33 0.003252 0.002937 0.004907 3.134101 -0.012025 0.011384
    34 0.017597 0.001415 -0.271330 3.132743 -0.094250 -0.000348
    35 -0.034845 0.015532 -0.006371 -3.119476 -0.012752 0.011827
    36 6.868289 0.000003 0.000003 1.894370 0.030276 0.157882
    37 -6.002364 -0.460211 -0.868646 -0.695749 -0.131805 0.077518
    38 -6.002752 -0.459276 -0.867383 -0.699507 -0.131813 0.077097
    39 -10.921875 -4.957031 -11.492188 -1.570794 0.087264 -1.570796
    40 -0.000001 -0.000002 0.000004 -0.097515 -0.168843 0.181736
    41 10.907397 0.000000 -0.000001 -0.000346 -0.000019 -1.067952
    42 10.424307 0.000001 0.000016 -1.592437 0.233242 0.034507
    43 2.997296 0.000062 1.477484 0.000000 0.104719 -1.038469
    44 1.510386 -0.000002 0.000000 0.000000 0.000000 -1.422416
    45 0.808652 0.000001 -0.000003 -0.087183 0.081589 -1.026206
    46 -0.010181 0.001544 -0.002427 3.133438 0.004938 -0.014530
    47 -0.007761 0.000776 -0.012938 -3.140949 0.009512 -0.002789
    48 -0.003515 0.022163 -0.007593 -3.131007 0.004989 -0.015563
    49 3.305811 0.201132 0.547463 0.097216 -0.050307 -0.854749
    50 1.807181 -0.000005 -0.000002 0.020278 -0.092162 -1.076376
    51 0.966146 0.000000 0.000000 0.000000 0.000000 -1.579521
    52 -0.004041 0.002991 -0.002260 -3.129316 0.007469 -0.002160
    53 -0.016014 -0.012525 -0.005755 -3.127586 -0.003209 -0.007102
    54 -0.010741 -0.015351 -0.005964 -3.141244 -0.014366 0.013993
    55 3.571526 0.110787 -0.409180 -0.010425 -0.147989 -0.662452
    56 2.150658 0.000000 0.000000 0.000000 0.000000 -1.596992
    57 1.152748 0.000002 -0.000001 0.000000 0.000000 -1.038469
    58 -0.009424 0.003368 0.009511 3.138994 -0.007577 -0.001092
    59 -0.009795 0.006993 0.001619 3.137400 -0.006826 0.001062
    60 -0.005070 0.017085 0.007624 3.135509 0.005211 0.001477
    61 3.684113 -0.153569 -1.419744 -0.148441 -0.224878 -0.334231
    62 1.701014 -0.000001 0.000000 0.000000 0.000000 -0.898558
    63 0.994705 -0.000004 0.000000 0.000000 0.000000 -0.436331
    64 0.015236 0.000657 -0.012633 3.136885 0.014164 0.000018
    65 -0.014324 -0.018461 0.000846 -3.134644 0.013210 0.007851
    66 -0.020566 0.000650 -0.004019 -3.126894 -0.002595 -0.013678
    67 1.068097 -1.283652 -0.986552 -2.044102 0.468825 -0.425160
    68 1.836308 -0.000002 0.000001 0.071731 -0.042788 -0.118793
    69 1.223948 0.000001 -0.000002 -0.030976 -0.071338 -0.420800
    70 -0.026768 0.000412 0.021024 -3.135050 0.011560 0.031832
    71 -0.030946 0.015453 0.007155 3.126687 -0.014474 -0.013279
    72 0.024326 0.034636 0.000721 -3.121606 0.015525 0.030344
    73 -0.046000 0.019587 0.021797 3.134639 0.020864 -0.001670
    74 6.694322 0.000002 0.000001 -1.391302 -0.103684 0.123383
    75 -6.579163 -0.452807 0.914976 1.390020 0.137634 0.072730
    76 -6.553783 -0.454803 0.900534 1.387994 0.108045 0.086436
  time 122
    0 -6.200325 -24.510761 -4.451398 1.571748 -0.084157 1.441693
    1 7.820313 -3.039063 -8.804688 -1.082104 0.087263 -1.570797
    2 -0.000001 0.000002 0.000000 -0.021003 -0.098597 0.766856
    3 10.907404 0.000001 -0.000001 -0.000001 0.000012 -0.428155
    4 10.424325 -0.000011 -0.000033 2.468703 0.420364 -0.460671
    5 2.997275 0.005409 -1.477475 0.000000 0.000000 -0.471238
    6 1.510384 -0.000004 0.000000 0.000000 0.000000 -0.689404
    7 0.808659 -0.000001 0.000001 0.000000 0.000000 -0.654499
    8 -0.005463 0.010882 0.011922 -3.130701 -0.002586 -0.018476
    9 -0.001080 -0.005339 -0.002780 -3.138880 -0.004640 0.012721
    10 -0.019963 -0.004463 0.017139 3.137685 -0.000240 0.002472
    11 3.305800 0.203115 -0.546730 0.000000 0.000000 -0.488691
    12 1.807178 0.000000 -0.000004 0.000000 0.000000 -0.637045
    13 0.966141 0.000003 -0.000001 0.000000 0.000000 -0.497418
    14 -0.002205 0.006298 0.000417 3.133979 -0.003058 0.005338
    15 0.007872 0.003559 -0.000436 -3.124798 -0.001004 0.009074
    16 0.012690 -0.008244 0.010269 -3.131666 0.016691 0.012264
    17 3.571513 0.109304 0.409580 0.000000 0.000000 -0.427605
    18 2.150648 0.000002 -0.000003 0.000000 0.000000 -0.663223
    19 1.152746 -0.000003 0.000003 0.000000 0.000000 -0.523598
    20 0.000419 0.016150 0.002405 3.136320 -0.007304 -0.003105
    21 0.001816 -0.009672 -0.007393 3.139013 -0.008631 -0.008588
    22 -0.003752 -0.011593 -0.001195 3.133090 0.002976 0.014444
    23 3.684098 -0.158697 1.419183 0.000000 0.000000 -0.253072
    24 1.701014 0.000004 0.000004 0.000000 0.000000 -0.602138
    25 0.994714 -0.000002 -0.000008 0.000000 0.000000 -0.357792
    26 0.021160 0.011093 -0.004108 -3.137926 -0.002080 -0.001153
    27 -0.003428 0.010128 -0.008341 -3.140832 -0.004146 -0.019238
    28 0.004127 0.010881 0.000767 3.138806 -0.003164 -0.013821
    29 1.068074 -1.287202 0.981906 1.925949 -0.499323 -0.437818
    30 1.836308 -0.000001 0.000002 0.074245 -0.173006 -0.593150
    31 1.223949 -0.000002 0.000002 0.027395 -0.026912 -0.598150
    32 -0.012758 0.013269 0.005633 -3.132442 0.011957 -0.016684
    33 0.003252 0.002937 0.004907 3.134101 -0.012025 0.011384
    34 0.017597 0.001415 -0.271330 3.132743 -0.094250 -0.000348
    35 -0.034845 0.015532 -0.006371 -3.119476 -0.012752 0.011827
    36 6.868289 0.000003 0.000003 1.894370 0.030276 0.157882
    37 -6.002364 -0.460211 -0.868646 -0.695749 -0.131805 0.077518
    38 -6.002752 -0.459276 -0.867383 -0.699507 -0.131813 0.077097
    39 -10.921875 -4.957031 -11.492188 -1.570794 0.087264 -1.570796
    40 -0.000001 -0.000002 0.000004 -0.097483 -0.168806 0.181466
    41 10.907397 0.000000 -0.000001 -0.000346 -0.000019 -1.067777
    42 10.424307 0.000001 0.000016 -1.476344 0.203511 0.036678
    43 2.997296 0.000062 1.477484 0.000000 0.104719 -1.038469
    44 1.510386 -0.000002 0.000000 0.000000 0.000000 -1.422416
    45 0.808652 0.000001 -0.000003 -0.087183 0.081589 -1.026206
    46 -0.010181 0.001544 -0.002427 3.133438 0.004938 -0.014530
    47 -0.007761 0.000776 -0.012938 -3.140949 0.009512 -0.002789
    48 -0.003515 0.022163 -0.007593 -3.131007 0.004989 -0.015563
    49 3.305811 0.201132 0.547463 0.097216 -0.050307 -0.854749
    50 1.807181 -0.000005 -0.000002 0.020278 -0.092162 -1.076376
    51 0.966146 0.000000 0.000000 0.000000 0.000000 -1.579521
    52 -0.004041 0.002991 -0.002260 -3.129316 0.007469 -0.002160
    53 -0.016014 -0.012525 -0.005755 -3.127586 -0.003209 -0.007102
    54 -0.010741 -0.015351 -0.005964 -3.141244 -0.014366 0.013993
    55 3.571526 0.110787 -0.409180 -0.010425 -0.147989 -0.662452
    56 2.150658 0.000000 0.000000 0.000000 0.000000 -1.596992
    57 1.152748 0.000002 -0.000001 0.000000 0.000000 -1.038469
    58 -0.009424 0.003368 0.009511 3.138994 -0.007577 -0.001092
    59 -0.009795 0.006993 0.001619 3.137400 -0.006826 0.001062
    60 -0.005070 0.017085 0.007624 3.135509 0.005211 0.001477
    61 3.684113 -0.153569 -1.419744 -0.146643 -0.226101 -0.342331
    62 1.701014 -0.000001 0.000000 0.000000 0.000000 -0.868222
    63 0.994705 -0.000004 0.000000 0.000000 0.000000 -0.436331
    64 0.015236 0.000657 -0.012633 3.136885 0.014164 0.000018
    65 -0.014324 -0.018461 0.000846 -3.134644 0.013210 0.007851
    66 -0.020566 0.000650 -0.004019 -3.126894 -0.002595 -0.013678
    67 1.068097 -1.283652 -0.986552 -2.043141 0.469808 -0.423026
    68 1.836308 -0.000002 0.000001 0.071731 -0.042788 -0.118793
    69 1.223948 0.000001 -0.000002 -0.030976 -0.071338 -0.420800
    70 -0.026768 0.000412 0.021024 -3.135050 0.011560 0.031832
    71 -0.030946 0.015453 0.007155 3.126687 -0.014474 -0.013279
    72 0.024326 0.034636 0.000721 -3.121606 0.015525 0.030344
    73 -0.046000 0.019587 0.021797 3.134639 0.020864 -0.001670
    74 6.694322 0.000002 0.000001 -1.334580 -0.110503 0.117319
    75 -6.579163 -0.452807 0.914976 1.390020 0.137634 0.072730
    76 -6.553783 -0.454803 0.900534 1.387994 0.108045 0.086436
  time 123
    0 -6.145636 -24.374038 -4.392803 1.504663 -0.084890 1.558911
    1 7.820313 -3.039063 -8.804688 -1.082104 0.087263 -1.570797
    2 -0.000001 0.000002 0.000000 -0.021003 -0.098597 0.766856
    3 10.907404 0.000001 -0.000001 -0.000001 0.000012 -0.428155
    4 10.424325 -0.000011 -0.000033 2.468703 0.420364 -0.460671
    5 2.997275 0.005409 -1.477475 0.000000 0.000000 -0.471238
    6 1.510384 -0.000004 0.000000 0.000000 0.000000 -0.689404
    7 0.808659 -0.000001 0.000001 0.000000 0.000000 -0.654499
    8 -0.005463 0.010882 0.011922 -3.130701 -0.002586 -0.018476
    9 -0.001080 -0.005339 -0.002780 -3.138880 -0.004640 0.012721
    10 -0.019963 -0.004463 0.017139 3.137685 -0.000240 0.002472
    11 3.305800 0.203115 -0.546730 0.000000 0.000000 -0.488691
    12 1.807178 0.000000 -0.000004 0.000000 0.000000 -0.637045
    13 0.966141 0.000003 -0.000001 0.000000 0.000000 -0.497418
    14 -0.002205 0.006298 0.000417 3.133979 -0.003058 0.005338
    15 0.007872 0.003559 -0.000436 -3.124798 -0.001004 0.009074
    16 0.012690 -0.008244 0.010269 -3.131666 0.016691 0.012264
    17 3.571513 0.109304 0.409580 0.000000 0.000000 -0.427605
    18 2.150648 0.000002 -0.000003 0.000000 0.000000 -0.663223
    19 1.152746 -0.000003 0.000003 0.000000 0.000000 -0.523598
    20 0.000419 0.016150 0.002405 3.136320 -0.007304 -0.003105
    21 0.001816 -0.009672 -0.007393 3.139013 -0.008631 -0.008588
    22 -0.003752 -0.011593 -0.001195 3.133090 0.002976 0.014444
    23 3.684098 -0.158697 1.419183 0.000000 0.000000 -0.253072
    24 1.701014 0.000004 0.000004 0.000000 0.000000 -0.602138
    25 0.994714 -0.000002 -0.000008 0.000000 0.000000 -0.357792
    26 0.021160 0.011093 -0.004108 -3.137926 -0.002080 -0.001153
    27 -0.003428 0.010128 -0.008341 -3.140832 -0.004146 -0.019238
    28 0.004127 0.010881 0.000767 3.138806 -0.003164 -0.013821
    29 1.068074 -1.287202 0.981906 1.925949 -0.499323 -0.437818
    30 1.836308 -0.000001 0.000002 0.074245 -0.173006 -0.593150
    31 1.223949 -0.000002 0.000002 0.027395 -0.026912 -0.598150
    32 -0.012758 0.013269 0.005633 -3.132442 0.011957 -0.016684
    33 0.003252 0.002937 0.004907 3.134101 -0.012025 0.011384
    34 0.017597 0.001415 -0.271330 3.132743 -0.094250 -0.000348
    35 -0.034845 0.015532 -0.006371 -3.119476 -0.012752 0.011827
    36 6.868289 0.000003 0.000003 1.894370 0.030276 0.157882
    37 -6.002364 -0.460211 -0.868646 -0.695749 -0.131805 0.077518
    38 -6.002752 -0.459276 -0.867383 -0.699507 -0.131813 0.077097
    39 -10.921875 -4.957031 -11.492188 -1.570794 0.087264 -1.570796
    40 -0.000001 -0.000002 0.000004 -0.097643 -0.168806 0.183803
    41 10.907397 0.000000 -0.000001 -0.000346 -0.000019 -1.069248
    42 10.424307 0.000001 0.000016 -1.356214 0.173183 0.036938
    43 2.997296 0.000062 1.477484 0.000000 0.104719 -1.038469
    44 1.510386 -0.000002 0.000000 0.000000 0.000000 -1.422416
    45 0.808652 0.000001 -0.000003 -0.087183 0.081589 -1.026206
    46 -0.010181 0.001544 -0.002427 3.133438 0.004938 -0.014530
    47 -0.007761 0.000776 -0.012938 -3.140949 0.009512 -0.002789
    48 -0.003515 0.022163 -0.007593 -3.131007 0.004989 -0.015563
    49 3.305811 0.201132 0.547463 0.097216 -0.050307 -0.854749
    50 1.807181 -0.000005 -0.000002 0.020278 -0.092162 -1.076376
    51 0.966146 0.000000 0.000000 0.000000 0.000000 -1.579521
    52 -0.004041 0.002991 -0.002260 -3.129316 0.007469 -0.002160
    53 -0.016014 -0.012525 -0.005755 -3.127586 -0.003209 -0.007102
    54 -0.010741 -0.015351 -0.005964 -3.141244 -0.014366 0.013993
    55 3.571526 0.110787 -0.409180 -0.010425 -0.147989 -0.662452
    56 2.150658 0.000000 0.000000 0.000000 0.000000 -1.596992
    57 1.152748 0.000002 -0.000001 0.000000 0.000000 -1.038469
    58 -0.009424 0.003368 0.009511 3.138994 -0.007577 -0.001092
    59 -0.009795 0.006993 0.001619 3.137400 -0.006826 0.001062
    60 -0.005070 0.017085 0.007624 3.135509 0.005211 0.001477
    61 3.684113 -0.153569 -1.419744 -0.144870 -0.227311 -0.350369
    62 1.701014 -0.000001 0.000000 0.000000 0.000000 -0.833860
    63 0.994705 -0.000004 0.000000 0.000000 0.000000 -0.436331
    64 0.015236 0.000657 -0.012633 3.136885 0.014164 0.000018
    65 -0.014324 -0.018461 0.000846 -3.134644 0.013210 0.007851
    66 -0.020566 0.000650 -0.004019 -3.126894 -0.002595 -0.013678
    67 1.068097 -1.283652 -0.986552 -2.042180 0.470790 -0.420893
    68 1.836308 -0.000002 0.000001 0.071731 -0.042788 -0.118793
    69 1.223948 0.000001 -0.000002 -0.030976 -0.071338 -0.420800
    70 -0.026768 0.000412 0.021024 -3.135050 0.011560 0.031832
    71 -0.030946 0.015453 0.007155 3.126687 -0.014474 -0.013279
    72 0.024326 0.034636 0.000721 -3.121606 0.015525 0.030344
    73 -0.046000 0.019587 0.021797 3.134639 0.020864 -0.001670
    74 6.694322 0.000002 0.000001 -1.275162 -0.117263 0.110560
    75 -6.579163 -0.452807 0.914976 1.390020 0.137634 0.072730
    76 -6.553783 -0.454803 0.900534 1.387994 0.108045 0.086436
  time 124
    0 -6.114385 -24.237315 -4.384990 1.436170 -0.080034 1.677837
    1 7.820313 -3.039063 -8.804688 -1.082104 0.087263 -1.570797
    2 -0.000001 0.000002 0.000000 -0.021003 -0.098597 0.766856
    3 10.907404 0.000001 -0.000001 -0.000001 0.000012 -0.428155
    4 10.424325 -0.000011 -0.000033 2.468703 0.420364 -0.460671
    5 2.997275 0.005409 -1.477475 0.000000 0.000000 -0.471238
    6 1.510384 -0.000004 0.000000 0.000000 0.000000 -0.689404
    7 0.808659 -0.000001 0.000001 0.000000 0.000000 -0.654499
    8 -0.005463 0.010882 0.011922 -3.130701 -0.002586 -0.018476
    9 -0.001080 -0.005339 -0.002780 -3.138880 -0.004640 0.012721
    10 -0.019963 -0.004463 0.017139 3.137685 -0.000240 0.002472
    11 3.305800 0.203115 -0.546730 0.000000 0.000000 -0.488691
    12 1.807178 0.000000 -0.000004 0.000000 0.000000 -0.637045
    13 0.966141 0.000003 -0.000001 0.000000 0.000000 -0.497418
    14 -0.002205 0.006298 0.000417 3.133979 -0.003058 0.005338
    15 0.007872 0.003559 -0.000436 -3.124798 -0.001004 0.009074
    16 0.012690 -0.008244 0.010269 -3.131666 0.016691 0.012264
    17 3.571513 0.109304 0.409580 0.000000 0.000000 -0.427605
    18 2.150648 0.000002 -0.000003 0.000000 0.000000 -0.663223
    19 1.152746 -0.000003 0.000003 0.000000 0.000000 -0.523598
    20 0.000419 0.016150 0.002405 3.136320 -0.007304 -0.003105
    21 0.001816 -0.009672 -0.007393 3.139013 -0.008631 -0.008588
    22 -0.003752 -0.011593 -0.001195 3.133090 0.002976 0.014444
    23 3.684098 -0.158697 1.419183 0.000000 0.000000 -0.253072
    24 1.701014 0.000004 0.000004 0.000000 0.000000 -0.602138
    25 0.994714 -0.000002 -0.000008 0.000000 0.000000 -0.357792
    26 0.021160 0.011093 -0.004108 -3.137926 -0.002080 -0.001153
    27 -0.003428 0.010128 -0.008341 -3.140832 -0.004146 -0.019238
    28 0.004127 0.010881 0.000767 3.138806 -0.003164 -0.013821
    29 1.068074 -1.287202 0.981906 1.925949 -0.499323 -0.437818
    30 1.836308 -0.000001 0.000002 0.074245 -0.173006 -0.593150
    31 1.223949 -0.000002 0.000002 0.027395 -0.026912 -0.598150
    32 -0.012758 0.013269 0.005633 -3.132442 0.011957 -0.016684
    33 0.003252 0.002937 0.004907 3.134101 -0.012025 0.011384
    34 0.017597 0.001415 -0.271330 3.132743 -0.094250 -0.000348
    35 -0.034845 0.015532 -0.006371 -3.119476 -0.012752 0.011827
    36 6.868289 0.000003 0.000003 1.894370 0.030276 0.157882
    37 -6.002364 -0.460211 -0.868646 -0.695749 -0.131805 0.077518
    38 -6.002752 -0.459276 -0.867383 -0.699507 -0.131813 0.077097
    39 -10.921875 -4.957031 -11.492188 -1.570794 0.087264 -1.570796
    40 -0.000001 -0.000002 0.000004 -0.098025 -0.168806 0.189827
    41 10.907397 0.000000 -0.000001 -0.000346 -0.000019 -1.072818
    42 10.424307 0.000001 0.000016 -1.234439 0.142705 0.034767
    43 2.997296 0.000062 1.477484 0.000000 0.104719 -1.038469
    44 1.510386 -0.000002 0.000000 0.000000 0.000000 -1.422416
    45 0.808652 0.000001 -0.000003 -0.087183 0.081589 -1.026206
    46 -0.010181 0.001544 -0.002427 3.133438 0.004938 -0.014530
    47 -0.007761 0.000776 -0.012938 -3.140949 0.009512 -0.002789
    48 -0.003515 0.022163 -0.007593 -3.131007 0.004989 -0.015563
    49 3.305811 0.201132 0.547463 0.097216 -0.050307 -0.854749
    50 1.807181 -0.000005 -0.000002 0.020278 -0.092162 -1.076376
    51 0.966146 0.000000 0.000000 0.000000 0.000000 -1.579521
    52 -0.004041 0.002991 -0.002260 -3.129316 0.007469 -0.002160
    53 -0.016014 -0.012525 -0.005755 -3.127586 -0.003209 -0.007102
    54 -0.010741 -0.015351 -0.005964 -3.141244 -0.014366 0.013993
    55 3.571526 0.110787 -0.409180 -0.010425 -0.147989 -0.662452
    56 2.150658 0.000000 0.000000 0.000000 0.000000 -1.596992
    57 1.152748 0.000002 -0.000001 0.000000 0.000000 -1.038469
    58 -0.009424 0.003368 0.009511 3.138994 -0.007577 -0.001092
    59 -0.009795 0.006993 0.001619 3.137400 -0.006826 0.001062
    60 -0.005070 0.017085 0.007624 3.135509 0.005211 0.001477
    61 3.684113 -0.153569 -1.419744 -0.143108 -0.228510 -0.358325
    62 1.701014 -0.000001 0.000000 0.000000 0.000000 -0.796478
    63 0.994705 -0.000004 0.000000 0.000000 0.000000 -0.436331
    64 0.015236 0.000657 -0.012633 3.136885 0.014164 0.000018
    65 -0.014324 -0.018461 0.000846 -3.134644 0.013210 0.007851
    66 -0.020566 0.000650 -0.004019 -3.126894 -0.002595 -0.013678
    67 1.068097 -1.283652 -0.986552 -2.041219 0.471761 -0.418760
    68 1.836308 -0.000002 0.000001 0.071731 -0.042788 -0.118793
    69 1.223948 0.000001 -0.000002 -0.030976 -0.071338 -0.420800
    70 -0.026768 0.000412 0.021024 -3.135050 0.011560 0.031832
    71 -0.030946 0.015453 0.007155 3.126687 -0.014474 -0.013279
    72 0.024326 0.034636 0.000721 -3.121606 0.015525 0.030344
    73 -0.046000 0.019587 0.021797 3.134639 0.020864 -0.001670
    74 6.694322 0.000002 0.000001 -1.214329 -0.123746 0.103249
    75 -6.579163 -0.452807 0.914976 1.390020 0.137634 0.072730
    76 -6.553783 -0.454803 0.900534 1.387994 0.108045 0.086436
  time 125
    0 -6.098760 -24.108405 -4.404522 1.368052 -0.069544 1.795909
    1 7.820313 -3.039063 -8.804688 -1.082104 0.087263 -1.570797
    2 -0.000001 0.000002 0.000000 -0.021003 -0.098597 0.766856
    3 10.907404 0.000001 -0.000001 -0.000001 0.000012 -0.428155
    4 10.424325 -0.000011 -0.000033 2.468703 0.420364 -0.460671
    5 2.997275 0.005409 -1.477475 0.000000 0.000000 -0.471238
    6 1.510384 -0.000004 0.000000 0.000000 0.000000 -0.689404
    7 0.808659 -0.000001 0.000001 0.000000 0.000000 -0.654499
    8 -0.005463 0.010882 0.011922 -3.130701 -0.002586 -0.018476
    9 -0.001080 -0.005339 -0.002780 -3.138880 -0.004640 0.012721
    10 -0.019963 -0.004463 0.017139 3.137685 -0.000240 0.002472
    11 3.305800 0.203115 -0.546730 0.000000 0.000000 -0.488691
    12 1.807178 0.000000 -0.000004 0.000000 0.000000 -0.637045
    13 0.966141 0.000003 -0.000001 0.000000 0.000000 -0.497418
    14 -0.002205 0.006298 0.000417 3.133979 -0.003058 0.005338
    15 0.007872 0.003559 -0.000436 -3.124798 -0.001004 0.009074
    16 0.012690 -0.008244 0.010269 -3.131666 0.016691 0.012264
    17 3.571513 0.109304 0.409580 0.000000 0.000000 -0.427605
    18 2.150648 0.000002 -0.000003 0.000000 0.000000 -0.663223
    19 1.152746 -0.000003 0.000003 0.000000 0.000000 -0.523598
    20 0.000419 0.016150 0.002405 3.136320 -0.007304 -0.003105
    21 0.001816 -0.009672 -0.007393 3.139013 -0.008631 -0.008588
    22 -0.003752 -0.011593 -0.001195 3.133090 0.002976 0.014444
    23 3.684098 -0.158697 1.419183 0.000000 0.000000 -0.253072
    24 1.701014 0.000004 0.000004 0.000000 0.000000 -0.602138
    25 0.994714 -0.000002 -0.000008 0.000000 0.000000 -0.357792
    26 0.021160 0.011093 -0.004108 -3.137926 -0.002080 -0.001153
    27 -0.003428 0.010128 -0.008341 -3.140832 -0.004146 -0.019238
    28 0.004127 0.010881 0.000767 3.138806 -0.003164 -0.013821
    29 1.068074 -1.287202 0.981906 1.925949 -0.499323 -0.437818
    30 1.836308 -0.000001 0.000002 0.074245 -0.173006 -0.593150
    31 1.223949 -0.000002 0.000002 0.027395 -0.026912 -0.598150
    32 -0.012758 0.013269 0.005633 -3.132442 0.011957 -0.016684
    33 0.003252 0.002937 0.004907 3.134101 -0.012025 0.011384
    34 0.017597 0.001415 -0.271330 3.132743 -0.094250 -0.000348
    35 -0.034845 0.015532 -0.006371 -3.119476 -0.012752 0.011827
    36 6.868289 0.000003 0.000003 1.894370 0.030276 0.157882
    37 -6.002364 -0.460211 -0.868646 -0.695749 -0.131805 0.077518
    38 -6.002752 -0.459276 -0.867383 -0.699507 -0.131813 0.077097
    39 -10.921875 -4.957031 -11.492188 -1.570794 0.087264 -1.570796
    40 -0.000001 -0.000002 0.000004 -0.098567 -0.168843 0.197559
    41 10.907397 0.000000 -0.000001 -0.000346 -0.000019 -1.077404
    42 10.424307 0.000001 0.000016 -1.112964 0.112675 0.030946
    43 2.997296 0.000062 1.477484 0.000000 0.104719 -1.038469
    44 1.510386 -0.000002 0.000000 0.000000 0.000000 -1.422416
    45 0.808652 0.000001 -0.000003 -0.087183 0.081589 -1.026206
    46 -0.010181 0.001544 -0.002427 3.133438 0.004938 -0.014530
    47 -0.007761 0.000776 -0.012938 -3.140949 0.009512 -0.002789
    48 -0.003515 0.022163 -0.007593 -3.131007 0.004989 -0.015563
    49 3.305811 0.201132 0.547463 0.097216 -0.050307 -0.854749
    50 1.807181 -0.000005 -0.000002 0.020278 -0.092162 -1.076376
    51 0.966146 0.000000 0.000000 0.000000 0.000000 -1.579521
    52 -0.004041 0.002991 -0.002260 -3.129316 0.007469 -0.002160
    53 -0.016014 -0.012525 -0.005755 -3.127586 -0.003209 -0.007102
    54 -0.010741 -0.015351 -0.005964 -3.141244 -0.014366 0.013993
    55 3.571526 0.110787 -0.409180 -0.010425 -0.147989 -0.662452
    56 2.150658 0.000000 0.000000 0.000000 0.000000 -1.596992
    57 1.152748 0.000002 -0.000001 0.000000 0.000000 -1.038469
    58 -0.009424 0.003368 0.009511 3.138994 -0.007577 -0.001092
    59 -0.009795 0.006993 0.001619 3.137400 -0.006826 0.001062
    60 -0.005070 0.017085 0.007624 3.135509 0.005211 0.001477
    61 3.684113 -0.153569 -1.419744 -0.141370 -0.229696 -0.366199
    62 1.701014 -0.000001 0.000000 0.000000 0.000000 -0.757115
    63 0.994705 -0.000004 0.000000 0.000000 0.000000 -0.436331
    64 0.015236 0.000657 -0.012633 3.136885 0.014164 0.000018
    65 -0.014324 -0.018461 0.000846 -3.134644 0.013210 0.007851
    66 -0.020566 0.000650 -0.004019 -3.126894 -0.002595 -0.013678
    67 1.068097 -1.283652 -0.986552 -2.040271 0.472732 -0.416651
    68 1.836308 -0.000002 0.000001 0.071731 -0.042788 -0.118793
    69 1.223948 0.000001 -0.000002 -0.030976 -0.071338 -0.420800
    70 -0.026768 0.000412 0.021024 -3.135050 0.011560 0.031832
    71 -0.030946 0.015453 0.007155 3.126687 -0.014474 -0.013279
    72 0.024326 0.034636 0.000721 -3.121606 0.015525 0.030344
    73 -0.046000 0.019587 0.021797 3.134639 0.020864 -0.001670
    74 6.694322 0.000002 0.000001 -1.153131 -0.129798 0.095507
    75 -6.579163 -0.452807 0.914976 1.390020 0.137634 0.072730
    76 -6.553783 -0.454803 0.900534 1.387994 0.108045 0.086436
  time 126
    0 -6.106573 -23.987307 -4.427960 1.302186 -0.053785 1.910757
    1 7.820313 -3.039063 -8.804688 -1.082104 0.087263 -1.570797
    2 -0.000001 0.000002 0.000000 -0.021003 -0.098597 0.766856
    3 10.907404 0.000001 -0.000001 -0.000001 0.000012 -0.428155
    4 10.424325 -0.000011 -0.000033 2.468703 0.420364 -0.460671
    5 2.997275 0.005409 -1.477475 0.000000 0.000000 -0.471238
    6 1.510384 -0.000004 0.000000 0.000000 0.000000 -0.689404
    7 0.808659 -0.000001 0.000001 0.000000 0.000000 -0.654499
    8 -0.005463 0.010882 0.011922 -3.130701 -0.002586 -0.018476
    9 -0.001080 -0.005339 -0.002780 -3.138880 -0.004640 0.012721
    10 -0.019963 -0.004463 0.017139 3.137685 -0.000240 0.002472
    11 3.305800 0.203115 -0.546730 0.000000 0.000000 -0.488691
    12 1.807178 0.000000 -0.000004 0.000000 0.000000 -0.637045
    13 0.966141 0.000003 -0.000001 0.000000 0.000000 -0.497418
    14 -0.002205 0.006298 0.000417 3.133979 -0.003058 0.005338
    15 0.007872 0.003559 -0.000436 -3.124798 -0.001004 0.009074
    16 0.012690 -0.008244 0.010269 -3.131666 0.016691 0.012264
    17 3.571513 0.109304 0.409580 0.000000 0.000000 -0.427605
    18 2.150648 0.000002 -0.000003 0.000000 0.000000 -0.663223
    19 1.152746 -0.000003 0.000003 0.000000 0.000000 -0.523598
    20 0.000419 0.016150 0.002405 3.136320 -0.007304 -0.003105
    21 0.001816 -0.009672 -0.007393 3.139013 -0.008631 -0.008588
    22 -0.003752 -0.011593 -0.001195 3.133090 0.002976 0.014444
    23 3.684098 -0.158697 1.419183 0.000000 0.000000 -0.253072
    24 1.701014 0.000004 0.000004 0.000000 0.000000 -0.602138
    25 0.994714 -0.000002 -0.000008 0.000000 0.000000 -0.357792
    26 0.021160 0.011093 -0.004108 -3.137926 -0.002080 -0.001153
    27 -0.003428 0.010128 -0.008341 -3.140832 -0.004146 -0.019238
    28 0.004127 0.010881 0.000767 3.138806 -0.003164 -0.013821
    29 1.068074 -1.287202 0.981906 1.925949 -0.499323 -0.437818
    30 1.836308 -0.000001 0.000002 0.074245 -0.173006 -0.593150
    31 1.223949 -0.000002 0.000002 0.027395 -0.026912 -0.598150
    32 -0.012758 0.013269 0.005633 -3.132442 0.011957 -0.016684
    33 0.003252 0.002937 0.004907 3.134101 -0.012025 0.011384
    34 0.017597 0.001415 -0.271330 3.132743 -0.094250 -0.000348
    35 -0.034845 0.015532 -0.006371 -3.119476 -0.012752 0.011827
    36 6.868289 0.000003 0.000003 1.894370 0.030276 0.157882
    37 -6.002364 -0.460211 -0.868646 -0.695749 -0.131805 0.077518
    38 -6.002752 -0.459276 -0.867383 -0.699507 -0.131813 0.077097
    39 -10.921875 -4.957031 -11.492188 -1.570794 0.087264 -1.570796
    40 -0.000001 -0.000002 0.000004 -0.099045 -0.168843 0.205290
    41 10.907397 0.000000 -0.000001 -0.000346 -0.000019 -1.081850
    42 10.424307 0.000001 0.000016 -0.993731 0.083693 0.026343
    43 2.997296 0.000062 1.477484 0.000000 0.104719 -1.038469
    44 1.510386 -0.000002 0.000000 0.000000 0.000000 -1.422416
    45 0.808652 0.000001 -0.000003 -0.087183 0.081589 -1.026206
    46 -0.010181 0.001544 -0.002427 3.133438 0.004938 -0.014530
    47 -0.007761 0.000776 -0.012938 -3.140949 0.009512 -0.002789
    48 -0.003515 0.022163 -0.007593 -3.131007 0.004989 -0.015563
    49 3.305811 0.201132 0.547463 0.097216 -0.050307 -0.854749
    50 1.807181 -0.000005 -0.000002 0.020278 -0.092162 -1.076376
    51 0.966146 0.000000 0.000000 0.000000 0.000000 -1.579521
    52 -0.004041 0.002991 -0.002260 -3.129316 0.007469 -0.002160
    53 -0.016014 -0.012525 -0.005755 -3.127586 -0.003209 -0.007102
    54 -0.010741 -0.015351 -0.005964 -3.141244 -0.014366 0.013993
    55 3.571526 0.110787 -0.409180 -0.010425 -0.147989 -0.662452
    56 2.150658 0.000000 0.000000 0.000000 0.000000 -1.596992
    57 1.152748 0.000002 -0.000001 0.000000 0.000000 -1.038469
    58 -0.009424 0.003368 0.009511 3.138994 -0.007577 -0.001092
    59 -0.009795 0.006993 0.001619 3.137400 -0.006826 0.001062
    60 -0.005070 0.017085 0.007624 3.135509 0.005211 0.001477
    61 3.684113 -0.153569 -1.419744 -0.139656 -0.230859 -0.373930
    62 1.701014 -0.000001 0.000000 0.000000 0.000000 -0.716747
    63 0.994705 -0.000004 0.000000 0.000000 0.000000 -0.436331
    64 0.015236 0.000657 -0.012633 3.136885 0.014164 0.000018
    65 -0.014324 -0.018461 0.000846 -3.134644 0.013210 0.007851
    66 -0.020566 0.000650 -0.004019 -3.126894 -0.002595 -0.013678
    67 1.068097 -1.283652 -0.986552 -2.039322 0.473691 -0.414565
    68 1.836308 -0.000002 0.000001 0.071731 -0.042788 -0.118793
    69 1.223948 0.000001 -0.000002 -0.030976 -0.071338 -0.420800
    70 -0.026768 0.000412 0.021024 -3.135050 0.011560 0.031832
    71 -0.030946 0.015453 0.007155 3.126687 -0.014474 -0.013279
    72 0.024326 0.034636 0.000721 -3.121606 0.015525 0.030344
    73 -0.046000 0.019587 0.021797 3.134639 0.020864 -0.001670
    74 6.694322 0.000002 0.000001 -1.092754 -0.135287 0.087525
    75 -6.579163 -0.452807 0.914976 1.390020 0.137634 0.072730
    76 -6.553783 -0.454803 0.900534 1.387994 0.108045 0.086436
  time 127
    0 -6.126104 -23.881835 -4.435773 1.239886 -0.033629 2.020104
    1 7.820313 -3.039063 -8.804688 -1.082104 0.087263 -1.570797
    2 -0.000001 0.000002 0.000000 -0.021003 -0.098597 0.766856
    3 10.907404 0.000001 -0.000001 -0.000001 0.000012 -0.428155
    4 10.424325 -0.000011 -0.000033 2.468703 0.420364 -0.460671
    5 2.997275 0.005409 -1.477475 0.000000 0.000000 -0.471238
    6 1.510384 -0.000004 0.000000 0.000000 0.000000 -0.689404
    7 0.808659 -0.000001 0.000001 0.000000 0.000000 -0.654499
    8 -0.005463 0.010882 0.011922 -3.130701 -0.002586 -0.018476
    9 -0.001080 -0.005339 -0.002780 -3.138880 -0.004640 0.012721
    10 -0.019963 -0.004463 0.017139 3.137685 -0.000240 0.002472
    11 3.305800 0.203115 -0.546730 0.000000 0.000000 -0.488691
    12 1.807178 0.000000 -0.000004 0.000000 0.000000 -0.637045
    13 0.966141 0.000003 -0.000001 0.000000 0.000000 -0.497418
    14 -0.002205 0.006298 0.000417 3.133979 -0.003058 0.005338
    15 0.007872 0.003559 -0.000436 -3.124798 -0.001004 0.009074
    16 0.012690 -0.008244 0.010269 -3.131666 0.016691 0.012264
    17 3.571513 0.109304 0.409580 0.000000 0.000000 -0.427605
    18 2.150648 0.000002 -0.000003 0.000000 0.000000 -0.663223
    19 1.152746 -0.000003 0.000003 0.000000 0.000000 -0.523598
    20 0.000419 0.016150 0.002405 3.136320 -0.007304 -0.003105
    21 0.001816 -0.009672 -0.007393 3.139013 -0.008631 -0.008588
    22 -0.003752 -0.011593 -0.001195 3.133090 0.002976 0.014444
    23 3.684098 -0.158697 1.419183 0.000000 0.000000 -0.253072
    24 1.701014 0.000004 0.000004 0.000000 0.000000 -0.602138
    25 0.994714 -0.000002 -0.000008 0.000000 0.000000 -0.357792
    26 0.021160 0.011093 -0.004108 -3.137926 -0.002080 -0.001153
    27 -0.003428 0.010128 -0.008341 -3.140832 -0.004146 -0.019238
    28 0.004127 0.010881 0.000767 3.138806 -0.003164 -0.013821
    29 1.068074 -1.287202 0.981906 1.925949 -0.499323 -0.437818
    30 1.836308 -0.000001 0.000002 0.074245 -0.173006 -0.593150
    31 1.223949 -0.000002 0.000002 0.027395 -0.026912 -0.598150
    32 -0.012758 0.013269 0.005633 -3.132442 0.011957 -0.016684
    33 0.003252 0.002937 0.004907 3.134101 -0.012025 0.011384
    34 0.017597 0.001415 -0.271330 3.132743 -0.094250 -0.000348
    35 -0.034845 0.015532 -0.006371 -3.119476 -0.012752 0.011827
    36 6.868289 0.000003 0.000003 1.894370 0.030276 0.157882
    37 -6.002364 -0.460211 -0.868646 -0.695749 -0.131805 0.077518
    38 -6.002752 -0.459276 -0.867383 -0.699507 -0.131813 0.077097
    39 -10.921875 -4.957031 -11.492188 -1.570794 0.087264 -1.570796
    40 -0.000001 -0.000002 0.000004 -0.099427 -0.168843 0.211224
    41 10.907397 0.000000 -0.000001 -0.000346 -0.000019 -1.085176
    42 10.424307 0.000001 0.000016 -0.878685 0.056318 0.021828
    43 2.997296 0.000062 1.477484 0.000000 0.104719 -1.038469
    44 1.510386 -0.000002 0.000000 0.000000 0.000000 -1.422416
    45 0.808652 0.000001 -0.000003 -0.087183 0.081589 -1.026206
    46 -0.010181 0.001544 -0.002427 3.133438 0.004938 -0.014530
    47 -0.007761 0.000776 -0.012938 -3.140949 0.009512 -0.002789
    48 -0.003515 0.022163 -0.007593 -3.131007 0.004989 -0.015563
    49 3.305811 0.201132 0.547463 0.097216 -0.050307 -0.854749
    50 1.807181 -0.000005 -0.000002 0.020278 -0.092162 -1.076376
    51 0.966146 0.000000 0.000000 0.000000 0.000000 -1.579521
    52 -0.004041 0.002991 -0.002260 -3.129316 0.007469 -0.002160
    53 -0.016014 -0.012525 -0.005755 -3.127586 -0.003209 -0.007102
    54 -0.010741 -0.015351 -0.005964 -3.141244 -0.014366 0.013993
    55 3.571526 0.110787 -0.409180 -0.010425 -0.147989 -0.662452
    56 2.150658 0.000000 0.000000 0.000000 0.000000 -1.596992
    57 1.152748 0.000002 -0.000001 0.000000 0.000000 -1.038469
    58 -0.009424 0.003368 0.009511 3.138994 -0.007577 -0.001092
    59 -0.009795 0.006993 0.001619 3.137400 -0.006826 0.001062
    60 -0.005070 0.017085 0.007624 3.135509 0.005211 0.001477
    61 3.684113 -0.153569 -1.419744 -0.137979 -0.231997 -0.381517
    62 1.701014 -0.000001 0.000000 0.000000 0.000000 -0.676378
    63 0.994705 -0.000004 0.000000 0.000000 0.000000 -0.436331
    64 0.015236 0.000657 -0.012633 3.136885 0.014164 0.000018
    65 -0.014324 -0.018461 0.000846 -3.134644 0.013210 0.007851
    66 -0.020566 0.000650 -0.004019 -3.126894 -0.002595 -0.013678
    67 1.068097 -1.283652 -0.986552 -2.038387 0.474637 -0.412492
    68 1.836308 -0.000002 0.000001 0.071731 -0.042788 -0.118793
    69 1.223948 0.000001 -0.000002 -0.030976 -0.071338 -0.420800
    70 -0.026768 0.000412 0.021024 -3.135050 0.011560 0.031832
    71 -0.030946 0.015453 0.007155 3.126687 -0.014474 -0.013279
    72 0.024326 0.034636 0.000721 -3.121606 0.015525 0.030344
    73 -0.046000 0.019587 0.021797 3.134639 0.020864 -0.001670
    74 6.694322 0.000002 0.000001 -1.034433 -0.140129 0.079520
    75 -6.579163 -0.452807 0.914976 1.390020 0.137634 0.072730
    76 -6.553783 -0.454803 0.900534 1.387994 0.108045 0.086436
  time 128
    0 -6.161262 -23.788083 -4.408428 1.182652 -0.010174 2.121674
    1 7.820313 -3.039063 -8.804688 -1.082104 0.087263 -1.570797
    2 -0.000001 0.000002 0.000000 -0.021003 -0.098597 0.766856
    3 10.907404 0.000001 -0.000001 -0.000001 0.000012 -0.428155
    4 10.424325 -0.000011 -0.000033 2.468703 0.420364 -0.460671
    5 2.997275 0.005409 -1.477475 0.000000 0.000000 -0.471238
    6 1.510384 -0.000004 0.000000 0.000000 0.000000 -0.689404
    7 0.808659 -0.000001 0.000001 0.000000 0.000000 -0.654499
    8 -0.005463 0.010882 0.011922 -3.130701 -0.002586 -0.018476
    9 -0.001080 -0.005339 -0.002780 -3.138880 -0.004640 0.012721
    10 -0.019963 -0.004463 0.017139 3.137685 -0.000240 0.002472
    11 3.305800 0.203115 -0.546730 0.000000 0.000000 -0.488691
    12 1.807178 0.000000 -0.000004 0.000000 0.000000 -0.637045
    13 0.966141 0.000003 -0.000001 0.000000 0.000000 -0.497418
    14 -0.002205 0.006298 0.000417 3.133979 -0.003058 0.005338
    15 0.007872 0.003559 -0.000436 -3.124798 -0.001004 0.009074
    16 0.012690 -0.008244 0.010269 -3.131666 0.016691 0.012264
    17 3.571513 0.109304 0.409580 0.000000 0.000000 -0.427605
    18 2.150648 0.000002 -0.000003 0.000000 0.000000 -0.663223
    19 1.152746 -0.000003 0.000003 0.000000 0.000000 -0.523598
    20 0.000419 0.016150 0.002405 3.136320 -0.007304 -0.003105
    21 0.001816 -0.009672 -0.007393 3.139013 -0.008631 -0.008588
    22 -0.003752 -0.011593 -0.001195 3.133090 0.002976 0.014444
    23 3.684098 -0.158697 1.419183 0.000000 0.000000 -0.253072
    24 1.701014 0.000004 0.000004 0.000000 0.000000 -0.602138
    25 0.994714 -0.000002 -0.000008 0.000000 0.000000 -0.357792
    26 0.021160 0.011093 -0.004108 -3.137926 -0.002080 -0.001153
    27 -0.003428 0.010128 -0.008341 -3.140832 -0.004146 -0.019238
    28 0.004127 0.010881 0.000767 3.138806 -0.003164 -0.013821
    29 1.068074 -1.287202 0.981906 1.925949 -0.499323 -0.437818
    30 1.836308 -0.000001 0.000002 0.074245 -0.173006 -0.593150
    31 1.223949 -0.000002 0.000002 0.027395 -0.026912 -0.598150
    32 -0.012758 0.013269 0.005633 -3.132442 0.011957 -0.016684
    33 0.003252 0.002937 0.004907 3.134101 -0.012025 0.011384
    34 0.017597 0.001415 -0.271330 3.132743 -0.094250 -0.000348
    35 -0.034845 0.015532 -0.006371 -3.119476 -0.012752 0.011827
    36 6.868289 0.000003 0.000003 1.894370 0.030276 0.157882
    37 -6.002364 -0.460211 -0.868646 -0.695749 -0.131805 0.077518
    38 -6.002752 -0.459276 -0.867383 -0.699507 -0.131813 0.077097
    39 -10.921875 -4.957031 -11.492188 -1.570794 0.087264 -1.570796
    40 -0.000001 -0.000002 0.000004 -0.099586 -0.168880 0.213561
    41 10.907397 0.000000 -0.000001 -0.000346 -0.000019 -1.086506
    42 10.424307 0.000001 0.000016 -0.769843 0.031188 0.018267
    43 2.997296 0.000062 1.477484 0.000000 0.104719 -1.038469
    44 1.510386 -0.000002 0.000000 0.000000 0.000000 -1.422416
    45 0.808652 0.000001 -0.000003 -0.087183 0.081589 -1.026206
    46 -0.010181 0.001544 -0.002427 3.133438 0.004938 -0.014530
    47 -0.007761 0.000776 -0.012938 -3.140949 0.009512 -0.002789
    48 -0.003515 0.022163 -0.007593 -3.131007 0.004989 -0.015563
    49 3.305811 0.201132 0.547463 0.097216 -0.050307 -0.854749
    50 1.807181 -0.000005 -0.000002 0.020278 -0.092162 -1.076376
    51 0.966146 0.000000 0.000000 0.000000 0.000000 -1.579521
    52 -0.004041 0.002991 -0.002260 -3.129316 0.007469 -0.002160
    53 -0.016014 -0.012525 -0.005755 -3.127586 -0.003209 -0.007102
    54 -0.010741 -0.015351 -0.005964 -3.141244 -0.014366 0.013993
    55 3.571526 0.110787 -0.409180 -0.010425 -0.147989 -0.662452
    56 2.150658 0.000000 0.000000 0.000000 0.000000 -1.596992
    57 1.152748 0.000002 -0.000001 0.000000 0.000000 -1.038469
    58 -0.009424 0.003368 0.009511 3.138994 -0.007577 -0.001092
    59 -0.009795 0.006993 0.001619 3.137400 -0.006826 0.001062
    60 -0.005070 0.017085 0.007624 3.135509 0.005211 0.001477
    61 3.684113 -0.153569 -1.419744 -0.136337 -0.233100 -0.388919
    62 1.701014 -0.000001 0.000000 0.000000 0.000000 -0.637016
    63 0.994705 -0.000004 0.000000 0.000000 0.000000 -0.436331
    64 0.015236 0.000657 -0.012633 3.136885 0.014164 0.000018
    65 -0.014324 -0.018461 0.000846 -3.134644 0.013210 0.007851
    66 -0.020566 0.000650 -0.004019 -3.126894 -0.002595 -0.013678
    67 1.068097 -1.283652 -0.986552 -2.037465 0.475560 -0.410466
    68 1.836308 -0.000002 0.000001 0.071731 -0.042788 -0.118793
    69 1.223948 0.000001 -0.000002 -0.030976 -0.071338 -0.420800
    70 -0.026768 0.000412 0.021024 -3.135050 0.011560 0.031832
    71 -0.030946 0.015453 0.007155 3.126687 -0.014474 -0.013279
    72 0.024326 0.034636 0.000721 -3.121606 0.015525 0.030344
    73 -0.046000 0.019587 0.021797 3.134639 0.020864 -0.001670
    74 6.694322 0.000002 0.000001 -0.979263 -0.144264 0.071694
    75 -6.579163 -0.452807 0.914976 1.390020 0.137634 0.072730
    76 -6.553783 -0.454803 0.900534 1.387994 0.108045 0.086436
  time 129
    0 -6.204232 -23.713862 -4.334207 1.131329 0.015022 2.213761
    1 7.820313 -3.039063 -8.804688 -1.082104 0.087263 -1.570797
    2 -0.000001 0.000002 0.000000 -0.021003 -0.098597 0.766856
    3 10.907404 0.000001 -0.000001 -0.000001 0.000012 -0.428155
    4 10.424325 -0.000011 -0.000033 2.468703 0.420364 -0.460671
    5 2.997275 0.005409 -1.477475 0.000000 0.000000 -0.471238
    6 1.510384 -0.000004 0.000000 0.000000 0.000000 -0.689404
    7 0.808659 -0.000001 0.000001 0.000000 0.000000 -0.654499
    8 -0.005463 0.010882 0.011922 -3.130701 -0.002586 -0.018476
    9 -0.001080 -0.005339 -0.002780 -3.138880 -0.004640 0.012721
    10 -0.019963 -0.004463 0.017139 3.137685 -0.000240 0.002472
    11 3.305800 0.203115 -0.546730 0.000000 0.000000 -0.488691
    12 1.807178 0.000000 -0.000004 0.000000 0.000000 -0.637045
    13 0.966141 0.000003 -0.000001 0.000000 0.000000 -0.497418
    14 -0.002205 0.006298 0.000417 3.133979 -0.003058 0.005338
    15 0.007872 0.003559 -0.000436 -3.124798 -0.001004 0.009074
    16 0.012690 -0.008244 0.010269 -3.131666 0.016691 0.012264
    17 3.571513 0.109304 0.409580 0.000000 0.000000 -0.427605
    18 2.150648 0.000002 -0.000003 0.000000 0.000000 -0.663223
    19 1.152746 -0.000003 0.000003 0.000000 0.000000 -0.523598
    20 0.000419 0.016150 0.002405 3.136320 -0.007304 -0.003105
    21 0.001816 -0.009672 -0.007393 3.139013 -0.008631 -0.008588
    22 -0.003752 -0.011593 -0.001195 3.133090 0.002976 0.014444
    23 3.684098 -0.158697 1.419183 0.000000 0.000000 -0.253072
    24 1.701014 0.000004 0.000004 0.000000 0.000000 -0.602138
    25 0.994714 -0.000002 -0.000008 0.000000 0.000000 -0.357792
    26 0.021160 0.011093 -0.004108 -3.137926 -0.002080 -0.001153
    27 -0.003428 0.010128 -0.008341 -3.140832 -0.004146 -0.019238
    28 0.004127 0.010881 0.000767 3.138806 -0.003164 -0.013821
    29 1.068074 -1.287202 0.981906 1.925949 -0.499323 -0.437818
    30 1.836308 -0.000001 0.000002 0.074245 -0.173006 -0.593150
    31 1.223949 -0.000002 0.000002 0.027395 -0.026912 -0.598150
    32 -0.012758 0.013269 0.005633 -3.132442 0.011957 -0.016684
    33 0.003252 0.002937 0.004907 3.134101 -0.012025 0.011384
    34 0.017597 0.001415 -0.271330 3.132743 -0.094250 -0.000348
    35 -0.034845 0.015532 -0.006371 -3.119476 -0.012752 0.011827
    36 6.868289 0.000003 0.000003 1.894370 0.030276 0.157882
    37 -6.002364 -0.460211 -0.868646 -0.695749 -0.131805 0.077518
    38 -6.002752 -0.459276 -0.867383 -0.699507 -0.131813 0.077097
    39 -10.921875 -4.957031 -11.492188 -1.570794 0.087264 -1.570796
    40 -0.000001 -0.000002 0.000004 -0.099427 -0.168769 0.212123
    41 10.907397 0.000000 -0.000001 -0.000346 -0.000019 -1.085771
    42 10.424307 0.000001 0.000016 -0.669373 0.008712 0.016096
    43 2.997296 0.000062 1.477484 0.000000 0.104719 -1.038469
    44 1.510386 -0.000002 0.000000 0.000000 0.000000 -1.422416
    45 0.808652 0.000001 -0.000003 -0.087183 0.081589 -1.026206
    46 -0.010181 0.001544 -0.002427 3.133438 0.004938 -0.014530
    47 -0.007761 0.000776 -0.012938 -3.140949 0.009512 -0.002789
    48 -0.003515 0.022163 -0.007593 -3.131007 0.004989 -0.015563
    49 3.305811 0.201132 0.547463 0.097216 -0.050307 -0.854749
    50 1.807181 -0.000005 -0.000002 0.020278 -0.092162 -1.076376
    51 0.966146 0.000000 0.000000 0.000000 0.000000 -1.579521
    52 -0.004041 0.002991 -0.002260 -3.129316 0.007469 -0.002160
    53 -0.016014 -0.012525 -0.005755 -3.127586 -0.003209 -0.007102
    54 -0.010741 -0.015351 -0.005964 -3.141244 -0.014366 0.013993
    55 3.571526 0.110787 -0.409180 -0.010425 -0.147989 -0.662452
    56 2.150658 0.000000 0.000000 0.000000 0.000000 -1.596992
    57 1.152748 0.000002 -0.000001 0.000000 0.000000 -1.038469
    58 -0.009424 0.003368 0.009511 3.138994 -0.007577 -0.001092
    59 -0.009795 0.006993 0.001619 3.137400 -0.006826 0.001062
    60 -0.005070 0.017085 0.007624 3.135509 0.005211 0.001477
    61 3.684113 -0.153569 -1.419744 -0.134731 -0.234166 -0.396116
    62 1.701014 -0.000001 0.000000 0.000000 0.000000 -0.599667
    63 0.994705 -0.000004 0.000000 0.000000 0.000000 -0.436331
    64 0.015236 0.000657 -0.012633 3.136885 0.014164 0.000018
    65 -0.014324 -0.018461 0.000846 -3.134644 0.013210 0.007851
    66 -0.020566 0.000650 -0.004019 -3.126894 -0.002595 -0.013678
    67 1.068097 -1.283652 -0.986552 -2.036569 0.476459 -0.408477
    68 1.836308 -0.000002 0.000001 0.071731 -0.042788 -0.118793
    69 1.223948 0.000001 -0.000002 -0.030976 -0.071338 -0.420800
    70 -0.026768 0.000412 0.021024 -3.135050 0.011560 0.031832
    71 -0.030946 0.015453 0.007155 3.126687 -0.014474 -0.013279
    72 0.024326 0.034636 0.000721 -3.121606 0.015525 0.030344
    73 -0.046000 0.019587 0.021797 3.134639 0.020864 -0.001670
    74 6.694322 0.000002 0.000001 -0.928386 -0.147691 0.064299
    75 -6.579163 -0.452807 0.914976 1.390020 0.137634 0.072730
    76 -6.553783 -0.454803 0.900534 1.387994 0.108045 0.086436
  time 130
    0 -6.255015 -23.655266 -4.244361 1.086949 0.040538 2.294563
    1 7.820313 -3.039063 -8.804688 -1.082104 0.087263 -1.570797
    2 -0.000001 0.000002 0.000000 -0.021003 -0.098597 0.766856
    3 10.907404 0.000001 -0.000001 -0.000001 0.000012 -0.428155
    4 10.424325 -0.000011 -0.000033 2.468703 0.420364 -0.460671
    5 2.997275 0.005409 -1.477475 0.000000 0.000000 -0.471238
    6 1.510384 -0.000004 0.000000 0.000000 0.000000 -0.689404
    7 0.808659 -0.000001 0.000001 0.000000 0.000000 -0.654499
    8 -0.005463 0.010882 0.011922 -3.130701 -0.002586 -0.018476
    9 -0.001080 -0.005339 -0.002780 -3.138880 -0.004640 0.012721
    10 -0.019963 -0.004463 0.017139 3.137685 -0.000240 0.002472
    11 3.305800 0.203115 -0.546730 0.000000 0.000000 -0.488691
    12 1.807178 0.000000 -0.000004 0.000000 0.000000 -0.637045
    13 0.966141 0.000003 -0.000001 0.000000 0.000000 -0.497418
    14 -0.002205 0.006298 0.000417 3.133979 -0.003058 0.005338
    15 0.007872 0.003559 -0.000436 -3.124798 -0.001004 0.009074
    16 0.012690 -0.008244 0.010269 -3.131666 0.016691 0.012264
    17 3.571513 0.109304 0.409580 0.000000 0.000000 -0.427605
    18 2.150648 0.000002 -0.000003 0.000000 0.000000 -0.663223
    19 1.152746 -0.000003 0.000003 0.000000 0.000000 -0.523598
    20 0.000419 0.016150 0.002405 3.136320 -0.007304 -0.003105
    21 0.001816 -0.009672 -0.007393 3.139013 -0.008631 -0.008588
    22 -0.003752 -0.011593 -0.001195 3.133090 0.002976 0.014444
    23 3.684098 -0.158697 1.419183 0.000000 0.000000 -0.253072
    24 1.701014 0.000004 0.000004 0.000000 0.000000 -0.602138
    25 0.994714 -0.000002 -0.000008 0.000000 0.000000 -0.357792
    26 0.021160 0.011093 -0.004108 -3.137926 -0.002080 -0.001153
    27 -0.003428 0.010128 -0.008341 -3.140832 -0.004146 -0.019238
    28 0.004127 0.010881 0.000767 3.138806 -0.003164 -0.013821
    29 1.068074 -1.287202 0.981906 1.925949 -0.499323 -0.437818
    30 1.836308 -0.000001 0.000002 0.074245 -0.173006 -0.593150
    31 1.223949 -0.000002 0.000002 0.027395 -0.026912 -0.598150
    32 -0.012758 0.013269 0.005633 -3.132442 0.011957 -0.016684
    33 0.003252 0.002937 0.004907 3.134101 -0.012025 0.011384
    34 0.017597 0.001415 -0.271330 3.132743 -0.094250 -0.000348
    35 -0.034845 0.015532 -0.006371 -3.119476 -0.012752 0.011827
    36 6.868289 0.000003 0.000003 1.894370 0.030276 0.157882
    37 -6.002364 -0.460211 -0.868646 -0.695749 -0.131805 0.077518
    38 -6.002752 -0.459276 -0.867383 -0.699507 -0.131813 0.077097
    39 -10.921875 -4.957031 -11.492188 -1.570794 0.087264 -1.570796
    40 -0.000001 -0.000002 0.000004 -0.099077 -0.168509 0.208617
    41 10.907397 0.000000 -0.000001 -0.000346 -0.000019 -1.083916
    42 10.424307 0.000001 0.000016 -0.579743 -0.010771 0.014793
    43 2.997296 0.000062 1.477484 0.000000 0.104719 -1.038469
    44 1.510386 -0.000002 0.000000 0.000000 0.000000 -1.422416
    45 0.808652 0.000001 -0.000003 -0.087183 0.081589 -1.026206
    46 -0.010181 0.001544 -0.002427 3.133438 0.004938 -0.014530
    47 -0.007761 0.000776 -0.012938 -3.140949 0.009512 -0.002789
    48 -0.003515 0.022163 -0.007593 -3.131007 0.004989 -0.015563
    49 3.305811 0.201132 0.547463 0.097216 -0.050307 -0.854749
    50 1.807181 -0.000005 -0.000002 0.020278 -0.092162 -1.076376
    51 0.966146 0.000000 0.000000 0.000000 0.000000 -1.579521
    52 -0.004041 0.002991 -0.002260 -3.129316 0.007469 -0.002160
    53 -0.016014 -0.012525 -0.005755 -3.127586 -0.003209 -0.007102
    54 -0.010741 -0.015351 -0.005964 -3.141244 -0.014366 0.013993
    55 3.571526 0.110787 -0.409180 -0.010425 -0.147989 -0.662452
    56 2.150658 0.000000 0.000000 0.000000 0.000000 -1.596992
    57 1.152748 0.000002 -0.000001 0.000000 0.000000 -1.038469
    58 -0.009424 0.003368 0.009511 3.138994 -0.007577 -0.001092
    59 -0.009795 0.006993 0.001619 3.137400 -0.006826 0.001062
    60 -0.005070 0.017085 0.007624 3.135509 0.005211 0.001477
    61 3.684113 -0.153569 -1.419744 -0.133185 -0.235209 -0.403088
    62 1.701014 -0.000001 0.000000 0.000000 0.000000 -0.565305
    63 0.994705 -0.000004 0.000000 0.000000 0.000000 -0.436331
    64 0.015236 0.000657 -0.012633 3.136885 0.014164 0.000018
    65 -0.014324 -0.018461 0.000846 -3.134644 0.013210 0.007851
    66 -0.020566 0.000650 -0.004019 -3.126894 -0.002595 -0.013678
    67 1.068097 -1.283652 -0.986552 -2.035686 0.477346 -0.406524
    68 1.836308 -0.000002 0.000001 0.071731 -0.042788 -0.118793
    69 1.223948 0.000001 -0.000002 -0.030976 -0.071338 -0.420800
    70 -0.026768 0.000412 0.021024 -3.135050 0.011560 0.031832
    71 -0.030946 0.015453 0.007155 3.126687 -0.014474 -0.013279
    72 0.024326 0.034636 0.000721 -3.121606 0.015525 0.030344
    73 -0.046000 0.019587 0.021797 3.134639 0.020864 -0.001670
    74 6.694322 0.000002 0.000001 -0.883081 -0.150424 0.057564
    75 -6.579163 -0.452807 0.914976 1.390020 0.137634 0.072730
    76 -6.553783 -0.454803 0.900534 1.387994 0.108045 0.086436
  time 131
    0 -6.301891 -23.616202 -4.150608 1.050169 0.064634 2.362466
    1 7.820313 -3.039063 -8.804688 -1.082104 0.087263 -1.570797
    2 -0.000001 0.000002 0.000000 -0.021003 -0.098597 0.766856
    3 10.907404 0.000001 -0.000001 -0.000001 0.000012 -0.428155
    4 10.424325 -0.000011 -0.000033 2.468703 0.420364 -0.460671
    5 2.997275 0.005409 -1.477475 0.000000 0.000000 -0.471238
    6 1.510384 -0.000004 0.000000 0.000000 0.000000 -0.689404
    7 0.808659 -0.000001 0.000001 0.000000 0.000000 -0.654499
    8 -0.005463 0.010882 0.011922 -3.130701 -0.002586 -0.018476
    9 -0.001080 -0.005339 -0.002780 -3.138880 -0.004640 0.012721
    10 -0.019963 -0.004463 0.017139 3.137685 -0.000240 0.002472
    11 3.305800 0.203115 -0.546730 0.000000 0.000000 -0.488691
    12 1.807178 0.000000 -0.000004 0.000000 0.000000 -0.637045
    13 0.966141 0.000003 -0.000001 0.000000 0.000000 -0.497418
    14 -0.002205 0.006298 0.000417 3.133979 -0.003058 0.005338
    15 0.007872 0.003559 -0.000436 -3.124798 -0.001004 0.009074
    16 0.012690 -0.008244 0.010269 -3.131666 0.016691 0.012264
    17 3.571513 0.109304 0.409580 0.000000 0.000000 -0.427605
    18 2.150648 0.000002 -0.000003 0.000000 0.000000 -0.663223
    19 1.152746 -0.000003 0.000003 0.000000 0.000000 -0.523598
    20 0.000419 0.016150 0.002405 3.136320 -0.007304 -0.003105
    21 0.001816 -0.009672 -0.007393 3.139013 -0.008631 -0.008588
    22 -0.003752 -0.011593 -0.001195 3.133090 0.002976 0.014444
    23 3.684098 -0.158697 1.419183 0.000000 0.000000 -0.253072
    24 1.701014 0.000004 0.000004 0.000000 0.000000 -0.602138
    25 0.994714 -0.000002 -0.000008 0.000000 0.000000 -0.357792
    26 0.021160 0.011093 -0.004108 -3.137926 -0.002080 -0.001153
    27 -0.003428 0.010128 -0.008341 -3.140832 -0.004146 -0.019238
    28 0.004127 0.010881 0.000767 3.138806 -0.003164 -0.013821
    29 1.068074 -1.287202 0.981906 1.925949 -0.499323 -0.437818
    30 1.836308 -0.000001 0.000002 0.074245 -0.173006 -0.593150
    31 1.223949 -0.000002 0.000002 0.027395 -0.026912 -0.598150
    32 -0.012758 0.013269 0.005633 -3.132442 0.011957 -0.016684
    33 0.003252 0.002937 0.004907 3.134101 -0.012025 0.011384
    34 0.017597 0.001415 -0.271330 3.132743 -0.094250 -0.000348
    35 -0.034845 0.015532 -0.006371 -3.119476 -0.012752 0.011827
    36 6.868289 0.000003 0.000003 1.894370 0.030276 0.157882
    37 -6.002364 -0.460211 -0.868646 -0.695749 -0.131805 0.077518
    38 -6.002752 -0.459276 -0.867383 -0.699507 -0.131813 0.077097
    39 -10.921875 -4.957031 -11.492188 -1.570794 0.087264 -1.570796
    40 -0.000001 -0.000002 0.000004 -0.098599 -0.168176 0.203942
    41 10.907397 0.000000 -0.000001 -0.000346 -0.000019 -1.081465
    42 10.424307 0.000001 0.000016 -0.503419 -0.026777 0.014186
    43 2.997296 0.000062 1.477484 0.000000 0.104719 -1.038469
    44 1.510386 -0.000002 0.000000 0.000000 0.000000 -1.422416
    45 0.808652 0.000001 -0.000003 -0.087183 0.081589 -1.026206
    46 -0.010181 0.001544 -0.002427 3.133438 0.004938 -0.014530
    47 -0.007761 0.000776 -0.012938 -3.140949 0.009512 -0.002789
    48 -0.003515 0.022163 -0.007593 -3.131007 0.004989 -0.015563
    49 3.305811 0.201132 0.547463 0.097216 -0.050307 -0.854749
    50 1.807181 -0.000005 -0.000002 0.020278 -0.092162 -1.076376
    51 0.966146 0.000000 0.000000 0.000000 0.000000 -1.579521
    52 -0.004041 0.002991 -0.002260 -3.129316 0.007469 -0.002160
    53 -0.016014 -0.012525 -0.005755 -3.127586 -0.003209 -0.007102
    54 -0.010741 -0.015351 -0.005964 -3.141244 -0.014366 0.013993
    55 3.571526 0.110787 -0.409180 -0.010425 -0.147989 -0.662452
    56 2.150658 0.000000 0.000000 0.000000 0.000000 -1.596992
    57 1.152748 0.000002 -0.000001 0.000000 0.000000 -1.038469
    58 -0.009424 0.003368 0.009511 3.138994 -0.007577 -0.001092
    59 -0.009795 0.006993 0.001619 3.137400 -0.006826 0.001062
    60 -0.005070 0.017085 0.007624 3.135509 0.005211 0.001477
    61 3.684113 -0.153569 -1.419744 -0.131687 -0.236204 -0.409793
    62 1.701014 -0.000001 0.000000 0.000000 0.000000 -0.534936
    63 0.994705 -0.000004 0.000000 0.000000 0.000000 -0.436331
    64 0.015236 0.000657 -0.012633 3.136885 0.014164 0.000018
    65 -0.014324 -0.018461 0.000846 -3.134644 0.013210 0.007851
    66 -0.020566 0.000650 -0.004019 -3.126894 -0.002595 -0.013678
    67 1.068097 -1.283652 -0.986552 -2.034815 0.478209 -0.404630
    68 1.836308 -0.000002 0.000001 0.071731 -0.042788 -0.118793
    69 1.223948 0.000001 -0.000002 -0.030976 -0.071338 -0.420800
    70 -0.026768 0.000412 0.021024 -3.135050 0.011560 0.031832
    71 -0.030946 0.015453 0.007155 3.126687 -0.014474 -0.013279
    72 0.024326 0.034636 0.000721 -3.121606 0.015525 0.030344
    73 -0.046000 0.019587 0.021797 3.134639 0.020864 -0.001670
    74 6.694322 0.000002 0.000001 -0.844535 -0.152509 0.051739
    75 -6.579163 -0.452807 0.914976 1.390020 0.137634 0.072730
    76 -6.553783 -0.454803 0.900534 1.387994 0.108045 0.086436
  time 132
    0 -6.348767 -23.584951 -4.060761 1.021459 0.085660 2.416144
    1 7.820313 -3.039063 -8.804688 -1.082104 0.087263 -1.570797
    2 -0.000001 0.000002 0.000000 -0.021003 -0.098597 0.766856
    3 10.907404 0.000001 -0.000001 -0.000001 0.000012 -0.428155
    4 10.424325 -0.000011 -0.000033 2.468703 0.420364 -0.460671
    5 2.997275 0.005409 -1.477475 0.000000 0.000000 -0.471238
    6 1.510384 -0.000004 0.000000 0.000000 0.000000 -0.689404
    7 0.808659 -0.000001 0.000001 0.000000 0.000000 -0.654499
    8 -0.005463 0.010882 0.011922 -3.130701 -0.002586 -0.018476
    9 -0.001080 -0.005339 -0.002780 -3.138880 -0.004640 0.012721
    10 -0.019963 -0.004463 0.017139 3.137685 -0.000240 0.002472
    11 3.305800 0.203115 -0.546730 0.000000 0.000000 -0.488691
    12 1.807178 0.000000 -0.000004 0.000000 0.000000 -0.637045
    13 0.966141 0.000003 -0.000001 0.000000 0.000000 -0.497418
    14 -0.002205 0.006298 0.000417 3.133979 -0.003058 0.005338
    15 0.007872 0.003559 -0.000436 -3.124798 -0.001004 0.009074
    16 0.012690 -0.008244 0.010269 -3.131666 0.016691 0.012264
    17 3.571513 0.109304 0.409580 0.000000 0.000000 -0.427605
    18 2.150648 0.000002 -0.000003 0.000000 0.000000 -0.663223
    19 1.152746 -0.000003 0.000003 0.000000 0.000000 -0.523598
    20 0.000419 0.016150 0.002405 3.136320 -0.007304 -0.003105
    21 0.001816 -0.009672 -0.007393 3.139013 -0.008631 -0.008588
    22 -0.003752 -0.011593 -0.001195 3.133090 0.002976 0.014444
    23 3.684098 -0.158697 1.419183 0.000000 0.000000 -0.253072
    24 1.701014 0.000004 0.000004 0.000000 0.000000 -0.602138
    25 0.994714 -0.000002 -0.000008 0.000000 0.000000 -0.357792
    26 0.021160 0.011093 -0.004108 -3.137926 -0.002080 -0.001153
    27 -0.003428 0.010128 -0.008341 -3.140832 -0.004146 -0.019238
    28 0.004127 0.010881 0.000767 3.138806 -0.003164 -0.013821
    29 1.068074 -1.287202 0.981906 1.925949 -0.499323 -0.437818
    30 1.836308 -0.000001 0.000002 0.074245 -0.173006 -0.593150
    31 1.223949 -0.000002 0.000002 0.027395 -0.026912 -0.598150
    32 -0.012758 0.013269 0.005633 -3.132442 0.011957 -0.016684
    33 0.003252 0.002937 0.004907 3.134101 -0.012025 0.011384
    34 0.017597 0.001415 -0.271330 3.132743 -0.094250 -0.000348
    35 -0.034845 0.015532 -0.006371 -3.119476 -0.012752 0.011827
    36 6.868289 0.000003 0.000003 1.894370 0.030276 0.157882
    37 -6.002364 -0.460211 -0.868646 -0.695749 -0.131805 0.077518
    38 -6.002752 -0.459276 -0.867383 -0.699507 -0.131813 0.077097
    39 -10.921875 -4.957031 -11.492188 -1.570794 0.087264 -1.570796
    40 -0.000001 -0.000002 0.000004 -0.098121 -0.167843 0.199357
    41 10.907397 0.000000 -0.000001 -0.000346 -0.000019 -1.078980
    42 10.424307 0.000001 0.000016 -0.442868 -0.038819 0.014012
    43 2.997296 0.000062 1.477484 0.000000 0.104719 -1.038469
    44 1.510386 -0.000002 0.000000 0.000000 0.000000 -1.422416
    45 0.808652 0.000001 -0.000003 -0.087183 0.081589 -1.026206
    46 -0.010181 0.001544 -0.002427 3.133438 0.004938 -0.014530
    47 -0.007761 0.000776 -0.012938 -3.140949 0.009512 -0.002789
    48 -0.003515 0.022163 -0.007593 -3.131007 0.004989 -0.015563
    49 3.305811 0.201132 0.547463 0.097216 -0.050307 -0.854749
    50 1.807181 -0.000005 -0.000002 0.020278 -0.092162 -1.076376
    51 0.966146 0.000000 0.000000 0.000000 0.000000 -1.579521
    52 -0.004041 0.002991 -0.002260 -3.129316 0.007469 -0.002160
    53 -0.016014 -0.012525 -0.005755 -3.127586 -0.003209 -0.007102
    54 -0.010741 -0.015351 -0.005964 -3.141244 -0.014366 0.013993
    55 3.571526 0.110787 -0.409180 -0.010425 -0.147989 -0.662452
    56 2.150658 0.000000 0.000000 0.000000 0.000000 -1.596992
    57 1.152748 0.000002 -0.000001 0.000000 0.000000 -1.038469
    58 -0.009424 0.003368 0.009511 3.138994 -0.007577 -0.001092
    59 -0.009795 0.006993 0.001619 3.137400 -0.006826 0.001062
    60 -0.005070 0.017085 0.007624 3.135509 0.005211 0.001477
    61 3.684113 -0.153569 -1.419744 -0.130249 -0.237150 -0.416232
    62 1.701014 -0.000001 0.000000 0.000000 0.000000 -0.509600
    63 0.994705 -0.000004 0.000000 0.000000 0.000000 -0.436331
    64 0.015236 0.000657 -0.012633 3.136885 0.014164 0.000018
    65 -0.014324 -0.018461 0.000846 -3.134644 0.013210 0.007851
    66 -0.020566 0.000650 -0.004019 -3.126894 -0.002595 -0.013678
    67 1.068097 -1.283652 -0.986552 -2.033984 0.479036 -0.402784
    68 1.836308 -0.000002 0.000001 0.071731 -0.042788 -0.118793
    69 1.223948 0.000001 -0.000002 -0.030976 -0.071338 -0.420800
    70 -0.026768 0.000412 0.021024 -3.135050 0.011560 0.031832
    71 -0.030946 0.015453 0.007155 3.126687 -0.014474 -0.013279
    72 0.024326 0.034636 0.000721 -3.121606 0.015525 0.030344
    73 -0.046000 0.019587 0.021797 3.134639 0.020864 -0.001670
    74 6.694322 0.000002 0.000001 -0.813936 -0.154007 0.047077
    75 -6.579163 -0.452807 0.914976 1.390020 0.137634 0.072730
    76 -6.553783 -0.454803 0.900534 1.387994 0.108045 0.086436
  time 133
    0 -6.380018 -23.569326 -3.998259 1.001474 0.102060 2.453889
    1 7.820313 -3.039063 -8.804688 -1.082104 0.087263 -1.570797
    2 -0.000001 0.000002 0.000000 -0.021003 -0.098597 0.766856
    3 10.907404 0.000001 -0.000001 -0.000001 0.000012 -0.428155
    4 10.424325 -0.000011 -0.000033 2.468703 0.420364 -0.460671
    5 2.997275 0.005409 -1.477475 0.000000 0.000000 -0.471238
    6 1.510384 -0.000004 0.000000 0.000000 0.000000 -0.689404
    7 0.808659 -0.000001 0.000001 0.000000 0.000000 -0.654499
    8 -0.005463 0.010882 0.011922 -3.130701 -0.002586 -0.018476
    9 -0.001080 -0.005339 -0.002780 -3.138880 -0.004640 0.012721
    10 -0.019963 -0.004463 0.017139 3.137685 -0.000240 0.002472
    11 3.305800 0.203115 -0.546730 0.000000 0.000000 -0.488691
    12 1.807178 0.000000 -0.000004 0.000000 0.000000 -0.637045
    13 0.966141 0.000003 -0.000001 0.000000 0.000000 -0.497418
    14 -0.002205 0.006298 0.000417 3.133979 -0.003058 0.005338
    15 0.007872 0.003559 -0.000436 -3.124798 -0.001004 0.009074
    16 0.012690 -0.008244 0.010269 -3.131666 0.016691 0.012264
    17 3.571513 0.109304 0.409580 0.000000 0.000000 -0.427605
    18 2.150648 0.000002 -0.000003 0.000000 0.000000 -0.663223
    19 1.152746 -0.000003 0.000003 0.000000 0.000000 -0.523598
    20 0.000419 0.016150 0.002405 3.136320 -0.007304 -0.003105
    21 0.001816 -0.009672 -0.007393 3.139013 -0.008631 -0.008588
    22 -0.003752 -0.011593 -0.001195 3.133090 0.002976 0.014444
    23 3.684098 -0.158697 1.419183 0.000000 0.000000 -0.253072
    24 1.701014 0.000004 0.000004 0.000000 0.000000 -0.602138
    25 0.994714 -0.000002 -0.000008 0.000000 0.000000 -0.357792
    26 0.021160 0.011093 -0.004108 -3.137926 -0.002080 -0.001153
    27 -0.003428 0.010128 -0.008341 -3.140832 -0.004146 -0.019238
    28 0.004127 0.010881 0.000767 3.138806 -0.003164 -0.013821
    29 1.068074 -1.287202 0.981906 1.925949 -0.499323 -0.437818
    30 1.836308 -0.000001 0.000002 0.074245 -0.173006 -0.593150
    31 1.223949 -0.000002 0.000002 0.027395 -0.026912 -0.598150
    32 -0.012758 0.013269 0.005633 -3.132442 0.011957 -0.016684
    33 0.003252 0.002937 0.004907 3.134101 -0.012025 0.011384
    34 0.017597 0.001415 -0.271330 3.132743 -0.094250 -0.000348
    35 -0.034845 0.015532 -0.006371 -3.119476 -0.012752 0.011827
    36 6.868289 0.000003 0.000003 1.894370 0.030276 0.157882
    37 -6.002364 -0.460211 -0.868646 -0.695749 -0.131805 0.077518
    38 -6.002752 -0.459276 -0.867383 -0.699507 -0.131813 0.077097
    39 -10.921875 -4.957031 -11.492188 -1.570794 0.087264 -1.570796
    40 -0.000001 -0.000002 0.000004 -0.097770 -0.167584 0.195760
    41 10.907397 0.000000 -0.000001 -0.000346 -0.000019 -1.077054
    42 10.424307 0.000001 0.000016 -0.400707 -0.046410 0.014099
    43 2.997296 0.000062 1.477484 0.000000 0.104719 -1.038469
    44 1.510386 -0.000002 0.000000 0.000000 0.000000 -1.422416
    45 0.808652 0.000001 -0.000003 -0.087183 0.081589 -1.026206
    46 -0.010181 0.001544 -0.002427 3.133438 0.004938 -0.014530
    47 -0.007761 0.000776 -0.012938 -3.140949 0.009512 -0.002789
    48 -0.003515 0.022163 -0.007593 -3.131007 0.004989 -0.015563
    49 3.305811 0.201132 0.547463 0.097216 -0.050307 -0.854749
    50 1.807181 -0.000005 -0.000002 0.020278 -0.092162 -1.076376
    51 0.966146 0.000000 0.000000 0.000000 0.000000 -1.579521
    52 -0.004041 0.002991 -0.002260 -3.129316 0.007469 -0.002160
    53 -0.016014 -0.012525 -0.005755 -3.127586 -0.003209 -0.007102
    54 -0.010741 -0.015351 -0.005964 -3.141244 -0.014366 0.013993
    55 3.571526 0.110787 -0.409180 -0.010425 -0.147989 -0.662452
    56 2.150658 0.000000 0.000000 0.000000 0.000000 -1.596992
    57 1.152748 0.000002 -0.000001 0.000000 0.000000 -1.038469
    58 -0.009424 0.003368 0.009511 3.138994 -0.007577 -0.001092
    59 -0.009795 0.006993 0.001619 3.137400 -0.006826 0.001062
    60 -0.005070 0.017085 0.007624 3.135509 0.005211 0.001477
    61 3.684113 -0.153569 -1.419744 -0.128882 -0.238049 -0.422363
    62 1.701014 -0.000001 0.000000 0.000000 0.000000 -0.490238
    63 0.994705 -0.000004 0.000000 0.000000 0.000000 -0.436331
    64 0.015236 0.000657 -0.012633 3.136885 0.014164 0.000018
    65 -0.014324 -0.018461 0.000846 -3.134644 0.013210 0.007851
    66 -0.020566 0.000650 -0.004019 -3.126894 -0.002595 -0.013678
    67 1.068097 -1.283652 -0.986552 -2.033166 0.479839 -0.401011
    68 1.836308 -0.000002 0.000001 0.071731 -0.042788 -0.118793
    69 1.223948 0.000001 -0.000002 -0.030976 -0.071338 -0.420800
    70 -0.026768 0.000412 0.021024 -3.135050 0.011560 0.031832
    71 -0.030946 0.015453 0.007155 3.126687 -0.014474 -0.013279
    72 0.024326 0.034636 0.000721 -3.121606 0.015525 0.030344
    73 -0.046000 0.019587 0.021797 3.134639 0.020864 -0.001670
    74 6.694322 0.000002 0.000001 -0.792608 -0.154966 0.043793
    75 -6.579163 -0.452807 0.914976 1.390020 0.137634 0.072730
    76 -6.553783 -0.454803 0.900534 1.387994 0.108045 0.086436
  time 134
    0 -6.403457 -23.565420 -3.970915 0.990684 0.112368 2.474374
    1 7.820313 -3.039063 -8.804688 -1.082104 0.087263 -1.570797
    2 -0.000001 0.000002 0.000000 -0.021003 -0.098597 0.766856
    3 10.907404 0.000001 -0.000001 -0.000001 0.000012 -0.428155
    4 10.424325 -0.000011 -0.000033 2.468703 0.420364 -0.460671
    5 2.997275 0.005409 -1.477475 0.000000 0.000000 -0.471238
    6 1.510384 -0.000004 0.000000 0.000000 0.000000 -0.689404
    7 0.808659 -0.000001 0.000001 0.000000 0.000000 -0.654499
    8 -0.005463 0.010882 0.011922 -3.130701 -0.002586 -0.018476
    9 -0.001080 -0.005339 -0.002780 -3.138880 -0.004640 0.012721
    10 -0.019963 -0.004463 0.017139 3.137685 -0.000240 0.002472
    11 3.305800 0.203115 -0.546730 0.000000 0.000000 -0.488691
    12 1.807178 0.000000 -0.000004 0.000000 0.000000 -0.637045
    13 0.966141 0.000003 -0.000001 0.000000 0.000000 -0.497418
    14 -0.002205 0.006298 0.000417 3.133979 -0.003058 0.005338
    15 0.007872 0.003559 -0.000436 -3.124798 -0.001004 0.009074
    16 0.012690 -0.008244 0.010269 -3.131666 0.016691 0.012264
    17 3.571513 0.109304 0.409580 0.000000 0.000000 -0.427605
    18 2.150648 0.000002 -0.000003 0.000000 0.000000 -0.663223
    19 1.152746 -0.000003 0.000003 0.000000 0.000000 -0.523598
    20 0.000419 0.016150 0.002405 3.136320 -0.007304 -0.003105
    21 0.001816 -0.009672 -0.007393 3.139013 -0.008631 -0.008588
    22 -0.003752 -0.011593 -0.001195 3.133090 0.002976 0.014444
    23 3.684098 -0.158697 1.419183 0.000000 0.000000 -0.253072
    24 1.701014 0.000004 0.000004 0.000000 0.000000 -0.602138
    25 0.994714 -0.000002 -0.000008 0.000000 0.000000 -0.357792
    26 0.021160 0.011093 -0.004108 -3.137926 -0.002080 -0.001153
    27 -0.003428 0.010128 -0.008341 -3.140832 -0.004146 -0.019238
    28 0.004127 0.010881 0.000767 3.138806 -0.003164 -0.013821
    29 1.068074 -1.287202 0.981906 1.925949 -0.499323 -0.437818
    30 1.836308 -0.000001 0.000002 0.074245 -0.173006 -0.593150
    31 1.223949 -0.000002 0.000002 0.027395 -0.026912 -0.598150
    32 -0.012758 0.013269 0.005633 -3.132442 0.011957 -0.016684
    33 0.003252 0.002937 0.004907 3.134101 -0.012025 0.011384
    34 0.017597 0.001415 -0.271330 3.132743 -0.094250 -0.000348
    35 -0.034845 0.015532 -0.006371 -3.119476 -0.012752 0.011827
    36 6.868289 0.000003 0.000003 1.894370 0.030276 0.157882
    37 -6.002364 -0.460211 -0.868646 -0.695749 -0.131805 0.077518
    38 -6.002752 -0.459276 -0.867383 -0.699507 -0.131813 0.077097
    39 -10.921875 -4.957031 -11.492188 -1.570794 0.087264 -1.570796
    40 -0.000001 -0.000002 0.000004 -0.097611 -0.167473 0.194322
    41 10.907397 0.000000 -0.000001 -0.000346 -0.000019 -1.076284
    42 10.424307 0.000001 0.000016 -0.379253 -0.049065 0.014186
    43 2.997296 0.000062 1.477484 0.000000 0.104719 -1.038469
    44 1.510386 -0.000002 0.000000 0.000000 0.000000 -1.422416
    45 0.808652 0.000001 -0.000003 -0.087183 0.081589 -1.026206
    46 -0.010181 0.001544 -0.002427 3.133438 0.004938 -0.014530
    47 -0.007761 0.000776 -0.012938 -3.140949 0.009512 -0.002789
    48 -0.003515 0.022163 -0.007593 -3.131007 0.004989 -0.015563
    49 3.305811 0.201132 0.547463 0.097216 -0.050307 -0.854749
    50 1.807181 -0.000005 -0.000002 0.020278 -0.092162 -1.076376
    51 0.966146 0.000000 0.000000 0.000000 0.000000 -1.579521
    52 -0.004041 0.002991 -0.002260 -3.129316 0.007469 -0.002160
    53 -0.016014 -0.012525 -0.005755 -3.127586 -0.003209 -0.007102
    54 -0.010741 -0.015351 -0.005964 -3.141244 -0.014366 0.013993
    55 3.571526 0.110787 -0.409180 -0.010425 -0.147989 -0.662452
    56 2.150658 0.000000 0.000000 0.000000 0.000000 -1.596992
    57 1.152748 0.000002 -0.000001 0.000000 0.000000 -1.038469
    58 -0.009424 0.003368 0.009511 3.138994 -0.007577 -0.001092
    59 -0.009795 0.006993 0.001619 3.137400 -0.006826 0.001062
    60 -0.005070 0.017085 0.007624 3.135509 0.005211 0.001477
    61 3.684113 -0.153569 -1.419744 -0.127588 -0.238900 -0.428146
    62 1.701014 -0.000001 0.000000 0.000000 0.000000 -0.477923
    63 0.994705 -0.000004 0.000000 0.000000 0.000000 -0.436331
    64 0.015236 0.000657 -0.012633 3.136885 0.014164 0.000018
    65 -0.014324 -0.018461 0.000846 -3.134644 0.013210 0.007851
    66 -0.020566 0.000650 -0.004019 -3.126894 -0.002595 -0.013678
    67 1.068097 -1.283652 -0.986552 -2.032348 0.480630 -0.399225
    68 1.836308 -0.000002 0.000001 0.071731 -0.042788 -0.118793
    69 1.223948 0.000001 -0.000002 -0.030976 -0.071338 -0.420800
    70 -0.026768 0.000412 0.021024 -3.135050 0.011560 0.031832
    71 -0.030946 0.015453 0.007155 3.126687 -0.014474 -0.013279
    72 0.024326 0.034636 0.000721 -3.121606 0.015525 0.030344
    73 -0.046000 0.019587 0.021797 3.134639 0.020864 -0.001670
    74 6.694322 0.000002 0.000001 -0.781738 -0.155421 0.042116
    75 -6.579163 -0.452807 0.914976 1.390020 0.137634 0.072730
    76 -6.553783 -0.454803 0.900534 1.387994 0.108045 0.086436
  time 135
    0 -6.411269 -23.573232 -3.970915 0.983647 0.116949 2.484426
    1 7.820313 -3.039063 -8.804688 -1.082104 0.087263 -1.570797
    2 -0.000001 0.000002 0.000000 -0.021003 -0.098597 0.766856
    3 10.907404 0.000001 -0.000001 -0.000001 0.000012 -0.428155
    4 10.424325 -0.000011 -0.000033 2.468703 0.420364 -0.460671
    5 2.997275 0.005409 -1.477475 0.000000 0.000000 -0.471238
    6 1.510384 -0.000004 0.000000 0.000000 0.000000 -0.689404
    7 0.808659 -0.000001 0.000001 0.000000 0.000000 -0.654499
    8 -0.005463 0.010882 0.011922 -3.130701 -0.002586 -0.018476
    9 -0.001080 -0.005339 -0.002780 -3.138880 -0.004640 0.012721
    10 -0.019963 -0.004463 0.017139 3.137685 -0.000240 0.002472
    11 3.305800 0.203115 -0.546730 0.000000 0.000000 -0.488691
    12 1.807178 0.000000 -0.000004 0.000000 0.000000 -0.637045
    13 0.966141 0.000003 -0.000001 0.000000 0.000000 -0.497418
    14 -0.002205 0.006298 0.000417 3.133979 -0.003058 0.005338
    15 0.007872 0.003559 -0.000436 -3.124798 -0.001004 0.009074
    16 0.012690 -0.008244 0.010269 -3.131666 0.016691 0.012264
    17 3.571513 0.109304 0.409580 0.000000 0.000000 -0.427605
    18 2.150648 0.000002 -0.000003 0.000000 0.000000 -0.663223
    19 1.152746 -0.000003 0.000003 0.000000 0.000000 -0.523598
    20 0.000419 0.016150 0.002405 3.136320 -0.007304 -0.003105
    21 0.001816 -0.009672 -0.007393 3.139013 -0.008631 -0.008588
    22 -0.003752 -0.011593 -0.001195 3.133090 0.002976 0.014444
    23 3.684098 -0.158697 1.419183 0.000000 0.000000 -0.253072
    24 1.701014 0.000004 0.000004 0.000000 0.000000 -0.602138
    25 0.994714 -0.000002 -0.000008 0.000000 0.000000 -0.357792
    26 0.021160 0.011093 -0.004108 -3.137926 -0.002080 -0.001153
    27 -0.003428 0.010128 -0.008341 -3.140832 -0.004146 -0.019238
    28 0.004127 0.010881 0.000767 3.138806 -0.003164 -0.013821
    29 1.068074 -1.287202 0.981906 1.925949 -0.499323 -0.437818
    30 1.836308 -0.000001 0.000002 0.074245 -0.173006 -0.593150
    31 1.223949 -0.000002 0.000002 0.027395 -0.026912 -0.598150
    32 -0.012758 0.013269 0.005633 -3.132442 0.011957 -0.016684
    33 0.003252 0.002937 0.004907 3.134101 -0.012025 0.011384
    34 0.017597 0.001415 -0.271330 3.132743 -0.094250 -0.000348
    35 -0.034845 0.015532 -0.006371 -3.119476 -0.012752 0.011827
    36 6.868289 0.000003 0.000003 1.894370 0.030276 0.157882
    37 -6.002364 -0.460211 -0.868646 -0.695749 -0.131805 0.077518
    38 -6.002752 -0.459276 -0.867383 -0.699507 -0.131813 0.077097
    39 -10.921875 -4.957031 -11.492188 -1.570794 0.087264 -1.570796
    40 -0.000001 -0.000002 0.000004 -0.097611 -0.167473 0.194322
    41 10.907397 0.000000 -0.000001 -0.000346 -0.000019 -1.076284
    42 10.424307 0.000001 0.000016 -0.370656 -0.048878 0.016530
    43 2.997296 0.000062 1.477484 0.000000 0.104719 -1.038469
    44 1.510386 -0.000002 0.000000 0.000000 0.000000 -1.422416
    45 0.808652 0.000001 -0.000003 -0.087183 0.081589 -1.026206
    46 -0.010181 0.001544 -0.002427 3.133438 0.004938 -0.014530
    47 -0.007761 0.000776 -0.012938 -3.140949 0.009512 -0.002789
    48 -0.003515 0.022163 -0.007593 -3.131007 0.004989 -0.015563
    49 3.305811 0.201132 0.547463 0.097216 -0.050307 -0.854749
    50 1.807181 -0.000005 -0.000002 0.020278 -0.092162 -1.076376
    51 0.966146 0.000000 0.000000 0.000000 0.000000 -1.579521
    52 -0.004041 0.002991 -0.002260 -3.129316 0.007469 -0.002160
    53 -0.016014 -0.012525 -0.005755 -3.127586 -0.003209 -0.007102
    54 -0.010741 -0.015351 -0.005964 -3.141244 -0.014366 0.013993
    55 3.571526 0.110787 -0.409180 -0.010425 -0.147989 -0.662452
    56 2.150658 0.000000 0.000000 0.000000 0.000000 -1.596992
    57 1.152748 0.000002 -0.000001 0.000000 0.000000 -1.038469
    58 -0.009424 0.003368 0.009511 3.138994 -0.007577 -0.001092
    59 -0.009795 0.006993 0.001619 3.137400 -0.006826 0.001062
    60 -0.005070 0.017085 0.007624 3.135509 0.005211 0.001477
    61 3.684113 -0.153569 -1.419744 -0.126378 -0.239691 -0.433579
    62 1.701014 -0.000001 0.000000 0.000000 0.000000 -0.473560
    63 0.994705 -0.000004 0.000000 0.000000 0.000000 -0.436331
    64 0.015236 0.000657 -0.012633 3.136885 0.014164 0.000018
    65 -0.014324 -0.018461 0.000846 -3.134644 0.013210 0.007851
    66 -0.020566 0.000650 -0.004019 -3.126894 -0.002595 -0.013678
    67 1.068097 -1.283652 -0.986552 -2.031490 0.481457 -0.397367
    68 1.836308 -0.000002 0.000001 0.071731 -0.042788 -0.118793
    69 1.223948 0.000001 -0.000002 -0.030976 -0.071338 -0.420800
    70 -0.026768 0.000412 0.021024 -3.135050 0.011560 0.031832
    71 -0.030946 0.015453 0.007155 3.126687 -0.014474 -0.013279
    72 0.024326 0.034636 0.000721 -3.121606 0.015525 0.030344
    73 -0.046000 0.019587 0.021797 3.134639 0.020864 -0.001670
    74 6.694322 0.000002 0.000001 -0.777308 -0.155613 0.041432
    75 -6.579163 -0.452807 0.914976 1.390020 0.137634 0.072730
    76 -6.553783 -0.454803 0.900534 1.387994 0.108045 0.086436
  time 136
    0 -6.419082 -23.592764 -3.974821 0.974733 0.117727 2.492203
    1 7.820313 -3.039063 -8.804688 -1.082104 0.087263 -1.570797
    2 -0.000001 0.000002 0.000000 -0.021003 -0.098597 0.766856
    3 10.907404 0.000001 -0.000001 -0.000001 0.000012 -0.428155
    4 10.424325 -0.000011 -0.000033 2.468703 0.420364 -0.460671
    5 2.997275 0.005409 -1.477475 0.000000 0.000000 -0.471238
    6 1.510384 -0.000004 0.000000 0.000000 0.000000 -0.689404
    7 0.808659 -0.000001 0.000001 0.000000 0.000000 -0.654499
    8 -0.005463 0.010882 0.011922 -3.130701 -0.002586 -0.018476
    9 -0.001080 -0.005339 -0.002780 -3.138880 -0.004640 0.012721
    10 -0.019963 -0.004463 0.017139 3.137685 -0.000240 0.002472
    11 3.305800 0.203115 -0.546730 0.000000 0.000000 -0.488691
    12 1.807178 0.000000 -0.000004 0.000000 0.000000 -0.637045
    13 0.966141 0.000003 -0.000001 0.000000 0.000000 -0.497418
    14 -0.002205 0.006298 0.000417 3.133979 -0.003058 0.005338
    15 0.007872 0.003559 -0.000436 -3.124798 -0.001004 0.009074
    16 0.012690 -0.008244 0.010269 -3.131666 0.016691 0.012264
    17 3.571513 0.109304 0.409580 0.000000 0.000000 -0.427605
    18 2.150648 0.000002 -0.000003 0.000000 0.000000 -0.663223
    19 1.152746 -0.000003 0.000003 0.000000 0.000000 -0.523598
    20 0.000419 0.016150 0.002405 3.136320 -0.007304 -0.003105
    21 0.001816 -0.009672 -0.007393 3.139013 -0.008631 -0.008588
    22 -0.003752 -0.011593 -0.001195 3.133090 0.002976 0.014444
    23 3.684098 -0.158697 1.419183 0.000000 0.000000 -0.253072
    24 1.701014 0.000004 0.000004 0.000000 0.000000 -0.602138
    25 0.994714 -0.000002 -0.000008 0.000000 0.000000 -0.357792
    26 0.021160 0.011093 -0.004108 -3.137926 -0.002080 -0.001153
    27 -0.003428 0.010128 -0.008341 -3.140832 -0.004146 -0.019238
    28 0.004127 0.010881 0.000767 3.138806 -0.003164 -0.013821
    29 1.068074 -1.287202 0.981906 1.925949 -0.499323 -0.437818
    30 1.836308 -0.000001 0.000002 0.074245 -0.173006 -0.593150
    31 1.223949 -0.000002 0.000002 0.027395 -0.026912 -0.598150
    32 -0.012758 0.013269 0.005633 -3.132442 0.011957 -0.016684
    33 0.003252 0.002937 0.004907 3.134101 -0.012025 0.011384
    34 0.017597 0.001415 -0.271330 3.132743 -0.094250 -0.000348
    35 -0.034845 0.015532 -0.006371 -3.119476 -0.012752 0.011827
    36 6.868289 0.000003 0.000003 1.894370 0.030276 0.157882
    37 -6.002364 -0.460211 -0.868646 -0.695749 -0.131805 0.077518
    38 -6.002752 -0.459276 -0.867383 -0.699507 -0.131813 0.077097
    39 -10.921875 -4.957031 -11.492188 -1.570794 0.087264 -1.570796
    40 -0.000001 -0.000002 0.000004 -0.097611 -0.167473 0.194322
    41 10.907397 0.000000 -0.000001 -0.000346 -0.000019 -1.076284
    42 10.424307 0.000001 0.000016 -0.364825 -0.048355 0.023043
    43 2.997296 0.000062 1.477484 0.000000 0.104719 -1.038469
    44 1.510386 -0.000002 0.000000 0.000000 0.000000 -1.423119
    45 0.808652 0.000001 -0.000003 -0.087183 0.081589 -1.026206
    46 -0.010181 0.001544 -0.002427 3.133438 0.004938 -0.014530
    47 -0.007761 0.000776 -0.012938 -3.140949 0.009512 -0.002789
    48 -0.003515 0.022163 -0.007593 -3.131007 0.004989 -0.015563
    49 3.305811 0.201132 0.547463 0.097216 -0.050307 -0.854749
    50 1.807181 -0.000005 -0.000002 0.020338 -0.092138 -1.077079
    51 0.966146 0.000000 0.000000 0.000000 0.000000 -1.579521
    52 -0.004041 0.002991 -0.002260 -3.129316 0.007469 -0.002160
    53 -0.016014 -0.012525 -0.005755 -3.127586 -0.003209 -0.007102
    54 -0.010741 -0.015351 -0.005964 -3.141244 -0.014366 0.013993
    55 3.571526 0.110787 -0.409180 -0.010425 -0.147989 -0.662452
    56 2.150658 0.000000 0.000000 0.000000 0.000000 -1.597383
    57 1.152748 0.000002 -0.000001 0.000000 0.000000 -1.038469
    58 -0.009424 0.003368 0.009511 3.138994 -0.007577 -0.001092
    59 -0.009795 0.006993 0.001619 3.137400 -0.006826 0.001062
    60 -0.005070 0.017085 0.007624 3.135509 0.005211 0.001477
    61 3.684113 -0.153569 -1.419744 -0.125239 -0.240410 -0.438624
    62 1.701014 -0.000001 0.000000 0.000000 0.000000 -0.473560
    63 0.994705 -0.000004 0.000000 0.000000 0.000000 -0.436331
    64 0.015236 0.000657 -0.012633 3.136885 0.014164 0.000018
    65 -0.014324 -0.018461 0.000846 -3.134644 0.013210 0.007851
    66 -0.020566 0.000650 -0.004019 -3.126894 -0.002595 -0.013678
    67 1.068097 -1.283652 -0.986552 -2.030594 0.482296 -0.395426
    68 1.836308 -0.000002 0.000001 0.071731 -0.042788 -0.118793
    69 1.223948 0.000001 -0.000002 -0.030976 -0.071338 -0.420800
    70 -0.026768 0.000412 0.021024 -3.135050 0.011560 0.031832
    71 -0.030946 0.015453 0.007155 3.126687 -0.014474 -0.013279
    72 0.024326 0.034636 0.000721 -3.121606 0.015525 0.030344
    73 -0.046000 0.019587 0.021797 3.134639 0.020864 -0.001670
    74 6.694322 0.000002 0.000001 -0.774202 -0.155733 0.040941
    75 -6.579163 -0.452807 0.914976 1.390020 0.137634 0.072730
    76 -6.553783 -0.454803 0.900534 1.387994 0.108045 0.086436
  time 137
    0 -6.419082 -23.620109 -3.986540 0.964412 0.115529 2.498083
    1 7.820313 -3.039063 -8.804688 -1.082104 0.087263 -1.570797
    2 -0.000001 0.000002 0.000000 -0.021003 -0.098597 0.766856
    3 10.907404 0.000001 -0.000001 -0.000001 0.000012 -0.428155
    4 10.424325 -0.000011 -0.000033 2.468703 0.420364 -0.460671
    5 2.997275 0.005409 -1.477475 0.000000 0.000000 -0.471238
    6 1.510384 -0.000004 0.000000 0.000000 0.000000 -0.689404
    7 0.808659 -0.000001 0.000001 0.000000 0.000000 -0.654499
    8 -0.005463 0.010882 0.011922 -3.130701 -0.002586 -0.018476
    9 -0.001080 -0.005339 -0.002780 -3.138880 -0.004640 0.012721
    10 -0.019963 -0.004463 0.017139 3.137685 -0.000240 0.002472
    11 3.305800 0.203115 -0.546730 0.000000 0.000000 -0.488691
    12 1.807178 0.000000 -0.000004 0.000000 0.000000 -0.637045
    13 0.966141 0.000003 -0.000001 0.000000 0.000000 -0.497418
    14 -0.002205 0.006298 0.000417 3.133979 -0.003058 0.005338
    15 0.007872 0.003559 -0.000436 -3.124798 -0.001004 0.009074
    16 0.012690 -0.008244 0.010269 -3.131666 0.016691 0.012264
    17 3.571513 0.109304 0.409580 0.000000 0.000000 -0.427605
    18 2.150648 0.000002 -0.000003 0.000000 0.000000 -0.663223
    19 1.152746 -0.000003 0.000003 0.000000 0.000000 -0.523598
    20 0.000419 0.016150 0.002405 3.136320 -0.007304 -0.003105
    21 0.001816 -0.009672 -0.007393 3.139013 -0.008631 -0.008588
    22 -0.003752 -0.011593 -0.001195 3.133090 0.002976 0.014444
    23 3.684098 -0.158697 1.419183 0.000000 0.000000 -0.253072
    24 1.701014 0.000004 0.000004 0.000000 0.000000 -0.602138
    25 0.994714 -0.000002 -0.000008 0.000000 0.000000 -0.357792
    26 0.021160 0.011093 -0.004108 -3.137926 -0.002080 -0.001153
    27 -0.003428 0.010128 -0.008341 -3.140832 -0.004146 -0.019238
    28 0.004127 0.010881 0.000767 3.138806 -0.003164 -0.013821
    29 1.068074 -1.287202 0.981906 1.925949 -0.499323 -0.437818
    30 1.836308 -0.000001 0.000002 0.074245 -0.173006 -0.593150
    31 1.223949 -0.000002 0.000002 0.027395 -0.026912 -0.598150
    32 -0.012758 0.013269 0.005633 -3.132442 0.011957 -0.016684
    33 0.003252 0.002937 0.004907 3.134101 -0.012025 0.011384
    34 0.017597 0.001415 -0.271330 3.132743 -0.094250 -0.000348
    35 -0.034845 0.015532 -0.006371 -3.119476 -0.012752 0.011827
    36 6.868289 0.000003 0.000003 1.894370 0.030276 0.157882
    37 -6.002364 -0.460211 -0.868646 -0.695749 -0.131805 0.077518
    38 -6.002752 -0.459276 -0.867383 -0.699507 -0.131813 0.077097
    39 -10.921875 -4.957031 -11.492188 -1.570794 0.087264 -1.570796
    40 -0.000001 -0.000002 0.000004 -0.097611 -0.167473 0.194322
    41 10.907397 0.000000 -0.000001 -0.000346 -0.000019 -1.076319
    42 10.424307 0.000001 0.000016 -0.361312 -0.047570 0.032509
    43 2.997296 0.000062 1.477484 0.000000 0.104719 -1.038469
    44 1.510386 -0.000002 0.000000 0.000000 0.000000 -1.425069
    45 0.808652 0.000001 -0.000003 -0.087183 0.081589 -1.026206
    46 -0.010181 0.001544 -0.002427 3.133438 0.004938 -0.014530
    47 -0.007761 0.000776 -0.012938 -3.140949 0.009512 -0.002789
    48 -0.003515 0.022163 -0.007593 -3.131007 0.004989 -0.015563
    49 3.305811 0.201132 0.547463 0.097216 -0.050307 -0.854749
    50 1.807181 -0.000005 -0.000002 0.020518 -0.092090 -1.079048
    51 0.966146 0.000000 0.000000 0.000000 0.000000 -1.579521
    52 -0.004041 0.002991 -0.002260 -3.129316 0.007469 -0.002160
    53 -0.016014 -0.012525 -0.005755 -3.127586 -0.003209 -0.007102
    54 -0.010741 -0.015351 -0.005964 -3.141244 -0.014366 0.013993
    55 3.571526 0.110787 -0.409180 -0.010425 -0.147989 -0.662452
    56 2.150658 0.000000 0.000000 0.000000 0.000000 -1.598468
    57 1.152748 0.000002 -0.000001 0.000000 0.000000 -1.038469
    58 -0.009424 0.003368 0.009511 3.138994 -0.007577 -0.001092
    59 -0.009795 0.006993 0.001619 3.137400 -0.006826 0.001062
    60 -0.005070 0.017085 0.007624 3.135509 0.005211 0.001477
    61 3.684113 -0.153569 -1.419744 -0.124184 -0.241081 -0.443278
    62 1.701014 -0.000001 0.000000 0.000000 0.000000 -0.473560
    63 0.994705 -0.000004 0.000000 0.000000 0.000000 -0.436331
    64 0.015236 0.000657 -0.012633 3.136885 0.014164 0.000018
    65 -0.014324 -0.018461 0.000846 -3.134644 0.013210 0.007851
    66 -0.020566 0.000650 -0.004019 -3.126894 -0.002595 -0.013678
    67 1.068097 -1.283652 -0.986552 -2.029672 0.483170 -0.393436
    68 1.836308 -0.000002 0.000001 0.071731 -0.042788 -0.118793
    69 1.223948 0.000001 -0.000002 -0.030976 -0.071338 -0.420800
    70 -0.026768 0.000412 0.021024 -3.135050 0.011560 0.031832
    71 -0.030946 0.015453 0.007155 3.126687 -0.014474 -0.013279
    72 0.024326 0.034636 0.000721 -3.121606 0.015525 0.030344
    73 -0.046000 0.019587 0.021797 3.134639 0.020864 -0.001670
    74 6.694322 0.000002 0.000001 -0.772193 -0.155817 0.040630
    75 -6.579163 -0.452807 0.914976 1.390020 0.137634 0.072730
    76 -6.553783 -0.454803 0.900534 1.387994 0.108045 0.086436
  time 138
    0 -6.419082 -23.655266 -4.002166 0.953153 0.111314 2.502635
    1 7.820313 -3.039063 -8.804688 -1.082104 0.087263 -1.570797
    2 -0.000001 0.000002 0.000000 -0.021003 -0.098597 0.766856
    3 10.907404 0.000001 -0.000001 -0.000001 0.000012 -0.428155
    4 10.424325 -0.000011 -0.000033 2.468703 0.420364 -0.460671
    5 2.997275 0.005409 -1.477475 0.000000 0.000000 -0.471238
    6 1.510384 -0.000004 0.000000 0.000000 0.000000 -0.689404
    7 0.808659 -0.000001 0.000001 0.000000 0.000000 -0.654499
    8 -0.005463 0.010882 0.011922 -3.130701 -0.002586 -0.018476
    9 -0.001080 -0.005339 -0.002780 -3.138880 -0.004640 0.012721
    10 -0.019963 -0.004463 0.017139 3.137685 -0.000240 0.002472
    11 3.305800 0.203115 -0.546730 0.000000 0.000000 -0.488691
    12 1.807178 0.000000 -0.000004 0.000000 0.000000 -0.637045
    13 0.966141 0.000003 -0.000001 0.000000 0.000000 -0.497418
    14 -0.002205 0.006298 0.000417 3.133979 -0.003058 0.005338
    15 0.007872 0.003559 -0.000436 -3.124798 -0.001004 0.009074
    16 0.012690 -0.008244 0.010269 -3.131666 0.016691 0.012264
    17 3.571513 0.109304 0.409580 0.000000 0.000000 -0.427605
    18 2.150648 0.000002 -0.000003 0.000000 0.000000 -0.663223
    19 1.152746 -0.000003 0.000003 0.000000 0.000000 -0.523598
    20 0.000419 0.016150 0.002405 3.136320 -0.007304 -0.003105
    21 0.001816 -0.009672 -0.007393 3.139013 -0.008631 -0.008588
    22 -0.003752 -0.011593 -0.001195 3.133090 0.002976 0.014444
    23 3.684098 -0.158697 1.419183 0.000000 0.000000 -0.253072
    24 1.701014 0.000004 0.000004 0.000000 0.000000 -0.602138
    25 0.994714 -0.000002 -0.000008 0.000000 0.000000 -0.357792
    26 0.021160 0.011093 -0.004108 -3.137926 -0.002080 -0.001153
    27 -0.003428 0.010128 -0.008341 -3.140832 -0.004146 -0.019238
    28 0.004127 0.010881 0.000767 3.138806 -0.003164 -0.013821
    29 1.068074 -1.287202 0.981906 1.925949 -0.499323 -0.437818
    30 1.836308 -0.000001 0.000002 0.074245 -0.173006 -0.593150
    31 1.223949 -0.000002 0.000002 0.027395 -0.026912 -0.598150
    32 -0.012758 0.013269 0.005633 -3.132442 0.011957 -0.016684
    33 0.003252 0.002937 0.004907 3.134101 -0.012025 0.011384
    34 0.017597 0.001415 -0.271330 3.132743 -0.094250 -0.000348
    35 -0.034845 0.015532 -0.006371 -3.119476 -0.012752 0.011827
    36 6.868289 0.000003 0.000003 1.894370 0.030276 0.157882
    37 -6.002364 -0.460211 -0.868646 -0.695749 -0.131805 0.077518
    38 -6.002752 -0.459276 -0.867383 -0.699507 -0.131813 0.077097
    39 -10.921875 -4.957031 -11.492188 -1.570794 0.087264 -1.570796
    40 -0.000001 -0.000002 0.000004 -0.097611 -0.167473 0.194412
    41 10.907397 0.000000 -0.000001 -0.000346 -0.000019 -1.076354
    42 10.424307 0.000001 0.000016 -0.359667 -0.046597 0.044059
    43 2.997296 0.000062 1.477484 0.000000 0.104719 -1.038469
    44 1.510386 -0.000002 0.000000 0.000000 0.000000 -1.428137
    45 0.808652 0.000001 -0.000003 -0.087183 0.081589 -1.026206
    46 -0.010181 0.001544 -0.002427 3.133438 0.004938 -0.014530
    47 -0.007761 0.000776 -0.012938 -3.140949 0.009512 -0.002789
    48 -0.003515 0.022163 -0.007593 -3.131007 0.004989 -0.015563
    49 3.305811 0.201132 0.547463 0.097216 -0.050307 -0.854749
    50 1.807181 -0.000005 -0.000002 0.020805 -0.092018 -1.082142
    51 0.966146 0.000000 0.000000 0.000000 0.000000 -1.579521
    52 -0.004041 0.002991 -0.002260 -3.129316 0.007469 -0.002160
    53 -0.016014 -0.012525 -0.005755 -3.127586 -0.003209 -0.007102
    54 -0.010741 -0.015351 -0.005964 -3.141244 -0.014366 0.013993
    55 3.571526 0.110787 -0.409180 -0.010425 -0.147989 -0.662452
    56 2.150658 0.000000 0.000000 0.000000 0.000000 -1.600161
    57 1.152748 0.000002 -0.000001 0.000000 0.000000 -1.038469
    58 -0.009424 0.003368 0.009511 3.138994 -0.007577 -0.001092
    59 -0.009795 0.006993 0.001619 3.137400 -0.006826 0.001062
    60 -0.005070 0.017085 0.007624 3.135509 0.005211 0.001477
    61 3.684113 -0.153569 -1.419744 -0.123202 -0.241681 -0.447585
    62 1.701014 -0.000001 0.000000 0.000000 0.000000 -0.473560
    63 0.994705 -0.000004 0.000000 0.000000 0.000000 -0.436331
    64 0.015236 0.000657 -0.012633 3.136885 0.014164 0.000018
    65 -0.014324 -0.018461 0.000846 -3.134644 0.013210 0.007851
    66 -0.020566 0.000650 -0.004019 -3.126894 -0.002595 -0.013678
    67 1.068097 -1.283652 -0.986552 -2.028711 0.484045 -0.391387
    68 1.836308 -0.000002 0.000001 0.071731 -0.042788 -0.118793
    69 1.223948 0.000001 -0.000002 -0.030976 -0.071338 -0.420800
    70 -0.026768 0.000412 0.021024 -3.135050 0.011560 0.031832
    71 -0.030946 0.015453 0.007155 3.126687 -0.014474 -0.013279
    72 0.024326 0.034636 0.000721 -3.121606 0.015525 0.030344
    73 -0.046000 0.019587 0.021797 3.134639 0.020864 -0.001670
    74 6.694322 0.000002 0.000001 -0.771051 -0.155865 0.040462
    75 -6.579163 -0.452807 0.914976 1.390020 0.137634 0.072730
    76 -6.553783 -0.454803 0.900534 1.387994 0.108045 0.086436
  time 139
    0 -6.415176 -23.694330 -4.021698 0.941519 0.105954 2.506144
    1 7.820313 -3.039063 -8.804688 -1.082104 0.087263 -1.570797
    2 -0.000001 0.000002 0.000000 -0.021003 -0.098597 0.766856
    3 10.907404 0.000001 -0.000001 -0.000001 0.000012 -0.428155
    4 10.424325 -0.000011 -0.000033 2.468703 0.420364 -0.460671
    5 2.997275 0.005409 -1.477475 0.000000 0.000000 -0.471238
    6 1.510384 -0.000004 0.000000 0.000000 0.000000 -0.689404
    7 0.808659 -0.000001 0.000001 0.000000 0.000000 -0.654499
    8 -0.005463 0.010882 0.011922 -3.130701 -0.002586 -0.018476
    9 -0.001080 -0.005339 -0.002780 -3.138880 -0.004640 0.012721
    10 -0.019963 -0.004463 0.017139 3.137685 -0.000240 0.002472
    11 3.305800 0.203115 -0.546730 0.000000 0.000000 -0.488691
    12 1.807178 0.000000 -0.000004 0.000000 0.000000 -0.637045
    13 0.966141 0.000003 -0.000001 0.000000 0.000000 -0.497418
    14 -0.002205 0.006298 0.000417 3.133979 -0.003058 0.005338
    15 0.007872 0.003559 -0.000436 -3.124798 -0.001004 0.009074
    16 0.012690 -0.008244 0.010269 -3.131666 0.016691 0.012264
    17 3.571513 0.109304 0.409580 0.000000 0.000000 -0.427605
    18 2.150648 0.000002 -0.000003 0.000000 0.000000 -0.663223
    19 1.152746 -0.000003 0.000003 0.000000 0.000000 -0.523598
    20 0.000419 0.016150 0.002405 3.136320 -0.007304 -0.003105
    21 0.001816 -0.009672 -0.007393 3.139013 -0.008631 -0.008588
    22 -0.003752 -0.011593 -0.001195 3.133090 0.002976 0.014444
    23 3.684098 -0.158697 1.419183 0.000000 0.000000 -0.253072
    24 1.701014 0.000004 0.000004 0.000000 0.000000 -0.602138
    25 0.994714 -0.000002 -0.000008 0.000000 0.000000 -0.357792
    26 0.021160 0.011093 -0.004108 -3.137926 -0.002080 -0.001153
    27 -0.003428 0.010128 -0.008341 -3.140832 -0.004146 -0.019238
    28 0.004127 0.010881 0.000767 3.138806 -0.003164 -0.013821
    29 1.068074 -1.287202 0.981906 1.925949 -0.499323 -0.437818
    30 1.836308 -0.000001 0.000002 0.074245 -0.173006 -0.593150
    31 1.223949 -0.000002 0.000002 0.027395 -0.026912 -0.598150
    32 -0.012758 0.013269 0.005633 -3.132442 0.011957 -0.016684
    33 0.003252 0.002937 0.004907 3.134101 -0.012025 0.011384
    34 0.017597 0.001415 -0.271330 3.132743 -0.094250 -0.000348
    35 -0.034845 0.015532 -0.006371 -3.119476 -0.012752 0.011827
    36 6.868289 0.000003 0.000003 1.894370 0.030276 0.157882
    37 -6.002364 -0.460211 -0.868646 -0.695749 -0.131805 0.077518
    38 -6.002752 -0.459276 -0.867383 -0.699507 -0.131813 0.077097
    39 -10.921875 -4.957031 -11.492188 -1.570794 0.087264 -1.570796
    40 -0.000001 -0.000002 0.000004 -0.097643 -0.167473 0.194592
    41 10.907397 0.000000 -0.000001 -0.000346 -0.000019 -1.076424
    42 10.424307 0.000001 0.000016 -0.359443 -0.045438 0.056565
    43 2.997296 0.000062 1.477484 0.000000 0.104719 -1.038469
    44 1.510386 -0.000002 0.000000 0.000000 0.000000 -1.432132
    45 0.808652 0.000001 -0.000003 -0.087183 0.081589 -1.026206
    46 -0.010181 0.001544 -0.002427 3.133438 0.004938 -0.014530
    47 -0.007761 0.000776 -0.012938 -3.140949 0.009512 -0.002789
    48 -0.003515 0.022163 -0.007593 -3.131007 0.004989 -0.015563
    49 3.305811 0.201132 0.547463 0.097216 -0.050307 -0.854749
    50 1.807181 -0.000005 -0.000002 0.021165 -0.091922 -1.086150
    51 0.966146 0.000000 0.000000 0.000000 0.000000 -1.579521
    52 -0.004041 0.002991 -0.002260 -3.129316 0.007469 -0.002160
    53 -0.016014 -0.012525 -0.005755 -3.127586 -0.003209 -0.007102
    54 -0.010741 -0.015351 -0.005964 -3.141244 -0.014366 0.013993
    55 3.571526 0.110787 -0.409180 -0.010425 -0.147989 -0.662452
    56 2.150658 0.000000 0.000000 0.000000 0.000000 -1.602419
    57 1.152748 0.000002 -0.000001 0.000000 0.000000 -1.038469
    58 -0.009424 0.003368 0.009511 3.138994 -0.007577 -0.001092
    59 -0.009795 0.006993 0.001619 3.137400 -0.006826 0.001062
    60 -0.005070 0.017085 0.007624 3.135509 0.005211 0.001477
    61 3.684113 -0.153569 -1.419744 -0.122291 -0.242220 -0.451563
    62 1.701014 -0.000001 0.000000 0.000000 0.000000 -0.473560
    63 0.994705 -0.000004 0.000000 0.000000 0.000000 -0.436331
    64 0.015236 0.000657 -0.012633 3.136885 0.014164 0.000018
    65 -0.014324 -0.018461 0.000846 -3.134644 0.013210 0.007851
    66 -0.020566 0.000650 -0.004019 -3.126894 -0.002595 -0.013678
    67 1.068097 -1.283652 -0.986552 -2.027724 0.484944 -0.389290
    68 1.836308 -0.000002 0.000001 0.071731 -0.042788 -0.118793
    69 1.223948 0.000001 -0.000002 -0.030976 -0.071338 -0.420800
    70 -0.026768 0.000412 0.021024 -3.135050 0.011560 0.031832
    71 -0.030946 0.015453 0.007155 3.126687 -0.014474 -0.013279
    72 0.024326 0.034636 0.000721 -3.121606 0.015525 0.030344
    73 -0.046000 0.019587 0.021797 3.134639 0.020864 -0.001670
    74 6.694322 0.000002 0.000001 -0.770595 -0.155877 0.040390
    75 -6.579163 -0.452807 0.914976 1.390020 0.137634 0.072730
    76 -6.553783 -0.454803 0.900534 1.387994 0.108045 0.086436
  time 140
    0 -6.411269 -23.733393 -4.045136 0.930166 0.100274 2.509274
    1 7.820313 -3.039063 -8.804688 -1.082104 0.087263 -1.570797
    2 -0.000001 0.000002 0.000000 -0.021003 -0.098597 0.766856
    3 10.907404 0.000001 -0.000001 -0.000001 0.000012 -0.428155
    4 10.424325 -0.000011 -0.000033 2.468703 0.420364 -0.460671
    5 2.997275 0.005409 -1.477475 0.000000 0.000000 -0.471238
    6 1.510384 -0.000004 0.000000 0.000000 0.000000 -0.689404
    7 0.808659 -0.000001 0.000001 0.000000 0.000000 -0.654499
    8 -0.005463 0.010882 0.011922 -3.130701 -0.002586 -0.018476
    9 -0.001080 -0.005339 -0.002780 -3.138880 -0.004640 0.012721
    10 -0.019963 -0.004463 0.017139 3.137685 -0.000240 0.002472
    11 3.305800 0.203115 -0.546730 0.000000 0.000000 -0.488691
    12 1.807178 0.000000 -0.000004 0.000000 0.000000 -0.637045
    13 0.966141 0.000003 -0.000001 0.000000 0.000000 -0.497418
    14 -0.002205 0.006298 0.000417 3.133979 -0.003058 0.005338
    15 0.007872 0.003559 -0.000436 -3.124798 -0.001004 0.009074
    16 0.012690 -0.008244 0.010269 -3.131666 0.016691 0.012264
    17 3.571513 0.109304 0.409580 0.000000 0.000000 -0.427605
    18 2.150648 0.000002 -0.000003 0.000000 0.000000 -0.663223
    19 1.152746 -0.000003 0.000003 0.000000 0.000000 -0.523598
    20 0.000419 0.016150 0.002405 3.136320 -0.007304 -0.003105
    21 0.001816 -0.009672 -0.007393 3.139013 -0.008631 -0.008588
    22 -0.003752 -0.011593 -0.001195 3.133090 0.002976 0.014444
    23 3.684098 -0.158697 1.419183 0.000000 0.000000 -0.253072
    24 1.701014 0.000004 0.000004 0.000000 0.000000 -0.602138
    25 0.994714 -0.000002 -0.000008 0.000000 0.000000 -0.357792
    26 0.021160 0.011093 -0.004108 -3.137926 -0.002080 -0.001153
    27 -0.003428 0.010128 -0.008341 -3.140832 -0.004146 -0.019238
    28 0.004127 0.010881 0.000767 3.138806 -0.003164 -0.013821
    29 1.068074 -1.287202 0.981906 1.925949 -0.499323 -0.437818
    30 1.836308 -0.000001 0.000002 0.074245 -0.173006 -0.593150
    31 1.223949 -0.000002 0.000002 0.027395 -0.026912 -0.598150
    32 -0.012758 0.013269 0.005633 -3.132442 0.011957 -0.016684
    33 0.003252 0.002937 0.004907 3.134101 -0.012025 0.011384
    34 0.017597 0.001415 -0.271330 3.132743 -0.094250 -0.000348
    35 -0.034845 0.015532 -0.006371 -3.119476 -0.012752 0.011827
    36 6.868289 0.000003 0.000003 1.894370 0.030276 0.157882
    37 -6.002364 -0.460211 -0.868646 -0.695749 -0.131805 0.077518
    38 -6.002752 -0.459276 -0.867383 -0.699507 -0.131813 0.077097
    39 -10.921875 -4.957031 -11.492188 -1.570794 0.087264 -1.570796
    40 -0.000001 -0.000002 0.000004 -0.097643 -0.167473 0.194772
    41 10.907397 0.000000 -0.000001 -0.000346 -0.000019 -1.076529
    42 10.424307 0.000001 0.000016 -0.360190 -0.044241 0.069070
    43 2.997296 0.000062 1.477484 0.000000 0.104719 -1.038469
    44 1.510386 -0.000002 0.000000 0.000000 0.000000 -1.436894
    45 0.808652 0.000001 -0.000003 -0.087183 0.081589 -1.026206
    46 -0.010181 0.001544 -0.002427 3.133438 0.004938 -0.014530
    47 -0.007761 0.000776 -0.012938 -3.140949 0.009512 -0.002789
    48 -0.003515 0.022163 -0.007593 -3.131007 0.004989 -0.015563
    49 3.305811 0.201132 0.547463 0.097216 -0.050307 -0.854749
    50 1.807181 -0.000005 -0.000002 0.021596 -0.091814 -1.090932
    51 0.966146 0.000000 0.000000 0.000000 0.000000 -1.579521
    52 -0.004041 0.002991 -0.002260 -3.129316 0.007469 -0.002160
    53 -0.016014 -0.012525 -0.005755 -3.127586 -0.003209 -0.007102
    54 -0.010741 -0.015351 -0.005964 -3.141244 -0.014366 0.013993
    55 3.571526 0.110787 -0.409180 -0.010425 -0.147989 -0.662452
    56 2.150658 0.000000 0.000000 0.000000 0.000000 -1.605110
    57 1.152748 0.000002 -0.000001 0.000000 0.000000 -1.038469
    58 -0.009424 0.003368 0.009511 3.138994 -0.007577 -0.001092
    59 -0.009795 0.006993 0.001619 3.137400 -0.006826 0.001062
    60 -0.005070 0.017085 0.007624 3.135509 0.005211 0.001477
    61 3.684113 -0.153569 -1.419744 -0.121452 -0.242711 -0.455233
    62 1.701014 -0.000001 0.000000 0.000000 0.000000 -0.473560
    63 0.994705 -0.000004 0.000000 0.000000 0.000000 -0.436331
    64 0.015236 0.000657 -0.012633 3.136885 0.014164 0.000018
    65 -0.014324 -0.018461 0.000846 -3.134644 0.013210 0.007851
    66 -0.020566 0.000650 -0.004019 -3.126894 -0.002595 -0.013678
    67 1.068097 -1.283652 -0.986552 -2.026711 0.485855 -0.387180
    68 1.836308 -0.000002 0.000001 0.071731 -0.042788 -0.118793
    69 1.223948 0.000001 -0.000002 -0.030976 -0.071338 -0.420800
    70 -0.026768 0.000412 0.021024 -3.135050 0.011560 0.031832
    71 -0.030946 0.015453 0.007155 3.126687 -0.014474 -0.013279
    72 0.024326 0.034636 0.000721 -3.121606 0.015525 0.030344
    73 -0.046000 0.019587 0.021797 3.134639 0.020864 -0.001670
    74 6.694322 0.000002 0.000001 -0.770640 -0.155877 0.040390
    75 -6.579163 -0.452807 0.914976 1.390020 0.137634 0.072730
    76 -6.553783 -0.454803 0.900534 1.387994 0.108045 0.086436
  time 141
    0 -6.407363 -23.768551 -4.064668 0.919564 0.095189 2.512308
    1 7.820313 -3.039063 -8.804688 -1.082104 0.087263 -1.570797
    2 -0.000001 0.000002 0.000000 -0.021003 -0.098597 0.766856
    3 10.907404 0.000001 -0.000001 -0.000001 0.000012 -0.428155
    4 10.424325 -0.000011 -0.000033 2.468703 0.420364 -0.460671
    5 2.997275 0.005409 -1.477475 0.000000 0.000000 -0.471238
    6 1.510384 -0.000004 0.000000 0.000000 0.000000 -0.689404
    7 0.808659 -0.000001 0.000001 0.000000 0.000000 -0.654499
    8 -0.005463 0.010882 0.011922 -3.130701 -0.002586 -0.018476
    9 -0.001080 -0.005339 -0.002780 -3.138880 -0.004640 0.012721
    10 -0.019963 -0.004463 0.017139 3.137685 -0.000240 0.002472
    11 3.305800 0.203115 -0.546730 0.000000 0.000000 -0.488691
    12 1.807178 0.000000 -0.000004 0.000000 0.000000 -0.637045
    13 0.966141 0.000003 -0.000001 0.000000 0.000000 -0.497418
    14 -0.002205 0.006298 0.000417 3.133979 -0.003058 0.005338
    15 0.007872 0.003559 -0.000436 -3.124798 -0.001004 0.009074
    16 0.012690 -0.008244 0.010269 -3.131666 0.016691 0.012264
    17 3.571513 0.109304 0.409580 0.000000 0.000000 -0.427605
    18 2.150648 0.000002 -0.000003 0.000000 0.000000 -0.663223
    19 1.152746 -0.000003 0.000003 0.000000 0.000000 -0.523598
    20 0.000419 0.016150 0.002405 3.136320 -0.007304 -0.003105
    21 0.001816 -0.009672 -0.007393 3.139013 -0.008631 -0.008588
    22 -0.003752 -0.011593 -0.001195 3.133090 0.002976 0.014444
    23 3.684098 -0.158697 1.419183 0.000000 0.000000 -0.253072
    24 1.701014 0.000004 0.000004 0.000000 0.000000 -0.602138
    25 0.994714 -0.000002 -0.000008 0.000000 0.000000 -0.357792
    26 0.021160 0.011093 -0.004108 -3.137926 -0.002080 -0.001153
    27 -0.003428 0.010128 -0.008341 -3.140832 -0.004146 -0.019238
    28 0.004127 0.010881 0.000767 3.138806 -0.003164 -0.013821
    29 1.068074 -1.287202 0.981906 1.925949 -0.499323 -0.437818
    30 1.836308 -0.000001 0.000002 0.074245 -0.173006 -0.593150
    31 1.223949 -0.000002 0.000002 0.027395 -0.026912 -0.598150
    32 -0.012758 0.013269 0.005633 -3.132442 0.011957 -0.016684
    33 0.003252 0.002937 0.004907 3.134101 -0.012025 0.011384
    34 0.017597 0.001415 -0.271330 3.132743 -0.094250 -0.000348
    35 -0.034845 0.015532 -0.006371 -3.119476 -0.012752 0.011827
    36 6.868289 0.000003 0.000003 1.894370 0.030276 0.157882
    37 -6.002364 -0.460211 -0.868646 -0.695749 -0.131805 0.077518
    38 -6.002752 -0.459276 -0.867383 -0.699507 -0.131813 0.077097
    39 -10.921875 -4.957031 -11.492188 -1.570794 0.087264 -1.570796
    40 -0.000001 -0.000002 0.000004 -0.097674 -0.167473 0.195041
    41 10.907397 0.000000 -0.000001 -0.000346 -0.000019 -1.076704
    42 10.424307 0.000001 0.000016 -0.361536 -0.043082 0.080533
    43 2.997296 0.000062 1.477484 0.000000 0.104719 -1.038469
    44 1.510386 -0.000002 0.000000 0.000000 0.000000 -1.442263
    45 0.808652 0.000001 -0.000003 -0.087183 0.081589 -1.026206
    46 -0.010181 0.001544 -0.002427 3.133438 0.004938 -0.014530
    47 -0.007761 0.000776 -0.012938 -3.140949 0.009512 -0.002789
    48 -0.003515 0.022163 -0.007593 -3.131007 0.004989 -0.015563
    49 3.305811 0.201132 0.547463 0.097216 -0.050307 -0.854749
    50 1.807181 -0.000005 -0.000002 0.022088 -0.091682 -1.096276
    51 0.966146 0.000000 0.000000 0.000000 0.000000 -1.579521
    52 -0.004041 0.002991 -0.002260 -3.129316 0.007469 -0.002160
    53 -0.016014 -0.012525 -0.005755 -3.127586 -0.003209 -0.007102
    54 -0.010741 -0.015351 -0.005964 -3.141244 -0.014366 0.013993
    55 3.571526 0.110787 -0.409180 -0.010425 -0.147989 -0.662452
    56 2.150658 0.000000 0.000000 0.000000 0.000000 -1.608192
    57 1.152748 0.000002 -0.000001 0.000000 0.000000 -1.038469
    58 -0.009424 0.003368 0.009511 3.138994 -0.007577 -0.001092
    59 -0.009795 0.006993 0.001619 3.137400 -0.006826 0.001062
    60 -0.005070 0.017085 0.007624 3.135509 0.005211 0.001477
    61 3.684113 -0.153569 -1.419744 -0.120649 -0.243155 -0.458637
    62 1.701014 -0.000001 0.000000 0.000000 0.000000 -0.473560
    63 0.994705 -0.000004 0.000000 0.000000 0.000000 -0.436331
    64 0.015236 0.000657 -0.012633 3.136885 0.014164 0.000018
    65 -0.014324 -0.018461 0.000846 -3.134644 0.013210 0.007851
    66 -0.020566 0.000650 -0.004019 -3.126894 -0.002595 -0.013678
    67 1.068097 -1.283652 -0.986552 -2.025698 0.486778 -0.385011
    68 1.836308 -0.000002 0.000001 0.071731 -0.042788 -0.118793
    69 1.223948 0.000001 -0.000002 -0.030976 -0.071338 -0.420800
    70 -0.026768 0.000412 0.021024 -3.135050 0.011560 0.031832
    71 -0.030946 0.015453 0.007155 3.126687 -0.014474 -0.013279
    72 0.024326 0.034636 0.000721 -3.121606 0.015525 0.030344
    73 -0.046000 0.019587 0.021797 3.134639 0.020864 -0.001670
    74 6.694322 0.000002 0.000001 -0.770960 -0.155865 0.040450
    75 -6.579163 -0.452807 0.914976 1.390020 0.137634 0.072730
    76 -6.553783 -0.454803 0.900534 1.387994 0.108045 0.086436
  time 142
    0 -6.407363 -23.799802 -4.084200 0.910369 0.091478 2.515723
    1 7.820313 -3.039063 -8.804688 -1.082104 0.087263 -1.570797
    2 -0.000001 0.000002 0.000000 -0.021003 -0.098597 0.766856
    3 10.907404 0.000001 -0.000001 -0.000001 0.000012 -0.428155
    4 10.424325 -0.000011 -0.000033 2.468703 0.420364 -0.460671
    5 2.997275 0.005409 -1.477475 0.000000 0.000000 -0.471238
    6 1.510384 -0.000004 0.000000 0.000000 0.000000 -0.689404
    7 0.808659 -0.000001 0.000001 0.000000 0.000000 -0.654499
    8 -0.005463 0.010882 0.011922 -3.130701 -0.002586 -0.018476
    9 -0.001080 -0.005339 -0.002780 -3.138880 -0.004640 0.012721
    10 -0.019963 -0.004463 0.017139 3.137685 -0.000240 0.002472
    11 3.305800 0.203115 -0.546730 0.000000 0.000000 -0.488691
    12 1.807178 0.000000 -0.000004 0.000000 0.000000 -0.637045
    13 0.966141 0.000003 -0.000001 0.000000 0.000000 -0.497418
    14 -0.002205 0.006298 0.000417 3.133979 -0.003058 0.005338
    15 0.007872 0.003559 -0.000436 -3.124798 -0.001004 0.009074
    16 0.012690 -0.008244 0.010269 -3.131666 0.016691 0.012264
    17 3.571513 0.109304 0.409580 0.000000 0.000000 -0.427605
    18 2.150648 0.000002 -0.000003 0.000000 0.000000 -0.663223
    19 1.152746 -0.000003 0.000003 0.000000 0.000000 -0.523598
    20 0.000419 0.016150 0.002405 3.136320 -0.007304 -0.003105
    21 0.001816 -0.009672 -0.007393 3.139013 -0.008631 -0.008588
    22 -0.003752 -0.011593 -0.001195 3.133090 0.002976 0.014444
    23 3.684098 -0.158697 1.419183 0.000000 0.000000 -0.253072
    24 1.701014 0.000004 0.000004 0.000000 0.000000 -0.602138
    25 0.994714 -0.000002 -0.000008 0.000000 0.000000 -0.357792
    26 0.021160 0.011093 -0.004108 -3.137926 -0.002080 -0.001153
    27 -0.003428 0.010128 -0.008341 -3.140832 -0.004146 -0.019238
    28 0.004127 0.010881 0.000767 3.138806 -0.003164 -0.013821
    29 1.068074 -1.287202 0.981906 1.925949 -0.499323 -0.437818
    30 1.836308 -0.000001 0.000002 0.074245 -0.173006 -0.593150
    31 1.223949 -0.000002 0.000002 0.027395 -0.026912 -0.598150
    32 -0.012758 0.013269 0.005633 -3.132442 0.011957 -0.016684
    33 0.003252 0.002937 0.004907 3.134101 -0.012025 0.011384
    34 0.017597 0.001415 -0.271330 3.132743 -0.094250 -0.000348
    35 -0.034845 0.015532 -0.006371 -3.119476 -0.012752 0.011827
    36 6.868289 0.000003 0.000003 1.894370 0.030276 0.157882
    37 -6.002364 -0.460211 -0.868646 -0.695749 -0.131805 0.077518
    38 -6.002752 -0.459276 -0.867383 -0.699507 -0.131813 0.077097
    39 -10.921875 -4.957031 -11.492188 -1.570794 0.087264 -1.570796
    40 -0.000001 -0.000002 0.000004 -0.097674 -0.167473 0.195401
    41 10.907397 0.000000 -0.000001 -0.000346 -0.000019 -1.076914
    42 10.424307 0.000001 0.000016 -0.363031 -0.042072 0.089912
    43 2.997296 0.000062 1.477484 0.000000 0.104719 -1.038469
    44 1.510386 -0.000002 0.000000 0.000000 0.000000 -1.448015
    45 0.808652 0.000001 -0.000003 -0.087183 0.081589 -1.026206
    46 -0.010181 0.001544 -0.002427 3.133438 0.004938 -0.014530
    47 -0.007761 0.000776 -0.012938 -3.140949 0.009512 -0.002789
    48 -0.003515 0.022163 -0.007593 -3.131007 0.004989 -0.015563
    49 3.305811 0.201132 0.547463 0.097216 -0.050307 -0.854749
    50 1.807181 -0.000005 -0.000002 0.022615 -0.091550 -1.102077
    51 0.966146 0.000000 0.000000 0.000000 0.000000 -1.579521
    52 -0.004041 0.002991 -0.002260 -3.129316 0.007469 -0.002160
    53 -0.016014 -0.012525 -0.005755 -3.127586 -0.003209 -0.007102
    54 -0.010741 -0.015351 -0.005964 -3.141244 -0.014366 0.013993
    55 3.571526 0.110787 -0.409180 -0.010425 -0.147989 -0.662452
    56 2.150658 0.000000 0.000000 0.000000 0.000000 -1.611535
    57 1.152748 0.000002 -0.000001 0.000000 0.000000 -1.038469
    58 -0.009424 0.003368 0.009511 3.138994 -0.007577 -0.001092
    59 -0.009795 0.006993 0.001619 3.137400 -0.006826 0.001062
    60 -0.005070 0.017085 0.007624 3.135509 0.005211 0.001477
    61 3.684113 -0.153569 -1.419744 -0.119918 -0.243550 -0.461774
    62 1.701014 -0.000001 0.000000 0.000000 0.000000 -0.473560
    63 0.994705 -0.000004 0.000000 0.000000 0.000000 -0.436331
    64 0.015236 0.000657 -0.012633 3.136885 0.014164 0.000018
    65 -0.014324 -0.018461 0.000846 -3.134644 0.013210 0.007851
    66 -0.020566 0.000650 -0.004019 -3.126894 -0.002595 -0.013678
    67 1.068097 -1.283652 -0.986552 -2.024659 0.487701 -0.382830
    68 1.836308 -0.000002 0.000001 0.071731 -0.042788 -0.118793
    69 1.223948 0.000001 -0.000002 -0.030976 -0.071338 -0.420800
    70 -0.026768 0.000412 0.021024 -3.135050 0.011560 0.031832
    71 -0.030946 0.015453 0.007155 3.126687 -0.014474 -0.013279
    72 0.024326 0.034636 0.000721 -3.121606 0.015525 0.030344
    73 -0.046000 0.019587 0.021797 3.134639 0.020864 -0.001670
    74 6.694322 0.000002 0.000001 -0.771462 -0.155841 0.040522
    75 -6.579163 -0.452807 0.914976 1.390020 0.137634 0.072730
    76 -6.553783 -0.454803 0.900534 1.387994 0.108045 0.086436
  time 143
    0 -6.403457 -23.819334 -4.103731 0.903238 0.090012 2.519895
    1 7.820313 -3.039063 -8.804688 -1.082104 0.087263 -1.570797
    2 -0.000001 0.000002 0.000000 -0.021003 -0.098597 0.766856
    3 10.907404 0.000001 -0.000001 -0.000001 0.000012 -0.428155
    4 10.424325 -0.000011 -0.000033 2.468703 0.420364 -0.460671
    5 2.997275 0.005409 -1.477475 0.000000 0.000000 -0.471238
    6 1.510384 -0.000004 0.000000 0.000000 0.000000 -0.689404
    7 0.808659 -0.000001 0.000001 0.000000 0.000000 -0.654499
    8 -0.005463 0.010882 0.011922 -3.130701 -0.002586 -0.018476
    9 -0.001080 -0.005339 -0.002780 -3.138880 -0.004640 0.012721
    10 -0.019963 -0.004463 0.017139 3.137685 -0.000240 0.002472
    11 3.305800 0.203115 -0.546730 0.000000 0.000000 -0.488691
    12 1.807178 0.000000 -0.000004 0.000000 0.000000 -0.637045
    13 0.966141 0.000003 -0.000001 0.000000 0.000000 -0.497418
    14 -0.002205 0.006298 0.000417 3.133979 -0.003058 0.005338
    15 0.007872 0.003559 -0.000436 -3.124798 -0.001004 0.009074
    16 0.012690 -0.008244 0.010269 -3.131666 0.016691 0.012264
    17 3.571513 0.109304 0.409580 0.000000 0.000000 -0.427605
    18 2.150648 0.000002 -0.000003 0.000000 0.000000 -0.663223
    19 1.152746 -0.000003 0.000003 0.000000 0.000000 -0.523598
    20 0.000419 0.016150 0.002405 3.136320 -0.007304 -0.003105
    21 0.001816 -0.009672 -0.007393 3.139013 -0.008631 -0.008588
    22 -0.003752 -0.011593 -0.001195 3.133090 0.002976 0.014444
    23 3.684098 -0.158697 1.419183 0.000000 0.000000 -0.253072
    24 1.701014 0.000004 0.000004 0.000000 0.000000 -0.602138
    25 0.994714 -0.000002 -0.000008 0.000000 0.000000 -0.357792
    26 0.021160 0.011093 -0.004108 -3.137926 -0.002080 -0.001153
    27 -0.003428 0.010128 -0.008341 -3.140832 -0.004146 -0.019238
    28 0.004127 0.010881 0.000767 3.138806 -0.003164 -0.013821
    29 1.068074 -1.287202 0.981906 1.925949 -0.499323 -0.437818
    30 1.836308 -0.000001 0.000002 0.074245 -0.173006 -0.593150
    31 1.223949 -0.000002 0.000002 0.027395 -0.026912 -0.598150
    32 -0.012758 0.013269 0.005633 -3.132442 0.011957 -0.016684
    33 0.003252 0.002937 0.004907 3.134101 -0.012025 0.011384
    34 0.017597 0.001415 -0.271330 3.132743 -0.094250 -0.000348
    35 -0.034845 0.015532 -0.006371 -3.119476 -0.012752 0.011827
    36 6.868289 0.000003 0.000003 1.894370 0.030276 0.157882
    37 -6.002364 -0.460211 -0.868646 -0.695749 -0.131805 0.077518
    38 -6.002752 -0.459276 -0.867383 -0.699507 -0.131813 0.077097
    39 -10.921875 -4.957031 -11.492188 -1.570794 0.087264 -1.570796
    40 -0.000001 -0.000002 0.000004 -0.097706 -0.167473 0.195850
    41 10.907397 0.000000 -0.000001 -0.000346 -0.000019 -1.077194
    42 10.424307 0.000001 0.000016 -0.364227 -0.041399 0.096165
    43 2.997296 0.000062 1.477484 0.000000 0.104719 -1.038469
    44 1.510386 -0.000002 0.000000 0.000000 0.000000 -1.454056
    45 0.808652 0.000001 -0.000003 -0.087183 0.081589 -1.026206
    46 -0.010181 0.001544 -0.002427 3.133438 0.004938 -0.014530
    47 -0.007761 0.000776 -0.012938 -3.140949 0.009512 -0.002789
    48 -0.003515 0.022163 -0.007593 -3.131007 0.004989 -0.015563
    49 3.305811 0.201132 0.547463 0.097216 -0.050307 -0.854749
    50 1.807181 -0.000005 -0.000002 0.023166 -0.091406 -1.108125
    51 0.966146 0.000000 0.000000 0.000000 0.000000 -1.579521
    52 -0.004041 0.002991 -0.002260 -3.129316 0.007469 -0.002160
    53 -0.016014 -0.012525 -0.005755 -3.127586 -0.003209 -0.007102
    54 -0.010741 -0.015351 -0.005964 -3.141244 -0.014366 0.013993
    55 3.571526 0.110787 -0.409180 -0.010425 -0.147989 -0.662452
    56 2.150658 0.000000 0.000000 0.000000 0.000000 -1.615138
    57 1.152748 0.000002 -0.000001 0.000000 0.000000 -1.038469
    58 -0.009424 0.003368 0.009511 3.138994 -0.007577 -0.001092
    59 -0.009795 0.006993 0.001619 3.137400 -0.006826 0.001062
    60 -0.005070 0.017085 0.007624 3.135509 0.005211 0.001477
    61 3.684113 -0.153569 -1.419744 -0.119223 -0.243910 -0.464686
    62 1.701014 -0.000001 0.000000 0.000000 0.000000 -0.473560
    63 0.994705 -0.000004 0.000000 0.000000 0.000000 -0.436331
    64 0.015236 0.000657 -0.012633 3.136885 0.014164 0.000018
    65 -0.014324 -0.018461 0.000846 -3.134644 0.013210 0.007851
    66 -0.020566 0.000650 -0.004019 -3.126894 -0.002595 -0.013678
    67 1.068097 -1.283652 -0.986552 -2.023620 0.488623 -0.380637
    68 1.836308 -0.000002 0.000001 0.071731 -0.042788 -0.118793
    69 1.223948 0.000001 -0.000002 -0.030976 -0.071338 -0.420800
    70 -0.026768 0.000412 0.021024 -3.135050 0.011560 0.031832
    71 -0.030946 0.015453 0.007155 3.126687 -0.014474 -0.013279
    72 0.024326 0.034636 0.000721 -3.121606 0.015525 0.030344
    73 -0.046000 0.019587 0.021797 3.134639 0.020864 -0.001670
    74 6.694322 0.000002 0.000001 -0.771873 -0.155829 0.040582
    75 -6.579163 -0.452807 0.914976 1.390020 0.137634 0.072730
    76 -6.553783 -0.454803 0.900534 1.387994 0.108045 0.086436
  time 144
    0 -6.403457 -23.827146 -4.111544 0.898828 0.091662 2.525396
    1 7.820313 -3.039063 -8.804688 -1.082104 0.087263 -1.570797
    2 -0.000001 0.000002 0.000000 -0.021003 -0.098597 0.766856
    3 10.907404 0.000001 -0.000001 -0.000001 0.000012 -0.428155
    4 10.424325 -0.000011 -0.000033 2.468703 0.420364 -0.460671
    5 2.997275 0.005409 -1.477475 0.000000 0.000000 -0.471238
    6 1.510384 -0.000004 0.000000 0.000000 0.000000 -0.689404
    7 0.808659 -0.000001 0.000001 0.000000 0.000000 -0.654499
    8 -0.005463 0.010882 0.011922 -3.130701 -0.002586 -0.018476
    9 -0.001080 -0.005339 -0.002780 -3.138880 -0.004640 0.012721
    10 -0.019963 -0.004463 0.017139 3.137685 -0.000240 0.002472
    11 3.305800 0.203115 -0.546730 0.000000 0.000000 -0.488691
    12 1.807178 0.000000 -0.000004 0.000000 0.000000 -0.637045
    13 0.966141 0.000003 -0.000001 0.000000 0.000000 -0.497418
    14 -0.002205 0.006298 0.000417 3.133979 -0.003058 0.005338
    15 0.007872 0.003559 -0.000436 -3.124798 -0.001004 0.009074
    16 0.012690 -0.008244 0.010269 -3.131666 0.016691 0.012264
    17 3.571513 0.109304 0.409580 0.000000 0.000000 -0.427605
    18 2.150648 0.000002 -0.000003 0.000000 0.000000 -0.663223
    19 1.152746 -0.000003 0.000003 0.000000 0.000000 -0.523598
    20 0.000419 0.016150 0.002405 3.136320 -0.007304 -0.003105
    21 0.001816 -0.009672 -0.007393 3.139013 -0.008631 -0.008588
    22 -0.003752 -0.011593 -0.001195 3.133090 0.002976 0.014444
    23 3.684098 -0.158697 1.419183 0.000000 0.000000 -0.253072
    24 1.701014 0.000004 0.000004 0.000000 0.000000 -0.602138
    25 0.994714 -0.000002 -0.000008 0.000000 0.000000 -0.357792
    26 0.021160 0.011093 -0.004108 -3.137926 -0.002080 -0.001153
    27 -0.003428 0.010128 -0.008341 -3.140832 -0.004146 -0.019238
    28 0.004127 0.010881 0.000767 3.138806 -0.003164 -0.013821
    29 1.068074 -1.287202 0.981906 1.925949 -0.499323 -0.437818
    30 1.836308 -0.000001 0.000002 0.074245 -0.173006 -0.593150
    31 1.223949 -0.000002 0.000002 0.027395 -0.026912 -0.598150
    32 -0.012758 0.013269 0.005633 -3.132442 0.011957 -0.016684
    33 0.003252 0.002937 0.004907 3.134101 -0.012025 0.011384
    34 0.017597 0.001415 -0.271330 3.132743 -0.094250 -0.000348
    35 -0.034845 0.015532 -0.006371 -3.119476 -0.012752 0.011827
    36 6.868289 0.000003 0.000003 1.894370 0.030276 0.157882
    37 -6.002364 -0.460211 -0.868646 -0.695749 -0.131805 0.077518
    38 -6.002752 -0.459276 -0.867383 -0.699507 -0.131813 0.077097
    39 -10.921875 -4.957031 -11.492188 -1.570794 0.087264 -1.570796
    40 -0.000001 -0.000002 0.000004 -0.097738 -0.167473 0.196390
    41 10.907397 0.000000 -0.000001 -0.000346 -0.000019 -1.077509
    42 10.424307 0.000001 0.000016 -0.364825 -0.041137 0.098336
    43 2.997296 0.000062 1.477484 0.000000 0.104719 -1.038469
    44 1.510386 -0.000002 0.000000 0.000000 0.000000 -1.460160
    45 0.808652 0.000001 -0.000003 -0.087183 0.081589 -1.026206
    46 -0.010181 0.001544 -0.002427 3.133438 0.004938 -0.014530
    47 -0.007761 0.000776 -0.012938 -3.140949 0.009512 -0.002789
    48 -0.003515 0.022163 -0.007593 -3.131007 0.004989 -0.015563
    49 3.305811 0.201132 0.547463 0.097216 -0.050307 -0.854749
    50 1.807181 -0.000005 -0.000002 0.023730 -0.091263 -1.114277
    51 0.966146 0.000000 0.000000 0.000000 0.000000 -1.579521
    52 -0.004041 0.002991 -0.002260 -3.129316 0.007469 -0.002160
    53 -0.016014 -0.012525 -0.005755 -3.127586 -0.003209 -0.007102
    54 -0.010741 -0.015351 -0.005964 -3.141244 -0.014366 0.013993
    55 3.571526 0.110787 -0.409180 -0.010425 -0.147989 -0.662452
    56 2.150658 0.000000 0.000000 0.000000 0.000000 -1.618871
    57 1.152748 0.000002 -0.000001 0.000000 0.000000 -1.038469
    58 -0.009424 0.003368 0.009511 3.138994 -0.007577 -0.001092
    59 -0.009795 0.006993 0.001619 3.137400 -0.006826 0.001062
    60 -0.005070 0.017085 0.007624 3.135509 0.005211 0.001477
    61 3.684113 -0.153569 -1.419744 -0.118576 -0.244221 -0.467393
    62 1.701014 -0.000001 0.000000 0.000000 0.000000 -0.473560
    63 0.994705 -0.000004 0.000000 0.000000 0.000000 -0.436331
    64 0.015236 0.000657 -0.012633 3.136885 0.014164 0.000018
    65 -0.014324 -0.018461 0.000846 -3.134644 0.013210 0.007851
    66 -0.020566 0.000650 -0.004019 -3.126894 -0.002595 -0.013678
    67 1.068097 -1.283652 -0.986552 -2.022580 0.489546 -0.378444
    68 1.836308 -0.000002 0.000001 0.071731 -0.042788 -0.118793
    69 1.223948 0.000001 -0.000002 -0.030976 -0.071338 -0.420800
    70 -0.026768 0.000412 0.021024 -3.135050 0.011560 0.031832
    71 -0.030946 0.015453 0.007155 3.126687 -0.014474 -0.013279
    72 0.024326 0.034636 0.000721 -3.121606 0.015525 0.030344
    73 -0.046000 0.019587 0.021797 3.134639 0.020864 -0.001670
    74 6.694322 0.000002 0.000001 -0.772102 -0.155817 0.040618
    75 -6.579163 -0.452807 0.914976 1.390020 0.137634 0.072730
    76 -6.553783 -0.454803 0.900534 1.387994 0.108045 0.086436
  time 145
    0 -6.403457 -23.827146 -4.123263 0.896201 0.095418 2.531560
    1 7.820313 -3.039063 -8.804688 -1.082104 0.087263 -1.570797
    2 -0.000001 0.000002 0.000000 -0.021003 -0.098597 0.766856
    3 10.907404 0.000001 -0.000001 -0.000001 0.000012 -0.428155
    4 10.424325 -0.000011 -0.000033 2.468703 0.420364 -0.460671
    5 2.997275 0.005409 -1.477475 0.000000 0.000000 -0.471238
    6 1.510384 -0.000004 0.000000 0.000000 0.000000 -0.689404
    7 0.808659 -0.000001 0.000001 0.000000 0.000000 -0.654499
    8 -0.005463 0.010882 0.011922 -3.130701 -0.002586 -0.018476
    9 -0.001080 -0.005339 -0.002780 -3.138880 -0.004640 0.012721
    10 -0.019963 -0.004463 0.017139 3.137685 -0.000240 0.002472
    11 3.305800 0.203115 -0.546730 0.000000 0.000000 -0.488691
    12 1.807178 0.000000 -0.000004 0.000000 0.000000 -0.637045
    13 0.966141 0.000003 -0.000001 0.000000 0.000000 -0.497418
    14 -0.002205 0.006298 0.000417 3.133979 -0.003058 0.005338
    15 0.007872 0.003559 -0.000436 -3.124798 -0.001004 0.009074
    16 0.012690 -0.008244 0.010269 -3.131666 0.016691 0.012264
    17 3.571513 0.109304 0.409580 0.000000 0.000000 -0.427605
    18 2.150648 0.000002 -0.000003 0.000000 0.000000 -0.663223
    19 1.152746 -0.000003 0.000003 0.000000 0.000000 -0.523598
    20 0.000419 0.016150 0.002405 3.136320 -0.007304 -0.003105
    21 0.001816 -0.009672 -0.007393 3.139013 -0.008631 -0.008588
    22 -0.003752 -0.011593 -0.001195 3.133090 0.002976 0.014444
    23 3.684098 -0.158697 1.419183 0.000000 0.000000 -0.253072
    24 1.701014 0.000004 0.000004 0.000000 0.000000 -0.602138
    25 0.994714 -0.000002 -0.000008 0.000000 0.000000 -0.357792
    26 0.021160 0.011093 -0.004108 -3.137926 -0.002080 -0.001153
    27 -0.003428 0.010128 -0.008341 -3.140832 -0.004146 -0.019238
    28 0.004127 0.010881 0.000767 3.138806 -0.003164 -0.013821
    29 1.068074 -1.287202 0.981906 1.925949 -0.499323 -0.437818
    30 1.836308 -0.000001 0.000002 0.074245 -0.173006 -0.593150
    31 1.223949 -0.000002 0.000002 0.027395 -0.026912 -0.598150
    32 -0.012758 0.013269 0.005633 -3.132442 0.011957 -0.016684
    33 0.003252 0.002937 0.004907 3.134101 -0.012025 0.011384
    34 0.017597 0.001415 -0.271330 3.132743 -0.094250 -0.000348
    35 -0.034845 0.015532 -0.006371 -3.119476 -0.012752 0.011827
    36 6.868289 0.000003 0.000003 1.894370 0.030276 0.157882
    37 -6.002364 -0.460211 -0.868646 -0.695749 -0.131805 0.077518
    38 -6.002752 -0.459276 -0.867383 -0.699507 -0.131813 0.077097
    39 -10.921875 -4.957031 -11.492188 -1.570794 0.087264 -1.570796
    40 -0.000001 -0.000002 0.000004 -0.097802 -0.167473 0.197109
    41 10.907397 0.000000 -0.000001 -0.000346 -0.000019 -1.077929
    42 10.424307 0.000001 0.000016 -0.364825 -0.041212 0.097728
    43 2.997296 0.000062 1.477484 0.000000 0.104719 -1.038469
    44 1.510386 -0.000002 0.000000 0.000000 0.000000 -1.466200
    45 0.808652 0.000001 -0.000003 -0.087183 0.081589 -1.026206
    46 -0.010181 0.001544 -0.002427 3.133438 0.004938 -0.014530
    47 -0.007761 0.000776 -0.012938 -3.140949 0.009512 -0.002789
    48 -0.003515 0.022163 -0.007593 -3.131007 0.004989 -0.015563
    49 3.305811 0.201132 0.547463 0.097216 -0.050307 -0.854749
    50 1.807181 -0.000005 -0.000002 0.024281 -0.091119 -1.120325
    51 0.966146 0.000000 0.000000 0.000000 0.000000 -1.579521
    52 -0.004041 0.002991 -0.002260 -3.129316 0.007469 -0.002160
    53 -0.016014 -0.012525 -0.005755 -3.127586 -0.003209 -0.007102
    54 -0.010741 -0.015351 -0.005964 -3.141244 -0.014366 0.013993
    55 3.571526 0.110787 -0.409180 -0.010425 -0.147989 -0.662452
    56 2.150658 0.000000 0.000000 0.000000 0.000000 -1.622648
    57 1.152748 0.000002 -0.000001 0.000000 0.000000 -1.038469
    58 -0.009424 0.003368 0.009511 3.138994 -0.007577 -0.001092
    59 -0.009795 0.006993 0.001619 3.137400 -0.006826 0.001062
    60 -0.005070 0.017085 0.007624 3.135509 0.005211 0.001477
    61 3.684113 -0.153569 -1.419744 -0.117952 -0.244509 -0.469935
    62 1.701014 -0.000001 0.000000 0.000000 0.000000 -0.473560
    63 0.994705 -0.000004 0.000000 0.000000 0.000000 -0.436331
    64 0.015236 0.000657 -0.012633 3.136885 0.014164 0.000018
    65 -0.014324 -0.018461 0.000846 -3.134644 0.013210 0.007851
    66 -0.020566 0.000650 -0.004019 -3.126894 -0.002595 -0.013678
    67 1.068097 -1.283652 -0.986552 -2.021541 0.490481 -0.376238
    68 1.836308 -0.000002 0.000001 0.071731 -0.042788 -0.118793
    69 1.223948 0.000001 -0.000002 -0.030976 -0.071338 -0.420800
    70 -0.026768 0.000412 0.021024 -3.135050 0.011560 0.031832
    71 -0.030946 0.015453 0.007155 3.126687 -0.014474 -0.013279
    72 0.024326 0.034636 0.000721 -3.121606 0.015525 0.030344
    73 -0.046000 0.019587 0.021797 3.134639 0.020864 -0.001670
    74 6.694322 0.000002 0.000001 -0.772102 -0.155817 0.040618
    75 -6.579163 -0.452807 0.914976 1.390020 0.137634 0.072730
    76 -6.553783 -0.454803 0.900534 1.387994 0.108045 0.086436
  time 146
    0 -6.403457 -23.823240 -4.131076 0.894324 0.099587 2.538009
    1 7.820313 -3.039063 -8.804688 -1.082104 0.087263 -1.570797
    2 -0.000001 0.000002 0.000000 -0.021003 -0.098597 0.766856
    3 10.907404 0.000001 -0.000001 -0.000001 0.000012 -0.428155
    4 10.424325 -0.000011 -0.000033 2.468703 0.420364 -0.460671
    5 2.997275 0.005409 -1.477475 0.000000 0.000000 -0.471238
    6 1.510384 -0.000004 0.000000 0.000000 0.000000 -0.689404
    7 0.808659 -0.000001 0.000001 0.000000 0.000000 -0.654499
    8 -0.005463 0.010882 0.011922 -3.130701 -0.002586 -0.018476
    9 -0.001080 -0.005339 -0.002780 -3.138880 -0.004640 0.012721
    10 -0.019963 -0.004463 0.017139 3.137685 -0.000240 0.002472
    11 3.305800 0.203115 -0.546730 0.000000 0.000000 -0.488691
    12 1.807178 0.000000 -0.000004 0.000000 0.000000 -0.637045
    13 0.966141 0.000003 -0.000001 0.000000 0.000000 -0.497418
    14 -0.002205 0.006298 0.000417 3.133979 -0.003058 0.005338
    15 0.007872 0.003559 -0.000436 -3.124798 -0.001004 0.009074
    16 0.012690 -0.008244 0.010269 -3.131666 0.016691 0.012264
    17 3.571513 0.109304 0.409580 0.000000 0.000000 -0.427605
    18 2.150648 0.000002 -0.000003 0.000000 0.000000 -0.663223
    19 1.152746 -0.000003 0.000003 0.000000 0.000000 -0.523598
    20 0.000419 0.016150 0.002405 3.136320 -0.007304 -0.003105
    21 0.001816 -0.009672 -0.007393 3.139013 -0.008631 -0.008588
    22 -0.003752 -0.011593 -0.001195 3.133090 0.002976 0.014444
    23 3.684098 -0.158697 1.419183 0.000000 0.000000 -0.253072
    24 1.701014 0.000004 0.000004 0.000000 0.000000 -0.602138
    25 0.994714 -0.000002 -0.000008 0.000000 0.000000 -0.357792
    26 0.021160 0.011093 -0.004108 -3.137926 -0.002080 -0.001153
    27 -0.003428 0.010128 -0.008341 -3.140832 -0.004146 -0.019238
    28 0.004127 0.010881 0.000767 3.138806 -0.003164 -0.013821
    29 1.068074 -1.287202 0.981906 1.925949 -0.499323 -0.437818
    30 1.836308 -0.000001 0.000002 0.074245 -0.173006 -0.593150
    31 1.223949 -0.000002 0.000002 0.027395 -0.026912 -0.598150
    32 -0.012758 0.013269 0.005633 -3.132442 0.011957 -0.016684
    33 0.003252 0.002937 0.004907 3.134101 -0.012025 0.011384
    34 0.017597 0.001415 -0.271330 3.132743 -0.094250 -0.000348
    35 -0.034845 0.015532 -0.006371 -3.119476 -0.012752 0.011827
    36 6.868289 0.000003 0.000003 1.894370 0.030276 0.157882
    37 -6.002364 -0.460211 -0.868646 -0.695749 -0.131805 0.077518
    38 -6.002752 -0.459276 -0.867383 -0.699507 -0.131813 0.077097
    39 -10.921875 -4.957031 -11.492188 -1.570794 0.087264 -1.570796
    40 -0.000001 -0.000002 0.000004 -0.097866 -0.167473 0.198008
    41 10.907397 0.000000 -0.000001 -0.000346 -0.000019 -1.078420
    42 10.424307 0.000001 0.000016 -0.364750 -0.041324 0.096425
    43 2.997296 0.000062 1.477484 0.000000 0.104719 -1.038469
    44 1.510386 -0.000002 0.000000 0.000000 0.000000 -1.471985
    45 0.808652 0.000001 -0.000003 -0.087183 0.081589 -1.026206
    46 -0.010181 0.001544 -0.002427 3.133438 0.004938 -0.014530
    47 -0.007761 0.000776 -0.012938 -3.140949 0.009512 -0.002789
    48 -0.003515 0.022163 -0.007593 -3.131007 0.004989 -0.015563
    49 3.305811 0.201132 0.547463 0.097216 -0.050307 -0.854749
    50 1.807181 -0.000005 -0.000002 0.024808 -0.090975 -1.126126
    51 0.966146 0.000000 0.000000 0.000000 0.000000 -1.579521
    52 -0.004041 0.002991 -0.002260 -3.129316 0.007469 -0.002160
    53 -0.016014 -0.012525 -0.005755 -3.127586 -0.003209 -0.007102
    54 -0.010741 -0.015351 -0.005964 -3.141244 -0.014366 0.013993
    55 3.571526 0.110787 -0.409180 -0.010425 -0.147989 -0.662452
    56 2.150658 0.000000 0.000000 0.000000 0.000000 -1.626381
    57 1.152748 0.000002 -0.000001 0.000000 0.000000 -1.038469
    58 -0.009424 0.003368 0.009511 3.138994 -0.007577 -0.001092
    59 -0.009795 0.006993 0.001619 3.137400 -0.006826 0.001062
    60 -0.005070 0.017085 0.007624 3.135509 0.005211 0.001477
    61 3.684113 -0.153569 -1.419744 -0.117365 -0.244773 -0.472314
    62 1.701014 -0.000001 0.000000 0.000000 0.000000 -0.473560
    63 0.994705 -0.000004 0.000000 0.000000 0.000000 -0.436331
    64 0.015236 0.000657 -0.012633 3.136885 0.014164 0.000018
    65 -0.014324 -0.018461 0.000846 -3.134644 0.013210 0.007851
    66 -0.020566 0.000650 -0.004019 -3.126894 -0.002595 -0.013678
    67 1.068097 -1.283652 -0.986552 -2.020502 0.491404 -0.374057
    68 1.836308 -0.000002 0.000001 0.071731 -0.042788 -0.118793
    69 1.223948 0.000001 -0.000002 -0.030976 -0.071338 -0.420800
    70 -0.026768 0.000412 0.021024 -3.135050 0.011560 0.031832
    71 -0.030946 0.015453 0.007155 3.126687 -0.014474 -0.013279
    72 0.024326 0.034636 0.000721 -3.121606 0.015525 0.030344
    73 -0.046000 0.019587 0.021797 3.134639 0.020864 -0.001670
    74 6.694322 0.000002 0.000001 -0.772102 -0.155817 0.040630
    75 -6.579163 -0.452807 0.914976 1.390020 0.137634 0.072730
    76 -6.553783 -0.454803 0.900534 1.387994 0.108045 0.086436
  time 147
    0 -6.403457 -23.819334 -4.142795 0.893198 0.104168 2.544458
    1 7.820313 -3.039063 -8.804688 -1.082104 0.087263 -1.570797
    2 -0.000001 0.000002 0.000000 -0.021003 -0.098597 0.766856
    3 10.907404 0.000001 -0.000001 -0.000001 0.000012 -0.428155
    4 10.424325 -0.000011 -0.000033 2.468703 0.420364 -0.460671
    5 2.997275 0.005409 -1.477475 0.000000 0.000000 -0.471238
    6 1.510384 -0.000004 0.000000 0.000000 0.000000 -0.689404
    7 0.808659 -0.000001 0.000001 0.000000 0.000000 -0.654499
    8 -0.005463 0.010882 0.011922 -3.130701 -0.002586 -0.018476
    9 -0.001080 -0.005339 -0.002780 -3.138880 -0.004640 0.012721
    10 -0.019963 -0.004463 0.017139 3.137685 -0.000240 0.002472
    11 3.305800 0.203115 -0.546730 0.000000 0.000000 -0.488691
    12 1.807178 0.000000 -0.000004 0.000000 0.000000 -0.637045
    13 0.966141 0.000003 -0.000001 0.000000 0.000000 -0.497418
    14 -0.002205 0.006298 0.000417 3.133979 -0.003058 0.005338
    15 0.007872 0.003559 -0.000436 -3.124798 -0.001004 0.009074
    16 0.012690 -0.008244 0.010269 -3.131666 0.016691 0.012264
    17 3.571513 0.109304 0.409580 0.000000 0.000000 -0.427605
    18 2.150648 0.000002 -0.000003 0.000000 0.000000 -0.663223
    19 1.152746 -0.000003 0.000003 0.000000 0.000000 -0.523598
    20 0.000419 0.016150 0.002405 3.136320 -0.007304 -0.003105
    21 0.001816 -0.009672 -0.007393 3.139013 -0.008631 -0.008588
    22 -0.003752 -0.011593 -0.001195 3.133090 0.002976 0.014444
    23 3.684098 -0.158697 1.419183 0.000000 0.000000 -0.253072
    24 1.701014 0.000004 0.000004 0.000000 0.000000 -0.602138
    25 0.994714 -0.000002 -0.000008 0.000000 0.000000 -0.357792
    26 0.021160 0.011093 -0.004108 -3.137926 -0.002080 -0.001153
    27 -0.003428 0.010128 -0.008341 -3.140832 -0.004146 -0.019238
    28 0.004127 0.010881 0.000767 3.138806 -0.003164 -0.013821
    29 1.068074 -1.287202 0.981906 1.925949 -0.499323 -0.437818
    30 1.836308 -0.000001 0.000002 0.074245 -0.173006 -0.593150
    31 1.223949 -0.000002 0.000002 0.027395 -0.026912 -0.598150
    32 -0.012758 0.013269 0.005633 -3.132442 0.011957 -0.016684
    33 0.003252 0.002937 0.004907 3.134101 -0.012025 0.011384
    34 0.017597 0.001415 -0.271330 3.132743 -0.094250 -0.000348
    35 -0.034845 0.015532 -0.006371 -3.119476 -0.012752 0.011827
    36 6.868289 0.000003 0.000003 1.894370 0.030276 0.157882
    37 -6.002364 -0.460211 -0.868646 -0.695749 -0.131805 0.077518
    38 -6.002752 -0.459276 -0.867383 -0.699507 -0.131813 0.077097
    39 -10.921875 -4.957031 -11.492188 -1.570794 0.087264 -1.570796
    40 -0.000001 -0.000002 0.000004 -0.097929 -0.167473 0.198997
    41 10.907397 0.000000 -0.000001 -0.000346 -0.000019 -1.078980
    42 10.424307 0.000001 0.000016 -0.364675 -0.041474 0.094515
    43 2.997296 0.000062 1.477484 0.000000 0.104719 -1.038469
    44 1.510386 -0.000002 0.000000 0.000000 0.000000 -1.477322
    45 0.808652 0.000001 -0.000003 -0.087183 0.081589 -1.026206
    46 -0.010181 0.001544 -0.002427 3.133438 0.004938 -0.014530
    47 -0.007761 0.000776 -0.012938 -3.140949 0.009512 -0.002789
    48 -0.003515 0.022163 -0.007593 -3.131007 0.004989 -0.015563
    49 3.305811 0.201132 0.547463 0.097216 -0.050307 -0.854749
    50 1.807181 -0.000005 -0.000002 0.025300 -0.090843 -1.131505
    51 0.966146 0.000000 0.000000 0.000000 0.000000 -1.579521
    52 -0.004041 0.002991 -0.002260 -3.129316 0.007469 -0.002160
    53 -0.016014 -0.012525 -0.005755 -3.127586 -0.003209 -0.007102
    54 -0.010741 -0.015351 -0.005964 -3.141244 -0.014366 0.013993
    55 3.571526 0.110787 -0.409180 -0.010425 -0.147989 -0.662452
    56 2.150658 0.000000 0.000000 0.000000 0.000000 -1.629984
    57 1.152748 0.000002 -0.000001 0.000000 0.000000 -1.038469
    58 -0.009424 0.003368 0.009511 3.138994 -0.007577 -0.001092
    59 -0.009795 0.006993 0.001619 3.137400 -0.006826 0.001062
    60 -0.005070 0.017085 0.007624 3.135509 0.005211 0.001477
    61 3.684113 -0.153569 -1.419744 -0.116814 -0.245012 -0.474570
    62 1.701014 -0.000001 0.000000 0.000000 0.000000 -0.473560
    63 0.994705 -0.000004 0.000000 0.000000 0.000000 -0.436331
    64 0.015236 0.000657 -0.012633 3.136885 0.014164 0.000018
    65 -0.014324 -0.018461 0.000846 -3.134644 0.013210 0.007851
    66 -0.020566 0.000650 -0.004019 -3.126894 -0.002595 -0.013678
    67 1.068097 -1.283652 -0.986552 -2.019476 0.492315 -0.371888
    68 1.836308 -0.000002 0.000001 0.071731 -0.042788 -0.118793
    69 1.223948 0.000001 -0.000002 -0.030976 -0.071338 -0.420800
    70 -0.026768 0.000412 0.021024 -3.135050 0.011560 0.031832
    71 -0.030946 0.015453 0.007155 3.126687 -0.014474 -0.013279
    72 0.024326 0.034636 0.000721 -3.121606 0.015525 0.030344
    73 -0.046000 0.019587 0.021797 3.134639 0.020864 -0.001670
    74 6.694322 0.000002 0.000001 -0.772147 -0.155817 0.040630
    75 -6.579163 -0.452807 0.914976 1.390020 0.137634 0.072730
    76 -6.553783 -0.454803 0.900534 1.387994 0.108045 0.086436
  time 148
    0 -6.403457 -23.811521 -4.154514 0.892823 0.109069 2.550907
    1 7.820313 -3.039063 -8.804688 -1.082104 0.087263 -1.570797
    2 -0.000001 0.000002 0.000000 -0.021003 -0.098597 0.766856
    3 10.907404 0.000001 -0.000001 -0.000001 0.000012 -0.428155
    4 10.424325 -0.000011 -0.000033 2.468703 0.420364 -0.460671
    5 2.997275 0.005409 -1.477475 0.000000 0.000000 -0.471238
    6 1.510384 -0.000004 0.000000 0.000000 0.000000 -0.689404
    7 0.808659 -0.000001 0.000001 0.000000 0.000000 -0.654499
    8 -0.005463 0.010882 0.011922 -3.130701 -0.002586 -0.018476
    9 -0.001080 -0.005339 -0.002780 -3.138880 -0.004640 0.012721
    10 -0.019963 -0.004463 0.017139 3.137685 -0.000240 0.002472
    11 3.305800 0.203115 -0.546730 0.000000 0.000000 -0.488691
    12 1.807178 0.000000 -0.000004 0.000000 0.000000 -0.637045
    13 0.966141 0.000003 -0.000001 0.000000 0.000000 -0.497418
    14 -0.002205 0.006298 0.000417 3.133979 -0.003058 0.005338
    15 0.007872 0.003559 -0.000436 -3.124798 -0.001004 0.009074
    16 0.012690 -0.008244 0.010269 -3.131666 0.016691 0.012264
    17 3.571513 0.109304 0.409580 0.000000 0.000000 -0.427605
    18 2.150648 0.000002 -0.000003 0.000000 0.000000 -0.663223
    19 1.152746 -0.000003 0.000003 0.000000 0.000000 -0.523598
    20 0.000419 0.016150 0.002405 3.136320 -0.007304 -0.003105
    21 0.001816 -0.009672 -0.007393 3.139013 -0.008631 -0.008588
    22 -0.003752 -0.011593 -0.001195 3.133090 0.002976 0.014444
    23 3.684098 -0.158697 1.419183 0.000000 0.000000 -0.253072
    24 1.701014 0.000004 0.000004 0.000000 0.000000 -0.602138
    25 0.994714 -0.000002 -0.000008 0.000000 0.000000 -0.357792
    26 0.021160 0.011093 -0.004108 -3.137926 -0.002080 -0.001153
    27 -0.003428 0.010128 -0.008341 -3.140832 -0.004146 -0.019238
    28 0.004127 0.010881 0.000767 3.138806 -0.003164 -0.013821
    29 1.068074 -1.287202 0.981906 1.925949 -0.499323 -0.437818
    30 1.836308 -0.000001 0.000002 0.074245 -0.173006 -0.593150
    31 1.223949 -0.000002 0.000002 0.027395 -0.026912 -0.598150
    32 -0.012758 0.013269 0.005633 -3.132442 0.011957 -0.016684
    33 0.003252 0.002937 0.004907 3.134101 -0.012025 0.011384
    34 0.017597 0.001415 -0.271330 3.132743 -0.094250 -0.000348
    35 -0.034845 0.015532 -0.006371 -3.119476 -0.012752 0.011827
    36 6.868289 0.000003 0.000003 1.894370 0.030276 0.157882
    37 -6.002364 -0.460211 -0.868646 -0.695749 -0.131805 0.077518
    38 -6.002752 -0.459276 -0.867383 -0.699507 -0.131813 0.077097
    39 -10.921875 -4.957031 -11.492188 -1.570794 0.087264 -1.570796
    40 -0.000001 -0.000002 0.000004 -0.097993 -0.167473 0.200076
    41 10.907397 0.000000 -0.000001 -0.000346 -0.000019 -1.079645
    42 10.424307 0.000001 0.000016 -0.364526 -0.041698 0.092170
    43 2.997296 0.000062 1.477484 0.000000 0.104719 -1.038469
    44 1.510386 -0.000002 0.000000 0.000000 0.000000 -1.482084
    45 0.808652 0.000001 -0.000003 -0.087183 0.081589 -1.026206
    46 -0.010181 0.001544 -0.002427 3.133438 0.004938 -0.014530
    47 -0.007761 0.000776 -0.012938 -3.140949 0.009512 -0.002789
    48 -0.003515 0.022163 -0.007593 -3.131007 0.004989 -0.015563
    49 3.305811 0.201132 0.547463 0.097216 -0.050307 -0.854749
    50 1.807181 -0.000005 -0.000002 0.025731 -0.090735 -1.136287
    51 0.966146 0.000000 0.000000 0.000000 0.000000 -1.579521
    52 -0.004041 0.002991 -0.002260 -3.129316 0.007469 -0.002160
    53 -0.016014 -0.012525 -0.005755 -3.127586 -0.003209 -0.007102
    54 -0.010741 -0.015351 -0.005964 -3.141244 -0.014366 0.013993
    55 3.571526 0.110787 -0.409180 -0.010425 -0.147989 -0.662452
    56 2.150658 0.000000 0.000000 0.000000 0.000000 -1.633457
    57 1.152748 0.000002 -0.000001 0.000000 0.000000 -1.038469
    58 -0.009424 0.003368 0.009511 3.138994 -0.007577 -0.001092
    59 -0.009795 0.006993 0.001619 3.137400 -0.006826 0.001062
    60 -0.005070 0.017085 0.007624 3.135509 0.005211 0.001477
    61 3.684113 -0.153569 -1.419744 -0.116275 -0.245228 -0.476723
    62 1.701014 -0.000001 0.000000 0.000000 0.000000 -0.473560
    63 0.994705 -0.000004 0.000000 0.000000 0.000000 -0.436331
    64 0.015236 0.000657 -0.012633 3.136885 0.014164 0.000018
    65 -0.014324 -0.018461 0.000846 -3.134644 0.013210 0.007851
    66 -0.020566 0.000650 -0.004019 -3.126894 -0.002595 -0.013678
    67 1.068097 -1.283652 -0.986552 -2.018450 0.493214 -0.369755
    68 1.836308 -0.000002 0.000001 0.071731 -0.042788 -0.118793
    69 1.223948 0.000001 -0.000002 -0.030976 -0.071338 -0.420800
    70 -0.026768 0.000412 0.021024 -3.135050 0.011560 0.031832
    71 -0.030946 0.015453 0.007155 3.126687 -0.014474 -0.013279
    72 0.024326 0.034636 0.000721 -3.121606 0.015525 0.030344
    73 -0.046000 0.019587 0.021797 3.134639 0.020864 -0.001670
    74 6.694322 0.000002 0.000001 -0.772147 -0.155817 0.040630
    75 -6.579163 -0.452807 0.914976 1.390020 0.137634 0.072730
    76 -6.553783 -0.454803 0.900534 1.387994 0.108045 0.086436
  time 149
    0 -6.403457 -23.803708 -4.166233 0.893386 0.114154 2.557261
    1 7.820313 -3.039063 -8.804688 -1.082104 0.087263 -1.570797
    2 -0.000001 0.000002 0.000000 -0.021003 -0.098597 0.766856
    3 10.907404 0.000001 -0.000001 -0.000001 0.000012 -0.428155
    4 10.424325 -0.000011 -0.000033 2.468703 0.420364 -0.460671
    5 2.997275 0.005409 -1.477475 0.000000 0.000000 -0.471238
    6 1.510384 -0.000004 0.000000 0.000000 0.000000 -0.689404
    7 0.808659 -0.000001 0.000001 0.000000 0.000000 -0.654499
    8 -0.005463 0.010882 0.011922 -3.130701 -0.002586 -0.018476
    9 -0.001080 -0.005339 -0.002780 -3.138880 -0.004640 0.012721
    10 -0.019963 -0.004463 0.017139 3.137685 -0.000240 0.002472
    11 3.305800 0.203115 -0.546730 0.000000 0.000000 -0.488691
    12 1.807178 0.000000 -0.000004 0.000000 0.000000 -0.637045
    13 0.966141 0.000003 -0.000001 0.000000 0.000000 -0.497418
    14 -0.002205 0.006298 0.000417 3.133979 -0.003058 0.005338
    15 0.007872 0.003559 -0.000436 -3.124798 -0.001004 0.009074
    16 0.012690 -0.008244 0.010269 -3.131666 0.016691 0.012264
    17 3.571513 0.109304 0.409580 0.000000 0.000000 -0.427605
    18 2.150648 0.000002 -0.000003 0.000000 0.000000 -0.663223
    19 1.152746 -0.000003 0.000003 0.000000 0.000000 -0.523598
    20 0.000419 0.016150 0.002405 3.136320 -0.007304 -0.003105
    21 0.001816 -0.009672 -0.007393 3.139013 -0.008631 -0.008588
    22 -0.003752 -0.011593 -0.001195 3.133090 0.002976 0.014444
    23 3.684098 -0.158697 1.419183 0.000000 0.000000 -0.253072
    24 1.701014 0.000004 0.000004 0.000000 0.000000 -0.602138
    25 0.994714 -0.000002 -0.000008 0.000000 0.000000 -0.357792
    26 0.021160 0.011093 -0.004108 -3.137926 -0.002080 -0.001153
    27 -0.003428 0.010128 -0.008341 -3.140832 -0.004146 -0.019238
    28 0.004127 0.010881 0.000767 3.138806 -0.003164 -0.013821
    29 1.068074 -1.287202 0.981906 1.925949 -0.499323 -0.437818
    30 1.836308 -0.000001 0.000002 0.074245 -0.173006 -0.593150
    31 1.223949 -0.000002 0.000002 0.027395 -0.026912 -0.598150
    32 -0.012758 0.013269 0.005633 -3.132442 0.011957 -0.016684
    33 0.003252 0.002937 0.004907 3.134101 -0.012025 0.011384
    34 0.017597 0.001415 -0.271330 3.132743 -0.094250 -0.000348
    35 -0.034845 0.015532 -0.006371 -3.119476 -0.012752 0.011827
    36 6.868289 0.000003 0.000003 1.894370 0.030276 0.157882
    37 -6.002364 -0.460211 -0.868646 -0.695749 -0.131805 0.077518
    38 -6.002752 -0.459276 -0.867383 -0.699507 -0.131813 0.077097
    39 -10.921875 -4.957031 -11.492188 -1.570794 0.087264 -1.570796
    40 -0.000001 -0.000002 0.000004 -0.098089 -0.167473 0.201424
    41 10.907397 0.000000 -0.000001 -0.000346 -0.000019 -1.080415
    42 10.424307 0.000001 0.000016 -0.364376 -0.041960 0.089304
    43 2.997296 0.000062 1.477484 0.000000 0.104719 -1.038469
    44 1.510386 -0.000002 0.000000 0.000000 0.000000 -1.486078
    45 0.808652 0.000001 -0.000003 -0.087183 0.081589 -1.026206
    46 -0.010181 0.001544 -0.002427 3.133438 0.004938 -0.014530
    47 -0.007761 0.000776 -0.012938 -3.140949 0.009512 -0.002789
    48 -0.003515 0.022163 -0.007593 -3.131007 0.004989 -0.015563
    49 3.305811 0.201132 0.547463 0.097216 -0.050307 -0.854749
    50 1.807181 -0.000005 -0.000002 0.026102 -0.090639 -1.140295
    51 0.966146 0.000000 0.000000 0.000000 0.000000 -1.579521
    52 -0.004041 0.002991 -0.002260 -3.129316 0.007469 -0.002160
    53 -0.016014 -0.012525 -0.005755 -3.127586 -0.003209 -0.007102
    54 -0.010741 -0.015351 -0.005964 -3.141244 -0.014366 0.013993
    55 3.571526 0.110787 -0.409180 -0.010425 -0.147989 -0.662452
    56 2.150658 0.000000 0.000000 0.000000 0.000000 -1.636583
    57 1.152748 0.000002 -0.000001 0.000000 0.000000 -1.038469
    58 -0.009424 0.003368 0.009511 3.138994 -0.007577 -0.001092
    59 -0.009795 0.006993 0.001619 3.137400 -0.006826 0.001062
    60 -0.005070 0.017085 0.007624 3.135509 0.005211 0.001477
    61 3.684113 -0.153569 -1.419744 -0.115747 -0.245432 -0.478814
    62 1.701014 -0.000001 0.000000 0.000000 0.000000 -0.473560
    63 0.994705 -0.000004 0.000000 0.000000 0.000000 -0.436331
    64 0.015236 0.000657 -0.012633 3.136885 0.014164 0.000018
    65 -0.014324 -0.018461 0.000846 -3.134644 0.013210 0.007851
    66 -0.020566 0.000650 -0.004019 -3.126894 -0.002595 -0.013678
    67 1.068097 -1.283652 -0.986552 -2.017463 0.494100 -0.367646
    68 1.836308 -0.000002 0.000001 0.071731 -0.042788 -0.118793
    69 1.223948 0.000001 -0.000002 -0.030976 -0.071338 -0.420800
    70 -0.026768 0.000412 0.021024 -3.135050 0.011560 0.031832
    71 -0.030946 0.015453 0.007155 3.126687 -0.014474 -0.013279
    72 0.024326 0.034636 0.000721 -3.121606 0.015525 0.030344
    73 -0.046000 0.019587 0.021797 3.134639 0.020864 -0.001670
    74 6.694322 0.000002 0.000001 -0.772147 -0.155817 0.040630
    75 -6.579163 -0.452807 0.914976 1.390020 0.137634 0.072730
    76 -6.553783 -0.454803 0.900534 1.387994 0.108045 0.086436
  time 150
    0 -6.407363 -23.795895 -4.185765 0.894794 0.119422 2.563521
    1 7.820313 -3.039063 -8.804688 -1.082104 0.087263 -1.570797
    2 -0.000001 0.000002 0.000000 -0.020994 -0.098597 0.766843
    3 10.907404 0.000001 -0.000001 0.000000 0.000013 -0.428170
    4 10.424325 -0.000011 -0.000033 2.468668 0.420356 -0.460671
    5 2.997275 0.005409 -1.477475 0.000000 0.000000 -0.471250
    6 1.510384 -0.000004 0.000000 0.000000 0.000000 -0.689434
    7 0.808659 -0.000001 0.000001 -0.000001 -0.000010 -0.654467
    8 -0.005463 0.010882 0.011922 -3.130701 -0.002586 -0.018476
    9 -0.001080 -0.005339 -0.002780 -3.138880 -0.004640 0.012721
    10 -0.019963 -0.004463 0.017139 3.137685 -0.000240 0.002472
    11 3.305800 0.203115 -0.546730 0.000000 0.000000 -0.488706
    12 1.807178 0.000000 -0.000004 -0.000011 0.000009 -0.637058
    13 0.966141 0.000003 -0.000001 0.000000 0.000000 -0.497419
    14 -0.002205 0.006298 0.000417 3.133979 -0.003058 0.005338
    15 0.007872 0.003559 -0.000436 -3.124798 -0.001004 0.009074
    16 0.012690 -0.008244 0.010269 -3.131666 0.016691 0.012264
    17 3.571513 0.109304 0.409580 -0.000005 0.000008 -0.427623
    18 2.150648 0.000002 -0.000003 0.000000 0.000000 -0.663248
    19 1.152746 -0.000003 0.000003 0.000000 0.000000 -0.523596
    20 0.000419 0.016150 0.002405 3.136320 -0.007304 -0.003105
    21 0.001816 -0.009672 -0.007393 3.139013 -0.008631 -0.008588
    22 -0.003752 -0.011593 -0.001195 3.133090 0.002976 0.014444
    23 3.684098 -0.158697 1.419183 -0.000004 0.000006 -0.253070
    24 1.701014 0.000004 0.000004 0.000000 0.000000 -0.602155
    25 0.994714 -0.000002 -0.000008 0.000000 0.000000 -0.357793
    26 0.021160 0.011093 -0.004108 -3.137926 -0.002080 -0.001153
    27 -0.003428 0.010128 -0.008341 -3.140832 -0.004146 -0.019238
    28 0.004127 0.010881 0.000767 3.138806 -0.003164 -0.013821
    29 1.068074 -1.287202 0.981906 1.925945 -0.499329 -0.437809
    30 1.836308 -0.000001 0.000002 0.074239 -0.172997 -0.593151
    31 1.223949 -0.000002 0.000002 0.027405 -0.026921 -0.598145
    32 -0.012758 0.013269 0.005633 -3.132442 0.011957 -0.016684
    33 0.003252 0.002937 0.004907 3.134101 -0.012025 0.011384
    34 0.017597 0.001415 -0.271330 3.132743 -0.094250 -0.000348
    35 -0.034845 0.015532 -0.006371 -3.119476 -0.012752 0.011827
    36 6.868289 0.000003 0.000003 1.894355 0.030285 0.157876
    37 -6.002364 -0.460211 -0.868646 -0.695749 -0.131805 0.077518
    38 -6.002752 -0.459276 -0.867383 -0.699507 -0.131813 0.077097
    39 -10.921875 -4.957031 -11.492188 -1.570794 0.087264 -1.570796
    40 -0.000001 -0.000002 0.000004 -0.098184 -0.167473 0.202953
    41 10.907397 0.000000 -0.000001 -0.000346 -0.000019 -1.081290
    42 10.424307 0.000001 0.000016 -0.364302 -0.042259 0.086091
    43 2.997296 0.000062 1.477484 0.000000 0.104709 -1.038495
    44 1.510386 -0.000002 0.000000 0.000000 0.000000 -1.489146
    45 0.808652 0.000001 -0.000003 -0.087176 0.081579 -1.026208
    46 -0.010181 0.001544 -0.002427 3.133438 0.004938 -0.014530
    47 -0.007761 0.000776 -0.012938 -3.140949 0.009512 -0.002789
    48 -0.003515 0.022163 -0.007593 -3.131007 0.004989 -0.015563
    49 3.305811 0.201132 0.547463 0.097207 -0.050299 -0.854780
    50 1.807181 -0.000005 -0.000002 0.026378 -0.090568 -1.143354
    51 0.966146 0.000000 0.000000 0.000000 0.000000 -1.579521
    52 -0.004041 0.002991 -0.002260 -3.129316 0.007469 -0.002160
    53 -0.016014 -0.012525 -0.005755 -3.127586 -0.003209 -0.007102
    54 -0.010741 -0.015351 -0.005964 -3.141244 -0.014366 0.013993
    55 3.571526 0.110787 -0.409180 -0.010415 -0.147986 -0.662471
    56 2.150658 0.000000 0.000000 0.000000 0.000000 -1.639405
    57 1.152748 0.000002 -0.000001 0.000000 0.000000 -1.038446
    58 -0.009424 0.003368 0.009511 3.138994 -0.007577 -0.001092
    59 -0.009795 0.006993 0.001619 3.137400 -0.006826 0.001062
    60 -0.005070 0.017085 0.007624 3.135509 0.005211 0.001477
    61 3.684113 -0.153569 -1.419744 -0.115232 -0.245624 -0.480844
    62 1.701014 -0.000001 0.000000 0.000000 0.000000 -0.473560
    63 0.994705 -0.000004 0.000000 0.000000 0.000000 -0.436340
    64 0.015236 0.000657 -0.012633 3.136885 0.014164 0.000018
    65 -0.014324 -0.018461 0.000846 -3.134644 0.013210 0.007851
    66 -0.020566 0.000650 -0.004019 -3.126894 -0.002595 -0.013678
    67 1.068097 -1.283652 -0.986552 -2.016411 0.495035 -0.365428
    68 1.836308 -0.000002 0.000001 0.071726 -0.042782 -0.118805
    69 1.223948 0.000001 -0.000002 -0.030976 -0.071338 -0.420800
    70 -0.026768 0.000412 0.021024 -3.135050 0.011560 0.031832
    71 -0.030946 0.015453 0.007155 3.126687 -0.014474 -0.013279
    72 0.024326 0.034636 0.000721 -3.121606 0.015525 0.030344
    73 -0.046000 0.019587 0.021797 3.134639 0.020864 -0.001670
    74 6.694322 0.000002 0.000001 -0.772193 -0.155817 0.040642
    75 -6.579163 -0.452807 0.914976 1.390020 0.137634 0.072730
    76 -6.553783 -0.454803 0.900534 1.387994 0.108045 0.086436
  time 151
    0 -6.407363 -23.788083 -4.201391 0.897139 0.124782 2.569590
    1 7.820313 -3.039063 -8.804688 -1.082104 0.087263 -1.570797
    2 -0.000001 0.000002 0.000000 -0.020994 -0.098597 0.766843
    3 10.907404 0.000001 -0.000001 0.000000 0.000013 -0.428170
    4 10.424325 -0.000011 -0.000033 2.468668 0.420356 -0.460671
    5 2.997275 0.005409 -1.477475 0.000000 0.000000 -0.471250
    6 1.510384 -0.000004 0.000000 0.000000 0.000000 -0.689434
    7 0.808659 -0.000001 0.000001 -0.000001 -0.000010 -0.654467
    8 -0.005463 0.010882 0.011922 -3.130701 -0.002586 -0.018476
    9 -0.001080 -0.005339 -0.002780 -3.138880 -0.004640 0.012721
    10 -0.019963 -0.004463 0.017139 3.137685 -0.000240 0.002472
    11 3.305800 0.203115 -0.546730 0.000000 0.000000 -0.488706
    12 1.807178 0.000000 -0.000004 -0.000011 0.000009 -0.637058
    13 0.966141 0.000003 -0.000001 0.000000 0.000000 -0.497419
    14 -0.002205 0.006298 0.000417 3.133979 -0.003058 0.005338
    15 0.007872 0.003559 -0.000436 -3.124798 -0.001004 0.009074
    16 0.012690 -0.008244 0.010269 -3.131666 0.016691 0.012264
    17 3.571513 0.109304 0.409580 -0.000005 0.000008 -0.427623
    18 2.150648 0.000002 -0.000003 0.000000 0.000000 -0.663248
    19 1.152746 -0.000003 0.000003 0.000000 0.000000 -0.523596
    20 0.000419 0.016150 0.002405 3.136320 -0.007304 -0.003105
    21 0.001816 -0.009672 -0.007393 3.139013 -0.008631 -0.008588
    22 -0.003752 -0.011593 -0.001195 3.133090 0.002976 0.014444
    23 3.684098 -0.158697 1.419183 -0.000004 0.000006 -0.253070
    24 1.701014 0.000004 0.000004 0.000000 0.000000 -0.602155
    25 0.994714 -0.000002 -0.000008 0.000000 0.000000 -0.357793
    26 0.021160 0.011093 -0.004108 -3.137926 -0.002080 -0.001153
    27 -0.003428 0.010128 -0.008341 -3.140832 -0.004146 -0.019238
    28 0.004127 0.010881 0.000767 3.138806 -0.003164 -0.013821
    29 1.068074 -1.287202 0.981906 1.925945 -0.499329 -0.437809
    30 1.836308 -0.000001 0.000002 0.074239 -0.172997 -0.593151
    31 1.223949 -0.000002 0.000002 0.027405 -0.026921 -0.598145
    32 -0.012758 0.013269 0.005633 -3.132442 0.011957 -0.016684
    33 0.003252 0.002937 0.004907 3.134101 -0.012025 0.011384
    34 0.017597 0.001415 -0.271330 3.132743 -0.094250 -0.000348
    35 -0.034845 0.015532 -0.006371 -3.119476 -0.012752 0.011827
    36 6.868289 0.000003 0.000003 1.894355 0.030285 0.157876
    37 -6.002364 -0.460211 -0.868646 -0.695749 -0.131805 0.077518
    38 -6.002752 -0.459276 -0.867383 -0.699507 -0.131813 0.077097
    39 -10.921875 -4.957031 -11.492188 -1.570794 0.087264 -1.570796
    40 -0.000001 -0.000002 0.000004 -0.098280 -0.167510 0.204661
    41 10.907397 0.000000 -0.000001 -0.000346 -0.000019 -1.082305
    42 10.424307 0.000001 0.000016 -0.364302 -0.042596 0.082530
    43 2.997296 0.000062 1.477484 0.000000 0.104709 -1.038495
    44 1.510386 -0.000002 0.000000 0.000000 0.000000 -1.491096
    45 0.808652 0.000001 -0.000003 -0.087176 0.081579 -1.026208
    46 -0.010181 0.001544 -0.002427 3.133438 0.004938 -0.014530
    47 -0.007761 0.000776 -0.012938 -3.140949 0.009512 -0.002789
    48 -0.003515 0.022163 -0.007593 -3.131007 0.004989 -0.015563
    49 3.305811 0.201132 0.547463 0.097207 -0.050299 -0.854780
    50 1.807181 -0.000005 -0.000002 0.026558 -0.090520 -1.145323
    51 0.966146 0.000000 0.000000 0.000000 0.000000 -1.579521
    52 -0.004041 0.002991 -0.002260 -3.129316 0.007469 -0.002160
    53 -0.016014 -0.012525 -0.005755 -3.127586 -0.003209 -0.007102
    54 -0.010741 -0.015351 -0.005964 -3.141244 -0.014366 0.013993
    55 3.571526 0.110787 -0.409180 -0.010415 -0.147986 -0.662471
    56 2.150658 0.000000 0.000000 0.000000 0.000000 -1.641792
    57 1.152748 0.000002 -0.000001 0.000000 0.000000 -1.038446
    58 -0.009424 0.003368 0.009511 3.138994 -0.007577 -0.001092
    59 -0.009795 0.006993 0.001619 3.137400 -0.006826 0.001062
    60 -0.005070 0.017085 0.007624 3.135509 0.005211 0.001477
    61 3.684113 -0.153569 -1.419744 -0.114717 -0.245803 -0.482854
    62 1.701014 -0.000001 0.000000 0.000000 0.000000 -0.473560
    63 0.994705 -0.000004 0.000000 0.000000 0.000000 -0.436340
    64 0.015236 0.000657 -0.012633 3.136885 0.014164 0.000018
    65 -0.014324 -0.018461 0.000846 -3.134644 0.013210 0.007851
    66 -0.020566 0.000650 -0.004019 -3.126894 -0.002595 -0.013678
    67 1.068097 -1.283652 -0.986552 -2.015242 0.496078 -0.362972
    68 1.836308 -0.000002 0.000001 0.071726 -0.042782 -0.118805
    69 1.223948 0.000001 -0.000002 -0.030976 -0.071338 -0.420800
    70 -0.026768 0.000412 0.021024 -3.135050 0.011560 0.031832
    71 -0.030946 0.015453 0.007155 3.126687 -0.014474 -0.013279
    72 0.024326 0.034636 0.000721 -3.121606 0.015525 0.030344
    73 -0.046000 0.019587 0.021797 3.134639 0.020864 -0.001670
    74 6.694322 0.000002 0.000001 -0.772330 -0.155817 0.040653
    75 -6.579163 -0.452807 0.914976 1.390020 0.137634 0.072730
    76 -6.553783 -0.454803 0.900534 1.387994 0.108045 0.086436
  time 152
    0 -6.407363 -23.780270 -4.224829 0.900517 0.130188 2.575375
    1 7.820313 -3.039063 -8.804688 -1.082104 0.087263 -1.570797
    2 -0.000001 0.000002 0.000000 -0.020994 -0.098597 0.766843
    3 10.907404 0.000001 -0.000001 0.000000 0.000013 -0.428170
    4 10.424325 -0.000011 -0.000033 2.468668 0.420356 -0.460671
    5 2.997275 0.005409 -1.477475 0.000000 0.000000 -0.471250
    6 1.510384 -0.000004 0.000000 0.000000 0.000000 -0.689434
    7 0.808659 -0.000001 0.000001 -0.000001 -0.000010 -0.654467
    8 -0.005463 0.010882 0.011922 -3.130701 -0.002586 -0.018476
    9 -0.001080 -0.005339 -0.002780 -3.138880 -0.004640 0.012721
    10 -0.019963 -0.004463 0.017139 3.137685 -0.000240 0.002472
    11 3.305800 0.203115 -0.546730 0.000000 0.000000 -0.488706
    12 1.807178 0.000000 -0.000004 -0.000011 0.000009 -0.637058
    13 0.966141 0.000003 -0.000001 0.000000 0.000000 -0.497419
    14 -0.002205 0.006298 0.000417 3.133979 -0.003058 0.005338
    15 0.007872 0.003559 -0.000436 -3.124798 -0.001004 0.009074
    16 0.012690 -0.008244 0.010269 -3.131666 0.016691 0.012264
    17 3.571513 0.109304 0.409580 -0.000005 0.000008 -0.427623
    18 2.150648 0.000002 -0.000003 0.000000 0.000000 -0.663248
    19 1.152746 -0.000003 0.000003 0.000000 0.000000 -0.523596
    20 0.000419 0.016150 0.002405 3.136320 -0.007304 -0.003105
    21 0.001816 -0.009672 -0.007393 3.139013 -0.008631 -0.008588
    22 -0.003752 -0.011593 -0.001195 3.133090 0.002976 0.014444
    23 3.684098 -0.158697 1.419183 -0.000004 0.000006 -0.253070
    24 1.701014 0.000004 0.000004 0.000000 0.000000 -0.602155
    25 0.994714 -0.000002 -0.000008 0.000000 0.000000 -0.357793
    26 0.021160 0.011093 -0.004108 -3.137926 -0.002080 -0.001153
    27 -0.003428 0.010128 -0.008341 -3.140832 -0.004146 -0.019238
    28 0.004127 0.010881 0.000767 3.138806 -0.003164 -0.013821
    29 1.068074 -1.287202 0.981906 1.925945 -0.499329 -0.437809
    30 1.836308 -0.000001 0.000002 0.074239 -0.172997 -0.593151
    31 1.223949 -0.000002 0.000002 0.027405 -0.026921 -0.598145
    32 -0.012758 0.013269 0.005633 -3.132442 0.011957 -0.016684
    33 0.003252 0.002937 0.004907 3.134101 -0.012025 0.011384
    34 0.017597 0.001415 -0.271330 3.132743 -0.094250 -0.000348
    35 -0.034845 0.015532 -0.006371 -3.119476 -0.012752 0.011827
    36 6.868289 0.000003 0.000003 1.894355 0.030285 0.157876
    37 -6.002364 -0.460211 -0.868646 -0.695749 -0.131805 0.077518
    38 -6.002752 -0.459276 -0.867383 -0.699507 -0.131813 0.077097
    39 -10.921875 -4.957031 -11.492188 -1.570794 0.087264 -1.570796
    40 -0.000001 -0.000002 0.000004 -0.098407 -0.167510 0.206639
    41 10.907397 0.000000 -0.000001 -0.000346 -0.000019 -1.083390
    42 10.424307 0.000001 0.000016 -0.364376 -0.042932 0.078796
    43 2.997296 0.000062 1.477484 0.000000 0.104709 -1.038495
    44 1.510386 -0.000002 0.000000 0.000000 0.000000 -1.491799
    45 0.808652 0.000001 -0.000003 -0.087176 0.081579 -1.026208
    46 -0.010181 0.001544 -0.002427 3.133438 0.004938 -0.014530
    47 -0.007761 0.000776 -0.012938 -3.140949 0.009512 -0.002789
    48 -0.003515 0.022163 -0.007593 -3.131007 0.004989 -0.015563
    49 3.305811 0.201132 0.547463 0.097207 -0.050299 -0.854780
    50 1.807181 -0.000005 -0.000002 0.026630 -0.090508 -1.146026
    51 0.966146 0.000000 0.000000 0.000000 0.000000 -1.579521
    52 -0.004041 0.002991 -0.002260 -3.129316 0.007469 -0.002160
    53 -0.016014 -0.012525 -0.005755 -3.127586 -0.003209 -0.007102
    54 -0.010741 -0.015351 -0.005964 -3.141244 -0.014366 0.013993
    55 3.571526 0.110787 -0.409180 -0.010415 -0.147986 -0.662471
    56 2.150658 0.000000 0.000000 0.000000 0.000000 -1.643615
    57 1.152748 0.000002 -0.000001 0.000000 0.000000 -1.038446
    58 -0.009424 0.003368 0.009511 3.138994 -0.007577 -0.001092
    59 -0.009795 0.006993 0.001619 3.137400 -0.006826 0.001062
    60 -0.005070 0.017085 0.007624 3.135509 0.005211 0.001477
    61 3.684113 -0.153569 -1.419744 -0.114201 -0.245995 -0.484863
    62 1.701014 -0.000001 0.000000 0.000000 0.000000 -0.473560
    63 0.994705 -0.000004 0.000000 0.000000 0.000000 -0.436340
    64 0.015236 0.000657 -0.012633 3.136885 0.014164 0.000018
    65 -0.014324 -0.018461 0.000846 -3.134644 0.013210 0.007851
    66 -0.020566 0.000650 -0.004019 -3.126894 -0.002595 -0.013678
    67 1.068097 -1.283652 -0.986552 -2.013995 0.497168 -0.360347
    68 1.836308 -0.000002 0.000001 0.071726 -0.042782 -0.118805
    69 1.223948 0.000001 -0.000002 -0.030976 -0.071338 -0.420800
    70 -0.026768 0.000412 0.021024 -3.135050 0.011560 0.031832
    71 -0.030946 0.015453 0.007155 3.126687 -0.014474 -0.013279
    72 0.024326 0.034636 0.000721 -3.121606 0.015525 0.030344
    73 -0.046000 0.019587 0.021797 3.134639 0.020864 -0.001670
    74 6.694322 0.000002 0.000001 -0.772467 -0.155805 0.040677
    75 -6.579163 -0.452807 0.914976 1.390020 0.137634 0.072730
    76 -6.553783 -0.454803 0.900534 1.387994 0.108045 0.086436
  time 153
    0 -6.407363 -23.768551 -4.248267 0.904833 0.135502 2.580781
    1 7.820313 -3.039063 -8.804688 -1.082104 0.087263 -1.570797
    2 -0.000001 0.000002 0.000000 -0.020994 -0.098597 0.766843
    3 10.907404 0.000001 -0.000001 0.000000 0.000013 -0.428170
    4 10.424325 -0.000011 -0.000033 2.468668 0.420356 -0.460671
    5 2.997275 0.005409 -1.477475 0.000000 0.000000 -0.471250
    6 1.510384 -0.000004 0.000000 0.000000 0.000000 -0.689434
    7 0.808659 -0.000001 0.000001 -0.000001 -0.000010 -0.654467
    8 -0.005463 0.010882 0.011922 -3.130701 -0.002586 -0.018476
    9 -0.001080 -0.005339 -0.002780 -3.138880 -0.004640 0.012721
    10 -0.019963 -0.004463 0.017139 3.137685 -0.000240 0.002472
    11 3.305800 0.203115 -0.546730 0.000000 0.000000 -0.488706
    12 1.807178 0.000000 -0.000004 -0.000011 0.000009 -0.637058
    13 0.966141 0.000003 -0.000001 0.000000 0.000000 -0.497419
    14 -0.002205 0.006298 0.000417 3.133979 -0.003058 0.005338
    15 0.007872 0.003559 -0.000436 -3.124798 -0.001004 0.009074
    16 0.012690 -0.008244 0.010269 -3.131666 0.016691 0.012264
    17 3.571513 0.109304 0.409580 -0.000005 0.000008 -0.427623
    18 2.150648 0.000002 -0.000003 0.000000 0.000000 -0.663248
    19 1.152746 -0.000003 0.000003 0.000000 0.000000 -0.523596
    20 0.000419 0.016150 0.002405 3.136320 -0.007304 -0.003105
    21 0.001816 -0.009672 -0.007393 3.139013 -0.008631 -0.008588
    22 -0.003752 -0.011593 -0.001195 3.133090 0.002976 0.014444
    23 3.684098 -0.158697 1.419183 -0.000004 0.000006 -0.253070
    24 1.701014 0.000004 0.000004 0.000000 0.000000 -0.602155
    25 0.994714 -0.000002 -0.000008 0.000000 0.000000 -0.357793
    26 0.021160 0.011093 -0.004108 -3.137926 -0.002080 -0.001153
    27 -0.003428 0.010128 -0.008341 -3.140832 -0.004146 -0.019238
    28 0.004127 0.010881 0.000767 3.138806 -0.003164 -0.013821
    29 1.068074 -1.287202 0.981906 1.925945 -0.499329 -0.437809
    30 1.836308 -0.000001 0.000002 0.074239 -0.172997 -0.593151
    31 1.223949 -0.000002 0.000002 0.027405 -0.026921 -0.598145
    32 -0.012758 0.013269 0.005633 -3.132442 0.011957 -0.016684
    33 0.003252 0.002937 0.004907 3.134101 -0.012025 0.011384
    34 0.017597 0.001415 -0.271330 3.132743 -0.094250 -0.000348
    35 -0.034845 0.015532 -0.006371 -3.119476 -0.012752 0.011827
    36 6.868289 0.000003 0.000003 1.894355 0.030285 0.157876
    37 -6.002364 -0.460211 -0.868646 -0.695749 -0.131805 0.077518
    38 -6.002752 -0.459276 -0.867383 -0.699507 -0.131813 0.077097
    39 -10.921875 -4.957031 -11.492188 -1.570794 0.087264 -1.570796
    40 -0.000001 -0.000002 0.000004 -0.098535 -0.167510 0.208796
    41 10.907397 0.000000 -0.000001 -0.000346 -0.000019 -1.084616
    42 10.424307 0.000001 0.000016 -0.364675 -0.043269 0.074888
    43 2.997296 0.000062 1.477484 0.000000 0.104709 -1.038495
    44 1.510386 -0.000002 0.000000 0.000000 0.000000 -1.491799
    45 0.808652 0.000001 -0.000003 -0.087176 0.081579 -1.026208
    46 -0.010181 0.001544 -0.002427 3.133438 0.004938 -0.014530
    47 -0.007761 0.000776 -0.012938 -3.140949 0.009512 -0.002789
    48 -0.003515 0.022163 -0.007593 -3.131007 0.004989 -0.015563
    49 3.305811 0.201132 0.547463 0.097207 -0.050299 -0.854780
    50 1.807181 -0.000005 -0.000002 0.026594 -0.090508 -1.145639
    51 0.966146 0.000000 0.000000 0.000000 0.000000 -1.579521
    52 -0.004041 0.002991 -0.002260 -3.129316 0.007469 -0.002160
    53 -0.016014 -0.012525 -0.005755 -3.127586 -0.003209 -0.007102
    54 -0.010741 -0.015351 -0.005964 -3.141244 -0.014366 0.013993
    55 3.571526 0.110787 -0.409180 -0.010415 -0.147986 -0.662471
    56 2.150658 0.000000 0.000000 0.000000 0.000000 -1.644918
    57 1.152748 0.000002 -0.000001 0.000000 0.000000 -1.038471
    58 -0.009424 0.003368 0.009511 3.138994 -0.007577 -0.001092
    59 -0.009795 0.006993 0.001619 3.137400 -0.006826 0.001062
    60 -0.005070 0.017085 0.007624 3.135509 0.005211 0.001477
    61 3.684113 -0.153569 -1.419744 -0.113686 -0.246175 -0.486914
    62 1.701014 -0.000001 0.000000 0.000000 0.000000 -0.473560
    63 0.994705 -0.000004 0.000000 0.000000 0.000000 -0.436340
    64 0.015236 0.000657 -0.012633 3.136885 0.014164 0.000018
    65 -0.014324 -0.018461 0.000846 -3.134644 0.013210 0.007851
    66 -0.020566 0.000650 -0.004019 -3.126894 -0.002595 -0.013678
    67 1.068097 -1.283652 -0.986552 -2.012696 0.498319 -0.357614
    68 1.836308 -0.000002 0.000001 0.071726 -0.042782 -0.118805
    69 1.223948 0.000001 -0.000002 -0.030976 -0.071338 -0.420800
    70 -0.026768 0.000412 0.021024 -3.135050 0.011560 0.031832
    71 -0.030946 0.015453 0.007155 3.126687 -0.014474 -0.013279
    72 0.024326 0.034636 0.000721 -3.121606 0.015525 0.030344
    73 -0.046000 0.019587 0.021797 3.134639 0.020864 -0.001670
    74 6.694322 0.000002 0.000001 -0.772741 -0.155793 0.040713
    75 -6.579163 -0.452807 0.914976 1.390020 0.137634 0.072730
    76 -6.553783 -0.454803 0.900534 1.387994 0.108045 0.086436
  time 154
    0 -6.407363 -23.760738 -4.275612 0.910275 0.140770 2.585807
    1 7.820313 -3.039063 -8.804688 -1.082104 0.087263 -1.570797
    2 -0.000001 0.000002 0.000000 -0.020994 -0.098597 0.766843
    3 10.907404 0.000001 -0.000001 0.000000 0.000013 -0.428170
    4 10.424325 -0.000011 -0.000033 2.468668 0.420356 -0.460671
    5 2.997275 0.005409 -1.477475 0.000000 0.000000 -0.471250
    6 1.510384 -0.000004 0.000000 0.000000 0.000000 -0.689434
    7 0.808659 -0.000001 0.000001 -0.000001 -0.000010 -0.654467
    8 -0.005463 0.010882 0.011922 -3.130701 -0.002586 -0.018476
    9 -0.001080 -0.005339 -0.002780 -3.138880 -0.004640 0.012721
    10 -0.019963 -0.004463 0.017139 3.137685 -0.000240 0.002472
    11 3.305800 0.203115 -0.546730 0.000000 0.000000 -0.488706
    12 1.807178 0.000000 -0.000004 -0.000011 0.000009 -0.637058
    13 0.966141 0.000003 -0.000001 0.000000 0.000000 -0.497419
    14 -0.002205 0.006298 0.000417 3.133979 -0.003058 0.005338
    15 0.007872 0.003559 -0.000436 -3.124798 -0.001004 0.009074
    16 0.012690 -0.008244 0.010269 -3.131666 0.016691 0.012264
    17 3.571513 0.109304 0.409580 -0.000005 0.000008 -0.427623
    18 2.150648 0.000002 -0.000003 0.000000 0.000000 -0.663248
    19 1.152746 -0.000003 0.000003 0.000000 0.000000 -0.523596
    20 0.000419 0.016150 0.002405 3.136320 -0.007304 -0.003105
    21 0.001816 -0.009672 -0.007393 3.139013 -0.008631 -0.008588
    22 -0.003752 -0.011593 -0.001195 3.133090 0.002976 0.014444
    23 3.684098 -0.158697 1.419183 -0.000004 0.000006 -0.253070
    24 1.701014 0.000004 0.000004 0.000000 0.000000 -0.602155
    25 0.994714 -0.000002 -0.000008 0.000000 0.000000 -0.357793
    26 0.021160 0.011093 -0.004108 -3.137926 -0.002080 -0.001153
    27 -0.003428 0.010128 -0.008341 -3.140832 -0.004146 -0.019238
    28 0.004127 0.010881 0.000767 3.138806 -0.003164 -0.013821
    29 1.068074 -1.287202 0.981906 1.925945 -0.499329 -0.437809
    30 1.836308 -0.000001 0.000002 0.074239 -0.172997 -0.593151
    31 1.223949 -0.000002 0.000002 0.027405 -0.026921 -0.598145
    32 -0.012758 0.013269 0.005633 -3.132442 0.011957 -0.016684
    33 0.003252 0.002937 0.004907 3.134101 -0.012025 0.011384
    34 0.017597 0.001415 -0.271330 3.132743 -0.094250 -0.000348
    35 -0.034845 0.015532 -0.006371 -3.119476 -0.012752 0.011827
    36 6.868289 0.000003 0.000003 1.894355 0.030285 0.157876
    37 -6.002364 -0.460211 -0.868646 -0.695749 -0.131805 0.077518
    38 -6.002752 -0.459276 -0.867383 -0.699507 -0.131813 0.077097
    39 -10.921875 -4.957031 -11.492188 -1.570794 0.087264 -1.570796
    40 -0.000001 -0.000002 0.000004 -0.098694 -0.167510 0.211134
    41 10.907397 0.000000 -0.000001 -0.000346 -0.000019 -1.085981
    42 10.424307 0.000001 0.000016 -0.365124 -0.043606 0.070980
    43 2.997296 0.000062 1.477484 0.000000 0.104709 -1.038495
    44 1.510386 -0.000002 0.000000 0.000000 0.000000 -1.491703
    45 0.808652 0.000001 -0.000003 -0.087176 0.081579 -1.026208
    46 -0.010181 0.001544 -0.002427 3.133438 0.004938 -0.014530
    47 -0.007761 0.000776 -0.012938 -3.140949 0.009512 -0.002789
    48 -0.003515 0.022163 -0.007593 -3.131007 0.004989 -0.015563
    49 3.305811 0.201132 0.547463 0.097207 -0.050299 -0.854780
    50 1.807181 -0.000005 -0.000002 0.026486 -0.090544 -1.144550
    51 0.966146 0.000000 0.000000 0.000000 0.000000 -1.579521
    52 -0.004041 0.002991 -0.002260 -3.129316 0.007469 -0.002160
    53 -0.016014 -0.012525 -0.005755 -3.127586 -0.003209 -0.007102
    54 -0.010741 -0.015351 -0.005964 -3.141244 -0.014366 0.013993
    55 3.571526 0.110787 -0.409180 -0.010415 -0.147986 -0.662471
    56 2.150658 0.000000 0.000000 0.000000 0.000000 -1.645743
    57 1.152748 0.000002 -0.000001 0.000000 0.000000 -1.038446
    58 -0.009424 0.003368 0.009511 3.138994 -0.007577 -0.001092
    59 -0.009795 0.006993 0.001619 3.137400 -0.006826 0.001062
    60 -0.005070 0.017085 0.007624 3.135509 0.005211 0.001477
    61 3.684113 -0.153569 -1.419744 -0.113159 -0.246367 -0.489005
    62 1.701014 -0.000001 0.000000 0.000000 0.000000 -0.473560
    63 0.994705 -0.000004 0.000000 0.000000 0.000000 -0.436340
    64 0.015236 0.000657 -0.012633 3.136885 0.014164 0.000018
    65 -0.014324 -0.018461 0.000846 -3.134644 0.013210 0.007851
    66 -0.020566 0.000650 -0.004019 -3.126894 -0.002595 -0.013678
    67 1.068097 -1.283652 -0.986552 -2.011371 0.499481 -0.354846
    68 1.836308 -0.000002 0.000001 0.071726 -0.042782 -0.118805
    69 1.223948 0.000001 -0.000002 -0.030976 -0.071338 -0.420800
    70 -0.026768 0.000412 0.021024 -3.135050 0.011560 0.031832
    71 -0.030946 0.015453 0.007155 3.126687 -0.014474 -0.013279
    72 0.024326 0.034636 0.000721 -3.121606 0.015525 0.030344
    73 -0.046000 0.019587 0.021797 3.134639 0.020864 -0.001670
    74 6.694322 0.000002 0.000001 -0.773061 -0.155781 0.040773
    75 -6.579163 -0.452807 0.914976 1.390020 0.137634 0.072730
    76 -6.553783 -0.454803 0.900534 1.387994 0.108045 0.086436
  time 155
    0 -6.407363 -23.752925 -4.306863 0.916749 0.145809 2.590359
    1 7.820313 -3.039063 -8.804688 -1.082104 0.087263 -1.570797
    2 -0.000001 0.000002 0.000000 -0.020994 -0.098597 0.766843
    3 10.907404 0.000001 -0.000001 0.000000 0.000013 -0.428170
    4 10.424325 -0.000011 -0.000033 2.468668 0.420356 -0.460671
    5 2.997275 0.005409 -1.477475 0.000000 0.000000 -0.471250
    6 1.510384 -0.000004 0.000000 0.000000 0.000000 -0.689434
    7 0.808659 -0.000001 0.000001 -0.000001 -0.000010 -0.654467
    8 -0.005463 0.010882 0.011922 -3.130701 -0.002586 -0.018476
    9 -0.001080 -0.005339 -0.002780 -3.138880 -0.004640 0.012721
    10 -0.019963 -0.004463 0.017139 3.137685 -0.000240 0.002472
    11 3.305800 0.203115 -0.546730 0.000000 0.000000 -0.488706
    12 1.807178 0.000000 -0.000004 -0.000011 0.000009 -0.637058
    13 0.966141 0.000003 -0.000001 0.000000 0.000000 -0.497419
    14 -0.002205 0.006298 0.000417 3.133979 -0.003058 0.005338
    15 0.007872 0.003559 -0.000436 -3.124798 -0.001004 0.009074
    16 0.012690 -0.008244 0.010269 -3.131666 0.016691 0.012264
    17 3.571513 0.109304 0.409580 -0.000005 0.000008 -0.427623
    18 2.150648 0.000002 -0.000003 0.000000 0.000000 -0.663248
    19 1.152746 -0.000003 0.000003 0.000000 0.000000 -0.523596
    20 0.000419 0.016150 0.002405 3.136320 -0.007304 -0.003105
    21 0.001816 -0.009672 -0.007393 3.139013 -0.008631 -0.008588
    22 -0.003752 -0.011593 -0.001195 3.133090 0.002976 0.014444
    23 3.684098 -0.158697 1.419183 -0.000004 0.000006 -0.253070
    24 1.701014 0.000004 0.000004 0.000000 0.000000 -0.602155
    25 0.994714 -0.000002 -0.000008 0.000000 0.000000 -0.357793
    26 0.021160 0.011093 -0.004108 -3.137926 -0.002080 -0.001153
    27 -0.003428 0.010128 -0.008341 -3.140832 -0.004146 -0.019238
    28 0.004127 0.010881 0.000767 3.138806 -0.003164 -0.013821
    29 1.068074 -1.287202 0.981906 1.925945 -0.499329 -0.437809
    30 1.836308 -0.000001 0.000002 0.074239 -0.172997 -0.593151
    31 1.223949 -0.000002 0.000002 0.027405 -0.026921 -0.598145
    32 -0.012758 0.013269 0.005633 -3.132442 0.011957 -0.016684
    33 0.003252 0.002937 0.004907 3.134101 -0.012025 0.011384
    34 0.017597 0.001415 -0.271330 3.132743 -0.094250 -0.000348
    35 -0.034845 0.015532 -0.006371 -3.119476 -0.012752 0.011827
    36 6.868289 0.000003 0.000003 1.894355 0.030285 0.157876
    37 -6.002364 -0.460211 -0.868646 -0.695749 -0.131805 0.077518
    38 -6.002752 -0.459276 -0.867383 -0.699507 -0.131813 0.077097
    39 -10.921875 -4.957031 -11.492188 -1.570794 0.087264 -1.570796
    40 -0.000001 -0.000002 0.000004 -0.098853 -0.167510 0.213831
    41 10.907397 0.000000 -0.000001 -0.000346 -0.000019 -1.087451
    42 10.424307 0.000001 0.000016 -0.365722 -0.043980 0.067072
    43 2.997296 0.000062 1.477484 0.000000 0.104709 -1.038495
    44 1.510386 -0.000002 0.000000 0.000000 0.000000 -1.491448
    45 0.808652 0.000001 -0.000003 -0.087176 0.081579 -1.026208
    46 -0.010181 0.001544 -0.002427 3.133438 0.004938 -0.014530
    47 -0.007761 0.000776 -0.012938 -3.140949 0.009512 -0.002789
    48 -0.003515 0.022163 -0.007593 -3.131007 0.004989 -0.015563
    49 3.305811 0.201132 0.547463 0.097207 -0.050299 -0.854780
    50 1.807181 -0.000005 -0.000002 0.026342 -0.090592 -1.142897
    51 0.966146 0.000000 0.000000 0.000000 0.000000 -1.579521
    52 -0.004041 0.002991 -0.002260 -3.129316 0.007469 -0.002160
    53 -0.016014 -0.012525 -0.005755 -3.127586 -0.003209 -0.007102
    54 -0.010741 -0.015351 -0.005964 -3.141244 -0.014366 0.013993
    55 3.571526 0.110787 -0.409180 -0.010415 -0.147986 -0.662471
    56 2.150658 0.000000 0.000000 0.000000 0.000000 -1.646220
    57 1.152748 0.000002 -0.000001 0.000000 0.000000 -1.038446
    58 -0.009424 0.003368 0.009511 3.138994 -0.007577 -0.001092
    59 -0.009795 0.006993 0.001619 3.137400 -0.006826 0.001062
    60 -0.005070 0.017085 0.007624 3.135509 0.005211 0.001477
    61 3.684113 -0.153569 -1.419744 -0.112607 -0.246570 -0.491179
    62 1.701014 -0.000001 0.000000 0.000000 0.000000 -0.473560
    63 0.994705 -0.000004 0.000000 0.000000 0.000000 -0.436340
    64 0.015236 0.000657 -0.012633 3.136885 0.014164 0.000018
    65 -0.014324 -0.018461 0.000846 -3.134644 0.013210 0.007851
    66 -0.020566 0.000650 -0.004019 -3.126894 -0.002595 -0.013678
    67 1.068097 -1.283652 -0.986552 -2.010060 0.500620 -0.352090
    68 1.836308 -0.000002 0.000001 0.071726 -0.042782 -0.118805
    69 1.223948 0.000001 -0.000002 -0.030976 -0.071338 -0.420800
    70 -0.026768 0.000412 0.021024 -3.135050 0.011560 0.031832
    71 -0.030946 0.015453 0.007155 3.126687 -0.014474 -0.013279
    72 0.024326 0.034636 0.000721 -3.121606 0.015525 0.030344
    73 -0.046000 0.019587 0.021797 3.134639 0.020864 -0.001670
    74 6.694322 0.000002 0.000001 -0.773517 -0.155757 0.040833
    75 -6.579163 -0.452807 0.914976 1.390020 0.137634 0.072730
    76 -6.553783 -0.454803 0.900534 1.387994 0.108045 0.086436
  time 156
    0 -6.407363 -23.745113 -4.342020 0.924443 0.150711 2.594343
    1 7.820313 -3.039063 -8.804688 -1.082104 0.087263 -1.570797
    2 -0.000001 0.000002 0.000000 -0.020994 -0.098597 0.766843
    3 10.907404 0.000001 -0.000001 0.000000 0.000013 -0.428170
    4 10.424325 -0.000011 -0.000033 2.468668 0.420356 -0.460671
    5 2.997275 0.005409 -1.477475 0.000000 0.000000 -0.471250
    6 1.510384 -0.000004 0.000000 0.000000 0.000000 -0.689434
    7 0.808659 -0.000001 0.000001 -0.000001 -0.000010 -0.654467
    8 -0.005463 0.010882 0.011922 -3.130701 -0.002586 -0.018476
    9 -0.001080 -0.005339 -0.002780 -3.138880 -0.004640 0.012721
    10 -0.019963 -0.004463 0.017139 3.137685 -0.000240 0.002472
    11 3.305800 0.203115 -0.546730 0.000000 0.000000 -0.488706
    12 1.807178 0.000000 -0.000004 -0.000011 0.000009 -0.637058
    13 0.966141 0.000003 -0.000001 0.000000 0.000000 -0.497419
    14 -0.002205 0.006298 0.000417 3.133979 -0.003058 0.005338
    15 0.007872 0.003559 -0.000436 -3.124798 -0.001004 0.009074
    16 0.012690 -0.008244 0.010269 -3.131666 0.016691 0.012264
    17 3.571513 0.109304 0.409580 -0.000005 0.000008 -0.427623
    18 2.150648 0.000002 -0.000003 0.000000 0.000000 -0.663248
    19 1.152746 -0.000003 0.000003 0.000000 0.000000 -0.523596
    20 0.000419 0.016150 0.002405 3.136320 -0.007304 -0.003105
    21 0.001816 -0.009672 -0.007393 3.139013 -0.008631 -0.008588
    22 -0.003752 -0.011593 -0.001195 3.133090 0.002976 0.014444
    23 3.684098 -0.158697 1.419183 -0.000004 0.000006 -0.253070
    24 1.701014 0.000004 0.000004 0.000000 0.000000 -0.602155
    25 0.994714 -0.000002 -0.000008 0.000000 0.000000 -0.357793
    26 0.021160 0.011093 -0.004108 -3.137926 -0.002080 -0.001153
    27 -0.003428 0.010128 -0.008341 -3.140832 -0.004146 -0.019238
    28 0.004127 0.010881 0.000767 3.138806 -0.003164 -0.013821
    29 1.068074 -1.287202 0.981906 1.925945 -0.499329 -0.437809
    30 1.836308 -0.000001 0.000002 0.074239 -0.172997 -0.593151
    31 1.223949 -0.000002 0.000002 0.027405 -0.026921 -0.598145
    32 -0.012758 0.013269 0.005633 -3.132442 0.011957 -0.016684
    33 0.003252 0.002937 0.004907 3.134101 -0.012025 0.011384
    34 0.017597 0.001415 -0.271330 3.132743 -0.094250 -0.000348
    35 -0.034845 0.015532 -0.006371 -3.119476 -0.012752 0.011827
    36 6.868289 0.000003 0.000003 1.894355 0.030285 0.157876
    37 -6.002364 -0.460211 -0.868646 -0.695749 -0.131805 0.077518
    38 -6.002752 -0.459276 -0.867383 -0.699507 -0.131813 0.077097
    39 -10.921875 -4.957031 -11.492188 -1.570794 0.087264 -1.570796
    40 -0.000001 -0.000002 0.000004 -0.099045 -0.167510 0.216708
    41 10.907397 0.000000 -0.000001 -0.000346 -0.000019 -1.089062
    42 10.424307 0.000001 0.000016 -0.366619 -0.044316 0.063251
    43 2.997296 0.000062 1.477484 0.000000 0.104709 -1.038495
    44 1.510386 -0.000002 0.000000 0.000000 0.000000 -1.490968
    45 0.808652 0.000001 -0.000003 -0.087176 0.081579 -1.026208
    46 -0.010181 0.001544 -0.002427 3.133438 0.004938 -0.014530
    47 -0.007761 0.000776 -0.012938 -3.140949 0.009512 -0.002789
    48 -0.003515 0.022163 -0.007593 -3.131007 0.004989 -0.015563
    49 3.305811 0.201132 0.547463 0.097207 -0.050299 -0.854780
    50 1.807181 -0.000005 -0.000002 0.026162 -0.090639 -1.140893
    51 0.966146 0.000000 0.000000 0.000000 0.000000 -1.579521
    52 -0.004041 0.002991 -0.002260 -3.129316 0.007469 -0.002160
    53 -0.016014 -0.012525 -0.005755 -3.127586 -0.003209 -0.007102
    54 -0.010741 -0.015351 -0.005964 -3.141244 -0.014366 0.013993
    55 3.571526 0.110787 -0.409180 -0.010415 -0.147986 -0.662471
    56 2.150658 0.000000 0.000000 0.000000 0.000000 -1.646437
    57 1.152748 0.000002 -0.000001 0.000000 0.000000 -1.038446
    58 -0.009424 0.003368 0.009511 3.138994 -0.007577 -0.001092
    59 -0.009795 0.006993 0.001619 3.137400 -0.006826 0.001062
    60 -0.005070 0.017085 0.007624 3.135509 0.005211 0.001477
    61 3.684113 -0.153569 -1.419744 -0.112032 -0.246798 -0.493455
    62 1.701014 -0.000001 0.000000 0.000000 0.000000 -0.473560
    63 0.994705 -0.000004 0.000000 0.000000 0.000000 -0.436340
    64 0.015236 0.000657 -0.012633 3.136885 0.014164 0.000018
    65 -0.014324 -0.018461 0.000846 -3.134644 0.013210 0.007851
    66 -0.020566 0.000650 -0.004019 -3.126894 -0.002595 -0.013678
    67 1.068097 -1.283652 -0.986552 -2.008787 0.501735 -0.349429
    68 1.836308 -0.000002 0.000001 0.071726 -0.042782 -0.118805
    69 1.223948 0.000001 -0.000002 -0.030976 -0.071338 -0.420800
    70 -0.026768 0.000412 0.021024 -3.135050 0.011560 0.031832
    71 -0.030946 0.015453 0.007155 3.126687 -0.014474 -0.013279
    72 0.024326 0.034636 0.000721 -3.121606 0.015525 0.030344
    73 -0.046000 0.019587 0.021797 3.134639 0.020864 -0.001670
    74 6.694322 0.000002 0.000001 -0.774065 -0.155745 0.040929
    75 -6.579163 -0.452807 0.914976 1.390020 0.137634 0.072730
    76 -6.553783 -0.454803 0.900534 1.387994 0.108045 0.086436
  time 157
    0 -6.407363 -23.737300 -4.381084 0.931480 0.154604 2.597283
    1 7.820313 -3.039063 -8.804688 -1.082104 0.087263 -1.570797
    2 -0.000001 0.000002 0.000000 -0.020994 -0.098597 0.766843
    3 10.907404 0.000001 -0.000001 0.000000 0.000013 -0.428170
    4 10.424325 -0.000011 -0.000033 2.468668 0.420356 -0.460671
    5 2.997275 0.005409 -1.477475 0.000000 0.000000 -0.471250
    6 1.510384 -0.000004 0.000000 0.000000 0.000000 -0.689434
    7 0.808659 -0.000001 0.000001 -0.000001 -0.000010 -0.654467
    8 -0.005463 0.010882 0.011922 -3.130701 -0.002586 -0.018476
    9 -0.001080 -0.005339 -0.002780 -3.138880 -0.004640 0.012721
    10 -0.019963 -0.004463 0.017139 3.137685 -0.000240 0.002472
    11 3.305800 0.203115 -0.546730 0.000000 0.000000 -0.488706
    12 1.807178 0.000000 -0.000004 -0.000011 0.000009 -0.637058
    13 0.966141 0.000003 -0.000001 0.000000 0.000000 -0.497419
    14 -0.002205 0.006298 0.000417 3.133979 -0.003058 0.005338
    15 0.007872 0.003559 -0.000436 -3.124798 -0.001004 0.009074
    16 0.012690 -0.008244 0.010269 -3.131666 0.016691 0.012264
    17 3.571513 0.109304 0.409580 -0.000005 0.000008 -0.427623
    18 2.150648 0.000002 -0.000003 0.000000 0.000000 -0.663248
    19 1.152746 -0.000003 0.000003 0.000000 0.000000 -0.523596
    20 0.000419 0.016150 0.002405 3.136320 -0.007304 -0.003105
    21 0.001816 -0.009672 -0.007393 3.139013 -0.008631 -0.008588
    22 -0.003752 -0.011593 -0.001195 3.133090 0.002976 0.014444
    23 3.684098 -0.158697 1.419183 -0.000004 0.000006 -0.253070
    24 1.701014 0.000004 0.000004 0.000000 0.000000 -0.602155
    25 0.994714 -0.000002 -0.000008 0.000000 0.000000 -0.357793
    26 0.021160 0.011093 -0.004108 -3.137926 -0.002080 -0.001153
    27 -0.003428 0.010128 -0.008341 -3.140832 -0.004146 -0.019238
    28 0.004127 0.010881 0.000767 3.138806 -0.003164 -0.013821
    29 1.068074 -1.287202 0.981906 1.925945 -0.499329 -0.437809
    30 1.836308 -0.000001 0.000002 0.074239 -0.172997 -0.593151
    31 1.223949 -0.000002 0.000002 0.027405 -0.026921 -0.598145
    32 -0.012758 0.013269 0.005633 -3.132442 0.011957 -0.016684
    33 0.003252 0.002937 0.004907 3.134101 -0.012025 0.011384
    34 0.017597 0.001415 -0.271330 3.132743 -0.094250 -0.000348
    35 -0.034845 0.015532 -0.006371 -3.119476 -0.012752 0.011827
    36 6.868289 0.000003 0.000003 1.894355 0.030285 0.157876
    37 -6.002364 -0.460211 -0.868646 -0.695749 -0.131805 0.077518
    38 -6.002752 -0.459276 -0.867383 -0.699507 -0.131813 0.077097
    39 -10.921875 -4.957031 -11.492188 -1.570794 0.087264 -1.570796
    40 -0.000001 -0.000002 0.000004 -0.099268 -0.167510 0.220034
    41 10.907397 0.000000 -0.000001 -0.000346 -0.000019 -1.091267
    42 10.424307 0.000001 0.000016 -0.367815 -0.044653 0.059778
    43 2.997296 0.000062 1.477484 0.000000 0.104709 -1.038495
    44 1.510386 -0.000002 0.000000 0.000000 0.000000 -1.490201
    45 0.808652 0.000001 -0.000003 -0.087176 0.081579 -1.026208
    46 -0.010181 0.001544 -0.002427 3.133438 0.004938 -0.014530
    47 -0.007761 0.000776 -0.012938 -3.140949 0.009512 -0.002789
    48 -0.003515 0.022163 -0.007593 -3.131007 0.004989 -0.015563
    49 3.305811 0.201132 0.547463 0.097207 -0.050299 -0.854780
    50 1.807181 -0.000005 -0.000002 0.025959 -0.090699 -1.138643
    51 0.966146 0.000000 0.000000 0.000000 0.000000 -1.579521
    52 -0.004041 0.002991 -0.002260 -3.129316 0.007469 -0.002160
    53 -0.016014 -0.012525 -0.005755 -3.127586 -0.003209 -0.007102
    54 -0.010741 -0.015351 -0.005964 -3.141244 -0.014366 0.013993
    55 3.571526 0.110787 -0.409180 -0.010415 -0.147986 -0.662471
    56 2.150658 0.000000 0.000000 0.000000 0.000000 -1.646481
    57 1.152748 0.000002 -0.000001 0.000000 0.000000 -1.038446
    58 -0.009424 0.003368 0.009511 3.138994 -0.007577 -0.001092
    59 -0.009795 0.006993 0.001619 3.137400 -0.006826 0.001062
    60 -0.005070 0.017085 0.007624 3.135509 0.005211 0.001477
    61 3.684113 -0.153569 -1.419744 -0.111433 -0.247038 -0.495854
    62 1.701014 -0.000001 0.000000 0.000000 0.000000 -0.473560
    63 0.994705 -0.000004 0.000000 0.000000 0.000000 -0.436340
    64 0.015236 0.000657 -0.012633 3.136885 0.014164 0.000018
    65 -0.014324 -0.018461 0.000846 -3.134644 0.013210 0.007851
    66 -0.020566 0.000650 -0.004019 -3.126894 -0.002595 -0.013678
    67 1.068097 -1.283652 -0.986552 -2.007592 0.502789 -0.346912
    68 1.836308 -0.000002 0.000001 0.071726 -0.042782 -0.118805
    69 1.223948 0.000001 -0.000002 -0.030976 -0.071338 -0.420800
    70 -0.026768 0.000412 0.021024 -3.135050 0.011560 0.031832
    71 -0.030946 0.015453 0.007155 3.126687 -0.014474 -0.013279
    72 0.024326 0.034636 0.000721 -3.121606 0.015525 0.030344
    73 -0.046000 0.019587 0.021797 3.134639 0.020864 -0.001670
    74 6.694322 0.000002 0.000001 -0.774751 -0.155709 0.041037
    75 -6.579163 -0.452807 0.914976 1.390020 0.137634 0.072730
    76 -6.553783 -0.454803 0.900534 1.387994 0.108045 0.086436
  time 158
    0 -6.407363 -23.729487 -4.424054 0.936640 0.157078 2.598895
    1 7.820313 -3.039063 -8.804688 -1.082104 0.087263 -1.570797
    2 -0.000001 0.000002 0.000000 -0.020994 -0.098597 0.766843
    3 10.907404 0.000001 -0.000001 0.000000 0.000013 -0.428170
    4 10.424325 -0.000011 -0.000033 2.468668 0.420356 -0.460671
    5 2.997275 0.005409 -1.477475 0.000000 0.000000 -0.471250
    6 1.510384 -0.000004 0.000000 0.000000 0.000000 -0.689434
    7 0.808659 -0.000001 0.000001 -0.000001 -0.000010 -0.654467
    8 -0.005463 0.010882 0.011922 -3.130701 -0.002586 -0.018476
    9 -0.001080 -0.005339 -0.002780 -3.138880 -0.004640 0.012721
    10 -0.019963 -0.004463 0.017139 3.137685 -0.000240 0.002472
    11 3.305800 0.203115 -0.546730 0.000000 0.000000 -0.488706
    12 1.807178 0.000000 -0.000004 -0.000011 0.000009 -0.637058
    13 0.966141 0.000003 -0.000001 0.000000 0.000000 -0.497419
    14 -0.002205 0.006298 0.000417 3.133979 -0.003058 0.005338
    15 0.007872 0.003559 -0.000436 -3.124798 -0.001004 0.009074
    16 0.012690 -0.008244 0.010269 -3.131666 0.016691 0.012264
    17 3.571513 0.109304 0.409580 -0.000005 0.000008 -0.427623
    18 2.150648 0.000002 -0.000003 0.000000 0.000000 -0.663248
    19 1.152746 -0.000003 0.000003 0.000000 0.000000 -0.523596
    20 0.000419 0.016150 0.002405 3.136320 -0.007304 -0.003105
    21 0.001816 -0.009672 -0.007393 3.139013 -0.008631 -0.008588
    22 -0.003752 -0.011593 -0.001195 3.133090 0.002976 0.014444
    23 3.684098 -0.158697 1.419183 -0.000004 0.000006 -0.253070
    24 1.701014 0.000004 0.000004 0.000000 0.000000 -0.602155
    25 0.994714 -0.000002 -0.000008 0.000000 0.000000 -0.357793
    26 0.021160 0.011093 -0.004108 -3.137926 -0.002080 -0.001153
    27 -0.003428 0.010128 -0.008341 -3.140832 -0.004146 -0.019238
    28 0.004127 0.010881 0.000767 3.138806 -0.003164 -0.013821
    29 1.068074 -1.287202 0.981906 1.925945 -0.499329 -0.437809
    30 1.836308 -0.000001 0.000002 0.074239 -0.172997 -0.593151
    31 1.223949 -0.000002 0.000002 0.027405 -0.026921 -0.598145
    32 -0.012758 0.013269 0.005633 -3.132442 0.011957 -0.016684
    33 0.003252 0.002937 0.004907 3.134101 -0.012025 0.011384
    34 0.017597 0.001415 -0.271330 3.132743 -0.094250 -0.000348
    35 -0.034845 0.015532 -0.006371 -3.119476 -0.012752 0.011827
    36 6.868289 0.000003 0.000003 1.894355 0.030285 0.157876
    37 -6.002364 -0.460211 -0.868646 -0.695749 -0.131805 0.077518
    38 -6.002752 -0.459276 -0.867383 -0.699507 -0.131813 0.077097
    39 -10.921875 -4.957031 -11.492188 -1.570794 0.087264 -1.570796
    40 -0.000001 -0.000002 0.000004 -0.099491 -0.167510 0.223540
    41 10.907397 0.000000 -0.000001 -0.000346 -0.000019 -1.093087
    42 10.424307 0.000001 0.000016 -0.369385 -0.044952 0.056304
    43 2.997296 0.000062 1.477484 0.000000 0.104709 -1.038495
    44 1.510386 -0.000002 0.000000 0.000000 0.000000 -1.489051
    45 0.808652 0.000001 -0.000003 -0.087176 0.081579 -1.026208
    46 -0.010181 0.001544 -0.002427 3.133438 0.004938 -0.014530
    47 -0.007761 0.000776 -0.012938 -3.140949 0.009512 -0.002789
    48 -0.003515 0.022163 -0.007593 -3.131007 0.004989 -0.015563
    49 3.305811 0.201132 0.547463 0.097207 -0.050299 -0.854780
    50 1.807181 -0.000005 -0.000002 0.025755 -0.090771 -1.136322
    51 0.966146 0.000000 0.000000 0.000000 0.000000 -1.579521
    52 -0.004041 0.002991 -0.002260 -3.129316 0.007469 -0.002160
    53 -0.016014 -0.012525 -0.005755 -3.127586 -0.003209 -0.007102
    54 -0.010741 -0.015351 -0.005964 -3.141244 -0.014366 0.013993
    55 3.571526 0.110787 -0.409180 -0.010415 -0.147986 -0.662471
    56 2.150658 0.000000 0.000000 0.000000 0.000000 -1.646481
    57 1.152748 0.000002 -0.000001 0.000000 0.000000 -1.038446
    58 -0.009424 0.003368 0.009511 3.138994 -0.007577 -0.001092
    59 -0.009795 0.006993 0.001619 3.137400 -0.006826 0.001062
    60 -0.005070 0.017085 0.007624 3.135509 0.005211 0.001477
    61 3.684113 -0.153569 -1.419744 -0.110798 -0.247301 -0.498397
    62 1.701014 -0.000001 0.000000 0.000000 0.000000 -0.473560
    63 0.994705 -0.000004 0.000000 0.000000 0.000000 -0.436340
    64 0.015236 0.000657 -0.012633 3.136885 0.014164 0.000018
    65 -0.014324 -0.018461 0.000846 -3.134644 0.013210 0.007851
    66 -0.020566 0.000650 -0.004019 -3.126894 -0.002595 -0.013678
    67 1.068097 -1.283652 -0.986552 -2.006488 0.503748 -0.344611
    68 1.836308 -0.000002 0.000001 0.071726 -0.042782 -0.118805
    69 1.223948 0.000001 -0.000002 -0.030976 -0.071338 -0.420800
    70 -0.026768 0.000412 0.021024 -3.135050 0.011560 0.031832
    71 -0.030946 0.015453 0.007155 3.126687 -0.014474 -0.013279
    72 0.024326 0.034636 0.000721 -3.121606 0.015525 0.030344
    73 -0.046000 0.019587 0.021797 3.134639 0.020864 -0.001670
    74 6.694322 0.000002 0.000001 -0.775618 -0.155673 0.041169
    75 -6.579163 -0.452807 0.914976 1.390020 0.137634 0.072730
    76 -6.553783 -0.454803 0.900534 1.387994 0.108045 0.086436
  time 159
    0 -6.407363 -23.725581 -4.470930 0.940393 0.158452 2.599464
    1 7.820313 -3.039063 -8.804688 -1.082104 0.087263 -1.570797
    2 -0.000001 0.000002 0.000000 -0.020994 -0.098597 0.766843
    3 10.907404 0.000001 -0.000001 0.000000 0.000013 -0.428170
    4 10.424325 -0.000011 -0.000033 2.468668 0.420356 -0.460671
    5 2.997275 0.005409 -1.477475 0.000000 0.000000 -0.471250
    6 1.510384 -0.000004 0.000000 0.000000 0.000000 -0.689434
    7 0.808659 -0.000001 0.000001 -0.000001 -0.000010 -0.654467
    8 -0.005463 0.010882 0.011922 -3.130701 -0.002586 -0.018476
    9 -0.001080 -0.005339 -0.002780 -3.138880 -0.004640 0.012721
    10 -0.019963 -0.004463 0.017139 3.137685 -0.000240 0.002472
    11 3.305800 0.203115 -0.546730 0.000000 0.000000 -0.488706
    12 1.807178 0.000000 -0.000004 -0.000011 0.000009 -0.637058
    13 0.966141 0.000003 -0.000001 0.000000 0.000000 -0.497419
    14 -0.002205 0.006298 0.000417 3.133979 -0.003058 0.005338
    15 0.007872 0.003559 -0.000436 -3.124798 -0.001004 0.009074
    16 0.012690 -0.008244 0.010269 -3.131666 0.016691 0.012264
    17 3.571513 0.109304 0.409580 -0.000005 0.000008 -0.427623
    18 2.150648 0.000002 -0.000003 0.000000 0.000000 -0.663248
    19 1.152746 -0.000003 0.000003 0.000000 0.000000 -0.523596
    20 0.000419 0.016150 0.002405 3.136320 -0.007304 -0.003105
    21 0.001816 -0.009672 -0.007393 3.139013 -0.008631 -0.008588
    22 -0.003752 -0.011593 -0.001195 3.133090 0.002976 0.014444
    23 3.684098 -0.158697 1.419183 -0.000004 0.000006 -0.253070
    24 1.701014 0.000004 0.000004 0.000000 0.000000 -0.602155
    25 0.994714 -0.000002 -0.000008 0.000000 0.000000 -0.357793
    26 0.021160 0.011093 -0.004108 -3.137926 -0.002080 -0.001153
    27 -0.003428 0.010128 -0.008341 -3.140832 -0.004146 -0.019238
    28 0.004127 0.010881 0.000767 3.138806 -0.003164 -0.013821
    29 1.068074 -1.287202 0.981906 1.925945 -0.499329 -0.437809
    30 1.836308 -0.000001 0.000002 0.074239 -0.172997 -0.593151
    31 1.223949 -0.000002 0.000002 0.027405 -0.026921 -0.598145
    32 -0.012758 0.013269 0.005633 -3.132442 0.011957 -0.016684
    33 0.003252 0.002937 0.004907 3.134101 -0.012025 0.011384
    34 0.017597 0.001415 -0.271330 3.132743 -0.094250 -0.000348
    35 -0.034845 0.015532 -0.006371 -3.119476 -0.012752 0.011827
    36 6.868289 0.000003 0.000003 1.894355 0.030285 0.157876
    37 -6.002364 -0.460211 -0.868646 -0.695749 -0.131805 0.077518
    38 -6.002752 -0.459276 -0.867383 -0.699507 -0.131813 0.077097
    39 -10.921875 -4.957031 -11.492188 -1.570794 0.087264 -1.570796
    40 -0.000001 -0.000002 0.000004 -0.099714 -0.167510 0.227226
    41 10.907397 0.000000 -0.000001 -0.000346 -0.000019 -1.095083
    42 10.424307 0.000001 0.000016 -0.371254 -0.045214 0.053178
    43 2.997296 0.000062 1.477484 0.000000 0.104709 -1.038495
    44 1.510386 -0.000002 0.000000 0.000000 0.000000 -1.487421
    45 0.808652 0.000001 -0.000003 -0.087176 0.081579 -1.026208
    46 -0.010181 0.001544 -0.002427 3.133438 0.004938 -0.014530
    47 -0.007761 0.000776 -0.012938 -3.140949 0.009512 -0.002789
    48 -0.003515 0.022163 -0.007593 -3.131007 0.004989 -0.015563
    49 3.305811 0.201132 0.547463 0.097207 -0.050299 -0.854780
    50 1.807181 -0.000005 -0.000002 0.025551 -0.090831 -1.134072
    51 0.966146 0.000000 0.000000 0.000000 0.000000 -1.579521
    52 -0.004041 0.002991 -0.002260 -3.129316 0.007469 -0.002160
    53 -0.016014 -0.012525 -0.005755 -3.127586 -0.003209 -0.007102
    54 -0.010741 -0.015351 -0.005964 -3.141244 -0.014366 0.013993
    55 3.571526 0.110787 -0.409180 -0.010415 -0.147986 -0.662471
    56 2.150658 0.000000 0.000000 0.000000 0.000000 -1.646567
    57 1.152748 0.000002 -0.000001 0.000000 0.000000 -1.038446
    58 -0.009424 0.003368 0.009511 3.138994 -0.007577 -0.001092
    59 -0.009795 0.006993 0.001619 3.137400 -0.006826 0.001062
    60 -0.005070 0.017085 0.007624 3.135509 0.005211 0.001477
    61 3.684113 -0.153569 -1.419744 -0.110126 -0.247589 -0.501144
    62 1.701014 -0.000001 0.000000 0.000000 0.000000 -0.473560
    63 0.994705 -0.000004 0.000000 0.000000 0.000000 -0.436340
    64 0.015236 0.000657 -0.012633 3.136885 0.014164 0.000018
    65 -0.014324 -0.018461 0.000846 -3.134644 0.013210 0.007851
    66 -0.020566 0.000650 -0.004019 -3.126894 -0.002595 -0.013678
    67 1.068097 -1.283652 -0.986552 -2.005514 0.504587 -0.342586
    68 1.836308 -0.000002 0.000001 0.071726 -0.042782 -0.118805
    69 1.223948 0.000001 -0.000002 -0.030976 -0.071338 -0.420800
    70 -0.026768 0.000412 0.021024 -3.135050 0.011560 0.031832
    71 -0.030946 0.015453 0.007155 3.126687 -0.014474 -0.013279
    72 0.024326 0.034636 0.000721 -3.121606 0.015525 0.030344
    73 -0.046000 0.019587 0.021797 3.134639 0.020864 -0.001670
    74 6.694322 0.000002 0.000001 -0.776669 -0.155637 0.041325
    75 -6.579163 -0.452807 0.914976 1.390020 0.137634 0.072730
    76 -6.553783 -0.454803 0.900534 1.387994 0.108045 0.086436
  time 160
    0 -6.403457 -23.725581 -4.525619 0.943114 0.158956 2.599179
    1 7.820313 -3.039063 -8.804688 -1.082104 0.087263 -1.570797
    2 -0.000001 0.000002 0.000000 -0.020994 -0.098597 0.766843
    3 10.907404 0.000001 -0.000001 0.000000 0.000013 -0.428170
    4 10.424325 -0.000011 -0.000033 2.468668 0.420356 -0.460671
    5 2.997275 0.005409 -1.477475 0.000000 0.000000 -0.471250
    6 1.510384 -0.000004 0.000000 0.000000 0.000000 -0.689434
    7 0.808659 -0.000001 0.000001 -0.000001 -0.000010 -0.654467
    8 -0.005463 0.010882 0.011922 -3.130701 -0.002586 -0.018476
    9 -0.001080 -0.005339 -0.002780 -3.138880 -0.004640 0.012721
    10 -0.019963 -0.004463 0.017139 3.137685 -0.000240 0.002472
    11 3.305800 0.203115 -0.546730 0.000000 0.000000 -0.488706
    12 1.807178 0.000000 -0.000004 -0.000011 0.000009 -0.637058
    13 0.966141 0.000003 -0.000001 0.000000 0.000000 -0.497419
    14 -0.002205 0.006298 0.000417 3.133979 -0.003058 0.005338
    15 0.007872 0.003559 -0.000436 -3.124798 -0.001004 0.009074
    16 0.012690 -0.008244 0.010269 -3.131666 0.016691 0.012264
    17 3.571513 0.109304 0.409580 -0.000005 0.000008 -0.427623
    18 2.150648 0.000002 -0.000003 0.000000 0.000000 -0.663248
    19 1.152746 -0.000003 0.000003 0.000000 0.000000 -0.523596
    20 0.000419 0.016150 0.002405 3.136320 -0.007304 -0.003105
    21 0.001816 -0.009672 -0.007393 3.139013 -0.008631 -0.008588
    22 -0.003752 -0.011593 -0.001195 3.133090 0.002976 0.014444
    23 3.684098 -0.158697 1.419183 -0.000004 0.000006 -0.253070
    24 1.701014 0.000004 0.000004 0.000000 0.000000 -0.602155
    25 0.994714 -0.000002 -0.000008 0.000000 0.000000 -0.357793
    26 0.021160 0.011093 -0.004108 -3.137926 -0.002080 -0.001153
    27 -0.003428 0.010128 -0.008341 -3.140832 -0.004146 -0.019238
    28 0.004127 0.010881 0.000767 3.138806 -0.003164 -0.013821
    29 1.068074 -1.287202 0.981906 1.925945 -0.499329 -0.437809
    30 1.836308 -0.000001 0.000002 0.074239 -0.172997 -0.593151
    31 1.223949 -0.000002 0.000002 0.027405 -0.026921 -0.598145
    32 -0.012758 0.013269 0.005633 -3.132442 0.011957 -0.016684
    33 0.003252 0.002937 0.004907 3.134101 -0.012025 0.011384
    34 0.017597 0.001415 -0.271330 3.132743 -0.094250 -0.000348
    35 -0.034845 0.015532 -0.006371 -3.119476 -0.012752 0.011827
    36 6.868289 0.000003 0.000003 1.894355 0.030285 0.157876
    37 -6.002364 -0.460211 -0.868646 -0.695749 -0.131805 0.077518
    38 -6.002752 -0.459276 -0.867383 -0.699507 -0.131813 0.077097
    39 -10.921875 -4.957031 -11.492188 -1.570794 0.087264 -1.570796
    40 -0.000001 -0.000002 0.000004 -0.099969 -0.167510 0.231272
    41 10.907397 0.000000 -0.000001 -0.000346 -0.000019 -1.097183
    42 10.424307 0.000001 0.000016 -0.373496 -0.045475 0.050399
    43 2.997296 0.000062 1.477484 0.000000 0.104709 -1.038495
    44 1.510386 -0.000002 0.000000 0.000000 0.000000 -1.485247
    45 0.808652 0.000001 -0.000003 -0.087176 0.081579 -1.026208
    46 -0.010181 0.001544 -0.002427 3.133438 0.004938 -0.014530
    47 -0.007761 0.000776 -0.012938 -3.140949 0.009512 -0.002789
    48 -0.003515 0.022163 -0.007593 -3.131007 0.004989 -0.015563
    49 3.305811 0.201132 0.547463 0.097207 -0.050299 -0.854780
    50 1.807181 -0.000005 -0.000002 0.025371 -0.090879 -1.132068
    51 0.966146 0.000000 0.000000 0.000000 0.000000 -1.579521
    52 -0.004041 0.002991 -0.002260 -3.129316 0.007469 -0.002160
    53 -0.016014 -0.012525 -0.005755 -3.127586 -0.003209 -0.007102
    54 -0.010741 -0.015351 -0.005964 -3.141244 -0.014366 0.013993
    55 3.571526 0.110787 -0.409180 -0.010415 -0.147986 -0.662471
    56 2.150658 0.000000 0.000000 0.000000 0.000000 -1.646741
    57 1.152748 0.000002 -0.000001 0.000000 0.000000 -1.038446
    58 -0.009424 0.003368 0.009511 3.138994 -0.007577 -0.001092
    59 -0.009795 0.006993 0.001619 3.137400 -0.006826 0.001062
    60 -0.005070 0.017085 0.007624 3.135509 0.005211 0.001477
    61 3.684113 -0.153569 -1.419744 -0.109395 -0.247913 -0.504159
    62 1.701014 -0.000001 0.000000 0.000000 0.000000 -0.473560
    63 0.994705 -0.000004 0.000000 0.000000 0.000000 -0.436340
    64 0.015236 0.000657 -0.012633 3.136885 0.014164 0.000018
    65 -0.014324 -0.018461 0.000846 -3.134644 0.013210 0.007851
    66 -0.020566 0.000650 -0.004019 -3.126894 -0.002595 -0.013678
    67 1.068097 -1.283652 -0.986552 -2.004708 0.505294 -0.340896
    68 1.836308 -0.000002 0.000001 0.071726 -0.042782 -0.118805
    69 1.223948 0.000001 -0.000002 -0.030976 -0.071338 -0.420800
    70 -0.026768 0.000412 0.021024 -3.135050 0.011560 0.031832
    71 -0.030946 0.015453 0.007155 3.126687 -0.014474 -0.013279
    72 0.024326 0.034636 0.000721 -3.121606 0.015525 0.030344
    73 -0.046000 0.019587 0.021797 3.134639 0.020864 -0.001670
    74 6.694322 0.000002 0.000001 -0.777902 -0.155589 0.041516
    75 -6.579163 -0.452807 0.914976 1.390020 0.137634 0.072730
    76 -6.553783 -0.454803 0.900534 1.387994 0.108045 0.086436
  time 161
    0 -6.403457 -23.721674 -4.584215 0.945460 0.158956 2.598231
    1 7.820313 -3.039063 -8.804688 -1.082104 0.087263 -1.570797
    2 -0.000001 0.000002 0.000000 -0.025307 -0.101693 0.783238
    3 10.907404 0.000001 -0.000001 0.000000 0.000025 -0.497659
    4 10.424325 -0.000011 -0.000033 2.460495 0.413489 -0.422772
    5 2.997275 0.005409 -1.477475 0.000000 0.000000 -0.471250
    6 1.510384 -0.000004 0.000000 0.000000 0.000000 -0.689434
    7 0.808659 -0.000001 0.000001 -0.000001 -0.000010 -0.654467
    8 -0.005463 0.010882 0.011922 -3.130701 -0.002586 -0.018476
    9 -0.001080 -0.005339 -0.002780 -3.138880 -0.004640 0.012721
    10 -0.019963 -0.004463 0.017139 3.137685 -0.000240 0.002472
    11 3.305800 0.203115 -0.546730 0.000000 0.000000 -0.488706
    12 1.807178 0.000000 -0.000004 -0.000011 0.000009 -0.637058
    13 0.966141 0.000003 -0.000001 0.000000 0.000000 -0.497419
    14 -0.002205 0.006298 0.000417 3.133979 -0.003058 0.005338
    15 0.007872 0.003559 -0.000436 -3.124798 -0.001004 0.009074
    16 0.012690 -0.008244 0.010269 -3.131666 0.016691 0.012264
    17 3.571513 0.109304 0.409580 -0.000005 0.000008 -0.427623
    18 2.150648 0.000002 -0.000003 0.000000 0.000000 -0.663248
    19 1.152746 -0.000003 0.000003 0.000000 0.000000 -0.523596
    20 0.000419 0.016150 0.002405 3.136320 -0.007304 -0.003105
    21 0.001816 -0.009672 -0.007393 3.139013 -0.008631 -0.008588
    22 -0.003752 -0.011593 -0.001195 3.133090 0.002976 0.014444
    23 3.684098 -0.158697 1.419183 -0.000004 0.000006 -0.253070
    24 1.701014 0.000004 0.000004 0.000000 0.000000 -0.602155
    25 0.994714 -0.000002 -0.000008 0.000000 0.000000 -0.357793
    26 0.021160 0.011093 -0.004108 -3.137926 -0.002080 -0.001153
    27 -0.003428 0.010128 -0.008341 -3.140832 -0.004146 -0.019238
    28 0.004127 0.010881 0.000767 3.138806 -0.003164 -0.013821
    29 1.068074 -1.287202 0.981906 1.926568 -0.501513 -0.438882
    30 1.836308 -0.000001 0.000002 0.073807 -0.173129 -0.590764
    31 1.223949 -0.000002 0.000002 0.027345 -0.026993 -0.595776
    32 -0.012758 0.013269 0.005633 -3.132442 0.011957 -0.016684
    33 0.003252 0.002937 0.004907 3.134101 -0.012025 0.011384
    34 0.017597 0.001415 -0.271330 3.132743 -0.094250 -0.000348
    35 -0.034845 0.015532 -0.006371 -3.119476 -0.012752 0.011827
    36 6.868289 0.000003 0.000003 1.878506 0.032801 0.157385
    37 -6.002364 -0.460211 -0.868646 -0.695749 -0.131805 0.077518
    38 -6.002752 -0.459276 -0.867383 -0.699507 -0.131813 0.077097
    39 -10.921875 -4.957031 -11.492188 -1.570794 0.087264 -1.570796
    40 -0.000001 -0.000002 0.000004 -0.100192 -0.167547 0.235587
    41 10.907397 0.000000 -0.000001 -0.000346 -0.000019 -1.099459
    42 10.424307 0.000001 0.000016 -0.376188 -0.045700 0.048141
    43 2.997296 0.000062 1.477484 0.000000 0.104709 -1.038495
    44 1.510386 -0.000002 0.000000 0.000000 0.000000 -1.482467
    45 0.808652 0.000001 -0.000003 -0.087176 0.081579 -1.026208
    46 -0.010181 0.001544 -0.002427 3.133438 0.004938 -0.014530
    47 -0.007761 0.000776 -0.012938 -3.140949 0.009512 -0.002789
    48 -0.003515 0.022163 -0.007593 -3.131007 0.004989 -0.015563
    49 3.305811 0.201132 0.547463 0.097207 -0.050299 -0.854780
    50 1.807181 -0.000005 -0.000002 0.025216 -0.090927 -1.130451
    51 0.966146 0.000000 0.000000 0.000000 0.000000 -1.579521
    52 -0.004041 0.002991 -0.002260 -3.129316 0.007469 -0.002160
    53 -0.016014 -0.012525 -0.005755 -3.127586 -0.003209 -0.007102
    54 -0.010741 -0.015351 -0.005964 -3.141244 -0.014366 0.013993
    55 3.571526 0.110787 -0.409180 -0.010415 -0.147986 -0.662471
    56 2.150658 0.000000 0.000000 0.000000 0.000000 -1.647219
    57 1.152748 0.000002 -0.000001 0.000000 0.000000 -1.038446
    58 -0.009424 0.003368 0.009511 3.138994 -0.007577 -0.001092
    59 -0.009795 0.006993 0.001619 3.137400 -0.006826 0.001062
    60 -0.005070 0.017085 0.007624 3.135509 0.005211 0.001477
    61 3.684113 -0.153569 -1.419744 -0.108580 -0.248260 -0.507460
    62 1.701014 -0.000001 0.000000 0.000000 0.000000 -0.473560
    63 0.994705 -0.000004 0.000000 0.000000 0.000000 -0.436340
    64 0.015236 0.000657 -0.012633 3.136885 0.014164 0.000018
    65 -0.014324 -0.018461 0.000846 -3.134644 0.013210 0.007851
    66 -0.020566 0.000650 -0.004019 -3.126894 -0.002595 -0.013678
    67 1.068097 -1.283652 -0.986552 -2.004098 0.505821 -0.339614
    68 1.836308 -0.000002 0.000001 0.071726 -0.042782 -0.118805
    69 1.223948 0.000001 -0.000002 -0.030976 -0.071338 -0.420800
    70 -0.026768 0.000412 0.021024 -3.135050 0.011560 0.031832
    71 -0.030946 0.015453 0.007155 3.126687 -0.014474 -0.013279
    72 0.024326 0.034636 0.000721 -3.121606 0.015525 0.030344
    73 -0.046000 0.019587 0.021797 3.134639 0.020864 -0.001670
    74 6.694322 0.000002 0.000001 -0.779318 -0.155529 0.041744
    75 -6.579163 -0.452807 0.914976 1.390020 0.137634 0.072730
    76 -6.553783 -0.454803 0.900534 1.387994 0.108045 0.086436
  time 162
    0 -6.399550 -23.737300 -4.795159 0.983834 0.126386 2.552425
    1 7.820313 -3.039063 -8.804688 -1.082104 0.087263 -1.570797
    2 -0.000001 0.000002 0.000000 -0.035641 -0.110139 0.802857
    3 10.907404 0.000001 -0.000001 0.000000 0.000025 -0.638465
    4 10.424325 -0.000011 -0.000033 2.439435 0.394254 -0.342624
    5 2.997275 0.005409 -1.477475 0.000000 0.000000 -0.471250
    6 1.510384 -0.000004 0.000000 0.000000 0.000000 -0.689434
    7 0.808659 -0.000001 0.000001 -0.000001 -0.000010 -0.654467
    8 -0.005463 0.010882 0.011922 -3.130701 -0.002586 -0.018476
    9 -0.001080 -0.005339 -0.002780 -3.138880 -0.004640 0.012721
    10 -0.019963 -0.004463 0.017139 3.137685 -0.000240 0.002472
    11 3.305800 0.203115 -0.546730 0.000000 0.000000 -0.488706
    12 1.807178 0.000000 -0.000004 -0.000011 0.000009 -0.637058
    13 0.966141 0.000003 -0.000001 0.000000 0.000000 -0.497419
    14 -0.002205 0.006298 0.000417 3.133979 -0.003058 0.005338
    15 0.007872 0.003559 -0.000436 -3.124798 -0.001004 0.009074
    16 0.012690 -0.008244 0.010269 -3.131666 0.016691 0.012264
    17 3.571513 0.109304 0.409580 -0.000005 0.000008 -0.427623
    18 2.150648 0.000002 -0.000003 0.000000 0.000000 -0.663248
    19 1.152746 -0.000003 0.000003 0.000000 0.000000 -0.523596
    20 0.000419 0.016150 0.002405 3.136320 -0.007304 -0.003105
    21 0.001816 -0.009672 -0.007393 3.139013 -0.008631 -0.008588
    22 -0.003752 -0.011593 -0.001195 3.133090 0.002976 0.014444
    23 3.684098 -0.158697 1.419183 -0.000004 0.000006 -0.253070
    24 1.701014 0.000004 0.000004 0.000000 0.000000 -0.602155
    25 0.994714 -0.000002 -0.000008 0.000000 0.000000 -0.357817
    26 0.021160 0.011093 -0.004108 -3.137926 -0.002080 -0.001153
    27 -0.003428 0.010128 -0.008341 -3.140832 -0.004146 -0.019238
    28 0.004127 0.010881 0.000767 3.138806 -0.003164 -0.013821
    29 1.068074 -1.287202 0.981906 1.928330 -0.507692 -0.441947
    30 1.836308 -0.000001 0.000002 0.072597 -0.173476 -0.583981
    31 1.223949 -0.000002 0.000002 0.027177 -0.027209 -0.589110
    32 -0.012758 0.013269 0.005633 -3.132442 0.011957 -0.016684
    33 0.003252 0.002937 0.004907 3.134101 -0.012025 0.011384
    34 0.017597 0.001415 -0.271330 3.132743 -0.094250 -0.000348
    35 -0.034845 0.015532 -0.006371 -3.119476 -0.012752 0.011827
    36 6.868289 0.000003 0.000003 1.845864 0.037955 0.156222
    37 -6.002364 -0.460211 -0.868646 -0.695749 -0.131805 0.077518
    38 -6.002752 -0.459276 -0.867383 -0.699507 -0.131813 0.077097
    39 -10.921875 -4.957031 -11.492188 -1.570794 0.087264 -1.570796
    40 -0.000001 -0.000002 0.000004 -0.099140 -0.164177 0.249252
    41 10.907397 0.000000 -0.000001 -0.000346 -0.000019 -1.108386
    42 10.424307 0.000001 0.000016 -0.447653 -0.044428 0.044928
    43 2.997296 0.000062 1.477484 0.000000 0.104709 -1.038495
    44 1.510386 -0.000002 0.000000 0.000000 0.000000 -1.479016
    45 0.808652 0.000001 -0.000003 -0.087176 0.081579 -1.026208
    46 -0.010181 0.001544 -0.002427 3.133438 0.004938 -0.014530
    47 -0.007761 0.000776 -0.012938 -3.140949 0.009512 -0.002789
    48 -0.003515 0.022163 -0.007593 -3.131007 0.004989 -0.015563
    49 3.305811 0.201132 0.547463 0.097207 -0.050299 -0.854780
    50 1.807181 -0.000005 -0.000002 0.025120 -0.090963 -1.129361
    51 0.966146 0.000000 0.000000 0.000000 0.000000 -1.579521
    52 -0.004041 0.002991 -0.002260 -3.129316 0.007469 -0.002160
    53 -0.016014 -0.012525 -0.005755 -3.127586 -0.003209 -0.007102
    54 -0.010741 -0.015351 -0.005964 -3.141244 -0.014366 0.013993
    55 3.571526 0.110787 -0.409180 -0.010415 -0.147986 -0.662471
    56 2.150658 0.000000 0.000000 0.000000 0.000000 -1.648043
    57 1.152748 0.000002 -0.000001 0.000000 0.000000 -1.038446
    58 -0.009424 0.003368 0.009511 3.138994 -0.007577 -0.001092
    59 -0.009795 0.006993 0.001619 3.137400 -0.006826 0.001062
    60 -0.005070 0.017085 0.007624 3.135509 0.005211 0.001477
    61 3.684113 -0.153569 -1.419744 -0.107694 -0.248632 -0.511028
    62 1.701014 -0.000001 0.000000 0.000000 0.000000 -0.473560
    63 0.994705 -0.000004 0.000000 0.000000 0.000000 -0.436340
    64 0.015236 0.000657 -0.012633 3.136885 0.014164 0.000018
    65 -0.014324 -0.018461 0.000846 -3.134644 0.013210 0.007851
    66 -0.020566 0.000650 -0.004019 -3.126894 -0.002595 -0.013678
    67 1.068097 -1.283652 -0.986552 -2.003708 0.506169 -0.338799
    68 1.836308 -0.000002 0.000001 0.071726 -0.042782 -0.118805
    69 1.223948 0.000001 -0.000002 -0.030976 -0.071338 -0.420800
    70 -0.026768 0.000412 0.021024 -3.135050 0.011560 0.031832
    71 -0.030946 0.015453 0.007155 3.126687 -0.014474 -0.013279
    72 0.024326 0.034636 0.000721 -3.121606 0.015525 0.030344
    73 -0.046000 0.019587 0.021797 3.134639 0.020864 -0.001670
    74 6.694322 0.000002 0.000001 -0.815580 -0.153923 0.047329
    75 -6.579163 -0.452807 0.914976 1.390020 0.137634 0.072730
    76 -6.553783 -0.454803 0.900534 1.387994 0.108045 0.086436
  time 163
    0 -6.415176 -23.803708 -5.263923 1.088826 0.046722 2.426291
    1 7.820313 -3.039063 -8.804688 -1.082104 0.087263 -1.570797
    2 -0.000001 0.000002 0.000000 -0.049319 -0.122595 0.795615
    3 10.907404 0.000001 -0.000001 0.000000 0.000025 -0.779728
    4 10.424325 -0.000011 -0.000033 2.411821 0.364652 -0.253608
    5 2.997275 0.005409 -1.477475 0.000000 0.000000 -0.469425
    6 1.510384 -0.000004 0.000000 0.000000 0.000000 -0.687595
    7 0.808659 -0.000001 0.000001 -0.000001 -0.000010 -0.652650
    8 -0.005463 0.010882 0.011922 -3.130701 -0.002586 -0.018476
    9 -0.001080 -0.005339 -0.002780 -3.138880 -0.004640 0.012721
    10 -0.019963 -0.004463 0.017139 3.137685 -0.000240 0.002472
    11 3.305800 0.203115 -0.546730 0.000000 0.000000 -0.486871
    12 1.807178 0.000000 -0.000004 -0.000011 0.000009 -0.635230
    13 0.966141 0.000003 -0.000001 0.000000 0.000000 -0.495590
    14 -0.002205 0.006298 0.000417 3.133979 -0.003058 0.005338
    15 0.007872 0.003559 -0.000436 -3.124798 -0.001004 0.009074
    16 0.012690 -0.008244 0.010269 -3.131666 0.016691 0.012264
    17 3.571513 0.109304 0.409580 -0.000005 0.000008 -0.425793
    18 2.150648 0.000002 -0.000003 0.000000 0.000000 -0.661412
    19 1.152746 -0.000003 0.000003 0.000000 0.000000 -0.521726
    20 0.000419 0.016150 0.002405 3.136320 -0.007304 -0.003105
    21 0.001816 -0.009672 -0.007393 3.139013 -0.008631 -0.008588
    22 -0.003752 -0.011593 -0.001195 3.133090 0.002976 0.014444
    23 3.684098 -0.158697 1.419183 -0.000004 0.000006 -0.251215
    24 1.701014 0.000004 0.000004 0.000000 0.000000 -0.600333
    25 0.994714 -0.000002 -0.000008 0.000000 0.000000 -0.355980
    26 0.021160 0.011093 -0.004108 -3.137926 -0.002080 -0.001153
    27 -0.003428 0.010128 -0.008341 -3.140832 -0.004146 -0.019238
    28 0.004127 0.010881 0.000767 3.138806 -0.003164 -0.013821
    29 1.068074 -1.287202 0.981906 1.931074 -0.517341 -0.446708
    30 1.836308 -0.000001 0.000002 0.070703 -0.174028 -0.573413
    31 1.223949 -0.000002 0.000002 0.026925 -0.027545 -0.578722
    32 -0.012758 0.013269 0.005633 -3.132442 0.011957 -0.016684
    33 0.003252 0.002937 0.004907 3.134101 -0.012025 0.011384
    34 0.017597 0.001415 -0.271330 3.132743 -0.094250 -0.000348
    35 -0.034845 0.015532 -0.006371 -3.119476 -0.012752 0.011827
    36 6.868289 0.000003 0.000003 1.812619 0.043168 0.154880
    37 -6.002364 -0.460211 -0.868646 -0.695749 -0.131805 0.077518
    38 -6.002752 -0.459276 -0.867383 -0.699507 -0.131813 0.077097
    39 -10.921875 -4.957031 -11.492188 -1.570794 0.087264 -1.570796
    40 -0.000001 -0.000002 0.000004 -0.095348 -0.154882 0.278021
    41 10.907397 0.000000 -0.000001 -0.000346 -0.000019 -1.127464
    42 10.424307 0.000001 0.000016 -0.634089 -0.040539 0.039457
    43 2.997296 0.000062 1.477484 0.000000 0.104709 -1.038495
    44 1.510386 -0.000002 0.000000 0.000000 0.000000 -1.474797
    45 0.808652 0.000001 -0.000003 -0.087176 0.081579 -1.026208
    46 -0.010181 0.001544 -0.002427 3.133438 0.004938 -0.014530
    47 -0.007761 0.000776 -0.012938 -3.140949 0.009512 -0.002789
    48 -0.003515 0.022163 -0.007593 -3.131007 0.004989 -0.015563
    49 3.305811 0.201132 0.547463 0.097207 -0.050299 -0.854780
    50 1.807181 -0.000005 -0.000002 0.025084 -0.090975 -1.128939
    51 0.966146 0.000000 0.000000 0.000000 0.000000 -1.579521
    52 -0.004041 0.002991 -0.002260 -3.129316 0.007469 -0.002160
    53 -0.016014 -0.012525 -0.005755 -3.127586 -0.003209 -0.007102
    54 -0.010741 -0.015351 -0.005964 -3.141244 -0.014366 0.013993
    55 3.571526 0.110787 -0.409180 -0.010415 -0.147986 -0.662471
    56 2.150658 0.000000 0.000000 0.000000 0.000000 -1.649346
    57 1.152748 0.000002 -0.000001 0.000000 0.000000 -1.038446
    58 -0.009424 0.003368 0.009511 3.138994 -0.007577 -0.001092
    59 -0.009795 0.006993 0.001619 3.137400 -0.006826 0.001062
    60 -0.005070 0.017085 0.007624 3.135509 0.005211 0.001477
    61 3.684113 -0.153569 -1.419744 -0.106771 -0.249015 -0.514780
    62 1.701014 -0.000001 0.000000 0.000000 0.000000 -0.863960
    63 0.994705 -0.000004 0.000000 0.000000 0.000000 -0.436340
    64 0.015236 0.000657 -0.012633 3.136885 0.014164 0.000018
    65 -0.014324 -0.018461 0.000846 -3.134644 0.013210 0.007851
    66 -0.020566 0.000650 -0.004019 -3.126894 -0.002595 -0.013678
    67 1.068097 -1.283652 -0.986552 -2.003578 0.506289 -0.338511
    68 1.836308 -0.000002 0.000001 0.071726 -0.042782 -0.118805
    69 1.223948 0.000001 -0.000002 -0.030976 -0.071338 -0.420800
    70 -0.026768 0.000412 0.021024 -3.135050 0.011560 0.031832
    71 -0.030946 0.015453 0.007155 3.126687 -0.014474 -0.013279
    72 0.024326 0.034636 0.000721 -3.121606 0.015525 0.030344
    73 -0.046000 0.019587 0.021797 3.134639 0.020864 -0.001670
    74 6.694322 0.000002 0.000001 -0.910072 -0.148830 0.061591
    75 -6.579163 -0.452807 0.914976 1.390020 0.137634 0.072730
    76 -6.553783 -0.454803 0.900534 1.387994 0.108045 0.086436
  time 164
    0 -6.497209 -23.956056 -5.959257 1.254804 -0.047784 2.231401
    1 7.820313 -3.039063 -8.804688 -1.082104 0.087263 -1.570797
    2 -0.000001 0.000002 0.000000 -0.064094 -0.137749 0.750288
    3 10.907404 0.000001 -0.000001 0.000000 0.000025 -0.887068
    4 10.424325 -0.000011 -0.000033 2.384354 0.326685 -0.171703
    5 2.997275 0.005409 -1.477475 0.000000 0.000000 -0.464239
    6 1.510384 -0.000004 0.000000 0.000000 0.000000 -0.682407
    7 0.808659 -0.000001 0.000001 -0.000001 -0.000010 -0.647475
    8 -0.005463 0.010882 0.011922 -3.130701 -0.002586 -0.018476
    9 -0.001080 -0.005339 -0.002780 -3.138880 -0.004640 0.012721
    10 -0.019963 -0.004463 0.017139 3.137685 -0.000240 0.002472
    11 3.305800 0.203115 -0.546730 0.000000 0.000000 -0.481694
    12 1.807178 0.000000 -0.000004 -0.000011 0.000009 -0.630036
    13 0.966141 0.000003 -0.000001 0.000000 0.000000 -0.490364
    14 -0.002205 0.006298 0.000417 3.133979 -0.003058 0.005338
    15 0.007872 0.003559 -0.000436 -3.124798 -0.001004 0.009074
    16 0.012690 -0.008244 0.010269 -3.131666 0.016691 0.012264
    17 3.571513 0.109304 0.409580 -0.000005 0.000008 -0.420610
    18 2.150648 0.000002 -0.000003 0.000000 0.000000 -0.656239
    19 1.152746 -0.000003 0.000003 0.000000 0.000000 -0.516572
    20 0.000419 0.016150 0.002405 3.136320 -0.007304 -0.003105
    21 0.001816 -0.009672 -0.007393 3.139013 -0.008631 -0.008588
    22 -0.003752 -0.011593 -0.001195 3.133090 0.002976 0.014444
    23 3.684098 -0.158697 1.419183 -0.000004 0.000006 -0.246033
    24 1.701014 0.000004 0.000004 0.000000 0.000000 -0.595139
    25 0.994714 -0.000002 -0.000008 0.000000 0.000000 -0.350785
    26 0.021160 0.011093 -0.004108 -3.137926 -0.002080 -0.001153
    27 -0.003428 0.010128 -0.008341 -3.140832 -0.004146 -0.019238
    28 0.004127 0.010881 0.000767 3.138806 -0.003164 -0.013821
    29 1.068074 -1.287202 0.981906 1.934645 -0.529923 -0.452940
    30 1.836308 -0.000001 0.000002 0.068247 -0.174747 -0.559641
    31 1.223949 -0.000002 0.000002 0.026578 -0.027976 -0.565153
    32 -0.012758 0.013269 0.005633 -3.132442 0.011957 -0.016684
    33 0.003252 0.002937 0.004907 3.134101 -0.012025 0.011384
    34 0.017597 0.001415 -0.271330 3.132743 -0.094250 -0.000348
    35 -0.034845 0.015532 -0.006371 -3.119476 -0.012752 0.011827
    36 6.868289 0.000003 0.000003 1.786279 0.047267 0.153681
    37 -6.002364 -0.460211 -0.868646 -0.695749 -0.131805 0.077518
    38 -6.002752 -0.459276 -0.867383 -0.699507 -0.131813 0.077097
    39 -10.921875 -4.957031 -11.492188 -1.570794 0.087264 -1.570796
    40 -0.000001 -0.000002 0.000004 -0.088784 -0.140773 0.316589
    41 10.907397 0.000000 -0.000001 -0.000346 -0.000019 -1.151619
    42 10.424307 0.000001 0.000016 -0.902382 -0.034331 0.031033
    43 2.997296 0.000062 1.477484 0.000000 0.102276 -1.038495
    44 1.510386 -0.000002 0.000000 0.000000 0.000000 -1.456325
    45 0.808652 0.000001 -0.000003 -0.087931 0.079769 -1.043014
    46 -0.010181 0.001544 -0.002427 3.133438 0.004938 -0.014530
    47 -0.007761 0.000776 -0.012938 -3.140949 0.009512 -0.002789
    48 -0.003515 0.022163 -0.007593 -3.131007 0.004989 -0.015563
    49 3.305811 0.201132 0.547463 0.097411 -0.049784 -0.859815
    50 1.807181 -0.000005 -0.000002 0.025084 -0.090975 -1.128939
    51 0.966146 0.000000 0.000000 0.000000 0.000000 -1.579521
    52 -0.004041 0.002991 -0.002260 -3.129316 0.007469 -0.002160
    53 -0.016014 -0.012525 -0.005755 -3.127586 -0.003209 -0.007102
    54 -0.010741 -0.015351 -0.005964 -3.141244 -0.014366 0.013993
    55 3.571526 0.110787 -0.409180 -0.009012 -0.147794 -0.672112
    56 2.150658 0.000000 0.000000 0.000000 0.000000 -1.656118
    57 1.152748 0.000002 -0.000001 0.000000 0.000000 -1.038446
    58 -0.009424 0.003368 0.009511 3.138994 -0.007577 -0.001092
    59 -0.009795 0.006993 0.001619 3.137400 -0.006826 0.001062
    60 -0.005070 0.017085 0.007624 3.135509 0.005211 0.001477
    61 3.684113 -0.153569 -1.419744 -0.105812 -0.249411 -0.518676
    62 1.701014 -0.000001 0.000000 0.000000 0.000000 -0.983322
    63 0.994705 -0.000004 0.000000 0.000000 0.000000 -0.442842
    64 0.015236 0.000657 -0.012633 3.136885 0.014164 0.000018
    65 -0.014324 -0.018461 0.000846 -3.134644 0.013210 0.007851
    66 -0.020566 0.000650 -0.004019 -3.126894 -0.002595 -0.013678
    67 1.068097 -1.283652 -0.986552 -2.005812 0.502741 -0.343545
    68 1.836308 -0.000002 0.000001 0.072001 -0.041896 -0.129951
    69 1.223948 0.000001 -0.000002 -0.030976 -0.071338 -0.420800
    70 -0.026768 0.000412 0.021024 -3.135050 0.011560 0.031832
    71 -0.030946 0.015453 0.007155 3.126687 -0.014474 -0.013279
    72 0.024326 0.034636 0.000721 -3.121606 0.015525 0.030344
    73 -0.046000 0.019587 0.021797 3.134639 0.020864 -0.001670
    74 6.694322 0.000002 0.000001 -1.045622 -0.139230 0.081078
    75 -6.579163 -0.452807 0.914976 1.390020 0.137634 0.072730
    76 -6.553783 -0.454803 0.900534 1.387994 0.108045 0.086436
  time 165
    0 -6.708153 -24.213877 -6.814752 1.471824 -0.122637 1.983212
    1 7.820313 -3.039063 -8.804688 -1.082104 0.087263 -1.570797
    2 -0.000001 0.000002 0.000000 -0.077338 -0.154240 0.667633
    3 10.907404 0.000001 -0.000001 0.000000 0.000025 -0.945634
    4 10.424325 -0.000011 -0.000033 2.362631 0.282114 -0.106976
    5 2.997275 0.005409 -1.477475 0.000000 0.000000 -0.456137
    6 1.510384 -0.000004 0.000000 0.000000 0.000000 -0.674317
    7 0.808659 -0.000001 0.000001 -0.000001 -0.000010 -0.639382
    8 -0.005463 0.010882 0.011922 -3.130701 -0.002586 -0.018476
    9 -0.001080 -0.005339 -0.002780 -3.138880 -0.004640 0.012721
    10 -0.019963 -0.004463 0.017139 3.137685 -0.000240 0.002472
    11 3.305800 0.203115 -0.546730 0.000000 0.000000 -0.473586
    12 1.807178 0.000000 -0.000004 -0.000011 0.000009 -0.621944
    13 0.966141 0.000003 -0.000001 0.000000 0.000000 -0.482307
    14 -0.002205 0.006298 0.000417 3.133979 -0.003058 0.005338
    15 0.007872 0.003559 -0.000436 -3.124798 -0.001004 0.009074
    16 0.012690 -0.008244 0.010269 -3.131666 0.016691 0.012264
    17 3.571513 0.109304 0.409580 -0.000005 0.000008 -0.412511
    18 2.150648 0.000002 -0.000003 0.000000 0.000000 -0.648118
    19 1.152746 -0.000003 0.000003 0.000000 0.000000 -0.508488
    20 0.000419 0.016150 0.002405 3.136320 -0.007304 -0.003105
    21 0.001816 -0.009672 -0.007393 3.139013 -0.008631 -0.008588
    22 -0.003752 -0.011593 -0.001195 3.133090 0.002976 0.014444
    23 3.684098 -0.158697 1.419183 -0.000004 0.000006 -0.237942
    24 1.701014 0.000004 0.000004 0.000000 0.000000 -0.587048
    25 0.994714 -0.000002 -0.000008 0.000000 0.000000 -0.342699
    26 0.021160 0.011093 -0.004108 -3.137926 -0.002080 -0.001153
    27 -0.003428 0.010128 -0.008341 -3.140832 -0.004146 -0.019238
    28 0.004127 0.010881 0.000767 3.138806 -0.003164 -0.013821
    29 1.068074 -1.287202 0.981906 1.938912 -0.544898 -0.460333
    30 1.836308 -0.000001 0.000002 0.065298 -0.175610 -0.543244
    31 1.223949 -0.000002 0.000002 0.026182 -0.028491 -0.548978
    32 -0.012758 0.013269 0.005633 -3.132442 0.011957 -0.016684
    33 0.003252 0.002937 0.004907 3.134101 -0.012025 0.011384
    34 0.017597 0.001415 -0.271330 3.132743 -0.094250 -0.000348
    35 -0.034845 0.015532 -0.006371 -3.119476 -0.012752 0.011827
    36 6.868289 0.000003 0.000003 1.769335 0.049867 0.152866
    37 -6.002364 -0.460211 -0.868646 -0.695749 -0.131805 0.077518
    38 -6.002752 -0.459276 -0.867383 -0.699507 -0.131813 0.077097
    39 -10.921875 -4.957031 -11.492188 -1.570794 0.087264 -1.570796
    40 -0.000001 -0.000002 0.000004 -0.079511 -0.123073 0.359833
    41 10.907397 0.000000 -0.000001 -0.000346 -0.000019 -1.176299
    42 10.424307 0.000001 0.000016 -1.219189 -0.025992 0.019657
    43 2.997296 0.000062 1.477484 0.000000 0.095589 -1.038495
    44 1.510386 -0.000002 0.000000 0.000000 0.000000 -1.413819
    45 0.808652 0.000001 -0.000003 -0.089980 0.074784 -1.089025
    46 -0.010181 0.001544 -0.002427 3.133438 0.004938 -0.014530
    47 -0.007761 0.000776 -0.012938 -3.140949 0.009512 -0.002789
    48 -0.003515 0.022163 -0.007593 -3.131007 0.004989 -0.015563
    49 3.305811 0.201132 0.547463 0.097950 -0.048370 -0.873681
    50 1.807181 -0.000005 -0.000002 0.025084 -0.090975 -1.128939
    51 0.966146 0.000000 0.000000 0.000000 0.000000 -1.579521
    52 -0.004041 0.002991 -0.002260 -3.129316 0.007469 -0.002160
    53 -0.016014 -0.012525 -0.005755 -3.127586 -0.003209 -0.007102
    54 -0.010741 -0.015351 -0.005964 -3.141244 -0.014366 0.013993
    55 3.571526 0.110787 -0.409180 -0.005165 -0.147267 -0.698584
    56 2.150658 0.000000 0.000000 0.000000 0.000000 -1.672006
    57 1.152748 0.000002 -0.000001 0.000000 0.000000 -1.038446
    58 -0.009424 0.003368 0.009511 3.138994 -0.007577 -0.001092
    59 -0.009795 0.006993 0.001619 3.137400 -0.006826 0.001062
    60 -0.005070 0.017085 0.007624 3.135509 0.005211 0.001477
    61 3.684113 -0.153569 -1.419744 -0.104829 -0.249806 -0.522634
    62 1.701014 -0.000001 0.000000 0.000000 0.000000 -1.106946
    63 0.994705 -0.000004 0.000000 0.000000 0.000000 -0.460688
    64 0.015236 0.000657 -0.012633 3.136885 0.014164 0.000018
    65 -0.014324 -0.018461 0.000846 -3.134644 0.013210 0.007851
    66 -0.020566 0.000650 -0.004019 -3.126894 -0.002595 -0.013678
    67 1.068097 -1.283652 -0.986552 -2.011943 0.493022 -0.357339
    68 1.836308 -0.000002 0.000001 0.072744 -0.039475 -0.160512
    69 1.223948 0.000001 -0.000002 -0.030976 -0.071338 -0.420800
    70 -0.026768 0.000412 0.021024 -3.135050 0.011560 0.031832
    71 -0.030946 0.015453 0.007155 3.126687 -0.014474 -0.013279
    72 0.024326 0.034636 0.000721 -3.121606 0.015525 0.030344
    73 -0.046000 0.019587 0.021797 3.134639 0.020864 -0.001670
    74 6.694322 0.000002 0.000001 -1.204921 -0.124705 0.102087
    75 -6.579163 -0.452807 0.914976 1.390020 0.137634 0.072730
    76 -6.553783 -0.454803 0.900534 1.387994 0.108045 0.086436
  time 166
    0 -7.102697 -24.549825 -7.740561 1.716897 -0.152185 1.709512
    1 7.820313 -3.039063 -8.804688 -1.082104 0.087263 -1.570797
    2 -0.000001 0.000002 0.000000 -0.086345 -0.170661 0.556605
    3 10.907404 0.000001 -0.000001 0.000000 0.000025 -0.951315
    4 10.424325 -0.000011 -0.000033 2.349671 0.232558 -0.068352
    5 2.997275 0.005409 -1.477475 0.000000 0.000000 -0.445587
    6 1.510384 -0.000004 0.000000 0.000000 0.000000 -0.663776
    7 0.808659 -0.000001 0.000001 -0.000001 -0.000010 -0.628812
    8 -0.005463 0.010882 0.011922 -3.130701 -0.002586 -0.018476
    9 -0.001080 -0.005339 -0.002780 -3.138880 -0.004640 0.012721
    10 -0.019963 -0.004463 0.017139 3.137685 -0.000240 0.002472
    11 3.305800 0.203115 -0.546730 0.000000 0.000000 -0.463040
    12 1.807178 0.000000 -0.000004 -0.000011 0.000009 -0.611398
    13 0.966141 0.000003 -0.000001 0.000000 0.000000 -0.471724
    14 -0.002205 0.006298 0.000417 3.133979 -0.003058 0.005338
    15 0.007872 0.003559 -0.000436 -3.124798 -0.001004 0.009074
    16 0.012690 -0.008244 0.010269 -3.131666 0.016691 0.012264
    17 3.571513 0.109304 0.409580 -0.000005 0.000008 -0.401947
    18 2.150648 0.000002 -0.000003 0.000000 0.000000 -0.637580
    19 1.152746 -0.000003 0.000003 0.000000 0.000000 -0.497927
    20 0.000419 0.016150 0.002405 3.136320 -0.007304 -0.003105
    21 0.001816 -0.009672 -0.007393 3.139013 -0.008631 -0.008588
    22 -0.003752 -0.011593 -0.001195 3.133090 0.002976 0.014444
    23 3.684098 -0.158697 1.419183 -0.000004 0.000006 -0.227387
    24 1.701014 0.000004 0.000004 0.000000 0.000000 -0.576486
    25 0.994714 -0.000002 -0.000008 0.000000 0.000000 -0.332138
    26 0.021160 0.011093 -0.004108 -3.137926 -0.002080 -0.001153
    27 -0.003428 0.010128 -0.008341 -3.140832 -0.004146 -0.019238
    28 0.004127 0.010881 0.000767 3.138806 -0.003164 -0.013821
    29 1.068074 -1.287202 0.981906 1.943706 -0.561758 -0.468678
    30 1.836308 -0.000001 0.000002 0.062003 -0.176568 -0.524801
    31 1.223949 -0.000002 0.000002 0.025727 -0.029079 -0.530807
    32 -0.012758 0.013269 0.005633 -3.132442 0.011957 -0.016684
    33 0.003252 0.002937 0.004907 3.134101 -0.012025 0.011384
    34 0.017597 0.001415 -0.271330 3.132743 -0.094250 -0.000348
    35 -0.034845 0.015532 -0.006371 -3.119476 -0.012752 0.011827
    36 6.868289 0.000003 0.000003 1.761599 0.051066 0.152471
    37 -6.002364 -0.460211 -0.868646 -0.695749 -0.131805 0.077518
    38 -6.002752 -0.459276 -0.867383 -0.699507 -0.131813 0.077097
    39 -10.921875 -4.957031 -11.492188 -1.570794 0.087264 -1.570796
    40 -0.000001 -0.000002 0.000004 -0.067816 -0.102965 0.402536
    41 10.907397 0.000000 -0.000001 -0.000346 -0.000019 -1.196953
    42 10.424307 0.000001 0.000016 -1.551696 -0.015708 0.005675
    43 2.997296 0.000062 1.477484 0.000000 0.085594 -1.038495
    44 1.510386 -0.000002 0.000000 0.000000 0.000000 -1.352714
    45 0.808652 0.000001 -0.000003 -0.093036 0.067329 -1.157829
    46 -0.010181 0.001544 -0.002427 3.133438 0.004938 -0.014530
    47 -0.007761 0.000776 -0.012938 -3.140949 0.009512 -0.002789
    48 -0.003515 0.022163 -0.007593 -3.131007 0.004989 -0.015563
    49 3.305811 0.201132 0.547463 0.098777 -0.046249 -0.894424
    50 1.807181 -0.000005 -0.000002 0.025084 -0.090975 -1.128939
    51 0.966146 0.000000 0.000000 0.000000 0.000000 -1.579521
    52 -0.004041 0.002991 -0.002260 -3.129316 0.007469 -0.002160
    53 -0.016014 -0.012525 -0.005755 -3.127586 -0.003209 -0.007102
    54 -0.010741 -0.015351 -0.005964 -3.141244 -0.014366 0.013993
    55 3.571526 0.110787 -0.409180 0.000575 -0.146488 -0.738140
    56 2.150658 0.000000 0.000000 0.000000 0.000000 -1.694840
    57 1.152748 0.000002 -0.000001 0.000000 0.000000 -1.038446
    58 -0.009424 0.003368 0.009511 3.138994 -0.007577 -0.001092
    59 -0.009795 0.006993 0.001619 3.137400 -0.006826 0.001062
    60 -0.005070 0.017085 0.007624 3.135509 0.005211 0.001477
    61 3.684113 -0.153569 -1.419744 -0.103847 -0.250214 -0.526632
    62 1.701014 -0.000001 0.000000 0.000000 0.000000 -1.231509
    63 0.994705 -0.000004 0.000000 0.000000 0.000000 -0.487333
    64 0.015236 0.000657 -0.012633 3.136885 0.014164 0.000018
    65 -0.014324 -0.018461 0.000846 -3.134644 0.013210 0.007851
    66 -0.020566 0.000650 -0.004019 -3.126894 -0.002595 -0.013678
    67 1.068097 -1.283652 -0.986552 -2.021113 0.478508 -0.377964
    68 1.836308 -0.000002 0.000001 0.073847 -0.035867 -0.206185
    69 1.223948 0.000001 -0.000002 -0.030976 -0.071338 -0.420800
    70 -0.026768 0.000412 0.021024 -3.135050 0.011560 0.031832
    71 -0.030946 0.015453 0.007155 3.126687 -0.014474 -0.013279
    72 0.024326 0.034636 0.000721 -3.121606 0.015525 0.030344
    73 -0.046000 0.019587 0.021797 3.134639 0.020864 -0.001670
    74 6.694322 0.000002 0.000001 -1.371253 -0.106129 0.121286
    75 -6.579163 -0.452807 0.914976 1.390020 0.137634 0.072730
    76 -6.553783 -0.454803 0.900534 1.387994 0.108045 0.086436
  time 167
    0 -7.676933 -24.893585 -8.631213 1.957467 -0.124149 1.458289
    1 7.820313 -3.039063 -8.804688 -1.082104 0.087263 -1.570797
    2 -0.000001 0.000002 0.000000 -0.089535 -0.185698 0.432205
    3 10.907404 0.000001 -0.000001 0.000000 0.000025 -0.910724
    4 10.424325 -0.000011 -0.000033 2.345400 0.180029 -0.061353
    5 2.997275 0.005409 -1.477475 0.000000 0.000000 -0.433012
    6 1.510384 -0.000004 0.000000 0.000000 0.000000 -0.651192
    7 0.808659 -0.000001 0.000001 -0.000001 -0.000010 -0.616260
    8 -0.005463 0.010882 0.011922 -3.130701 -0.002586 -0.018476
    9 -0.001080 -0.005339 -0.002780 -3.138880 -0.004640 0.012721
    10 -0.019963 -0.004463 0.017139 3.137685 -0.000240 0.002472
    11 3.305800 0.203115 -0.546730 0.000000 0.000000 -0.450468
    12 1.807178 0.000000 -0.000004 -0.000011 0.000009 -0.598817
    13 0.966141 0.000003 -0.000001 0.000000 0.000000 -0.459182
    14 -0.002205 0.006298 0.000417 3.133979 -0.003058 0.005338
    15 0.007872 0.003559 -0.000436 -3.124798 -0.001004 0.009074
    16 0.012690 -0.008244 0.010269 -3.131666 0.016691 0.012264
    17 3.571513 0.109304 0.409580 -0.000005 0.000008 -0.389389
    18 2.150648 0.000002 -0.000003 0.000000 0.000000 -0.625012
    19 1.152746 -0.000003 0.000003 0.000000 0.000000 -0.485345
    20 0.000419 0.016150 0.002405 3.136320 -0.007304 -0.003105
    21 0.001816 -0.009672 -0.007393 3.139013 -0.008631 -0.008588
    22 -0.003752 -0.011593 -0.001195 3.133090 0.002976 0.014444
    23 3.684098 -0.158697 1.419183 -0.000004 0.000006 -0.214817
    24 1.701014 0.000004 0.000004 0.000000 0.000000 -0.563926
    25 0.994714 -0.000002 -0.000008 0.000000 0.000000 -0.319568
    26 0.021160 0.011093 -0.004108 -3.137926 -0.002080 -0.001153
    27 -0.003428 0.010128 -0.008341 -3.140832 -0.004146 -0.019238
    28 0.004127 0.010881 0.000767 3.138806 -0.003164 -0.013821
    29 1.068074 -1.287202 0.981906 1.948883 -0.579950 -0.477663
    30 1.836308 -0.000001 0.000002 0.058431 -0.177611 -0.504893
    31 1.223949 -0.000002 0.000002 0.025247 -0.029702 -0.511181
    32 -0.012758 0.013269 0.005633 -3.132442 0.011957 -0.016684
    33 0.003252 0.002937 0.004907 3.134101 -0.012025 0.011384
    34 0.017597 0.001415 -0.271330 3.132743 -0.094250 -0.000348
    35 -0.034845 0.015532 -0.006371 -3.119476 -0.012752 0.011827
    36 6.868289 0.000003 0.000003 1.760882 0.051174 0.152435
    37 -6.002364 -0.460211 -0.868646 -0.695749 -0.131805 0.077518
    38 -6.002752 -0.459276 -0.867383 -0.699507 -0.131813 0.077097
    39 -10.921875 -4.957031 -11.492188 -1.570794 0.087264 -1.570796
    40 -0.000001 -0.000002 0.000004 -0.054432 -0.081598 0.441284
    41 10.907397 0.000000 -0.000001 -0.000346 -0.000019 -1.212601
    42 10.424307 0.000001 0.000016 -1.867382 -0.003629 -0.008741
    43 2.997296 0.000062 1.477484 0.000000 0.073238 -1.038495
    44 1.510386 -0.000002 0.000000 0.000000 0.000000 -1.278441
    45 0.808652 0.000001 -0.000003 -0.096823 0.058125 -1.242870
    46 -0.010181 0.001544 -0.002427 3.133438 0.004938 -0.014530
    47 -0.007761 0.000776 -0.012938 -3.140949 0.009512 -0.002789
    48 -0.003515 0.022163 -0.007593 -3.131007 0.004989 -0.015563
    49 3.305811 0.201132 0.547463 0.099784 -0.043636 -0.920052
    50 1.807181 -0.000005 -0.000002 0.025084 -0.090975 -1.128939
    51 0.966146 0.000000 0.000000 0.000000 0.000000 -1.579521
    52 -0.004041 0.002991 -0.002260 -3.129316 0.007469 -0.002160
    53 -0.016014 -0.012525 -0.005755 -3.127586 -0.003209 -0.007102
    54 -0.010741 -0.015351 -0.005964 -3.141244 -0.014366 0.013993
    55 3.571526 0.110787 -0.409180 0.007682 -0.145517 -0.787036
    56 2.150658 0.000000 0.000000 0.000000 0.000000 -1.722710
    57 1.152748 0.000002 -0.000001 0.000000 0.000000 -1.038446
    58 -0.009424 0.003368 0.009511 3.138994 -0.007577 -0.001092
    59 -0.009795 0.006993 0.001619 3.137400 -0.006826 0.001062
    60 -0.005070 0.017085 0.007624 3.135509 0.005211 0.001477
    61 3.684113 -0.153569 -1.419744 -0.102864 -0.250597 -0.530569
    62 1.701014 -0.000001 0.000000 0.000000 0.000000 -1.353689
    63 0.994705 -0.000004 0.000000 0.000000 0.000000 -0.520274
    64 0.015236 0.000657 -0.012633 3.136885 0.014164 0.000018
    65 -0.014324 -0.018461 0.000846 -3.134644 0.013210 0.007851
    66 -0.020566 0.000650 -0.004019 -3.126894 -0.002595 -0.013678
    67 1.068097 -1.283652 -0.986552 -2.032439 0.460568 -0.403443
    68 1.836308 -0.000002 0.000001 0.075225 -0.031385 -0.262644
    69 1.223948 0.000001 -0.000002 -0.030976 -0.071338 -0.420800
    70 -0.026768 0.000412 0.021024 -3.135050 0.011560 0.031832
    71 -0.030946 0.015453 0.007155 3.126687 -0.014474 -0.013279
    72 0.024326 0.034636 0.000721 -3.121606 0.015525 0.030344
    73 -0.046000 0.019587 0.021797 3.134639 0.020864 -0.001670
    74 6.694322 0.000002 0.000001 -1.528496 -0.085827 0.136374
    75 -6.579163 -0.452807 0.914976 1.390020 0.137634 0.072730
    76 -6.553783 -0.454803 0.900534 1.387994 0.108045 0.086436
  time 168
    0 -8.380079 -25.182656 -9.377330 2.164447 -0.060840 1.276581
    1 7.820313 -3.039063 -8.804688 -1.082104 0.087263 -1.570797
    2 -0.000001 0.000002 0.000000 -0.087481 -0.197967 0.313973
    3 10.907404 0.000001 -0.000001 0.000000 0.000025 -0.841801
    4 10.424325 -0.000011 -0.000033 2.347168 0.127477 -0.084248
    5 2.997275 0.005409 -1.477475 0.000000 0.000000 -0.418878
    6 1.510384 -0.000004 0.000000 0.000000 0.000000 -0.637056
    7 0.808659 -0.000001 0.000001 -0.000001 -0.000010 -0.602112
    8 -0.005463 0.010882 0.011922 -3.130701 -0.002586 -0.018476
    9 -0.001080 -0.005339 -0.002780 -3.138880 -0.004640 0.012721
    10 -0.019963 -0.004463 0.017139 3.137685 -0.000240 0.002472
    11 3.305800 0.203115 -0.546730 0.000000 0.000000 -0.436334
    12 1.807178 0.000000 -0.000004 -0.000011 0.000009 -0.584695
    13 0.966141 0.000003 -0.000001 0.000000 0.000000 -0.445028
    14 -0.002205 0.006298 0.000417 3.133979 -0.003058 0.005338
    15 0.007872 0.003559 -0.000436 -3.124798 -0.001004 0.009074
    16 0.012690 -0.008244 0.010269 -3.131666 0.016691 0.012264
    17 3.571513 0.109304 0.409580 -0.000005 0.000008 -0.375237
    18 2.150648 0.000002 -0.000003 0.000000 0.000000 -0.610897
    19 1.152746 -0.000003 0.000003 0.000000 0.000000 -0.471197
    20 0.000419 0.016150 0.002405 3.136320 -0.007304 -0.003105
    21 0.001816 -0.009672 -0.007393 3.139013 -0.008631 -0.008588
    22 -0.003752 -0.011593 -0.001195 3.133090 0.002976 0.014444
    23 3.684098 -0.158697 1.419183 -0.000004 0.000006 -0.200681
    24 1.701014 0.000004 0.000004 0.000000 0.000000 -0.549792
    25 0.994714 -0.000002 -0.000008 0.000000 0.000000 -0.305429
    26 0.021160 0.011093 -0.004108 -3.137926 -0.002080 -0.001153
    27 -0.003428 0.010128 -0.008341 -3.140832 -0.004146 -0.019238
    28 0.004127 0.010881 0.000767 3.138806 -0.003164 -0.013821
    29 1.068074 -1.287202 0.981906 1.954276 -0.598949 -0.487047
    30 1.836308 -0.000001 0.000002 0.054704 -0.178702 -0.484099
    31 1.223949 -0.000002 0.000002 0.024732 -0.030361 -0.490708
    32 -0.012758 0.013269 0.005633 -3.132442 0.011957 -0.016684
    33 0.003252 0.002937 0.004907 3.134101 -0.012025 0.011384
    34 0.017597 0.001415 -0.271330 3.132743 -0.094250 -0.000348
    35 -0.034845 0.015532 -0.006371 -3.119476 -0.012752 0.011827
    36 6.868289 0.000003 0.000003 1.764127 0.050670 0.152603
    37 -6.002364 -0.460211 -0.868646 -0.695749 -0.131805 0.077518
    38 -6.002752 -0.459276 -0.867383 -0.699507 -0.131813 0.077097
    39 -10.921875 -4.957031 -11.492188 -1.570794 0.087264 -1.570796
    40 -0.000001 -0.000002 0.000004 -0.040411 -0.060121 0.472480
    41 10.907397 0.000000 -0.000001 -0.000346 -0.000019 -1.222823
    42 10.424307 0.000001 0.000016 -2.134404 0.009797 -0.020638
    43 2.997296 0.000062 1.477484 0.000000 0.059479 -1.038495
    44 1.510386 -0.000002 0.000000 0.000000 0.000000 -1.196435
    45 0.808652 0.000001 -0.000003 -0.101042 0.047866 -1.337653
    46 -0.010181 0.001544 -0.002427 3.133438 0.004938 -0.014530
    47 -0.007761 0.000776 -0.012938 -3.140949 0.009512 -0.002789
    48 -0.003515 0.022163 -0.007593 -3.131007 0.004989 -0.015563
    49 3.305811 0.201132 0.547463 0.100898 -0.040712 -0.948611
    50 1.807181 -0.000005 -0.000002 0.025084 -0.090975 -1.128939
    51 0.966146 0.000000 0.000000 0.000000 0.000000 -1.579521
    52 -0.004041 0.002991 -0.002260 -3.129316 0.007469 -0.002160
    53 -0.016014 -0.012525 -0.005755 -3.127586 -0.003209 -0.007102
    54 -0.010741 -0.015351 -0.005964 -3.141244 -0.014366 0.013993
    55 3.571526 0.110787 -0.409180 0.015604 -0.144438 -0.841485
    56 2.150658 0.000000 0.000000 0.000000 0.000000 -1.753445
    57 1.152748 0.000002 -0.000001 0.000000 0.000000 -1.038446
    58 -0.009424 0.003368 0.009511 3.138994 -0.007577 -0.001092
    59 -0.009795 0.006993 0.001619 3.137400 -0.006826 0.001062
    60 -0.005070 0.017085 0.007624 3.135509 0.005211 0.001477
    61 3.684113 -0.153569 -1.419744 -0.101905 -0.250981 -0.534404
    62 1.701014 -0.000001 0.000000 0.000000 0.000000 -1.470266
    63 0.994705 -0.000004 0.000000 0.000000 0.000000 -0.556990
    64 0.015236 0.000657 -0.012633 3.136885 0.014164 0.000018
    65 -0.014324 -0.018461 0.000846 -3.134644 0.013210 0.007851
    66 -0.020566 0.000650 -0.004019 -3.126894 -0.002595 -0.013678
    67 1.068097 -1.283652 -0.986552 -2.045063 0.440565 -0.431859
    68 1.836308 -0.000002 0.000001 0.076747 -0.026411 -0.325575
    69 1.223948 0.000001 -0.000002 -0.030976 -0.071338 -0.420800
    70 -0.026768 0.000412 0.021024 -3.135050 0.011560 0.031832
    71 -0.030946 0.015453 0.007155 3.126687 -0.014474 -0.013279
    72 0.024326 0.034636 0.000721 -3.121606 0.015525 0.030344
    73 -0.046000 0.019587 0.021797 3.134639 0.020864 -0.001670
    74 6.694322 0.000002 0.000001 -1.661032 -0.066975 0.146501
    75 -6.579163 -0.452807 0.914976 1.390020 0.137634 0.072730
    76 -6.553783 -0.454803 0.900534 1.387994 0.108045 0.086436
  time 169
    0 -9.091039 -25.374068 -9.892971 2.317665 -0.006143 1.184115
    1 7.820313 -3.039063 -8.804688 -1.082104 0.087263 -1.570797
    2 -0.000001 0.000002 0.000000 -0.082977 -0.206295 0.224076
    3 10.907404 0.000001 -0.000001 0.000000 0.000025 -0.772567
    4 10.424325 -0.000011 -0.000033 2.351291 0.078580 -0.126860
    5 2.997275 0.005409 -1.477475 0.000000 0.000000 -0.403632
    6 1.510384 -0.000004 0.000000 0.000000 0.000000 -0.621816
    7 0.808659 -0.000001 0.000001 -0.000001 -0.000010 -0.586863
    8 -0.005463 0.010882 0.011922 -3.130701 -0.002586 -0.018476
    9 -0.001080 -0.005339 -0.002780 -3.138880 -0.004640 0.012721
    10 -0.019963 -0.004463 0.017139 3.137685 -0.000240 0.002472
    11 3.305800 0.203115 -0.546730 0.000000 0.000000 -0.421077
    12 1.807178 0.000000 -0.000004 -0.000011 0.000009 -0.569425
    13 0.966141 0.000003 -0.000001 0.000000 0.000000 -0.429785
    14 -0.002205 0.006298 0.000417 3.133979 -0.003058 0.005338
    15 0.007872 0.003559 -0.000436 -3.124798 -0.001004 0.009074
    16 0.012690 -0.008244 0.010269 -3.131666 0.016691 0.012264
    17 3.571513 0.109304 0.409580 -0.000005 0.000008 -0.359980
    18 2.150648 0.000002 -0.000003 0.000000 0.000000 -0.595621
    19 1.152746 -0.000003 0.000003 0.000000 0.000000 -0.455938
    20 0.000419 0.016150 0.002405 3.136320 -0.007304 -0.003105
    21 0.001816 -0.009672 -0.007393 3.139013 -0.008631 -0.008588
    22 -0.003752 -0.011593 -0.001195 3.133090 0.002976 0.014444
    23 3.684098 -0.158697 1.419183 -0.000004 0.000006 -0.185424
    24 1.701014 0.000004 0.000004 0.000000 0.000000 -0.534535
    25 0.994714 -0.000002 -0.000008 0.000000 0.000000 -0.290188
    26 0.021160 0.011093 -0.004108 -3.137926 -0.002080 -0.001153
    27 -0.003428 0.010128 -0.008341 -3.140832 -0.004146 -0.019238
    28 0.004127 0.010881 0.000767 3.138806 -0.003164 -0.013821
    29 1.068074 -1.287202 0.981906 1.959753 -0.618203 -0.496569
    30 1.836308 -0.000001 0.000002 0.050941 -0.179804 -0.463031
    31 1.223949 -0.000002 0.000002 0.024217 -0.031032 -0.469932
    32 -0.012758 0.013269 0.005633 -3.132442 0.011957 -0.016684
    33 0.003252 0.002937 0.004907 3.134101 -0.012025 0.011384
    34 0.017597 0.001415 -0.271330 3.132743 -0.094250 -0.000348
    35 -0.034845 0.015532 -0.006371 -3.119476 -0.012752 0.011827
    36 6.868289 0.000003 0.000003 1.768392 0.050011 0.152818
    37 -6.002364 -0.460211 -0.868646 -0.695749 -0.131805 0.077518
    38 -6.002752 -0.459276 -0.867383 -0.699507 -0.131813 0.077097
    39 -10.921875 -4.957031 -11.492188 -1.570794 0.087264 -1.570796
    40 -0.000001 -0.000002 0.000004 -0.026709 -0.039754 0.493338
    41 10.907397 0.000000 -0.000001 -0.000346 -0.000019 -1.228495
    42 10.424307 0.000001 0.000016 -2.321289 0.023858 -0.026283
    43 2.997296 0.000062 1.477484 0.000000 0.045230 -1.038495
    44 1.510386 -0.000002 0.000000 0.000000 0.000000 -1.112191
    45 0.808652 0.000001 -0.000003 -0.105416 0.037248 -1.435704
    46 -0.010181 0.001544 -0.002427 3.133438 0.004938 -0.014530
    47 -0.007761 0.000776 -0.012938 -3.140949 0.009512 -0.002789
    48 -0.003515 0.022163 -0.007593 -3.131007 0.004989 -0.015563
    49 3.305811 0.201132 0.547463 0.102073 -0.037692 -0.978147
    50 1.807181 -0.000005 -0.000002 0.025084 -0.090975 -1.128939
    51 0.966146 0.000000 0.000000 0.000000 0.000000 -1.579521
    52 -0.004041 0.002991 -0.002260 -3.129316 0.007469 -0.002160
    53 -0.016014 -0.012525 -0.005755 -3.127586 -0.003209 -0.007102
    54 -0.010741 -0.015351 -0.005964 -3.141244 -0.014366 0.013993
    55 3.571526 0.110787 -0.409180 0.023801 -0.143324 -0.897871
    56 2.150658 0.000000 0.000000 0.000000 0.000000 -1.785091
    57 1.152748 0.000002 -0.000001 0.000000 0.000000 -1.038446
    58 -0.009424 0.003368 0.009511 3.138994 -0.007577 -0.001092
    59 -0.009795 0.006993 0.001619 3.137400 -0.006826 0.001062
    60 -0.005070 0.017085 0.007624 3.135509 0.005211 0.001477
    61 3.684113 -0.153569 -1.419744 -0.100994 -0.251352 -0.538074
    62 1.701014 -0.000001 0.000000 0.000000 0.000000 -1.577949
    63 0.994705 -0.000004 0.000000 0.000000 0.000000 -0.594956
    64 0.015236 0.000657 -0.012633 3.136885 0.014164 0.000018
    65 -0.014324 -0.018461 0.000846 -3.134644 0.013210 0.007851
    66 -0.020566 0.000650 -0.004019 -3.126894 -0.002595 -0.013678
    67 1.068097 -1.283652 -0.986552 -2.058117 0.419880 -0.461245
    68 1.836308 -0.000002 0.000001 0.078329 -0.021246 -0.390652
    69 1.223948 0.000001 -0.000002 -0.030976 -0.071338 -0.420800
    70 -0.026768 0.000412 0.021024 -3.135050 0.011560 0.031832
    71 -0.030946 0.015453 0.007155 3.126687 -0.014474 -0.013279
    72 0.024326 0.034636 0.000721 -3.121606 0.015525 0.030344
    73 -0.046000 0.019587 0.021797 3.134639 0.020864 -0.001670
    74 6.694322 0.000002 0.000001 -1.753515 -0.053085 0.152050
    75 -6.579163 -0.452807 0.914976 1.390020 0.137634 0.072730
    76 -6.553783 -0.454803 0.900534 1.387994 0.108045 0.086436
  time 170
    0 -9.684807 -25.467821 -10.115634 2.396573 0.008471 1.188383
    1 7.820313 -3.039063 -8.804688 -1.082104 0.087263 -1.570797
    2 -0.000001 0.000002 0.000000 -0.080566 -0.209368 0.188698
    3 10.907404 0.000001 -0.000001 0.000000 0.000025 -0.741768
    4 10.424325 -0.000011 -0.000033 2.353869 0.036633 -0.171061
    5 2.997275 0.005409 -1.477475 0.000000 0.000000 -0.387695
    6 1.510384 -0.000004 0.000000 0.000000 0.000000 -0.605882
    7 0.808659 -0.000001 0.000001 -0.000001 -0.000010 -0.570897
    8 -0.005463 0.010882 0.011922 -3.130701 -0.002586 -0.018476
    9 -0.001080 -0.005339 -0.002780 -3.138880 -0.004640 0.012721
    10 -0.019963 -0.004463 0.017139 3.137685 -0.000240 0.002472
    11 3.305800 0.203115 -0.546730 0.000000 0.000000 -0.405162
    12 1.807178 0.000000 -0.000004 -0.000011 0.000009 -0.553502
    13 0.966141 0.000003 -0.000001 0.000000 0.000000 -0.413846
    14 -0.002205 0.006298 0.000417 3.133979 -0.003058 0.005338
    15 0.007872 0.003559 -0.000436 -3.124798 -0.001004 0.009074
    16 0.012690 -0.008244 0.010269 -3.131666 0.016691 0.012264
    17 3.571513 0.109304 0.409580 -0.000005 0.000008 -0.344052
    18 2.150648 0.000002 -0.000003 0.000000 0.000000 -0.579718
    19 1.152746 -0.000003 0.000003 0.000000 0.000000 -0.440021
    20 0.000419 0.016150 0.002405 3.136320 -0.007304 -0.003105
    21 0.001816 -0.009672 -0.007393 3.139013 -0.008631 -0.008588
    22 -0.003752 -0.011593 -0.001195 3.133090 0.002976 0.014444
    23 3.684098 -0.158697 1.419183 -0.000004 0.000006 -0.169497
    24 1.701014 0.000004 0.000004 0.000000 0.000000 -0.518604
    25 0.994714 -0.000002 -0.000008 0.000000 0.000000 -0.274261
    26 0.021160 0.011093 -0.004108 -3.137926 -0.002080 -0.001153
    27 -0.003428 0.010128 -0.008341 -3.140832 -0.004146 -0.019238
    28 0.004127 0.010881 0.000767 3.138806 -0.003164 -0.013821
    29 1.068074 -1.287202 0.981906 1.965158 -0.637188 -0.505952
    30 1.836308 -0.000001 0.000002 0.047214 -0.180895 -0.442237
    31 1.223949 -0.000002 0.000002 0.023713 -0.031679 -0.449460
    32 -0.012758 0.013269 0.005633 -3.132442 0.011957 -0.016684
    33 0.003252 0.002937 0.004907 3.134101 -0.012025 0.011384
    34 0.017597 0.001415 -0.271330 3.132743 -0.094250 -0.000348
    35 -0.034845 0.015532 -0.006371 -3.119476 -0.012752 0.011827
    36 6.868289 0.000003 0.000003 1.770995 0.049616 0.152950
    37 -6.002364 -0.460211 -0.868646 -0.695749 -0.131805 0.077518
    38 -6.002752 -0.459276 -0.867383 -0.699507 -0.131813 0.077097
    39 -10.921875 -4.957031 -11.492188 -1.570794 0.087264 -1.570796
    40 -0.000001 -0.000002 0.000004 -0.014345 -0.021609 0.501159
    41 10.907397 0.000000 -0.000001 -0.000346 -0.000019 -1.231085
    42 10.424307 0.000001 0.000016 -2.397015 0.037508 -0.021767
    43 2.997296 0.000062 1.477484 0.000000 0.031471 -1.038495
    44 1.510386 -0.000002 0.000000 0.000000 0.000000 -1.031047
    45 0.808652 0.000001 -0.000003 -0.109635 0.026989 -1.530487
    46 -0.010181 0.001544 -0.002427 3.133438 0.004938 -0.014530
    47 -0.007761 0.000776 -0.012938 -3.140949 0.009512 -0.002789
    48 -0.003515 0.022163 -0.007593 -3.131007 0.004989 -0.015563
    49 3.305811 0.201132 0.547463 0.103187 -0.034779 -1.006706
    50 1.807181 -0.000005 -0.000002 0.025084 -0.090975 -1.128939
    51 0.966146 0.000000 0.000000 0.000000 0.000000 -1.579521
    52 -0.004041 0.002991 -0.002260 -3.129316 0.007469 -0.002160
    53 -0.016014 -0.012525 -0.005755 -3.127586 -0.003209 -0.007102
    54 -0.010741 -0.015351 -0.005964 -3.141244 -0.014366 0.013993
    55 3.571526 0.110787 -0.409180 0.031723 -0.142245 -0.952363
    56 2.150658 0.000000 0.000000 0.000000 0.000000 -1.815566
    57 1.152748 0.000002 -0.000001 0.000000 0.000000 -1.038446
    58 -0.009424 0.003368 0.009511 3.138994 -0.007577 -0.001092
    59 -0.009795 0.006993 0.001619 3.137400 -0.006826 0.001062
    60 -0.005070 0.017085 0.007624 3.135509 0.005211 0.001477
    61 3.684113 -0.153569 -1.419744 -0.100131 -0.251688 -0.541560
    62 1.701014 -0.000001 0.000000 0.000000 0.000000 -1.673419
    63 0.994705 -0.000004 0.000000 0.000000 0.000000 -0.631672
    64 0.015236 0.000657 -0.012633 3.136885 0.014164 0.000018
    65 -0.014324 -0.018461 0.000846 -3.134644 0.013210 0.007851
    66 -0.020566 0.000650 -0.004019 -3.126894 -0.002595 -0.013678
    67 1.068097 -1.283652 -0.986552 -2.070754 0.399878 -0.489649
    68 1.836308 -0.000002 0.000001 0.079863 -0.016261 -0.453583
    69 1.223948 0.000001 -0.000002 -0.030976 -0.071338 -0.420800
    70 -0.026768 0.000412 0.021024 -3.135050 0.011560 0.031832
    71 -0.030946 0.015453 0.007155 3.126687 -0.014474 -0.013279
    72 0.024326 0.034636 0.000721 -3.121606 0.015525 0.030344
    73 -0.046000 0.019587 0.021797 3.134639 0.020864 -0.001670
    74 6.694322 0.000002 0.000001 -1.790782 -0.047344 0.153920
    75 -6.579163 -0.452807 0.914976 1.390020 0.137634 0.072730
    76 -6.553783 -0.454803 0.900534 1.387994 0.108045 0.086436
  time 171
    0 -10.216073 -25.510791 -10.107821 2.413743 -0.010037 1.256191
    1 7.820313 -3.039063 -8.804688 -1.082104 0.087263 -1.570797
    2 -0.000001 0.000002 0.000000 -0.080527 -0.208664 0.191125
    3 10.907404 0.000001 -0.000001 0.000000 0.000025 -0.743887
    4 10.424325 -0.000011 -0.000033 2.354826 0.000440 -0.208263
    5 2.997275 0.005409 -1.477475 0.000000 0.000000 -0.371536
    6 1.510384 -0.000004 0.000000 0.000000 0.000000 -0.589703
    7 0.808659 -0.000001 0.000001 -0.000001 -0.000010 -0.554767
    8 -0.005463 0.010882 0.011922 -3.130701 -0.002586 -0.018476
    9 -0.001080 -0.005339 -0.002780 -3.138880 -0.004640 0.012721
    10 -0.019963 -0.004463 0.017139 3.137685 -0.000240 0.002472
    11 3.305800 0.203115 -0.546730 0.000000 0.000000 -0.389001
    12 1.807178 0.000000 -0.000004 -0.000011 0.000009 -0.537345
    13 0.966141 0.000003 -0.000001 0.000000 0.000000 -0.397688
    14 -0.002205 0.006298 0.000417 3.133979 -0.003058 0.005338
    15 0.007872 0.003559 -0.000436 -3.124798 -0.001004 0.009074
    16 0.012690 -0.008244 0.010269 -3.131666 0.016691 0.012264
    17 3.571513 0.109304 0.409580 -0.000005 0.000008 -0.327907
    18 2.150648 0.000002 -0.000003 0.000000 0.000000 -0.563524
    19 1.152746 -0.000003 0.000003 0.000000 0.000000 -0.423852
    20 0.000419 0.016150 0.002405 3.136320 -0.007304 -0.003105
    21 0.001816 -0.009672 -0.007393 3.139013 -0.008631 -0.008588
    22 -0.003752 -0.011593 -0.001195 3.133090 0.002976 0.014444
    23 3.684098 -0.158697 1.419183 -0.000004 0.000006 -0.153345
    24 1.701014 0.000004 0.000004 0.000000 0.000000 -0.502448
    25 0.994714 -0.000002 -0.000008 0.000000 0.000000 -0.258089
    26 0.021160 0.011093 -0.004108 -3.137926 -0.002080 -0.001153
    27 -0.003428 0.010128 -0.008341 -3.140832 -0.004146 -0.019238
    28 0.004127 0.010881 0.000767 3.138806 -0.003164 -0.013821
    29 1.068074 -1.287202 0.981906 1.970336 -0.655379 -0.514937
    30 1.836308 -0.000001 0.000002 0.043642 -0.181925 -0.422328
    31 1.223949 -0.000002 0.000002 0.023222 -0.032314 -0.429867
    32 -0.012758 0.013269 0.005633 -3.132442 0.011957 -0.016684
    33 0.003252 0.002937 0.004907 3.134101 -0.012025 0.011384
    34 0.017597 0.001415 -0.271330 3.132743 -0.094250 -0.000348
    35 -0.034845 0.015532 -0.006371 -3.119476 -0.012752 0.011827
    36 6.868289 0.000003 0.000003 1.771863 0.049484 0.152986
    37 -6.002364 -0.460211 -0.868646 -0.695749 -0.131805 0.077518
    38 -6.002752 -0.459276 -0.867383 -0.699507 -0.131813 0.077097
    39 -10.921875 -4.957031 -11.492188 -1.570794 0.087264 -1.570796
    40 -0.000001 -0.000002 0.000004 -0.001853 -0.003316 0.498103
    41 10.907397 0.000000 -0.000001 -0.000346 -0.000019 -1.231890
    42 10.424307 0.000001 0.000016 -2.391184 0.052092 -0.006309
    43 2.997296 0.000062 1.477484 0.000000 0.019115 -1.038495
    44 1.510386 -0.000002 0.000000 0.000000 0.000000 -0.958437
    45 0.808652 0.000001 -0.000003 -0.113422 0.017773 -1.615527
    46 -0.010181 0.001544 -0.002427 3.133438 0.004938 -0.014530
    47 -0.007761 0.000776 -0.012938 -3.140949 0.009512 -0.002789
    48 -0.003515 0.022163 -0.007593 -3.131007 0.004989 -0.015563
    49 3.305811 0.201132 0.547463 0.104194 -0.032167 -1.032334
    50 1.807181 -0.000005 -0.000002 0.025084 -0.090975 -1.128939
    51 0.966146 0.000000 0.000000 0.000000 0.000000 -1.579521
    52 -0.004041 0.002991 -0.002260 -3.129316 0.007469 -0.002160
    53 -0.016014 -0.012525 -0.005755 -3.127586 -0.003209 -0.007102
    54 -0.010741 -0.015351 -0.005964 -3.141244 -0.014366 0.013993
    55 3.571526 0.110787 -0.409180 0.038842 -0.141274 -1.001216
    56 2.150658 0.000000 0.000000 0.000000 0.000000 -1.842828
    57 1.152748 0.000002 -0.000001 0.000000 0.000000 -1.038446
    58 -0.009424 0.003368 0.009511 3.138994 -0.007577 -0.001092
    59 -0.009795 0.006993 0.001619 3.137400 -0.006826 0.001062
    60 -0.005070 0.017085 0.007624 3.135509 0.005211 0.001477
    61 3.684113 -0.153569 -1.419744 -0.099340 -0.252011 -0.544739
    62 1.701014 -0.000001 0.000000 0.000000 0.000000 -1.753385
    63 0.994705 -0.000004 0.000000 0.000000 0.000000 -0.664614
    64 0.015236 0.000657 -0.012633 3.136885 0.014164 0.000018
    65 -0.014324 -0.018461 0.000846 -3.134644 0.013210 0.007851
    66 -0.020566 0.000650 -0.004019 -3.126894 -0.002595 -0.013678
    67 1.068097 -1.283652 -0.986552 -2.082080 0.381937 -0.515140
    68 1.836308 -0.000002 0.000001 0.081229 -0.011790 -0.510042
    69 1.223948 0.000001 -0.000002 -0.030976 -0.071338 -0.420800
    70 -0.026768 0.000412 0.021024 -3.135050 0.011560 0.031832
    71 -0.030946 0.015453 0.007155 3.126687 -0.014474 -0.013279
    72 0.024326 0.034636 0.000721 -3.121606 0.015525 0.030344
    73 -0.046000 0.019587 0.021797 3.134639 0.020864 -0.001670
    74 6.694322 0.000002 0.000001 -1.787814 -0.047800 0.153776
    75 -6.579163 -0.452807 0.914976 1.390020 0.137634 0.072730
    76 -6.553783 -0.454803 0.900534 1.387994 0.108045 0.086436
  time 172
    0 -10.794216 -25.542042 -9.998443 2.400138 -0.040546 1.344959
    1 7.820313 -3.039063 -8.804688 -1.082104 0.087263 -1.570797
    2 -0.000001 0.000002 0.000000 -0.080425 -0.206741 0.197532
    3 10.907404 0.000001 -0.000001 0.000000 0.000025 -0.749459
    4 10.424325 -0.000011 -0.000033 2.356520 -0.032673 -0.240975
    5 2.997275 0.005409 -1.477475 0.000000 0.000000 -0.355622
    6 1.510384 -0.000004 0.000000 0.000000 0.000000 -0.573809
    7 0.808659 -0.000001 0.000001 -0.000001 -0.000010 -0.538857
    8 -0.005463 0.010882 0.011922 -3.130701 -0.002586 -0.018476
    9 -0.001080 -0.005339 -0.002780 -3.138880 -0.004640 0.012721
    10 -0.019963 -0.004463 0.017139 3.137685 -0.000240 0.002472
    11 3.305800 0.203115 -0.546730 0.000000 0.000000 -0.373060
    12 1.807178 0.000000 -0.000004 -0.000011 0.000009 -0.521422
    13 0.966141 0.000003 -0.000001 0.000000 0.000000 -0.381749
    14 -0.002205 0.006298 0.000417 3.133979 -0.003058 0.005338
    15 0.007872 0.003559 -0.000436 -3.124798 -0.001004 0.009074
    16 0.012690 -0.008244 0.010269 -3.131666 0.016691 0.012264
    17 3.571513 0.109304 0.409580 -0.000005 0.000008 -0.311980
    18 2.150648 0.000002 -0.000003 0.000000 0.000000 -0.547620
    19 1.152746 -0.000003 0.000003 0.000000 0.000000 -0.407935
    20 0.000419 0.016150 0.002405 3.136320 -0.007304 -0.003105
    21 0.001816 -0.009672 -0.007393 3.139013 -0.008631 -0.008588
    22 -0.003752 -0.011593 -0.001195 3.133090 0.002976 0.014444
    23 3.684098 -0.158697 1.419183 -0.000004 0.000006 -0.137417
    24 1.701014 0.000004 0.000004 0.000000 0.000000 -0.486517
    25 0.994714 -0.000002 -0.000008 0.000000 0.000000 -0.242162
    26 0.021160 0.011093 -0.004108 -3.137926 -0.002080 -0.001153
    27 -0.003428 0.010128 -0.008341 -3.140832 -0.004146 -0.019238
    28 0.004127 0.010881 0.000767 3.138806 -0.003164 -0.013821
    29 1.068074 -1.287202 0.981906 1.975129 -0.672239 -0.523265
    30 1.836308 -0.000001 0.000002 0.040346 -0.182896 -0.403886
    31 1.223949 -0.000002 0.000002 0.022778 -0.032902 -0.411696
    32 -0.012758 0.013269 0.005633 -3.132442 0.011957 -0.016684
    33 0.003252 0.002937 0.004907 3.134101 -0.012025 0.011384
    34 0.017597 0.001415 -0.271330 3.132743 -0.094250 -0.000348
    35 -0.034845 0.015532 -0.006371 -3.119476 -0.012752 0.011827
    36 6.868289 0.000003 0.000003 1.772429 0.049400 0.153022
    37 -6.002364 -0.460211 -0.868646 -0.695749 -0.131805 0.077518
    38 -6.002752 -0.459276 -0.867383 -0.699507 -0.131813 0.077097
    39 -10.921875 -4.957031 -11.492188 -1.570794 0.087264 -1.570796
    40 -0.000001 -0.000002 0.000004 0.012327 0.017459 0.488663
    41 10.907397 0.000000 -0.000001 -0.000346 -0.000019 -1.230770
    42 10.424307 0.000001 0.000016 -2.358367 0.069183 0.016443
    43 2.997296 0.000062 1.477484 0.000000 0.009120 -1.038495
    44 1.510386 -0.000002 0.000000 0.000000 0.000000 -0.899888
    45 0.808652 0.000001 -0.000003 -0.116478 0.010331 -1.684331
    46 -0.010181 0.001544 -0.002427 3.133438 0.004938 -0.014530
    47 -0.007761 0.000776 -0.012938 -3.140949 0.009512 -0.002789
    48 -0.003515 0.022163 -0.007593 -3.131007 0.004989 -0.015563
    49 3.305811 0.201132 0.547463 0.105021 -0.030045 -1.053040
    50 1.807181 -0.000005 -0.000002 0.025084 -0.090975 -1.128939
    51 0.966146 0.000000 0.000000 0.000000 0.000000 -1.579521
    52 -0.004041 0.002991 -0.002260 -3.129316 0.007469 -0.002160
    53 -0.016014 -0.012525 -0.005755 -3.127586 -0.003209 -0.007102
    54 -0.010741 -0.015351 -0.005964 -3.141244 -0.014366 0.013993
    55 3.571526 0.110787 -0.409180 0.044583 -0.140495 -1.040773
    56 2.150658 0.000000 0.000000 0.000000 0.000000 -1.864881
    57 1.152748 0.000002 -0.000001 0.000000 0.000000 -1.038446
    58 -0.009424 0.003368 0.009511 3.138994 -0.007577 -0.001092
    59 -0.009795 0.006993 0.001619 3.137400 -0.006826 0.001062
    60 -0.005070 0.017085 0.007624 3.135509 0.005211 0.001477
    61 3.684113 -0.153569 -1.419744 -0.098633 -0.252287 -0.547609
    62 1.701014 -0.000001 0.000000 0.000000 0.000000 -1.814592
    63 0.994705 -0.000004 0.000000 0.000000 0.000000 -0.691258
    64 0.015236 0.000657 -0.012633 3.136885 0.014164 0.000018
    65 -0.014324 -0.018461 0.000846 -3.134644 0.013210 0.007851
    66 -0.020566 0.000650 -0.004019 -3.126894 -0.002595 -0.013678
    67 1.068097 -1.283652 -0.986552 -2.091250 0.367411 -0.535765
    68 1.836308 -0.000002 0.000001 0.082344 -0.008183 -0.555703
    69 1.223948 0.000001 -0.000002 -0.030976 -0.071338 -0.420800
    70 -0.026768 0.000412 0.021024 -3.135050 0.011560 0.031832
    71 -0.030946 0.015453 0.007155 3.126687 -0.014474 -0.013279
    72 0.024326 0.034636 0.000721 -3.121606 0.015525 0.030344
    73 -0.046000 0.019587 0.021797 3.134639 0.020864 -0.001670
    74 6.694322 0.000002 0.000001 -1.771692 -0.050293 0.152997
    75 -6.579163 -0.452807 0.914976 1.390020 0.137634 0.072730
    76 -6.553783 -0.454803 0.900534 1.387994 0.108045 0.086436
  time 173
    0 -11.395796 -25.561574 -9.807030 2.356415 -0.071926 1.448995
    1 7.820313 -3.039063 -8.804688 -1.082104 0.087263 -1.570797
    2 -0.000001 0.000002 0.000000 -0.080272 -0.203972 0.206964
    3 10.907404 0.000001 -0.000001 0.000000 0.000025 -0.757679
    4 10.424325 -0.000011 -0.000033 2.358729 -0.062323 -0.269253
    5 2.997275 0.005409 -1.477475 0.000000 0.000000 -0.340353
    6 1.510384 -0.000004 0.000000 0.000000 0.000000 -0.558529
    7 0.808659 -0.000001 0.000001 -0.000001 -0.000010 -0.523607
    8 -0.005463 0.010882 0.011922 -3.130701 -0.002586 -0.018476
    9 -0.001080 -0.005339 -0.002780 -3.138880 -0.004640 0.012721
    10 -0.019963 -0.004463 0.017139 3.137685 -0.000240 0.002472
    11 3.305800 0.203115 -0.546730 0.000000 0.000000 -0.357830
    12 1.807178 0.000000 -0.000004 -0.000011 0.000009 -0.506178
    13 0.966141 0.000003 -0.000001 0.000000 0.000000 -0.366506
    14 -0.002205 0.006298 0.000417 3.133979 -0.003058 0.005338
    15 0.007872 0.003559 -0.000436 -3.124798 -0.001004 0.009074
    16 0.012690 -0.008244 0.010269 -3.131666 0.016691 0.012264
    17 3.571513 0.109304 0.409580 -0.000005 0.000008 -0.296723
    18 2.150648 0.000002 -0.000003 0.000000 0.000000 -0.532345
    19 1.152746 -0.000003 0.000003 0.000000 0.000000 -0.392675
    20 0.000419 0.016150 0.002405 3.136320 -0.007304 -0.003105
    21 0.001816 -0.009672 -0.007393 3.139013 -0.008631 -0.008588
    22 -0.003752 -0.011593 -0.001195 3.133090 0.002976 0.014444
    23 3.684098 -0.158697 1.419183 -0.000004 0.000006 -0.122161
    24 1.701014 0.000004 0.000004 0.000000 0.000000 -0.471260
    25 0.994714 -0.000002 -0.000008 0.000000 0.000000 -0.226921
    26 0.021160 0.011093 -0.004108 -3.137926 -0.002080 -0.001153
    27 -0.003428 0.010128 -0.008341 -3.140832 -0.004146 -0.019238
    28 0.004127 0.010881 0.000767 3.138806 -0.003164 -0.013821
    29 1.068074 -1.287202 0.981906 1.979396 -0.687230 -0.530675
    30 1.836308 -0.000001 0.000002 0.037398 -0.183747 -0.387489
    31 1.223949 -0.000002 0.000002 0.022371 -0.033417 -0.395521
    32 -0.012758 0.013269 0.005633 -3.132442 0.011957 -0.016684
    33 0.003252 0.002937 0.004907 3.134101 -0.012025 0.011384
    34 0.017597 0.001415 -0.271330 3.132743 -0.094250 -0.000348
    35 -0.034845 0.015532 -0.006371 -3.119476 -0.012752 0.011827
    36 6.868289 0.000003 0.000003 1.772731 0.049352 0.153034
    37 -6.002364 -0.460211 -0.868646 -0.695749 -0.131805 0.077518
    38 -6.002752 -0.459276 -0.867383 -0.699507 -0.131813 0.077097
    39 -10.921875 -4.957031 -11.492188 -1.570794 0.087264 -1.570796
    40 -0.000001 -0.000002 0.000004 0.027464 0.039751 0.474009
    41 10.907397 0.000000 -0.000001 -0.000346 -0.000019 -1.226989
    42 10.424307 0.000001 0.000016 -2.305292 0.087769 0.043538
    43 2.997296 0.000062 1.477484 0.000000 0.002433 -1.038495
    44 1.510386 -0.000002 0.000000 0.000000 0.000000 -0.860738
    45 0.808652 0.000001 -0.000003 -0.118528 0.005345 -1.730363
    46 -0.010181 0.001544 -0.002427 3.133438 0.004938 -0.014530
    47 -0.007761 0.000776 -0.012938 -3.140949 0.009512 -0.002789
    48 -0.003515 0.022163 -0.007593 -3.131007 0.004989 -0.015563
    49 3.305811 0.201132 0.547463 0.105560 -0.028631 -1.066906
    50 1.807181 -0.000005 -0.000002 0.025084 -0.090975 -1.128939
    51 0.966146 0.000000 0.000000 0.000000 0.000000 -1.579521
    52 -0.004041 0.002991 -0.002260 -3.129316 0.007469 -0.002160
    53 -0.016014 -0.012525 -0.005755 -3.127586 -0.003209 -0.007102
    54 -0.010741 -0.015351 -0.005964 -3.141244 -0.014366 0.013993
    55 3.571526 0.110787 -0.409180 0.048442 -0.139968 -1.067244
    56 2.150658 0.000000 0.000000 0.000000 0.000000 -1.879597
    57 1.152748 0.000002 -0.000001 0.000000 0.000000 -1.038446
    58 -0.009424 0.003368 0.009511 3.138994 -0.007577 -0.001092
    59 -0.009795 0.006993 0.001619 3.137400 -0.006826 0.001062
    60 -0.005070 0.017085 0.007624 3.135509 0.005211 0.001477
    61 3.684113 -0.153569 -1.419744 -0.098010 -0.252527 -0.550070
    62 1.701014 -0.000001 0.000000 0.000000 0.000000 -1.853720
    63 0.994705 -0.000004 0.000000 0.000000 0.000000 -0.709082
    64 0.015236 0.000657 -0.012633 3.136885 0.014164 0.000018
    65 -0.014324 -0.018461 0.000846 -3.134644 0.013210 0.007851
    66 -0.020566 0.000650 -0.004019 -3.126894 -0.002595 -0.013678
    67 1.068097 -1.283652 -0.986552 -2.097380 0.357704 -0.549560
    68 1.836308 -0.000002 0.000001 0.083087 -0.005762 -0.586276
    69 1.223948 0.000001 -0.000002 -0.030976 -0.071338 -0.420800
    70 -0.026768 0.000412 0.021024 -3.135050 0.011560 0.031832
    71 -0.030946 0.015453 0.007155 3.126687 -0.014474 -0.013279
    72 0.024326 0.034636 0.000721 -3.121606 0.015525 0.030344
    73 -0.046000 0.019587 0.021797 3.134639 0.020864 -0.001670
    74 6.694322 0.000002 0.000001 -1.745842 -0.054248 0.151643
    75 -6.579163 -0.452807 0.914976 1.390020 0.137634 0.072730
    76 -6.553783 -0.454803 0.900534 1.387994 0.108045 0.086436
  time 174
    0 -11.993471 -25.577200 -9.553116 2.288110 -0.093456 1.561187
    1 7.820313 -3.039063 -8.804688 -1.082104 0.087263 -1.570797
    2 -0.000001 0.000002 0.000000 -0.079940 -0.200712 0.217589
    3 10.907404 0.000001 -0.000001 0.000000 0.000025 -0.766374
    4 10.424325 -0.000011 -0.000033 2.361159 -0.088174 -0.293738
    5 2.997275 0.005409 -1.477475 0.000000 0.000000 -0.326220
    6 1.510384 -0.000004 0.000000 0.000000 0.000000 -0.544392
    7 0.808659 -0.000001 0.000001 -0.000001 -0.000010 -0.509459
    8 -0.005463 0.010882 0.011922 -3.130701 -0.002586 -0.018476
    9 -0.001080 -0.005339 -0.002780 -3.138880 -0.004640 0.012721
    10 -0.019963 -0.004463 0.017139 3.137685 -0.000240 0.002472
    11 3.305800 0.203115 -0.546730 0.000000 0.000000 -0.343669
    12 1.807178 0.000000 -0.000004 -0.000011 0.000009 -0.492030
    13 0.966141 0.000003 -0.000001 0.000000 0.000000 -0.352352
    14 -0.002205 0.006298 0.000417 3.133979 -0.003058 0.005338
    15 0.007872 0.003559 -0.000436 -3.124798 -0.001004 0.009074
    16 0.012690 -0.008244 0.010269 -3.131666 0.016691 0.012264
    17 3.571513 0.109304 0.409580 -0.000005 0.000008 -0.282589
    18 2.150648 0.000002 -0.000003 0.000000 0.000000 -0.518230
    19 1.152746 -0.000003 0.000003 0.000000 0.000000 -0.378527
    20 0.000419 0.016150 0.002405 3.136320 -0.007304 -0.003105
    21 0.001816 -0.009672 -0.007393 3.139013 -0.008631 -0.008588
    22 -0.003752 -0.011593 -0.001195 3.133090 0.002976 0.014444
    23 3.684098 -0.158697 1.419183 -0.000004 0.000006 -0.108024
    24 1.701014 0.000004 0.000004 0.000000 0.000000 -0.457127
    25 0.994714 -0.000002 -0.000008 0.000000 0.000000 -0.212783
    26 0.021160 0.011093 -0.004108 -3.137926 -0.002080 -0.001153
    27 -0.003428 0.010128 -0.008341 -3.140832 -0.004146 -0.019238
    28 0.004127 0.010881 0.000767 3.138806 -0.003164 -0.013821
    29 1.068074 -1.287202 0.981906 1.982967 -0.699811 -0.536890
    30 1.836308 -0.000001 0.000002 0.034929 -0.184466 -0.373717
    31 1.223949 -0.000002 0.000002 0.022035 -0.033849 -0.381952
    32 -0.012758 0.013269 0.005633 -3.132442 0.011957 -0.016684
    33 0.003252 0.002937 0.004907 3.134101 -0.012025 0.011384
    34 0.017597 0.001415 -0.271330 3.132743 -0.094250 -0.000348
    35 -0.034845 0.015532 -0.006371 -3.119476 -0.012752 0.011827
    36 6.868289 0.000003 0.000003 1.772882 0.049328 0.153034
    37 -6.002364 -0.460211 -0.868646 -0.695749 -0.131805 0.077518
    38 -6.002752 -0.459276 -0.867383 -0.699507 -0.131813 0.077097
    39 -10.921875 -4.957031 -11.492188 -1.570794 0.087264 -1.570796
    40 -0.000001 -0.000002 0.000004 0.042696 0.062451 0.455489
    41 10.907397 0.000000 -0.000001 -0.000346 -0.000019 -1.220093
    42 10.424307 0.000001 0.000016 -2.238536 0.107028 0.072283
    43 2.997296 0.000062 1.477484 0.000000 0.000000 -1.038495
    44 1.510386 -0.000002 0.000000 0.000000 0.000000 -0.846516
    45 0.808652 0.000001 -0.000003 -0.119283 0.003523 -1.747148
    46 -0.010181 0.001544 -0.002427 3.133438 0.004938 -0.014530
    47 -0.007761 0.000776 -0.012938 -3.140949 0.009512 -0.002789
    48 -0.003515 0.022163 -0.007593 -3.131007 0.004989 -0.015563
    49 3.305811 0.201132 0.547463 0.105764 -0.028116 -1.071979
    50 1.807181 -0.000005 -0.000002 0.025084 -0.090975 -1.128939
    51 0.966146 0.000000 0.000000 0.000000 0.000000 -1.579521
    52 -0.004041 0.002991 -0.002260 -3.129316 0.007469 -0.002160
    53 -0.016014 -0.012525 -0.005755 -3.127586 -0.003209 -0.007102
    54 -0.010741 -0.015351 -0.005964 -3.141244 -0.014366 0.013993
    55 3.571526 0.110787 -0.409180 0.049844 -0.139776 -1.076885
    56 2.150658 0.000000 0.000000 0.000000 0.000000 -1.884936
    57 1.152748 0.000002 -0.000001 0.000000 0.000000 -1.038446
    58 -0.009424 0.003368 0.009511 3.138994 -0.007577 -0.001092
    59 -0.009795 0.006993 0.001619 3.137400 -0.006826 0.001062
    60 -0.005070 0.017085 0.007624 3.135509 0.005211 0.001477
    61 3.684113 -0.153569 -1.419744 -0.097507 -0.252730 -0.552100
    62 1.701014 -0.000001 0.000000 0.000000 0.000000 -1.867478
    63 0.994705 -0.000004 0.000000 0.000000 0.000000 -0.715606
    64 0.015236 0.000657 -0.012633 3.136885 0.014164 0.000018
    65 -0.014324 -0.018461 0.000846 -3.134644 0.013210 0.007851
    66 -0.020566 0.000650 -0.004019 -3.126894 -0.002595 -0.013678
    67 1.068097 -1.283652 -0.986552 -2.099614 0.354156 -0.554593
    68 1.836308 -0.000002 0.000001 0.083363 -0.004875 -0.597422
    69 1.223948 0.000001 -0.000002 -0.030976 -0.071338 -0.420800
    70 -0.026768 0.000412 0.021024 -3.135050 0.011560 0.031832
    71 -0.030946 0.015453 0.007155 3.126687 -0.014474 -0.013279
    72 0.024326 0.034636 0.000721 -3.121606 0.015525 0.030344
    73 -0.046000 0.019587 0.021797 3.134639 0.020864 -0.001670
    74 6.694322 0.000002 0.000001 -1.713371 -0.059173 0.149797
    75 -6.579163 -0.452807 0.914976 1.390020 0.137634 0.072730
    76 -6.553783 -0.454803 0.900534 1.387994 0.108045 0.086436
  time 175
    0 -12.567707 -25.581106 -9.267951 2.205262 -0.098175 1.672905
    1 7.820313 -3.039063 -8.804688 -1.082104 0.087263 -1.570797
    2 -0.000001 0.000002 0.000000 -0.079545 -0.197287 0.228652
    3 10.907404 0.000001 -0.000001 0.000000 0.000025 -0.775252
    4 10.424325 -0.000011 -0.000033 2.363515 -0.109962 -0.314123
    5 2.997275 0.005409 -1.477475 0.000000 0.000000 -0.313644
    6 1.510384 -0.000004 0.000000 0.000000 0.000000 -0.531849
    7 0.808659 -0.000001 0.000001 -0.000001 -0.000010 -0.496852
    8 -0.005463 0.010882 0.011922 -3.130701 -0.002586 -0.018476
    9 -0.001080 -0.005339 -0.002780 -3.138880 -0.004640 0.012721
    10 -0.019963 -0.004463 0.017139 3.137685 -0.000240 0.002472
    11 3.305800 0.203115 -0.546730 0.000000 0.000000 -0.331096
    12 1.807178 0.000000 -0.000004 -0.000011 0.000009 -0.479474
    13 0.966141 0.000003 -0.000001 0.000000 0.000000 -0.339810
    14 -0.002205 0.006298 0.000417 3.133979 -0.003058 0.005338
    15 0.007872 0.003559 -0.000436 -3.124798 -0.001004 0.009074
    16 0.012690 -0.008244 0.010269 -3.131666 0.016691 0.012264
    17 3.571513 0.109304 0.409580 -0.000005 0.000008 -0.270013
    18 2.150648 0.000002 -0.000003 0.000000 0.000000 -0.505662
    19 1.152746 -0.000003 0.000003 0.000000 0.000000 -0.365996
    20 0.000419 0.016150 0.002405 3.136320 -0.007304 -0.003105
    21 0.001816 -0.009672 -0.007393 3.139013 -0.008631 -0.008588
    22 -0.003752 -0.011593 -0.001195 3.133090 0.002976 0.014444
    23 3.684098 -0.158697 1.419183 -0.000004 0.000006 -0.095454
    24 1.701014 0.000004 0.000004 0.000000 0.000000 -0.444542
    25 0.994714 -0.000002 -0.000008 0.000000 0.000000 -0.200213
    26 0.021160 0.011093 -0.004108 -3.137926 -0.002080 -0.001153
    27 -0.003428 0.010128 -0.008341 -3.140832 -0.004146 -0.019238
    28 0.004127 0.010881 0.000767 3.138806 -0.003164 -0.013821
    29 1.068074 -1.287202 0.981906 1.985712 -0.709460 -0.541668
    30 1.836308 -0.000001 0.000002 0.033048 -0.185029 -0.363149
    31 1.223949 -0.000002 0.000002 0.021772 -0.034184 -0.371530
    32 -0.012758 0.013269 0.005633 -3.132442 0.011957 -0.016684
    33 0.003252 0.002937 0.004907 3.134101 -0.012025 0.011384
    34 0.017597 0.001415 -0.271330 3.132743 -0.094250 -0.000348
    35 -0.034845 0.015532 -0.006371 -3.119476 -0.012752 0.011827
    36 6.868289 0.000003 0.000003 1.772882 0.049328 0.153046
    37 -6.002364 -0.460211 -0.868646 -0.695749 -0.131805 0.077518
    38 -6.002752 -0.459276 -0.867383 -0.699507 -0.131813 0.077097
    39 -10.921875 -4.957031 -11.492188 -1.570794 0.087264 -1.570796
    40 -0.000001 -0.000002 0.000004 0.057131 0.084595 0.434362
    41 10.907397 0.000000 -0.000001 -0.000346 -0.000019 -1.210291
    42 10.424307 0.000001 0.000016 -2.164679 0.125988 0.100420
    43 2.997296 0.000062 1.477484 0.000000 0.000000 -1.038495
    44 1.510386 -0.000002 0.000000 0.000000 0.000000 -0.846516
    45 0.808652 0.000001 -0.000003 -0.119283 0.003523 -1.747148
    46 -0.010181 0.001544 -0.002427 3.133438 0.004938 -0.014530
    47 -0.007761 0.000776 -0.012938 -3.140949 0.009512 -0.002789
    48 -0.003515 0.022163 -0.007593 -3.131007 0.004989 -0.015563
    49 3.305811 0.201132 0.547463 0.105764 -0.028116 -1.071979
    50 1.807181 -0.000005 -0.000002 0.025084 -0.090975 -1.128939
    51 0.966146 0.000000 0.000000 0.000000 0.000000 -1.579521
    52 -0.004041 0.002991 -0.002260 -3.129316 0.007469 -0.002160
    53 -0.016014 -0.012525 -0.005755 -3.127586 -0.003209 -0.007102
    54 -0.010741 -0.015351 -0.005964 -3.141244 -0.014366 0.013993
    55 3.571526 0.110787 -0.409180 0.049844 -0.139776 -1.076885
    56 2.150658 0.000000 0.000000 0.000000 0.000000 -1.884936
    57 1.152748 0.000002 -0.000001 0.000000 0.000000 -1.038446
    58 -0.009424 0.003368 0.009511 3.138994 -0.007577 -0.001092
    59 -0.009795 0.006993 0.001619 3.137400 -0.006826 0.001062
    60 -0.005070 0.017085 0.007624 3.135509 0.005211 0.001477
    61 3.684113 -0.153569 -1.419744 -0.097135 -0.252874 -0.553617
    62 1.701014 -0.000001 0.000000 0.000000 0.000000 -1.867478
    63 0.994705 -0.000004 0.000000 0.000000 0.000000 -0.715606
    64 0.015236 0.000657 -0.012633 3.136885 0.014164 0.000018
    65 -0.014324 -0.018461 0.000846 -3.134644 0.013210 0.007851
    66 -0.020566 0.000650 -0.004019 -3.126894 -0.002595 -0.013678
    67 1.068097 -1.283652 -0.986552 -2.099614 0.354156 -0.554593
    68 1.836308 -0.000002 0.000001 0.083363 -0.004875 -0.597422
    69 1.223948 0.000001 -0.000002 -0.030976 -0.071338 -0.420800
    70 -0.026768 0.000412 0.021024 -3.135050 0.011560 0.031832
    71 -0.030946 0.015453 0.007155 3.126687 -0.014474 -0.013279
    72 0.024326 0.034636 0.000721 -3.121606 0.015525 0.030344
    73 -0.046000 0.019587 0.021797 3.134639 0.020864 -0.001670
    74 6.694322 0.000002 0.000001 -1.677382 -0.064554 0.147580
    75 -6.579163 -0.452807 0.914976 1.390020 0.137634 0.072730
    76 -6.553783 -0.454803 0.900534 1.387994 0.108045 0.086436
  time 176
    0 -13.091161 -25.581106 -8.978880 2.120255 -0.085119 1.773907
    1 7.820313 -3.039063 -8.804688 -1.082104 0.087263 -1.570797
    2 -0.000001 0.000002 0.000000 -0.079098 -0.194026 0.239039
    3 10.907404 0.000001 -0.000001 0.000000 0.000025 -0.783418
    4 10.424325 -0.000011 -0.000033 2.365650 -0.127400 -0.330298
    5 2.997275 0.005409 -1.477475 0.000000 0.000000 -0.303094
    6 1.510384 -0.000004 0.000000 0.000000 0.000000 -0.521268
    7 0.808659 -0.000001 0.000001 -0.000001 -0.000010 -0.486337
    8 -0.005463 0.010882 0.011922 -3.130701 -0.002586 -0.018476
    9 -0.001080 -0.005339 -0.002780 -3.138880 -0.004640 0.012721
    10 -0.019963 -0.004463 0.017139 3.137685 -0.000240 0.002472
    11 3.305800 0.203115 -0.546730 0.000000 0.000000 -0.320550
    12 1.807178 0.000000 -0.000004 -0.000011 0.000009 -0.468903
    13 0.966141 0.000003 -0.000001 0.000000 0.000000 -0.329227
    14 -0.002205 0.006298 0.000417 3.133979 -0.003058 0.005338
    15 0.007872 0.003559 -0.000436 -3.124798 -0.001004 0.009074
    16 0.012690 -0.008244 0.010269 -3.131666 0.016691 0.012264
    17 3.571513 0.109304 0.409580 -0.000005 0.000008 -0.259467
    18 2.150648 0.000002 -0.000003 0.000000 0.000000 -0.495075
    19 1.152746 -0.000003 0.000003 0.000000 0.000000 -0.355436
    20 0.000419 0.016150 0.002405 3.136320 -0.007304 -0.003105
    21 0.001816 -0.009672 -0.007393 3.139013 -0.008631 -0.008588
    22 -0.003752 -0.011593 -0.001195 3.133090 0.002976 0.014444
    23 3.684098 -0.158697 1.419183 -0.000004 0.000006 -0.084900
    24 1.701014 0.000004 0.000004 0.000000 0.000000 -0.434005
    25 0.994714 -0.000002 -0.000008 0.000000 0.000000 -0.189652
    26 0.021160 0.011093 -0.004108 -3.137926 -0.002080 -0.001153
    27 -0.003428 0.010128 -0.008341 -3.140832 -0.004146 -0.019238
    28 0.004127 0.010881 0.000767 3.138806 -0.003164 -0.013821
    29 1.068074 -1.287202 0.981906 1.987474 -0.715654 -0.544715
    30 1.836308 -0.000001 0.000002 0.031825 -0.185377 -0.356365
    31 1.223949 -0.000002 0.000002 0.021616 -0.034400 -0.364864
    32 -0.012758 0.013269 0.005633 -3.132442 0.011957 -0.016684
    33 0.003252 0.002937 0.004907 3.134101 -0.012025 0.011384
    34 0.017597 0.001415 -0.271330 3.132743 -0.094250 -0.000348
    35 -0.034845 0.015532 -0.006371 -3.119476 -0.012752 0.011827
    36 6.868289 0.000003 0.000003 1.772807 0.049340 0.153034
    37 -6.002364 -0.460211 -0.868646 -0.695749 -0.131805 0.077518
    38 -6.002752 -0.459276 -0.867383 -0.699507 -0.131813 0.077097
    39 -10.921875 -4.957031 -11.492188 -1.570794 0.087264 -1.570796
    40 -0.000001 -0.000002 0.000004 0.070101 0.105073 0.412425
    41 10.907397 0.000000 -0.000001 -0.000346 -0.000019 -1.198284
    42 10.424307 0.000001 0.000016 -2.090299 0.143826 0.125865
    43 2.997296 0.000062 1.477484 0.000000 0.000000 -1.038495
    44 1.510386 -0.000002 0.000000 0.000000 0.000000 -0.846516
    45 0.808652 0.000001 -0.000003 -0.119283 0.003523 -1.747148
    46 -0.010181 0.001544 -0.002427 3.133438 0.004938 -0.014530
    47 -0.007761 0.000776 -0.012938 -3.140949 0.009512 -0.002789
    48 -0.003515 0.022163 -0.007593 -3.131007 0.004989 -0.015563
    49 3.305811 0.201132 0.547463 0.105764 -0.028116 -1.071979
    50 1.807181 -0.000005 -0.000002 0.025084 -0.090975 -1.128939
    51 0.966146 0.000000 0.000000 0.000000 0.000000 -1.579521
    52 -0.004041 0.002991 -0.002260 -3.129316 0.007469 -0.002160
    53 -0.016014 -0.012525 -0.005755 -3.127586 -0.003209 -0.007102
    54 -0.010741 -0.015351 -0.005964 -3.141244 -0.014366 0.013993
    55 3.571526 0.110787 -0.409180 0.049844 -0.139776 -1.076885
    56 2.150658 0.000000 0.000000 0.000000 0.000000 -1.884936
    57 1.152748 0.000002 -0.000001 0.000000 0.000000 -1.038446
    58 -0.009424 0.003368 0.009511 3.138994 -0.007577 -0.001092
    59 -0.009795 0.006993 0.001619 3.137400 -0.006826 0.001062
    60 -0.005070 0.017085 0.007624 3.135509 0.005211 0.001477
    61 3.684113 -0.153569 -1.419744 -0.096895 -0.252970 -0.554561
    62 1.701014 -0.000001 0.000000 0.000000 0.000000 -1.867478
    63 0.994705 -0.000004 0.000000 0.000000 0.000000 -0.715606
    64 0.015236 0.000657 -0.012633 3.136885 0.014164 0.000018
    65 -0.014324 -0.018461 0.000846 -3.134644 0.013210 0.007851
    66 -0.020566 0.000650 -0.004019 -3.126894 -0.002595 -0.013678
    67 1.068097 -1.283652 -0.986552 -2.099614 0.354156 -0.554593
    68 1.836308 -0.000002 0.000001 0.083363 -0.004875 -0.597422
    69 1.223948 0.000001 -0.000002 -0.030976 -0.071338 -0.420800
    70 -0.026768 0.000412 0.021024 -3.135050 0.011560 0.031832
    71 -0.030946 0.015453 0.007155 3.126687 -0.014474 -0.013279
    72 0.024326 0.034636 0.000721 -3.121606 0.015525 0.030344
    73 -0.046000 0.019587 0.021797 3.134639 0.020864 -0.001670
    74 6.694322 0.000002 0.000001 -1.640892 -0.069923 0.145123
    75 -6.579163 -0.452807 0.914976 1.390020 0.137634 0.072730
    76 -6.553783 -0.454803 0.900534 1.387994 0.108045 0.086436
  time 177
    0 -13.540393 -25.577200 -8.697622 2.044350 -0.059282 1.854898
    1 7.820313 -3.039063 -8.804688 -1.082104 0.087263 -1.570797
    2 -0.000001 0.000002 0.000000 -0.078677 -0.191258 0.247714
    3 10.907404 0.000001 -0.000001 0.000000 0.000025 -0.790104
    4 10.424325 -0.000011 -0.000033 2.367344 -0.140223 -0.342094
    5 2.997275 0.005409 -1.477475 0.000000 0.000000 -0.294992
    6 1.510384 -0.000004 0.000000 0.000000 0.000000 -0.513178
    7 0.808659 -0.000001 0.000001 -0.000001 -0.000010 -0.478244
    8 -0.005463 0.010882 0.011922 -3.130701 -0.002586 -0.018476
    9 -0.001080 -0.005339 -0.002780 -3.138880 -0.004640 0.012721
    10 -0.019963 -0.004463 0.017139 3.137685 -0.000240 0.002472
    11 3.305800 0.203115 -0.546730 0.000000 0.000000 -0.312470
    12 1.807178 0.000000 -0.000004 -0.000011 0.000009 -0.460811
    13 0.966141 0.000003 -0.000001 0.000000 0.000000 -0.321170
    14 -0.002205 0.006298 0.000417 3.133979 -0.003058 0.005338
    15 0.007872 0.003559 -0.000436 -3.124798 -0.001004 0.009074
    16 0.012690 -0.008244 0.010269 -3.131666 0.016691 0.012264
    17 3.571513 0.109304 0.409580 -0.000005 0.000008 -0.251368
    18 2.150648 0.000002 -0.000003 0.000000 0.000000 -0.487002
    19 1.152746 -0.000003 0.000003 0.000000 0.000000 -0.347351
    20 0.000419 0.016150 0.002405 3.136320 -0.007304 -0.003105
    21 0.001816 -0.009672 -0.007393 3.139013 -0.008631 -0.008588
    22 -0.003752 -0.011593 -0.001195 3.133090 0.002976 0.014444
    23 3.684098 -0.158697 1.419183 -0.000004 0.000006 -0.076808
    24 1.701014 0.000004 0.000004 0.000000 0.000000 -0.425914
    25 0.994714 -0.000002 -0.000008 0.000000 0.000000 -0.181566
    26 0.021160 0.011093 -0.004108 -3.137926 -0.002080 -0.001153
    27 -0.003428 0.010128 -0.008341 -3.140832 -0.004146 -0.019238
    28 0.004127 0.010881 0.000767 3.138806 -0.003164 -0.013821
    29 1.068074 -1.287202 0.981906 1.988097 -0.717823 -0.545789
    30 1.836308 -0.000001 0.000002 0.031406 -0.185509 -0.353979
    31 1.223949 -0.000002 0.000002 0.021556 -0.034472 -0.362529
    32 -0.012758 0.013269 0.005633 -3.132442 0.011957 -0.016684
    33 0.003252 0.002937 0.004907 3.134101 -0.012025 0.011384
    34 0.017597 0.001415 -0.271330 3.132743 -0.094250 -0.000348
    35 -0.034845 0.015532 -0.006371 -3.119476 -0.012752 0.011827
    36 6.868289 0.000003 0.000003 1.772693 0.049364 0.153034
    37 -6.002364 -0.460211 -0.868646 -0.695749 -0.131805 0.077518
    38 -6.002752 -0.459276 -0.867383 -0.699507 -0.131813 0.077097
    39 -10.921875 -4.957031 -11.492188 -1.570794 0.087264 -1.570796
    40 -0.000001 -0.000002 0.000004 0.080935 0.122848 0.391568
    41 10.907397 0.000000 -0.000001 -0.000346 -0.000019 -1.185471
    42 10.424307 0.000001 0.000016 -2.021675 0.159570 0.147228
    43 2.997296 0.000062 1.477484 0.000000 0.000000 -1.038495
    44 1.510386 -0.000002 0.000000 0.000000 0.000000 -0.846516
    45 0.808652 0.000001 -0.000003 -0.119283 0.003523 -1.747148
    46 -0.010181 0.001544 -0.002427 3.133438 0.004938 -0.014530
    47 -0.007761 0.000776 -0.012938 -3.140949 0.009512 -0.002789
    48 -0.003515 0.022163 -0.007593 -3.131007 0.004989 -0.015563
    49 3.305811 0.201132 0.547463 0.105764 -0.028116 -1.071979
    50 1.807181 -0.000005 -0.000002 0.025084 -0.090975 -1.128939
    51 0.966146 0.000000 0.000000 0.000000 0.000000 -1.579521
    52 -0.004041 0.002991 -0.002260 -3.129316 0.007469 -0.002160
    53 -0.016014 -0.012525 -0.005755 -3.127586 -0.003209 -0.007102
    54 -0.010741 -0.015351 -0.005964 -3.141244 -0.014366 0.013993
    55 3.571526 0.110787 -0.409180 0.049844 -0.139776 -1.076885
    56 2.150658 0.000000 0.000000 0.000000 0.000000 -1.884936
    57 1.152748 0.000002 -0.000001 0.000000 0.000000 -1.038446
    58 -0.009424 0.003368 0.009511 3.138994 -0.007577 -0.001092
    59 -0.009795 0.006993 0.001619 3.137400 -0.006826 0.001062
    60 -0.005070 0.017085 0.007624 3.135509 0.005211 0.001477
    61 3.684113 -0.153569 -1.419744 -0.096812 -0.252994 -0.554889
    62 1.701014 -0.000001 0.000000 0.000000 0.000000 -1.867478
    63 0.994705 -0.000004 0.000000 0.000000 0.000000 -0.715606
    64 0.015236 0.000657 -0.012633 3.136885 0.014164 0.000018
    65 -0.014324 -0.018461 0.000846 -3.134644 0.013210 0.007851
    66 -0.020566 0.000650 -0.004019 -3.126894 -0.002595 -0.013678
    67 1.068097 -1.283652 -0.986552 -2.099614 0.354156 -0.554593
    68 1.836308 -0.000002 0.000001 0.083363 -0.004875 -0.597422
    69 1.223948 0.000001 -0.000002 -0.030976 -0.071338 -0.420800
    70 -0.026768 0.000412 0.021024 -3.135050 0.011560 0.031832
    71 -0.030946 0.015453 0.007155 3.126687 -0.014474 -0.013279
    72 0.024326 0.034636 0.000721 -3.121606 0.015525 0.030344
    73 -0.046000 0.019587 0.021797 3.134639 0.020864 -0.001670
    74 6.694322 0.000002 0.000001 -1.607004 -0.074825 0.142666
    75 -6.579163 -0.452807 0.914976 1.390020 0.137634 0.072730
    76 -6.553783 -0.454803 0.900534 1.387994 0.108045 0.086436
  time 178
    0 -13.891966 -25.569387 -8.459333 1.985803 -0.030055 1.908386
    1 7.820313 -3.039063 -8.804688 -1.082104 0.087263 -1.570797
    2 -0.000001 0.000002 0.000000 -0.078358 -0.189358 0.253644
    3 10.907404 0.000001 -0.000001 0.000000 0.000025 -0.794561
    4 10.424325 -0.000011 -0.000033 2.368375 -0.148157 -0.349289
    5 2.997275 0.005409 -1.477475 0.000000 0.000000 -0.289828
    6 1.510384 -0.000004 0.000000 0.000000 0.000000 -0.507989
    7 0.808659 -0.000001 0.000001 -0.000001 -0.000010 -0.473014
    8 -0.005463 0.010882 0.011922 -3.130701 -0.002586 -0.018476
    9 -0.001080 -0.005339 -0.002780 -3.138880 -0.004640 0.012721
    10 -0.019963 -0.004463 0.017139 3.137685 -0.000240 0.002472
    11 3.305800 0.203115 -0.546730 0.000000 0.000000 -0.307265
    12 1.807178 0.000000 -0.000004 -0.000011 0.000009 -0.455616
    13 0.966141 0.000003 -0.000001 0.000000 0.000000 -0.315944
    14 -0.002205 0.006298 0.000417 3.133979 -0.003058 0.005338
    15 0.007872 0.003559 -0.000436 -3.124798 -0.001004 0.009074
    16 0.012690 -0.008244 0.010269 -3.131666 0.016691 0.012264
    17 3.571513 0.109304 0.409580 -0.000005 0.000008 -0.246185
    18 2.150648 0.000002 -0.000003 0.000000 0.000000 -0.481830
    19 1.152746 -0.000003 0.000003 0.000000 0.000000 -0.342146
    20 0.000419 0.016150 0.002405 3.136320 -0.007304 -0.003105
    21 0.001816 -0.009672 -0.007393 3.139013 -0.008631 -0.008588
    22 -0.003752 -0.011593 -0.001195 3.133090 0.002976 0.014444
    23 3.684098 -0.158697 1.419183 -0.000004 0.000006 -0.071626
    24 1.701014 0.000004 0.000004 0.000000 0.000000 -0.420720
    25 0.994714 -0.000002 -0.000008 0.000000 0.000000 -0.176371
    26 0.021160 0.011093 -0.004108 -3.137926 -0.002080 -0.001153
    27 -0.003428 0.010128 -0.008341 -3.140832 -0.004146 -0.019238
    28 0.004127 0.010881 0.000767 3.138806 -0.003164 -0.013821
    29 1.068074 -1.287202 0.981906 1.988097 -0.717823 -0.545789
    30 1.836308 -0.000001 0.000002 0.031406 -0.185509 -0.353979
    31 1.223949 -0.000002 0.000002 0.021556 -0.034472 -0.362529
    32 -0.012758 0.013269 0.005633 -3.132442 0.011957 -0.016684
    33 0.003252 0.002937 0.004907 3.134101 -0.012025 0.011384
    34 0.017597 0.001415 -0.271330 3.132743 -0.094250 -0.000348
    35 -0.034845 0.015532 -0.006371 -3.119476 -0.012752 0.011827
    36 6.868289 0.000003 0.000003 1.772580 0.049376 0.153022
    37 -6.002364 -0.460211 -0.868646 -0.695749 -0.131805 0.077518
    38 -6.002752 -0.459276 -0.867383 -0.699507 -0.131813 0.077097
    39 -10.921875 -4.957031 -11.492188 -1.570794 0.087264 -1.570796
    40 -0.000001 -0.000002 0.000004 0.089125 0.136846 0.373947
    41 10.907397 0.000000 -0.000001 -0.000346 -0.000019 -1.173779
    42 10.424307 0.000001 0.000016 -1.965011 0.172210 0.163554
    43 2.997296 0.000062 1.477484 0.000000 0.000000 -1.038495
    44 1.510386 -0.000002 0.000000 0.000000 0.000000 -0.846516
    45 0.808652 0.000001 -0.000003 -0.119283 0.003523 -1.747148
    46 -0.010181 0.001544 -0.002427 3.133438 0.004938 -0.014530
    47 -0.007761 0.000776 -0.012938 -3.140949 0.009512 -0.002789
    48 -0.003515 0.022163 -0.007593 -3.131007 0.004989 -0.015563
    49 3.305811 0.201132 0.547463 0.105764 -0.028116 -1.071979
    50 1.807181 -0.000005 -0.000002 0.025084 -0.090975 -1.128939
    51 0.966146 0.000000 0.000000 0.000000 0.000000 -1.579521
    52 -0.004041 0.002991 -0.002260 -3.129316 0.007469 -0.002160
    53 -0.016014 -0.012525 -0.005755 -3.127586 -0.003209 -0.007102
    54 -0.010741 -0.015351 -0.005964 -3.141244 -0.014366 0.013993
    55 3.571526 0.110787 -0.409180 0.049844 -0.139776 -1.076885
    56 2.150658 0.000000 0.000000 0.000000 0.000000 -1.884936
    57 1.152748 0.000002 -0.000001 0.000000 0.000000 -1.038446
    58 -0.009424 0.003368 0.009511 3.138994 -0.007577 -0.001092
    59 -0.009795 0.006993 0.001619 3.137400 -0.006826 0.001062
    60 -0.005070 0.017085 0.007624 3.135509 0.005211 0.001477
    61 3.684113 -0.153569 -1.419744 -0.096812 -0.252994 -0.554889
    62 1.701014 -0.000001 0.000000 0.000000 0.000000 -1.867478
    63 0.994705 -0.000004 0.000000 0.000000 0.000000 -0.715606
    64 0.015236 0.000657 -0.012633 3.136885 0.014164 0.000018
    65 -0.014324 -0.018461 0.000846 -3.134644 0.013210 0.007851
    66 -0.020566 0.000650 -0.004019 -3.126894 -0.002595 -0.013678
    67 1.068097 -1.283652 -0.986552 -2.099614 0.354156 -0.554593
    68 1.836308 -0.000002 0.000001 0.083363 -0.004875 -0.597422
    69 1.223948 0.000001 -0.000002 -0.030976 -0.071338 -0.420800
    70 -0.026768 0.000412 0.021024 -3.135050 0.011560 0.031832
    71 -0.030946 0.015453 0.007155 3.126687 -0.014474 -0.013279
    72 0.024326 0.034636 0.000721 -3.121606 0.015525 0.030344
    73 -0.046000 0.019587 0.021797 3.134639 0.020864 -0.001670
    74 6.694322 0.000002 0.000001 -1.578825 -0.078828 0.140509
    75 -6.579163 -0.452807 0.914976 1.390020 0.137634 0.072730
    76 -6.553783 -0.454803 0.900534 1.387994 0.108045 0.086436
  time 179
    0 -14.118536 -25.565481 -8.287453 1.949586 -0.008158 1.928681
    1 7.820313 -3.039063 -8.804688 -1.082104 0.087263 -1.570797
    2 -0.000001 0.000002 0.000000 -0.078243 -0.188654 0.255832
    3 10.907404 0.000001 -0.000001 0.000000 0.000025 -0.796205
    4 10.424325 -0.000011 -0.000033 2.368743 -0.150889 -0.351743
    5 2.997275 0.005409 -1.477475 0.000000 0.000000 -0.287981
    6 1.510384 -0.000004 0.000000 0.000000 0.000000 -0.506151
    7 0.808659 -0.000001 0.000001 -0.000001 -0.000010 -0.471198
    8 -0.005463 0.010882 0.011922 -3.130701 -0.002586 -0.018476
    9 -0.001080 -0.005339 -0.002780 -3.138880 -0.004640 0.012721
    10 -0.019963 -0.004463 0.017139 3.137685 -0.000240 0.002472
    11 3.305800 0.203115 -0.546730 0.000000 0.000000 -0.305458
    12 1.807178 0.000000 -0.000004 -0.000011 0.000009 -0.453789
    13 0.966141 0.000003 -0.000001 0.000000 0.000000 -0.314159
    14 -0.002205 0.006298 0.000417 3.133979 -0.003058 0.005338
    15 0.007872 0.003559 -0.000436 -3.124798 -0.001004 0.009074
    16 0.012690 -0.008244 0.010269 -3.131666 0.016691 0.012264
    17 3.571513 0.109304 0.409580 -0.000005 0.000008 -0.244355
    18 2.150648 0.000002 -0.000003 0.000000 0.000000 -0.479993
    19 1.152746 -0.000003 0.000003 0.000000 0.000000 -0.340327
    20 0.000419 0.016150 0.002405 3.136320 -0.007304 -0.003105
    21 0.001816 -0.009672 -0.007393 3.139013 -0.008631 -0.008588
    22 -0.003752 -0.011593 -0.001195 3.133090 0.002976 0.014444
    23 3.684098 -0.158697 1.419183 -0.000004 0.000006 -0.069803
    24 1.701014 0.000004 0.000004 0.000000 0.000000 -0.418897
    25 0.994714 -0.000002 -0.000008 0.000000 0.000000 -0.174533
    26 0.021160 0.011093 -0.004108 -3.137926 -0.002080 -0.001153
    27 -0.003428 0.010128 -0.008341 -3.140832 -0.004146 -0.019238
    28 0.004127 0.010881 0.000767 3.138806 -0.003164 -0.013821
    29 1.068074 -1.287202 0.981906 1.988097 -0.717823 -0.545789
    30 1.836308 -0.000001 0.000002 0.031406 -0.185509 -0.353979
    31 1.223949 -0.000002 0.000002 0.021556 -0.034472 -0.362529
    32 -0.012758 0.013269 0.005633 -3.132442 0.011957 -0.016684
    33 0.003252 0.002937 0.004907 3.134101 -0.012025 0.011384
    34 0.017597 0.001415 -0.271330 3.132743 -0.094250 -0.000348
    35 -0.034845 0.015532 -0.006371 -3.119476 -0.012752 0.011827
    36 6.868289 0.000003 0.000003 1.772505 0.049388 0.153022
    37 -6.002364 -0.460211 -0.868646 -0.695749 -0.131805 0.077518
    38 -6.002752 -0.459276 -0.867383 -0.699507 -0.131813 0.077097
    39 -10.921875 -4.957031 -11.492188 -1.570794 0.087264 -1.570796
    40 -0.000001 -0.000002 0.000004 0.094287 0.146066 0.361451
    41 10.907397 0.000000 -0.000001 -0.000346 -0.000019 -1.164677
    42 10.424307 0.000001 0.000016 -1.926513 0.180587 0.173628
    43 2.997296 0.000062 1.477484 0.000000 0.000000 -1.038495
    44 1.510386 -0.000002 0.000000 0.000000 0.000000 -0.846516
    45 0.808652 0.000001 -0.000003 -0.119283 0.003523 -1.747148
    46 -0.010181 0.001544 -0.002427 3.133438 0.004938 -0.014530
    47 -0.007761 0.000776 -0.012938 -3.140949 0.009512 -0.002789
    48 -0.003515 0.022163 -0.007593 -3.131007 0.004989 -0.015563
    49 3.305811 0.201132 0.547463 0.105764 -0.028116 -1.071979
    50 1.807181 -0.000005 -0.000002 0.025084 -0.090975 -1.128939
    51 0.966146 0.000000 0.000000 0.000000 0.000000 -1.579521
    52 -0.004041 0.002991 -0.002260 -3.129316 0.007469 -0.002160
    53 -0.016014 -0.012525 -0.005755 -3.127586 -0.003209 -0.007102
    54 -0.010741 -0.015351 -0.005964 -3.141244 -0.014366 0.013993
    55 3.571526 0.110787 -0.409180 0.049844 -0.139776 -1.076885
    56 2.150658 0.000000 0.000000 0.000000 0.000000 -1.884936
    57 1.152748 0.000002 -0.000001 0.000000 0.000000 -1.038446
    58 -0.009424 0.003368 0.009511 3.138994 -0.007577 -0.001092
    59 -0.009795 0.006993 0.001619 3.137400 -0.006826 0.001062
    60 -0.005070 0.017085 0.007624 3.135509 0.005211 0.001477
    61 3.684113 -0.153569 -1.419744 -0.096812 -0.252994 -0.554889
    62 1.701014 -0.000001 0.000000 0.000000 0.000000 -1.867478
    63 0.994705 -0.000004 0.000000 0.000000 0.000000 -0.715606
    64 0.015236 0.000657 -0.012633 3.136885 0.014164 0.000018
    65 -0.014324 -0.018461 0.000846 -3.134644 0.013210 0.007851
    66 -0.020566 0.000650 -0.004019 -3.126894 -0.002595 -0.013678
    67 1.068097 -1.283652 -0.986552 -2.099614 0.354156 -0.554593
    68 1.836308 -0.000002 0.000001 0.083363 -0.004875 -0.597422
    69 1.223948 0.000001 -0.000002 -0.030976 -0.071338 -0.420800
    70 -0.026768 0.000412 0.021024 -3.135050 0.011560 0.031832
    71 -0.030946 0.015453 0.007155 3.126687 -0.014474 -0.013279
    72 0.024326 0.034636 0.000721 -3.121606 0.015525 0.030344
    73 -0.046000 0.019587 0.021797 3.134639 0.020864 -0.001670
    74 6.694322 0.000002 0.000001 -1.559598 -0.081524 0.138975
    75 -6.579163 -0.452807 0.914976 1.390020 0.137634 0.072730
    76 -6.553783 -0.454803 0.900534 1.387994 0.108045 0.086436
  time 180
    0 -14.195313 -25.562500 -8.218750 1.937292 -0.000435 -4.353440
    1 7.820313 -3.039063 -8.804688 -1.082104 0.087263 -1.570797
    2 -0.000001 0.000002 0.000000 -0.078245 -0.188667 0.255822
    3 10.907404 0.000001 -0.000001 0.000000 0.000025 -0.796196
    4 10.424325 -0.000011 -0.000033 2.368768 -0.150890 -0.351752
    5 2.997275 0.005409 -1.477475 0.000000 0.000000 -0.287977
    6 1.510384 -0.000004 0.000000 0.000000 0.000000 -0.506144
    7 0.808659 -0.000001 0.000001 0.000000 0.000000 -0.471238
    8 -0.005463 0.010882 0.011922 -3.130701 -0.002586 -0.018476
    9 -0.001080 -0.005339 -0.002780 -3.138880 -0.004640 0.012721
    10 -0.019963 -0.004463 0.017139 3.137685 -0.000240 0.002472
    11 3.305800 0.203115 -0.546730 0.000000 0.000000 -0.305433
    12 1.807178 0.000000 -0.000004 0.000000 0.000000 -0.453785
    13 0.966141 0.000003 -0.000001 0.000000 0.000000 -0.314158
    14 -0.002205 0.006298 0.000417 3.133979 -0.003058 0.005338
    15 0.007872 0.003559 -0.000436 -3.124798 -0.001004 0.009074
    16 0.012690 -0.008244 0.010269 -3.131666 0.016691 0.012264
    17 3.571513 0.109304 0.409580 0.000000 0.000000 -0.244345
    18 2.150648 0.000002 -0.000003 0.000000 0.000000 -0.479964
    19 1.152746 -0.000003 0.000003 0.000000 0.000000 -0.340337
    20 0.000419 0.016150 0.002405 3.136320 -0.007304 -0.003105
    21 0.001816 -0.009672 -0.007393 3.139013 -0.008631 -0.008588
    22 -0.003752 -0.011593 -0.001195 3.133090 0.002976 0.014444
    23 3.684098 -0.158697 1.419183 0.000000 0.000000 -0.069812
    24 1.701014 0.000004 0.000004 0.000000 0.000000 -0.418878
    25 0.994714 -0.000002 -0.000008 0.000000 0.000000 -0.174532
    26 0.021160 0.011093 -0.004108 -3.137926 -0.002080 -0.001153
    27 -0.003428 0.010128 -0.008341 -3.140832 -0.004146 -0.019238
    28 0.004127 0.010881 0.000767 3.138806 -0.003164 -0.013821
    29 1.068074 -1.287202 0.981906 1.988092 -0.717834 -0.545799
    30 1.836308 -0.000001 0.000002 0.031411 -0.185507 -0.354010
    31 1.223949 -0.000002 0.000002 0.021546 -0.034465 -0.362542
    32 -0.012758 0.013269 0.005633 -3.132442 0.011957 -0.016684
    33 0.003252 0.002937 0.004907 3.134101 -0.012025 0.011384
    34 0.017597 0.001415 -0.271330 3.132743 -0.094250 -0.000348
    35 -0.034845 0.015532 -0.006371 -3.119476 -0.012752 0.011827
    36 6.868289 0.000003 0.000003 1.772534 0.049378 0.153027
    37 -6.002364 -0.460211 -0.868646 -0.695749 -0.131805 0.077518
    38 -6.002752 -0.459276 -0.867383 -0.699507 -0.131813 0.077097
    39 -10.921875 -4.957031 -11.492188 -1.570794 0.087264 -1.570796
    40 -0.000001 -0.000002 0.000004 0.096126 0.149372 0.356880
    41 10.907397 0.000000 -0.000001 -0.000345 -0.000021 -1.161359
    42 10.424307 0.000001 0.000016 -1.912367 0.183628 0.177244
    43 2.997296 0.000062 1.477484 0.000000 0.000000 -1.038469
    44 1.510386 -0.000002 0.000000 0.000000 0.000000 -0.846484
    45 0.808652 0.000001 -0.000003 -0.119282 0.003534 -1.747165
    46 -0.010181 0.001544 -0.002427 3.133438 0.004938 -0.014530
    47 -0.007761 0.000776 -0.012938 -3.140949 0.009512 -0.002789
    48 -0.003515 0.022163 -0.007593 -3.131007 0.004989 -0.015563
    49 3.305811 0.201132 0.547463 0.105764 -0.028115 -1.071956
    50 1.807181 -0.000005 -0.000002 0.025091 -0.090975 -1.128935
    51 0.966146 0.000000 0.000000 0.000000 0.000000 -1.579521
    52 -0.004041 0.002991 -0.002260 -3.129316 0.007469 -0.002160
    53 -0.016014 -0.012525 -0.005755 -3.127586 -0.003209 -0.007102
    54 -0.010741 -0.015351 -0.005964 -3.141244 -0.014366 0.013993
    55 3.571526 0.110787 -0.409180 0.049846 -0.139786 -1.076866
    56 2.150658 0.000000 0.000000 0.000000 0.000000 -1.884952
    57 1.152748 0.000002 -0.000001 0.000000 0.000000 -1.038469
    58 -0.009424 0.003368 0.009511 3.138994 -0.007577 -0.001092
    59 -0.009795 0.006993 0.001619 3.137400 -0.006826 0.001062
    60 -0.005070 0.017085 0.007624 3.135509 0.005211 0.001477
    61 3.684113 -0.153569 -1.419744 -0.096816 -0.253004 -0.554907
    62 1.701014 -0.000001 0.000000 0.000000 0.000000 -1.867498
    63 0.994705 -0.000004 0.000000 0.000000 0.000000 -0.715585
    64 0.015236 0.000657 -0.012633 3.136885 0.014164 0.000018
    65 -0.014324 -0.018461 0.000846 -3.134644 0.013210 0.007851
    66 -0.020566 0.000650 -0.004019 -3.126894 -0.002595 -0.013678
    67 1.068097 -1.283652 -0.986552 -2.099602 0.354164 -0.554602
    68 1.836308 -0.000002 0.000001 0.083362 -0.004879 -0.597428
    69 1.223948 0.000001 -0.000002 -0.030976 -0.071336 -0.420800
    70 -0.026768 0.000412 0.021024 -3.135050 0.011560 0.031832
    71 -0.030946 0.015453 0.007155 3.126687 -0.014474 -0.013279
    72 0.024326 0.034636 0.000721 -3.121606 0.015525 0.030344
    73 -0.046000 0.019587 0.021797 3.134639 0.020864 -0.001670
    74 6.694322 0.000002 0.000001 -1.552509 -0.082507 0.138392
    75 -6.579163 -0.452807 0.914976 1.390020 0.137634 0.072730
    76 -6.553783 -0.454803 0.900534 1.387994 0.108045 0.086436
end
