version 1
nodes
  0 "v_weapon" -1
  1 "v_weapon.Bip01" 0
  2 "v_weapon.Bip01_Pelvis" 0
  3 "v_weapon.Bip01_Spine" 0
  4 "v_weapon.Bip01_Spine1" 0
  5 "v_weapon.Bip01_Spine2" 0
  6 "v_weapon.Bip01_Spine3" 0
  7 "v_weapon.Bip01_Neck" 0
  8 "v_weapon.Bip01_L_Clavicle" 0
  9 "v_weapon.Bip01_L_UpperArm" 0
  10 "v_weapon.Bip01_L_Forearm" 0
  11 "v_weapon.Bip01_L_Hand" 0
  12 "v_weapon.Bip01_L_ForeTwist" 0
  13 "v_weapon.Bip01_R_Clavicle" 0
  14 "v_weapon.Bip01_R_UpperArm" 0
  15 "v_weapon.Bip01_R_Forearm" 0
  16 "v_weapon.Bip01_R_Hand" 0
  17 "v_weapon.Bip01_R_ForeTwist" 0
  18 "v_weapon.Bip01_L_Finger0" 0
  19 "v_weapon.Bip01_L_Finger01" 0
  20 "v_weapon.Bip01_L_Finger02" 0
  21 "v_weapon.Bip01_L_Finger1" 0
  22 "v_weapon.Bip01_L_Finger11" 0
  23 "v_weapon.Bip01_L_Finger12" 0
  24 "v_weapon.Bip01_L_Finger2" 0
  25 "v_weapon.Bip01_L_Finger21" 0
  26 "v_weapon.Bip01_L_Finger22" 0
  27 "v_weapon.Bip01_L_Finger3" 0
  28 "v_weapon.Bip01_L_Finger31" 0
  29 "v_weapon.Bip01_L_Finger32" 0
  30 "v_weapon.Bip01_L_Finger4" 0
  31 "v_weapon.Bip01_L_Finger41" 0
  32 "v_weapon.Bip01_L_Finger42" 0
  33 "v_weapon.Bip01_R_Finger0" 0
  34 "v_weapon.Bip01_R_Finger01" 0
  35 "v_weapon.Bip01_R_Finger02" 0
  36 "v_weapon.Bip01_R_Finger1" 0
  37 "v_weapon.Bip01_R_Finger11" 0
  38 "v_weapon.Bip01_R_Finger12" 0
  39 "v_weapon.Bip01_R_Finger2" 0
  40 "v_weapon.Bip01_R_Finger21" 0
  41 "v_weapon.Bip01_R_Finger22" 0
  42 "v_weapon.Bip01_R_Finger3" 0
  43 "v_weapon.Bip01_R_Finger31" 0
  44 "v_weapon.Bip01_R_Finger32" 0
  45 "v_weapon.Bip01_R_Finger4" 0
  46 "v_weapon.Bip01_R_Finger41" 0
  47 "v_weapon.Bip01_R_Finger42" 0
  48 "FvARM-bone" 0
  49 "FvARM-bone Pelvis" 48
  50 "FvARM-bone Spine" 49
  51 "FvARM-bone Spine1" 50
  52 "FvARM-bone Neck" 51
  53 "FvARM-bone L Clavicle" 52
  54 "FvARM-bone L UpperArm" 53
  55 "FvARM-bone L ForeArm" 54
  56 "FvARM-bone L Hand" 55
  57 "FvARM-bone L Finger0" 56
  58 "FvARM-bone L Finger01" 57
  59 "FvARM-bone L Finger02" 58
  60 "FvARM-bone L Finger1" 56
  61 "FvARM-bone L Finger11" 60
  62 "FvARM-bone L Finger12" 61
  63 "FvARM-bone L Finger2" 56
  64 "FvARM-bone L Finger21" 63
  65 "FvARM-bone L Finger22" 64
  66 "FvARM-bone L Finger3" 56
  67 "FvARM-bone L Finger31" 66
  68 "FvARM-bone L Finger32" 67
  69 "FvARM-bone L Finger4" 56
  70 "FvARM-bone L Finger41" 69
  71 "FvARM-bone L Finger42" 70
  72 "FvARM-bone L ForeTwist" 54
  73 "FvARM-bone R Clavicle" 52
  74 "FvARM-bone R UpperArm" 73
  75 "FvARM-bone R ForeArm" 74
  76 "FvARM-bone R Hand" 75
  77 "FvARM-bone R Finger0" 76
  78 "FvARM-bone R Finger01" 77
  79 "FvARM-bone R Finger02" 78
  80 "FvARM-bone R Finger1" 76
  81 "FvARM-bone R Finger11" 80
  82 "FvARM-bone R Finger12" 81
  83 "FvARM-bone R Finger2" 76
  84 "FvARM-bone R Finger21" 83
  85 "FvARM-bone R Finger22" 84
  86 "FvARM-bone R Finger3" 76
  87 "FvARM-bone R Finger31" 86
  88 "FvARM-bone R Finger32" 87
  89 "FvARM-bone R Finger4" 76
  90 "FvARM-bone R Finger41" 89
  91 "FvARM-bone R Finger42" 90
  92 "FvARM-bone R ForeTwist" 74
  93 "FvARM-bone Prop1" 48
  94 "Dummy01" 93
  95 "Box04" 94
  96 "Box01" 94
  97 "Box011" 96
  98 "Box010" 97
  99 "Box02" 94
  100 "Box03" 94
  101 "Box09" 0
  102 "Box05" 101
  103 "Box06" 101
  104 "Box07" 101
  105 "Box08" 101
  106 "v_weapon.flash" 94
  107 "v_weapon.shelleject" 94
  108 "v_weapon.stattrack" 94
  109 "v_weapon.uid" 94
  110 "v_weapon.glock_parent" 94
  111 "v_weapon.glock_magazine" 94
  112 "v_weapon.glock_trigger" 94
  113 "v_weapon.glock_slide" 94
end
skeleton
  time 0
    0 0.000000 0.000000 0.000000 0.000000 0.000000 0.000000
    1 0.000000 500.000000 0.000000 0.000000 -0.000000 0.000000
    2 0.000000 500.000000 0.000000 0.000000 -0.000000 0.000000
    3 0.000000 500.000000 0.000000 0.000000 -0.000000 0.000000
    4 0.000000 500.000000 0.000000 0.000000 -0.000000 0.000000
    5 0.000000 500.000000 0.000000 0.000000 -0.000000 0.000000
    6 0.000000 500.000000 0.000000 0.000000 -0.000000 0.000000
    7 0.000000 500.000000 0.000000 0.000000 -0.000000 0.000000
    8 0.000000 500.000000 0.000000 0.000000 -0.000000 0.000000
    9 0.000000 500.000000 0.000000 0.000000 -0.000000 0.000000
    10 0.000000 500.000000 0.000000 0.000000 -0.000000 0.000000
    11 0.000000 500.000000 0.000000 0.000000 -0.000000 0.000000
    12 0.000000 500.000000 0.000000 0.000000 -0.000000 0.000000
    13 0.000000 500.000000 0.000000 0.000000 -0.000000 0.000000
    14 0.000000 500.000000 0.000000 0.000000 -0.000000 0.000000
    15 0.000000 500.000000 0.000000 0.000000 -0.000000 0.000000
    16 0.000000 500.000000 0.000000 0.000000 -0.000000 0.000000
    17 0.000000 500.000000 0.000000 0.000000 -0.000000 0.000000
    18 0.000000 500.000000 0.000000 0.000000 -0.000000 0.000000
    19 0.000000 500.000000 0.000000 0.000000 -0.000000 0.000000
    20 0.000000 500.000000 0.000000 0.000000 -0.000000 0.000000
    21 0.000000 500.000000 0.000000 0.000000 -0.000000 0.000000
    22 0.000000 500.000000 0.000000 0.000000 -0.000000 0.000000
    23 0.000000 500.000000 0.000000 0.000000 -0.000000 0.000000
    24 0.000000 500.000000 0.000000 0.000000 -0.000000 0.000000
    25 0.000000 500.000000 0.000000 0.000000 -0.000000 0.000000
    26 0.000000 500.000000 0.000000 0.000000 -0.000000 0.000000
    27 0.000000 500.000000 0.000000 0.000000 -0.000000 0.000000
    28 0.000000 500.000000 0.000000 0.000000 -0.000000 0.000000
    29 0.000000 500.000000 0.000000 0.000000 -0.000000 0.000000
    30 0.000000 500.000000 0.000000 0.000000 -0.000000 0.000000
    31 0.000000 500.000000 0.000000 0.000000 -0.000000 0.000000
    32 0.000000 500.000000 0.000000 0.000000 -0.000000 0.000000
    33 0.000000 500.000000 0.000000 0.000000 -0.000000 0.000000
    34 0.000000 500.000000 0.000000 0.000000 -0.000000 0.000000
    35 0.000000 500.000000 0.000000 0.000000 -0.000000 0.000000
    36 0.000000 500.000000 0.000000 0.000000 -0.000000 0.000000
    37 0.000000 500.000000 0.000000 0.000000 -0.000000 0.000000
    38 0.000000 500.000000 0.000000 0.000000 -0.000000 0.000000
    39 0.000000 500.000000 0.000000 0.000000 -0.000000 0.000000
    40 0.000000 500.000000 0.000000 0.000000 -0.000000 0.000000
    41 0.000000 500.000000 0.000000 0.000000 -0.000000 0.000000
    42 0.000000 500.000000 0.000000 0.000000 -0.000000 0.000000
    43 0.000000 500.000000 0.000000 0.000000 -0.000000 0.000000
    44 0.000000 500.000000 0.000000 0.000000 -0.000000 0.000000
    45 0.000000 500.000000 0.000000 0.000000 -0.000000 0.000000
    46 0.000000 500.000000 0.000000 0.000000 -0.000000 0.000000
    47 0.000000 500.000000 0.000000 0.000000 -0.000000 0.000000
    48 -5.595841 -0.172446 -20.420472 0.034246 -0.003999 1.569514
    49 0.480041 0.245986 0.685093 -0.005882 1.526905 -1.618466
    50 -4.641473 0.174681 0.038315 0.000012 0.000029 0.000795
    51 -4.393185 0.042118 0.040471 0.000000 0.000000 -0.000000
    52 -9.748773 1.097161 0.055419 0.000016 0.000059 0.001711
    53 3.040852 -13.026021 5.842538 1.128729 0.654396 -2.269925
    54 -6.272180 -11.191052 6.776221 0.378630 -1.027887 -2.151703
    55 -6.893525 -6.712977 0.295768 0.014139 -0.038856 -1.241078
    56 -6.724350 -3.453138 10.957089 2.682667 0.051340 0.532786
    57 1.557132 -8.424385 0.232308 -1.213621 -0.478482 -0.087606
    58 -1.921761 0.410327 0.004276 0.001200 0.003567 0.105881
    59 -1.631737 0.558176 -0.003556 0.001816 0.005025 0.150372
    60 -1.617024 -0.547708 -0.754766 -0.244311 -0.260638 0.007932
    61 -5.607236 1.531876 0.001012 0.018117 0.022146 0.828173
    62 -4.794849 1.549590 -0.007344 0.013844 0.019577 0.687808
    63 -6.596516 2.860080 0.339655 0.113041 -0.010478 0.633316
    64 -4.122212 1.458595 -0.010648 0.010154 0.016605 0.554431
    65 -4.573040 1.531267 -0.008834 0.012585 0.018653 0.643870
    66 -6.645570 2.940114 1.321941 0.205535 0.053813 0.580153
    67 -4.668784 1.543299 -0.008333 0.013331 0.019212 0.670097
    68 -5.498457 1.543711 -0.000432 0.017343 0.021740 0.803593
    69 -7.729378 3.432154 3.180968 0.491881 0.184756 0.657363
    70 -5.032242 1.551232 -0.005139 0.016347 0.021180 0.771437
    71 -4.626552 1.546626 -0.008850 0.013664 0.019450 0.681603
    72 -5.518209 -6.192517 2.278552 0.399290 -0.041062 -1.245168
    73 -7.683895 -8.741019 5.991345 0.177366 -1.380541 2.992474
    74 -9.397251 0.085743 -1.280159 -0.337292 1.119136 -0.799926
    75 -8.376331 -8.777840 0.380661 0.028189 -0.044565 -1.671080
    76 -5.610494 -8.941874 3.178906 -1.898689 -0.171628 0.244574
    77 0.338370 -3.144785 12.118679 2.573181 0.131688 0.533423
    78 -4.354403 1.459486 -0.008461 0.010130 0.016584 0.553537
    79 -3.627939 1.410712 -0.013721 0.009170 0.015664 0.516134
    80 -1.830639 1.231442 2.816197 0.243480 -0.132720 -0.126835
    81 -4.060579 1.471618 -0.011680 0.010510 0.016929 0.567976
    82 -7.918706 0.842828 0.046673 0.031845 0.025934 1.231535
    83 -5.400910 2.822193 0.968760 0.025595 -0.150713 0.560355
    84 -9.643356 -0.421030 0.106427 0.043974 0.024660 1.576349
    85 -3.766350 1.399735 -0.012022 0.008936 0.015428 0.506771
    86 -6.258358 2.479772 -0.342655 -0.063682 -0.112066 0.735080
    87 -8.572333 0.418943 0.067432 0.036592 0.025938 1.365207
    88 -7.095986 1.213811 0.026113 0.026449 0.025150 1.077981
    89 -5.747707 2.159776 -1.269204 -0.121725 -0.115569 0.713351
    90 -7.351171 0.994610 0.036060 0.029811 0.025738 1.174049
    91 -7.915823 0.770521 0.049122 0.032719 0.025983 1.256176
    92 -8.912609 -8.735759 -0.072237 -0.080899 -0.043685 -1.670092
    93 -8.937114 4.714718 9.356330 -0.132625 0.131355 0.194508
    94 -2.905886 -8.653260 0.906260 0.127365 0.111901 -1.770441
    95 6.952961 37.444177 -18.980245 0.000000 -0.000000 0.000000
    96 0.170270 -9.262669 2.885668 0.000000 -0.000000 0.000000
    97 2.210572 7.331164 2.617693 0.080235 -0.437867 -0.018874
    98 -4.420925 -0.445681 -2.105700 -0.080420 0.591920 0.255948
    99 0.224195 -2.027256 2.584113 0.000000 -0.000000 0.000000
    100 0.236503 0.729332 1.174515 0.000000 -0.000000 0.000000
    101 6.048640 27.701814 -26.645302 0.028713 -0.009537 -0.001231
    102 0.006184 0.042617 0.630946 0.000000 -0.000000 0.000000
    103 0.004332 0.048951 0.425776 0.000000 -0.000000 0.000000
    104 0.002551 0.054554 0.229012 0.000000 -0.000000 0.000000
    105 -0.003177 0.048653 -0.383505 0.000000 -0.000000 0.000000
    106 -7.917468 -17.596449 8.317367 0.009487 0.017493 1.571866
    107 -7.923080 -12.240079 8.713215 -1.552244 0.339525 -3.134344
    108 -8.216996 -16.481173 7.306713 -0.017493 0.009486 0.000904
    109 -8.458077 -10.976725 5.004138 0.293094 0.009486 0.000904
    110 -0.000000 0.000000 -0.000000 0.000000 -0.000000 0.000000
    111 -0.000000 0.000000 -0.000000 0.000000 -0.000000 0.000000
    112 -0.000000 0.000000 -0.000000 0.000000 -0.000000 0.000000
    113 -0.000000 0.000000 -0.000000 0.000000 -0.000000 0.000000
  time 1
    0 0.000000 0.000000 0.000000 0.000000 0.000000 0.000000
    1 0.000000 500.000000 0.000000 0.000000 -0.000000 0.000000
    2 0.000000 500.000000 0.000000 0.000000 -0.000000 0.000000
    3 0.000000 500.000000 0.000000 0.000000 -0.000000 0.000000
    4 0.000000 500.000000 0.000000 0.000000 -0.000000 0.000000
    5 0.000000 500.000000 0.000000 0.000000 -0.000000 0.000000
    6 0.000000 500.000000 0.000000 0.000000 -0.000000 0.000000
    7 0.000000 500.000000 0.000000 0.000000 -0.000000 0.000000
    8 0.000000 500.000000 0.000000 0.000000 -0.000000 0.000000
    9 0.000000 500.000000 0.000000 0.000000 -0.000000 0.000000
    10 0.000000 500.000000 0.000000 0.000000 -0.000000 0.000000
    11 0.000000 500.000000 0.000000 0.000000 -0.000000 0.000000
    12 0.000000 500.000000 0.000000 0.000000 -0.000000 0.000000
    13 0.000000 500.000000 0.000000 0.000000 -0.000000 0.000000
    14 0.000000 500.000000 0.000000 0.000000 -0.000000 0.000000
    15 0.000000 500.000000 0.000000 0.000000 -0.000000 0.000000
    16 0.000000 500.000000 0.000000 0.000000 -0.000000 0.000000
    17 0.000000 500.000000 0.000000 0.000000 -0.000000 0.000000
    18 0.000000 500.000000 0.000000 0.000000 -0.000000 0.000000
    19 0.000000 500.000000 0.000000 0.000000 -0.000000 0.000000
    20 0.000000 500.000000 0.000000 0.000000 -0.000000 0.000000
    21 0.000000 500.000000 0.000000 0.000000 -0.000000 0.000000
    22 0.000000 500.000000 0.000000 0.000000 -0.000000 0.000000
    23 0.000000 500.000000 0.000000 0.000000 -0.000000 0.000000
    24 0.000000 500.000000 0.000000 0.000000 -0.000000 0.000000
    25 0.000000 500.000000 0.000000 0.000000 -0.000000 0.000000
    26 0.000000 500.000000 0.000000 0.000000 -0.000000 0.000000
    27 0.000000 500.000000 0.000000 0.000000 -0.000000 0.000000
    28 0.000000 500.000000 0.000000 0.000000 -0.000000 0.000000
    29 0.000000 500.000000 0.000000 0.000000 -0.000000 0.000000
    30 0.000000 500.000000 0.000000 0.000000 -0.000000 0.000000
    31 0.000000 500.000000 0.000000 0.000000 -0.000000 0.000000
    32 0.000000 500.000000 0.000000 0.000000 -0.000000 0.000000
    33 0.000000 500.000000 0.000000 0.000000 -0.000000 0.000000
    34 0.000000 500.000000 0.000000 0.000000 -0.000000 0.000000
    35 0.000000 500.000000 0.000000 0.000000 -0.000000 0.000000
    36 0.000000 500.000000 0.000000 0.000000 -0.000000 0.000000
    37 0.000000 500.000000 0.000000 0.000000 -0.000000 0.000000
    38 0.000000 500.000000 0.000000 0.000000 -0.000000 0.000000
    39 0.000000 500.000000 0.000000 0.000000 -0.000000 0.000000
    40 0.000000 500.000000 0.000000 0.000000 -0.000000 0.000000
    41 0.000000 500.000000 0.000000 0.000000 -0.000000 0.000000
    42 0.000000 500.000000 0.000000 0.000000 -0.000000 0.000000
    43 0.000000 500.000000 0.000000 0.000000 -0.000000 0.000000
    44 0.000000 500.000000 0.000000 0.000000 -0.000000 0.000000
    45 0.000000 500.000000 0.000000 0.000000 -0.000000 0.000000
    46 0.000000 500.000000 0.000000 0.000000 -0.000000 0.000000
    47 0.000000 500.000000 0.000000 0.000000 -0.000000 0.000000
    48 -5.594123 0.022953 -20.348983 0.034216 -0.007918 1.569514
    49 0.480041 0.245986 0.685093 -0.005882 1.526905 -1.618466
    50 -4.641473 0.174681 0.038315 0.000012 0.000029 0.000795
    51 -4.393185 0.042118 0.040471 0.000000 -0.000000 -0.000000
    52 -9.748772 1.097161 0.055419 0.000016 0.000059 0.001711
    53 3.040853 -13.026021 5.842537 1.128729 0.654396 -2.269925
    54 -6.267749 -11.189907 6.775040 0.375988 -1.029341 -2.149325
    55 -6.899244 -6.726170 0.296274 0.014210 -0.038904 -1.243491
    56 -6.733992 -3.474542 10.966918 2.694010 0.044520 0.546236
    57 1.557132 -8.424385 0.232308 -1.213621 -0.478482 -0.087606
    58 -1.910256 0.401899 0.004455 0.001169 0.003488 0.103491
    59 -1.592526 0.531897 -0.003030 0.001702 0.004768 0.142463
    60 -1.617024 -0.547708 -0.754766 -0.244311 -0.260638 0.007932
    61 -5.607236 1.531876 0.001012 0.018117 0.022146 0.828173
    62 -4.794849 1.549590 -0.007345 0.013844 0.019577 0.687808
    63 -6.596516 2.860080 0.339654 0.113041 -0.010478 0.633316
    64 -4.122212 1.458595 -0.010648 0.010154 0.016605 0.554431
    65 -4.573040 1.531267 -0.008834 0.012585 0.018653 0.643870
    66 -6.645570 2.940114 1.321941 0.205535 0.053813 0.580153
    67 -4.668784 1.543299 -0.008333 0.013331 0.019212 0.670097
    68 -5.498457 1.543711 -0.000432 0.017343 0.021740 0.803593
    69 -7.729378 3.432156 3.180972 0.491881 0.184756 0.657363
    70 -5.032242 1.551232 -0.005139 0.016347 0.021180 0.771437
    71 -4.626551 1.546626 -0.008850 0.013664 0.019450 0.681603
    72 -5.509206 -6.203547 2.310143 0.404669 -0.041144 -1.247643
    73 -7.683895 -8.741018 5.991345 0.177366 -1.380541 2.992474
    74 -9.397251 0.085743 -1.280159 -0.337292 1.119136 -0.799926
    75 -8.376331 -8.777840 0.380661 0.028189 -0.044565 -1.671080
    76 -5.534605 -8.859066 3.202876 -1.905492 -0.167896 0.262568
    77 0.338370 -3.144785 12.118679 2.573181 0.131688 0.533423
    78 -4.354403 1.459486 -0.008462 0.010130 0.016584 0.553537
    79 -3.627943 1.410713 -0.013721 0.009170 0.015664 0.516135
    80 -1.830639 1.231442 2.816197 0.243480 -0.132720 -0.126835
    81 -4.869482 1.553441 -0.006766 0.014328 0.019911 0.704360
    82 -8.348541 0.587384 0.059525 0.034825 0.026011 1.315430
    83 -5.400910 2.822193 0.968759 0.025595 -0.150713 0.560355
    84 -9.643356 -0.421030 0.106428 0.043974 0.024660 1.576349
    85 -3.766350 1.399735 -0.012023 0.008936 0.015428 0.506771
    86 -6.258359 2.479772 -0.342655 -0.063682 -0.112066 0.735080
    87 -8.572333 0.418943 0.067432 0.036592 0.025938 1.365207
    88 -7.095986 1.213811 0.026113 0.026449 0.025150 1.077981
    89 -5.747710 2.159776 -1.269204 -0.121725 -0.115569 0.713351
    90 -7.351171 0.994610 0.036059 0.029811 0.025738 1.174049
    91 -7.915823 0.770521 0.049123 0.032719 0.025983 1.256176
    92 -8.927091 -8.734575 -0.083145 -0.083716 -0.043661 -1.670067
    93 -8.831956 4.715559 9.402503 -0.136365 0.113233 0.194701
    94 -2.905884 -8.653262 0.906263 0.127366 0.111901 -1.770441
    95 6.952961 37.444178 -18.980245 0.000000 -0.000000 0.000000
    96 0.170270 -9.262669 2.885668 0.000000 -0.000000 0.000000
    97 2.212332 7.397341 2.751319 0.112287 -0.437347 -0.032727
    98 -4.342398 -0.515427 -2.152746 -0.095211 0.592664 0.230824
    99 0.224195 -2.027256 2.584113 0.000000 -0.000000 0.000000
    100 0.236503 0.729332 1.174515 0.000000 -0.000000 0.000000
    101 6.053141 28.287586 -25.719980 0.051142 -0.009703 -0.001431
    102 0.006184 0.042616 0.630946 0.000000 -0.000000 -0.000000
    103 0.004332 0.048951 0.425776 0.000000 -0.000000 -0.000000
    104 0.002551 0.054554 0.229012 0.000000 -0.000000 -0.000000
    105 -0.003177 0.048653 -0.383505 0.000000 -0.000000 -0.000000
    106 -7.917468 -17.596449 8.317367 0.009487 0.017493 1.571866
    107 -7.923080 -12.240079 8.713215 -1.552244 0.339525 -3.134344
    108 -8.216996 -16.481173 7.306713 -0.017493 0.009486 0.000904
    109 -8.458077 -10.976725 5.004138 0.293094 0.009486 0.000904
    110 0.000000 -0.000000 0.000000 0.000000 -0.000000 0.000000
    111 0.000000 -0.000000 0.000000 0.000000 -0.000000 0.000000
    112 0.000000 -0.000000 0.000000 0.000000 -0.000000 0.000000
    113 0.000000 -0.000000 0.000000 0.000000 -0.000000 0.000000
  time 2
    0 0.000000 0.000000 0.000000 0.000000 0.000000 0.000000
    1 0.000000 500.000000 0.000000 0.000000 -0.000000 0.000000
    2 0.000000 500.000000 0.000000 0.000000 -0.000000 0.000000
    3 0.000000 500.000000 0.000000 0.000000 -0.000000 0.000000
    4 0.000000 500.000000 0.000000 0.000000 -0.000000 0.000000
    5 0.000000 500.000000 0.000000 0.000000 -0.000000 0.000000
    6 0.000000 500.000000 0.000000 0.000000 -0.000000 0.000000
    7 0.000000 500.000000 0.000000 0.000000 -0.000000 0.000000
    8 0.000000 500.000000 0.000000 0.000000 -0.000000 0.000000
    9 0.000000 500.000000 0.000000 0.000000 -0.000000 0.000000
    10 0.000000 500.000000 0.000000 0.000000 -0.000000 0.000000
    11 0.000000 500.000000 0.000000 0.000000 -0.000000 0.000000
    12 0.000000 500.000000 0.000000 0.000000 -0.000000 0.000000
    13 0.000000 500.000000 0.000000 0.000000 -0.000000 0.000000
    14 0.000000 500.000000 0.000000 0.000000 -0.000000 0.000000
    15 0.000000 500.000000 0.000000 0.000000 -0.000000 0.000000
    16 0.000000 500.000000 0.000000 0.000000 -0.000000 0.000000
    17 0.000000 500.000000 0.000000 0.000000 -0.000000 0.000000
    18 0.000000 500.000000 0.000000 0.000000 -0.000000 0.000000
    19 0.000000 500.000000 0.000000 0.000000 -0.000000 0.000000
    20 0.000000 500.000000 0.000000 0.000000 -0.000000 0.000000
    21 0.000000 500.000000 0.000000 0.000000 -0.000000 0.000000
    22 0.000000 500.000000 0.000000 0.000000 -0.000000 0.000000
    23 0.000000 500.000000 0.000000 0.000000 -0.000000 0.000000
    24 0.000000 500.000000 0.000000 0.000000 -0.000000 0.000000
    25 0.000000 500.000000 0.000000 0.000000 -0.000000 0.000000
    26 0.000000 500.000000 0.000000 0.000000 -0.000000 0.000000
    27 0.000000 500.000000 0.000000 0.000000 -0.000000 0.000000
    28 0.000000 500.000000 0.000000 0.000000 -0.000000 0.000000
    29 0.000000 500.000000 0.000000 0.000000 -0.000000 0.000000
    30 0.000000 500.000000 0.000000 0.000000 -0.000000 0.000000
    31 0.000000 500.000000 0.000000 0.000000 -0.000000 0.000000
    32 0.000000 500.000000 0.000000 0.000000 -0.000000 0.000000
    33 0.000000 500.000000 0.000000 0.000000 -0.000000 0.000000
    34 0.000000 500.000000 0.000000 0.000000 -0.000000 0.000000
    35 0.000000 500.000000 0.000000 0.000000 -0.000000 0.000000
    36 0.000000 500.000000 0.000000 0.000000 -0.000000 0.000000
    37 0.000000 500.000000 0.000000 0.000000 -0.000000 0.000000
    38 0.000000 500.000000 0.000000 0.000000 -0.000000 0.000000
    39 0.000000 500.000000 0.000000 0.000000 -0.000000 0.000000
    40 0.000000 500.000000 0.000000 0.000000 -0.000000 0.000000
    41 0.000000 500.000000 0.000000 0.000000 -0.000000 0.000000
    42 0.000000 500.000000 0.000000 0.000000 -0.000000 0.000000
    43 0.000000 500.000000 0.000000 0.000000 -0.000000 0.000000
    44 0.000000 500.000000 0.000000 0.000000 -0.000000 0.000000
    45 0.000000 500.000000 0.000000 0.000000 -0.000000 0.000000
    46 0.000000 500.000000 0.000000 0.000000 -0.000000 0.000000
    47 0.000000 500.000000 0.000000 0.000000 -0.000000 0.000000
    48 -5.592405 0.218292 -20.277423 0.034187 -0.011836 1.569514
    49 0.480041 0.245986 0.685094 -0.005882 1.526905 -1.618466
    50 -4.641473 0.174681 0.038314 0.000012 0.000029 0.000795
    51 -4.393185 0.042117 0.040471 -0.000000 0.000000 0.000000
    52 -9.748772 1.097161 0.055419 0.000016 0.000059 0.001711
    53 3.040854 -13.026020 5.842535 1.128729 0.654397 -2.269925
    54 -6.263320 -11.188762 6.773850 0.373333 -1.030792 -2.146934
    55 -6.904995 -6.739350 0.296781 0.014281 -0.038952 -1.245904
    56 -6.743358 -3.496200 10.976463 2.705258 0.037548 0.559606
    57 1.557132 -8.424385 0.232308 -1.213621 -0.478482 -0.087606
    58 -1.898770 0.393444 0.004635 0.001138 0.003409 0.101102
    59 -1.553523 0.505308 -0.002491 0.001590 0.004510 0.134554
    60 -1.617024 -0.547708 -0.754766 -0.244311 -0.260638 0.007932
    61 -5.607236 1.531876 0.001012 0.018117 0.022146 0.828173
    62 -4.794849 1.549590 -0.007345 0.013844 0.019577 0.687808
    63 -6.596516 2.860080 0.339653 0.113041 -0.010478 0.633316
    64 -4.122212 1.458595 -0.010648 0.010154 0.016605 0.554431
    65 -4.573040 1.531267 -0.008834 0.012585 0.018653 0.643870
    66 -6.645570 2.940114 1.321941 0.205535 0.053813 0.580153
    67 -4.668784 1.543299 -0.008333 0.013331 0.019212 0.670097
    68 -5.498457 1.543711 -0.000432 0.017343 0.021740 0.803593
    69 -7.729378 3.432159 3.180976 0.491882 0.184755 0.657363
    70 -5.032242 1.551232 -0.005138 0.016347 0.021180 0.771437
    71 -4.626550 1.546626 -0.008850 0.013664 0.019450 0.681603
    72 -5.500389 -6.214649 2.341762 0.410048 -0.041213 -1.250118
    73 -7.683895 -8.741018 5.991345 0.177366 -1.380541 2.992474
    74 -9.397251 0.085743 -1.280159 -0.337292 1.119136 -0.799926
    75 -8.376331 -8.777840 0.380661 0.028189 -0.044565 -1.671080
    76 -5.460069 -8.774807 3.226083 -1.912222 -0.164044 0.280527
    77 0.338370 -3.144785 12.118679 2.573181 0.131688 0.533423
    78 -4.354403 1.459486 -0.008462 0.010130 0.016584 0.553537
    79 -3.627946 1.410714 -0.013721 0.009170 0.015664 0.516135
    80 -1.830639 1.231442 2.816197 0.243480 -0.132720 -0.126835
    81 -5.681969 1.524575 0.001975 0.018517 0.022346 0.840762
    82 -8.755442 0.296842 0.073362 0.037801 0.025838 1.399324
    83 -5.400910 2.822193 0.968758 0.025595 -0.150713 0.560355
    84 -9.643356 -0.421030 0.106429 0.043974 0.024660 1.576349
    85 -3.766350 1.399735 -0.012023 0.008936 0.015428 0.506771
    86 -6.258359 2.479772 -0.342655 -0.063682 -0.112066 0.735080
    87 -8.572332 0.418943 0.067432 0.036592 0.025938 1.365207
    88 -7.095986 1.213811 0.026113 0.026449 0.025150 1.077981
    89 -5.747712 2.159776 -1.269204 -0.121725 -0.115569 0.713352
    90 -7.351171 0.994610 0.036058 0.029811 0.025738 1.174049
    91 -7.915823 0.770521 0.049124 0.032719 0.025983 1.256176
    92 -8.941604 -8.733386 -0.094012 -0.086533 -0.043636 -1.670043
    93 -8.727658 4.716475 9.450618 -0.140101 0.095108 0.194962
    94 -2.905882 -8.653264 0.906267 0.127366 0.111901 -1.770441
    95 6.952961 37.444179 -18.980246 0.000000 0.000000 0.000000
    96 0.170270 -9.262669 2.885668 0.000000 0.000000 0.000000
    97 2.214077 7.459610 2.886809 0.144317 -0.436425 -0.046550
    98 -4.264959 -0.587051 -2.198763 -0.110025 0.593100 0.205681
    99 0.224195 -2.027256 2.584113 0.000000 0.000000 0.000000
    100 0.236503 0.729332 1.174516 0.000000 0.000000 0.000000
    101 6.057620 28.871083 -24.792344 0.073572 -0.009864 -0.001635
    102 0.006184 0.042616 0.630946 0.000000 -0.000000 0.000000
    103 0.004332 0.048951 0.425776 0.000000 -0.000000 0.000000
    104 0.002551 0.054553 0.229013 0.000000 -0.000000 0.000000
    105 -0.003177 0.048653 -0.383505 0.000000 -0.000000 0.000000
    106 -7.917468 -17.596449 8.317367 0.009487 0.017493 1.571866
    107 -7.923080 -12.240079 8.713215 -1.552244 0.339525 -3.134344
    108 -8.216996 -16.481173 7.306713 -0.017493 0.009486 0.000904
    109 -8.458077 -10.976725 5.004138 0.293094 0.009486 0.000904
    110 0.000000 -0.000000 0.000000 0.000000 0.000000 0.000000
    111 0.000000 -0.000000 0.000000 0.000000 0.000000 0.000000
    112 0.000000 -0.000000 0.000000 0.000000 0.000000 0.000000
    113 0.000000 -0.000000 0.000000 0.000000 0.000000 0.000000
  time 3
    0 0.000000 0.000000 0.000000 0.000000 0.000000 0.000000
    1 0.000000 500.000000 0.000000 0.000000 -0.000000 0.000000
    2 0.000000 500.000000 0.000000 0.000000 -0.000000 0.000000
    3 0.000000 500.000000 0.000000 0.000000 -0.000000 0.000000
    4 0.000000 500.000000 0.000000 0.000000 -0.000000 0.000000
    5 0.000000 500.000000 0.000000 0.000000 -0.000000 0.000000
    6 0.000000 500.000000 0.000000 0.000000 -0.000000 0.000000
    7 0.000000 500.000000 0.000000 0.000000 -0.000000 0.000000
    8 0.000000 500.000000 0.000000 0.000000 -0.000000 0.000000
    9 0.000000 500.000000 0.000000 0.000000 -0.000000 0.000000
    10 0.000000 500.000000 0.000000 0.000000 -0.000000 0.000000
    11 0.000000 500.000000 0.000000 0.000000 -0.000000 0.000000
    12 0.000000 500.000000 0.000000 0.000000 -0.000000 0.000000
    13 0.000000 500.000000 0.000000 0.000000 -0.000000 0.000000
    14 0.000000 500.000000 0.000000 0.000000 -0.000000 0.000000
    15 0.000000 500.000000 0.000000 0.000000 -0.000000 0.000000
    16 0.000000 500.000000 0.000000 0.000000 -0.000000 0.000000
    17 0.000000 500.000000 0.000000 0.000000 -0.000000 0.000000
    18 0.000000 500.000000 0.000000 0.000000 -0.000000 0.000000
    19 0.000000 500.000000 0.000000 0.000000 -0.000000 0.000000
    20 0.000000 500.000000 0.000000 0.000000 -0.000000 0.000000
    21 0.000000 500.000000 0.000000 0.000000 -0.000000 0.000000
    22 0.000000 500.000000 0.000000 0.000000 -0.000000 0.000000
    23 0.000000 500.000000 0.000000 0.000000 -0.000000 0.000000
    24 0.000000 500.000000 0.000000 0.000000 -0.000000 0.000000
    25 0.000000 500.000000 0.000000 0.000000 -0.000000 0.000000
    26 0.000000 500.000000 0.000000 0.000000 -0.000000 0.000000
    27 0.000000 500.000000 0.000000 0.000000 -0.000000 0.000000
    28 0.000000 500.000000 0.000000 0.000000 -0.000000 0.000000
    29 0.000000 500.000000 0.000000 0.000000 -0.000000 0.000000
    30 0.000000 500.000000 0.000000 0.000000 -0.000000 0.000000
    31 0.000000 500.000000 0.000000 0.000000 -0.000000 0.000000
    32 0.000000 500.000000 0.000000 0.000000 -0.000000 0.000000
    33 0.000000 500.000000 0.000000 0.000000 -0.000000 0.000000
    34 0.000000 500.000000 0.000000 0.000000 -0.000000 0.000000
    35 0.000000 500.000000 0.000000 0.000000 -0.000000 0.000000
    36 0.000000 500.000000 0.000000 0.000000 -0.000000 0.000000
    37 0.000000 500.000000 0.000000 0.000000 -0.000000 0.000000
    38 0.000000 500.000000 0.000000 0.000000 -0.000000 0.000000
    39 0.000000 500.000000 0.000000 0.000000 -0.000000 0.000000
    40 0.000000 500.000000 0.000000 0.000000 -0.000000 0.000000
    41 0.000000 500.000000 0.000000 0.000000 -0.000000 0.000000
    42 0.000000 500.000000 0.000000 0.000000 -0.000000 0.000000
    43 0.000000 500.000000 0.000000 0.000000 -0.000000 0.000000
    44 0.000000 500.000000 0.000000 0.000000 -0.000000 0.000000
    45 0.000000 500.000000 0.000000 0.000000 -0.000000 0.000000
    46 0.000000 500.000000 0.000000 0.000000 -0.000000 0.000000
    47 0.000000 500.000000 0.000000 0.000000 -0.000000 0.000000
    48 -5.590689 0.413570 -20.205792 0.034157 -0.015755 1.569514
    49 0.480041 0.245986 0.685094 -0.005882 1.526905 -1.618466
    50 -4.641473 0.174681 0.038314 0.000012 0.000029 0.000795
    51 -4.393185 0.042116 0.040471 -0.000000 0.000000 0.000000
    52 -9.748771 1.097161 0.055419 0.000016 0.000059 0.001711
    53 3.040855 -13.026020 5.842533 1.128729 0.654397 -2.269925
    54 -6.258894 -11.187617 6.772651 0.370665 -1.032239 -2.144530
    55 -6.910777 -6.752516 0.297287 0.014352 -0.039000 -1.248318
    56 -6.752442 -3.518099 10.985719 2.716409 0.030426 0.572892
    57 1.557132 -8.424385 0.232308 -1.213621 -0.478482 -0.087606
    58 -1.887304 0.384962 0.004817 0.001107 0.003330 0.098712
    59 -1.514733 0.478413 -0.001940 0.001479 0.004251 0.126645
    60 -1.617024 -0.547708 -0.754766 -0.244311 -0.260638 0.007932
    61 -5.607236 1.531876 0.001012 0.018117 0.022146 0.828173
    62 -4.794849 1.549590 -0.007346 0.013844 0.019577 0.687808
    63 -6.596516 2.860080 0.339653 0.113041 -0.010478 0.633316
    64 -4.122212 1.458595 -0.010648 0.010154 0.016605 0.554431
    65 -4.573040 1.531267 -0.008834 0.012585 0.018653 0.643870
    66 -6.645570 2.940114 1.321941 0.205535 0.053813 0.580153
    67 -4.668784 1.543299 -0.008333 0.013331 0.019212 0.670097
    68 -5.498457 1.543711 -0.000432 0.017343 0.021740 0.803593
    69 -7.729378 3.432161 3.180980 0.491882 0.184755 0.657363
    70 -5.032242 1.551232 -0.005138 0.016347 0.021180 0.771437
    71 -4.626550 1.546626 -0.008850 0.013664 0.019450 0.681603
    72 -5.491760 -6.225822 2.373408 0.415428 -0.041269 -1.252594
    73 -7.683895 -8.741017 5.991345 0.177366 -1.380541 2.992474
    74 -9.397251 0.085743 -1.280159 -0.337292 1.119136 -0.799926
    75 -8.376331 -8.777840 0.380661 0.028189 -0.044565 -1.671080
    76 -5.386924 -8.689140 3.248514 -1.918876 -0.160073 0.298446
    77 0.338370 -3.144785 12.118679 2.573181 0.131688 0.533423
    78 -4.354403 1.459486 -0.008463 0.010130 0.016584 0.553537
    79 -3.627950 1.410715 -0.013721 0.009170 0.015664 0.516136
    80 -1.830639 1.231442 2.816197 0.243480 -0.132720 -0.126835
    81 -6.482945 1.385556 0.014380 0.022998 0.024189 0.977180
    82 -9.136550 -0.026754 0.088085 0.040752 0.025416 1.483217
    83 -5.400910 2.822193 0.968758 0.025595 -0.150713 0.560355
    84 -9.643356 -0.421030 0.106431 0.043974 0.024660 1.576349
    85 -3.766350 1.399735 -0.012024 0.008936 0.015428 0.506771
    86 -6.258360 2.479772 -0.342655 -0.063682 -0.112066 0.735080
    87 -8.572331 0.418943 0.067432 0.036592 0.025938 1.365207
    88 -7.095986 1.213811 0.026113 0.026449 0.025150 1.077981
    89 -5.747715 2.159776 -1.269205 -0.121725 -0.115569 0.713353
    90 -7.351171 0.994610 0.036058 0.029811 0.025738 1.174049
    91 -7.915823 0.770521 0.049124 0.032719 0.025983 1.256176
    92 -8.956147 -8.732192 -0.104838 -0.089351 -0.043612 -1.670019
    93 -8.624276 4.717464 9.500652 -0.143836 0.076987 0.195290
    94 -2.905880 -8.653267 0.906270 0.127367 0.111900 -1.770441
    95 6.952961 37.444180 -18.980246 -0.000000 0.000000 -0.000000
    96 0.170270 -9.262669 2.885668 -0.000000 0.000000 -0.000000
    97 2.215808 7.517919 3.024051 0.176313 -0.435103 -0.060325
    98 -4.188641 -0.660522 -2.243731 -0.124851 0.593227 0.180527
    99 0.224195 -2.027256 2.584113 -0.000000 0.000000 -0.000000
    100 0.236503 0.729332 1.174516 -0.000000 0.000000 -0.000000
    101 6.062077 29.452251 -23.862446 0.096002 -0.010021 -0.001842
    102 0.006184 0.042615 0.630946 -0.000000 -0.000000 0.000000
    103 0.004332 0.048951 0.425776 -0.000000 -0.000000 0.000000
    104 0.002551 0.054552 0.229013 -0.000000 -0.000000 0.000000
    105 -0.003177 0.048653 -0.383505 -0.000000 -0.000000 0.000000
    106 -7.917468 -17.596449 8.317367 0.009487 0.017493 1.571866
    107 -7.923080 -12.240079 8.713215 -1.552244 0.339525 -3.134344
    108 -8.216996 -16.481173 7.306713 -0.017493 0.009486 0.000904
    109 -8.458077 -10.976725 5.004138 0.293094 0.009486 0.000904
    110 0.000000 -0.000000 -0.000000 -0.000000 0.000000 -0.000000
    111 0.000000 -0.000000 -0.000000 -0.000000 0.000000 -0.000000
    112 0.000000 -0.000000 -0.000000 -0.000000 0.000000 -0.000000
    113 0.000000 -0.000000 -0.000000 -0.000000 0.000000 -0.000000
  time 4
    0 0.000000 0.000000 0.000000 0.000000 0.000000 0.000000
    1 0.000000 500.000000 0.000000 0.000000 -0.000000 0.000000
    2 0.000000 500.000000 0.000000 0.000000 -0.000000 0.000000
    3 0.000000 500.000000 0.000000 0.000000 -0.000000 0.000000
    4 0.000000 500.000000 0.000000 0.000000 -0.000000 0.000000
    5 0.000000 500.000000 0.000000 0.000000 -0.000000 0.000000
    6 0.000000 500.000000 0.000000 0.000000 -0.000000 0.000000
    7 0.000000 500.000000 0.000000 0.000000 -0.000000 0.000000
    8 0.000000 500.000000 0.000000 0.000000 -0.000000 0.000000
    9 0.000000 500.000000 0.000000 0.000000 -0.000000 0.000000
    10 0.000000 500.000000 0.000000 0.000000 -0.000000 0.000000
    11 0.000000 500.000000 0.000000 0.000000 -0.000000 0.000000
    12 0.000000 500.000000 0.000000 0.000000 -0.000000 0.000000
    13 0.000000 500.000000 0.000000 0.000000 -0.000000 0.000000
    14 0.000000 500.000000 0.000000 0.000000 -0.000000 0.000000
    15 0.000000 500.000000 0.000000 0.000000 -0.000000 0.000000
    16 0.000000 500.000000 0.000000 0.000000 -0.000000 0.000000
    17 0.000000 500.000000 0.000000 0.000000 -0.000000 0.000000
    18 0.000000 500.000000 0.000000 0.000000 -0.000000 0.000000
    19 0.000000 500.000000 0.000000 0.000000 -0.000000 0.000000
    20 0.000000 500.000000 0.000000 0.000000 -0.000000 0.000000
    21 0.000000 500.000000 0.000000 0.000000 -0.000000 0.000000
    22 0.000000 500.000000 0.000000 0.000000 -0.000000 0.000000
    23 0.000000 500.000000 0.000000 0.000000 -0.000000 0.000000
    24 0.000000 500.000000 0.000000 0.000000 -0.000000 0.000000
    25 0.000000 500.000000 0.000000 0.000000 -0.000000 0.000000
    26 0.000000 500.000000 0.000000 0.000000 -0.000000 0.000000
    27 0.000000 500.000000 0.000000 0.000000 -0.000000 0.000000
    28 0.000000 500.000000 0.000000 0.000000 -0.000000 0.000000
    29 0.000000 500.000000 0.000000 0.000000 -0.000000 0.000000
    30 0.000000 500.000000 0.000000 0.000000 -0.000000 0.000000
    31 0.000000 500.000000 0.000000 0.000000 -0.000000 0.000000
    32 0.000000 500.000000 0.000000 0.000000 -0.000000 0.000000
    33 0.000000 500.000000 0.000000 0.000000 -0.000000 0.000000
    34 0.000000 500.000000 0.000000 0.000000 -0.000000 0.000000
    35 0.000000 500.000000 0.000000 0.000000 -0.000000 0.000000
    36 0.000000 500.000000 0.000000 0.000000 -0.000000 0.000000
    37 0.000000 500.000000 0.000000 0.000000 -0.000000 0.000000
    38 0.000000 500.000000 0.000000 0.000000 -0.000000 0.000000
    39 0.000000 500.000000 0.000000 0.000000 -0.000000 0.000000
    40 0.000000 500.000000 0.000000 0.000000 -0.000000 0.000000
    41 0.000000 500.000000 0.000000 0.000000 -0.000000 0.000000
    42 0.000000 500.000000 0.000000 0.000000 -0.000000 0.000000
    43 0.000000 500.000000 0.000000 0.000000 -0.000000 0.000000
    44 0.000000 500.000000 0.000000 0.000000 -0.000000 0.000000
    45 0.000000 500.000000 0.000000 0.000000 -0.000000 0.000000
    46 0.000000 500.000000 0.000000 0.000000 -0.000000 0.000000
    47 0.000000 500.000000 0.000000 0.000000 -0.000000 0.000000
    48 -5.587333 0.794624 -20.282814 0.034165 -0.014688 1.569514
    49 0.480041 0.245986 0.685095 -0.005882 1.526905 -1.618466
    50 -4.641474 0.174681 0.038313 0.000012 0.000029 0.000795
    51 -4.393185 0.042116 0.040471 0.000000 0.000000 -0.000000
    52 -9.748771 1.097161 0.055419 0.000016 0.000059 0.001711
    53 3.040854 -13.026020 5.842534 1.128729 0.654397 -2.269925
    54 -6.267865 -11.189495 6.776717 0.374768 -1.030494 -2.148607
    55 -6.898924 -6.725433 0.296246 0.014206 -0.038901 -1.243356
    56 -6.696694 -3.511458 10.943142 2.700810 0.047317 0.544202
    57 1.557132 -8.424385 0.232308 -1.213621 -0.478482 -0.087606
    58 -1.874687 0.375578 0.005018 0.001073 0.003243 0.096078
    59 -1.472220 0.448410 -0.001317 0.001360 0.003965 0.117927
    60 -1.617024 -0.547708 -0.754766 -0.244311 -0.260638 0.007932
    61 -5.607236 1.531876 0.001012 0.018117 0.022146 0.828173
    62 -4.794849 1.549590 -0.007346 0.013844 0.019577 0.687808
    63 -6.596516 2.860080 0.339653 0.113041 -0.010478 0.633316
    64 -4.122212 1.458595 -0.010647 0.010154 0.016605 0.554431
    65 -4.573040 1.531267 -0.008834 0.012585 0.018653 0.643870
    66 -6.645570 2.940114 1.321941 0.205535 0.053813 0.580153
    67 -4.668784 1.543299 -0.008333 0.013331 0.019212 0.670097
    68 -5.498457 1.543711 -0.000432 0.017343 0.021740 0.803593
    69 -7.729378 3.432160 3.180979 0.491882 0.184755 0.657363
    70 -5.032242 1.551232 -0.005137 0.016347 0.021180 0.771437
    71 -4.626550 1.546626 -0.008850 0.013664 0.019450 0.681603
    72 -5.504151 -6.200956 2.321300 0.406517 -0.041243 -1.247529
    73 -7.683895 -8.741017 5.991345 0.177366 -1.380541 2.992474
    74 -9.397249 0.085793 -1.280125 -0.337279 1.119141 -0.799913
    75 -8.376308 -8.777820 0.380660 0.028189 -0.044565 -1.671075
    76 -5.521276 -8.827034 3.161319 -1.900279 -0.165390 0.265985
    77 0.338370 -3.144785 12.118679 2.573181 0.131688 0.533423
    78 -4.354403 1.459486 -0.008463 0.010130 0.016584 0.553537
    79 -3.627951 1.410715 -0.013721 0.009170 0.015664 0.516136
    80 -1.830639 1.231442 2.816197 0.243480 -0.132720 -0.126835
    81 -6.924611 1.259254 0.022921 0.025627 0.024955 1.054234
    82 -9.187062 -0.073973 0.090185 0.041157 0.025338 1.494817
    83 -5.400910 2.822194 0.968758 0.025595 -0.150713 0.560355
    84 -9.643356 -0.421030 0.106430 0.043974 0.024660 1.576349
    85 -3.766353 1.399735 -0.012024 0.008936 0.015428 0.506772
    86 -6.258360 2.479772 -0.342655 -0.063682 -0.112066 0.735080
    87 -8.572333 0.418942 0.067431 0.036592 0.025938 1.365208
    88 -7.095986 1.213811 0.026113 0.026449 0.025150 1.077981
    89 -5.747716 2.159776 -1.269205 -0.121725 -0.115569 0.713353
    90 -7.351171 0.994610 0.036058 0.029811 0.025738 1.174049
    91 -7.915823 0.770521 0.049124 0.032719 0.025983 1.256176
    92 -8.920539 -8.735088 -0.078238 -0.082447 -0.043672 -1.670073
    93 -8.821699 4.756521 9.436344 -0.130386 0.109422 0.196505
    94 -2.905880 -8.653266 0.906269 0.127366 0.111900 -1.770441
    95 6.952961 37.444181 -18.980246 -0.000000 -0.000000 -0.000000
    96 0.170270 -9.262669 2.885667 -0.000000 -0.000000 -0.000000
    97 2.210582 7.135135 2.279620 0.026981 -0.416210 -0.009772
    98 -4.081388 -0.782360 -2.313267 -0.148346 0.594625 0.140420
    99 0.227263 -1.619251 2.570105 -0.000000 -0.000000 -0.000000
    100 0.236503 0.729332 1.174516 -0.000000 -0.000000 -0.000000
    101 5.865163 29.062191 -25.384220 0.060534 -0.003195 -0.000394
    102 0.006184 0.042615 0.630946 -0.000000 0.000000 0.000000
    103 0.004332 0.048952 0.425776 -0.000000 0.000000 0.000000
    104 0.002551 0.054553 0.229013 -0.000000 0.000000 0.000000
    105 -0.003177 0.048654 -0.383506 -0.000000 0.000000 0.000000
    106 -7.917468 -17.596449 8.317367 0.009487 0.017493 1.571866
    107 -7.923080 -12.240079 8.713215 -1.552244 0.339525 -3.134344
    108 -8.216996 -16.481173 7.306713 -0.017493 0.009486 0.000904
    109 -8.458077 -10.976725 5.004138 0.293094 0.009486 0.000904
    110 0.000000 -0.000000 -0.000000 -0.000000 -0.000000 -0.000000
    111 0.000000 -0.000000 -0.000000 -0.000000 -0.000000 -0.000000
    112 0.000000 -0.000000 -0.000000 -0.000000 -0.000000 -0.000000
    113 0.000000 -0.000000 -0.000000 -0.000000 -0.000000 -0.000000
  time 5
    0 0.000000 0.000000 0.000000 0.000000 0.000000 0.000000
    1 0.000000 500.000000 0.000000 0.000000 -0.000000 0.000000
    2 0.000000 500.000000 0.000000 0.000000 -0.000000 0.000000
    3 0.000000 500.000000 0.000000 0.000000 -0.000000 0.000000
    4 0.000000 500.000000 0.000000 0.000000 -0.000000 0.000000
    5 0.000000 500.000000 0.000000 0.000000 -0.000000 0.000000
    6 0.000000 500.000000 0.000000 0.000000 -0.000000 0.000000
    7 0.000000 500.000000 0.000000 0.000000 -0.000000 0.000000
    8 0.000000 500.000000 0.000000 0.000000 -0.000000 0.000000
    9 0.000000 500.000000 0.000000 0.000000 -0.000000 0.000000
    10 0.000000 500.000000 0.000000 0.000000 -0.000000 0.000000
    11 0.000000 500.000000 0.000000 0.000000 -0.000000 0.000000
    12 0.000000 500.000000 0.000000 0.000000 -0.000000 0.000000
    13 0.000000 500.000000 0.000000 0.000000 -0.000000 0.000000
    14 0.000000 500.000000 0.000000 0.000000 -0.000000 0.000000
    15 0.000000 500.000000 0.000000 0.000000 -0.000000 0.000000
    16 0.000000 500.000000 0.000000 0.000000 -0.000000 0.000000
    17 0.000000 500.000000 0.000000 0.000000 -0.000000 0.000000
    18 0.000000 500.000000 0.000000 0.000000 -0.000000 0.000000
    19 0.000000 500.000000 0.000000 0.000000 -0.000000 0.000000
    20 0.000000 500.000000 0.000000 0.000000 -0.000000 0.000000
    21 0.000000 500.000000 0.000000 0.000000 -0.000000 0.000000
    22 0.000000 500.000000 0.000000 0.000000 -0.000000 0.000000
    23 0.000000 500.000000 0.000000 0.000000 -0.000000 0.000000
    24 0.000000 500.000000 0.000000 0.000000 -0.000000 0.000000
    25 0.000000 500.000000 0.000000 0.000000 -0.000000 0.000000
    26 0.000000 500.000000 0.000000 0.000000 -0.000000 0.000000
    27 0.000000 500.000000 0.000000 0.000000 -0.000000 0.000000
    28 0.000000 500.000000 0.000000 0.000000 -0.000000 0.000000
    29 0.000000 500.000000 0.000000 0.000000 -0.000000 0.000000
    30 0.000000 500.000000 0.000000 0.000000 -0.000000 0.000000
    31 0.000000 500.000000 0.000000 0.000000 -0.000000 0.000000
    32 0.000000 500.000000 0.000000 0.000000 -0.000000 0.000000
    33 0.000000 500.000000 0.000000 0.000000 -0.000000 0.000000
    34 0.000000 500.000000 0.000000 0.000000 -0.000000 0.000000
    35 0.000000 500.000000 0.000000 0.000000 -0.000000 0.000000
    36 0.000000 500.000000 0.000000 0.000000 -0.000000 0.000000
    37 0.000000 500.000000 0.000000 0.000000 -0.000000 0.000000
    38 0.000000 500.000000 0.000000 0.000000 -0.000000 0.000000
    39 0.000000 500.000000 0.000000 0.000000 -0.000000 0.000000
    40 0.000000 500.000000 0.000000 0.000000 -0.000000 0.000000
    41 0.000000 500.000000 0.000000 0.000000 -0.000000 0.000000
    42 0.000000 500.000000 0.000000 0.000000 -0.000000 0.000000
    43 0.000000 500.000000 0.000000 0.000000 -0.000000 0.000000
    44 0.000000 500.000000 0.000000 0.000000 -0.000000 0.000000
    45 0.000000 500.000000 0.000000 0.000000 -0.000000 0.000000
    46 0.000000 500.000000 0.000000 0.000000 -0.000000 0.000000
    47 0.000000 500.000000 0.000000 0.000000 -0.000000 0.000000
    48 -5.583275 1.255279 -20.423523 0.034189 -0.011484 1.569514
    49 0.480041 0.245986 0.685095 -0.005882 1.526905 -1.618466
    50 -4.641474 0.174681 0.038313 0.000012 0.000029 0.000795
    51 -4.393185 0.042116 0.040471 0.000000 -0.000000 -0.000000
    52 -9.748771 1.097161 0.055419 0.000016 0.000059 0.001711
    53 3.040853 -13.026020 5.842536 1.128729 0.654397 -2.269925
    54 -6.282604 -11.192661 6.782981 0.381710 -1.027360 -2.155399
    55 -6.879809 -6.680971 0.294540 0.013968 -0.038738 -1.235234
    56 -6.613097 -3.497834 10.877304 2.672678 0.073436 0.496867
    57 1.557132 -8.424386 0.232307 -1.213621 -0.478482 -0.087606
    58 -1.861593 0.365785 0.005228 0.001038 0.003152 0.093338
    59 -1.428294 0.416820 -0.000654 0.001239 0.003666 0.108862
    60 -1.617024 -0.547708 -0.754766 -0.244311 -0.260638 0.007932
    61 -5.607236 1.531876 0.001012 0.018117 0.022146 0.828173
    62 -4.794850 1.549590 -0.007347 0.013844 0.019577 0.687808
    63 -6.596516 2.860079 0.339653 0.113041 -0.010478 0.633316
    64 -4.122211 1.458595 -0.010646 0.010154 0.016605 0.554431
    65 -4.573040 1.531267 -0.008834 0.012585 0.018653 0.643870
    66 -6.645570 2.940114 1.321941 0.205535 0.053813 0.580153
    67 -4.668784 1.543299 -0.008333 0.013331 0.019212 0.670097
    68 -5.498457 1.543711 -0.000432 0.017343 0.021740 0.803593
    69 -7.729379 3.432159 3.180975 0.491882 0.184755 0.657363
    70 -5.032242 1.551232 -0.005137 0.016347 0.021180 0.771437
    71 -4.626551 1.546626 -0.008850 0.013664 0.019450 0.681603
    72 -5.526831 -6.161115 2.233390 0.391480 -0.041081 -1.239232
    73 -7.683895 -8.741017 5.991345 0.177366 -1.380541 2.992474
    74 -9.397245 0.085863 -1.280077 -0.337259 1.119149 -0.799895
    75 -8.376276 -8.777791 0.380659 0.028189 -0.044565 -1.671068
    76 -5.753585 -9.048019 3.021321 -1.870442 -0.173374 0.211656
    77 0.338370 -3.144784 12.118679 2.573181 0.131688 0.533423
    78 -4.354403 1.459486 -0.008463 0.010130 0.016584 0.553537
    79 -3.627951 1.410715 -0.013721 0.009170 0.015664 0.516136
    80 -1.830639 1.231442 2.816198 0.243480 -0.132720 -0.126835
    81 -7.214405 1.155819 0.029229 0.027418 0.025353 1.105844
    82 -9.102348 0.004603 0.086685 0.040480 0.025465 1.475434
    83 -5.400910 2.822194 0.968758 0.025595 -0.150713 0.560355
    84 -9.643356 -0.421030 0.106430 0.043974 0.024660 1.576349
    85 -3.766356 1.399736 -0.012024 0.008936 0.015428 0.506772
    86 -6.258360 2.479772 -0.342655 -0.063682 -0.112066 0.735080
    87 -8.572335 0.418940 0.067431 0.036593 0.025938 1.365208
    88 -7.095986 1.213811 0.026114 0.026449 0.025150 1.077981
    89 -5.747716 2.159777 -1.269205 -0.121725 -0.115569 0.713353
    90 -7.351171 0.994610 0.036058 0.029811 0.025738 1.174049
    91 -7.915823 0.770521 0.049123 0.032719 0.025983 1.256176
    92 -8.863826 -8.739676 -0.035070 -0.071378 -0.043766 -1.670161
    93 -9.152856 4.812833 9.338932 -0.109362 0.163487 0.199059
    94 -2.905882 -8.653264 0.906265 0.127366 0.111901 -1.770441
    95 6.952962 37.444181 -18.980246 0.000000 -0.000000 -0.000000
    96 0.170270 -9.262669 2.885666 0.000000 -0.000000 -0.000000
    97 2.162775 6.378994 1.274943 -0.195017 -0.376928 0.060504
    98 -3.964300 -0.929095 -2.390699 -0.175654 0.595759 0.093821
    99 0.231646 -1.036388 2.550093 0.000000 -0.000000 -0.000000
    100 0.236503 0.729332 1.174516 0.000000 -0.000000 -0.000000
    101 5.579745 28.240532 -27.943002 0.000269 0.006718 0.001260
    102 0.006184 0.042616 0.630946 0.000000 -0.000000 0.000000
    103 0.004332 0.048953 0.425775 0.000000 -0.000000 0.000000
    104 0.002551 0.054553 0.229013 0.000000 -0.000000 0.000000
    105 -0.003177 0.048654 -0.383506 0.000000 -0.000000 0.000000
    106 -7.917468 -17.596449 8.317367 0.009487 0.017493 1.571866
    107 -7.923080 -12.240079 8.713215 -1.552244 0.339525 -3.134344
    108 -8.216996 -16.481173 7.306713 -0.017493 0.009486 0.000904
    109 -8.458077 -10.976725 5.004138 0.293094 0.009486 0.000904
    110 -0.000000 -0.000000 0.000000 0.000000 -0.000000 -0.000000
    111 -0.000000 -0.000000 0.000000 0.000000 -0.000000 -0.000000
    112 -0.000000 -0.000000 0.000000 0.000000 -0.000000 -0.000000
    113 -0.000000 -0.000000 0.000000 0.000000 -0.000000 -0.000000
  time 6
    0 0.000000 0.000000 0.000000 0.000000 0.000000 0.000000
    1 0.000000 500.000000 0.000000 0.000000 -0.000000 0.000000
    2 0.000000 500.000000 0.000000 0.000000 -0.000000 0.000000
    3 0.000000 500.000000 0.000000 0.000000 -0.000000 0.000000
    4 0.000000 500.000000 0.000000 0.000000 -0.000000 0.000000
    5 0.000000 500.000000 0.000000 0.000000 -0.000000 0.000000
    6 0.000000 500.000000 0.000000 0.000000 -0.000000 0.000000
    7 0.000000 500.000000 0.000000 0.000000 -0.000000 0.000000
    8 0.000000 500.000000 0.000000 0.000000 -0.000000 0.000000
    9 0.000000 500.000000 0.000000 0.000000 -0.000000 0.000000
    10 0.000000 500.000000 0.000000 0.000000 -0.000000 0.000000
    11 0.000000 500.000000 0.000000 0.000000 -0.000000 0.000000
    12 0.000000 500.000000 0.000000 0.000000 -0.000000 0.000000
    13 0.000000 500.000000 0.000000 0.000000 -0.000000 0.000000
    14 0.000000 500.000000 0.000000 0.000000 -0.000000 0.000000
    15 0.000000 500.000000 0.000000 0.000000 -0.000000 0.000000
    16 0.000000 500.000000 0.000000 0.000000 -0.000000 0.000000
    17 0.000000 500.000000 0.000000 0.000000 -0.000000 0.000000
    18 0.000000 500.000000 0.000000 0.000000 -0.000000 0.000000
    19 0.000000 500.000000 0.000000 0.000000 -0.000000 0.000000
    20 0.000000 500.000000 0.000000 0.000000 -0.000000 0.000000
    21 0.000000 500.000000 0.000000 0.000000 -0.000000 0.000000
    22 0.000000 500.000000 0.000000 0.000000 -0.000000 0.000000
    23 0.000000 500.000000 0.000000 0.000000 -0.000000 0.000000
    24 0.000000 500.000000 0.000000 0.000000 -0.000000 0.000000
    25 0.000000 500.000000 0.000000 0.000000 -0.000000 0.000000
    26 0.000000 500.000000 0.000000 0.000000 -0.000000 0.000000
    27 0.000000 500.000000 0.000000 0.000000 -0.000000 0.000000
    28 0.000000 500.000000 0.000000 0.000000 -0.000000 0.000000
    29 0.000000 500.000000 0.000000 0.000000 -0.000000 0.000000
    30 0.000000 500.000000 0.000000 0.000000 -0.000000 0.000000
    31 0.000000 500.000000 0.000000 0.000000 -0.000000 0.000000
    32 0.000000 500.000000 0.000000 0.000000 -0.000000 0.000000
    33 0.000000 500.000000 0.000000 0.000000 -0.000000 0.000000
    34 0.000000 500.000000 0.000000 0.000000 -0.000000 0.000000
    35 0.000000 500.000000 0.000000 0.000000 -0.000000 0.000000
    36 0.000000 500.000000 0.000000 0.000000 -0.000000 0.000000
    37 0.000000 500.000000 0.000000 0.000000 -0.000000 0.000000
    38 0.000000 500.000000 0.000000 0.000000 -0.000000 0.000000
    39 0.000000 500.000000 0.000000 0.000000 -0.000000 0.000000
    40 0.000000 500.000000 0.000000 0.000000 -0.000000 0.000000
    41 0.000000 500.000000 0.000000 0.000000 -0.000000 0.000000
    42 0.000000 500.000000 0.000000 0.000000 -0.000000 0.000000
    43 0.000000 500.000000 0.000000 0.000000 -0.000000 0.000000
    44 0.000000 500.000000 0.000000 0.000000 -0.000000 0.000000
    45 0.000000 500.000000 0.000000 0.000000 -0.000000 0.000000
    46 0.000000 500.000000 0.000000 0.000000 -0.000000 0.000000
    47 0.000000 500.000000 0.000000 0.000000 -0.000000 0.000000
    48 -5.579217 1.715893 -20.564185 0.034214 -0.008280 1.569514
    49 0.480041 0.245986 0.685095 -0.005882 1.526905 -1.618466
    50 -4.641475 0.174681 0.038314 0.000012 0.000029 0.000795
    51 -4.393185 0.042116 0.040471 -0.000000 -0.000000 0.000000
    52 -9.748771 1.097161 0.055419 0.000016 0.000059 0.001711
    53 3.040853 -13.026021 5.842537 1.128729 0.654396 -2.269925
    54 -6.297376 -11.195819 6.789173 0.388575 -1.024203 -2.162115
    55 -6.861056 -6.636355 0.292833 0.013732 -0.038572 -1.227112
    56 -6.529599 -3.490505 10.810347 2.643274 0.098185 0.448709
    57 1.557132 -8.424387 0.232306 -1.213621 -0.478482 -0.087606
    58 -1.848526 0.355957 0.005440 0.001004 0.003061 0.090598
    59 -1.384655 0.384833 0.000025 0.001121 0.003366 0.099796
    60 -1.617024 -0.547708 -0.754766 -0.244311 -0.260638 0.007932
    61 -5.607236 1.531876 0.001012 0.018117 0.022146 0.828173
    62 -4.794850 1.549590 -0.007348 0.013844 0.019577 0.687808
    63 -6.596516 2.860079 0.339653 0.113041 -0.010478 0.633316
    64 -4.122210 1.458595 -0.010645 0.010154 0.016605 0.554431
    65 -4.573040 1.531267 -0.008834 0.012585 0.018653 0.643870
    66 -6.645570 2.940114 1.321941 0.205535 0.053813 0.580153
    67 -4.668784 1.543299 -0.008333 0.013331 0.019212 0.670097
    68 -5.498457 1.543711 -0.000432 0.017343 0.021740 0.803593
    69 -7.729380 3.432157 3.180971 0.491881 0.184756 0.657363
    70 -5.032242 1.551232 -0.005137 0.016347 0.021180 0.771437
    71 -4.626551 1.546626 -0.008850 0.013664 0.019450 0.681603
    72 -5.551067 -6.121865 2.145631 0.376446 -0.040794 -1.230939
    73 -7.683895 -8.741017 5.991345 0.177366 -1.380541 2.992474
    74 -9.397242 0.085933 -1.280029 -0.337240 1.119157 -0.799877
    75 -8.376244 -8.777762 0.380657 0.028189 -0.044565 -1.671060
    76 -5.996279 -9.252925 2.874643 -1.840170 -0.179744 0.157041
    77 0.338370 -3.144783 12.118679 2.573181 0.131688 0.533423
    78 -4.354403 1.459486 -0.008463 0.010130 0.016584 0.553537
    79 -3.627951 1.410715 -0.013721 0.009170 0.015664 0.516136
    80 -1.830639 1.231442 2.816198 0.243480 -0.132720 -0.126835
    81 -7.498471 1.037581 0.035991 0.029227 0.025659 1.157455
    82 -9.016126 0.081522 0.083228 0.039800 0.025580 1.456050
    83 -5.400910 2.822195 0.968758 0.025595 -0.150713 0.560355
    84 -9.643356 -0.421030 0.106429 0.043974 0.024660 1.576349
    85 -3.766359 1.399737 -0.012024 0.008936 0.015428 0.506773
    86 -6.258360 2.479772 -0.342655 -0.063682 -0.112066 0.735080
    87 -8.572337 0.418938 0.067430 0.036593 0.025938 1.365209
    88 -7.095986 1.213811 0.026114 0.026449 0.025150 1.077981
    89 -5.747716 2.159777 -1.269205 -0.121725 -0.115569 0.713353
    90 -7.351171 0.994610 0.036058 0.029811 0.025738 1.174049
    91 -7.915823 0.770521 0.049123 0.032719 0.025983 1.256176
    92 -8.807590 -8.744190 0.008724 -0.060308 -0.043860 -1.670250
    93 -9.488991 4.870105 9.261138 -0.087976 0.217486 0.202804
    94 -2.905883 -8.653261 0.906262 0.127365 0.111901 -1.770441
    95 6.952962 37.444181 -18.980246 0.000000 -0.000000 0.000000
    96 0.170270 -9.262669 2.885666 0.000000 -0.000000 0.000000
    97 2.070384 5.434949 0.448111 -0.409905 -0.324533 0.118825
    98 -3.851772 -1.081131 -2.464583 -0.203008 0.595837 0.047182
    99 0.236029 -0.453525 2.530081 0.000000 -0.000000 0.000000
    100 0.236503 0.729332 1.174515 0.000000 -0.000000 0.000000
    101 5.291912 27.400968 -30.483910 -0.059987 0.016713 0.002314
    102 0.006184 0.042617 0.630946 0.000000 -0.000000 -0.000000
    103 0.004332 0.048953 0.425775 0.000000 -0.000000 -0.000000
    104 0.002551 0.054554 0.229012 0.000000 -0.000000 -0.000000
    105 -0.003177 0.048655 -0.383506 0.000000 -0.000000 -0.000000
    106 -7.917468 -17.596449 8.317367 0.009487 0.017493 1.571866
    107 -7.923080 -12.240079 8.713215 -1.552244 0.339525 -3.134344
    108 -8.216996 -16.481173 7.306713 -0.017493 0.009486 0.000904
    109 -8.458077 -10.976725 5.004138 0.293094 0.009486 0.000904
    110 -0.000000 -0.000000 -0.000000 0.000000 -0.000000 0.000000
    111 -0.000000 -0.000000 -0.000000 0.000000 -0.000000 0.000000
    112 -0.000000 -0.000000 -0.000000 0.000000 -0.000000 0.000000
    113 -0.000000 -0.000000 -0.000000 0.000000 -0.000000 0.000000
  time 7
    0 0.000000 0.000000 0.000000 0.000000 0.000000 0.000000
    1 0.000000 500.000000 0.000000 0.000000 -0.000000 0.000000
    2 0.000000 500.000000 0.000000 0.000000 -0.000000 0.000000
    3 0.000000 500.000000 0.000000 0.000000 -0.000000 0.000000
    4 0.000000 500.000000 0.000000 0.000000 -0.000000 0.000000
    5 0.000000 500.000000 0.000000 0.000000 -0.000000 0.000000
    6 0.000000 500.000000 0.000000 0.000000 -0.000000 0.000000
    7 0.000000 500.000000 0.000000 0.000000 -0.000000 0.000000
    8 0.000000 500.000000 0.000000 0.000000 -0.000000 0.000000
    9 0.000000 500.000000 0.000000 0.000000 -0.000000 0.000000
    10 0.000000 500.000000 0.000000 0.000000 -0.000000 0.000000
    11 0.000000 500.000000 0.000000 0.000000 -0.000000 0.000000
    12 0.000000 500.000000 0.000000 0.000000 -0.000000 0.000000
    13 0.000000 500.000000 0.000000 0.000000 -0.000000 0.000000
    14 0.000000 500.000000 0.000000 0.000000 -0.000000 0.000000
    15 0.000000 500.000000 0.000000 0.000000 -0.000000 0.000000
    16 0.000000 500.000000 0.000000 0.000000 -0.000000 0.000000
    17 0.000000 500.000000 0.000000 0.000000 -0.000000 0.000000
    18 0.000000 500.000000 0.000000 0.000000 -0.000000 0.000000
    19 0.000000 500.000000 0.000000 0.000000 -0.000000 0.000000
    20 0.000000 500.000000 0.000000 0.000000 -0.000000 0.000000
    21 0.000000 500.000000 0.000000 0.000000 -0.000000 0.000000
    22 0.000000 500.000000 0.000000 0.000000 -0.000000 0.000000
    23 0.000000 500.000000 0.000000 0.000000 -0.000000 0.000000
    24 0.000000 500.000000 0.000000 0.000000 -0.000000 0.000000
    25 0.000000 500.000000 0.000000 0.000000 -0.000000 0.000000
    26 0.000000 500.000000 0.000000 0.000000 -0.000000 0.000000
    27 0.000000 500.000000 0.000000 0.000000 -0.000000 0.000000
    28 0.000000 500.000000 0.000000 0.000000 -0.000000 0.000000
    29 0.000000 500.000000 0.000000 0.000000 -0.000000 0.000000
    30 0.000000 500.000000 0.000000 0.000000 -0.000000 0.000000
    31 0.000000 500.000000 0.000000 0.000000 -0.000000 0.000000
    32 0.000000 500.000000 0.000000 0.000000 -0.000000 0.000000
    33 0.000000 500.000000 0.000000 0.000000 -0.000000 0.000000
    34 0.000000 500.000000 0.000000 0.000000 -0.000000 0.000000
    35 0.000000 500.000000 0.000000 0.000000 -0.000000 0.000000
    36 0.000000 500.000000 0.000000 0.000000 -0.000000 0.000000
    37 0.000000 500.000000 0.000000 0.000000 -0.000000 0.000000
    38 0.000000 500.000000 0.000000 0.000000 -0.000000 0.000000
    39 0.000000 500.000000 0.000000 0.000000 -0.000000 0.000000
    40 0.000000 500.000000 0.000000 0.000000 -0.000000 0.000000
    41 0.000000 500.000000 0.000000 0.000000 -0.000000 0.000000
    42 0.000000 500.000000 0.000000 0.000000 -0.000000 0.000000
    43 0.000000 500.000000 0.000000 0.000000 -0.000000 0.000000
    44 0.000000 500.000000 0.000000 0.000000 -0.000000 0.000000
    45 0.000000 500.000000 0.000000 0.000000 -0.000000 0.000000
    46 0.000000 500.000000 0.000000 0.000000 -0.000000 0.000000
    47 0.000000 500.000000 0.000000 0.000000 -0.000000 0.000000
    48 -5.576424 2.033055 -20.642363 0.034236 -0.005228 1.569514
    49 0.480041 0.245986 0.685094 -0.005882 1.526905 -1.618466
    50 -4.641475 0.174681 0.038314 0.000012 0.000029 0.000795
    51 -4.393185 0.042116 0.040471 0.000000 0.000000 -0.000000
    52 -9.748771 1.097161 0.055418 0.000016 0.000059 0.001711
    53 3.040852 -13.026021 5.842538 1.128729 0.654396 -2.269925
    54 -6.311343 -11.198822 6.794834 0.395034 -1.021142 -2.168409
    55 -6.844401 -6.595859 0.291286 0.013519 -0.038421 -1.219764
    56 -6.450192 -3.488650 10.745461 2.614600 0.120344 0.402847
    57 1.557132 -8.424387 0.232306 -1.213621 -0.478482 -0.087606
    58 -1.835639 0.346208 0.005651 0.000970 0.002971 0.087891
    59 -1.341818 0.352836 0.000713 0.001007 0.003069 0.090838
    60 -1.617024 -0.547708 -0.754765 -0.244311 -0.260638 0.007932
    61 -5.607236 1.531876 0.001012 0.018117 0.022146 0.828173
    62 -4.794851 1.549590 -0.007348 0.013844 0.019577 0.687808
    63 -6.596516 2.860079 0.339653 0.113041 -0.010478 0.633316
    64 -4.122210 1.458595 -0.010644 0.010154 0.016605 0.554431
    65 -4.573040 1.531267 -0.008835 0.012585 0.018653 0.643870
    66 -6.645570 2.940114 1.321941 0.205535 0.053813 0.580153
    67 -4.668784 1.543299 -0.008333 0.013331 0.019212 0.670097
    68 -5.498457 1.543711 -0.000432 0.017343 0.021740 0.803593
    69 -7.729380 3.432156 3.180968 0.491881 0.184756 0.657363
    70 -5.032242 1.551232 -0.005137 0.016347 0.021180 0.771437
    71 -4.626552 1.546626 -0.008850 0.013664 0.019450 0.681603
    72 -5.574373 -6.087213 2.066509 0.362791 -0.040535 -1.223438
    73 -7.683895 -8.741017 5.991345 0.177366 -1.380541 2.992474
    74 -9.397241 0.085948 -1.280018 -0.337236 1.119158 -0.799874
    75 -8.376237 -8.777756 0.380657 0.028189 -0.044565 -1.671059
    76 -6.234167 -9.430895 2.730312 -1.811306 -0.184180 0.105311
    77 0.338370 -3.144783 12.118679 2.573181 0.131688 0.533423
    78 -4.354403 1.459486 -0.008463 0.010130 0.016584 0.553537
    79 -3.627951 1.410715 -0.013721 0.009170 0.015664 0.516136
    80 -1.830639 1.231442 2.816199 0.243480 -0.132720 -0.126835
    81 -7.711804 0.937152 0.041467 0.030622 0.025830 1.197005
    82 -8.914313 0.168593 0.079274 0.039010 0.025695 1.433576
    83 -5.400911 2.822196 0.968757 0.025595 -0.150713 0.560355
    84 -9.643356 -0.421030 0.106429 0.043974 0.024660 1.576349
    85 -3.766360 1.399737 -0.012024 0.008936 0.015428 0.506773
    86 -6.258360 2.479772 -0.342655 -0.063682 -0.112066 0.735080
    87 -8.572339 0.418937 0.067430 0.036593 0.025938 1.365209
    88 -7.095986 1.213811 0.026114 0.026449 0.025150 1.077981
    89 -5.747715 2.159777 -1.269205 -0.121725 -0.115569 0.713353
    90 -7.351171 0.994610 0.036058 0.029811 0.025738 1.174049
    91 -7.915823 0.770521 0.049122 0.032719 0.025983 1.256176
    92 -8.756344 -8.748292 0.049531 -0.050131 -0.043945 -1.670338
    93 -9.809979 4.925038 9.206124 -0.067333 0.268343 0.207549
    94 -2.905884 -8.653261 0.906261 0.127365 0.111901 -1.770441
    95 6.952963 37.444180 -18.980246 0.000000 -0.000000 -0.000000
    96 0.170270 -9.262669 2.885665 0.000000 -0.000000 -0.000000
    97 2.011884 4.400612 -0.070038 -0.622420 -0.279481 0.176665
    98 -3.767981 -1.207584 -2.521598 -0.225063 0.595677 0.009496
    99 0.238659 -0.103807 2.518074 0.000000 -0.000000 -0.000000
    100 0.236503 0.729332 1.174515 0.000000 -0.000000 -0.000000
    101 4.996376 26.344407 -32.727101 -0.116862 0.026203 0.002789
    102 0.006184 0.042617 0.630946 0.000000 0.000000 0.000000
    103 0.004332 0.048953 0.425775 0.000000 0.000000 0.000000
    104 0.002551 0.054554 0.229012 0.000000 0.000000 0.000000
    105 -0.003177 0.048655 -0.383506 0.000000 0.000000 0.000000
    106 -7.917468 -17.596449 8.317367 0.009487 0.017493 1.571866
    107 -7.923080 -12.240079 8.713215 -1.552244 0.339525 -3.134344
    108 -8.216996 -16.481173 7.306713 -0.017493 0.009486 0.000904
    109 -8.458077 -10.976725 5.004138 0.293094 0.009486 0.000904
    110 -0.000000 0.000000 -0.000000 0.000000 -0.000000 -0.000000
    111 -0.000000 0.000000 -0.000000 0.000000 -0.000000 -0.000000
    112 -0.000000 0.000000 -0.000000 0.000000 -0.000000 -0.000000
    113 -0.000000 0.000000 -0.000000 0.000000 -0.000000 -0.000000
  time 8
    0 0.000000 0.000000 0.000000 0.000000 0.000000 0.000000
    1 0.000000 500.000000 0.000000 0.000000 -0.000000 0.000000
    2 0.000000 500.000000 0.000000 0.000000 -0.000000 0.000000
    3 0.000000 500.000000 0.000000 0.000000 -0.000000 0.000000
    4 0.000000 500.000000 0.000000 0.000000 -0.000000 0.000000
    5 0.000000 500.000000 0.000000 0.000000 -0.000000 0.000000
    6 0.000000 500.000000 0.000000 0.000000 -0.000000 0.000000
    7 0.000000 500.000000 0.000000 0.000000 -0.000000 0.000000
    8 0.000000 500.000000 0.000000 0.000000 -0.000000 0.000000
    9 0.000000 500.000000 0.000000 0.000000 -0.000000 0.000000
    10 0.000000 500.000000 0.000000 0.000000 -0.000000 0.000000
    11 0.000000 500.000000 0.000000 0.000000 -0.000000 0.000000
    12 0.000000 500.000000 0.000000 0.000000 -0.000000 0.000000
    13 0.000000 500.000000 0.000000 0.000000 -0.000000 0.000000
    14 0.000000 500.000000 0.000000 0.000000 -0.000000 0.000000
    15 0.000000 500.000000 0.000000 0.000000 -0.000000 0.000000
    16 0.000000 500.000000 0.000000 0.000000 -0.000000 0.000000
    17 0.000000 500.000000 0.000000 0.000000 -0.000000 0.000000
    18 0.000000 500.000000 0.000000 0.000000 -0.000000 0.000000
    19 0.000000 500.000000 0.000000 0.000000 -0.000000 0.000000
    20 0.000000 500.000000 0.000000 0.000000 -0.000000 0.000000
    21 0.000000 500.000000 0.000000 0.000000 -0.000000 0.000000
    22 0.000000 500.000000 0.000000 0.000000 -0.000000 0.000000
    23 0.000000 500.000000 0.000000 0.000000 -0.000000 0.000000
    24 0.000000 500.000000 0.000000 0.000000 -0.000000 0.000000
    25 0.000000 500.000000 0.000000 0.000000 -0.000000 0.000000
    26 0.000000 500.000000 0.000000 0.000000 -0.000000 0.000000
    27 0.000000 500.000000 0.000000 0.000000 -0.000000 0.000000
    28 0.000000 500.000000 0.000000 0.000000 -0.000000 0.000000
    29 0.000000 500.000000 0.000000 0.000000 -0.000000 0.000000
    30 0.000000 500.000000 0.000000 0.000000 -0.000000 0.000000
    31 0.000000 500.000000 0.000000 0.000000 -0.000000 0.000000
    32 0.000000 500.000000 0.000000 0.000000 -0.000000 0.000000
    33 0.000000 500.000000 0.000000 0.000000 -0.000000 0.000000
    34 0.000000 500.000000 0.000000 0.000000 -0.000000 0.000000
    35 0.000000 500.000000 0.000000 0.000000 -0.000000 0.000000
    36 0.000000 500.000000 0.000000 0.000000 -0.000000 0.000000
    37 0.000000 500.000000 0.000000 0.000000 -0.000000 0.000000
    38 0.000000 500.000000 0.000000 0.000000 -0.000000 0.000000
    39 0.000000 500.000000 0.000000 0.000000 -0.000000 0.000000
    40 0.000000 500.000000 0.000000 0.000000 -0.000000 0.000000
    41 0.000000 500.000000 0.000000 0.000000 -0.000000 0.000000
    42 0.000000 500.000000 0.000000 0.000000 -0.000000 0.000000
    43 0.000000 500.000000 0.000000 0.000000 -0.000000 0.000000
    44 0.000000 500.000000 0.000000 0.000000 -0.000000 0.000000
    45 0.000000 500.000000 0.000000 0.000000 -0.000000 0.000000
    46 0.000000 500.000000 0.000000 0.000000 -0.000000 0.000000
    47 0.000000 500.000000 0.000000 0.000000 -0.000000 0.000000
    48 -5.575527 2.135067 -20.626846 0.034258 -0.002404 1.569514
    49 0.480041 0.245986 0.685094 -0.005882 1.526905 -1.618466
    50 -4.641475 0.174681 0.038314 0.000012 0.000029 0.000795
    51 -4.393184 0.042116 0.040471 0.000000 -0.000000 -0.000000
    52 -9.748772 1.097162 0.055418 0.000016 0.000059 0.001711
    53 3.040852 -13.026022 5.842538 1.128729 0.654396 -2.269925
    54 -6.324081 -11.201600 6.799746 0.400932 -1.018241 -2.174123
    55 -6.830607 -6.561662 0.289983 0.013340 -0.038292 -1.213575
    56 -6.376852 -3.490751 10.684377 2.587899 0.139581 0.360999
    57 1.557132 -8.424387 0.232307 -1.213621 -0.478482 -0.087606
    58 -1.823008 0.336600 0.005860 0.000937 0.002882 0.085232
    59 -1.300025 0.321037 0.001404 0.000897 0.002776 0.082039
    60 -1.617024 -0.547709 -0.754765 -0.244311 -0.260638 0.007932
    61 -5.607236 1.531876 0.001012 0.018117 0.022146 0.828173
    62 -4.794851 1.549590 -0.007348 0.013844 0.019577 0.687808
    63 -6.596516 2.860079 0.339653 0.113041 -0.010478 0.633316
    64 -4.122210 1.458595 -0.010645 0.010154 0.016605 0.554431
    65 -4.573040 1.531267 -0.008835 0.012585 0.018653 0.643870
    66 -6.645570 2.940114 1.321941 0.205535 0.053813 0.580153
    67 -4.668783 1.543299 -0.008332 0.013331 0.019212 0.670097
    68 -5.498457 1.543711 -0.000432 0.017343 0.021740 0.803593
    69 -7.729380 3.432155 3.180968 0.491881 0.184756 0.657363
    70 -5.032242 1.551232 -0.005137 0.016347 0.021180 0.771437
    71 -4.626552 1.546626 -0.008850 0.013664 0.019450 0.681603
    72 -5.595050 -6.058996 2.000198 0.351200 -0.040416 -1.217117
    73 -7.683895 -8.741018 5.991345 0.177366 -1.380541 2.992474
    74 -9.397245 0.085880 -1.280065 -0.337255 1.119151 -0.799891
    75 -8.376268 -8.777784 0.380658 0.028189 -0.044565 -1.671066
    76 -6.457694 -9.579445 2.594140 -1.784864 -0.186823 0.058116
    77 0.338370 -3.144784 12.118679 2.573181 0.131688 0.533423
    78 -4.354403 1.459486 -0.008462 0.010130 0.016584 0.553537
    79 -3.627951 1.410715 -0.013721 0.009170 0.015664 0.516136
    80 -1.830639 1.231442 2.816199 0.243480 -0.132720 -0.126835
    81 -7.825838 0.879158 0.044542 0.031381 0.025900 1.218464
    82 -8.788934 0.270548 0.074584 0.038053 0.025812 1.406467
    83 -5.400915 2.822196 0.968757 0.025595 -0.150713 0.560356
    84 -9.643357 -0.421030 0.106430 0.043974 0.024660 1.576349
    85 -3.766357 1.399736 -0.012024 0.008936 0.015428 0.506773
    86 -6.258360 2.479772 -0.342654 -0.063682 -0.112066 0.735080
    87 -8.572339 0.418937 0.067431 0.036593 0.025938 1.365209
    88 -7.095986 1.213811 0.026114 0.026449 0.025150 1.077981
    89 -5.747711 2.159776 -1.269204 -0.121725 -0.115569 0.713352
    90 -7.351171 0.994610 0.036058 0.029811 0.025738 1.174049
    91 -7.915823 0.770521 0.049122 0.032719 0.025983 1.256176
    92 -8.712216 -8.751836 0.085391 -0.041293 -0.044018 -1.670425
    93 -10.104776 4.975762 9.171858 -0.048029 0.314526 0.213003
    94 -2.905882 -8.653263 0.906264 0.127366 0.111901 -1.770441
    95 6.952962 37.444178 -18.980248 0.000000 0.000000 0.000000
    96 0.170270 -9.262669 2.885665 0.000000 0.000000 0.000000
    97 2.064584 3.382058 -0.228754 -0.837573 -0.247941 0.245580
    98 -3.722607 -1.290353 -2.557029 -0.239216 0.596224 -0.014797
    99 0.238659 -0.103807 2.518074 0.000000 0.000000 0.000000
    100 0.236503 0.729332 1.174515 0.000000 0.000000 0.000000
    101 4.690963 24.974668 -34.535918 -0.168674 0.034882 0.002805
    102 0.006183 0.042617 0.630946 0.000000 0.000000 0.000000
    103 0.004332 0.048953 0.425775 0.000000 0.000000 0.000000
    104 0.002551 0.054555 0.229012 0.000000 0.000000 0.000000
    105 -0.003177 0.048654 -0.383507 0.000000 0.000000 0.000000
    106 -7.917468 -17.596449 8.317367 0.009487 0.017493 1.571866
    107 -7.923080 -12.240079 8.713215 -1.552244 0.339525 -3.134344
    108 -8.216996 -16.481173 7.306713 -0.017493 0.009486 0.000904
    109 -8.458077 -10.976725 5.004138 0.293094 0.009486 0.000904
    110 -0.000000 0.000000 0.000000 0.000000 0.000000 0.000000
    111 -0.000000 0.000000 0.000000 0.000000 0.000000 0.000000
    112 -0.000000 0.000000 0.000000 0.000000 0.000000 0.000000
    113 -0.000000 0.000000 0.000000 0.000000 0.000000 0.000000
  time 9
    0 0.000000 0.000000 0.000000 0.000000 0.000000 0.000000
    1 0.000000 500.000000 0.000000 0.000000 -0.000000 0.000000
    2 0.000000 500.000000 0.000000 0.000000 -0.000000 0.000000
    3 0.000000 500.000000 0.000000 0.000000 -0.000000 0.000000
    4 0.000000 500.000000 0.000000 0.000000 -0.000000 0.000000
    5 0.000000 500.000000 0.000000 0.000000 -0.000000 0.000000
    6 0.000000 500.000000 0.000000 0.000000 -0.000000 0.000000
    7 0.000000 500.000000 0.000000 0.000000 -0.000000 0.000000
    8 0.000000 500.000000 0.000000 0.000000 -0.000000 0.000000
    9 0.000000 500.000000 0.000000 0.000000 -0.000000 0.000000
    10 0.000000 500.000000 0.000000 0.000000 -0.000000 0.000000
    11 0.000000 500.000000 0.000000 0.000000 -0.000000 0.000000
    12 0.000000 500.000000 0.000000 0.000000 -0.000000 0.000000
    13 0.000000 500.000000 0.000000 0.000000 -0.000000 0.000000
    14 0.000000 500.000000 0.000000 0.000000 -0.000000 0.000000
    15 0.000000 500.000000 0.000000 0.000000 -0.000000 0.000000
    16 0.000000 500.000000 0.000000 0.000000 -0.000000 0.000000
    17 0.000000 500.000000 0.000000 0.000000 -0.000000 0.000000
    18 0.000000 500.000000 0.000000 0.000000 -0.000000 0.000000
    19 0.000000 500.000000 0.000000 0.000000 -0.000000 0.000000
    20 0.000000 500.000000 0.000000 0.000000 -0.000000 0.000000
    21 0.000000 500.000000 0.000000 0.000000 -0.000000 0.000000
    22 0.000000 500.000000 0.000000 0.000000 -0.000000 0.000000
    23 0.000000 500.000000 0.000000 0.000000 -0.000000 0.000000
    24 0.000000 500.000000 0.000000 0.000000 -0.000000 0.000000
    25 0.000000 500.000000 0.000000 0.000000 -0.000000 0.000000
    26 0.000000 500.000000 0.000000 0.000000 -0.000000 0.000000
    27 0.000000 500.000000 0.000000 0.000000 -0.000000 0.000000
    28 0.000000 500.000000 0.000000 0.000000 -0.000000 0.000000
    29 0.000000 500.000000 0.000000 0.000000 -0.000000 0.000000
    30 0.000000 500.000000 0.000000 0.000000 -0.000000 0.000000
    31 0.000000 500.000000 0.000000 0.000000 -0.000000 0.000000
    32 0.000000 500.000000 0.000000 0.000000 -0.000000 0.000000
    33 0.000000 500.000000 0.000000 0.000000 -0.000000 0.000000
    34 0.000000 500.000000 0.000000 0.000000 -0.000000 0.000000
    35 0.000000 500.000000 0.000000 0.000000 -0.000000 0.000000
    36 0.000000 500.000000 0.000000 0.000000 -0.000000 0.000000
    37 0.000000 500.000000 0.000000 0.000000 -0.000000 0.000000
    38 0.000000 500.000000 0.000000 0.000000 -0.000000 0.000000
    39 0.000000 500.000000 0.000000 0.000000 -0.000000 0.000000
    40 0.000000 500.000000 0.000000 0.000000 -0.000000 0.000000
    41 0.000000 500.000000 0.000000 0.000000 -0.000000 0.000000
    42 0.000000 500.000000 0.000000 0.000000 -0.000000 0.000000
    43 0.000000 500.000000 0.000000 0.000000 -0.000000 0.000000
    44 0.000000 500.000000 0.000000 0.000000 -0.000000 0.000000
    45 0.000000 500.000000 0.000000 0.000000 -0.000000 0.000000
    46 0.000000 500.000000 0.000000 0.000000 -0.000000 0.000000
    47 0.000000 500.000000 0.000000 0.000000 -0.000000 0.000000
    48 -5.574630 2.237048 -20.611291 0.034279 0.000420 1.569514
    49 0.480041 0.245986 0.685093 -0.005882 1.526905 -1.618466
    50 -4.641475 0.174681 0.038314 0.000012 0.000029 0.000795
    51 -4.393184 0.042116 0.040471 0.000000 0.000000 0.000000
    52 -9.748772 1.097162 0.055417 0.000016 0.000059 0.001711
    53 3.040852 -13.026022 5.842538 1.128729 0.654396 -2.269925
    54 -6.336842 -11.204372 6.804603 0.406772 -1.015324 -2.179777
    55 -6.817024 -6.527379 0.288679 0.013163 -0.038162 -1.207387
    56 -6.304173 -3.497602 10.622853 2.560331 0.157685 0.318529
    57 1.557132 -8.424387 0.232308 -1.213621 -0.478482 -0.087606
    58 -1.810402 0.326958 0.006070 0.000904 0.002793 0.082573
    59 -1.258513 0.288871 0.002110 0.000790 0.002481 0.073240
    60 -1.617024 -0.547710 -0.754764 -0.244311 -0.260638 0.007932
    61 -5.607236 1.531876 0.001012 0.018117 0.022146 0.828173
    62 -4.794851 1.549590 -0.007348 0.013844 0.019577 0.687808
    63 -6.596516 2.860080 0.339654 0.113041 -0.010478 0.633316
    64 -4.122210 1.458595 -0.010645 0.010154 0.016605 0.554431
    65 -4.573040 1.531267 -0.008836 0.012585 0.018653 0.643870
    66 -6.645569 2.940114 1.321941 0.205535 0.053813 0.580153
    67 -4.668783 1.543299 -0.008332 0.013331 0.019212 0.670097
    68 -5.498457 1.543711 -0.000432 0.017343 0.021740 0.803593
    69 -7.729379 3.432155 3.180968 0.491881 0.184756 0.657363
    70 -5.032242 1.551232 -0.005137 0.016347 0.021180 0.771437
    71 -4.626552 1.546626 -0.008850 0.013664 0.019450 0.681603
    72 -5.616614 -6.031157 1.934008 0.339610 -0.040225 -1.210798
    73 -7.683895 -8.741018 5.991345 0.177366 -1.380541 2.992474
    74 -9.397248 0.085812 -1.280112 -0.337274 1.119143 -0.799908
    75 -8.376300 -8.777812 0.380659 0.028189 -0.044565 -1.671073
    76 -6.687158 -9.714802 2.454144 -1.758315 -0.188236 0.010849
    77 0.338370 -3.144784 12.118679 2.573181 0.131688 0.533423
    78 -4.354403 1.459486 -0.008462 0.010130 0.016584 0.553537
    79 -3.627951 1.410715 -0.013721 0.009170 0.015664 0.516136
    80 -1.830639 1.231442 2.816199 0.243480 -0.132720 -0.126835
    81 -7.938600 0.818733 0.047688 0.032142 0.025953 1.239922
    82 -8.660835 0.369069 0.069985 0.037094 0.025902 1.379357
    83 -5.400918 2.822197 0.968757 0.025595 -0.150713 0.560356
    84 -9.643358 -0.421030 0.106430 0.043974 0.024660 1.576349
    85 -3.766354 1.399735 -0.012024 0.008936 0.015428 0.506772
    86 -6.258360 2.479772 -0.342654 -0.063682 -0.112066 0.735080
    87 -8.572339 0.418937 0.067431 0.036593 0.025938 1.365209
    88 -7.095986 1.213811 0.026113 0.026449 0.025150 1.077981
    89 -5.747708 2.159775 -1.269204 -0.121725 -0.115569 0.713351
    90 -7.351171 0.994610 0.036058 0.029811 0.025738 1.174049
    91 -7.915823 0.770521 0.049122 0.032719 0.025983 1.256176
    92 -8.668403 -8.755331 0.121640 -0.032456 -0.044090 -1.670512
    93 -10.400889 5.026742 9.152507 -0.028141 0.360598 0.219497
    94 -2.905880 -8.653265 0.906268 0.127366 0.111900 -1.770441
    95 6.952962 37.444175 -18.980249 0.000000 -0.000000 -0.000000
    96 0.170270 -9.262669 2.885665 0.000000 -0.000000 -0.000000
    97 2.130854 2.353599 -0.171312 -1.048151 -0.203056 0.305464
    98 -3.678617 -1.374262 -2.591509 -0.253384 0.596487 -0.039104
    99 0.238659 -0.103807 2.518074 0.000000 -0.000000 -0.000000
    100 0.236503 0.729332 1.174515 0.000000 -0.000000 -0.000000
    101 4.384235 23.594089 -36.329454 -0.220503 0.043549 0.002371
    102 0.006183 0.042617 0.630946 0.000000 -0.000000 0.000000
    103 0.004332 0.048952 0.425774 0.000000 -0.000000 0.000000
    104 0.002551 0.054556 0.229012 0.000000 -0.000000 0.000000
    105 -0.003177 0.048654 -0.383508 0.000000 -0.000000 0.000000
    106 -7.917468 -17.596449 8.317367 0.009487 0.017493 1.571866
    107 -7.923080 -12.240079 8.713215 -1.552244 0.339525 -3.134344
    108 -8.216996 -16.481173 7.306713 -0.017493 0.009486 0.000904
    109 -8.458077 -10.976725 5.004138 0.293094 0.009486 0.000904
    110 0.000000 -0.000000 0.000000 0.000000 -0.000000 -0.000000
    111 0.000000 -0.000000 0.000000 0.000000 -0.000000 -0.000000
    112 0.000000 -0.000000 0.000000 0.000000 -0.000000 -0.000000
    113 0.000000 -0.000000 0.000000 0.000000 -0.000000 -0.000000
  time 10
    0 0.000000 0.000000 0.000000 0.000000 0.000000 0.000000
    1 0.000000 500.000000 0.000000 0.000000 -0.000000 0.000000
    2 0.000000 500.000000 0.000000 0.000000 -0.000000 0.000000
    3 0.000000 500.000000 0.000000 0.000000 -0.000000 0.000000
    4 0.000000 500.000000 0.000000 0.000000 -0.000000 0.000000
    5 0.000000 500.000000 0.000000 0.000000 -0.000000 0.000000
    6 0.000000 500.000000 0.000000 0.000000 -0.000000 0.000000
    7 0.000000 500.000000 0.000000 0.000000 -0.000000 0.000000
    8 0.000000 500.000000 0.000000 0.000000 -0.000000 0.000000
    9 0.000000 500.000000 0.000000 0.000000 -0.000000 0.000000
    10 0.000000 500.000000 0.000000 0.000000 -0.000000 0.000000
    11 0.000000 500.000000 0.000000 0.000000 -0.000000 0.000000
    12 0.000000 500.000000 0.000000 0.000000 -0.000000 0.000000
    13 0.000000 500.000000 0.000000 0.000000 -0.000000 0.000000
    14 0.000000 500.000000 0.000000 0.000000 -0.000000 0.000000
    15 0.000000 500.000000 0.000000 0.000000 -0.000000 0.000000
    16 0.000000 500.000000 0.000000 0.000000 -0.000000 0.000000
    17 0.000000 500.000000 0.000000 0.000000 -0.000000 0.000000
    18 0.000000 500.000000 0.000000 0.000000 -0.000000 0.000000
    19 0.000000 500.000000 0.000000 0.000000 -0.000000 0.000000
    20 0.000000 500.000000 0.000000 0.000000 -0.000000 0.000000
    21 0.000000 500.000000 0.000000 0.000000 -0.000000 0.000000
    22 0.000000 500.000000 0.000000 0.000000 -0.000000 0.000000
    23 0.000000 500.000000 0.000000 0.000000 -0.000000 0.000000
    24 0.000000 500.000000 0.000000 0.000000 -0.000000 0.000000
    25 0.000000 500.000000 0.000000 0.000000 -0.000000 0.000000
    26 0.000000 500.000000 0.000000 0.000000 -0.000000 0.000000
    27 0.000000 500.000000 0.000000 0.000000 -0.000000 0.000000
    28 0.000000 500.000000 0.000000 0.000000 -0.000000 0.000000
    29 0.000000 500.000000 0.000000 0.000000 -0.000000 0.000000
    30 0.000000 500.000000 0.000000 0.000000 -0.000000 0.000000
    31 0.000000 500.000000 0.000000 0.000000 -0.000000 0.000000
    32 0.000000 500.000000 0.000000 0.000000 -0.000000 0.000000
    33 0.000000 500.000000 0.000000 0.000000 -0.000000 0.000000
    34 0.000000 500.000000 0.000000 0.000000 -0.000000 0.000000
    35 0.000000 500.000000 0.000000 0.000000 -0.000000 0.000000
    36 0.000000 500.000000 0.000000 0.000000 -0.000000 0.000000
    37 0.000000 500.000000 0.000000 0.000000 -0.000000 0.000000
    38 0.000000 500.000000 0.000000 0.000000 -0.000000 0.000000
    39 0.000000 500.000000 0.000000 0.000000 -0.000000 0.000000
    40 0.000000 500.000000 0.000000 0.000000 -0.000000 0.000000
    41 0.000000 500.000000 0.000000 0.000000 -0.000000 0.000000
    42 0.000000 500.000000 0.000000 0.000000 -0.000000 0.000000
    43 0.000000 500.000000 0.000000 0.000000 -0.000000 0.000000
    44 0.000000 500.000000 0.000000 0.000000 -0.000000 0.000000
    45 0.000000 500.000000 0.000000 0.000000 -0.000000 0.000000
    46 0.000000 500.000000 0.000000 0.000000 -0.000000 0.000000
    47 0.000000 500.000000 0.000000 0.000000 -0.000000 0.000000
    48 -5.573734 2.338997 -20.595699 0.034300 0.003244 1.569514
    49 0.480041 0.245986 0.685093 -0.005882 1.526905 -1.618466
    50 -4.641475 0.174681 0.038314 0.000012 0.000029 0.000795
    51 -4.393183 0.042116 0.040471 -0.000000 -0.000000 0.000000
    52 -9.748773 1.097163 0.055416 0.000016 0.000059 0.001711
    53 3.040852 -13.026023 5.842538 1.128729 0.654396 -2.269925
    54 -6.349625 -11.207138 6.809404 0.412553 -1.012389 -2.185373
    55 -6.803654 -6.493013 0.287374 0.012986 -0.038031 -1.201199
    56 -6.232340 -3.509184 10.561045 2.531927 0.174607 0.275443
    57 1.557132 -8.424387 0.232308 -1.213621 -0.478482 -0.087606
    58 -1.797822 0.317283 0.006282 0.000871 0.002705 0.079914
    59 -1.217287 0.256342 0.002831 0.000685 0.002187 0.064441
    60 -1.617024 -0.547710 -0.754764 -0.244311 -0.260638 0.007932
    61 -5.607236 1.531876 0.001012 0.018117 0.022146 0.828173
    62 -4.794851 1.549590 -0.007348 0.013844 0.019577 0.687808
    63 -6.596516 2.860080 0.339655 0.113041 -0.010478 0.633316
    64 -4.122210 1.458595 -0.010646 0.010154 0.016605 0.554431
    65 -4.573040 1.531267 -0.008836 0.012585 0.018653 0.643870
    66 -6.645568 2.940114 1.321941 0.205535 0.053813 0.580153
    67 -4.668782 1.543299 -0.008331 0.013331 0.019212 0.670097
    68 -5.498457 1.543711 -0.000432 0.017343 0.021740 0.803593
    69 -7.729378 3.432154 3.180968 0.491881 0.184756 0.657363
    70 -5.032242 1.551232 -0.005137 0.016347 0.021180 0.771437
    71 -4.626552 1.546626 -0.008850 0.013664 0.019450 0.681603
    72 -5.639061 -6.003704 1.867955 0.328022 -0.039960 -1.204482
    73 -7.683895 -8.741019 5.991345 0.177366 -1.380541 2.992474
    74 -9.397251 0.085743 -1.280159 -0.337292 1.119136 -0.799926
    75 -8.376331 -8.777840 0.380661 0.028189 -0.044565 -1.671080
    76 -6.921992 -9.836631 2.310669 -1.731724 -0.188414 -0.036447
    77 0.338370 -3.144785 12.118679 2.573181 0.131688 0.533423
    78 -4.354403 1.459486 -0.008461 0.010130 0.016584 0.553537
    79 -3.627951 1.410715 -0.013721 0.009170 0.015664 0.516136
    80 -1.830639 1.231442 2.816199 0.243480 -0.132720 -0.126835
    81 -8.050038 0.755903 0.050904 0.032904 0.025990 1.261381
    82 -8.530111 0.464084 0.065482 0.036133 0.025966 1.352248
    83 -5.400922 2.822198 0.968757 0.025595 -0.150713 0.560357
    84 -9.643358 -0.421029 0.106431 0.043974 0.024660 1.576349
    85 -3.766350 1.399735 -0.012024 0.008936 0.015428 0.506771
    86 -6.258360 2.479772 -0.342653 -0.063682 -0.112066 0.735080
    87 -8.572339 0.418937 0.067432 0.036593 0.025938 1.365209
    88 -7.095986 1.213811 0.026113 0.026449 0.025150 1.077981
    89 -5.747705 2.159774 -1.269204 -0.121725 -0.115569 0.713351
    90 -7.351171 0.994610 0.036058 0.029811 0.025738 1.174049
    91 -7.915823 0.770521 0.049122 0.032719 0.025983 1.256176
    92 -8.624910 -8.758779 0.158275 -0.023618 -0.044161 -1.670599
    93 -10.697586 5.077851 9.148120 -0.007556 0.406537 0.227109
    94 -2.905879 -8.653268 0.906271 0.127367 0.111900 -1.770441
    95 6.952962 37.444173 -18.980251 0.000000 0.000000 0.000000
    96 0.170270 -9.262669 2.885665 0.000000 0.000000 0.000000
    97 2.207770 1.360609 0.099754 -1.253797 -0.147081 0.354042
    98 -3.636027 -1.459276 -2.625026 -0.267557 0.596465 -0.063415
    99 0.238659 -0.103807 2.518074 0.000000 0.000000 0.000000
    100 0.236503 0.729332 1.174515 0.000000 0.000000 0.000000
    101 4.076344 22.203475 -38.107156 -0.272357 0.052183 0.001488
    102 0.006182 0.042617 0.630946 0.000000 0.000000 0.000000
    103 0.004331 0.048951 0.425774 0.000000 0.000000 0.000000
    104 0.002551 0.054556 0.229012 0.000000 0.000000 0.000000
    105 -0.003177 0.048653 -0.383509 0.000000 0.000000 0.000000
    106 -7.917468 -17.596449 8.317367 0.009487 0.017493 1.571866
    107 -7.923080 -12.240079 8.713215 -1.552244 0.339525 -3.134344
    108 -8.216996 -16.481173 7.306713 -0.017493 0.009486 0.000904
    109 -8.458077 -10.976725 5.004138 0.293094 0.009486 0.000904
    110 0.000000 -0.000000 -0.000000 0.000000 0.000000 0.000000
    111 0.000000 -0.000000 -0.000000 0.000000 0.000000 0.000000
    112 0.000000 -0.000000 -0.000000 0.000000 0.000000 0.000000
    113 0.000000 -0.000000 -0.000000 0.000000 0.000000 0.000000
  time 11
    0 0.000000 0.000000 0.000000 0.000000 0.000000 0.000000
    1 0.000000 500.000000 0.000000 0.000000 -0.000000 0.000000
    2 0.000000 500.000000 0.000000 0.000000 -0.000000 0.000000
    3 0.000000 500.000000 0.000000 0.000000 -0.000000 0.000000
    4 0.000000 500.000000 0.000000 0.000000 -0.000000 0.000000
    5 0.000000 500.000000 0.000000 0.000000 -0.000000 0.000000
    6 0.000000 500.000000 0.000000 0.000000 -0.000000 0.000000
    7 0.000000 500.000000 0.000000 0.000000 -0.000000 0.000000
    8 0.000000 500.000000 0.000000 0.000000 -0.000000 0.000000
    9 0.000000 500.000000 0.000000 0.000000 -0.000000 0.000000
    10 0.000000 500.000000 0.000000 0.000000 -0.000000 0.000000
    11 0.000000 500.000000 0.000000 0.000000 -0.000000 0.000000
    12 0.000000 500.000000 0.000000 0.000000 -0.000000 0.000000
    13 0.000000 500.000000 0.000000 0.000000 -0.000000 0.000000
    14 0.000000 500.000000 0.000000 0.000000 -0.000000 0.000000
    15 0.000000 500.000000 0.000000 0.000000 -0.000000 0.000000
    16 0.000000 500.000000 0.000000 0.000000 -0.000000 0.000000
    17 0.000000 500.000000 0.000000 0.000000 -0.000000 0.000000
    18 0.000000 500.000000 0.000000 0.000000 -0.000000 0.000000
    19 0.000000 500.000000 0.000000 0.000000 -0.000000 0.000000
    20 0.000000 500.000000 0.000000 0.000000 -0.000000 0.000000
    21 0.000000 500.000000 0.000000 0.000000 -0.000000 0.000000
    22 0.000000 500.000000 0.000000 0.000000 -0.000000 0.000000
    23 0.000000 500.000000 0.000000 0.000000 -0.000000 0.000000
    24 0.000000 500.000000 0.000000 0.000000 -0.000000 0.000000
    25 0.000000 500.000000 0.000000 0.000000 -0.000000 0.000000
    26 0.000000 500.000000 0.000000 0.000000 -0.000000 0.000000
    27 0.000000 500.000000 0.000000 0.000000 -0.000000 0.000000
    28 0.000000 500.000000 0.000000 0.000000 -0.000000 0.000000
    29 0.000000 500.000000 0.000000 0.000000 -0.000000 0.000000
    30 0.000000 500.000000 0.000000 0.000000 -0.000000 0.000000
    31 0.000000 500.000000 0.000000 0.000000 -0.000000 0.000000
    32 0.000000 500.000000 0.000000 0.000000 -0.000000 0.000000
    33 0.000000 500.000000 0.000000 0.000000 -0.000000 0.000000
    34 0.000000 500.000000 0.000000 0.000000 -0.000000 0.000000
    35 0.000000 500.000000 0.000000 0.000000 -0.000000 0.000000
    36 0.000000 500.000000 0.000000 0.000000 -0.000000 0.000000
    37 0.000000 500.000000 0.000000 0.000000 -0.000000 0.000000
    38 0.000000 500.000000 0.000000 0.000000 -0.000000 0.000000
    39 0.000000 500.000000 0.000000 0.000000 -0.000000 0.000000
    40 0.000000 500.000000 0.000000 0.000000 -0.000000 0.000000
    41 0.000000 500.000000 0.000000 0.000000 -0.000000 0.000000
    42 0.000000 500.000000 0.000000 0.000000 -0.000000 0.000000
    43 0.000000 500.000000 0.000000 0.000000 -0.000000 0.000000
    44 0.000000 500.000000 0.000000 0.000000 -0.000000 0.000000
    45 0.000000 500.000000 0.000000 0.000000 -0.000000 0.000000
    46 0.000000 500.000000 0.000000 0.000000 -0.000000 0.000000
    47 0.000000 500.000000 0.000000 0.000000 -0.000000 0.000000
    48 -5.576531 2.021734 -20.516889 0.034313 0.004975 1.569514
    49 0.480041 0.245986 0.685093 -0.005882 1.526905 -1.618466
    50 -4.641474 0.174681 0.038313 0.000012 0.000029 0.000795
    51 -4.393184 0.042116 0.040471 -0.000000 -0.000000 -0.000000
    52 -9.748773 1.097162 0.055417 0.000016 0.000059 0.001711
    53 3.040852 -13.026022 5.842538 1.128729 0.654396 -2.269925
    54 -6.346478 -11.206327 6.808705 0.410847 -1.013421 -2.183839
    55 -6.806723 -6.500958 0.287675 0.013027 -0.038061 -1.202628
    56 -6.236001 -3.515870 10.565118 2.540207 0.172606 0.284962
    57 1.557132 -8.424387 0.232308 -1.213621 -0.478482 -0.087606
    58 -1.786540 0.308560 0.006473 0.000842 0.002625 0.077525
    59 -1.180479 0.226796 0.003492 0.000594 0.001921 0.056533
    60 -1.617024 -0.547709 -0.754764 -0.244311 -0.260638 0.007932
    61 -5.607236 1.531876 0.001012 0.018117 0.022146 0.828173
    62 -4.794851 1.549590 -0.007347 0.013844 0.019577 0.687808
    63 -6.596516 2.860080 0.339655 0.113041 -0.010478 0.633316
    64 -4.122210 1.458595 -0.010646 0.010154 0.016605 0.554431
    65 -4.573040 1.531267 -0.008836 0.012585 0.018653 0.643870
    66 -6.645569 2.940114 1.321940 0.205535 0.053813 0.580153
    67 -4.668783 1.543299 -0.008332 0.013331 0.019212 0.670097
    68 -5.498457 1.543711 -0.000432 0.017343 0.021740 0.803593
    69 -7.729378 3.432155 3.180968 0.491881 0.184756 0.657363
    70 -5.032242 1.551232 -0.005137 0.016347 0.021180 0.771437
    71 -4.626551 1.546626 -0.008850 0.013664 0.019450 0.681603
    72 -5.633042 -6.009617 1.884620 0.330966 -0.040008 -1.205945
    73 -7.683895 -8.741018 5.991345 0.177366 -1.380541 2.992474
    74 -9.397267 0.085118 -1.280592 -0.337459 1.119065 -0.800076
    75 -8.376633 -8.778112 0.380673 0.028192 -0.044566 -1.671148
    76 -6.865083 -9.800907 2.328805 -1.736430 -0.186818 -0.024642
    77 0.338370 -3.144785 12.118679 2.573181 0.131688 0.533423
    78 -4.354403 1.459486 -0.008461 0.010130 0.016584 0.553537
    79 -3.627951 1.410715 -0.013721 0.009170 0.015664 0.516136
    80 -1.830637 1.231441 2.816201 0.243480 -0.132721 -0.126835
    81 -8.033456 0.765452 0.050418 0.032790 0.025986 1.258171
    82 -8.591904 0.419845 0.067587 0.036585 0.025939 1.364996
    83 -5.400918 2.822197 0.968756 0.025595 -0.150713 0.560356
    84 -9.643358 -0.421030 0.106430 0.043974 0.024660 1.576349
    85 -3.766350 1.399735 -0.012024 0.008936 0.015428 0.506771
    86 -6.258360 2.479772 -0.342654 -0.063682 -0.112066 0.735080
    87 -8.572336 0.418939 0.067432 0.036593 0.025938 1.365209
    88 -7.095986 1.213811 0.026113 0.026449 0.025150 1.077981
    89 -5.747705 2.159774 -1.269204 -0.121725 -0.115569 0.713351
    90 -7.351171 0.994610 0.036058 0.029811 0.025738 1.174049
    91 -7.915823 0.770521 0.049122 0.032719 0.025983 1.256176
    92 -8.632842 -8.758434 0.151815 -0.025170 -0.044149 -1.670653
    93 -10.630132 5.080322 9.159518 -0.010135 0.394994 0.226878
    94 -2.905879 -8.653268 0.906271 0.127367 0.111900 -1.770441
    95 6.952962 37.444174 -18.980249 0.000000 0.000000 0.000000
    96 0.170270 -9.262669 2.885666 0.000000 0.000000 0.000000
    97 2.177551 1.741423 -0.030024 -1.180930 -0.166323 0.344647
    98 -3.580130 -1.260769 -2.540645 -0.232712 0.593329 -0.051588
    99 0.234275 -0.686670 2.538086 0.000000 0.000000 0.000000
    100 0.236503 0.729332 1.174515 0.000000 0.000000 0.000000
    101 4.052688 22.240950 -37.690939 -0.262272 0.052450 0.002386
    102 0.006183 0.042617 0.630945 0.000000 0.000000 0.000000
    103 0.004331 0.048951 0.425774 0.000000 0.000000 0.000000
    104 0.002551 0.054556 0.229012 0.000000 0.000000 0.000000
    105 -0.003177 0.048654 -0.383509 0.000000 0.000000 0.000000
    106 -7.917468 -17.596449 8.317367 0.009487 0.017493 1.571866
    107 -7.923080 -12.240079 8.713215 -1.552244 0.339525 -3.134344
    108 -8.216996 -16.481173 7.306713 -0.017493 0.009486 0.000904
    109 -8.458077 -10.976725 5.004138 0.293094 0.009486 0.000904
    110 0.000000 0.000000 0.000000 0.000000 0.000000 0.000000
    111 0.000000 0.000000 0.000000 0.000000 0.000000 0.000000
    112 0.000000 0.000000 0.000000 0.000000 0.000000 0.000000
    113 0.000000 0.000000 0.000000 0.000000 0.000000 0.000000
  time 12
    0 0.000000 0.000000 0.000000 0.000000 0.000000 0.000000
    1 0.000000 500.000000 0.000000 0.000000 -0.000000 0.000000
    2 0.000000 500.000000 0.000000 0.000000 -0.000000 0.000000
    3 0.000000 500.000000 0.000000 0.000000 -0.000000 0.000000
    4 0.000000 500.000000 0.000000 0.000000 -0.000000 0.000000
    5 0.000000 500.000000 0.000000 0.000000 -0.000000 0.000000
    6 0.000000 500.000000 0.000000 0.000000 -0.000000 0.000000
    7 0.000000 500.000000 0.000000 0.000000 -0.000000 0.000000
    8 0.000000 500.000000 0.000000 0.000000 -0.000000 0.000000
    9 0.000000 500.000000 0.000000 0.000000 -0.000000 0.000000
    10 0.000000 500.000000 0.000000 0.000000 -0.000000 0.000000
    11 0.000000 500.000000 0.000000 0.000000 -0.000000 0.000000
    12 0.000000 500.000000 0.000000 0.000000 -0.000000 0.000000
    13 0.000000 500.000000 0.000000 0.000000 -0.000000 0.000000
    14 0.000000 500.000000 0.000000 0.000000 -0.000000 0.000000
    15 0.000000 500.000000 0.000000 0.000000 -0.000000 0.000000
    16 0.000000 500.000000 0.000000 0.000000 -0.000000 0.000000
    17 0.000000 500.000000 0.000000 0.000000 -0.000000 0.000000
    18 0.000000 500.000000 0.000000 0.000000 -0.000000 0.000000
    19 0.000000 500.000000 0.000000 0.000000 -0.000000 0.000000
    20 0.000000 500.000000 0.000000 0.000000 -0.000000 0.000000
    21 0.000000 500.000000 0.000000 0.000000 -0.000000 0.000000
    22 0.000000 500.000000 0.000000 0.000000 -0.000000 0.000000
    23 0.000000 500.000000 0.000000 0.000000 -0.000000 0.000000
    24 0.000000 500.000000 0.000000 0.000000 -0.000000 0.000000
    25 0.000000 500.000000 0.000000 0.000000 -0.000000 0.000000
    26 0.000000 500.000000 0.000000 0.000000 -0.000000 0.000000
    27 0.000000 500.000000 0.000000 0.000000 -0.000000 0.000000
    28 0.000000 500.000000 0.000000 0.000000 -0.000000 0.000000
    29 0.000000 500.000000 0.000000 0.000000 -0.000000 0.000000
    30 0.000000 500.000000 0.000000 0.000000 -0.000000 0.000000
    31 0.000000 500.000000 0.000000 0.000000 -0.000000 0.000000
    32 0.000000 500.000000 0.000000 0.000000 -0.000000 0.000000
    33 0.000000 500.000000 0.000000 0.000000 -0.000000 0.000000
    34 0.000000 500.000000 0.000000 0.000000 -0.000000 0.000000
    35 0.000000 500.000000 0.000000 0.000000 -0.000000 0.000000
    36 0.000000 500.000000 0.000000 0.000000 -0.000000 0.000000
    37 0.000000 500.000000 0.000000 0.000000 -0.000000 0.000000
    38 0.000000 500.000000 0.000000 0.000000 -0.000000 0.000000
    39 0.000000 500.000000 0.000000 0.000000 -0.000000 0.000000
    40 0.000000 500.000000 0.000000 0.000000 -0.000000 0.000000
    41 0.000000 500.000000 0.000000 0.000000 -0.000000 0.000000
    42 0.000000 500.000000 0.000000 0.000000 -0.000000 0.000000
    43 0.000000 500.000000 0.000000 0.000000 -0.000000 0.000000
    44 0.000000 500.000000 0.000000 0.000000 -0.000000 0.000000
    45 0.000000 500.000000 0.000000 0.000000 -0.000000 0.000000
    46 0.000000 500.000000 0.000000 0.000000 -0.000000 0.000000
    47 0.000000 500.000000 0.000000 0.000000 -0.000000 0.000000
    48 -5.579328 1.704459 -20.438065 0.034326 0.006705 1.569515
    49 0.480041 0.245986 0.685093 -0.005882 1.526905 -1.618466
    50 -4.641473 0.174681 0.038313 0.000012 0.000029 0.000795
    51 -4.393185 0.042116 0.040471 0.000000 -0.000000 -0.000000
    52 -9.748773 1.097162 0.055418 0.000016 0.000059 0.001711
    53 3.040852 -13.026022 5.842538 1.128729 0.654396 -2.269925
    54 -6.343331 -11.205517 6.808002 0.409136 -1.014452 -2.182299
    55 -6.809803 -6.508899 0.287977 0.013068 -0.038092 -1.204057
    56 -6.239607 -3.522619 10.569136 2.548464 0.170526 0.294460
    57 1.557132 -8.424387 0.232307 -1.213621 -0.478482 -0.087606
    58 -1.775279 0.299810 0.006665 0.000813 0.002545 0.075135
    59 -1.143905 0.196960 0.004165 0.000504 0.001654 0.048625
    60 -1.617024 -0.547709 -0.754764 -0.244311 -0.260638 0.007932
    61 -5.607236 1.531876 0.001012 0.018117 0.022146 0.828173
    62 -4.794851 1.549590 -0.007347 0.013844 0.019577 0.687808
    63 -6.596516 2.860080 0.339655 0.113041 -0.010478 0.633316
    64 -4.122210 1.458595 -0.010646 0.010154 0.016605 0.554431
    65 -4.573040 1.531267 -0.008835 0.012585 0.018653 0.643870
    66 -6.645570 2.940114 1.321939 0.205535 0.053813 0.580153
    67 -4.668783 1.543299 -0.008332 0.013331 0.019212 0.670097
    68 -5.498457 1.543711 -0.000432 0.017343 0.021740 0.803593
    69 -7.729378 3.432155 3.180968 0.491881 0.184756 0.657363
    70 -5.032242 1.551232 -0.005137 0.016347 0.021180 0.771437
    71 -4.626550 1.546626 -0.008850 0.013664 0.019450 0.681603
    72 -5.627077 -6.015555 1.901296 0.333911 -0.040051 -1.207408
    73 -7.683894 -8.741018 5.991345 0.177366 -1.380541 2.992474
    74 -9.397282 0.084493 -1.281025 -0.337625 1.118995 -0.800226
    75 -8.376936 -8.778385 0.380685 0.028194 -0.044566 -1.671217
    76 -6.808534 -9.764480 2.346678 -1.741115 -0.185167 -0.012848
    77 0.338370 -3.144785 12.118679 2.573181 0.131688 0.533423
    78 -4.354403 1.459486 -0.008461 0.010130 0.016584 0.553537
    79 -3.627951 1.410715 -0.013721 0.009170 0.015664 0.516136
    80 -1.830635 1.231441 2.816203 0.243480 -0.132722 -0.126835
    81 -8.016843 0.774949 0.049934 0.032676 0.025981 1.254962
    82 -8.653131 0.374820 0.069714 0.037037 0.025906 1.377745
    83 -5.400915 2.822196 0.968756 0.025595 -0.150713 0.560356
    84 -9.643357 -0.421030 0.106430 0.043974 0.024660 1.576349
    85 -3.766350 1.399735 -0.012024 0.008936 0.015428 0.506771
    86 -6.258360 2.479772 -0.342654 -0.063682 -0.112066 0.735080
    87 -8.572334 0.418941 0.067432 0.036592 0.025938 1.365208
    88 -7.095986 1.213811 0.026113 0.026449 0.025150 1.077981
    89 -5.747705 2.159774 -1.269205 -0.121725 -0.115569 0.713351
    90 -7.351171 0.994610 0.036059 0.029811 0.025738 1.174049
    91 -7.915823 0.770521 0.049122 0.032719 0.025983 1.256176
    92 -8.640783 -8.758087 0.145366 -0.026722 -0.044137 -1.670707
    93 -10.562801 5.082843 9.171716 -0.012699 0.383450 0.226681
    94 -2.905879 -8.653268 0.906271 0.127367 0.111900 -1.770441
    95 6.952961 37.444175 -18.980246 -0.000000 -0.000000 -0.000000
    96 0.170270 -9.262669 2.885667 -0.000000 -0.000000 -0.000000
    97 2.145812 2.130743 -0.131009 -1.107638 -0.184836 0.333821
    98 -3.523133 -1.065197 -2.450352 -0.197992 0.589855 -0.039926
    99 0.229892 -1.269533 2.558097 -0.000000 -0.000000 -0.000000
    100 0.236503 0.729332 1.174515 -0.000000 -0.000000 -0.000000
    101 4.029018 22.278147 -37.274099 -0.252185 0.052707 0.003286
    102 0.006183 0.042617 0.630944 -0.000000 0.000000 0.000000
    103 0.004331 0.048951 0.425774 -0.000000 0.000000 0.000000
    104 0.002551 0.054555 0.229012 -0.000000 0.000000 0.000000
    105 -0.003177 0.048654 -0.383508 -0.000000 0.000000 0.000000
    106 -7.917468 -17.596449 8.317367 0.009487 0.017493 1.571866
    107 -7.923080 -12.240079 8.713215 -1.552244 0.339525 -3.134344
    108 -8.216996 -16.481173 7.306713 -0.017493 0.009486 0.000904
    109 -8.458077 -10.976725 5.004138 0.293094 0.009486 0.000904
    110 -0.000000 -0.000000 -0.000000 -0.000000 -0.000000 -0.000000
    111 -0.000000 -0.000000 -0.000000 -0.000000 -0.000000 -0.000000
    112 -0.000000 -0.000000 -0.000000 -0.000000 -0.000000 -0.000000
    113 -0.000000 -0.000000 -0.000000 -0.000000 -0.000000 -0.000000
  time 13
    0 0.000000 0.000000 0.000000 0.000000 0.000000 0.000000
    1 0.000000 500.000000 0.000000 0.000000 -0.000000 0.000000
    2 0.000000 500.000000 0.000000 0.000000 -0.000000 0.000000
    3 0.000000 500.000000 0.000000 0.000000 -0.000000 0.000000
    4 0.000000 500.000000 0.000000 0.000000 -0.000000 0.000000
    5 0.000000 500.000000 0.000000 0.000000 -0.000000 0.000000
    6 0.000000 500.000000 0.000000 0.000000 -0.000000 0.000000
    7 0.000000 500.000000 0.000000 0.000000 -0.000000 0.000000
    8 0.000000 500.000000 0.000000 0.000000 -0.000000 0.000000
    9 0.000000 500.000000 0.000000 0.000000 -0.000000 0.000000
    10 0.000000 500.000000 0.000000 0.000000 -0.000000 0.000000
    11 0.000000 500.000000 0.000000 0.000000 -0.000000 0.000000
    12 0.000000 500.000000 0.000000 0.000000 -0.000000 0.000000
    13 0.000000 500.000000 0.000000 0.000000 -0.000000 0.000000
    14 0.000000 500.000000 0.000000 0.000000 -0.000000 0.000000
    15 0.000000 500.000000 0.000000 0.000000 -0.000000 0.000000
    16 0.000000 500.000000 0.000000 0.000000 -0.000000 0.000000
    17 0.000000 500.000000 0.000000 0.000000 -0.000000 0.000000
    18 0.000000 500.000000 0.000000 0.000000 -0.000000 0.000000
    19 0.000000 500.000000 0.000000 0.000000 -0.000000 0.000000
    20 0.000000 500.000000 0.000000 0.000000 -0.000000 0.000000
    21 0.000000 500.000000 0.000000 0.000000 -0.000000 0.000000
    22 0.000000 500.000000 0.000000 0.000000 -0.000000 0.000000
    23 0.000000 500.000000 0.000000 0.000000 -0.000000 0.000000
    24 0.000000 500.000000 0.000000 0.000000 -0.000000 0.000000
    25 0.000000 500.000000 0.000000 0.000000 -0.000000 0.000000
    26 0.000000 500.000000 0.000000 0.000000 -0.000000 0.000000
    27 0.000000 500.000000 0.000000 0.000000 -0.000000 0.000000
    28 0.000000 500.000000 0.000000 0.000000 -0.000000 0.000000
    29 0.000000 500.000000 0.000000 0.000000 -0.000000 0.000000
    30 0.000000 500.000000 0.000000 0.000000 -0.000000 0.000000
    31 0.000000 500.000000 0.000000 0.000000 -0.000000 0.000000
    32 0.000000 500.000000 0.000000 0.000000 -0.000000 0.000000
    33 0.000000 500.000000 0.000000 0.000000 -0.000000 0.000000
    34 0.000000 500.000000 0.000000 0.000000 -0.000000 0.000000
    35 0.000000 500.000000 0.000000 0.000000 -0.000000 0.000000
    36 0.000000 500.000000 0.000000 0.000000 -0.000000 0.000000
    37 0.000000 500.000000 0.000000 0.000000 -0.000000 0.000000
    38 0.000000 500.000000 0.000000 0.000000 -0.000000 0.000000
    39 0.000000 500.000000 0.000000 0.000000 -0.000000 0.000000
    40 0.000000 500.000000 0.000000 0.000000 -0.000000 0.000000
    41 0.000000 500.000000 0.000000 0.000000 -0.000000 0.000000
    42 0.000000 500.000000 0.000000 0.000000 -0.000000 0.000000
    43 0.000000 500.000000 0.000000 0.000000 -0.000000 0.000000
    44 0.000000 500.000000 0.000000 0.000000 -0.000000 0.000000
    45 0.000000 500.000000 0.000000 0.000000 -0.000000 0.000000
    46 0.000000 500.000000 0.000000 0.000000 -0.000000 0.000000
    47 0.000000 500.000000 0.000000 0.000000 -0.000000 0.000000
    48 -5.582125 1.387172 -20.359227 0.034339 0.008436 1.569515
    49 0.480041 0.245986 0.685093 -0.005882 1.526905 -1.618466
    50 -4.641472 0.174681 0.038313 0.000012 0.000029 0.000795
    51 -4.393185 0.042116 0.040471 0.000000 -0.000000 -0.000000
    52 -9.748773 1.097161 0.055418 0.000016 0.000059 0.001711
    53 3.040852 -13.026021 5.842538 1.128729 0.654396 -2.269925
    54 -6.340186 -11.204706 6.807294 0.407418 -1.015482 -2.180753
    55 -6.812894 -6.516835 0.288278 0.013109 -0.038122 -1.205487
    56 -6.243157 -3.529430 10.573098 2.556698 0.168370 0.303937
    57 1.557132 -8.424387 0.232306 -1.213621 -0.478482 -0.087606
    58 -1.764038 0.291033 0.006859 0.000784 0.002465 0.072746
    59 -1.107569 0.166837 0.004851 0.000417 0.001387 0.040717
    60 -1.617024 -0.547708 -0.754764 -0.244311 -0.260638 0.007932
    61 -5.607236 1.531876 0.001012 0.018117 0.022146 0.828173
    62 -4.794851 1.549590 -0.007346 0.013844 0.019577 0.687808
    63 -6.596516 2.860080 0.339655 0.113041 -0.010478 0.633316
    64 -4.122210 1.458595 -0.010646 0.010154 0.016605 0.554431
    65 -4.573040 1.531267 -0.008835 0.012585 0.018653 0.643870
    66 -6.645570 2.940114 1.321939 0.205535 0.053813 0.580153
    67 -4.668784 1.543299 -0.008333 0.013331 0.019212 0.670097
    68 -5.498457 1.543711 -0.000432 0.017343 0.021740 0.803593
    69 -7.729378 3.432156 3.180968 0.491881 0.184756 0.657363
    70 -5.032242 1.551232 -0.005137 0.016347 0.021180 0.771437
    71 -4.626550 1.546626 -0.008850 0.013664 0.019450 0.681603
    72 -5.621166 -6.021518 1.917982 0.336856 -0.040090 -1.208871
    73 -7.683893 -8.741017 5.991345 0.177366 -1.380541 2.992474
    74 -9.397298 0.083867 -1.281458 -0.337791 1.118924 -0.800375
    75 -8.377238 -8.778657 0.380697 0.028197 -0.044567 -1.671285
    76 -6.752358 -9.727356 2.364285 -1.745778 -0.183462 -0.001066
    77 0.338370 -3.144785 12.118679 2.573181 0.131688 0.533423
    78 -4.354403 1.459486 -0.008461 0.010130 0.016584 0.553537
    79 -3.627951 1.410715 -0.013721 0.009170 0.015664 0.516136
    80 -1.830633 1.231440 2.816205 0.243480 -0.132722 -0.126835
    81 -8.000200 0.784391 0.049452 0.032562 0.025976 1.251752
    82 -8.713777 0.329021 0.071862 0.037488 0.025868 1.390493
    83 -5.400911 2.822195 0.968756 0.025595 -0.150713 0.560355
    84 -9.643356 -0.421030 0.106429 0.043974 0.024660 1.576349
    85 -3.766350 1.399735 -0.012024 0.008936 0.015428 0.506771
    86 -6.258360 2.479772 -0.342655 -0.063682 -0.112066 0.735080
    87 -8.572332 0.418942 0.067432 0.036592 0.025938 1.365208
    88 -7.095986 1.213811 0.026113 0.026449 0.025150 1.077981
    89 -5.747705 2.159774 -1.269205 -0.121725 -0.115569 0.713351
    90 -7.351171 0.994610 0.036059 0.029811 0.025738 1.174049
    91 -7.915823 0.770521 0.049122 0.032719 0.025983 1.256176
    92 -8.648735 -8.757738 0.138931 -0.028274 -0.044125 -1.670761
    93 -10.495607 5.085413 9.184712 -0.015248 0.371905 0.226517
    94 -2.905879 -8.653268 0.906271 0.127367 0.111900 -1.770441
    95 6.952961 37.444177 -18.980244 -0.000000 0.000000 0.000000
    96 0.170270 -9.262669 2.885667 -0.000000 0.000000 0.000000
    97 2.112727 2.526406 -0.202640 -1.033884 -0.202516 0.321602
    98 -3.465088 -0.872737 -2.354229 -0.163407 0.586048 -0.028443
    99 0.225508 -1.852397 2.578109 -0.000000 0.000000 0.000000
    100 0.236503 0.729332 1.174515 -0.000000 0.000000 0.000000
    101 4.005333 22.315057 -36.856639 -0.242099 0.052955 0.004189
    102 0.006184 0.042617 0.630944 -0.000000 0.000000 0.000000
    103 0.004331 0.048951 0.425774 -0.000000 0.000000 0.000000
    104 0.002551 0.054554 0.229012 -0.000000 0.000000 0.000000
    105 -0.003177 0.048655 -0.383508 -0.000000 0.000000 0.000000
    106 -7.917468 -17.596449 8.317367 0.009487 0.017493 1.571866
    107 -7.923080 -12.240079 8.713215 -1.552244 0.339525 -3.134344
    108 -8.216996 -16.481173 7.306713 -0.017493 0.009486 0.000904
    109 -8.458077 -10.976725 5.004138 0.293094 0.009486 0.000904
    110 0.000000 0.000000 0.000000 -0.000000 0.000000 0.000000
    111 0.000000 0.000000 0.000000 -0.000000 0.000000 0.000000
    112 0.000000 0.000000 0.000000 -0.000000 0.000000 0.000000
    113 0.000000 0.000000 0.000000 -0.000000 0.000000 0.000000
  time 14
    0 0.000000 0.000000 0.000000 0.000000 0.000000 0.000000
    1 0.000000 500.000000 0.000000 0.000000 -0.000000 0.000000
    2 0.000000 500.000000 0.000000 0.000000 -0.000000 0.000000
    3 0.000000 500.000000 0.000000 0.000000 -0.000000 0.000000
    4 0.000000 500.000000 0.000000 0.000000 -0.000000 0.000000
    5 0.000000 500.000000 0.000000 0.000000 -0.000000 0.000000
    6 0.000000 500.000000 0.000000 0.000000 -0.000000 0.000000
    7 0.000000 500.000000 0.000000 0.000000 -0.000000 0.000000
    8 0.000000 500.000000 0.000000 0.000000 -0.000000 0.000000
    9 0.000000 500.000000 0.000000 0.000000 -0.000000 0.000000
    10 0.000000 500.000000 0.000000 0.000000 -0.000000 0.000000
    11 0.000000 500.000000 0.000000 0.000000 -0.000000 0.000000
    12 0.000000 500.000000 0.000000 0.000000 -0.000000 0.000000
    13 0.000000 500.000000 0.000000 0.000000 -0.000000 0.000000
    14 0.000000 500.000000 0.000000 0.000000 -0.000000 0.000000
    15 0.000000 500.000000 0.000000 0.000000 -0.000000 0.000000
    16 0.000000 500.000000 0.000000 0.000000 -0.000000 0.000000
    17 0.000000 500.000000 0.000000 0.000000 -0.000000 0.000000
    18 0.000000 500.000000 0.000000 0.000000 -0.000000 0.000000
    19 0.000000 500.000000 0.000000 0.000000 -0.000000 0.000000
    20 0.000000 500.000000 0.000000 0.000000 -0.000000 0.000000
    21 0.000000 500.000000 0.000000 0.000000 -0.000000 0.000000
    22 0.000000 500.000000 0.000000 0.000000 -0.000000 0.000000
    23 0.000000 500.000000 0.000000 0.000000 -0.000000 0.000000
    24 0.000000 500.000000 0.000000 0.000000 -0.000000 0.000000
    25 0.000000 500.000000 0.000000 0.000000 -0.000000 0.000000
    26 0.000000 500.000000 0.000000 0.000000 -0.000000 0.000000
    27 0.000000 500.000000 0.000000 0.000000 -0.000000 0.000000
    28 0.000000 500.000000 0.000000 0.000000 -0.000000 0.000000
    29 0.000000 500.000000 0.000000 0.000000 -0.000000 0.000000
    30 0.000000 500.000000 0.000000 0.000000 -0.000000 0.000000
    31 0.000000 500.000000 0.000000 0.000000 -0.000000 0.000000
    32 0.000000 500.000000 0.000000 0.000000 -0.000000 0.000000
    33 0.000000 500.000000 0.000000 0.000000 -0.000000 0.000000
    34 0.000000 500.000000 0.000000 0.000000 -0.000000 0.000000
    35 0.000000 500.000000 0.000000 0.000000 -0.000000 0.000000
    36 0.000000 500.000000 0.000000 0.000000 -0.000000 0.000000
    37 0.000000 500.000000 0.000000 0.000000 -0.000000 0.000000
    38 0.000000 500.000000 0.000000 0.000000 -0.000000 0.000000
    39 0.000000 500.000000 0.000000 0.000000 -0.000000 0.000000
    40 0.000000 500.000000 0.000000 0.000000 -0.000000 0.000000
    41 0.000000 500.000000 0.000000 0.000000 -0.000000 0.000000
    42 0.000000 500.000000 0.000000 0.000000 -0.000000 0.000000
    43 0.000000 500.000000 0.000000 0.000000 -0.000000 0.000000
    44 0.000000 500.000000 0.000000 0.000000 -0.000000 0.000000
    45 0.000000 500.000000 0.000000 0.000000 -0.000000 0.000000
    46 0.000000 500.000000 0.000000 0.000000 -0.000000 0.000000
    47 0.000000 500.000000 0.000000 0.000000 -0.000000 0.000000
    48 -5.584224 1.148676 -20.303522 0.034332 0.007466 1.569515
    49 0.480041 0.245986 0.685093 -0.005882 1.526905 -1.618466
    50 -4.641472 0.174681 0.038313 0.000012 0.000029 0.000795
    51 -4.393185 0.042117 0.040471 -0.000000 -0.000000 -0.000000
    52 -9.748773 1.097161 0.055419 0.000016 0.000059 0.001711
    53 3.040852 -13.026021 5.842538 1.128729 0.654396 -2.269925
    54 -6.333665 -11.203179 6.805246 0.404144 -1.017276 -2.177701
    55 -6.819806 -6.534456 0.288948 0.013199 -0.038189 -1.208663
    56 -6.264896 -3.532680 10.592699 2.572124 0.161619 0.324550
    57 1.557132 -8.424387 0.232307 -1.213621 -0.478482 -0.087606
    58 -1.755116 0.284035 0.007013 0.000761 0.002401 0.070846
    59 -1.078849 0.142680 0.005404 0.000349 0.001174 0.034429
    60 -1.617024 -0.547708 -0.754764 -0.244311 -0.260638 0.007932
    61 -5.607236 1.531876 0.001012 0.018117 0.022146 0.828173
    62 -4.794851 1.549590 -0.007346 0.013844 0.019577 0.687808
    63 -6.596516 2.860080 0.339655 0.113041 -0.010478 0.633316
    64 -4.122210 1.458595 -0.010646 0.010154 0.016605 0.554431
    65 -4.573040 1.531267 -0.008834 0.012585 0.018653 0.643870
    66 -6.645570 2.940114 1.321939 0.205535 0.053813 0.580153
    67 -4.668784 1.543299 -0.008333 0.013331 0.019212 0.670097
    68 -5.498457 1.543711 -0.000432 0.017343 0.021740 0.803593
    69 -7.729378 3.432156 3.180968 0.491881 0.184756 0.657363
    70 -5.032242 1.551232 -0.005137 0.016347 0.021180 0.771437
    71 -4.626550 1.546626 -0.008850 0.013664 0.019450 0.681603
    72 -5.609817 -6.035685 1.952031 0.342825 -0.040206 -1.212114
    73 -7.683893 -8.741017 5.991345 0.177366 -1.380541 2.992474
    74 -9.397309 0.083342 -1.281822 -0.337930 1.118865 -0.800501
    75 -8.377492 -8.778886 0.380707 0.028199 -0.044567 -1.671342
    76 -6.637302 -9.656759 2.418140 -1.757267 -0.181507 0.022800
    77 0.338370 -3.144785 12.118679 2.573181 0.131688 0.533423
    78 -4.354403 1.459486 -0.008461 0.010130 0.016584 0.553537
    79 -3.627948 1.410714 -0.013721 0.009170 0.015664 0.516136
    80 -1.830633 1.231440 2.816204 0.243480 -0.132722 -0.126835
    81 -7.899001 0.840308 0.046571 0.031874 0.025936 1.232358
    82 -8.781082 0.276748 0.074295 0.037994 0.025818 1.404789
    83 -5.400910 2.822195 0.968756 0.025595 -0.150713 0.560355
    84 -9.643356 -0.421030 0.106429 0.043974 0.024660 1.576349
    85 -3.766350 1.399735 -0.012025 0.008936 0.015428 0.506771
    86 -6.258360 2.479772 -0.342655 -0.063682 -0.112066 0.735080
    87 -8.572333 0.418942 0.067432 0.036592 0.025938 1.365208
    88 -7.095986 1.213811 0.026113 0.026449 0.025150 1.077981
    89 -5.747707 2.159775 -1.269205 -0.121725 -0.115569 0.713351
    90 -7.351171 0.994610 0.036059 0.029811 0.025738 1.174049
    91 -7.915823 0.770521 0.049122 0.032719 0.025983 1.256176
    92 -8.667974 -8.756451 0.123027 -0.032120 -0.044094 -1.670784
    93 -10.352642 5.074692 9.201239 -0.023091 0.348565 0.224541
    94 -2.905879 -8.653268 0.906271 0.127367 0.111900 -1.770441
    95 6.952961 37.444177 -18.980245 -0.000000 -0.000000 0.000000
    96 0.170270 -9.262669 2.885668 -0.000000 -0.000000 0.000000
    97 2.083667 3.308625 -0.216455 -0.901172 -0.239137 0.306854
    98 -3.376924 -0.521049 -2.160342 -0.099104 0.580994 -0.006503
    99 0.224193 -2.027256 2.584113 -0.000000 -0.000000 0.000000
    100 0.236503 0.729332 1.174515 -0.000000 -0.000000 0.000000
    101 4.063780 22.830173 -35.942567 -0.216704 0.050859 0.005467
    102 0.006184 0.042617 0.630944 0.000000 0.000000 0.000000
    103 0.004331 0.048951 0.425774 0.000000 0.000000 0.000000
    104 0.002551 0.054555 0.229012 0.000000 0.000000 0.000000
    105 -0.003176 0.048655 -0.383507 0.000000 0.000000 0.000000
    106 -7.917468 -17.596449 8.317367 0.009487 0.017493 1.571866
    107 -7.923080 -12.240079 8.713215 -1.552244 0.339525 -3.134344
    108 -8.216996 -16.481173 7.306713 -0.017493 0.009486 0.000904
    109 -8.458077 -10.976725 5.004138 0.293094 0.009486 0.000904
    110 0.000000 -0.000000 0.000000 -0.000000 -0.000000 0.000000
    111 0.000000 -0.000000 0.000000 -0.000000 -0.000000 0.000000
    112 0.000000 -0.000000 0.000000 -0.000000 -0.000000 0.000000
    113 0.000000 -0.000000 0.000000 -0.000000 -0.000000 0.000000
  time 15
    0 0.000000 0.000000 0.000000 0.000000 0.000000 0.000000
    1 0.000000 500.000000 0.000000 0.000000 -0.000000 0.000000
    2 0.000000 500.000000 0.000000 0.000000 -0.000000 0.000000
    3 0.000000 500.000000 0.000000 0.000000 -0.000000 0.000000
    4 0.000000 500.000000 0.000000 0.000000 -0.000000 0.000000
    5 0.000000 500.000000 0.000000 0.000000 -0.000000 0.000000
    6 0.000000 500.000000 0.000000 0.000000 -0.000000 0.000000
    7 0.000000 500.000000 0.000000 0.000000 -0.000000 0.000000
    8 0.000000 500.000000 0.000000 0.000000 -0.000000 0.000000
    9 0.000000 500.000000 0.000000 0.000000 -0.000000 0.000000
    10 0.000000 500.000000 0.000000 0.000000 -0.000000 0.000000
    11 0.000000 500.000000 0.000000 0.000000 -0.000000 0.000000
    12 0.000000 500.000000 0.000000 0.000000 -0.000000 0.000000
    13 0.000000 500.000000 0.000000 0.000000 -0.000000 0.000000
    14 0.000000 500.000000 0.000000 0.000000 -0.000000 0.000000
    15 0.000000 500.000000 0.000000 0.000000 -0.000000 0.000000
    16 0.000000 500.000000 0.000000 0.000000 -0.000000 0.000000
    17 0.000000 500.000000 0.000000 0.000000 -0.000000 0.000000
    18 0.000000 500.000000 0.000000 0.000000 -0.000000 0.000000
    19 0.000000 500.000000 0.000000 0.000000 -0.000000 0.000000
    20 0.000000 500.000000 0.000000 0.000000 -0.000000 0.000000
    21 0.000000 500.000000 0.000000 0.000000 -0.000000 0.000000
    22 0.000000 500.000000 0.000000 0.000000 -0.000000 0.000000
    23 0.000000 500.000000 0.000000 0.000000 -0.000000 0.000000
    24 0.000000 500.000000 0.000000 0.000000 -0.000000 0.000000
    25 0.000000 500.000000 0.000000 0.000000 -0.000000 0.000000
    26 0.000000 500.000000 0.000000 0.000000 -0.000000 0.000000
    27 0.000000 500.000000 0.000000 0.000000 -0.000000 0.000000
    28 0.000000 500.000000 0.000000 0.000000 -0.000000 0.000000
    29 0.000000 500.000000 0.000000 0.000000 -0.000000 0.000000
    30 0.000000 500.000000 0.000000 0.000000 -0.000000 0.000000
    31 0.000000 500.000000 0.000000 0.000000 -0.000000 0.000000
    32 0.000000 500.000000 0.000000 0.000000 -0.000000 0.000000
    33 0.000000 500.000000 0.000000 0.000000 -0.000000 0.000000
    34 0.000000 500.000000 0.000000 0.000000 -0.000000 0.000000
    35 0.000000 500.000000 0.000000 0.000000 -0.000000 0.000000
    36 0.000000 500.000000 0.000000 0.000000 -0.000000 0.000000
    37 0.000000 500.000000 0.000000 0.000000 -0.000000 0.000000
    38 0.000000 500.000000 0.000000 0.000000 -0.000000 0.000000
    39 0.000000 500.000000 0.000000 0.000000 -0.000000 0.000000
    40 0.000000 500.000000 0.000000 0.000000 -0.000000 0.000000
    41 0.000000 500.000000 0.000000 0.000000 -0.000000 0.000000
    42 0.000000 500.000000 0.000000 0.000000 -0.000000 0.000000
    43 0.000000 500.000000 0.000000 0.000000 -0.000000 0.000000
    44 0.000000 500.000000 0.000000 0.000000 -0.000000 0.000000
    45 0.000000 500.000000 0.000000 0.000000 -0.000000 0.000000
    46 0.000000 500.000000 0.000000 0.000000 -0.000000 0.000000
    47 0.000000 500.000000 0.000000 0.000000 -0.000000 0.000000
    48 -5.586024 0.943937 -20.257716 0.034315 0.005339 1.569514
    49 0.480041 0.245986 0.685093 -0.005882 1.526905 -1.618466
    50 -4.641472 0.174681 0.038313 0.000012 0.000029 0.000795
    51 -4.393184 0.042117 0.040471 -0.000000 0.000000 0.000000
    52 -9.748773 1.097161 0.055419 0.000016 0.000059 0.001711
    53 3.040852 -13.026021 5.842538 1.128729 0.654396 -2.269925
    54 -6.325705 -11.201344 6.802604 0.400181 -1.019392 -2.173981
    55 -6.828425 -6.556201 0.289775 0.013312 -0.038271 -1.212589
    56 -6.294460 -3.535396 10.618914 2.590423 0.152530 0.349770
    57 1.557132 -8.424386 0.232307 -1.213621 -0.478482 -0.087606
    58 -1.747189 0.277796 0.007151 0.000741 0.002345 0.069156
    59 -1.053428 0.121040 0.005903 0.000289 0.000984 0.028835
    60 -1.617024 -0.547708 -0.754765 -0.244311 -0.260638 0.007932
    61 -5.607236 1.531876 0.001013 0.018117 0.022146 0.828173
    62 -4.794851 1.549590 -0.007347 0.013844 0.019577 0.687808
    63 -6.596516 2.860080 0.339655 0.113041 -0.010478 0.633316
    64 -4.122211 1.458595 -0.010647 0.010154 0.016605 0.554431
    65 -4.573040 1.531267 -0.008834 0.012585 0.018653 0.643870
    66 -6.645570 2.940115 1.321940 0.205535 0.053813 0.580153
    67 -4.668784 1.543299 -0.008333 0.013331 0.019212 0.670097
    68 -5.498458 1.543711 -0.000432 0.017343 0.021740 0.803593
    69 -7.729378 3.432156 3.180968 0.491881 0.184756 0.657363
    70 -5.032242 1.551232 -0.005137 0.016347 0.021180 0.771437
    71 -4.626551 1.546626 -0.008850 0.013664 0.019450 0.681603
    72 -5.596419 -6.053489 1.993561 0.350089 -0.040331 -1.216121
    73 -7.683893 -8.741017 5.991345 0.177366 -1.380541 2.992474
    74 -9.397320 0.082860 -1.282156 -0.338058 1.118810 -0.800616
    75 -8.377726 -8.779096 0.380716 0.028201 -0.044567 -1.671395
    76 -6.498747 -9.568046 2.486336 -1.771627 -0.179111 0.051809
    77 0.338370 -3.144784 12.118679 2.573181 0.131688 0.533423
    78 -4.354403 1.459486 -0.008461 0.010130 0.016584 0.553537
    79 -3.627945 1.410714 -0.013721 0.009170 0.015664 0.516135
    80 -1.830636 1.231440 2.816202 0.243480 -0.132721 -0.126835
    81 -7.759909 0.913062 0.042751 0.030941 0.025862 1.206029
    82 -8.850708 0.221021 0.076869 0.038522 0.025758 1.419749
    83 -5.400910 2.822194 0.968758 0.025595 -0.150713 0.560355
    84 -9.643356 -0.421030 0.106429 0.043974 0.024660 1.576349
    85 -3.766350 1.399735 -0.012025 0.008936 0.015428 0.506771
    86 -6.258359 2.479772 -0.342655 -0.063682 -0.112066 0.735080
    87 -8.572336 0.418940 0.067432 0.036593 0.025938 1.365208
    88 -7.095986 1.213811 0.026114 0.026449 0.025150 1.077981
    89 -5.747711 2.159775 -1.269205 -0.121725 -0.115569 0.713352
    90 -7.351171 0.994610 0.036058 0.029811 0.025738 1.174049
    91 -7.915823 0.770521 0.049121 0.032719 0.025983 1.256176
    92 -8.692130 -8.754748 0.103162 -0.036950 -0.044054 -1.670793
    93 -10.177638 5.058426 9.223545 -0.033051 0.320147 0.222059
    94 -2.905880 -8.653268 0.906270 0.127367 0.111900 -1.770441
    95 6.952961 37.444177 -18.980247 0.000000 0.000000 0.000000
    96 0.170270 -9.262669 2.885668 0.000000 0.000000 0.000000
    97 2.041289 4.244971 -0.085189 -0.741140 -0.281666 0.285134
    98 -3.271894 -0.115078 -1.903032 -0.022460 0.574067 0.019393
    99 0.224194 -2.027256 2.584113 0.000000 0.000000 0.000000
    100 0.236503 0.729332 1.174515 0.000000 0.000000 0.000000
    101 4.157187 23.547294 -34.810747 -0.184756 0.047722 0.006821
    102 0.006184 0.042617 0.630945 0.000000 -0.000000 -0.000000
    103 0.004332 0.048951 0.425775 0.000000 -0.000000 -0.000000
    104 0.002551 0.054555 0.229013 0.000000 -0.000000 -0.000000
    105 -0.003175 0.048655 -0.383507 0.000000 -0.000000 -0.000000
    106 -7.917468 -17.596449 8.317367 0.009487 0.017493 1.571866
    107 -7.923080 -12.240079 8.713215 -1.552244 0.339525 -3.134344
    108 -8.216996 -16.481173 7.306713 -0.017493 0.009486 0.000904
    109 -8.458077 -10.976725 5.004138 0.293094 0.009486 0.000904
    110 0.000000 -0.000000 -0.000000 0.000000 0.000000 0.000000
    111 0.000000 -0.000000 -0.000000 0.000000 0.000000 0.000000
    112 0.000000 -0.000000 -0.000000 0.000000 0.000000 0.000000
    113 0.000000 -0.000000 -0.000000 0.000000 0.000000 0.000000
  time 16
    0 0.000000 0.000000 0.000000 0.000000 0.000000 0.000000
    1 0.000000 500.000000 0.000000 0.000000 -0.000000 0.000000
    2 0.000000 500.000000 0.000000 0.000000 -0.000000 0.000000
    3 0.000000 500.000000 0.000000 0.000000 -0.000000 0.000000
    4 0.000000 500.000000 0.000000 0.000000 -0.000000 0.000000
    5 0.000000 500.000000 0.000000 0.000000 -0.000000 0.000000
    6 0.000000 500.000000 0.000000 0.000000 -0.000000 0.000000
    7 0.000000 500.000000 0.000000 0.000000 -0.000000 0.000000
    8 0.000000 500.000000 0.000000 0.000000 -0.000000 0.000000
    9 0.000000 500.000000 0.000000 0.000000 -0.000000 0.000000
    10 0.000000 500.000000 0.000000 0.000000 -0.000000 0.000000
    11 0.000000 500.000000 0.000000 0.000000 -0.000000 0.000000
    12 0.000000 500.000000 0.000000 0.000000 -0.000000 0.000000
    13 0.000000 500.000000 0.000000 0.000000 -0.000000 0.000000
    14 0.000000 500.000000 0.000000 0.000000 -0.000000 0.000000
    15 0.000000 500.000000 0.000000 0.000000 -0.000000 0.000000
    16 0.000000 500.000000 0.000000 0.000000 -0.000000 0.000000
    17 0.000000 500.000000 0.000000 0.000000 -0.000000 0.000000
    18 0.000000 500.000000 0.000000 0.000000 -0.000000 0.000000
    19 0.000000 500.000000 0.000000 0.000000 -0.000000 0.000000
    20 0.000000 500.000000 0.000000 0.000000 -0.000000 0.000000
    21 0.000000 500.000000 0.000000 0.000000 -0.000000 0.000000
    22 0.000000 500.000000 0.000000 0.000000 -0.000000 0.000000
    23 0.000000 500.000000 0.000000 0.000000 -0.000000 0.000000
    24 0.000000 500.000000 0.000000 0.000000 -0.000000 0.000000
    25 0.000000 500.000000 0.000000 0.000000 -0.000000 0.000000
    26 0.000000 500.000000 0.000000 0.000000 -0.000000 0.000000
    27 0.000000 500.000000 0.000000 0.000000 -0.000000 0.000000
    28 0.000000 500.000000 0.000000 0.000000 -0.000000 0.000000
    29 0.000000 500.000000 0.000000 0.000000 -0.000000 0.000000
    30 0.000000 500.000000 0.000000 0.000000 -0.000000 0.000000
    31 0.000000 500.000000 0.000000 0.000000 -0.000000 0.000000
    32 0.000000 500.000000 0.000000 0.000000 -0.000000 0.000000
    33 0.000000 500.000000 0.000000 0.000000 -0.000000 0.000000
    34 0.000000 500.000000 0.000000 0.000000 -0.000000 0.000000
    35 0.000000 500.000000 0.000000 0.000000 -0.000000 0.000000
    36 0.000000 500.000000 0.000000 0.000000 -0.000000 0.000000
    37 0.000000 500.000000 0.000000 0.000000 -0.000000 0.000000
    38 0.000000 500.000000 0.000000 0.000000 -0.000000 0.000000
    39 0.000000 500.000000 0.000000 0.000000 -0.000000 0.000000
    40 0.000000 500.000000 0.000000 0.000000 -0.000000 0.000000
    41 0.000000 500.000000 0.000000 0.000000 -0.000000 0.000000
    42 0.000000 500.000000 0.000000 0.000000 -0.000000 0.000000
    43 0.000000 500.000000 0.000000 0.000000 -0.000000 0.000000
    44 0.000000 500.000000 0.000000 0.000000 -0.000000 0.000000
    45 0.000000 500.000000 0.000000 0.000000 -0.000000 0.000000
    46 0.000000 500.000000 0.000000 0.000000 -0.000000 0.000000
    47 0.000000 500.000000 0.000000 0.000000 -0.000000 0.000000
    48 -5.587824 0.739180 -20.211889 0.034299 0.003212 1.569514
    49 0.480041 0.245986 0.685093 -0.005882 1.526905 -1.618466
    50 -4.641473 0.174681 0.038313 0.000012 0.000029 0.000795
    51 -4.393184 0.042118 0.040471 0.000000 0.000000 0.000000
    52 -9.748773 1.097161 0.055419 0.000016 0.000059 0.001711
    53 3.040852 -13.026021 5.842538 1.128729 0.654396 -2.269925
    54 -6.317753 -11.199508 6.799937 0.396188 -1.021499 -2.170231
    55 -6.837130 -6.577913 0.290602 0.013425 -0.038353 -1.216514
    56 -6.324019 -3.539298 10.644987 2.608459 0.142990 0.374783
    57 1.557132 -8.424385 0.232308 -1.213621 -0.478482 -0.087606
    58 -1.739273 0.271543 0.007290 0.000721 0.002288 0.067465
    59 -1.028128 0.099258 0.006408 0.000231 0.000794 0.023242
    60 -1.617024 -0.547708 -0.754765 -0.244311 -0.260638 0.007932
    61 -5.607236 1.531876 0.001013 0.018117 0.022146 0.828173
    62 -4.794851 1.549590 -0.007348 0.013844 0.019577 0.687808
    63 -6.596516 2.860080 0.339655 0.113041 -0.010478 0.633316
    64 -4.122212 1.458595 -0.010647 0.010154 0.016605 0.554431
    65 -4.573040 1.531267 -0.008834 0.012585 0.018653 0.643870
    66 -6.645570 2.940116 1.321940 0.205535 0.053813 0.580153
    67 -4.668784 1.543299 -0.008333 0.013331 0.019212 0.670097
    68 -5.498458 1.543711 -0.000432 0.017343 0.021740 0.803593
    69 -7.729378 3.432156 3.180968 0.491881 0.184756 0.657363
    70 -5.032242 1.551232 -0.005137 0.016347 0.021180 0.771437
    71 -4.626551 1.546626 -0.008850 0.013664 0.019450 0.681603
    72 -5.583373 -6.071443 2.035138 0.357354 -0.040427 -1.220129
    73 -7.683893 -8.741017 5.991345 0.177366 -1.380541 2.992474
    74 -9.397330 0.082377 -1.282490 -0.338185 1.118755 -0.800731
    75 -8.377960 -8.779307 0.380725 0.028202 -0.044568 -1.671448
    76 -6.362472 -9.474742 2.552982 -1.785902 -0.176306 0.080768
    77 0.338370 -3.144783 12.118679 2.573181 0.131688 0.533423
    78 -4.354403 1.459486 -0.008461 0.010130 0.016584 0.553537
    79 -3.627941 1.410713 -0.013721 0.009170 0.015664 0.516134
    80 -1.830638 1.231440 2.816200 0.243480 -0.132721 -0.126835
    81 -7.618949 0.982133 0.039040 0.030010 0.025762 1.179700
    82 -8.919492 0.164260 0.079470 0.039050 0.025690 1.434709
    83 -5.400910 2.822194 0.968759 0.025595 -0.150713 0.560355
    84 -9.643356 -0.421030 0.106429 0.043974 0.024660 1.576349
    85 -3.766350 1.399735 -0.012026 0.008936 0.015428 0.506771
    86 -6.258358 2.479772 -0.342655 -0.063682 -0.112066 0.735080
    87 -8.572339 0.418938 0.067432 0.036593 0.025938 1.365209
    88 -7.095986 1.213811 0.026114 0.026449 0.025150 1.077981
    89 -5.747714 2.159775 -1.269205 -0.121725 -0.115569 0.713352
    90 -7.351171 0.994610 0.036058 0.029811 0.025738 1.174049
    91 -7.915823 0.770521 0.049121 0.032719 0.025983 1.256176
    92 -8.716380 -8.753030 0.083414 -0.041779 -0.044015 -1.670803
    93 -10.003334 5.042367 9.251111 -0.042848 0.291708 0.219895
    94 -2.905880 -8.653268 0.906270 0.127367 0.111900 -1.770441
    95 6.952961 37.444177 -18.980250 0.000000 -0.000000 0.000000
    96 0.170270 -9.262669 2.885668 0.000000 -0.000000 0.000000
    97 1.981843 5.147352 0.193996 -0.578148 -0.320267 0.256284
    98 -3.162295 0.271800 -1.619542 0.053568 0.565506 0.044457
    99 0.224195 -2.027256 2.584113 0.000000 -0.000000 0.000000
    100 0.236503 0.729332 1.174515 0.000000 -0.000000 0.000000
    101 4.250292 24.260690 -33.673048 -0.152817 0.044544 0.008073
    102 0.006184 0.042617 0.630945 -0.000000 -0.000000 -0.000000
    103 0.004332 0.048951 0.425775 -0.000000 -0.000000 -0.000000
    104 0.002551 0.054556 0.229013 -0.000000 -0.000000 -0.000000
    105 -0.003175 0.048655 -0.383506 -0.000000 -0.000000 -0.000000
    106 -7.917468 -17.596449 8.317367 0.009487 0.017493 1.571866
    107 -7.923080 -12.240079 8.713215 -1.552244 0.339525 -3.134344
    108 -8.216996 -16.481173 7.306713 -0.017493 0.009486 0.000904
    109 -8.458077 -10.976725 5.004138 0.293094 0.009486 0.000904
    110 -0.000000 0.000000 0.000000 0.000000 -0.000000 0.000000
    111 -0.000000 0.000000 0.000000 0.000000 -0.000000 0.000000
    112 -0.000000 0.000000 0.000000 0.000000 -0.000000 0.000000
    113 -0.000000 0.000000 0.000000 0.000000 -0.000000 0.000000
  time 17
    0 0.000000 0.000000 0.000000 0.000000 0.000000 0.000000
    1 0.000000 500.000000 0.000000 0.000000 -0.000000 0.000000
    2 0.000000 500.000000 0.000000 0.000000 -0.000000 0.000000
    3 0.000000 500.000000 0.000000 0.000000 -0.000000 0.000000
    4 0.000000 500.000000 0.000000 0.000000 -0.000000 0.000000
    5 0.000000 500.000000 0.000000 0.000000 -0.000000 0.000000
    6 0.000000 500.000000 0.000000 0.000000 -0.000000 0.000000
    7 0.000000 500.000000 0.000000 0.000000 -0.000000 0.000000
    8 0.000000 500.000000 0.000000 0.000000 -0.000000 0.000000
    9 0.000000 500.000000 0.000000 0.000000 -0.000000 0.000000
    10 0.000000 500.000000 0.000000 0.000000 -0.000000 0.000000
    11 0.000000 500.000000 0.000000 0.000000 -0.000000 0.000000
    12 0.000000 500.000000 0.000000 0.000000 -0.000000 0.000000
    13 0.000000 500.000000 0.000000 0.000000 -0.000000 0.000000
    14 0.000000 500.000000 0.000000 0.000000 -0.000000 0.000000
    15 0.000000 500.000000 0.000000 0.000000 -0.000000 0.000000
    16 0.000000 500.000000 0.000000 0.000000 -0.000000 0.000000
    17 0.000000 500.000000 0.000000 0.000000 -0.000000 0.000000
    18 0.000000 500.000000 0.000000 0.000000 -0.000000 0.000000
    19 0.000000 500.000000 0.000000 0.000000 -0.000000 0.000000
    20 0.000000 500.000000 0.000000 0.000000 -0.000000 0.000000
    21 0.000000 500.000000 0.000000 0.000000 -0.000000 0.000000
    22 0.000000 500.000000 0.000000 0.000000 -0.000000 0.000000
    23 0.000000 500.000000 0.000000 0.000000 -0.000000 0.000000
    24 0.000000 500.000000 0.000000 0.000000 -0.000000 0.000000
    25 0.000000 500.000000 0.000000 0.000000 -0.000000 0.000000
    26 0.000000 500.000000 0.000000 0.000000 -0.000000 0.000000
    27 0.000000 500.000000 0.000000 0.000000 -0.000000 0.000000
    28 0.000000 500.000000 0.000000 0.000000 -0.000000 0.000000
    29 0.000000 500.000000 0.000000 0.000000 -0.000000 0.000000
    30 0.000000 500.000000 0.000000 0.000000 -0.000000 0.000000
    31 0.000000 500.000000 0.000000 0.000000 -0.000000 0.000000
    32 0.000000 500.000000 0.000000 0.000000 -0.000000 0.000000
    33 0.000000 500.000000 0.000000 0.000000 -0.000000 0.000000
    34 0.000000 500.000000 0.000000 0.000000 -0.000000 0.000000
    35 0.000000 500.000000 0.000000 0.000000 -0.000000 0.000000
    36 0.000000 500.000000 0.000000 0.000000 -0.000000 0.000000
    37 0.000000 500.000000 0.000000 0.000000 -0.000000 0.000000
    38 0.000000 500.000000 0.000000 0.000000 -0.000000 0.000000
    39 0.000000 500.000000 0.000000 0.000000 -0.000000 0.000000
    40 0.000000 500.000000 0.000000 0.000000 -0.000000 0.000000
    41 0.000000 500.000000 0.000000 0.000000 -0.000000 0.000000
    42 0.000000 500.000000 0.000000 0.000000 -0.000000 0.000000
    43 0.000000 500.000000 0.000000 0.000000 -0.000000 0.000000
    44 0.000000 500.000000 0.000000 0.000000 -0.000000 0.000000
    45 0.000000 500.000000 0.000000 0.000000 -0.000000 0.000000
    46 0.000000 500.000000 0.000000 0.000000 -0.000000 0.000000
    47 0.000000 500.000000 0.000000 0.000000 -0.000000 0.000000
    48 -5.589483 0.550678 -20.171997 0.034281 0.000862 1.569514
    49 0.480041 0.245986 0.685093 -0.005882 1.526905 -1.618466
    50 -4.641473 0.174681 0.038313 0.000012 0.000029 0.000795
    51 -4.393183 0.042118 0.040471 -0.000000 -0.000000 0.000000
    52 -9.748773 1.097161 0.055419 0.000016 0.000059 0.001711
    53 3.040852 -13.026021 5.842538 1.128729 0.654396 -2.269925
    54 -6.310787 -11.197935 6.797435 0.392702 -1.023284 -2.166939
    55 -6.845081 -6.597533 0.291350 0.013528 -0.038427 -1.220067
    56 -6.351818 -3.542008 10.669148 2.623962 0.133984 0.396903
    57 1.557132 -8.424385 0.232308 -1.213621 -0.478482 -0.087606
    58 -1.733364 0.266862 0.007394 0.000706 0.002246 0.066202
    59 -1.009303 0.082889 0.006789 0.000188 0.000651 0.019062
    60 -1.617024 -0.547708 -0.754765 -0.244311 -0.260638 0.007932
    61 -5.607236 1.531876 0.001013 0.018117 0.022146 0.828173
    62 -4.794851 1.549590 -0.007348 0.013844 0.019577 0.687808
    63 -6.596516 2.860080 0.339655 0.113041 -0.010478 0.633316
    64 -4.122212 1.458595 -0.010648 0.010154 0.016605 0.554431
    65 -4.573041 1.531267 -0.008834 0.012585 0.018653 0.643870
    66 -6.645570 2.940116 1.321941 0.205535 0.053813 0.580153
    67 -4.668784 1.543299 -0.008333 0.013331 0.019212 0.670097
    68 -5.498459 1.543711 -0.000432 0.017343 0.021740 0.803593
    69 -7.729378 3.432157 3.180970 0.491881 0.184756 0.657363
    70 -5.032242 1.551232 -0.005137 0.016347 0.021180 0.771437
    71 -4.626552 1.546626 -0.008850 0.013664 0.019450 0.681603
    72 -5.572140 -6.088008 2.072288 0.363821 -0.040513 -1.223755
    73 -7.683893 -8.741017 5.991345 0.177366 -1.380541 2.992474
    74 -9.397341 0.081928 -1.282801 -0.338304 1.118704 -0.800838
    75 -8.378177 -8.779502 0.380734 0.028204 -0.044568 -1.671497
    76 -6.244236 -9.389728 2.612788 -1.798698 -0.173670 0.106225
    77 0.338370 -3.144783 12.118679 2.573181 0.131688 0.533423
    78 -4.354403 1.459486 -0.008461 0.010130 0.016584 0.553537
    79 -3.627940 1.410713 -0.013721 0.009170 0.015664 0.516134
    80 -1.830639 1.231440 2.816198 0.243480 -0.132720 -0.126835
    81 -7.432220 1.066703 0.034361 0.028800 0.025596 1.145317
    82 -8.949818 0.138678 0.080636 0.039284 0.025657 1.441365
    83 -5.400910 2.822194 0.968759 0.025595 -0.150713 0.560355
    84 -9.643356 -0.421030 0.106429 0.043974 0.024660 1.576349
    85 -3.766350 1.399735 -0.012026 0.008936 0.015428 0.506771
    86 -6.258358 2.479772 -0.342655 -0.063682 -0.112066 0.735080
    87 -8.572340 0.418938 0.067432 0.036593 0.025938 1.365209
    88 -7.095986 1.213811 0.026114 0.026449 0.025150 1.077981
    89 -5.747716 2.159776 -1.269205 -0.121725 -0.115569 0.713353
    90 -7.351171 0.994610 0.036058 0.029811 0.025738 1.174049
    91 -7.915823 0.770521 0.049121 0.032719 0.025983 1.256176
    92 -8.738495 -8.751458 0.065576 -0.046166 -0.043979 -1.670813
    93 -9.849944 5.026301 9.278352 -0.051705 0.266679 0.218070
    94 -2.905881 -8.653268 0.906270 0.127367 0.111900 -1.770441
    95 6.952961 37.444176 -18.980251 -0.000000 -0.000000 -0.000000
    96 0.170270 -9.262669 2.885667 -0.000000 -0.000000 -0.000000
    97 1.909704 6.009978 0.630106 -0.418142 -0.358516 0.230105
    98 -3.065494 0.637172 -1.314008 0.128790 0.557655 0.069284
    99 0.224195 -2.027255 2.584113 -0.000000 -0.000000 -0.000000
    100 0.236503 0.729332 1.174515 -0.000000 -0.000000 -0.000000
    101 4.341743 24.856244 -32.631031 -0.124184 0.041370 0.009024
    102 0.006184 0.042617 0.630946 -0.000000 -0.000000 -0.000000
    103 0.004332 0.048952 0.425776 -0.000000 -0.000000 -0.000000
    104 0.002551 0.054556 0.229013 -0.000000 -0.000000 -0.000000
    105 -0.003175 0.048655 -0.383506 -0.000000 -0.000000 -0.000000
    106 -7.917468 -17.596449 8.317367 0.009487 0.017493 1.571866
    107 -7.923080 -12.240079 8.713215 -1.552244 0.339525 -3.134344
    108 -8.216996 -16.481173 7.306713 -0.017493 0.009486 0.000904
    109 -8.458077 -10.976725 5.004138 0.293094 0.009486 0.000904
    110 0.000000 -0.000000 0.000000 -0.000000 -0.000000 -0.000000
    111 0.000000 -0.000000 0.000000 -0.000000 -0.000000 -0.000000
    112 0.000000 -0.000000 0.000000 -0.000000 -0.000000 -0.000000
    113 0.000000 -0.000000 0.000000 -0.000000 -0.000000 -0.000000
  time 18
    0 0.000000 0.000000 0.000000 0.000000 0.000000 0.000000
    1 0.000000 500.000000 0.000000 0.000000 -0.000000 0.000000
    2 0.000000 500.000000 0.000000 0.000000 -0.000000 0.000000
    3 0.000000 500.000000 0.000000 0.000000 -0.000000 0.000000
    4 0.000000 500.000000 0.000000 0.000000 -0.000000 0.000000
    5 0.000000 500.000000 0.000000 0.000000 -0.000000 0.000000
    6 0.000000 500.000000 0.000000 0.000000 -0.000000 0.000000
    7 0.000000 500.000000 0.000000 0.000000 -0.000000 0.000000
    8 0.000000 500.000000 0.000000 0.000000 -0.000000 0.000000
    9 0.000000 500.000000 0.000000 0.000000 -0.000000 0.000000
    10 0.000000 500.000000 0.000000 0.000000 -0.000000 0.000000
    11 0.000000 500.000000 0.000000 0.000000 -0.000000 0.000000
    12 0.000000 500.000000 0.000000 0.000000 -0.000000 0.000000
    13 0.000000 500.000000 0.000000 0.000000 -0.000000 0.000000
    14 0.000000 500.000000 0.000000 0.000000 -0.000000 0.000000
    15 0.000000 500.000000 0.000000 0.000000 -0.000000 0.000000
    16 0.000000 500.000000 0.000000 0.000000 -0.000000 0.000000
    17 0.000000 500.000000 0.000000 0.000000 -0.000000 0.000000
    18 0.000000 500.000000 0.000000 0.000000 -0.000000 0.000000
    19 0.000000 500.000000 0.000000 0.000000 -0.000000 0.000000
    20 0.000000 500.000000 0.000000 0.000000 -0.000000 0.000000
    21 0.000000 500.000000 0.000000 0.000000 -0.000000 0.000000
    22 0.000000 500.000000 0.000000 0.000000 -0.000000 0.000000
    23 0.000000 500.000000 0.000000 0.000000 -0.000000 0.000000
    24 0.000000 500.000000 0.000000 0.000000 -0.000000 0.000000
    25 0.000000 500.000000 0.000000 0.000000 -0.000000 0.000000
    26 0.000000 500.000000 0.000000 0.000000 -0.000000 0.000000
    27 0.000000 500.000000 0.000000 0.000000 -0.000000 0.000000
    28 0.000000 500.000000 0.000000 0.000000 -0.000000 0.000000
    29 0.000000 500.000000 0.000000 0.000000 -0.000000 0.000000
    30 0.000000 500.000000 0.000000 0.000000 -0.000000 0.000000
    31 0.000000 500.000000 0.000000 0.000000 -0.000000 0.000000
    32 0.000000 500.000000 0.000000 0.000000 -0.000000 0.000000
    33 0.000000 500.000000 0.000000 0.000000 -0.000000 0.000000
    34 0.000000 500.000000 0.000000 0.000000 -0.000000 0.000000
    35 0.000000 500.000000 0.000000 0.000000 -0.000000 0.000000
    36 0.000000 500.000000 0.000000 0.000000 -0.000000 0.000000
    37 0.000000 500.000000 0.000000 0.000000 -0.000000 0.000000
    38 0.000000 500.000000 0.000000 0.000000 -0.000000 0.000000
    39 0.000000 500.000000 0.000000 0.000000 -0.000000 0.000000
    40 0.000000 500.000000 0.000000 0.000000 -0.000000 0.000000
    41 0.000000 500.000000 0.000000 0.000000 -0.000000 0.000000
    42 0.000000 500.000000 0.000000 0.000000 -0.000000 0.000000
    43 0.000000 500.000000 0.000000 0.000000 -0.000000 0.000000
    44 0.000000 500.000000 0.000000 0.000000 -0.000000 0.000000
    45 0.000000 500.000000 0.000000 0.000000 -0.000000 0.000000
    46 0.000000 500.000000 0.000000 0.000000 -0.000000 0.000000
    47 0.000000 500.000000 0.000000 0.000000 -0.000000 0.000000
    48 -5.590930 0.386563 -20.141009 0.034261 -0.001823 1.569514
    49 0.480041 0.245986 0.685093 -0.005882 1.526905 -1.618466
    50 -4.641473 0.174681 0.038313 0.000012 0.000029 0.000795
    51 -4.393183 0.042118 0.040471 -0.000000 -0.000000 0.000000
    52 -9.748773 1.097161 0.055419 0.000016 0.000059 0.001711
    53 3.040852 -13.026021 5.842538 1.128729 0.654396 -2.269925
    54 -6.305295 -11.196760 6.795202 0.390001 -1.024589 -2.164359
    55 -6.851835 -6.614044 0.291980 0.013614 -0.038489 -1.223060
    56 -6.377052 -3.542009 10.690597 2.635882 0.126162 0.414858
    57 1.557132 -8.424386 0.232308 -1.213621 -0.478482 -0.087606
    58 -1.730455 0.264552 0.007446 0.000699 0.002225 0.065580
    59 -1.000053 0.074795 0.006979 0.000167 0.000581 0.017003
    60 -1.617024 -0.547708 -0.754765 -0.244311 -0.260638 0.007932
    61 -5.607236 1.531876 0.001013 0.018117 0.022146 0.828173
    62 -4.794851 1.549590 -0.007347 0.013844 0.019577 0.687808
    63 -6.596516 2.860080 0.339655 0.113041 -0.010478 0.633316
    64 -4.122211 1.458595 -0.010647 0.010154 0.016605 0.554431
    65 -4.573041 1.531267 -0.008834 0.012585 0.018653 0.643870
    66 -6.645570 2.940115 1.321941 0.205535 0.053813 0.580153
    67 -4.668784 1.543299 -0.008333 0.013331 0.019212 0.670097
    68 -5.498458 1.543711 -0.000432 0.017343 0.021740 0.803593
    69 -7.729378 3.432158 3.180974 0.491881 0.184755 0.657363
    70 -5.032242 1.551232 -0.005137 0.016347 0.021180 0.771437
    71 -4.626552 1.546626 -0.008850 0.013664 0.019450 0.681603
    72 -5.563340 -6.102364 2.102761 0.369092 -0.040608 -1.226807
    73 -7.683894 -8.741017 5.991345 0.177366 -1.380541 2.992474
    74 -9.397351 0.081530 -1.283077 -0.338410 1.118659 -0.800934
    75 -8.378370 -8.779675 0.380742 0.028206 -0.044568 -1.671540
    76 -6.151045 -9.320981 2.663697 -1.809356 -0.171622 0.126481
    77 0.338370 -3.144783 12.118679 2.573181 0.131688 0.533423
    78 -4.354403 1.459486 -0.008461 0.010130 0.016584 0.553537
    79 -3.627944 1.410713 -0.013721 0.009170 0.015664 0.516135
    80 -1.830639 1.231440 2.816198 0.243480 -0.132720 -0.126835
    81 -7.175479 1.170699 0.028348 0.027174 0.025305 1.098854
    82 -8.923402 0.160980 0.079620 0.039080 0.025686 1.435565
    83 -5.400910 2.822194 0.968759 0.025595 -0.150713 0.560355
    84 -9.643356 -0.421030 0.106429 0.043974 0.024660 1.576349
    85 -3.766350 1.399735 -0.012025 0.008936 0.015428 0.506771
    86 -6.258359 2.479772 -0.342655 -0.063682 -0.112066 0.735080
    87 -8.572338 0.418939 0.067432 0.036593 0.025938 1.365208
    88 -7.095986 1.213811 0.026114 0.026449 0.025150 1.077981
    89 -5.747716 2.159776 -1.269205 -0.121725 -0.115569 0.713353
    90 -7.351171 0.994610 0.036058 0.029811 0.025738 1.174049
    91 -7.915823 0.770521 0.049121 0.032719 0.025983 1.256176
    92 -8.757336 -8.750118 0.050509 -0.049890 -0.043948 -1.670823
    93 -9.727220 5.010034 9.300660 -0.059275 0.246780 0.216502
    94 -2.905880 -8.653268 0.906270 0.127367 0.111900 -1.770441
    95 6.952961 37.444174 -18.980249 0.000000 -0.000000 -0.000000
    96 0.170270 -9.262669 2.885667 0.000000 -0.000000 -0.000000
    97 1.811612 6.818618 1.217637 -0.264134 -0.400409 0.210930
    98 -2.989611 0.980105 -0.989920 0.203356 0.551638 0.094512
    99 0.224194 -2.027255 2.584113 0.000000 -0.000000 -0.000000
    100 0.236503 0.729332 1.174515 0.000000 -0.000000 -0.000000
    101 4.430931 25.278070 -31.737292 -0.100503 0.038240 0.009592
    102 0.006184 0.042616 0.630946 -0.000000 0.000000 0.000000
    103 0.004332 0.048952 0.425776 -0.000000 0.000000 0.000000
    104 0.002551 0.054555 0.229013 -0.000000 0.000000 0.000000
    105 -0.003175 0.048655 -0.383506 -0.000000 0.000000 0.000000
    106 -7.917468 -17.596449 8.317367 0.009487 0.017493 1.571866
    107 -7.923080 -12.240079 8.713215 -1.552244 0.339525 -3.134344
    108 -8.216996 -16.481173 7.306713 -0.017493 0.009486 0.000904
    109 -8.458077 -10.976725 5.004138 0.293094 0.009486 0.000904
    110 -0.000000 -0.000000 0.000000 0.000000 -0.000000 -0.000000
    111 -0.000000 -0.000000 0.000000 0.000000 -0.000000 -0.000000
    112 -0.000000 -0.000000 0.000000 0.000000 -0.000000 -0.000000
    113 -0.000000 -0.000000 0.000000 0.000000 -0.000000 -0.000000
  time 19
    0 0.000000 0.000000 0.000000 0.000000 0.000000 0.000000
    1 0.000000 500.000000 0.000000 0.000000 -0.000000 0.000000
    2 0.000000 500.000000 0.000000 0.000000 -0.000000 0.000000
    3 0.000000 500.000000 0.000000 0.000000 -0.000000 0.000000
    4 0.000000 500.000000 0.000000 0.000000 -0.000000 0.000000
    5 0.000000 500.000000 0.000000 0.000000 -0.000000 0.000000
    6 0.000000 500.000000 0.000000 0.000000 -0.000000 0.000000
    7 0.000000 500.000000 0.000000 0.000000 -0.000000 0.000000
    8 0.000000 500.000000 0.000000 0.000000 -0.000000 0.000000
    9 0.000000 500.000000 0.000000 0.000000 -0.000000 0.000000
    10 0.000000 500.000000 0.000000 0.000000 -0.000000 0.000000
    11 0.000000 500.000000 0.000000 0.000000 -0.000000 0.000000
    12 0.000000 500.000000 0.000000 0.000000 -0.000000 0.000000
    13 0.000000 500.000000 0.000000 0.000000 -0.000000 0.000000
    14 0.000000 500.000000 0.000000 0.000000 -0.000000 0.000000
    15 0.000000 500.000000 0.000000 0.000000 -0.000000 0.000000
    16 0.000000 500.000000 0.000000 0.000000 -0.000000 0.000000
    17 0.000000 500.000000 0.000000 0.000000 -0.000000 0.000000
    18 0.000000 500.000000 0.000000 0.000000 -0.000000 0.000000
    19 0.000000 500.000000 0.000000 0.000000 -0.000000 0.000000
    20 0.000000 500.000000 0.000000 0.000000 -0.000000 0.000000
    21 0.000000 500.000000 0.000000 0.000000 -0.000000 0.000000
    22 0.000000 500.000000 0.000000 0.000000 -0.000000 0.000000
    23 0.000000 500.000000 0.000000 0.000000 -0.000000 0.000000
    24 0.000000 500.000000 0.000000 0.000000 -0.000000 0.000000
    25 0.000000 500.000000 0.000000 0.000000 -0.000000 0.000000
    26 0.000000 500.000000 0.000000 0.000000 -0.000000 0.000000
    27 0.000000 500.000000 0.000000 0.000000 -0.000000 0.000000
    28 0.000000 500.000000 0.000000 0.000000 -0.000000 0.000000
    29 0.000000 500.000000 0.000000 0.000000 -0.000000 0.000000
    30 0.000000 500.000000 0.000000 0.000000 -0.000000 0.000000
    31 0.000000 500.000000 0.000000 0.000000 -0.000000 0.000000
    32 0.000000 500.000000 0.000000 0.000000 -0.000000 0.000000
    33 0.000000 500.000000 0.000000 0.000000 -0.000000 0.000000
    34 0.000000 500.000000 0.000000 0.000000 -0.000000 0.000000
    35 0.000000 500.000000 0.000000 0.000000 -0.000000 0.000000
    36 0.000000 500.000000 0.000000 0.000000 -0.000000 0.000000
    37 0.000000 500.000000 0.000000 0.000000 -0.000000 0.000000
    38 0.000000 500.000000 0.000000 0.000000 -0.000000 0.000000
    39 0.000000 500.000000 0.000000 0.000000 -0.000000 0.000000
    40 0.000000 500.000000 0.000000 0.000000 -0.000000 0.000000
    41 0.000000 500.000000 0.000000 0.000000 -0.000000 0.000000
    42 0.000000 500.000000 0.000000 0.000000 -0.000000 0.000000
    43 0.000000 500.000000 0.000000 0.000000 -0.000000 0.000000
    44 0.000000 500.000000 0.000000 0.000000 -0.000000 0.000000
    45 0.000000 500.000000 0.000000 0.000000 -0.000000 0.000000
    46 0.000000 500.000000 0.000000 0.000000 -0.000000 0.000000
    47 0.000000 500.000000 0.000000 0.000000 -0.000000 0.000000
    48 -5.592378 0.222419 -20.109987 0.034241 -0.004507 1.569514
    49 0.480041 0.245986 0.685093 -0.005882 1.526905 -1.618466
    50 -4.641473 0.174681 0.038313 0.000012 0.000029 0.000795
    51 -4.393182 0.042118 0.040471 0.000000 -0.000000 0.000000
    52 -9.748773 1.097161 0.055419 0.000016 0.000059 0.001711
    53 3.040852 -13.026021 5.842538 1.128729 0.654396 -2.269925
    54 -6.299806 -11.195585 6.792959 0.387288 -1.025892 -2.161767
    55 -6.858638 -6.630535 0.292610 0.013701 -0.038550 -1.226054
    56 -6.402334 -3.542724 10.711978 2.647647 0.118130 0.432700
    57 1.557132 -8.424386 0.232308 -1.213621 -0.478482 -0.087606
    58 -1.727547 0.262241 0.007497 0.000692 0.002204 0.064958
    59 -0.990820 0.066682 0.007168 0.000146 0.000511 0.014943
    60 -1.617024 -0.547708 -0.754764 -0.244311 -0.260638 0.007932
    61 -5.607236 1.531876 0.001012 0.018117 0.022146 0.828173
    62 -4.794851 1.549590 -0.007347 0.013844 0.019577 0.687808
    63 -6.596516 2.860080 0.339656 0.113041 -0.010478 0.633316
    64 -4.122211 1.458595 -0.010646 0.010154 0.016605 0.554431
    65 -4.573042 1.531267 -0.008834 0.012585 0.018653 0.643870
    66 -6.645570 2.940115 1.321941 0.205535 0.053813 0.580153
    67 -4.668784 1.543299 -0.008333 0.013331 0.019212 0.670097
    68 -5.498457 1.543711 -0.000432 0.017343 0.021740 0.803593
    69 -7.729378 3.432160 3.180978 0.491882 0.184755 0.657363
    70 -5.032242 1.551232 -0.005137 0.016347 0.021180 0.771437
    71 -4.626552 1.546626 -0.008850 0.013664 0.019450 0.681603
    72 -5.554733 -6.116797 2.133254 0.374364 -0.040687 -1.229861
    73 -7.683895 -8.741017 5.991345 0.177366 -1.380541 2.992474
    74 -9.397361 0.081131 -1.283352 -0.338515 1.118614 -0.801029
    75 -8.378562 -8.779848 0.380750 0.028207 -0.044569 -1.671584
    76 -6.059100 -9.249990 2.713786 -1.819965 -0.169363 0.146706
    77 0.338370 -3.144783 12.118679 2.573181 0.131688 0.533423
    78 -4.354403 1.459486 -0.008461 0.010130 0.016584 0.553537
    79 -3.627947 1.410714 -0.013721 0.009170 0.015664 0.516135
    80 -1.830639 1.231441 2.816197 0.243480 -0.132720 -0.126835
    81 -6.914178 1.262667 0.022704 0.025564 0.024939 1.052393
    82 -8.896857 0.183128 0.078609 0.038876 0.025713 1.429766
    83 -5.400910 2.822195 0.968758 0.025595 -0.150713 0.560355
    84 -9.643356 -0.421030 0.106429 0.043974 0.024660 1.576349
    85 -3.766350 1.399735 -0.012025 0.008936 0.015428 0.506771
    86 -6.258359 2.479772 -0.342655 -0.063682 -0.112066 0.735080
    87 -8.572335 0.418941 0.067432 0.036592 0.025938 1.365208
    88 -7.095986 1.213811 0.026113 0.026449 0.025150 1.077981
    89 -5.747716 2.159776 -1.269205 -0.121725 -0.115569 0.713353
    90 -7.351171 0.994610 0.036058 0.029811 0.025738 1.174049
    91 -7.915823 0.770521 0.049122 0.032719 0.025983 1.256176
    92 -8.776232 -8.748769 0.035513 -0.053614 -0.043917 -1.670833
    93 -9.604969 4.993876 9.325592 -0.066775 0.226870 0.215095
    94 -2.905879 -8.653268 0.906271 0.127367 0.111900 -1.770441
    95 6.952962 37.444171 -18.980248 -0.000000 -0.000000 -0.000000
    96 0.170270 -9.262669 2.885666 -0.000000 -0.000000 -0.000000
    97 1.678578 7.526969 1.917104 -0.106474 -0.439031 0.184544
    98 -2.909336 1.300626 -0.644641 0.277413 0.544045 0.119042
    99 0.224193 -2.027254 2.584113 -0.000000 -0.000000 -0.000000
    100 0.236503 0.729332 1.174515 -0.000000 -0.000000 -0.000000
    101 4.519875 25.697512 -30.840501 -0.076827 0.035098 0.010086
    102 0.006184 0.042616 0.630946 0.000000 -0.000000 -0.000000
    103 0.004332 0.048952 0.425777 0.000000 -0.000000 -0.000000
    104 0.002551 0.054555 0.229012 0.000000 -0.000000 -0.000000
    105 -0.003175 0.048655 -0.383506 0.000000 -0.000000 -0.000000
    106 -7.917468 -17.596449 8.317367 0.009487 0.017493 1.571866
    107 -7.923080 -12.240079 8.713215 -1.552244 0.339525 -3.134344
    108 -8.216996 -16.481173 7.306713 -0.017493 0.009486 0.000904
    109 -8.458077 -10.976725 5.004138 0.293094 0.009486 0.000904
    110 -0.000000 -0.000000 0.000000 -0.000000 -0.000000 -0.000000
    111 -0.000000 -0.000000 0.000000 -0.000000 -0.000000 -0.000000
    112 -0.000000 -0.000000 0.000000 -0.000000 -0.000000 -0.000000
    113 -0.000000 -0.000000 0.000000 -0.000000 -0.000000 -0.000000
  time 20
    0 0.000000 0.000000 0.000000 0.000000 0.000000 0.000000
    1 0.000000 500.000000 0.000000 0.000000 -0.000000 0.000000
    2 0.000000 500.000000 0.000000 0.000000 -0.000000 0.000000
    3 0.000000 500.000000 0.000000 0.000000 -0.000000 0.000000
    4 0.000000 500.000000 0.000000 0.000000 -0.000000 0.000000
    5 0.000000 500.000000 0.000000 0.000000 -0.000000 0.000000
    6 0.000000 500.000000 0.000000 0.000000 -0.000000 0.000000
    7 0.000000 500.000000 0.000000 0.000000 -0.000000 0.000000
    8 0.000000 500.000000 0.000000 0.000000 -0.000000 0.000000
    9 0.000000 500.000000 0.000000 0.000000 -0.000000 0.000000
    10 0.000000 500.000000 0.000000 0.000000 -0.000000 0.000000
    11 0.000000 500.000000 0.000000 0.000000 -0.000000 0.000000
    12 0.000000 500.000000 0.000000 0.000000 -0.000000 0.000000
    13 0.000000 500.000000 0.000000 0.000000 -0.000000 0.000000
    14 0.000000 500.000000 0.000000 0.000000 -0.000000 0.000000
    15 0.000000 500.000000 0.000000 0.000000 -0.000000 0.000000
    16 0.000000 500.000000 0.000000 0.000000 -0.000000 0.000000
    17 0.000000 500.000000 0.000000 0.000000 -0.000000 0.000000
    18 0.000000 500.000000 0.000000 0.000000 -0.000000 0.000000
    19 0.000000 500.000000 0.000000 0.000000 -0.000000 0.000000
    20 0.000000 500.000000 0.000000 0.000000 -0.000000 0.000000
    21 0.000000 500.000000 0.000000 0.000000 -0.000000 0.000000
    22 0.000000 500.000000 0.000000 0.000000 -0.000000 0.000000
    23 0.000000 500.000000 0.000000 0.000000 -0.000000 0.000000
    24 0.000000 500.000000 0.000000 0.000000 -0.000000 0.000000
    25 0.000000 500.000000 0.000000 0.000000 -0.000000 0.000000
    26 0.000000 500.000000 0.000000 0.000000 -0.000000 0.000000
    27 0.000000 500.000000 0.000000 0.000000 -0.000000 0.000000
    28 0.000000 500.000000 0.000000 0.000000 -0.000000 0.000000
    29 0.000000 500.000000 0.000000 0.000000 -0.000000 0.000000
    30 0.000000 500.000000 0.000000 0.000000 -0.000000 0.000000
    31 0.000000 500.000000 0.000000 0.000000 -0.000000 0.000000
    32 0.000000 500.000000 0.000000 0.000000 -0.000000 0.000000
    33 0.000000 500.000000 0.000000 0.000000 -0.000000 0.000000
    34 0.000000 500.000000 0.000000 0.000000 -0.000000 0.000000
    35 0.000000 500.000000 0.000000 0.000000 -0.000000 0.000000
    36 0.000000 500.000000 0.000000 0.000000 -0.000000 0.000000
    37 0.000000 500.000000 0.000000 0.000000 -0.000000 0.000000
    38 0.000000 500.000000 0.000000 0.000000 -0.000000 0.000000
    39 0.000000 500.000000 0.000000 0.000000 -0.000000 0.000000
    40 0.000000 500.000000 0.000000 0.000000 -0.000000 0.000000
    41 0.000000 500.000000 0.000000 0.000000 -0.000000 0.000000
    42 0.000000 500.000000 0.000000 0.000000 -0.000000 0.000000
    43 0.000000 500.000000 0.000000 0.000000 -0.000000 0.000000
    44 0.000000 500.000000 0.000000 0.000000 -0.000000 0.000000
    45 0.000000 500.000000 0.000000 0.000000 -0.000000 0.000000
    46 0.000000 500.000000 0.000000 0.000000 -0.000000 0.000000
    47 0.000000 500.000000 0.000000 0.000000 -0.000000 0.000000
    48 -5.593826 0.058246 -20.078931 0.034222 -0.007192 1.569514
    49 0.480041 0.245986 0.685093 -0.005882 1.526905 -1.618466
    50 -4.641473 0.174681 0.038313 0.000012 0.000029 0.000795
    51 -4.393181 0.042118 0.040471 0.000000 -0.000000 0.000000
    52 -9.748773 1.097161 0.055419 0.000016 0.000059 0.001711
    53 3.040852 -13.026021 5.842538 1.128729 0.654396 -2.269925
    54 -6.294323 -11.194408 6.790704 0.384562 -1.027190 -2.159162
    55 -6.865491 -6.647005 0.293240 0.013788 -0.038612 -1.229048
    56 -6.427652 -3.544152 10.733280 2.659255 0.109891 0.450429
    57 1.557132 -8.424387 0.232308 -1.213621 -0.478482 -0.087606
    58 -1.724640 0.259928 0.007549 0.000684 0.002183 0.064335
    59 -0.981603 0.058550 0.007359 0.000126 0.000441 0.012884
    60 -1.617024 -0.547708 -0.754764 -0.244311 -0.260638 0.007932
    61 -5.607236 1.531876 0.001012 0.018117 0.022146 0.828173
    62 -4.794851 1.549590 -0.007346 0.013844 0.019577 0.687808
    63 -6.596516 2.860080 0.339657 0.113041 -0.010478 0.633316
    64 -4.122210 1.458595 -0.010646 0.010154 0.016605 0.554431
    65 -4.573042 1.531267 -0.008834 0.012585 0.018653 0.643870
    66 -6.645570 2.940114 1.321941 0.205535 0.053813 0.580153
    67 -4.668784 1.543299 -0.008333 0.013331 0.019212 0.670097
    68 -5.498457 1.543711 -0.000432 0.017343 0.021740 0.803593
    69 -7.729378 3.432162 3.180982 0.491883 0.184755 0.657363
    70 -5.032242 1.551232 -0.005137 0.016347 0.021180 0.771437
    71 -4.626552 1.546626 -0.008850 0.013664 0.019450 0.681603
    72 -5.546320 -6.131305 2.163763 0.379636 -0.040749 -1.232914
    73 -7.683895 -8.741017 5.991345 0.177366 -1.380541 2.992474
    74 -9.397372 0.080732 -1.283628 -0.338621 1.118569 -0.801124
    75 -8.378754 -8.780021 0.380759 0.028209 -0.044569 -1.671627
    76 -5.968442 -9.176787 2.763031 -1.830522 -0.166893 0.166897
    77 0.338370 -3.144783 12.118679 2.573181 0.131688 0.533423
    78 -4.354403 1.459486 -0.008461 0.010130 0.016584 0.553537
    79 -3.627951 1.410715 -0.013721 0.009170 0.015664 0.516136
    80 -1.830639 1.231442 2.816197 0.243480 -0.132720 -0.126835
    81 -6.648883 1.342407 0.017441 0.023973 0.024498 1.005933
    82 -8.870185 0.205122 0.077601 0.038671 0.025740 1.423967
    83 -5.400910 2.822195 0.968758 0.025595 -0.150713 0.560355
    84 -9.643356 -0.421030 0.106429 0.043974 0.024660 1.576349
    85 -3.766350 1.399735 -0.012024 0.008936 0.015428 0.506771
    86 -6.258360 2.479772 -0.342655 -0.063682 -0.112066 0.735080
    87 -8.572333 0.418943 0.067432 0.036592 0.025938 1.365207
    88 -7.095986 1.213811 0.026113 0.026449 0.025150 1.077981
    89 -5.747716 2.159776 -1.269205 -0.121725 -0.115569 0.713353
    90 -7.351171 0.994610 0.036058 0.029811 0.025738 1.174049
    91 -7.915823 0.770521 0.049122 0.032719 0.025983 1.256176
    92 -8.795182 -8.747410 0.020588 -0.057338 -0.043886 -1.670844
    93 -9.483247 4.977834 9.353140 -0.074215 0.206950 0.213847
    94 -2.905879 -8.653268 0.906271 0.127367 0.111900 -1.770441
    95 6.952962 37.444169 -18.980247 -0.000000 -0.000000 -0.000000
    96 0.170270 -9.262669 2.885665 -0.000000 -0.000000 -0.000000
    97 1.513743 8.118313 2.711997 0.055119 -0.473332 0.151205
    98 -2.825011 1.597373 -0.279640 0.350862 0.534930 0.142730
    99 0.224193 -2.027254 2.584113 -0.000000 -0.000000 -0.000000
    100 0.236503 0.729332 1.174515 -0.000000 -0.000000 -0.000000
    101 4.608564 26.114498 -29.940715 -0.053154 0.031944 0.010506
    102 0.006184 0.042615 0.630946 -0.000000 0.000000 -0.000000
    103 0.004332 0.048952 0.425778 -0.000000 0.000000 -0.000000
    104 0.002551 0.054554 0.229012 -0.000000 0.000000 -0.000000
    105 -0.003175 0.048655 -0.383506 -0.000000 0.000000 -0.000000
    106 -7.917468 -17.596449 8.317367 0.009487 0.017493 1.571866
    107 -7.923080 -12.240079 8.713215 -1.552244 0.339525 -3.134344
    108 -8.216996 -16.481173 7.306713 -0.017493 0.009486 0.000904
    109 -8.458077 -10.976725 5.004138 0.293094 0.009486 0.000904
    110 0.000000 0.000000 -0.000000 -0.000000 -0.000000 -0.000000
    111 0.000000 0.000000 -0.000000 -0.000000 -0.000000 -0.000000
    112 0.000000 0.000000 -0.000000 -0.000000 -0.000000 -0.000000
    113 0.000000 0.000000 -0.000000 -0.000000 -0.000000 -0.000000
  time 21
    0 0.000000 0.000000 0.000000 0.000000 0.000000 0.000000
    1 0.000000 500.000000 0.000000 0.000000 -0.000000 0.000000
    2 0.000000 500.000000 0.000000 0.000000 -0.000000 0.000000
    3 0.000000 500.000000 0.000000 0.000000 -0.000000 0.000000
    4 0.000000 500.000000 0.000000 0.000000 -0.000000 0.000000
    5 0.000000 500.000000 0.000000 0.000000 -0.000000 0.000000
    6 0.000000 500.000000 0.000000 0.000000 -0.000000 0.000000
    7 0.000000 500.000000 0.000000 0.000000 -0.000000 0.000000
    8 0.000000 500.000000 0.000000 0.000000 -0.000000 0.000000
    9 0.000000 500.000000 0.000000 0.000000 -0.000000 0.000000
    10 0.000000 500.000000 0.000000 0.000000 -0.000000 0.000000
    11 0.000000 500.000000 0.000000 0.000000 -0.000000 0.000000
    12 0.000000 500.000000 0.000000 0.000000 -0.000000 0.000000
    13 0.000000 500.000000 0.000000 0.000000 -0.000000 0.000000
    14 0.000000 500.000000 0.000000 0.000000 -0.000000 0.000000
    15 0.000000 500.000000 0.000000 0.000000 -0.000000 0.000000
    16 0.000000 500.000000 0.000000 0.000000 -0.000000 0.000000
    17 0.000000 500.000000 0.000000 0.000000 -0.000000 0.000000
    18 0.000000 500.000000 0.000000 0.000000 -0.000000 0.000000
    19 0.000000 500.000000 0.000000 0.000000 -0.000000 0.000000
    20 0.000000 500.000000 0.000000 0.000000 -0.000000 0.000000
    21 0.000000 500.000000 0.000000 0.000000 -0.000000 0.000000
    22 0.000000 500.000000 0.000000 0.000000 -0.000000 0.000000
    23 0.000000 500.000000 0.000000 0.000000 -0.000000 0.000000
    24 0.000000 500.000000 0.000000 0.000000 -0.000000 0.000000
    25 0.000000 500.000000 0.000000 0.000000 -0.000000 0.000000
    26 0.000000 500.000000 0.000000 0.000000 -0.000000 0.000000
    27 0.000000 500.000000 0.000000 0.000000 -0.000000 0.000000
    28 0.000000 500.000000 0.000000 0.000000 -0.000000 0.000000
    29 0.000000 500.000000 0.000000 0.000000 -0.000000 0.000000
    30 0.000000 500.000000 0.000000 0.000000 -0.000000 0.000000
    31 0.000000 500.000000 0.000000 0.000000 -0.000000 0.000000
    32 0.000000 500.000000 0.000000 0.000000 -0.000000 0.000000
    33 0.000000 500.000000 0.000000 0.000000 -0.000000 0.000000
    34 0.000000 500.000000 0.000000 0.000000 -0.000000 0.000000
    35 0.000000 500.000000 0.000000 0.000000 -0.000000 0.000000
    36 0.000000 500.000000 0.000000 0.000000 -0.000000 0.000000
    37 0.000000 500.000000 0.000000 0.000000 -0.000000 0.000000
    38 0.000000 500.000000 0.000000 0.000000 -0.000000 0.000000
    39 0.000000 500.000000 0.000000 0.000000 -0.000000 0.000000
    40 0.000000 500.000000 0.000000 0.000000 -0.000000 0.000000
    41 0.000000 500.000000 0.000000 0.000000 -0.000000 0.000000
    42 0.000000 500.000000 0.000000 0.000000 -0.000000 0.000000
    43 0.000000 500.000000 0.000000 0.000000 -0.000000 0.000000
    44 0.000000 500.000000 0.000000 0.000000 -0.000000 0.000000
    45 0.000000 500.000000 0.000000 0.000000 -0.000000 0.000000
    46 0.000000 500.000000 0.000000 0.000000 -0.000000 0.000000
    47 0.000000 500.000000 0.000000 0.000000 -0.000000 0.000000
    48 -5.594732 -0.044782 -20.083790 0.034206 -0.009299 1.569515
    49 0.480041 0.245986 0.685093 -0.005882 1.526905 -1.618466
    50 -4.641474 0.174681 0.038313 0.000012 0.000029 0.000795
    51 -4.393183 0.042118 0.040471 -0.000000 0.000000 0.000000
    52 -9.748773 1.097161 0.055419 0.000016 0.000059 0.001711
    53 3.040853 -13.026021 5.842540 1.128730 0.654396 -2.269925
    54 -6.288912 -11.193342 6.788110 0.381874 -1.028380 -2.156577
    55 -6.872718 -6.664224 0.293899 0.013879 -0.038676 -1.232182
    56 -6.456063 -3.544133 10.756778 2.670455 0.101036 0.468428
    57 1.557132 -8.424386 0.232308 -1.213621 -0.478482 -0.087606
    58 -1.728871 0.263295 0.007474 0.000695 0.002213 0.065241
    59 -0.995032 0.070388 0.007082 0.000156 0.000543 0.015883
    60 -1.617024 -0.547709 -0.754765 -0.244311 -0.260638 0.007932
    61 -5.607236 1.531876 0.001012 0.018117 0.022146 0.828173
    62 -4.794851 1.549590 -0.007346 0.013844 0.019577 0.687808
    63 -6.596516 2.860080 0.339655 0.113041 -0.010478 0.633316
    64 -4.122210 1.458595 -0.010646 0.010154 0.016605 0.554431
    65 -4.573042 1.531267 -0.008834 0.012585 0.018653 0.643870
    66 -6.645570 2.940115 1.321941 0.205535 0.053813 0.580153
    67 -4.668784 1.543299 -0.008333 0.013331 0.019212 0.670097
    68 -5.498457 1.543711 -0.000432 0.017343 0.021740 0.803593
    69 -7.729378 3.432161 3.180981 0.491883 0.184755 0.657363
    70 -5.032242 1.551233 -0.005137 0.016347 0.021180 0.771437
    71 -4.626552 1.546626 -0.008850 0.013664 0.019450 0.681603
    72 -5.537832 -6.146777 2.195588 0.385093 -0.040852 -1.236110
    73 -7.683895 -8.741017 5.991345 0.177366 -1.380541 2.992474
    74 -9.397375 0.080573 -1.283738 -0.338663 1.118551 -0.801163
    75 -8.378832 -8.780091 0.380762 0.028209 -0.044569 -1.671645
    76 -5.878880 -9.102990 2.815684 -1.841519 -0.164538 0.187004
    77 0.338370 -3.144783 12.118679 2.573181 0.131688 0.533423
    78 -4.354403 1.459486 -0.008461 0.010130 0.016584 0.553537
    79 -3.627951 1.410715 -0.013721 0.009170 0.015664 0.516136
    80 -1.830639 1.231442 2.816197 0.243480 -0.132720 -0.126835
    81 -6.319108 1.423215 0.011527 0.022052 0.023859 0.948989
    82 -8.812988 0.251422 0.075468 0.038236 0.025791 1.411622
    83 -5.400910 2.822195 0.968758 0.025595 -0.150713 0.560355
    84 -9.643356 -0.421030 0.106429 0.043974 0.024660 1.576349
    85 -3.766350 1.399735 -0.012024 0.008936 0.015428 0.506771
    86 -6.258360 2.479772 -0.342655 -0.063682 -0.112066 0.735080
    87 -8.572333 0.418943 0.067432 0.036592 0.025938 1.365207
    88 -7.095986 1.213811 0.026113 0.026449 0.025150 1.077981
    89 -5.747713 2.159776 -1.269204 -0.121725 -0.115569 0.713352
    90 -7.351171 0.994610 0.036058 0.029811 0.025738 1.174049
    91 -7.915823 0.770521 0.049122 0.032719 0.025983 1.256176
    92 -8.815446 -8.745838 0.004648 -0.061334 -0.043853 -1.670826
    93 -9.360634 4.958192 9.380520 -0.082166 0.187068 0.212443
    94 -2.905879 -8.653268 0.906271 0.127367 0.111900 -1.770441
    95 6.952963 37.444172 -18.980248 -0.000000 -0.000000 -0.000000
    96 0.170270 -9.262669 2.885665 -0.000000 -0.000000 -0.000000
    97 1.404046 8.372538 3.117832 0.127725 -0.492160 0.141228
    98 -2.796206 1.729806 -0.102463 0.385722 0.531989 0.154414
    99 0.224193 -2.027254 2.584113 -0.000000 -0.000000 -0.000000
    100 0.236503 0.729332 1.174515 -0.000000 -0.000000 -0.000000
    101 4.712107 26.520563 -29.044629 -0.030005 0.028246 0.010599
    102 0.006184 0.042616 0.630945 0.000000 -0.000000 0.000000
    103 0.004332 0.048952 0.425776 0.000000 -0.000000 0.000000
    104 0.002551 0.054555 0.229012 0.000000 -0.000000 0.000000
    105 -0.003175 0.048655 -0.383506 0.000000 -0.000000 0.000000
    106 -7.917468 -17.596449 8.317367 0.009487 0.017493 1.571866
    107 -7.923080 -12.240079 8.713215 -1.552244 0.339525 -3.134344
    108 -8.216996 -16.481173 7.306713 -0.017493 0.009486 0.000904
    109 -8.458077 -10.976725 5.004138 0.293094 0.009486 0.000904
    110 0.000000 0.000000 -0.000000 -0.000000 -0.000000 -0.000000
    111 0.000000 0.000000 -0.000000 -0.000000 -0.000000 -0.000000
    112 0.000000 0.000000 -0.000000 -0.000000 -0.000000 -0.000000
    113 0.000000 0.000000 -0.000000 -0.000000 -0.000000 -0.000000
  time 22
    0 0.000000 0.000000 0.000000 0.000000 0.000000 0.000000
    1 0.000000 500.000000 0.000000 0.000000 -0.000000 0.000000
    2 0.000000 500.000000 0.000000 0.000000 -0.000000 0.000000
    3 0.000000 500.000000 0.000000 0.000000 -0.000000 0.000000
    4 0.000000 500.000000 0.000000 0.000000 -0.000000 0.000000
    5 0.000000 500.000000 0.000000 0.000000 -0.000000 0.000000
    6 0.000000 500.000000 0.000000 0.000000 -0.000000 0.000000
    7 0.000000 500.000000 0.000000 0.000000 -0.000000 0.000000
    8 0.000000 500.000000 0.000000 0.000000 -0.000000 0.000000
    9 0.000000 500.000000 0.000000 0.000000 -0.000000 0.000000
    10 0.000000 500.000000 0.000000 0.000000 -0.000000 0.000000
    11 0.000000 500.000000 0.000000 0.000000 -0.000000 0.000000
    12 0.000000 500.000000 0.000000 0.000000 -0.000000 0.000000
    13 0.000000 500.000000 0.000000 0.000000 -0.000000 0.000000
    14 0.000000 500.000000 0.000000 0.000000 -0.000000 0.000000
    15 0.000000 500.000000 0.000000 0.000000 -0.000000 0.000000
    16 0.000000 500.000000 0.000000 0.000000 -0.000000 0.000000
    17 0.000000 500.000000 0.000000 0.000000 -0.000000 0.000000
    18 0.000000 500.000000 0.000000 0.000000 -0.000000 0.000000
    19 0.000000 500.000000 0.000000 0.000000 -0.000000 0.000000
    20 0.000000 500.000000 0.000000 0.000000 -0.000000 0.000000
    21 0.000000 500.000000 0.000000 0.000000 -0.000000 0.000000
    22 0.000000 500.000000 0.000000 0.000000 -0.000000 0.000000
    23 0.000000 500.000000 0.000000 0.000000 -0.000000 0.000000
    24 0.000000 500.000000 0.000000 0.000000 -0.000000 0.000000
    25 0.000000 500.000000 0.000000 0.000000 -0.000000 0.000000
    26 0.000000 500.000000 0.000000 0.000000 -0.000000 0.000000
    27 0.000000 500.000000 0.000000 0.000000 -0.000000 0.000000
    28 0.000000 500.000000 0.000000 0.000000 -0.000000 0.000000
    29 0.000000 500.000000 0.000000 0.000000 -0.000000 0.000000
    30 0.000000 500.000000 0.000000 0.000000 -0.000000 0.000000
    31 0.000000 500.000000 0.000000 0.000000 -0.000000 0.000000
    32 0.000000 500.000000 0.000000 0.000000 -0.000000 0.000000
    33 0.000000 500.000000 0.000000 0.000000 -0.000000 0.000000
    34 0.000000 500.000000 0.000000 0.000000 -0.000000 0.000000
    35 0.000000 500.000000 0.000000 0.000000 -0.000000 0.000000
    36 0.000000 500.000000 0.000000 0.000000 -0.000000 0.000000
    37 0.000000 500.000000 0.000000 0.000000 -0.000000 0.000000
    38 0.000000 500.000000 0.000000 0.000000 -0.000000 0.000000
    39 0.000000 500.000000 0.000000 0.000000 -0.000000 0.000000
    40 0.000000 500.000000 0.000000 0.000000 -0.000000 0.000000
    41 0.000000 500.000000 0.000000 0.000000 -0.000000 0.000000
    42 0.000000 500.000000 0.000000 0.000000 -0.000000 0.000000
    43 0.000000 500.000000 0.000000 0.000000 -0.000000 0.000000
    44 0.000000 500.000000 0.000000 0.000000 -0.000000 0.000000
    45 0.000000 500.000000 0.000000 0.000000 -0.000000 0.000000
    46 0.000000 500.000000 0.000000 0.000000 -0.000000 0.000000
    47 0.000000 500.000000 0.000000 0.000000 -0.000000 0.000000
    48 -5.595639 -0.147828 -20.088627 0.034190 -0.011406 1.569515
    49 0.480041 0.245986 0.685093 -0.005882 1.526905 -1.618466
    50 -4.641474 0.174681 0.038313 0.000012 0.000029 0.000795
    51 -4.393184 0.042117 0.040471 -0.000000 0.000000 -0.000000
    52 -9.748773 1.097161 0.055419 0.000016 0.000059 0.001711
    53 3.040854 -13.026021 5.842542 1.128730 0.654396 -2.269924
    54 -6.283507 -11.192276 6.785505 0.379176 -1.029566 -2.153980
    55 -6.879999 -6.681421 0.294558 0.013970 -0.038739 -1.235316
    56 -6.484537 -3.544919 10.780186 2.681484 0.091983 0.486310
    57 1.557132 -8.424386 0.232308 -1.213621 -0.478482 -0.087606
    58 -1.733106 0.266658 0.007399 0.000706 0.002244 0.066147
    59 -1.008497 0.082185 0.006806 0.000186 0.000645 0.018883
    60 -1.617024 -0.547709 -0.754766 -0.244311 -0.260638 0.007932
    61 -5.607236 1.531876 0.001013 0.018117 0.022146 0.828173
    62 -4.794851 1.549590 -0.007346 0.013844 0.019577 0.687808
    63 -6.596516 2.860080 0.339654 0.113041 -0.010478 0.633316
    64 -4.122210 1.458595 -0.010646 0.010154 0.016605 0.554431
    65 -4.573041 1.531267 -0.008834 0.012585 0.018653 0.643870
    66 -6.645570 2.940115 1.321941 0.205535 0.053813 0.580153
    67 -4.668783 1.543299 -0.008333 0.013331 0.019212 0.670097
    68 -5.498457 1.543711 -0.000432 0.017343 0.021740 0.803593
    69 -7.729378 3.432160 3.180980 0.491883 0.184755 0.657363
    70 -5.032242 1.551234 -0.005137 0.016347 0.021180 0.771437
    71 -4.626552 1.546626 -0.008850 0.013664 0.019450 0.681603
    72 -5.529556 -6.162329 2.227430 0.390550 -0.040937 -1.239306
    73 -7.683895 -8.741017 5.991345 0.177366 -1.380541 2.992474
    74 -9.397378 0.080413 -1.283849 -0.338706 1.118533 -0.801201
    75 -8.378910 -8.780161 0.380765 0.028210 -0.044569 -1.671662
    76 -5.790666 -9.026988 2.867471 -1.852460 -0.161967 0.207076
    77 0.338370 -3.144783 12.118679 2.573181 0.131688 0.533423
    78 -4.354403 1.459486 -0.008461 0.010130 0.016584 0.553537
    79 -3.627951 1.410715 -0.013721 0.009170 0.015664 0.516136
    80 -1.830639 1.231442 2.816198 0.243480 -0.132720 -0.126835
    81 -5.985261 1.485136 0.006221 0.020172 0.023111 0.892048
    82 -8.755221 0.297015 0.073354 0.037799 0.025838 1.399277
    83 -5.400910 2.822195 0.968758 0.025595 -0.150713 0.560355
    84 -9.643356 -0.421030 0.106429 0.043974 0.024660 1.576349
    85 -3.766350 1.399735 -0.012024 0.008936 0.015428 0.506771
    86 -6.258360 2.479772 -0.342655 -0.063682 -0.112066 0.735080
    87 -8.572333 0.418943 0.067432 0.036592 0.025938 1.365207
    88 -7.095986 1.213811 0.026113 0.026449 0.025150 1.077981
    89 -5.747709 2.159776 -1.269204 -0.121725 -0.115569 0.713352
    90 -7.351171 0.994610 0.036058 0.029811 0.025738 1.174049
    91 -7.915823 0.770521 0.049122 0.032719 0.025983 1.256176
    92 -8.835773 -8.744256 -0.011210 -0.065329 -0.043820 -1.670809
    93 -9.238615 4.938667 9.410547 -0.090060 0.167177 0.211205
    94 -2.905879 -8.653268 0.906271 0.127367 0.111900 -1.770441
    95 6.952964 37.444174 -18.980250 -0.000000 0.000000 0.000000
    96 0.170270 -9.262669 2.885665 -0.000000 0.000000 0.000000
    97 1.284849 8.596611 3.538485 0.201281 -0.510292 0.129611
    98 -2.766343 1.856667 0.078573 0.420477 0.528699 0.165950
    99 0.224193 -2.027255 2.584113 -0.000000 0.000000 0.000000
    100 0.236503 0.729332 1.174515 -0.000000 0.000000 0.000000
    101 4.815344 26.924086 -28.145789 -0.006859 0.024546 0.010606
    102 0.006184 0.042616 0.630944 0.000000 -0.000000 -0.000000
    103 0.004332 0.048951 0.425775 0.000000 -0.000000 -0.000000
    104 0.002551 0.054555 0.229012 0.000000 -0.000000 -0.000000
    105 -0.003175 0.048655 -0.383507 0.000000 -0.000000 -0.000000
    106 -7.917468 -17.596449 8.317367 0.009487 0.017493 1.571866
    107 -7.923080 -12.240079 8.713215 -1.552244 0.339525 -3.134344
    108 -8.216996 -16.481173 7.306713 -0.017493 0.009486 0.000904
    109 -8.458077 -10.976725 5.004138 0.293094 0.009486 0.000904
    110 -0.000000 -0.000000 -0.000000 -0.000000 0.000000 0.000000
    111 -0.000000 -0.000000 -0.000000 -0.000000 0.000000 0.000000
    112 -0.000000 -0.000000 -0.000000 -0.000000 0.000000 0.000000
    113 -0.000000 -0.000000 -0.000000 -0.000000 0.000000 0.000000
  time 23
    0 0.000000 0.000000 0.000000 0.000000 0.000000 0.000000
    1 0.000000 500.000000 0.000000 0.000000 -0.000000 0.000000
    2 0.000000 500.000000 0.000000 0.000000 -0.000000 0.000000
    3 0.000000 500.000000 0.000000 0.000000 -0.000000 0.000000
    4 0.000000 500.000000 0.000000 0.000000 -0.000000 0.000000
    5 0.000000 500.000000 0.000000 0.000000 -0.000000 0.000000
    6 0.000000 500.000000 0.000000 0.000000 -0.000000 0.000000
    7 0.000000 500.000000 0.000000 0.000000 -0.000000 0.000000
    8 0.000000 500.000000 0.000000 0.000000 -0.000000 0.000000
    9 0.000000 500.000000 0.000000 0.000000 -0.000000 0.000000
    10 0.000000 500.000000 0.000000 0.000000 -0.000000 0.000000
    11 0.000000 500.000000 0.000000 0.000000 -0.000000 0.000000
    12 0.000000 500.000000 0.000000 0.000000 -0.000000 0.000000
    13 0.000000 500.000000 0.000000 0.000000 -0.000000 0.000000
    14 0.000000 500.000000 0.000000 0.000000 -0.000000 0.000000
    15 0.000000 500.000000 0.000000 0.000000 -0.000000 0.000000
    16 0.000000 500.000000 0.000000 0.000000 -0.000000 0.000000
    17 0.000000 500.000000 0.000000 0.000000 -0.000000 0.000000
    18 0.000000 500.000000 0.000000 0.000000 -0.000000 0.000000
    19 0.000000 500.000000 0.000000 0.000000 -0.000000 0.000000
    20 0.000000 500.000000 0.000000 0.000000 -0.000000 0.000000
    21 0.000000 500.000000 0.000000 0.000000 -0.000000 0.000000
    22 0.000000 500.000000 0.000000 0.000000 -0.000000 0.000000
    23 0.000000 500.000000 0.000000 0.000000 -0.000000 0.000000
    24 0.000000 500.000000 0.000000 0.000000 -0.000000 0.000000
    25 0.000000 500.000000 0.000000 0.000000 -0.000000 0.000000
    26 0.000000 500.000000 0.000000 0.000000 -0.000000 0.000000
    27 0.000000 500.000000 0.000000 0.000000 -0.000000 0.000000
    28 0.000000 500.000000 0.000000 0.000000 -0.000000 0.000000
    29 0.000000 500.000000 0.000000 0.000000 -0.000000 0.000000
    30 0.000000 500.000000 0.000000 0.000000 -0.000000 0.000000
    31 0.000000 500.000000 0.000000 0.000000 -0.000000 0.000000
    32 0.000000 500.000000 0.000000 0.000000 -0.000000 0.000000
    33 0.000000 500.000000 0.000000 0.000000 -0.000000 0.000000
    34 0.000000 500.000000 0.000000 0.000000 -0.000000 0.000000
    35 0.000000 500.000000 0.000000 0.000000 -0.000000 0.000000
    36 0.000000 500.000000 0.000000 0.000000 -0.000000 0.000000
    37 0.000000 500.000000 0.000000 0.000000 -0.000000 0.000000
    38 0.000000 500.000000 0.000000 0.000000 -0.000000 0.000000
    39 0.000000 500.000000 0.000000 0.000000 -0.000000 0.000000
    40 0.000000 500.000000 0.000000 0.000000 -0.000000 0.000000
    41 0.000000 500.000000 0.000000 0.000000 -0.000000 0.000000
    42 0.000000 500.000000 0.000000 0.000000 -0.000000 0.000000
    43 0.000000 500.000000 0.000000 0.000000 -0.000000 0.000000
    44 0.000000 500.000000 0.000000 0.000000 -0.000000 0.000000
    45 0.000000 500.000000 0.000000 0.000000 -0.000000 0.000000
    46 0.000000 500.000000 0.000000 0.000000 -0.000000 0.000000
    47 0.000000 500.000000 0.000000 0.000000 -0.000000 0.000000
    48 -5.596546 -0.250892 -20.093445 0.034174 -0.013512 1.569515
    49 0.480041 0.245986 0.685093 -0.005882 1.526905 -1.618466
    50 -4.641475 0.174681 0.038314 0.000012 0.000029 0.000795
    51 -4.393185 0.042116 0.040471 0.000000 0.000000 -0.000000
    52 -9.748773 1.097161 0.055419 0.000016 0.000059 0.001711
    53 3.040856 -13.026021 5.842544 1.128730 0.654396 -2.269924
    54 -6.278107 -11.191208 6.782891 0.376465 -1.030748 -2.151372
    55 -6.887334 -6.698595 0.295216 0.014062 -0.038803 -1.238450
    56 -6.513062 -3.546508 10.803493 2.692339 0.082736 0.504078
    57 1.557132 -8.424385 0.232308 -1.213621 -0.478482 -0.087606
    58 -1.737343 0.270017 0.007324 0.000716 0.002274 0.067053
    59 -1.021998 0.093942 0.006532 0.000217 0.000747 0.021882
    60 -1.617024 -0.547710 -0.754767 -0.244311 -0.260638 0.007932
    61 -5.607236 1.531876 0.001013 0.018117 0.022146 0.828173
    62 -4.794851 1.549590 -0.007346 0.013844 0.019577 0.687808
    63 -6.596516 2.860080 0.339653 0.113041 -0.010478 0.633316
    64 -4.122210 1.458595 -0.010646 0.010154 0.016605 0.554431
    65 -4.573041 1.531267 -0.008834 0.012585 0.018653 0.643870
    66 -6.645570 2.940116 1.321941 0.205535 0.053813 0.580153
    67 -4.668782 1.543299 -0.008333 0.013331 0.019212 0.670097
    68 -5.498457 1.543711 -0.000432 0.017343 0.021740 0.803593
    69 -7.729378 3.432160 3.180980 0.491883 0.184755 0.657363
    70 -5.032242 1.551234 -0.005138 0.016347 0.021180 0.771437
    71 -4.626552 1.546626 -0.008850 0.013664 0.019450 0.681603
    72 -5.521491 -6.177959 2.259288 0.396008 -0.041006 -1.242502
    73 -7.683895 -8.741017 5.991345 0.177366 -1.380541 2.992474
    74 -9.397381 0.080254 -1.283959 -0.338748 1.118515 -0.801239
    75 -8.378987 -8.780231 0.380768 0.028210 -0.044569 -1.671680
    76 -5.703841 -8.948816 2.918367 -1.863343 -0.159179 0.227109
    77 0.338370 -3.144783 12.118679 2.573181 0.131688 0.533423
    78 -4.354403 1.459486 -0.008461 0.010130 0.016584 0.553537
    79 -3.627951 1.410715 -0.013721 0.009170 0.015664 0.516136
    80 -1.830639 1.231442 2.816198 0.243480 -0.132720 -0.126835
    81 -5.648424 1.527969 0.001540 0.018337 0.022257 0.835109
    82 -8.696897 0.341891 0.071258 0.037362 0.025879 1.386932
    83 -5.400910 2.822195 0.968758 0.025595 -0.150713 0.560355
    84 -9.643356 -0.421030 0.106429 0.043974 0.024660 1.576349
    85 -3.766350 1.399735 -0.012024 0.008936 0.015428 0.506771
    86 -6.258360 2.479772 -0.342655 -0.063682 -0.112066 0.735080
    87 -8.572333 0.418943 0.067432 0.036592 0.025938 1.365207
    88 -7.095986 1.213811 0.026113 0.026449 0.025150 1.077981
    89 -5.747706 2.159776 -1.269204 -0.121725 -0.115569 0.713351
    90 -7.351171 0.994610 0.036058 0.029811 0.025738 1.174049
    91 -7.915823 0.770521 0.049122 0.032719 0.025983 1.256176
    92 -8.856162 -8.742663 -0.026986 -0.069325 -0.043786 -1.670791
    93 -9.117247 4.919265 9.443209 -0.097905 0.147276 0.210130
    94 -2.905879 -8.653268 0.906271 0.127367 0.111900 -1.770441
    95 6.952965 37.444176 -18.980251 0.000000 -0.000000 -0.000000
    96 0.170270 -9.262669 2.885665 0.000000 -0.000000 -0.000000
    97 1.156752 8.789398 3.971832 0.275825 -0.527621 0.116365
    98 -2.735449 1.977835 0.263299 0.455116 0.525066 0.177325
    99 0.224193 -2.027255 2.584113 0.000000 -0.000000 -0.000000
    100 0.236503 0.729332 1.174515 0.000000 -0.000000 -0.000000
    101 4.918263 27.325005 -27.244257 0.016286 0.020847 0.010527
    102 0.006184 0.042617 0.630944 0.000000 -0.000000 -0.000000
    103 0.004331 0.048951 0.425774 0.000000 -0.000000 -0.000000
    104 0.002551 0.054556 0.229012 0.000000 -0.000000 -0.000000
    105 -0.003175 0.048655 -0.383507 0.000000 -0.000000 -0.000000
    106 -7.917468 -17.596449 8.317367 0.009487 0.017493 1.571866
    107 -7.923080 -12.240079 8.713215 -1.552244 0.339525 -3.134344
    108 -8.216996 -16.481173 7.306713 -0.017493 0.009486 0.000904
    109 -8.458077 -10.976725 5.004138 0.293094 0.009486 0.000904
    110 -0.000000 0.000000 0.000000 0.000000 -0.000000 -0.000000
    111 -0.000000 0.000000 0.000000 0.000000 -0.000000 -0.000000
    112 -0.000000 0.000000 0.000000 0.000000 -0.000000 -0.000000
    113 -0.000000 0.000000 0.000000 0.000000 -0.000000 -0.000000
  time 24
    0 0.000000 0.000000 0.000000 0.000000 0.000000 0.000000
    1 0.000000 500.000000 0.000000 0.000000 -0.000000 0.000000
    2 0.000000 500.000000 0.000000 0.000000 -0.000000 0.000000
    3 0.000000 500.000000 0.000000 0.000000 -0.000000 0.000000
    4 0.000000 500.000000 0.000000 0.000000 -0.000000 0.000000
    5 0.000000 500.000000 0.000000 0.000000 -0.000000 0.000000
    6 0.000000 500.000000 0.000000 0.000000 -0.000000 0.000000
    7 0.000000 500.000000 0.000000 0.000000 -0.000000 0.000000
    8 0.000000 500.000000 0.000000 0.000000 -0.000000 0.000000
    9 0.000000 500.000000 0.000000 0.000000 -0.000000 0.000000
    10 0.000000 500.000000 0.000000 0.000000 -0.000000 0.000000
    11 0.000000 500.000000 0.000000 0.000000 -0.000000 0.000000
    12 0.000000 500.000000 0.000000 0.000000 -0.000000 0.000000
    13 0.000000 500.000000 0.000000 0.000000 -0.000000 0.000000
    14 0.000000 500.000000 0.000000 0.000000 -0.000000 0.000000
    15 0.000000 500.000000 0.000000 0.000000 -0.000000 0.000000
    16 0.000000 500.000000 0.000000 0.000000 -0.000000 0.000000
    17 0.000000 500.000000 0.000000 0.000000 -0.000000 0.000000
    18 0.000000 500.000000 0.000000 0.000000 -0.000000 0.000000
    19 0.000000 500.000000 0.000000 0.000000 -0.000000 0.000000
    20 0.000000 500.000000 0.000000 0.000000 -0.000000 0.000000
    21 0.000000 500.000000 0.000000 0.000000 -0.000000 0.000000
    22 0.000000 500.000000 0.000000 0.000000 -0.000000 0.000000
    23 0.000000 500.000000 0.000000 0.000000 -0.000000 0.000000
    24 0.000000 500.000000 0.000000 0.000000 -0.000000 0.000000
    25 0.000000 500.000000 0.000000 0.000000 -0.000000 0.000000
    26 0.000000 500.000000 0.000000 0.000000 -0.000000 0.000000
    27 0.000000 500.000000 0.000000 0.000000 -0.000000 0.000000
    28 0.000000 500.000000 0.000000 0.000000 -0.000000 0.000000
    29 0.000000 500.000000 0.000000 0.000000 -0.000000 0.000000
    30 0.000000 500.000000 0.000000 0.000000 -0.000000 0.000000
    31 0.000000 500.000000 0.000000 0.000000 -0.000000 0.000000
    32 0.000000 500.000000 0.000000 0.000000 -0.000000 0.000000
    33 0.000000 500.000000 0.000000 0.000000 -0.000000 0.000000
    34 0.000000 500.000000 0.000000 0.000000 -0.000000 0.000000
    35 0.000000 500.000000 0.000000 0.000000 -0.000000 0.000000
    36 0.000000 500.000000 0.000000 0.000000 -0.000000 0.000000
    37 0.000000 500.000000 0.000000 0.000000 -0.000000 0.000000
    38 0.000000 500.000000 0.000000 0.000000 -0.000000 0.000000
    39 0.000000 500.000000 0.000000 0.000000 -0.000000 0.000000
    40 0.000000 500.000000 0.000000 0.000000 -0.000000 0.000000
    41 0.000000 500.000000 0.000000 0.000000 -0.000000 0.000000
    42 0.000000 500.000000 0.000000 0.000000 -0.000000 0.000000
    43 0.000000 500.000000 0.000000 0.000000 -0.000000 0.000000
    44 0.000000 500.000000 0.000000 0.000000 -0.000000 0.000000
    45 0.000000 500.000000 0.000000 0.000000 -0.000000 0.000000
    46 0.000000 500.000000 0.000000 0.000000 -0.000000 0.000000
    47 0.000000 500.000000 0.000000 0.000000 -0.000000 0.000000
    48 -5.597123 -0.316572 -20.114624 0.034165 -0.014749 1.569515
    49 0.480041 0.245986 0.685093 -0.005882 1.526905 -1.618466
    50 -4.641475 0.174681 0.038314 0.000012 0.000029 0.000795
    51 -4.393184 0.042116 0.040471 -0.000000 0.000000 -0.000000
    52 -9.748773 1.097161 0.055419 0.000016 0.000059 0.001711
    53 3.040855 -13.026021 5.842543 1.128730 0.654396 -2.269924
    54 -6.273767 -11.190419 6.780517 0.374245 -1.031659 -2.149237
    55 -6.892944 -6.711631 0.295716 0.014132 -0.038851 -1.240831
    56 -6.537136 -3.547072 10.822896 2.699907 0.075406 0.517207
    57 1.557132 -8.424385 0.232308 -1.213621 -0.478482 -0.087606
    58 -1.746210 0.277025 0.007169 0.000739 0.002338 0.068947
    59 -1.050312 0.118371 0.005965 0.000282 0.000960 0.028148
    60 -1.617025 -0.547710 -0.754767 -0.244311 -0.260638 0.007932
    61 -5.607236 1.531875 0.001013 0.018117 0.022146 0.828173
    62 -4.794850 1.549590 -0.007346 0.013844 0.019577 0.687808
    63 -6.596516 2.860080 0.339653 0.113041 -0.010478 0.633316
    64 -4.122210 1.458595 -0.010646 0.010154 0.016605 0.554431
    65 -4.573040 1.531267 -0.008834 0.012585 0.018653 0.643870
    66 -6.645570 2.940116 1.321941 0.205535 0.053813 0.580153
    67 -4.668783 1.543299 -0.008333 0.013331 0.019212 0.670097
    68 -5.498457 1.543711 -0.000432 0.017343 0.021740 0.803593
    69 -7.729378 3.432159 3.180978 0.491882 0.184755 0.657363
    70 -5.032242 1.551234 -0.005137 0.016347 0.021180 0.771437
    71 -4.626552 1.546625 -0.008851 0.013664 0.019450 0.681603
    72 -5.515707 -6.190030 2.283093 0.400069 -0.041066 -1.244931
    73 -7.683895 -8.741017 5.991345 0.177366 -1.380541 2.992474
    74 -9.397355 0.081381 -1.283180 -0.338450 1.118643 -0.800970
    75 -8.378442 -8.779740 0.380746 0.028206 -0.044568 -1.671557
    76 -5.641358 -8.892378 2.959666 -1.871746 -0.157428 0.241565
    77 0.338370 -3.144783 12.118679 2.573181 0.131688 0.533423
    78 -4.354403 1.459486 -0.008461 0.010130 0.016584 0.553537
    79 -3.627951 1.410715 -0.013720 0.009170 0.015664 0.516136
    80 -1.830639 1.231442 2.816199 0.243480 -0.132720 -0.126835
    81 -5.373646 1.548600 -0.001788 0.016886 0.021488 0.788908
    82 -8.639921 0.384637 0.069250 0.036939 0.025914 1.374984
    83 -5.400912 2.822195 0.968757 0.025595 -0.150713 0.560355
    84 -9.643356 -0.421030 0.106429 0.043974 0.024660 1.576349
    85 -3.766350 1.399735 -0.012024 0.008936 0.015428 0.506771
    86 -6.258360 2.479772 -0.342655 -0.063682 -0.112066 0.735080
    87 -8.572334 0.418942 0.067432 0.036592 0.025938 1.365208
    88 -7.095986 1.213811 0.026113 0.026449 0.025150 1.077981
    89 -5.747707 2.159776 -1.269204 -0.121725 -0.115569 0.713351
    90 -7.351171 0.994610 0.036058 0.029811 0.025738 1.174049
    91 -7.915823 0.770521 0.049122 0.032719 0.025983 1.256176
    92 -8.871511 -8.740939 -0.039256 -0.072447 -0.043760 -1.670641
    93 -9.025731 4.900984 9.464245 -0.104194 0.132638 0.209075
    94 -2.905879 -8.653268 0.906271 0.127367 0.111900 -1.770441
    95 6.952964 37.444176 -18.980250 0.000000 0.000000 -0.000000
    96 0.170270 -9.262669 2.885665 0.000000 0.000000 -0.000000
    97 1.136098 8.774407 3.809154 0.246825 -0.522260 0.133945
    98 -2.798311 1.770902 -0.047783 0.395876 0.529931 0.160396
    99 0.224193 -2.027256 2.584113 0.000000 0.000000 -0.000000
    100 0.236503 0.729332 1.174515 0.000000 0.000000 -0.000000
    101 5.014446 27.603649 -26.588045 0.033085 0.017607 0.010098
    102 0.006184 0.042617 0.630944 -0.000000 0.000000 0.000000
    103 0.004332 0.048952 0.425774 -0.000000 0.000000 0.000000
    104 0.002551 0.054556 0.229012 -0.000000 0.000000 0.000000
    105 -0.003175 0.048655 -0.383507 -0.000000 0.000000 0.000000
    106 -7.917468 -17.596449 8.317367 0.009487 0.017493 1.571866
    107 -7.923080 -12.240079 8.713215 -1.552244 0.339525 -3.134344
    108 -8.216996 -16.481173 7.306713 -0.017493 0.009486 0.000904
    109 -8.458077 -10.976725 5.004138 0.293094 0.009486 0.000904
    110 -0.000000 -0.000000 -0.000000 0.000000 0.000000 -0.000000
    111 -0.000000 -0.000000 -0.000000 0.000000 0.000000 -0.000000
    112 -0.000000 -0.000000 -0.000000 0.000000 0.000000 -0.000000
    113 -0.000000 -0.000000 -0.000000 0.000000 0.000000 -0.000000
  time 25
    0 0.000000 0.000000 0.000000 0.000000 0.000000 0.000000
    1 0.000000 500.000000 0.000000 0.000000 -0.000000 0.000000
    2 0.000000 500.000000 0.000000 0.000000 -0.000000 0.000000
    3 0.000000 500.000000 0.000000 0.000000 -0.000000 0.000000
    4 0.000000 500.000000 0.000000 0.000000 -0.000000 0.000000
    5 0.000000 500.000000 0.000000 0.000000 -0.000000 0.000000
    6 0.000000 500.000000 0.000000 0.000000 -0.000000 0.000000
    7 0.000000 500.000000 0.000000 0.000000 -0.000000 0.000000
    8 0.000000 500.000000 0.000000 0.000000 -0.000000 0.000000
    9 0.000000 500.000000 0.000000 0.000000 -0.000000 0.000000
    10 0.000000 500.000000 0.000000 0.000000 -0.000000 0.000000
    11 0.000000 500.000000 0.000000 0.000000 -0.000000 0.000000
    12 0.000000 500.000000 0.000000 0.000000 -0.000000 0.000000
    13 0.000000 500.000000 0.000000 0.000000 -0.000000 0.000000
    14 0.000000 500.000000 0.000000 0.000000 -0.000000 0.000000
    15 0.000000 500.000000 0.000000 0.000000 -0.000000 0.000000
    16 0.000000 500.000000 0.000000 0.000000 -0.000000 0.000000
    17 0.000000 500.000000 0.000000 0.000000 -0.000000 0.000000
    18 0.000000 500.000000 0.000000 0.000000 -0.000000 0.000000
    19 0.000000 500.000000 0.000000 0.000000 -0.000000 0.000000
    20 0.000000 500.000000 0.000000 0.000000 -0.000000 0.000000
    21 0.000000 500.000000 0.000000 0.000000 -0.000000 0.000000
    22 0.000000 500.000000 0.000000 0.000000 -0.000000 0.000000
    23 0.000000 500.000000 0.000000 0.000000 -0.000000 0.000000
    24 0.000000 500.000000 0.000000 0.000000 -0.000000 0.000000
    25 0.000000 500.000000 0.000000 0.000000 -0.000000 0.000000
    26 0.000000 500.000000 0.000000 0.000000 -0.000000 0.000000
    27 0.000000 500.000000 0.000000 0.000000 -0.000000 0.000000
    28 0.000000 500.000000 0.000000 0.000000 -0.000000 0.000000
    29 0.000000 500.000000 0.000000 0.000000 -0.000000 0.000000
    30 0.000000 500.000000 0.000000 0.000000 -0.000000 0.000000
    31 0.000000 500.000000 0.000000 0.000000 -0.000000 0.000000
    32 0.000000 500.000000 0.000000 0.000000 -0.000000 0.000000
    33 0.000000 500.000000 0.000000 0.000000 -0.000000 0.000000
    34 0.000000 500.000000 0.000000 0.000000 -0.000000 0.000000
    35 0.000000 500.000000 0.000000 0.000000 -0.000000 0.000000
    36 0.000000 500.000000 0.000000 0.000000 -0.000000 0.000000
    37 0.000000 500.000000 0.000000 0.000000 -0.000000 0.000000
    38 0.000000 500.000000 0.000000 0.000000 -0.000000 0.000000
    39 0.000000 500.000000 0.000000 0.000000 -0.000000 0.000000
    40 0.000000 500.000000 0.000000 0.000000 -0.000000 0.000000
    41 0.000000 500.000000 0.000000 0.000000 -0.000000 0.000000
    42 0.000000 500.000000 0.000000 0.000000 -0.000000 0.000000
    43 0.000000 500.000000 0.000000 0.000000 -0.000000 0.000000
    44 0.000000 500.000000 0.000000 0.000000 -0.000000 0.000000
    45 0.000000 500.000000 0.000000 0.000000 -0.000000 0.000000
    46 0.000000 500.000000 0.000000 0.000000 -0.000000 0.000000
    47 0.000000 500.000000 0.000000 0.000000 -0.000000 0.000000
    48 -5.597558 -0.366228 -20.142820 0.034158 -0.015612 1.569516
    49 0.480041 0.245986 0.685093 -0.005882 1.526905 -1.618466
    50 -4.641475 0.174681 0.038314 0.000012 0.000029 0.000795
    51 -4.393183 0.042116 0.040471 -0.000000 0.000000 0.000000
    52 -9.748773 1.097161 0.055419 0.000016 0.000059 0.001711
    53 3.040854 -13.026022 5.842542 1.128730 0.654396 -2.269924
    54 -6.269883 -11.189750 6.778245 0.372234 -1.032454 -2.147303
    55 -6.897819 -6.722891 0.296148 0.014192 -0.038892 -1.242891
    56 -6.559330 -3.547301 10.840610 2.706051 0.068894 0.528343
    57 1.557132 -8.424385 0.232308 -1.213621 -0.478482 -0.087606
    58 -1.757078 0.285578 0.006979 0.000766 0.002415 0.071264
    59 -1.085161 0.148016 0.005282 0.000364 0.001221 0.035814
    60 -1.617025 -0.547709 -0.754766 -0.244311 -0.260638 0.007932
    61 -5.607236 1.531875 0.001012 0.018117 0.022146 0.828173
    62 -4.794850 1.549590 -0.007346 0.013844 0.019577 0.687808
    63 -6.596516 2.860080 0.339654 0.113041 -0.010478 0.633316
    64 -4.122211 1.458595 -0.010646 0.010154 0.016605 0.554431
    65 -4.573040 1.531267 -0.008834 0.012585 0.018653 0.643870
    66 -6.645570 2.940116 1.321941 0.205535 0.053813 0.580153
    67 -4.668783 1.543299 -0.008333 0.013331 0.019212 0.670097
    68 -5.498457 1.543711 -0.000432 0.017343 0.021740 0.803593
    69 -7.729379 3.432158 3.180975 0.491882 0.184755 0.657363
    70 -5.032242 1.551233 -0.005137 0.016347 0.021180 0.771437
    71 -4.626552 1.546624 -0.008851 0.013664 0.019450 0.681603
    72 -5.510915 -6.200581 2.303446 0.403533 -0.041123 -1.247030
    73 -7.683895 -8.741018 5.991345 0.177366 -1.380541 2.992474
    74 -9.397315 0.083059 -1.282018 -0.338005 1.118832 -0.800569
    75 -8.377630 -8.779010 0.380713 0.028200 -0.044567 -1.671373
    76 -5.589360 -8.845132 2.996835 -1.879089 -0.156106 0.253634
    77 0.338370 -3.144783 12.118679 2.573181 0.131688 0.533423
    78 -4.354403 1.459486 -0.008461 0.010130 0.016584 0.553537
    79 -3.627951 1.410715 -0.013720 0.009170 0.015664 0.516136
    80 -1.830639 1.231442 2.816199 0.243480 -0.132720 -0.126835
    81 -5.125645 1.556307 -0.004419 0.015611 0.020739 0.747308
    82 -8.583255 0.426109 0.067289 0.036521 0.025943 1.363204
    83 -5.400916 2.822196 0.968757 0.025595 -0.150713 0.560356
    84 -9.643356 -0.421030 0.106429 0.043974 0.024660 1.576349
    85 -3.766350 1.399735 -0.012024 0.008936 0.015428 0.506771
    86 -6.258360 2.479772 -0.342655 -0.063682 -0.112066 0.735080
    87 -8.572336 0.418940 0.067432 0.036593 0.025938 1.365208
    88 -7.095986 1.213811 0.026113 0.026449 0.025150 1.077981
    89 -5.747711 2.159776 -1.269204 -0.121725 -0.115569 0.713352
    90 -7.351171 0.994610 0.036058 0.029811 0.025738 1.174049
    91 -7.915823 0.770521 0.049122 0.032719 0.025983 1.256176
    92 -8.884709 -8.739160 -0.050014 -0.075194 -0.043736 -1.670434
    93 -8.947032 4.883172 9.480489 -0.109809 0.120252 0.208046
    94 -2.905879 -8.653268 0.906271 0.127367 0.111900 -1.770441
    95 6.952964 37.444175 -18.980248 -0.000000 -0.000000 -0.000000
    96 0.170270 -9.262669 2.885665 -0.000000 -0.000000 -0.000000
    97 1.160843 8.656064 3.393747 0.174196 -0.505775 0.163825
    98 -2.892430 1.385794 -0.545989 0.295848 0.536377 0.130542
    99 0.224194 -2.027256 2.584113 -0.000000 -0.000000 -0.000000
    100 0.236503 0.729332 1.174515 -0.000000 -0.000000 -0.000000
    101 5.107697 27.829735 -26.036887 0.047169 0.014571 0.009505
    102 0.006184 0.042618 0.630944 -0.000000 0.000000 -0.000000
    103 0.004332 0.048952 0.425775 -0.000000 0.000000 -0.000000
    104 0.002551 0.054555 0.229013 -0.000000 0.000000 -0.000000
    105 -0.003176 0.048655 -0.383507 -0.000000 0.000000 -0.000000
    106 -7.917468 -17.596449 8.317367 0.009487 0.017493 1.571866
    107 -7.923080 -12.240079 8.713215 -1.552244 0.339525 -3.134344
    108 -8.216996 -16.481173 7.306713 -0.017493 0.009486 0.000904
    109 -8.458077 -10.976725 5.004138 0.293094 0.009486 0.000904
    110 -0.000000 0.000000 -0.000000 -0.000000 -0.000000 -0.000000
    111 -0.000000 0.000000 -0.000000 -0.000000 -0.000000 -0.000000
    112 -0.000000 0.000000 -0.000000 -0.000000 -0.000000 -0.000000
    113 -0.000000 0.000000 -0.000000 -0.000000 -0.000000 -0.000000
  time 26
    0 0.000000 0.000000 0.000000 0.000000 0.000000 0.000000
    1 0.000000 500.000000 0.000000 0.000000 -0.000000 0.000000
    2 0.000000 500.000000 0.000000 0.000000 -0.000000 0.000000
    3 0.000000 500.000000 0.000000 0.000000 -0.000000 0.000000
    4 0.000000 500.000000 0.000000 0.000000 -0.000000 0.000000
    5 0.000000 500.000000 0.000000 0.000000 -0.000000 0.000000
    6 0.000000 500.000000 0.000000 0.000000 -0.000000 0.000000
    7 0.000000 500.000000 0.000000 0.000000 -0.000000 0.000000
    8 0.000000 500.000000 0.000000 0.000000 -0.000000 0.000000
    9 0.000000 500.000000 0.000000 0.000000 -0.000000 0.000000
    10 0.000000 500.000000 0.000000 0.000000 -0.000000 0.000000
    11 0.000000 500.000000 0.000000 0.000000 -0.000000 0.000000
    12 0.000000 500.000000 0.000000 0.000000 -0.000000 0.000000
    13 0.000000 500.000000 0.000000 0.000000 -0.000000 0.000000
    14 0.000000 500.000000 0.000000 0.000000 -0.000000 0.000000
    15 0.000000 500.000000 0.000000 0.000000 -0.000000 0.000000
    16 0.000000 500.000000 0.000000 0.000000 -0.000000 0.000000
    17 0.000000 500.000000 0.000000 0.000000 -0.000000 0.000000
    18 0.000000 500.000000 0.000000 0.000000 -0.000000 0.000000
    19 0.000000 500.000000 0.000000 0.000000 -0.000000 0.000000
    20 0.000000 500.000000 0.000000 0.000000 -0.000000 0.000000
    21 0.000000 500.000000 0.000000 0.000000 -0.000000 0.000000
    22 0.000000 500.000000 0.000000 0.000000 -0.000000 0.000000
    23 0.000000 500.000000 0.000000 0.000000 -0.000000 0.000000
    24 0.000000 500.000000 0.000000 0.000000 -0.000000 0.000000
    25 0.000000 500.000000 0.000000 0.000000 -0.000000 0.000000
    26 0.000000 500.000000 0.000000 0.000000 -0.000000 0.000000
    27 0.000000 500.000000 0.000000 0.000000 -0.000000 0.000000
    28 0.000000 500.000000 0.000000 0.000000 -0.000000 0.000000
    29 0.000000 500.000000 0.000000 0.000000 -0.000000 0.000000
    30 0.000000 500.000000 0.000000 0.000000 -0.000000 0.000000
    31 0.000000 500.000000 0.000000 0.000000 -0.000000 0.000000
    32 0.000000 500.000000 0.000000 0.000000 -0.000000 0.000000
    33 0.000000 500.000000 0.000000 0.000000 -0.000000 0.000000
    34 0.000000 500.000000 0.000000 0.000000 -0.000000 0.000000
    35 0.000000 500.000000 0.000000 0.000000 -0.000000 0.000000
    36 0.000000 500.000000 0.000000 0.000000 -0.000000 0.000000
    37 0.000000 500.000000 0.000000 0.000000 -0.000000 0.000000
    38 0.000000 500.000000 0.000000 0.000000 -0.000000 0.000000
    39 0.000000 500.000000 0.000000 0.000000 -0.000000 0.000000
    40 0.000000 500.000000 0.000000 0.000000 -0.000000 0.000000
    41 0.000000 500.000000 0.000000 0.000000 -0.000000 0.000000
    42 0.000000 500.000000 0.000000 0.000000 -0.000000 0.000000
    43 0.000000 500.000000 0.000000 0.000000 -0.000000 0.000000
    44 0.000000 500.000000 0.000000 0.000000 -0.000000 0.000000
    45 0.000000 500.000000 0.000000 0.000000 -0.000000 0.000000
    46 0.000000 500.000000 0.000000 0.000000 -0.000000 0.000000
    47 0.000000 500.000000 0.000000 0.000000 -0.000000 0.000000
    48 -5.597994 -0.415887 -20.171011 0.034152 -0.016475 1.569516
    49 0.480041 0.245986 0.685093 -0.005882 1.526905 -1.618466
    50 -4.641475 0.174681 0.038314 0.000012 0.000029 0.000795
    51 -4.393182 0.042116 0.040471 -0.000000 -0.000000 0.000000
    52 -9.748773 1.097161 0.055419 0.000016 0.000059 0.001711
    53 3.040853 -13.026023 5.842540 1.128729 0.654396 -2.269925
    54 -6.266002 -11.189081 6.775968 0.370217 -1.033246 -2.145363
    55 -6.902718 -6.734142 0.296581 0.014253 -0.038933 -1.244950
    56 -6.581566 -3.547920 10.858264 2.712120 0.062313 0.539434
    57 1.557132 -8.424385 0.232308 -1.213621 -0.478482 -0.087606
    58 -1.767965 0.294105 0.006791 0.000794 0.002493 0.073581
    59 -1.120235 0.177393 0.004610 0.000447 0.001480 0.043479
    60 -1.617026 -0.547708 -0.754764 -0.244311 -0.260638 0.007932
    61 -5.607236 1.531874 0.001010 0.018117 0.022146 0.828173
    62 -4.794849 1.549590 -0.007346 0.013844 0.019577 0.687808
    63 -6.596516 2.860080 0.339654 0.113041 -0.010478 0.633316
    64 -4.122212 1.458595 -0.010646 0.010154 0.016605 0.554431
    65 -4.573040 1.531267 -0.008834 0.012585 0.018653 0.643870
    66 -6.645570 2.940116 1.321941 0.205535 0.053813 0.580153
    67 -4.668784 1.543299 -0.008333 0.013331 0.019212 0.670097
    68 -5.498457 1.543711 -0.000432 0.017343 0.021740 0.803593
    69 -7.729380 3.432157 3.180972 0.491881 0.184756 0.657363
    70 -5.032242 1.551233 -0.005137 0.016347 0.021180 0.771437
    71 -4.626552 1.546624 -0.008852 0.013664 0.019450 0.681603
    72 -5.506211 -6.211163 2.323804 0.406996 -0.041172 -1.249129
    73 -7.683895 -8.741019 5.991345 0.177366 -1.380541 2.992474
    74 -9.397275 0.084737 -1.280857 -0.337560 1.119022 -0.800167
    75 -8.376818 -8.778279 0.380680 0.028193 -0.044566 -1.671190
    76 -5.537902 -8.797048 3.033679 -1.886414 -0.154697 0.265689
    77 0.338370 -3.144783 12.118679 2.573181 0.131688 0.533423
    78 -4.354403 1.459486 -0.008461 0.010130 0.016584 0.553537
    79 -3.627951 1.410715 -0.013719 0.009170 0.015664 0.516136
    80 -1.830639 1.231442 2.816199 0.243480 -0.132720 -0.126835
    81 -4.877534 1.553698 -0.006698 0.014368 0.019938 0.705711
    82 -8.526104 0.466911 0.065347 0.036103 0.025967 1.351425
    83 -5.400920 2.822196 0.968757 0.025595 -0.150713 0.560356
    84 -9.643356 -0.421030 0.106429 0.043974 0.024660 1.576349
    85 -3.766350 1.399735 -0.012024 0.008936 0.015428 0.506771
    86 -6.258360 2.479772 -0.342655 -0.063682 -0.112066 0.735080
    87 -8.572338 0.418938 0.067432 0.036593 0.025938 1.365209
    88 -7.095986 1.213811 0.026113 0.026449 0.025150 1.077981
    89 -5.747714 2.159776 -1.269204 -0.121725 -0.115569 0.713352
    90 -7.351171 0.994610 0.036058 0.029811 0.025738 1.174049
    91 -7.915823 0.770521 0.049122 0.032719 0.025983 1.256176
    92 -8.897936 -8.737379 -0.060735 -0.077941 -0.043712 -1.670227
    93 -8.868609 4.865394 9.497812 -0.115404 0.107861 0.207089
    94 -2.905879 -8.653268 0.906271 0.127367 0.111900 -1.770441
    95 6.952963 37.444174 -18.980246 -0.000000 0.000000 0.000000
    96 0.170270 -9.262669 2.885665 -0.000000 0.000000 0.000000
    97 1.181974 8.510856 2.986748 0.102838 -0.487462 0.191995
    98 -2.975057 0.957363 -1.009665 0.195333 0.540215 0.099995
    99 0.224195 -2.027256 2.584113 -0.000000 0.000000 0.000000
    100 0.236503 0.729332 1.174515 -0.000000 0.000000 0.000000
    101 5.200783 28.054749 -25.484786 0.061253 0.011543 0.008870
    102 0.006184 0.042619 0.630945 0.000000 0.000000 0.000000
    103 0.004332 0.048953 0.425775 0.000000 0.000000 0.000000
    104 0.002551 0.054555 0.229013 0.000000 0.000000 0.000000
    105 -0.003176 0.048655 -0.383506 0.000000 0.000000 0.000000
    106 -7.917468 -17.596449 8.317367 0.009487 0.017493 1.571866
    107 -7.923080 -12.240079 8.713215 -1.552244 0.339525 -3.134344
    108 -8.216996 -16.481173 7.306713 -0.017493 0.009486 0.000904
    109 -8.458077 -10.976725 5.004138 0.293094 0.009486 0.000904
    110 0.000000 -0.000000 -0.000000 -0.000000 0.000000 0.000000
    111 0.000000 -0.000000 -0.000000 -0.000000 0.000000 0.000000
    112 0.000000 -0.000000 -0.000000 -0.000000 0.000000 0.000000
    113 0.000000 -0.000000 -0.000000 -0.000000 0.000000 0.000000
  time 27
    0 0.000000 0.000000 0.000000 0.000000 0.000000 0.000000
    1 0.000000 500.000000 0.000000 0.000000 -0.000000 0.000000
    2 0.000000 500.000000 0.000000 0.000000 -0.000000 0.000000
    3 0.000000 500.000000 0.000000 0.000000 -0.000000 0.000000
    4 0.000000 500.000000 0.000000 0.000000 -0.000000 0.000000
    5 0.000000 500.000000 0.000000 0.000000 -0.000000 0.000000
    6 0.000000 500.000000 0.000000 0.000000 -0.000000 0.000000
    7 0.000000 500.000000 0.000000 0.000000 -0.000000 0.000000
    8 0.000000 500.000000 0.000000 0.000000 -0.000000 0.000000
    9 0.000000 500.000000 0.000000 0.000000 -0.000000 0.000000
    10 0.000000 500.000000 0.000000 0.000000 -0.000000 0.000000
    11 0.000000 500.000000 0.000000 0.000000 -0.000000 0.000000
    12 0.000000 500.000000 0.000000 0.000000 -0.000000 0.000000
    13 0.000000 500.000000 0.000000 0.000000 -0.000000 0.000000
    14 0.000000 500.000000 0.000000 0.000000 -0.000000 0.000000
    15 0.000000 500.000000 0.000000 0.000000 -0.000000 0.000000
    16 0.000000 500.000000 0.000000 0.000000 -0.000000 0.000000
    17 0.000000 500.000000 0.000000 0.000000 -0.000000 0.000000
    18 0.000000 500.000000 0.000000 0.000000 -0.000000 0.000000
    19 0.000000 500.000000 0.000000 0.000000 -0.000000 0.000000
    20 0.000000 500.000000 0.000000 0.000000 -0.000000 0.000000
    21 0.000000 500.000000 0.000000 0.000000 -0.000000 0.000000
    22 0.000000 500.000000 0.000000 0.000000 -0.000000 0.000000
    23 0.000000 500.000000 0.000000 0.000000 -0.000000 0.000000
    24 0.000000 500.000000 0.000000 0.000000 -0.000000 0.000000
    25 0.000000 500.000000 0.000000 0.000000 -0.000000 0.000000
    26 0.000000 500.000000 0.000000 0.000000 -0.000000 0.000000
    27 0.000000 500.000000 0.000000 0.000000 -0.000000 0.000000
    28 0.000000 500.000000 0.000000 0.000000 -0.000000 0.000000
    29 0.000000 500.000000 0.000000 0.000000 -0.000000 0.000000
    30 0.000000 500.000000 0.000000 0.000000 -0.000000 0.000000
    31 0.000000 500.000000 0.000000 0.000000 -0.000000 0.000000
    32 0.000000 500.000000 0.000000 0.000000 -0.000000 0.000000
    33 0.000000 500.000000 0.000000 0.000000 -0.000000 0.000000
    34 0.000000 500.000000 0.000000 0.000000 -0.000000 0.000000
    35 0.000000 500.000000 0.000000 0.000000 -0.000000 0.000000
    36 0.000000 500.000000 0.000000 0.000000 -0.000000 0.000000
    37 0.000000 500.000000 0.000000 0.000000 -0.000000 0.000000
    38 0.000000 500.000000 0.000000 0.000000 -0.000000 0.000000
    39 0.000000 500.000000 0.000000 0.000000 -0.000000 0.000000
    40 0.000000 500.000000 0.000000 0.000000 -0.000000 0.000000
    41 0.000000 500.000000 0.000000 0.000000 -0.000000 0.000000
    42 0.000000 500.000000 0.000000 0.000000 -0.000000 0.000000
    43 0.000000 500.000000 0.000000 0.000000 -0.000000 0.000000
    44 0.000000 500.000000 0.000000 0.000000 -0.000000 0.000000
    45 0.000000 500.000000 0.000000 0.000000 -0.000000 0.000000
    46 0.000000 500.000000 0.000000 0.000000 -0.000000 0.000000
    47 0.000000 500.000000 0.000000 0.000000 -0.000000 0.000000
    48 -5.598203 -0.439826 -20.201103 0.034150 -0.016709 1.569516
    49 0.480041 0.245986 0.685093 -0.005882 1.526905 -1.618466
    50 -4.641475 0.174681 0.038314 0.000012 0.000029 0.000795
    51 -4.393182 0.042116 0.040471 -0.000000 0.000000 0.000000
    52 -9.748773 1.097161 0.055419 0.000016 0.000059 0.001711
    53 3.040852 -13.026023 5.842538 1.128729 0.654396 -2.269925
    54 -6.262731 -11.188553 6.773903 0.368485 -1.033899 -2.143701
    55 -6.906190 -6.742080 0.296886 0.014295 -0.038962 -1.246404
    56 -6.600385 -3.547566 10.873002 2.715773 0.057344 0.546975
    57 1.557132 -8.424385 0.232308 -1.213621 -0.478482 -0.087606
    58 -1.780216 0.303652 0.006581 0.000825 0.002580 0.076183
    59 -1.159901 0.210069 0.003869 0.000543 0.001771 0.052090
    60 -1.617026 -0.547708 -0.754764 -0.244311 -0.260638 0.007932
    61 -5.607236 1.531874 0.001010 0.018117 0.022146 0.828173
    62 -4.794849 1.549590 -0.007346 0.013844 0.019577 0.687808
    63 -6.596516 2.860080 0.339654 0.113041 -0.010478 0.633316
    64 -4.122212 1.458595 -0.010646 0.010154 0.016605 0.554431
    65 -4.573041 1.531267 -0.008834 0.012585 0.018653 0.643870
    66 -6.645570 2.940116 1.321941 0.205535 0.053813 0.580153
    67 -4.668784 1.543299 -0.008333 0.013331 0.019212 0.670097
    68 -5.498457 1.543711 -0.000432 0.017343 0.021740 0.803593
    69 -7.729380 3.432156 3.180972 0.491881 0.184756 0.657363
    70 -5.032242 1.551232 -0.005137 0.016347 0.021180 0.771437
    71 -4.626552 1.546624 -0.008852 0.013664 0.019450 0.681603
    72 -5.503297 -6.218799 2.337366 0.409301 -0.041204 -1.250610
    73 -7.683895 -8.741019 5.991345 0.177366 -1.380541 2.992474
    74 -9.397206 0.087687 -1.278812 -0.336776 1.119356 -0.799459
    75 -8.375392 -8.776994 0.380623 0.028182 -0.044564 -1.670868
    76 -5.504151 -8.767195 3.063802 -1.891870 -0.154247 0.273478
    77 0.338370 -3.144783 12.118679 2.573181 0.131688 0.533423
    78 -4.354403 1.459486 -0.008461 0.010130 0.016584 0.553537
    79 -3.627951 1.410715 -0.013719 0.009170 0.015664 0.516136
    80 -1.830639 1.231442 2.816199 0.243480 -0.132720 -0.126835
    81 -4.685025 1.544558 -0.008221 0.013427 0.019281 0.673403
    82 -8.473329 0.503698 0.063583 0.035720 0.025985 1.340634
    83 -5.400920 2.822196 0.968757 0.025595 -0.150713 0.560357
    84 -9.643356 -0.421030 0.106429 0.043974 0.024660 1.576349
    85 -3.766350 1.399735 -0.012024 0.008936 0.015428 0.506771
    86 -6.258360 2.479772 -0.342655 -0.063682 -0.112066 0.735080
    87 -8.572339 0.418937 0.067432 0.036593 0.025938 1.365209
    88 -7.095986 1.213811 0.026113 0.026449 0.025150 1.077981
    89 -5.747715 2.159776 -1.269205 -0.121725 -0.115569 0.713353
    90 -7.351171 0.994610 0.036058 0.029811 0.025738 1.174049
    91 -7.915823 0.770521 0.049122 0.032719 0.025983 1.256176
    92 -8.906773 -8.735427 -0.068558 -0.079951 -0.043693 -1.669887
    93 -8.812064 4.848378 9.504053 -0.119815 0.099461 0.206034
    94 -2.905879 -8.653268 0.906271 0.127367 0.111900 -1.770441
    95 6.952962 37.444174 -18.980245 0.000000 0.000000 -0.000000
    96 0.170270 -9.262669 2.885666 0.000000 0.000000 -0.000000
    97 1.201424 8.291068 2.486154 0.006792 -0.466950 0.231807
    98 -3.126540 0.338241 -1.564816 0.064119 0.550235 0.061611
    99 0.224195 -2.027256 2.584113 0.000000 0.000000 -0.000000
    100 0.236503 0.729332 1.174515 0.000000 0.000000 -0.000000
    101 5.292081 28.212673 -25.123129 0.070558 0.008894 0.008016
    102 0.006184 0.042619 0.630945 -0.000000 0.000000 -0.000000
    103 0.004332 0.048953 0.425775 -0.000000 0.000000 -0.000000
    104 0.002551 0.054554 0.229013 -0.000000 0.000000 -0.000000
    105 -0.003176 0.048655 -0.383506 -0.000000 0.000000 -0.000000
    106 -7.917468 -17.596449 8.317367 0.009487 0.017493 1.571866
    107 -7.923080 -12.240079 8.713215 -1.552244 0.339525 -3.134344
    108 -8.216996 -16.481173 7.306713 -0.017493 0.009486 0.000904
    109 -8.458077 -10.976725 5.004138 0.293094 0.009486 0.000904
    110 0.000000 0.000000 -0.000000 0.000000 0.000000 -0.000000
    111 0.000000 0.000000 -0.000000 0.000000 0.000000 -0.000000
    112 0.000000 0.000000 -0.000000 0.000000 0.000000 -0.000000
    113 0.000000 0.000000 -0.000000 0.000000 0.000000 -0.000000
  time 28
    0 0.000000 0.000000 0.000000 0.000000 0.000000 0.000000
    1 0.000000 500.000000 0.000000 0.000000 -0.000000 0.000000
    2 0.000000 500.000000 0.000000 0.000000 -0.000000 0.000000
    3 0.000000 500.000000 0.000000 0.000000 -0.000000 0.000000
    4 0.000000 500.000000 0.000000 0.000000 -0.000000 0.000000
    5 0.000000 500.000000 0.000000 0.000000 -0.000000 0.000000
    6 0.000000 500.000000 0.000000 0.000000 -0.000000 0.000000
    7 0.000000 500.000000 0.000000 0.000000 -0.000000 0.000000
    8 0.000000 500.000000 0.000000 0.000000 -0.000000 0.000000
    9 0.000000 500.000000 0.000000 0.000000 -0.000000 0.000000
    10 0.000000 500.000000 0.000000 0.000000 -0.000000 0.000000
    11 0.000000 500.000000 0.000000 0.000000 -0.000000 0.000000
    12 0.000000 500.000000 0.000000 0.000000 -0.000000 0.000000
    13 0.000000 500.000000 0.000000 0.000000 -0.000000 0.000000
    14 0.000000 500.000000 0.000000 0.000000 -0.000000 0.000000
    15 0.000000 500.000000 0.000000 0.000000 -0.000000 0.000000
    16 0.000000 500.000000 0.000000 0.000000 -0.000000 0.000000
    17 0.000000 500.000000 0.000000 0.000000 -0.000000 0.000000
    18 0.000000 500.000000 0.000000 0.000000 -0.000000 0.000000
    19 0.000000 500.000000 0.000000 0.000000 -0.000000 0.000000
    20 0.000000 500.000000 0.000000 0.000000 -0.000000 0.000000
    21 0.000000 500.000000 0.000000 0.000000 -0.000000 0.000000
    22 0.000000 500.000000 0.000000 0.000000 -0.000000 0.000000
    23 0.000000 500.000000 0.000000 0.000000 -0.000000 0.000000
    24 0.000000 500.000000 0.000000 0.000000 -0.000000 0.000000
    25 0.000000 500.000000 0.000000 0.000000 -0.000000 0.000000
    26 0.000000 500.000000 0.000000 0.000000 -0.000000 0.000000
    27 0.000000 500.000000 0.000000 0.000000 -0.000000 0.000000
    28 0.000000 500.000000 0.000000 0.000000 -0.000000 0.000000
    29 0.000000 500.000000 0.000000 0.000000 -0.000000 0.000000
    30 0.000000 500.000000 0.000000 0.000000 -0.000000 0.000000
    31 0.000000 500.000000 0.000000 0.000000 -0.000000 0.000000
    32 0.000000 500.000000 0.000000 0.000000 -0.000000 0.000000
    33 0.000000 500.000000 0.000000 0.000000 -0.000000 0.000000
    34 0.000000 500.000000 0.000000 0.000000 -0.000000 0.000000
    35 0.000000 500.000000 0.000000 0.000000 -0.000000 0.000000
    36 0.000000 500.000000 0.000000 0.000000 -0.000000 0.000000
    37 0.000000 500.000000 0.000000 0.000000 -0.000000 0.000000
    38 0.000000 500.000000 0.000000 0.000000 -0.000000 0.000000
    39 0.000000 500.000000 0.000000 0.000000 -0.000000 0.000000
    40 0.000000 500.000000 0.000000 0.000000 -0.000000 0.000000
    41 0.000000 500.000000 0.000000 0.000000 -0.000000 0.000000
    42 0.000000 500.000000 0.000000 0.000000 -0.000000 0.000000
    43 0.000000 500.000000 0.000000 0.000000 -0.000000 0.000000
    44 0.000000 500.000000 0.000000 0.000000 -0.000000 0.000000
    45 0.000000 500.000000 0.000000 0.000000 -0.000000 0.000000
    46 0.000000 500.000000 0.000000 0.000000 -0.000000 0.000000
    47 0.000000 500.000000 0.000000 0.000000 -0.000000 0.000000
    48 -5.598073 -0.425180 -20.234048 0.034156 -0.015999 1.569516
    49 0.480041 0.245986 0.685093 -0.005882 1.526905 -1.618466
    50 -4.641475 0.174681 0.038314 0.000012 0.000029 0.000795
    51 -4.393182 0.042117 0.040471 0.000000 -0.000000 -0.000000
    52 -9.748773 1.097161 0.055419 0.000016 0.000059 0.001711
    53 3.040852 -13.026022 5.842538 1.128729 0.654396 -2.269925
    54 -6.260374 -11.188239 6.772164 0.367189 -1.034344 -2.142463
    55 -6.907497 -6.745059 0.297000 0.014312 -0.038973 -1.246950
    56 -6.614053 -3.545316 10.883430 2.715890 0.054871 0.549244
    57 1.557132 -8.424386 0.232307 -1.213621 -0.478482 -0.087606
    58 -1.794512 0.314728 0.006338 0.000862 0.002681 0.079213
    59 -1.206453 0.247694 0.003025 0.000658 0.002109 0.062119
    60 -1.617026 -0.547708 -0.754764 -0.244311 -0.260638 0.007932
    61 -5.607236 1.531875 0.001010 0.018117 0.022146 0.828173
    62 -4.794849 1.549590 -0.007347 0.013844 0.019577 0.687808
    63 -6.596516 2.860080 0.339654 0.113041 -0.010478 0.633316
    64 -4.122212 1.458595 -0.010646 0.010154 0.016605 0.554431
    65 -4.573042 1.531267 -0.008834 0.012585 0.018653 0.643870
    66 -6.645570 2.940115 1.321941 0.205535 0.053813 0.580153
    67 -4.668784 1.543299 -0.008333 0.013331 0.019212 0.670097
    68 -5.498457 1.543711 -0.000432 0.017343 0.021740 0.803593
    69 -7.729379 3.432158 3.180975 0.491881 0.184755 0.657363
    70 -5.032242 1.551232 -0.005137 0.016347 0.021180 0.771437
    71 -4.626552 1.546624 -0.008851 0.013664 0.019450 0.681603
    72 -5.502965 -6.221983 2.340729 0.409869 -0.041217 -1.251163
    73 -7.683895 -8.741019 5.991345 0.177366 -1.380541 2.992474
    74 -9.397092 0.092543 -1.275442 -0.335483 1.119904 -0.798291
    75 -8.373044 -8.774878 0.380528 0.028163 -0.044561 -1.670337
    76 -5.496329 -8.765642 3.084252 -1.894548 -0.155337 0.274887
    77 0.338370 -3.144784 12.118679 2.573181 0.131688 0.533423
    78 -4.354403 1.459486 -0.008461 0.010130 0.016584 0.553537
    79 -3.627951 1.410715 -0.013720 0.009170 0.015664 0.516136
    80 -1.830639 1.231442 2.816199 0.243480 -0.132720 -0.126835
    81 -4.575686 1.536587 -0.008991 0.012901 0.018893 0.655026
    82 -8.427481 0.534976 0.062075 0.035390 0.025997 1.331324
    83 -5.400917 2.822196 0.968757 0.025595 -0.150713 0.560356
    84 -9.643356 -0.421030 0.106429 0.043974 0.024660 1.576349
    85 -3.766350 1.399735 -0.012024 0.008936 0.015428 0.506771
    86 -6.258360 2.479772 -0.342655 -0.063682 -0.112066 0.735080
    87 -8.572339 0.418937 0.067432 0.036593 0.025938 1.365209
    88 -7.095986 1.213811 0.026113 0.026449 0.025150 1.077981
    89 -5.747711 2.159775 -1.269204 -0.121725 -0.115569 0.713352
    90 -7.351171 0.994610 0.036058 0.029811 0.025738 1.174049
    91 -7.915823 0.770521 0.049122 0.032719 0.025983 1.256176
    92 -8.908995 -8.733222 -0.072076 -0.080854 -0.043682 -1.669349
    93 -8.787991 4.832446 9.492449 -0.122471 0.097048 0.204753
    94 -2.905879 -8.653268 0.906271 0.127367 0.111900 -1.770441
    95 6.952962 37.444175 -18.980245 -0.000000 -0.000000 -0.000000
    96 0.170270 -9.262669 2.885666 -0.000000 -0.000000 -0.000000
    97 1.224600 7.936656 1.861583 -0.125610 -0.440379 0.288197
    98 -3.374644 -0.598799 -2.203944 -0.115125 0.567229 0.008666
    99 0.224195 -2.027256 2.584113 -0.000000 -0.000000 -0.000000
    100 0.236503 0.729332 1.174515 -0.000000 -0.000000 -0.000000
    101 5.380877 28.271229 -25.048218 0.072695 0.006803 0.006881
    102 0.006184 0.042618 0.630945 0.000000 -0.000000 -0.000000
    103 0.004332 0.048953 0.425775 0.000000 -0.000000 -0.000000
    104 0.002551 0.054555 0.229013 0.000000 -0.000000 -0.000000
    105 -0.003176 0.048654 -0.383506 0.000000 -0.000000 -0.000000
    106 -7.917468 -17.596449 8.317367 0.009487 0.017493 1.571866
    107 -7.923080 -12.240079 8.713215 -1.552244 0.339525 -3.134344
    108 -8.216996 -16.481173 7.306713 -0.017493 0.009486 0.000904
    109 -8.458077 -10.976725 5.004138 0.293094 0.009486 0.000904
    110 -0.000000 0.000000 -0.000000 -0.000000 -0.000000 -0.000000
    111 -0.000000 0.000000 -0.000000 -0.000000 -0.000000 -0.000000
    112 -0.000000 0.000000 -0.000000 -0.000000 -0.000000 -0.000000
    113 -0.000000 0.000000 -0.000000 -0.000000 -0.000000 -0.000000
  time 29
    0 0.000000 0.000000 0.000000 0.000000 0.000000 0.000000
    1 0.000000 500.000000 0.000000 0.000000 -0.000000 0.000000
    2 0.000000 500.000000 0.000000 0.000000 -0.000000 0.000000
    3 0.000000 500.000000 0.000000 0.000000 -0.000000 0.000000
    4 0.000000 500.000000 0.000000 0.000000 -0.000000 0.000000
    5 0.000000 500.000000 0.000000 0.000000 -0.000000 0.000000
    6 0.000000 500.000000 0.000000 0.000000 -0.000000 0.000000
    7 0.000000 500.000000 0.000000 0.000000 -0.000000 0.000000
    8 0.000000 500.000000 0.000000 0.000000 -0.000000 0.000000
    9 0.000000 500.000000 0.000000 0.000000 -0.000000 0.000000
    10 0.000000 500.000000 0.000000 0.000000 -0.000000 0.000000
    11 0.000000 500.000000 0.000000 0.000000 -0.000000 0.000000
    12 0.000000 500.000000 0.000000 0.000000 -0.000000 0.000000
    13 0.000000 500.000000 0.000000 0.000000 -0.000000 0.000000
    14 0.000000 500.000000 0.000000 0.000000 -0.000000 0.000000
    15 0.000000 500.000000 0.000000 0.000000 -0.000000 0.000000
    16 0.000000 500.000000 0.000000 0.000000 -0.000000 0.000000
    17 0.000000 500.000000 0.000000 0.000000 -0.000000 0.000000
    18 0.000000 500.000000 0.000000 0.000000 -0.000000 0.000000
    19 0.000000 500.000000 0.000000 0.000000 -0.000000 0.000000
    20 0.000000 500.000000 0.000000 0.000000 -0.000000 0.000000
    21 0.000000 500.000000 0.000000 0.000000 -0.000000 0.000000
    22 0.000000 500.000000 0.000000 0.000000 -0.000000 0.000000
    23 0.000000 500.000000 0.000000 0.000000 -0.000000 0.000000
    24 0.000000 500.000000 0.000000 0.000000 -0.000000 0.000000
    25 0.000000 500.000000 0.000000 0.000000 -0.000000 0.000000
    26 0.000000 500.000000 0.000000 0.000000 -0.000000 0.000000
    27 0.000000 500.000000 0.000000 0.000000 -0.000000 0.000000
    28 0.000000 500.000000 0.000000 0.000000 -0.000000 0.000000
    29 0.000000 500.000000 0.000000 0.000000 -0.000000 0.000000
    30 0.000000 500.000000 0.000000 0.000000 -0.000000 0.000000
    31 0.000000 500.000000 0.000000 0.000000 -0.000000 0.000000
    32 0.000000 500.000000 0.000000 0.000000 -0.000000 0.000000
    33 0.000000 500.000000 0.000000 0.000000 -0.000000 0.000000
    34 0.000000 500.000000 0.000000 0.000000 -0.000000 0.000000
    35 0.000000 500.000000 0.000000 0.000000 -0.000000 0.000000
    36 0.000000 500.000000 0.000000 0.000000 -0.000000 0.000000
    37 0.000000 500.000000 0.000000 0.000000 -0.000000 0.000000
    38 0.000000 500.000000 0.000000 0.000000 -0.000000 0.000000
    39 0.000000 500.000000 0.000000 0.000000 -0.000000 0.000000
    40 0.000000 500.000000 0.000000 0.000000 -0.000000 0.000000
    41 0.000000 500.000000 0.000000 0.000000 -0.000000 0.000000
    42 0.000000 500.000000 0.000000 0.000000 -0.000000 0.000000
    43 0.000000 500.000000 0.000000 0.000000 -0.000000 0.000000
    44 0.000000 500.000000 0.000000 0.000000 -0.000000 0.000000
    45 0.000000 500.000000 0.000000 0.000000 -0.000000 0.000000
    46 0.000000 500.000000 0.000000 0.000000 -0.000000 0.000000
    47 0.000000 500.000000 0.000000 0.000000 -0.000000 0.000000
    48 -5.597943 -0.410537 -20.266990 0.034161 -0.015290 1.569515
    49 0.480041 0.245986 0.685093 -0.005882 1.526905 -1.618466
    50 -4.641475 0.174681 0.038314 0.000012 0.000029 0.000795
    51 -4.393183 0.042118 0.040471 -0.000000 0.000000 0.000000
    52 -9.748773 1.097161 0.055419 0.000016 0.000059 0.001711
    53 3.040852 -13.026022 5.842538 1.128729 0.654396 -2.269925
    54 -6.258019 -11.187924 6.770423 0.365890 -1.034788 -2.141223
    55 -6.908806 -6.748038 0.297115 0.014328 -0.038984 -1.247496
    56 -6.627749 -3.543112 10.893833 2.716001 0.052397 0.551512
    57 1.557132 -8.424386 0.232307 -1.213621 -0.478482 -0.087606
    58 -1.808841 0.325761 0.006096 0.000900 0.002782 0.082243
    59 -1.253380 0.284852 0.002200 0.000777 0.002445 0.072148
    60 -1.617025 -0.547708 -0.754764 -0.244311 -0.260638 0.007932
    61 -5.607236 1.531875 0.001011 0.018117 0.022146 0.828173
    62 -4.794850 1.549590 -0.007347 0.013844 0.019577 0.687808
    63 -6.596516 2.860079 0.339653 0.113041 -0.010478 0.633316
    64 -4.122212 1.458595 -0.010646 0.010154 0.016605 0.554431
    65 -4.573043 1.531267 -0.008834 0.012585 0.018653 0.643870
    66 -6.645570 2.940115 1.321941 0.205535 0.053813 0.580153
    67 -4.668784 1.543299 -0.008333 0.013331 0.019212 0.670097
    68 -5.498457 1.543711 -0.000432 0.017343 0.021740 0.803593
    69 -7.729378 3.432159 3.180978 0.491882 0.184755 0.657363
    70 -5.032242 1.551232 -0.005137 0.016347 0.021180 0.771437
    71 -4.626552 1.546625 -0.008851 0.013664 0.019450 0.681603
    72 -5.502636 -6.225167 2.344092 0.410436 -0.041230 -1.251716
    73 -7.683895 -8.741019 5.991345 0.177366 -1.380541 2.992474
    74 -9.396978 0.097397 -1.272068 -0.334187 1.120452 -0.797121
    75 -8.370697 -8.772760 0.380433 0.028145 -0.044558 -1.669806
    76 -5.488545 -8.764034 3.104712 -1.897228 -0.156423 0.276298
    77 0.338370 -3.144784 12.118679 2.573181 0.131688 0.533423
    78 -4.354403 1.459486 -0.008461 0.010130 0.016584 0.553537
    79 -3.627951 1.410715 -0.013720 0.009170 0.015664 0.516136
    80 -1.830639 1.231442 2.816199 0.243480 -0.132720 -0.126835
    81 -4.466505 1.526608 -0.009691 0.012382 0.018496 0.636649
    82 -8.381342 0.565826 0.060578 0.035059 0.026006 1.322014
    83 -5.400913 2.822195 0.968757 0.025595 -0.150713 0.560355
    84 -9.643356 -0.421030 0.106429 0.043974 0.024660 1.576349
    85 -3.766350 1.399735 -0.012024 0.008936 0.015428 0.506771
    86 -6.258360 2.479772 -0.342655 -0.063682 -0.112066 0.735080
    87 -8.572339 0.418937 0.067432 0.036593 0.025938 1.365209
    88 -7.095986 1.213811 0.026113 0.026449 0.025150 1.077981
    89 -5.747708 2.159775 -1.269204 -0.121725 -0.115569 0.713351
    90 -7.351171 0.994610 0.036058 0.029811 0.025738 1.174049
    91 -7.915823 0.770521 0.049122 0.032719 0.025983 1.256176
    92 -8.911221 -8.731018 -0.075591 -0.081757 -0.043671 -1.668810
    93 -8.763928 4.816489 9.480937 -0.125124 0.094632 0.203479
    94 -2.905879 -8.653268 0.906271 0.127367 0.111900 -1.770441
    95 6.952963 37.444176 -18.980245 -0.000000 -0.000000 0.000000
    96 0.170270 -9.262669 2.885667 -0.000000 -0.000000 0.000000
    97 1.250086 7.508942 1.284829 -0.254413 -0.407433 0.339534
    98 -3.587656 -1.631524 -2.689939 -0.296670 0.575890 -0.047471
    99 0.224195 -2.027256 2.584113 -0.000000 -0.000000 0.000000
    100 0.236503 0.729332 1.174515 -0.000000 -0.000000 0.000000
    101 5.469643 28.329728 -24.973265 0.074835 0.004715 0.005742
    102 0.006184 0.042618 0.630945 0.000000 0.000000 -0.000000
    103 0.004332 0.048952 0.425776 0.000000 0.000000 -0.000000
    104 0.002551 0.054556 0.229012 0.000000 0.000000 -0.000000
    105 -0.003175 0.048654 -0.383507 0.000000 0.000000 -0.000000
    106 -7.917468 -17.596449 8.317367 0.009487 0.017493 1.571866
    107 -7.923080 -12.240079 8.713215 -1.552244 0.339525 -3.134344
    108 -8.216996 -16.481173 7.306713 -0.017493 0.009486 0.000904
    109 -8.458077 -10.976725 5.004138 0.293094 0.009486 0.000904
    110 -0.000000 -0.000000 0.000000 -0.000000 -0.000000 0.000000
    111 -0.000000 -0.000000 0.000000 -0.000000 -0.000000 0.000000
    112 -0.000000 -0.000000 0.000000 -0.000000 -0.000000 0.000000
    113 -0.000000 -0.000000 0.000000 -0.000000 -0.000000 0.000000
  time 30
    0 0.000000 0.000000 0.000000 0.000000 0.000000 0.000000
    1 0.000000 500.000000 0.000000 0.000000 -0.000000 0.000000
    2 0.000000 500.000000 0.000000 0.000000 -0.000000 0.000000
    3 0.000000 500.000000 0.000000 0.000000 -0.000000 0.000000
    4 0.000000 500.000000 0.000000 0.000000 -0.000000 0.000000
    5 0.000000 500.000000 0.000000 0.000000 -0.000000 0.000000
    6 0.000000 500.000000 0.000000 0.000000 -0.000000 0.000000
    7 0.000000 500.000000 0.000000 0.000000 -0.000000 0.000000
    8 0.000000 500.000000 0.000000 0.000000 -0.000000 0.000000
    9 0.000000 500.000000 0.000000 0.000000 -0.000000 0.000000
    10 0.000000 500.000000 0.000000 0.000000 -0.000000 0.000000
    11 0.000000 500.000000 0.000000 0.000000 -0.000000 0.000000
    12 0.000000 500.000000 0.000000 0.000000 -0.000000 0.000000
    13 0.000000 500.000000 0.000000 0.000000 -0.000000 0.000000
    14 0.000000 500.000000 0.000000 0.000000 -0.000000 0.000000
    15 0.000000 500.000000 0.000000 0.000000 -0.000000 0.000000
    16 0.000000 500.000000 0.000000 0.000000 -0.000000 0.000000
    17 0.000000 500.000000 0.000000 0.000000 -0.000000 0.000000
    18 0.000000 500.000000 0.000000 0.000000 -0.000000 0.000000
    19 0.000000 500.000000 0.000000 0.000000 -0.000000 0.000000
    20 0.000000 500.000000 0.000000 0.000000 -0.000000 0.000000
    21 0.000000 500.000000 0.000000 0.000000 -0.000000 0.000000
    22 0.000000 500.000000 0.000000 0.000000 -0.000000 0.000000
    23 0.000000 500.000000 0.000000 0.000000 -0.000000 0.000000
    24 0.000000 500.000000 0.000000 0.000000 -0.000000 0.000000
    25 0.000000 500.000000 0.000000 0.000000 -0.000000 0.000000
    26 0.000000 500.000000 0.000000 0.000000 -0.000000 0.000000
    27 0.000000 500.000000 0.000000 0.000000 -0.000000 0.000000
    28 0.000000 500.000000 0.000000 0.000000 -0.000000 0.000000
    29 0.000000 500.000000 0.000000 0.000000 -0.000000 0.000000
    30 0.000000 500.000000 0.000000 0.000000 -0.000000 0.000000
    31 0.000000 500.000000 0.000000 0.000000 -0.000000 0.000000
    32 0.000000 500.000000 0.000000 0.000000 -0.000000 0.000000
    33 0.000000 500.000000 0.000000 0.000000 -0.000000 0.000000
    34 0.000000 500.000000 0.000000 0.000000 -0.000000 0.000000
    35 0.000000 500.000000 0.000000 0.000000 -0.000000 0.000000
    36 0.000000 500.000000 0.000000 0.000000 -0.000000 0.000000
    37 0.000000 500.000000 0.000000 0.000000 -0.000000 0.000000
    38 0.000000 500.000000 0.000000 0.000000 -0.000000 0.000000
    39 0.000000 500.000000 0.000000 0.000000 -0.000000 0.000000
    40 0.000000 500.000000 0.000000 0.000000 -0.000000 0.000000
    41 0.000000 500.000000 0.000000 0.000000 -0.000000 0.000000
    42 0.000000 500.000000 0.000000 0.000000 -0.000000 0.000000
    43 0.000000 500.000000 0.000000 0.000000 -0.000000 0.000000
    44 0.000000 500.000000 0.000000 0.000000 -0.000000 0.000000
    45 0.000000 500.000000 0.000000 0.000000 -0.000000 0.000000
    46 0.000000 500.000000 0.000000 0.000000 -0.000000 0.000000
    47 0.000000 500.000000 0.000000 0.000000 -0.000000 0.000000
    48 -5.597812 -0.395895 -20.299930 0.034166 -0.014580 1.569515
    49 0.480041 0.245986 0.685093 -0.005882 1.526905 -1.618466
    50 -4.641475 0.174681 0.038314 0.000012 0.000029 0.000795
    51 -4.393183 0.042118 0.040471 -0.000000 -0.000000 0.000000
    52 -9.748773 1.097161 0.055419 0.000016 0.000059 0.001711
    53 3.040852 -13.026021 5.842538 1.128729 0.654396 -2.269925
    54 -6.255665 -11.187610 6.768680 0.364589 -1.035231 -2.139980
    55 -6.910117 -6.751016 0.297229 0.014344 -0.038995 -1.248043
    56 -6.641470 -3.540954 10.904210 2.716107 0.049923 0.553780
    57 1.557132 -8.424387 0.232306 -1.213621 -0.478482 -0.087606
    58 -1.823204 0.336750 0.005857 0.000937 0.002883 0.085273
    59 -1.300677 0.321535 0.001395 0.000899 0.002780 0.082177
    60 -1.617024 -0.547708 -0.754764 -0.244311 -0.260638 0.007932
    61 -5.607236 1.531876 0.001012 0.018117 0.022146 0.828173
    62 -4.794851 1.549590 -0.007348 0.013844 0.019577 0.687808
    63 -6.596516 2.860078 0.339653 0.113041 -0.010478 0.633316
    64 -4.122212 1.458595 -0.010646 0.010154 0.016605 0.554431
    65 -4.573044 1.531267 -0.008834 0.012585 0.018653 0.643870
    66 -6.645570 2.940114 1.321941 0.205535 0.053813 0.580153
    67 -4.668784 1.543299 -0.008333 0.013331 0.019212 0.670097
    68 -5.498457 1.543711 -0.000432 0.017343 0.021740 0.803593
    69 -7.729378 3.432160 3.180982 0.491883 0.184755 0.657363
    70 -5.032242 1.551232 -0.005137 0.016347 0.021180 0.771437
    71 -4.626552 1.546626 -0.008850 0.013664 0.019450 0.681603
    72 -5.502310 -6.228352 2.347455 0.411004 -0.041242 -1.252269
    73 -7.683895 -8.741019 5.991345 0.177366 -1.380541 2.992474
    74 -9.396865 0.102249 -1.268691 -0.332888 1.121000 -0.795947
    75 -8.368351 -8.770641 0.380338 0.028126 -0.044555 -1.669276
    76 -5.480799 -8.762373 3.125182 -1.899910 -0.157506 0.277713
    77 0.338370 -3.144785 12.118679 2.573181 0.131688 0.533423
    78 -4.354403 1.459486 -0.008461 0.010130 0.016584 0.553537
    79 -3.627951 1.410715 -0.013721 0.009170 0.015664 0.516136
    80 -1.830639 1.231442 2.816199 0.243480 -0.132720 -0.126835
    81 -4.357538 1.514627 -0.010320 0.011870 0.018090 0.618274
    82 -8.334920 0.596245 0.059094 0.034728 0.026012 1.312704
    83 -5.400910 2.822195 0.968758 0.025595 -0.150713 0.560355
    84 -9.643356 -0.421030 0.106429 0.043974 0.024660 1.576349
    85 -3.766350 1.399735 -0.012024 0.008936 0.015428 0.506771
    86 -6.258360 2.479772 -0.342655 -0.063682 -0.112066 0.735080
    87 -8.572339 0.418937 0.067432 0.036593 0.025938 1.365209
    88 -7.095986 1.213811 0.026113 0.026449 0.025150 1.077981
    89 -5.747705 2.159774 -1.269204 -0.121725 -0.115569 0.713351
    90 -7.351171 0.994610 0.036058 0.029811 0.025738 1.174049
    91 -7.915823 0.770521 0.049122 0.032719 0.025983 1.256176
    92 -8.913451 -8.728815 -0.079105 -0.082660 -0.043659 -1.668272
    93 -8.739878 4.800509 9.469515 -0.127773 0.092213 0.202212
    94 -2.905879 -8.653268 0.906271 0.127367 0.111900 -1.770441
    95 6.952963 37.444177 -18.980245 0.000000 0.000000 -0.000000
    96 0.170270 -9.262669 2.885668 0.000000 0.000000 -0.000000
    97 1.277504 7.014276 0.764457 -0.379374 -0.368830 0.385177
    98 -3.760229 -2.734012 -3.010602 -0.479015 0.575863 -0.104704
    99 0.224195 -2.027256 2.584113 0.000000 0.000000 -0.000000
    100 0.236503 0.729332 1.174515 0.000000 0.000000 -0.000000
    101 5.558377 28.388172 -24.898269 0.076977 0.002628 0.004598
    102 0.006184 0.042617 0.630946 0.000000 -0.000000 -0.000000
    103 0.004332 0.048951 0.425776 0.000000 -0.000000 -0.000000
    104 0.002551 0.054556 0.229012 0.000000 -0.000000 -0.000000
    105 -0.003175 0.048653 -0.383508 0.000000 -0.000000 -0.000000
    106 -7.917468 -17.596449 8.317367 0.009487 0.017493 1.571866
    107 -7.923080 -12.240079 8.713215 -1.552244 0.339525 -3.134344
    108 -8.216996 -16.481173 7.306713 -0.017493 0.009486 0.000904
    109 -8.458077 -10.976725 5.004138 0.293094 0.009486 0.000904
    110 -0.000000 -0.000000 -0.000000 0.000000 0.000000 -0.000000
    111 -0.000000 -0.000000 -0.000000 0.000000 0.000000 -0.000000
    112 -0.000000 -0.000000 -0.000000 0.000000 0.000000 -0.000000
    113 -0.000000 -0.000000 -0.000000 0.000000 0.000000 -0.000000
  time 31
    0 0.000000 0.000000 0.000000 0.000000 0.000000 0.000000
    1 0.000000 500.000000 0.000000 0.000000 -0.000000 0.000000
    2 0.000000 500.000000 0.000000 0.000000 -0.000000 0.000000
    3 0.000000 500.000000 0.000000 0.000000 -0.000000 0.000000
    4 0.000000 500.000000 0.000000 0.000000 -0.000000 0.000000
    5 0.000000 500.000000 0.000000 0.000000 -0.000000 0.000000
    6 0.000000 500.000000 0.000000 0.000000 -0.000000 0.000000
    7 0.000000 500.000000 0.000000 0.000000 -0.000000 0.000000
    8 0.000000 500.000000 0.000000 0.000000 -0.000000 0.000000
    9 0.000000 500.000000 0.000000 0.000000 -0.000000 0.000000
    10 0.000000 500.000000 0.000000 0.000000 -0.000000 0.000000
    11 0.000000 500.000000 0.000000 0.000000 -0.000000 0.000000
    12 0.000000 500.000000 0.000000 0.000000 -0.000000 0.000000
    13 0.000000 500.000000 0.000000 0.000000 -0.000000 0.000000
    14 0.000000 500.000000 0.000000 0.000000 -0.000000 0.000000
    15 0.000000 500.000000 0.000000 0.000000 -0.000000 0.000000
    16 0.000000 500.000000 0.000000 0.000000 -0.000000 0.000000
    17 0.000000 500.000000 0.000000 0.000000 -0.000000 0.000000
    18 0.000000 500.000000 0.000000 0.000000 -0.000000 0.000000
    19 0.000000 500.000000 0.000000 0.000000 -0.000000 0.000000
    20 0.000000 500.000000 0.000000 0.000000 -0.000000 0.000000
    21 0.000000 500.000000 0.000000 0.000000 -0.000000 0.000000
    22 0.000000 500.000000 0.000000 0.000000 -0.000000 0.000000
    23 0.000000 500.000000 0.000000 0.000000 -0.000000 0.000000
    24 0.000000 500.000000 0.000000 0.000000 -0.000000 0.000000
    25 0.000000 500.000000 0.000000 0.000000 -0.000000 0.000000
    26 0.000000 500.000000 0.000000 0.000000 -0.000000 0.000000
    27 0.000000 500.000000 0.000000 0.000000 -0.000000 0.000000
    28 0.000000 500.000000 0.000000 0.000000 -0.000000 0.000000
    29 0.000000 500.000000 0.000000 0.000000 -0.000000 0.000000
    30 0.000000 500.000000 0.000000 0.000000 -0.000000 0.000000
    31 0.000000 500.000000 0.000000 0.000000 -0.000000 0.000000
    32 0.000000 500.000000 0.000000 0.000000 -0.000000 0.000000
    33 0.000000 500.000000 0.000000 0.000000 -0.000000 0.000000
    34 0.000000 500.000000 0.000000 0.000000 -0.000000 0.000000
    35 0.000000 500.000000 0.000000 0.000000 -0.000000 0.000000
    36 0.000000 500.000000 0.000000 0.000000 -0.000000 0.000000
    37 0.000000 500.000000 0.000000 0.000000 -0.000000 0.000000
    38 0.000000 500.000000 0.000000 0.000000 -0.000000 0.000000
    39 0.000000 500.000000 0.000000 0.000000 -0.000000 0.000000
    40 0.000000 500.000000 0.000000 0.000000 -0.000000 0.000000
    41 0.000000 500.000000 0.000000 0.000000 -0.000000 0.000000
    42 0.000000 500.000000 0.000000 0.000000 -0.000000 0.000000
    43 0.000000 500.000000 0.000000 0.000000 -0.000000 0.000000
    44 0.000000 500.000000 0.000000 0.000000 -0.000000 0.000000
    45 0.000000 500.000000 0.000000 0.000000 -0.000000 0.000000
    46 0.000000 500.000000 0.000000 0.000000 -0.000000 0.000000
    47 0.000000 500.000000 0.000000 0.000000 -0.000000 0.000000
    48 -5.597576 -0.369151 -20.327696 0.034174 -0.013513 1.569515
    49 0.480041 0.245986 0.685093 -0.005882 1.526905 -1.618466
    50 -4.641474 0.174681 0.038314 0.000012 0.000029 0.000795
    51 -4.393184 0.042118 0.040471 -0.000000 0.000000 -0.000000
    52 -9.748773 1.097161 0.055419 0.000016 0.000059 0.001711
    53 3.040852 -13.026022 5.842538 1.128729 0.654396 -2.269925
    54 -6.253982 -11.187455 6.767167 0.363613 -1.035518 -2.139053
    55 -6.909526 -6.749675 0.297178 0.014336 -0.038990 -1.247797
    56 -6.651848 -3.536263 10.911690 2.712964 0.049538 0.551436
    57 1.557132 -8.424387 0.232307 -1.213621 -0.478482 -0.087606
    58 -1.838998 0.348755 0.005596 0.000979 0.002994 0.088597
    59 -1.352968 0.361221 0.000533 0.001036 0.003146 0.093175
    60 -1.617024 -0.547708 -0.754763 -0.244311 -0.260638 0.007932
    61 -5.607236 1.531875 0.001011 0.018117 0.022146 0.828173
    62 -4.794851 1.549590 -0.007348 0.013844 0.019577 0.687808
    63 -6.596516 2.860079 0.339653 0.113041 -0.010478 0.633316
    64 -4.122211 1.458595 -0.010646 0.010154 0.016605 0.554431
    65 -4.573042 1.531267 -0.008834 0.012585 0.018653 0.643870
    66 -6.645570 2.940114 1.321940 0.205535 0.053813 0.580153
    67 -4.668784 1.543300 -0.008333 0.013331 0.019212 0.670097
    68 -5.498457 1.543711 -0.000432 0.017343 0.021740 0.803593
    69 -7.729378 3.432160 3.180982 0.491883 0.184755 0.657363
    70 -5.032242 1.551232 -0.005138 0.016347 0.021180 0.771437
    71 -4.626552 1.546626 -0.008850 0.013664 0.019450 0.681603
    72 -5.504408 -6.227694 2.341419 0.409975 -0.041234 -1.252011
    73 -7.683895 -8.741019 5.991345 0.177366 -1.380541 2.992474
    74 -9.396702 0.109184 -1.263853 -0.331025 1.121782 -0.794264
    75 -8.365000 -8.767611 0.380202 0.028100 -0.044550 -1.668517
    76 -5.496104 -8.787002 3.138834 -1.900291 -0.160156 0.273390
    77 0.338370 -3.144785 12.118679 2.573181 0.131688 0.533423
    78 -4.354403 1.459486 -0.008461 0.010130 0.016584 0.553537
    79 -3.627951 1.410715 -0.013721 0.009170 0.015664 0.516136
    80 -1.830639 1.231441 2.816198 0.243480 -0.132720 -0.126835
    81 -4.306561 1.508325 -0.010591 0.011633 0.017896 0.609664
    82 -8.286495 0.627324 0.057566 0.034385 0.026015 1.303052
    83 -5.400910 2.822195 0.968758 0.025595 -0.150713 0.560355
    84 -9.643356 -0.421030 0.106428 0.043974 0.024660 1.576349
    85 -3.766350 1.399735 -0.012024 0.008936 0.015428 0.506771
    86 -6.258360 2.479772 -0.342655 -0.063682 -0.112066 0.735080
    87 -8.572339 0.418937 0.067432 0.036593 0.025938 1.365209
    88 -7.095986 1.213811 0.026113 0.026449 0.025150 1.077981
    89 -5.747708 2.159775 -1.269205 -0.121725 -0.115569 0.713351
    90 -7.351171 0.994610 0.036058 0.029811 0.025738 1.174049
    91 -7.915822 0.770521 0.049122 0.032719 0.025983 1.256176
    92 -8.909722 -8.726228 -0.078907 -0.082604 -0.043655 -1.667514
    93 -8.743553 4.783971 9.440191 -0.129081 0.095111 0.200565
    94 -2.905879 -8.653268 0.906271 0.127367 0.111900 -1.770441
    95 6.952963 37.444178 -18.980245 0.000000 -0.000000 -0.000000
    96 0.170270 -9.262669 2.885668 0.000000 -0.000000 -0.000000
    97 1.312743 6.737113 0.543590 -0.452084 -0.353584 0.415603
    98 -3.930428 -3.344156 -3.110782 -0.578531 0.584694 -0.134534
    99 0.224194 -2.027255 2.584113 0.000000 -0.000000 -0.000000
    100 0.236503 0.729332 1.174515 0.000000 -0.000000 -0.000000
    101 5.655093 28.345846 -25.056586 0.073270 0.000817 0.003133
    102 0.006184 0.042617 0.630946 -0.000000 0.000000 0.000000
    103 0.004332 0.048952 0.425776 -0.000000 0.000000 0.000000
    104 0.002551 0.054556 0.229012 -0.000000 0.000000 0.000000
    105 -0.003175 0.048654 -0.383507 -0.000000 0.000000 0.000000
    106 -7.917468 -17.596449 8.317367 0.009487 0.017493 1.571866
    107 -7.923080 -12.240079 8.713215 -1.552244 0.339525 -3.134344
    108 -8.216996 -16.481173 7.306713 -0.017493 0.009486 0.000904
    109 -8.458077 -10.976725 5.004138 0.293094 0.009486 0.000904
    110 -0.000000 -0.000000 -0.000000 0.000000 -0.000000 -0.000000
    111 -0.000000 -0.000000 -0.000000 0.000000 -0.000000 -0.000000
    112 -0.000000 -0.000000 -0.000000 0.000000 -0.000000 -0.000000
    113 -0.000000 -0.000000 -0.000000 0.000000 -0.000000 -0.000000
  time 32
    0 0.000000 0.000000 0.000000 0.000000 0.000000 0.000000
    1 0.000000 500.000000 0.000000 0.000000 -0.000000 0.000000
    2 0.000000 500.000000 0.000000 0.000000 -0.000000 0.000000
    3 0.000000 500.000000 0.000000 0.000000 -0.000000 0.000000
    4 0.000000 500.000000 0.000000 0.000000 -0.000000 0.000000
    5 0.000000 500.000000 0.000000 0.000000 -0.000000 0.000000
    6 0.000000 500.000000 0.000000 0.000000 -0.000000 0.000000
    7 0.000000 500.000000 0.000000 0.000000 -0.000000 0.000000
    8 0.000000 500.000000 0.000000 0.000000 -0.000000 0.000000
    9 0.000000 500.000000 0.000000 0.000000 -0.000000 0.000000
    10 0.000000 500.000000 0.000000 0.000000 -0.000000 0.000000
    11 0.000000 500.000000 0.000000 0.000000 -0.000000 0.000000
    12 0.000000 500.000000 0.000000 0.000000 -0.000000 0.000000
    13 0.000000 500.000000 0.000000 0.000000 -0.000000 0.000000
    14 0.000000 500.000000 0.000000 0.000000 -0.000000 0.000000
    15 0.000000 500.000000 0.000000 0.000000 -0.000000 0.000000
    16 0.000000 500.000000 0.000000 0.000000 -0.000000 0.000000
    17 0.000000 500.000000 0.000000 0.000000 -0.000000 0.000000
    18 0.000000 500.000000 0.000000 0.000000 -0.000000 0.000000
    19 0.000000 500.000000 0.000000 0.000000 -0.000000 0.000000
    20 0.000000 500.000000 0.000000 0.000000 -0.000000 0.000000
    21 0.000000 500.000000 0.000000 0.000000 -0.000000 0.000000
    22 0.000000 500.000000 0.000000 0.000000 -0.000000 0.000000
    23 0.000000 500.000000 0.000000 0.000000 -0.000000 0.000000
    24 0.000000 500.000000 0.000000 0.000000 -0.000000 0.000000
    25 0.000000 500.000000 0.000000 0.000000 -0.000000 0.000000
    26 0.000000 500.000000 0.000000 0.000000 -0.000000 0.000000
    27 0.000000 500.000000 0.000000 0.000000 -0.000000 0.000000
    28 0.000000 500.000000 0.000000 0.000000 -0.000000 0.000000
    29 0.000000 500.000000 0.000000 0.000000 -0.000000 0.000000
    30 0.000000 500.000000 0.000000 0.000000 -0.000000 0.000000
    31 0.000000 500.000000 0.000000 0.000000 -0.000000 0.000000
    32 0.000000 500.000000 0.000000 0.000000 -0.000000 0.000000
    33 0.000000 500.000000 0.000000 0.000000 -0.000000 0.000000
    34 0.000000 500.000000 0.000000 0.000000 -0.000000 0.000000
    35 0.000000 500.000000 0.000000 0.000000 -0.000000 0.000000
    36 0.000000 500.000000 0.000000 0.000000 -0.000000 0.000000
    37 0.000000 500.000000 0.000000 0.000000 -0.000000 0.000000
    38 0.000000 500.000000 0.000000 0.000000 -0.000000 0.000000
    39 0.000000 500.000000 0.000000 0.000000 -0.000000 0.000000
    40 0.000000 500.000000 0.000000 0.000000 -0.000000 0.000000
    41 0.000000 500.000000 0.000000 0.000000 -0.000000 0.000000
    42 0.000000 500.000000 0.000000 0.000000 -0.000000 0.000000
    43 0.000000 500.000000 0.000000 0.000000 -0.000000 0.000000
    44 0.000000 500.000000 0.000000 0.000000 -0.000000 0.000000
    45 0.000000 500.000000 0.000000 0.000000 -0.000000 0.000000
    46 0.000000 500.000000 0.000000 0.000000 -0.000000 0.000000
    47 0.000000 500.000000 0.000000 0.000000 -0.000000 0.000000
    48 -5.597339 -0.342411 -20.355457 0.034182 -0.012446 1.569515
    49 0.480041 0.245986 0.685094 -0.005882 1.526905 -1.618466
    50 -4.641473 0.174681 0.038315 0.000012 0.000029 0.000795
    51 -4.393185 0.042118 0.040471 -0.000000 -0.000000 0.000000
    52 -9.748773 1.097161 0.055419 0.000016 0.000059 0.001711
    53 3.040852 -13.026022 5.842538 1.128729 0.654396 -2.269925
    54 -6.252300 -11.187300 6.765654 0.362636 -1.035805 -2.138124
    55 -6.908936 -6.748334 0.297126 0.014329 -0.038985 -1.247551
    56 -6.662230 -3.531531 10.919139 2.709821 0.049145 0.549092
    57 1.557132 -8.424387 0.232307 -1.213621 -0.478482 -0.087606
    58 -1.854832 0.360707 0.005338 0.001020 0.003105 0.091921
    59 -1.405696 0.400331 -0.000304 0.001178 0.003511 0.104175
    60 -1.617024 -0.547708 -0.754762 -0.244311 -0.260638 0.007932
    61 -5.607236 1.531875 0.001010 0.018117 0.022146 0.828173
    62 -4.794851 1.549590 -0.007348 0.013844 0.019577 0.687808
    63 -6.596516 2.860080 0.339654 0.113041 -0.010478 0.633316
    64 -4.122211 1.458595 -0.010647 0.010154 0.016605 0.554431
    65 -4.573041 1.531267 -0.008833 0.012585 0.018653 0.643870
    66 -6.645569 2.940114 1.321939 0.205535 0.053813 0.580153
    67 -4.668783 1.543300 -0.008333 0.013331 0.019212 0.670097
    68 -5.498457 1.543711 -0.000432 0.017343 0.021740 0.803593
    69 -7.729378 3.432161 3.180982 0.491883 0.184755 0.657363
    70 -5.032242 1.551232 -0.005139 0.016347 0.021180 0.771437
    71 -4.626552 1.546626 -0.008850 0.013664 0.019450 0.681603
    72 -5.506511 -6.227039 2.335385 0.408946 -0.041225 -1.251753
    73 -7.683894 -8.741019 5.991345 0.177366 -1.380541 2.992474
    74 -9.396539 0.116113 -1.259006 -0.329157 1.122562 -0.792575
    75 -8.361652 -8.764577 0.380066 0.028073 -0.044545 -1.667759
    76 -5.511554 -8.811568 3.152436 -1.900661 -0.162807 0.269066
    77 0.338370 -3.144785 12.118679 2.573181 0.131688 0.533423
    78 -4.354403 1.459486 -0.008461 0.010130 0.016584 0.553537
    79 -3.627951 1.410715 -0.013721 0.009170 0.015664 0.516136
    80 -1.830639 1.231440 2.816197 0.243480 -0.132720 -0.126835
    81 -4.255638 1.501585 -0.010846 0.011398 0.017700 0.601055
    82 -8.237771 0.657936 0.056052 0.034042 0.026015 1.293400
    83 -5.400910 2.822194 0.968759 0.025595 -0.150713 0.560355
    84 -9.643356 -0.421030 0.106428 0.043974 0.024660 1.576349
    85 -3.766350 1.399735 -0.012024 0.008936 0.015428 0.506771
    86 -6.258360 2.479772 -0.342655 -0.063682 -0.112066 0.735080
    87 -8.572340 0.418937 0.067432 0.036593 0.025938 1.365209
    88 -7.095986 1.213811 0.026113 0.026449 0.025150 1.077981
    89 -5.747712 2.159775 -1.269205 -0.121725 -0.115569 0.713352
    90 -7.351171 0.994610 0.036059 0.029811 0.025738 1.174049
    91 -7.915821 0.770521 0.049122 0.032719 0.025983 1.256176
    92 -8.905994 -8.723639 -0.078709 -0.082549 -0.043652 -1.666757
    93 -8.747288 4.767418 9.410916 -0.130394 0.098008 0.198913
    94 -2.905879 -8.653268 0.906271 0.127367 0.111900 -1.770441
    95 6.952963 37.444179 -18.980246 0.000000 0.000000 0.000000
    96 0.170270 -9.262669 2.885668 0.000000 0.000000 0.000000
    97 1.351957 6.445658 0.342694 -0.523846 -0.336324 0.444599
    98 -4.086769 -3.964347 -3.157696 -0.678822 0.590993 -0.165424
    99 0.224194 -2.027255 2.584114 0.000000 0.000000 0.000000
    100 0.236503 0.729332 1.174515 0.000000 0.000000 0.000000
    101 5.751795 28.303461 -25.214792 0.069566 -0.000999 0.001673
    102 0.006184 0.042617 0.630946 -0.000000 0.000000 0.000000
    103 0.004332 0.048953 0.425775 -0.000000 0.000000 0.000000
    104 0.002551 0.054555 0.229013 -0.000000 0.000000 0.000000
    105 -0.003175 0.048654 -0.383506 -0.000000 0.000000 0.000000
    106 -7.917468 -17.596449 8.317367 0.009487 0.017493 1.571866
    107 -7.923080 -12.240079 8.713215 -1.552244 0.339525 -3.134344
    108 -8.216996 -16.481173 7.306713 -0.017493 0.009486 0.000904
    109 -8.458077 -10.976725 5.004138 0.293094 0.009486 0.000904
    110 0.000000 0.000000 0.000000 0.000000 0.000000 0.000000
    111 0.000000 0.000000 0.000000 0.000000 0.000000 0.000000
    112 0.000000 0.000000 0.000000 0.000000 0.000000 0.000000
    113 0.000000 0.000000 0.000000 0.000000 0.000000 0.000000
  time 33
    0 0.000000 0.000000 0.000000 0.000000 0.000000 0.000000
    1 0.000000 500.000000 0.000000 0.000000 -0.000000 0.000000
    2 0.000000 500.000000 0.000000 0.000000 -0.000000 0.000000
    3 0.000000 500.000000 0.000000 0.000000 -0.000000 0.000000
    4 0.000000 500.000000 0.000000 0.000000 -0.000000 0.000000
    5 0.000000 500.000000 0.000000 0.000000 -0.000000 0.000000
    6 0.000000 500.000000 0.000000 0.000000 -0.000000 0.000000
    7 0.000000 500.000000 0.000000 0.000000 -0.000000 0.000000
    8 0.000000 500.000000 0.000000 0.000000 -0.000000 0.000000
    9 0.000000 500.000000 0.000000 0.000000 -0.000000 0.000000
    10 0.000000 500.000000 0.000000 0.000000 -0.000000 0.000000
    11 0.000000 500.000000 0.000000 0.000000 -0.000000 0.000000
    12 0.000000 500.000000 0.000000 0.000000 -0.000000 0.000000
    13 0.000000 500.000000 0.000000 0.000000 -0.000000 0.000000
    14 0.000000 500.000000 0.000000 0.000000 -0.000000 0.000000
    15 0.000000 500.000000 0.000000 0.000000 -0.000000 0.000000
    16 0.000000 500.000000 0.000000 0.000000 -0.000000 0.000000
    17 0.000000 500.000000 0.000000 0.000000 -0.000000 0.000000
    18 0.000000 500.000000 0.000000 0.000000 -0.000000 0.000000
    19 0.000000 500.000000 0.000000 0.000000 -0.000000 0.000000
    20 0.000000 500.000000 0.000000 0.000000 -0.000000 0.000000
    21 0.000000 500.000000 0.000000 0.000000 -0.000000 0.000000
    22 0.000000 500.000000 0.000000 0.000000 -0.000000 0.000000
    23 0.000000 500.000000 0.000000 0.000000 -0.000000 0.000000
    24 0.000000 500.000000 0.000000 0.000000 -0.000000 0.000000
    25 0.000000 500.000000 0.000000 0.000000 -0.000000 0.000000
    26 0.000000 500.000000 0.000000 0.000000 -0.000000 0.000000
    27 0.000000 500.000000 0.000000 0.000000 -0.000000 0.000000
    28 0.000000 500.000000 0.000000 0.000000 -0.000000 0.000000
    29 0.000000 500.000000 0.000000 0.000000 -0.000000 0.000000
    30 0.000000 500.000000 0.000000 0.000000 -0.000000 0.000000
    31 0.000000 500.000000 0.000000 0.000000 -0.000000 0.000000
    32 0.000000 500.000000 0.000000 0.000000 -0.000000 0.000000
    33 0.000000 500.000000 0.000000 0.000000 -0.000000 0.000000
    34 0.000000 500.000000 0.000000 0.000000 -0.000000 0.000000
    35 0.000000 500.000000 0.000000 0.000000 -0.000000 0.000000
    36 0.000000 500.000000 0.000000 0.000000 -0.000000 0.000000
    37 0.000000 500.000000 0.000000 0.000000 -0.000000 0.000000
    38 0.000000 500.000000 0.000000 0.000000 -0.000000 0.000000
    39 0.000000 500.000000 0.000000 0.000000 -0.000000 0.000000
    40 0.000000 500.000000 0.000000 0.000000 -0.000000 0.000000
    41 0.000000 500.000000 0.000000 0.000000 -0.000000 0.000000
    42 0.000000 500.000000 0.000000 0.000000 -0.000000 0.000000
    43 0.000000 500.000000 0.000000 0.000000 -0.000000 0.000000
    44 0.000000 500.000000 0.000000 0.000000 -0.000000 0.000000
    45 0.000000 500.000000 0.000000 0.000000 -0.000000 0.000000
    46 0.000000 500.000000 0.000000 0.000000 -0.000000 0.000000
    47 0.000000 500.000000 0.000000 0.000000 -0.000000 0.000000
    48 -5.597103 -0.315675 -20.383213 0.034190 -0.011379 1.569515
    49 0.480041 0.245986 0.685094 -0.005882 1.526905 -1.618466
    50 -4.641472 0.174681 0.038315 0.000012 0.000029 0.000795
    51 -4.393185 0.042118 0.040471 -0.000000 -0.000000 0.000000
    52 -9.748773 1.097161 0.055419 0.000016 0.000059 0.001711
    53 3.040852 -13.026023 5.842538 1.128729 0.654396 -2.269925
    54 -6.250619 -11.187145 6.764140 0.361657 -1.036092 -2.137195
    55 -6.908347 -6.746993 0.297075 0.014322 -0.038980 -1.247305
    56 -6.672617 -3.526758 10.926554 2.706679 0.048745 0.546750
    57 1.557132 -8.424387 0.232308 -1.213621 -0.478482 -0.087606
    58 -1.870705 0.372606 0.005081 0.001063 0.003215 0.095245
    59 -1.458849 0.438857 -0.001118 0.001323 0.003874 0.115174
    60 -1.617024 -0.547708 -0.754762 -0.244311 -0.260638 0.007932
    61 -5.607236 1.531874 0.001010 0.018117 0.022146 0.828173
    62 -4.794851 1.549590 -0.007348 0.013844 0.019577 0.687808
    63 -6.596516 2.860080 0.339654 0.113041 -0.010478 0.633316
    64 -4.122210 1.458595 -0.010648 0.010154 0.016605 0.554431
    65 -4.573039 1.531267 -0.008833 0.012585 0.018653 0.643870
    66 -6.645569 2.940114 1.321939 0.205535 0.053813 0.580153
    67 -4.668782 1.543301 -0.008333 0.013331 0.019212 0.670097
    68 -5.498457 1.543711 -0.000432 0.017343 0.021740 0.803593
    69 -7.729378 3.432162 3.180982 0.491883 0.184755 0.657363
    70 -5.032242 1.551232 -0.005139 0.016347 0.021180 0.771437
    71 -4.626552 1.546626 -0.008850 0.013664 0.019450 0.681603
    72 -5.508621 -6.226387 2.329353 0.407917 -0.041217 -1.251495
    73 -7.683893 -8.741019 5.991345 0.177366 -1.380541 2.992474
    74 -9.396376 0.123037 -1.254153 -0.327282 1.123342 -0.790880
    75 -8.358306 -8.761542 0.379930 0.028047 -0.044541 -1.667001
    76 -5.527148 -8.836072 3.165989 -1.901020 -0.165460 0.264741
    77 0.338370 -3.144785 12.118679 2.573181 0.131688 0.533423
    78 -4.354403 1.459486 -0.008461 0.010130 0.016584 0.553537
    79 -3.627951 1.410715 -0.013721 0.009170 0.015664 0.516136
    80 -1.830639 1.231440 2.816197 0.243480 -0.132720 -0.126835
    81 -4.204776 1.494406 -0.011085 0.011164 0.017502 0.592445
    82 -8.188755 0.688076 0.054551 0.033699 0.026011 1.283748
    83 -5.400910 2.822193 0.968759 0.025595 -0.150713 0.560355
    84 -9.643356 -0.421030 0.106427 0.043974 0.024660 1.576349
    85 -3.766350 1.399735 -0.012024 0.008936 0.015428 0.506771
    86 -6.258360 2.479772 -0.342655 -0.063682 -0.112066 0.735080
    87 -8.572341 0.418937 0.067432 0.036593 0.025938 1.365209
    88 -7.095986 1.213811 0.026113 0.026449 0.025150 1.077981
    89 -5.747715 2.159775 -1.269206 -0.121725 -0.115569 0.713353
    90 -7.351171 0.994610 0.036059 0.029811 0.025738 1.174049
    91 -7.915821 0.770521 0.049122 0.032719 0.025983 1.256176
    92 -8.902269 -8.721047 -0.078511 -0.082493 -0.043648 -1.665999
    93 -8.751083 4.750851 9.381690 -0.131713 0.100902 0.197257
    94 -2.905879 -8.653268 0.906271 0.127367 0.111900 -1.770441
    95 6.952963 37.444180 -18.980246 -0.000000 0.000000 0.000000
    96 0.170270 -9.262669 2.885668 -0.000000 0.000000 0.000000
    97 1.394953 6.141333 0.162747 -0.594611 -0.317165 0.472040
    98 -4.228062 -4.589863 -3.150989 -0.779638 0.594679 -0.197023
    99 0.224193 -2.027255 2.584115 -0.000000 0.000000 0.000000
    100 0.236503 0.729332 1.174515 -0.000000 0.000000 0.000000
    101 5.848482 28.261019 -25.372886 0.065864 -0.002821 0.000221
    102 0.006184 0.042617 0.630946 0.000000 -0.000000 -0.000000
    103 0.004332 0.048953 0.425775 0.000000 -0.000000 -0.000000
    104 0.002551 0.054554 0.229013 0.000000 -0.000000 -0.000000
    105 -0.003175 0.048655 -0.383506 0.000000 -0.000000 -0.000000
    106 -7.917468 -17.596449 8.317367 0.009487 0.017493 1.571866
    107 -7.923080 -12.240079 8.713215 -1.552244 0.339525 -3.134344
    108 -8.216996 -16.481173 7.306713 -0.017493 0.009486 0.000904
    109 -8.458077 -10.976725 5.004138 0.293094 0.009486 0.000904
    110 0.000000 0.000000 0.000000 -0.000000 0.000000 0.000000
    111 0.000000 0.000000 0.000000 -0.000000 0.000000 0.000000
    112 0.000000 0.000000 0.000000 -0.000000 0.000000 0.000000
    113 0.000000 0.000000 0.000000 -0.000000 0.000000 0.000000
  time 34
    0 0.000000 0.000000 0.000000 0.000000 0.000000 0.000000
    1 0.000000 500.000000 0.000000 0.000000 -0.000000 0.000000
    2 0.000000 500.000000 0.000000 0.000000 -0.000000 0.000000
    3 0.000000 500.000000 0.000000 0.000000 -0.000000 0.000000
    4 0.000000 500.000000 0.000000 0.000000 -0.000000 0.000000
    5 0.000000 500.000000 0.000000 0.000000 -0.000000 0.000000
    6 0.000000 500.000000 0.000000 0.000000 -0.000000 0.000000
    7 0.000000 500.000000 0.000000 0.000000 -0.000000 0.000000
    8 0.000000 500.000000 0.000000 0.000000 -0.000000 0.000000
    9 0.000000 500.000000 0.000000 0.000000 -0.000000 0.000000
    10 0.000000 500.000000 0.000000 0.000000 -0.000000 0.000000
    11 0.000000 500.000000 0.000000 0.000000 -0.000000 0.000000
    12 0.000000 500.000000 0.000000 0.000000 -0.000000 0.000000
    13 0.000000 500.000000 0.000000 0.000000 -0.000000 0.000000
    14 0.000000 500.000000 0.000000 0.000000 -0.000000 0.000000
    15 0.000000 500.000000 0.000000 0.000000 -0.000000 0.000000
    16 0.000000 500.000000 0.000000 0.000000 -0.000000 0.000000
    17 0.000000 500.000000 0.000000 0.000000 -0.000000 0.000000
    18 0.000000 500.000000 0.000000 0.000000 -0.000000 0.000000
    19 0.000000 500.000000 0.000000 0.000000 -0.000000 0.000000
    20 0.000000 500.000000 0.000000 0.000000 -0.000000 0.000000
    21 0.000000 500.000000 0.000000 0.000000 -0.000000 0.000000
    22 0.000000 500.000000 0.000000 0.000000 -0.000000 0.000000
    23 0.000000 500.000000 0.000000 0.000000 -0.000000 0.000000
    24 0.000000 500.000000 0.000000 0.000000 -0.000000 0.000000
    25 0.000000 500.000000 0.000000 0.000000 -0.000000 0.000000
    26 0.000000 500.000000 0.000000 0.000000 -0.000000 0.000000
    27 0.000000 500.000000 0.000000 0.000000 -0.000000 0.000000
    28 0.000000 500.000000 0.000000 0.000000 -0.000000 0.000000
    29 0.000000 500.000000 0.000000 0.000000 -0.000000 0.000000
    30 0.000000 500.000000 0.000000 0.000000 -0.000000 0.000000
    31 0.000000 500.000000 0.000000 0.000000 -0.000000 0.000000
    32 0.000000 500.000000 0.000000 0.000000 -0.000000 0.000000
    33 0.000000 500.000000 0.000000 0.000000 -0.000000 0.000000
    34 0.000000 500.000000 0.000000 0.000000 -0.000000 0.000000
    35 0.000000 500.000000 0.000000 0.000000 -0.000000 0.000000
    36 0.000000 500.000000 0.000000 0.000000 -0.000000 0.000000
    37 0.000000 500.000000 0.000000 0.000000 -0.000000 0.000000
    38 0.000000 500.000000 0.000000 0.000000 -0.000000 0.000000
    39 0.000000 500.000000 0.000000 0.000000 -0.000000 0.000000
    40 0.000000 500.000000 0.000000 0.000000 -0.000000 0.000000
    41 0.000000 500.000000 0.000000 0.000000 -0.000000 0.000000
    42 0.000000 500.000000 0.000000 0.000000 -0.000000 0.000000
    43 0.000000 500.000000 0.000000 0.000000 -0.000000 0.000000
    44 0.000000 500.000000 0.000000 0.000000 -0.000000 0.000000
    45 0.000000 500.000000 0.000000 0.000000 -0.000000 0.000000
    46 0.000000 500.000000 0.000000 0.000000 -0.000000 0.000000
    47 0.000000 500.000000 0.000000 0.000000 -0.000000 0.000000
    48 -5.596886 -0.291117 -20.397393 0.034199 -0.010213 1.569515
    49 0.480041 0.245986 0.685094 -0.005882 1.526905 -1.618466
    50 -4.641472 0.174681 0.038315 0.000012 0.000029 0.000795
    51 -4.393185 0.042118 0.040471 -0.000000 0.000000 0.000000
    52 -9.748773 1.097161 0.055419 0.000016 0.000059 0.001711
    53 3.040853 -13.026022 5.842539 1.128729 0.654396 -2.269925
    54 -6.249556 -11.187118 6.762916 0.361003 -1.036238 -2.136575
    55 -6.907228 -6.744444 0.296977 0.014308 -0.038971 -1.246838
    56 -6.680990 -3.521259 10.932324 2.702864 0.048999 0.543320
    57 1.557132 -8.424387 0.232308 -1.213621 -0.478482 -0.087606
    58 -1.885265 0.383449 0.004849 0.001102 0.003316 0.098287
    59 -1.507860 0.473600 -0.001840 0.001460 0.004205 0.125240
    60 -1.617024 -0.547708 -0.754762 -0.244311 -0.260638 0.007932
    61 -5.607236 1.531874 0.001010 0.018117 0.022146 0.828173
    62 -4.794851 1.549590 -0.007348 0.013844 0.019577 0.687808
    63 -6.596516 2.860080 0.339655 0.113041 -0.010478 0.633316
    64 -4.122210 1.458595 -0.010647 0.010154 0.016605 0.554431
    65 -4.573039 1.531267 -0.008833 0.012585 0.018653 0.643870
    66 -6.645569 2.940114 1.321939 0.205535 0.053813 0.580153
    67 -4.668783 1.543301 -0.008333 0.013331 0.019212 0.670097
    68 -5.498457 1.543711 -0.000432 0.017343 0.021740 0.803593
    69 -7.729378 3.432160 3.180979 0.491882 0.184755 0.657363
    70 -5.032242 1.551232 -0.005139 0.016347 0.021180 0.771437
    71 -4.626551 1.546626 -0.008850 0.013664 0.019450 0.681603
    72 -5.511247 -6.224604 2.321110 0.406512 -0.041203 -1.251011
    73 -7.683894 -8.741019 5.991345 0.177366 -1.380541 2.992474
    74 -9.396229 0.129410 -1.249674 -0.325550 1.124059 -0.789313
    75 -8.355223 -8.758741 0.379805 0.028022 -0.044536 -1.666301
    76 -5.548074 -8.865506 3.175882 -1.900648 -0.168260 0.259198
    77 0.338370 -3.144785 12.118679 2.573181 0.131688 0.533423
    78 -4.354403 1.459486 -0.008461 0.010130 0.016584 0.553537
    79 -3.627951 1.410715 -0.013721 0.009170 0.015664 0.516136
    80 -1.830639 1.231440 2.816197 0.243480 -0.132720 -0.126835
    81 -4.175560 1.490081 -0.011216 0.011031 0.017388 0.587495
    82 -8.143303 0.715446 0.053180 0.033382 0.026005 1.274848
    83 -5.400910 2.822194 0.968759 0.025595 -0.150713 0.560355
    84 -9.643356 -0.421030 0.106427 0.043974 0.024660 1.576349
    85 -3.766350 1.399735 -0.012024 0.008936 0.015428 0.506771
    86 -6.258360 2.479772 -0.342655 -0.063682 -0.112066 0.735080
    87 -8.572341 0.418937 0.067432 0.036593 0.025938 1.365209
    88 -7.095986 1.213811 0.026113 0.026449 0.025150 1.077981
    89 -5.747714 2.159776 -1.269206 -0.121725 -0.115569 0.713352
    90 -7.351171 0.994610 0.036060 0.029811 0.025738 1.174049
    91 -7.915821 0.770521 0.049122 0.032719 0.025983 1.256176
    92 -8.897405 -8.718762 -0.077254 -0.082164 -0.043646 -1.665303
    93 -8.763574 4.735994 9.351016 -0.132501 0.105142 0.195678
    94 -2.905879 -8.653268 0.906271 0.127367 0.111900 -1.770441
    95 6.952963 37.444179 -18.980247 -0.000000 0.000000 -0.000000
    96 0.170270 -9.262669 2.885667 -0.000000 0.000000 -0.000000
    97 1.411081 6.164698 0.194849 -0.574001 -0.319788 0.451556
    98 -4.248011 -4.679811 -3.145569 -0.793900 0.595443 -0.196359
    99 0.224193 -2.027255 2.584114 -0.000000 0.000000 -0.000000
    100 0.236503 0.729332 1.174515 -0.000000 0.000000 -0.000000
    101 5.936863 28.185793 -25.577801 0.060643 -0.004390 -0.001137
    102 0.006184 0.042617 0.630945 0.000000 0.000000 -0.000000
    103 0.004332 0.048953 0.425775 0.000000 0.000000 -0.000000
    104 0.002551 0.054555 0.229013 0.000000 0.000000 -0.000000
    105 -0.003175 0.048656 -0.383506 0.000000 0.000000 -0.000000
    106 -7.917468 -17.596449 8.317367 0.009487 0.017493 1.571866
    107 -7.923080 -12.240079 8.713215 -1.552244 0.339525 -3.134344
    108 -8.216996 -16.481173 7.306713 -0.017493 0.009486 0.000904
    109 -8.458077 -10.976725 5.004138 0.293094 0.009486 0.000904
    110 0.000000 -0.000000 -0.000000 -0.000000 0.000000 -0.000000
    111 0.000000 -0.000000 -0.000000 -0.000000 0.000000 -0.000000
    112 0.000000 -0.000000 -0.000000 -0.000000 0.000000 -0.000000
    113 0.000000 -0.000000 -0.000000 -0.000000 0.000000 -0.000000
  time 35
    0 0.000000 0.000000 0.000000 0.000000 0.000000 0.000000
    1 0.000000 500.000000 0.000000 0.000000 -0.000000 0.000000
    2 0.000000 500.000000 0.000000 0.000000 -0.000000 0.000000
    3 0.000000 500.000000 0.000000 0.000000 -0.000000 0.000000
    4 0.000000 500.000000 0.000000 0.000000 -0.000000 0.000000
    5 0.000000 500.000000 0.000000 0.000000 -0.000000 0.000000
    6 0.000000 500.000000 0.000000 0.000000 -0.000000 0.000000
    7 0.000000 500.000000 0.000000 0.000000 -0.000000 0.000000
    8 0.000000 500.000000 0.000000 0.000000 -0.000000 0.000000
    9 0.000000 500.000000 0.000000 0.000000 -0.000000 0.000000
    10 0.000000 500.000000 0.000000 0.000000 -0.000000 0.000000
    11 0.000000 500.000000 0.000000 0.000000 -0.000000 0.000000
    12 0.000000 500.000000 0.000000 0.000000 -0.000000 0.000000
    13 0.000000 500.000000 0.000000 0.000000 -0.000000 0.000000
    14 0.000000 500.000000 0.000000 0.000000 -0.000000 0.000000
    15 0.000000 500.000000 0.000000 0.000000 -0.000000 0.000000
    16 0.000000 500.000000 0.000000 0.000000 -0.000000 0.000000
    17 0.000000 500.000000 0.000000 0.000000 -0.000000 0.000000
    18 0.000000 500.000000 0.000000 0.000000 -0.000000 0.000000
    19 0.000000 500.000000 0.000000 0.000000 -0.000000 0.000000
    20 0.000000 500.000000 0.000000 0.000000 -0.000000 0.000000
    21 0.000000 500.000000 0.000000 0.000000 -0.000000 0.000000
    22 0.000000 500.000000 0.000000 0.000000 -0.000000 0.000000
    23 0.000000 500.000000 0.000000 0.000000 -0.000000 0.000000
    24 0.000000 500.000000 0.000000 0.000000 -0.000000 0.000000
    25 0.000000 500.000000 0.000000 0.000000 -0.000000 0.000000
    26 0.000000 500.000000 0.000000 0.000000 -0.000000 0.000000
    27 0.000000 500.000000 0.000000 0.000000 -0.000000 0.000000
    28 0.000000 500.000000 0.000000 0.000000 -0.000000 0.000000
    29 0.000000 500.000000 0.000000 0.000000 -0.000000 0.000000
    30 0.000000 500.000000 0.000000 0.000000 -0.000000 0.000000
    31 0.000000 500.000000 0.000000 0.000000 -0.000000 0.000000
    32 0.000000 500.000000 0.000000 0.000000 -0.000000 0.000000
    33 0.000000 500.000000 0.000000 0.000000 -0.000000 0.000000
    34 0.000000 500.000000 0.000000 0.000000 -0.000000 0.000000
    35 0.000000 500.000000 0.000000 0.000000 -0.000000 0.000000
    36 0.000000 500.000000 0.000000 0.000000 -0.000000 0.000000
    37 0.000000 500.000000 0.000000 0.000000 -0.000000 0.000000
    38 0.000000 500.000000 0.000000 0.000000 -0.000000 0.000000
    39 0.000000 500.000000 0.000000 0.000000 -0.000000 0.000000
    40 0.000000 500.000000 0.000000 0.000000 -0.000000 0.000000
    41 0.000000 500.000000 0.000000 0.000000 -0.000000 0.000000
    42 0.000000 500.000000 0.000000 0.000000 -0.000000 0.000000
    43 0.000000 500.000000 0.000000 0.000000 -0.000000 0.000000
    44 0.000000 500.000000 0.000000 0.000000 -0.000000 0.000000
    45 0.000000 500.000000 0.000000 0.000000 -0.000000 0.000000
    46 0.000000 500.000000 0.000000 0.000000 -0.000000 0.000000
    47 0.000000 500.000000 0.000000 0.000000 -0.000000 0.000000
    48 -5.596678 -0.267497 -20.405750 0.034208 -0.009004 1.569515
    49 0.480041 0.245986 0.685094 -0.005882 1.526905 -1.618466
    50 -4.641472 0.174681 0.038314 0.000012 0.000029 0.000795
    51 -4.393185 0.042118 0.040471 -0.000000 -0.000000 0.000000
    52 -9.748773 1.097161 0.055419 0.000016 0.000059 0.001711
    53 3.040855 -13.026021 5.842539 1.128730 0.654397 -2.269924
    54 -6.248758 -11.187145 6.761818 0.360487 -1.036324 -2.136088
    55 -6.905883 -6.741376 0.296859 0.014292 -0.038960 -1.246275
    56 -6.688489 -3.515420 10.937369 2.698758 0.049522 0.539421
    57 1.557132 -8.424386 0.232308 -1.213621 -0.478482 -0.087606
    58 -1.899278 0.393820 0.004627 0.001139 0.003413 0.101208
    59 -1.555253 0.506496 -0.002514 0.001594 0.004521 0.134906
    60 -1.617024 -0.547708 -0.754763 -0.244311 -0.260638 0.007932
    61 -5.607236 1.531875 0.001011 0.018117 0.022146 0.828173
    62 -4.794851 1.549590 -0.007347 0.013844 0.019577 0.687808
    63 -6.596516 2.860080 0.339655 0.113041 -0.010478 0.633316
    64 -4.122210 1.458595 -0.010647 0.010154 0.016605 0.554431
    65 -4.573039 1.531266 -0.008833 0.012585 0.018653 0.643870
    66 -6.645569 2.940114 1.321940 0.205535 0.053813 0.580153
    67 -4.668783 1.543300 -0.008333 0.013331 0.019212 0.670097
    68 -5.498457 1.543711 -0.000432 0.017343 0.021740 0.803593
    69 -7.729379 3.432159 3.180975 0.491882 0.184755 0.657363
    70 -5.032242 1.551232 -0.005138 0.016347 0.021180 0.771437
    71 -4.626551 1.546627 -0.008850 0.013664 0.019450 0.681603
    72 -5.514106 -6.222341 2.311923 0.404945 -0.041187 -1.250431
    73 -7.683894 -8.741019 5.991345 0.177366 -1.380541 2.992474
    74 -9.396089 0.135545 -1.245354 -0.323877 1.124748 -0.787798
    75 -8.352254 -8.756040 0.379684 0.027999 -0.044532 -1.665628
    76 -5.571423 -8.896965 3.184133 -1.899951 -0.171119 0.253130
    77 0.338370 -3.144784 12.118679 2.573181 0.131688 0.533423
    78 -4.354403 1.459486 -0.008461 0.010130 0.016584 0.553537
    79 -3.627951 1.410715 -0.013721 0.009170 0.015664 0.516136
    80 -1.830639 1.231441 2.816197 0.243480 -0.132720 -0.126835
    81 -4.155610 1.487042 -0.011302 0.010940 0.017309 0.584113
    82 -8.099266 0.741443 0.051869 0.033078 0.025996 1.266270
    83 -5.400910 2.822194 0.968759 0.025595 -0.150713 0.560355
    84 -9.643356 -0.421030 0.106428 0.043974 0.024660 1.576349
    85 -3.766350 1.399735 -0.012024 0.008936 0.015428 0.506771
    86 -6.258360 2.479773 -0.342655 -0.063682 -0.112066 0.735080
    87 -8.572341 0.418937 0.067432 0.036593 0.025938 1.365209
    88 -7.095986 1.213811 0.026113 0.026449 0.025150 1.077981
    89 -5.747710 2.159776 -1.269205 -0.121725 -0.115569 0.713352
    90 -7.351171 0.994610 0.036060 0.029811 0.025738 1.174049
    91 -7.915822 0.770521 0.049122 0.032719 0.025983 1.256176
    92 -8.892054 -8.716605 -0.075541 -0.081716 -0.043646 -1.664634
    93 -8.779862 4.721876 9.319805 -0.133067 0.109957 0.194131
    94 -2.905879 -8.653268 0.906271 0.127367 0.111900 -1.770441
    95 6.952962 37.444177 -18.980248 -0.000000 -0.000000 -0.000000
    96 0.170270 -9.262669 2.885666 -0.000000 -0.000000 -0.000000
    97 1.419234 6.325883 0.319551 -0.513902 -0.330272 0.410244
    98 -4.220561 -4.539562 -3.153341 -0.770972 0.595458 -0.181743
    99 0.224194 -2.027255 2.584114 -0.000000 -0.000000 -0.000000
    100 0.236503 0.729332 1.174515 -0.000000 -0.000000 -0.000000
    101 6.021679 28.096415 -25.802636 0.054772 -0.005856 -0.002449
    102 0.006184 0.042618 0.630944 -0.000000 0.000000 0.000000
    103 0.004332 0.048953 0.425775 -0.000000 0.000000 0.000000
    104 0.002551 0.054555 0.229013 -0.000000 0.000000 0.000000
    105 -0.003176 0.048656 -0.383507 -0.000000 0.000000 0.000000
    106 -7.917468 -17.596449 8.317367 0.009487 0.017493 1.571866
    107 -7.923080 -12.240079 8.713215 -1.552244 0.339525 -3.134344
    108 -8.216996 -16.481173 7.306713 -0.017493 0.009486 0.000904
    109 -8.458077 -10.976725 5.004138 0.293094 0.009486 0.000904
    110 -0.000000 0.000000 0.000000 -0.000000 -0.000000 -0.000000
    111 -0.000000 0.000000 0.000000 -0.000000 -0.000000 -0.000000
    112 -0.000000 0.000000 0.000000 -0.000000 -0.000000 -0.000000
    113 -0.000000 0.000000 0.000000 -0.000000 -0.000000 -0.000000
  time 36
    0 0.000000 0.000000 0.000000 0.000000 0.000000 0.000000
    1 0.000000 500.000000 0.000000 0.000000 -0.000000 0.000000
    2 0.000000 500.000000 0.000000 0.000000 -0.000000 0.000000
    3 0.000000 500.000000 0.000000 0.000000 -0.000000 0.000000
    4 0.000000 500.000000 0.000000 0.000000 -0.000000 0.000000
    5 0.000000 500.000000 0.000000 0.000000 -0.000000 0.000000
    6 0.000000 500.000000 0.000000 0.000000 -0.000000 0.000000
    7 0.000000 500.000000 0.000000 0.000000 -0.000000 0.000000
    8 0.000000 500.000000 0.000000 0.000000 -0.000000 0.000000
    9 0.000000 500.000000 0.000000 0.000000 -0.000000 0.000000
    10 0.000000 500.000000 0.000000 0.000000 -0.000000 0.000000
    11 0.000000 500.000000 0.000000 0.000000 -0.000000 0.000000
    12 0.000000 500.000000 0.000000 0.000000 -0.000000 0.000000
    13 0.000000 500.000000 0.000000 0.000000 -0.000000 0.000000
    14 0.000000 500.000000 0.000000 0.000000 -0.000000 0.000000
    15 0.000000 500.000000 0.000000 0.000000 -0.000000 0.000000
    16 0.000000 500.000000 0.000000 0.000000 -0.000000 0.000000
    17 0.000000 500.000000 0.000000 0.000000 -0.000000 0.000000
    18 0.000000 500.000000 0.000000 0.000000 -0.000000 0.000000
    19 0.000000 500.000000 0.000000 0.000000 -0.000000 0.000000
    20 0.000000 500.000000 0.000000 0.000000 -0.000000 0.000000
    21 0.000000 500.000000 0.000000 0.000000 -0.000000 0.000000
    22 0.000000 500.000000 0.000000 0.000000 -0.000000 0.000000
    23 0.000000 500.000000 0.000000 0.000000 -0.000000 0.000000
    24 0.000000 500.000000 0.000000 0.000000 -0.000000 0.000000
    25 0.000000 500.000000 0.000000 0.000000 -0.000000 0.000000
    26 0.000000 500.000000 0.000000 0.000000 -0.000000 0.000000
    27 0.000000 500.000000 0.000000 0.000000 -0.000000 0.000000
    28 0.000000 500.000000 0.000000 0.000000 -0.000000 0.000000
    29 0.000000 500.000000 0.000000 0.000000 -0.000000 0.000000
    30 0.000000 500.000000 0.000000 0.000000 -0.000000 0.000000
    31 0.000000 500.000000 0.000000 0.000000 -0.000000 0.000000
    32 0.000000 500.000000 0.000000 0.000000 -0.000000 0.000000
    33 0.000000 500.000000 0.000000 0.000000 -0.000000 0.000000
    34 0.000000 500.000000 0.000000 0.000000 -0.000000 0.000000
    35 0.000000 500.000000 0.000000 0.000000 -0.000000 0.000000
    36 0.000000 500.000000 0.000000 0.000000 -0.000000 0.000000
    37 0.000000 500.000000 0.000000 0.000000 -0.000000 0.000000
    38 0.000000 500.000000 0.000000 0.000000 -0.000000 0.000000
    39 0.000000 500.000000 0.000000 0.000000 -0.000000 0.000000
    40 0.000000 500.000000 0.000000 0.000000 -0.000000 0.000000
    41 0.000000 500.000000 0.000000 0.000000 -0.000000 0.000000
    42 0.000000 500.000000 0.000000 0.000000 -0.000000 0.000000
    43 0.000000 500.000000 0.000000 0.000000 -0.000000 0.000000
    44 0.000000 500.000000 0.000000 0.000000 -0.000000 0.000000
    45 0.000000 500.000000 0.000000 0.000000 -0.000000 0.000000
    46 0.000000 500.000000 0.000000 0.000000 -0.000000 0.000000
    47 0.000000 500.000000 0.000000 0.000000 -0.000000 0.000000
    48 -5.596470 -0.243882 -20.414101 0.034217 -0.007796 1.569514
    49 0.480041 0.245986 0.685093 -0.005882 1.526905 -1.618466
    50 -4.641473 0.174681 0.038314 0.000012 0.000029 0.000795
    51 -4.393185 0.042118 0.040471 0.000000 0.000000 -0.000000
    52 -9.748773 1.097161 0.055419 0.000016 0.000059 0.001711
    53 3.040857 -13.026020 5.842539 1.128730 0.654397 -2.269924
    54 -6.247961 -11.187173 6.760719 0.359971 -1.036409 -2.135601
    55 -6.904540 -6.738307 0.296741 0.014275 -0.038948 -1.245713
    56 -6.695975 -3.509535 10.942378 2.694651 0.050028 0.535520
    57 1.557132 -8.424385 0.232308 -1.213621 -0.478482 -0.087606
    58 -1.913321 0.404149 0.004407 0.001177 0.003509 0.104128
    59 -1.602962 0.538934 -0.003170 0.001732 0.004836 0.144572
    60 -1.617024 -0.547708 -0.754763 -0.244311 -0.260638 0.007932
    61 -5.607236 1.531875 0.001011 0.018117 0.022146 0.828173
    62 -4.794851 1.549590 -0.007346 0.013844 0.019577 0.687808
    63 -6.596516 2.860080 0.339655 0.113041 -0.010478 0.633316
    64 -4.122210 1.458595 -0.010646 0.010154 0.016605 0.554431
    65 -4.573040 1.531265 -0.008834 0.012585 0.018653 0.643870
    66 -6.645570 2.940114 1.321940 0.205535 0.053813 0.580153
    67 -4.668784 1.543299 -0.008333 0.013331 0.019212 0.670097
    68 -5.498457 1.543711 -0.000432 0.017343 0.021740 0.803593
    69 -7.729380 3.432157 3.180971 0.491881 0.184756 0.657363
    70 -5.032242 1.551232 -0.005138 0.016347 0.021180 0.771437
    71 -4.626550 1.546627 -0.008850 0.013664 0.019450 0.681603
    72 -5.516980 -6.220084 2.302740 0.403378 -0.041170 -1.249850
    73 -7.683895 -8.741019 5.991345 0.177366 -1.380541 2.992474
    74 -9.395950 0.141676 -1.241028 -0.322199 1.125436 -0.786279
    75 -8.349287 -8.753337 0.379563 0.027975 -0.044528 -1.664954
    76 -5.594980 -8.928295 3.192280 -1.899236 -0.173974 0.247056
    77 0.338370 -3.144783 12.118679 2.573181 0.131688 0.533423
    78 -4.354403 1.459486 -0.008461 0.010130 0.016584 0.553537
    79 -3.627951 1.410715 -0.013721 0.009170 0.015664 0.516136
    80 -1.830639 1.231441 2.816197 0.243480 -0.132720 -0.126835
    81 -4.135671 1.483936 -0.011386 0.010849 0.017230 0.580730
    82 -8.055008 0.767061 0.050569 0.032773 0.025985 1.257693
    83 -5.400910 2.822195 0.968758 0.025595 -0.150713 0.560355
    84 -9.643356 -0.421030 0.106429 0.043974 0.024660 1.576349
    85 -3.766350 1.399735 -0.012024 0.008936 0.015428 0.506771
    86 -6.258360 2.479773 -0.342655 -0.063682 -0.112066 0.735080
    87 -8.572341 0.418937 0.067432 0.036593 0.025938 1.365209
    88 -7.095986 1.213811 0.026113 0.026449 0.025150 1.077981
    89 -5.747707 2.159776 -1.269204 -0.121725 -0.115569 0.713351
    90 -7.351171 0.994610 0.036060 0.029811 0.025738 1.174049
    91 -7.915822 0.770521 0.049122 0.032719 0.025983 1.256176
    92 -8.886706 -8.714445 -0.073826 -0.081269 -0.043645 -1.663964
    93 -8.796253 4.707761 9.288706 -0.133641 0.114772 0.192579
    94 -2.905879 -8.653268 0.906271 0.127367 0.111900 -1.770441
    95 6.952962 37.444174 -18.980250 -0.000000 0.000000 0.000000
    96 0.170270 -9.262669 2.885666 -0.000000 0.000000 0.000000
    97 1.432710 6.479583 0.452939 -0.453201 -0.338374 0.368207
    98 -4.193334 -4.399147 -3.158398 -0.748048 0.595196 -0.167133
    99 0.224195 -2.027256 2.584113 -0.000000 0.000000 0.000000
    100 0.236503 0.729332 1.174515 -0.000000 0.000000 0.000000
    101 6.106481 28.006899 -26.027262 0.048902 -0.007330 -0.003752
    102 0.006184 0.042619 0.630944 0.000000 0.000000 0.000000
    103 0.004332 0.048953 0.425775 0.000000 0.000000 0.000000
    104 0.002551 0.054556 0.229012 0.000000 0.000000 0.000000
    105 -0.003176 0.048657 -0.383507 0.000000 0.000000 0.000000
    106 -7.917468 -17.596449 8.317367 0.009487 0.017493 1.571866
    107 -7.923080 -12.240079 8.713215 -1.552244 0.339525 -3.134344
    108 -8.216996 -16.481173 7.306713 -0.017493 0.009486 0.000904
    109 -8.458077 -10.976725 5.004138 0.293094 0.009486 0.000904
    110 0.000000 -0.000000 0.000000 -0.000000 0.000000 0.000000
    111 0.000000 -0.000000 0.000000 -0.000000 0.000000 0.000000
    112 0.000000 -0.000000 0.000000 -0.000000 0.000000 0.000000
    113 0.000000 -0.000000 0.000000 -0.000000 0.000000 0.000000
  time 37
    0 0.000000 0.000000 0.000000 0.000000 0.000000 0.000000
    1 0.000000 500.000000 0.000000 0.000000 -0.000000 0.000000
    2 0.000000 500.000000 0.000000 0.000000 -0.000000 0.000000
    3 0.000000 500.000000 0.000000 0.000000 -0.000000 0.000000
    4 0.000000 500.000000 0.000000 0.000000 -0.000000 0.000000
    5 0.000000 500.000000 0.000000 0.000000 -0.000000 0.000000
    6 0.000000 500.000000 0.000000 0.000000 -0.000000 0.000000
    7 0.000000 500.000000 0.000000 0.000000 -0.000000 0.000000
    8 0.000000 500.000000 0.000000 0.000000 -0.000000 0.000000
    9 0.000000 500.000000 0.000000 0.000000 -0.000000 0.000000
    10 0.000000 500.000000 0.000000 0.000000 -0.000000 0.000000
    11 0.000000 500.000000 0.000000 0.000000 -0.000000 0.000000
    12 0.000000 500.000000 0.000000 0.000000 -0.000000 0.000000
    13 0.000000 500.000000 0.000000 0.000000 -0.000000 0.000000
    14 0.000000 500.000000 0.000000 0.000000 -0.000000 0.000000
    15 0.000000 500.000000 0.000000 0.000000 -0.000000 0.000000
    16 0.000000 500.000000 0.000000 0.000000 -0.000000 0.000000
    17 0.000000 500.000000 0.000000 0.000000 -0.000000 0.000000
    18 0.000000 500.000000 0.000000 0.000000 -0.000000 0.000000
    19 0.000000 500.000000 0.000000 0.000000 -0.000000 0.000000
    20 0.000000 500.000000 0.000000 0.000000 -0.000000 0.000000
    21 0.000000 500.000000 0.000000 0.000000 -0.000000 0.000000
    22 0.000000 500.000000 0.000000 0.000000 -0.000000 0.000000
    23 0.000000 500.000000 0.000000 0.000000 -0.000000 0.000000
    24 0.000000 500.000000 0.000000 0.000000 -0.000000 0.000000
    25 0.000000 500.000000 0.000000 0.000000 -0.000000 0.000000
    26 0.000000 500.000000 0.000000 0.000000 -0.000000 0.000000
    27 0.000000 500.000000 0.000000 0.000000 -0.000000 0.000000
    28 0.000000 500.000000 0.000000 0.000000 -0.000000 0.000000
    29 0.000000 500.000000 0.000000 0.000000 -0.000000 0.000000
    30 0.000000 500.000000 0.000000 0.000000 -0.000000 0.000000
    31 0.000000 500.000000 0.000000 0.000000 -0.000000 0.000000
    32 0.000000 500.000000 0.000000 0.000000 -0.000000 0.000000
    33 0.000000 500.000000 0.000000 0.000000 -0.000000 0.000000
    34 0.000000 500.000000 0.000000 0.000000 -0.000000 0.000000
    35 0.000000 500.000000 0.000000 0.000000 -0.000000 0.000000
    36 0.000000 500.000000 0.000000 0.000000 -0.000000 0.000000
    37 0.000000 500.000000 0.000000 0.000000 -0.000000 0.000000
    38 0.000000 500.000000 0.000000 0.000000 -0.000000 0.000000
    39 0.000000 500.000000 0.000000 0.000000 -0.000000 0.000000
    40 0.000000 500.000000 0.000000 0.000000 -0.000000 0.000000
    41 0.000000 500.000000 0.000000 0.000000 -0.000000 0.000000
    42 0.000000 500.000000 0.000000 0.000000 -0.000000 0.000000
    43 0.000000 500.000000 0.000000 0.000000 -0.000000 0.000000
    44 0.000000 500.000000 0.000000 0.000000 -0.000000 0.000000
    45 0.000000 500.000000 0.000000 0.000000 -0.000000 0.000000
    46 0.000000 500.000000 0.000000 0.000000 -0.000000 0.000000
    47 0.000000 500.000000 0.000000 0.000000 -0.000000 0.000000
    48 -5.596285 -0.222976 -20.419270 0.034225 -0.006709 1.569514
    49 0.480041 0.245986 0.685093 -0.005882 1.526905 -1.618466
    50 -4.641473 0.174681 0.038314 0.000012 0.000029 0.000795
    51 -4.393185 0.042118 0.040471 0.000000 -0.000000 0.000000
    52 -9.748773 1.097161 0.055419 0.000016 0.000059 0.001711
    53 3.040858 -13.026019 5.842539 1.128730 0.654397 -2.269924
    54 -6.247445 -11.187199 6.759974 0.359706 -1.036415 -2.135330
    55 -6.903340 -6.735564 0.296635 0.014260 -0.038938 -1.245211
    56 -6.702788 -3.503913 10.946891 2.691079 0.050411 0.532261
    57 1.557132 -8.424385 0.232308 -1.213621 -0.478482 -0.087606
    58 -1.921762 0.410327 0.004276 0.001200 0.003567 0.105881
    59 -1.631737 0.558174 -0.003554 0.001816 0.005025 0.150372
    60 -1.617024 -0.547708 -0.754764 -0.244311 -0.260638 0.007932
    61 -5.607236 1.531876 0.001012 0.018117 0.022146 0.828173
    62 -4.794851 1.549590 -0.007346 0.013844 0.019577 0.687808
    63 -6.596516 2.860080 0.339655 0.113041 -0.010478 0.633316
    64 -4.122210 1.458595 -0.010646 0.010154 0.016605 0.554431
    65 -4.573040 1.531265 -0.008834 0.012585 0.018653 0.643870
    66 -6.645570 2.940114 1.321941 0.205535 0.053813 0.580153
    67 -4.668784 1.543299 -0.008333 0.013331 0.019212 0.670097
    68 -5.498457 1.543711 -0.000432 0.017343 0.021740 0.803593
    69 -7.729380 3.432156 3.180970 0.491881 0.184756 0.657363
    70 -5.032242 1.551232 -0.005137 0.016347 0.021180 0.771437
    71 -4.626550 1.546627 -0.008850 0.013664 0.019450 0.681603
    72 -5.519424 -6.218019 2.294845 0.402031 -0.041155 -1.249332
    73 -7.683895 -8.741019 5.991345 0.177366 -1.380541 2.992474
    74 -9.395842 0.146378 -1.237703 -0.320908 1.125964 -0.785110
    75 -8.347011 -8.751261 0.379470 0.027957 -0.044525 -1.664437
    76 -5.614934 -8.954606 3.199284 -1.898665 -0.176366 0.241954
    77 0.338370 -3.144783 12.118679 2.573181 0.131688 0.533423
    78 -4.354403 1.459486 -0.008461 0.010130 0.016584 0.553537
    79 -3.627951 1.410715 -0.013721 0.009170 0.015664 0.516136
    80 -1.830639 1.231442 2.816197 0.243480 -0.132720 -0.126835
    81 -4.116279 1.480849 -0.011465 0.010761 0.017153 0.577439
    82 -8.015517 0.789495 0.049423 0.032503 0.025973 1.250074
    83 -5.400910 2.822195 0.968758 0.025595 -0.150713 0.560355
    84 -9.643356 -0.421030 0.106429 0.043974 0.024660 1.576349
    85 -3.766350 1.399735 -0.012024 0.008936 0.015428 0.506771
    86 -6.258360 2.479773 -0.342655 -0.063682 -0.112066 0.735080
    87 -8.572341 0.418937 0.067432 0.036593 0.025938 1.365209
    88 -7.095986 1.213811 0.026113 0.026449 0.025150 1.077981
    89 -5.747705 2.159776 -1.269204 -0.121725 -0.115569 0.713351
    90 -7.351171 0.994610 0.036059 0.029811 0.025738 1.174049
    91 -7.915823 0.770521 0.049122 0.032719 0.025983 1.256176
    92 -8.882499 -8.712792 -0.072431 -0.080906 -0.043645 -1.663450
    93 -8.810994 4.695694 9.263113 -0.134166 0.118929 0.191268
    94 -2.905879 -8.653267 0.906270 0.127367 0.111900 -1.770441
    95 6.952963 37.444173 -18.980251 0.000000 -0.000000 0.000000
    96 0.170270 -9.262669 2.885665 0.000000 -0.000000 0.000000
    97 1.487857 6.682218 0.684931 -0.374324 -0.353508 0.314367
    98 -4.162966 -4.182954 -3.160397 -0.713073 0.595697 -0.144883
    99 0.224195 -2.027256 2.584113 0.000000 -0.000000 0.000000
    100 0.236503 0.729332 1.174515 0.000000 -0.000000 0.000000
    101 6.178811 27.928970 -26.217946 0.043799 -0.008632 -0.004835
    102 0.006184 0.042619 0.630944 0.000000 0.000000 0.000000
    103 0.004332 0.048953 0.425775 0.000000 0.000000 0.000000
    104 0.002551 0.054556 0.229012 0.000000 0.000000 0.000000
    105 -0.003177 0.048657 -0.383508 0.000000 0.000000 0.000000
    106 -7.917468 -17.596449 8.317367 0.009487 0.017493 1.571866
    107 -7.923080 -12.240079 8.713215 -1.552244 0.339525 -3.134344
    108 -8.216996 -16.481173 7.306713 -0.017493 0.009486 0.000904
    109 -8.458077 -10.976725 5.004138 0.293094 0.009486 0.000904
    110 -0.000000 0.000000 -0.000000 0.000000 -0.000000 0.000000
    111 -0.000000 0.000000 -0.000000 0.000000 -0.000000 0.000000
    112 -0.000000 0.000000 -0.000000 0.000000 -0.000000 0.000000
    113 -0.000000 0.000000 -0.000000 0.000000 -0.000000 0.000000
  time 38
    0 0.000000 0.000000 0.000000 0.000000 0.000000 0.000000
    1 0.000000 500.000000 0.000000 0.000000 -0.000000 0.000000
    2 0.000000 500.000000 0.000000 0.000000 -0.000000 0.000000
    3 0.000000 500.000000 0.000000 0.000000 -0.000000 0.000000
    4 0.000000 500.000000 0.000000 0.000000 -0.000000 0.000000
    5 0.000000 500.000000 0.000000 0.000000 -0.000000 0.000000
    6 0.000000 500.000000 0.000000 0.000000 -0.000000 0.000000
    7 0.000000 500.000000 0.000000 0.000000 -0.000000 0.000000
    8 0.000000 500.000000 0.000000 0.000000 -0.000000 0.000000
    9 0.000000 500.000000 0.000000 0.000000 -0.000000 0.000000
    10 0.000000 500.000000 0.000000 0.000000 -0.000000 0.000000
    11 0.000000 500.000000 0.000000 0.000000 -0.000000 0.000000
    12 0.000000 500.000000 0.000000 0.000000 -0.000000 0.000000
    13 0.000000 500.000000 0.000000 0.000000 -0.000000 0.000000
    14 0.000000 500.000000 0.000000 0.000000 -0.000000 0.000000
    15 0.000000 500.000000 0.000000 0.000000 -0.000000 0.000000
    16 0.000000 500.000000 0.000000 0.000000 -0.000000 0.000000
    17 0.000000 500.000000 0.000000 0.000000 -0.000000 0.000000
    18 0.000000 500.000000 0.000000 0.000000 -0.000000 0.000000
    19 0.000000 500.000000 0.000000 0.000000 -0.000000 0.000000
    20 0.000000 500.000000 0.000000 0.000000 -0.000000 0.000000
    21 0.000000 500.000000 0.000000 0.000000 -0.000000 0.000000
    22 0.000000 500.000000 0.000000 0.000000 -0.000000 0.000000
    23 0.000000 500.000000 0.000000 0.000000 -0.000000 0.000000
    24 0.000000 500.000000 0.000000 0.000000 -0.000000 0.000000
    25 0.000000 500.000000 0.000000 0.000000 -0.000000 0.000000
    26 0.000000 500.000000 0.000000 0.000000 -0.000000 0.000000
    27 0.000000 500.000000 0.000000 0.000000 -0.000000 0.000000
    28 0.000000 500.000000 0.000000 0.000000 -0.000000 0.000000
    29 0.000000 500.000000 0.000000 0.000000 -0.000000 0.000000
    30 0.000000 500.000000 0.000000 0.000000 -0.000000 0.000000
    31 0.000000 500.000000 0.000000 0.000000 -0.000000 0.000000
    32 0.000000 500.000000 0.000000 0.000000 -0.000000 0.000000
    33 0.000000 500.000000 0.000000 0.000000 -0.000000 0.000000
    34 0.000000 500.000000 0.000000 0.000000 -0.000000 0.000000
    35 0.000000 500.000000 0.000000 0.000000 -0.000000 0.000000
    36 0.000000 500.000000 0.000000 0.000000 -0.000000 0.000000
    37 0.000000 500.000000 0.000000 0.000000 -0.000000 0.000000
    38 0.000000 500.000000 0.000000 0.000000 -0.000000 0.000000
    39 0.000000 500.000000 0.000000 0.000000 -0.000000 0.000000
    40 0.000000 500.000000 0.000000 0.000000 -0.000000 0.000000
    41 0.000000 500.000000 0.000000 0.000000 -0.000000 0.000000
    42 0.000000 500.000000 0.000000 0.000000 -0.000000 0.000000
    43 0.000000 500.000000 0.000000 0.000000 -0.000000 0.000000
    44 0.000000 500.000000 0.000000 0.000000 -0.000000 0.000000
    45 0.000000 500.000000 0.000000 0.000000 -0.000000 0.000000
    46 0.000000 500.000000 0.000000 0.000000 -0.000000 0.000000
    47 0.000000 500.000000 0.000000 0.000000 -0.000000 0.000000
    48 -5.596137 -0.206130 -20.419674 0.034232 -0.005806 1.569514
    49 0.480041 0.245986 0.685093 -0.005882 1.526905 -1.618466
    50 -4.641473 0.174681 0.038314 0.000012 0.000029 0.000795
    51 -4.393185 0.042118 0.040471 -0.000000 0.000000 0.000000
    52 -9.748773 1.097161 0.055419 0.000016 0.000059 0.001711
    53 3.040856 -13.026020 5.842539 1.128730 0.654397 -2.269924
    54 -6.247351 -11.187224 6.759762 0.359817 -1.036299 -2.135383
    55 -6.902356 -6.733309 0.296549 0.014248 -0.038930 -1.244798
    56 -6.708606 -3.498726 10.950687 2.688314 0.050624 0.529967
    57 1.557132 -8.424386 0.232308 -1.213621 -0.478482 -0.087606
    58 -1.921762 0.410327 0.004276 0.001200 0.003567 0.105881
    59 -1.631737 0.558174 -0.003554 0.001816 0.005025 0.150372
    60 -1.617024 -0.547708 -0.754764 -0.244311 -0.260638 0.007932
    61 -5.607236 1.531876 0.001012 0.018117 0.022146 0.828173
    62 -4.794851 1.549590 -0.007346 0.013844 0.019577 0.687808
    63 -6.596516 2.860080 0.339655 0.113041 -0.010478 0.633316
    64 -4.122210 1.458595 -0.010646 0.010154 0.016605 0.554431
    65 -4.573040 1.531266 -0.008834 0.012585 0.018653 0.643870
    66 -6.645570 2.940114 1.321941 0.205535 0.053813 0.580153
    67 -4.668784 1.543299 -0.008333 0.013331 0.019212 0.670097
    68 -5.498457 1.543711 -0.000432 0.017343 0.021740 0.803593
    69 -7.729380 3.432157 3.180974 0.491881 0.184755 0.657363
    70 -5.032242 1.551232 -0.005137 0.016347 0.021180 0.771437
    71 -4.626550 1.546627 -0.008850 0.013664 0.019450 0.681603
    72 -5.521210 -6.216235 2.288883 0.401013 -0.041143 -1.248908
    73 -7.683895 -8.741019 5.991345 0.177366 -1.380541 2.992474
    74 -9.395783 0.148942 -1.235888 -0.320202 1.126251 -0.784471
    75 -8.345770 -8.750127 0.379419 0.027947 -0.044523 -1.664155
    76 -5.629288 -8.973512 3.204675 -1.898326 -0.178069 0.238314
    77 0.338370 -3.144783 12.118679 2.573181 0.131688 0.533423
    78 -4.354403 1.459486 -0.008461 0.010130 0.016584 0.553537
    79 -3.627951 1.410714 -0.013720 0.009170 0.015664 0.516136
    80 -1.830639 1.231442 2.816197 0.243480 -0.132720 -0.126835
    81 -4.097703 1.477831 -0.011539 0.010677 0.017079 0.574285
    82 -7.983357 0.807472 0.048501 0.032283 0.025961 1.243894
    83 -5.400910 2.822195 0.968758 0.025595 -0.150713 0.560355
    84 -9.643357 -0.421030 0.106429 0.043974 0.024660 1.576349
    85 -3.766350 1.399735 -0.012024 0.008936 0.015428 0.506771
    86 -6.258360 2.479773 -0.342654 -0.063682 -0.112066 0.735080
    87 -8.572341 0.418937 0.067432 0.036593 0.025938 1.365209
    88 -7.095986 1.213811 0.026113 0.026449 0.025150 1.077981
    89 -5.747706 2.159776 -1.269204 -0.121725 -0.115569 0.713351
    90 -7.351171 0.994610 0.036059 0.029811 0.025738 1.174049
    91 -7.915823 0.770521 0.049122 0.032719 0.025983 1.256176
    92 -8.880002 -8.711904 -0.071517 -0.080669 -0.043646 -1.663170
    93 -8.823169 4.686692 9.245676 -0.134610 0.122098 0.190319
    94 -2.905881 -8.653264 0.906266 0.127366 0.111901 -1.770441
    95 6.952963 37.444175 -18.980250 0.000000 -0.000000 -0.000000
    96 0.170270 -9.262669 2.885665 0.000000 -0.000000 -0.000000
    97 1.607047 6.937506 1.073919 -0.266646 -0.377041 0.240971
    98 -4.128534 -3.853276 -3.150859 -0.659928 0.596635 -0.111069
    99 0.224194 -2.027256 2.584113 0.000000 -0.000000 -0.000000
    100 0.236503 0.729332 1.174515 0.000000 -0.000000 -0.000000
    101 6.232448 27.868541 -26.357905 0.039842 -0.009671 -0.005596
    102 0.006184 0.042619 0.630944 0.000000 -0.000000 0.000000
    103 0.004332 0.048953 0.425775 0.000000 -0.000000 0.000000
    104 0.002551 0.054556 0.229012 0.000000 -0.000000 0.000000
    105 -0.003177 0.048656 -0.383508 0.000000 -0.000000 0.000000
    106 -7.917468 -17.596449 8.317367 0.009487 0.017493 1.571866
    107 -7.923080 -12.240079 8.713215 -1.552244 0.339525 -3.134344
    108 -8.216996 -16.481173 7.306713 -0.017493 0.009486 0.000904
    109 -8.458077 -10.976725 5.004138 0.293094 0.009486 0.000904
    110 0.000000 -0.000000 -0.000000 0.000000 -0.000000 -0.000000
    111 0.000000 -0.000000 -0.000000 0.000000 -0.000000 -0.000000
    112 0.000000 -0.000000 -0.000000 0.000000 -0.000000 -0.000000
    113 0.000000 -0.000000 -0.000000 0.000000 -0.000000 -0.000000
  time 39
    0 0.000000 0.000000 0.000000 0.000000 0.000000 0.000000
    1 0.000000 500.000000 0.000000 0.000000 -0.000000 0.000000
    2 0.000000 500.000000 0.000000 0.000000 -0.000000 0.000000
    3 0.000000 500.000000 0.000000 0.000000 -0.000000 0.000000
    4 0.000000 500.000000 0.000000 0.000000 -0.000000 0.000000
    5 0.000000 500.000000 0.000000 0.000000 -0.000000 0.000000
    6 0.000000 500.000000 0.000000 0.000000 -0.000000 0.000000
    7 0.000000 500.000000 0.000000 0.000000 -0.000000 0.000000
    8 0.000000 500.000000 0.000000 0.000000 -0.000000 0.000000
    9 0.000000 500.000000 0.000000 0.000000 -0.000000 0.000000
    10 0.000000 500.000000 0.000000 0.000000 -0.000000 0.000000
    11 0.000000 500.000000 0.000000 0.000000 -0.000000 0.000000
    12 0.000000 500.000000 0.000000 0.000000 -0.000000 0.000000
    13 0.000000 500.000000 0.000000 0.000000 -0.000000 0.000000
    14 0.000000 500.000000 0.000000 0.000000 -0.000000 0.000000
    15 0.000000 500.000000 0.000000 0.000000 -0.000000 0.000000
    16 0.000000 500.000000 0.000000 0.000000 -0.000000 0.000000
    17 0.000000 500.000000 0.000000 0.000000 -0.000000 0.000000
    18 0.000000 500.000000 0.000000 0.000000 -0.000000 0.000000
    19 0.000000 500.000000 0.000000 0.000000 -0.000000 0.000000
    20 0.000000 500.000000 0.000000 0.000000 -0.000000 0.000000
    21 0.000000 500.000000 0.000000 0.000000 -0.000000 0.000000
    22 0.000000 500.000000 0.000000 0.000000 -0.000000 0.000000
    23 0.000000 500.000000 0.000000 0.000000 -0.000000 0.000000
    24 0.000000 500.000000 0.000000 0.000000 -0.000000 0.000000
    25 0.000000 500.000000 0.000000 0.000000 -0.000000 0.000000
    26 0.000000 500.000000 0.000000 0.000000 -0.000000 0.000000
    27 0.000000 500.000000 0.000000 0.000000 -0.000000 0.000000
    28 0.000000 500.000000 0.000000 0.000000 -0.000000 0.000000
    29 0.000000 500.000000 0.000000 0.000000 -0.000000 0.000000
    30 0.000000 500.000000 0.000000 0.000000 -0.000000 0.000000
    31 0.000000 500.000000 0.000000 0.000000 -0.000000 0.000000
    32 0.000000 500.000000 0.000000 0.000000 -0.000000 0.000000
    33 0.000000 500.000000 0.000000 0.000000 -0.000000 0.000000
    34 0.000000 500.000000 0.000000 0.000000 -0.000000 0.000000
    35 0.000000 500.000000 0.000000 0.000000 -0.000000 0.000000
    36 0.000000 500.000000 0.000000 0.000000 -0.000000 0.000000
    37 0.000000 500.000000 0.000000 0.000000 -0.000000 0.000000
    38 0.000000 500.000000 0.000000 0.000000 -0.000000 0.000000
    39 0.000000 500.000000 0.000000 0.000000 -0.000000 0.000000
    40 0.000000 500.000000 0.000000 0.000000 -0.000000 0.000000
    41 0.000000 500.000000 0.000000 0.000000 -0.000000 0.000000
    42 0.000000 500.000000 0.000000 0.000000 -0.000000 0.000000
    43 0.000000 500.000000 0.000000 0.000000 -0.000000 0.000000
    44 0.000000 500.000000 0.000000 0.000000 -0.000000 0.000000
    45 0.000000 500.000000 0.000000 0.000000 -0.000000 0.000000
    46 0.000000 500.000000 0.000000 0.000000 -0.000000 0.000000
    47 0.000000 500.000000 0.000000 0.000000 -0.000000 0.000000
    48 -5.595989 -0.189286 -20.420075 0.034239 -0.004903 1.569514
    49 0.480041 0.245986 0.685093 -0.005882 1.526905 -1.618466
    50 -4.641473 0.174681 0.038315 0.000012 0.000029 0.000795
    51 -4.393185 0.042118 0.040471 0.000000 -0.000000 0.000000
    52 -9.748773 1.097161 0.055419 0.000016 0.000059 0.001711
    53 3.040854 -13.026020 5.842539 1.128730 0.654396 -2.269924
    54 -6.247256 -11.187249 6.759550 0.359928 -1.036184 -2.135436
    55 -6.901372 -6.731054 0.296462 0.014236 -0.038922 -1.244385
    56 -6.714416 -3.493518 10.954462 2.685549 0.050831 0.527672
    57 1.557132 -8.424386 0.232308 -1.213621 -0.478482 -0.087606
    58 -1.921763 0.410327 0.004276 0.001200 0.003567 0.105881
    59 -1.631737 0.558174 -0.003554 0.001816 0.005025 0.150372
    60 -1.617024 -0.547708 -0.754764 -0.244311 -0.260638 0.007932
    61 -5.607236 1.531876 0.001012 0.018117 0.022146 0.828173
    62 -4.794851 1.549590 -0.007346 0.013844 0.019577 0.687808
    63 -6.596516 2.860080 0.339655 0.113041 -0.010478 0.633316
    64 -4.122210 1.458595 -0.010646 0.010154 0.016605 0.554431
    65 -4.573040 1.531266 -0.008834 0.012585 0.018653 0.643870
    66 -6.645570 2.940114 1.321941 0.205535 0.053813 0.580153
    67 -4.668784 1.543299 -0.008333 0.013331 0.019212 0.670097
    68 -5.498457 1.543711 -0.000432 0.017343 0.021740 0.803593
    69 -7.729380 3.432159 3.180978 0.491882 0.184755 0.657363
    70 -5.032242 1.551232 -0.005137 0.016347 0.021180 0.771437
    71 -4.626551 1.546626 -0.008850 0.013664 0.019450 0.681603
    72 -5.523003 -6.214454 2.282921 0.399994 -0.041131 -1.248483
    73 -7.683895 -8.741019 5.991345 0.177366 -1.380541 2.992474
    74 -9.395724 0.151505 -1.234072 -0.319496 1.126539 -0.783832
    75 -8.344528 -8.748994 0.379368 0.027937 -0.044521 -1.663872
    76 -5.643719 -8.992370 3.210029 -1.897981 -0.179770 0.234672
    77 0.338370 -3.144783 12.118679 2.573181 0.131688 0.533423
    78 -4.354403 1.459486 -0.008461 0.010130 0.016584 0.553537
    79 -3.627951 1.410713 -0.013719 0.009170 0.015664 0.516136
    80 -1.830639 1.231442 2.816197 0.243480 -0.132720 -0.126835
    81 -4.079136 1.474754 -0.011610 0.010593 0.017004 0.571131
    82 -7.951086 0.825250 0.047584 0.032064 0.025949 1.237714
    83 -5.400910 2.822195 0.968758 0.025595 -0.150713 0.560355
    84 -9.643358 -0.421030 0.106429 0.043974 0.024660 1.576349
    85 -3.766350 1.399735 -0.012024 0.008936 0.015428 0.506771
    86 -6.258360 2.479772 -0.342654 -0.063682 -0.112066 0.735080
    87 -8.572341 0.418937 0.067432 0.036593 0.025938 1.365209
    88 -7.095986 1.213811 0.026113 0.026449 0.025150 1.077981
    89 -5.747706 2.159775 -1.269204 -0.121725 -0.115569 0.713351
    90 -7.351171 0.994610 0.036058 0.029811 0.025738 1.174049
    91 -7.915823 0.770521 0.049122 0.032719 0.025983 1.256176
    92 -8.877505 -8.711014 -0.070602 -0.080431 -0.043646 -1.662890
    93 -8.835388 4.677690 9.228290 -0.135058 0.125268 0.189369
    94 -2.905883 -8.653262 0.906263 0.127366 0.111901 -1.770441
    95 6.952964 37.444176 -18.980248 -0.000000 0.000000 -0.000000
    96 0.170270 -9.262669 2.885665 -0.000000 0.000000 -0.000000
    97 1.736339 7.147080 1.486294 -0.156533 -0.392981 0.164681
    98 -4.095489 -3.524200 -3.126755 -0.606768 0.596084 -0.077239
    99 0.224193 -2.027256 2.584113 -0.000000 0.000000 -0.000000
    100 0.236503 0.729332 1.174515 -0.000000 0.000000 -0.000000
    101 6.286082 27.808053 -26.497769 0.035886 -0.010712 -0.006353
    102 0.006184 0.042619 0.630945 0.000000 0.000000 0.000000
    103 0.004332 0.048953 0.425774 0.000000 0.000000 0.000000
    104 0.002551 0.054556 0.229012 0.000000 0.000000 0.000000
    105 -0.003177 0.048656 -0.383508 0.000000 0.000000 0.000000
    106 -7.917468 -17.596449 8.317367 0.009487 0.017493 1.571866
    107 -7.923080 -12.240079 8.713215 -1.552244 0.339525 -3.134344
    108 -8.216996 -16.481173 7.306713 -0.017493 0.009486 0.000904
    109 -8.458077 -10.976725 5.004138 0.293094 0.009486 0.000904
    110 -0.000000 -0.000000 -0.000000 -0.000000 0.000000 -0.000000
    111 -0.000000 -0.000000 -0.000000 -0.000000 0.000000 -0.000000
    112 -0.000000 -0.000000 -0.000000 -0.000000 0.000000 -0.000000
    113 -0.000000 -0.000000 -0.000000 -0.000000 0.000000 -0.000000
  time 40
    0 0.000000 0.000000 0.000000 0.000000 0.000000 0.000000
    1 0.000000 500.000000 0.000000 0.000000 -0.000000 0.000000
    2 0.000000 500.000000 0.000000 0.000000 -0.000000 0.000000
    3 0.000000 500.000000 0.000000 0.000000 -0.000000 0.000000
    4 0.000000 500.000000 0.000000 0.000000 -0.000000 0.000000
    5 0.000000 500.000000 0.000000 0.000000 -0.000000 0.000000
    6 0.000000 500.000000 0.000000 0.000000 -0.000000 0.000000
    7 0.000000 500.000000 0.000000 0.000000 -0.000000 0.000000
    8 0.000000 500.000000 0.000000 0.000000 -0.000000 0.000000
    9 0.000000 500.000000 0.000000 0.000000 -0.000000 0.000000
    10 0.000000 500.000000 0.000000 0.000000 -0.000000 0.000000
    11 0.000000 500.000000 0.000000 0.000000 -0.000000 0.000000
    12 0.000000 500.000000 0.000000 0.000000 -0.000000 0.000000
    13 0.000000 500.000000 0.000000 0.000000 -0.000000 0.000000
    14 0.000000 500.000000 0.000000 0.000000 -0.000000 0.000000
    15 0.000000 500.000000 0.000000 0.000000 -0.000000 0.000000
    16 0.000000 500.000000 0.000000 0.000000 -0.000000 0.000000
    17 0.000000 500.000000 0.000000 0.000000 -0.000000 0.000000
    18 0.000000 500.000000 0.000000 0.000000 -0.000000 0.000000
    19 0.000000 500.000000 0.000000 0.000000 -0.000000 0.000000
    20 0.000000 500.000000 0.000000 0.000000 -0.000000 0.000000
    21 0.000000 500.000000 0.000000 0.000000 -0.000000 0.000000
    22 0.000000 500.000000 0.000000 0.000000 -0.000000 0.000000
    23 0.000000 500.000000 0.000000 0.000000 -0.000000 0.000000
    24 0.000000 500.000000 0.000000 0.000000 -0.000000 0.000000
    25 0.000000 500.000000 0.000000 0.000000 -0.000000 0.000000
    26 0.000000 500.000000 0.000000 0.000000 -0.000000 0.000000
    27 0.000000 500.000000 0.000000 0.000000 -0.000000 0.000000
    28 0.000000 500.000000 0.000000 0.000000 -0.000000 0.000000
    29 0.000000 500.000000 0.000000 0.000000 -0.000000 0.000000
    30 0.000000 500.000000 0.000000 0.000000 -0.000000 0.000000
    31 0.000000 500.000000 0.000000 0.000000 -0.000000 0.000000
    32 0.000000 500.000000 0.000000 0.000000 -0.000000 0.000000
    33 0.000000 500.000000 0.000000 0.000000 -0.000000 0.000000
    34 0.000000 500.000000 0.000000 0.000000 -0.000000 0.000000
    35 0.000000 500.000000 0.000000 0.000000 -0.000000 0.000000
    36 0.000000 500.000000 0.000000 0.000000 -0.000000 0.000000
    37 0.000000 500.000000 0.000000 0.000000 -0.000000 0.000000
    38 0.000000 500.000000 0.000000 0.000000 -0.000000 0.000000
    39 0.000000 500.000000 0.000000 0.000000 -0.000000 0.000000
    40 0.000000 500.000000 0.000000 0.000000 -0.000000 0.000000
    41 0.000000 500.000000 0.000000 0.000000 -0.000000 0.000000
    42 0.000000 500.000000 0.000000 0.000000 -0.000000 0.000000
    43 0.000000 500.000000 0.000000 0.000000 -0.000000 0.000000
    44 0.000000 500.000000 0.000000 0.000000 -0.000000 0.000000
    45 0.000000 500.000000 0.000000 0.000000 -0.000000 0.000000
    46 0.000000 500.000000 0.000000 0.000000 -0.000000 0.000000
    47 0.000000 500.000000 0.000000 0.000000 -0.000000 0.000000
    48 -5.595841 -0.172446 -20.420472 0.034246 -0.003999 1.569514
    49 0.480041 0.245986 0.685093 -0.005882 1.526905 -1.618466
    50 -4.641473 0.174681 0.038315 0.000012 0.000029 0.000795
    51 -4.393185 0.042118 0.040471 0.000000 0.000000 -0.000000
    52 -9.748773 1.097161 0.055419 0.000016 0.000059 0.001711
    53 3.040852 -13.026021 5.842538 1.128729 0.654396 -2.269925
    54 -6.247161 -11.187275 6.759338 0.360039 -1.036069 -2.135489
    55 -6.900389 -6.728798 0.296375 0.014224 -0.038914 -1.243972
    56 -6.720220 -3.488287 10.958217 2.682784 0.051031 0.525377
    57 1.557132 -8.424387 0.232308 -1.213621 -0.478482 -0.087606
    58 -1.921763 0.410327 0.004276 0.001200 0.003567 0.105881
    59 -1.631737 0.558174 -0.003554 0.001816 0.005025 0.150372
    60 -1.617024 -0.547708 -0.754764 -0.244311 -0.260638 0.007932
    61 -5.607236 1.531876 0.001012 0.018117 0.022146 0.828173
    62 -4.794851 1.549590 -0.007346 0.013844 0.019577 0.687808
    63 -6.596516 2.860080 0.339655 0.113041 -0.010478 0.633316
    64 -4.122210 1.458595 -0.010646 0.010154 0.016605 0.554431
    65 -4.573040 1.531267 -0.008834 0.012585 0.018653 0.643870
    66 -6.645570 2.940114 1.321941 0.205535 0.053813 0.580153
    67 -4.668784 1.543299 -0.008333 0.013331 0.019212 0.670097
    68 -5.498457 1.543711 -0.000432 0.017343 0.021740 0.803593
    69 -7.729380 3.432160 3.180982 0.491883 0.184755 0.657363
    70 -5.032242 1.551232 -0.005137 0.016347 0.021180 0.771437
    71 -4.626552 1.546626 -0.008850 0.013664 0.019450 0.681603
    72 -5.524802 -6.212675 2.276960 0.398976 -0.041119 -1.248058
    73 -7.683895 -8.741019 5.991345 0.177366 -1.380541 2.992474
    74 -9.395664 0.154067 -1.232255 -0.318789 1.126826 -0.783192
    75 -8.343288 -8.747860 0.379316 0.027927 -0.044519 -1.663590
    76 -5.658225 -9.011180 3.215346 -1.897629 -0.181470 0.231029
    77 0.338370 -3.144783 12.118679 2.573181 0.131688 0.533423
    78 -4.354403 1.459486 -0.008461 0.010130 0.016584 0.553537
    79 -3.627951 1.410713 -0.013719 0.009170 0.015664 0.516136
    80 -1.830639 1.231442 2.816197 0.243480 -0.132720 -0.126835
    81 -4.060579 1.471618 -0.011680 0.010510 0.016929 0.567976
    82 -7.918706 0.842828 0.046673 0.031845 0.025934 1.231535
    83 -5.400910 2.822195 0.968758 0.025595 -0.150713 0.560355
    84 -9.643358 -0.421030 0.106429 0.043974 0.024660 1.576349
    85 -3.766350 1.399735 -0.012024 0.008936 0.015428 0.506771
    86 -6.258360 2.479772 -0.342653 -0.063682 -0.112066 0.735080
    87 -8.572341 0.418937 0.067432 0.036593 0.025938 1.365209
    88 -7.095986 1.213811 0.026113 0.026449 0.025150 1.077981
    89 -5.747707 2.159774 -1.269204 -0.121725 -0.115569 0.713351
    90 -7.351171 0.994610 0.036058 0.029811 0.025738 1.174049
    91 -7.915823 0.770521 0.049122 0.032719 0.025983 1.256176
    92 -8.875009 -8.710124 -0.069687 -0.080194 -0.043647 -1.662610
    93 -8.847650 4.668688 9.210955 -0.135508 0.128436 0.188418
    94 -2.905884 -8.653260 0.906259 0.127365 0.111901 -1.770441
    95 6.952965 37.444177 -18.980247 0.000000 -0.000000 0.000000
    96 0.170270 -9.262669 2.885665 0.000000 -0.000000 0.000000
    97 1.874197 7.308451 1.917159 -0.044871 -0.400995 0.086571
    98 -4.063894 -3.196367 -3.088132 -0.553708 0.594049 -0.043521
    99 0.224193 -2.027256 2.584113 0.000000 -0.000000 0.000000
    100 0.236503 0.729332 1.174515 0.000000 -0.000000 0.000000
    101 6.339711 27.747506 -26.637539 0.031931 -0.011757 -0.007105
    102 0.006184 0.042619 0.630945 0.000000 0.000000 0.000000
    103 0.004332 0.048953 0.425773 0.000000 0.000000 0.000000
    104 0.002551 0.054556 0.229012 0.000000 0.000000 0.000000
    105 -0.003177 0.048655 -0.383508 0.000000 0.000000 0.000000
    106 -7.917468 -17.596449 8.317367 0.009487 0.017493 1.571866
    107 -7.923080 -12.240079 8.713215 -1.552244 0.339525 -3.134344
    108 -8.216996 -16.481173 7.306713 -0.017493 0.009486 0.000904
    109 -8.458077 -10.976725 5.004138 0.293094 0.009486 0.000904
    110 0.000000 -0.000000 0.000000 0.000000 -0.000000 0.000000
    111 0.000000 -0.000000 0.000000 0.000000 -0.000000 0.000000
    112 0.000000 -0.000000 0.000000 0.000000 -0.000000 0.000000
    113 0.000000 -0.000000 0.000000 0.000000 -0.000000 0.000000
  time 41
    0 0.000000 0.000000 0.000000 0.000000 0.000000 0.000000
    1 0.000000 500.000000 0.000000 0.000000 -0.000000 0.000000
    2 0.000000 500.000000 0.000000 0.000000 -0.000000 0.000000
    3 0.000000 500.000000 0.000000 0.000000 -0.000000 0.000000
    4 0.000000 500.000000 0.000000 0.000000 -0.000000 0.000000
    5 0.000000 500.000000 0.000000 0.000000 -0.000000 0.000000
    6 0.000000 500.000000 0.000000 0.000000 -0.000000 0.000000
    7 0.000000 500.000000 0.000000 0.000000 -0.000000 0.000000
    8 0.000000 500.000000 0.000000 0.000000 -0.000000 0.000000
    9 0.000000 500.000000 0.000000 0.000000 -0.000000 0.000000
    10 0.000000 500.000000 0.000000 0.000000 -0.000000 0.000000
    11 0.000000 500.000000 0.000000 0.000000 -0.000000 0.000000
    12 0.000000 500.000000 0.000000 0.000000 -0.000000 0.000000
    13 0.000000 500.000000 0.000000 0.000000 -0.000000 0.000000
    14 0.000000 500.000000 0.000000 0.000000 -0.000000 0.000000
    15 0.000000 500.000000 0.000000 0.000000 -0.000000 0.000000
    16 0.000000 500.000000 0.000000 0.000000 -0.000000 0.000000
    17 0.000000 500.000000 0.000000 0.000000 -0.000000 0.000000
    18 0.000000 500.000000 0.000000 0.000000 -0.000000 0.000000
    19 0.000000 500.000000 0.000000 0.000000 -0.000000 0.000000
    20 0.000000 500.000000 0.000000 0.000000 -0.000000 0.000000
    21 0.000000 500.000000 0.000000 0.000000 -0.000000 0.000000
    22 0.000000 500.000000 0.000000 0.000000 -0.000000 0.000000
    23 0.000000 500.000000 0.000000 0.000000 -0.000000 0.000000
    24 0.000000 500.000000 0.000000 0.000000 -0.000000 0.000000
    25 0.000000 500.000000 0.000000 0.000000 -0.000000 0.000000
    26 0.000000 500.000000 0.000000 0.000000 -0.000000 0.000000
    27 0.000000 500.000000 0.000000 0.000000 -0.000000 0.000000
    28 0.000000 500.000000 0.000000 0.000000 -0.000000 0.000000
    29 0.000000 500.000000 0.000000 0.000000 -0.000000 0.000000
    30 0.000000 500.000000 0.000000 0.000000 -0.000000 0.000000
    31 0.000000 500.000000 0.000000 0.000000 -0.000000 0.000000
    32 0.000000 500.000000 0.000000 0.000000 -0.000000 0.000000
    33 0.000000 500.000000 0.000000 0.000000 -0.000000 0.000000
    34 0.000000 500.000000 0.000000 0.000000 -0.000000 0.000000
    35 0.000000 500.000000 0.000000 0.000000 -0.000000 0.000000
    36 0.000000 500.000000 0.000000 0.000000 -0.000000 0.000000
    37 0.000000 500.000000 0.000000 0.000000 -0.000000 0.000000
    38 0.000000 500.000000 0.000000 0.000000 -0.000000 0.000000
    39 0.000000 500.000000 0.000000 0.000000 -0.000000 0.000000
    40 0.000000 500.000000 0.000000 0.000000 -0.000000 0.000000
    41 0.000000 500.000000 0.000000 0.000000 -0.000000 0.000000
    42 0.000000 500.000000 0.000000 0.000000 -0.000000 0.000000
    43 0.000000 500.000000 0.000000 0.000000 -0.000000 0.000000
    44 0.000000 500.000000 0.000000 0.000000 -0.000000 0.000000
    45 0.000000 500.000000 0.000000 0.000000 -0.000000 0.000000
    46 0.000000 500.000000 0.000000 0.000000 -0.000000 0.000000
    47 0.000000 500.000000 0.000000 0.000000 -0.000000 0.000000
    48 -5.595809 -0.168808 -20.421248 0.034247 -0.003809 1.569514
    49 0.480041 0.245986 0.685093 -0.005882 1.526905 -1.618466
    50 -4.641474 0.174681 0.038315 0.000012 0.000029 0.000795
    51 -4.393185 0.042118 0.040471 -0.000000 0.000000 0.000000
    52 -9.748773 1.097161 0.055419 0.000016 0.000059 0.001711
    53 3.040852 -13.026021 5.842538 1.128729 0.654396 -2.269925
    54 -6.249027 -11.187753 6.759877 0.361198 -1.035461 -2.136534
    55 -6.899771 -6.727379 0.296321 0.014216 -0.038908 -1.243712
    56 -6.722665 -3.484814 10.959646 2.682220 0.050916 0.525544
    57 1.557132 -8.424385 0.232306 -1.213622 -0.478481 -0.087606
    58 -1.921763 0.410327 0.004276 0.001200 0.003567 0.105881
    59 -1.631737 0.558174 -0.003555 0.001816 0.005025 0.150372
    60 -1.617024 -0.547708 -0.754764 -0.244311 -0.260638 0.007932
    61 -5.607236 1.531876 0.001012 0.018117 0.022146 0.828173
    62 -4.794851 1.549590 -0.007347 0.013844 0.019577 0.687808
    63 -6.596516 2.860080 0.339654 0.113041 -0.010478 0.633316
    64 -4.122211 1.458595 -0.010646 0.010154 0.016605 0.554431
    65 -4.573040 1.531267 -0.008834 0.012585 0.018653 0.643870
    66 -6.645570 2.940113 1.321940 0.205535 0.053813 0.580153
    67 -4.668784 1.543299 -0.008333 0.013331 0.019212 0.670097
    68 -5.498457 1.543711 -0.000432 0.017343 0.021740 0.803593
    69 -7.729379 3.432158 3.180978 0.491882 0.184755 0.657363
    70 -5.032242 1.551233 -0.005137 0.016347 0.021180 0.771437
    71 -4.626552 1.546625 -0.008850 0.013664 0.019450 0.681603
    72 -5.524666 -6.211051 2.276072 0.398827 -0.041113 -1.247797
    73 -7.683895 -8.741018 5.991345 0.177366 -1.380541 2.992474
    74 -9.395751 0.150247 -1.234964 -0.319843 1.126398 -0.784147
    75 -8.345136 -8.749548 0.379392 0.027942 -0.044522 -1.664011
    76 -5.657628 -9.010596 3.215654 -1.897834 -0.181264 0.231245
    77 0.338370 -3.144784 12.118679 2.573181 0.131688 0.533423
    78 -4.354403 1.459486 -0.008461 0.010130 0.016584 0.553537
    79 -3.627951 1.410713 -0.013719 0.009170 0.015664 0.516136
    80 -1.830639 1.231442 2.816197 0.243480 -0.132720 -0.126835
    81 -4.047821 1.469427 -0.011727 0.010453 0.016878 0.565807
    82 -7.907306 0.848955 0.046354 0.031768 0.025929 1.229364
    83 -5.400910 2.822195 0.968758 0.025595 -0.150713 0.560355
    84 -9.643358 -0.421030 0.106428 0.043974 0.024660 1.576349
    85 -3.766350 1.399735 -0.012024 0.008936 0.015428 0.506771
    86 -6.258360 2.479772 -0.342654 -0.063682 -0.112066 0.735080
    87 -8.572341 0.418937 0.067432 0.036593 0.025938 1.365209
    88 -7.095986 1.213811 0.026113 0.026449 0.025150 1.077981
    89 -5.747707 2.159775 -1.269203 -0.121725 -0.115569 0.713351
    90 -7.351171 0.994610 0.036058 0.029811 0.025738 1.174049
    91 -7.915823 0.770521 0.049122 0.032719 0.025983 1.256176
    92 -8.877240 -8.711562 -0.069924 -0.080258 -0.043649 -1.663030
    93 -8.854994 4.668545 9.216219 -0.135621 0.129193 0.188520
    94 -2.905884 -8.653260 0.906259 0.127365 0.111901 -1.770441
    95 6.952964 37.444176 -18.980247 -0.000000 0.000000 0.000000
    96 0.170270 -9.262669 2.885665 -0.000000 0.000000 0.000000
    97 1.979705 7.382576 2.221264 0.015201 -0.414155 0.045666
    98 -4.077818 -2.792894 -3.018736 -0.488292 0.596334 -0.002061
    99 0.224193 -2.027255 2.584113 -0.000000 0.000000 0.000000
    100 0.236503 0.729332 1.174515 -0.000000 0.000000 0.000000
    101 6.338787 27.733690 -26.660719 0.031025 -0.012013 -0.006953
    102 0.006184 0.042618 0.630945 0.000000 -0.000000 0.000000
    103 0.004332 0.048953 0.425774 0.000000 -0.000000 0.000000
    104 0.002551 0.054556 0.229012 0.000000 -0.000000 0.000000
    105 -0.003177 0.048655 -0.383506 0.000000 -0.000000 0.000000
    106 -7.917468 -17.596449 8.317367 0.009487 0.017493 1.571866
    107 -7.923080 -12.240079 8.713215 -1.552244 0.339525 -3.134344
    108 -8.216996 -16.481173 7.306713 -0.017493 0.009486 0.000904
    109 -8.458077 -10.976725 5.004138 0.293094 0.009486 0.000904
    110 -0.000000 -0.000000 -0.000000 -0.000000 0.000000 0.000000
    111 -0.000000 -0.000000 -0.000000 -0.000000 0.000000 0.000000
    112 -0.000000 -0.000000 -0.000000 -0.000000 0.000000 0.000000
    113 -0.000000 -0.000000 -0.000000 -0.000000 0.000000 0.000000
  time 42
    0 0.000000 0.000000 0.000000 0.000000 0.000000 0.000000
    1 0.000000 500.000000 0.000000 0.000000 -0.000000 0.000000
    2 0.000000 500.000000 0.000000 0.000000 -0.000000 0.000000
    3 0.000000 500.000000 0.000000 0.000000 -0.000000 0.000000
    4 0.000000 500.000000 0.000000 0.000000 -0.000000 0.000000
    5 0.000000 500.000000 0.000000 0.000000 -0.000000 0.000000
    6 0.000000 500.000000 0.000000 0.000000 -0.000000 0.000000
    7 0.000000 500.000000 0.000000 0.000000 -0.000000 0.000000
    8 0.000000 500.000000 0.000000 0.000000 -0.000000 0.000000
    9 0.000000 500.000000 0.000000 0.000000 -0.000000 0.000000
    10 0.000000 500.000000 0.000000 0.000000 -0.000000 0.000000
    11 0.000000 500.000000 0.000000 0.000000 -0.000000 0.000000
    12 0.000000 500.000000 0.000000 0.000000 -0.000000 0.000000
    13 0.000000 500.000000 0.000000 0.000000 -0.000000 0.000000
    14 0.000000 500.000000 0.000000 0.000000 -0.000000 0.000000
    15 0.000000 500.000000 0.000000 0.000000 -0.000000 0.000000
    16 0.000000 500.000000 0.000000 0.000000 -0.000000 0.000000
    17 0.000000 500.000000 0.000000 0.000000 -0.000000 0.000000
    18 0.000000 500.000000 0.000000 0.000000 -0.000000 0.000000
    19 0.000000 500.000000 0.000000 0.000000 -0.000000 0.000000
    20 0.000000 500.000000 0.000000 0.000000 -0.000000 0.000000
    21 0.000000 500.000000 0.000000 0.000000 -0.000000 0.000000
    22 0.000000 500.000000 0.000000 0.000000 -0.000000 0.000000
    23 0.000000 500.000000 0.000000 0.000000 -0.000000 0.000000
    24 0.000000 500.000000 0.000000 0.000000 -0.000000 0.000000
    25 0.000000 500.000000 0.000000 0.000000 -0.000000 0.000000
    26 0.000000 500.000000 0.000000 0.000000 -0.000000 0.000000
    27 0.000000 500.000000 0.000000 0.000000 -0.000000 0.000000
    28 0.000000 500.000000 0.000000 0.000000 -0.000000 0.000000
    29 0.000000 500.000000 0.000000 0.000000 -0.000000 0.000000
    30 0.000000 500.000000 0.000000 0.000000 -0.000000 0.000000
    31 0.000000 500.000000 0.000000 0.000000 -0.000000 0.000000
    32 0.000000 500.000000 0.000000 0.000000 -0.000000 0.000000
    33 0.000000 500.000000 0.000000 0.000000 -0.000000 0.000000
    34 0.000000 500.000000 0.000000 0.000000 -0.000000 0.000000
    35 0.000000 500.000000 0.000000 0.000000 -0.000000 0.000000
    36 0.000000 500.000000 0.000000 0.000000 -0.000000 0.000000
    37 0.000000 500.000000 0.000000 0.000000 -0.000000 0.000000
    38 0.000000 500.000000 0.000000 0.000000 -0.000000 0.000000
    39 0.000000 500.000000 0.000000 0.000000 -0.000000 0.000000
    40 0.000000 500.000000 0.000000 0.000000 -0.000000 0.000000
    41 0.000000 500.000000 0.000000 0.000000 -0.000000 0.000000
    42 0.000000 500.000000 0.000000 0.000000 -0.000000 0.000000
    43 0.000000 500.000000 0.000000 0.000000 -0.000000 0.000000
    44 0.000000 500.000000 0.000000 0.000000 -0.000000 0.000000
    45 0.000000 500.000000 0.000000 0.000000 -0.000000 0.000000
    46 0.000000 500.000000 0.000000 0.000000 -0.000000 0.000000
    47 0.000000 500.000000 0.000000 0.000000 -0.000000 0.000000
    48 -5.595777 -0.165169 -20.422024 0.034249 -0.003619 1.569514
    49 0.480041 0.245986 0.685093 -0.005882 1.526905 -1.618466
    50 -4.641474 0.174681 0.038314 0.000012 0.000029 0.000795
    51 -4.393185 0.042117 0.040471 -0.000000 -0.000000 0.000000
    52 -9.748773 1.097161 0.055419 0.000016 0.000059 0.001711
    53 3.040852 -13.026021 5.842538 1.128729 0.654396 -2.269925
    54 -6.250894 -11.188231 6.760415 0.362355 -1.034851 -2.137577
    55 -6.899152 -6.725959 0.296266 0.014209 -0.038903 -1.243452
    56 -6.725111 -3.481341 10.961072 2.681657 0.050800 0.525712
    57 1.557133 -8.424382 0.232303 -1.213622 -0.478481 -0.087605
    58 -1.921762 0.410327 0.004276 0.001200 0.003567 0.105881
    59 -1.631737 0.558175 -0.003556 0.001816 0.005025 0.150372
    60 -1.617024 -0.547708 -0.754764 -0.244311 -0.260638 0.007932
    61 -5.607236 1.531876 0.001012 0.018117 0.022146 0.828173
    62 -4.794851 1.549590 -0.007347 0.013844 0.019577 0.687808
    63 -6.596516 2.860079 0.339653 0.113041 -0.010478 0.633316
    64 -4.122211 1.458595 -0.010646 0.010154 0.016605 0.554431
    65 -4.573040 1.531267 -0.008834 0.012585 0.018653 0.643870
    66 -6.645569 2.940113 1.321939 0.205535 0.053813 0.580153
    67 -4.668784 1.543299 -0.008333 0.013331 0.019212 0.670097
    68 -5.498457 1.543711 -0.000432 0.017343 0.021740 0.803593
    69 -7.729379 3.432156 3.180974 0.491881 0.184755 0.657363
    70 -5.032242 1.551234 -0.005137 0.016347 0.021180 0.771437
    71 -4.626552 1.546624 -0.008850 0.013664 0.019450 0.681603
    72 -5.524530 -6.209427 2.275182 0.398678 -0.041108 -1.247535
    73 -7.683894 -8.741018 5.991345 0.177366 -1.380541 2.992474
    74 -9.395837 0.146426 -1.237670 -0.320895 1.125969 -0.785099
    75 -8.346986 -8.751236 0.379468 0.027957 -0.044524 -1.664431
    76 -5.657031 -9.010011 3.215961 -1.898039 -0.181057 0.231461
    77 0.338370 -3.144784 12.118679 2.573181 0.131688 0.533423
    78 -4.354403 1.459486 -0.008461 0.010130 0.016584 0.553537
    79 -3.627951 1.410714 -0.013720 0.009170 0.015664 0.516136
    80 -1.830640 1.231442 2.816197 0.243480 -0.132720 -0.126835
    81 -4.035067 1.467209 -0.011772 0.010395 0.016826 0.563637
    82 -7.895892 0.855058 0.046036 0.031691 0.025924 1.227193
    83 -5.400910 2.822194 0.968759 0.025595 -0.150713 0.560355
    84 -9.643357 -0.421030 0.106428 0.043974 0.024660 1.576349
    85 -3.766350 1.399735 -0.012023 0.008936 0.015428 0.506771
    86 -6.258360 2.479772 -0.342654 -0.063682 -0.112066 0.735080
    87 -8.572341 0.418937 0.067432 0.036593 0.025938 1.365209
    88 -7.095986 1.213811 0.026113 0.026449 0.025150 1.077981
    89 -5.747707 2.159776 -1.269202 -0.121725 -0.115569 0.713351
    90 -7.351171 0.994610 0.036058 0.029811 0.025738 1.174049
    91 -7.915823 0.770521 0.049122 0.032719 0.025983 1.256176
    92 -8.879471 -8.712999 -0.070161 -0.080321 -0.043651 -1.663450
    93 -8.862340 4.668400 9.221485 -0.135735 0.129949 0.188623
    94 -2.905884 -8.653260 0.906259 0.127365 0.111901 -1.770441
    95 6.952963 37.444175 -18.980247 0.000000 -0.000000 -0.000000
    96 0.170270 -9.262669 2.885665 0.000000 -0.000000 -0.000000
    97 2.083412 7.437781 2.529977 0.076135 -0.425019 0.003748
    98 -4.093573 -2.393845 -2.927568 -0.422766 0.596368 0.039524
    99 0.224193 -2.027254 2.584113 0.000000 -0.000000 -0.000000
    100 0.236503 0.729332 1.174515 0.000000 -0.000000 -0.000000
    101 6.337864 27.719871 -26.683896 0.030118 -0.012269 -0.006801
    102 0.006184 0.042618 0.630945 0.000000 0.000000 0.000000
    103 0.004332 0.048952 0.425775 0.000000 0.000000 0.000000
    104 0.002551 0.054556 0.229013 0.000000 0.000000 0.000000
    105 -0.003177 0.048654 -0.383505 0.000000 0.000000 0.000000
    106 -7.917468 -17.596449 8.317367 0.009487 0.017493 1.571866
    107 -7.923080 -12.240079 8.713215 -1.552244 0.339525 -3.134344
    108 -8.216996 -16.481173 7.306713 -0.017493 0.009486 0.000904
    109 -8.458077 -10.976725 5.004138 0.293094 0.009486 0.000904
    110 0.000000 -0.000000 -0.000000 0.000000 -0.000000 -0.000000
    111 0.000000 -0.000000 -0.000000 0.000000 -0.000000 -0.000000
    112 0.000000 -0.000000 -0.000000 0.000000 -0.000000 -0.000000
    113 0.000000 -0.000000 -0.000000 0.000000 -0.000000 -0.000000
  time 43
    0 0.000000 0.000000 0.000000 0.000000 0.000000 0.000000
    1 0.000000 500.000000 0.000000 0.000000 -0.000000 0.000000
    2 0.000000 500.000000 0.000000 0.000000 -0.000000 0.000000
    3 0.000000 500.000000 0.000000 0.000000 -0.000000 0.000000
    4 0.000000 500.000000 0.000000 0.000000 -0.000000 0.000000
    5 0.000000 500.000000 0.000000 0.000000 -0.000000 0.000000
    6 0.000000 500.000000 0.000000 0.000000 -0.000000 0.000000
    7 0.000000 500.000000 0.000000 0.000000 -0.000000 0.000000
    8 0.000000 500.000000 0.000000 0.000000 -0.000000 0.000000
    9 0.000000 500.000000 0.000000 0.000000 -0.000000 0.000000
    10 0.000000 500.000000 0.000000 0.000000 -0.000000 0.000000
    11 0.000000 500.000000 0.000000 0.000000 -0.000000 0.000000
    12 0.000000 500.000000 0.000000 0.000000 -0.000000 0.000000
    13 0.000000 500.000000 0.000000 0.000000 -0.000000 0.000000
    14 0.000000 500.000000 0.000000 0.000000 -0.000000 0.000000
    15 0.000000 500.000000 0.000000 0.000000 -0.000000 0.000000
    16 0.000000 500.000000 0.000000 0.000000 -0.000000 0.000000
    17 0.000000 500.000000 0.000000 0.000000 -0.000000 0.000000
    18 0.000000 500.000000 0.000000 0.000000 -0.000000 0.000000
    19 0.000000 500.000000 0.000000 0.000000 -0.000000 0.000000
    20 0.000000 500.000000 0.000000 0.000000 -0.000000 0.000000
    21 0.000000 500.000000 0.000000 0.000000 -0.000000 0.000000
    22 0.000000 500.000000 0.000000 0.000000 -0.000000 0.000000
    23 0.000000 500.000000 0.000000 0.000000 -0.000000 0.000000
    24 0.000000 500.000000 0.000000 0.000000 -0.000000 0.000000
    25 0.000000 500.000000 0.000000 0.000000 -0.000000 0.000000
    26 0.000000 500.000000 0.000000 0.000000 -0.000000 0.000000
    27 0.000000 500.000000 0.000000 0.000000 -0.000000 0.000000
    28 0.000000 500.000000 0.000000 0.000000 -0.000000 0.000000
    29 0.000000 500.000000 0.000000 0.000000 -0.000000 0.000000
    30 0.000000 500.000000 0.000000 0.000000 -0.000000 0.000000
    31 0.000000 500.000000 0.000000 0.000000 -0.000000 0.000000
    32 0.000000 500.000000 0.000000 0.000000 -0.000000 0.000000
    33 0.000000 500.000000 0.000000 0.000000 -0.000000 0.000000
    34 0.000000 500.000000 0.000000 0.000000 -0.000000 0.000000
    35 0.000000 500.000000 0.000000 0.000000 -0.000000 0.000000
    36 0.000000 500.000000 0.000000 0.000000 -0.000000 0.000000
    37 0.000000 500.000000 0.000000 0.000000 -0.000000 0.000000
    38 0.000000 500.000000 0.000000 0.000000 -0.000000 0.000000
    39 0.000000 500.000000 0.000000 0.000000 -0.000000 0.000000
    40 0.000000 500.000000 0.000000 0.000000 -0.000000 0.000000
    41 0.000000 500.000000 0.000000 0.000000 -0.000000 0.000000
    42 0.000000 500.000000 0.000000 0.000000 -0.000000 0.000000
    43 0.000000 500.000000 0.000000 0.000000 -0.000000 0.000000
    44 0.000000 500.000000 0.000000 0.000000 -0.000000 0.000000
    45 0.000000 500.000000 0.000000 0.000000 -0.000000 0.000000
    46 0.000000 500.000000 0.000000 0.000000 -0.000000 0.000000
    47 0.000000 500.000000 0.000000 0.000000 -0.000000 0.000000
    48 -5.595745 -0.161531 -20.422801 0.034250 -0.003428 1.569514
    49 0.480041 0.245986 0.685093 -0.005882 1.526905 -1.618466
    50 -4.641475 0.174681 0.038314 0.000012 0.000029 0.000795
    51 -4.393185 0.042116 0.040471 0.000000 0.000000 -0.000000
    52 -9.748773 1.097161 0.055419 0.000016 0.000059 0.001711
    53 3.040852 -13.026021 5.842538 1.128729 0.654396 -2.269925
    54 -6.252761 -11.188709 6.760952 0.363509 -1.034241 -2.138617
    55 -6.898535 -6.724539 0.296212 0.014201 -0.038898 -1.243192
    56 -6.727559 -3.477868 10.962496 2.681094 0.050684 0.525879
    57 1.557133 -8.424380 0.232301 -1.213622 -0.478481 -0.087605
    58 -1.921762 0.410327 0.004276 0.001200 0.003567 0.105881
    59 -1.631737 0.558176 -0.003556 0.001816 0.005025 0.150372
    60 -1.617024 -0.547708 -0.754764 -0.244311 -0.260638 0.007932
    61 -5.607236 1.531876 0.001012 0.018117 0.022146 0.828173
    62 -4.794851 1.549590 -0.007348 0.013844 0.019577 0.687808
    63 -6.596516 2.860079 0.339653 0.113041 -0.010478 0.633316
    64 -4.122212 1.458595 -0.010646 0.010154 0.016605 0.554431
    65 -4.573040 1.531267 -0.008834 0.012585 0.018653 0.643870
    66 -6.645569 2.940112 1.321939 0.205535 0.053813 0.580153
    67 -4.668784 1.543299 -0.008333 0.013331 0.019212 0.670097
    68 -5.498457 1.543711 -0.000432 0.017343 0.021740 0.803593
    69 -7.729378 3.432154 3.180970 0.491881 0.184756 0.657363
    70 -5.032242 1.551234 -0.005138 0.016347 0.021180 0.771437
    71 -4.626552 1.546624 -0.008850 0.013664 0.019450 0.681603
    72 -5.524395 -6.207803 2.274293 0.398528 -0.041102 -1.247274
    73 -7.683893 -8.741017 5.991345 0.177366 -1.380541 2.992474
    74 -9.395924 0.142602 -1.240374 -0.321945 1.125540 -0.786050
    75 -8.348836 -8.752923 0.379545 0.027971 -0.044527 -1.664851
    76 -5.656434 -9.009426 3.216268 -1.898244 -0.180850 0.231677
    77 0.338370 -3.144785 12.118679 2.573181 0.131688 0.533423
    78 -4.354403 1.459486 -0.008461 0.010130 0.016584 0.553537
    79 -3.627951 1.410715 -0.013721 0.009170 0.015664 0.516136
    80 -1.830640 1.231441 2.816197 0.243480 -0.132720 -0.126835
    81 -4.022318 1.464963 -0.011817 0.010338 0.016774 0.561467
    82 -7.884465 0.861136 0.045719 0.031614 0.025918 1.225022
    83 -5.400910 2.822193 0.968759 0.025595 -0.150713 0.560355
    84 -9.643356 -0.421030 0.106427 0.043974 0.024660 1.576349
    85 -3.766350 1.399735 -0.012022 0.008936 0.015428 0.506771
    86 -6.258360 2.479772 -0.342655 -0.063682 -0.112066 0.735080
    87 -8.572341 0.418937 0.067432 0.036593 0.025938 1.365209
    88 -7.095986 1.213811 0.026113 0.026449 0.025150 1.077981
    89 -5.747707 2.159776 -1.269202 -0.121725 -0.115569 0.713351
    90 -7.351171 0.994610 0.036058 0.029811 0.025738 1.174049
    91 -7.915823 0.770521 0.049122 0.032719 0.025983 1.256176
    92 -8.881703 -8.714434 -0.070398 -0.080385 -0.043652 -1.663870
    93 -8.869687 4.668255 9.226756 -0.135848 0.130705 0.188725
    94 -2.905884 -8.653260 0.906259 0.127365 0.111901 -1.770441
    95 6.952963 37.444173 -18.980247 -0.000000 -0.000000 -0.000000
    96 0.170270 -9.262669 2.885665 -0.000000 -0.000000 -0.000000
    97 2.184953 7.473871 2.842216 0.137787 -0.433518 -0.039006
    98 -4.111113 -2.000401 -2.814901 -0.357344 0.594151 0.080992
    99 0.224193 -2.027254 2.584113 -0.000000 -0.000000 -0.000000
    100 0.236503 0.729332 1.174515 -0.000000 -0.000000 -0.000000
    101 6.336942 27.706050 -26.707069 0.029212 -0.012525 -0.006648
    102 0.006184 0.042617 0.630945 -0.000000 -0.000000 -0.000000
    103 0.004332 0.048952 0.425775 -0.000000 -0.000000 -0.000000
    104 0.002551 0.054556 0.229013 -0.000000 -0.000000 -0.000000
    105 -0.003177 0.048653 -0.383504 -0.000000 -0.000000 -0.000000
    106 -7.917468 -17.596449 8.317367 0.009487 0.017493 1.571866
    107 -7.923080 -12.240079 8.713215 -1.552244 0.339525 -3.134344
    108 -8.216996 -16.481173 7.306713 -0.017493 0.009486 0.000904
    109 -8.458077 -10.976725 5.004138 0.293094 0.009486 0.000904
    110 0.000000 -0.000000 0.000000 -0.000000 -0.000000 -0.000000
    111 0.000000 -0.000000 0.000000 -0.000000 -0.000000 -0.000000
    112 0.000000 -0.000000 0.000000 -0.000000 -0.000000 -0.000000
    113 0.000000 -0.000000 0.000000 -0.000000 -0.000000 -0.000000
  time 44
    0 0.000000 0.000000 0.000000 0.000000 0.000000 0.000000
    1 0.000000 500.000000 0.000000 0.000000 -0.000000 0.000000
    2 0.000000 500.000000 0.000000 0.000000 -0.000000 0.000000
    3 0.000000 500.000000 0.000000 0.000000 -0.000000 0.000000
    4 0.000000 500.000000 0.000000 0.000000 -0.000000 0.000000
    5 0.000000 500.000000 0.000000 0.000000 -0.000000 0.000000
    6 0.000000 500.000000 0.000000 0.000000 -0.000000 0.000000
    7 0.000000 500.000000 0.000000 0.000000 -0.000000 0.000000
    8 0.000000 500.000000 0.000000 0.000000 -0.000000 0.000000
    9 0.000000 500.000000 0.000000 0.000000 -0.000000 0.000000
    10 0.000000 500.000000 0.000000 0.000000 -0.000000 0.000000
    11 0.000000 500.000000 0.000000 0.000000 -0.000000 0.000000
    12 0.000000 500.000000 0.000000 0.000000 -0.000000 0.000000
    13 0.000000 500.000000 0.000000 0.000000 -0.000000 0.000000
    14 0.000000 500.000000 0.000000 0.000000 -0.000000 0.000000
    15 0.000000 500.000000 0.000000 0.000000 -0.000000 0.000000
    16 0.000000 500.000000 0.000000 0.000000 -0.000000 0.000000
    17 0.000000 500.000000 0.000000 0.000000 -0.000000 0.000000
    18 0.000000 500.000000 0.000000 0.000000 -0.000000 0.000000
    19 0.000000 500.000000 0.000000 0.000000 -0.000000 0.000000
    20 0.000000 500.000000 0.000000 0.000000 -0.000000 0.000000
    21 0.000000 500.000000 0.000000 0.000000 -0.000000 0.000000
    22 0.000000 500.000000 0.000000 0.000000 -0.000000 0.000000
    23 0.000000 500.000000 0.000000 0.000000 -0.000000 0.000000
    24 0.000000 500.000000 0.000000 0.000000 -0.000000 0.000000
    25 0.000000 500.000000 0.000000 0.000000 -0.000000 0.000000
    26 0.000000 500.000000 0.000000 0.000000 -0.000000 0.000000
    27 0.000000 500.000000 0.000000 0.000000 -0.000000 0.000000
    28 0.000000 500.000000 0.000000 0.000000 -0.000000 0.000000
    29 0.000000 500.000000 0.000000 0.000000 -0.000000 0.000000
    30 0.000000 500.000000 0.000000 0.000000 -0.000000 0.000000
    31 0.000000 500.000000 0.000000 0.000000 -0.000000 0.000000
    32 0.000000 500.000000 0.000000 0.000000 -0.000000 0.000000
    33 0.000000 500.000000 0.000000 0.000000 -0.000000 0.000000
    34 0.000000 500.000000 0.000000 0.000000 -0.000000 0.000000
    35 0.000000 500.000000 0.000000 0.000000 -0.000000 0.000000
    36 0.000000 500.000000 0.000000 0.000000 -0.000000 0.000000
    37 0.000000 500.000000 0.000000 0.000000 -0.000000 0.000000
    38 0.000000 500.000000 0.000000 0.000000 -0.000000 0.000000
    39 0.000000 500.000000 0.000000 0.000000 -0.000000 0.000000
    40 0.000000 500.000000 0.000000 0.000000 -0.000000 0.000000
    41 0.000000 500.000000 0.000000 0.000000 -0.000000 0.000000
    42 0.000000 500.000000 0.000000 0.000000 -0.000000 0.000000
    43 0.000000 500.000000 0.000000 0.000000 -0.000000 0.000000
    44 0.000000 500.000000 0.000000 0.000000 -0.000000 0.000000
    45 0.000000 500.000000 0.000000 0.000000 -0.000000 0.000000
    46 0.000000 500.000000 0.000000 0.000000 -0.000000 0.000000
    47 0.000000 500.000000 0.000000 0.000000 -0.000000 0.000000
    48 -5.595746 -0.161713 -20.422762 0.034250 -0.003438 1.569514
    49 0.480041 0.245986 0.685093 -0.005882 1.526905 -1.618466
    50 -4.641475 0.174681 0.038314 0.000012 0.000029 0.000795
    51 -4.393185 0.042117 0.040471 0.000000 0.000000 0.000000
    52 -9.748773 1.097161 0.055418 0.000016 0.000059 0.001711
    53 3.040853 -13.026021 5.842538 1.128729 0.654396 -2.269925
    54 -6.255818 -11.189456 6.761961 0.365286 -1.033338 -2.140248
    55 -6.897836 -6.722930 0.296150 0.014192 -0.038892 -1.242898
    56 -6.727401 -3.474960 10.962031 2.681239 0.050737 0.526661
    57 1.557133 -8.424381 0.232302 -1.213622 -0.478481 -0.087605
    58 -1.921761 0.410327 0.004276 0.001200 0.003567 0.105881
    59 -1.631737 0.558176 -0.003556 0.001816 0.005025 0.150372
    60 -1.617024 -0.547708 -0.754764 -0.244311 -0.260638 0.007932
    61 -5.607236 1.531876 0.001011 0.018117 0.022146 0.828173
    62 -4.794850 1.549590 -0.007347 0.013844 0.019577 0.687808
    63 -6.596516 2.860079 0.339653 0.113041 -0.010478 0.633316
    64 -4.122212 1.458595 -0.010646 0.010154 0.016605 0.554431
    65 -4.573040 1.531267 -0.008834 0.012585 0.018653 0.643870
    66 -6.645569 2.940112 1.321939 0.205535 0.053813 0.580153
    67 -4.668784 1.543299 -0.008333 0.013331 0.019212 0.670097
    68 -5.498457 1.543711 -0.000431 0.017343 0.021740 0.803593
    69 -7.729378 3.432156 3.180971 0.491881 0.184756 0.657363
    70 -5.032242 1.551234 -0.005137 0.016347 0.021180 0.771437
    71 -4.626552 1.546624 -0.008850 0.013664 0.019450 0.681603
    72 -5.523606 -6.205708 2.274720 0.398606 -0.041096 -1.246981
    73 -7.683893 -8.741017 5.991345 0.177366 -1.380541 2.992474
    74 -9.396088 0.135561 -1.245343 -0.323873 1.124750 -0.787795
    75 -8.352241 -8.756026 0.379683 0.027998 -0.044532 -1.665625
    76 -5.651344 -9.002128 3.212416 -1.898352 -0.179817 0.233104
    77 0.338370 -3.144785 12.118679 2.573181 0.131688 0.533423
    78 -4.354403 1.459486 -0.008461 0.010130 0.016584 0.553537
    79 -3.627951 1.410715 -0.013721 0.009170 0.015664 0.516136
    80 -1.830640 1.231442 2.816197 0.243480 -0.132720 -0.126835
    81 -4.022955 1.465076 -0.011815 0.010341 0.016777 0.561576
    82 -7.885039 0.860832 0.045734 0.031618 0.025918 1.225131
    83 -5.400910 2.822193 0.968759 0.025595 -0.150713 0.560355
    84 -9.643356 -0.421030 0.106428 0.043974 0.024660 1.576349
    85 -3.766350 1.399735 -0.012023 0.008936 0.015428 0.506771
    86 -6.258360 2.479772 -0.342655 -0.063682 -0.112066 0.735080
    87 -8.572341 0.418937 0.067432 0.036593 0.025938 1.365209
    88 -7.095986 1.213811 0.026113 0.026449 0.025150 1.077981
    89 -5.747706 2.159776 -1.269202 -0.121725 -0.115569 0.713351
    90 -7.351171 0.994610 0.036058 0.029811 0.025738 1.174049
    91 -7.915823 0.770521 0.049122 0.032719 0.025983 1.256176
    92 -8.885575 -8.717089 -0.070659 -0.080457 -0.043656 -1.664643
    93 -8.878848 4.673134 9.241895 -0.135539 0.130978 0.189366
    94 -2.905883 -8.653261 0.906262 0.127366 0.111901 -1.770441
    95 6.952962 37.444174 -18.980247 0.000000 0.000000 0.000000
    96 0.170270 -9.262669 2.885665 0.000000 0.000000 0.000000
    97 2.214885 7.466138 2.903274 0.148320 -0.436169 -0.048453
    98 -4.156657 -1.659055 -2.696723 -0.299340 0.594317 0.117653
    99 0.224193 -2.027254 2.584113 0.000000 0.000000 0.000000
    100 0.236503 0.729332 1.174515 0.000000 0.000000 0.000000
    101 6.306165 27.701913 -26.706711 0.028915 -0.012280 -0.006032
    102 0.006184 0.042617 0.630946 -0.000000 -0.000000 0.000000
    103 0.004332 0.048951 0.425776 -0.000000 -0.000000 0.000000
    104 0.002551 0.054556 0.229013 -0.000000 -0.000000 0.000000
    105 -0.003176 0.048654 -0.383504 -0.000000 -0.000000 0.000000
    106 -7.917468 -17.596449 8.317367 0.009487 0.017493 1.571866
    107 -7.923080 -12.240079 8.713215 -1.552244 0.339525 -3.134344
    108 -8.216996 -16.481173 7.306713 -0.017493 0.009486 0.000904
    109 -8.458077 -10.976725 5.004138 0.293094 0.009486 0.000904
    110 -0.000000 0.000000 0.000000 0.000000 0.000000 0.000000
    111 -0.000000 0.000000 0.000000 0.000000 0.000000 0.000000
    112 -0.000000 0.000000 0.000000 0.000000 0.000000 0.000000
    113 -0.000000 0.000000 0.000000 0.000000 0.000000 0.000000
  time 45
    0 0.000000 0.000000 0.000000 0.000000 0.000000 0.000000
    1 0.000000 500.000000 0.000000 0.000000 -0.000000 0.000000
    2 0.000000 500.000000 0.000000 0.000000 -0.000000 0.000000
    3 0.000000 500.000000 0.000000 0.000000 -0.000000 0.000000
    4 0.000000 500.000000 0.000000 0.000000 -0.000000 0.000000
    5 0.000000 500.000000 0.000000 0.000000 -0.000000 0.000000
    6 0.000000 500.000000 0.000000 0.000000 -0.000000 0.000000
    7 0.000000 500.000000 0.000000 0.000000 -0.000000 0.000000
    8 0.000000 500.000000 0.000000 0.000000 -0.000000 0.000000
    9 0.000000 500.000000 0.000000 0.000000 -0.000000 0.000000
    10 0.000000 500.000000 0.000000 0.000000 -0.000000 0.000000
    11 0.000000 500.000000 0.000000 0.000000 -0.000000 0.000000
    12 0.000000 500.000000 0.000000 0.000000 -0.000000 0.000000
    13 0.000000 500.000000 0.000000 0.000000 -0.000000 0.000000
    14 0.000000 500.000000 0.000000 0.000000 -0.000000 0.000000
    15 0.000000 500.000000 0.000000 0.000000 -0.000000 0.000000
    16 0.000000 500.000000 0.000000 0.000000 -0.000000 0.000000
    17 0.000000 500.000000 0.000000 0.000000 -0.000000 0.000000
    18 0.000000 500.000000 0.000000 0.000000 -0.000000 0.000000
    19 0.000000 500.000000 0.000000 0.000000 -0.000000 0.000000
    20 0.000000 500.000000 0.000000 0.000000 -0.000000 0.000000
    21 0.000000 500.000000 0.000000 0.000000 -0.000000 0.000000
    22 0.000000 500.000000 0.000000 0.000000 -0.000000 0.000000
    23 0.000000 500.000000 0.000000 0.000000 -0.000000 0.000000
    24 0.000000 500.000000 0.000000 0.000000 -0.000000 0.000000
    25 0.000000 500.000000 0.000000 0.000000 -0.000000 0.000000
    26 0.000000 500.000000 0.000000 0.000000 -0.000000 0.000000
    27 0.000000 500.000000 0.000000 0.000000 -0.000000 0.000000
    28 0.000000 500.000000 0.000000 0.000000 -0.000000 0.000000
    29 0.000000 500.000000 0.000000 0.000000 -0.000000 0.000000
    30 0.000000 500.000000 0.000000 0.000000 -0.000000 0.000000
    31 0.000000 500.000000 0.000000 0.000000 -0.000000 0.000000
    32 0.000000 500.000000 0.000000 0.000000 -0.000000 0.000000
    33 0.000000 500.000000 0.000000 0.000000 -0.000000 0.000000
    34 0.000000 500.000000 0.000000 0.000000 -0.000000 0.000000
    35 0.000000 500.000000 0.000000 0.000000 -0.000000 0.000000
    36 0.000000 500.000000 0.000000 0.000000 -0.000000 0.000000
    37 0.000000 500.000000 0.000000 0.000000 -0.000000 0.000000
    38 0.000000 500.000000 0.000000 0.000000 -0.000000 0.000000
    39 0.000000 500.000000 0.000000 0.000000 -0.000000 0.000000
    40 0.000000 500.000000 0.000000 0.000000 -0.000000 0.000000
    41 0.000000 500.000000 0.000000 0.000000 -0.000000 0.000000
    42 0.000000 500.000000 0.000000 0.000000 -0.000000 0.000000
    43 0.000000 500.000000 0.000000 0.000000 -0.000000 0.000000
    44 0.000000 500.000000 0.000000 0.000000 -0.000000 0.000000
    45 0.000000 500.000000 0.000000 0.000000 -0.000000 0.000000
    46 0.000000 500.000000 0.000000 0.000000 -0.000000 0.000000
    47 0.000000 500.000000 0.000000 0.000000 -0.000000 0.000000
    48 -5.595762 -0.163532 -20.422374 0.034249 -0.003533 1.569514
    49 0.480041 0.245986 0.685093 -0.005882 1.526905 -1.618466
    50 -4.641474 0.174681 0.038313 0.000012 0.000029 0.000795
    51 -4.393185 0.042117 0.040471 -0.000000 -0.000000 -0.000000
    52 -9.748773 1.097161 0.055418 0.000016 0.000059 0.001711
    53 3.040855 -13.026020 5.842539 1.128730 0.654397 -2.269924
    54 -6.259386 -11.190317 6.763168 0.367324 -1.032309 -2.142127
    55 -6.897102 -6.721241 0.296085 0.014183 -0.038886 -1.242589
    56 -6.726130 -3.472292 10.960757 2.681688 0.050862 0.527706
    57 1.557133 -8.424383 0.232304 -1.213622 -0.478481 -0.087605
    58 -1.921761 0.410327 0.004276 0.001200 0.003567 0.105881
    59 -1.631737 0.558176 -0.003556 0.001816 0.005025 0.150372
    60 -1.617024 -0.547708 -0.754764 -0.244311 -0.260638 0.007932
    61 -5.607236 1.531876 0.001011 0.018117 0.022146 0.828173
    62 -4.794850 1.549590 -0.007346 0.013844 0.019577 0.687808
    63 -6.596516 2.860079 0.339654 0.113041 -0.010478 0.633316
    64 -4.122211 1.458595 -0.010646 0.010154 0.016605 0.554431
    65 -4.573040 1.531267 -0.008834 0.012585 0.018653 0.643870
    66 -6.645569 2.940113 1.321939 0.205535 0.053813 0.580153
    67 -4.668784 1.543299 -0.008333 0.013331 0.019212 0.670097
    68 -5.498457 1.543711 -0.000431 0.017343 0.021740 0.803593
    69 -7.729378 3.432158 3.180975 0.491882 0.184755 0.657363
    70 -5.032242 1.551233 -0.005137 0.016347 0.021180 0.771437
    71 -4.626552 1.546625 -0.008850 0.013664 0.019450 0.681603
    72 -5.522537 -6.203411 2.275711 0.398781 -0.041090 -1.246674
    73 -7.683893 -8.741018 5.991345 0.177366 -1.380541 2.992474
    74 -9.396286 0.127135 -1.251274 -0.326170 1.123803 -0.789874
    75 -8.356316 -8.759732 0.379848 0.028031 -0.044538 -1.666549
    76 -5.644353 -8.991943 3.206770 -1.898416 -0.178430 0.235049
    77 0.338370 -3.144784 12.118679 2.573181 0.131688 0.533423
    78 -4.354403 1.459486 -0.008461 0.010130 0.016584 0.553537
    79 -3.627951 1.410715 -0.013721 0.009170 0.015664 0.516136
    80 -1.830639 1.231442 2.816198 0.243480 -0.132720 -0.126835
    81 -4.029330 1.466202 -0.011793 0.010370 0.016803 0.562661
    82 -7.890756 0.857794 0.045893 0.031656 0.025921 1.226217
    83 -5.400910 2.822193 0.968759 0.025595 -0.150713 0.560355
    84 -9.643356 -0.421030 0.106429 0.043974 0.024660 1.576349
    85 -3.766350 1.399735 -0.012024 0.008936 0.015428 0.506771
    86 -6.258360 2.479772 -0.342655 -0.063682 -0.112066 0.735080
    87 -8.572341 0.418937 0.067432 0.036593 0.025938 1.365209
    88 -7.095986 1.213811 0.026113 0.026449 0.025150 1.077981
    89 -5.747706 2.159775 -1.269203 -0.121725 -0.115569 0.713351
    90 -7.351171 0.994610 0.036058 0.029811 0.025738 1.174049
    91 -7.915823 0.770521 0.049122 0.032719 0.025983 1.256176
    92 -8.890152 -8.720264 -0.070930 -0.080532 -0.043661 -1.665566
    93 -8.888787 4.680164 9.261264 -0.135049 0.131044 0.190238
    94 -2.905881 -8.653264 0.906266 0.127366 0.111901 -1.770441
    95 6.952962 37.444175 -18.980246 0.000000 -0.000000 -0.000000
    96 0.170270 -9.262669 2.885665 0.000000 -0.000000 -0.000000
    97 2.214821 7.444554 2.856123 0.136771 -0.436940 -0.043423
    98 -4.214110 -1.343064 -2.569592 -0.244369 0.594786 0.152422
    99 0.224194 -2.027255 2.584113 0.000000 -0.000000 -0.000000
    100 0.236503 0.729332 1.174515 0.000000 -0.000000 -0.000000
    101 6.262589 27.701923 -26.696269 0.028880 -0.011820 -0.005217
    102 0.006184 0.042617 0.630946 -0.000000 -0.000000 0.000000
    103 0.004332 0.048951 0.425776 -0.000000 -0.000000 0.000000
    104 0.002551 0.054555 0.229013 -0.000000 -0.000000 0.000000
    105 -0.003175 0.048654 -0.383505 -0.000000 -0.000000 0.000000
    106 -7.917468 -17.596449 8.317367 0.009487 0.017493 1.571866
    107 -7.923080 -12.240079 8.713215 -1.552244 0.339525 -3.134344
    108 -8.216996 -16.481173 7.306713 -0.017493 0.009486 0.000904
    109 -8.458077 -10.976725 5.004138 0.293094 0.009486 0.000904
    110 0.000000 0.000000 -0.000000 0.000000 -0.000000 -0.000000
    111 0.000000 0.000000 -0.000000 0.000000 -0.000000 -0.000000
    112 0.000000 0.000000 -0.000000 0.000000 -0.000000 -0.000000
    113 0.000000 0.000000 -0.000000 0.000000 -0.000000 -0.000000
  time 46
    0 0.000000 0.000000 0.000000 0.000000 0.000000 0.000000
    1 0.000000 500.000000 0.000000 0.000000 -0.000000 0.000000
    2 0.000000 500.000000 0.000000 0.000000 -0.000000 0.000000
    3 0.000000 500.000000 0.000000 0.000000 -0.000000 0.000000
    4 0.000000 500.000000 0.000000 0.000000 -0.000000 0.000000
    5 0.000000 500.000000 0.000000 0.000000 -0.000000 0.000000
    6 0.000000 500.000000 0.000000 0.000000 -0.000000 0.000000
    7 0.000000 500.000000 0.000000 0.000000 -0.000000 0.000000
    8 0.000000 500.000000 0.000000 0.000000 -0.000000 0.000000
    9 0.000000 500.000000 0.000000 0.000000 -0.000000 0.000000
    10 0.000000 500.000000 0.000000 0.000000 -0.000000 0.000000
    11 0.000000 500.000000 0.000000 0.000000 -0.000000 0.000000
    12 0.000000 500.000000 0.000000 0.000000 -0.000000 0.000000
    13 0.000000 500.000000 0.000000 0.000000 -0.000000 0.000000
    14 0.000000 500.000000 0.000000 0.000000 -0.000000 0.000000
    15 0.000000 500.000000 0.000000 0.000000 -0.000000 0.000000
    16 0.000000 500.000000 0.000000 0.000000 -0.000000 0.000000
    17 0.000000 500.000000 0.000000 0.000000 -0.000000 0.000000
    18 0.000000 500.000000 0.000000 0.000000 -0.000000 0.000000
    19 0.000000 500.000000 0.000000 0.000000 -0.000000 0.000000
    20 0.000000 500.000000 0.000000 0.000000 -0.000000 0.000000
    21 0.000000 500.000000 0.000000 0.000000 -0.000000 0.000000
    22 0.000000 500.000000 0.000000 0.000000 -0.000000 0.000000
    23 0.000000 500.000000 0.000000 0.000000 -0.000000 0.000000
    24 0.000000 500.000000 0.000000 0.000000 -0.000000 0.000000
    25 0.000000 500.000000 0.000000 0.000000 -0.000000 0.000000
    26 0.000000 500.000000 0.000000 0.000000 -0.000000 0.000000
    27 0.000000 500.000000 0.000000 0.000000 -0.000000 0.000000
    28 0.000000 500.000000 0.000000 0.000000 -0.000000 0.000000
    29 0.000000 500.000000 0.000000 0.000000 -0.000000 0.000000
    30 0.000000 500.000000 0.000000 0.000000 -0.000000 0.000000
    31 0.000000 500.000000 0.000000 0.000000 -0.000000 0.000000
    32 0.000000 500.000000 0.000000 0.000000 -0.000000 0.000000
    33 0.000000 500.000000 0.000000 0.000000 -0.000000 0.000000
    34 0.000000 500.000000 0.000000 0.000000 -0.000000 0.000000
    35 0.000000 500.000000 0.000000 0.000000 -0.000000 0.000000
    36 0.000000 500.000000 0.000000 0.000000 -0.000000 0.000000
    37 0.000000 500.000000 0.000000 0.000000 -0.000000 0.000000
    38 0.000000 500.000000 0.000000 0.000000 -0.000000 0.000000
    39 0.000000 500.000000 0.000000 0.000000 -0.000000 0.000000
    40 0.000000 500.000000 0.000000 0.000000 -0.000000 0.000000
    41 0.000000 500.000000 0.000000 0.000000 -0.000000 0.000000
    42 0.000000 500.000000 0.000000 0.000000 -0.000000 0.000000
    43 0.000000 500.000000 0.000000 0.000000 -0.000000 0.000000
    44 0.000000 500.000000 0.000000 0.000000 -0.000000 0.000000
    45 0.000000 500.000000 0.000000 0.000000 -0.000000 0.000000
    46 0.000000 500.000000 0.000000 0.000000 -0.000000 0.000000
    47 0.000000 500.000000 0.000000 0.000000 -0.000000 0.000000
    48 -5.595778 -0.165350 -20.421986 0.034249 -0.003628 1.569514
    49 0.480041 0.245986 0.685093 -0.005882 1.526905 -1.618466
    50 -4.641474 0.174681 0.038313 0.000012 0.000029 0.000795
    51 -4.393185 0.042118 0.040471 0.000000 0.000000 -0.000000
    52 -9.748773 1.097161 0.055417 0.000016 0.000059 0.001711
    53 3.040857 -13.026020 5.842539 1.128730 0.654397 -2.269924
    54 -6.262956 -11.191179 6.764369 0.369354 -1.031277 -2.143998
    55 -6.896370 -6.719551 0.296020 0.014174 -0.038880 -1.242280
    56 -6.724861 -3.469623 10.959484 2.682137 0.050986 0.528751
    57 1.557132 -8.424386 0.232307 -1.213622 -0.478482 -0.087606
    58 -1.921761 0.410327 0.004276 0.001200 0.003567 0.105881
    59 -1.631737 0.558176 -0.003556 0.001816 0.005025 0.150372
    60 -1.617024 -0.547708 -0.754764 -0.244311 -0.260638 0.007932
    61 -5.607236 1.531876 0.001010 0.018117 0.022146 0.828173
    62 -4.794849 1.549590 -0.007345 0.013844 0.019577 0.687808
    63 -6.596516 2.860080 0.339654 0.113041 -0.010478 0.633316
    64 -4.122210 1.458595 -0.010646 0.010154 0.016605 0.554431
    65 -4.573040 1.531267 -0.008834 0.012585 0.018653 0.643870
    66 -6.645570 2.940114 1.321939 0.205535 0.053813 0.580153
    67 -4.668784 1.543299 -0.008333 0.013331 0.019212 0.670097
    68 -5.498457 1.543711 -0.000430 0.017343 0.021740 0.803593
    69 -7.729378 3.432160 3.180979 0.491882 0.184755 0.657363
    70 -5.032242 1.551233 -0.005137 0.016347 0.021180 0.771437
    71 -4.626552 1.546625 -0.008850 0.013664 0.019450 0.681603
    72 -5.521469 -6.201113 2.276702 0.398956 -0.041085 -1.246368
    73 -7.683893 -8.741019 5.991345 0.177366 -1.380541 2.992474
    74 -9.396485 0.118700 -1.257193 -0.328458 1.122854 -0.791943
    75 -8.360393 -8.763434 0.380013 0.028063 -0.044543 -1.667474
    76 -5.637388 -8.981746 3.201111 -1.898477 -0.177043 0.236994
    77 0.338370 -3.144783 12.118679 2.573181 0.131688 0.533423
    78 -4.354403 1.459486 -0.008461 0.010130 0.016584 0.553537
    79 -3.627951 1.410715 -0.013721 0.009170 0.015664 0.516136
    80 -1.830639 1.231442 2.816198 0.243480 -0.132720 -0.126835
    81 -4.035705 1.467321 -0.011770 0.010398 0.016829 0.563746
    82 -7.896471 0.854749 0.046052 0.031695 0.025924 1.227303
    83 -5.400910 2.822193 0.968758 0.025595 -0.150713 0.560355
    84 -9.643356 -0.421030 0.106430 0.043974 0.024660 1.576349
    85 -3.766350 1.399735 -0.012026 0.008936 0.015428 0.506771
    86 -6.258360 2.479772 -0.342655 -0.063682 -0.112066 0.735080
    87 -8.572341 0.418937 0.067432 0.036593 0.025938 1.365209
    88 -7.095986 1.213811 0.026113 0.026449 0.025150 1.077981
    89 -5.747705 2.159775 -1.269203 -0.121725 -0.115569 0.713351
    90 -7.351171 0.994610 0.036058 0.029811 0.025738 1.174049
    91 -7.915823 0.770521 0.049122 0.032719 0.025983 1.256176
    92 -8.894732 -8.723434 -0.071200 -0.080608 -0.043666 -1.666490
    93 -8.898731 4.687190 9.280637 -0.134559 0.131109 0.191110
    94 -2.905880 -8.653266 0.906269 0.127366 0.111900 -1.770441
    95 6.952963 37.444176 -18.980246 0.000000 -0.000000 -0.000000
    96 0.170270 -9.262669 2.885665 0.000000 -0.000000 -0.000000
    97 2.214775 7.422477 2.809201 0.125214 -0.437658 -0.038382
    98 -4.271920 -1.033357 -2.427981 -0.189423 0.593672 0.187162
    99 0.224195 -2.027255 2.584113 0.000000 -0.000000 -0.000000
    100 0.236503 0.729332 1.174515 0.000000 -0.000000 -0.000000
    101 6.219009 27.701929 -26.685823 0.028846 -0.011359 -0.004402
    102 0.006184 0.042617 0.630946 0.000000 0.000000 0.000000
    103 0.004332 0.048951 0.425776 0.000000 0.000000 0.000000
    104 0.002551 0.054555 0.229012 0.000000 0.000000 0.000000
    105 -0.003175 0.048655 -0.383505 0.000000 0.000000 0.000000
    106 -7.917468 -17.596449 8.317367 0.009487 0.017493 1.571866
    107 -7.923080 -12.240079 8.713215 -1.552244 0.339525 -3.134344
    108 -8.216996 -16.481173 7.306713 -0.017493 0.009486 0.000904
    109 -8.458077 -10.976725 5.004138 0.293094 0.009486 0.000904
    110 0.000000 0.000000 -0.000000 0.000000 -0.000000 -0.000000
    111 0.000000 0.000000 -0.000000 0.000000 -0.000000 -0.000000
    112 0.000000 0.000000 -0.000000 0.000000 -0.000000 -0.000000
    113 0.000000 0.000000 -0.000000 0.000000 -0.000000 -0.000000
  time 47
    0 0.000000 0.000000 0.000000 0.000000 0.000000 0.000000
    1 0.000000 500.000000 0.000000 0.000000 -0.000000 0.000000
    2 0.000000 500.000000 0.000000 0.000000 -0.000000 0.000000
    3 0.000000 500.000000 0.000000 0.000000 -0.000000 0.000000
    4 0.000000 500.000000 0.000000 0.000000 -0.000000 0.000000
    5 0.000000 500.000000 0.000000 0.000000 -0.000000 0.000000
    6 0.000000 500.000000 0.000000 0.000000 -0.000000 0.000000
    7 0.000000 500.000000 0.000000 0.000000 -0.000000 0.000000
    8 0.000000 500.000000 0.000000 0.000000 -0.000000 0.000000
    9 0.000000 500.000000 0.000000 0.000000 -0.000000 0.000000
    10 0.000000 500.000000 0.000000 0.000000 -0.000000 0.000000
    11 0.000000 500.000000 0.000000 0.000000 -0.000000 0.000000
    12 0.000000 500.000000 0.000000 0.000000 -0.000000 0.000000
    13 0.000000 500.000000 0.000000 0.000000 -0.000000 0.000000
    14 0.000000 500.000000 0.000000 0.000000 -0.000000 0.000000
    15 0.000000 500.000000 0.000000 0.000000 -0.000000 0.000000
    16 0.000000 500.000000 0.000000 0.000000 -0.000000 0.000000
    17 0.000000 500.000000 0.000000 0.000000 -0.000000 0.000000
    18 0.000000 500.000000 0.000000 0.000000 -0.000000 0.000000
    19 0.000000 500.000000 0.000000 0.000000 -0.000000 0.000000
    20 0.000000 500.000000 0.000000 0.000000 -0.000000 0.000000
    21 0.000000 500.000000 0.000000 0.000000 -0.000000 0.000000
    22 0.000000 500.000000 0.000000 0.000000 -0.000000 0.000000
    23 0.000000 500.000000 0.000000 0.000000 -0.000000 0.000000
    24 0.000000 500.000000 0.000000 0.000000 -0.000000 0.000000
    25 0.000000 500.000000 0.000000 0.000000 -0.000000 0.000000
    26 0.000000 500.000000 0.000000 0.000000 -0.000000 0.000000
    27 0.000000 500.000000 0.000000 0.000000 -0.000000 0.000000
    28 0.000000 500.000000 0.000000 0.000000 -0.000000 0.000000
    29 0.000000 500.000000 0.000000 0.000000 -0.000000 0.000000
    30 0.000000 500.000000 0.000000 0.000000 -0.000000 0.000000
    31 0.000000 500.000000 0.000000 0.000000 -0.000000 0.000000
    32 0.000000 500.000000 0.000000 0.000000 -0.000000 0.000000
    33 0.000000 500.000000 0.000000 0.000000 -0.000000 0.000000
    34 0.000000 500.000000 0.000000 0.000000 -0.000000 0.000000
    35 0.000000 500.000000 0.000000 0.000000 -0.000000 0.000000
    36 0.000000 500.000000 0.000000 0.000000 -0.000000 0.000000
    37 0.000000 500.000000 0.000000 0.000000 -0.000000 0.000000
    38 0.000000 500.000000 0.000000 0.000000 -0.000000 0.000000
    39 0.000000 500.000000 0.000000 0.000000 -0.000000 0.000000
    40 0.000000 500.000000 0.000000 0.000000 -0.000000 0.000000
    41 0.000000 500.000000 0.000000 0.000000 -0.000000 0.000000
    42 0.000000 500.000000 0.000000 0.000000 -0.000000 0.000000
    43 0.000000 500.000000 0.000000 0.000000 -0.000000 0.000000
    44 0.000000 500.000000 0.000000 0.000000 -0.000000 0.000000
    45 0.000000 500.000000 0.000000 0.000000 -0.000000 0.000000
    46 0.000000 500.000000 0.000000 0.000000 -0.000000 0.000000
    47 0.000000 500.000000 0.000000 0.000000 -0.000000 0.000000
    48 -5.595794 -0.167148 -20.421602 0.034248 -0.003722 1.569514
    49 0.480041 0.245986 0.685093 -0.005882 1.526905 -1.618466
    50 -4.641473 0.174681 0.038314 0.000012 0.000029 0.000795
    51 -4.393185 0.042118 0.040471 -0.000000 -0.000000 -0.000000
    52 -9.748773 1.097161 0.055417 0.000016 0.000059 0.001711
    53 3.040858 -13.026019 5.842539 1.128730 0.654397 -2.269924
    54 -6.266493 -11.192028 6.765570 0.371355 -1.030258 -2.145844
    55 -6.895647 -6.717884 0.295956 0.014165 -0.038874 -1.241975
    56 -6.723594 -3.466972 10.958212 2.682580 0.051112 0.529782
    57 1.557132 -8.424386 0.232307 -1.213622 -0.478482 -0.087606
    58 -1.921761 0.410327 0.004276 0.001200 0.003567 0.105881
    59 -1.631737 0.558176 -0.003556 0.001816 0.005025 0.150372
    60 -1.617024 -0.547708 -0.754764 -0.244311 -0.260638 0.007932
    61 -5.607236 1.531876 0.001010 0.018117 0.022146 0.828173
    62 -4.794849 1.549590 -0.007344 0.013844 0.019577 0.687808
    63 -6.596516 2.860080 0.339655 0.113041 -0.010478 0.633316
    64 -4.122210 1.458595 -0.010646 0.010154 0.016605 0.554431
    65 -4.573040 1.531267 -0.008834 0.012585 0.018653 0.643870
    66 -6.645570 2.940114 1.321939 0.205535 0.053813 0.580153
    67 -4.668784 1.543299 -0.008333 0.013331 0.019212 0.670097
    68 -5.498457 1.543711 -0.000430 0.017343 0.021740 0.803593
    69 -7.729378 3.432161 3.180980 0.491882 0.184755 0.657363
    70 -5.032242 1.551232 -0.005137 0.016347 0.021180 0.771437
    71 -4.626552 1.546626 -0.008850 0.013664 0.019450 0.681603
    72 -5.520416 -6.198844 2.277680 0.399128 -0.041079 -1.246065
    73 -7.683893 -8.741019 5.991345 0.177366 -1.380541 2.992474
    74 -9.396680 0.110359 -1.263031 -0.330710 1.121915 -0.793979
    75 -8.364427 -8.767090 0.380177 0.028095 -0.044549 -1.668388
    76 -5.630533 -8.971659 3.195504 -1.898535 -0.175671 0.238916
    77 0.338370 -3.144783 12.118679 2.573181 0.131688 0.533423
    78 -4.354403 1.459486 -0.008461 0.010130 0.016584 0.553537
    79 -3.627949 1.410715 -0.013721 0.009170 0.015664 0.516136
    80 -1.830639 1.231442 2.816198 0.243480 -0.132720 -0.126835
    81 -4.042006 1.468420 -0.011748 0.010426 0.016854 0.564818
    82 -7.902112 0.851736 0.046209 0.031733 0.025927 1.228376
    83 -5.400910 2.822193 0.968758 0.025595 -0.150713 0.560355
    84 -9.643356 -0.421030 0.106430 0.043974 0.024660 1.576349
    85 -3.766350 1.399735 -0.012026 0.008936 0.015428 0.506771
    86 -6.258360 2.479772 -0.342655 -0.063682 -0.112066 0.735080
    87 -8.572340 0.418938 0.067432 0.036593 0.025938 1.365209
    88 -7.095986 1.213811 0.026113 0.026449 0.025150 1.077981
    89 -5.747705 2.159775 -1.269204 -0.121725 -0.115569 0.713351
    90 -7.351171 0.994610 0.036058 0.029811 0.025738 1.174049
    91 -7.915823 0.770521 0.049122 0.032719 0.025983 1.256176
    92 -8.899260 -8.726562 -0.071465 -0.080682 -0.043670 -1.667402
    93 -8.908510 4.694149 9.299797 -0.134072 0.131172 0.191971
    94 -2.905880 -8.653267 0.906270 0.127367 0.111900 -1.770441
    95 6.952962 37.444177 -18.980245 -0.000000 0.000000 -0.000000
    96 0.170270 -9.262669 2.885666 -0.000000 0.000000 -0.000000
    97 2.214271 7.400132 2.761792 0.113800 -0.438070 -0.033414
    98 -4.320212 -0.802398 -2.310454 -0.147567 0.592365 0.213581
    99 0.224195 -2.027256 2.584113 -0.000000 0.000000 -0.000000
    100 0.236503 0.729332 1.174515 -0.000000 0.000000 -0.000000
    101 6.175895 27.701919 -26.675527 0.028812 -0.010901 -0.003598
    102 0.006184 0.042617 0.630946 -0.000000 0.000000 0.000000
    103 0.004332 0.048951 0.425776 -0.000000 0.000000 0.000000
    104 0.002551 0.054554 0.229012 -0.000000 0.000000 0.000000
    105 -0.003175 0.048655 -0.383506 -0.000000 0.000000 0.000000
    106 -7.917468 -17.596449 8.317367 0.009487 0.017493 1.571866
    107 -7.923080 -12.240079 8.713215 -1.552244 0.339525 -3.134344
    108 -8.216996 -16.481173 7.306713 -0.017493 0.009486 0.000904
    109 -8.458077 -10.976725 5.004138 0.293094 0.009486 0.000904
    110 -0.000000 -0.000000 -0.000000 -0.000000 0.000000 -0.000000
    111 -0.000000 -0.000000 -0.000000 -0.000000 0.000000 -0.000000
    112 -0.000000 -0.000000 -0.000000 -0.000000 0.000000 -0.000000
    113 -0.000000 -0.000000 -0.000000 -0.000000 0.000000 -0.000000
  time 48
    0 0.000000 0.000000 0.000000 0.000000 0.000000 0.000000
    1 0.000000 500.000000 0.000000 0.000000 -0.000000 0.000000
    2 0.000000 500.000000 0.000000 0.000000 -0.000000 0.000000
    3 0.000000 500.000000 0.000000 0.000000 -0.000000 0.000000
    4 0.000000 500.000000 0.000000 0.000000 -0.000000 0.000000
    5 0.000000 500.000000 0.000000 0.000000 -0.000000 0.000000
    6 0.000000 500.000000 0.000000 0.000000 -0.000000 0.000000
    7 0.000000 500.000000 0.000000 0.000000 -0.000000 0.000000
    8 0.000000 500.000000 0.000000 0.000000 -0.000000 0.000000
    9 0.000000 500.000000 0.000000 0.000000 -0.000000 0.000000
    10 0.000000 500.000000 0.000000 0.000000 -0.000000 0.000000
    11 0.000000 500.000000 0.000000 0.000000 -0.000000 0.000000
    12 0.000000 500.000000 0.000000 0.000000 -0.000000 0.000000
    13 0.000000 500.000000 0.000000 0.000000 -0.000000 0.000000
    14 0.000000 500.000000 0.000000 0.000000 -0.000000 0.000000
    15 0.000000 500.000000 0.000000 0.000000 -0.000000 0.000000
    16 0.000000 500.000000 0.000000 0.000000 -0.000000 0.000000
    17 0.000000 500.000000 0.000000 0.000000 -0.000000 0.000000
    18 0.000000 500.000000 0.000000 0.000000 -0.000000 0.000000
    19 0.000000 500.000000 0.000000 0.000000 -0.000000 0.000000
    20 0.000000 500.000000 0.000000 0.000000 -0.000000 0.000000
    21 0.000000 500.000000 0.000000 0.000000 -0.000000 0.000000
    22 0.000000 500.000000 0.000000 0.000000 -0.000000 0.000000
    23 0.000000 500.000000 0.000000 0.000000 -0.000000 0.000000
    24 0.000000 500.000000 0.000000 0.000000 -0.000000 0.000000
    25 0.000000 500.000000 0.000000 0.000000 -0.000000 0.000000
    26 0.000000 500.000000 0.000000 0.000000 -0.000000 0.000000
    27 0.000000 500.000000 0.000000 0.000000 -0.000000 0.000000
    28 0.000000 500.000000 0.000000 0.000000 -0.000000 0.000000
    29 0.000000 500.000000 0.000000 0.000000 -0.000000 0.000000
    30 0.000000 500.000000 0.000000 0.000000 -0.000000 0.000000
    31 0.000000 500.000000 0.000000 0.000000 -0.000000 0.000000
    32 0.000000 500.000000 0.000000 0.000000 -0.000000 0.000000
    33 0.000000 500.000000 0.000000 0.000000 -0.000000 0.000000
    34 0.000000 500.000000 0.000000 0.000000 -0.000000 0.000000
    35 0.000000 500.000000 0.000000 0.000000 -0.000000 0.000000
    36 0.000000 500.000000 0.000000 0.000000 -0.000000 0.000000
    37 0.000000 500.000000 0.000000 0.000000 -0.000000 0.000000
    38 0.000000 500.000000 0.000000 0.000000 -0.000000 0.000000
    39 0.000000 500.000000 0.000000 0.000000 -0.000000 0.000000
    40 0.000000 500.000000 0.000000 0.000000 -0.000000 0.000000
    41 0.000000 500.000000 0.000000 0.000000 -0.000000 0.000000
    42 0.000000 500.000000 0.000000 0.000000 -0.000000 0.000000
    43 0.000000 500.000000 0.000000 0.000000 -0.000000 0.000000
    44 0.000000 500.000000 0.000000 0.000000 -0.000000 0.000000
    45 0.000000 500.000000 0.000000 0.000000 -0.000000 0.000000
    46 0.000000 500.000000 0.000000 0.000000 -0.000000 0.000000
    47 0.000000 500.000000 0.000000 0.000000 -0.000000 0.000000
    48 -5.595810 -0.168914 -20.421225 0.034247 -0.003814 1.569514
    49 0.480041 0.245986 0.685093 -0.005882 1.526905 -1.618466
    50 -4.641473 0.174681 0.038314 0.000012 0.000029 0.000795
    51 -4.393185 0.042118 0.040471 0.000000 0.000000 0.000000
    52 -9.748773 1.097161 0.055417 0.000016 0.000059 0.001711
    53 3.040856 -13.026020 5.842539 1.128730 0.654397 -2.269924
    54 -6.269980 -11.192858 6.766772 0.373317 -1.029260 -2.147653
    55 -6.894939 -6.716249 0.295893 0.014157 -0.038868 -1.241676
    56 -6.722326 -3.464352 10.956942 2.683013 0.051241 0.530793
    57 1.557133 -8.424383 0.232306 -1.213622 -0.478481 -0.087605
    58 -1.921761 0.410327 0.004276 0.001200 0.003567 0.105881
    59 -1.631737 0.558176 -0.003556 0.001816 0.005025 0.150372
    60 -1.617024 -0.547709 -0.754764 -0.244311 -0.260638 0.007932
    61 -5.607235 1.531876 0.001010 0.018117 0.022146 0.828173
    62 -4.794849 1.549590 -0.007346 0.013844 0.019577 0.687808
    63 -6.596516 2.860080 0.339655 0.113041 -0.010478 0.633316
    64 -4.122211 1.458595 -0.010647 0.010154 0.016605 0.554431
    65 -4.573040 1.531267 -0.008834 0.012585 0.018653 0.643870
    66 -6.645570 2.940114 1.321939 0.205535 0.053813 0.580153
    67 -4.668784 1.543299 -0.008333 0.013331 0.019212 0.670097
    68 -5.498457 1.543711 -0.000431 0.017343 0.021740 0.803593
    69 -7.729378 3.432158 3.180976 0.491882 0.184755 0.657363
    70 -5.032242 1.551232 -0.005137 0.016347 0.021180 0.771437
    71 -4.626552 1.546626 -0.008850 0.013664 0.019450 0.681603
    72 -5.519386 -6.196619 2.278635 0.399296 -0.041074 -1.245768
    73 -7.683894 -8.741019 5.991345 0.177366 -1.380541 2.992474
    74 -9.396870 0.102161 -1.268751 -0.332913 1.120990 -0.795969
    75 -8.368392 -8.770677 0.380338 0.028127 -0.044555 -1.669285
    76 -5.623828 -8.961741 3.189984 -1.898589 -0.174324 0.240802
    77 0.338370 -3.144784 12.118679 2.573181 0.131688 0.533423
    78 -4.354403 1.459486 -0.008461 0.010130 0.016584 0.553537
    79 -3.627946 1.410714 -0.013721 0.009170 0.015664 0.516135
    80 -1.830639 1.231442 2.816198 0.243480 -0.132720 -0.126835
    81 -4.048196 1.469492 -0.011725 0.010454 0.016879 0.565871
    82 -7.907647 0.848772 0.046363 0.031770 0.025929 1.229429
    83 -5.400910 2.822193 0.968758 0.025595 -0.150713 0.560355
    84 -9.643356 -0.421030 0.106429 0.043974 0.024660 1.576349
    85 -3.766350 1.399735 -0.012025 0.008936 0.015428 0.506771
    86 -6.258359 2.479772 -0.342655 -0.063682 -0.112066 0.735080
    87 -8.572338 0.418939 0.067432 0.036593 0.025938 1.365208
    88 -7.095986 1.213811 0.026113 0.026449 0.025150 1.077981
    89 -5.747706 2.159775 -1.269204 -0.121725 -0.115569 0.713351
    90 -7.351171 0.994610 0.036058 0.029811 0.025738 1.174049
    91 -7.915823 0.770521 0.049122 0.032719 0.025983 1.256176
    92 -8.903707 -8.729632 -0.071723 -0.080754 -0.043675 -1.668299
    93 -8.918041 4.701009 9.318639 -0.133590 0.131234 0.192817
    94 -2.905882 -8.653264 0.906266 0.127366 0.111901 -1.770441
    95 6.952962 37.444177 -18.980245 -0.000000 0.000000 0.000000
    96 0.170270 -9.262669 2.885666 -0.000000 0.000000 0.000000
    97 2.213052 7.377629 2.713527 0.102611 -0.438051 -0.028566
    98 -4.353873 -0.682210 -2.244499 -0.125181 0.592479 0.227707
    99 0.224195 -2.027256 2.584113 -0.000000 0.000000 0.000000
    100 0.236503 0.729332 1.174515 -0.000000 0.000000 0.000000
    101 6.133480 27.701888 -26.665454 0.028778 -0.010447 -0.002809
    102 0.006184 0.042617 0.630946 -0.000000 -0.000000 -0.000000
    103 0.004332 0.048951 0.425776 -0.000000 -0.000000 -0.000000
    104 0.002551 0.054554 0.229012 -0.000000 -0.000000 -0.000000
    105 -0.003175 0.048654 -0.383506 -0.000000 -0.000000 -0.000000
    106 -7.917468 -17.596449 8.317367 0.009487 0.017493 1.571866
    107 -7.923080 -12.240079 8.713215 -1.552244 0.339525 -3.134344
    108 -8.216996 -16.481173 7.306713 -0.017493 0.009486 0.000904
    109 -8.458077 -10.976725 5.004138 0.293094 0.009486 0.000904
    110 -0.000000 -0.000000 0.000000 -0.000000 0.000000 0.000000
    111 -0.000000 -0.000000 0.000000 -0.000000 0.000000 0.000000
    112 -0.000000 -0.000000 0.000000 -0.000000 0.000000 0.000000
    113 -0.000000 -0.000000 0.000000 -0.000000 0.000000 0.000000
  time 49
    0 0.000000 0.000000 0.000000 0.000000 0.000000 0.000000
    1 0.000000 500.000000 0.000000 0.000000 -0.000000 0.000000
    2 0.000000 500.000000 0.000000 0.000000 -0.000000 0.000000
    3 0.000000 500.000000 0.000000 0.000000 -0.000000 0.000000
    4 0.000000 500.000000 0.000000 0.000000 -0.000000 0.000000
    5 0.000000 500.000000 0.000000 0.000000 -0.000000 0.000000
    6 0.000000 500.000000 0.000000 0.000000 -0.000000 0.000000
    7 0.000000 500.000000 0.000000 0.000000 -0.000000 0.000000
    8 0.000000 500.000000 0.000000 0.000000 -0.000000 0.000000
    9 0.000000 500.000000 0.000000 0.000000 -0.000000 0.000000
    10 0.000000 500.000000 0.000000 0.000000 -0.000000 0.000000
    11 0.000000 500.000000 0.000000 0.000000 -0.000000 0.000000
    12 0.000000 500.000000 0.000000 0.000000 -0.000000 0.000000
    13 0.000000 500.000000 0.000000 0.000000 -0.000000 0.000000
    14 0.000000 500.000000 0.000000 0.000000 -0.000000 0.000000
    15 0.000000 500.000000 0.000000 0.000000 -0.000000 0.000000
    16 0.000000 500.000000 0.000000 0.000000 -0.000000 0.000000
    17 0.000000 500.000000 0.000000 0.000000 -0.000000 0.000000
    18 0.000000 500.000000 0.000000 0.000000 -0.000000 0.000000
    19 0.000000 500.000000 0.000000 0.000000 -0.000000 0.000000
    20 0.000000 500.000000 0.000000 0.000000 -0.000000 0.000000
    21 0.000000 500.000000 0.000000 0.000000 -0.000000 0.000000
    22 0.000000 500.000000 0.000000 0.000000 -0.000000 0.000000
    23 0.000000 500.000000 0.000000 0.000000 -0.000000 0.000000
    24 0.000000 500.000000 0.000000 0.000000 -0.000000 0.000000
    25 0.000000 500.000000 0.000000 0.000000 -0.000000 0.000000
    26 0.000000 500.000000 0.000000 0.000000 -0.000000 0.000000
    27 0.000000 500.000000 0.000000 0.000000 -0.000000 0.000000
    28 0.000000 500.000000 0.000000 0.000000 -0.000000 0.000000
    29 0.000000 500.000000 0.000000 0.000000 -0.000000 0.000000
    30 0.000000 500.000000 0.000000 0.000000 -0.000000 0.000000
    31 0.000000 500.000000 0.000000 0.000000 -0.000000 0.000000
    32 0.000000 500.000000 0.000000 0.000000 -0.000000 0.000000
    33 0.000000 500.000000 0.000000 0.000000 -0.000000 0.000000
    34 0.000000 500.000000 0.000000 0.000000 -0.000000 0.000000
    35 0.000000 500.000000 0.000000 0.000000 -0.000000 0.000000
    36 0.000000 500.000000 0.000000 0.000000 -0.000000 0.000000
    37 0.000000 500.000000 0.000000 0.000000 -0.000000 0.000000
    38 0.000000 500.000000 0.000000 0.000000 -0.000000 0.000000
    39 0.000000 500.000000 0.000000 0.000000 -0.000000 0.000000
    40 0.000000 500.000000 0.000000 0.000000 -0.000000 0.000000
    41 0.000000 500.000000 0.000000 0.000000 -0.000000 0.000000
    42 0.000000 500.000000 0.000000 0.000000 -0.000000 0.000000
    43 0.000000 500.000000 0.000000 0.000000 -0.000000 0.000000
    44 0.000000 500.000000 0.000000 0.000000 -0.000000 0.000000
    45 0.000000 500.000000 0.000000 0.000000 -0.000000 0.000000
    46 0.000000 500.000000 0.000000 0.000000 -0.000000 0.000000
    47 0.000000 500.000000 0.000000 0.000000 -0.000000 0.000000
    48 -5.595825 -0.170680 -20.420848 0.034246 -0.003907 1.569514
    49 0.480041 0.245986 0.685093 -0.005882 1.526905 -1.618466
    50 -4.641473 0.174681 0.038315 0.000012 0.000029 0.000795
    51 -4.393185 0.042118 0.040471 0.000000 -0.000000 0.000000
    52 -9.748773 1.097161 0.055418 0.000016 0.000059 0.001711
    53 3.040854 -13.026020 5.842539 1.128730 0.654396 -2.269924
    54 -6.273469 -11.193688 6.767969 0.375271 -1.028261 -2.149456
    55 -6.894232 -6.714614 0.295831 0.014148 -0.038862 -1.241377
    56 -6.721061 -3.461729 10.955672 2.683447 0.051369 0.531804
    57 1.557133 -8.424380 0.232304 -1.213622 -0.478481 -0.087605
    58 -1.921761 0.410327 0.004276 0.001200 0.003567 0.105881
    59 -1.631737 0.558176 -0.003555 0.001816 0.005025 0.150372
    60 -1.617024 -0.547710 -0.754765 -0.244311 -0.260638 0.007932
    61 -5.607235 1.531876 0.001011 0.018117 0.022146 0.828173
    62 -4.794850 1.549590 -0.007347 0.013844 0.019577 0.687808
    63 -6.596516 2.860079 0.339655 0.113041 -0.010478 0.633316
    64 -4.122212 1.458595 -0.010647 0.010154 0.016605 0.554431
    65 -4.573040 1.531267 -0.008834 0.012585 0.018653 0.643870
    66 -6.645570 2.940114 1.321940 0.205535 0.053813 0.580153
    67 -4.668784 1.543299 -0.008333 0.013331 0.019212 0.670097
    68 -5.498457 1.543711 -0.000431 0.017343 0.021740 0.803593
    69 -7.729378 3.432156 3.180972 0.491881 0.184756 0.657363
    70 -5.032242 1.551232 -0.005137 0.016347 0.021180 0.771437
    71 -4.626552 1.546626 -0.008850 0.013664 0.019450 0.681603
    72 -5.518356 -6.194394 2.279591 0.399465 -0.041069 -1.245470
    73 -7.683895 -8.741019 5.991345 0.177366 -1.380541 2.992474
    74 -9.397060 0.093956 -1.274461 -0.335107 1.120064 -0.797952
    75 -8.372360 -8.774260 0.380500 0.028158 -0.044560 -1.670183
    76 -5.617148 -8.951812 3.184451 -1.898640 -0.172976 0.242688
    77 0.338370 -3.144784 12.118679 2.573181 0.131688 0.533423
    78 -4.354403 1.459486 -0.008461 0.010130 0.016584 0.553537
    79 -3.627942 1.410713 -0.013721 0.009170 0.015664 0.516135
    80 -1.830639 1.231442 2.816197 0.243480 -0.132720 -0.126835
    81 -4.054387 1.470559 -0.011703 0.010482 0.016904 0.566924
    82 -7.913178 0.845803 0.046518 0.031807 0.025932 1.230482
    83 -5.400910 2.822193 0.968759 0.025595 -0.150713 0.560355
    84 -9.643356 -0.421030 0.106428 0.043974 0.024660 1.576349
    85 -3.766350 1.399735 -0.012023 0.008936 0.015428 0.506771
    86 -6.258359 2.479772 -0.342655 -0.063682 -0.112066 0.735080
    87 -8.572335 0.418941 0.067432 0.036592 0.025938 1.365208
    88 -7.095986 1.213811 0.026113 0.026449 0.025150 1.077981
    89 -5.747706 2.159776 -1.269204 -0.121725 -0.115569 0.713351
    90 -7.351171 0.994610 0.036059 0.029811 0.025738 1.174049
    91 -7.915823 0.770521 0.049122 0.032719 0.025983 1.256176
    92 -8.908157 -8.732697 -0.071980 -0.080827 -0.043680 -1.669195
    93 -8.927576 4.707866 9.337483 -0.133107 0.131295 0.193663
    94 -2.905884 -8.653262 0.906263 0.127366 0.111901 -1.770441
    95 6.952961 37.444177 -18.980245 -0.000000 -0.000000 -0.000000
    96 0.170270 -9.262669 2.885667 -0.000000 -0.000000 -0.000000
    97 2.211819 7.354639 2.665491 0.091422 -0.437984 -0.023720
    98 -4.387448 -0.563290 -2.176239 -0.102796 0.592330 0.241833
    99 0.224195 -2.027256 2.584113 -0.000000 -0.000000 -0.000000
    100 0.236503 0.729332 1.174515 -0.000000 -0.000000 -0.000000
    101 6.091061 27.701853 -26.655379 0.028745 -0.009992 -0.002020
    102 0.006184 0.042617 0.630946 0.000000 -0.000000 0.000000
    103 0.004332 0.048951 0.425776 0.000000 -0.000000 0.000000
    104 0.002551 0.054554 0.229012 0.000000 -0.000000 0.000000
    105 -0.003176 0.048654 -0.383506 0.000000 -0.000000 0.000000
    106 -7.917468 -17.596449 8.317367 0.009487 0.017493 1.571866
    107 -7.923080 -12.240079 8.713215 -1.552244 0.339525 -3.134344
    108 -8.216996 -16.481173 7.306713 -0.017493 0.009486 0.000904
    109 -8.458077 -10.976725 5.004138 0.293094 0.009486 0.000904
    110 0.000000 -0.000000 -0.000000 -0.000000 -0.000000 -0.000000
    111 0.000000 -0.000000 -0.000000 -0.000000 -0.000000 -0.000000
    112 0.000000 -0.000000 -0.000000 -0.000000 -0.000000 -0.000000
    113 0.000000 -0.000000 -0.000000 -0.000000 -0.000000 -0.000000
  time 50
    0 0.000000 0.000000 0.000000 0.000000 0.000000 0.000000
    1 0.000000 500.000000 0.000000 0.000000 -0.000000 0.000000
    2 0.000000 500.000000 0.000000 0.000000 -0.000000 0.000000
    3 0.000000 500.000000 0.000000 0.000000 -0.000000 0.000000
    4 0.000000 500.000000 0.000000 0.000000 -0.000000 0.000000
    5 0.000000 500.000000 0.000000 0.000000 -0.000000 0.000000
    6 0.000000 500.000000 0.000000 0.000000 -0.000000 0.000000
    7 0.000000 500.000000 0.000000 0.000000 -0.000000 0.000000
    8 0.000000 500.000000 0.000000 0.000000 -0.000000 0.000000
    9 0.000000 500.000000 0.000000 0.000000 -0.000000 0.000000
    10 0.000000 500.000000 0.000000 0.000000 -0.000000 0.000000
    11 0.000000 500.000000 0.000000 0.000000 -0.000000 0.000000
    12 0.000000 500.000000 0.000000 0.000000 -0.000000 0.000000
    13 0.000000 500.000000 0.000000 0.000000 -0.000000 0.000000
    14 0.000000 500.000000 0.000000 0.000000 -0.000000 0.000000
    15 0.000000 500.000000 0.000000 0.000000 -0.000000 0.000000
    16 0.000000 500.000000 0.000000 0.000000 -0.000000 0.000000
    17 0.000000 500.000000 0.000000 0.000000 -0.000000 0.000000
    18 0.000000 500.000000 0.000000 0.000000 -0.000000 0.000000
    19 0.000000 500.000000 0.000000 0.000000 -0.000000 0.000000
    20 0.000000 500.000000 0.000000 0.000000 -0.000000 0.000000
    21 0.000000 500.000000 0.000000 0.000000 -0.000000 0.000000
    22 0.000000 500.000000 0.000000 0.000000 -0.000000 0.000000
    23 0.000000 500.000000 0.000000 0.000000 -0.000000 0.000000
    24 0.000000 500.000000 0.000000 0.000000 -0.000000 0.000000
    25 0.000000 500.000000 0.000000 0.000000 -0.000000 0.000000
    26 0.000000 500.000000 0.000000 0.000000 -0.000000 0.000000
    27 0.000000 500.000000 0.000000 0.000000 -0.000000 0.000000
    28 0.000000 500.000000 0.000000 0.000000 -0.000000 0.000000
    29 0.000000 500.000000 0.000000 0.000000 -0.000000 0.000000
    30 0.000000 500.000000 0.000000 0.000000 -0.000000 0.000000
    31 0.000000 500.000000 0.000000 0.000000 -0.000000 0.000000
    32 0.000000 500.000000 0.000000 0.000000 -0.000000 0.000000
    33 0.000000 500.000000 0.000000 0.000000 -0.000000 0.000000
    34 0.000000 500.000000 0.000000 0.000000 -0.000000 0.000000
    35 0.000000 500.000000 0.000000 0.000000 -0.000000 0.000000
    36 0.000000 500.000000 0.000000 0.000000 -0.000000 0.000000
    37 0.000000 500.000000 0.000000 0.000000 -0.000000 0.000000
    38 0.000000 500.000000 0.000000 0.000000 -0.000000 0.000000
    39 0.000000 500.000000 0.000000 0.000000 -0.000000 0.000000
    40 0.000000 500.000000 0.000000 0.000000 -0.000000 0.000000
    41 0.000000 500.000000 0.000000 0.000000 -0.000000 0.000000
    42 0.000000 500.000000 0.000000 0.000000 -0.000000 0.000000
    43 0.000000 500.000000 0.000000 0.000000 -0.000000 0.000000
    44 0.000000 500.000000 0.000000 0.000000 -0.000000 0.000000
    45 0.000000 500.000000 0.000000 0.000000 -0.000000 0.000000
    46 0.000000 500.000000 0.000000 0.000000 -0.000000 0.000000
    47 0.000000 500.000000 0.000000 0.000000 -0.000000 0.000000
    48 -5.595841 -0.172446 -20.420472 0.034246 -0.003999 1.569514
    49 0.480041 0.245986 0.685093 -0.005882 1.526905 -1.618466
    50 -4.641473 0.174681 0.038315 0.000012 0.000029 0.000795
    51 -4.393185 0.042118 0.040471 0.000000 0.000000 -0.000000
    52 -9.748773 1.097161 0.055419 0.000016 0.000059 0.001711
    53 3.040852 -13.026021 5.842538 1.128729 0.654396 -2.269925
    54 -6.276960 -11.194519 6.769160 0.377219 -1.027259 -2.151252
    55 -6.893525 -6.712979 0.295768 0.014139 -0.038856 -1.241078
    56 -6.719799 -3.459105 10.954402 2.683881 0.051497 0.532815
    57 1.557134 -8.424377 0.232302 -1.213622 -0.478481 -0.087604
    58 -1.921761 0.410327 0.004276 0.001200 0.003567 0.105881
    59 -1.631737 0.558176 -0.003554 0.001816 0.005025 0.150372
    60 -1.617024 -0.547710 -0.754766 -0.244311 -0.260638 0.007932
    61 -5.607234 1.531876 0.001012 0.018117 0.022146 0.828173
    62 -4.794851 1.549590 -0.007348 0.013844 0.019577 0.687808
    63 -6.596516 2.860078 0.339655 0.113041 -0.010478 0.633316
    64 -4.122212 1.458595 -0.010648 0.010154 0.016605 0.554431
    65 -4.573040 1.531267 -0.008834 0.012585 0.018653 0.643870
    66 -6.645570 2.940114 1.321941 0.205535 0.053813 0.580153
    67 -4.668784 1.543299 -0.008333 0.013331 0.019212 0.670097
    68 -5.498457 1.543711 -0.000432 0.017343 0.021740 0.803593
    69 -7.729378 3.432154 3.180968 0.491881 0.184756 0.657363
    70 -5.032242 1.551232 -0.005137 0.016347 0.021180 0.771437
    71 -4.626552 1.546626 -0.008850 0.013664 0.019450 0.681603
    72 -5.517327 -6.192168 2.280547 0.399633 -0.041064 -1.245173
    73 -7.683895 -8.741019 5.991345 0.177366 -1.380541 2.992474
    74 -9.397251 0.085743 -1.280159 -0.337292 1.119136 -0.799926
    75 -8.376331 -8.777840 0.380661 0.028189 -0.044565 -1.671080
    76 -5.610494 -8.941874 3.178906 -1.898689 -0.171628 0.244574
    77 0.338370 -3.144785 12.118679 2.573181 0.131688 0.533423
    78 -4.354403 1.459486 -0.008461 0.010130 0.016584 0.553537
    79 -3.627939 1.410712 -0.013721 0.009170 0.015664 0.516134
    80 -1.830639 1.231442 2.816197 0.243480 -0.132720 -0.126835
    81 -4.060579 1.471618 -0.011680 0.010510 0.016929 0.567976
    82 -7.918706 0.842828 0.046673 0.031845 0.025934 1.231535
    83 -5.400910 2.822193 0.968760 0.025595 -0.150713 0.560355
    84 -9.643356 -0.421030 0.106427 0.043974 0.024660 1.576349
    85 -3.766350 1.399735 -0.012022 0.008936 0.015428 0.506771
    86 -6.258358 2.479772 -0.342655 -0.063682 -0.112066 0.735080
    87 -8.572333 0.418943 0.067432 0.036592 0.025938 1.365207
    88 -7.095986 1.213811 0.026113 0.026449 0.025150 1.077981
    89 -5.747707 2.159776 -1.269204 -0.121725 -0.115569 0.713351
    90 -7.351171 0.994610 0.036060 0.029811 0.025738 1.174049
    91 -7.915823 0.770521 0.049122 0.032719 0.025983 1.256176
    92 -8.912609 -8.735759 -0.072237 -0.080899 -0.043685 -1.670092
    93 -8.937114 4.714718 9.356330 -0.132625 0.131355 0.194508
    94 -2.905886 -8.653260 0.906260 0.127365 0.111901 -1.770441
    95 6.952961 37.444177 -18.980245 0.000000 -0.000000 0.000000
    96 0.170270 -9.262669 2.885668 0.000000 -0.000000 0.000000
    97 2.210572 7.331164 2.617693 0.080235 -0.437867 -0.018874
    98 -4.420925 -0.445681 -2.105700 -0.080420 0.591920 0.255948
    99 0.224195 -2.027256 2.584113 0.000000 -0.000000 0.000000
    100 0.236503 0.729332 1.174515 0.000000 -0.000000 0.000000
    101 6.048640 27.701814 -26.645302 0.028713 -0.009537 -0.001231
    102 0.006184 0.042617 0.630946 0.000000 -0.000000 0.000000
    103 0.004332 0.048951 0.425776 0.000000 -0.000000 0.000000
    104 0.002551 0.054554 0.229012 0.000000 -0.000000 0.000000
    105 -0.003177 0.048653 -0.383505 0.000000 -0.000000 0.000000
    106 -7.917468 -17.596449 8.317367 0.009487 0.017493 1.571866
    107 -7.923080 -12.240079 8.713215 -1.552244 0.339525 -3.134344
    108 -8.216996 -16.481173 7.306713 -0.017493 0.009486 0.000904
    109 -8.458077 -10.976725 5.004138 0.293094 0.009486 0.000904
    110 -0.000000 0.000000 -0.000000 0.000000 -0.000000 0.000000
    111 -0.000000 0.000000 -0.000000 0.000000 -0.000000 0.000000
    112 -0.000000 0.000000 -0.000000 0.000000 -0.000000 0.000000
    113 -0.000000 0.000000 -0.000000 0.000000 -0.000000 0.000000
end
