{
  "schema": "cf2.m4a1_s.reference-report.v1",
  "generated_at_utc": "2026-08-17T14:02:23.833467+00:00",
  "toolchain": {
    "decompiler": "CrowbarDecompiler 0.71 CMD edition (tools/CrowbarDecompiler/CrowbarDecompiler(1.1).exe)",
    "source_format": "Source 1 MDL/VVD/VTX/ANI",
    "decompiler_output_format": "SMD + QC",
    "dmx_files": [],
    "dmx_note": "Fixed CrowbarDecompiler command edition emitted SMD/QC for this model; official source ANI is preserved under source_vpk."
  },
  "source_manifest": "extraction_manifest.json",
  "target": {
    "weapon": "M4A1-S",
    "internal_modelname": "weapons\\v_rif_m4a1_s.mdl",
    "expected_modelname": "weapons\\v_rif_m4a1_s.mdl",
    "first_person": true
  },
  "bones": {
    "count": 58,
    "hierarchy": [
      {
        "name": "v_weapon",
        "parent": null,
        "transform": "0 0 0 0 0 89.999982 0 0 0 0 0 0"
      },
      {
        "name": "v_weapon.Bip01_R_Forearm",
        "parent": null,
        "transform": "-6.304863 4.049507 -12.285725 -34.76347 -73.179432 -118.017268 0 0 0 0 0 0"
      },
      {
        "name": "v_weapon.Bip01_R_Hand",
        "parent": "v_weapon.Bip01_R_Forearm",
        "transform": "10.29558 -0.000001 0 5.472155 32.455365 110.86985 0 0 0 0 0 0"
      },
      {
        "name": "v_weapon.M4A1_s_Parent",
        "parent": "v_weapon.Bip01_R_Hand",
        "transform": "4.482179 1.199705 -0.715071 -3.705267 92.93751 97.453802 0 0 0 0 0 0"
      },
      {
        "name": "v_weapon.M4A1_Clip",
        "parent": "v_weapon.M4A1_s_Parent",
        "transform": "0 1.83024 4.10786 0.000002 -0.000001 -89.999982 0 0 0 0 0 0"
      },
      {
        "name": "v_weapon.flash",
        "parent": "v_weapon.M4A1_s_Parent",
        "transform": "-0.336013 5.244593 23.040905 -89.980215 -89.999982 0 0 0 0 0 0 0"
      },
      {
        "name": "v_weapon.shelleject",
        "parent": "v_weapon.M4A1_s_Parent",
        "transform": "-0.719085 5.300996 3.836283 -0.000001 160.000009 0.000002 0 0 0 0 0 0"
      },
      {
        "name": "v_weapon.stattrack",
        "parent": "v_weapon.M4A1_s_Parent",
        "transform": "0.540478 4.961051 0.579782 -0.285274 -1.939578 -90.156974 0 0 0 0 0 0"
      },
      {
        "name": "v_weapon.uid",
        "parent": "v_weapon.M4A1_s_Parent",
        "transform": "0.214788 6.100204 0.357018 -0.274846 1.670572 -90.174685 0 0 0 0 0 0"
      },
      {
        "name": "v_weapon.M4A1_Silencer",
        "parent": "v_weapon.M4A1_s_Parent",
        "transform": "-0.231368 5.196647 23.662256 0.000002 -0.000001 -89.999982 0 0 0 0 0 0"
      },
      {
        "name": "v_weapon.Bip01_L_Forearm",
        "parent": null,
        "transform": "3.520265 -8.79537 -7.450874 -22.48527 -121.490665 -84.433125 0 0 0 0 0 0"
      },
      {
        "name": "v_weapon.Bip01_L_Hand",
        "parent": "v_weapon.Bip01_L_Forearm",
        "transform": "10.295583 0.000001 0 -13.353578 21.596951 -150.192062 0 0 0 0 0 0"
      },
      {
        "name": "v_weapon.Bip01_L_Finger0",
        "parent": "v_weapon.Bip01_L_Hand",
        "transform": "1.149519 0.416497 -1.414117 21.852835 17.46966 132.445783 0 0 0 0 0 0"
      },
      {
        "name": "v_weapon.Bip01_L_Finger01",
        "parent": "v_weapon.Bip01_L_Finger0",
        "transform": "1.263878 0 0 -6.871531 13.791718 -46.867494 0 0 0 0 0 0"
      },
      {
        "name": "v_weapon.Bip01_L_Finger02",
        "parent": "v_weapon.Bip01_L_Finger01",
        "transform": "1.188944 0 0 0.114372 14.402268 -0.564654 0 0 0 0 0 0"
      },
      {
        "name": "v_weapon.Bip01_L_Finger1",
        "parent": "v_weapon.Bip01_L_Hand",
        "transform": "3.773752 0.133216 -0.970574 -13.985837 -3.626131 5.558486 0 0 0 0 0 0"
      },
      {
        "name": "v_weapon.Bip01_L_Finger11",
        "parent": "v_weapon.Bip01_L_Finger1",
        "transform": "1.433456 0 0.000001 0.000003 11.623139 -0.000002 0 0 0 0 0 0"
      },
      {
        "name": "v_weapon.Bip01_L_Finger12",
        "parent": "v_weapon.Bip01_L_Finger11",
        "transform": "1.019161 0 0 0.000005 41.210045 -0.000001 0 0 0 0 0 0"
      },
      {
        "name": "v_weapon.Bip01_L_Finger2",
        "parent": "v_weapon.Bip01_L_Hand",
        "transform": "3.799511 0.014954 -0.039958 -12.335554 17.720388 -2.537974 0 0 0 0 0 0"
      },
      {
        "name": "v_weapon.Bip01_L_Finger21",
        "parent": "v_weapon.Bip01_L_Finger2",
        "transform": "1.774881 0.000004 0.000001 0.563962 34.753321 -0.924186 0 0 0 0 0 0"
      },
      {
        "name": "v_weapon.Bip01_L_Finger22",
        "parent": "v_weapon.Bip01_L_Finger21",
        "transform": "1.008846 0.000002 0 0.525295 32.383225 -0.946641 0 0 0 0 0 0"
      },
      {
        "name": "v_weapon.Bip01_L_Finger3",
        "parent": "v_weapon.Bip01_L_Hand",
        "transform": "3.632761 0.05905 0.757493 -6.842719 25.077157 -13.663554 0 0 0 0 0 0"
      },
      {
        "name": "v_weapon.Bip01_L_Finger31",
        "parent": "v_weapon.Bip01_L_Finger3",
        "transform": "1.500138 -0.000002 -0.000001 1.877762 41.612374 -3.914907 0 0 0 0 0 0"
      },
      {
        "name": "v_weapon.Bip01_L_Finger32",
        "parent": "v_weapon.Bip01_L_Finger31",
        "transform": "0.905663 0 0.000001 1.80402 40.538303 -3.949454 0 0 0 0 0 0"
      },
      {
        "name": "v_weapon.Bip01_L_Finger4",
        "parent": "v_weapon.Bip01_L_Hand",
        "transform": "3.323328 0.233746 1.479075 7.198637 40.280996 -15.063002 0 0 0 0 0 0"
      },
      {
        "name": "v_weapon.Bip01_L_Finger41",
        "parent": "v_weapon.Bip01_L_Finger4",
        "transform": "0.963099 0 0 0.506489 30.97736 -5.497071 0 0 0 0 0 0"
      },
      {
        "name": "v_weapon.Bip01_L_Finger42",
        "parent": "v_weapon.Bip01_L_Finger41",
        "transform": "0.682895 0 0 0.506551 30.978391 -5.497073 0 0 0 0 0 0"
      },
      {
        "name": "v_weapon.Bip01_L_ForeTwist",
        "parent": null,
        "transform": "3.520265 -8.79537 -7.450874 -22.485253 -121.490692 -138.424493 0 0 0 0 0 0"
      },
      {
        "name": "v_weapon.M4A1_Trigger",
        "parent": "v_weapon.M4A1_s_Parent",
        "transform": "0 2.627978 0.988427 0.000002 -0.000001 -89.999982 0 0 0 0 0 0"
      },
      {
        "name": "v_weapon.M4A1_Bolt",
        "parent": "v_weapon.M4A1_s_Parent",
        "transform": "0 6.086905 -2.262868 0.000002 -0.000001 -89.999982 0 0 0 0 0 0"
      },
      {
        "name": "v_weapon.Bip01_R_Finger0",
        "parent": "v_weapon.Bip01_R_Hand",
        "transform": "1.149523 0.416497 1.414115 -11.599357 45.391784 -101.413413 0 0 0 0 0 0"
      },
      {
        "name": "v_weapon.Bip01_R_Finger01",
        "parent": "v_weapon.Bip01_R_Finger0",
        "transform": "1.263876 0.000001 0 10.862357 31.816234 -1.964217 0 0 0 0 0 0"
      },
      {
        "name": "v_weapon.Bip01_R_Finger02",
        "parent": "v_weapon.Bip01_R_Finger01",
        "transform": "1.188942 0 0 0 16.914402 -0.000009 0 0 0 0 0 0"
      },
      {
        "name": "v_weapon.Bip01_R_Finger1",
        "parent": "v_weapon.Bip01_R_Hand",
        "transform": "3.773754 0.133215 0.970573 -1.459208 -6.952621 -0.02418 0 0 0 0 0 0"
      },
      {
        "name": "v_weapon.Bip01_R_Finger11",
        "parent": "v_weapon.Bip01_R_Finger1",
        "transform": "1.433458 0 0 -0.56207 48.567754 0.83159 0 0 0 0 0 0"
      },
      {
        "name": "v_weapon.Bip01_R_Finger12",
        "parent": "v_weapon.Bip01_R_Finger11",
        "transform": "1.019161 0 -0.000001 -0.506321 47.889137 0.829531 0 0 0 0 0 0"
      },
      {
        "name": "v_weapon.Bip01_R_Finger2",
        "parent": "v_weapon.Bip01_R_Hand",
        "transform": "3.799514 0.014952 0.039957 9.828861 63.22241 16.023629 0 0 0 0 0 0"
      },
      {
        "name": "v_weapon.Bip01_R_Finger21",
        "parent": "v_weapon.Bip01_R_Finger2",
        "transform": "1.774881 -0.000001 0 -2.296532 79.017878 0.890089 0 0 0 0 0 0"
      },
      {
        "name": "v_weapon.Bip01_R_Finger22",
        "parent": "v_weapon.Bip01_R_Finger21",
        "transform": "1.008846 0.000001 0 -1.529395 48.580004 1.930751 0 0 0 0 0 0"
      },
      {
        "name": "v_weapon.Bip01_R_Finger3",
        "parent": "v_weapon.Bip01_R_Hand",
        "transform": "3.632764 0.059049 -0.757494 3.758947 79.467543 21.166842 0 0 0 0 0 0"
      },
      {
        "name": "v_weapon.Bip01_R_Finger31",
        "parent": "v_weapon.Bip01_R_Finger3",
        "transform": "1.500137 0.000001 0.000001 -3.188051 64.471201 3.503525 0 0 0 0 0 0"
      },
      {
        "name": "v_weapon.Bip01_R_Finger32",
        "parent": "v_weapon.Bip01_R_Finger31",
        "transform": "0.905663 0 0 -1.326284 38.449761 4.546425 0 0 0 0 0 0"
      },
      {
        "name": "v_weapon.Bip01_R_Finger4",
        "parent": "v_weapon.Bip01_R_Hand",
        "transform": "3.323329 0.233745 -1.479076 -1.044673 81.405159 25.96158 0 0 0 0 0 0"
      },
      {
        "name": "v_weapon.Bip01_R_Finger41",
        "parent": "v_weapon.Bip01_R_Finger4",
        "transform": "0.963099 -0.000001 -0.000001 -0.354141 37.605587 3.224779 0 0 0 0 0 0"
      },
      {
        "name": "v_weapon.Bip01_R_Finger42",
        "parent": "v_weapon.Bip01_R_Finger41",
        "transform": "0.682895 0 0 -1.323531 55.400201 2.962138 0 0 0 0 0 0"
      },
      {
        "name": "v_weapon.Bip01_R_ForeTwist",
        "parent": null,
        "transform": "-6.304863 4.049507 -12.285725 -34.76347 -73.179432 -95.769723 0 0 0 0 0 0"
      },
      {
        "name": "v_weapon.v_weapon",
        "parent": null,
        "transform": "0 0 0 0 0 89.999989 0 0 0 0 0 0"
      },
      {
        "name": "v_weapon.Bip01",
        "parent": null,
        "transform": "3.706409 5.104027 -19.918226 2.780724 -131.511304 0.478134 0 0 0 0 0 0"
      },
      {
        "name": "v_weapon.Bip01_Pelvis",
        "parent": "v_weapon.Bip01",
        "transform": "-0.000001 0 0 -89.999989 -89.999811 0 0 0 0 0 0 0"
      },
      {
        "name": "v_weapon.Bip01_Spine",
        "parent": "v_weapon.Bip01_Pelvis",
        "transform": "3.562498 -0.816636 -0.000028 -0.230236 1.226121 0.561817 0 0 0 0 0 0"
      },
      {
        "name": "v_weapon.Bip01_Spine1",
        "parent": "v_weapon.Bip01_Spine",
        "transform": "4.004025 -0.003178 -0.000071 0.268366 4.900142 1.25917 0 0 0 0 0 0"
      },
      {
        "name": "v_weapon.Bip01_Spine2",
        "parent": "v_weapon.Bip01_Spine1",
        "transform": "4.004029 -0.003176 -0.000071 0.268822 4.898323 1.266267 0 0 0 0 0 0"
      },
      {
        "name": "v_weapon.Bip01_Spine3",
        "parent": "v_weapon.Bip01_Spine2",
        "transform": "4.003753 -0.003188 0 0.000003 0 -0.000036 0 0 0 0 0 0"
      },
      {
        "name": "v_weapon.Bip01_Neck",
        "parent": "v_weapon.Bip01_Spine3",
        "transform": "5.029974 -0.763043 -0.000584 3.716921 39.117695 9.483527 0 0 0 0 0 0"
      },
      {
        "name": "v_weapon.Bip01_L_Clavicle",
        "parent": "v_weapon.Bip01_Neck",
        "transform": "-0.905726 0.793273 1.051288 -60.362384 131.888562 10.176113 0 0 0 0 0 0"
      },
      {
        "name": "v_weapon.Bip01_L_UpperArm",
        "parent": "v_weapon.Bip01_L_Clavicle",
        "transform": "5.773743 0.000002 -0.000001 9.354253 -75.645083 -68.067958 0 0 0 0 0 0"
      },
      {
        "name": "v_weapon.Bip01_R_Clavicle",
        "parent": "v_weapon.Bip01_Neck",
        "transform": "-0.747116 0.391016 -1.3568 77.463641 163.985001 23.734334 0 0 0 0 0 0"
      },
      {
        "name": "v_weapon.Bip01_R_UpperArm",
        "parent": "v_weapon.Bip01_R_Clavicle",
        "transform": "5.773743 -0.000002 0 -39.34385 -68.452955 16.299473 0 0 0 0 0 0"
      }
    ]
  },
  "attachments": [
    {
      "name": "1",
      "bone": "v_weapon.flash",
      "transform": "0 0 0 rotate 0 0 0"
    },
    {
      "name": "2",
      "bone": "v_weapon.shelleject",
      "transform": "0 0 0 rotate 0 0 0"
    },
    {
      "name": "muzzle_flash2",
      "bone": "v_weapon.flash",
      "transform": "9.5 0 0 rotate 0 0 0"
    }
  ],
  "materials": {
    "cdmaterials": [
      "models\\weapons\\V_models\\rif_m4a1_s\\"
    ],
    "texturegroups": [
      {
        "name": "skinfamilies",
        "entries": [],
        "quoted": [
          "skinfamilies",
          "rif_m4a1_s"
        ]
      }
    ],
    "smd_materials": [
      "rif_m4a1_s"
    ]
  },
  "bodygroups": [
    {
      "name": "studio",
      "entries": [
        "studio \"v_rif_m4a1_s.smd\""
      ],
      "quoted": [
        "studio",
        "v_rif_m4a1_s.smd"
      ]
    },
    {
      "name": "silencer",
      "entries": [
        "studio \"v_rif_m4a1_s_silencer.smd\"",
        "blank"
      ],
      "quoted": [
        "silencer",
        "v_rif_m4a1_s_silencer.smd"
      ]
    },
    {
      "name": "magazine",
      "entries": [
        "blank",
        "blank"
      ],
      "quoted": [
        "magazine"
      ]
    },
    {
      "name": "clamped1",
      "entries": [
        "studio \"body3_model0.smd\""
      ],
      "quoted": [
        "clamped1",
        "body3_model0.smd"
      ]
    }
  ],
  "bounds": {
    "qc_bbox": {
      "min": [
        -2.718,
        -3.938,
        -19.918
      ],
      "max": [
        8.162,
        8.818,
        26.619
      ]
    },
    "smd_mesh_bounds": [
      {
        "path": "body3_model0.smd",
        "kind": "mesh",
        "node_count": 58,
        "nodes": [
          {
            "index": 0,
            "name": "v_weapon",
            "parent_index": -1
          },
          {
            "index": 1,
            "name": "v_weapon.Bip01_R_Forearm",
            "parent_index": -1
          },
          {
            "index": 2,
            "name": "v_weapon.Bip01_R_Hand",
            "parent_index": 1
          },
          {
            "index": 3,
            "name": "v_weapon.M4A1_s_Parent",
            "parent_index": 2
          },
          {
            "index": 4,
            "name": "v_weapon.M4A1_Clip",
            "parent_index": 3
          },
          {
            "index": 5,
            "name": "v_weapon.flash",
            "parent_index": 3
          },
          {
            "index": 6,
            "name": "v_weapon.shelleject",
            "parent_index": 3
          },
          {
            "index": 7,
            "name": "v_weapon.stattrack",
            "parent_index": 3
          },
          {
            "index": 8,
            "name": "v_weapon.uid",
            "parent_index": 3
          },
          {
            "index": 9,
            "name": "v_weapon.M4A1_Silencer",
            "parent_index": 3
          },
          {
            "index": 10,
            "name": "v_weapon.Bip01_L_Forearm",
            "parent_index": -1
          },
          {
            "index": 11,
            "name": "v_weapon.Bip01_L_Hand",
            "parent_index": 10
          },
          {
            "index": 12,
            "name": "v_weapon.Bip01_L_Finger0",
            "parent_index": 11
          },
          {
            "index": 13,
            "name": "v_weapon.Bip01_L_Finger01",
            "parent_index": 12
          },
          {
            "index": 14,
            "name": "v_weapon.Bip01_L_Finger02",
            "parent_index": 13
          },
          {
            "index": 15,
            "name": "v_weapon.Bip01_L_Finger1",
            "parent_index": 11
          },
          {
            "index": 16,
            "name": "v_weapon.Bip01_L_Finger11",
            "parent_index": 15
          },
          {
            "index": 17,
            "name": "v_weapon.Bip01_L_Finger12",
            "parent_index": 16
          },
          {
            "index": 18,
            "name": "v_weapon.Bip01_L_Finger2",
            "parent_index": 11
          },
          {
            "index": 19,
            "name": "v_weapon.Bip01_L_Finger21",
            "parent_index": 18
          },
          {
            "index": 20,
            "name": "v_weapon.Bip01_L_Finger22",
            "parent_index": 19
          },
          {
            "index": 21,
            "name": "v_weapon.Bip01_L_Finger3",
            "parent_index": 11
          },
          {
            "index": 22,
            "name": "v_weapon.Bip01_L_Finger31",
            "parent_index": 21
          },
          {
            "index": 23,
            "name": "v_weapon.Bip01_L_Finger32",
            "parent_index": 22
          },
          {
            "index": 24,
            "name": "v_weapon.Bip01_L_Finger4",
            "parent_index": 11
          },
          {
            "index": 25,
            "name": "v_weapon.Bip01_L_Finger41",
            "parent_index": 24
          },
          {
            "index": 26,
            "name": "v_weapon.Bip01_L_Finger42",
            "parent_index": 25
          },
          {
            "index": 27,
            "name": "v_weapon.Bip01_L_ForeTwist",
            "parent_index": -1
          },
          {
            "index": 28,
            "name": "v_weapon.M4A1_Trigger",
            "parent_index": 3
          },
          {
            "index": 29,
            "name": "v_weapon.M4A1_Bolt",
            "parent_index": 3
          },
          {
            "index": 30,
            "name": "v_weapon.Bip01_R_Finger0",
            "parent_index": 2
          },
          {
            "index": 31,
            "name": "v_weapon.Bip01_R_Finger01",
            "parent_index": 30
          },
          {
            "index": 32,
            "name": "v_weapon.Bip01_R_Finger02",
            "parent_index": 31
          },
          {
            "index": 33,
            "name": "v_weapon.Bip01_R_Finger1",
            "parent_index": 2
          },
          {
            "index": 34,
            "name": "v_weapon.Bip01_R_Finger11",
            "parent_index": 33
          },
          {
            "index": 35,
            "name": "v_weapon.Bip01_R_Finger12",
            "parent_index": 34
          },
          {
            "index": 36,
            "name": "v_weapon.Bip01_R_Finger2",
            "parent_index": 2
          },
          {
            "index": 37,
            "name": "v_weapon.Bip01_R_Finger21",
            "parent_index": 36
          },
          {
            "index": 38,
            "name": "v_weapon.Bip01_R_Finger22",
            "parent_index": 37
          },
          {
            "index": 39,
            "name": "v_weapon.Bip01_R_Finger3",
            "parent_index": 2
          },
          {
            "index": 40,
            "name": "v_weapon.Bip01_R_Finger31",
            "parent_index": 39
          },
          {
            "index": 41,
            "name": "v_weapon.Bip01_R_Finger32",
            "parent_index": 40
          },
          {
            "index": 42,
            "name": "v_weapon.Bip01_R_Finger4",
            "parent_index": 2
          },
          {
            "index": 43,
            "name": "v_weapon.Bip01_R_Finger41",
            "parent_index": 42
          },
          {
            "index": 44,
            "name": "v_weapon.Bip01_R_Finger42",
            "parent_index": 43
          },
          {
            "index": 45,
            "name": "v_weapon.Bip01_R_ForeTwist",
            "parent_index": -1
          },
          {
            "index": 46,
            "name": "v_weapon.v_weapon",
            "parent_index": -1
          },
          {
            "index": 47,
            "name": "v_weapon.Bip01",
            "parent_index": -1
          },
          {
            "index": 48,
            "name": "v_weapon.Bip01_Pelvis",
            "parent_index": 47
          },
          {
            "index": 49,
            "name": "v_weapon.Bip01_Spine",
            "parent_index": 48
          },
          {
            "index": 50,
            "name": "v_weapon.Bip01_Spine1",
            "parent_index": 49
          },
          {
            "index": 51,
            "name": "v_weapon.Bip01_Spine2",
            "parent_index": 50
          },
          {
            "index": 52,
            "name": "v_weapon.Bip01_Spine3",
            "parent_index": 51
          },
          {
            "index": 53,
            "name": "v_weapon.Bip01_Neck",
            "parent_index": 52
          },
          {
            "index": 54,
            "name": "v_weapon.Bip01_L_Clavicle",
            "parent_index": 53
          },
          {
            "index": 55,
            "name": "v_weapon.Bip01_L_UpperArm",
            "parent_index": 54
          },
          {
            "index": 56,
            "name": "v_weapon.Bip01_R_Clavicle",
            "parent_index": 53
          },
          {
            "index": 57,
            "name": "v_weapon.Bip01_R_UpperArm",
            "parent_index": 56
          }
        ],
        "frame_count": 1,
        "frames": [
          0
        ],
        "vertex_count": 9270,
        "triangle_count": 3090,
        "materials": [
          "rif_m4a1_s"
        ],
        "bounds": {
          "min": [
            -4.031014,
            -32.659245,
            -3.030753
          ],
          "max": [
            -2.493807,
            -7.18704,
            1.91668
          ]
        }
      },
      {
        "path": "v_rif_m4a1_s.smd",
        "kind": "mesh",
        "node_count": 58,
        "nodes": [
          {
            "index": 0,
            "name": "v_weapon",
            "parent_index": -1
          },
          {
            "index": 1,
            "name": "v_weapon.Bip01_R_Forearm",
            "parent_index": -1
          },
          {
            "index": 2,
            "name": "v_weapon.Bip01_R_Hand",
            "parent_index": 1
          },
          {
            "index": 3,
            "name": "v_weapon.M4A1_s_Parent",
            "parent_index": 2
          },
          {
            "index": 4,
            "name": "v_weapon.M4A1_Clip",
            "parent_index": 3
          },
          {
            "index": 5,
            "name": "v_weapon.flash",
            "parent_index": 3
          },
          {
            "index": 6,
            "name": "v_weapon.shelleject",
            "parent_index": 3
          },
          {
            "index": 7,
            "name": "v_weapon.stattrack",
            "parent_index": 3
          },
          {
            "index": 8,
            "name": "v_weapon.uid",
            "parent_index": 3
          },
          {
            "index": 9,
            "name": "v_weapon.M4A1_Silencer",
            "parent_index": 3
          },
          {
            "index": 10,
            "name": "v_weapon.Bip01_L_Forearm",
            "parent_index": -1
          },
          {
            "index": 11,
            "name": "v_weapon.Bip01_L_Hand",
            "parent_index": 10
          },
          {
            "index": 12,
            "name": "v_weapon.Bip01_L_Finger0",
            "parent_index": 11
          },
          {
            "index": 13,
            "name": "v_weapon.Bip01_L_Finger01",
            "parent_index": 12
          },
          {
            "index": 14,
            "name": "v_weapon.Bip01_L_Finger02",
            "parent_index": 13
          },
          {
            "index": 15,
            "name": "v_weapon.Bip01_L_Finger1",
            "parent_index": 11
          },
          {
            "index": 16,
            "name": "v_weapon.Bip01_L_Finger11",
            "parent_index": 15
          },
          {
            "index": 17,
            "name": "v_weapon.Bip01_L_Finger12",
            "parent_index": 16
          },
          {
            "index": 18,
            "name": "v_weapon.Bip01_L_Finger2",
            "parent_index": 11
          },
          {
            "index": 19,
            "name": "v_weapon.Bip01_L_Finger21",
            "parent_index": 18
          },
          {
            "index": 20,
            "name": "v_weapon.Bip01_L_Finger22",
            "parent_index": 19
          },
          {
            "index": 21,
            "name": "v_weapon.Bip01_L_Finger3",
            "parent_index": 11
          },
          {
            "index": 22,
            "name": "v_weapon.Bip01_L_Finger31",
            "parent_index": 21
          },
          {
            "index": 23,
            "name": "v_weapon.Bip01_L_Finger32",
            "parent_index": 22
          },
          {
            "index": 24,
            "name": "v_weapon.Bip01_L_Finger4",
            "parent_index": 11
          },
          {
            "index": 25,
            "name": "v_weapon.Bip01_L_Finger41",
            "parent_index": 24
          },
          {
            "index": 26,
            "name": "v_weapon.Bip01_L_Finger42",
            "parent_index": 25
          },
          {
            "index": 27,
            "name": "v_weapon.Bip01_L_ForeTwist",
            "parent_index": -1
          },
          {
            "index": 28,
            "name": "v_weapon.M4A1_Trigger",
            "parent_index": 3
          },
          {
            "index": 29,
            "name": "v_weapon.M4A1_Bolt",
            "parent_index": 3
          },
          {
            "index": 30,
            "name": "v_weapon.Bip01_R_Finger0",
            "parent_index": 2
          },
          {
            "index": 31,
            "name": "v_weapon.Bip01_R_Finger01",
            "parent_index": 30
          },
          {
            "index": 32,
            "name": "v_weapon.Bip01_R_Finger02",
            "parent_index": 31
          },
          {
            "index": 33,
            "name": "v_weapon.Bip01_R_Finger1",
            "parent_index": 2
          },
          {
            "index": 34,
            "name": "v_weapon.Bip01_R_Finger11",
            "parent_index": 33
          },
          {
            "index": 35,
            "name": "v_weapon.Bip01_R_Finger12",
            "parent_index": 34
          },
          {
            "index": 36,
            "name": "v_weapon.Bip01_R_Finger2",
            "parent_index": 2
          },
          {
            "index": 37,
            "name": "v_weapon.Bip01_R_Finger21",
            "parent_index": 36
          },
          {
            "index": 38,
            "name": "v_weapon.Bip01_R_Finger22",
            "parent_index": 37
          },
          {
            "index": 39,
            "name": "v_weapon.Bip01_R_Finger3",
            "parent_index": 2
          },
          {
            "index": 40,
            "name": "v_weapon.Bip01_R_Finger31",
            "parent_index": 39
          },
          {
            "index": 41,
            "name": "v_weapon.Bip01_R_Finger32",
            "parent_index": 40
          },
          {
            "index": 42,
            "name": "v_weapon.Bip01_R_Finger4",
            "parent_index": 2
          },
          {
            "index": 43,
            "name": "v_weapon.Bip01_R_Finger41",
            "parent_index": 42
          },
          {
            "index": 44,
            "name": "v_weapon.Bip01_R_Finger42",
            "parent_index": 43
          },
          {
            "index": 45,
            "name": "v_weapon.Bip01_R_ForeTwist",
            "parent_index": -1
          },
          {
            "index": 46,
            "name": "v_weapon.v_weapon",
            "parent_index": -1
          },
          {
            "index": 47,
            "name": "v_weapon.Bip01",
            "parent_index": -1
          },
          {
            "index": 48,
            "name": "v_weapon.Bip01_Pelvis",
            "parent_index": 47
          },
          {
            "index": 49,
            "name": "v_weapon.Bip01_Spine",
            "parent_index": 48
          },
          {
            "index": 50,
            "name": "v_weapon.Bip01_Spine1",
            "parent_index": 49
          },
          {
            "index": 51,
            "name": "v_weapon.Bip01_Spine2",
            "parent_index": 50
          },
          {
            "index": 52,
            "name": "v_weapon.Bip01_Spine3",
            "parent_index": 51
          },
          {
            "index": 53,
            "name": "v_weapon.Bip01_Neck",
            "parent_index": 52
          },
          {
            "index": 54,
            "name": "v_weapon.Bip01_L_Clavicle",
            "parent_index": 53
          },
          {
            "index": 55,
            "name": "v_weapon.Bip01_L_UpperArm",
            "parent_index": 54
          },
          {
            "index": 56,
            "name": "v_weapon.Bip01_R_Clavicle",
            "parent_index": 53
          },
          {
            "index": 57,
            "name": "v_weapon.Bip01_R_UpperArm",
            "parent_index": 56
          }
        ],
        "frame_count": 1,
        "frames": [
          0
        ],
        "vertex_count": 60804,
        "triangle_count": 20268,
        "materials": [
          "rif_m4a1_s"
        ],
        "bounds": {
          "min": [
            -5.3398,
            -31.546087,
            -9.769798
          ],
          "max": [
            -1.755408,
            6.497505,
            1.936398
          ]
        }
      },
      {
        "path": "v_rif_m4a1_s_silencer.smd",
        "kind": "mesh",
        "node_count": 58,
        "nodes": [
          {
            "index": 0,
            "name": "v_weapon",
            "parent_index": -1
          },
          {
            "index": 1,
            "name": "v_weapon.Bip01_R_Forearm",
            "parent_index": -1
          },
          {
            "index": 2,
            "name": "v_weapon.Bip01_R_Hand",
            "parent_index": 1
          },
          {
            "index": 3,
            "name": "v_weapon.M4A1_s_Parent",
            "parent_index": 2
          },
          {
            "index": 4,
            "name": "v_weapon.M4A1_Clip",
            "parent_index": 3
          },
          {
            "index": 5,
            "name": "v_weapon.flash",
            "parent_index": 3
          },
          {
            "index": 6,
            "name": "v_weapon.shelleject",
            "parent_index": 3
          },
          {
            "index": 7,
            "name": "v_weapon.stattrack",
            "parent_index": 3
          },
          {
            "index": 8,
            "name": "v_weapon.uid",
            "parent_index": 3
          },
          {
            "index": 9,
            "name": "v_weapon.M4A1_Silencer",
            "parent_index": 3
          },
          {
            "index": 10,
            "name": "v_weapon.Bip01_L_Forearm",
            "parent_index": -1
          },
          {
            "index": 11,
            "name": "v_weapon.Bip01_L_Hand",
            "parent_index": 10
          },
          {
            "index": 12,
            "name": "v_weapon.Bip01_L_Finger0",
            "parent_index": 11
          },
          {
            "index": 13,
            "name": "v_weapon.Bip01_L_Finger01",
            "parent_index": 12
          },
          {
            "index": 14,
            "name": "v_weapon.Bip01_L_Finger02",
            "parent_index": 13
          },
          {
            "index": 15,
            "name": "v_weapon.Bip01_L_Finger1",
            "parent_index": 11
          },
          {
            "index": 16,
            "name": "v_weapon.Bip01_L_Finger11",
            "parent_index": 15
          },
          {
            "index": 17,
            "name": "v_weapon.Bip01_L_Finger12",
            "parent_index": 16
          },
          {
            "index": 18,
            "name": "v_weapon.Bip01_L_Finger2",
            "parent_index": 11
          },
          {
            "index": 19,
            "name": "v_weapon.Bip01_L_Finger21",
            "parent_index": 18
          },
          {
            "index": 20,
            "name": "v_weapon.Bip01_L_Finger22",
            "parent_index": 19
          },
          {
            "index": 21,
            "name": "v_weapon.Bip01_L_Finger3",
            "parent_index": 11
          },
          {
            "index": 22,
            "name": "v_weapon.Bip01_L_Finger31",
            "parent_index": 21
          },
          {
            "index": 23,
            "name": "v_weapon.Bip01_L_Finger32",
            "parent_index": 22
          },
          {
            "index": 24,
            "name": "v_weapon.Bip01_L_Finger4",
            "parent_index": 11
          },
          {
            "index": 25,
            "name": "v_weapon.Bip01_L_Finger41",
            "parent_index": 24
          },
          {
            "index": 26,
            "name": "v_weapon.Bip01_L_Finger42",
            "parent_index": 25
          },
          {
            "index": 27,
            "name": "v_weapon.Bip01_L_ForeTwist",
            "parent_index": -1
          },
          {
            "index": 28,
            "name": "v_weapon.M4A1_Trigger",
            "parent_index": 3
          },
          {
            "index": 29,
            "name": "v_weapon.M4A1_Bolt",
            "parent_index": 3
          },
          {
            "index": 30,
            "name": "v_weapon.Bip01_R_Finger0",
            "parent_index": 2
          },
          {
            "index": 31,
            "name": "v_weapon.Bip01_R_Finger01",
            "parent_index": 30
          },
          {
            "index": 32,
            "name": "v_weapon.Bip01_R_Finger02",
            "parent_index": 31
          },
          {
            "index": 33,
            "name": "v_weapon.Bip01_R_Finger1",
            "parent_index": 2
          },
          {
            "index": 34,
            "name": "v_weapon.Bip01_R_Finger11",
            "parent_index": 33
          },
          {
            "index": 35,
            "name": "v_weapon.Bip01_R_Finger12",
            "parent_index": 34
          },
          {
            "index": 36,
            "name": "v_weapon.Bip01_R_Finger2",
            "parent_index": 2
          },
          {
            "index": 37,
            "name": "v_weapon.Bip01_R_Finger21",
            "parent_index": 36
          },
          {
            "index": 38,
            "name": "v_weapon.Bip01_R_Finger22",
            "parent_index": 37
          },
          {
            "index": 39,
            "name": "v_weapon.Bip01_R_Finger3",
            "parent_index": 2
          },
          {
            "index": 40,
            "name": "v_weapon.Bip01_R_Finger31",
            "parent_index": 39
          },
          {
            "index": 41,
            "name": "v_weapon.Bip01_R_Finger32",
            "parent_index": 40
          },
          {
            "index": 42,
            "name": "v_weapon.Bip01_R_Finger4",
            "parent_index": 2
          },
          {
            "index": 43,
            "name": "v_weapon.Bip01_R_Finger41",
            "parent_index": 42
          },
          {
            "index": 44,
            "name": "v_weapon.Bip01_R_Finger42",
            "parent_index": 43
          },
          {
            "index": 45,
            "name": "v_weapon.Bip01_R_ForeTwist",
            "parent_index": -1
          },
          {
            "index": 46,
            "name": "v_weapon.v_weapon",
            "parent_index": -1
          },
          {
            "index": 47,
            "name": "v_weapon.Bip01",
            "parent_index": -1
          },
          {
            "index": 48,
            "name": "v_weapon.Bip01_Pelvis",
            "parent_index": 47
          },
          {
            "index": 49,
            "name": "v_weapon.Bip01_Spine",
            "parent_index": 48
          },
          {
            "index": 50,
            "name": "v_weapon.Bip01_Spine1",
            "parent_index": 49
          },
          {
            "index": 51,
            "name": "v_weapon.Bip01_Spine2",
            "parent_index": 50
          },
          {
            "index": 52,
            "name": "v_weapon.Bip01_Spine3",
            "parent_index": 51
          },
          {
            "index": 53,
            "name": "v_weapon.Bip01_Neck",
            "parent_index": 52
          },
          {
            "index": 54,
            "name": "v_weapon.Bip01_L_Clavicle",
            "parent_index": 53
          },
          {
            "index": 55,
            "name": "v_weapon.Bip01_L_UpperArm",
            "parent_index": 54
          },
          {
            "index": 56,
            "name": "v_weapon.Bip01_R_Clavicle",
            "parent_index": 53
          },
          {
            "index": 57,
            "name": "v_weapon.Bip01_R_UpperArm",
            "parent_index": 56
          }
        ],
        "frame_count": 1,
        "frames": [
          0
        ],
        "vertex_count": 1464,
        "triangle_count": 488,
        "materials": [
          "rif_m4a1_s"
        ],
        "bounds": {
          "min": [
            -4.206448,
            -40.963081,
            -2.384058
          ],
          "max": [
            -2.181202,
            -31.542454,
            -0.381418
          ]
        }
      }
    ]
  },
  "animations": [
    {
      "name": "idle_masked_silencer_corrective_animation",
      "path": "v_rif_m4a1_s_anims\\idle_masked_silencer_corrective_animation.smd",
      "options": [
        "}"
      ]
    },
    {
      "name": "idle_masked_silencer_corrective_animation",
      "path": "v_rif_m4a1_s_anims\\idle_masked_silencer_corrective_animation.smd",
      "options": [
        "fps 30",
        "}"
      ]
    },
    {
      "name": "idle_masked_silencer",
      "path": "v_rif_m4a1_s_anims\\idle_masked_silencer.smd",
      "options": [
        "fps 30",
        "// Crowbar writes this subtract option to prevent jigglebone and poseparameter problems when delta sequences are recompiled.",
        "subtract \"idle_masked_silencer_corrective_animation\" 0",
        "weightlist \"weights_idle_reposition_difference\"",
        "}"
      ]
    },
    {
      "name": "idle_masked_silencer_m4a4",
      "path": "v_rif_m4a1_s_anims\\idle_masked_silencer_m4a4.smd",
      "options": [
        "fps 60",
        "weightlist \"weights_idle_reposition_difference\"",
        "}"
      ]
    },
    {
      "name": "silencer_masked_inspect",
      "path": "v_rif_m4a1_s_anims\\silencer_masked_inspect.smd",
      "options": [
        "fps 30",
        "weightlist \"weights_idle_reposition_difference\"",
        "}"
      ]
    }
  ],
  "sequences": [
    {
      "name": "idle_reposition_difference",
      "references": [
        "idle_masked_silencer"
      ],
      "activity": null,
      "fps": null,
      "events": [],
      "options": [
        "\"idle_masked_silencer\"",
        "delta",
        "fadein 0.2",
        "fadeout 0.2",
        "}"
      ],
      "resolved_frames": 2,
      "resolved_files": [
        "v_rif_m4a1_s_anims/idle_masked_silencer.smd"
      ]
    },
    {
      "name": "idle",
      "references": [
        "idle_masked_silencer_m4a4"
      ],
      "activity": {
        "name": "\"ACT_VM_IDLE\"",
        "weight": "1"
      },
      "fps": null,
      "events": [],
      "options": [
        "\"idle_masked_silencer_m4a4\"",
        "activity \"ACT_VM_IDLE\" 1",
        "fadein 0.2",
        "fadeout 0.2",
        "addlayer \"idle_reposition_difference\"",
        "snap",
        "}"
      ],
      "resolved_frames": 2,
      "resolved_files": [
        "v_rif_m4a1_s_anims/idle_masked_silencer_m4a4.smd"
      ]
    },
    {
      "name": "attach",
      "references": [
        "v_rif_m4a1_s_anims\\attach.smd"
      ],
      "activity": {
        "name": "\"ACT_VM_ATTACH_SILENCER\"",
        "weight": "1"
      },
      "fps": 30.0,
      "events": [
        {
          "event": "AE_CL_HIDE_SILENCER",
          "frame": 0.0,
          "parameter": ""
        },
        {
          "event": "AE_CL_SHOW_SILENCER",
          "frame": 21.0,
          "parameter": ""
        },
        {
          "event": "AE_CL_ATTACH_SILENCER_COMPLETE",
          "frame": 103.0,
          "parameter": ""
        },
        {
          "event": "5004",
          "frame": 3.0,
          "parameter": "Weapon_M4A1.SilencerWeaponMove1"
        },
        {
          "event": "5004",
          "frame": 33.0,
          "parameter": "Weapon_M4A1.SilencerScrewOnStart"
        },
        {
          "event": "5004",
          "frame": 47.0,
          "parameter": "Weapon_M4A1.SilencerScrew1"
        },
        {
          "event": "5004",
          "frame": 65.0,
          "parameter": "Weapon_M4A1.SilencerScrew2"
        },
        {
          "event": "5004",
          "frame": 77.0,
          "parameter": "Weapon_M4A1.SilencerScrew3"
        },
        {
          "event": "5004",
          "frame": 89.0,
          "parameter": "Weapon_M4A1.SilencerScrew4"
        },
        {
          "event": "5004",
          "frame": 98.0,
          "parameter": "Weapon_M4A1.SilencerScrew5"
        },
        {
          "event": "5004",
          "frame": 120.0,
          "parameter": "Weapon_M4A1.SilencerWeaponMove3"
        }
      ],
      "options": [
        "\"v_rif_m4a1_s_anims\\attach.smd\"",
        "activity \"ACT_VM_ATTACH_SILENCER\" 1",
        "{ event AE_CL_HIDE_SILENCER 0 \"\" }",
        "{ event AE_CL_SHOW_SILENCER 21 \"\" }",
        "{ event AE_CL_ATTACH_SILENCER_COMPLETE 103 \"\" }",
        "{ event 5004 3 \"Weapon_M4A1.SilencerWeaponMove1\" }",
        "{ event 5004 33 \"Weapon_M4A1.SilencerScrewOnStart\" }",
        "{ event 5004 47 \"Weapon_M4A1.SilencerScrew1\" }",
        "{ event 5004 65 \"Weapon_M4A1.SilencerScrew2\" }",
        "{ event 5004 77 \"Weapon_M4A1.SilencerScrew3\" }",
        "{ event 5004 89 \"Weapon_M4A1.SilencerScrew4\" }",
        "{ event 5004 98 \"Weapon_M4A1.SilencerScrew5\" }",
        "{ event 5004 120 \"Weapon_M4A1.SilencerWeaponMove3\" }",
        "fadein 0.2",
        "fadeout 0.2",
        "blendlayer \"idle_reposition_difference\" 134 136 146 146",
        "blendlayer \"idle_reposition_difference\" 0 0 1 2",
        "snap",
        "fps 30",
        "}"
      ],
      "resolved_frames": 146,
      "resolved_files": [
        "v_rif_m4a1_s_anims/attach.smd"
      ]
    },
    {
      "name": "detach",
      "references": [
        "v_rif_m4a1_s_anims\\detach.smd"
      ],
      "activity": {
        "name": "\"ACT_VM_DETACH_SILENCER\"",
        "weight": "1"
      },
      "fps": 30.0,
      "events": [
        {
          "event": "AE_CL_SHOW_SILENCER",
          "frame": 0.0,
          "parameter": ""
        },
        {
          "event": "AE_CL_HIDE_SILENCER",
          "frame": 124.0,
          "parameter": ""
        },
        {
          "event": "AE_CL_DETACH_SILENCER_COMPLETE",
          "frame": 98.0,
          "parameter": ""
        },
        {
          "event": "5004",
          "frame": 3.0,
          "parameter": "Weapon_M4A1.SilencerWeaponMove1"
        },
        {
          "event": "5004",
          "frame": 24.0,
          "parameter": "Weapon_M4A1.SilencerScrew1"
        },
        {
          "event": "5004",
          "frame": 43.0,
          "parameter": "Weapon_M4A1.SilencerScrew2"
        },
        {
          "event": "5004",
          "frame": 54.0,
          "parameter": "Weapon_M4A1.SilencerScrew3"
        },
        {
          "event": "5004",
          "frame": 66.0,
          "parameter": "Weapon_M4A1.SilencerScrew4"
        },
        {
          "event": "5004",
          "frame": 76.0,
          "parameter": "Weapon_M4A1.SilencerScrew5"
        },
        {
          "event": "5004",
          "frame": 88.0,
          "parameter": "Weapon_M4A1.SilencerScrew1"
        },
        {
          "event": "5004",
          "frame": 91.0,
          "parameter": "Weapon_M4A1.SilencerScrewOffEnd"
        },
        {
          "event": "5004",
          "frame": 105.0,
          "parameter": "Weapon_M4A1.SilencerWeaponMove3"
        }
      ],
      "options": [
        "\"v_rif_m4a1_s_anims\\detach.smd\"",
        "activity \"ACT_VM_DETACH_SILENCER\" 1",
        "{ event AE_CL_SHOW_SILENCER 0 \"\" }",
        "{ event AE_CL_HIDE_SILENCER 124 \"\" }",
        "{ event AE_CL_DETACH_SILENCER_COMPLETE 98 \"\" }",
        "{ event 5004 3 \"Weapon_M4A1.SilencerWeaponMove1\" }",
        "{ event 5004 24 \"Weapon_M4A1.SilencerScrew1\" }",
        "{ event 5004 43 \"Weapon_M4A1.SilencerScrew2\" }",
        "{ event 5004 54 \"Weapon_M4A1.SilencerScrew3\" }",
        "{ event 5004 66 \"Weapon_M4A1.SilencerScrew4\" }",
        "{ event 5004 76 \"Weapon_M4A1.SilencerScrew5\" }",
        "{ event 5004 88 \"Weapon_M4A1.SilencerScrew1\" }",
        "{ event 5004 91 \"Weapon_M4A1.SilencerScrewOffEnd\" }",
        "{ event 5004 105 \"Weapon_M4A1.SilencerWeaponMove3\" }",
        "fadein 0.2",
        "fadeout 0.2",
        "blendlayer \"idle_reposition_difference\" 134 136 146 146",
        "blendlayer \"idle_reposition_difference\" 0 0 1 2",
        "snap",
        "fps 30",
        "}"
      ],
      "resolved_frames": 146,
      "resolved_files": [
        "v_rif_m4a1_s_anims/detach.smd"
      ]
    },
    {
      "name": "shoot1",
      "references": [
        "v_rif_m4a1_s_anims\\shoot1.smd"
      ],
      "activity": {
        "name": "\"ACT_VM_PRIMARYATTACK\"",
        "weight": "1"
      },
      "fps": 20.0,
      "events": [
        {
          "event": "5001",
          "frame": 0.0,
          "parameter": "1"
        },
        {
          "event": "AE_CLIENT_EJECT_BRASS",
          "frame": 0.0,
          "parameter": ""
        }
      ],
      "options": [
        "\"v_rif_m4a1_s_anims\\shoot1.smd\"",
        "activity \"ACT_VM_PRIMARYATTACK\" 1",
        "{ event 5001 0 \"1\" }",
        "{ event AE_CLIENT_EJECT_BRASS 0 \"\" }",
        "fadein 0.2",
        "fadeout 0.2",
        "addlayer \"idle_reposition_difference\"",
        "snap",
        "fps 20",
        "}"
      ],
      "resolved_frames": 9,
      "resolved_files": [
        "v_rif_m4a1_s_anims/shoot1.smd"
      ]
    },
    {
      "name": "shoot2",
      "references": [
        "v_rif_m4a1_s_anims\\shoot2.smd"
      ],
      "activity": {
        "name": "\"ACT_VM_PRIMARYATTACK\"",
        "weight": "1"
      },
      "fps": 20.0,
      "events": [
        {
          "event": "5001",
          "frame": 0.0,
          "parameter": "1"
        },
        {
          "event": "AE_CLIENT_EJECT_BRASS",
          "frame": 0.0,
          "parameter": ""
        }
      ],
      "options": [
        "\"v_rif_m4a1_s_anims\\shoot2.smd\"",
        "activity \"ACT_VM_PRIMARYATTACK\" 1",
        "{ event 5001 0 \"1\" }",
        "{ event AE_CLIENT_EJECT_BRASS 0 \"\" }",
        "fadein 0.2",
        "fadeout 0.2",
        "addlayer \"idle_reposition_difference\"",
        "snap",
        "fps 20",
        "}"
      ],
      "resolved_frames": 9,
      "resolved_files": [
        "v_rif_m4a1_s_anims/shoot2.smd"
      ]
    },
    {
      "name": "shoot3",
      "references": [
        "v_rif_m4a1_s_anims\\shoot3.smd"
      ],
      "activity": {
        "name": "\"ACT_VM_PRIMARYATTACK\"",
        "weight": "1"
      },
      "fps": 20.0,
      "events": [
        {
          "event": "5001",
          "frame": 0.0,
          "parameter": "1"
        },
        {
          "event": "AE_CLIENT_EJECT_BRASS",
          "frame": 0.0,
          "parameter": ""
        }
      ],
      "options": [
        "\"v_rif_m4a1_s_anims\\shoot3.smd\"",
        "activity \"ACT_VM_PRIMARYATTACK\" 1",
        "{ event 5001 0 \"1\" }",
        "{ event AE_CLIENT_EJECT_BRASS 0 \"\" }",
        "fadein 0.2",
        "fadeout 0.2",
        "addlayer \"idle_reposition_difference\"",
        "snap",
        "fps 20",
        "}"
      ],
      "resolved_frames": 9,
      "resolved_files": [
        "v_rif_m4a1_s_anims/shoot3.smd"
      ]
    },
    {
      "name": "reload",
      "references": [
        "v_rif_m4a1_s_anims\\reload.smd"
      ],
      "activity": {
        "name": "\"ACT_VM_RELOAD\"",
        "weight": "1"
      },
      "fps": 30.0,
      "events": [
        {
          "event": "5004",
          "frame": 11.0,
          "parameter": "Weapon_M4A1.Clipout"
        },
        {
          "event": "5004",
          "frame": 35.0,
          "parameter": "Weapon_M4A1.Clipin"
        },
        {
          "event": "5004",
          "frame": 57.0,
          "parameter": "Weapon_M4A1.ClipHit"
        },
        {
          "event": "AE_WPN_COMPLETE_RELOAD",
          "frame": 41.0,
          "parameter": ""
        }
      ],
      "options": [
        "\"v_rif_m4a1_s_anims\\reload.smd\"",
        "activity \"ACT_VM_RELOAD\" 1",
        "{ event 5004 11 \"Weapon_M4A1.Clipout\" }",
        "{ event 5004 35 \"Weapon_M4A1.Clipin\" }",
        "{ event 5004 57 \"Weapon_M4A1.ClipHit\" }",
        "{ event AE_WPN_COMPLETE_RELOAD 41 \"\" }",
        "fadein 0.2",
        "fadeout 0.2",
        "addlayer \"idle_reposition_difference\"",
        "snap",
        "fps 30",
        "}"
      ],
      "resolved_frames": 93,
      "resolved_files": [
        "v_rif_m4a1_s_anims/reload.smd"
      ]
    },
    {
      "name": "draw",
      "references": [
        "v_rif_m4a1_s_anims\\draw.smd"
      ],
      "activity": {
        "name": "\"ACT_VM_DRAW_SILENCED\"",
        "weight": "1"
      },
      "fps": 30.0,
      "events": [
        {
          "event": "AE_CL_SHOW_SILENCER",
          "frame": 0.0,
          "parameter": ""
        },
        {
          "event": "5004",
          "frame": 0.0,
          "parameter": "Weapon_M4A1.Draw"
        },
        {
          "event": "5004",
          "frame": 10.0,
          "parameter": "Weapon_M4A1S.BoltForward"
        },
        {
          "event": "5004",
          "frame": 17.0,
          "parameter": "Weapon_M4A1S.BoltBack"
        }
      ],
      "options": [
        "\"v_rif_m4a1_s_anims\\draw.smd\"",
        "activity \"ACT_VM_DRAW_SILENCED\" 1",
        "{ event AE_CL_SHOW_SILENCER 0 \"\" }",
        "{ event 5004 0 \"Weapon_M4A1.Draw\" }",
        "{ event 5004 10 \"Weapon_M4A1S.BoltForward\" }",
        "{ event 5004 17 \"Weapon_M4A1S.BoltBack\" }",
        "fadein 0.2",
        "fadeout 0.2",
        "addlayer \"idle_reposition_difference\"",
        "snap",
        "fps 30",
        "}"
      ],
      "resolved_frames": 35,
      "resolved_files": [
        "v_rif_m4a1_s_anims/draw.smd"
      ]
    },
    {
      "name": "draw_silenced",
      "references": [
        "v_rif_m4a1_s_anims\\draw_silenced.smd"
      ],
      "activity": {
        "name": "\"ACT_VM_DRAW\"",
        "weight": "1"
      },
      "fps": 30.0,
      "events": [
        {
          "event": "AE_CL_HIDE_SILENCER",
          "frame": 0.0,
          "parameter": ""
        },
        {
          "event": "5004",
          "frame": 0.0,
          "parameter": "Weapon_M4A1.Draw"
        },
        {
          "event": "5004",
          "frame": 10.0,
          "parameter": "Weapon_M4A1S.BoltForward"
        },
        {
          "event": "5004",
          "frame": 17.0,
          "parameter": "Weapon_M4A1S.BoltBack"
        }
      ],
      "options": [
        "\"v_rif_m4a1_s_anims\\draw_silenced.smd\"",
        "activity \"ACT_VM_DRAW\" 1",
        "{ event AE_CL_HIDE_SILENCER 0 \"\" }",
        "{ event 5004 0 \"Weapon_M4A1.Draw\" }",
        "{ event 5004 10 \"Weapon_M4A1S.BoltForward\" }",
        "{ event 5004 17 \"Weapon_M4A1S.BoltBack\" }",
        "fadein 0.2",
        "fadeout 0.2",
        "addlayer \"idle_reposition_difference\"",
        "snap",
        "fps 30",
        "}"
      ],
      "resolved_frames": 35,
      "resolved_files": [
        "v_rif_m4a1_s_anims/draw_silenced.smd"
      ]
    },
    {
      "name": "lookat01",
      "references": [
        "silencer_masked_inspect"
      ],
      "activity": null,
      "fps": null,
      "events": [
        {
          "event": "AE_CL_SET_STATTRAK_GLOW",
          "frame": 0.0,
          "parameter": "1"
        },
        {
          "event": "AE_CL_SET_STATTRAK_GLOW",
          "frame": 92.0,
          "parameter": "0"
        },
        {
          "event": "AE_BEGIN_TAUNT_LOOP",
          "frame": 91.0,
          "parameter": "0.306666"
        },
        {
          "event": "5004",
          "frame": 2.0,
          "parameter": "Weapon_M4A1.WeaponMove1"
        },
        {
          "event": "5004",
          "frame": 92.0,
          "parameter": "Weapon_M4A1.WeaponMove2"
        },
        {
          "event": "5004",
          "frame": 116.0,
          "parameter": "Weapon_M4A1.WeaponMove3"
        }
      ],
      "options": [
        "\"silencer_masked_inspect\"",
        "{ event AE_CL_SET_STATTRAK_GLOW 0 \"1\" }",
        "{ event AE_CL_SET_STATTRAK_GLOW 92 \"0\" }",
        "{ event AE_BEGIN_TAUNT_LOOP 91 \"0.306666\" }",
        "{ event 5004 2 \"Weapon_M4A1.WeaponMove1\" }",
        "{ event 5004 92 \"Weapon_M4A1.WeaponMove2\" }",
        "{ event 5004 116 \"Weapon_M4A1.WeaponMove3\" }",
        "fadein 0.3",
        "fadeout 0.3",
        "addlayer \"idle_reposition_difference\"",
        "}"
      ],
      "resolved_frames": 160,
      "resolved_files": [
        "v_rif_m4a1_s_anims/silencer_masked_inspect.smd"
      ]
    },
    {
      "name": "lookat01_prepare",
      "references": [
        "v_rif_m4a1_s_anims\\lookat01_prepare.smd"
      ],
      "activity": null,
      "fps": 30.0,
      "events": [],
      "options": [
        "\"v_rif_m4a1_s_anims\\lookat01_prepare.smd\"",
        "fadein 0.2",
        "fadeout 0.2",
        "fps 30",
        "weightlist \"weights_idle_reposition_difference\"",
        "}"
      ],
      "resolved_frames": 50,
      "resolved_files": [
        "v_rif_m4a1_s_anims/lookat01_prepare.smd"
      ]
    },
    {
      "name": "lookat01_loop",
      "references": [
        "v_rif_m4a1_s_anims\\lookat01_loop.smd"
      ],
      "activity": null,
      "fps": 15.0,
      "events": [],
      "options": [
        "\"v_rif_m4a1_s_anims\\lookat01_loop.smd\"",
        "fadein 0.2",
        "fadeout 0.2",
        "fps 15",
        "weightlist \"weights_idle_reposition_difference\"",
        "}"
      ],
      "resolved_frames": 43,
      "resolved_files": [
        "v_rif_m4a1_s_anims/lookat01_loop.smd"
      ]
    }
  ],
  "smd_files": [
    {
      "path": "body3_model0.smd",
      "kind": "mesh",
      "node_count": 58,
      "nodes": [
        {
          "index": 0,
          "name": "v_weapon",
          "parent_index": -1
        },
        {
          "index": 1,
          "name": "v_weapon.Bip01_R_Forearm",
          "parent_index": -1
        },
        {
          "index": 2,
          "name": "v_weapon.Bip01_R_Hand",
          "parent_index": 1
        },
        {
          "index": 3,
          "name": "v_weapon.M4A1_s_Parent",
          "parent_index": 2
        },
        {
          "index": 4,
          "name": "v_weapon.M4A1_Clip",
          "parent_index": 3
        },
        {
          "index": 5,
          "name": "v_weapon.flash",
          "parent_index": 3
        },
        {
          "index": 6,
          "name": "v_weapon.shelleject",
          "parent_index": 3
        },
        {
          "index": 7,
          "name": "v_weapon.stattrack",
          "parent_index": 3
        },
        {
          "index": 8,
          "name": "v_weapon.uid",
          "parent_index": 3
        },
        {
          "index": 9,
          "name": "v_weapon.M4A1_Silencer",
          "parent_index": 3
        },
        {
          "index": 10,
          "name": "v_weapon.Bip01_L_Forearm",
          "parent_index": -1
        },
        {
          "index": 11,
          "name": "v_weapon.Bip01_L_Hand",
          "parent_index": 10
        },
        {
          "index": 12,
          "name": "v_weapon.Bip01_L_Finger0",
          "parent_index": 11
        },
        {
          "index": 13,
          "name": "v_weapon.Bip01_L_Finger01",
          "parent_index": 12
        },
        {
          "index": 14,
          "name": "v_weapon.Bip01_L_Finger02",
          "parent_index": 13
        },
        {
          "index": 15,
          "name": "v_weapon.Bip01_L_Finger1",
          "parent_index": 11
        },
        {
          "index": 16,
          "name": "v_weapon.Bip01_L_Finger11",
          "parent_index": 15
        },
        {
          "index": 17,
          "name": "v_weapon.Bip01_L_Finger12",
          "parent_index": 16
        },
        {
          "index": 18,
          "name": "v_weapon.Bip01_L_Finger2",
          "parent_index": 11
        },
        {
          "index": 19,
          "name": "v_weapon.Bip01_L_Finger21",
          "parent_index": 18
        },
        {
          "index": 20,
          "name": "v_weapon.Bip01_L_Finger22",
          "parent_index": 19
        },
        {
          "index": 21,
          "name": "v_weapon.Bip01_L_Finger3",
          "parent_index": 11
        },
        {
          "index": 22,
          "name": "v_weapon.Bip01_L_Finger31",
          "parent_index": 21
        },
        {
          "index": 23,
          "name": "v_weapon.Bip01_L_Finger32",
          "parent_index": 22
        },
        {
          "index": 24,
          "name": "v_weapon.Bip01_L_Finger4",
          "parent_index": 11
        },
        {
          "index": 25,
          "name": "v_weapon.Bip01_L_Finger41",
          "parent_index": 24
        },
        {
          "index": 26,
          "name": "v_weapon.Bip01_L_Finger42",
          "parent_index": 25
        },
        {
          "index": 27,
          "name": "v_weapon.Bip01_L_ForeTwist",
          "parent_index": -1
        },
        {
          "index": 28,
          "name": "v_weapon.M4A1_Trigger",
          "parent_index": 3
        },
        {
          "index": 29,
          "name": "v_weapon.M4A1_Bolt",
          "parent_index": 3
        },
        {
          "index": 30,
          "name": "v_weapon.Bip01_R_Finger0",
          "parent_index": 2
        },
        {
          "index": 31,
          "name": "v_weapon.Bip01_R_Finger01",
          "parent_index": 30
        },
        {
          "index": 32,
          "name": "v_weapon.Bip01_R_Finger02",
          "parent_index": 31
        },
        {
          "index": 33,
          "name": "v_weapon.Bip01_R_Finger1",
          "parent_index": 2
        },
        {
          "index": 34,
          "name": "v_weapon.Bip01_R_Finger11",
          "parent_index": 33
        },
        {
          "index": 35,
          "name": "v_weapon.Bip01_R_Finger12",
          "parent_index": 34
        },
        {
          "index": 36,
          "name": "v_weapon.Bip01_R_Finger2",
          "parent_index": 2
        },
        {
          "index": 37,
          "name": "v_weapon.Bip01_R_Finger21",
          "parent_index": 36
        },
        {
          "index": 38,
          "name": "v_weapon.Bip01_R_Finger22",
          "parent_index": 37
        },
        {
          "index": 39,
          "name": "v_weapon.Bip01_R_Finger3",
          "parent_index": 2
        },
        {
          "index": 40,
          "name": "v_weapon.Bip01_R_Finger31",
          "parent_index": 39
        },
        {
          "index": 41,
          "name": "v_weapon.Bip01_R_Finger32",
          "parent_index": 40
        },
        {
          "index": 42,
          "name": "v_weapon.Bip01_R_Finger4",
          "parent_index": 2
        },
        {
          "index": 43,
          "name": "v_weapon.Bip01_R_Finger41",
          "parent_index": 42
        },
        {
          "index": 44,
          "name": "v_weapon.Bip01_R_Finger42",
          "parent_index": 43
        },
        {
          "index": 45,
          "name": "v_weapon.Bip01_R_ForeTwist",
          "parent_index": -1
        },
        {
          "index": 46,
          "name": "v_weapon.v_weapon",
          "parent_index": -1
        },
        {
          "index": 47,
          "name": "v_weapon.Bip01",
          "parent_index": -1
        },
        {
          "index": 48,
          "name": "v_weapon.Bip01_Pelvis",
          "parent_index": 47
        },
        {
          "index": 49,
          "name": "v_weapon.Bip01_Spine",
          "parent_index": 48
        },
        {
          "index": 50,
          "name": "v_weapon.Bip01_Spine1",
          "parent_index": 49
        },
        {
          "index": 51,
          "name": "v_weapon.Bip01_Spine2",
          "parent_index": 50
        },
        {
          "index": 52,
          "name": "v_weapon.Bip01_Spine3",
          "parent_index": 51
        },
        {
          "index": 53,
          "name": "v_weapon.Bip01_Neck",
          "parent_index": 52
        },
        {
          "index": 54,
          "name": "v_weapon.Bip01_L_Clavicle",
          "parent_index": 53
        },
        {
          "index": 55,
          "name": "v_weapon.Bip01_L_UpperArm",
          "parent_index": 54
        },
        {
          "index": 56,
          "name": "v_weapon.Bip01_R_Clavicle",
          "parent_index": 53
        },
        {
          "index": 57,
          "name": "v_weapon.Bip01_R_UpperArm",
          "parent_index": 56
        }
      ],
      "frame_count": 1,
      "frames": [
        0
      ],
      "vertex_count": 9270,
      "triangle_count": 3090,
      "materials": [
        "rif_m4a1_s"
      ],
      "bounds": {
        "min": [
          -4.031014,
          -32.659245,
          -3.030753
        ],
        "max": [
          -2.493807,
          -7.18704,
          1.91668
        ]
      }
    },
    {
      "path": "v_rif_m4a1_s.smd",
      "kind": "mesh",
      "node_count": 58,
      "nodes": [
        {
          "index": 0,
          "name": "v_weapon",
          "parent_index": -1
        },
        {
          "index": 1,
          "name": "v_weapon.Bip01_R_Forearm",
          "parent_index": -1
        },
        {
          "index": 2,
          "name": "v_weapon.Bip01_R_Hand",
          "parent_index": 1
        },
        {
          "index": 3,
          "name": "v_weapon.M4A1_s_Parent",
          "parent_index": 2
        },
        {
          "index": 4,
          "name": "v_weapon.M4A1_Clip",
          "parent_index": 3
        },
        {
          "index": 5,
          "name": "v_weapon.flash",
          "parent_index": 3
        },
        {
          "index": 6,
          "name": "v_weapon.shelleject",
          "parent_index": 3
        },
        {
          "index": 7,
          "name": "v_weapon.stattrack",
          "parent_index": 3
        },
        {
          "index": 8,
          "name": "v_weapon.uid",
          "parent_index": 3
        },
        {
          "index": 9,
          "name": "v_weapon.M4A1_Silencer",
          "parent_index": 3
        },
        {
          "index": 10,
          "name": "v_weapon.Bip01_L_Forearm",
          "parent_index": -1
        },
        {
          "index": 11,
          "name": "v_weapon.Bip01_L_Hand",
          "parent_index": 10
        },
        {
          "index": 12,
          "name": "v_weapon.Bip01_L_Finger0",
          "parent_index": 11
        },
        {
          "index": 13,
          "name": "v_weapon.Bip01_L_Finger01",
          "parent_index": 12
        },
        {
          "index": 14,
          "name": "v_weapon.Bip01_L_Finger02",
          "parent_index": 13
        },
        {
          "index": 15,
          "name": "v_weapon.Bip01_L_Finger1",
          "parent_index": 11
        },
        {
          "index": 16,
          "name": "v_weapon.Bip01_L_Finger11",
          "parent_index": 15
        },
        {
          "index": 17,
          "name": "v_weapon.Bip01_L_Finger12",
          "parent_index": 16
        },
        {
          "index": 18,
          "name": "v_weapon.Bip01_L_Finger2",
          "parent_index": 11
        },
        {
          "index": 19,
          "name": "v_weapon.Bip01_L_Finger21",
          "parent_index": 18
        },
        {
          "index": 20,
          "name": "v_weapon.Bip01_L_Finger22",
          "parent_index": 19
        },
        {
          "index": 21,
          "name": "v_weapon.Bip01_L_Finger3",
          "parent_index": 11
        },
        {
          "index": 22,
          "name": "v_weapon.Bip01_L_Finger31",
          "parent_index": 21
        },
        {
          "index": 23,
          "name": "v_weapon.Bip01_L_Finger32",
          "parent_index": 22
        },
        {
          "index": 24,
          "name": "v_weapon.Bip01_L_Finger4",
          "parent_index": 11
        },
        {
          "index": 25,
          "name": "v_weapon.Bip01_L_Finger41",
          "parent_index": 24
        },
        {
          "index": 26,
          "name": "v_weapon.Bip01_L_Finger42",
          "parent_index": 25
        },
        {
          "index": 27,
          "name": "v_weapon.Bip01_L_ForeTwist",
          "parent_index": -1
        },
        {
          "index": 28,
          "name": "v_weapon.M4A1_Trigger",
          "parent_index": 3
        },
        {
          "index": 29,
          "name": "v_weapon.M4A1_Bolt",
          "parent_index": 3
        },
        {
          "index": 30,
          "name": "v_weapon.Bip01_R_Finger0",
          "parent_index": 2
        },
        {
          "index": 31,
          "name": "v_weapon.Bip01_R_Finger01",
          "parent_index": 30
        },
        {
          "index": 32,
          "name": "v_weapon.Bip01_R_Finger02",
          "parent_index": 31
        },
        {
          "index": 33,
          "name": "v_weapon.Bip01_R_Finger1",
          "parent_index": 2
        },
        {
          "index": 34,
          "name": "v_weapon.Bip01_R_Finger11",
          "parent_index": 33
        },
        {
          "index": 35,
          "name": "v_weapon.Bip01_R_Finger12",
          "parent_index": 34
        },
        {
          "index": 36,
          "name": "v_weapon.Bip01_R_Finger2",
          "parent_index": 2
        },
        {
          "index": 37,
          "name": "v_weapon.Bip01_R_Finger21",
          "parent_index": 36
        },
        {
          "index": 38,
          "name": "v_weapon.Bip01_R_Finger22",
          "parent_index": 37
        },
        {
          "index": 39,
          "name": "v_weapon.Bip01_R_Finger3",
          "parent_index": 2
        },
        {
          "index": 40,
          "name": "v_weapon.Bip01_R_Finger31",
          "parent_index": 39
        },
        {
          "index": 41,
          "name": "v_weapon.Bip01_R_Finger32",
          "parent_index": 40
        },
        {
          "index": 42,
          "name": "v_weapon.Bip01_R_Finger4",
          "parent_index": 2
        },
        {
          "index": 43,
          "name": "v_weapon.Bip01_R_Finger41",
          "parent_index": 42
        },
        {
          "index": 44,
          "name": "v_weapon.Bip01_R_Finger42",
          "parent_index": 43
        },
        {
          "index": 45,
          "name": "v_weapon.Bip01_R_ForeTwist",
          "parent_index": -1
        },
        {
          "index": 46,
          "name": "v_weapon.v_weapon",
          "parent_index": -1
        },
        {
          "index": 47,
          "name": "v_weapon.Bip01",
          "parent_index": -1
        },
        {
          "index": 48,
          "name": "v_weapon.Bip01_Pelvis",
          "parent_index": 47
        },
        {
          "index": 49,
          "name": "v_weapon.Bip01_Spine",
          "parent_index": 48
        },
        {
          "index": 50,
          "name": "v_weapon.Bip01_Spine1",
          "parent_index": 49
        },
        {
          "index": 51,
          "name": "v_weapon.Bip01_Spine2",
          "parent_index": 50
        },
        {
          "index": 52,
          "name": "v_weapon.Bip01_Spine3",
          "parent_index": 51
        },
        {
          "index": 53,
          "name": "v_weapon.Bip01_Neck",
          "parent_index": 52
        },
        {
          "index": 54,
          "name": "v_weapon.Bip01_L_Clavicle",
          "parent_index": 53
        },
        {
          "index": 55,
          "name": "v_weapon.Bip01_L_UpperArm",
          "parent_index": 54
        },
        {
          "index": 56,
          "name": "v_weapon.Bip01_R_Clavicle",
          "parent_index": 53
        },
        {
          "index": 57,
          "name": "v_weapon.Bip01_R_UpperArm",
          "parent_index": 56
        }
      ],
      "frame_count": 1,
      "frames": [
        0
      ],
      "vertex_count": 60804,
      "triangle_count": 20268,
      "materials": [
        "rif_m4a1_s"
      ],
      "bounds": {
        "min": [
          -5.3398,
          -31.546087,
          -9.769798
        ],
        "max": [
          -1.755408,
          6.497505,
          1.936398
        ]
      }
    },
    {
      "path": "v_rif_m4a1_s_anims/attach.smd",
      "kind": "animation",
      "node_count": 58,
      "nodes": [
        {
          "index": 0,
          "name": "v_weapon",
          "parent_index": -1
        },
        {
          "index": 1,
          "name": "v_weapon.Bip01_R_Forearm",
          "parent_index": -1
        },
        {
          "index": 2,
          "name": "v_weapon.Bip01_R_Hand",
          "parent_index": 1
        },
        {
          "index": 3,
          "name": "v_weapon.M4A1_s_Parent",
          "parent_index": 2
        },
        {
          "index": 4,
          "name": "v_weapon.M4A1_Clip",
          "parent_index": 3
        },
        {
          "index": 5,
          "name": "v_weapon.flash",
          "parent_index": 3
        },
        {
          "index": 6,
          "name": "v_weapon.shelleject",
          "parent_index": 3
        },
        {
          "index": 7,
          "name": "v_weapon.stattrack",
          "parent_index": 3
        },
        {
          "index": 8,
          "name": "v_weapon.uid",
          "parent_index": 3
        },
        {
          "index": 9,
          "name": "v_weapon.M4A1_Silencer",
          "parent_index": 3
        },
        {
          "index": 10,
          "name": "v_weapon.Bip01_L_Forearm",
          "parent_index": -1
        },
        {
          "index": 11,
          "name": "v_weapon.Bip01_L_Hand",
          "parent_index": 10
        },
        {
          "index": 12,
          "name": "v_weapon.Bip01_L_Finger0",
          "parent_index": 11
        },
        {
          "index": 13,
          "name": "v_weapon.Bip01_L_Finger01",
          "parent_index": 12
        },
        {
          "index": 14,
          "name": "v_weapon.Bip01_L_Finger02",
          "parent_index": 13
        },
        {
          "index": 15,
          "name": "v_weapon.Bip01_L_Finger1",
          "parent_index": 11
        },
        {
          "index": 16,
          "name": "v_weapon.Bip01_L_Finger11",
          "parent_index": 15
        },
        {
          "index": 17,
          "name": "v_weapon.Bip01_L_Finger12",
          "parent_index": 16
        },
        {
          "index": 18,
          "name": "v_weapon.Bip01_L_Finger2",
          "parent_index": 11
        },
        {
          "index": 19,
          "name": "v_weapon.Bip01_L_Finger21",
          "parent_index": 18
        },
        {
          "index": 20,
          "name": "v_weapon.Bip01_L_Finger22",
          "parent_index": 19
        },
        {
          "index": 21,
          "name": "v_weapon.Bip01_L_Finger3",
          "parent_index": 11
        },
        {
          "index": 22,
          "name": "v_weapon.Bip01_L_Finger31",
          "parent_index": 21
        },
        {
          "index": 23,
          "name": "v_weapon.Bip01_L_Finger32",
          "parent_index": 22
        },
        {
          "index": 24,
          "name": "v_weapon.Bip01_L_Finger4",
          "parent_index": 11
        },
        {
          "index": 25,
          "name": "v_weapon.Bip01_L_Finger41",
          "parent_index": 24
        },
        {
          "index": 26,
          "name": "v_weapon.Bip01_L_Finger42",
          "parent_index": 25
        },
        {
          "index": 27,
          "name": "v_weapon.Bip01_L_ForeTwist",
          "parent_index": -1
        },
        {
          "index": 28,
          "name": "v_weapon.M4A1_Trigger",
          "parent_index": 3
        },
        {
          "index": 29,
          "name": "v_weapon.M4A1_Bolt",
          "parent_index": 3
        },
        {
          "index": 30,
          "name": "v_weapon.Bip01_R_Finger0",
          "parent_index": 2
        },
        {
          "index": 31,
          "name": "v_weapon.Bip01_R_Finger01",
          "parent_index": 30
        },
        {
          "index": 32,
          "name": "v_weapon.Bip01_R_Finger02",
          "parent_index": 31
        },
        {
          "index": 33,
          "name": "v_weapon.Bip01_R_Finger1",
          "parent_index": 2
        },
        {
          "index": 34,
          "name": "v_weapon.Bip01_R_Finger11",
          "parent_index": 33
        },
        {
          "index": 35,
          "name": "v_weapon.Bip01_R_Finger12",
          "parent_index": 34
        },
        {
          "index": 36,
          "name": "v_weapon.Bip01_R_Finger2",
          "parent_index": 2
        },
        {
          "index": 37,
          "name": "v_weapon.Bip01_R_Finger21",
          "parent_index": 36
        },
        {
          "index": 38,
          "name": "v_weapon.Bip01_R_Finger22",
          "parent_index": 37
        },
        {
          "index": 39,
          "name": "v_weapon.Bip01_R_Finger3",
          "parent_index": 2
        },
        {
          "index": 40,
          "name": "v_weapon.Bip01_R_Finger31",
          "parent_index": 39
        },
        {
          "index": 41,
          "name": "v_weapon.Bip01_R_Finger32",
          "parent_index": 40
        },
        {
          "index": 42,
          "name": "v_weapon.Bip01_R_Finger4",
          "parent_index": 2
        },
        {
          "index": 43,
          "name": "v_weapon.Bip01_R_Finger41",
          "parent_index": 42
        },
        {
          "index": 44,
          "name": "v_weapon.Bip01_R_Finger42",
          "parent_index": 43
        },
        {
          "index": 45,
          "name": "v_weapon.Bip01_R_ForeTwist",
          "parent_index": -1
        },
        {
          "index": 46,
          "name": "v_weapon.v_weapon",
          "parent_index": -1
        },
        {
          "index": 47,
          "name": "v_weapon.Bip01",
          "parent_index": -1
        },
        {
          "index": 48,
          "name": "v_weapon.Bip01_Pelvis",
          "parent_index": 47
        },
        {
          "index": 49,
          "name": "v_weapon.Bip01_Spine",
          "parent_index": 48
        },
        {
          "index": 50,
          "name": "v_weapon.Bip01_Spine1",
          "parent_index": 49
        },
        {
          "index": 51,
          "name": "v_weapon.Bip01_Spine2",
          "parent_index": 50
        },
        {
          "index": 52,
          "name": "v_weapon.Bip01_Spine3",
          "parent_index": 51
        },
        {
          "index": 53,
          "name": "v_weapon.Bip01_Neck",
          "parent_index": 52
        },
        {
          "index": 54,
          "name": "v_weapon.Bip01_L_Clavicle",
          "parent_index": 53
        },
        {
          "index": 55,
          "name": "v_weapon.Bip01_L_UpperArm",
          "parent_index": 54
        },
        {
          "index": 56,
          "name": "v_weapon.Bip01_R_Clavicle",
          "parent_index": 53
        },
        {
          "index": 57,
          "name": "v_weapon.Bip01_R_UpperArm",
          "parent_index": 56
        }
      ],
      "frame_count": 146,
      "frames": [
        0,
        1,
        2,
        3,
        4,
        5,
        6,
        7,
        8,
        9,
        10,
        11,
        12,
        13,
        14,
        15,
        16,
        17,
        18,
        19,
        20,
        21,
        22,
        23,
        24,
        25,
        26,
        27,
        28,
        29,
        30,
        31,
        32,
        33,
        34,
        35,
        36,
        37,
        38,
        39,
        40,
        41,
        42,
        43,
        44,
        45,
        46,
        47,
        48,
        49,
        50,
        51,
        52,
        53,
        54,
        55,
        56,
        57,
        58,
        59,
        60,
        61,
        62,
        63,
        64,
        65,
        66,
        67,
        68,
        69,
        70,
        71,
        72,
        73,
        74,
        75,
        76,
        77,
        78,
        79,
        80,
        81,
        82,
        83,
        84,
        85,
        86,
        87,
        88,
        89,
        90,
        91,
        92,
        93,
        94,
        95,
        96,
        97,
        98,
        99,
        100,
        101,
        102,
        103,
        104,
        105,
        106,
        107,
        108,
        109,
        110,
        111,
        112,
        113,
        114,
        115,
        116,
        117,
        118,
        119,
        120,
        121,
        122,
        123,
        124,
        125,
        126,
        127,
        128,
        129,
        130,
        131,
        132,
        133,
        134,
        135,
        136,
        137,
        138,
        139,
        140,
        141,
        142,
        143,
        144,
        145
      ],
      "vertex_count": 0,
      "triangle_count": 0,
      "materials": [],
      "bounds": null
    },
    {
      "path": "v_rif_m4a1_s_anims/detach.smd",
      "kind": "animation",
      "node_count": 58,
      "nodes": [
        {
          "index": 0,
          "name": "v_weapon",
          "parent_index": -1
        },
        {
          "index": 1,
          "name": "v_weapon.Bip01_R_Forearm",
          "parent_index": -1
        },
        {
          "index": 2,
          "name": "v_weapon.Bip01_R_Hand",
          "parent_index": 1
        },
        {
          "index": 3,
          "name": "v_weapon.M4A1_s_Parent",
          "parent_index": 2
        },
        {
          "index": 4,
          "name": "v_weapon.M4A1_Clip",
          "parent_index": 3
        },
        {
          "index": 5,
          "name": "v_weapon.flash",
          "parent_index": 3
        },
        {
          "index": 6,
          "name": "v_weapon.shelleject",
          "parent_index": 3
        },
        {
          "index": 7,
          "name": "v_weapon.stattrack",
          "parent_index": 3
        },
        {
          "index": 8,
          "name": "v_weapon.uid",
          "parent_index": 3
        },
        {
          "index": 9,
          "name": "v_weapon.M4A1_Silencer",
          "parent_index": 3
        },
        {
          "index": 10,
          "name": "v_weapon.Bip01_L_Forearm",
          "parent_index": -1
        },
        {
          "index": 11,
          "name": "v_weapon.Bip01_L_Hand",
          "parent_index": 10
        },
        {
          "index": 12,
          "name": "v_weapon.Bip01_L_Finger0",
          "parent_index": 11
        },
        {
          "index": 13,
          "name": "v_weapon.Bip01_L_Finger01",
          "parent_index": 12
        },
        {
          "index": 14,
          "name": "v_weapon.Bip01_L_Finger02",
          "parent_index": 13
        },
        {
          "index": 15,
          "name": "v_weapon.Bip01_L_Finger1",
          "parent_index": 11
        },
        {
          "index": 16,
          "name": "v_weapon.Bip01_L_Finger11",
          "parent_index": 15
        },
        {
          "index": 17,
          "name": "v_weapon.Bip01_L_Finger12",
          "parent_index": 16
        },
        {
          "index": 18,
          "name": "v_weapon.Bip01_L_Finger2",
          "parent_index": 11
        },
        {
          "index": 19,
          "name": "v_weapon.Bip01_L_Finger21",
          "parent_index": 18
        },
        {
          "index": 20,
          "name": "v_weapon.Bip01_L_Finger22",
          "parent_index": 19
        },
        {
          "index": 21,
          "name": "v_weapon.Bip01_L_Finger3",
          "parent_index": 11
        },
        {
          "index": 22,
          "name": "v_weapon.Bip01_L_Finger31",
          "parent_index": 21
        },
        {
          "index": 23,
          "name": "v_weapon.Bip01_L_Finger32",
          "parent_index": 22
        },
        {
          "index": 24,
          "name": "v_weapon.Bip01_L_Finger4",
          "parent_index": 11
        },
        {
          "index": 25,
          "name": "v_weapon.Bip01_L_Finger41",
          "parent_index": 24
        },
        {
          "index": 26,
          "name": "v_weapon.Bip01_L_Finger42",
          "parent_index": 25
        },
        {
          "index": 27,
          "name": "v_weapon.Bip01_L_ForeTwist",
          "parent_index": -1
        },
        {
          "index": 28,
          "name": "v_weapon.M4A1_Trigger",
          "parent_index": 3
        },
        {
          "index": 29,
          "name": "v_weapon.M4A1_Bolt",
          "parent_index": 3
        },
        {
          "index": 30,
          "name": "v_weapon.Bip01_R_Finger0",
          "parent_index": 2
        },
        {
          "index": 31,
          "name": "v_weapon.Bip01_R_Finger01",
          "parent_index": 30
        },
        {
          "index": 32,
          "name": "v_weapon.Bip01_R_Finger02",
          "parent_index": 31
        },
        {
          "index": 33,
          "name": "v_weapon.Bip01_R_Finger1",
          "parent_index": 2
        },
        {
          "index": 34,
          "name": "v_weapon.Bip01_R_Finger11",
          "parent_index": 33
        },
        {
          "index": 35,
          "name": "v_weapon.Bip01_R_Finger12",
          "parent_index": 34
        },
        {
          "index": 36,
          "name": "v_weapon.Bip01_R_Finger2",
          "parent_index": 2
        },
        {
          "index": 37,
          "name": "v_weapon.Bip01_R_Finger21",
          "parent_index": 36
        },
        {
          "index": 38,
          "name": "v_weapon.Bip01_R_Finger22",
          "parent_index": 37
        },
        {
          "index": 39,
          "name": "v_weapon.Bip01_R_Finger3",
          "parent_index": 2
        },
        {
          "index": 40,
          "name": "v_weapon.Bip01_R_Finger31",
          "parent_index": 39
        },
        {
          "index": 41,
          "name": "v_weapon.Bip01_R_Finger32",
          "parent_index": 40
        },
        {
          "index": 42,
          "name": "v_weapon.Bip01_R_Finger4",
          "parent_index": 2
        },
        {
          "index": 43,
          "name": "v_weapon.Bip01_R_Finger41",
          "parent_index": 42
        },
        {
          "index": 44,
          "name": "v_weapon.Bip01_R_Finger42",
          "parent_index": 43
        },
        {
          "index": 45,
          "name": "v_weapon.Bip01_R_ForeTwist",
          "parent_index": -1
        },
        {
          "index": 46,
          "name": "v_weapon.v_weapon",
          "parent_index": -1
        },
        {
          "index": 47,
          "name": "v_weapon.Bip01",
          "parent_index": -1
        },
        {
          "index": 48,
          "name": "v_weapon.Bip01_Pelvis",
          "parent_index": 47
        },
        {
          "index": 49,
          "name": "v_weapon.Bip01_Spine",
          "parent_index": 48
        },
        {
          "index": 50,
          "name": "v_weapon.Bip01_Spine1",
          "parent_index": 49
        },
        {
          "index": 51,
          "name": "v_weapon.Bip01_Spine2",
          "parent_index": 50
        },
        {
          "index": 52,
          "name": "v_weapon.Bip01_Spine3",
          "parent_index": 51
        },
        {
          "index": 53,
          "name": "v_weapon.Bip01_Neck",
          "parent_index": 52
        },
        {
          "index": 54,
          "name": "v_weapon.Bip01_L_Clavicle",
          "parent_index": 53
        },
        {
          "index": 55,
          "name": "v_weapon.Bip01_L_UpperArm",
          "parent_index": 54
        },
        {
          "index": 56,
          "name": "v_weapon.Bip01_R_Clavicle",
          "parent_index": 53
        },
        {
          "index": 57,
          "name": "v_weapon.Bip01_R_UpperArm",
          "parent_index": 56
        }
      ],
      "frame_count": 146,
      "frames": [
        0,
        1,
        2,
        3,
        4,
        5,
        6,
        7,
        8,
        9,
        10,
        11,
        12,
        13,
        14,
        15,
        16,
        17,
        18,
        19,
        20,
        21,
        22,
        23,
        24,
        25,
        26,
        27,
        28,
        29,
        30,
        31,
        32,
        33,
        34,
        35,
        36,
        37,
        38,
        39,
        40,
        41,
        42,
        43,
        44,
        45,
        46,
        47,
        48,
        49,
        50,
        51,
        52,
        53,
        54,
        55,
        56,
        57,
        58,
        59,
        60,
        61,
        62,
        63,
        64,
        65,
        66,
        67,
        68,
        69,
        70,
        71,
        72,
        73,
        74,
        75,
        76,
        77,
        78,
        79,
        80,
        81,
        82,
        83,
        84,
        85,
        86,
        87,
        88,
        89,
        90,
        91,
        92,
        93,
        94,
        95,
        96,
        97,
        98,
        99,
        100,
        101,
        102,
        103,
        104,
        105,
        106,
        107,
        108,
        109,
        110,
        111,
        112,
        113,
        114,
        115,
        116,
        117,
        118,
        119,
        120,
        121,
        122,
        123,
        124,
        125,
        126,
        127,
        128,
        129,
        130,
        131,
        132,
        133,
        134,
        135,
        136,
        137,
        138,
        139,
        140,
        141,
        142,
        143,
        144,
        145
      ],
      "vertex_count": 0,
      "triangle_count": 0,
      "materials": [],
      "bounds": null
    },
    {
      "path": "v_rif_m4a1_s_anims/draw.smd",
      "kind": "animation",
      "node_count": 58,
      "nodes": [
        {
          "index": 0,
          "name": "v_weapon",
          "parent_index": -1
        },
        {
          "index": 1,
          "name": "v_weapon.Bip01_R_Forearm",
          "parent_index": -1
        },
        {
          "index": 2,
          "name": "v_weapon.Bip01_R_Hand",
          "parent_index": 1
        },
        {
          "index": 3,
          "name": "v_weapon.M4A1_s_Parent",
          "parent_index": 2
        },
        {
          "index": 4,
          "name": "v_weapon.M4A1_Clip",
          "parent_index": 3
        },
        {
          "index": 5,
          "name": "v_weapon.flash",
          "parent_index": 3
        },
        {
          "index": 6,
          "name": "v_weapon.shelleject",
          "parent_index": 3
        },
        {
          "index": 7,
          "name": "v_weapon.stattrack",
          "parent_index": 3
        },
        {
          "index": 8,
          "name": "v_weapon.uid",
          "parent_index": 3
        },
        {
          "index": 9,
          "name": "v_weapon.M4A1_Silencer",
          "parent_index": 3
        },
        {
          "index": 10,
          "name": "v_weapon.Bip01_L_Forearm",
          "parent_index": -1
        },
        {
          "index": 11,
          "name": "v_weapon.Bip01_L_Hand",
          "parent_index": 10
        },
        {
          "index": 12,
          "name": "v_weapon.Bip01_L_Finger0",
          "parent_index": 11
        },
        {
          "index": 13,
          "name": "v_weapon.Bip01_L_Finger01",
          "parent_index": 12
        },
        {
          "index": 14,
          "name": "v_weapon.Bip01_L_Finger02",
          "parent_index": 13
        },
        {
          "index": 15,
          "name": "v_weapon.Bip01_L_Finger1",
          "parent_index": 11
        },
        {
          "index": 16,
          "name": "v_weapon.Bip01_L_Finger11",
          "parent_index": 15
        },
        {
          "index": 17,
          "name": "v_weapon.Bip01_L_Finger12",
          "parent_index": 16
        },
        {
          "index": 18,
          "name": "v_weapon.Bip01_L_Finger2",
          "parent_index": 11
        },
        {
          "index": 19,
          "name": "v_weapon.Bip01_L_Finger21",
          "parent_index": 18
        },
        {
          "index": 20,
          "name": "v_weapon.Bip01_L_Finger22",
          "parent_index": 19
        },
        {
          "index": 21,
          "name": "v_weapon.Bip01_L_Finger3",
          "parent_index": 11
        },
        {
          "index": 22,
          "name": "v_weapon.Bip01_L_Finger31",
          "parent_index": 21
        },
        {
          "index": 23,
          "name": "v_weapon.Bip01_L_Finger32",
          "parent_index": 22
        },
        {
          "index": 24,
          "name": "v_weapon.Bip01_L_Finger4",
          "parent_index": 11
        },
        {
          "index": 25,
          "name": "v_weapon.Bip01_L_Finger41",
          "parent_index": 24
        },
        {
          "index": 26,
          "name": "v_weapon.Bip01_L_Finger42",
          "parent_index": 25
        },
        {
          "index": 27,
          "name": "v_weapon.Bip01_L_ForeTwist",
          "parent_index": -1
        },
        {
          "index": 28,
          "name": "v_weapon.M4A1_Trigger",
          "parent_index": 3
        },
        {
          "index": 29,
          "name": "v_weapon.M4A1_Bolt",
          "parent_index": 3
        },
        {
          "index": 30,
          "name": "v_weapon.Bip01_R_Finger0",
          "parent_index": 2
        },
        {
          "index": 31,
          "name": "v_weapon.Bip01_R_Finger01",
          "parent_index": 30
        },
        {
          "index": 32,
          "name": "v_weapon.Bip01_R_Finger02",
          "parent_index": 31
        },
        {
          "index": 33,
          "name": "v_weapon.Bip01_R_Finger1",
          "parent_index": 2
        },
        {
          "index": 34,
          "name": "v_weapon.Bip01_R_Finger11",
          "parent_index": 33
        },
        {
          "index": 35,
          "name": "v_weapon.Bip01_R_Finger12",
          "parent_index": 34
        },
        {
          "index": 36,
          "name": "v_weapon.Bip01_R_Finger2",
          "parent_index": 2
        },
        {
          "index": 37,
          "name": "v_weapon.Bip01_R_Finger21",
          "parent_index": 36
        },
        {
          "index": 38,
          "name": "v_weapon.Bip01_R_Finger22",
          "parent_index": 37
        },
        {
          "index": 39,
          "name": "v_weapon.Bip01_R_Finger3",
          "parent_index": 2
        },
        {
          "index": 40,
          "name": "v_weapon.Bip01_R_Finger31",
          "parent_index": 39
        },
        {
          "index": 41,
          "name": "v_weapon.Bip01_R_Finger32",
          "parent_index": 40
        },
        {
          "index": 42,
          "name": "v_weapon.Bip01_R_Finger4",
          "parent_index": 2
        },
        {
          "index": 43,
          "name": "v_weapon.Bip01_R_Finger41",
          "parent_index": 42
        },
        {
          "index": 44,
          "name": "v_weapon.Bip01_R_Finger42",
          "parent_index": 43
        },
        {
          "index": 45,
          "name": "v_weapon.Bip01_R_ForeTwist",
          "parent_index": -1
        },
        {
          "index": 46,
          "name": "v_weapon.v_weapon",
          "parent_index": -1
        },
        {
          "index": 47,
          "name": "v_weapon.Bip01",
          "parent_index": -1
        },
        {
          "index": 48,
          "name": "v_weapon.Bip01_Pelvis",
          "parent_index": 47
        },
        {
          "index": 49,
          "name": "v_weapon.Bip01_Spine",
          "parent_index": 48
        },
        {
          "index": 50,
          "name": "v_weapon.Bip01_Spine1",
          "parent_index": 49
        },
        {
          "index": 51,
          "name": "v_weapon.Bip01_Spine2",
          "parent_index": 50
        },
        {
          "index": 52,
          "name": "v_weapon.Bip01_Spine3",
          "parent_index": 51
        },
        {
          "index": 53,
          "name": "v_weapon.Bip01_Neck",
          "parent_index": 52
        },
        {
          "index": 54,
          "name": "v_weapon.Bip01_L_Clavicle",
          "parent_index": 53
        },
        {
          "index": 55,
          "name": "v_weapon.Bip01_L_UpperArm",
          "parent_index": 54
        },
        {
          "index": 56,
          "name": "v_weapon.Bip01_R_Clavicle",
          "parent_index": 53
        },
        {
          "index": 57,
          "name": "v_weapon.Bip01_R_UpperArm",
          "parent_index": 56
        }
      ],
      "frame_count": 35,
      "frames": [
        0,
        1,
        2,
        3,
        4,
        5,
        6,
        7,
        8,
        9,
        10,
        11,
        12,
        13,
        14,
        15,
        16,
        17,
        18,
        19,
        20,
        21,
        22,
        23,
        24,
        25,
        26,
        27,
        28,
        29,
        30,
        31,
        32,
        33,
        34
      ],
      "vertex_count": 0,
      "triangle_count": 0,
      "materials": [],
      "bounds": null
    },
    {
      "path": "v_rif_m4a1_s_anims/draw_silenced.smd",
      "kind": "animation",
      "node_count": 58,
      "nodes": [
        {
          "index": 0,
          "name": "v_weapon",
          "parent_index": -1
        },
        {
          "index": 1,
          "name": "v_weapon.Bip01_R_Forearm",
          "parent_index": -1
        },
        {
          "index": 2,
          "name": "v_weapon.Bip01_R_Hand",
          "parent_index": 1
        },
        {
          "index": 3,
          "name": "v_weapon.M4A1_s_Parent",
          "parent_index": 2
        },
        {
          "index": 4,
          "name": "v_weapon.M4A1_Clip",
          "parent_index": 3
        },
        {
          "index": 5,
          "name": "v_weapon.flash",
          "parent_index": 3
        },
        {
          "index": 6,
          "name": "v_weapon.shelleject",
          "parent_index": 3
        },
        {
          "index": 7,
          "name": "v_weapon.stattrack",
          "parent_index": 3
        },
        {
          "index": 8,
          "name": "v_weapon.uid",
          "parent_index": 3
        },
        {
          "index": 9,
          "name": "v_weapon.M4A1_Silencer",
          "parent_index": 3
        },
        {
          "index": 10,
          "name": "v_weapon.Bip01_L_Forearm",
          "parent_index": -1
        },
        {
          "index": 11,
          "name": "v_weapon.Bip01_L_Hand",
          "parent_index": 10
        },
        {
          "index": 12,
          "name": "v_weapon.Bip01_L_Finger0",
          "parent_index": 11
        },
        {
          "index": 13,
          "name": "v_weapon.Bip01_L_Finger01",
          "parent_index": 12
        },
        {
          "index": 14,
          "name": "v_weapon.Bip01_L_Finger02",
          "parent_index": 13
        },
        {
          "index": 15,
          "name": "v_weapon.Bip01_L_Finger1",
          "parent_index": 11
        },
        {
          "index": 16,
          "name": "v_weapon.Bip01_L_Finger11",
          "parent_index": 15
        },
        {
          "index": 17,
          "name": "v_weapon.Bip01_L_Finger12",
          "parent_index": 16
        },
        {
          "index": 18,
          "name": "v_weapon.Bip01_L_Finger2",
          "parent_index": 11
        },
        {
          "index": 19,
          "name": "v_weapon.Bip01_L_Finger21",
          "parent_index": 18
        },
        {
          "index": 20,
          "name": "v_weapon.Bip01_L_Finger22",
          "parent_index": 19
        },
        {
          "index": 21,
          "name": "v_weapon.Bip01_L_Finger3",
          "parent_index": 11
        },
        {
          "index": 22,
          "name": "v_weapon.Bip01_L_Finger31",
          "parent_index": 21
        },
        {
          "index": 23,
          "name": "v_weapon.Bip01_L_Finger32",
          "parent_index": 22
        },
        {
          "index": 24,
          "name": "v_weapon.Bip01_L_Finger4",
          "parent_index": 11
        },
        {
          "index": 25,
          "name": "v_weapon.Bip01_L_Finger41",
          "parent_index": 24
        },
        {
          "index": 26,
          "name": "v_weapon.Bip01_L_Finger42",
          "parent_index": 25
        },
        {
          "index": 27,
          "name": "v_weapon.Bip01_L_ForeTwist",
          "parent_index": -1
        },
        {
          "index": 28,
          "name": "v_weapon.M4A1_Trigger",
          "parent_index": 3
        },
        {
          "index": 29,
          "name": "v_weapon.M4A1_Bolt",
          "parent_index": 3
        },
        {
          "index": 30,
          "name": "v_weapon.Bip01_R_Finger0",
          "parent_index": 2
        },
        {
          "index": 31,
          "name": "v_weapon.Bip01_R_Finger01",
          "parent_index": 30
        },
        {
          "index": 32,
          "name": "v_weapon.Bip01_R_Finger02",
          "parent_index": 31
        },
        {
          "index": 33,
          "name": "v_weapon.Bip01_R_Finger1",
          "parent_index": 2
        },
        {
          "index": 34,
          "name": "v_weapon.Bip01_R_Finger11",
          "parent_index": 33
        },
        {
          "index": 35,
          "name": "v_weapon.Bip01_R_Finger12",
          "parent_index": 34
        },
        {
          "index": 36,
          "name": "v_weapon.Bip01_R_Finger2",
          "parent_index": 2
        },
        {
          "index": 37,
          "name": "v_weapon.Bip01_R_Finger21",
          "parent_index": 36
        },
        {
          "index": 38,
          "name": "v_weapon.Bip01_R_Finger22",
          "parent_index": 37
        },
        {
          "index": 39,
          "name": "v_weapon.Bip01_R_Finger3",
          "parent_index": 2
        },
        {
          "index": 40,
          "name": "v_weapon.Bip01_R_Finger31",
          "parent_index": 39
        },
        {
          "index": 41,
          "name": "v_weapon.Bip01_R_Finger32",
          "parent_index": 40
        },
        {
          "index": 42,
          "name": "v_weapon.Bip01_R_Finger4",
          "parent_index": 2
        },
        {
          "index": 43,
          "name": "v_weapon.Bip01_R_Finger41",
          "parent_index": 42
        },
        {
          "index": 44,
          "name": "v_weapon.Bip01_R_Finger42",
          "parent_index": 43
        },
        {
          "index": 45,
          "name": "v_weapon.Bip01_R_ForeTwist",
          "parent_index": -1
        },
        {
          "index": 46,
          "name": "v_weapon.v_weapon",
          "parent_index": -1
        },
        {
          "index": 47,
          "name": "v_weapon.Bip01",
          "parent_index": -1
        },
        {
          "index": 48,
          "name": "v_weapon.Bip01_Pelvis",
          "parent_index": 47
        },
        {
          "index": 49,
          "name": "v_weapon.Bip01_Spine",
          "parent_index": 48
        },
        {
          "index": 50,
          "name": "v_weapon.Bip01_Spine1",
          "parent_index": 49
        },
        {
          "index": 51,
          "name": "v_weapon.Bip01_Spine2",
          "parent_index": 50
        },
        {
          "index": 52,
          "name": "v_weapon.Bip01_Spine3",
          "parent_index": 51
        },
        {
          "index": 53,
          "name": "v_weapon.Bip01_Neck",
          "parent_index": 52
        },
        {
          "index": 54,
          "name": "v_weapon.Bip01_L_Clavicle",
          "parent_index": 53
        },
        {
          "index": 55,
          "name": "v_weapon.Bip01_L_UpperArm",
          "parent_index": 54
        },
        {
          "index": 56,
          "name": "v_weapon.Bip01_R_Clavicle",
          "parent_index": 53
        },
        {
          "index": 57,
          "name": "v_weapon.Bip01_R_UpperArm",
          "parent_index": 56
        }
      ],
      "frame_count": 35,
      "frames": [
        0,
        1,
        2,
        3,
        4,
        5,
        6,
        7,
        8,
        9,
        10,
        11,
        12,
        13,
        14,
        15,
        16,
        17,
        18,
        19,
        20,
        21,
        22,
        23,
        24,
        25,
        26,
        27,
        28,
        29,
        30,
        31,
        32,
        33,
        34
      ],
      "vertex_count": 0,
      "triangle_count": 0,
      "materials": [],
      "bounds": null
    },
    {
      "path": "v_rif_m4a1_s_anims/idle_masked_silencer.smd",
      "kind": "animation",
      "node_count": 58,
      "nodes": [
        {
          "index": 0,
          "name": "v_weapon",
          "parent_index": -1
        },
        {
          "index": 1,
          "name": "v_weapon.Bip01_R_Forearm",
          "parent_index": -1
        },
        {
          "index": 2,
          "name": "v_weapon.Bip01_R_Hand",
          "parent_index": 1
        },
        {
          "index": 3,
          "name": "v_weapon.M4A1_s_Parent",
          "parent_index": 2
        },
        {
          "index": 4,
          "name": "v_weapon.M4A1_Clip",
          "parent_index": 3
        },
        {
          "index": 5,
          "name": "v_weapon.flash",
          "parent_index": 3
        },
        {
          "index": 6,
          "name": "v_weapon.shelleject",
          "parent_index": 3
        },
        {
          "index": 7,
          "name": "v_weapon.stattrack",
          "parent_index": 3
        },
        {
          "index": 8,
          "name": "v_weapon.uid",
          "parent_index": 3
        },
        {
          "index": 9,
          "name": "v_weapon.M4A1_Silencer",
          "parent_index": 3
        },
        {
          "index": 10,
          "name": "v_weapon.Bip01_L_Forearm",
          "parent_index": -1
        },
        {
          "index": 11,
          "name": "v_weapon.Bip01_L_Hand",
          "parent_index": 10
        },
        {
          "index": 12,
          "name": "v_weapon.Bip01_L_Finger0",
          "parent_index": 11
        },
        {
          "index": 13,
          "name": "v_weapon.Bip01_L_Finger01",
          "parent_index": 12
        },
        {
          "index": 14,
          "name": "v_weapon.Bip01_L_Finger02",
          "parent_index": 13
        },
        {
          "index": 15,
          "name": "v_weapon.Bip01_L_Finger1",
          "parent_index": 11
        },
        {
          "index": 16,
          "name": "v_weapon.Bip01_L_Finger11",
          "parent_index": 15
        },
        {
          "index": 17,
          "name": "v_weapon.Bip01_L_Finger12",
          "parent_index": 16
        },
        {
          "index": 18,
          "name": "v_weapon.Bip01_L_Finger2",
          "parent_index": 11
        },
        {
          "index": 19,
          "name": "v_weapon.Bip01_L_Finger21",
          "parent_index": 18
        },
        {
          "index": 20,
          "name": "v_weapon.Bip01_L_Finger22",
          "parent_index": 19
        },
        {
          "index": 21,
          "name": "v_weapon.Bip01_L_Finger3",
          "parent_index": 11
        },
        {
          "index": 22,
          "name": "v_weapon.Bip01_L_Finger31",
          "parent_index": 21
        },
        {
          "index": 23,
          "name": "v_weapon.Bip01_L_Finger32",
          "parent_index": 22
        },
        {
          "index": 24,
          "name": "v_weapon.Bip01_L_Finger4",
          "parent_index": 11
        },
        {
          "index": 25,
          "name": "v_weapon.Bip01_L_Finger41",
          "parent_index": 24
        },
        {
          "index": 26,
          "name": "v_weapon.Bip01_L_Finger42",
          "parent_index": 25
        },
        {
          "index": 27,
          "name": "v_weapon.Bip01_L_ForeTwist",
          "parent_index": -1
        },
        {
          "index": 28,
          "name": "v_weapon.M4A1_Trigger",
          "parent_index": 3
        },
        {
          "index": 29,
          "name": "v_weapon.M4A1_Bolt",
          "parent_index": 3
        },
        {
          "index": 30,
          "name": "v_weapon.Bip01_R_Finger0",
          "parent_index": 2
        },
        {
          "index": 31,
          "name": "v_weapon.Bip01_R_Finger01",
          "parent_index": 30
        },
        {
          "index": 32,
          "name": "v_weapon.Bip01_R_Finger02",
          "parent_index": 31
        },
        {
          "index": 33,
          "name": "v_weapon.Bip01_R_Finger1",
          "parent_index": 2
        },
        {
          "index": 34,
          "name": "v_weapon.Bip01_R_Finger11",
          "parent_index": 33
        },
        {
          "index": 35,
          "name": "v_weapon.Bip01_R_Finger12",
          "parent_index": 34
        },
        {
          "index": 36,
          "name": "v_weapon.Bip01_R_Finger2",
          "parent_index": 2
        },
        {
          "index": 37,
          "name": "v_weapon.Bip01_R_Finger21",
          "parent_index": 36
        },
        {
          "index": 38,
          "name": "v_weapon.Bip01_R_Finger22",
          "parent_index": 37
        },
        {
          "index": 39,
          "name": "v_weapon.Bip01_R_Finger3",
          "parent_index": 2
        },
        {
          "index": 40,
          "name": "v_weapon.Bip01_R_Finger31",
          "parent_index": 39
        },
        {
          "index": 41,
          "name": "v_weapon.Bip01_R_Finger32",
          "parent_index": 40
        },
        {
          "index": 42,
          "name": "v_weapon.Bip01_R_Finger4",
          "parent_index": 2
        },
        {
          "index": 43,
          "name": "v_weapon.Bip01_R_Finger41",
          "parent_index": 42
        },
        {
          "index": 44,
          "name": "v_weapon.Bip01_R_Finger42",
          "parent_index": 43
        },
        {
          "index": 45,
          "name": "v_weapon.Bip01_R_ForeTwist",
          "parent_index": -1
        },
        {
          "index": 46,
          "name": "v_weapon.v_weapon",
          "parent_index": -1
        },
        {
          "index": 47,
          "name": "v_weapon.Bip01",
          "parent_index": -1
        },
        {
          "index": 48,
          "name": "v_weapon.Bip01_Pelvis",
          "parent_index": 47
        },
        {
          "index": 49,
          "name": "v_weapon.Bip01_Spine",
          "parent_index": 48
        },
        {
          "index": 50,
          "name": "v_weapon.Bip01_Spine1",
          "parent_index": 49
        },
        {
          "index": 51,
          "name": "v_weapon.Bip01_Spine2",
          "parent_index": 50
        },
        {
          "index": 52,
          "name": "v_weapon.Bip01_Spine3",
          "parent_index": 51
        },
        {
          "index": 53,
          "name": "v_weapon.Bip01_Neck",
          "parent_index": 52
        },
        {
          "index": 54,
          "name": "v_weapon.Bip01_L_Clavicle",
          "parent_index": 53
        },
        {
          "index": 55,
          "name": "v_weapon.Bip01_L_UpperArm",
          "parent_index": 54
        },
        {
          "index": 56,
          "name": "v_weapon.Bip01_R_Clavicle",
          "parent_index": 53
        },
        {
          "index": 57,
          "name": "v_weapon.Bip01_R_UpperArm",
          "parent_index": 56
        }
      ],
      "frame_count": 2,
      "frames": [
        0,
        1
      ],
      "vertex_count": 0,
      "triangle_count": 0,
      "materials": [],
      "bounds": null
    },
    {
      "path": "v_rif_m4a1_s_anims/idle_masked_silencer_corrective_animation.smd",
      "kind": "animation",
      "node_count": 58,
      "nodes": [
        {
          "index": 0,
          "name": "v_weapon",
          "parent_index": -1
        },
        {
          "index": 1,
          "name": "v_weapon.Bip01_R_Forearm",
          "parent_index": -1
        },
        {
          "index": 2,
          "name": "v_weapon.Bip01_R_Hand",
          "parent_index": 1
        },
        {
          "index": 3,
          "name": "v_weapon.M4A1_s_Parent",
          "parent_index": 2
        },
        {
          "index": 4,
          "name": "v_weapon.M4A1_Clip",
          "parent_index": 3
        },
        {
          "index": 5,
          "name": "v_weapon.flash",
          "parent_index": 3
        },
        {
          "index": 6,
          "name": "v_weapon.shelleject",
          "parent_index": 3
        },
        {
          "index": 7,
          "name": "v_weapon.stattrack",
          "parent_index": 3
        },
        {
          "index": 8,
          "name": "v_weapon.uid",
          "parent_index": 3
        },
        {
          "index": 9,
          "name": "v_weapon.M4A1_Silencer",
          "parent_index": 3
        },
        {
          "index": 10,
          "name": "v_weapon.Bip01_L_Forearm",
          "parent_index": -1
        },
        {
          "index": 11,
          "name": "v_weapon.Bip01_L_Hand",
          "parent_index": 10
        },
        {
          "index": 12,
          "name": "v_weapon.Bip01_L_Finger0",
          "parent_index": 11
        },
        {
          "index": 13,
          "name": "v_weapon.Bip01_L_Finger01",
          "parent_index": 12
        },
        {
          "index": 14,
          "name": "v_weapon.Bip01_L_Finger02",
          "parent_index": 13
        },
        {
          "index": 15,
          "name": "v_weapon.Bip01_L_Finger1",
          "parent_index": 11
        },
        {
          "index": 16,
          "name": "v_weapon.Bip01_L_Finger11",
          "parent_index": 15
        },
        {
          "index": 17,
          "name": "v_weapon.Bip01_L_Finger12",
          "parent_index": 16
        },
        {
          "index": 18,
          "name": "v_weapon.Bip01_L_Finger2",
          "parent_index": 11
        },
        {
          "index": 19,
          "name": "v_weapon.Bip01_L_Finger21",
          "parent_index": 18
        },
        {
          "index": 20,
          "name": "v_weapon.Bip01_L_Finger22",
          "parent_index": 19
        },
        {
          "index": 21,
          "name": "v_weapon.Bip01_L_Finger3",
          "parent_index": 11
        },
        {
          "index": 22,
          "name": "v_weapon.Bip01_L_Finger31",
          "parent_index": 21
        },
        {
          "index": 23,
          "name": "v_weapon.Bip01_L_Finger32",
          "parent_index": 22
        },
        {
          "index": 24,
          "name": "v_weapon.Bip01_L_Finger4",
          "parent_index": 11
        },
        {
          "index": 25,
          "name": "v_weapon.Bip01_L_Finger41",
          "parent_index": 24
        },
        {
          "index": 26,
          "name": "v_weapon.Bip01_L_Finger42",
          "parent_index": 25
        },
        {
          "index": 27,
          "name": "v_weapon.Bip01_L_ForeTwist",
          "parent_index": -1
        },
        {
          "index": 28,
          "name": "v_weapon.M4A1_Trigger",
          "parent_index": 3
        },
        {
          "index": 29,
          "name": "v_weapon.M4A1_Bolt",
          "parent_index": 3
        },
        {
          "index": 30,
          "name": "v_weapon.Bip01_R_Finger0",
          "parent_index": 2
        },
        {
          "index": 31,
          "name": "v_weapon.Bip01_R_Finger01",
          "parent_index": 30
        },
        {
          "index": 32,
          "name": "v_weapon.Bip01_R_Finger02",
          "parent_index": 31
        },
        {
          "index": 33,
          "name": "v_weapon.Bip01_R_Finger1",
          "parent_index": 2
        },
        {
          "index": 34,
          "name": "v_weapon.Bip01_R_Finger11",
          "parent_index": 33
        },
        {
          "index": 35,
          "name": "v_weapon.Bip01_R_Finger12",
          "parent_index": 34
        },
        {
          "index": 36,
          "name": "v_weapon.Bip01_R_Finger2",
          "parent_index": 2
        },
        {
          "index": 37,
          "name": "v_weapon.Bip01_R_Finger21",
          "parent_index": 36
        },
        {
          "index": 38,
          "name": "v_weapon.Bip01_R_Finger22",
          "parent_index": 37
        },
        {
          "index": 39,
          "name": "v_weapon.Bip01_R_Finger3",
          "parent_index": 2
        },
        {
          "index": 40,
          "name": "v_weapon.Bip01_R_Finger31",
          "parent_index": 39
        },
        {
          "index": 41,
          "name": "v_weapon.Bip01_R_Finger32",
          "parent_index": 40
        },
        {
          "index": 42,
          "name": "v_weapon.Bip01_R_Finger4",
          "parent_index": 2
        },
        {
          "index": 43,
          "name": "v_weapon.Bip01_R_Finger41",
          "parent_index": 42
        },
        {
          "index": 44,
          "name": "v_weapon.Bip01_R_Finger42",
          "parent_index": 43
        },
        {
          "index": 45,
          "name": "v_weapon.Bip01_R_ForeTwist",
          "parent_index": -1
        },
        {
          "index": 46,
          "name": "v_weapon.v_weapon",
          "parent_index": -1
        },
        {
          "index": 47,
          "name": "v_weapon.Bip01",
          "parent_index": -1
        },
        {
          "index": 48,
          "name": "v_weapon.Bip01_Pelvis",
          "parent_index": 47
        },
        {
          "index": 49,
          "name": "v_weapon.Bip01_Spine",
          "parent_index": 48
        },
        {
          "index": 50,
          "name": "v_weapon.Bip01_Spine1",
          "parent_index": 49
        },
        {
          "index": 51,
          "name": "v_weapon.Bip01_Spine2",
          "parent_index": 50
        },
        {
          "index": 52,
          "name": "v_weapon.Bip01_Spine3",
          "parent_index": 51
        },
        {
          "index": 53,
          "name": "v_weapon.Bip01_Neck",
          "parent_index": 52
        },
        {
          "index": 54,
          "name": "v_weapon.Bip01_L_Clavicle",
          "parent_index": 53
        },
        {
          "index": 55,
          "name": "v_weapon.Bip01_L_UpperArm",
          "parent_index": 54
        },
        {
          "index": 56,
          "name": "v_weapon.Bip01_R_Clavicle",
          "parent_index": 53
        },
        {
          "index": 57,
          "name": "v_weapon.Bip01_R_UpperArm",
          "parent_index": 56
        }
      ],
      "frame_count": 1,
      "frames": [
        0
      ],
      "vertex_count": 0,
      "triangle_count": 0,
      "materials": [],
      "bounds": null
    },
    {
      "path": "v_rif_m4a1_s_anims/idle_masked_silencer_m4a4.smd",
      "kind": "animation",
      "node_count": 58,
      "nodes": [
        {
          "index": 0,
          "name": "v_weapon",
          "parent_index": -1
        },
        {
          "index": 1,
          "name": "v_weapon.Bip01_R_Forearm",
          "parent_index": -1
        },
        {
          "index": 2,
          "name": "v_weapon.Bip01_R_Hand",
          "parent_index": 1
        },
        {
          "index": 3,
          "name": "v_weapon.M4A1_s_Parent",
          "parent_index": 2
        },
        {
          "index": 4,
          "name": "v_weapon.M4A1_Clip",
          "parent_index": 3
        },
        {
          "index": 5,
          "name": "v_weapon.flash",
          "parent_index": 3
        },
        {
          "index": 6,
          "name": "v_weapon.shelleject",
          "parent_index": 3
        },
        {
          "index": 7,
          "name": "v_weapon.stattrack",
          "parent_index": 3
        },
        {
          "index": 8,
          "name": "v_weapon.uid",
          "parent_index": 3
        },
        {
          "index": 9,
          "name": "v_weapon.M4A1_Silencer",
          "parent_index": 3
        },
        {
          "index": 10,
          "name": "v_weapon.Bip01_L_Forearm",
          "parent_index": -1
        },
        {
          "index": 11,
          "name": "v_weapon.Bip01_L_Hand",
          "parent_index": 10
        },
        {
          "index": 12,
          "name": "v_weapon.Bip01_L_Finger0",
          "parent_index": 11
        },
        {
          "index": 13,
          "name": "v_weapon.Bip01_L_Finger01",
          "parent_index": 12
        },
        {
          "index": 14,
          "name": "v_weapon.Bip01_L_Finger02",
          "parent_index": 13
        },
        {
          "index": 15,
          "name": "v_weapon.Bip01_L_Finger1",
          "parent_index": 11
        },
        {
          "index": 16,
          "name": "v_weapon.Bip01_L_Finger11",
          "parent_index": 15
        },
        {
          "index": 17,
          "name": "v_weapon.Bip01_L_Finger12",
          "parent_index": 16
        },
        {
          "index": 18,
          "name": "v_weapon.Bip01_L_Finger2",
          "parent_index": 11
        },
        {
          "index": 19,
          "name": "v_weapon.Bip01_L_Finger21",
          "parent_index": 18
        },
        {
          "index": 20,
          "name": "v_weapon.Bip01_L_Finger22",
          "parent_index": 19
        },
        {
          "index": 21,
          "name": "v_weapon.Bip01_L_Finger3",
          "parent_index": 11
        },
        {
          "index": 22,
          "name": "v_weapon.Bip01_L_Finger31",
          "parent_index": 21
        },
        {
          "index": 23,
          "name": "v_weapon.Bip01_L_Finger32",
          "parent_index": 22
        },
        {
          "index": 24,
          "name": "v_weapon.Bip01_L_Finger4",
          "parent_index": 11
        },
        {
          "index": 25,
          "name": "v_weapon.Bip01_L_Finger41",
          "parent_index": 24
        },
        {
          "index": 26,
          "name": "v_weapon.Bip01_L_Finger42",
          "parent_index": 25
        },
        {
          "index": 27,
          "name": "v_weapon.Bip01_L_ForeTwist",
          "parent_index": -1
        },
        {
          "index": 28,
          "name": "v_weapon.M4A1_Trigger",
          "parent_index": 3
        },
        {
          "index": 29,
          "name": "v_weapon.M4A1_Bolt",
          "parent_index": 3
        },
        {
          "index": 30,
          "name": "v_weapon.Bip01_R_Finger0",
          "parent_index": 2
        },
        {
          "index": 31,
          "name": "v_weapon.Bip01_R_Finger01",
          "parent_index": 30
        },
        {
          "index": 32,
          "name": "v_weapon.Bip01_R_Finger02",
          "parent_index": 31
        },
        {
          "index": 33,
          "name": "v_weapon.Bip01_R_Finger1",
          "parent_index": 2
        },
        {
          "index": 34,
          "name": "v_weapon.Bip01_R_Finger11",
          "parent_index": 33
        },
        {
          "index": 35,
          "name": "v_weapon.Bip01_R_Finger12",
          "parent_index": 34
        },
        {
          "index": 36,
          "name": "v_weapon.Bip01_R_Finger2",
          "parent_index": 2
        },
        {
          "index": 37,
          "name": "v_weapon.Bip01_R_Finger21",
          "parent_index": 36
        },
        {
          "index": 38,
          "name": "v_weapon.Bip01_R_Finger22",
          "parent_index": 37
        },
        {
          "index": 39,
          "name": "v_weapon.Bip01_R_Finger3",
          "parent_index": 2
        },
        {
          "index": 40,
          "name": "v_weapon.Bip01_R_Finger31",
          "parent_index": 39
        },
        {
          "index": 41,
          "name": "v_weapon.Bip01_R_Finger32",
          "parent_index": 40
        },
        {
          "index": 42,
          "name": "v_weapon.Bip01_R_Finger4",
          "parent_index": 2
        },
        {
          "index": 43,
          "name": "v_weapon.Bip01_R_Finger41",
          "parent_index": 42
        },
        {
          "index": 44,
          "name": "v_weapon.Bip01_R_Finger42",
          "parent_index": 43
        },
        {
          "index": 45,
          "name": "v_weapon.Bip01_R_ForeTwist",
          "parent_index": -1
        },
        {
          "index": 46,
          "name": "v_weapon.v_weapon",
          "parent_index": -1
        },
        {
          "index": 47,
          "name": "v_weapon.Bip01",
          "parent_index": -1
        },
        {
          "index": 48,
          "name": "v_weapon.Bip01_Pelvis",
          "parent_index": 47
        },
        {
          "index": 49,
          "name": "v_weapon.Bip01_Spine",
          "parent_index": 48
        },
        {
          "index": 50,
          "name": "v_weapon.Bip01_Spine1",
          "parent_index": 49
        },
        {
          "index": 51,
          "name": "v_weapon.Bip01_Spine2",
          "parent_index": 50
        },
        {
          "index": 52,
          "name": "v_weapon.Bip01_Spine3",
          "parent_index": 51
        },
        {
          "index": 53,
          "name": "v_weapon.Bip01_Neck",
          "parent_index": 52
        },
        {
          "index": 54,
          "name": "v_weapon.Bip01_L_Clavicle",
          "parent_index": 53
        },
        {
          "index": 55,
          "name": "v_weapon.Bip01_L_UpperArm",
          "parent_index": 54
        },
        {
          "index": 56,
          "name": "v_weapon.Bip01_R_Clavicle",
          "parent_index": 53
        },
        {
          "index": 57,
          "name": "v_weapon.Bip01_R_UpperArm",
          "parent_index": 56
        }
      ],
      "frame_count": 2,
      "frames": [
        0,
        1
      ],
      "vertex_count": 0,
      "triangle_count": 0,
      "materials": [],
      "bounds": null
    },
    {
      "path": "v_rif_m4a1_s_anims/lookat01_loop.smd",
      "kind": "animation",
      "node_count": 58,
      "nodes": [
        {
          "index": 0,
          "name": "v_weapon",
          "parent_index": -1
        },
        {
          "index": 1,
          "name": "v_weapon.Bip01_R_Forearm",
          "parent_index": -1
        },
        {
          "index": 2,
          "name": "v_weapon.Bip01_R_Hand",
          "parent_index": 1
        },
        {
          "index": 3,
          "name": "v_weapon.M4A1_s_Parent",
          "parent_index": 2
        },
        {
          "index": 4,
          "name": "v_weapon.M4A1_Clip",
          "parent_index": 3
        },
        {
          "index": 5,
          "name": "v_weapon.flash",
          "parent_index": 3
        },
        {
          "index": 6,
          "name": "v_weapon.shelleject",
          "parent_index": 3
        },
        {
          "index": 7,
          "name": "v_weapon.stattrack",
          "parent_index": 3
        },
        {
          "index": 8,
          "name": "v_weapon.uid",
          "parent_index": 3
        },
        {
          "index": 9,
          "name": "v_weapon.M4A1_Silencer",
          "parent_index": 3
        },
        {
          "index": 10,
          "name": "v_weapon.Bip01_L_Forearm",
          "parent_index": -1
        },
        {
          "index": 11,
          "name": "v_weapon.Bip01_L_Hand",
          "parent_index": 10
        },
        {
          "index": 12,
          "name": "v_weapon.Bip01_L_Finger0",
          "parent_index": 11
        },
        {
          "index": 13,
          "name": "v_weapon.Bip01_L_Finger01",
          "parent_index": 12
        },
        {
          "index": 14,
          "name": "v_weapon.Bip01_L_Finger02",
          "parent_index": 13
        },
        {
          "index": 15,
          "name": "v_weapon.Bip01_L_Finger1",
          "parent_index": 11
        },
        {
          "index": 16,
          "name": "v_weapon.Bip01_L_Finger11",
          "parent_index": 15
        },
        {
          "index": 17,
          "name": "v_weapon.Bip01_L_Finger12",
          "parent_index": 16
        },
        {
          "index": 18,
          "name": "v_weapon.Bip01_L_Finger2",
          "parent_index": 11
        },
        {
          "index": 19,
          "name": "v_weapon.Bip01_L_Finger21",
          "parent_index": 18
        },
        {
          "index": 20,
          "name": "v_weapon.Bip01_L_Finger22",
          "parent_index": 19
        },
        {
          "index": 21,
          "name": "v_weapon.Bip01_L_Finger3",
          "parent_index": 11
        },
        {
          "index": 22,
          "name": "v_weapon.Bip01_L_Finger31",
          "parent_index": 21
        },
        {
          "index": 23,
          "name": "v_weapon.Bip01_L_Finger32",
          "parent_index": 22
        },
        {
          "index": 24,
          "name": "v_weapon.Bip01_L_Finger4",
          "parent_index": 11
        },
        {
          "index": 25,
          "name": "v_weapon.Bip01_L_Finger41",
          "parent_index": 24
        },
        {
          "index": 26,
          "name": "v_weapon.Bip01_L_Finger42",
          "parent_index": 25
        },
        {
          "index": 27,
          "name": "v_weapon.Bip01_L_ForeTwist",
          "parent_index": -1
        },
        {
          "index": 28,
          "name": "v_weapon.M4A1_Trigger",
          "parent_index": 3
        },
        {
          "index": 29,
          "name": "v_weapon.M4A1_Bolt",
          "parent_index": 3
        },
        {
          "index": 30,
          "name": "v_weapon.Bip01_R_Finger0",
          "parent_index": 2
        },
        {
          "index": 31,
          "name": "v_weapon.Bip01_R_Finger01",
          "parent_index": 30
        },
        {
          "index": 32,
          "name": "v_weapon.Bip01_R_Finger02",
          "parent_index": 31
        },
        {
          "index": 33,
          "name": "v_weapon.Bip01_R_Finger1",
          "parent_index": 2
        },
        {
          "index": 34,
          "name": "v_weapon.Bip01_R_Finger11",
          "parent_index": 33
        },
        {
          "index": 35,
          "name": "v_weapon.Bip01_R_Finger12",
          "parent_index": 34
        },
        {
          "index": 36,
          "name": "v_weapon.Bip01_R_Finger2",
          "parent_index": 2
        },
        {
          "index": 37,
          "name": "v_weapon.Bip01_R_Finger21",
          "parent_index": 36
        },
        {
          "index": 38,
          "name": "v_weapon.Bip01_R_Finger22",
          "parent_index": 37
        },
        {
          "index": 39,
          "name": "v_weapon.Bip01_R_Finger3",
          "parent_index": 2
        },
        {
          "index": 40,
          "name": "v_weapon.Bip01_R_Finger31",
          "parent_index": 39
        },
        {
          "index": 41,
          "name": "v_weapon.Bip01_R_Finger32",
          "parent_index": 40
        },
        {
          "index": 42,
          "name": "v_weapon.Bip01_R_Finger4",
          "parent_index": 2
        },
        {
          "index": 43,
          "name": "v_weapon.Bip01_R_Finger41",
          "parent_index": 42
        },
        {
          "index": 44,
          "name": "v_weapon.Bip01_R_Finger42",
          "parent_index": 43
        },
        {
          "index": 45,
          "name": "v_weapon.Bip01_R_ForeTwist",
          "parent_index": -1
        },
        {
          "index": 46,
          "name": "v_weapon.v_weapon",
          "parent_index": -1
        },
        {
          "index": 47,
          "name": "v_weapon.Bip01",
          "parent_index": -1
        },
        {
          "index": 48,
          "name": "v_weapon.Bip01_Pelvis",
          "parent_index": 47
        },
        {
          "index": 49,
          "name": "v_weapon.Bip01_Spine",
          "parent_index": 48
        },
        {
          "index": 50,
          "name": "v_weapon.Bip01_Spine1",
          "parent_index": 49
        },
        {
          "index": 51,
          "name": "v_weapon.Bip01_Spine2",
          "parent_index": 50
        },
        {
          "index": 52,
          "name": "v_weapon.Bip01_Spine3",
          "parent_index": 51
        },
        {
          "index": 53,
          "name": "v_weapon.Bip01_Neck",
          "parent_index": 52
        },
        {
          "index": 54,
          "name": "v_weapon.Bip01_L_Clavicle",
          "parent_index": 53
        },
        {
          "index": 55,
          "name": "v_weapon.Bip01_L_UpperArm",
          "parent_index": 54
        },
        {
          "index": 56,
          "name": "v_weapon.Bip01_R_Clavicle",
          "parent_index": 53
        },
        {
          "index": 57,
          "name": "v_weapon.Bip01_R_UpperArm",
          "parent_index": 56
        }
      ],
      "frame_count": 43,
      "frames": [
        0,
        1,
        2,
        3,
        4,
        5,
        6,
        7,
        8,
        9,
        10,
        11,
        12,
        13,
        14,
        15,
        16,
        17,
        18,
        19,
        20,
        21,
        22,
        23,
        24,
        25,
        26,
        27,
        28,
        29,
        30,
        31,
        32,
        33,
        34,
        35,
        36,
        37,
        38,
        39,
        40,
        41,
        42
      ],
      "vertex_count": 0,
      "triangle_count": 0,
      "materials": [],
      "bounds": null
    },
    {
      "path": "v_rif_m4a1_s_anims/lookat01_prepare.smd",
      "kind": "animation",
      "node_count": 58,
      "nodes": [
        {
          "index": 0,
          "name": "v_weapon",
          "parent_index": -1
        },
        {
          "index": 1,
          "name": "v_weapon.Bip01_R_Forearm",
          "parent_index": -1
        },
        {
          "index": 2,
          "name": "v_weapon.Bip01_R_Hand",
          "parent_index": 1
        },
        {
          "index": 3,
          "name": "v_weapon.M4A1_s_Parent",
          "parent_index": 2
        },
        {
          "index": 4,
          "name": "v_weapon.M4A1_Clip",
          "parent_index": 3
        },
        {
          "index": 5,
          "name": "v_weapon.flash",
          "parent_index": 3
        },
        {
          "index": 6,
          "name": "v_weapon.shelleject",
          "parent_index": 3
        },
        {
          "index": 7,
          "name": "v_weapon.stattrack",
          "parent_index": 3
        },
        {
          "index": 8,
          "name": "v_weapon.uid",
          "parent_index": 3
        },
        {
          "index": 9,
          "name": "v_weapon.M4A1_Silencer",
          "parent_index": 3
        },
        {
          "index": 10,
          "name": "v_weapon.Bip01_L_Forearm",
          "parent_index": -1
        },
        {
          "index": 11,
          "name": "v_weapon.Bip01_L_Hand",
          "parent_index": 10
        },
        {
          "index": 12,
          "name": "v_weapon.Bip01_L_Finger0",
          "parent_index": 11
        },
        {
          "index": 13,
          "name": "v_weapon.Bip01_L_Finger01",
          "parent_index": 12
        },
        {
          "index": 14,
          "name": "v_weapon.Bip01_L_Finger02",
          "parent_index": 13
        },
        {
          "index": 15,
          "name": "v_weapon.Bip01_L_Finger1",
          "parent_index": 11
        },
        {
          "index": 16,
          "name": "v_weapon.Bip01_L_Finger11",
          "parent_index": 15
        },
        {
          "index": 17,
          "name": "v_weapon.Bip01_L_Finger12",
          "parent_index": 16
        },
        {
          "index": 18,
          "name": "v_weapon.Bip01_L_Finger2",
          "parent_index": 11
        },
        {
          "index": 19,
          "name": "v_weapon.Bip01_L_Finger21",
          "parent_index": 18
        },
        {
          "index": 20,
          "name": "v_weapon.Bip01_L_Finger22",
          "parent_index": 19
        },
        {
          "index": 21,
          "name": "v_weapon.Bip01_L_Finger3",
          "parent_index": 11
        },
        {
          "index": 22,
          "name": "v_weapon.Bip01_L_Finger31",
          "parent_index": 21
        },
        {
          "index": 23,
          "name": "v_weapon.Bip01_L_Finger32",
          "parent_index": 22
        },
        {
          "index": 24,
          "name": "v_weapon.Bip01_L_Finger4",
          "parent_index": 11
        },
        {
          "index": 25,
          "name": "v_weapon.Bip01_L_Finger41",
          "parent_index": 24
        },
        {
          "index": 26,
          "name": "v_weapon.Bip01_L_Finger42",
          "parent_index": 25
        },
        {
          "index": 27,
          "name": "v_weapon.Bip01_L_ForeTwist",
          "parent_index": -1
        },
        {
          "index": 28,
          "name": "v_weapon.M4A1_Trigger",
          "parent_index": 3
        },
        {
          "index": 29,
          "name": "v_weapon.M4A1_Bolt",
          "parent_index": 3
        },
        {
          "index": 30,
          "name": "v_weapon.Bip01_R_Finger0",
          "parent_index": 2
        },
        {
          "index": 31,
          "name": "v_weapon.Bip01_R_Finger01",
          "parent_index": 30
        },
        {
          "index": 32,
          "name": "v_weapon.Bip01_R_Finger02",
          "parent_index": 31
        },
        {
          "index": 33,
          "name": "v_weapon.Bip01_R_Finger1",
          "parent_index": 2
        },
        {
          "index": 34,
          "name": "v_weapon.Bip01_R_Finger11",
          "parent_index": 33
        },
        {
          "index": 35,
          "name": "v_weapon.Bip01_R_Finger12",
          "parent_index": 34
        },
        {
          "index": 36,
          "name": "v_weapon.Bip01_R_Finger2",
          "parent_index": 2
        },
        {
          "index": 37,
          "name": "v_weapon.Bip01_R_Finger21",
          "parent_index": 36
        },
        {
          "index": 38,
          "name": "v_weapon.Bip01_R_Finger22",
          "parent_index": 37
        },
        {
          "index": 39,
          "name": "v_weapon.Bip01_R_Finger3",
          "parent_index": 2
        },
        {
          "index": 40,
          "name": "v_weapon.Bip01_R_Finger31",
          "parent_index": 39
        },
        {
          "index": 41,
          "name": "v_weapon.Bip01_R_Finger32",
          "parent_index": 40
        },
        {
          "index": 42,
          "name": "v_weapon.Bip01_R_Finger4",
          "parent_index": 2
        },
        {
          "index": 43,
          "name": "v_weapon.Bip01_R_Finger41",
          "parent_index": 42
        },
        {
          "index": 44,
          "name": "v_weapon.Bip01_R_Finger42",
          "parent_index": 43
        },
        {
          "index": 45,
          "name": "v_weapon.Bip01_R_ForeTwist",
          "parent_index": -1
        },
        {
          "index": 46,
          "name": "v_weapon.v_weapon",
          "parent_index": -1
        },
        {
          "index": 47,
          "name": "v_weapon.Bip01",
          "parent_index": -1
        },
        {
          "index": 48,
          "name": "v_weapon.Bip01_Pelvis",
          "parent_index": 47
        },
        {
          "index": 49,
          "name": "v_weapon.Bip01_Spine",
          "parent_index": 48
        },
        {
          "index": 50,
          "name": "v_weapon.Bip01_Spine1",
          "parent_index": 49
        },
        {
          "index": 51,
          "name": "v_weapon.Bip01_Spine2",
          "parent_index": 50
        },
        {
          "index": 52,
          "name": "v_weapon.Bip01_Spine3",
          "parent_index": 51
        },
        {
          "index": 53,
          "name": "v_weapon.Bip01_Neck",
          "parent_index": 52
        },
        {
          "index": 54,
          "name": "v_weapon.Bip01_L_Clavicle",
          "parent_index": 53
        },
        {
          "index": 55,
          "name": "v_weapon.Bip01_L_UpperArm",
          "parent_index": 54
        },
        {
          "index": 56,
          "name": "v_weapon.Bip01_R_Clavicle",
          "parent_index": 53
        },
        {
          "index": 57,
          "name": "v_weapon.Bip01_R_UpperArm",
          "parent_index": 56
        }
      ],
      "frame_count": 50,
      "frames": [
        0,
        1,
        2,
        3,
        4,
        5,
        6,
        7,
        8,
        9,
        10,
        11,
        12,
        13,
        14,
        15,
        16,
        17,
        18,
        19,
        20,
        21,
        22,
        23,
        24,
        25,
        26,
        27,
        28,
        29,
        30,
        31,
        32,
        33,
        34,
        35,
        36,
        37,
        38,
        39,
        40,
        41,
        42,
        43,
        44,
        45,
        46,
        47,
        48,
        49
      ],
      "vertex_count": 0,
      "triangle_count": 0,
      "materials": [],
      "bounds": null
    },
    {
      "path": "v_rif_m4a1_s_anims/reload.smd",
      "kind": "animation",
      "node_count": 58,
      "nodes": [
        {
          "index": 0,
          "name": "v_weapon",
          "parent_index": -1
        },
        {
          "index": 1,
          "name": "v_weapon.Bip01_R_Forearm",
          "parent_index": -1
        },
        {
          "index": 2,
          "name": "v_weapon.Bip01_R_Hand",
          "parent_index": 1
        },
        {
          "index": 3,
          "name": "v_weapon.M4A1_s_Parent",
          "parent_index": 2
        },
        {
          "index": 4,
          "name": "v_weapon.M4A1_Clip",
          "parent_index": 3
        },
        {
          "index": 5,
          "name": "v_weapon.flash",
          "parent_index": 3
        },
        {
          "index": 6,
          "name": "v_weapon.shelleject",
          "parent_index": 3
        },
        {
          "index": 7,
          "name": "v_weapon.stattrack",
          "parent_index": 3
        },
        {
          "index": 8,
          "name": "v_weapon.uid",
          "parent_index": 3
        },
        {
          "index": 9,
          "name": "v_weapon.M4A1_Silencer",
          "parent_index": 3
        },
        {
          "index": 10,
          "name": "v_weapon.Bip01_L_Forearm",
          "parent_index": -1
        },
        {
          "index": 11,
          "name": "v_weapon.Bip01_L_Hand",
          "parent_index": 10
        },
        {
          "index": 12,
          "name": "v_weapon.Bip01_L_Finger0",
          "parent_index": 11
        },
        {
          "index": 13,
          "name": "v_weapon.Bip01_L_Finger01",
          "parent_index": 12
        },
        {
          "index": 14,
          "name": "v_weapon.Bip01_L_Finger02",
          "parent_index": 13
        },
        {
          "index": 15,
          "name": "v_weapon.Bip01_L_Finger1",
          "parent_index": 11
        },
        {
          "index": 16,
          "name": "v_weapon.Bip01_L_Finger11",
          "parent_index": 15
        },
        {
          "index": 17,
          "name": "v_weapon.Bip01_L_Finger12",
          "parent_index": 16
        },
        {
          "index": 18,
          "name": "v_weapon.Bip01_L_Finger2",
          "parent_index": 11
        },
        {
          "index": 19,
          "name": "v_weapon.Bip01_L_Finger21",
          "parent_index": 18
        },
        {
          "index": 20,
          "name": "v_weapon.Bip01_L_Finger22",
          "parent_index": 19
        },
        {
          "index": 21,
          "name": "v_weapon.Bip01_L_Finger3",
          "parent_index": 11
        },
        {
          "index": 22,
          "name": "v_weapon.Bip01_L_Finger31",
          "parent_index": 21
        },
        {
          "index": 23,
          "name": "v_weapon.Bip01_L_Finger32",
          "parent_index": 22
        },
        {
          "index": 24,
          "name": "v_weapon.Bip01_L_Finger4",
          "parent_index": 11
        },
        {
          "index": 25,
          "name": "v_weapon.Bip01_L_Finger41",
          "parent_index": 24
        },
        {
          "index": 26,
          "name": "v_weapon.Bip01_L_Finger42",
          "parent_index": 25
        },
        {
          "index": 27,
          "name": "v_weapon.Bip01_L_ForeTwist",
          "parent_index": -1
        },
        {
          "index": 28,
          "name": "v_weapon.M4A1_Trigger",
          "parent_index": 3
        },
        {
          "index": 29,
          "name": "v_weapon.M4A1_Bolt",
          "parent_index": 3
        },
        {
          "index": 30,
          "name": "v_weapon.Bip01_R_Finger0",
          "parent_index": 2
        },
        {
          "index": 31,
          "name": "v_weapon.Bip01_R_Finger01",
          "parent_index": 30
        },
        {
          "index": 32,
          "name": "v_weapon.Bip01_R_Finger02",
          "parent_index": 31
        },
        {
          "index": 33,
          "name": "v_weapon.Bip01_R_Finger1",
          "parent_index": 2
        },
        {
          "index": 34,
          "name": "v_weapon.Bip01_R_Finger11",
          "parent_index": 33
        },
        {
          "index": 35,
          "name": "v_weapon.Bip01_R_Finger12",
          "parent_index": 34
        },
        {
          "index": 36,
          "name": "v_weapon.Bip01_R_Finger2",
          "parent_index": 2
        },
        {
          "index": 37,
          "name": "v_weapon.Bip01_R_Finger21",
          "parent_index": 36
        },
        {
          "index": 38,
          "name": "v_weapon.Bip01_R_Finger22",
          "parent_index": 37
        },
        {
          "index": 39,
          "name": "v_weapon.Bip01_R_Finger3",
          "parent_index": 2
        },
        {
          "index": 40,
          "name": "v_weapon.Bip01_R_Finger31",
          "parent_index": 39
        },
        {
          "index": 41,
          "name": "v_weapon.Bip01_R_Finger32",
          "parent_index": 40
        },
        {
          "index": 42,
          "name": "v_weapon.Bip01_R_Finger4",
          "parent_index": 2
        },
        {
          "index": 43,
          "name": "v_weapon.Bip01_R_Finger41",
          "parent_index": 42
        },
        {
          "index": 44,
          "name": "v_weapon.Bip01_R_Finger42",
          "parent_index": 43
        },
        {
          "index": 45,
          "name": "v_weapon.Bip01_R_ForeTwist",
          "parent_index": -1
        },
        {
          "index": 46,
          "name": "v_weapon.v_weapon",
          "parent_index": -1
        },
        {
          "index": 47,
          "name": "v_weapon.Bip01",
          "parent_index": -1
        },
        {
          "index": 48,
          "name": "v_weapon.Bip01_Pelvis",
          "parent_index": 47
        },
        {
          "index": 49,
          "name": "v_weapon.Bip01_Spine",
          "parent_index": 48
        },
        {
          "index": 50,
          "name": "v_weapon.Bip01_Spine1",
          "parent_index": 49
        },
        {
          "index": 51,
          "name": "v_weapon.Bip01_Spine2",
          "parent_index": 50
        },
        {
          "index": 52,
          "name": "v_weapon.Bip01_Spine3",
          "parent_index": 51
        },
        {
          "index": 53,
          "name": "v_weapon.Bip01_Neck",
          "parent_index": 52
        },
        {
          "index": 54,
          "name": "v_weapon.Bip01_L_Clavicle",
          "parent_index": 53
        },
        {
          "index": 55,
          "name": "v_weapon.Bip01_L_UpperArm",
          "parent_index": 54
        },
        {
          "index": 56,
          "name": "v_weapon.Bip01_R_Clavicle",
          "parent_index": 53
        },
        {
          "index": 57,
          "name": "v_weapon.Bip01_R_UpperArm",
          "parent_index": 56
        }
      ],
      "frame_count": 93,
      "frames": [
        0,
        1,
        2,
        3,
        4,
        5,
        6,
        7,
        8,
        9,
        10,
        11,
        12,
        13,
        14,
        15,
        16,
        17,
        18,
        19,
        20,
        21,
        22,
        23,
        24,
        25,
        26,
        27,
        28,
        29,
        30,
        31,
        32,
        33,
        34,
        35,
        36,
        37,
        38,
        39,
        40,
        41,
        42,
        43,
        44,
        45,
        46,
        47,
        48,
        49,
        50,
        51,
        52,
        53,
        54,
        55,
        56,
        57,
        58,
        59,
        60,
        61,
        62,
        63,
        64,
        65,
        66,
        67,
        68,
        69,
        70,
        71,
        72,
        73,
        74,
        75,
        76,
        77,
        78,
        79,
        80,
        81,
        82,
        83,
        84,
        85,
        86,
        87,
        88,
        89,
        90,
        91,
        92
      ],
      "vertex_count": 0,
      "triangle_count": 0,
      "materials": [],
      "bounds": null
    },
    {
      "path": "v_rif_m4a1_s_anims/shoot1.smd",
      "kind": "animation",
      "node_count": 58,
      "nodes": [
        {
          "index": 0,
          "name": "v_weapon",
          "parent_index": -1
        },
        {
          "index": 1,
          "name": "v_weapon.Bip01_R_Forearm",
          "parent_index": -1
        },
        {
          "index": 2,
          "name": "v_weapon.Bip01_R_Hand",
          "parent_index": 1
        },
        {
          "index": 3,
          "name": "v_weapon.M4A1_s_Parent",
          "parent_index": 2
        },
        {
          "index": 4,
          "name": "v_weapon.M4A1_Clip",
          "parent_index": 3
        },
        {
          "index": 5,
          "name": "v_weapon.flash",
          "parent_index": 3
        },
        {
          "index": 6,
          "name": "v_weapon.shelleject",
          "parent_index": 3
        },
        {
          "index": 7,
          "name": "v_weapon.stattrack",
          "parent_index": 3
        },
        {
          "index": 8,
          "name": "v_weapon.uid",
          "parent_index": 3
        },
        {
          "index": 9,
          "name": "v_weapon.M4A1_Silencer",
          "parent_index": 3
        },
        {
          "index": 10,
          "name": "v_weapon.Bip01_L_Forearm",
          "parent_index": -1
        },
        {
          "index": 11,
          "name": "v_weapon.Bip01_L_Hand",
          "parent_index": 10
        },
        {
          "index": 12,
          "name": "v_weapon.Bip01_L_Finger0",
          "parent_index": 11
        },
        {
          "index": 13,
          "name": "v_weapon.Bip01_L_Finger01",
          "parent_index": 12
        },
        {
          "index": 14,
          "name": "v_weapon.Bip01_L_Finger02",
          "parent_index": 13
        },
        {
          "index": 15,
          "name": "v_weapon.Bip01_L_Finger1",
          "parent_index": 11
        },
        {
          "index": 16,
          "name": "v_weapon.Bip01_L_Finger11",
          "parent_index": 15
        },
        {
          "index": 17,
          "name": "v_weapon.Bip01_L_Finger12",
          "parent_index": 16
        },
        {
          "index": 18,
          "name": "v_weapon.Bip01_L_Finger2",
          "parent_index": 11
        },
        {
          "index": 19,
          "name": "v_weapon.Bip01_L_Finger21",
          "parent_index": 18
        },
        {
          "index": 20,
          "name": "v_weapon.Bip01_L_Finger22",
          "parent_index": 19
        },
        {
          "index": 21,
          "name": "v_weapon.Bip01_L_Finger3",
          "parent_index": 11
        },
        {
          "index": 22,
          "name": "v_weapon.Bip01_L_Finger31",
          "parent_index": 21
        },
        {
          "index": 23,
          "name": "v_weapon.Bip01_L_Finger32",
          "parent_index": 22
        },
        {
          "index": 24,
          "name": "v_weapon.Bip01_L_Finger4",
          "parent_index": 11
        },
        {
          "index": 25,
          "name": "v_weapon.Bip01_L_Finger41",
          "parent_index": 24
        },
        {
          "index": 26,
          "name": "v_weapon.Bip01_L_Finger42",
          "parent_index": 25
        },
        {
          "index": 27,
          "name": "v_weapon.Bip01_L_ForeTwist",
          "parent_index": -1
        },
        {
          "index": 28,
          "name": "v_weapon.M4A1_Trigger",
          "parent_index": 3
        },
        {
          "index": 29,
          "name": "v_weapon.M4A1_Bolt",
          "parent_index": 3
        },
        {
          "index": 30,
          "name": "v_weapon.Bip01_R_Finger0",
          "parent_index": 2
        },
        {
          "index": 31,
          "name": "v_weapon.Bip01_R_Finger01",
          "parent_index": 30
        },
        {
          "index": 32,
          "name": "v_weapon.Bip01_R_Finger02",
          "parent_index": 31
        },
        {
          "index": 33,
          "name": "v_weapon.Bip01_R_Finger1",
          "parent_index": 2
        },
        {
          "index": 34,
          "name": "v_weapon.Bip01_R_Finger11",
          "parent_index": 33
        },
        {
          "index": 35,
          "name": "v_weapon.Bip01_R_Finger12",
          "parent_index": 34
        },
        {
          "index": 36,
          "name": "v_weapon.Bip01_R_Finger2",
          "parent_index": 2
        },
        {
          "index": 37,
          "name": "v_weapon.Bip01_R_Finger21",
          "parent_index": 36
        },
        {
          "index": 38,
          "name": "v_weapon.Bip01_R_Finger22",
          "parent_index": 37
        },
        {
          "index": 39,
          "name": "v_weapon.Bip01_R_Finger3",
          "parent_index": 2
        },
        {
          "index": 40,
          "name": "v_weapon.Bip01_R_Finger31",
          "parent_index": 39
        },
        {
          "index": 41,
          "name": "v_weapon.Bip01_R_Finger32",
          "parent_index": 40
        },
        {
          "index": 42,
          "name": "v_weapon.Bip01_R_Finger4",
          "parent_index": 2
        },
        {
          "index": 43,
          "name": "v_weapon.Bip01_R_Finger41",
          "parent_index": 42
        },
        {
          "index": 44,
          "name": "v_weapon.Bip01_R_Finger42",
          "parent_index": 43
        },
        {
          "index": 45,
          "name": "v_weapon.Bip01_R_ForeTwist",
          "parent_index": -1
        },
        {
          "index": 46,
          "name": "v_weapon.v_weapon",
          "parent_index": -1
        },
        {
          "index": 47,
          "name": "v_weapon.Bip01",
          "parent_index": -1
        },
        {
          "index": 48,
          "name": "v_weapon.Bip01_Pelvis",
          "parent_index": 47
        },
        {
          "index": 49,
          "name": "v_weapon.Bip01_Spine",
          "parent_index": 48
        },
        {
          "index": 50,
          "name": "v_weapon.Bip01_Spine1",
          "parent_index": 49
        },
        {
          "index": 51,
          "name": "v_weapon.Bip01_Spine2",
          "parent_index": 50
        },
        {
          "index": 52,
          "name": "v_weapon.Bip01_Spine3",
          "parent_index": 51
        },
        {
          "index": 53,
          "name": "v_weapon.Bip01_Neck",
          "parent_index": 52
        },
        {
          "index": 54,
          "name": "v_weapon.Bip01_L_Clavicle",
          "parent_index": 53
        },
        {
          "index": 55,
          "name": "v_weapon.Bip01_L_UpperArm",
          "parent_index": 54
        },
        {
          "index": 56,
          "name": "v_weapon.Bip01_R_Clavicle",
          "parent_index": 53
        },
        {
          "index": 57,
          "name": "v_weapon.Bip01_R_UpperArm",
          "parent_index": 56
        }
      ],
      "frame_count": 9,
      "frames": [
        0,
        1,
        2,
        3,
        4,
        5,
        6,
        7,
        8
      ],
      "vertex_count": 0,
      "triangle_count": 0,
      "materials": [],
      "bounds": null
    },
    {
      "path": "v_rif_m4a1_s_anims/shoot2.smd",
      "kind": "animation",
      "node_count": 58,
      "nodes": [
        {
          "index": 0,
          "name": "v_weapon",
          "parent_index": -1
        },
        {
          "index": 1,
          "name": "v_weapon.Bip01_R_Forearm",
          "parent_index": -1
        },
        {
          "index": 2,
          "name": "v_weapon.Bip01_R_Hand",
          "parent_index": 1
        },
        {
          "index": 3,
          "name": "v_weapon.M4A1_s_Parent",
          "parent_index": 2
        },
        {
          "index": 4,
          "name": "v_weapon.M4A1_Clip",
          "parent_index": 3
        },
        {
          "index": 5,
          "name": "v_weapon.flash",
          "parent_index": 3
        },
        {
          "index": 6,
          "name": "v_weapon.shelleject",
          "parent_index": 3
        },
        {
          "index": 7,
          "name": "v_weapon.stattrack",
          "parent_index": 3
        },
        {
          "index": 8,
          "name": "v_weapon.uid",
          "parent_index": 3
        },
        {
          "index": 9,
          "name": "v_weapon.M4A1_Silencer",
          "parent_index": 3
        },
        {
          "index": 10,
          "name": "v_weapon.Bip01_L_Forearm",
          "parent_index": -1
        },
        {
          "index": 11,
          "name": "v_weapon.Bip01_L_Hand",
          "parent_index": 10
        },
        {
          "index": 12,
          "name": "v_weapon.Bip01_L_Finger0",
          "parent_index": 11
        },
        {
          "index": 13,
          "name": "v_weapon.Bip01_L_Finger01",
          "parent_index": 12
        },
        {
          "index": 14,
          "name": "v_weapon.Bip01_L_Finger02",
          "parent_index": 13
        },
        {
          "index": 15,
          "name": "v_weapon.Bip01_L_Finger1",
          "parent_index": 11
        },
        {
          "index": 16,
          "name": "v_weapon.Bip01_L_Finger11",
          "parent_index": 15
        },
        {
          "index": 17,
          "name": "v_weapon.Bip01_L_Finger12",
          "parent_index": 16
        },
        {
          "index": 18,
          "name": "v_weapon.Bip01_L_Finger2",
          "parent_index": 11
        },
        {
          "index": 19,
          "name": "v_weapon.Bip01_L_Finger21",
          "parent_index": 18
        },
        {
          "index": 20,
          "name": "v_weapon.Bip01_L_Finger22",
          "parent_index": 19
        },
        {
          "index": 21,
          "name": "v_weapon.Bip01_L_Finger3",
          "parent_index": 11
        },
        {
          "index": 22,
          "name": "v_weapon.Bip01_L_Finger31",
          "parent_index": 21
        },
        {
          "index": 23,
          "name": "v_weapon.Bip01_L_Finger32",
          "parent_index": 22
        },
        {
          "index": 24,
          "name": "v_weapon.Bip01_L_Finger4",
          "parent_index": 11
        },
        {
          "index": 25,
          "name": "v_weapon.Bip01_L_Finger41",
          "parent_index": 24
        },
        {
          "index": 26,
          "name": "v_weapon.Bip01_L_Finger42",
          "parent_index": 25
        },
        {
          "index": 27,
          "name": "v_weapon.Bip01_L_ForeTwist",
          "parent_index": -1
        },
        {
          "index": 28,
          "name": "v_weapon.M4A1_Trigger",
          "parent_index": 3
        },
        {
          "index": 29,
          "name": "v_weapon.M4A1_Bolt",
          "parent_index": 3
        },
        {
          "index": 30,
          "name": "v_weapon.Bip01_R_Finger0",
          "parent_index": 2
        },
        {
          "index": 31,
          "name": "v_weapon.Bip01_R_Finger01",
          "parent_index": 30
        },
        {
          "index": 32,
          "name": "v_weapon.Bip01_R_Finger02",
          "parent_index": 31
        },
        {
          "index": 33,
          "name": "v_weapon.Bip01_R_Finger1",
          "parent_index": 2
        },
        {
          "index": 34,
          "name": "v_weapon.Bip01_R_Finger11",
          "parent_index": 33
        },
        {
          "index": 35,
          "name": "v_weapon.Bip01_R_Finger12",
          "parent_index": 34
        },
        {
          "index": 36,
          "name": "v_weapon.Bip01_R_Finger2",
          "parent_index": 2
        },
        {
          "index": 37,
          "name": "v_weapon.Bip01_R_Finger21",
          "parent_index": 36
        },
        {
          "index": 38,
          "name": "v_weapon.Bip01_R_Finger22",
          "parent_index": 37
        },
        {
          "index": 39,
          "name": "v_weapon.Bip01_R_Finger3",
          "parent_index": 2
        },
        {
          "index": 40,
          "name": "v_weapon.Bip01_R_Finger31",
          "parent_index": 39
        },
        {
          "index": 41,
          "name": "v_weapon.Bip01_R_Finger32",
          "parent_index": 40
        },
        {
          "index": 42,
          "name": "v_weapon.Bip01_R_Finger4",
          "parent_index": 2
        },
        {
          "index": 43,
          "name": "v_weapon.Bip01_R_Finger41",
          "parent_index": 42
        },
        {
          "index": 44,
          "name": "v_weapon.Bip01_R_Finger42",
          "parent_index": 43
        },
        {
          "index": 45,
          "name": "v_weapon.Bip01_R_ForeTwist",
          "parent_index": -1
        },
        {
          "index": 46,
          "name": "v_weapon.v_weapon",
          "parent_index": -1
        },
        {
          "index": 47,
          "name": "v_weapon.Bip01",
          "parent_index": -1
        },
        {
          "index": 48,
          "name": "v_weapon.Bip01_Pelvis",
          "parent_index": 47
        },
        {
          "index": 49,
          "name": "v_weapon.Bip01_Spine",
          "parent_index": 48
        },
        {
          "index": 50,
          "name": "v_weapon.Bip01_Spine1",
          "parent_index": 49
        },
        {
          "index": 51,
          "name": "v_weapon.Bip01_Spine2",
          "parent_index": 50
        },
        {
          "index": 52,
          "name": "v_weapon.Bip01_Spine3",
          "parent_index": 51
        },
        {
          "index": 53,
          "name": "v_weapon.Bip01_Neck",
          "parent_index": 52
        },
        {
          "index": 54,
          "name": "v_weapon.Bip01_L_Clavicle",
          "parent_index": 53
        },
        {
          "index": 55,
          "name": "v_weapon.Bip01_L_UpperArm",
          "parent_index": 54
        },
        {
          "index": 56,
          "name": "v_weapon.Bip01_R_Clavicle",
          "parent_index": 53
        },
        {
          "index": 57,
          "name": "v_weapon.Bip01_R_UpperArm",
          "parent_index": 56
        }
      ],
      "frame_count": 9,
      "frames": [
        0,
        1,
        2,
        3,
        4,
        5,
        6,
        7,
        8
      ],
      "vertex_count": 0,
      "triangle_count": 0,
      "materials": [],
      "bounds": null
    },
    {
      "path": "v_rif_m4a1_s_anims/shoot3.smd",
      "kind": "animation",
      "node_count": 58,
      "nodes": [
        {
          "index": 0,
          "name": "v_weapon",
          "parent_index": -1
        },
        {
          "index": 1,
          "name": "v_weapon.Bip01_R_Forearm",
          "parent_index": -1
        },
        {
          "index": 2,
          "name": "v_weapon.Bip01_R_Hand",
          "parent_index": 1
        },
        {
          "index": 3,
          "name": "v_weapon.M4A1_s_Parent",
          "parent_index": 2
        },
        {
          "index": 4,
          "name": "v_weapon.M4A1_Clip",
          "parent_index": 3
        },
        {
          "index": 5,
          "name": "v_weapon.flash",
          "parent_index": 3
        },
        {
          "index": 6,
          "name": "v_weapon.shelleject",
          "parent_index": 3
        },
        {
          "index": 7,
          "name": "v_weapon.stattrack",
          "parent_index": 3
        },
        {
          "index": 8,
          "name": "v_weapon.uid",
          "parent_index": 3
        },
        {
          "index": 9,
          "name": "v_weapon.M4A1_Silencer",
          "parent_index": 3
        },
        {
          "index": 10,
          "name": "v_weapon.Bip01_L_Forearm",
          "parent_index": -1
        },
        {
          "index": 11,
          "name": "v_weapon.Bip01_L_Hand",
          "parent_index": 10
        },
        {
          "index": 12,
          "name": "v_weapon.Bip01_L_Finger0",
          "parent_index": 11
        },
        {
          "index": 13,
          "name": "v_weapon.Bip01_L_Finger01",
          "parent_index": 12
        },
        {
          "index": 14,
          "name": "v_weapon.Bip01_L_Finger02",
          "parent_index": 13
        },
        {
          "index": 15,
          "name": "v_weapon.Bip01_L_Finger1",
          "parent_index": 11
        },
        {
          "index": 16,
          "name": "v_weapon.Bip01_L_Finger11",
          "parent_index": 15
        },
        {
          "index": 17,
          "name": "v_weapon.Bip01_L_Finger12",
          "parent_index": 16
        },
        {
          "index": 18,
          "name": "v_weapon.Bip01_L_Finger2",
          "parent_index": 11
        },
        {
          "index": 19,
          "name": "v_weapon.Bip01_L_Finger21",
          "parent_index": 18
        },
        {
          "index": 20,
          "name": "v_weapon.Bip01_L_Finger22",
          "parent_index": 19
        },
        {
          "index": 21,
          "name": "v_weapon.Bip01_L_Finger3",
          "parent_index": 11
        },
        {
          "index": 22,
          "name": "v_weapon.Bip01_L_Finger31",
          "parent_index": 21
        },
        {
          "index": 23,
          "name": "v_weapon.Bip01_L_Finger32",
          "parent_index": 22
        },
        {
          "index": 24,
          "name": "v_weapon.Bip01_L_Finger4",
          "parent_index": 11
        },
        {
          "index": 25,
          "name": "v_weapon.Bip01_L_Finger41",
          "parent_index": 24
        },
        {
          "index": 26,
          "name": "v_weapon.Bip01_L_Finger42",
          "parent_index": 25
        },
        {
          "index": 27,
          "name": "v_weapon.Bip01_L_ForeTwist",
          "parent_index": -1
        },
        {
          "index": 28,
          "name": "v_weapon.M4A1_Trigger",
          "parent_index": 3
        },
        {
          "index": 29,
          "name": "v_weapon.M4A1_Bolt",
          "parent_index": 3
        },
        {
          "index": 30,
          "name": "v_weapon.Bip01_R_Finger0",
          "parent_index": 2
        },
        {
          "index": 31,
          "name": "v_weapon.Bip01_R_Finger01",
          "parent_index": 30
        },
        {
          "index": 32,
          "name": "v_weapon.Bip01_R_Finger02",
          "parent_index": 31
        },
        {
          "index": 33,
          "name": "v_weapon.Bip01_R_Finger1",
          "parent_index": 2
        },
        {
          "index": 34,
          "name": "v_weapon.Bip01_R_Finger11",
          "parent_index": 33
        },
        {
          "index": 35,
          "name": "v_weapon.Bip01_R_Finger12",
          "parent_index": 34
        },
        {
          "index": 36,
          "name": "v_weapon.Bip01_R_Finger2",
          "parent_index": 2
        },
        {
          "index": 37,
          "name": "v_weapon.Bip01_R_Finger21",
          "parent_index": 36
        },
        {
          "index": 38,
          "name": "v_weapon.Bip01_R_Finger22",
          "parent_index": 37
        },
        {
          "index": 39,
          "name": "v_weapon.Bip01_R_Finger3",
          "parent_index": 2
        },
        {
          "index": 40,
          "name": "v_weapon.Bip01_R_Finger31",
          "parent_index": 39
        },
        {
          "index": 41,
          "name": "v_weapon.Bip01_R_Finger32",
          "parent_index": 40
        },
        {
          "index": 42,
          "name": "v_weapon.Bip01_R_Finger4",
          "parent_index": 2
        },
        {
          "index": 43,
          "name": "v_weapon.Bip01_R_Finger41",
          "parent_index": 42
        },
        {
          "index": 44,
          "name": "v_weapon.Bip01_R_Finger42",
          "parent_index": 43
        },
        {
          "index": 45,
          "name": "v_weapon.Bip01_R_ForeTwist",
          "parent_index": -1
        },
        {
          "index": 46,
          "name": "v_weapon.v_weapon",
          "parent_index": -1
        },
        {
          "index": 47,
          "name": "v_weapon.Bip01",
          "parent_index": -1
        },
        {
          "index": 48,
          "name": "v_weapon.Bip01_Pelvis",
          "parent_index": 47
        },
        {
          "index": 49,
          "name": "v_weapon.Bip01_Spine",
          "parent_index": 48
        },
        {
          "index": 50,
          "name": "v_weapon.Bip01_Spine1",
          "parent_index": 49
        },
        {
          "index": 51,
          "name": "v_weapon.Bip01_Spine2",
          "parent_index": 50
        },
        {
          "index": 52,
          "name": "v_weapon.Bip01_Spine3",
          "parent_index": 51
        },
        {
          "index": 53,
          "name": "v_weapon.Bip01_Neck",
          "parent_index": 52
        },
        {
          "index": 54,
          "name": "v_weapon.Bip01_L_Clavicle",
          "parent_index": 53
        },
        {
          "index": 55,
          "name": "v_weapon.Bip01_L_UpperArm",
          "parent_index": 54
        },
        {
          "index": 56,
          "name": "v_weapon.Bip01_R_Clavicle",
          "parent_index": 53
        },
        {
          "index": 57,
          "name": "v_weapon.Bip01_R_UpperArm",
          "parent_index": 56
        }
      ],
      "frame_count": 9,
      "frames": [
        0,
        1,
        2,
        3,
        4,
        5,
        6,
        7,
        8
      ],
      "vertex_count": 0,
      "triangle_count": 0,
      "materials": [],
      "bounds": null
    },
    {
      "path": "v_rif_m4a1_s_anims/silencer_masked_inspect.smd",
      "kind": "animation",
      "node_count": 58,
      "nodes": [
        {
          "index": 0,
          "name": "v_weapon",
          "parent_index": -1
        },
        {
          "index": 1,
          "name": "v_weapon.Bip01_R_Forearm",
          "parent_index": -1
        },
        {
          "index": 2,
          "name": "v_weapon.Bip01_R_Hand",
          "parent_index": 1
        },
        {
          "index": 3,
          "name": "v_weapon.M4A1_s_Parent",
          "parent_index": 2
        },
        {
          "index": 4,
          "name": "v_weapon.M4A1_Clip",
          "parent_index": 3
        },
        {
          "index": 5,
          "name": "v_weapon.flash",
          "parent_index": 3
        },
        {
          "index": 6,
          "name": "v_weapon.shelleject",
          "parent_index": 3
        },
        {
          "index": 7,
          "name": "v_weapon.stattrack",
          "parent_index": 3
        },
        {
          "index": 8,
          "name": "v_weapon.uid",
          "parent_index": 3
        },
        {
          "index": 9,
          "name": "v_weapon.M4A1_Silencer",
          "parent_index": 3
        },
        {
          "index": 10,
          "name": "v_weapon.Bip01_L_Forearm",
          "parent_index": -1
        },
        {
          "index": 11,
          "name": "v_weapon.Bip01_L_Hand",
          "parent_index": 10
        },
        {
          "index": 12,
          "name": "v_weapon.Bip01_L_Finger0",
          "parent_index": 11
        },
        {
          "index": 13,
          "name": "v_weapon.Bip01_L_Finger01",
          "parent_index": 12
        },
        {
          "index": 14,
          "name": "v_weapon.Bip01_L_Finger02",
          "parent_index": 13
        },
        {
          "index": 15,
          "name": "v_weapon.Bip01_L_Finger1",
          "parent_index": 11
        },
        {
          "index": 16,
          "name": "v_weapon.Bip01_L_Finger11",
          "parent_index": 15
        },
        {
          "index": 17,
          "name": "v_weapon.Bip01_L_Finger12",
          "parent_index": 16
        },
        {
          "index": 18,
          "name": "v_weapon.Bip01_L_Finger2",
          "parent_index": 11
        },
        {
          "index": 19,
          "name": "v_weapon.Bip01_L_Finger21",
          "parent_index": 18
        },
        {
          "index": 20,
          "name": "v_weapon.Bip01_L_Finger22",
          "parent_index": 19
        },
        {
          "index": 21,
          "name": "v_weapon.Bip01_L_Finger3",
          "parent_index": 11
        },
        {
          "index": 22,
          "name": "v_weapon.Bip01_L_Finger31",
          "parent_index": 21
        },
        {
          "index": 23,
          "name": "v_weapon.Bip01_L_Finger32",
          "parent_index": 22
        },
        {
          "index": 24,
          "name": "v_weapon.Bip01_L_Finger4",
          "parent_index": 11
        },
        {
          "index": 25,
          "name": "v_weapon.Bip01_L_Finger41",
          "parent_index": 24
        },
        {
          "index": 26,
          "name": "v_weapon.Bip01_L_Finger42",
          "parent_index": 25
        },
        {
          "index": 27,
          "name": "v_weapon.Bip01_L_ForeTwist",
          "parent_index": -1
        },
        {
          "index": 28,
          "name": "v_weapon.M4A1_Trigger",
          "parent_index": 3
        },
        {
          "index": 29,
          "name": "v_weapon.M4A1_Bolt",
          "parent_index": 3
        },
        {
          "index": 30,
          "name": "v_weapon.Bip01_R_Finger0",
          "parent_index": 2
        },
        {
          "index": 31,
          "name": "v_weapon.Bip01_R_Finger01",
          "parent_index": 30
        },
        {
          "index": 32,
          "name": "v_weapon.Bip01_R_Finger02",
          "parent_index": 31
        },
        {
          "index": 33,
          "name": "v_weapon.Bip01_R_Finger1",
          "parent_index": 2
        },
        {
          "index": 34,
          "name": "v_weapon.Bip01_R_Finger11",
          "parent_index": 33
        },
        {
          "index": 35,
          "name": "v_weapon.Bip01_R_Finger12",
          "parent_index": 34
        },
        {
          "index": 36,
          "name": "v_weapon.Bip01_R_Finger2",
          "parent_index": 2
        },
        {
          "index": 37,
          "name": "v_weapon.Bip01_R_Finger21",
          "parent_index": 36
        },
        {
          "index": 38,
          "name": "v_weapon.Bip01_R_Finger22",
          "parent_index": 37
        },
        {
          "index": 39,
          "name": "v_weapon.Bip01_R_Finger3",
          "parent_index": 2
        },
        {
          "index": 40,
          "name": "v_weapon.Bip01_R_Finger31",
          "parent_index": 39
        },
        {
          "index": 41,
          "name": "v_weapon.Bip01_R_Finger32",
          "parent_index": 40
        },
        {
          "index": 42,
          "name": "v_weapon.Bip01_R_Finger4",
          "parent_index": 2
        },
        {
          "index": 43,
          "name": "v_weapon.Bip01_R_Finger41",
          "parent_index": 42
        },
        {
          "index": 44,
          "name": "v_weapon.Bip01_R_Finger42",
          "parent_index": 43
        },
        {
          "index": 45,
          "name": "v_weapon.Bip01_R_ForeTwist",
          "parent_index": -1
        },
        {
          "index": 46,
          "name": "v_weapon.v_weapon",
          "parent_index": -1
        },
        {
          "index": 47,
          "name": "v_weapon.Bip01",
          "parent_index": -1
        },
        {
          "index": 48,
          "name": "v_weapon.Bip01_Pelvis",
          "parent_index": 47
        },
        {
          "index": 49,
          "name": "v_weapon.Bip01_Spine",
          "parent_index": 48
        },
        {
          "index": 50,
          "name": "v_weapon.Bip01_Spine1",
          "parent_index": 49
        },
        {
          "index": 51,
          "name": "v_weapon.Bip01_Spine2",
          "parent_index": 50
        },
        {
          "index": 52,
          "name": "v_weapon.Bip01_Spine3",
          "parent_index": 51
        },
        {
          "index": 53,
          "name": "v_weapon.Bip01_Neck",
          "parent_index": 52
        },
        {
          "index": 54,
          "name": "v_weapon.Bip01_L_Clavicle",
          "parent_index": 53
        },
        {
          "index": 55,
          "name": "v_weapon.Bip01_L_UpperArm",
          "parent_index": 54
        },
        {
          "index": 56,
          "name": "v_weapon.Bip01_R_Clavicle",
          "parent_index": 53
        },
        {
          "index": 57,
          "name": "v_weapon.Bip01_R_UpperArm",
          "parent_index": 56
        }
      ],
      "frame_count": 160,
      "frames": [
        0,
        1,
        2,
        3,
        4,
        5,
        6,
        7,
        8,
        9,
        10,
        11,
        12,
        13,
        14,
        15,
        16,
        17,
        18,
        19,
        20,
        21,
        22,
        23,
        24,
        25,
        26,
        27,
        28,
        29,
        30,
        31,
        32,
        33,
        34,
        35,
        36,
        37,
        38,
        39,
        40,
        41,
        42,
        43,
        44,
        45,
        46,
        47,
        48,
        49,
        50,
        51,
        52,
        53,
        54,
        55,
        56,
        57,
        58,
        59,
        60,
        61,
        62,
        63,
        64,
        65,
        66,
        67,
        68,
        69,
        70,
        71,
        72,
        73,
        74,
        75,
        76,
        77,
        78,
        79,
        80,
        81,
        82,
        83,
        84,
        85,
        86,
        87,
        88,
        89,
        90,
        91,
        92,
        93,
        94,
        95,
        96,
        97,
        98,
        99,
        100,
        101,
        102,
        103,
        104,
        105,
        106,
        107,
        108,
        109,
        110,
        111,
        112,
        113,
        114,
        115,
        116,
        117,
        118,
        119,
        120,
        121,
        122,
        123,
        124,
        125,
        126,
        127,
        128,
        129,
        130,
        131,
        132,
        133,
        134,
        135,
        136,
        137,
        138,
        139,
        140,
        141,
        142,
        143,
        144,
        145,
        146,
        147,
        148,
        149,
        150,
        151,
        152,
        153,
        154,
        155,
        156,
        157,
        158,
        159
      ],
      "vertex_count": 0,
      "triangle_count": 0,
      "materials": [],
      "bounds": null
    },
    {
      "path": "v_rif_m4a1_s_silencer.smd",
      "kind": "mesh",
      "node_count": 58,
      "nodes": [
        {
          "index": 0,
          "name": "v_weapon",
          "parent_index": -1
        },
        {
          "index": 1,
          "name": "v_weapon.Bip01_R_Forearm",
          "parent_index": -1
        },
        {
          "index": 2,
          "name": "v_weapon.Bip01_R_Hand",
          "parent_index": 1
        },
        {
          "index": 3,
          "name": "v_weapon.M4A1_s_Parent",
          "parent_index": 2
        },
        {
          "index": 4,
          "name": "v_weapon.M4A1_Clip",
          "parent_index": 3
        },
        {
          "index": 5,
          "name": "v_weapon.flash",
          "parent_index": 3
        },
        {
          "index": 6,
          "name": "v_weapon.shelleject",
          "parent_index": 3
        },
        {
          "index": 7,
          "name": "v_weapon.stattrack",
          "parent_index": 3
        },
        {
          "index": 8,
          "name": "v_weapon.uid",
          "parent_index": 3
        },
        {
          "index": 9,
          "name": "v_weapon.M4A1_Silencer",
          "parent_index": 3
        },
        {
          "index": 10,
          "name": "v_weapon.Bip01_L_Forearm",
          "parent_index": -1
        },
        {
          "index": 11,
          "name": "v_weapon.Bip01_L_Hand",
          "parent_index": 10
        },
        {
          "index": 12,
          "name": "v_weapon.Bip01_L_Finger0",
          "parent_index": 11
        },
        {
          "index": 13,
          "name": "v_weapon.Bip01_L_Finger01",
          "parent_index": 12
        },
        {
          "index": 14,
          "name": "v_weapon.Bip01_L_Finger02",
          "parent_index": 13
        },
        {
          "index": 15,
          "name": "v_weapon.Bip01_L_Finger1",
          "parent_index": 11
        },
        {
          "index": 16,
          "name": "v_weapon.Bip01_L_Finger11",
          "parent_index": 15
        },
        {
          "index": 17,
          "name": "v_weapon.Bip01_L_Finger12",
          "parent_index": 16
        },
        {
          "index": 18,
          "name": "v_weapon.Bip01_L_Finger2",
          "parent_index": 11
        },
        {
          "index": 19,
          "name": "v_weapon.Bip01_L_Finger21",
          "parent_index": 18
        },
        {
          "index": 20,
          "name": "v_weapon.Bip01_L_Finger22",
          "parent_index": 19
        },
        {
          "index": 21,
          "name": "v_weapon.Bip01_L_Finger3",
          "parent_index": 11
        },
        {
          "index": 22,
          "name": "v_weapon.Bip01_L_Finger31",
          "parent_index": 21
        },
        {
          "index": 23,
          "name": "v_weapon.Bip01_L_Finger32",
          "parent_index": 22
        },
        {
          "index": 24,
          "name": "v_weapon.Bip01_L_Finger4",
          "parent_index": 11
        },
        {
          "index": 25,
          "name": "v_weapon.Bip01_L_Finger41",
          "parent_index": 24
        },
        {
          "index": 26,
          "name": "v_weapon.Bip01_L_Finger42",
          "parent_index": 25
        },
        {
          "index": 27,
          "name": "v_weapon.Bip01_L_ForeTwist",
          "parent_index": -1
        },
        {
          "index": 28,
          "name": "v_weapon.M4A1_Trigger",
          "parent_index": 3
        },
        {
          "index": 29,
          "name": "v_weapon.M4A1_Bolt",
          "parent_index": 3
        },
        {
          "index": 30,
          "name": "v_weapon.Bip01_R_Finger0",
          "parent_index": 2
        },
        {
          "index": 31,
          "name": "v_weapon.Bip01_R_Finger01",
          "parent_index": 30
        },
        {
          "index": 32,
          "name": "v_weapon.Bip01_R_Finger02",
          "parent_index": 31
        },
        {
          "index": 33,
          "name": "v_weapon.Bip01_R_Finger1",
          "parent_index": 2
        },
        {
          "index": 34,
          "name": "v_weapon.Bip01_R_Finger11",
          "parent_index": 33
        },
        {
          "index": 35,
          "name": "v_weapon.Bip01_R_Finger12",
          "parent_index": 34
        },
        {
          "index": 36,
          "name": "v_weapon.Bip01_R_Finger2",
          "parent_index": 2
        },
        {
          "index": 37,
          "name": "v_weapon.Bip01_R_Finger21",
          "parent_index": 36
        },
        {
          "index": 38,
          "name": "v_weapon.Bip01_R_Finger22",
          "parent_index": 37
        },
        {
          "index": 39,
          "name": "v_weapon.Bip01_R_Finger3",
          "parent_index": 2
        },
        {
          "index": 40,
          "name": "v_weapon.Bip01_R_Finger31",
          "parent_index": 39
        },
        {
          "index": 41,
          "name": "v_weapon.Bip01_R_Finger32",
          "parent_index": 40
        },
        {
          "index": 42,
          "name": "v_weapon.Bip01_R_Finger4",
          "parent_index": 2
        },
        {
          "index": 43,
          "name": "v_weapon.Bip01_R_Finger41",
          "parent_index": 42
        },
        {
          "index": 44,
          "name": "v_weapon.Bip01_R_Finger42",
          "parent_index": 43
        },
        {
          "index": 45,
          "name": "v_weapon.Bip01_R_ForeTwist",
          "parent_index": -1
        },
        {
          "index": 46,
          "name": "v_weapon.v_weapon",
          "parent_index": -1
        },
        {
          "index": 47,
          "name": "v_weapon.Bip01",
          "parent_index": -1
        },
        {
          "index": 48,
          "name": "v_weapon.Bip01_Pelvis",
          "parent_index": 47
        },
        {
          "index": 49,
          "name": "v_weapon.Bip01_Spine",
          "parent_index": 48
        },
        {
          "index": 50,
          "name": "v_weapon.Bip01_Spine1",
          "parent_index": 49
        },
        {
          "index": 51,
          "name": "v_weapon.Bip01_Spine2",
          "parent_index": 50
        },
        {
          "index": 52,
          "name": "v_weapon.Bip01_Spine3",
          "parent_index": 51
        },
        {
          "index": 53,
          "name": "v_weapon.Bip01_Neck",
          "parent_index": 52
        },
        {
          "index": 54,
          "name": "v_weapon.Bip01_L_Clavicle",
          "parent_index": 53
        },
        {
          "index": 55,
          "name": "v_weapon.Bip01_L_UpperArm",
          "parent_index": 54
        },
        {
          "index": 56,
          "name": "v_weapon.Bip01_R_Clavicle",
          "parent_index": 53
        },
        {
          "index": 57,
          "name": "v_weapon.Bip01_R_UpperArm",
          "parent_index": 56
        }
      ],
      "frame_count": 1,
      "frames": [
        0
      ],
      "vertex_count": 1464,
      "triangle_count": 488,
      "materials": [
        "rif_m4a1_s"
      ],
      "bounds": {
        "min": [
          -4.206448,
          -40.963081,
          -2.384058
        ],
        "max": [
          -2.181202,
          -31.542454,
          -0.381418
        ]
      }
    }
  ],
  "validation": {
    "internal_name_is_m4a1_s": true,
    "unexplained_ak_references": [],
    "ak_reference_used": false,
    "has_reference_mesh": true,
    "has_animation_smd": true
  }
}
