# C1 split generated from B3 raw OBJ
mtllib PV-M4A1_S_BornBeast_Classic_weapon_only.mtl
o PV-M4A1_S_BornBeast_Classic_weapon_only
g PV-M4A1_S_BornBeast_Classic_M4A1S_BornBeast
usemtl M4A1S_BornBeast
v -3.346586184 -7.333456823 -7.791826100
v -3.354356266 -7.514305046 -7.569768267
v -2.666893508 -13.829225020 -1.666278346
v -2.875427358 -13.978466057 -1.911210603
v -2.875105208 -14.418142672 -1.895368223
v -2.630761752 -14.401316130 -1.433474067
v -2.968381680 -6.839202968 -0.845026139
v -2.967911846 -7.481699379 -0.821875812
v -2.970853135 -7.421709664 -0.744997473
v -2.971281291 -6.836360890 -0.766090449
v -2.633539601 -10.604025761 -1.570304577
v -2.636190922 -6.977710714 -1.700975365
v -2.669247275 -10.611687350 -1.782217516
v -2.981162339 -7.411605011 -0.464351488
v -2.989746692 -7.460297774 -0.227468955
v -2.990070965 -7.014962293 -0.243515161
v -2.981444998 -7.023418963 -0.478338501
v -2.769473569 -6.640190101 -0.957772902
v -2.584315284 -6.650502887 -1.238569583
v -2.652699460 -6.873161115 -1.256505122
v -2.713832687 -7.083079804 -1.965090460
v -2.837034258 -7.692131946 -2.136150266
v -2.769775394 -6.228336196 -0.972614558
v -3.062059399 -6.634749970 -0.800878420
v -3.062359292 -6.222895996 -0.815718229
v -2.584615417 -6.238319321 -1.253421268
v -2.543599192 -6.720079347 -1.645303747
v -2.580362761 -6.258714314 -1.819536000
v -2.987484719 -10.551884756 -0.116065785
v -2.965649874 -10.573284585 -0.710472706
v -2.963297884 -13.790822259 -0.594533602
v -2.984708818 -14.349177397 0.020763400
v -2.658003730 -13.837938410 -1.908283493
v -2.637971649 -14.089470462 -2.440652235
v -3.966749901 -14.092197230 -2.489365186
v -3.968000553 -14.419996393 -2.436928345
v -2.639220304 -14.417267845 -2.388215385
v -2.608302363 -11.160827041 -3.413854168
v -2.815411180 -6.976732399 -2.766017933
v -3.007398798 -6.649909771 -2.863803321
v -3.307784651 -6.609197654 -2.966683968
v -3.298147035 -6.968873357 -3.209423160
v -2.984570422 -7.045152055 -3.112394954
v -3.030683852 -6.145413989 -2.837227978
v -3.309499663 -6.149523646 -2.945650106
v -2.857961502 -6.135797228 -2.573873841
v -2.834959654 -10.528634111 -2.033942305
v -2.787091364 -9.433362766 -3.400998533
v -2.694893171 -10.517316530 -3.358582230
v -2.850474415 -11.182235920 -4.529613916
v -2.891056502 -11.142458800 -3.424902161
v -2.988034897 -9.050615172 -4.507403618
v -2.983375598 -9.222341729 -4.624851300
v -2.979002937 -9.240254374 -4.743125971
v -2.975503694 -9.044603963 -4.849561240
v -2.891351025 -10.737980915 -3.439476197
v -2.875238870 -11.056743199 -3.861160843
v -2.857194867 -11.043292158 -4.354110494
v -2.999305343 -11.043583353 -4.359320273
v -2.994537102 -10.925491063 -4.495987274
v -2.852426626 -10.925199868 -4.490777495
v -3.053845859 -6.076882962 -0.934901217
v -2.852938715 -6.081450385 -1.065774865
v -2.676256311 -6.089862167 -1.302800266
v -2.634097660 -6.107870435 -1.803389033
v -2.476510073 -11.201756340 -4.727562642
v -2.494482333 -14.136747367 -4.073067142
v -2.983932869 -11.003103241 -4.780907672
v -2.841822393 -11.002812045 -4.775697893
v -2.841717159 -11.147333681 -4.770490529
v -2.983814909 -11.162358292 -4.775169365
v -2.656300469 -14.319229068 -1.927788578
v -3.583437638 -5.290508622 -7.373730375
v -3.406439573 -6.719358564 -0.269453184
v -3.141135266 -6.799399674 -0.256825660
v -3.671626746 -6.800486693 -0.276273511
v -3.397813542 -6.727813439 -0.504278366
v -3.132509300 -6.807854485 -0.491649067
v -3.757075002 -7.085350373 -0.846936201
v -3.985080719 -14.321955840 -1.976501602
v -3.986783980 -13.840664738 -1.956996533
v -3.783699804 -9.435406893 -3.437534189
v -3.782906673 -10.519549730 -3.398468737
v -3.707713698 -8.910254960 -4.087542162
v -3.777000819 -9.127849213 -3.637457336
v -3.491322052 -9.045660916 -4.868471174
v -3.503853254 -9.051674011 -4.526313484
v -3.897678513 -11.171780959 -4.780846879
v -3.915625047 -14.139663397 -4.125166179
v -3.689451100 -6.772146018 -7.689044979
v -2.649983731 -10.587906136 -1.122648493
v -3.817010526 -14.350884625 -0.009748769
v -3.819764864 -10.585948860 -0.145412153
v -3.911849469 -14.420268819 -1.933375269
v -3.786054825 -13.980334224 -1.944594184
v -3.990126305 -13.837388730 -1.866008901
v -4.068935461 -14.409033023 -1.618419488
v -3.803884487 -7.406602184 -0.756552569
v -3.881014875 -7.398566236 -2.056673281
v -4.093215114 -7.058618143 -1.903413385
v -3.994200617 -10.618163131 -1.935061491
v -3.822374671 -7.016669608 -0.274027400
v -3.822048622 -7.462005085 -0.257981130
v -3.813464268 -7.413314182 -0.494863595
v -3.813748704 -7.025126278 -0.508850740
v -2.972892347 -7.476817700 -0.686292360
v -2.979039919 -7.470792106 -0.518937906
v -3.811928227 -7.471926546 -0.533487092
v -3.807918065 -7.475857139 -0.642655124
v -3.893845234 -7.004059677 -0.927251339
v -4.144169409 -6.665502664 -1.307005296
v -3.991616623 -6.642698151 -1.002578386
v -3.833642697 -7.694177794 -2.172685860
v -4.019901221 -7.035783320 -2.068951773
v -3.711329223 -6.636082206 -0.824680627
v -3.991916517 -6.230842346 -1.017418261
v -3.711630892 -6.224228292 -0.839520499
v -4.155975996 -6.241541050 -1.311027377
v -4.166214140 -6.723407932 -1.704788779
v -4.070808076 -6.267395348 -2.030241790
v -4.166554234 -6.256344814 -1.721617868
v -3.831568094 -10.530680014 -2.070477897
v -3.953669035 -10.657894267 -3.038446664
v -3.794442987 -10.567070269 -3.081129212
v -3.803696497 -10.601698402 -0.582838970
v -3.800942208 -14.366634119 -0.447174254
v -4.103074890 -14.382250351 -0.874421483
v -3.946891581 -11.069807671 -3.200241549
v -3.937106564 -11.130660401 -3.463752398
v -3.779479693 -11.119626358 -3.458359438
v -3.947094110 -10.794410316 -3.210164664
v -3.786468131 -10.733224412 -3.289328927
v -3.786251324 -11.030973300 -3.278600522
v -3.817846795 -6.737119930 -2.657109198
v -3.806190284 -7.220436705 -2.948002221
v -3.779756262 -10.739805102 -3.472045053
v -3.614728325 -6.651156124 -2.886067992
v -3.617671643 -7.046451189 -3.135604418
v -3.595520127 -6.146573159 -2.857934847
v -3.621655439 -7.280176815 -3.579156030
v -3.782505526 -7.564982128 -3.574808483
v -3.787100064 -6.137704833 -2.607937764
v -3.630696180 -11.159181543 -4.559104529
v -3.671276491 -11.119404641 -3.454392702
v -3.671553059 -10.739583385 -3.468078317
v -3.689515673 -7.390223544 -4.111197072
v -3.731948536 -8.729679007 -4.888687230
v -3.781381609 -8.695432263 -3.542183827
v -3.623745111 -8.729457289 -4.884720485
v -3.623512892 -9.045933672 -4.873317230
v -3.636044094 -9.051944881 -4.531159608
v -3.631386571 -9.223671442 -4.648607356
v -3.627013910 -9.241584086 -4.766882026
v -3.499193733 -9.223400568 -4.643761158
v -3.494821071 -9.241313213 -4.762035828
v -3.655440905 -11.058345669 -3.889762963
v -3.632628661 -10.926802115 -4.519379623
v -3.637396903 -11.044892629 -4.382712686
v -3.490518186 -10.926510920 -4.514169844
v -3.495286427 -11.044601434 -4.377502907
v -3.902756661 -6.083607270 -1.104262831
v -3.704704184 -6.078059120 -0.954338052
v -4.061575551 -6.092706521 -1.353587730
v -4.022694350 -6.115902732 -1.998145373
v -4.111088242 -6.105717596 -1.713687697
v -3.732293001 -8.256522997 -4.905737634
v -3.718322954 -5.843599964 -7.499858907
v -3.719811470 -8.072097564 -5.256561130
v -3.479913953 -11.004121543 -4.799090298
v -3.622024429 -11.004412739 -4.804300077
v -3.621905742 -11.167410474 -4.798426987
v -3.479797993 -11.163374600 -4.793352136
v -3.655945788 -7.094939612 -7.331344747
v -3.697058407 -7.735950708 -5.895999589
v -2.962873956 -14.370579018 -0.573643901
v -3.663000779 -6.808943391 -0.511096850
v -3.385531066 -6.074997067 -0.875858429
v -4.198216520 -14.392626275 -1.160465148
v -2.679618901 -13.805509338 -1.007881596
v -2.647205833 -14.385198329 -0.985819251
v -2.631185834 -13.821563431 -1.454365407
v -3.802188110 -12.663035313 -0.508561615
v -3.959677652 -12.850843000 -0.679434585
v -4.199189020 -13.064565683 -1.208319886
v -4.162283480 -13.045138833 -1.459370186
v -3.990911150 -12.761748707 -1.904770574
v -3.940102137 -9.655092772 -2.044845139
v -3.803576759 -9.774547834 -0.632386449
v -4.124033503 -9.856566322 -1.037144287
v -4.181493279 -9.866946302 -1.183202585
v -4.188975715 -9.832153569 -1.219591046
v -4.179656327 -9.796676628 -1.181649975
v -3.939302025 -9.572297794 -0.799843983
v -3.803521738 -9.462223764 -0.651398904
v -3.803512973 -9.414409037 -0.654310561
v -4.128153761 -9.480952643 -1.050472621
v -4.195929287 -9.514059625 -1.273319703
v -4.101374987 -9.553254625 -1.053018366
v -4.095200926 -9.596593701 -1.031072898
v -4.104836142 -9.643708740 -1.057917310
v -4.187209278 -9.737088484 -1.326748715
v -4.103010641 -9.704956384 -1.809652916
v -4.038132895 -9.665544164 -1.867349846
v -4.018109858 -6.878375259 -1.101789311
v -3.938515631 -14.373089554 -0.623553838
v -4.101621900 -12.996773246 -0.917748070
v -3.933725342 -9.815296305 -0.780450747
v -4.117251770 -9.708209245 -1.027688926
v -3.959259383 -9.445072401 -0.795192820
v -4.159118762 -14.401496241 -1.407426275
v -4.192804130 -6.963750832 -1.678009365
v -4.094883411 -12.969289771 -1.676363687
v -4.190783536 -9.755751330 -1.575954578
v -4.190991335 -9.470971885 -1.586355371
v -4.099670861 -9.400549779 -1.820368498
v -3.962050705 -9.352567926 -1.982713405
v -4.082685502 -6.752981734 -1.337974893
v -3.835893568 -10.617838747 -1.929257945
v -3.690856332 -10.602605101 -0.610283230
v -3.720028422 -12.664450810 -0.549556052
v -3.832582011 -12.829124948 -0.675547832
v -4.124064217 -13.064411746 -1.205565806
v -4.081738139 -13.044973789 -1.456417389
v -3.773206857 -12.760034953 -1.861607718
v -3.939846317 -9.750365125 -1.918126756
v -3.697522089 -9.775468437 -0.660079466
v -4.053016701 -9.861252997 -1.034366824
v -4.128348746 -9.866837404 -1.181254304
v -4.146225412 -9.832063973 -1.218023889
v -4.136907798 -9.796589032 -1.180082811
v -3.882806332 -9.558662852 -0.798259605
v -3.722976177 -9.462056722 -0.648446171
v -3.722967410 -9.414243993 -0.651357756
v -4.047608198 -9.480787599 -1.047519816
v -4.117237928 -9.517455195 -1.225185965
v -4.050148364 -9.553149657 -1.051140394
v -4.043972527 -9.596488730 -1.029194862
v -4.053609741 -9.643603773 -1.056039347
v -4.125502742 -9.736962042 -1.324486549
v -4.041304105 -9.704829942 -1.807390751
v -3.957587554 -9.665379120 -1.864397048
v -4.026505952 -12.986897223 -0.915344359
v -3.862712059 -9.815150793 -0.777847395
v -4.060748008 -9.708093464 -1.025617494
v -3.878714042 -9.444907357 -0.792240023
v -4.014337848 -12.969124726 -1.673410882
v -4.129076999 -9.755624889 -1.573692413
v -4.020391658 -9.750530169 -1.921079554
v -3.954392558 -7.405034503 -0.897019853
v -4.115952095 -7.258893862 -1.127053554
v -4.194272462 -7.105952760 -1.355809580
v -3.185516772 -7.422149526 -0.752867055
v -3.370643942 -6.838314586 -0.812188966
v -3.829322276 -7.267474874 -0.779465856
v -3.502823274 -7.450281465 -0.687080421
v -4.229983623 -6.903076503 -1.364252452
v -4.169094145 -7.030808016 -1.083586676
v -4.020103253 -7.156624552 -0.888635337
v -2.912790003 -7.332566081 -7.775923171
v -2.920537886 -7.513416117 -7.553864458
v -3.284489009 -7.136898901 -3.571929330
v -3.268840959 -7.108695082 -4.000347635
v -3.233769663 -8.529532310 -4.877593484
v -3.151473058 -5.091460055 -7.314618430
v -3.147510695 -7.334226331 -7.297345056
v -3.205083951 -8.132030341 -5.682290008
v -2.715558476 -5.288728271 -7.341913943
v -2.817410970 -8.908430659 -4.054903608
v -2.780373732 -9.125805158 -3.600920993
v -2.580673335 -6.769872158 -7.648397185
v -2.947137416 -7.278792751 -3.554426446
v -2.785874887 -7.562938094 -3.538272008
v -2.840030244 -7.388482881 -4.080054883
v -2.735319449 -8.727636835 -4.852150745
v -2.784752524 -8.693388204 -3.505647410
v -2.843522875 -8.727856665 -4.856117557
v -2.843292431 -9.044333052 -4.844714367
v -2.855823632 -9.050346147 -4.502556677
v -2.851167886 -9.222070825 -4.620004557
v -2.846793449 -9.239983466 -4.738279163
v -2.735663916 -8.254478938 -4.869201217
v -2.569535675 -5.841244121 -7.457744361
v -2.711783735 -7.901982754 -5.539740810
v -2.638936244 -7.092855679 -7.294061114
v -3.137447076 -7.513860581 -7.561816362
v -3.129676995 -7.333010499 -7.783874262
v -3.884955857 -9.615588984 -2.483154611
v -3.897231576 -8.650251839 -2.202258561
v -3.896536927 -9.604237702 -2.167884806
v -3.885650505 -8.661603121 -2.517528366
v -3.817881611 -9.617375014 -2.534078352
v -3.834986212 -8.647304800 -2.121726343
v -3.834291564 -9.601290663 -2.087352587
v -3.818576259 -8.663389151 -2.568452108
v -4.154278509 -10.757573137 -2.375092308
v -3.974015553 -10.757236740 -2.369399054
v -3.974094675 -10.648576467 -2.373314271
v -4.154357630 -10.648912864 -2.379007525
v -3.983716616 -10.639145441 -2.111377545
v -3.983637495 -10.747805714 -2.107462328
v -4.163879198 -10.748162942 -2.113734132
v -4.163960316 -10.639504449 -2.117649358
v -4.203952890 -10.644301378 -2.249971890
v -4.203873835 -10.752959812 -2.246054962
v -1.942681178 -6.938677163 -1.790421583
v -2.165764354 -6.871431389 -1.899394948
v -2.786803340 -8.619678774 -1.855125410
v -2.758879359 -9.060757579 -1.796223274
v -2.014556130 -6.885287153 -1.163130826
v -2.891782897 -6.638696213 -0.974852258
v -2.744444607 -6.772501824 -1.792869377
v -2.799577078 -8.586959629 -1.059198702
v -1.853114811 -6.956369334 -1.355767664
v -1.844152467 -6.964446219 -1.582386227
v -2.663748798 -9.367148341 -1.565925848
v -2.672566691 -9.357170378 -1.288875385
v -2.698226560 -9.036835030 -1.133518821
v -2.700043181 -10.512886089 -1.483486551
v -2.697728841 -13.678851260 -1.369403028
v -2.886515077 -13.656895008 -0.756229015
v -2.888829498 -10.490929757 -0.870310320
v -2.986641594 -10.728947722 -0.497868418
v -2.846170220 -10.954642473 -0.761095650
v -1.892340765 -10.111785694 -0.665020368
v -1.892400825 -10.029303540 -0.667992342
v -1.875437275 -10.041360144 -1.002945942
v -1.875377215 -10.123842298 -0.999973968
v -2.507246323 -10.725750607 -1.604064478
v -2.467141375 -10.714217875 -1.284803346
v -2.452082760 -10.586639086 -1.290662637
v -2.507337958 -10.599904637 -1.608598925
v -2.745646134 -10.760428837 -0.944242475
v -2.590134948 -10.691233015 -0.855904295
v -2.950166399 -10.599138470 -1.627391562
v -2.950724002 -9.835712056 -1.654900974
v -2.988037451 -9.860990700 -0.508409449
v -2.760061784 -10.613439615 -2.028137598
v -2.676152674 -10.733080722 -1.694946917
v -2.676248454 -10.601542148 -1.699686479
v -2.671683499 -13.817335148 -1.014739612
v -2.671787665 -13.674279063 -1.019894169
v -2.634988271 -13.684111568 -1.293522497
v -2.634884104 -13.827167653 -1.288367939
v -2.673984113 -13.698753053 -1.588082067
v -2.637139850 -10.741805652 -1.399544526
v -2.513312841 -13.691171600 -1.380918529
v -2.513211648 -13.830233209 -1.375906122
v -2.521506294 -13.834962594 -1.506994634
v -2.673882855 -13.837814726 -1.583071435
v -2.521607552 -13.695900921 -1.512005266
v -2.984399940 -13.794956557 -0.387389159
v -2.823138840 -13.499550453 -0.713185497
v -2.911585811 -13.413182508 -0.910966340
v -2.925136876 -11.018994699 -0.939225452
v -2.817268829 -13.511883015 -1.185674589
v -2.859983055 -10.884945758 -1.181963618
v -2.757696152 -13.849712225 -1.911523442
v -2.742801017 -13.367586868 -1.314608968
v -2.744489047 -11.059190892 -1.397789168
v -4.068601867 -11.602124567 -2.753130052
v -4.069096737 -10.925245248 -2.777519255
v -4.025316511 -11.572800430 -1.940162613
v -4.077642270 -11.593263542 -2.507024477
v -4.009250404 -10.912151527 -2.415334455
v -4.008757531 -11.589030851 -2.390945326
v -4.078137140 -10.916384222 -2.531413679
v -4.025809384 -10.895921106 -1.964551742
v -3.907218837 -11.601793881 -2.747213740
v -3.907711709 -10.924914557 -2.771602869
v -3.933807194 -11.569819872 -1.859291511
v -3.918107468 -11.590890840 -2.444398116
v -3.918600341 -10.914011516 -2.468787246
v -3.934300066 -10.892940548 -1.883680640
v -4.286229260 -11.016980758 -1.858602592
v -4.286505487 -10.637628780 -1.872271298
v -4.298690381 -11.004766888 -1.519375316
v -4.298966607 -10.625414910 -1.533044022
v -4.302141515 -10.895360287 -1.431351687
v -4.281980233 -10.917440074 -1.980069766
v -4.159600359 -11.016721285 -1.853960368
v -4.159876585 -10.637369308 -1.867629074
v -4.172061479 -11.004507415 -1.514733093
v -4.172337706 -10.625155437 -1.528401799
v -4.175512614 -10.895100814 -1.426709464
v -4.155521336 -10.744677619 -1.980432100
v -4.302294219 -10.732660176 -1.436280242
v -4.282150238 -10.744937091 -1.985074323
v -4.175665318 -10.732400703 -1.431638018
v -4.155351331 -10.917180601 -1.975427542
v -4.269497045 -10.929675573 -2.319897775
v -4.143038148 -10.756913118 -2.320260109
v -4.269667050 -10.757172591 -2.324902332
v -4.142868143 -10.929416101 -2.315255551
v -4.057224995 -10.937040688 -2.528593910
v -3.990360931 -10.762333639 -2.473782972
v -4.057939257 -10.764543655 -2.533752590
v -3.989646349 -10.934830768 -2.468626946
v -4.049387013 -10.944723151 -2.741966157
v -3.980306477 -10.772188595 -2.747493900
v -4.050101275 -10.772226118 -2.747124837
v -3.979591928 -10.944685691 -2.742336986
v -3.797585318 -14.216248893 -2.038128505
v -3.801129820 -9.348457249 -2.213523433
v -3.808296281 -14.205750455 -1.746545530
v -3.680604645 -9.332777699 -1.780799515
v -2.983073712 -14.199147310 -1.579963001
v -2.986618214 -9.331355666 -1.755357929
v -3.677060143 -14.200569344 -1.605404588
v -3.811840782 -9.337958811 -1.921940458
v -4.023710860 -10.780347365 -2.781069102
v -4.023939767 -10.465980842 -2.792396270
v -3.938156356 -10.754789720 -2.073537870
v -4.033626652 -10.770628320 -2.511132947
v -3.941951493 -10.451981906 -2.405536185
v -3.941722585 -10.766348429 -2.394209017
v -4.033855559 -10.456261797 -2.522460115
v -3.938385262 -10.440424973 -2.084864974
v -3.701834719 -10.779687815 -2.769269102
v -3.702065402 -10.465321296 -2.780596336
v -3.722280990 -10.753735985 -2.048606454
v -3.713598674 -10.767926819 -2.442624674
v -3.713827581 -10.453560296 -2.453951841
v -3.722509897 -10.439369463 -2.059933622
v -3.315785776 -9.678594910 -4.614521528
v -3.327628493 -9.441487231 -4.304733061
v -3.328960985 -9.626250418 -4.258058675
v -3.315683994 -9.815632512 -4.609583754
v -3.166951294 -9.678289936 -4.609065247
v -3.166851510 -9.815327542 -4.604127546
v -3.341172978 -9.634275142 -3.924495798
v -3.360554826 -9.941158272 -3.378597197
v -3.211722342 -9.940853302 -3.373140988
v -3.344875263 -9.392077860 -3.837043590
v -3.360960300 -9.386961466 -3.398567714
v -3.178794011 -9.441182258 -4.299276780
v -3.180126503 -9.625945444 -4.252602393
v -3.192338496 -9.633970169 -3.919039516
v -3.196040781 -9.391772886 -3.831587308
v -3.212125818 -9.386656493 -3.393111432
v -3.931274357 -8.660221417 -2.975610273
v -3.931689883 -8.089564962 -2.996172009
v -3.946478695 -8.645318760 -2.561704796
v -3.946894221 -8.074662305 -2.582266532
v -3.955314339 -8.404887318 -2.334127952
v -3.955392094 -8.298104101 -2.337975535
v -3.922779349 -8.523519022 -3.214974914
v -3.922983515 -8.243129258 -3.225077841
v -3.790530836 -8.659933022 -2.970450606
v -3.790946362 -8.089276567 -2.991012342
v -3.805735174 -8.645030365 -2.556545130
v -3.806150700 -8.074373910 -2.577106866
v -3.814570818 -8.404598923 -2.328968286
v -3.814648573 -8.297815706 -2.332815869
v -3.782035828 -8.523230628 -3.209815248
v -3.782239995 -8.242840863 -3.219918175
v -3.984304328 -8.298687468 -3.208770138
v -3.984182714 -8.465703923 -3.202752247
v -3.966763839 -8.482672919 -3.676949585
v -3.966885279 -8.315894876 -3.682958885
v -3.806671070 -8.285075874 -2.834592929
v -3.806549457 -8.452092329 -2.828575039
v -3.775635444 -8.482281282 -3.669942806
v -3.775756885 -8.315503239 -3.675952106
v -3.603953116 -23.417611694 0.776089714
v -3.592994401 -23.513612520 1.115556579
v -3.654459266 -23.578867507 -0.694145148
v -3.654540042 -23.470767466 -0.698038476
v -3.610239208 -22.896862369 1.233851463
v -3.552026766 -22.896378605 1.246051757
v -3.607556300 -23.147137376 1.383190769
v -3.660783777 -23.147883665 1.363653115
v -3.607426702 -23.325120263 1.389603799
v -3.551581350 -23.508084452 1.268092574
v -3.609790306 -23.508566369 1.255894120
v -3.660652405 -23.325862997 1.370066083
v -3.604367812 -22.853277624 0.755755645
v -3.635708243 -22.116588028 -0.203031860
v -3.635668496 -21.877125573 -0.140545650
v -3.593519099 -22.797791869 1.089761975
v -3.513564495 -23.352588141 -0.574976383
v -3.523707915 -23.341089621 -0.255747973
v -3.539021921 -23.322394098 0.263424331
v -3.544162553 -23.110094812 0.323018925
v -3.604194502 -23.088852503 0.764243880
v -3.191377833 -23.340406874 -0.243564795
v -3.302437576 -22.797957265 1.079289308
v -3.301914416 -23.513777936 1.105083411
v -3.228265835 -23.146360180 1.397095581
v -3.274632597 -22.895810203 1.256221045
v -3.274185182 -23.507517821 1.278261999
v -3.228136317 -23.324342987 1.403510830
v -3.186586365 -23.416756476 0.791390405
v -3.221978919 -23.512850504 1.129157966
v -3.027901580 -23.577583640 -0.671175504
v -3.027980359 -23.469483595 -0.675068758
v -3.215969953 -22.896054480 1.248305398
v -3.174036631 -23.146882730 1.381497168
v -3.215524604 -23.507758487 1.270347925
v -3.173907032 -23.324865617 1.387910199
v -3.186997287 -22.852422399 0.771056475
v -3.088552477 -22.115466862 -0.182973096
v -3.094149478 -21.876014182 -0.120693593
v -3.222500064 -22.797031621 1.103363556
v -3.214194331 -23.321726725 0.275332467
v -3.214301781 -23.109417125 0.335111577
v -3.186825753 -23.087995506 0.779544580
v -3.516246367 -22.798395376 1.071451064
v -3.515725205 -23.514216051 1.097245094
v -3.343552852 -22.618318634 -0.669258738
v -3.085729233 -22.623006810 -0.804630803
v -3.341417000 -25.536518935 -0.564106543
v -3.083595221 -25.541208826 -0.699476834
v -3.072259699 -22.636210859 -1.171309855
v -3.070125607 -25.554411179 -1.066158169
v -3.319455966 -22.641935652 -1.325196361
v -3.317321874 -25.560135972 -1.220044674
v -3.514657957 -22.640075713 -1.269632107
v -3.512523963 -25.558275937 -1.164477759
v -3.639901150 -22.634415752 -1.110018388
v -3.637767156 -25.552615976 -1.004864040
v -3.647346990 -22.627117650 -0.907321364
v -3.645212980 -25.545317890 -0.802167459
v -3.534151278 -22.620969173 -0.738968236
v -3.532017268 -25.539169413 -0.633814332
v -3.126487551 -25.615798619 -0.730488797
v -3.338238880 -26.752899991 -0.582706616
v -3.339258436 -25.611928206 -0.618772156
v -3.129432338 -26.756698296 -0.692341904
v -3.115371652 -25.626693959 -1.033095279
v -3.118523487 -26.767390696 -0.989311960
v -3.319373689 -25.631418405 -1.160091729
v -3.318724583 -26.772027090 -1.113941494
v -3.480465965 -25.629883422 -1.114235394
v -3.476815103 -26.770522534 -1.068940896
v -3.583823217 -25.625212529 -0.982513896
v -3.578247590 -26.765938589 -0.939671404
v -3.589967920 -25.619189747 -0.815237529
v -3.584277850 -26.760027980 -0.775510511
v -3.496553009 -25.614115573 -0.676300129
v -3.492602528 -26.755048359 -0.639162120
v -4.357251297 -14.482983459 -1.147840025
v -4.295698656 -14.473259559 -0.879213408
v -3.987343284 -14.457555194 -0.449596606
v -3.377773023 -14.447843991 -0.192397085
v -2.848751741 -14.451821328 -0.313472220
v -2.371376563 -14.474115349 -0.941852464
v -2.597423662 -14.509825949 -1.928372069
v -3.300846161 -14.523242528 -2.286511438
v -3.699759173 -14.520243375 -2.195213465
v -4.266695782 -14.501686965 -1.668754434
v -4.192656650 -15.299285420 -1.370599293
v -4.158431580 -15.283112554 -0.922440191
v -3.904566470 -15.269559547 -0.551429543
v -3.371511650 -15.260751736 -0.317755872
v -2.920524358 -15.264142301 -0.420969172
v -2.513564084 -15.283147854 -0.956660517
v -2.706267989 -15.313590944 -1.797663055
v -3.305931822 -15.325028384 -2.102971568
v -3.626810876 -15.322615970 -2.029534542
v -3.998068834 -15.313744693 -1.775824494
v -4.011991973 -14.350116996 -1.139941179
v -3.869721170 -14.338407478 -0.817838287
v -3.585352498 -14.330710979 -0.609981604
v -3.365191243 -14.328111647 -0.542290674
v -3.010547225 -14.330777976 -0.623457035
v -2.690523740 -14.345723401 -1.044709471
v -2.842061449 -14.369663041 -1.706051606
v -3.313620438 -14.378657236 -1.946140780
v -3.766046273 -14.372790500 -1.774176447
v -3.974045234 -14.362702115 -1.489986889
v -4.185993703 -8.967483679 -0.334048666
v -4.182644088 -9.180725467 -0.413450795
v -3.972755026 -9.180295388 -0.405756249
v -3.976102866 -8.967051710 -0.326354123
v -4.193770051 -8.872894208 -0.127215217
v -3.983880991 -8.872462242 -0.119520739
v -4.201419659 -8.952361915 0.085889812
v -3.991530663 -8.951931772 0.093586133
v -4.204459736 -9.159342680 0.180433415
v -3.994570675 -9.158910825 0.188127897
v -4.201111962 -9.372584297 0.101032991
v -3.991222901 -9.372152442 0.108727474
v -4.193335547 -9.467175831 -0.105802160
v -3.983446486 -9.466743753 -0.098107686
v -4.185686005 -9.387706172 -0.318905483
v -3.975796945 -9.387274095 -0.311211008
v -4.243809229 -8.934146663 -0.372147786
v -4.239908395 -9.182612521 -0.464665575
v -4.252871874 -8.823928962 -0.131149247
v -4.261785127 -8.916527298 0.117158946
v -4.265327656 -9.157695849 0.227319173
v -4.261426820 -9.406163372 0.134801444
v -4.252363888 -9.516381248 -0.106198858
v -4.243452700 -9.423780854 -0.354505422
v -4.324453487 -9.182787537 -0.467764939
v -4.328354323 -8.934319903 -0.375247214
v -4.393670510 -9.170444133 -0.123845051
v -4.337417079 -8.824102202 -0.134248679
v -4.346328444 -8.916700534 0.114059583
v -4.349872748 -9.157870864 0.224219808
v -4.345971914 -9.406336611 0.131702015
v -4.336909093 -9.516554488 -0.109298290
v -4.327997792 -9.423956091 -0.357604778
v -3.983662850 -9.169603995 -0.108814144
v -3.498302562 -13.916854491 -0.544775643
v -3.797718863 -13.921450658 -0.666283722
v -3.996224649 -13.930779826 -0.921125877
v -4.040628648 -13.942336195 -1.241017840
v -3.919033439 -13.953031497 -1.540243579
v -3.664021153 -13.959991684 -1.738627020
v -2.802565873 -12.601571858 -1.134845699
v -2.924160842 -12.590878791 -0.835620315
v -3.179175144 -12.583916373 -0.637236584
v -3.499274141 -12.582550235 -0.592852926
v -3.798690442 -12.587146402 -0.714361005
v -3.997196229 -12.596473350 -0.969203240
v -4.041600227 -12.608031939 -1.289095123
v -3.920005019 -12.618725021 -1.588320943
v -3.664992732 -12.625687427 -1.786704304
v -3.344891959 -12.627053562 -1.831087896
v -3.045475452 -12.622457379 -1.709579366
v -2.846969649 -12.613130447 -1.454737574
v -2.916955135 -12.602168268 -1.149086400
v -3.016099363 -12.593449564 -0.905109829
v -3.224025465 -12.587772711 -0.743356403
v -3.485020973 -12.586658848 -0.707168623
v -3.729153212 -12.590406397 -0.806241962
v -3.891006333 -12.598011178 -1.014029045
v -3.927210743 -12.607435528 -1.274854414
v -3.828068497 -12.616154253 -1.518831502
v -3.620140478 -12.621831021 -1.680582637
v -3.359145111 -12.622944965 -1.716772643
v -3.115014664 -12.619197403 -1.617698925
v -2.953161543 -12.611592622 -1.409911843
v -2.916382591 -13.388463727 -1.120754819
v -3.015526819 -13.379745023 -0.876778248
v -3.223452921 -13.374068170 -0.715024821
v -3.484448429 -13.372954307 -0.678837042
v -3.728580668 -13.376701856 -0.777910381
v -3.890433789 -13.384306637 -0.985697463
v -3.926638199 -13.393730987 -1.246522833
v -3.827495952 -13.402449711 -1.490499921
v -3.619567934 -13.408126480 -1.652251055
v -3.358572567 -13.409240424 -1.688441061
v -3.114442120 -13.405492862 -1.589367344
v -2.952588999 -13.397888081 -1.381580261
v -3.598773177 -12.927642712 -0.727491791
v -3.682341630 -9.092524810 -0.790689010
v -3.690813118 -12.913964324 -0.346011094
v -3.693603752 -9.081486148 -0.484101891
v -3.134438495 -12.926691253 -0.710469252
v -3.137230905 -9.094213081 -0.848560115
v -3.679550996 -12.925002986 -0.652598212
v -3.601563811 -9.095164536 -0.865582588
v -2.912797990 -8.130755146 0.210400541
v -2.926706390 -8.117122713 0.589026892
v -3.166402532 -8.434900995 0.212035437
v -3.180310932 -8.421268562 0.590661788
v -3.556205297 -8.503714950 0.200194129
v -3.570113697 -8.490082517 0.578820480
v -3.791907388 -8.368169372 0.186655571
v -3.805815789 -8.354535052 0.565281854
v -3.928105608 -8.132839310 0.173179434
v -3.942013943 -8.119206941 0.551804010
v -3.928305707 -7.860780788 0.163376623
v -3.942214041 -7.847148419 0.542001199
v -3.792452095 -7.624891503 0.159872080
v -3.806360495 -7.611259070 0.538498431
v -3.556948324 -7.488382259 0.163608026
v -3.570856724 -7.474749826 0.542234377
v -3.284898332 -7.487824807 0.173581396
v -3.298806733 -7.474190515 0.552207680
v -2.981095311 -7.741032532 0.193859765
v -2.995003645 -7.727400163 0.572484341
v -3.848366313 -7.533551970 -0.568598473
v -3.881785346 -7.629524461 -0.946700214
v -3.771928446 -7.507248152 -0.563148213
v -3.675118315 -7.498226576 -0.682499348
v -3.947310935 -7.621765453 -0.818422698
v -3.834986758 -7.572750855 -0.560486459
v -3.868138121 -7.668586527 -0.938366653
v -3.758901884 -7.546673234 -0.555562828
v -3.933496627 -7.660774432 -0.810120499
v -3.565906778 -5.743267475 -0.756605254
v -3.570719077 0.897440392 -0.995906806
v -3.380018882 0.897831151 -0.988915725
v -3.375182610 -5.742876667 -0.749613294
v -3.566250710 -5.270932749 -0.773624289
v -3.375526542 -5.270541941 -0.766632329
v -3.566501715 -4.926218548 -0.786044936
v -3.375777547 -4.925827739 -0.779052976
v -3.566868764 -4.422137855 -0.804207833
v -3.376144595 -4.421747046 -0.797215873
v -3.567110396 -4.090294834 -0.816164709
v -3.376386228 -4.089904025 -0.809172749
v -3.568959717 -1.550556404 -0.907675864
v -3.378237325 -1.550165598 -0.900683970
v -3.567483392 -3.578046839 -0.834621888
v -3.376759224 -3.577656030 -0.827629928
v -3.567731042 -3.237939730 -0.846876533
v -3.377008650 -3.237548925 -0.839884638
v -3.568102796 -2.727397252 -0.865272259
v -3.377380403 -2.727006447 -0.858280364
v -3.568343989 -2.396157589 -0.877207395
v -3.377621597 -2.395766784 -0.870215501
v -3.568715577 -1.885842424 -0.895594931
v -3.377993185 -1.885451619 -0.888603036
v -3.381247143 -5.264934846 -0.610901229
v -3.499983670 -5.266846820 -0.661565347
v -3.500180118 -4.997058154 -0.671286298
v -3.381422080 -5.024687384 -0.619557759
v -3.381865197 -4.416139951 -0.641484772
v -3.500601724 -4.418051925 -0.692148891
v -3.500795628 -4.151756649 -0.701743969
v -3.382038223 -4.178516361 -0.650046760
v -3.382479825 -3.572048935 -0.671898827
v -3.501216352 -3.573960909 -0.722562945
v -3.501412235 -3.304946973 -0.732255981
v -3.382657731 -3.330162556 -0.680614476
v -3.383101005 -2.721399353 -0.702549264
v -3.501835756 -2.723311323 -0.753213317
v -3.502030274 -2.456172279 -0.762838797
v -3.383274667 -2.482902249 -0.711142726
v -3.502448537 -1.881756495 -0.783535989
v -3.502643952 -1.613386762 -0.793205813
v -3.383888360 -1.640095865 -0.741510493
v -3.383713786 -1.879844524 -0.732871936
v -4.050613842 0.868413646 -1.841740294
v -3.894352239 0.883152326 -1.435850830
v -3.588645086 0.889066808 -1.227939304
v -3.594060206 0.844412305 -2.517083575
v -3.958039691 0.853178182 -2.266445836
v -4.045773825 -5.778555894 -1.602238519
v -3.889512222 -5.763817214 -1.196349055
v -3.583832928 -5.751641140 -0.988639979
v -3.589218348 -5.802557296 -2.277583509
v -3.953197898 -5.793791355 -2.026943995
v -3.184459995 -5.742485861 -0.742621391
v -3.189318688 0.898221911 -0.981924643
v -3.184803928 -5.270151135 -0.759640426
v -3.185054933 -4.925436933 -0.772061073
v -3.185421981 -4.421356240 -0.790223970
v -3.185663614 -4.089513219 -0.802180846
v -3.187512934 -1.549774789 -0.893692001
v -3.186036609 -3.577265224 -0.820638025
v -3.186284260 -3.237158116 -0.832892670
v -3.186656013 -2.726615638 -0.851288396
v -3.186897206 -2.395375974 -0.863223532
v -3.187268794 -1.885060810 -0.881611068
v -3.259112813 -5.266353256 -0.652735006
v -3.259309261 -4.996564590 -0.662455957
v -3.259732643 -4.417558365 -0.683318615
v -3.259926547 -4.151263089 -0.692913693
v -3.260347271 -3.573467349 -0.713732670
v -3.260543154 -3.304453413 -0.723425706
v -3.260966675 -2.722817763 -0.744383041
v -3.261161193 -2.455678719 -0.754008522
v -3.261579456 -1.881262935 -0.774705713
v -3.261774871 -1.612893202 -0.784375537
v -2.640781952 0.863589925 -2.004105426
v -2.834285170 0.885324488 -1.396988705
v -3.154416930 0.889956576 -1.212020472
v -3.054440673 0.845518028 -2.497301089
v -2.829443155 -5.761645049 -1.157486856
v -3.149556158 -5.750751272 -0.972719365
v -3.049598593 -5.801451573 -2.257801015
v -2.635940159 -5.783379612 -1.764603586
v -3.366695635 -5.751169291 -0.980654435
v -3.554599119 -4.923788278 -3.424535969
v -3.556412022 -2.800022061 -3.493790128
v -3.595244568 -5.873510767 -2.262740206
v -3.505564662 0.371921124 -5.058078844
v -3.599907557 0.530340481 -2.493482010
v -3.576102169 -5.131436975 -2.826377165
v -3.003741609 -4.922659528 -3.404341498
v -3.005554513 -2.798893311 -3.473595657
v -3.044387058 -5.872382016 -2.242545735
v -3.049051824 0.531469228 -2.473287604
v -2.954708929 0.373049871 -5.037884438
v -3.025244660 -5.130308225 -2.806182694
v -3.592089791 -3.249415742 -3.662498926
v -3.591073323 -4.640714685 -3.612363453
v -2.954767370 -4.639410844 -3.589036437
v -3.555612746 -2.135582118 -4.719866387
v -3.603165424 -4.610034692 -3.284234285
v -3.609020962 -4.415356762 -3.135390366
v -2.972715012 -4.414050922 -3.112063422
v -3.582082832 -2.109715328 -3.999270706
v -2.966859472 -4.608730851 -3.260907268
v -3.610007927 -3.067454840 -3.183959578
v -2.955780289 -3.248109673 -3.639171860
v -2.919299468 -2.134278262 -4.696539102
v -2.945769554 -2.108411471 -3.975943421
v -2.973696490 -3.066150924 -3.160630583
v -3.715792359 -5.064811188 -2.591235263
v -3.716012740 -4.762153750 -2.602140532
v -3.728689837 -5.052169618 -2.240129079
v -3.728910219 -4.749512181 -2.251034348
v -2.903420710 -5.063146574 -2.561453667
v -2.903641091 -4.760489137 -2.572358937
v -2.916318188 -5.050505004 -2.210347483
v -2.916538570 -4.747847567 -2.221252753
v -3.434753378 -3.758369845 -3.231075535
v -3.464888216 -3.977851058 -3.224278308
v -3.411981079 -3.780692076 -3.851002416
v -3.288521560 -3.697479312 -3.227896241
v -3.265749262 -3.719801543 -3.847823122
v -3.089079631 -3.853168418 -3.836531497
v -3.111851929 -3.830845965 -3.216604624
v -3.192330264 -4.103098560 -3.831323781
v -3.215102563 -4.080774331 -3.211396972
v -3.442115852 -4.000173353 -3.844206963
v -4.160382710 -5.769197898 -1.681948629
v -4.065768027 -5.754250766 -1.269028110
v -3.777234824 -5.742859448 -0.958712082
v -3.372093406 -5.738076176 -0.834147794
v -2.958904335 -5.741182624 -0.928712035
v -2.648379441 -5.751346424 -1.217066556
v -2.643164196 -5.776165550 -1.905985091
v -3.312011544 -5.796965909 -2.469747612
v -3.725200394 -5.793859461 -2.375183362
v -4.035727079 -5.783695648 -2.086828463
v -4.160122502 -6.126550417 -1.669072602
v -4.065507819 -6.111603285 -1.256152083
v -3.776972618 -6.100211963 -0.945835981
v -3.371833199 -6.095428695 -0.821271766
v -2.958644127 -6.098535143 -0.915836007
v -2.648119233 -6.108698943 -1.204190528
v -2.642903988 -6.133518069 -1.893109064
v -3.311751337 -6.154318428 -2.456871584
v -3.724940186 -6.151211981 -2.362307335
v -4.035466872 -6.141048167 -2.073952435
v -3.639037012 0.054684227 -5.747653815
v -3.636749145 0.602014622 -5.840653925
v -3.877389546 0.032675715 -4.803983110
v -3.877722653 0.490143164 -4.820466451
v -3.602496307 -0.634085618 -5.370714840
v -3.725720135 -0.614465451 -4.497318608
v -3.534046072 -1.267492600 -4.139081271
v -3.413598446 0.371365339 -6.273648008
v -3.456775992 0.710671542 -6.284610892
v -4.080130585 0.507847089 -3.237194567
v -4.080243686 0.663173217 -3.242791236
v -4.100437980 0.863689031 -1.899879098
v -4.100571745 1.047393824 -1.906498299
v -3.796344689 0.888623859 -1.210422210
v -3.795241983 1.253108607 -1.220941314
v -2.601102027 0.035290865 -4.757196106
v -2.772168996 -0.612511549 -4.462361363
v -2.515574146 0.511052989 -3.179837830
v -2.594698049 0.866774347 -1.844680355
v -3.390966831 0.907622213 -0.690828780
v -2.948557632 0.890361042 -1.179342283
v -3.366340487 0.751267401 -1.353838033
v -3.251711382 -0.610776582 -4.404519345
v -3.297517818 0.050003365 -3.191961543
v -3.347359580 0.579089361 -1.861968632
v -3.253244127 -0.364585353 -4.376470293
v -2.769805989 0.056465350 -5.715787751
v -2.767518057 0.603795681 -5.808789636
v -2.601435199 0.492758378 -4.773677673
v -2.831029352 -0.632504885 -5.342434590
v -2.986884979 -1.266371423 -4.119022311
v -2.957419544 0.372300086 -6.256924460
v -2.914944137 0.711781734 -6.264749080
v -3.176977055 0.495212447 -6.504913621
v -2.515687247 0.666379118 -3.185434498
v -2.594831880 1.050479204 -1.851297780
v -3.391233630 1.297579390 -0.705347404
v -2.950378629 1.254839799 -1.189968571
v -3.260465525 -1.266932011 -4.129051791
v -3.177279962 0.768508737 -6.511926650
v -3.558120038 0.914537371 -0.996195694
v -3.389283444 0.923975737 -0.737661669
v -3.556754855 -0.960317848 -0.928641428
v -3.201932620 0.915267227 -0.983137841
v -3.388807098 -0.801626181 -0.654204402
v -3.200565661 -0.959587988 -0.915583509
v -3.390658578 -1.186215190 -0.582204147
v -3.494253953 -11.083321029 -4.748453307
v -2.973013282 -11.082252965 -4.729344592
v -2.974510253 -9.036290125 -4.803067984
v -3.495750923 -9.037360075 -4.822176632
v -2.979250971 -9.144807593 -4.667686899
v -2.981250914 -9.036197947 -4.619203802
v -2.979406397 -8.931354705 -4.675377975
v -3.501004610 -11.069636897 -4.565076202
v -3.499004194 -11.178805235 -4.613540945
v -3.499160431 -10.964240642 -4.621272077
v -2.977919760 -10.963170802 -4.602163425
v -2.979763939 -11.068567058 -4.545967550
v -3.500491641 -9.145877543 -4.686795547
v -2.977763525 -11.177733397 -4.594432365
v -3.502491586 -9.037266010 -4.638312518
v -3.500647004 -8.932422832 -4.694488465
v -3.761836890 -26.593340971 -0.866993975
v -3.711763230 -26.585430253 -0.648457206
v -3.706879065 -33.290591258 -0.406858627
v -3.756954500 -33.298501980 -0.625395461
v -3.559056090 -26.579401440 -0.484223632
v -3.554171768 -33.284562381 -0.242623271
v -3.344636109 -26.576869931 -0.418299014
v -3.339752009 -33.282030873 -0.176698660
v -3.125954263 -26.578513980 -0.468346092
v -3.121071939 -33.283674925 -0.226745804
v -2.928621903 -26.587729639 -0.728099061
v -2.923739595 -33.292890568 -0.486498329
v -3.022063593 -26.602491270 -1.135895009
v -3.017179428 -33.307652275 -0.894296430
v -3.312837783 -26.608037322 -1.283940214
v -3.307953618 -33.313198328 -1.042341635
v -3.531517935 -26.606393190 -1.233890852
v -3.526633613 -33.311554132 -0.992290490
v -3.695863953 -26.601014060 -1.081280912
v -3.690979853 -33.306175002 -0.839680558
v -3.293128424 -7.948063996 1.487997096
v -3.293194423 -7.857425640 1.484731240
v -3.248060865 -7.860839163 1.389082543
v -3.247994866 -7.951477519 1.392348399
v -3.229074354 -7.991172746 0.878460205
v -3.662168569 -7.992060254 0.862581166
v -3.666347279 -8.054397706 0.980050791
v -3.233253000 -8.053508374 0.995927987
v -3.673222049 -7.869502297 1.157243755
v -3.666540914 -7.788471259 0.970469003
v -3.233446637 -7.787580041 0.986346131
v -3.240127769 -7.868614853 1.173121019
v -3.570924579 -7.946248422 1.543999199
v -3.643094622 -7.948781104 1.475167313
v -3.643160686 -7.858142684 1.471903232
v -3.570992576 -7.855610070 1.540733269
v -3.370154247 -7.945837028 1.551359452
v -3.471384297 -7.945215586 1.570652248
v -3.471450296 -7.854577230 1.567386392
v -3.370220246 -7.855198671 1.548093595
v -3.681089147 -7.952364964 1.376471136
v -3.681155145 -7.861726607 1.373205280
v -3.402934564 -7.857869461 1.474631424
v -3.353589742 -7.859484615 1.428808362
v -3.468594982 -7.857375889 1.489656605
v -3.532974637 -7.858135924 1.469864147
v -3.578824445 -7.859946218 1.420549022
v -3.402868565 -7.948507817 1.477897280
v -3.353523744 -7.950122971 1.432074218
v -3.673156051 -7.960140653 1.160509611
v -3.240061770 -7.959253209 1.176386875
v -3.574050731 -7.864625214 1.290594896
v -3.593859566 -7.862321343 1.354935268
v -3.662265387 -7.859097031 0.857790272
v -3.229171108 -7.858207700 0.873667468
v -3.524706197 -7.866240303 1.244773601
v -3.459047489 -7.866733943 1.229746579
v -3.394600125 -7.956612197 1.252806734
v -3.458979714 -7.957372296 1.233012501
v -3.593793567 -7.952959699 1.358201124
v -3.573984732 -7.955263570 1.293860752
v -3.333781195 -7.861788422 1.364469757
v -3.348815947 -7.864163690 1.298852018
v -3.333713198 -7.952426774 1.367735686
v -3.394666124 -7.865973841 1.249540878
v -3.348749948 -7.954802046 1.302117874
v -3.524640198 -7.956878660 1.248039457
v -3.468527208 -7.948014241 1.492922527
v -3.532908638 -7.948774280 1.473130003
v -3.578758528 -7.950584495 1.423817097
v -2.639703042 -13.671489840 -1.363070300
v -2.641861225 -10.720204535 -1.469414095
v -2.574841743 -10.720202889 -1.470722796
v -2.572683625 -13.671488131 -1.364377226
v -2.529565354 -10.723249924 -1.556203118
v -2.602853315 -10.726001595 -1.631090080
v -2.600695229 -13.677286805 -1.524743622
v -2.527407236 -13.674535166 -1.449857548
v -2.578846712 -10.906149973 -2.275864326
v -2.576916840 -13.543977057 -2.180813194
v -2.582556078 -13.695066045 -2.018543123
v -2.584714261 -10.743780739 -2.124886919
v -1.806895115 -6.478751883 -1.485702478
v -1.842194603 -6.473533261 -1.646399629
v -1.873043940 -6.589048186 -1.643373731
v -1.837744005 -6.594270526 -1.482676430
v -2.026274787 -6.428204727 -1.792674912
v -2.057125898 -6.543721543 -1.789649012
v -2.315644855 -6.349188077 -1.726544184
v -2.346495963 -6.464708666 -1.723518148
v -2.420936065 -6.315509285 -1.514137885
v -2.451785402 -6.431024211 -1.511111988
v -2.385634788 -6.320724201 -1.353441247
v -2.416485674 -6.436244735 -1.350415205
v -2.277528915 -6.346415910 -1.231994235
v -2.308378250 -6.461932722 -1.228968270
v -2.125581589 -6.385695144 -1.182338428
v -2.156430926 -6.501210069 -1.179312531
v -1.970508408 -6.428036325 -1.217777452
v -2.001357742 -6.543554969 -1.214751420
v -1.853860634 -6.462098704 -1.328816955
v -1.884709971 -6.577613630 -1.325791057
v -1.952135467 -6.639261721 -1.608674281
v -1.924771336 -6.643304392 -1.484107815
v -2.094827638 -6.604123687 -1.722062697
v -2.319135615 -6.542876225 -1.670799300
v -2.400753325 -6.516763122 -1.506150356
v -2.373389364 -6.520809559 -1.381585096
v -2.289589760 -6.540723217 -1.287442705
v -2.171806371 -6.571172005 -1.248951605
v -2.051597735 -6.603992023 -1.276422353
v -1.961178562 -6.630394341 -1.362495633
v -2.033511021 -6.943968964 -1.600692540
v -2.006149109 -6.948013471 -1.476126090
v -2.176203255 -6.908832726 -1.714079115
v -2.400513165 -6.847585303 -1.662817566
v -2.482129165 -6.821472188 -1.498166781
v -2.454766915 -6.825518638 -1.373603362
v -2.370965756 -6.845432292 -1.279460915
v -2.253181925 -6.875879248 -1.240969864
v -2.132975508 -6.908701102 -1.268440627
v -2.042554116 -6.935101557 -1.354513894
v -3.439329110 -23.106009662 1.084374401
v -3.446632686 -23.098851001 1.283198601
v -3.414144678 -23.154982440 1.286413021
v -3.406841102 -23.162141100 1.087588822
v -3.374434714 -23.105876688 1.086753434
v -3.381738290 -23.098718027 1.285577634
v -3.850626453 -7.990785646 0.963654740
v -3.048528119 -7.989142019 0.993061493
v -3.046664948 -7.919132891 0.938276995
v -3.848761570 -7.920778338 0.908872151
v -3.853748671 -7.960289437 1.047116906
v -3.051652050 -7.958642104 1.076521683
v -3.853813373 -7.871431241 1.043915192
v -3.051716751 -7.869785850 1.073320039
v -3.850731141 -7.847014489 0.958474417
v -3.048634518 -7.845369043 0.987879262
v -4.036475498 -9.138212125 -1.349338378
v -3.865725815 -9.123878163 -0.954973956
v -3.620115421 -9.163257754 -2.052851831
v -3.942660353 -9.153253738 -1.768688944
v -4.035934513 -9.881166078 -1.322568466
v -3.865184830 -9.866832115 -0.928204044
v -3.619574436 -9.906211706 -2.026081919
v -3.942119368 -9.896207690 -1.741919032
v -2.826801828 -8.041031899 -0.259550545
v -2.822258743 -14.252637739 -0.035725595
v -2.829964387 -14.245084988 0.174044025
v -2.834507407 -8.033479213 -0.049782699
v -3.098737222 -14.215270866 1.006916472
v -2.994768131 -14.238950009 0.347640530
v -3.831365601 -14.240667816 0.316970942
v -3.760084552 -14.216627795 0.982671501
v -3.019093122 -14.215107669 1.009836229
v -3.015455055 -13.895392518 0.892679668
v -3.002534841 -13.908056373 0.540954559
v -3.031771721 -13.934999302 1.339973602
v -3.022119303 -13.699032174 1.063489269
v -3.051413607 -8.506511347 1.571883013
v -3.025264970 -9.396491770 0.908451509
v -2.995143730 -13.725474723 0.329137288
v -3.020244132 -8.537064251 0.723361015
v -3.018903064 -9.180161805 0.722773675
v -3.016346796 -8.538729089 0.616428472
v -3.005982785 -9.192825723 0.371046792
v -3.111415822 -13.935162499 1.337053844
v -3.131057930 -8.506674544 1.568963247
v -3.769606274 -13.836459637 1.213167145
v -3.773752354 -8.526885112 1.021145772
v -3.111246731 -8.525525698 1.045433202
v -3.107678022 -13.835101518 1.237433412
v -3.017137449 -7.421994786 0.576189212
v -3.021108456 -7.370247795 0.681616558
v -3.002170602 -7.436666537 0.168749010
v -2.987986531 -7.020432527 -0.241423990
v -3.231399276 -7.243679689 0.669336466
v -3.186976275 -6.901451941 -0.253017541
v -2.999311151 -8.027344234 0.123813806
v -2.998289463 -9.422933811 0.174101286
v -3.001353739 -8.553400815 0.208988787
v -3.856841825 -8.538780393 0.692691359
v -2.987241022 -8.039172908 -0.204715102
v -3.842578701 -9.194543526 0.340377261
v -3.834887156 -9.424650064 0.143431634
v -3.855500756 -9.181879612 0.692104079
v -3.861862662 -9.398209799 0.877781921
v -3.858716995 -13.700750425 1.032819689
v -3.852050750 -13.897108545 0.862010081
v -3.839130470 -13.909774239 0.510283262
v -3.831741422 -13.727192529 0.298467692
v -3.837951432 -8.555116957 0.178319131
v -3.838768295 -7.438382651 0.138079353
v -2.973947154 -14.259359636 -0.219165791
v -2.978488178 -8.047752081 -0.442992506
v -3.982989711 -14.247452956 0.131774236
v -3.975284067 -14.255005707 -0.077995384
v -3.979825075 -8.043398334 -0.301822537
v -3.987530736 -8.035843736 -0.092052539
v -3.855690593 -14.216823699 0.979166577
v -3.868367350 -13.936717168 1.309302304
v -3.888011300 -8.508227489 1.541213357
v -3.852892324 -8.540445124 0.585760728
v -3.772763307 -13.936521268 1.312807155
v -3.792405260 -8.508031584 1.544718280
v -3.853735142 -7.423710914 0.545519555
v -3.857706213 -7.371965711 0.650948743
v -3.824584222 -7.022150500 -0.272093580
v -3.625770343 -6.902352952 -0.269103691
v -3.647598567 -7.244534441 0.654076864
v -3.835906846 -8.029060372 0.093144223
v -3.810544626 -14.261075666 -0.249835443
v -3.823838715 -8.040889050 -0.235384758
v -3.815085870 -8.049470054 -0.473662096
v -3.439523260 -7.210637712 0.660499818
v -3.406399035 -6.866420070 -0.262339103
v -2.996599506 -7.393502877 1.311459634
v -2.973587729 -7.416058060 0.685013354
v -3.005443032 -7.697069722 1.569657712
v -3.133639780 -7.697332407 1.564958011
v -3.124796255 -7.393765562 1.306759933
v -3.928170071 -7.395413678 1.277306044
v -3.937013676 -7.698982302 1.535506407
v -3.004174997 -8.506170223 1.580395688
v -3.132371745 -8.506432909 1.575695987
v -3.134898310 -7.817309149 1.605993707
v -3.006701561 -7.817046464 1.610693408
v -3.794113518 -7.818661765 1.581826902
v -3.938272207 -7.818957158 1.576542036
v -3.905158310 -7.417968845 0.650860207
v -3.108158801 -7.410072900 0.853840933
v -3.791590728 -8.507785587 1.551529046
v -3.935745641 -8.508082859 1.546244385
v -3.107338971 -8.530970874 0.894232512
v -3.766557955 -8.532321666 0.870065503
v -2.972756833 -8.536966881 0.725103679
v -3.904327412 -8.538879470 0.690950598
v -3.792854989 -7.698685051 1.540791207
v -3.784011384 -7.395116426 1.282590843
v -3.783334239 -7.411458183 0.829090803
v -2.684637588 -8.119135799 0.696238204
v -2.971282785 -8.119725045 0.685729841
v -2.697811389 -8.381965732 1.070279041
v -2.984456588 -8.382553091 1.059770610
v -2.708982372 -8.246080788 1.367401919
v -2.995627570 -8.246668146 1.356893488
v -2.713793361 -7.939751767 1.481463886
v -3.000436784 -7.940339122 1.470955521
v -2.709423639 -7.642421466 1.345649190
v -2.996068838 -7.643008825 1.335140759
v -2.698434665 -7.528258617 1.039514882
v -2.985079864 -7.528845976 1.029006451
v -2.687263749 -7.664141666 0.742393713
v -2.973908947 -7.664730884 0.731885349
v -2.562842798 -8.058535328 0.832826956
v -2.564503522 -7.770921307 0.862003145
v -2.571170302 -8.224674466 1.069267786
v -2.578231674 -8.138779887 1.257084370
v -2.581271647 -7.945142162 1.329184457
v -2.578511240 -7.757191526 1.243333241
v -2.571564958 -7.685028496 1.049821569
v -3.847911879 -8.157642849 -0.546111402
v -3.881330911 -8.253615339 -0.924213143
v -3.674663881 -8.122317455 -0.660012277
v -3.771474010 -8.131340890 -0.540661075
v -3.946856501 -8.245856304 -0.795935628
v -3.867683689 -8.292675546 -0.915879650
v -3.834532324 -8.196841761 -0.537999387
v -3.758447450 -8.170764141 -0.533075756
v -3.933042192 -8.284865338 -0.787633427
v -3.847148265 -9.206341562 -0.508324979
v -3.880567297 -9.302314108 -0.886426718
v -3.673900267 -9.171016168 -0.622225854
v -3.770710396 -9.180039658 -0.502874650
v -3.946092886 -9.294555017 -0.758149205
v -3.866920073 -9.341376202 -0.878093157
v -3.833768709 -9.245542306 -0.500212898
v -3.757683836 -9.219462798 -0.495289335
v -3.932278578 -9.333564107 -0.749847002
v -4.182600617 -13.624891275 -0.166234174
v -4.179252777 -13.838134954 -0.245636300
v -3.969363715 -13.837704874 -0.237941753
v -3.972711555 -13.624461196 -0.158539627
v -4.190378742 -13.530301807 0.040599210
v -3.980487904 -13.529871724 0.048293822
v -4.198026573 -13.609771398 0.253704372
v -3.988137576 -13.609341254 0.261400693
v -4.201068425 -13.816752167 0.348247910
v -3.991179364 -13.816320311 0.355942392
v -4.197720651 -14.029993561 0.268847479
v -3.987829593 -14.029561702 0.276542034
v -4.189944236 -14.124585317 0.062012335
v -3.980053176 -14.124155233 0.069706955
v -4.182294694 -14.045115659 -0.151090987
v -3.972403636 -14.044683355 -0.143396448
v -4.240417918 -13.591556261 -0.204333286
v -4.236517084 -13.840022008 -0.296851079
v -4.249478787 -13.481338222 0.036665306
v -4.258392040 -13.573936559 0.284973499
v -4.261936345 -13.815105335 0.395133668
v -4.258033511 -14.063572854 0.302616012
v -4.248972578 -14.173790512 0.061615629
v -4.240059391 -14.081190336 -0.186690853
v -4.321062176 -13.840197023 -0.299950444
v -4.324963012 -13.591729500 -0.207432715
v -4.390279199 -13.827853619 0.043969445
v -4.334023881 -13.481511462 0.033565877
v -4.342937133 -13.574109798 0.281874070
v -4.346481437 -13.815280350 0.392034304
v -4.342578716 -14.063746094 0.299516580
v -4.333517782 -14.173963752 0.058516197
v -4.324604595 -14.081365352 -0.189790221
v -3.980271539 -13.827013481 0.059000351
v -4.066373439 -19.844885347 -1.894466781
v -4.043321094 -19.965205630 -2.054674008
v -3.995743812 -19.847041650 -2.249054938
v -3.997590543 -19.654972587 -2.204941296
v -4.033648863 -19.613643644 -1.975516120
v -4.360818555 -19.823218964 -1.953363574
v -4.337766143 -19.943541087 -2.113572512
v -4.290188862 -19.825375331 -2.307953505
v -4.292037370 -19.633304495 -2.263839993
v -4.328093691 -19.591977324 -2.034414680
v -4.427716235 -19.737575012 -2.140976964
v -4.040868594 -20.277200592 -2.252604859
v -4.327631543 -20.256362825 -2.310126438
v -4.280052517 -20.138198810 -2.504506415
v -4.321655357 -19.918629530 -2.184964212
v -4.305784633 -19.879210366 -2.249806001
v -4.296243530 -20.178412267 -2.438359516
v -4.435462975 -19.779842923 -2.212435705
v -4.437797968 -20.003643287 -2.265678076
v -4.407336213 -20.221439493 -2.394939363
v -4.421927276 -19.964225867 -2.330518914
v -4.391465488 -20.182022106 -2.459781088
v -4.442091734 -19.832276404 -2.147452225
v -3.993291312 -20.159036612 -2.446985789
v -4.311457878 -20.216195776 -2.376203797
v -4.167630623 -20.941098139 -2.781090858
v -4.217530251 -20.987854785 -2.627093741
v -4.084886106 -20.976767066 -2.523774503
v -3.953008426 -20.923156572 -2.613920615
v -4.004146693 -20.901112098 -2.772950370
v -3.854451334 -21.904787446 -2.951124712
v -3.904351026 -21.951545803 -2.797125757
v -3.771707038 -21.940458148 -2.693808301
v -3.639829358 -21.886847655 -2.783954413
v -3.690969244 -21.864803120 -2.942982451
v -4.285768628 -20.160122718 -2.470749431
v -4.318360855 -20.244268386 -2.328448516
v -4.184736067 -20.252889311 -2.239536029
v -4.063971142 -20.174064447 -2.326680511
v -4.132580958 -20.125121390 -2.453431202
v -3.481776005 -21.596971194 -3.191161481
v -3.827088097 -21.666405953 -3.046392522
v -3.931521303 -21.898772493 -2.932189790
v -3.789249692 -22.141013513 -2.929624474
v -3.511353312 -22.251160557 -3.028180033
v -3.346901380 -21.434313827 -2.782355724
v -3.633140883 -21.515844423 -2.635267773
v -3.737017506 -21.747705747 -2.521687352
v -3.594947856 -21.989752727 -2.519062596
v -3.316858059 -22.100097924 -2.617692885
v -3.513450824 -22.703474232 -3.106311161
v -3.877759841 -22.742720658 -2.935398568
v -3.971653546 -22.962341061 -2.795942457
v -3.829516880 -23.204549869 -2.787199883
v -3.561438330 -23.326202818 -2.899847068
v -3.364701493 -22.489519728 -2.723971209
v -3.645128248 -22.550226133 -2.549790052
v -3.738390490 -22.769308848 -2.411314996
v -3.596452406 -23.011311018 -2.402508863
v -3.328186070 -23.133176467 -2.515234027
v -3.609821820 -23.698737494 -2.967211679
v -3.857498743 -23.768613275 -2.793325673
v -3.950515666 -23.987506438 -2.654628676
v -3.808379124 -24.229715342 -2.645888772
v -3.540300608 -24.351368260 -2.758535069
v -3.385803483 -23.513348913 -2.597821449
v -3.633593188 -23.583337297 -2.423702432
v -3.726484947 -23.802112024 -2.285224856
v -3.584535725 -24.044123083 -2.276418884
v -3.316280493 -24.165981451 -2.389144711
v -3.690707987 -22.094888456 -3.176504869
v -3.928870715 -21.995051231 -3.017627366
v -3.740958730 -22.183883441 -3.121351146
v -3.615009574 -22.038380846 -3.244430673
v -3.885863813 -21.898811496 -3.069736798
v -3.819144189 -21.651976630 -3.166890000
v -3.879224016 -21.781578031 -3.095512280
v -3.560085391 -21.898654022 -3.314953069
v -3.629266130 -22.073504776 -3.100314614
v -3.867364317 -21.973484752 -2.941522283
v -3.679518933 -22.162944728 -3.045073770
v -3.553233884 -22.017000727 -3.168494045
v -3.824558130 -21.878206522 -2.993293076
v -3.757105757 -21.630929195 -3.091086548
v -3.817583705 -21.761149565 -3.019285680
v -3.498013494 -21.877131694 -3.239270471
v -4.153228012 -19.678648574 -2.080843931
v -4.191790692 -19.895110891 -2.004539465
v -4.098220509 -19.990267253 -2.165288343
v -4.059938039 -19.775822825 -2.239578458
v -3.962706933 -19.590719152 -1.973864552
v -4.018624163 -19.814255233 -1.904935892
v -3.885147898 -19.907324309 -2.044119311
v -3.832179716 -19.691290486 -2.106648536
v -3.772414296 -23.157485960 -3.016489189
v -3.977943121 -22.966383184 -2.920730179
v -4.015209197 -23.061421741 -2.862370273
v -3.817313417 -23.245521365 -2.955490063
v -3.700319183 -23.101192829 -3.088394679
v -3.978065848 -22.850820447 -2.953848841
v -3.653693505 -22.963311558 -3.167947421
v -3.925725333 -22.722790114 -3.033658160
v -3.917594614 -22.937585427 -2.846198475
v -3.954717814 -23.031676189 -2.788235780
v -3.756852817 -23.216392298 -2.881142330
v -3.711976307 -23.127918361 -2.942258612
v -3.917374074 -22.822191628 -2.879521759
v -3.639545649 -23.071628723 -3.014415889
v -3.592634377 -22.933602193 -3.094236506
v -3.864670782 -22.693550087 -2.959796171
v -3.762366644 -24.212573994 -2.867675248
v -3.942137389 -23.994272487 -2.778471682
v -3.987072926 -24.080697490 -2.712603859
v -3.814022079 -24.291050549 -2.799403575
v -3.687546084 -24.169282723 -2.945549963
v -3.931128855 -23.881753202 -2.819343359
v -3.629544214 -24.042746924 -3.035762273
v -3.868521431 -23.765633208 -2.909329089
v -3.876117775 -23.967584489 -2.708074807
v -3.920825277 -24.053110417 -2.642674936
v -3.747862861 -24.264058879 -2.729218025
v -3.696187951 -24.185157129 -2.797632407
v -3.864797139 -23.855284027 -2.749153122
v -3.621048194 -24.141916039 -2.875771175
v -3.562754398 -24.015281877 -2.966269902
v -3.801780434 -23.738629334 -2.839655534
v -2.544306699 -19.841766511 -1.838667718
v -2.555075721 -19.962156097 -2.000114839
v -2.588775649 -19.844158661 -2.197475396
v -2.764980153 -19.713818165 -2.116512240
v -2.594897536 -19.634501321 -1.921914279
v -2.246430821 -19.818886416 -1.875849987
v -2.257197780 -19.939276061 -2.037298808
v -2.290897930 -19.821278626 -2.234659374
v -2.293072305 -19.629208457 -2.190557808
v -2.274081055 -19.587768489 -1.959114447
v -2.166326245 -19.732941245 -2.058074265
v -2.541750403 -20.274128780 -2.197647092
v -2.251634863 -20.252108944 -2.234020269
v -2.285334602 -20.134111475 -2.431379931
v -2.268139959 -19.914419938 -2.109682273
v -2.279381245 -19.875058105 -2.175517926
v -2.273865979 -20.174266479 -2.364219092
v -2.153195181 -19.775164600 -2.128767688
v -2.166075511 -20.216846972 -2.312774605
v -2.177317242 -20.177483364 -2.378610338
v -2.151127749 -19.827582038 -2.063465341
v -2.575450331 -20.156131344 -2.395007649
v -2.263090868 -20.211998510 -2.301110533
v -2.375737857 -20.935637085 -2.665740258
v -2.436469910 -20.965463302 -2.536315970
v -2.537719545 -20.898107273 -2.719191058
v -2.611175153 -21.945373698 -2.899481457
v -2.671907207 -21.975199027 -2.770057201
v -2.773155065 -21.907843882 -2.952932193
v -2.283837741 -20.154229503 -2.347698884
v -2.358051979 -20.225054596 -2.237470172
v -2.436202387 -20.121645376 -2.391241857
v -3.025215518 -21.596035666 -3.174423945
v -2.611206026 -21.780478020 -2.956374226
v -2.735491303 -22.138854279 -2.890993625
v -3.004972225 -22.250122942 -3.009616070
v -3.190324224 -21.433992988 -2.776615596
v -2.836775710 -21.629377532 -2.529043600
v -2.959951144 -21.988451569 -2.495783576
v -3.229618457 -22.099919163 -2.614494675
v -2.995308554 -22.702412517 -3.087316032
v -2.571146952 -22.849706428 -2.814661502
v -2.701408399 -23.202238285 -2.745843355
v -2.960019029 -23.324970462 -2.877798998
v -3.172528459 -22.489125951 -2.716926134
v -2.833076530 -22.657346450 -2.430738135
v -2.962803780 -23.010012621 -2.379279265
v -3.221595333 -23.132958054 -2.511326404
v -2.905307084 -23.697293888 -2.941384125
v -2.583119619 -23.874893148 -2.662808589
v -2.728640602 -24.227502873 -2.606305490
v -2.987251487 -24.350235018 -2.738260254
v -3.156529767 -23.512879113 -2.589416260
v -2.849769266 -23.690362728 -2.305690846
v -2.979693931 -24.042883714 -2.254245346
v -3.238474168 -24.165822019 -2.386292326
v -2.590400133 -21.992308599 -2.968558950
v -2.769438505 -22.181892719 -3.085735153
v -2.851255764 -22.064990739 -3.181080114
v -2.632477505 -21.837633327 -3.036798358
v -2.690305838 -21.649663551 -3.125506715
v -2.936816122 -21.897376894 -3.292103979
v -2.657401477 -21.971005442 -2.897164970
v -2.836383474 -22.161217077 -3.014164371
v -2.918355609 -22.043873478 -3.109735550
v -2.699457439 -21.817378913 -2.965171878
v -2.757815793 -21.628881570 -3.054452515
v -3.004352547 -21.876120144 -3.221172830
v -2.543542155 -22.905662504 -2.884702475
v -2.511298006 -23.058340108 -2.807236794
v -2.701088876 -23.243234133 -2.914569201
v -2.775193190 -23.127370809 -3.017206552
v -2.849866988 -22.961664453 -3.138479090
v -2.589384874 -22.720051846 -2.984667835
v -2.609466545 -22.877207439 -2.814909023
v -2.577176474 -23.028853498 -2.737735028
v -2.766949735 -23.214363908 -2.844852421
v -2.841183781 -23.098063395 -2.947740710
v -2.916280288 -22.932216290 -3.069441323
v -2.655802750 -22.691073020 -2.915478993
v -2.590721505 -23.935254109 -2.749567236
v -2.546152871 -24.077744931 -2.659779639
v -2.711519473 -24.288791434 -2.758985761
v -2.792906178 -24.189017578 -2.872442286
v -2.879210296 -24.041209430 -3.008254984
v -2.651270312 -23.763138964 -2.864704587
v -2.661973894 -23.908957979 -2.684310881
v -2.617455334 -24.050439709 -2.594893312
v -2.782750098 -24.262081287 -2.693836930
v -2.864298624 -24.161908977 -2.807582434
v -2.951022779 -24.014028391 -2.943843782
v -2.723043709 -23.736418917 -2.800108978
v -4.154151284 -10.932295053 -2.368796776
v -3.973888327 -10.931960431 -2.363103458
v -3.973809206 -11.040620705 -2.359188241
v -4.154072163 -11.040955326 -2.364881559
v -3.983431148 -11.031189679 -2.097251516
v -3.983510269 -10.922529406 -2.101166733
v -4.163751974 -10.922884858 -2.107438600
v -4.163674850 -11.031545135 -2.103523456
v -4.203667424 -11.036342065 -2.235845988
v -4.203746610 -10.927681727 -2.239759430
v -3.718764945 -0.984890661 -2.738241900
v -3.718985326 -0.682233001 -2.749147178
v -3.731882805 -0.669591432 -2.398040994
v -3.731662423 -0.972249091 -2.387135716
v -2.906391520 -0.983226044 -2.708460240
v -2.906611902 -0.680568384 -2.719365517
v -2.919509380 -0.667926814 -2.368259333
v -2.919288999 -0.970584474 -2.357354056
v -3.625662845 -24.662761528 -0.706178277
v -3.752522761 -24.377777659 -0.617053426
v -3.341973382 -24.649264070 -0.598673593
v -3.754211828 -24.280980302 -0.651920121
v -3.343895740 -24.328528746 -0.564163408
v -3.884195975 -23.637567532 -0.509819072
v -3.351835254 -23.694066706 -0.383054849
v -3.887383089 -23.538770400 -0.428404310
v -3.355747258 -23.584589258 -0.282463751
v -3.847366247 -22.907424440 -0.330897088
v -3.359833871 -22.933905490 -0.207359947
v -3.849748705 -22.862244629 -0.268434541
v -3.362216325 -22.888731007 -0.144897209
v -3.681339396 -24.739369579 -0.961823505
v -4.113653461 -23.924412960 -1.172349081
v -4.329666793 -22.970464997 -0.885774151
v -4.243770527 -22.710063295 -0.649700610
v -4.166852606 -22.778588069 -0.527887298
v -4.225104901 -23.247666685 -0.758170886
v -4.149443077 -23.661063449 -0.827773748
v -4.050880691 -24.028182213 -0.845266148
v -4.307533954 -22.521372798 -1.180185068
v -4.363865553 -22.973181375 -1.692047192
v -4.299676272 -22.197125697 -0.808761737
v -4.408593438 -19.213218656 -1.117059502
v -3.938068580 -24.370188610 -2.557632734
v -3.890754453 -23.408602206 -2.549307741
v -4.400153155 -22.415724935 -1.732964156
v -4.298348263 -19.931584713 -1.977672931
v -4.435239196 -19.574764501 -1.541631197
v -4.392728581 -21.060117611 -0.857750938
v -4.415571995 -21.699117710 -1.875648825
v -4.612575659 -20.886942755 -1.268342425
v -4.438969958 -20.254965793 -1.061984577
v -4.439522663 -20.942901538 -1.810353397
v -4.528521291 -20.614027138 -1.440538438
v -4.513584341 -19.724467828 -1.092706055
v -4.568173703 -20.279535862 -1.718597862
v -4.541074646 -20.025564399 -1.480529985
v -4.227214577 -21.991415997 -0.545523928
v -4.302640835 -19.333738393 -0.647260543
v -4.447250481 -21.222183545 -0.853308226
v -4.554924422 -20.435566122 -1.039085042
v -4.569816670 -21.030716778 -1.766884546
v -4.625420304 -20.676477225 -1.445833448
v -4.080860931 -15.054416993 -0.122762801
v -3.395939735 -15.006777803 0.334389008
v -4.344972079 -15.100844239 -0.504297336
v -4.547135081 -15.268196150 -1.163953486
v -4.333051479 -15.295478223 -1.875504987
v -4.466511512 -15.198408419 -0.802290485
v -4.220428166 -19.556886064 -1.859903635
v -4.586352946 -19.382938524 -1.081938804
v -4.652421396 -19.671144807 -1.497256491
v -4.285500334 -18.879886169 -0.663089729
v -4.534093460 -20.082426255 -1.904955629
v -4.401781538 -20.729548606 -2.446038086
v -4.270780838 -21.407168857 -2.565789737
v -4.102631503 -22.115243120 -2.548696409
v -4.360138338 -22.083541519 -2.126084438
v -3.795823583 -24.215601401 -2.672187939
v -3.796433682 -22.591758371 -2.740257899
v -3.760862908 -21.844885299 -2.791905988
v -3.782972999 -20.370077795 -2.112588622
v -3.950175697 -20.531217974 -2.572005675
v -3.870403503 -19.545095125 -2.100906947
v -4.022005177 -19.981853536 -2.529551154
v -3.874597130 -21.407511435 -2.737870345
v -4.129556888 -20.086803459 -2.919126388
v -3.530732784 -20.173841767 -2.622939432
v -3.545980166 -20.332807174 -2.956546647
v -3.441008250 -24.447547647 -3.043779169
v -3.466152442 -23.393939275 -3.140870226
v -3.478551977 -22.664308226 -3.164720565
v -3.455607777 -21.481496361 -3.291357698
v -3.429861952 -20.957147693 -3.438288778
v -3.247609681 -23.397447865 -3.242661733
v -3.234408428 -20.824807316 -3.746556059
v -3.340182902 -25.942824051 -2.731926086
v -3.291352716 -27.190500340 -1.837445944
v -3.490510707 -20.041799968 -2.216057239
v -3.508240541 -20.449806130 -2.612177115
v -3.544248841 -20.727748169 -2.931039714
v -3.536772226 -25.276854865 -1.124389004
v -3.320044033 -25.413491343 -1.154138743
v -3.309908126 -24.920937458 -1.458153178
v -3.291774534 -25.487334694 -1.921136557
v -3.516717089 -25.506316778 -2.133779964
v -3.658793408 -24.749084143 -2.231490161
v -3.553075326 -24.937595419 -1.964656833
v -3.366805238 -26.694107348 -2.247809231
v -3.407768907 -26.581047614 -1.988321643
v -3.288397569 -26.576431055 -1.952378176
v -3.841605269 -24.280134950 -2.097049207
v -3.612606931 -24.504315083 -1.870216092
v -3.626832888 -24.638974024 -1.555710823
v -3.787204178 -24.491119237 -1.518521568
v -3.288479089 -25.589279705 -2.005330400
v -3.755787262 -24.994130568 -2.444276498
v -3.391430148 -25.049583438 -2.965872438
v -3.606946567 -25.000767066 -2.250925533
v -3.295940220 -25.150759057 -1.826319037
v -3.544963466 -25.152064628 -2.021759846
v -3.495213067 -25.326894116 -2.014801311
v -3.292657869 -25.303878343 -1.907295365
v -3.530799029 -25.043324190 -1.999531534
v -3.496750869 -25.207398294 -2.064727716
v -3.796352025 -24.339605602 -1.789592099
v -4.370359577 -21.424022022 -2.175273023
v -3.295140980 -15.313549452 -2.398016434
v -3.885437269 -15.280388265 0.048030917
v -3.953512119 -17.999349734 -0.076548273
v -4.136902494 -17.890726599 -0.273662897
v -4.499229610 -18.327575611 -1.080884736
v -4.398218220 -18.006950672 -0.698660312
v -4.314600555 -18.638571872 -1.749595246
v -3.292733233 -18.617452019 -2.278971054
v -4.527707507 -15.280536741 -1.456895520
v -4.484200575 -18.670538130 -1.327936066
v -4.469922651 -19.366096998 -1.317910961
v -4.047307949 -17.543679239 -0.061682955
v -4.252159375 -17.568104625 -0.369838323
v -4.498767654 -17.800959629 -1.099828563
v -4.415781371 -17.654329725 -0.712001583
v -4.317957568 -17.845064724 -1.779431136
v -3.929673744 -17.851641743 -2.197960500
v -4.488768384 -17.909823432 -1.356683784
v -4.501739352 -17.698325644 -1.341531078
v -3.958878163 -16.818833258 -0.111973492
v -4.131219298 -16.683650192 -0.271954189
v -4.514074496 -17.051932423 -1.128516152
v -4.426799341 -16.797360592 -0.737930421
v -4.513120854 -16.563673249 -1.408716423
v -3.944150644 -15.546588065 -0.129798812
v -4.163146208 -15.392469088 -0.315413907
v -4.537691529 -15.948396861 -1.227588065
v -4.441633645 -15.526312479 -0.768098121
v -4.067776988 -16.386786293 -0.104088764
v -4.311436365 -16.401330997 -0.456241445
v -4.523934699 -16.594212722 -1.138990555
v -4.449741798 -16.461064026 -0.756212584
v -4.332127379 -16.657759758 -1.824517291
v -3.930529740 -16.676070653 -2.240318353
v -4.509087472 -16.673856757 -1.403431158
v -3.759601180 -17.719835738 -0.027221760
v -3.888863903 -17.553354000 -0.126044425
v -4.195899122 -17.556979463 -0.392717115
v -4.358016203 -17.629675676 -0.710767315
v -4.450086654 -17.765105016 -1.099331268
v -4.420277482 -17.870628063 -1.316452994
v -4.435888782 -17.690221632 -1.310391879
v -4.445706426 -17.093575542 -1.124359905
v -4.365807094 -16.824507096 -0.740043580
v -4.065815118 -16.721223566 -0.284532266
v -3.908683265 -16.861437237 -0.163135278
v -4.032488923 -17.909172288 -0.296859431
v -4.355358732 -18.067334536 -0.694911799
v -4.410738419 -18.396545884 -1.081104676
v -4.417064212 -18.685071935 -1.279540163
v -4.417897390 -19.333322655 -1.277544033
v -4.300116127 -21.797372143 -0.541549413
v -4.380937820 -22.095283765 -0.895076827
v -4.388605981 -22.418831640 -1.217339631
v -4.189308561 -21.464563401 -0.641098082
v -4.285422112 -21.943395862 -0.937055337
v -4.326581668 -22.980206707 -1.513204685
v -4.294699219 -22.258091900 -1.272585844
v -4.238346747 -22.922839240 -1.830010171
v -4.281519819 -20.531960087 -0.835681062
v -3.742468868 -15.482992296 0.077285907
v -4.148410327 -18.356724030 -0.325808962
v -4.387468371 -19.790038110 -0.772953356
v -4.332518784 -20.721663312 -0.483897343
v -4.079203957 -21.330005117 -0.275666761
v -4.296413332 -20.573242472 -0.316995774
v -4.196949609 -19.382668491 -0.283941927
v -3.870707793 -21.140952731 0.139015890
v -3.904366660 -18.152815738 -0.092838814
v -3.837356345 -20.123628568 0.134207980
v -3.887706466 -18.901603670 0.019005111
v -3.750929612 -15.494760873 0.110063964
v -4.259795422 -20.542486199 -0.141831688
v -4.116201628 -18.163117505 0.017847716
v -4.091522056 -20.297657546 -0.274360329
v -3.837689310 -18.827123538 0.139386960
v -4.339990254 -19.398086798 -0.205656769
v -3.885147795 -20.189504021 0.186656959
v -3.887000913 -18.873315209 0.186218102
v -4.407996410 -18.375393589 -0.254787156
v -4.577982534 -19.824850913 -0.722720009
v -4.466661630 -20.749958374 -0.441052283
v -4.273096739 -21.663723827 -0.219310622
v -3.828719646 -17.990446417 0.189494018
v -3.806025084 -17.991202708 0.118522326
v -3.809787095 -16.514859526 0.083640654
v -3.827669939 -16.507693987 0.146340673
v -3.997185791 -16.222753374 -0.011651448
v -4.020335001 -16.221485565 0.058572480
v -3.390207804 -15.477084409 0.204322794
v -3.390502316 -18.465209483 0.379429368
v -3.392204148 -18.580544707 0.432297873
v -3.391662291 -17.771169896 0.372278064
v -3.388239094 -19.895468096 0.397636946
v -3.393586009 -15.490089080 0.297199140
v -3.384637434 -20.699587460 0.344337638
v -3.855188779 -22.219734377 -0.018627799
v -3.828504636 -17.685426391 0.180616687
v -3.863644393 -17.746293545 0.087916659
v -4.196121721 -21.614001792 -0.264758021
v -4.354545608 -20.130271295 -0.824868623
v -3.898702184 -16.588242112 0.067470527
v -3.869720763 -16.336232841 -0.098631795
v -4.206570565 -16.358300676 -0.441956225
v -4.378951364 -16.426689280 -0.753360493
v -4.454390412 -16.556058203 -1.137809679
v -4.444705772 -16.619532832 -1.383532460
v -4.446279772 -16.539132033 -1.375659308
v -4.475216293 -15.982808890 -1.212577049
v -4.383461527 -15.577195616 -0.765502433
v -4.061685463 -15.469602837 -0.383870856
v -3.901301461 -15.567242417 -0.178651458
v -3.892161033 -16.339682413 -0.152164625
v -3.873910424 -21.176693391 0.198008986
v -4.386923496 -20.694724443 -0.979558882
v -4.021680942 -22.724974873 -2.545596277
v -3.885514373 -23.011094242 -2.730233627
v -3.626584558 -23.388063348 -3.020793297
v -3.640303086 -23.722647590 -2.941293016
v -3.723372077 -23.687709864 -2.685266283
v -4.315336538 -22.550265801 -2.104442076
v -4.400246927 -22.201741110 -1.876237468
v -4.084030795 -23.190738380 -2.629654021
v -4.517135690 -20.914691137 -0.909829009
v -4.554618065 -21.798364589 -1.806429313
v -4.516268715 -22.223234580 -2.062622641
v -4.361303971 -20.633124835 -0.577315726
v -4.344724904 -22.691716670 -2.358623303
v -3.817250582 -23.538180829 -2.858246293
v -4.171583559 -23.395089048 -2.134742936
v -3.897205923 -23.952774380 -2.495650549
v -3.691906958 -24.140567126 -2.644483777
v -3.624433420 -24.362062927 -2.857132667
v -3.586175233 -24.686372534 -2.836564650
v -3.653858413 -24.771904923 -2.587048211
v -3.817386291 -24.479999239 -2.432946826
v -4.014150490 -24.167034177 -2.242091741
v -4.323201981 -23.429619497 -1.985543552
v -4.214006145 -23.838095515 -2.220691452
v -4.478823770 -20.082203043 -1.072314830
v -4.492138634 -20.538680372 -1.528172461
v -4.447750132 -20.918196403 -2.228834875
v -3.990200419 -21.833011611 -2.806943102
v -3.585924160 -22.192662791 -3.089407222
v -4.147075030 -19.062304858 -0.357028126
v -4.432009908 -19.544749273 -0.662062409
v -4.572826299 -19.901040127 -1.085449975
v -4.643579709 -20.219804233 -1.449287096
v -4.619060821 -20.714253036 -1.889103761
v -4.598884996 -21.243559444 -2.230986143
v -4.376268854 -21.815538274 -2.570451852
v -4.080461296 -22.299985428 -2.878944969
v -3.377916853 -15.231956370 -0.144646525
v -3.869824928 -15.463789012 -0.265456295
v -3.977847407 -15.054205910 -0.118986319
v -4.257261435 -15.100664513 -0.501081858
v -4.378800757 -15.198228693 -0.799075003
v -3.825453560 -15.280994847 0.029984060
v -4.459073935 -15.269811863 -1.160582195
v -3.537620364 -19.814028623 -2.225988659
v -4.141372891 -20.608187012 -2.523724926
v -4.537239921 -21.368062206 -1.703830985
v -4.472183082 -21.439212211 -1.658461523
v -4.571972454 -20.750925311 -1.333247445
v -4.471926211 -20.965119923 -1.185481725
v -4.430473900 -21.228416184 -1.038369169
v -4.500321133 -21.358955042 -1.006950591
v -4.455107556 -21.537131458 -0.901480543
v -4.448445751 -21.362011107 -0.990041938
v -4.389064376 -21.538808211 -0.894275214
v -4.466305828 -21.828972297 -1.558095259
v -4.443276013 -22.081675252 -1.408471391
v -4.533140603 -21.596078547 -1.630788126
v -4.241718093 -23.562142597 -1.066790635
v -4.317273102 -22.947469017 -0.900424222
v -4.219354118 -22.642097510 -0.662688273
v -4.129633929 -22.506226884 -0.496295122
v -4.184628597 -22.532860801 -0.447712284
v -4.288050124 -22.707282169 -0.957049741
v -4.269083022 -22.894421605 -1.014549392
v -4.253228623 -23.298250609 -1.006765343
v -4.295821621 -23.083549077 -1.124572722
v -4.311015605 -22.803052933 -1.131014741
v -4.332780904 -23.238098004 -1.346421147
v -4.181536193 -23.547146412 -1.902065044
v -3.607157091 -25.248340680 -2.475943139
v -3.604239763 -24.921536092 -2.648450393
v -4.194037990 -23.663829964 -1.815753238
v -4.028117669 -24.237263562 -2.177199729
v -3.882608746 -24.602876411 -2.324353597
v -3.773050223 -24.746607169 -1.301190865
v -3.594467894 -24.931384944 -1.397837379
v -3.925123386 -24.480412601 -1.062197126
v -3.367271442 -24.568464159 -3.105953834
v -3.306642187 -24.491824370 -3.325466553
v -3.555908051 -24.968287732 -2.758623443
v -3.553868751 -25.642600934 -2.509128318
v -3.403040488 -25.593734310 -2.828610553
v -3.303384296 -25.481071510 -3.066124867
v -3.255671444 -25.508077280 -2.904784265
v -3.246563650 -24.477927703 -3.210802623
v -3.930344327 -18.615236519 -2.132052680
v -3.844493351 -15.309069877 -2.262591651
v -3.562462312 -19.555129176 -2.203183182
v -3.568283603 -18.645374258 -2.266547350
v -3.568318452 -17.756491141 -2.317772021
v -3.568760471 -16.799327104 -2.359214564
v -3.565392622 -19.073420721 -2.235831593
v -3.293059944 -18.168768104 -2.295137909
v -3.568369459 -18.108369918 -2.295494030
v -3.568675913 -17.080920448 -2.345781717
v -3.569862795 -15.570101206 -2.397852182
v -3.569255212 -16.212835498 -2.378500570
v -3.287466173 -18.779574292 -2.413582346
v -3.287569679 -17.820200797 -2.464382193
v -3.286649692 -16.853766619 -2.543495208
v -3.372104012 -18.786535592 -2.406705743
v -3.372411209 -17.830114194 -2.454227904
v -3.372268807 -16.863789197 -2.512124101
v -3.369067456 -19.005558394 -2.391644115
v -3.372035648 -18.049985461 -2.450964095
v -3.287194513 -17.059024519 -2.517161082
v -3.372330913 -17.047385412 -2.500168053
v -3.287643847 -15.563355142 -2.588557885
v -3.372095345 -15.568971862 -2.589228309
v -3.283354185 -15.908422097 -2.686227985
v -3.369667716 -15.899246776 -2.636987894
v -3.289403010 -16.060419292 -2.512734561
v -3.470075693 -16.004355468 -2.493881482
v -3.546969829 -24.802284465 -1.972496646
v -3.300538092 -24.697678437 -1.726224451
v -3.547235118 -24.689838266 -1.888436135
v -3.300025067 -24.570293369 -1.747338636
v -3.685313609 -24.520920875 -2.177316227
v -4.378758121 -15.256782332 -0.796965215
v -3.818990135 -15.360136364 0.059922393
v -4.171398343 -15.245585812 -0.492709889
v -3.858209037 -15.237555969 -0.277319310
v -3.770187666 -15.339508250 0.037054285
v -4.184925723 -23.776297077 -1.539128026
v -4.125400899 -21.419229098 0.017631998
v -4.026621434 -22.375933967 -0.222967359
v -4.085313995 -21.376495946 -0.034587495
v -3.051121144 -24.661584247 -0.685115542
v -2.932293008 -24.376096943 -0.586983751
v -3.345573001 -24.431354808 -0.512664336
v -2.928453433 -24.279288258 -0.621647766
v -2.813451160 -23.585971668 -0.429799921
v -2.864677081 -22.905410832 -0.294871641
v -2.867059539 -22.860231021 -0.232409095
v -2.976562057 -24.737925434 -0.935986324
v -2.533332645 -23.921174757 -1.114414420
v -2.348479527 -22.954920103 -0.820696136
v -2.532154378 -22.775238443 -0.467959158
v -2.489613514 -23.450886394 -0.730735089
v -2.619459174 -24.025249117 -0.792790145
v -2.427694641 -22.090509224 -0.609843427
v -2.562375539 -24.210894170 -2.310786740
v -2.656919405 -23.406073980 -2.504075271
v -2.306509543 -19.927503278 -1.904651998
v -2.226133828 -21.171123672 -0.833595286
v -2.201151054 -20.805740803 -1.020257290
v -2.110268729 -20.981902841 -1.700840083
v -2.290456414 -19.193245289 -0.693825550
v -2.679192327 -15.051544863 -0.071377542
v -2.387668060 -15.096833568 -0.432542447
v -2.462520444 -15.300359513 -2.048777993
v -2.190650148 -15.228556230 -0.898210044
v -2.394378231 -19.553144343 -1.792960530
v -2.695740765 -24.081829847 -2.541731353
v -2.670712268 -22.605413628 -2.738790276
v -2.808825415 -20.368081690 -2.076876311
v -2.607772289 -20.528467283 -2.522793081
v -2.725862041 -19.542749869 -2.058947985
v -2.541493155 -19.978819849 -2.475275490
v -2.667835733 -21.520365349 -2.733609567
v -2.405276499 -20.083270272 -2.855914161
v -3.023820943 -20.172803064 -2.604356012
v -2.983534840 -20.331654679 -2.935927366
v -3.099240379 -24.507381188 -3.063690201
v -3.037123288 -23.393060160 -3.125141990
v -3.025996903 -22.663380905 -3.148129868
v -3.044447374 -21.480653860 -3.276284532
v -3.061511343 -20.956392913 -3.424785021
v -3.248529317 -22.601043369 -3.262090529
v -3.245851709 -21.486025261 -3.397452207
v -3.182265206 -25.942500465 -2.726136814
v -3.094265827 -20.040988031 -2.201530877
v -3.045911230 -20.448858781 -2.595228094
v -2.985514803 -20.726603279 -2.910556489
v -3.292525729 -19.852460109 -2.215601668
v -3.277241592 -20.220390506 -2.611951741
v -3.265049481 -20.495552186 -2.929143861
v -3.106636943 -25.275973483 -1.108620218
v -3.051788166 -25.505364102 -2.116735640
v -3.296953892 -24.956816506 -1.809508709
v -3.188085766 -26.693741138 -2.241257364
v -3.166696936 -26.580553639 -1.979483929
v -2.827757565 -24.546716606 -2.134226699
v -3.304381924 -24.593231417 -1.627211768
v -3.289939477 -25.398173472 -1.976176153
v -3.117682006 -25.049022506 -2.955836814
v -2.955293117 -24.999431777 -2.227035876
v -3.082682157 -25.326048807 -1.999677902
v -3.290072856 -25.255349180 -1.980520933
v -3.293355148 -25.017050018 -1.904307260
v -3.041370327 -25.096676987 -1.992442680
v -3.077981868 -25.206540203 -2.049375618
v -2.865919240 -24.420247517 -1.799338387
v -2.290980064 -21.765646056 -2.290661997
v -2.885670712 -15.278339665 0.084682422
v -2.134936795 -15.275631989 -1.369176459
v -2.239923415 -19.457728112 -1.339039616
v -2.423034838 -17.846285045 -1.965691959
v -3.293030311 -17.676963283 -2.323435162
v -2.191612405 -17.190981082 -1.278524532
v -2.417174924 -16.664820947 -2.008923667
v -3.292103794 -16.726161025 -2.401852546
v -2.209113917 -18.673211540 -1.221563922
v -2.348411541 -21.942245467 -0.645280948
v -2.261988019 -22.414474031 -1.139377683
v -2.506847491 -21.461115905 -0.579418953
v -2.387364422 -21.939506591 -0.867472422
v -2.352254675 -22.254111677 -1.201375705
v -2.404453587 -20.528113829 -0.766867696
v -3.029567271 -15.481531504 0.103420925
v -2.423334585 -18.362256236 -0.222297850
v -2.378573882 -20.717659525 -0.412265600
v -2.643963491 -21.327064196 -0.223050755
v -2.536293574 -20.470483567 -0.156475743
v -2.533900719 -19.379260772 -0.222974450
v -2.883035613 -21.138928912 0.175224014
v -2.689089258 -18.155260753 0.010938698
v -2.920110754 -20.121749059 0.167834261
v -2.866462202 -18.899511060 0.056443990
v -3.023481200 -15.493270274 0.136732268
v -2.476881149 -20.538832866 -0.076469938
v -2.635999469 -20.294675065 -0.221000780
v -2.925464027 -18.825254317 0.172829197
v -2.396912621 -19.394105278 -0.134423421
v -2.876016777 -20.187436231 0.223651765
v -2.879523426 -18.871250807 0.223152290
v -2.119954265 -19.819814218 -0.632608538
v -2.247813504 -20.745411778 -0.359709171
v -2.453353709 -21.659995030 -0.152598728
v -2.941500670 -17.988626659 0.222019458
v -2.945458172 -16.505886265 0.178682612
v -2.748056734 -16.218878566 0.105214282
v -3.373936465 -22.181804858 0.135287580
v -3.387116201 -19.761819232 0.359536888
v -3.385400871 -20.822572702 0.372036543
v -3.392766343 -16.347890386 0.322841148
v -2.882554879 -22.217741373 0.017029021
v -2.942315427 -17.683607855 0.213104343
v -2.526997007 -21.610581623 -0.203567804
v -2.958672554 -16.513113749 0.114842503
v -2.475898802 -16.935872598 -0.278656870
v -2.255829898 -17.112262424 -0.848866776
v -2.765996527 -16.220230570 0.033484027
v -2.884014889 -21.174665017 0.234298618
v -2.283575214 -22.047550370 -2.031703047
v -2.650524806 -23.008563651 -2.684958832
v -2.885939415 -23.386545708 -2.993641199
v -2.876709395 -23.721082926 -2.913299623
v -2.812753931 -23.685843935 -2.651882964
v -2.221524781 -22.367366274 -1.875772065
v -2.459172067 -23.187408916 -2.570086598
v -2.160719689 -20.977809056 -0.867632681
v -2.101575643 -22.123020788 -1.920872377
v -2.343389888 -20.628989969 -0.503338869
v -2.707074117 -23.535905990 -2.817547154
v -2.386087158 -23.155236199 -1.915695515
v -2.845266873 -24.138832293 -2.613445898
v -2.896079995 -24.360570473 -2.830431185
v -2.248681976 -23.226560895 -1.742426986
v -2.158177371 -20.375483484 -1.190683343
v -2.217669455 -21.111157229 -2.373522430
v -2.579600660 -19.059092979 -0.299564417
v -2.248899215 -19.662965103 -0.638292275
v -2.048972119 -20.055178509 -1.173545621
v -1.989942432 -20.708865764 -1.792720115
v -2.080273126 -21.524616579 -2.312467962
v -2.448124273 -22.296640640 -2.819103391
v -2.877536668 -15.461753959 -0.229079009
v -2.782206073 -15.051755946 -0.075154033
v -2.475378704 -15.097013294 -0.435757925
v -2.278536952 -15.229634380 -0.901360053
v -2.944169227 -15.279189026 0.062291999
v -3.047488015 -19.813024303 -2.208020377
v -3.294437929 -19.560660143 -2.179751245
v -2.420312106 -20.604660422 -2.460630729
v -2.116389402 -21.398741999 -1.593589819
v -2.141127833 -21.797408089 -1.460105264
v -2.090936645 -21.591074277 -1.541256775
v -2.521591822 -22.570774414 -0.518897119
v -2.484053667 -22.617918626 -0.485279348
v -2.380153044 -22.703372737 -0.887106114
v -2.394091308 -22.890579598 -0.945812077
v -2.411821497 -23.426436095 -0.969482844
v -2.358594614 -23.079579545 -1.053553858
v -2.344629910 -22.658188057 -1.083576312
v -2.302372035 -23.104999142 -1.355492043
v -2.865159393 -25.119563806 -2.430183265
v -2.407118081 -23.660168424 -1.750244642
v -2.610204025 -24.417314536 -2.201463011
v -2.927446517 -24.700449093 -1.415162077
v -2.727145043 -24.477957848 -1.018279165
v -3.178194156 -24.491561170 -3.320757640
v -2.936252536 -24.795600534 -2.738432748
v -2.986697241 -25.641438755 -2.488335775
v -3.113924426 -25.593141889 -2.818011540
v -3.196382230 -25.480852254 -3.062202164
v -3.260188488 -25.979242414 -2.755234622
v -3.276340580 -26.717244089 -2.273393779
v -3.252045953 -25.071559055 -3.028077862
v -3.248170658 -24.432276370 -3.169518862
v -3.239327728 -24.422368905 -3.411286905
v -3.247828065 -25.426414744 -3.123297587
v -2.424693311 -18.624843474 -1.917929654
v -3.025442168 -19.554028779 -2.183495990
v -3.018720239 -18.644248159 -2.246400322
v -3.018574618 -17.755364672 -2.297618378
v -3.019016637 -16.798200635 -2.339060921
v -3.293568270 -19.112807245 -2.228505798
v -3.022100868 -19.072307474 -2.215914483
v -3.018714861 -18.107243633 -2.275343658
v -3.292757741 -17.184596228 -2.358390641
v -3.018932079 -17.079793980 -2.325628074
v -3.294923358 -15.551536850 -2.390650584
v -3.020118960 -15.568974737 -2.377698538
v -3.294223603 -16.315785163 -2.366966740
v -3.019511378 -16.211709029 -2.358346926
v -3.203533259 -18.786190178 -2.400525929
v -3.203661539 -17.829768413 -2.448041531
v -3.203519137 -16.863443416 -2.505937728
v -3.287765922 -19.007596752 -2.392660786
v -3.206768091 -19.005225830 -2.385694210
v -3.287262193 -18.057199969 -2.459522862
v -3.203375215 -18.049639862 -2.444780993
v -3.203581244 -17.047039631 -2.493981680
v -3.203345676 -15.568626080 -2.583041936
v -3.200918047 -15.898900995 -2.630801520
v -3.110828719 -16.003619342 -2.480711465
v -3.295598868 -24.853768655 -1.852230306
v -3.033274088 -24.868882004 -1.949633564
v -3.042660285 -24.688804352 -1.869938390
v -2.331903131 -15.252588163 -0.721927382
v -2.952483477 -15.358360824 0.091688582
v -2.561030491 -15.242286040 -0.433673702
v -2.889178543 -15.235570349 -0.241794591
v -2.999564524 -15.337929182 0.065305377
v -2.436002188 -23.772713395 -1.475012380
v -2.619001752 -21.416142367 0.072856685
v -2.695982761 -22.373207383 -0.174186061
v -2.655333797 -21.373565803 0.017835669
v -2.704603194 -0.986114301 -5.278001063
v -2.785782043 -1.027670412 -5.344062637
v -2.780108116 -1.221984696 -5.487924458
v -3.640213017 -1.223748959 -5.519457671
v -3.722044507 -1.303867412 -5.565506790
v -2.694796942 -1.301762565 -5.527849607
v -2.996159637 -0.906380895 -5.171491808
v -3.449206464 -0.907307384 -5.188098820
v -3.731852690 -0.988220992 -5.315660031
v -3.645885235 -1.029432832 -5.375594074
v -3.457850151 -0.770667342 -4.959956795
v -3.004803392 -0.769736794 -4.943348153
v -2.789854702 -1.177364143 -5.224554639
v -3.649959767 -1.179126470 -5.256083479
v -3.645451897 -1.346089787 -5.369715276
v -2.785346864 -1.344327428 -5.338185549
v -2.708677532 -1.135805911 -5.158495872
v -2.700034186 -1.429681766 -5.377791532
v -3.727283461 -1.431786681 -5.415450555
v -3.735925093 -1.137914754 -5.196152912
v -3.453410537 -1.062500923 -5.064747213
v -3.463112510 -0.909566752 -4.808648415
v -3.010065685 -0.908636711 -4.792041531
v -3.000363714 -1.061569107 -5.048140393
v -2.972756833 -8.536966881 0.725103679
v -3.904327412 -8.538879470 0.690950598
v -4.347791779 -14.492255283 -1.405355103
v -4.175049841 -14.464965870 -0.651474157
v -3.768912664 -14.452462009 -0.312657994
v -3.927647312 -14.516064732 -2.074636926
v -4.129662569 -14.509452579 -1.887045268
v -4.202116167 -15.290013596 -1.113084215
v -4.037782589 -15.274818928 -0.694702711
v -3.686137627 -15.264466365 -0.414490995
v -3.854699237 -15.318437328 -1.908958012
v -4.135102158 -15.305979079 -1.557533663
v -4.002532455 -14.359388820 -1.397456256
v -3.990370161 -14.346701103 -1.045575767
v -3.803781342 -14.335804161 -0.746920152
v -3.538157978 -14.376969079 -1.894751203
v -3.837011910 -14.370467729 -1.708277719
v -3.346586184 -7.333456823 -7.791826100
v -2.875427358 -13.978466057 -1.911210603
v -2.968381680 -6.839202968 -0.845026139
v -2.971281291 -6.836360890 -0.766090449
v -2.669247275 -10.611687350 -1.782217516
v -2.981162339 -7.411605011 -0.464351488
v -2.981444998 -7.023418963 -0.478338501
v -2.990070965 -7.014962293 -0.243515161
v -2.652699460 -6.873161115 -1.256505122
v -2.584315284 -6.650502887 -1.238569583
v -2.584615417 -6.238319321 -1.253421268
v -2.637971649 -14.089470462 -2.440652235
v -2.608302363 -11.160827041 -3.413854168
v -3.966749901 -14.092197230 -2.489365186
v -3.968000553 -14.419996393 -2.436928345
v -2.983814909 -11.162358292 -4.775169365
v -2.841717159 -11.147333681 -4.770490529
v -3.298147035 -6.968873357 -3.209423160
v -3.307784651 -6.609197654 -2.966683968
v -3.030683852 -6.145413989 -2.837227978
v -3.309499663 -6.149523646 -2.945650106
v -2.947137416 -7.278792751 -3.554426446
v -2.785874887 -7.562938094 -3.538272008
v -2.857961502 -6.135797228 -2.573873841
v -3.284489009 -7.136898901 -3.571929330
v -2.694893171 -10.517316530 -3.358582230
v -2.834959654 -10.528634111 -2.033942305
v -2.851167886 -9.222070825 -4.620004557
v -2.855823632 -9.050346147 -4.502556677
v -2.983375598 -9.222341729 -4.624851300
v -2.846793449 -9.239983466 -4.738279163
v -2.979002937 -9.240254374 -4.743125971
v -2.843292431 -9.044333052 -4.844714367
v -2.846793449 -9.239983466 -4.738279163
v -2.979002937 -9.240254374 -4.743125971
v -2.975503694 -9.044603963 -4.849561240
v -2.891056502 -11.142458800 -3.424902161
v -2.875238870 -11.056743199 -3.861160843
v -2.891351025 -10.737980915 -3.439476197
v -2.850474415 -11.182235920 -4.529613916
v -2.857194867 -11.043292158 -4.354110494
v -2.852426626 -10.925199868 -4.490777495
v -2.994537102 -10.925491063 -4.495987274
v -2.852938715 -6.081450385 -1.065774865
v -3.053845859 -6.076882962 -0.934901217
v -2.676256311 -6.089862167 -1.302800266
v -2.634097660 -6.107870435 -1.803389033
v -2.676256311 -6.089862167 -1.302800266
v -2.735663916 -8.254478938 -4.869201217
v -2.735319449 -8.727636835 -4.852150745
v -2.843522875 -8.727856665 -4.856117557
v -3.233769663 -8.529532310 -4.877593484
v -2.983932869 -11.003103241 -4.780907672
v -2.841822393 -11.002812045 -4.775697893
v -2.983932869 -11.003103241 -4.780907672
v -2.983814909 -11.162358292 -4.775169365
v -2.999305343 -11.043583353 -4.359320273
v -2.841822393 -11.002812045 -4.775697893
v -2.841717159 -11.147333681 -4.770490529
v -2.983814909 -11.162358292 -4.775169365
v -2.975503694 -9.044603963 -4.849561240
v -2.988034897 -9.050615172 -4.507403618
v -2.637971649 -14.089470462 -2.440652235
v -2.656300469 -14.319229068 -1.927788578
v -2.639220304 -14.417267845 -2.388215385
v -2.817410970 -8.908430659 -4.054903608
v -2.843292431 -9.044333052 -4.844714367
v -2.494482333 -14.136747367 -4.073067142
v -2.476510073 -11.201756340 -4.727562642
v -3.583437638 -5.290508622 -7.373730375
v -3.151473058 -5.091460055 -7.314618430
v -2.715558476 -5.288728271 -7.341913943
v -3.406439573 -6.719358564 -0.269453184
v -3.141135266 -6.799399674 -0.256825660
v -3.986783980 -13.840664738 -1.956996533
v -3.985080719 -14.321955840 -1.976501602
v -2.658003730 -13.837938410 -1.908283493
v -2.694893171 -10.517316530 -3.358582230
v -3.782906673 -10.519549730 -3.398468737
v -3.783699804 -9.435406893 -3.437534189
v -2.787091364 -9.433362766 -3.400998533
v -2.780373732 -9.125805158 -3.600920993
v -3.777000819 -9.127849213 -3.637457336
v -3.491322052 -9.045660916 -4.868471174
v -2.975503694 -9.044603963 -4.849561240
v -2.580673335 -6.769872158 -7.648397185
v -3.129676995 -7.333010499 -7.783874262
v -2.658003730 -13.837938410 -1.908283493
v -2.666893508 -13.829225020 -1.666278346
v -2.784752524 -8.693388204 -3.505647410
v -2.990070965 -7.014962293 -0.243515161
v -3.817010526 -14.350884625 -0.009748769
v -2.984708818 -14.349177397 0.020763400
v -2.987484719 -10.551884756 -0.116065785
v -3.786054825 -13.980334224 -1.944594184
v -3.822374671 -7.016669608 -0.274027400
v -3.811928227 -7.471926546 -0.533487092
v -2.979039919 -7.470792106 -0.518937906
v -3.711329223 -6.636082206 -0.824680627
v -3.711630892 -6.224228292 -0.839520499
v -3.803696497 -10.601698402 -0.582838970
v -3.819764864 -10.585948860 -0.145412153
v -3.990911150 -12.761748707 -1.904770574
v -3.779756262 -10.739805102 -3.472045053
v -3.595520127 -6.146573159 -2.857934847
v -3.309499663 -6.149523646 -2.945650106
v -3.787100064 -6.137704833 -2.607937764
v -3.671276491 -11.119404641 -3.454392702
v -3.779479693 -11.119626358 -3.458359438
v -3.623745111 -8.729457289 -4.884720485
v -3.781381609 -8.695432263 -3.542183827
v -3.731948536 -8.729679007 -4.888687230
v -3.707713698 -8.910254960 -4.087542162
v -3.623512892 -9.045933672 -4.873317230
v -3.627013910 -9.241584086 -4.766882026
v -3.631386571 -9.223671442 -4.648607356
v -3.636044094 -9.051944881 -4.531159608
v -3.623745111 -8.729457289 -4.884720485
v -3.499193733 -9.223400568 -4.643761158
v -3.627013910 -9.241584086 -4.766882026
v -3.494821071 -9.241313213 -4.762035828
v -3.623512892 -9.045933672 -4.873317230
v -3.491322052 -9.045660916 -4.868471174
v -3.494821071 -9.241313213 -4.762035828
v -3.655440905 -11.058345669 -3.889762963
v -3.671276491 -11.119404641 -3.454392702
v -3.671553059 -10.739583385 -3.468078317
v -3.630696180 -11.159181543 -4.559104529
v -3.637396903 -11.044892629 -4.382712686
v -3.490518186 -10.926510920 -4.514169844
v -3.632628661 -10.926802115 -4.519379623
v -3.704704184 -6.078059120 -0.954338052
v -3.902756661 -6.083607270 -1.104262831
v -4.061575551 -6.092706521 -1.353587730
v -4.022694350 -6.115902732 -1.998145373
v -4.111088242 -6.105717596 -1.713687697
v -3.731948536 -8.729679007 -4.888687230
v -3.732293001 -8.256522997 -4.905737634
v -3.479913953 -11.004121543 -4.799090298
v -3.622024429 -11.004412739 -4.804300077
v -2.983814909 -11.162358292 -4.775169365
v -3.479797993 -11.163374600 -4.793352136
v -3.479797993 -11.163374600 -4.793352136
v -3.479913953 -11.004121543 -4.799090298
v -3.495286427 -11.044601434 -4.377502907
v -3.479797993 -11.163374600 -4.793352136
v -3.621905742 -11.167410474 -4.798426987
v -3.622024429 -11.004412739 -4.804300077
v -3.491322052 -9.045660916 -4.868471174
v -3.503853254 -9.051674011 -4.526313484
v -3.689451100 -6.772146018 -7.689044979
v -3.621905742 -11.167410474 -4.798426987
v -2.962873956 -14.370579018 -0.573643901
v -2.984708818 -14.349177397 0.020763400
v -3.817010526 -14.350884625 -0.009748769
v -3.800942208 -14.366634119 -0.447174254
v -3.671626746 -6.800486693 -0.276273511
v -3.185516772 -7.422149526 -0.752867055
v -2.970853135 -7.421709664 -0.744997473
v -3.385531066 -6.074997067 -0.875858429
v -3.915625047 -14.139663397 -4.125166179
v -2.494482333 -14.136747367 -4.073067142
v -2.569535675 -5.841244121 -7.457744361
v -3.718322954 -5.843599964 -7.499858907
v -3.939302025 -9.572297794 -0.799843983
v -3.933725342 -9.815296305 -0.780450747
v -3.803576759 -9.774547834 -0.632386449
v -3.803521738 -9.462223764 -0.651398904
v -3.986783980 -13.840664738 -1.956996533
v -3.990126305 -13.837388730 -1.866008901
v -3.757075002 -7.085350373 -0.846936201
v -3.822048622 -7.462005085 -0.257981130
v -2.989746692 -7.460297774 -0.227468955
v -2.780373732 -9.125805158 -3.600920993
v -2.608302363 -11.160827041 -3.413854168
v -2.891056502 -11.142458800 -3.424902161
v -2.666893508 -13.829225020 -1.666278346
v -2.476510073 -11.201756340 -4.727562642
v -3.897678513 -11.171780959 -4.780846879
v -3.479797993 -11.163374600 -4.793352136
v -3.704704184 -6.078059120 -0.954338052
v -3.813464268 -7.413314182 -0.494863595
v -2.970853135 -7.421709664 -0.744997473
v -2.972892347 -7.476817700 -0.686292360
v -3.807918065 -7.475857139 -0.642655124
v -3.803884487 -7.406602184 -0.756552569
v -4.188975715 -9.832153569 -1.219591046
v -3.959677652 -12.850843000 -0.679434585
v -4.199189020 -13.064565683 -1.208319886
v -4.101621900 -12.996773246 -0.917748070
v -4.162283480 -13.045138833 -1.459370186
v -4.094883411 -12.969289771 -1.676363687
v -3.829322276 -7.267474874 -0.779465856
v -4.187209278 -9.737088484 -1.326748715
v -4.190783536 -9.755751330 -1.575954578
v -4.103010641 -9.704956384 -1.809652916
v -3.915625047 -14.139663397 -4.125166179
v -3.835893568 -10.617838747 -1.929257945
v -3.994200617 -10.618163131 -1.935061491
v -3.990911150 -12.761748707 -1.904770574
v -3.773206857 -12.760034953 -1.861607718
v -3.803576759 -9.774547834 -0.632386449
v -3.697522089 -9.775468437 -0.660079466
v -3.802188110 -12.663035313 -0.508561615
v -3.957587554 -9.665379120 -1.864397048
v -4.038132895 -9.665544164 -1.867349846
v -4.020391658 -9.750530169 -1.921079554
v -4.124033503 -9.856566322 -1.037144287
v -4.181493279 -9.866946302 -1.183202585
v -4.188975715 -9.832153569 -1.219591046
v -4.146225412 -9.832063973 -1.218023889
v -4.179656327 -9.796676628 -1.181649975
v -4.117251770 -9.708209245 -1.027688926
v -3.803512973 -9.414409037 -0.654310561
v -3.722967410 -9.414243993 -0.651357756
v -3.803512973 -9.414409037 -0.654310561
v -3.959259383 -9.445072401 -0.795192820
v -4.128153761 -9.480952643 -1.050472621
v -4.195929287 -9.514059625 -1.273319703
v -4.117237928 -9.517455195 -1.225185965
v -4.195929287 -9.514059625 -1.273319703
v -4.101374987 -9.553254625 -1.053018366
v -4.095200926 -9.596593701 -1.031072898
v -4.043972527 -9.596488730 -1.029194862
v -4.095200926 -9.596593701 -1.031072898
v -4.104836142 -9.643708740 -1.057917310
v -4.038132895 -9.665544164 -1.867349846
v -3.994200617 -10.618163131 -1.935061491
v -3.803884487 -7.406602184 -0.756552569
v -3.502823274 -7.450281465 -0.687080421
v -2.912790003 -7.332566081 -7.775923171
v -2.784752524 -8.693388204 -3.505647410
v -2.843522875 -8.727856665 -4.856117557
v -2.735319449 -8.727636835 -4.852150745
v -3.834986212 -8.647304800 -2.121726343
v -3.834291564 -9.601290663 -2.087352587
v -3.818576259 -8.663389151 -2.568452108
v -3.817881611 -9.617375014 -2.534078352
v -3.974094675 -10.648576467 -2.373314271
v -3.974015553 -10.757236740 -2.369399054
v -3.983716616 -10.639145441 -2.111377545
v -3.983637495 -10.747805714 -2.107462328
v -1.942681178 -6.938677163 -1.790421583
v -2.165764354 -6.871431389 -1.899394948
v -2.014556130 -6.885287153 -1.163130826
v -2.744444607 -6.772501824 -1.792869377
v -2.891782897 -6.638696213 -0.974852258
v -1.844152467 -6.964446219 -1.582386227
v -1.853114811 -6.956369334 -1.355767664
v -1.875437275 -10.041360144 -1.002945942
v -2.507337958 -10.599904637 -1.608598925
v -2.452082760 -10.586639086 -1.290662637
v -2.467141375 -10.714217875 -1.284803346
v -2.452082760 -10.586639086 -1.290662637
v -2.950166399 -10.599138470 -1.627391562
v -2.950724002 -9.835712056 -1.654900974
v -2.988037451 -9.860990700 -0.508409449
v -1.892400825 -10.029303540 -0.667992342
v -2.986641594 -10.728947722 -0.497868418
v -2.676248454 -10.601542148 -1.699686479
v -2.676152674 -10.733080722 -1.694946917
v -2.760061784 -10.613439615 -2.028137598
v -2.671683499 -13.817335148 -1.014739612
v -2.634884104 -13.827167653 -1.288367939
v -2.637139850 -10.741805652 -1.399544526
v -2.634988271 -13.684111568 -1.293522497
v -2.467141375 -10.714217875 -1.284803346
v -2.676152674 -10.733080722 -1.694946917
v -2.507246323 -10.725750607 -1.604064478
v -2.676152674 -10.733080722 -1.694946917
v -2.676248454 -10.601542148 -1.699686479
v -2.634988271 -13.684111568 -1.293522497
v -2.634884104 -13.827167653 -1.288367939
v -2.634884104 -13.827167653 -1.288367939
v -2.673882855 -13.837814726 -1.583071435
v -2.521506294 -13.834962594 -1.506994634
v -2.513211648 -13.830233209 -1.375906122
v -2.673882855 -13.837814726 -1.583071435
v -2.673984113 -13.698753053 -1.588082067
v -2.521607552 -13.695900921 -1.512005266
v -2.673984113 -13.698753053 -1.588082067
v -2.634988271 -13.684111568 -1.293522497
v -2.513312841 -13.691171600 -1.380918529
v -2.590134948 -10.691233015 -0.855904295
v -2.984399940 -13.794956557 -0.387389159
v -2.760061784 -10.613439615 -2.028137598
v -2.757696152 -13.849712225 -1.911523442
v -2.757696152 -13.849712225 -1.911523442
v -3.907218837 -11.601793881 -2.747213740
v -3.907711709 -10.924914557 -2.771602869
v -3.933807194 -11.569819872 -1.859291511
v -3.934300066 -10.892940548 -1.883680640
v -4.172061479 -11.004507415 -1.514733093
v -4.172337706 -10.625155437 -1.528401799
v -3.980306477 -10.772188595 -2.747493900
v -3.979591928 -10.944685691 -2.742336986
v -3.701834719 -10.779687815 -2.769269102
v -3.702065402 -10.465321296 -2.780596336
v -3.722280990 -10.753735985 -2.048606454
v -3.722509897 -10.439369463 -2.059933622
v -3.166951294 -9.678289936 -4.609065247
v -3.178794011 -9.441182258 -4.299276780
v -3.192338496 -9.633970169 -3.919039516
v -3.211722342 -9.940853302 -3.373140988
v -3.196040781 -9.391772886 -3.831587308
v -3.166851510 -9.815327542 -4.604127546
v -3.180126503 -9.625945444 -4.252602393
v -3.212125818 -9.386656493 -3.393111432
v -3.814570818 -8.404598923 -2.328968286
v -3.814648573 -8.297815706 -2.332815869
v -3.782035828 -8.523230628 -3.209815248
v -3.782239995 -8.242840863 -3.219918175
v -3.806671070 -8.285075874 -2.834592929
v -3.806549457 -8.452092329 -2.828575039
v -3.775635444 -8.482281282 -3.669942806
v -3.775756885 -8.315503239 -3.675952106
v -3.654540042 -23.470767466 -0.698038476
v -3.654459266 -23.578867507 -0.694145148
v -3.592994401 -23.513612520 1.115556579
v -3.610239208 -22.896862369 1.233851463
v -3.607556300 -23.147137376 1.383190769
v -3.552026766 -22.896378605 1.246051757
v -3.607426702 -23.325120263 1.389603799
v -3.609790306 -23.508566369 1.255894120
v -3.551581350 -23.508084452 1.268092574
v -3.593519099 -22.797791869 1.089761975
v -3.635668496 -21.877125573 -0.140545650
v -3.635708243 -22.116588028 -0.203031860
v -3.544162553 -23.110094812 0.323018925
v -3.539021921 -23.322394098 0.263424331
v -3.603953116 -23.417611694 0.776089714
v -3.214194331 -23.321726725 0.275332467
v -3.592994401 -23.513612520 1.115556579
v -3.515725205 -23.514216051 1.097245094
v -3.516246367 -22.798395376 1.071451064
v -3.660783777 -23.147883665 1.363653115
v -3.660652405 -23.325862997 1.370066083
v -3.186825753 -23.087995506 0.779544580
v -3.604194502 -23.088852503 0.764243880
v -3.604367812 -22.853277624 0.755755645
v -3.186997287 -22.852422399 0.771056475
v -3.088552477 -22.115466862 -0.182973096
v -3.214301781 -23.109417125 0.335111577
v -3.027980359 -23.469483595 -0.675068758
v -3.186586365 -23.416756476 0.791390405
v -3.515725205 -23.514216051 1.097245094
v -3.301914416 -23.513777936 1.105083411
v -3.302437576 -22.797957265 1.079289308
v -3.516246367 -22.798395376 1.071451064
v -3.027901580 -23.577583640 -0.671175504
v -3.301914416 -23.513777936 1.105083411
v -3.515725205 -23.514216051 1.097245094
v -3.221978919 -23.512850504 1.129157966
v -3.215969953 -22.896054480 1.248305398
v -3.274632597 -22.895810203 1.256221045
v -3.174036631 -23.146882730 1.381497168
v -3.215524604 -23.507758487 1.270347925
v -3.173907032 -23.324865617 1.387910199
v -3.274185182 -23.507517821 1.278261999
v -3.301914416 -23.513777936 1.105083411
v -3.221978919 -23.512850504 1.129157966
v -3.222500064 -22.797031621 1.103363556
v -3.302437576 -22.797957265 1.079289308
v -3.228265835 -23.146360180 1.397095581
v -3.228136317 -23.324342987 1.403510830
v -3.094149478 -21.876014182 -0.120693593
v -3.317321874 -25.560135972 -1.220044674
v -3.319455966 -22.641935652 -1.325196361
v -3.318724583 -26.772027090 -1.113941494
v -3.319373689 -25.631418405 -1.160091729
v -3.305931822 -15.325028384 -2.102971568
v -3.300846161 -14.523242528 -2.286511438
v -3.313620438 -14.378657236 -1.946140780
v -3.976102866 -8.967051710 -0.326354123
v -3.972755026 -9.180295388 -0.405756249
v -4.182644088 -9.180725467 -0.413450795
v -3.983880991 -8.872462242 -0.119520739
v -3.991530663 -8.951931772 0.093586133
v -3.994570675 -9.158910825 0.188127897
v -3.991222901 -9.372152442 0.108727474
v -3.983446486 -9.466743753 -0.098107686
v -3.975796945 -9.387274095 -0.311211008
v -3.972755026 -9.180295388 -0.405756249
v -4.239908395 -9.182612521 -0.464665575
v -4.328354323 -8.934319903 -0.375247214
v -4.324453487 -9.182787537 -0.467764939
v -4.337417079 -8.824102202 -0.134248679
v -4.346328444 -8.916700534 0.114059583
v -4.349872748 -9.157870864 0.224219808
v -4.345971914 -9.406336611 0.131702015
v -4.336909093 -9.516554488 -0.109298290
v -4.327997792 -9.423956091 -0.357604778
v -4.324453487 -9.182787537 -0.467764939
v -3.972755026 -9.180295388 -0.405756249
v -3.798690442 -12.587146402 -0.714361005
v -3.499274141 -12.582550235 -0.592852926
v -3.997196229 -12.596473350 -0.969203240
v -4.041600227 -12.608031939 -1.289095123
v -3.920005019 -12.618725021 -1.588320943
v -3.664992732 -12.625687427 -1.786704304
v -3.016099363 -12.593449564 -0.905109829
v -2.916955135 -12.602168268 -1.149086400
v -3.224025465 -12.587772711 -0.743356403
v -3.485020973 -12.586658848 -0.707168623
v -3.729153212 -12.590406397 -0.806241962
v -3.891006333 -12.598011178 -1.014029045
v -3.927210743 -12.607435528 -1.274854414
v -3.828068497 -12.616154253 -1.518831502
v -3.620140478 -12.621831021 -1.680582637
v -3.359145111 -12.622944965 -1.716772643
v -3.115014664 -12.619197403 -1.617698925
v -2.953161543 -12.611592622 -1.409911843
v -3.926638199 -13.393730987 -1.246522833
v -3.927210743 -12.607435528 -1.274854414
v -2.995003645 -7.727400163 0.572484341
v -2.926706390 -8.117122713 0.589026892
v -3.166402532 -8.434900995 0.212035437
v -3.180310932 -8.421268562 0.590661788
v -3.180310932 -8.421268562 0.590661788
v -3.570113697 -8.490082517 0.578820480
v -3.805815789 -8.354535052 0.565281854
v -3.942013943 -8.119206941 0.551804010
v -3.942214041 -7.847148419 0.542001199
v -3.806360495 -7.611259070 0.538498431
v -3.570856724 -7.474749826 0.542234377
v -3.298806733 -7.474190515 0.552207680
v -3.848366313 -7.533551970 -0.568598473
v -3.771928446 -7.507248152 -0.563148213
v -3.881785346 -7.629524461 -0.946700214
v -3.947310935 -7.621765453 -0.818422698
v -3.565906778 -5.743267475 -0.756605254
v -3.566250710 -5.270932749 -0.773624289
v -3.583832928 -5.751641140 -0.988639979
v -3.375182610 -5.742876667 -0.749613294
v -3.375526542 -5.270541941 -0.766632329
v -3.566501715 -4.926218548 -0.786044936
v -3.381422080 -5.024687384 -0.619557759
v -3.500180118 -4.997058154 -0.671286298
v -3.499983670 -5.266846820 -0.661565347
v -3.381247143 -5.264934846 -0.610901229
v -3.566868764 -4.422137855 -0.804207833
v -3.376144595 -4.421747046 -0.797215873
v -3.375777547 -4.925827739 -0.779052976
v -3.567110396 -4.090294834 -0.816164709
v -3.382038223 -4.178516361 -0.650046760
v -3.500795628 -4.151756649 -0.701743969
v -3.500601724 -4.418051925 -0.692148891
v -3.381865197 -4.416139951 -0.641484772
v -3.567483392 -3.578046839 -0.834621888
v -3.376759224 -3.577656030 -0.827629928
v -3.376386228 -4.089904025 -0.809172749
v -3.568959717 -1.550556404 -0.907675864
v -3.378237325 -1.550165598 -0.900683970
v -3.567731042 -3.237939730 -0.846876533
v -3.382657731 -3.330162556 -0.680614476
v -3.501412235 -3.304946973 -0.732255981
v -3.501216352 -3.573960909 -0.722562945
v -3.382479825 -3.572048935 -0.671898827
v -3.568102796 -2.727397252 -0.865272259
v -3.377380403 -2.727006447 -0.858280364
v -3.377008650 -3.237548925 -0.839884638
v -3.568343989 -2.396157589 -0.877207395
v -3.383274667 -2.482902249 -0.711142726
v -3.502030274 -2.456172279 -0.762838797
v -3.501835756 -2.723311323 -0.753213317
v -3.383101005 -2.721399353 -0.702549264
v -3.568715577 -1.885842424 -0.895594931
v -3.377993185 -1.885451619 -0.888603036
v -3.377621597 -2.395766784 -0.870215501
v -3.383888360 -1.640095865 -0.741510493
v -3.502643952 -1.613386762 -0.793205813
v -3.502448537 -1.881756495 -0.783535989
v -3.383713786 -1.879844524 -0.732871936
v -3.566501715 -4.926218548 -0.786044936
v -3.381422080 -5.024687384 -0.619557759
v -3.567110396 -4.090294834 -0.816164709
v -3.382038223 -4.178516361 -0.650046760
v -3.567731042 -3.237939730 -0.846876533
v -3.382657731 -3.330162556 -0.680614476
v -3.568343989 -2.396157589 -0.877207395
v -3.383274667 -2.482902249 -0.711142726
v -3.568959717 -1.550556404 -0.907675864
v -3.383888360 -1.640095865 -0.741510493
v -3.184803928 -5.270151135 -0.759640426
v -3.184459995 -5.742485861 -0.742621391
v -3.149556158 -5.750751272 -0.972719365
v -3.185054933 -4.925436933 -0.772061073
v -3.259112813 -5.266353256 -0.652735006
v -3.259309261 -4.996564590 -0.662455957
v -3.185421981 -4.421356240 -0.790223970
v -3.185663614 -4.089513219 -0.802180846
v -3.259732643 -4.417558365 -0.683318615
v -3.259926547 -4.151263089 -0.692913693
v -3.186036609 -3.577265224 -0.820638025
v -3.187512934 -1.549774789 -0.893692001
v -3.186284260 -3.237158116 -0.832892670
v -3.260347271 -3.573467349 -0.713732670
v -3.260543154 -3.304453413 -0.723425706
v -3.186656013 -2.726615638 -0.851288396
v -3.186897206 -2.395375974 -0.863223532
v -3.260966675 -2.722817763 -0.744383041
v -3.261161193 -2.455678719 -0.754008522
v -3.187268794 -1.885060810 -0.881611068
v -3.261579456 -1.881262935 -0.774705713
v -3.261774871 -1.612893202 -0.784375537
v -3.381422080 -5.024687384 -0.619557759
v -3.185054933 -4.925436933 -0.772061073
v -3.382038223 -4.178516361 -0.650046760
v -3.185663614 -4.089513219 -0.802180846
v -3.382657731 -3.330162556 -0.680614476
v -3.186284260 -3.237158116 -0.832892670
v -3.383274667 -2.482902249 -0.711142726
v -3.186897206 -2.395375974 -0.863223532
v -3.383888360 -1.640095865 -0.741510493
v -3.187512934 -1.549774789 -0.893692001
v -3.576102169 -5.131436975 -2.826377165
v -3.595244568 -5.873510767 -2.262740206
v -3.505564662 0.371921124 -5.058078844
v -3.556412022 -2.800022061 -3.493790128
v -3.554599119 -4.923788278 -3.424535969
v -3.005554513 -2.798893311 -3.473595657
v -3.003741609 -4.922659528 -3.404341498
v -2.954708929 0.373049871 -5.037884438
v -3.025244660 -5.130308225 -2.806182694
v -3.044387058 -5.872382016 -2.242545735
v -2.955780289 -3.248109673 -3.639171860
v -2.954767370 -4.639410844 -3.589036437
v -3.591073323 -4.640714685 -3.612363453
v -3.592089791 -3.249415742 -3.662498926
v -3.603165424 -4.610034692 -3.284234285
v -3.609020962 -4.415356762 -3.135390366
v -3.591073323 -4.640714685 -3.612363453
v -3.555612746 -2.135582118 -4.719866387
v -3.610007927 -3.067454840 -3.183959578
v -3.582082832 -2.109715328 -3.999270706
v -3.555612746 -2.135582118 -4.719866387
v -2.919299468 -2.134278262 -4.696539102
v -2.972715012 -4.414050922 -3.112063422
v -2.966859472 -4.608730851 -3.260907268
v -2.954767370 -4.639410844 -3.589036437
v -2.919299468 -2.134278262 -4.696539102
v -2.945769554 -2.108411471 -3.975943421
v -2.973696490 -3.066150924 -3.160630583
v -3.728910219 -4.749512181 -2.251034348
v -3.716012740 -4.762153750 -2.602140532
v -3.715792359 -5.064811188 -2.591235263
v -3.728689837 -5.052169618 -2.240129079
v -2.903641091 -4.760489137 -2.572358937
v -2.903420710 -5.063146574 -2.561453667
v -2.916538570 -4.747847567 -2.221252753
v -2.916318188 -5.050505004 -2.210347483
v -3.442115852 -4.000173353 -3.844206963
v -3.411981079 -3.780692076 -3.851002416
v -3.288521560 -3.697479312 -3.227896241
v -3.265749262 -3.719801543 -3.847823122
v -3.265749262 -3.719801543 -3.847823122
v -3.089079631 -3.853168418 -3.836531497
v -3.192330264 -4.103098560 -3.831323781
v -4.065507819 -6.111603285 -1.256152083
v -4.065768027 -5.754250766 -1.269028110
v -4.160382710 -5.769197898 -1.681948629
v -4.160122502 -6.126550417 -1.669072602
v -3.776972618 -6.100211963 -0.945835981
v -3.777234824 -5.742859448 -0.958712082
v -3.371833199 -6.095428695 -0.821271766
v -3.372093406 -5.738076176 -0.834147794
v -2.958644127 -6.098535143 -0.915836007
v -2.958904335 -5.741182624 -0.928712035
v -2.648119233 -6.108698943 -1.204190528
v -2.648379441 -5.751346424 -1.217066556
v -2.642903988 -6.133518069 -1.893109064
v -2.643164196 -5.776165550 -1.905985091
v -3.311751337 -6.154318428 -2.456871584
v -3.312011544 -5.796965909 -2.469747612
v -3.724940186 -6.151211981 -2.362307335
v -3.725200394 -5.793859461 -2.375183362
v -3.312011544 -5.796965909 -2.469747612
v -3.311751337 -6.154318428 -2.456871584
v -4.035466872 -6.141048167 -2.073952435
v -4.035727079 -5.783695648 -2.086828463
v -3.877722653 0.490143164 -4.820466451
v -3.636749145 0.602014622 -5.840653925
v -3.639037012 0.054684227 -5.747653815
v -3.877389546 0.032675715 -4.803983110
v -3.725720135 -0.614465451 -4.497318608
v -3.602496307 -0.634085618 -5.370714840
v -3.534046072 -1.267492600 -4.139081271
v -3.413598446 0.371365339 -6.273648008
v -3.456775992 0.710671542 -6.284610892
v -4.080243686 0.663173217 -3.242791236
v -4.080130585 0.507847089 -3.237194567
v -4.100571745 1.047393824 -1.906498299
v -4.100437980 0.863689031 -1.899879098
v -3.795241983 1.253108607 -1.220941314
v -3.796344689 0.888623859 -1.210422210
v -3.390966831 0.907622213 -0.690828780
v -3.877389546 0.032675715 -4.803983110
v -3.253244127 -0.364585353 -4.376470293
v -2.767518057 0.603795681 -5.808789636
v -2.601435199 0.492758378 -4.773677673
v -2.769805989 0.056465350 -5.715787751
v -2.831029352 -0.632504885 -5.342434590
v -3.260465525 -1.266932011 -4.129051791
v -2.957419544 0.372300086 -6.256924460
v -2.914944137 0.711781734 -6.264749080
v -3.176977055 0.495212447 -6.504913621
v -2.594831880 1.050479204 -1.851297780
v -2.515687247 0.666379118 -3.185434498
v -2.950378629 1.254839799 -1.189968571
v -3.391233630 1.297579390 -0.705347404
v -3.534046072 -1.267492600 -4.139081271
v -3.177279962 0.768508737 -6.511926650
v -2.986884979 -1.266371423 -4.119022311
v -2.601102027 0.035290865 -4.757196106
v -2.772168996 -0.612511549 -4.462361363
v -2.986884979 -1.266371423 -4.119022311
v -2.515574146 0.511052989 -3.179837830
v -2.594698049 0.866774347 -1.844680355
v -2.948557632 0.890361042 -1.179342283
v -2.601102027 0.035290865 -4.757196106
v -3.556754855 -0.960317848 -0.928641428
v -3.200565661 -0.959587988 -0.915583509
v -3.390658578 -1.186215190 -0.582204147
v -3.494253953 -11.083321029 -4.748453307
v -3.495750923 -9.037360075 -4.822176632
v -2.974510253 -9.036290125 -4.803067984
v -2.973013282 -11.082252965 -4.729344592
v -2.981250914 -9.036197947 -4.619203802
v -3.501004610 -11.069636897 -4.565076202
v -3.499004194 -11.178805235 -4.613540945
v -3.501004610 -11.069636897 -4.565076202
v -2.979763939 -11.068567058 -4.545967550
v -2.977919760 -10.963170802 -4.602163425
v -3.499160431 -10.964240642 -4.621272077
v -2.979250971 -9.144807593 -4.667686899
v -3.500491641 -9.145877543 -4.686795547
v -2.977763525 -11.177733397 -4.594432365
v -2.979763939 -11.068567058 -4.545967550
v -3.502491586 -9.037266010 -4.638312518
v -3.500491641 -9.145877543 -4.686795547
v -3.495750923 -9.037360075 -4.822176632
v -3.706879065 -33.290591258 -0.406858627
v -3.711763230 -26.585430253 -0.648457206
v -3.761836890 -26.593340971 -0.866993975
v -3.756954500 -33.298501980 -0.625395461
v -3.554171768 -33.284562381 -0.242623271
v -3.559056090 -26.579401440 -0.484223632
v -3.339752009 -33.282030873 -0.176698660
v -3.344636109 -26.576869931 -0.418299014
v -3.121071939 -33.283674925 -0.226745804
v -3.125954263 -26.578513980 -0.468346092
v -2.923739595 -33.292890568 -0.486498329
v -2.928621903 -26.587729639 -0.728099061
v -3.017179428 -33.307652275 -0.894296430
v -3.022063593 -26.602491270 -1.135895009
v -3.307953618 -33.313198328 -1.042341635
v -3.312837783 -26.608037322 -1.283940214
v -3.526633613 -33.311554132 -0.992290490
v -3.531517935 -26.606393190 -1.233890852
v -3.312837783 -26.608037322 -1.283940214
v -3.307953618 -33.313198328 -1.042341635
v -3.690979853 -33.306175002 -0.839680558
v -3.695863953 -26.601014060 -1.081280912
v -3.248060865 -7.860839163 1.389082543
v -3.293194423 -7.857425640 1.484731240
v -3.643160686 -7.858142684 1.471903232
v -3.681155145 -7.861726607 1.373205280
v -3.402934564 -7.857869461 1.474631424
v -3.370220246 -7.855198671 1.548093595
v -3.468594982 -7.857375889 1.489656605
v -3.471450296 -7.854577230 1.567386392
v -3.532974637 -7.858135924 1.469864147
v -3.570992576 -7.855610070 1.540733269
v -3.574050731 -7.864625214 1.290594896
v -3.240127769 -7.868614853 1.173121019
v -3.673222049 -7.869502297 1.157243755
v -3.524706197 -7.866240303 1.244773601
v -3.348815947 -7.864163690 1.298852018
v -3.394666124 -7.865973841 1.249540878
v -3.353589742 -7.859484615 1.428808362
v -3.333781195 -7.861788422 1.364469757
v -3.578824445 -7.859946218 1.420549022
v -3.593859566 -7.862321343 1.354935268
v -3.459047489 -7.866733943 1.229746579
v -1.806895115 -6.478751883 -1.485702478
v -1.873043940 -6.589048186 -1.643373731
v -1.842194603 -6.473533261 -1.646399629
v -1.842194603 -6.473533261 -1.646399629
v -2.026274787 -6.428204727 -1.792674912
v -2.315644855 -6.349188077 -1.726544184
v -2.451785402 -6.431024211 -1.511111988
v -2.420936065 -6.315509285 -1.514137885
v -2.385634788 -6.320724201 -1.353441247
v -2.420936065 -6.315509285 -1.514137885
v -2.277528915 -6.346415910 -1.231994235
v -2.125581589 -6.385695144 -1.182338428
v -1.970508408 -6.428036325 -1.217777452
v -1.853860634 -6.462098704 -1.328816955
v -1.952135467 -6.639261721 -1.608674281
v -2.400753325 -6.516763122 -1.506150356
v -2.033511021 -6.943968964 -1.600692540
v -2.482129165 -6.821472188 -1.498166781
v -3.406841102 -23.162141100 1.087588822
v -3.414144678 -23.154982440 1.286413021
v -3.850626453 -7.990785646 0.963654740
v -3.048528119 -7.989142019 0.993061493
v -2.826801828 -8.041031899 -0.259550545
v -2.834507407 -8.033479213 -0.049782699
v -3.098737222 -14.215270866 1.006916472
v -3.760084552 -14.216627795 0.982671501
v -3.831365601 -14.240667816 0.316970942
v -3.019093122 -14.215107669 1.009836229
v -2.994768131 -14.238950009 0.347640530
v -3.002534841 -13.908056373 0.540954559
v -3.015455055 -13.895392518 0.892679668
v -3.031771721 -13.934999302 1.339973602
v -3.022119303 -13.699032174 1.063489269
v -3.025264970 -9.396491770 0.908451509
v -3.051413607 -8.506511347 1.571883013
v -2.995143730 -13.725474723 0.329137288
v -3.020244132 -8.537064251 0.723361015
v -3.018903064 -9.180161805 0.722773675
v -3.016346796 -8.538729089 0.616428472
v -3.005982785 -9.192825723 0.371046792
v -3.098737222 -14.215270866 1.006916472
v -3.019093122 -14.215107669 1.009836229
v -3.111415822 -13.935162499 1.337053844
v -3.131057930 -8.506674544 1.568963247
v -3.769606274 -13.836459637 1.213167145
v -3.107678022 -13.835101518 1.237433412
v -3.111246731 -8.525525698 1.045433202
v -3.773752354 -8.526885112 1.021145772
v -3.021108456 -7.370247795 0.681616558
v -3.002170602 -7.436666537 0.168749010
v -3.231399276 -7.243679689 0.669336466
v -3.021108456 -7.370247795 0.681616558
v -2.987986531 -7.020432527 -0.241423990
v -2.999311151 -8.027344234 0.123813806
v -3.001353739 -8.553400815 0.208988787
v -2.998289463 -9.422933811 0.174101286
v -3.020244132 -8.537064251 0.723361015
v -3.856841825 -8.538780393 0.692691359
v -2.987241022 -8.039172908 -0.204715102
v -3.834887156 -9.424650064 0.143431634
v -3.025264970 -9.396491770 0.908451509
v -3.861862662 -9.398209799 0.877781921
v -3.861862662 -9.398209799 0.877781921
v -3.022119303 -13.699032174 1.063489269
v -3.858716995 -13.700750425 1.032819689
v -3.858716995 -13.700750425 1.032819689
v -3.852050750 -13.897108545 0.862010081
v -3.839130470 -13.909774239 0.510283262
v -3.831741422 -13.727192529 0.298467692
v -3.837951432 -8.555116957 0.178319131
v -3.001353739 -8.553400815 0.208988787
v -3.838768295 -7.438382651 0.138079353
v -2.829964387 -14.245084988 0.174044025
v -2.822258743 -14.252637739 -0.035725595
v -2.978488178 -8.047752081 -0.442992506
v -2.973947154 -14.259359636 -0.219165791
v -3.987530736 -8.035843736 -0.092052539
v -3.979825075 -8.043398334 -0.301822537
v -3.855690593 -14.216823699 0.979166577
v -3.868367350 -13.936717168 1.309302304
v -3.888011300 -8.508227489 1.541213357
v -3.856841825 -8.538780393 0.692691359
v -3.855500756 -9.181879612 0.692104079
v -3.852892324 -8.540445124 0.585760728
v -3.837951432 -8.555116957 0.178319131
v -3.842578701 -9.194543526 0.340377261
v -3.855690593 -14.216823699 0.979166577
v -3.760084552 -14.216627795 0.982671501
v -3.772763307 -13.936521268 1.312807155
v -3.792405260 -8.508031584 1.544718280
v -3.857706213 -7.371965711 0.650948743
v -3.647598567 -7.244534441 0.654076864
v -3.835906846 -8.029060372 0.093144223
v -3.810544626 -14.261075666 -0.249835443
v -3.823838715 -8.040889050 -0.235384758
v -3.982989711 -14.247452956 0.131774236
v -3.975284067 -14.255005707 -0.077995384
v -3.815085870 -8.049470054 -0.473662096
v -3.439523260 -7.210637712 0.660499818
v -2.973587729 -7.416058060 0.685013354
v -3.005443032 -7.697069722 1.569657712
v -2.996599506 -7.393502877 1.311459634
v -3.124796255 -7.393765562 1.306759933
v -3.133639780 -7.697332407 1.564958011
v -3.928170071 -7.395413678 1.277306044
v -3.937013676 -7.698982302 1.535506407
v -3.792854989 -7.698685051 1.540791207
v -3.784011384 -7.395116426 1.282590843
v -3.004174997 -8.506170223 1.580395688
v -3.006701561 -7.817046464 1.610693408
v -3.134898310 -7.817309149 1.605993707
v -3.132371745 -8.506432909 1.575695987
v -3.938272207 -7.818957158 1.576542036
v -3.794113518 -7.818661765 1.581826902
v -3.783334239 -7.411458183 0.829090803
v -3.905158310 -7.417968845 0.650860207
v -3.108158801 -7.410072900 0.853840933
v -3.935745641 -8.508082859 1.546244385
v -3.791590728 -8.507785587 1.551529046
v -3.107338971 -8.530970874 0.894232512
v -3.108158801 -7.410072900 0.853840933
v -3.783334239 -7.411458183 0.829090803
v -3.766557955 -8.532321666 0.870065503
v -3.107338971 -8.530970874 0.894232512
v -3.766557955 -8.532321666 0.870065503
v -2.697811389 -8.381965732 1.070279041
v -2.971282785 -8.119725045 0.685729841
v -2.684637588 -8.119135799 0.696238204
v -2.708982372 -8.246080788 1.367401919
v -2.713793361 -7.939751767 1.481463886
v -2.709423639 -7.642421466 1.345649190
v -2.698434665 -7.528258617 1.039514882
v -2.687263749 -7.664141666 0.742393713
v -2.684637588 -8.119135799 0.696238204
v -3.847911879 -8.157642849 -0.546111402
v -3.771474010 -8.131340890 -0.540661075
v -3.881330911 -8.253615339 -0.924213143
v -3.946856501 -8.245856304 -0.795935628
v -3.847148265 -9.206341562 -0.508324979
v -3.770710396 -9.180039658 -0.502874650
v -3.880567297 -9.302314108 -0.886426718
v -3.946092886 -9.294555017 -0.758149205
v -3.972711555 -13.624461196 -0.158539627
v -3.969363715 -13.837704874 -0.237941753
v -4.179252777 -13.838134954 -0.245636300
v -3.980487904 -13.529871724 0.048293822
v -3.988137576 -13.609341254 0.261400693
v -3.991179364 -13.816320311 0.355942392
v -3.987829593 -14.029561702 0.276542034
v -3.980053176 -14.124155233 0.069706955
v -3.972403636 -14.044683355 -0.143396448
v -3.969363715 -13.837704874 -0.237941753
v -4.236517084 -13.840022008 -0.296851079
v -4.324963012 -13.591729500 -0.207432715
v -4.321062176 -13.840197023 -0.299950444
v -4.334023881 -13.481511462 0.033565877
v -4.342937133 -13.574109798 0.281874070
v -4.346481437 -13.815280350 0.392034304
v -4.342578716 -14.063746094 0.299516580
v -4.333517782 -14.173963752 0.058516197
v -4.324604595 -14.081365352 -0.189790221
v -4.321062176 -13.840197023 -0.299950444
v -3.969363715 -13.837704874 -0.237941753
v -4.043321094 -19.965205630 -2.054674008
v -3.995743812 -19.847041650 -2.249054938
v -4.321655357 -19.918629530 -2.184964212
v -4.296243530 -20.178412267 -2.438359516
v -4.305784633 -19.879210366 -2.249806001
v -4.311457878 -20.216195776 -2.376203797
v -4.407336213 -20.221439493 -2.394939363
v -4.437797968 -20.003643287 -2.265678076
v -4.421927276 -19.964225867 -2.330518914
v -4.391465488 -20.182022106 -2.459781088
v -4.442091734 -19.832276404 -2.147452225
v -4.435462975 -19.779842923 -2.212435705
v -3.639829358 -21.886847655 -2.783954413
v -3.953008426 -20.923156572 -2.613920615
v -4.063971142 -20.174064447 -2.326680511
v -3.931521303 -21.898772493 -2.932189790
v -3.827088097 -21.666405953 -3.046392522
v -3.789249692 -22.141013513 -2.929624474
v -3.511353312 -22.251160557 -3.028180033
v -3.481776005 -21.596971194 -3.191161481
v -3.971653546 -22.962341061 -2.795942457
v -3.877759841 -22.742720658 -2.935398568
v -3.829516880 -23.204549869 -2.787199883
v -3.561438330 -23.326202818 -2.899847068
v -3.513450824 -22.703474232 -3.106311161
v -3.609821820 -23.698737494 -2.967211679
v -3.857498743 -23.768613275 -2.793325673
v -3.950515666 -23.987506438 -2.654628676
v -3.808379124 -24.229715342 -2.645888772
v -3.540300608 -24.351368260 -2.758535069
v -3.867364317 -21.973484752 -2.941522283
v -3.679518933 -22.162944728 -3.045073770
v -3.498013494 -21.877131694 -3.239270471
v -3.757105757 -21.630929195 -3.091086548
v -4.098220509 -19.990267253 -2.165288343
v -3.885147898 -19.907324309 -2.044119311
v -3.954717814 -23.031676189 -2.788235780
v -3.756852817 -23.216392298 -2.881142330
v -3.592634377 -22.933602193 -3.094236506
v -3.864670782 -22.693550087 -2.959796171
v -3.920825277 -24.053110417 -2.642674936
v -3.747862861 -24.264058879 -2.729218025
v -3.562754398 -24.015281877 -2.966269902
v -3.801780434 -23.738629334 -2.839655534
v -2.555075721 -19.962156097 -2.000114839
v -2.588775649 -19.844158661 -2.197475396
v -2.268139959 -19.914419938 -2.109682273
v -2.273865979 -20.174266479 -2.364219092
v -2.279381245 -19.875058105 -2.175517926
v -2.263090868 -20.211998510 -2.301110533
v -2.153195181 -19.775164600 -2.128767688
v -2.177317242 -20.177483364 -2.378610338
v -2.166075511 -20.216846972 -2.312774605
v -2.151127749 -19.827582038 -2.063465341
v -2.671907207 -21.975199027 -2.770057201
v -2.436469910 -20.965463302 -2.536315970
v -2.358051979 -20.225054596 -2.237470172
v -2.657401477 -21.971005442 -2.897164970
v -2.836383474 -22.161217077 -3.014164371
v -3.004352547 -21.876120144 -3.221172830
v -2.757815793 -21.628881570 -3.054452515
v -2.577176474 -23.028853498 -2.737735028
v -2.766949735 -23.214363908 -2.844852421
v -2.916280288 -22.932216290 -3.069441323
v -2.655802750 -22.691073020 -2.915478993
v -2.617455334 -24.050439709 -2.594893312
v -2.782750098 -24.262081287 -2.693836930
v -2.951022779 -24.014028391 -2.943843782
v -2.723043709 -23.736418917 -2.800108978
v -3.973888327 -10.931960431 -2.363103458
v -3.973809206 -11.040620705 -2.359188241
v -3.983431148 -11.031189679 -2.097251516
v -3.983510269 -10.922529406 -2.101166733
v -3.731882805 -0.669591432 -2.398040994
v -3.718985326 -0.682233001 -2.749147178
v -3.718764945 -0.984890661 -2.738241900
v -3.731662423 -0.972249091 -2.387135716
v -2.906611902 -0.680568384 -2.719365517
v -2.906391520 -0.983226044 -2.708460240
v -2.919509380 -0.667926814 -2.368259333
v -2.919288999 -0.970584474 -2.357354056
v -4.022005177 -19.981853536 -2.529551154
v -3.950175697 -20.531217974 -2.572005675
v -3.782972999 -20.370077795 -2.112588622
v -3.870403503 -19.545095125 -2.100906947
v -3.874597130 -21.407511435 -2.737870345
v -4.129556888 -20.086803459 -2.919126388
v -3.530732784 -20.173841767 -2.622939432
v -3.870403503 -19.545095125 -2.100906947
v -3.537620364 -19.814028623 -2.225988659
v -3.545980166 -20.332807174 -2.956546647
v -4.129556888 -20.086803459 -2.919126388
v -3.544248841 -20.727748169 -2.931039714
v -3.874597130 -21.407511435 -2.737870345
v -3.760862908 -21.844885299 -2.791905988
v -3.545980166 -20.332807174 -2.956546647
v -3.508240541 -20.449806130 -2.612177115
v -3.537620364 -19.814028623 -2.225988659
v -3.490510707 -20.041799968 -2.216057239
v -3.544248841 -20.727748169 -2.931039714
v -4.333051479 -15.295478223 -1.875504987
v -4.527707507 -15.280536741 -1.456895520
v -3.393586009 -15.490089080 0.297199140
v -3.377916853 -15.231956370 -0.144646525
v -3.395939735 -15.006777803 0.334389008
v -3.844493351 -15.309069877 -2.262591651
v -4.459073935 -15.269811863 -1.160582195
v -3.977847407 -15.054205910 -0.118986319
v -4.257261435 -15.100664513 -0.501081858
v -4.378800757 -15.198228693 -0.799075003
v -3.260188488 -25.979242414 -2.755234622
v -3.295140980 -15.313549452 -2.398016434
v -4.171398343 -15.245585812 -0.492709889
v -3.825453560 -15.280994847 0.029984060
v -4.378758121 -15.256782332 -0.796965215
v -4.459073935 -15.269811863 -1.160582195
v -3.770187666 -15.339508250 0.037054285
v -3.858209037 -15.237555969 -0.277319310
v -3.869824928 -15.463789012 -0.265456295
v -3.377916853 -15.231956370 -0.144646525
v -4.171398343 -15.245585812 -0.492709889
v -2.541493155 -19.978819849 -2.475275490
v -2.725862041 -19.542749869 -2.058947985
v -2.808825415 -20.368081690 -2.076876311
v -2.607772289 -20.528467283 -2.522793081
v -2.667835733 -21.520365349 -2.733609567
v -2.405276499 -20.083270272 -2.855914161
v -3.023820943 -20.172803064 -2.604356012
v -3.047488015 -19.813024303 -2.208020377
v -2.725862041 -19.542749869 -2.058947985
v -2.983534840 -20.331654679 -2.935927366
v -2.405276499 -20.083270272 -2.855914161
v -2.985514803 -20.726603279 -2.910556489
v -2.667835733 -21.520365349 -2.733609567
v -2.983534840 -20.331654679 -2.935927366
v -3.045911230 -20.448858781 -2.595228094
v -3.094265827 -20.040988031 -2.201530877
v -3.047488015 -19.813024303 -2.208020377
v -2.985514803 -20.726603279 -2.910556489
v -2.134936795 -15.275631989 -1.369176459
v -2.462520444 -15.300359513 -2.048777993
v -2.278536952 -15.229634380 -0.901360053
v -2.782206073 -15.051755946 -0.075154033
v -2.475378704 -15.097013294 -0.435757925
v -2.561030491 -15.242286040 -0.433673702
v -2.944169227 -15.279189026 0.062291999
v -2.331903131 -15.252588163 -0.721927382
v -2.278536952 -15.229634380 -0.901360053
v -2.999564524 -15.337929182 0.065305377
v -2.877536668 -15.461753959 -0.229079009
v -2.889178543 -15.235570349 -0.241794591
v -2.561030491 -15.242286040 -0.433673702
v -2.780108116 -1.221984696 -5.487924458
v -2.785782043 -1.027670412 -5.344062637
v -2.704603194 -0.986114301 -5.278001063
v -2.694796942 -1.301762565 -5.527849607
v -3.722044507 -1.303867412 -5.565506790
v -3.640213017 -1.223748959 -5.519457671
v -3.731852690 -0.988220992 -5.315660031
v -3.645885235 -1.029432832 -5.375594074
v -3.449206464 -0.907307384 -5.188098820
v -2.996159637 -0.906380895 -5.171491808
v -3.457850151 -0.770667342 -4.959956795
v -3.004803392 -0.769736794 -4.943348153
v -2.785782043 -1.027670412 -5.344062637
v -2.789854702 -1.177364143 -5.224554639
v -3.649959767 -1.179126470 -5.256083479
v -3.645451897 -1.346089787 -5.369715276
v -2.785346864 -1.344327428 -5.338185549
v -2.789854702 -1.177364143 -5.224554639
v -2.708677532 -1.135805911 -5.158495872
v -2.700034186 -1.429681766 -5.377791532
v -3.727283461 -1.431786681 -5.415450555
v -3.735925093 -1.137914754 -5.196152912
v -3.453410537 -1.062500923 -5.064747213
v -3.463112510 -0.909566752 -4.808648415
v -3.000363714 -1.061569107 -5.048140393
v -3.010065685 -0.908636711 -4.792041531
vt 0.38155299425125122 0.27471500635147095
vt 0.45305201411247253 0.16800099611282349
vt 0.32308900356292725 0.12568497657775879
vt 0.027617000043392181 0.36013901233673096
vt 0.34882000088691711 0.11627197265625
vt 0.3459320068359375 0.13651198148727417
vt 0.58083200454711914 0.6140730082988739
vt 0.065595999360084534 0.17212098836898804
vt 0.063217997550964355 0.17528897523880005
vt 0.57651299238204956 0.61365801095962524
vt 0.19173699617385864 0.13457697629928589
vt 0.044339001178741455 0.13231498003005981
vt 0.19221900403499603 0.12586599588394165
vt 0.57424598932266235 0.63278400897979736
vt 0.065310999751091003 0.19632697105407715
vt 0.34482100605964661 0.23575997352600098
vt 0.53395199775695801 0.64169299602508545
vt 0.59504002332687378 0.62760800123214722
vt 0.031252000480890274 0.1516609787940979
vt 0.040692999958992004 0.15060597658157349
vt 0.048011001199483871 0.12063002586364746
vt 0.072434999048709869 0.11236697435379028
vt 0.62120002508163452 0.62593299150466919
vt 0.59347802400588989 0.60643100738525391
vt 0.61991000175476074 0.60537400841712952
vt 0.01421700045466423 0.15161502361297607
vt 0.033282000571489334 0.13509601354598999
vt 0.014394000172615051 0.12848097085952759
vt 0.19084100425243378 0.19837898015975952
vt 0.19106000661849976 0.17418801784515381
vt 0.32152199745178223 0.17431598901748657
vt 0.34506899118423462 0.19847398996353149
vt 0.32232999801635742 0.11579298973083496
vt 0.027503000572323799 0.30917602777481079
vt 0.026260999962687492 0.48597598075866699
vt 0.0055379997938871384 0.48858600854873657
vt 0.027503000572323799 0.32182997465133667
vt 0.20956499874591827 0.056775987148284912
vt 0.042332001030445099 0.087264001369476318
vt 0.027184000238776207 0.081296026706695557
vt 0.514382004737854 0.46184700727462769
vt 0.49462398886680603 0.44754397869110107
vt 0.043476998805999756 0.070792019367218018
vt 0.58059298992156982 0.4719269871711731
vt 0.56845599412918091 0.46780401468276978
vt 0.58847802877426147 0.48288702964782715
vt 0.18678699433803558 0.11535000801086426
vt 0.14223699271678925 0.06045299768447876
vt 0.18561699986457825 0.06176602840423584
vt 0.19528700411319733 0.012826979160308838
vt 0.19811800122261047 0.0574989914894104
vt 0.36645200848579407 0.033464014530181885
vt 0.35607698559761047 0.0097420215606689453
vt 0.35537898540496826 0.0054500102996826172
vt 0.3694939911365509 0.021018028259277344
vt 0.36140099167823792 0.13025599718093872
vt 0.36140099167823792 0.14959597587585449
vt 0.35617798566818237 0.15958899259567261
vt 0.36675000190734863 0.16764098405838013
vt 0.37029200792312622 0.18983602523803711
vt 0.35218700766563416 0.15526098012924194
vt 0.58314400911331177 0.55347800254821777
vt 0.59150099754333496 0.54749700427055359
vt 0.59862500429153442 0.53701001405715942
vt 0.59949898719787598 0.5154779851436615
vt 0.209524005651474 0.0033389925956726074
vt 0.23619599640369415 0.37419897317886353
vt 0.3668380081653595 0.18568402528762817
vt 0.35440999269485474 0.14589202404022217
vt 0.35912299156188965 0.14590698480606079
vt 0.33922800421714783 0.39210498332977295
vt 0.027503000572323799 0.33978599309921265
vt 0.592631995677948 0.1935889720916748
vt 0.49988999962806702 0.65638399124145508
vt 0.35333600640296936 0.22979998588562012
vt 0.35332900285720825 0.20885902643203735
vt 0.49989399313926697 0.64168798923492432
vt 0.51735901832580566 0.64169299602508545
vt 0.56328999996185303 0.56151598691940308
vt 0.010683000087738037 0.51785001158714294
vt 0.041018001735210419 0.52043101191520691
vt 0.32580199837684631 0.4355120062828064
vt 0.25780200958251953 0.4356200098991394
vt 0.39197900891304016 0.050306022167205811
vt 0.34618601202964783 0.42426902055740356
vt 0.38192400336265564 0.021000027656555176
vt 0.38512200117111206 0.033464014530181885
vt 0.21401999890804291 0.34669500589370728
vt 0.026215000078082085 0.38203102350234985
vt 0.40200099349021912 0.26089400053024292
vt 0.19141300022602081 0.15293502807617188
vt 0.0042400001548230648 0.65638399124145508
vt 0.20392400026321411 0.2029380202293396
vt 0.0042400001548230648 0.52125799655914307
vt 0.038091998547315598 0.37727600336074829
vt 0.040954001247882843 0.52687999606132507
vt 0.0042400001548230648 0.5426659882068634
vt 0.53533798456192017 0.61782601475715637
vt 0.44774800539016724 0.53102099895477295
vt 0.46873798966407776 0.54692500829696655
vt 0.24394899606704712 0.52792999148368835
vt 0.34480899572372437 0.20290499925613403
vt 0.43777599930763245 0.65638399124145508
vt 0.44137299060821533 0.6416890025138855
vt 0.46583199501037598 0.64168199896812439
vt 0.57446402311325073 0.62220200896263123
vt 0.065394997596740723 0.1844789981842041
vt 0.43776699900627136 0.63905000686645508
vt 0.53538602590560913 0.62383800745010376
vt 0.46985799074172974 0.61638200283050537
vt 0.49251100420951843 0.58781701326370239
vt 0.49289599061012268 0.60929399728775024
vt 0.43067198991775513 0.52165800333023071
vt 0.4714449942111969 0.53567099571228027
vt 0.59202498197555542 0.56459298729896545
vt 0.51854801177978516 0.60893100500106812
vt 0.61962801218032837 0.56364798545837402
vt 0.51867097616195679 0.58862298727035522
vt 0.48912999033927917 0.56235200166702271
vt 0.51931500434875488 0.54392299056053162
vt 0.51865500211715698 0.56355699896812439
vt 0.25268098711967468 0.5182659924030304
vt 0.24333499372005463 0.45971202850341797
vt 0.25375500321388245 0.45525002479553223
vt 0.24041500687599182 0.62739399075508118
vt 0.0042400001548230648 0.62771999835968018
vt 0.0042400001548230648 0.59351000189781189
vt 0.21829499304294586 0.44788497686386108
vt 0.21351400017738342 0.43027198314666748
vt 0.22233399748802185 0.42848098278045654
vt 0.2359129935503006 0.44976997375488281
vt 0.24365900456905365 0.44114798307418823
vt 0.22543999552726746 0.43893098831176758
vt 0.49408501386642456 0.49783599376678467
vt 0.46475300192832947 0.47573798894882202
vt 0.39558300375938416 0.13008099794387817
vt 0.50406497716903687 0.4798930287361145
vt 0.47951799631118774 0.46213001012802124
vt 0.55637699365615845 0.4720960259437561
vt 0.46390300989151001 0.43370801210403442
vt 0.4439769983291626 0.43351399898529053
vt 0.54864501953125 0.48316198587417603
vt 0.23121200501918793 0.35977399349212646
vt 0.22908599674701691 0.42688000202178955
vt 0.38995799422264099 0.13025599718093872
vt 0.45609501004219055 0.39778399467468262
vt 0.37370601296424866 0.34729999303817749
vt 0.37292000651359558 0.4322509765625
vt 0.38509801030158997 0.013369977474212646
vt 0.38510900735855103 0.020995020866394043
vt 0.38935500383377075 0.033464014530181885
vt 0.39041799306869507 0.027188003063201904
vt 0.390951007604599 0.023411989212036133
vt 0.39514300227165222 0.010914981365203857
vt 0.39591500163078308 0.0066360235214233398
vt 0.38995799422264099 0.14959597587585449
vt 0.39942499995231628 0.15489101409912109
vt 0.39525300264358521 0.15938502550125122
vt 0.38135999441146851 0.18991297483444214
vt 0.38489800691604614 0.16764098405838013
vt 0.54649502038955688 0.54779499769210815
vt 0.55524897575378418 0.55385100841522217
vt 0.53923499584197998 0.53740799427032471
vt 0.53970098495483398 0.50972199440002441
vt 0.53644800186157227 0.52207300066947937
vt 0.40336298942565918 0.34681099653244019
vt 0.55695301294326782 0.18557101488113403
vt 0.41527000069618225 0.32473897933959961
vt 0.38489198684692383 0.18558198213577271
vt 0.39713999629020691 0.14512801170349121
vt 0.23124100267887115 0.34479200839996338
vt 0.24019700288772583 0.34475702047348022
vt 0.47723600268363953 0.19363898038864136
vt 0.43681898713111877 0.2846829891204834
vt 0.34503999352455139 0.17452198266983032
vt 0.48242700099945068 0.64168301224708557
vt 0.56905597448348999 0.55662199854850769
vt 0.0042400001548230648 0.57399299740791321
vt 0.32178300619125366 0.15371400117874146
vt 0.34533798694610596 0.15394502878189087
vt 0.32245901226997375 0.13499701023101807
vt 0.11125300079584122 0.62843000888824463
vt 0.10102400183677673 0.61215999722480774
vt 0.089207999408245087 0.5741649866104126
vt 0.091107003390789032 0.55789700150489807
vt 0.10766100138425827 0.53098198771476746
vt 0.3063029944896698 0.52675899863243103
vt 0.29148301482200623 0.62661498785018921
vt 0.288673996925354 0.5954819917678833
vt 0.28832700848579407 0.58559399843215942
vt 0.28744098544120789 0.54313600063323975
vt 0.29274600744247437 0.58586001396179199
vt 0.27742499113082886 0.58104801177978516
vt 0.27522501349449158 0.5970819890499115
vt 0.31566700339317322 0.62779399752616882
vt 0.31221500039100647 0.59571701288223267
vt 0.31108298897743225 0.581045001745224
vt 0.30678099393844604 0.59571999311447144
vt 0.30390799045562744 0.59681999683380127
vt 0.30118098855018616 0.59468600153923035
vt 0.29639101028442383 0.5759899914264679
vt 0.30096900463104248 0.54493099451065063
vt 0.30461600422859192 0.53938600420951843
vt 0.47839099168777466 0.60248398780822754
vt 0.0042400001548230648 0.61296901106834412
vt 0.092904999852180481 0.59403699636459351
vt 0.28917700052261353 0.61577001214027405
vt 0.29798701405525208 0.59649801254272461
vt 0.31390100717544556 0.6149120032787323
vt 0.0042400001548230648 0.55768799781799316
vt 0.47347399592399597 0.56205099821090698
vt 0.096608996391296387 0.54346498847007751
vt 0.29660099744796753 0.56001299619674683
vt 0.31535100936889648 0.56161400675773621
vt 0.32096299529075623 0.54575300216674805
vt 0.32496199011802673 0.53191399574279785
vt 0.48660299181938171 0.5865899920463562
vt 0.24378499388694763 0.53491601347923279
vt 0.24016200006008148 0.62336799502372742
vt 0.11551699787378311 0.62311100959777832
vt 0.10579899698495865 0.60938999056816101
vt 0.095545001327991486 0.57555100321769714
vt 0.097272999584674835 0.56164100766181946
vt 0.1128930002450943 0.53624498844146729
vt 0.28942999243736267 0.54010400176048279
vt 0.28493699431419373 0.62134701013565063
vt 0.28299599885940552 0.59576201438903809
vt 0.28337100148200989 0.5830560028553009
vt 0.28965801000595093 0.54520699381828308
vt 0.28765299916267395 0.54838201403617859
vt 0.27988499402999878 0.58423000574111938
vt 0.2791450023651123 0.60121598839759827
vt 0.31300899386405945 0.62715798616409302
vt 0.30920401215553284 0.59600800275802612
vt 0.29096299409866333 0.5613740086555481
vt 0.28911200165748596 0.57507500052452087
vt 0.30386701226234436 0.60227799415588379
vt 0.29860401153564453 0.59698399901390076
vt 0.29229500889778137 0.5761449933052063
vt 0.29377299547195435 0.54818201065063477
vt 0.29412400722503662 0.54428198933601379
vt 0.098281003534793854 0.59375900030136108
vt 0.28444400429725647 0.61544999480247498
vt 0.28343600034713745 0.56143999099731445
vt 0.31041499972343445 0.61473599076271057
vt 0.1018889993429184 0.54947599768638611
vt 0.29185500741004944 0.55910700559616089
vt 0.29935300350189209 0.53546398878097534
vt 0.44241800904273987 0.61333999037742615
vt 0.45194900035858154 0.59576299786567688
vt 0.46261098980903625 0.58114099502563477
vt 0.56461101770401001 0.61817899346351624
vt 0.5787619948387146 0.58741301298141479
vt 0.55091398954391479 0.5563490092754364
vt 0.53692901134490967 0.57706400752067566
vt 0.47495898604393005 0.58144998550415039
vt 0.46620899438858032 0.5975939929485321
vt 0.45827201008796692 0.61149001121520996
vt 0.46350398659706116 0.15546602010726929
vt 0.45305201411247253 0.16800099611282349
vt 0.48536801338195801 0.42889201641082764
vt 0.48568901419639587 0.40675902366638184
vt 0.36866798996925354 0.33816301822662354
vt 0.61988300085067749 0.20576399564743042
vt 0.44104799628257751 0.18689697980880737
vt 0.39455199241638184 0.28842300176620483
vt 0.592631995677948 0.1935889720916748
vt 0.35141101479530334 0.39667600393295288
vt 0.34618601202964783 0.42426902055740356
vt 0.50077497959136963 0.17315202951431274
vt 0.46390300989151001 0.43370801210403442
vt 0.4439769983291626 0.43351399898529053
vt 0.45609501004219055 0.39778399467468262
vt 0.37370601296424866 0.34729999303817749
vt 0.37292098999023438 0.4322509765625
vt 0.36677899956703186 0.34726399183273315
vt 0.34686499834060669 0.34632301330566406
vt 0.34469300508499146 0.36777400970458984
vt 0.33453500270843506 0.35949802398681641
vt 0.33403199911117554 0.35197800397872925
vt 0.40336298942565918 0.34681099653244019
vt 0.55695301294326782 0.18557101488113403
vt 0.4260450005531311 0.3047109842300415
vt 0.47723600268363953 0.19363898038864136
vt 0.4414060115814209 0.16471397876739502
vt 0.45099499821662903 0.14773201942443848
vt 0.32384198904037476 0.36417901515960693
vt 0.25484201312065125 0.34136098623275757
vt 0.32384198904037476 0.34136098623275757
vt 0.25484201312065125 0.36417901515960693
vt 0.32856899499893188 0.36913102865219116
vt 0.25014799833297729 0.33461201190948486
vt 0.32856899499893188 0.33679801225662231
vt 0.25014799833297729 0.36694502830505371
vt 0.41743698716163635 0.15549999475479126
vt 0.40400400757789612 0.15549999475479126
vt 0.43859699368476868 0.15549999475479126
vt 0.42517000436782837 0.15549999475479126
vt 0.43859699368476868 0.1745150089263916
vt 0.40400400757789612 0.1745150089263916
vt 0.41743698716163635 0.1745150089263916
vt 0.42517000436782837 0.1745150089263916
vt 0.42517000436782837 0.1652519702911377
vt 0.41743698716163635 0.16481399536132812
vt 0.0049319998361170292 0.81958900392055511
vt 0.015364999882876873 0.82523199915885925
vt 0.57569599151611328 0.67802000045776367
vt 0.58467197418212891 0.67503100633621216
vt 0.53776997327804565 0.65367999672889709
vt 0.54047602415084839 0.63410601019859314
vt 0.53746497631072998 0.68695399165153503
vt 0.57761299610137939 0.652538001537323
vt 0.0056199999526143074 0.8034680038690567
vt 0.0023189999628812075 0.81142899394035339
vt 0.59079200029373169 0.66933798789978027
vt 0.59127199649810791 0.66346800327301025
vt 0.58546501398086548 0.65860000252723694
vt 0.20621199905872345 0.83840300142765045
vt 0.3232719898223877 0.83840300142765045
vt 0.3232719898223877 0.86131499707698822
vt 0.20621199905872345 0.86131499707698822
vt 0.10321500152349472 0.051182985305786133
vt 0.10883700102567673 0.041608989238739014
vt 0.060141000896692276 0.038020014762878418
vt 0.058641001582145691 0.038942992687225342
vt 0.050606999546289444 0.030065000057220459
vt 0.05909699946641922 0.030318021774291992
vt 0.083627998828887939 0.015774011611938477
vt 0.079483002424240112 0.022181987762451172
vt 0.074952997267246246 0.018644988536834717
vt 0.081623002886772156 0.014204025268554688
vt 0.10155899822711945 0.036122977733612061
vt 0.096446000039577484 0.037701010704040527
vt 0.078511998057365417 0.004382014274597168
vt 0.0058120000176131725 0.0058550238609313965
vt 0.068783000111579895 0.054759979248046875
vt 0.092129997909069061 0.004414975643157959
vt 0.0971670001745224 0.013791024684906006
vt 0.082999996840953827 0.009895026683807373
vt 0.13922600448131561 0.026037991046905518
vt 0.18741799890995026 0.029576003551483154
vt 0.18529100716114044 0.021831989288330078
vt 0.15043500065803528 0.026117980480194092
vt 0.18274800479412079 0.013581991195678711
vt 0.099578000605106354 0.022041022777557373
vt 0.18643699586391449 0.018525004386901855
vt 0.18945799767971039 0.017409026622772217
vt 0.18832799792289734 0.014814019203186035
vt 0.18810400366783142 0.012158989906311035
vt 0.18558299541473389 0.015641987323760986
vt 0.11222600191831589 0.035028994083404541
vt 0.18229000270366669 0.04000699520111084
vt 0.1783829927444458 0.034721970558166504
vt 0.11072999984025955 0.03614199161529541
vt 0.18011100590229034 0.027333974838256836
vt 0.10634899884462357 0.029653012752532959
vt 0.18361799418926239 0.0047529935836791992
vt 0.17566199600696564 0.024236977100372314
vt 0.10945799946784973 0.023478984832763672
vt 0.092949002981185913 0.28877401351928711
vt 0.14212800562381744 0.28903001546859741
vt 0.092730000615119934 0.34857600927352905
vt 0.093731999397277832 0.30630302429199219
vt 0.14255200326442719 0.3160560131072998
vt 0.092238999903202057 0.31579297780990601
vt 0.1411609947681427 0.30655002593994141
vt 0.14171500504016876 0.34883302450180054
vt 0.081137001514434814 0.29019200801849365
vt 0.15392500162124634 0.29057401418685913
vt 0.086101002991199493 0.35449600219726562
vt 0.084261000156402588 0.31246501207351685
vt 0.15056499838829041 0.31281298398971558
vt 0.14827999472618103 0.35482197999954224
vt 0.16207100450992584 0.31229597330093384
vt 0.18830299377441406 0.31253200769424438
vt 0.16107200086116791 0.33650398254394531
vt 0.18885800242424011 0.33673697710037231
vt 0.16939100623130798 0.34154701232910156
vt 0.16824600100517273 0.30284899473190308
vt 0.15389999747276306 0.31048101186752319
vt 0.19651100039482117 0.31088000535964966
vt 0.15758700668811798 0.34587901830673218
vt 0.19214500486850739 0.34616398811340332
vt 0.16791300475597382 0.34997302293777466
vt 0.19197200238704681 0.30045199394226074
vt 0.1801609992980957 0.34169197082519531
vt 0.1823589950799942 0.30306899547576904
vt 0.18145300447940826 0.35014498233795166
vt 0.15869100391864777 0.30003702640533447
vt 0.17002899944782257 0.27863198518753052
vt 0.18853199481964111 0.27550500631332397
vt 0.18107399344444275 0.27882397174835205
vt 0.16265499591827393 0.27514797449111938
vt 0.16906599700450897 0.25726401805877686
vt 0.18898099660873413 0.2596290111541748
vt 0.18253800272941589 0.25750201940536499
vt 0.16257199645042419 0.25923299789428711
vt 0.16985900700092316 0.24139702320098877
vt 0.18230800330638885 0.23657900094985962
vt 0.18212899565696716 0.24162298440933228
vt 0.16983099281787872 0.23634898662567139
vt 0.64205002784729004 0.49257999658584595
vt 0.85908997058868408 0.49257999658584595
vt 0.64205002784729004 0.50558900833129883
vt 0.85908997058868408 0.51418000459671021
vt 0.64205002784729004 0.54512399435043335
vt 0.85908997058868408 0.54512301087379456
vt 0.64205002784729004 0.51418000459671021
vt 0.85908997058868408 0.50558900833129883
vt 0.21626900136470795 0.27268701791763306
vt 0.23968799412250519 0.27263301610946655
vt 0.21682299673557281 0.32537698745727539
vt 0.21785199642181396 0.29179900884628296
vt 0.2403859943151474 0.30195999145507812
vt 0.21570399403572083 0.30201500654220581
vt 0.23819200694561005 0.29175299406051636
vt 0.23936900496482849 0.32532697916030884
vt 0.19269600510597229 0.27714097499847412
vt 0.26328200101852417 0.27698099613189697
vt 0.20167499780654907 0.32882601022720337
vt 0.19761200249195099 0.3009369969367981
vt 0.25847199559211731 0.30080097913742065
vt 0.25453299283981323 0.32870900630950928
vt 0.30643698573112488 0.13235098123550415
vt 0.31016701459884644 0.14313000440597534
vt 0.30460500717163086 0.14335501194000244
vt 0.30239701271057129 0.13125902414321899
vt 0.30643698573112488 0.13235098123550415
vt 0.30239701271057129 0.13125902414321899
vt 0.30329498648643494 0.15389901399612427
vt 0.2942039966583252 0.17065298557281494
vt 0.2942039966583252 0.17065298557281494
vt 0.31050300598144531 0.15686202049255371
vt 0.31075099110603333 0.16993200778961182
vt 0.31016600131988525 0.14313000440597534
vt 0.30460500717163086 0.14335501194000244
vt 0.30329498648643494 0.15389901399612427
vt 0.31050300598144531 0.15686202049255371
vt 0.31075099110603333 0.16993200778961182
vt 0.27454298734664917 0.27437597513198853
vt 0.31512001156806946 0.27413499355316162
vt 0.27483099699020386 0.30279302597045898
vt 0.3151710033416748 0.30255502462387085
vt 0.290802001953125 0.31975799798965454
vt 0.2993989884853363 0.31970500946044922
vt 0.28419101238250732 0.25753498077392578
vt 0.30527201294898987 0.25740998983383179
vt 0.26520800590515137 0.27266901731491089
vt 0.32443401217460632 0.27231699228286743
vt 0.26624199748039246 0.3057209849357605
vt 0.32379299402236938 0.30538201332092285
vt 0.29130101203918457 0.32994002103805542
vt 0.29902800917625427 0.32989102602005005
vt 0.2845270037651062 0.24734902381896973
vt 0.30481499433517456 0.24722802639007568
vt 0.35375499725341797 0.30677801370620728
vt 0.34167000651359558 0.30677801370620728
vt 0.34167799353599548 0.27244400978088379
vt 0.35374599695205688 0.27244400978088379
vt 0.36759299039840698 0.3333590030670166
vt 0.32783499360084534 0.33336001634597778
vt 0.34167799353599548 0.25861400365829468
vt 0.367576003074646 0.27244001626968384
vt 0.94866400957107544 0.46396702527999878
vt 0.87153398990631104 0.42637097835540771
vt 0.87567400932312012 0.35957002639770508
vt 0.99722599983215332 0.61786800622940063
vt 0.96728301048278809 0.48159497976303101
vt 0.98617899417877197 0.4281420111656189
vt 0.97271901369094849 0.43581998348236084
vt 0.96469897031784058 0.37351399660110474
vt 0.96288597583770752 0.43581998348236084
vt 0.95303201675415039 0.4281420111656189
vt 0.94467300176620483 0.4816020131111145
vt 0.96294099092483521 0.38252902030944824
vt 0.9680820107460022 0.46396100521087646
vt 0.99405002593994141 0.48404401540756226
vt 0.96463102102279663 0.27092099189758301
vt 0.96863400936126709 0.35002601146697998
vt 0.9892280101776123 0.61248999834060669
vt 0.98929899930953979 0.59856900572776794
vt 0.98921799659729004 0.57591500878334045
vt 0.98931902647018433 0.56630000472068787
vt 0.96081501245498657 0.46396398544311523
vt 0.97490400075912476 0.59856998920440674
vt 0.98365801572799683 0.34921902418136597
vt 0.95303601026535034 0.41969400644302368
vt 0.98877197504043579 0.37417000532150269
vt 0.98617899417877197 0.4281420111656189
vt 0.95303201675415039 0.4281420111656189
vt 0.9904710054397583 0.3831779956817627
vt 0.94866400957107544 0.46396702527999878
vt 0.94467097520828247 0.47637802362442017
vt 0.94465601444244385 0.40944898128509521
vt 0.9486510157585144 0.40944802761077881
vt 0.96728301048278809 0.48159497976303101
vt 0.957846999168396 0.48643398284912109
vt 0.94467300176620483 0.4816020131111145
vt 0.95126801729202271 0.48643499612808228
vt 0.9680820107460022 0.46396100521087646
vt 0.98837900161743164 0.42952102422714233
vt 0.99713701009750366 0.43214297294616699
vt 0.97113001346588135 0.47636997699737549
vt 0.9528539776802063 0.44501501321792603
vt 0.96061301231384277 0.44749802350997925
vt 0.96081501245498657 0.46396398544311523
vt 0.99193799495697021 0.41969799995422363
vt 0.95303601026535034 0.41969400644302368
vt 0.75748699903488159 0.34212601184844971
vt 0.75748699903488159 0.35176801681518555
vt 0.65589499473571777 0.34212601184844971
vt 0.65589499473571777 0.35176801681518555
vt 0.75748699903488159 0.3646090030670166
vt 0.65589499473571777 0.3646090030670166
vt 0.75748699903488159 0.31002497673034668
vt 0.65589499473571777 0.31002497673034668
vt 0.75748699903488159 0.31642997264862061
vt 0.65589499473571777 0.31642997264862061
vt 0.75748699903488159 0.32284599542617798
vt 0.65589499473571777 0.32284599542617798
vt 0.75748699903488159 0.32926899194717407
vt 0.65589499473571777 0.32926899194717407
vt 0.75748699903488159 0.3356969952583313
vt 0.65589499473571777 0.3356969952583313
vt 0.65271300077438354 0.35176801681518555
vt 0.61304700374603271 0.34212601184844971
vt 0.65271300077438354 0.34212601184844971
vt 0.61304700374603271 0.35176801681518555
vt 0.65271300077438354 0.3646090030670166
vt 0.61304700374603271 0.3646090030670166
vt 0.65271300077438354 0.31002497673034668
vt 0.61304700374603271 0.31002497673034668
vt 0.65271300077438354 0.31642997264862061
vt 0.61304700374603271 0.31642997264862061
vt 0.65271300077438354 0.32284599542617798
vt 0.61304700374603271 0.32284599542617798
vt 0.65271300077438354 0.32926899194717407
vt 0.61304700374603271 0.32926899194717407
vt 0.65271300077438354 0.3356969952583313
vt 0.61304700374603271 0.3356969952583313
vt 0.92591398954391479 0.39032602310180664
vt 0.92428100109100342 0.40292000770568848
vt 0.92212498188018799 0.42779600620269775
vt 0.92131698131561279 0.45894497632980347
vt 0.92208898067474365 0.48401302099227905
vt 0.92558300495147705 0.52145400643348694
vt 0.93427801132202148 0.57118299603462219
vt 0.94640201330184937 0.30892801284790039
vt 0.93976497650146484 0.32844197750091553
vt 0.93018501996994019 0.3656730055809021
vt 0.8852660059928894 0.36962801218032837
vt 0.88124001026153564 0.39678102731704712
vt 0.87879002094268799 0.42413997650146484
vt 0.87782299518585205 0.45932000875473022
vt 0.87865102291107178 0.48637998104095459
vt 0.8824620246887207 0.52680200338363647
vt 0.89189398288726807 0.57966798543930054
vt 0.90229398012161255 0.29996001720428467
vt 0.89769601821899414 0.31743001937866211
vt 0.89093500375747681 0.34297102689743042
vt 0.9445040225982666 0.39592999219894409
vt 0.9419410228729248 0.4197080135345459
vt 0.94070601463317871 0.44364500045776367
vt 0.94045597314834595 0.45886200666427612
vt 0.94120901823043823 0.48298501968383789
vt 0.94454300403594971 0.51903599500656128
vt 0.95255601406097412 0.56632000207901001
vt 0.96323198080062866 0.3215789794921875
vt 0.95335501432418823 0.34939700365066528
vt 0.94834399223327637 0.3723750114440918
vt 0.12628799676895142 0.73737099766731262
vt 0.23636800050735474 0.73737099766731262
vt 0.23636800050735474 0.71792000532150269
vt 0.12628799676895142 0.71792000532150269
vt 0.14896999299526215 0.73737099766731262
vt 0.14896999299526215 0.71792000532150269
vt 0.17218199372291565 0.73737099766731262
vt 0.17218199372291565 0.71792000532150269
vt 0.19565199315547943 0.73737099766731262
vt 0.19565199315547943 0.71792000532150269
vt 0.21295000612735748 0.73737099766731262
vt 0.21295000612735748 0.71792000532150269
vt 0.22280600666999817 0.73737099766731262
vt 0.22280600666999817 0.71792000532150269
vt 0.22915400564670563 0.73737099766731262
vt 0.22915400564670563 0.71792000532150269
vt 0.12628799676895142 0.74412700533866882
vt 0.23636800050735474 0.74412700533866882
vt 0.14896999299526215 0.74412700533866882
vt 0.17218199372291565 0.74412700533866882
vt 0.19565199315547943 0.74412700533866882
vt 0.21295000612735748 0.74412700533866882
vt 0.22280600666999817 0.74412700533866882
vt 0.22915400564670563 0.74412700533866882
vt 0.2363550066947937 0.75184200704097748
vt 0.12628799676895142 0.75192999839782715
vt 0.17735399305820465 0.86684200167655945
vt 0.14896999299526215 0.75192999839782715
vt 0.17218199372291565 0.75192999839782715
vt 0.19565199315547943 0.75192999839782715
vt 0.21295000612735748 0.75192999839782715
vt 0.22280600666999817 0.75192999839782715
vt 0.22915400564670563 0.75192999839782715
vt 0.18319499492645264 0.71792000532150269
vt 0.4021579921245575 0.13985598087310791
vt 0.4021579921245575 0.11359202861785889
vt 0.4021579921245575 0.087327003479003906
vt 0.4021579921245575 0.061062991619110107
vt 0.4021579921245575 0.034798979759216309
vt 0.4021579921245575 0.0085359811782836914
vt 0.61183500289916992 0.34313499927520752
vt 0.60529202222824097 0.360725998878479
vt 0.59083098173141479 0.37268799543380737
vt 0.57232499122619629 0.37581700086593628
vt 0.5547339916229248 0.36927402019500732
vt 0.54277199506759644 0.35481202602386475
vt 0.53964298963546753 0.33630698919296265
vt 0.54618501663208008 0.31871598958969116
vt 0.56064701080322266 0.30675399303436279
vt 0.57915300130844116 0.30362498760223389
vt 0.59674400091171265 0.31016802787780762
vt 0.6087070107460022 0.3246300220489502
vt 0.55549699068069458 0.085179984569549561
vt 0.55549699068069458 0.098830997943878174
vt 0.55549699068069458 0.11248099803924561
vt 0.55549699068069458 0.12613201141357422
vt 0.55549699068069458 0.13978397846221924
vt 0.55549699068069458 0.15343499183654785
vt 0.55549699068069458 0.00327301025390625
vt 0.55549699068069458 0.016924023628234863
vt 0.55549699068069458 0.030575990676879883
vt 0.55549699068069458 0.044227004051208496
vt 0.55549699068069458 0.057878017425537109
vt 0.55549699068069458 0.071528971195220947
vt 0.51473301649093628 0.085179984569549561
vt 0.51473301649093628 0.098830997943878174
vt 0.51473301649093628 0.11248099803924561
vt 0.51473301649093628 0.12613201141357422
vt 0.51473301649093628 0.13978397846221924
vt 0.51473301649093628 0.15343499183654785
vt 0.51473301649093628 0.00327301025390625
vt 0.51473301649093628 0.016924023628234863
vt 0.51473301649093628 0.030575990676879883
vt 0.51473301649093628 0.044227004051208496
vt 0.51473301649093628 0.057878017425537109
vt 0.51473301649093628 0.071528971195220947
vt 0.60477501153945923 0.46693801879882812
vt 0.81055498123168945 0.47285002470016479
vt 0.60477501153945923 0.48932301998138428
vt 0.81055599451065063 0.48932301998138428
vt 0.60477501153945923 0.4420049786567688
vt 0.81055498123168945 0.44200402498245239
vt 0.60477501153945923 0.47285002470016479
vt 0.81055498123168945 0.46693700551986694
vt 0.28036698698997498 0.92013999819755554
vt 0.19161500036716461 0.90833000093698502
vt 0.081591002643108368 0.92013999819755554
vt 0.20524400472640991 0.91721499711275101
vt 0.1014690026640892 0.92013999819755554
vt 0.22138899564743042 0.91520199924707413
vt 0.12134599685668945 0.92013999819755554
vt 0.2290160059928894 0.90702100098133087
vt 0.14122399687767029 0.92013999819755554
vt 0.23153099417686462 0.8961229994893074
vt 0.16110199689865112 0.92013999819755554
vt 0.22825999557971954 0.88542799651622772
vt 0.18097899854183197 0.92013999819755554
vt 0.22008000314235687 0.87780100107192993
vt 0.20085699856281281 0.92013999819755554
vt 0.20918199419975281 0.87528599798679352
vt 0.22073499858379364 0.92013999819755554
vt 0.19848600029945374 0.8785569965839386
vt 0.25055098533630371 0.92013999819755554
vt 0.18960200250148773 0.8921860009431839
vt 0.87557697296142578 0.54165700078010559
vt 0.87557697296142578 0.44341301918029785
vt 0.87557697296142578 0.56025499105453491
vt 0.85928201675415039 0.46611702442169189
vt 0.87557697296142578 0.47659599781036377
vt 0.86586201190948486 0.54165700078010559
vt 0.86586201190948486 0.44341301918029785
vt 0.86586201190948486 0.56025499105453491
vt 0.86586201190948486 0.47659599781036377
vt 0.57107901573181152 0.092782974243164062
vt 0.82187199592590332 0.077540993690490723
vt 0.82187199592590332 0.08417898416519165
vt 0.56509298086166382 0.092914998531341553
vt 0.61254298686981201 0.14335697889328003
vt 0.60108500719070435 0.14335000514984131
vt 0.58825099468231201 0.14098900556564331
vt 0.59970498085021973 0.14128798246383667
vt 0.61290597915649414 0.13243800401687622
vt 0.60144901275634766 0.13252997398376465
vt 0.58822000026702881 0.12903100252151489
vt 0.59967702627182007 0.12900698184967041
vt 0.58837300539016724 0.09147799015045166
vt 0.5998309850692749 0.091588020324707031
vt 0.61294502019882202 0.12143898010253906
vt 0.60149198770523071 0.12173199653625488
vt 0.58829498291015625 0.11587697267532349
vt 0.59975099563598633 0.11606401205062866
vt 0.61288899183273315 0.11032497882843018
vt 0.60143202543258667 0.11031699180603027
vt 0.58828902244567871 0.10381197929382324
vt 0.59974497556686401 0.10394901037216187
vt 0.61290699243545532 0.099133014678955078
vt 0.60145300626754761 0.099425971508026123
vt 0.60107797384262085 0.15271002054214478
vt 0.60831600427627563 0.14993500709533691
vt 0.59226298332214355 0.14906901121139526
vt 0.59941202402114868 0.1525539755821228
vt 0.6015239953994751 0.14188998937606812
vt 0.60873699188232422 0.13905102014541626
vt 0.59245800971984863 0.13669097423553467
vt 0.59970200061798096 0.13994497060775757
vt 0.60173100233078003 0.13108998537063599
vt 0.60889297723770142 0.12812602519989014
vt 0.59238797426223755 0.12378901243209839
vt 0.59957098960876465 0.12712597846984863
vt 0.60142499208450317 0.11967897415161133
vt 0.60866200923919678 0.11690300703048706
vt 0.59241902828216553 0.11148500442504883
vt 0.59961497783660889 0.11483997106552124
vt 0.60885500907897949 0.1058189868927002
vt 0.59252101182937622 0.099229991436004639
vt 0.59972602128982544 0.10256701707839966
vt 0.60169202089309692 0.108784019947052
vt 0.82187199592590332 0.036839008331298828
vt 0.82187199592590332 0.053937971591949463
vt 0.82187199592590332 0.068430006504058838
vt 0.82187199592590332 0.0023829936981201172
vt 0.82187199592590332 0.019748985767364502
vt 0.56009101867675781 0.036839008331298828
vt 0.56009101867675781 0.053937971591949463
vt 0.57174897193908691 0.085509002208709717
vt 0.56009101867675781 0.0023829936981201172
vt 0.56009101867675781 0.019748985767364502
vt 0.57107901573181152 0.092782974243164062
vt 0.82187199592590332 0.077540993690490723
vt 0.61254298686981201 0.14335697889328003
vt 0.58825099468231201 0.14098900556564331
vt 0.61290597915649414 0.13243800401687622
vt 0.58822000026702881 0.12903100252151489
vt 0.58837300539016724 0.09147799015045166
vt 0.61294502019882202 0.12143898010253906
vt 0.58829498291015625 0.11587697267532349
vt 0.61288899183273315 0.11032497882843018
vt 0.58828902244567871 0.10381197929382324
vt 0.61290699243545532 0.099133014678955078
vt 0.60831600427627563 0.14993500709533691
vt 0.59226298332214355 0.14906901121139526
vt 0.60873699188232422 0.13905102014541626
vt 0.59245800971984863 0.13669097423553467
vt 0.60889297723770142 0.12812602519989014
vt 0.59238797426223755 0.12378901243209839
vt 0.60866200923919678 0.11690300703048706
vt 0.59241902828216553 0.11148500442504883
vt 0.60885500907897949 0.1058189868927002
vt 0.59252101182937622 0.099229991436004639
vt 0.82187199592590332 0.028294026851654053
vt 0.82187199592590332 0.053937971591949463
vt 0.82187199592590332 0.068430006504058838
vt 0.82187199592590332 0.0023829936981201172
vt 0.56009101867675781 0.053937971591949463
vt 0.57174897193908691 0.085509002208709717
vt 0.56009101867675781 0.0023829936981201172
vt 0.56009101867675781 0.028294026851654053
vt 0.5652809739112854 0.085651993751525879
vt 0.66096597909927368 0.22405397891998291
vt 0.71341401338577271 0.22405397891998291
vt 0.62232297658920288 0.22405397891998291
vt 0.80071800947189331 0.22405397891998291
vt 0.76977598667144775 0.20678800344467163
vt 0.64532899856567383 0.22405397891998291
vt 0.6459689736366272 0.18101602792739868
vt 0.69453299045562744 0.18118202686309814
vt 0.6233220100402832 0.20678800344467163
vt 0.76977598667144775 0.20678800344467163
vt 0.76826697587966919 0.14804202318191528
vt 0.64073401689529419 0.19451802968978882
vt 0.75164198875427246 0.13474100828170776
vt 0.61132901906967163 0.16233599185943604
vt 0.71059602499008179 0.13474202156066895
vt 0.70054000616073608 0.16233599185943604
vt 0.61886602640151978 0.16233599185943604
vt 0.62446898221969604 0.16233599185943604
vt 0.71672999858856201 0.1490439772605896
vt 0.68404901027679443 0.16233599185943604
vt 0.71115100383758545 0.14444899559020996
vt 0.65529501438140869 0.16233599185943604
vt 0.75164198875427246 0.13474100828170776
vt 0.78558099269866943 0.10474997758865356
vt 0.78557902574539185 0.12602299451828003
vt 0.75649499893188477 0.1490439772605896
vt 0.58591002225875854 0.17077499628067017
vt 0.58591002225875854 0.17949700355529785
vt 0.58591002225875854 0.16065102815628052
vt 0.58591002225875854 0.1896209716796875
vt 0.5743979811668396 0.17598402500152588
vt 0.58429300785064697 0.17598402500152588
vt 0.5743979811668396 0.18747198581695557
vt 0.58429300785064697 0.18747198581695557
vt 0.67502802610397339 0.14017999172210693
vt 0.66900700330734253 0.14017999172210693
vt 0.69270598888397217 0.13787597417831421
vt 0.64692801237106323 0.14017999172210693
vt 0.69283598661422729 0.1330609917640686
vt 0.68711698055267334 0.1294969916343689
vt 0.65294897556304932 0.14017999172210693
vt 0.68114602565765381 0.13515198230743408
vt 0.66097801923751831 0.14017999172210693
vt 0.68680101633071899 0.14112299680709839
vt 0.54863601922988892 0.33815300464630127
vt 0.55131798982620239 0.35189199447631836
vt 0.56051099300384521 0.36244899034500122
vt 0.5737529993057251 0.36699599027633667
vt 0.58749401569366455 0.36431300640106201
vt 0.59805101156234741 0.35511898994445801
vt 0.59895402193069458 0.33237200975418091
vt 0.57747697830200195 0.31304901838302612
vt 0.56374102830886841 0.31572800874710083
vt 0.55318301916122437 0.32491600513458252
vt 0.60216701030731201 0.28033101558685303
vt 0.6035730242729187 0.28870302438735962
vt 0.60060298442840576 0.2966579794883728
vt 0.59405398368835449 0.30206197500228882
vt 0.58568000793457031 0.30346900224685669
vt 0.57772499322891235 0.30049902200698853
vt 0.57236397266387939 0.28777599334716797
vt 0.58043897151947021 0.27222597599029541
vt 0.5888100266456604 0.27081799507141113
vt 0.596763014793396 0.27378600835800171
vt 0.80386698246002197 0.14727598428726196
vt 0.81297200918197632 0.12679600715637207
vt 0.76266598701477051 0.10769999027252197
vt 0.80857300758361816 0.14625197649002075
vt 0.80197000503540039 0.16875100135803223
vt 0.78351598978042603 0.10268098115921021
vt 0.79791301488876343 0.20656299591064453
vt 0.79864197969436646 0.13011497259140015
vt 0.81631499528884888 0.11812299489974976
vt 0.58645600080490112 0.12761098146438599
vt 0.80500400066375732 0.1763160228729248
vt 0.58420401811599731 0.15912598371505737
vt 0.80482697486877441 0.20262700319290161
vt 0.5752900242805481 0.17384099960327148
vt 0.81070899963378906 0.21612602472305298
vt 0.76266598701477051 0.10769999027252197
vt 0.78351598978042603 0.10268098115921021
vt 0.58645600080490112 0.12761098146438599
vt 0.58420401811599731 0.15912598371505737
vt 0.56577497720718384 0.18458002805709839
vt 0.57528901100158691 0.17384099960327148
vt 0.56577497720718384 0.16902899742126465
vt 0.78445601463317871 0.088582992553710938
vt 0.56577497720718384 0.12411099672317505
vt 0.56577497720718384 0.15680199861526489
vt 0.77763998508453369 0.087581992149353027
vt 0.83188199996948242 0.083962976932525635
vt 0.84631699323654175 0.08306199312210083
vt 0.84061300754547119 0.10992497205734253
vt 0.81279301643371582 0.091264009475708008
vt 0.80537998676300049 0.096737027168273926
vt 0.84147500991821289 0.069881021976470947
vt 0.85032498836517334 0.070912003517150879
vt 0.84508299827575684 0.061419010162353516
vt 0.84084302186965942 0.15159600973129272
vt 0.84763097763061523 0.18717098236083984
vt 0.85110598802566528 0.22420501708984375
vt 0.85131698846817017 0.20710098743438721
vt 0.80541598796844482 0.088698983192443848
vt 0.85219597816467285 0.061598002910614014
vt 0.75554901361465454 0.091840982437133789
vt 0.75532698631286621 0.1046760082244873
vt 0.67764502763748169 0.090297996997833252
vt 0.75546002388000488 0.11751300096511841
vt 0.68302297592163086 0.10442501306533813
vt 0.67754602432250977 0.11851298809051514
vt 0.66643202304840088 0.1043660044670105
vt 0.23201900720596313 0.87550099939107895
vt 0.22854100167751312 0.86523699760437012
vt 0.32242199778556824 0.86523699760437012
vt 0.32242199778556824 0.86523699760437012
vt 0.31722599267959595 0.87126600742340088
vt 0.015243000350892544 0.90340500324964523
vt 0.32702100276947021 0.8712649941444397
vt 0.053162999451160431 0.91247300058603287
vt 0.055165000259876251 0.91247300058603287
vt 0.23726600408554077 0.88153000175952911
vt 0.23378799855709076 0.87126600742340088
vt 0.22886499762535095 0.87366899847984314
vt 0.31722599267959595 0.87126600742340088
vt 0.22394299507141113 0.87126600742340088
vt 0.32212299108505249 0.87366899847984314
vt 0.32702100276947021 0.8712649941444397
vt 0.6378750205039978 0.50702899694442749
vt 0.63544100522994995 0.49961000680923462
vt 0.63120198249816895 0.54874700307846069
vt 0.63346201181411743 0.54127201437950134
vt 0.62962400913238525 0.49440097808837891
vt 0.62550699710845947 0.5540899932384491
vt 0.62198102474212646 0.49279999732971191
vt 0.61790400743484497 0.55586901307106018
vt 0.61456102132797241 0.49523299932479858
vt 0.61042898893356323 0.55360901355743408
vt 0.60855197906494141 0.50487300753593445
vt 0.60419601202011108 0.54411199688911438
vt 0.61309397220611572 0.51871800422668457
vt 0.60841399431228638 0.53016498684883118
vt 0.62364500761032104 0.52292400598526001
vt 0.61886501312255859 0.52571401000022888
vt 0.6310650110244751 0.52048999071121216
vt 0.62633997201919556 0.52797400951385498
vt 0.63627302646636963 0.51467201113700867
vt 0.63168299198150635 0.53366899490356445
vt 0.063610002398490906 0.9857379999011755
vt 0.051972001791000366 0.97891600057482719
vt 0.055838000029325485 0.96987099945545197
vt 0.070083998143672943 0.97090099938213825
vt 0.015550999902188778 0.91605299711227417
vt 0.055838000029325485 0.91605299711227417
vt 0.055838000029325485 0.92842099815607071
vt 0.015550999902188778 0.92842099815607071
vt 0.015550999902188778 0.94976900145411491
vt 0.015550999902188778 0.92842099815607071
vt 0.055838000029325485 0.92842099815607071
vt 0.055838000029325485 0.94976900145411491
vt 0.019913999363780022 0.99619799992069602
vt 0.0076529998332262039 0.98566799983382225
vt 0.019416999071836472 0.97891600057482719
vt 0.024321999400854111 0.98720499966293573
vt 0.051297999918460846 0.99625200009904802
vt 0.035604998469352722 0.99944500002311543
vt 0.0356610007584095 0.98919800017029047
vt 0.046994000673294067 0.98720700014382601
vt 0.0012189999688416719 0.97087400034070015
vt 0.015550999902188778 0.96987099945545197
vt 0.040451999753713608 0.97662200033664703
vt 0.046169999986886978 0.97392299957573414
vt 0.035548999905586243 0.97794000059366226
vt 0.030642999336123466 0.97662900015711784
vt 0.025218000635504723 0.97392299957573414
vt 0.037978000938892365 0.97234500013291836
vt 0.039758998900651932 0.97056199982762337
vt 0.00085200002649798989 0.94415900111198425
vt 0.070479996502399445 0.94416899979114532
vt 0.02704400010406971 0.96323100104928017
vt 0.023598000407218933 0.96787500008940697
vt 0.015550999902188778 0.91605299711227417
vt 0.055838000029325485 0.91605299711227417
vt 0.030632000416517258 0.95963799953460693
vt 0.035693999379873276 0.95577900111675262
vt 0.037973001599311829 0.96391300112009048
vt 0.035539001226425171 0.96326199918985367
vt 0.030673999339342117 0.96813400089740753
vt 0.031325001269578934 0.96569899842143059
vt 0.047791000455617905 0.96787500008940697
vt 0.044032998383045197 0.9632209986448288
vt 0.040408998727798462 0.96812700107693672
vt 0.041742000728845596 0.95739899948239326
vt 0.03975600004196167 0.96569399908185005
vt 0.033105000853538513 0.96391599997878075
vt 0.035544998943805695 0.97299900092184544
vt 0.033110000193119049 0.97234899923205376
vt 0.031328000128269196 0.97056799940764904
vt 0.28805699944496155 0.15872198343276978
vt 0.19912099838256836 0.15872198343276978
vt 0.19912099838256836 0.15670400857925415
vt 0.28805598616600037 0.15670400857925415
vt 0.19912099838256836 0.15379101037979126
vt 0.19912099838256836 0.15063798427581787
vt 0.28805598616600037 0.15063798427581787
vt 0.28805598616600037 0.15379202365875244
vt 0.20384399592876434 0.1310269832611084
vt 0.28333300352096558 0.1310269832611084
vt 0.28805598616600037 0.13574999570846558
vt 0.19912099838256836 0.13574999570846558
vt 0.055702999234199524 0.8492559939622879
vt 0.043940998613834381 0.8492559939622879
vt 0.021376999095082283 0.85143700242042542
vt 0.021376999095082283 0.89304299652576447
vt 0.030817000195384026 0.8602290004491806
vt 0.021376999095082283 0.85837000608444214
vt 0.0298909991979599 0.88020499795675278
vt 0.021376999095082283 0.86530500650405884
vt 0.043942999094724655 0.89314600080251694
vt 0.021376999095082283 0.85143700242042542
vt 0.05570400133728981 0.89314600080251694
vt 0.021376999095082283 0.85837000608444214
vt 0.06588900089263916 0.88726600259542465
vt 0.021376999095082283 0.86530500650405884
vt 0.071768999099731445 0.877080999314785
vt 0.021376999095082283 0.8722430020570755
vt 0.071768999099731445 0.86532099545001984
vt 0.021376999095082283 0.87918099761009216
vt 0.065888002514839172 0.85513600707054138
vt 0.021376999095082283 0.88611400127410889
vt 0.016834000125527382 0.85143700242042542
vt 0.016834000125527382 0.89304299652576447
vt 0.016834000125527382 0.85837000608444214
vt 0.016834000125527382 0.86530500650405884
vt 0.016834000125527382 0.85143700242042542
vt 0.016834000125527382 0.85837000608444214
vt 0.016834000125527382 0.86530500650405884
vt 0.016834000125527382 0.8722430020570755
vt 0.016834000125527382 0.87918099761009216
vt 0.016834000125527382 0.88611400127410889
vt 0.0017229999648407102 0.85143700242042542
vt 0.0017229999648407102 0.89304299652576447
vt 0.0017229999648407102 0.85837000608444214
vt 0.0017229999648407102 0.86530500650405884
vt 0.0017229999648407102 0.85143700242042542
vt 0.0017229999648407102 0.85837000608444214
vt 0.0017229999648407102 0.86530500650405884
vt 0.0017229999648407102 0.8722430020570755
vt 0.0017229999648407102 0.87918099761009216
vt 0.0017229999648407102 0.88611400127410889
vt 0.83655500411987305 0.37838298082351685
vt 0.83655500411987305 0.39828002452850342
vt 0.84953498840332031 0.39828002452850342
vt 0.84953498840332031 0.37838298082351685
vt 0.84304499626159668 0.37838298082351685
vt 0.84304499626159668 0.39828002452850342
vt 0.30278700590133667 0.71078300476074219
vt 0.30278700590133667 0.7553820013999939
vt 0.32206600904464722 0.7553820013999939
vt 0.32206600904464722 0.71078300476074219
vt 0.30748599767684937 0.71078300476074219
vt 0.30748599767684937 0.7553820013999939
vt 0.31242701411247253 0.71078300476074219
vt 0.31242701411247253 0.7553820013999939
vt 0.31712600588798523 0.71078300476074219
vt 0.31712600588798523 0.7553820013999939
vt 0.88165801763534546 0.61430901288986206
vt 0.88165801763534546 0.64006701111793518
vt 0.88165801763534546 0.56279298663139343
vt 0.88165801763534546 0.58855101466178894
vt 0.83712202310562134 0.61430901288986206
vt 0.83712202310562134 0.64006701111793518
vt 0.83712202310562134 0.56279298663139343
vt 0.83712202310562134 0.58855101466178894
vt 0.34167799353599548 0.72598400712013245
vt 0.0068109999410808086 0.67755201458930969
vt 0.0068140001967549324 0.69165301322937012
vt 0.34216499328613281 0.73993700742721558
vt 0.003203999949619174 0.76124699413776398
vt 0.1529420018196106 0.82637499272823334
vt 0.0068100001662969589 0.70772799849510193
vt 0.003203999949619174 0.76124699413776398
vt 0.13817000389099121 0.82637499272823334
vt 0.092157997190952301 0.99729999992996454
vt 0.12461899966001511 0.99729999992996454
vt 0.024213999509811401 0.78811000287532806
vt 0.075323998928070068 0.99729899992235005
vt 0.30316799879074097 0.83478899300098419
vt 0.30203500390052795 0.95261599868535995
vt 0.15875299274921417 0.99729999992996454
vt 0.1001489982008934 0.7122730016708374
vt 0.31716299057006836 0.99730199994519353
vt 0.23844300210475922 0.75164900720119476
vt 0.3116619884967804 0.99730199994519353
vt 0.015948999673128128 0.78051699697971344
vt 0.30199098587036133 0.8271850049495697
vt 0.021880000829696655 0.77587099373340607
vt 0.30430799722671509 0.79931800067424774
vt 0.30430799722671509 0.79931800067424774
vt 0.021880000829696655 0.77587099373340607
vt 0.45064499974250793 0.74452400207519531
vt 0.040879998356103897 0.71262699365615845
vt 0.29958298802375793 0.7513670027256012
vt 0.4897339940071106 0.67163100838661194
vt 0.034524001181125641 0.72328901290893555
vt 0.54522198438644409 0.69248899817466736
vt 0.33102399110794067 0.75429600477218628
vt 0.30595898628234863 0.99730199994519353
vt 0.25431099534034729 0.75165000557899475
vt 0.10040300339460373 0.75455799698829651
vt 0.33021101355552673 0.73104101419448853
vt 0.3116619884967804 0.95176900178194046
vt 0.33032301068305969 0.70772799849510193
vt 0.31716299057006836 0.95176900178194046
vt 0.33031401038169861 0.75950799882411957
vt 0.041303999722003937 0.75950799882411957
vt 0.026287000626325607 0.74514898657798767
vt 0.02628600038588047 0.72150599956512451
vt 0.041303001344203949 0.70772698521614075
vt 0.25431099534034729 0.71914699673652649
vt 0.44407001137733459 0.71406900882720947
vt 0.16512399911880493 0.82637499272823334
vt 0.32964301109313965 0.71476200222969055
vt 0.0068140001967549324 0.69165301322937012
vt 0.0068109999410808086 0.67755201458930969
vt 0.34167799353599548 0.72598400712013245
vt 0.34216499328613281 0.73993700742721558
vt 0.13817000389099121 0.84502500295639038
vt 0.024213999509811401 0.78811000287532806
vt 0.30316799879074097 0.83478899300098419
vt 0.23844300210475922 0.71914899349212646
vt 0.015948999673128128 0.78051699697971344
vt 0.30199098587036133 0.8271850049495697
vt 0.45064499974250793 0.74452400207519531
vt 0.041429001837968826 0.75491200387477875
vt 0.4897339940071106 0.67163100838661194
vt 0.50929898023605347 0.67737999558448792
vt 0.034651000052690506 0.74432599544525146
vt 0.33102399110794067 0.75429600477218628
vt 0.0068080001510679722 0.66257798671722412
vt 0.33021101355552673 0.73104101419448853
vt 0.32964301109313965 0.71476200222969055
vt 0.49419999122619629 0.76356199383735657
vt 0.5277249813079834 0.68383499979972839
vt 0.98438197374343872 0.72404798865318298
vt 0.9976230263710022 0.62117299437522888
vt 0.97015297412872314 0.73574599623680115
vt 0.87929701805114746 0.73174700140953064
vt 0.90766602754592896 0.70860499143600464
vt 0.7934730052947998 0.70814201235771179
vt 0.76469600200653076 0.73151201009750366
vt 0.93209397792816162 0.73471701145172119
vt 0.80301499366760254 0.72995701432228088
vt 0.86716902256011963 0.73510000109672546
vt 0.96414798498153687 0.7372870147228241
vt 0.86716902256011963 0.73510000109672546
vt 0.75297600030899048 0.73463800549507141
vt 0.7934730052947998 0.64961698651313782
vt 0.90766602754592896 0.65007901191711426
vt 0.80301499366760254 0.72995701432228088
vt 0.68882298469543457 0.72949498891830444
vt 0.97052001953125 0.77688999474048615
vt 0.80301499366760254 0.65005099773406982
vt 0.96622800827026367 0.77106499671936035
vt 0.9974219799041748 0.77106499671936035
vt 0.87929701805114746 0.73174700140953064
vt 0.90766602754592896 0.70860499143600464
vt 0.90766602754592896 0.65007901191711426
vt 0.10648100078105927 0.84629300236701965
vt 0.18698599934577942 0.90193700045347214
vt 0.13301800191402435 0.86117100715637207
vt 0.09137599915266037 0.90193700045347214
vt 0.13276199996471405 0.8829519972205162
vt 0.10731100291013718 0.90193700045347214
vt 0.11720000207424164 0.89807599782943726
vt 0.12324599921703339 0.90193700045347214
vt 0.095504000782966614 0.89854100346565247
vt 0.13918100297451019 0.90193700045347214
vt 0.079815000295639038 0.88343100249767303
vt 0.155116006731987 0.90193700045347214
vt 0.080071002244949341 0.8616500049829483
vt 0.17104999721050262 0.90193700045347214
vt 0.10665000230073929 0.85772299766540527
vt 0.091343000531196594 0.86654500663280487
vt 0.12169799953699112 0.86590699851512909
vt 0.1214900016784668 0.87805700302124023
vt 0.11243300139904022 0.88668099790811539
vt 0.099932000041007996 0.88707700371742249
vt 0.091135002672672272 0.87869500368833542
vt 0.87557697296142578 0.54165700078010559
vt 0.87557697296142578 0.44341301918029785
vt 0.85928201675415039 0.46611702442169189
vt 0.87557697296142578 0.56025499105453491
vt 0.87557697296142578 0.47659599781036377
vt 0.86586201190948486 0.44341301918029785
vt 0.86586201190948486 0.54165700078010559
vt 0.86586201190948486 0.56025499105453491
vt 0.86586201190948486 0.47659599781036377
vt 0.87557697296142578 0.54165700078010559
vt 0.87557697296142578 0.44341301918029785
vt 0.85928201675415039 0.46611702442169189
vt 0.87557697296142578 0.56025499105453491
vt 0.87557697296142578 0.47659599781036377
vt 0.86586201190948486 0.44341301918029785
vt 0.86586201190948486 0.54165700078010559
vt 0.86586201190948486 0.56025499105453491
vt 0.86586201190948486 0.47659599781036377
vt 0.12628799676895142 0.73737099766731262
vt 0.23636800050735474 0.73737099766731262
vt 0.23636800050735474 0.71792000532150269
vt 0.12628799676895142 0.71792000532150269
vt 0.14896999299526215 0.73737099766731262
vt 0.14896999299526215 0.71792000532150269
vt 0.17218199372291565 0.73737099766731262
vt 0.17218199372291565 0.71792000532150269
vt 0.19565199315547943 0.73737099766731262
vt 0.19565199315547943 0.71792000532150269
vt 0.21295000612735748 0.73737099766731262
vt 0.21295000612735748 0.71792000532150269
vt 0.22280600666999817 0.73737099766731262
vt 0.22280600666999817 0.71792000532150269
vt 0.22915400564670563 0.73737099766731262
vt 0.22915400564670563 0.71792000532150269
vt 0.12628799676895142 0.74412700533866882
vt 0.23636800050735474 0.74412700533866882
vt 0.14896999299526215 0.74412700533866882
vt 0.17218199372291565 0.74412700533866882
vt 0.19565199315547943 0.74412700533866882
vt 0.21295000612735748 0.74412700533866882
vt 0.22280600666999817 0.74412700533866882
vt 0.22915400564670563 0.74412700533866882
vt 0.2363550066947937 0.75184200704097748
vt 0.12628799676895142 0.75192999839782715
vt 0.17735399305820465 0.86684200167655945
vt 0.14896999299526215 0.75192999839782715
vt 0.17218199372291565 0.75192999839782715
vt 0.19565199315547943 0.75192999839782715
vt 0.21295000612735748 0.75192999839782715
vt 0.22280600666999817 0.75192999839782715
vt 0.22915400564670563 0.75192999839782715
vt 0.18319499492645264 0.71792000532150269
vt 0.41832900047302246 0.99098000023514032
vt 0.40203800797462463 0.97823699936270714
vt 0.48422399163246155 0.98149799928069115
vt 0.46577998995780945 0.99247500021010637
vt 0.44234201312065125 0.99887300003319979
vt 0.42865899205207825 0.96854899823665619
vt 0.42108801007270813 0.95619700103998184
vt 0.46604698896408081 0.95834799855947495
vt 0.45725500583648682 0.96919099986553192
vt 0.44332200288772583 0.97528799995779991
vt 0.44339698553085327 0.95928100124001503
vt 0.38111400604248047 0.95884599909186363
vt 0.39512598514556885 0.9380199983716011
vt 0.49359101057052612 0.94275199994444847
vt 0.42565900087356567 0.94315800070762634
vt 0.46094000339508057 0.94191600009799004
vt 0.4577920138835907 0.91179800033569336
vt 0.44806501269340515 0.95406600087881088
vt 0.43960601091384888 0.93559800088405609
vt 0.43881401419639587 0.91379500180482864
vt 0.44622901082038879 0.93530000001192093
vt 0.44544100761413574 0.91346299648284912
vt 0.43749099969863892 0.95341800153255463
vt 0.50557297468185425 0.96479599922895432
vt 0.42732098698616028 0.91291499882936478
vt 0.40094000101089478 0.8654790073633194
vt 0.40094000101089478 0.87738200277090073
vt 0.40094000101089478 0.88921699672937393
vt 0.40094000101089478 0.84176099300384521
vt 0.40094000101089478 0.85357099771499634
vt 0.32885301113128662 0.8654790073633194
vt 0.32885301113128662 0.87738200277090073
vt 0.32885301113128662 0.88921699672937393
vt 0.32885301113128662 0.84176099300384521
vt 0.32885301113128662 0.85357099771499634
vt 0.45840001106262207 0.8654790073633194
vt 0.45840001106262207 0.87738200277090073
vt 0.45840001106262207 0.88921699672937393
vt 0.45840001106262207 0.84176099300384521
vt 0.45840001106262207 0.85357099771499634
vt 0.40425398945808411 0.81751799583435059
vt 0.39840200543403625 0.83400499820709229
vt 0.38641500473022461 0.83858299255371094
vt 0.37609899044036865 0.83081899583339691
vt 0.3732529878616333 0.81664599478244781
vt 0.38159200549125671 0.97552100010216236
vt 0.36525401473045349 0.97552100010216236
vt 0.35245400667190552 0.97552100010216236
vt 0.33955499529838562 0.97552100010216236
vt 0.32508200407028198 0.97552100010216236
vt 0.36965200304985046 0.81673100590705872
vt 0.36313900351524353 0.83411599695682526
vt 0.35094800591468811 0.8377079963684082
vt 0.34130799770355225 0.8291189968585968
vt 0.33949100971221924 0.81476999819278717
vt 0.38138100504875183 0.95160700008273125
vt 0.36443299055099487 0.95160700008273125
vt 0.3517490029335022 0.95160700008273125
vt 0.3388420045375824 0.95160700008273125
vt 0.32435598969459534 0.95160700008273125
vt 0.3369860053062439 0.8164370059967041
vt 0.33222100138664246 0.82989400625228882
vt 0.3209879994392395 0.8357200026512146
vt 0.30986899137496948 0.82915200293064117
vt 0.30534899234771729 0.81538699567317963
vt 0.38045299053192139 0.92647700011730194
vt 0.36617499589920044 0.92647700011730194
vt 0.35353100299835205 0.92647700011730194
vt 0.34062600135803223 0.92647700011730194
vt 0.32613599300384521 0.92647700011730194
vt 0.51690298318862915 0.98214600048959255
vt 0.53892302513122559 0.99063799995929003
vt 0.51709097623825073 0.99119600001722574
vt 0.51457500457763672 0.97363400086760521
vt 0.54046499729156494 0.98158000037074089
vt 0.54605197906494141 0.96119099855422974
vt 0.54449701309204102 0.97324899956583977
vt 0.51597297191619873 0.96116499975323677
vt 0.50884097814559937 0.98255299963057041
vt 0.53933697938919067 0.99835400003939867
vt 0.50955498218536377 0.99130100011825562
vt 0.50728702545166016 0.97345300018787384
vt 0.54832202196121216 0.98337900079786777
vt 0.55392700433731079 0.96211300045251846
vt 0.55170601606369019 0.97464000061154366
vt 0.51617497205734253 0.95343900099396706
vt 0.35708498954772949 0.99289900017902255
vt 0.36972001194953918 0.99294999986886978
vt 0.33329498767852783 0.99247500021010637
vt 0.34578299522399902 0.99289500014856458
vt 0.35708799958229065 0.98117700032889843
vt 0.36985498666763306 0.98223300091922283
vt 0.33378699421882629 0.97934800013899803
vt 0.34607899188995361 0.97876700013875961
vt 0.51690298318862915 0.98214600048959255
vt 0.54046499729156494 0.98158000037074089
vt 0.53892302513122559 0.99063799995929003
vt 0.51709097623825073 0.99119600001722574
vt 0.51457500457763672 0.97363400086760521
vt 0.54449701309204102 0.97324899956583977
vt 0.51597297191619873 0.96116499975323677
vt 0.54605197906494141 0.96119099855422974
vt 0.54832202196121216 0.98337900079786777
vt 0.53933697938919067 0.99835400003939867
vt 0.50955498218536377 0.99130100011825562
vt 0.50884097814559937 0.98255299963057041
vt 0.55170601606369019 0.97464000061154366
vt 0.50728702545166016 0.97345300018787384
vt 0.51617497205734253 0.95343900099396706
vt 0.55392700433731079 0.96211300045251846
vt 0.51690298318862915 0.98214600048959255
vt 0.54046499729156494 0.98158000037074089
vt 0.53892302513122559 0.99063799995929003
vt 0.51709097623825073 0.99119600001722574
vt 0.51457500457763672 0.97363400086760521
vt 0.54449701309204102 0.97324899956583977
vt 0.51597297191619873 0.96116499975323677
vt 0.54605197906494141 0.96119099855422974
vt 0.54832202196121216 0.98337900079786777
vt 0.53933697938919067 0.99835400003939867
vt 0.50955498218536377 0.99130100011825562
vt 0.50884097814559937 0.98255299963057041
vt 0.55170601606369019 0.97464000061154366
vt 0.50728702545166016 0.97345300018787384
vt 0.51617497205734253 0.95343900099396706
vt 0.55392700433731079 0.96211300045251846
vt 0.41832900047302246 0.99098000023514032
vt 0.40203800797462463 0.97823699936270714
vt 0.48422399163246155 0.98149799928069115
vt 0.46577998995780945 0.99247500021010637
vt 0.44234201312065125 0.99887300003319979
vt 0.42865899205207825 0.96854899823665619
vt 0.42108801007270813 0.95619700103998184
vt 0.46604698896408081 0.95834799855947495
vt 0.45725500583648682 0.96919099986553192
vt 0.44332200288772583 0.97528799995779991
vt 0.44339698553085327 0.95928100124001503
vt 0.38111400604248047 0.95884599909186363
vt 0.39512598514556885 0.9380199983716011
vt 0.49359101057052612 0.94275199994444847
vt 0.42565900087356567 0.94315800070762634
vt 0.46094000339508057 0.94191600009799004
vt 0.4577920138835907 0.91179800033569336
vt 0.44806501269340515 0.95406600087881088
vt 0.43881401419639587 0.91379500180482864
vt 0.44544100761413574 0.91346299648284912
vt 0.43749099969863892 0.95341800153255463
vt 0.50557297468185425 0.96479599922895432
vt 0.42732098698616028 0.91291499882936478
vt 0.40094000101089478 0.8654790073633194
vt 0.40094000101089478 0.84176099300384521
vt 0.40094000101089478 0.85357099771499634
vt 0.32885301113128662 0.8654790073633194
vt 0.32885301113128662 0.84176099300384521
vt 0.32885301113128662 0.85357099771499634
vt 0.45840001106262207 0.8654790073633194
vt 0.45840001106262207 0.84176099300384521
vt 0.45840001106262207 0.85357099771499634
vt 0.38159200549125671 0.95370899885892868
vt 0.35885399580001831 0.95370899885892868
vt 0.33955499529838562 0.95370899885892868
vt 0.32508200407028198 0.95370899885892868
vt 0.38159200549125671 0.97552100010216236
vt 0.35885399580001831 0.97552100010216236
vt 0.33955499529838562 0.97552100010216236
vt 0.32508200407028198 0.97552100010216236
vt 0.38138100504875183 0.92940700054168701
vt 0.35809099674224854 0.92940700054168701
vt 0.3388420045375824 0.92940700054168701
vt 0.32435598969459534 0.92940700054168701
vt 0.38138100504875183 0.95160700008273125
vt 0.35809099674224854 0.95160700008273125
vt 0.3388420045375824 0.95160700008273125
vt 0.32435598969459534 0.95160700008273125
vt 0.38045299053192139 0.90489699691534042
vt 0.35985299944877625 0.90489699691534042
vt 0.34062600135803223 0.90489699691534042
vt 0.32613599300384521 0.90489699691534042
vt 0.38045299053192139 0.92647700011730194
vt 0.35985299944877625 0.92647700011730194
vt 0.34062600135803223 0.92647700011730194
vt 0.32613599300384521 0.92647700011730194
vt 0.53892302513122559 0.99063799995929003
vt 0.51709097623825073 0.99119600001722574
vt 0.51573902368545532 0.97788999974727631
vt 0.54248100519180298 0.97741499915719032
vt 0.54605197906494141 0.96119099855422974
vt 0.51597297191619873 0.96116499975323677
vt 0.53933697938919067 0.99835400003939867
vt 0.50955498218536377 0.99130100011825562
vt 0.50806397199630737 0.9780030008405447
vt 0.55001401901245117 0.97901000082492828
vt 0.55392700433731079 0.96211300045251846
vt 0.51617497205734253 0.95343900099396706
vt 0.54248100519180298 0.97741499915719032
vt 0.53892302513122559 0.99063799995929003
vt 0.51709097623825073 0.99119600001722574
vt 0.51573902368545532 0.97788999974727631
vt 0.51597297191619873 0.96116499975323677
vt 0.54605197906494141 0.96119099855422974
vt 0.55001401901245117 0.97901000082492828
vt 0.53933697938919067 0.99835400003939867
vt 0.50955498218536377 0.99130100011825562
vt 0.50806397199630737 0.9780030008405447
vt 0.51617497205734253 0.95343900099396706
vt 0.55392700433731079 0.96211300045251846
vt 0.54248100519180298 0.97741499915719032
vt 0.53892302513122559 0.99063799995929003
vt 0.51709097623825073 0.99119600001722574
vt 0.51573902368545532 0.97788999974727631
vt 0.51597297191619873 0.96116499975323677
vt 0.54605197906494141 0.96119099855422974
vt 0.55001401901245117 0.97901000082492828
vt 0.53933697938919067 0.99835400003939867
vt 0.50955498218536377 0.99130100011825562
vt 0.50806397199630737 0.9780030008405447
vt 0.51617497205734253 0.95343900099396706
vt 0.55392700433731079 0.96211300045251846
vt 0.41743698716163635 0.15549999475479126
vt 0.40400400757789612 0.15549999475479126
vt 0.43859699368476868 0.15549999475479126
vt 0.42517000436782837 0.15549999475479126
vt 0.43859699368476868 0.1745150089263916
vt 0.40400400757789612 0.1745150089263916
vt 0.41743698716163635 0.1745150089263916
vt 0.42517000436782837 0.1745150089263916
vt 0.42517000436782837 0.1652519702911377
vt 0.41743698716163635 0.16481399536132812
vt 0.58591002225875854 0.17077499628067017
vt 0.58591002225875854 0.17949700355529785
vt 0.58591002225875854 0.1896209716796875
vt 0.58591002225875854 0.16065102815628052
vt 0.5743979811668396 0.17598402500152588
vt 0.58429300785064697 0.17598402500152588
vt 0.58429300785064697 0.18747198581695557
vt 0.5743979811668396 0.18747198581695557
vt 0.52830302715301514 0.92881499975919724
vt 0.54306799173355103 0.93057899922132492
vt 0.52384001016616821 0.94244199991226196
vt 0.54753398895263672 0.93104699999094009
vt 0.53913801908493042 0.94901600107550621
vt 0.5781090259552002 0.93678999692201614
vt 0.56805902719497681 0.96040999889373779
vt 0.58317601680755615 0.93982100114226341
vt 0.57493400573730469 0.96381700038909912
vt 0.61149799823760986 0.9489860013127327
vt 0.60494601726531982 0.97171800024807453
vt 0.61475300788879395 0.95101900026202202
vt 0.60863298177719116 0.97347900085151196
vt 0.52470499277114868 0.91639599949121475
vt 0.56657499074935913 0.90102399885654449
vt 0.61234700679779053 0.91367299854755402
vt 0.62386798858642578 0.92561499774456024
vt 0.62026000022888184 0.93241400271654129
vt 0.59914702177047729 0.92022900283336639
vt 0.57962799072265625 0.91744899749755859
vt 0.56223201751708984 0.91689900308847427
vt 0.63291800022125244 0.90096200257539749
vt 0.61275702714920044 0.87664099782705307
vt 0.64819097518920898 0.91799899935722351
vt 0.79961502552032471 0.89767199754714966
vt 0.55029100179672241 0.82999700307846069
vt 0.59459102153778076 0.82874499261379242
vt 0.64108002185821533 0.87353500723838806
vt 0.76696699857711792 0.8506540060043335
vt 0.78407102823257446 0.87347400188446045
vt 0.70413100719451904 0.91476099938154221
vt 0.67690098285675049 0.86508500576019287
vt 0.71516197919845581 0.89285899698734283
vt 0.74606901407241821 0.90283600240945816
vt 0.71375197172164917 0.86725699901580811
vt 0.72877299785614014 0.88530299812555313
vt 0.77250200510025024 0.89964699745178223
vt 0.74732601642608643 0.86959999799728394
vt 0.75870800018310547 0.88106799870729446
vt 0.65734702348709106 0.93103999644517899
vt 0.79088300466537476 0.92282100021839142
vt 0.69640398025512695 0.91452699899673462
vt 0.73644000291824341 0.90297000110149384
vt 0.70795702934265137 0.87191200256347656
vt 0.72440797090530396 0.88540899753570557
vt 0.9939039945602417 0.96019800007343292
vt 0.99639099836349487 0.99698300007730722
vt 0.99307197332382202 0.93904700130224228
vt 0.9863629937171936 0.90680000185966492
vt 0.57697999477386475 0.68354499340057373
vt 0.98908698558807373 0.92404899746179581
vt 0.78624999523162842 0.85510100424289703
vt 0.78864800930023193 0.89900100231170654
vt 0.77554202079772949 0.88001500070095062
vt 0.81238502264022827 0.9225270003080368
vt 0.75683999061584473 0.86052499711513519
vt 0.72654598951339722 0.83552399277687073
vt 0.69572699069976807 0.82639600336551666
vt 0.65797698497772217 0.82981200516223907
vt 0.65947198867797852 0.85242800414562225
vt 0.55695098638534546 0.82160300016403198
vt 0.63531702756881714 0.81312400102615356
vt 0.67505300045013428 0.80103999376296997
vt 0.75857901573181152 0.81968300044536591
vt 0.73718500137329102 0.81783099472522736
vt 0.78999298810958862 0.83586899936199188
vt 0.842507004737854 0.76731699705123901
vt 0.69643497467041016 0.80686500668525696
vt 0.96701502799987793 0.80379100143909454
vt 0.85779100656509399 0.77571700513362885
vt 0.86475801467895508 0.75521300733089447
vt 0.54716998338699341 0.79666000604629517
vt 0.59688502550125122 0.79180300235748291
vt 0.63167101144790649 0.78792400658130646
vt 0.68595200777053833 0.77206400036811829
vt 0.70994800329208374 0.76262299716472626
vt 0.59579700231552124 0.78074300289154053
vt 0.71414101123809814 0.7454490065574646
vt 0.47710099816322327 0.80116899311542511
vt 0.40926599502563477 0.82248400151729584
vt 0.76525801420211792 0.81231999397277832
vt 0.74195200204849243 0.79706099629402161
vt 0.72467201948165894 0.78494599461555481
vt 0.49893701076507568 0.90910500288009644
vt 0.48766499757766724 0.90598700195550919
vt 0.50431501865386963 0.88562099635601044
vt 0.48297598958015442 0.84875200688838959
vt 0.48866298794746399 0.83545100688934326
vt 0.52435201406478882 0.8442700058221817
vt 0.51116597652435303 0.8524480015039444
vt 0.43763598799705505 0.8127949982881546
vt 0.43873900175094604 0.82586400210857391
vt 0.43691998720169067 0.83127599954605103
vt 0.54573202133178711 0.85679499804973602
vt 0.52954798936843872 0.86607199907302856
vt 0.52502900362014771 0.88291300088167191
vt 0.53531402349472046 0.88565299659967422
vt 0.4800490140914917 0.84496000409126282
vt 0.5191270112991333 0.82928499579429626
vt 0.51865297555923462 0.79821799695491791
vt 0.51313000917434692 0.83892999589443207
vt 0.49574699997901917 0.85919000208377838
vt 0.50312298536300659 0.84668900072574615
vt 0.49435800313949585 0.84306199848651886
vt 0.4891430139541626 0.8523000031709671
vt 0.50683897733688354 0.8497609943151474
vt 0.49992099404335022 0.84459899365901947
vt 0.54137301445007324 0.87164400517940521
vt 0.6900860071182251 0.85161399841308594
vt 0.63069701194763184 0.6550849974155426
vt 0.98326700925827026 0.97142799943685532
vt 0.85333102941513062 0.95627399906516075
vt 0.8595619797706604 0.94435299932956696
vt 0.84139001369476318 0.90089300274848938
vt 0.85429298877716064 0.92086700350046158
vt 0.82902002334594727 0.86645199358463287
vt 0.83521902561187744 0.81029100716114044
vt 0.56725102663040161 0.70565900206565857
vt 0.82604098320007324 0.88790500164031982
vt 0.7927669882774353 0.88660600036382675
vt 0.87295800447463989 0.95585900172591209
vt 0.87395197153091431 0.93916900083422661
vt 0.86561501026153564 0.90273100137710571
vt 0.87067699432373047 0.92156100273132324
vt 0.86691099405288696 0.868585005402565
vt 0.86879998445510864 0.84189499914646149
vt 0.86192798614501953 0.88989199697971344
vt 0.87259000539779663 0.89095000177621841
vt 0.90915197134017944 0.95918900147080421
vt 0.91635400056838989 0.94837699830532074
vt 0.90206599235534668 0.90313299745321274
vt 0.91267800331115723 0.9225040003657341
vt 0.92654800415039062 0.89188800007104874
vt 0.9704660177230835 0.96368100121617317
vt 0.9793739914894104 0.95027799904346466
vt 0.95512199401855469 0.90207500010728836
vt 0.97376102209091187 0.92510899901390076
vt 0.92820602655410767 0.9563629999756813
vt 0.92962402105331421 0.93748199939727783
vt 0.92300599813461304 0.90469499677419662
vt 0.92798197269439697 0.92268200218677521
vt 0.92279702425003052 0.87072600424289703
vt 0.92377901077270508 0.8437969982624054
vt 0.92073100805282593 0.89195200055837631
vt 0.86749500036239624 0.96705000102519989
vt 0.87641799449920654 0.95976300165057182
vt 0.87594497203826904 0.9398920014500618
vt 0.87323898077011108 0.92251499742269516
vt 0.8682519793510437 0.90316600352525711
vt 0.8643680214881897 0.89266599714756012
vt 0.87229198217391968 0.89407899975776672
vt 0.89918398857116699 0.90477599948644638
vt 0.91032099723815918 0.92374599725008011
vt 0.91380298137664795 0.94909700006246567
vt 0.90712302923202515 0.95758000016212463
vt 0.85650497674942017 0.9452739991247654
vt 0.85088998079299927 0.92152100056409836
vt 0.83678197860717773 0.90244100242853165
vt 0.82452297210693359 0.89176899939775467
vt 0.79484599828720093 0.88932199776172638
vt 0.66670399904251099 0.93051800131797791
vt 0.6536790132522583 0.91336499899625778
vt 0.6384660005569458 0.89873900264501572
vt 0.68311202526092529 0.92794399708509445
vt 0.66193801164627075 0.9113909974694252
vt 0.61188602447509766 0.88482099771499634
vt 0.64678001403808594 0.89571800082921982
vt 0.61648398637771606 0.8684999942779541
vt 0.73110800981521606 0.91756799817085266
vt 0.97261399030685425 0.97743099927902222
vt 0.83645600080490112 0.94033600017428398
vt 0.76784700155258179 0.91636499762535095
vt 0.71977198123931885 0.93201400339603424
vt 0.68877601623535156 0.94630699977278709
vt 0.72552502155303955 0.94126600027084351
vt 0.78754597902297974 0.94113700091838837
vt 0.69742602109909058 0.96855299919843674
vt 0.8485180139541626 0.95646199956536293
vt 0.74710202217102051 0.97076399996876717
vt 0.80668401718139648 0.96391300112009048
vt 0.97073197364807129 0.97888300009071827
vt 0.72627997398376465 0.94965900108218193
vt 0.84051799774169922 0.96019300073385239
vt 0.73978501558303833 0.94691300019621849
vt 0.81022900342941284 0.9708660002797842
vt 0.78231102228164673 0.94553900137543678
vt 0.74188399314880371 0.97189800068736076
vt 0.80580002069473267 0.97208200022578239
vt 0.83215397596359253 0.94536200165748596
vt 0.76446700096130371 0.92140500247478485
vt 0.71762001514434814 0.93478599935770035
vt 0.67212402820587158 0.94615599885582924
vt 0.8506770133972168 0.97287699952721596
vt 0.85252100229263306 0.96869999915361404
vt 0.92214399576187134 0.9701519999653101
vt 0.92213302850723267 0.97413999959826469
vt 0.93804800510406494 0.96595500037074089
vt 0.93720102310180664 0.96721300110220909
vt 0.97370302677154541 0.99539100006222725
vt 0.82654398679733276 0.99527599988505244
vt 0.81917500495910645 0.99735599989071488
vt 0.86079001426696777 0.99502599984407425
vt 0.75450897216796875 0.99708899995312095
vt 0.96973800659179688 0.99757299991324544
vt 0.71536999940872192 0.99528300017118454
vt 0.64543598890304565 0.96067000180482864
vt 0.86633598804473877 0.9727379996329546
vt 0.86406302452087402 0.96759599819779396
vt 0.67492902278900146 0.94416899979114532
vt 0.7509009838104248 0.91534599661827087
vt 0.91943597793579102 0.96787299960851669
vt 0.93307900428771973 0.96303499862551689
vt 0.93339699506759644 0.94075199961662292
vt 0.93125498294830322 0.92386499792337418
vt 0.92638999223709106 0.90529400110244751
vt 0.92391902208328247 0.89411699771881104
vt 0.92732799053192139 0.89511100202798843
vt 0.95288801193237305 0.90392299741506577
vt 0.97051101922988892 0.92642699927091599
vt 0.97362399101257324 0.94990399852395058
vt 0.96890002489089966 0.96149900183081627
vt 0.9340900182723999 0.9608209989964962
vt 0.69416797161102295 0.97120399959385395
vt 0.72364199161529541 0.90928900241851807
vt 0.62989199161529541 0.82700900733470917
vt 0.61611300706863403 0.81728999316692352
vt 0.59732800722122192 0.80077700316905975
vt 0.5813789963722229 0.80547000467777252
vt 0.58198297023773193 0.81844300031661987
vt 0.63467997312545776 0.85666300356388092
vt 0.65090501308441162 0.86725300550460815
vt 0.60821902751922607 0.82759800553321838
vt 0.7119860053062439 0.91090899705886841
vt 0.67085301876068115 0.87077100574970245
vt 0.65230298042297363 0.85860200226306915
vt 0.72355401515960693 0.92838799953460693
vt 0.63103699684143066 0.84393000602722168
vt 0.59148299694061279 0.81279100477695465
vt 0.59525400400161743 0.85231600701808929
vt 0.56970202922821045 0.83041299879550934
vt 0.56149297952651978 0.81862899661064148
vt 0.55097901821136475 0.80910499393939972
vt 0.53527700901031494 0.80938200652599335
vt 0.52961397171020508 0.82159499824047089
vt 0.54225599765777588 0.8338250070810318
vt 0.55684000253677368 0.8469569981098175
vt 0.59259700775146484 0.86198499798774719
vt 0.57450801134109497 0.8497609943151474
vt 0.75428199768066406 0.90178699791431427
vt 0.73222100734710693 0.88126900047063828
vt 0.71819597482681274 0.84451399743556976
vt 0.67487400770187378 0.81036399304866791
vt 0.65536701679229736 0.78951799869537354
vt 0.80225199460983276 0.93947900086641312
vt 0.77982598543167114 0.92034199833869934
vt 0.76373898983001709 0.89950399845838547
vt 0.74877899885177612 0.8830299973487854
vt 0.72687000036239624 0.86207699775695801
vt 0.70260101556777954 0.84751899540424347
vt 0.67673099040985107 0.83038100600242615
vt 0.65393197536468506 0.81354899704456329
vt 0.62878900766372681 0.77309499680995941
vt 0.92443001270294189 0.74696600437164307
vt 0.92038500308990479 0.77331900596618652
vt 0.89449101686477661 0.76311799883842468
vt 0.87871700525283813 0.75138199329376221
vt 0.98392999172210693 0.97392800077795982
vt 0.57115799188613892 0.72109100222587585
vt 0.77644497156143188 0.81818099319934845
vt 0.73339897394180298 0.82512199878692627
vt 0.69209897518157959 0.87448400259017944
vt 0.68776899576187134 0.87693700194358826
vt 0.72182899713516235 0.89097800105810165
vt 0.71087098121643066 0.89874199777841568
vt 0.69670200347900391 0.90581899881362915
vt 0.69016802310943604 0.90647000074386597
vt 0.68214201927185059 0.91090100258588791
vt 0.69040197134017944 0.90833999961614609
vt 0.68147397041320801 0.91291899979114532
vt 0.66828399896621704 0.88183899968862534
vt 0.6564980149269104 0.88844399899244308
vt 0.67976701259613037 0.87861999869346619
vt 0.58457398414611816 0.90577299892902374
vt 0.61327898502349854 0.913223996758461
vt 0.62729901075363159 0.92505499720573425
vt 0.63344597816467285 0.93342600017786026
vt 0.63186901807785034 0.93551900237798691
vt 0.624409019947052 0.91088800132274628
vt 0.61560100317001343 0.90813499689102173
vt 0.59687197208404541 0.90813499689102173
vt 0.60689902305603027 0.90271399915218353
vt 0.61994802951812744 0.90275599807500839
vt 0.5997999906539917 0.89236900210380554
vt 0.58449101448059082 0.86669500172138214
vt 0.50626802444458008 0.82405799627304077
vt 0.52272802591323853 0.81732399761676788
vt 0.57865101099014282 0.87062600255012512
vt 0.55331897735595703 0.85010600090026855
vt 0.53658002614974976 0.83943699300289154
vt 0.5252150297164917 0.8983599990606308
vt 0.51367497444152832 0.89464300125837326
vt 0.53995299339294434 0.90846499800682068
vt 0.54111099243164062 0.79169400036334991
vt 0.54451000690460205 0.78097599744796753
vt 0.52138602733612061 0.81114000082015991
vt 0.48847600817680359 0.81788100302219391
vt 0.49297699332237244 0.80273699760437012
vt 0.50009697675704956 0.79507000744342804
vt 0.49761798977851868 0.79994599521160126
vt 0.5468829870223999 0.78542500734329224
vt 0.83278501033782959 0.84104299545288086
vt 0.98709899187088013 0.84442999958992004
vt 0.78906697034835815 0.8206309974193573
vt 0.83223700523376465 0.82278800010681152
vt 0.8740609884262085 0.82441599667072296
vt 0.91913598775863647 0.8259039968252182
vt 0.8120269775390625 0.82122999429702759
vt 0.85386097431182861 0.81121200323104858
vt 0.85748898983001709 0.8237839937210083
vt 0.90576499700546265 0.82547900080680847
vt 0.97772800922393799 0.82828100025653839
vt 0.94689899682998657 0.82716099917888641
vt 0.82714599370956421 0.80735599994659424
vt 0.87192100286483765 0.80931800603866577
vt 0.91729402542114258 0.80999499559402466
vt 0.82643699645996094 0.81113700568675995
vt 0.871101975440979 0.81317399442195892
vt 0.91661697626113892 0.81418800354003906
vt 0.81697702407836914 0.81026600301265717
vt 0.86166298389434814 0.81252400577068329
vt 0.9080970287322998 0.81005099415779114
vt 0.90863901376724243 0.81401500105857849
vt 0.97898197174072266 0.81200799345970154
vt 0.97755897045135498 0.81543199717998505
vt 0.96275901794433594 0.80812600255012512
vt 0.96287500858306885 0.81266400218009949
vt 0.95365101099014282 0.81256599724292755
vt 0.95738601684570312 0.82049700617790222
vt 0.5168120265007019 0.85539600253105164
vt 0.51144099235534668 0.87048999965190887
vt 0.52073997259140015 0.86110199987888336
vt 0.51470601558685303 0.87203699350357056
vt 0.5332760214805603 0.85108399391174316
vt 0.5757489800453186 0.74003198742866516
vt 0.9789620041847229 0.97437399998307228
vt 0.58691900968551636 0.755731001496315
vt 0.60352897644042969 0.7666659951210022
vt 0.93920201063156128 0.76048900187015533
vt 0.57358098030090332 0.88367000222206116
vt 0.68308001756668091 0.95814700052142143
vt 0.6385759711265564 0.94820600003004074
vt 0.68561798334121704 0.95669500157237053
vt 0.52830302715301514 0.92881499975919724
vt 0.54306799173355103 0.93057899922132492
vt 0.53367799520492554 0.9475179985165596
vt 0.54753398895263672 0.93104699999094009
vt 0.5806419849395752 0.93830600008368492
vt 0.61149799823760986 0.9489860013127327
vt 0.61475300788879395 0.95101900026202202
vt 0.52470499277114868 0.91639599949121475
vt 0.56657499074935913 0.90102399885654449
vt 0.61281299591064453 0.9134489968419075
vt 0.62026000022888184 0.93241400271654129
vt 0.58938801288604736 0.91883900016546249
vt 0.56223201751708984 0.91689900308847427
vt 0.65276902914047241 0.92451900243759155
vt 0.55597400665283203 0.84013499319553375
vt 0.59459102153778076 0.82874499261379242
vt 0.76696699857711792 0.8506540060043335
vt 0.69893497228622437 0.91134899854660034
vt 0.71832901239395142 0.90254499763250351
vt 0.71085500717163086 0.86958500742912292
vt 0.79814797639846802 0.91580300033092499
vt 0.9939039945602417 0.96019800007343292
vt 0.99307197332382202 0.93904700130224228
vt 0.98668599128723145 0.85847300291061401
vt 0.98772501945495605 0.91542399674654007
vt 0.78624999523162842 0.85510100424289703
vt 0.56332701444625854 0.82600800693035126
vt 0.63531702756881714 0.81312400102615356
vt 0.75857901573181152 0.81968300044536591
vt 0.73718500137329102 0.81783099472522736
vt 0.7899940013885498 0.83586899936199188
vt 0.842507004737854 0.76731699705123901
vt 0.6856989860534668 0.80628299713134766
vt 0.96701502799987793 0.80379100143909454
vt 0.85779100656509399 0.77571700513362885
vt 0.86475801467895508 0.75521300733089447
vt 0.54413998126983643 0.79417699575424194
vt 0.59688502550125122 0.79180300235748291
vt 0.63167101144790649 0.78792400658130646
vt 0.68595200777053833 0.77206400036811829
vt 0.70994800329208374 0.76262299716472626
vt 0.63265198469161987 0.77591300010681152
vt 0.68320000171661377 0.76174600422382355
vt 0.47710099816322327 0.80116899311542511
vt 0.76525801420211792 0.81231999397277832
vt 0.74195200204849243 0.79706099629402161
vt 0.72467297315597534 0.78494599461555481
vt 0.77624297142028809 0.80623799562454224
vt 0.75559902191162109 0.79058299958705902
vt 0.73982799053192139 0.77774299681186676
vt 0.49893701076507568 0.90910500288009644
vt 0.48866298794746399 0.83545100688934326
vt 0.5035099983215332 0.8636229932308197
vt 0.43763598799705505 0.8127949982881546
vt 0.43873998522758484 0.82586400210857391
vt 0.53104501962661743 0.8499390035867691
vt 0.51350301504135132 0.87404300272464752
vt 0.48640599846839905 0.84891599416732788
vt 0.51865297555923462 0.79821799695491791
vt 0.51313000917434692 0.83892999589443207
vt 0.49435800313949585 0.84306199848651886
vt 0.49221199750900269 0.85256600379943848
vt 0.50149399042129517 0.86046500504016876
vt 0.50498098134994507 0.84822499752044678
vt 0.49992099404335022 0.84459899365901947
vt 0.53545999526977539 0.86885799467563629
vt 0.67403101921081543 0.84071299433708191
vt 0.98326802253723145 0.97142799943685532
vt 0.56725102663040161 0.70565900206565857
vt 0.78893798589706421 0.88071899861097336
vt 0.86785602569580078 0.85524000227451324
vt 0.87942802906036377 0.81226100027561188
vt 0.89621299505233765 0.8925819993019104
vt 0.92328798770904541 0.85726100206375122
vt 0.92426401376724243 0.81353700160980225
vt 0.82528197765350342 0.88983699679374695
vt 0.66019099950790405 0.92194099724292755
vt 0.6384660005569458 0.89873900264501572
vt 0.68311202526092529 0.92794399708509445
vt 0.66193801164627075 0.9113909974694252
vt 0.64678001403808594 0.89571800082921982
vt 0.73110800981521606 0.91756799817085266
vt 0.97261399030685425 0.97743099927902222
vt 0.83430498838424683 0.94284899905323982
vt 0.71977198123931885 0.93201400339603424
vt 0.68877601623535156 0.94630699977278709
vt 0.73073601722717285 0.94767000153660774
vt 0.78754597902297974 0.94113700091838837
vt 0.69742602109909058 0.96855299919843674
vt 0.84451800584793091 0.95832699909806252
vt 0.74710202217102051 0.97076399996876717
vt 0.80668401718139648 0.96391300112009048
vt 0.97073197364807129 0.97888300009071827
vt 0.72627997398376465 0.94965900108218193
vt 0.73978501558303833 0.94691300019621849
vt 0.81022900342941284 0.9708660002797842
vt 0.78231000900268555 0.94553900137543678
vt 0.74188399314880371 0.97189800068736076
vt 0.80580002069473267 0.97208200022578239
vt 0.76446700096130371 0.92140500247478485
vt 0.71762001514434814 0.93478599935770035
vt 0.67212402820587158 0.94615599885582924
vt 0.85252100229263306 0.96869999915361404
vt 0.92213201522827148 0.97413999959826469
vt 0.93720102310180664 0.96721300110220909
vt 0.64325797557830811 0.98392800055444241
vt 0.76252400875091553 0.99555099988356233
vt 0.70761102437973022 0.99639500002376735
vt 0.92854702472686768 0.9971429998986423
vt 0.64543598890304565 0.96067000180482864
vt 0.86577898263931274 0.96732300147414207
vt 0.67492902278900146 0.94416899979114532
vt 0.91943597793579102 0.96787299960851669
vt 0.90287601947784424 0.94356200098991394
vt 0.89786100387573242 0.91319999843835831
vt 0.93358397483825684 0.96192799881100655
vt 0.69416797161102295 0.97120399959385395
vt 0.66079097986221313 0.85240200161933899
vt 0.61611300706863403 0.81728999316692352
vt 0.59732800722122192 0.80077700316905975
vt 0.5813789963722229 0.80547000467777252
vt 0.58198297023773193 0.81844300031661987
vt 0.64311397075653076 0.86354599893093109
vt 0.60821902751922607 0.82759800553321838
vt 0.7119860053062439 0.91090899705886841
vt 0.65626102685928345 0.86101900041103363
vt 0.72355401515960693 0.92838799953460693
vt 0.59148299694061279 0.81279100477695465
vt 0.60586899518966675 0.8604079931974411
vt 0.56149297952651978 0.81862899661064148
vt 0.55097901821136475 0.80910499393939972
vt 0.60065102577209473 0.87048999965190887
vt 0.73979097604751587 0.89281199872493744
vt 0.70904898643493652 0.83320699632167816
vt 0.80225300788879395 0.93947900086641312
vt 0.77383601665496826 0.91835299879312515
vt 0.75625902414321899 0.89126700162887573
vt 0.72687000036239624 0.86207699775695801
vt 0.68966597318649292 0.83894999325275421
vt 0.65393197536468506 0.81354899704456329
vt 0.92443001270294189 0.74696600437164307
vt 0.92038500308990479 0.77331900596618652
vt 0.89449101686477661 0.76311799883842468
vt 0.57115799188613892 0.72109100222587585
vt 0.98392999172210693 0.97392800077795982
vt 0.77644497156143188 0.81818099319934845
vt 0.78929001092910767 0.80816799402236938
vt 0.73339897394180298 0.82512199878692627
vt 0.68993401527404785 0.87571000307798386
vt 0.66965901851654053 0.88226500153541565
vt 0.67976701259613037 0.87861999869346619
vt 0.63037300109863281 0.92924000322818756
vt 0.62786799669265747 0.93056699633598328
vt 0.624409019947052 0.91088800132274628
vt 0.61560100317001343 0.90813499689102173
vt 0.59072297811508179 0.90695399791002274
vt 0.60689902305603027 0.90271399915218353
vt 0.62643301486968994 0.90185900032520294
vt 0.60584300756454468 0.88859499990940094
vt 0.51269799470901489 0.82667100429534912
vt 0.57865101099014282 0.87062600255012512
vt 0.54495000839233398 0.84477099776268005
vt 0.52480798959732056 0.8903919979929924
vt 0.53995299339294434 0.90846499800682068
vt 0.54451000690460205 0.78097599744796753
vt 0.52952802181243896 0.81234100461006165
vt 0.48847600817680359 0.81788100302219391
vt 0.49297699332237244 0.80273699760437012
vt 0.50009697675704956 0.79507000744342804
vt 0.47578001022338867 0.79731999337673187
vt 0.43597400188446045 0.80865299701690674
vt 0.5163159966468811 0.79117999970912933
vt 0.54822301864624023 0.78634700179100037
vt 0.54787802696228027 0.77605299651622772
vt 0.50694799423217773 0.79138299822807312
vt 0.83090299367904663 0.85374699532985687
vt 0.78906697034835815 0.8206309974193573
vt 0.83223700523376465 0.82278800010681152
vt 0.8740609884262085 0.82441599667072296
vt 0.91913598775863647 0.8259039968252182
vt 0.80895900726318359 0.80866199731826782
vt 0.8120269775390625 0.82122999429702759
vt 0.85748898983001709 0.8237839937210083
vt 0.90036100149154663 0.81297400593757629
vt 0.90576499700546265 0.82547900080680847
vt 0.98542600870132446 0.81739999353885651
vt 0.97772800922393799 0.82828100025653839
vt 0.9416239857673645 0.81465399265289307
vt 0.94689899682998657 0.82716099917888641
vt 0.82643699645996094 0.81113700568675995
vt 0.871101975440979 0.81317399442195892
vt 0.91661697626113892 0.81418800354003906
vt 0.81682199239730835 0.80659200251102448
vt 0.81697702407836914 0.81026600301265717
vt 0.86136800050735474 0.80865299701690674
vt 0.86166298389434814 0.81252400577068329
vt 0.90863901376724243 0.81401500105857849
vt 0.97755897045135498 0.81543199717998505
vt 0.96287500858306885 0.81266400218009949
vt 0.95738601684570312 0.82049700617790222
vt 0.50725400447845459 0.86443699896335602
vt 0.51398897171020508 0.85392199456691742
vt 0.52073997259140015 0.86110199987888336
vt 0.5757489800453186 0.74003198742866516
vt 0.9789620041847229 0.97437399998307228
vt 0.58691900968551636 0.755731001496315
vt 0.60352897644042969 0.7666659951210022
vt 0.93920201063156128 0.76048900187015533
vt 0.57358098030090332 0.88367000222206116
vt 0.68308001756668091 0.95814700052142143
vt 0.6385759711265564 0.94820600003004074
vt 0.68561798334121704 0.95669500157237053
vt 0.56321197748184204 0.10961902141571045
vt 0.68112200498580933 0.1273840069770813
vt 0.68970602750778198 0.12723398208618164
vt 0.71996200084686279 0.12670600414276123
vt 0.56321197748184204 0.14896601438522339
vt 0.56321197748184204 0.12101501226425171
vt 0.56321197748184204 0.10111898183822632
vt 0.56321197748184204 0.16888302564620972
vt 0.56321197748184204 0.16036200523376465
vt 0.72849500179290771 0.12655699253082275
vt 0.56321197748184204 0.17574697732925415
vt 0.56321197748184204 0.094281017780303955
vt 0.61825501918792725 0.12484800815582275
vt 0.64126002788543701 0.12486499547958374
vt 0.6412699818611145 0.11948698759078979
vt 0.61825001239776611 0.11947298049926758
vt 0.61601102352142334 0.12685000896453857
vt 0.61601799726486206 0.11691397428512573
vt 0.64350599050521851 0.11693000793457031
vt 0.64350098371505737 0.12686902284622192
vt 0.63581401109695435 0.1306689977645874
vt 0.63580799102783203 0.13765901327133179
vt 0.62368601560592651 0.13764899969100952
vt 0.62369197607040405 0.13065999746322632
vt 0.93209397792816162 0.6947920024394989
vt 0.68882298469543457 0.64958900213241577
vt 0.92783999443054199 0.37817800045013428
vt 0.92304497957229614 0.41514098644256592
vt 0.92159098386764526 0.44007599353790283
vt 0.93605601787567139 0.34091001749038696
vt 0.93286502361297607 0.35351800918579102
vt 0.88274502754211426 0.38525998592376709
vt 0.87963598966598511 0.41254597902297974
vt 0.87809997797012329 0.4399150013923645
vt 0.89384597539901733 0.33199799060821533
vt 0.88745599985122681 0.35822898149490356
vt 0.94720000028610229 0.37862199544906616
vt 0.94369101524353027 0.40224498510360718
vt 0.9414830207824707 0.42606598138809204
vt 0.95823800563812256 0.3339189887046814
vt 0.95191097259521484 0.35544097423553467
vt 0.46350398659706116 0.15546602010726929
vt 0.32898199558258057 0.11660200357437134
vt 0.039519999176263809 0.17165201902389526
vt 0.039459999650716782 0.1748579740524292
vt 0.19221900403499603 0.12586599588394165
vt 0.063014999032020569 0.18678498268127441
vt 0.047244999557733536 0.1867859959602356
vt 0.047244999557733536 0.19632399082183838
vt 0.58088201284408569 0.64831799268722534
vt 0.59623801708221436 0.64919200539588928
vt 0.62360101938247681 0.64715299010276794
vt 0.3319070041179657 0.093859970569610596
vt 0.21191200613975525 0.058669984340667725
vt 0.078891001641750336 0.30917602777481079
vt 0.078891001641750336 0.32182997465133667
vt 0.18888199329376221 0.0034719705581665039
vt 0.19447100162506104 0.0031049847602844238
vt 0.034294001758098602 0.060459017753601074
vt 0.021320000290870667 0.069535017013549805
vt 0.0067540002055466175 0.084695994853973389
vt 0.0039599998854100704 0.073472976684570312
vt 0.055564001202583313 0.054138004779815674
vt 0.06722799688577652 0.055872976779937744
vt 0.0079169999808073044 0.096441984176635742
vt 0.042920999228954315 0.047646999359130859
vt 0.18561699986457825 0.06176602840423584
vt 0.18678699433803558 0.11535000801086426
vt 0.3610990047454834 0.026817977428436279
vt 0.36178401112556458 0.033464014530181885
vt 0.36549800634384155 0.0262870192527771
vt 0.36061900854110718 0.022836029529571533
vt 0.36501899361610413 0.022306978702545166
vt 0.35973000526428223 0.015428006649017334
vt 0.36061900854110718 0.022836029529571533
vt 0.36501899361610413 0.022306978702545166
vt 0.36412999033927917 0.014900028705596924
vt 0.36038500070571899 0.18976998329162598
vt 0.35713401436805725 0.17564100027084351
vt 0.34719398617744446 0.18971997499465942
vt 0.36051800847053528 0.15372097492218018
vt 0.36140099167823792 0.16779297590255737
vt 0.36140099167823792 0.17440199851989746
vt 0.36680600047111511 0.17434102296829224
vt 0.63329201936721802 0.62453499436378479
vt 0.63170498609542847 0.60766500234603882
vt 0.63548898696899414 0.64434599876403809
vt 0.0079399999231100082 0.12902498245239258
vt 0.0069209998473525047 0.14997798204421997
vt 0.36367401480674744 0.0019990205764770508
vt 0.36368998885154724 0.013400018215179443
vt 0.36629799008369446 0.013396024703979492
vt 0.37569200992584229 0.0085849761962890625
vt 0.36680600047111511 0.18517601490020752
vt 0.36140099167823792 0.18517601490020752
vt 0.37029200792312622 0.18479901552200317
vt 0.3676849901676178 0.18414700031280518
vt 0.3676849901676178 0.19152498245239258
vt 0.36152699589729309 0.18568402528762817
vt 0.36152699589729309 0.1913599967956543
vt 0.3668380081653595 0.1913599967956543
vt 0.36244300007820129 0.0015050172805786133
vt 0.36235898733139038 0.013943016529083252
vt 0.3319070041179657 0.093859970569610596
vt 0.34189298748970032 0.1143149733543396
vt 0.34519499540328979 0.095492005348205566
vt 0.35923498868942261 0.050306022167205811
vt 0.36630898714065552 0.021022021770477295
vt 0.33156400918960571 0.02737802267074585
vt 0.21162700653076172 0.0050590038299560547
vt 0.4221000075340271 0.20831298828125
vt 0.41080299019813538 0.19459998607635498
vt 0.39303600788116455 0.19446200132369995
vt 0.35651201009750366 0.21932798624038696
vt 0.5173569917678833 0.65638399124145508
vt 0.078891001641750336 0.35814601182937622
vt 0.078891001641750336 0.33978599309921265
vt 0.027503000572323799 0.35814601182937622
vt 0.35640400648117065 0.12175601720809937
vt 0.39558300375938416 0.12175601720809937
vt 0.39558300375938416 0.082069993019104004
vt 0.35640400648117065 0.082069993019104004
vt 0.35640400648117065 0.068651974201202393
vt 0.39558300375938416 0.068651974201202393
vt 0.38512200117111206 0.021928012371063232
vt 0.36645200848579407 0.021928012371063232
vt 0.36486300826072693 0.24320900440216064
vt 0.37428900599479675 0.2712550163269043
vt 0.034049998968839645 0.36013501882553101
vt 0.034109000116586685 0.37824702262878418
vt 0.11251199990510941 0.056551992893218994
vt 0.53395199775695801 0.65638399124145508
vt 0.055305998772382736 0.2029610276222229
vt 0.055311001837253571 0.23581600189208984
vt 0.20520800352096558 0.23579299449920654
vt 0.032242998480796814 0.52227699756622314
vt 0.46583199501037598 0.65638399124145508
vt 0.53526502847671509 0.62961700558662415
vt 0.57420700788497925 0.629364013671875
vt 0.49340400099754333 0.63025099039077759
vt 0.51998698711395264 0.62929999828338623
vt 0.2409529983997345 0.62843000888824463
vt 0.24100400507450104 0.65638399124145508
vt 0.10882800072431564 0.52792999148368835
vt 0.24521699547767639 0.42978900671005249
vt 0.53525400161743164 0.48847299814224243
vt 0.54137700796127319 0.47103101015090942
vt 0.53157597780227661 0.50553798675537109
vt 0.39141899347305298 0.14399701356887817
vt 0.39724001288414001 0.14399701356887817
vt 0.36740699410438538 0.34085100889205933
vt 0.3715440034866333 0.39358001947402954
vt 0.37164199352264404 0.34085899591445923
vt 0.35141000151634216 0.39667600393295288
vt 0.34686499834060669 0.34632301330566406
vt 0.33403199911117554 0.35197800397872925
vt 0.33453500270843506 0.35949802398681641
vt 0.34469300508499146 0.36777400970458984
vt 0.36677899956703186 0.34726399183273315
vt 0.38624599575996399 0.026601016521453857
vt 0.390951007604599 0.023411989212036133
vt 0.38677799701690674 0.022825002670288086
vt 0.39193901419639587 0.016385972499847412
vt 0.38776600360870361 0.015798985958099365
vt 0.38677799701690674 0.022825002670288086
vt 0.39419299364089966 0.17609500885009766
vt 0.39159101247787476 0.19079500436782837
vt 0.40448799729347229 0.19079399108886719
vt 0.39159199595451355 0.15325897932052612
vt 0.38995799422264099 0.16748702526092529
vt 0.38495901226997375 0.17415398359298706
vt 0.38995799422264099 0.17409199476242065
vt 0.53124302625656128 0.62464600801467896
vt 0.53039199113845825 0.60832801461219788
vt 0.529774010181427 0.58820098638534546
vt 0.5294029712677002 0.54578700661659241
vt 0.52876102924346924 0.56442001461982727
vt 0.387704998254776 0.013365983963012695
vt 0.38768899440765381 0.0019649863243103027
vt 0.38495901226997375 0.18492799997329712
vt 0.38995799422264099 0.18492799997329712
vt 0.36849001049995422 0.18346500396728516
vt 0.38315799832344055 0.18346500396728516
vt 0.38387399911880493 0.1844019889831543
vt 0.38135999441146851 0.1850699782371521
vt 0.38387399911880493 0.19149601459503174
vt 0.38489198684692383 0.19136697053909302
vt 0.38999399542808533 0.19136697053909302
vt 0.38999399542808533 0.18558198213577271
vt 0.38892099261283875 0.0025680065155029297
vt 0.38878801465034485 0.015006005764007568
vt 0.50077497959136963 0.17315202951431274
vt 0.39160498976707458 0.14512801170349121
vt 0.029485000297427177 0.23333299160003662
vt 0.050322998315095901 0.23333197832107544
vt 0.050322998315095901 0.20417302846908569
vt 0.034988000988960266 0.20417302846908569
vt 0.48242500424385071 0.65638399124145508
vt 0.53985399007797241 0.59788200259208679
vt 0.5390089750289917 0.61153501272201538
vt 0.63035297393798828 0.58484899997711182
vt 0.078891001641750336 0.24676799774169922
vt 0.027503000572323799 0.24676799774169922
vt 0.37930500507354736 0.21116197109222412
vt 0.41778001189231873 0.22949200868606567
vt 0.30595898628234863 0.61490699648857117
vt 0.29063001275062561 0.61572599411010742
vt 0.29302600026130676 0.62843000888824463
vt 0.31271898746490479 0.62763801217079163
vt 0.037424001842737198 0.35994702577590942
vt 0.04480300098657608 0.35967499017715454
vt 0.46480399370193481 0.6267009973526001
vt 0.32723599672317505 0.20291000604629517
vt 0.32724499702453613 0.23576498031616211
vt 0.12984800338745117 0.052486002445220947
vt 0.35482901334762573 0.14525300264358521
vt 0.3598330020904541 0.14525300264358521
vt 0.32308900356292725 0.12568497657775879
vt 0.33760601282119751 0.37494802474975586
vt 0.33834201097488403 0.42291301488876343
vt 0.33922800421714783 0.40884101390838623
vt 0.63179397583007812 0.56342700123786926
vt 0.53530699014663696 0.63322100043296814
vt 0.5746229887008667 0.61819198727607727
vt 0.065493002533912659 0.17764502763748169
vt 0.43771499395370483 0.63255000114440918
vt 0.4422450065612793 0.62614598870277405
vt 0.29059100151062012 0.58332899212837219
vt 0.10003899782896042 0.61257299780845642
vt 0.088119000196456909 0.57398700714111328
vt 0.091599002480506897 0.59412801265716553
vt 0.090025998651981354 0.55738601088523865
vt 0.095311000943183899 0.54260998964309692
vt 0.45146000385284424 0.6247900128364563
vt 0.29734200239181519 0.57643699645996094
vt 0.297434002161026 0.56059899926185608
vt 0.30183500051498413 0.54490900039672852
vt 0.23584200441837311 0.42215698957443237
vt 0.24178500473499298 0.53473600745201111
vt 0.24213999509811401 0.52934199571609497
vt 0.10955899953842163 0.52931299805641174
vt 0.11506800353527069 0.53505301475524902
vt 0.29081600904464722 0.62732499837875366
vt 0.28356200456619263 0.62349799275398254
vt 0.11204099655151367 0.62728598713874817
vt 0.29351198673248291 0.54138201475143433
vt 0.3023580014705658 0.53950598835945129
vt 0.29727700352668762 0.5367330014705658
vt 0.28756898641586304 0.59543699026107788
vt 0.28732898831367493 0.58492699265480042
vt 0.29005798697471619 0.58260399103164673
vt 0.28821799159049988 0.58009800314903259
vt 0.2854979932308197 0.54633000493049622
vt 0.28053799271583557 0.55869400501251221
vt 0.27275699377059937 0.5994110107421875
vt 0.27668499946594238 0.60355600714683533
vt 0.31517300009727478 0.62726500630378723
vt 0.3131909966468811 0.61471599340438843
vt 0.31130298972129822 0.59540000557899475
vt 0.31071498990058899 0.58586901426315308
vt 0.30878999829292297 0.5913270115852356
vt 0.28755998611450195 0.55558100342750549
vt 0.28589498996734619 0.57318601012229919
vt 0.28453698754310608 0.57648199796676636
vt 0.28775501251220703 0.57837399840354919
vt 0.30379900336265564 0.59798699617385864
vt 0.30067399144172668 0.59569498896598816
vt 0.30224499106407166 0.54056200385093689
vt 0.24380399286746979 0.52961200475692749
vt 0.54168397188186646 0.55738899111747742
vt 0.54960602521896362 0.62108498811721802
vt 0.3670240044593811 0.26779597997665405
vt 0.3715440034866333 0.39358001947402954
vt 0.36740699410438538 0.34085100889205933
vt 0.37164199352264404 0.34085899591445923
vt 0.25484201312065125 0.33400100469589233
vt 0.32384198904037476 0.33400100469589233
vt 0.25484201312065125 0.37026798725128174
vt 0.32384198904037476 0.37026798725128174
vt 0.42517000436782837 0.14277797937393188
vt 0.41743698716163635 0.14277797937393188
vt 0.42517000436782837 0.18728697299957275
vt 0.41743698716163635 0.18728697299957275
vt 0.53678399324417114 0.66887998580932617
vt 0.53645801544189453 0.67432200908660889
vt 0.016564000397920609 0.7979079931974411
vt 0.047247998416423798 0.8261830061674118
vt 0.065269000828266144 0.79827700555324554
vt 0.53714299201965332 0.66402199864387512
vt 0.53754699230194092 0.65921899676322937
vt 0.057165000587701797 0.030224978923797607
vt 0.081623002886772156 0.014204025268554688
vt 0.074952997267246246 0.018644988536834717
vt 0.079483002424240112 0.022181987762451172
vt 0.074952997267246246 0.018644988536834717
vt 0.078511998057365417 0.004382014274597168
vt 0.060005001723766327 0.001573026180267334
vt 0.0064320000819861889 0.051699995994567871
vt 0.050420001149177551 0.043464004993438721
vt 0.091886997222900391 0.047188997268676758
vt 0.082999996840953827 0.009895026683807373
vt 0.085676997900009155 0.011904001235961914
vt 0.089101001620292664 0.004073023796081543
vt 0.19146700203418732 0.029254019260406494
vt 0.19226199388504028 0.019906997680664062
vt 0.099578000605106354 0.022041022777557373
vt 0.18529100716114044 0.021831989288330078
vt 0.094517998397350311 0.025545001029968262
vt 0.0971670001745224 0.013791024684906006
vt 0.094194002449512482 0.017171025276184082
vt 0.085676997900009155 0.011904001235961914
vt 0.082999996840953827 0.009895026683807373
vt 0.18529100716114044 0.021831989288330078
vt 0.19226199388504028 0.019906997680664062
vt 0.19226199388504028 0.019906997680664062
vt 0.18810400366783142 0.012158989906311035
vt 0.18832799792289734 0.014814019203186035
vt 0.18945799767971039 0.017409026622772217
vt 0.18810400366783142 0.012158989906311035
vt 0.18274800479412079 0.013581991195678711
vt 0.18558299541473389 0.015641987323760986
vt 0.18274800479412079 0.013581991195678711
vt 0.18529100716114044 0.021831989288330078
vt 0.18643699586391449 0.018525004386901855
vt 0.083129003643989563 0.032450973987579346
vt 0.19111000001430511 0.050620019435882568
vt 0.089101001620292664 0.004073023796081543
vt 0.18361799418926239 0.0047529935836791992
vt 0.17478799819946289 0.034600973129272461
vt 0.093111000955104828 0.27709698677062988
vt 0.14208799600601196 0.277351975440979
vt 0.092687003314495087 0.35740900039672852
vt 0.14166399836540222 0.357666015625
vt 0.15171100199222565 0.33563798666000366
vt 0.19822999835014343 0.33606100082397461
vt 0.1869329959154129 0.24078702926635742
vt 0.16507700085639954 0.24044597148895264
vt 0.21655100584030151 0.24939602613449097
vt 0.23929800093173981 0.24934297800064087
vt 0.21675699949264526 0.34109097719192505
vt 0.23950299620628357 0.34104102849960327
vt 0.31072899699211121 0.13095599412918091
vt 0.31442299485206604 0.14235401153564453
vt 0.2990649938583374 0.15255200862884521
vt 0.29032701253890991 0.16866302490234375
vt 0.31500500440597534 0.15673398971557617
vt 0.29802599549293518 0.13204997777938843
vt 0.30021300911903381 0.14344298839569092
vt 0.31521600484848022 0.16988497972488403
vt 0.28198701143264771 0.32612502574920654
vt 0.30828401446342468 0.32596701383590698
vt 0.27418899536132812 0.25327301025390625
vt 0.31522199511528015 0.2530289888381958
vt 0.35375499725341797 0.33674502372741699
vt 0.34167000651359558 0.33674502372741699
vt 0.32784798741340637 0.27244102954864502
vt 0.35374501347541809 0.25861400365829468
vt 0.9486510157585144 0.40944802761077881
vt 0.94465601444244385 0.40944898128509521
vt 0.94467097520828247 0.47637802362442017
vt 0.96794599294662476 0.35906898975372314
vt 0.96757400035858154 0.37408697605133057
vt 0.97098898887634277 0.35949897766113281
vt 0.9658210277557373 0.38308501243591309
vt 0.96110701560974121 0.39378601312637329
vt 0.96406799554824829 0.39462298154830933
vt 0.97113001346588135 0.47636997699737549
vt 0.99713701009750366 0.43214297294616699
vt 0.98837900161743164 0.42952102422714233
vt 0.96061301231384277 0.44749802350997925
vt 0.9528539776802063 0.44501501321792603
vt 0.99447500705718994 0.553600013256073
vt 0.97500401735305786 0.57591098546981812
vt 0.95852798223495483 0.40060102939605713
vt 0.96142399311065674 0.40318500995635986
vt 0.97242200374603271 0.34917199611663818
vt 0.957846999168396 0.48643398284912109
vt 0.95126801729202271 0.48643499612808228
vt 0.97301799058914185 0.54696300625801086
vt 0.99122202396392822 0.54696199297904968
vt 0.99122202396392822 0.53668799996376038
vt 0.97301799058914185 0.53668901324272156
vt 0.97018498182296753 0.48404598236083984
vt 0.97492802143096924 0.56630098819732666
vt 0.96696901321411133 0.61785298585891724
vt 0.96973299980163574 0.55358999967575073
vt 0.95305001735687256 0.40755897760391235
vt 0.95303601026535034 0.41969400644302368
vt 0.99193799495697021 0.41969799995422363
vt 0.99194800853729248 0.40756499767303467
vt 0.85251498222351074 0.35977202653884888
vt 0.86079698801040649 0.42568302154541016
vt 0.86885601282119751 0.42561298608779907
vt 0.85781997442245483 0.42649000883102417
vt 0.98848199844360352 0.35915201902389526
vt 0.98546600341796875 0.35955798625946045
vt 0.99162298440933228 0.37361997365951538
vt 0.99511301517486572 0.3939099907875061
vt 0.99332600831985474 0.38264501094818115
vt 0.99217599630355835 0.39472299814224243
vt 0.99436897039413452 0.40349298715591431
vt 0.99766802787780762 0.40073400735855103
vt 0.9878690242767334 0.35010498762130737
vt 0.99193799495697021 0.41969799995422363
vt 0.97271901369094849 0.43581998348236084
vt 0.96288597583770752 0.43581998348236084
vt 0.99254697561264038 0.27103900909423828
vt 0.65589499473571777 0.37421602010726929
vt 0.75748699903488159 0.37421602010726929
vt 0.61304700374603271 0.37421602010726929
vt 0.65271300077438354 0.37421602010726929
vt 0.90059399604797363 0.61736398935317993
vt 0.94499802589416504 0.60979700088500977
vt 0.9622269868850708 0.59763699769973755
vt 0.12628799676895142 0.71792000532150269
vt 0.10438799858093262 0.71792000532150269
vt 0.10438799858093262 0.73737099766731262
vt 0.14896999299526215 0.71792000532150269
vt 0.17218199372291565 0.71792000532150269
vt 0.19565199315547943 0.71792000532150269
vt 0.21295000612735748 0.71792000532150269
vt 0.22280600666999817 0.71792000532150269
vt 0.22915400564670563 0.71792000532150269
vt 0.23636800050735474 0.71792000532150269
vt 0.10438799858093262 0.74412700533866882
vt 0.18626099824905396 0.84592099487781525
vt 0.16885900497436523 0.84575000405311584
vt 0.19844600558280945 0.85834699869155884
vt 0.19827499985694885 0.87574899941682816
vt 0.18584899604320526 0.88793399930000305
vt 0.16844600439071655 0.88776399940252304
vt 0.15626199543476105 0.87533800303936005
vt 0.15643200278282166 0.85793499648571014
vt 0.10438799858093262 0.75192999839782715
vt 0.10438799858093262 0.71792000532150269
vt 0.51066899299621582 0.11359202861785889
vt 0.51066899299621582 0.13985598087310791
vt 0.51066899299621582 0.087327003479003906
vt 0.51066899299621582 0.061062991619110107
vt 0.51066899299621582 0.034798979759216309
vt 0.51066899299621582 0.0085359811782836914
vt 0.59983599185943604 0.35684698820114136
vt 0.60517102479934692 0.34250497817993164
vt 0.58804398775100708 0.36660099029541016
vt 0.57295501232147217 0.3691520094871521
vt 0.55861300230026245 0.36381697654724121
vt 0.54885900020599365 0.35202497243881226
vt 0.5463070273399353 0.33693701028823853
vt 0.55164200067520142 0.32259398698806763
vt 0.56343400478363037 0.31284099817276001
vt 0.57852298021316528 0.31028997898101807
vt 0.59286600351333618 0.31562501192092896
vt 0.60262000560760498 0.32741600275039673
vt 0.51473301649093628 0.16708600521087646
vt 0.55549699068069458 0.16708600521087646
vt 0.25055098533630371 0.94782200083136559
vt 0.28036698698997498 0.94782200083136559
vt 0.31018400192260742 0.92013999819755554
vt 0.31018400192260742 0.94782200083136559
vt 0.081591002643108368 0.94782200083136559
vt 0.1014690026640892 0.94782200083136559
vt 0.12134599685668945 0.94782200083136559
vt 0.14122399687767029 0.94782200083136559
vt 0.16110199689865112 0.94782200083136559
vt 0.18097899854183197 0.94782200083136559
vt 0.20085699856281281 0.94782200083136559
vt 0.22073499858379364 0.94782200083136559
vt 0.84171199798583984 0.49045801162719727
vt 0.85277801752090454 0.48710298538208008
vt 0.8138740062713623 0.44200402498245239
vt 0.81254702806472778 0.46254998445510864
vt 0.56009101867675781 0.077540993690490723
vt 0.57812702655792236 0.077540993690490723
vt 0.56009101867675781 0.068430006504058838
vt 0.56009101867675781 0.084160983562469482
vt 0.57629901170730591 0.084160983562469482
vt 0.59208697080612183 0.077540993690490723
vt 0.58772099018096924 0.087823987007141113
vt 0.58966302871704102 0.082338988780975342
vt 0.57817798852920532 0.082315981388092041
vt 0.57817602157592773 0.08776402473449707
vt 0.6119920015335083 0.077540993690490723
vt 0.61011701822280884 0.084170997142791748
vt 0.59214800596237183 0.084170997142791748
vt 0.62572699785232544 0.077540993690490723
vt 0.62226897478103638 0.087821006774902344
vt 0.6236569881439209 0.08233797550201416
vt 0.61200201511383057 0.082319974899291992
vt 0.61193698644638062 0.087774991989135742
vt 0.64604997634887695 0.077540993690490723
vt 0.64437401294708252 0.084186971187591553
vt 0.62574601173400879 0.084186971187591553
vt 0.72614401578903198 0.077540993690490723
vt 0.72611498832702637 0.08417898416519165
vt 0.65950500965118408 0.077540993690490723
vt 0.65496200323104858 0.08781200647354126
vt 0.65676301717758179 0.082336008548736572
vt 0.6460760235786438 0.082333981990814209
vt 0.64606499671936035 0.087800025939941406
vt 0.67962998151779175 0.077540993690490723
vt 0.67804700136184692 0.084186017513275146
vt 0.65951299667358398 0.084186017513275146
vt 0.69271200895309448 0.077540993690490723
vt 0.68926197290420532 0.087799012660980225
vt 0.69008797407150269 0.082333028316497803
vt 0.67963099479675293 0.082334995269775391
vt 0.67964500188827515 0.087805986404418945
vt 0.71286499500274658 0.077540993690490723
vt 0.71087700128555298 0.084182977676391602
vt 0.69273102283477783 0.084182977676391602
vt 0.72150200605392456 0.087782025337219238
vt 0.72307902574539185 0.082329988479614258
vt 0.71285200119018555 0.082334995269775391
vt 0.71288102865219116 0.08780902624130249
vt 0.58825099468231201 0.14098900556564331
vt 0.59941202402114868 0.1525539755821228
vt 0.58822000026702881 0.12903100252151489
vt 0.59970200061798096 0.13994497060775757
vt 0.58829498291015625 0.11587697267532349
vt 0.59957098960876465 0.12712597846984863
vt 0.58828902244567871 0.10381197929382324
vt 0.59961497783660889 0.11483997106552124
vt 0.58837300539016724 0.09147799015045166
vt 0.59972602128982544 0.10256701707839966
vt 0.57812702655792236 0.077540993690490723
vt 0.56009101867675781 0.077540993690490723
vt 0.56009101867675781 0.068430006504058838
vt 0.59208697080612183 0.077540993690490723
vt 0.57817798852920532 0.082315981388092041
vt 0.58966302871704102 0.082338988780975342
vt 0.6119920015335083 0.077540993690490723
vt 0.62572699785232544 0.077540993690490723
vt 0.61200201511383057 0.082319974899291992
vt 0.6236569881439209 0.08233797550201416
vt 0.64604997634887695 0.077540993690490723
vt 0.72614401578903198 0.077540993690490723
vt 0.65950500965118408 0.077540993690490723
vt 0.6460760235786438 0.082333981990814209
vt 0.65676301717758179 0.082336008548736572
vt 0.67962998151779175 0.077540993690490723
vt 0.69271200895309448 0.077540993690490723
vt 0.67963099479675293 0.082334995269775391
vt 0.69008797407150269 0.082333028316497803
vt 0.71286499500274658 0.077540993690490723
vt 0.71285200119018555 0.082334995269775391
vt 0.72307902574539185 0.082329988479614258
vt 0.59941202402114868 0.1525539755821228
vt 0.58825099468231201 0.14098900556564331
vt 0.59970200061798096 0.13994497060775757
vt 0.58822000026702881 0.12903100252151489
vt 0.59957098960876465 0.12712597846984863
vt 0.58829498291015625 0.11587697267532349
vt 0.59961497783660889 0.11483997106552124
vt 0.58828902244567871 0.10381197929382324
vt 0.59972602128982544 0.10256701707839966
vt 0.58837300539016724 0.09147799015045166
vt 0.64073401689529419 0.19451802968978882
vt 0.6233220100402832 0.20678800344467163
vt 0.76826697587966919 0.14804202318191528
vt 0.69453299045562744 0.18118202686309814
vt 0.6459689736366272 0.18101602792739868
vt 0.71341401338577271 0.21044802665710449
vt 0.66096597909927368 0.21044802665710449
vt 0.80071800947189331 0.21044802665710449
vt 0.64532899856567383 0.21044802665710449
vt 0.62232297658920288 0.21044802665710449
vt 0.64437800645828247 0.14309900999069214
vt 0.612559974193573 0.14309900999069214
vt 0.612559974193573 0.15765100717544556
vt 0.64437800645828247 0.15765100717544556
vt 0.71115100383758545 0.14444899559020996
vt 0.71672999858856201 0.1490439772605896
vt 0.71059602499008179 0.13474202156066895
vt 0.78558099269866943 0.10474997758865356
vt 0.75649601221084595 0.1490439772605896
vt 0.78557902574539185 0.12602299451828003
vt 0.67948800325393677 0.15765100717544556
vt 0.67948800325393677 0.14309900999069214
vt 0.62446898221969604 0.17688798904418945
vt 0.61886602640151978 0.17688798904418945
vt 0.61132901906967163 0.17688798904418945
vt 0.70054000616073608 0.17688798904418945
vt 0.68404901027679443 0.17688798904418945
vt 0.65529501438140869 0.17688798904418945
vt 0.58429300785064697 0.18747198581695557
vt 0.58429300785064697 0.17598402500152588
vt 0.5743979811668396 0.17598402500152588
vt 0.5743979811668396 0.18747198581695557
vt 0.60931897163391113 0.17949700355529785
vt 0.60931897163391113 0.17077499628067017
vt 0.60931897163391113 0.1896209716796875
vt 0.60931897163391113 0.16065102815628052
vt 0.66900700330734253 0.12445402145385742
vt 0.67502802610397339 0.12445402145385742
vt 0.67904198169708252 0.14017999172210693
vt 0.67904198169708252 0.12445402145385742
vt 0.64692801237106323 0.12445402145385742
vt 0.65294897556304932 0.12445402145385742
vt 0.66097801923751831 0.12445402145385742
vt 0.0024939998984336853 0.28310197591781616
vt 0.023330999538302422 0.28310197591781616
vt 0.023330999538302422 0.25839602947235107
vt 0.0024939998984336853 0.25839602947235107
vt 0.0024939998984336853 0.30780899524688721
vt 0.023330999538302422 0.30780899524688721
vt 0.0024939998984336853 0.3325120210647583
vt 0.023330999538302422 0.3325120210647583
vt 0.0024939998984336853 0.35721302032470703
vt 0.023330999538302422 0.35721302032470703
vt 0.0024939998984336853 0.3819119930267334
vt 0.023330999538302422 0.3819119930267334
vt 0.0024939998984336853 0.42512702941894531
vt 0.023330999538302422 0.42512702941894531
vt 0.0024939998984336853 0.48069202899932861
vt 0.023330999538302422 0.48069202899932861
vt 0.0024939998984336853 0.20898497104644775
vt 0.023330999538302422 0.20898497104644775
vt 0.023330999538302422 0.18428099155426025
vt 0.0024939998984336853 0.18428099155426025
vt 0.0024939998984336853 0.23369002342224121
vt 0.023330999538302422 0.23369002342224121
vt 0.84061300754547119 0.10992497205734253
vt 0.84631699323654175 0.08306199312210083
vt 0.83188199996948242 0.083962976932525635
vt 0.82871401309967041 0.10911500453948975
vt 0.81036198139190674 0.11410099267959595
vt 0.81279301643371582 0.091264009475708008
vt 0.79130899906158447 0.12030398845672607
vt 0.84147500991821289 0.069881021976470947
vt 0.85032498836517334 0.070912003517150879
vt 0.84084302186965942 0.15159600973129272
vt 0.83680099248886108 0.15134799480438232
vt 0.84763097763061523 0.18717098236083984
vt 0.84284800291061401 0.18691402673721313
vt 0.85131698846817017 0.20710098743438721
vt 0.84183299541473389 0.20653700828552246
vt 0.84095197916030884 0.22369301319122314
vt 0.58518999814987183 0.089950978755950928
vt 0.56577497720718384 0.095448970794677734
vt 0.82942301034927368 0.12725597620010376
vt 0.83272802829742432 0.14692598581314087
vt 0.78001999855041504 0.14665901660919189
vt 0.78080397844314575 0.16820299625396729
vt 0.79040801525115967 0.20636999607086182
vt 0.78612601757049561 0.1297919750213623
vt 0.82656997442245483 0.11840999126434326
vt 0.79257500171661377 0.12256097793579102
vt 0.83332502841949463 0.20342200994491577
vt 0.83461499214172363 0.17714202404022217
vt 0.82669901847839355 0.21657097339630127
vt 0.8184400200843811 0.22584998607635498
vt 0.80537998676300049 0.096737027168273926
vt 0.82157200574874878 0.1136469841003418
vt 0.78290200233459473 0.20617598295211792
vt 0.82871401309967041 0.10911500453948975
vt 0.81036198139190674 0.11410099267959595
vt 0.79130899906158447 0.12030398845672607
vt 0.83680099248886108 0.15134799480438232
vt 0.84284800291061401 0.18691402673721313
vt 0.84183299541473389 0.20653700828552246
vt 0.58518999814987183 0.089950978755950928
vt 0.66627800464630127 0.10647100210189819
vt 0.65889900922775269 0.11936599016189575
vt 0.67736899852752686 0.12137597799301147
vt 0.055165000259876251 0.90340500324964523
vt 0.015243999660015106 0.90340500324964523
vt 0.015243999660015106 0.91247300058603287
vt 0.055165000259876251 0.91247300058603287
vt 0.32212299108505249 0.87366899847984314
vt 0.23234300315380096 0.88393300026655197
vt 0.22742100059986115 0.88153000175952911
vt 0.053162999451160431 0.91247300058603287
vt 0.053162999451160431 0.90340500324964523
vt 0.051162000745534897 0.90340500324964523
vt 0.051162000745534897 0.91247300058603287
vt 0.017234999686479568 0.90340500324964523
vt 0.017234999686479568 0.91247300058603287
vt 0.055165000259876251 0.90340500324964523
vt 0.053162999451160431 0.90340500324964523
vt 0.015243000350892544 0.91247300058603287
vt 0.32070401310920715 0.88153000175952911
vt 0.32589998841285706 0.87550099939107895
vt 0.61149698495864868 0.40033501386642456
vt 0.75627100467681885 0.40033501386642456
vt 0.75627100467681885 0.39549398422241211
vt 0.61149698495864868 0.39549398422241211
vt 0.61149698495864868 0.40517598390579224
vt 0.75627100467681885 0.40517598390579224
vt 0.61149698495864868 0.41001600027084351
vt 0.75627100467681885 0.41001600027084351
vt 0.61149698495864868 0.41485697031021118
vt 0.75627100467681885 0.41485697031021118
vt 0.61149698495864868 0.42211800813674927
vt 0.75627100467681885 0.42211800813674927
vt 0.61149698495864868 0.43179899454116821
vt 0.75627100467681885 0.43179899454116821
vt 0.61149698495864868 0.43905997276306152
vt 0.75627100467681885 0.43905997276306152
vt 0.61149698495864868 0.38581401109695435
vt 0.75627100467681885 0.38581401109695435
vt 0.75627100467681885 0.38097298145294189
vt 0.61149698495864868 0.38097298145294189
vt 0.61149698495864868 0.39065402746200562
vt 0.75627100467681885 0.39065402746200562
vt 0.060109999030828476 0.96878699958324432
vt 0.055411998182535172 0.97974199987947941
vt 0.015915000811219215 0.97975599952042103
vt 0.011199000291526318 0.96877400018274784
vt 0.041742000728845596 0.97835199907422066
vt 0.045031998306512833 0.98506900016218424
vt 0.035693999379873276 0.97997199930250645
vt 0.035693999379873276 0.98671900015324354
vt 0.029645999893546104 0.97835100069642067
vt 0.026356000453233719 0.98506900016218424
vt 0.025218000635504723 0.96182699874043465
vt 0.060079999268054962 0.94427499920129776
vt 0.011245000176131725 0.94427400082349777
vt 0.029645999893546104 0.95739899948239326
vt 0.046169999986886978 0.96182699874043465
vt 0.04044099897146225 0.95963200181722641
vt 0.044038999825716019 0.97302900068461895
vt 0.045350000262260437 0.96812399849295616
vt 0.027049999684095383 0.9730409998446703
vt 0.025732999667525291 0.96813699975609779
vt 0.035535998642444611 0.95832100138068199
vt 0.027068000286817551 0.89304299652576447
vt 0.021376999095082283 0.899959996342659
vt 0.027068000286817551 0.899959996342659
vt 0.027068000286817551 0.85143700242042542
vt 0.027068000286817551 0.85837000608444214
vt 0.027068000286817551 0.86530500650405884
vt 0.021376999095082283 0.8722430020570755
vt 0.027068000286817551 0.8722430020570755
vt 0.027068000286817551 0.85837000608444214
vt 0.027068000286817551 0.85143700242042542
vt 0.027068000286817551 0.86530500650405884
vt 0.027068000286817551 0.8722430020570755
vt 0.027068000286817551 0.87918099761009216
vt 0.027068000286817551 0.88611400127410889
vt 0.016834000125527382 0.899959996342659
vt 0.016834000125527382 0.8722430020570755
vt 0.0017229999648407102 0.899959996342659
vt 0.0017229999648407102 0.8722430020570755
vt 0.83006501197814941 0.37838298082351685
vt 0.83006501197814941 0.39828002452850342
vt 0.3270060122013092 0.71078300476074219
vt 0.3270060122013092 0.7553820013999939
vt 0.42404401302337646 0.67755201458930969
vt 0.42405399680137634 0.69165301322937012
vt 0.13817000389099121 0.82815000414848328
vt 0.13817000389099121 0.84324899315834045
vt 0.1529420018196106 0.84502500295639038
vt 0.0068100001662969589 0.75224100053310394
vt 0.0068100001662969589 0.70772799849510193
vt 0.02628600038588047 0.72150599956512451
vt 0.026287000626325607 0.74514898657798767
vt 0.024807000532746315 0.77507999539375305
vt 0.041303999722003937 0.75950799882411957
vt 0.33031401038169861 0.75950799882411957
vt 0.38841399550437927 0.80378000438213348
vt 0.041303001344203949 0.70772698521614075
vt 0.38842698931694031 0.74674499034881592
vt 0.34528499841690063 0.74515101313591003
vt 0.3885749876499176 0.73956200480461121
vt 0.34528899192810059 0.72150701284408569
vt 0.0026620000135153532 0.78029599785804749
vt 0.0019769999198615551 0.78438800573348999
vt 0.02489900030195713 0.78401799499988556
vt 0.30385199189186096 0.83069799840450287
vt 0.1303739994764328 0.84325599670410156
vt 0.1303739994764328 0.82814399898052216
vt 0.012010999955236912 0.82813699543476105
vt 0.012010999955236912 0.84326200187206268
vt 0.45499300956726074 0.75426100194454193
vt 0.44407001137733459 0.71406900882720947
vt 0.51079297065734863 0.77176100015640259
vt 0.53046298027038574 0.78057999908924103
vt 0.56391799449920654 0.70061799883842468
vt 0.42406898736953735 0.70772799849510193
vt 0.3885749876499176 0.71217399835586548
vt 0.33032301068305969 0.70772799849510193
vt 0.0042799999937415123 0.82637499272823334
vt 0.0042799999937415123 0.84502500295639038
vt 0.42407301068305969 0.67164298892021179
vt 0.30595898628234863 0.95176900178194046
vt 0.321958988904953 0.99730199994519353
vt 0.321958988904953 0.95176900178194046
vt 0.30203500390052795 0.99627400003373623
vt 0.077500000596046448 0.95261599868535995
vt 0.077500000596046448 0.99627400003373623
vt 0.075323998928070068 0.95176700130105019
vt 0.092157997190952301 0.95176700130105019
vt 0.12461899966001511 0.95176700130105019
vt 0.15875299274921417 0.95176700130105019
vt 0.2561190128326416 0.71880599856376648
vt 0.25622600317001343 0.7513670027256012
vt 0.29958298802375793 0.71880599856376648
vt 0.15694400668144226 0.82284800708293915
vt 0.16162300109863281 0.82284800708293915
vt 0.4240419864654541 0.66257700324058533
vt 0.0068080001510679722 0.66257798671722412
vt 0.42405399680137634 0.69165301322937012
vt 0.42404401302337646 0.67755201458930969
vt 0.0068100001662969589 0.75224100053310394
vt 0.024807000532746315 0.77507999539375305
vt 0.38841399550437927 0.80378000438213348
vt 0.38842698931694031 0.74674499034881592
vt 0.34528499841690063 0.74515101313591003
vt 0.3885749876499176 0.73956200480461121
vt 0.3885749876499176 0.71217399835586548
vt 0.34528899192810059 0.72150701284408569
vt 0.0019769999198615551 0.78438800573348999
vt 0.0026620000135153532 0.78029599785804749
vt 0.02489900030195713 0.78401799499988556
vt 0.30385199189186096 0.83069799840450287
vt 0.45499300956726074 0.75426100194454193
vt 0.47673600912094116 0.75743800401687622
vt 0.42406898736953735 0.70772799849510193
vt 0.16512399911880493 0.84502500295639038
vt 0.42407301068305969 0.67164298892021179
vt 0.15694400668144226 0.84855200350284576
vt 0.16162300109863281 0.84855200350284576
vt 0.4240419864654541 0.66257700324058533
vt 0.032896000891923904 0.73381799459457397
vt 0.98438197374343872 0.69480600953102112
vt 0.9976230263710022 0.72247499227523804
vt 0.9976230263710022 0.69364398717880249
vt 0.98795098066329956 0.69364500045776367
vt 0.98795098066329956 0.72247499227523804
vt 0.91936099529266357 0.69364601373672485
vt 0.91936099529266357 0.72247600555419922
vt 0.92903399467468262 0.72247600555419922
vt 0.92903399467468262 0.69364500045776367
vt 0.9976239800453186 0.7359749972820282
vt 0.9976230263710022 0.72936499118804932
vt 0.98795098066329956 0.72936499118804932
vt 0.98795098066329956 0.7359749972820282
vt 0.91936099529266357 0.72936499118804932
vt 0.92903399467468262 0.72936499118804932
vt 0.92903298139572144 0.65182599425315857
vt 0.91936099529266357 0.62117400765419006
vt 0.98795002698898315 0.65182599425315857
vt 0.91936200857162476 0.7359749972820282
vt 0.92903399467468262 0.7359749972820282
vt 0.9314039945602417 0.68955200910568237
vt 0.98665201663970947 0.68955200910568237
vt 0.98665201663970947 0.6562730073928833
vt 0.9314039945602417 0.6562730073928833
vt 0.80301499366760254 0.65005099773406982
vt 0.99313002824783325 0.77688999474048615
vt 0.09137599915266037 0.91591899842023849
vt 0.067473001778125763 0.90193700045347214
vt 0.067473001778125763 0.91591899842023849
vt 0.10731100291013718 0.91591899842023849
vt 0.12324599921703339 0.91591899842023849
vt 0.13918100297451019 0.91591899842023849
vt 0.155116006731987 0.91591899842023849
vt 0.17104999721050262 0.91591899842023849
vt 0.18698599934577942 0.91591899842023849
vt 0.84171199798583984 0.49045801162719727
vt 0.85277801752090454 0.48710298538208008
vt 0.8138740062713623 0.44200402498245239
vt 0.81254702806472778 0.46254998445510864
vt 0.84171199798583984 0.49045801162719727
vt 0.85277801752090454 0.48710298538208008
vt 0.8138740062713623 0.44200402498245239
vt 0.81254702806472778 0.46254998445510864
vt 0.12628799676895142 0.71792000532150269
vt 0.10438799858093262 0.71792000532150269
vt 0.10438799858093262 0.73737099766731262
vt 0.14896999299526215 0.71792000532150269
vt 0.17218199372291565 0.71792000532150269
vt 0.19565199315547943 0.71792000532150269
vt 0.21295000612735748 0.71792000532150269
vt 0.22280600666999817 0.71792000532150269
vt 0.22915400564670563 0.71792000532150269
vt 0.23636800050735474 0.71792000532150269
vt 0.10438799858093262 0.74412700533866882
vt 0.18626099824905396 0.84592099487781525
vt 0.16885900497436523 0.84575000405311584
vt 0.19844600558280945 0.85834699869155884
vt 0.19827499985694885 0.87574899941682816
vt 0.18584899604320526 0.88793399930000305
vt 0.16844600439071655 0.88776399940252304
vt 0.15626199543476105 0.87533800303936005
vt 0.15643200278282166 0.85793499648571014
vt 0.10438799858093262 0.75192999839782715
vt 0.10438799858093262 0.71792000532150269
vt 0.40332800149917603 0.97914299927651882
vt 0.4816649854183197 0.98271800018846989
vt 0.42357701063156128 0.94963400065898895
vt 0.49018898606300354 0.93690899759531021
vt 0.46364301443099976 0.95142500102519989
vt 0.39883801341056824 0.93236400187015533
vt 0.43567299842834473 0.9123620018362999
vt 0.4365600049495697 0.93417800217866898
vt 0.44961100816726685 0.93348000198602676
vt 0.44943401217460632 0.91164600104093552
vt 0.4353410005569458 0.9519600011408329
vt 0.45094901323318481 0.95221000164747238
vt 0.32885301113128662 0.90099500119686127
vt 0.40094000101089478 0.90099500119686127
vt 0.45840001106262207 0.90099500119686127
vt 0.35245400667190552 0.95370899885892868
vt 0.36525401473045349 0.95370899885892868
vt 0.33955499529838562 0.95370899885892868
vt 0.32508200407028198 0.95370899885892868
vt 0.38159200549125671 0.95370899885892868
vt 0.3517490029335022 0.92940700054168701
vt 0.36443299055099487 0.92940700054168701
vt 0.3388420045375824 0.92940700054168701
vt 0.32435598969459534 0.92940700054168701
vt 0.38138100504875183 0.92940700054168701
vt 0.38045299053192139 0.90489699691534042
vt 0.36617499589920044 0.90489699691534042
vt 0.35353100299835205 0.90489699691534042
vt 0.34062600135803223 0.90489699691534042
vt 0.32613599300384521 0.90489699691534042
vt 0.54632598161697388 0.99188300035893917
vt 0.51727497577667236 0.99891900003422052
vt 0.50805097818374634 0.96023600175976753
vt 0.54601198434829712 0.95346299931406975
vt 0.38106200098991394 0.99309299979358912
vt 0.38102999329566956 0.97995699942111969
vt 0.54632598161697388 0.99188300035893917
vt 0.51727497577667236 0.99891900003422052
vt 0.50805097818374634 0.96023600175976753
vt 0.54601198434829712 0.95346299931406975
vt 0.54632598161697388 0.99188300035893917
vt 0.51727497577667236 0.99891900003422052
vt 0.50805097818374634 0.96023600175976753
vt 0.54601198434829712 0.95346299931406975
vt 0.40332800149917603 0.97914299927651882
vt 0.4816649854183197 0.98271800018846989
vt 0.42357701063156128 0.94963400065898895
vt 0.49018898606300354 0.93690899759531021
vt 0.46364301443099976 0.95142500102519989
vt 0.39883801341056824 0.93236400187015533
vt 0.45094901323318481 0.95221000164747238
vt 0.44943401217460632 0.91164600104093552
vt 0.43567299842834473 0.9123620018362999
vt 0.4353410005569458 0.9519600011408329
vt 0.32885301113128662 0.88624399900436401
vt 0.40094000101089478 0.88624399900436401
vt 0.45840001106262207 0.88624399900436401
vt 0.54632598161697388 0.99188300035893917
vt 0.51727497577667236 0.99891900003422052
vt 0.50805097818374634 0.96023600175976753
vt 0.54601198434829712 0.95346299931406975
vt 0.54632598161697388 0.99188300035893917
vt 0.51727497577667236 0.99891900003422052
vt 0.50805097818374634 0.96023600175976753
vt 0.54601198434829712 0.95346299931406975
vt 0.54632598161697388 0.99188300035893917
vt 0.51727497577667236 0.99891900003422052
vt 0.50805097818374634 0.96023600175976753
vt 0.54601198434829712 0.95346299931406975
vt 0.41743698716163635 0.14277797937393188
vt 0.42517000436782837 0.14277797937393188
vt 0.42517000436782837 0.18728697299957275
vt 0.41743698716163635 0.18728697299957275
vt 0.58429300785064697 0.18747198581695557
vt 0.58429300785064697 0.17598402500152588
vt 0.5743979811668396 0.17598402500152588
vt 0.5743979811668396 0.18747198581695557
vt 0.60931897163391113 0.17949700355529785
vt 0.60931897163391113 0.17077499628067017
vt 0.60931897163391113 0.1896209716796875
vt 0.60931897163391113 0.16065102815628052
vt 0.80179697275161743 0.76892000436782837
vt 0.770160973072052 0.76127299666404724
vt 0.77330201864242554 0.79124900698661804
vt 0.82102197408676147 0.80044400691986084
vt 0.72099101543426514 0.74305400252342224
vt 0.80049097537994385 0.74448901414871216
vt 0.81132900714874268 0.76408800482749939
vt 0.84422701597213745 0.80416600406169891
vt 0.82017797231674194 0.79414999485015869
vt 0.80752098560333252 0.74278700351715088
vt 0.84466898441314697 0.74297600984573364
vt 0.92329001426696777 0.77782399952411652
vt 0.88754099607467651 0.80629399418830872
vt 0.8610680103302002 0.80310699343681335
vt 0.94599699974060059 0.77313800156116486
vt 0.84567797183990479 0.76494200527667999
vt 0.85692000389099121 0.80708299577236176
vt 0.84656602144241333 0.7982490062713623
vt 0.84716600179672241 0.74012899398803711
vt 0.98627400398254395 0.87251600623130798
vt 0.98619997501373291 0.8933510035276413
vt 0.96973901987075806 0.99757299991324544
vt 0.95650398731231689 0.74094998836517334
vt 0.97259801626205444 0.76747800409793854
vt 0.60211300849914551 0.66276299953460693
vt 0.99041801691055298 0.90701500326395035
vt 0.99609601497650146 0.96385800093412399
vt 0.99660801887512207 0.94062700122594833
vt 0.99316197633743286 0.9246629998087883
vt 0.47578099370002747 0.79731999337673187
vt 0.99491900205612183 0.82051700353622437
vt 0.90024900436401367 0.75519099831581116
vt 0.93595999479293823 0.76393400132656097
vt 0.87985897064208984 0.74824899435043335
vt 0.85941201448440552 0.74063101410865784
vt 0.98098701238632202 0.97568099945783615
vt 0.88133698701858521 0.77875499427318573
vt 0.88417202234268188 0.79173800349235535
vt 0.90953701734542847 0.77120399475097656
vt 0.85974901914596558 0.78423500061035156
vt 0.80179697275161743 0.76892000436782837
vt 0.82102197408676147 0.80044400691986084
vt 0.77330201864242554 0.79124900698661804
vt 0.770160973072052 0.76127299666404724
vt 0.72099101543426514 0.74305400252342224
vt 0.80049097537994385 0.74448901414871216
vt 0.81132900714874268 0.76408800482749939
vt 0.82017797231674194 0.79414999485015869
vt 0.84422701597213745 0.80416600406169891
vt 0.80752098560333252 0.74278700351715088
vt 0.84466898441314697 0.74297600984573364
vt 0.92329001426696777 0.77782399952411652
vt 0.87430500984191895 0.80470000207424164
vt 0.94599699974060059 0.77313800156116486
vt 0.84567797183990479 0.76494200527667999
vt 0.84656602144241333 0.7982490062713623
vt 0.85692000389099121 0.80708299577236176
vt 0.84716600179672241 0.74012899398803711
vt 0.98619997501373291 0.8933510035276413
vt 0.58954697847366333 0.67315399646759033
vt 0.99178999662399292 0.91583900153636932
vt 0.99609601497650146 0.96385800093412399
vt 0.99660801887512207 0.94062700122594833
vt 0.90024900436401367 0.75519099831581116
vt 0.93595999479293823 0.76393400132656097
vt 0.87985897064208984 0.74824899435043335
vt 0.86906498670578003 0.74600601196289062
vt 0.98098701238632202 0.97568099945783615
vt 0.88417202234268188 0.79173800349235535
vt 0.88133698701858521 0.77875499427318573
vt 0.85974901914596558 0.78423500061035156
vt 0.64457899332046509 0.092706024646759033
vt 0.64462101459503174 0.099210023880004883
vt 0.64687800407409668 0.10119897127151489
vt 0.64679598808288574 0.090260028839111328
vt 0.61930900812149048 0.090461015701293945
vt 0.62156099081039429 0.092872977256774902
vt 0.61938697099685669 0.1013990044593811
vt 0.62161499261856079 0.099377989768981934
vt 0.62709897756576538 0.10514700412750244
vt 0.63922101259231567 0.10505998134613037
vt 0.62714999914169312 0.112263023853302
vt 0.63927298784255981 0.11217498779296875
vt 0.75848501920700073 0.12603402137756348
vt 0.75836700201034546 0.11926400661468506
vt 0.72837698459625244 0.11978697776794434
vt 0.71984398365020752 0.11993598937988281
vt 0.68958801031112671 0.1204649806022644
vt 0.68100398778915405 0.12061399221420288
vt 0.55797600746154785 0.10961902141571045
vt 0.55797600746154785 0.12101501226425171
vt 0.55797600746154785 0.14896601438522339
vt 0.55797600746154785 0.16036200523376465
vt 0.55797600746154785 0.16888302564620972
vt 0.55797600746154785 0.17574697732925415
vt 0.55797600746154785 0.10111898183822632
vt 0.55797600746154785 0.094281017780303955
vn 0.035475178 0.200924389 -0.978964198
vn -0.431109581 -0.901617086 -0.035087883
vn 0.923321617 -0.049726179 -0.380794563
vn 0.541664282 -0.839099979 0.050110185
vn 0.847843934 -0.096966283 -0.521304329
vn 0.981168308 -0.052637130 -0.185844244
vn 0.731168278 0.176114414 0.659072577
vn 0.941081738 0.012865613 0.337934370
vn 0.914082561 0.015270110 0.405240541
vn 0.536339961 0.600806849 0.592765195
vn 0.997678841 0.002630538 -0.068044188
vn 0.981251643 -0.176348348 -0.077759076
vn 0.952427278 0.302559405 0.036607184
vn 0.025530297 0.678239106 -0.734397658
vn 0.999326562 0.002050733 0.036636267
vn -0.036685343 0.035958440 0.998679717
vn 0.952971720 0.302097372 0.024126298
vn 0.692941956 -0.121941101 0.710606652
vn 0.935957861 -0.123610135 0.329702013
vn 0.917954506 -0.176906808 0.355054229
vn 0.967083451 -0.103023242 -0.232671033
vn 0.964591915 -0.033655373 -0.261590813
vn 0.639904376 0.342546335 0.687884000
vn 0.214375544 -0.018682364 0.976572627
vn 0.243953129 0.305399388 0.920444504
vn 0.913524038 0.294843374 0.280252060
vn 0.988052092 -0.129392938 -0.083728914
vn 0.974189598 0.175101898 -0.142456846
vn 0.999326599 0.002050697 0.036635268
vn 0.971520326 0.009242863 0.236775898
vn 0.975332423 0.008661754 0.220571165
vn 0.999326599 0.002050697 0.036635268
vn 0.999326562 0.002050733 0.036636267
vn 0.024563017 -0.779098965 -0.626419557
vn -0.999381749 -0.001553003 -0.035124192
vn -0.999326599 -0.002050697 -0.036635268
vn 0.022413925 -0.824632185 -0.565225066
vn 0.060636423 0.997637057 -0.032303657
vn 0.949339259 0.142419267 -0.280128050
vn 0.588811534 0.268428020 -0.762395813
vn 0.034107260 0.316232597 -0.948068373
vn 0.022140116 0.762349621 -0.646786572
vn 0.485687976 0.708772007 -0.511614535
vn -0.000730533 0.999351074 -0.036012453
vn -0.000729864 0.999351400 -0.036003428
vn -0.000730569 0.999351110 -0.036011454
vn 0.387277150 0.920670038 0.048816911
vn 0.998355235 0.022277100 0.052825716
vn 0.979525746 0.201281414 -0.003886455
vn 0.082639455 0.996342642 -0.021726955
vn 0.066092998 0.997251620 -0.033480174
vn -0.011926285 -0.926112934 0.377057818
vn -0.999326599 -0.002050697 -0.036635268
vn -0.999326600 -0.002049698 -0.036635304
vn 0.036367085 -0.187764083 -0.981540669
vn 0.189883639 0.333664655 -0.923369970
vn 0.009218282 0.952382210 -0.304767369
vn 0.999326562 0.002051733 0.036636231
vn -0.006278076 0.993263631 0.115706290
vn -0.999326599 -0.002050697 -0.036635268
vn 0.999326562 0.002051733 0.036636231
vn -0.000731010 0.999351542 -0.035999470
vn -0.000733604 0.999351140 -0.036010565
vn -0.000732531 0.999351070 -0.036012526
vn -0.000731569 0.999351108 -0.036011491
vn 0.051025971 0.998695137 -0.002091365
vn 0.035035390 -0.216330904 -0.975691274
vn 0.036685344 -0.035959440 -0.998679681
vn 0.999326598 0.002051697 0.036635232
vn 0.999326599 0.002050697 0.036635268
vn 0.030969370 -0.582582801 -0.812181124
vn -0.026678135 -0.644882198 0.763816227
vn -0.725992243 0.596020064 0.343067554
vn -0.000729680 0.999351220 -0.036008421
vn -0.036685342 0.035957441 0.998679753
vn -0.036685342 0.035957441 0.998679753
vn -0.000730569 0.999351110 -0.036011454
vn 0.586398709 0.809986657 -0.007626880
vn -0.205845253 0.228200923 0.951604997
vn -0.999326599 -0.002050697 -0.036635268
vn -0.999326599 -0.002050697 -0.036635268
vn -0.999326599 -0.002050697 -0.036635268
vn -0.999326599 -0.002050697 -0.036635268
vn 0.005638001 -0.995159280 -0.098113304
vn -0.997158037 0.006437683 -0.075062680
vn 0.036371088 -0.187762954 -0.981540736
vn -0.011923331 -0.926112448 0.377059105
vn -0.655528035 0.753954720 -0.042840110
vn -0.999522320 -0.000342333 -0.030903308
vn 0.035478182 0.200714583 -0.979007127
vn 0.941081421 0.012865645 0.337935251
vn -0.999326562 -0.002050733 -0.036636267
vn -0.036685344 0.035959440 0.998679681
vn -0.800958785 -0.038510089 -0.597479705
vn -0.571490831 -0.820563842 0.008556336
vn -0.917146342 -0.013217221 -0.398331385
vn -0.911586870 -0.045970623 -0.408529168
vn 0.004041005 0.854375675 0.519640142
vn -0.949631947 -0.214255354 -0.228678397
vn -0.888049528 -0.050040089 -0.457016439
vn -0.912699202 0.238405116 -0.331878243
vn -0.036685343 0.035958440 0.998679717
vn -0.999326599 -0.002050697 -0.036635268
vn -0.999326599 -0.002050697 -0.036635268
vn -0.953410215 0.298185912 -0.045761599
vn -0.005589679 0.936039429 0.351850739
vn 0.999326599 0.002050697 0.036635268
vn -0.999326599 -0.002050697 -0.036635268
vn 0.002926301 0.969590491 0.244715582
vn -0.484448752 0.275991493 0.830143423
vn -0.948765250 -0.238828334 0.206894968
vn -0.746782389 -0.019860968 0.664771845
vn -0.971389706 -0.025325202 -0.236136981
vn -0.915983425 -0.158542697 -0.368562855
vn -0.291444273 0.012067144 0.956511694
vn -0.689951064 0.339825335 0.639129307
vn -0.312844377 0.302225693 0.900437686
vn -0.925444339 0.284418687 0.250317369
vn -0.984469230 0.043291378 -0.170135807
vn -0.926394421 0.159691024 -0.341016355
vn -0.975620800 0.182313195 -0.122171819
vn -0.841857899 0.388952989 -0.374153513
vn -0.831117460 0.514583391 -0.210826236
vn -0.912717538 0.368729910 -0.176025422
vn -0.239504683 -0.041748368 -0.969997206
vn -0.950521344 0.005706462 0.310606842
vn -0.900349753 0.014464203 0.434926555
vn -0.943741506 0.173609574 -0.281445706
vn -0.767619856 0.622879636 -0.150932816
vn -0.276845225 0.943576068 -0.181716605
vn -0.800055491 0.217294235 -0.559190868
vn -0.923755854 0.153236594 -0.350989556
vn -0.750605147 0.395408218 -0.529381010
vn -0.895519591 0.075747829 -0.438528138
vn -0.960915728 0.185028746 -0.205925539
vn 0.035967358 0.142857440 -0.989089531
vn -0.584328469 0.262521987 -0.767881792
vn -0.616163611 0.586915594 -0.525235652
vn -0.000729680 0.999351220 -0.036008421
vn -0.674416493 0.711148220 -0.198571406
vn -0.974761278 0.205326017 -0.087645181
vn -0.000730569 0.999351110 -0.036011454
vn -0.714286682 0.698131077 -0.049066639
vn -0.707146103 0.705198999 -0.051368868
vn 0.033267125 0.370613889 -0.928191060
vn -0.895491317 0.442578876 0.047108803
vn -0.999326599 -0.002050697 -0.036635268
vn -0.998344021 -0.000921217 -0.057518401
vn 0.036685344 -0.035959440 -0.998679681
vn 0.035879624 -0.264040605 -0.963843977
vn -0.019833205 -0.809872832 0.586270108
vn -0.017739158 -0.847043755 0.531227069
vn 0.033156045 -0.478066549 -0.877697585
vn 0.999326599 0.002050697 0.036635268
vn 0.999326599 0.002050697 0.036635268
vn 0.009218282 0.952382210 -0.304767369
vn -0.999326599 -0.002050697 -0.036635268
vn -0.999326600 -0.002049698 -0.036635304
vn 0.999326599 0.002050697 0.036635268
vn -0.006280075 0.993263627 0.115706217
vn -0.000732715 0.999351250 -0.036007532
vn -0.000733457 0.999350996 -0.036014560
vn -0.000731716 0.999351252 -0.036007496
vn -0.000730606 0.999351146 -0.036010455
vn -0.000730680 0.999351218 -0.036008458
vn -0.953307180 -0.249234588 -0.170550698
vn -0.992716931 0.105995033 0.057255107
vn -0.861823984 -0.435679054 -0.259698251
vn 0.036687342 -0.035959436 -0.998679607
vn -0.999326599 -0.002050697 -0.036635268
vn -0.696123262 -0.707138479 0.123966031
vn 0.997970903 -0.047179786 0.042756817
vn -0.887214956 -0.443401608 -0.127454449
vn -0.853762148 -0.461121551 -0.241779051
vn 0.944932538 0.025315996 0.326284538
vn -0.587581942 0.807576697 -0.050668932
vn -0.000730093 0.999350643 -0.036024437
vn -0.996640039 0.002221428 0.081876115
vn 0.931713694 0.052700775 0.359349718
vn 0.936448752 0.048651835 0.347414356
vn 0.998874425 0.015247415 -0.044915472
vn -0.991753304 0.003890603 0.128102489
vn -0.123565853 0.834874930 -0.536391025
vn 0.000274943 0.997995659 -0.063281822
vn -0.008896470 0.982171361 0.187777183
vn -0.172926081 0.454028482 0.874045026
vn -0.688333322 -0.004667636 -0.725379522
vn 0.050021051 -0.973327156 0.223902081
vn -0.881657796 0.009799083 0.471787568
vn -0.949545380 0.017902521 0.313118302
vn 0.023645334 0.727323226 -0.685887617
vn -0.945257170 0.018389883 0.325807757
vn -0.188955064 0.878472827 -0.438841060
vn 0.016100411 0.536334970 -0.843851632
vn -0.966815998 0.012813389 0.255152197
vn -0.908879372 0.021877755 0.416484874
vn -0.986272804 -0.025441338 0.163152367
vn -0.927054442 0.015177672 0.374619406
vn -0.951550314 0.019786785 0.306855801
vn -0.933944567 -0.029107201 0.356230707
vn -0.004879174 -0.982158978 0.187989188
vn 0.013632984 -0.947753974 -0.318710756
vn -0.807946097 0.017108994 -0.589007969
vn -0.791812744 0.241724493 0.560893794
vn -0.814787135 0.014082278 0.579589177
vn -0.103924445 0.945120971 -0.309751611
vn 0.001770920 -0.980802914 0.194993610
vn -0.849540160 0.013303661 0.527356169
vn -0.765991935 0.033434944 0.641980109
vn -0.962451108 -0.018650007 -0.270813666
vn -0.969342385 0.018312359 -0.245030608
vn -0.038609773 0.872805334 0.486538934
vn 0.004029119 -0.998527767 -0.054093111
vn -0.981360152 -0.005427878 -0.192100991
vn -0.850054938 -0.019279749 -0.526341043
vn -0.845238785 0.008601550 -0.534319577
vn -0.972609963 -0.051037198 0.226770950
vn -0.041998424 -0.000443286 0.999117579
vn -0.237125476 -0.041819610 -0.970578502
vn -0.411270531 0.338798956 -0.846210268
vn -0.138017035 0.765121873 -0.628919563
vn -0.007361060 0.996262529 -0.086062693
vn -0.009977659 0.975983615 0.217615325
vn -0.178258144 0.337567581 0.924268447
vn -0.034781327 -0.265170634 0.963573969
vn 0.039790171 -0.969298412 0.242646513
vn -0.066943366 -0.980924302 0.182499589
vn 0.011119284 -0.968400377 -0.249152708
vn 0.023649272 0.727324680 -0.685885939
vn 0.019624838 0.813805314 -0.580806143
vn -0.177720342 0.868849345 -0.462078235
vn 0.034660691 0.274641308 -0.960921843
vn -0.006030354 -0.975699574 0.219029622
vn -0.016473225 -0.988234153 0.152058845
vn -0.078303985 0.974588957 0.209868651
vn -0.026378084 0.734287610 0.678325808
vn -0.030932624 -0.490026472 0.871158556
vn -0.023674039 -0.726840666 0.686397980
vn -0.005967131 -0.976080762 0.217326342
vn 0.017919007 -0.898629720 -0.438341803
vn -0.019127855 -0.822825471 0.567972155
vn -0.111447877 0.914465299 -0.389014895
vn -0.011678430 -0.956630495 0.291069940
vn 0.007187932 0.859039414 -0.511858984
vn -0.005221384 -0.980344855 0.197222471
vn -0.023452761 0.803513508 0.594824353
vn 0.004926343 -0.996891584 -0.078631421
vn -0.855911501 0.015099188 -0.516901845
vn -0.746244532 -0.051420262 0.663682948
vn -0.912801136 -0.122804561 0.389503693
vn -0.991103622 -0.101104173 0.086553782
vn 0.032569633 0.820940161 0.570084617
vn -0.065073839 0.032668608 0.997345556
vn -0.348070643 0.186625832 0.918704319
vn 0.063236279 0.419824454 0.905399691
vn -0.945730645 0.270393938 0.180223930
vn -0.846020585 0.201080023 0.493777271
vn -0.637271975 0.133996911 0.758900031
vn 0.563185020 -0.658222913 -0.499565042
vn 0.436225410 -0.899831357 -0.003304650
vn 0.005528815 0.978723645 -0.205108406
vn -0.011377692 0.966491957 0.256444625
vn 0.018060159 -0.896684914 -0.442300797
vn -0.020777097 0.854357869 0.519269626
vn -0.007125189 -0.983035847 0.183275083
vn 0.016039794 -0.892349833 -0.451059309
vn 0.696485997 0.598930223 0.395208608
vn 0.998103145 -0.036399145 -0.049650930
vn 0.999942982 0.010524344 -0.001808563
vn 0.983326205 -0.181805661 -0.004034401
vn 0.670511937 0.719260951 -0.181872006
vn 0.980069692 0.197015107 -0.025464602
vn 0.887696204 0.446221448 0.113498324
vn 0.999326601 0.002047699 0.036635376
vn 0.999870898 0.003169863 0.015752420
vn 0.999243914 -0.038386072 -0.006173291
vn 0.999326601 0.002047699 0.036635376
vn 0.998512573 -0.052836111 -0.013453142
vn 0.999326601 0.002047699 0.036635376
vn 0.999326565 0.002047735 0.036636375
vn 0.964244978 -0.245321125 -0.100245543
vn 0.985430958 0.110736144 0.129086536
vn 0.871834724 -0.454700900 -0.182074997
vn 0.896557020 -0.438101090 -0.065214605
vn 0.003635344 -0.999054530 -0.043322394
vn 0.024715716 -0.775566135 -0.630782294
vn -0.694273841 -0.635369304 -0.338067569
vn -0.733725369 0.645464334 0.212185948
vn -0.732796936 -0.629585958 0.258128209
vn -0.695179756 0.608380754 -0.382881138
vn -0.526743826 -0.515679757 -0.675733180
vn -0.724123171 0.423663730 0.544200953
vn -0.723534738 -0.384451686 0.573318745
vn -0.527458849 0.464942300 -0.711066678
vn -0.443360847 -0.621048712 -0.646320088
vn 0.022908153 -0.730978660 -0.682015700
vn 0.021874725 0.680030950 -0.732857015
vn -0.444231621 0.572275872 -0.689317484
vn -0.025127685 0.732482258 0.680322233
vn -0.024090130 -0.681651625 0.731280198
vn -0.489167320 -0.573669560 0.656976841
vn -0.490040301 0.618753081 0.614007433
vn -0.767559590 0.638929441 -0.051200051
vn -0.766622755 -0.642077978 -0.005041994
vn 0.315299211 0.948060566 -0.042042477
vn 0.219115578 0.975335012 -0.026645400
vn 0.247719039 -0.096788069 -0.963985139
vn 0.675519247 -0.237033398 -0.698204064
vn 0.479756649 -0.132035576 0.867410033
vn 0.200892276 -0.032878748 0.979061429
vn -0.174766032 0.037168059 -0.983908212
vn 0.293731423 -0.077314204 0.952756194
vn 0.358036187 0.933021193 -0.035798643
vn 0.296743431 0.954697167 -0.022285755
vn 0.924882087 -0.316495634 -0.210769159
vn 0.926537651 -0.310324503 0.212665663
vn 0.686652107 -0.215852337 0.694202169
vn 0.955780526 0.011288391 0.293864182
vn 0.955780526 0.011288391 0.293864182
vn 0.955780526 0.011288391 0.293864182
vn 0.955780526 0.011288391 0.293864182
vn 0.644827056 -0.274714775 0.713253013
vn 0.973920419 -0.125862292 0.188779504
vn 0.732171027 -0.323167124 0.599573679
vn 0.716488228 0.025646427 0.697127593
vn 0.158971599 0.987280150 -0.002436367
vn 0.864511603 -0.342850264 -0.367523313
vn 0.812821895 -0.036163833 -0.581388634
vn 0.423290955 -0.903910076 -0.061411254
vn 0.003521963 0.999099014 -0.042293679
vn 0.003356634 0.999257069 -0.038393276
vn 0.592702797 -0.793745775 0.136642009
vn 0.462251972 -0.840871293 0.281529011
vn 0.001230356 0.999359811 -0.035755492
vn 0.171780917 0.984756766 0.027302539
vn 0.144495282 0.013439030 0.989414224
vn 0.968989061 -0.008191102 -0.246967823
vn 0.977735571 -0.006841961 -0.209729210
vn 0.001336229 0.999602104 -0.028175311
vn 0.000729643 -0.999351184 0.036009420
vn 0.924463835 0.323356493 0.202007910
vn 0.885419804 0.306428238 0.349476045
vn 0.000731605 -0.999351144 0.036010492
vn 0.977919579 -0.006811888 -0.208870522
vn 0.337977048 -0.917705492 0.208777740
vn 0.901966368 0.016206535 0.431502051
vn 0.903963081 0.016058902 0.427308857
vn 0.833547337 -0.019284572 -0.552111350
vn 0.968989061 -0.008191102 -0.246967823
vn 0.833547791 -0.019283548 -0.552110700
vn 0.000730606 -0.999351146 0.036010455
vn 0.960999691 0.145732034 0.235035675
vn 0.895583511 0.385779811 -0.221594478
vn 0.908875800 -0.316003695 -0.272188253
vn 0.759653666 0.570613430 0.311972148
vn 0.764449589 -0.611726330 0.203488878
vn 0.968989061 -0.008191102 -0.246967823
vn 0.109523215 0.103169057 0.988615603
vn 0.170253457 -0.052142997 0.984019750
vn -0.555361063 -0.598917976 -0.576950039
vn -0.556201317 0.555033420 -0.618528898
vn -0.718955073 -0.611375726 0.330640779
vn -0.736979664 -0.642133536 0.211010657
vn -0.611261497 0.781101363 0.127436426
vn -0.610130840 -0.770792887 0.183353984
vn -0.737923872 0.654582228 0.164287752
vn -0.719861288 0.632539590 0.285820560
vn 0.026448728 -0.732241861 -0.680530912
vn 0.025419377 0.681402910 -0.731466971
vn -0.578608137 -0.462533865 0.671770085
vn 0.000727682 -0.999351224 0.036008348
vn -0.000727682 0.999351224 -0.036008348
vn -0.579315088 0.508839356 0.636770397
vn -0.624600188 -0.732904674 -0.269676369
vn -0.625461476 0.710523397 -0.322419671
vn -0.635422784 -0.699603421 0.326791890
vn -0.635446283 0.718956582 0.281619343
vn -0.662610291 -0.246654773 0.707183869
vn -0.787116046 -0.575325967 -0.222369876
vn 0.013641426 -0.947609331 -0.319140201
vn 0.012313079 0.921830932 -0.387396593
vn -0.014577162 -0.894072113 0.447685785
vn -0.016159056 0.920967450 0.389304303
vn -0.034079132 -0.318199459 0.947411060
vn 0.012313079 0.921830932 -0.387396593
vn -0.663460168 0.286233500 0.691296600
vn -0.788174535 0.556155476 -0.263575397
vn -0.034754176 0.373048438 0.927160725
vn 0.013641426 -0.947609331 -0.319140201
vn -0.708460946 -0.643059338 -0.290788198
vn -0.000727682 0.999351224 -0.036008348
vn -0.708983750 0.621467039 -0.333347810
vn 0.000727682 -0.999351224 0.036008348
vn -0.548413625 -0.809006251 -0.211545223
vn -0.000727682 0.999351224 -0.036008348
vn -0.549357587 0.790405099 -0.271046160
vn 0.000727682 -0.999351224 0.036008348
vn -0.565328405 -0.600009703 -0.566031934
vn -0.004281738 0.672727766 -0.739877705
vn -0.568886512 0.558546648 -0.603650378
vn -0.003282137 -0.721414889 -0.692495333
vn -0.999326601 -0.002047699 -0.036635376
vn -0.999326601 -0.002047699 -0.036635376
vn -0.937296462 0.011868470 0.348330994
vn -0.416318059 0.032436732 0.908640266
vn -0.036685342 0.035957441 0.998679753
vn -0.036685342 0.035957441 0.998679753
vn -0.416318059 0.032436732 0.908640266
vn -0.937296462 0.011868470 0.348330994
vn -0.555361063 -0.598917976 -0.576950039
vn -0.556201317 0.555033420 -0.618528898
vn -0.602472313 -0.564774307 0.563965508
vn -0.732385278 -0.628772518 0.261260265
vn -0.582365772 0.793570193 0.176341874
vn -0.581220213 -0.779667148 0.233028328
vn -0.733312692 0.644879017 0.215368404
vn -0.603322600 0.603022435 0.521886754
vn 0.026449195 -0.732229346 -0.680544360
vn 0.025419863 0.681389460 -0.731479483
vn -0.083136860 -0.658764121 0.747741998
vn 0.000727682 -0.999351224 0.036008348
vn -0.000727682 0.999351224 -0.036008348
vn -0.084133056 0.710748727 0.698396647
vn -0.799727046 0.461600629 -0.383876948
vn -0.641713010 0.703860236 -0.304606600
vn -0.773191500 -0.622639368 0.120395686
vn -0.590412961 -0.719646083 0.365406692
vn 0.823791596 0.464929473 -0.324357813
vn 0.565016763 -0.717275418 0.407764677
vn -0.757691453 -0.621795551 -0.198176574
vn -0.528816812 -0.731685793 -0.430103103
vn 0.561883076 -0.729448685 -0.390117963
vn -0.696198125 0.714675216 -0.067435200
vn -0.713172987 0.700146854 -0.034331816
vn 0.659403993 0.706530139 -0.256907641
vn 0.764842973 -0.619486633 0.176781044
vn 0.772709999 -0.618655834 -0.142071168
vn 0.696334743 0.717530134 -0.016383897
vn 0.710898980 0.703066925 0.017875681
vn -0.641767331 -0.738937110 -0.205199026
vn -0.642831097 0.721318069 -0.257814710
vn -0.640823960 -0.708308836 0.296046019
vn -0.641868974 0.726845695 0.244334926
vn -0.655173325 -0.275850301 0.703316803
vn -0.655611129 0.324799668 0.681673839
vn -0.586221374 -0.410510776 -0.698444990
vn -0.586781206 0.358326125 -0.726147509
vn 0.010742929 -0.971017296 -0.238767672
vn 0.009343165 0.951329745 -0.308033151
vn -0.013214749 -0.911356144 0.411406550
vn -0.014561788 0.938581547 0.344750105
vn -0.033548710 -0.353372207 0.934881044
vn -0.034111619 0.419690037 0.907026279
vn 0.032404991 -0.517614457 -0.855000111
vn 0.031696935 0.454784425 -0.890037320
vn -0.738473586 0.661982460 0.128202910
vn -0.737477003 -0.652160774 0.175539155
vn -0.555363710 -0.598877375 -0.576989635
vn -0.556213199 0.554942461 -0.618599824
vn -0.864294607 0.306028271 0.399176064
vn -0.863876794 -0.277759080 0.420198499
vn 0.026456676 -0.732028958 -0.680759612
vn 0.025481238 0.681129196 -0.731719704
vn -0.999991069 0.002398578 -0.003479847
vn 0.000728497 -0.999351042 0.036013378
vn 0.000727608 -0.999351152 0.036010345
vn -0.650270977 0.758678328 -0.039431602
vn -0.985921637 -0.006741800 -0.167072065
vn 0.969975992 0.009463596 0.243016492
vn 0.916925679 0.015036201 0.398774637
vn -0.335506910 0.265232986 0.903928414
vn 0.916926925 0.015037098 0.398771740
vn 0.964529304 0.010206716 0.263778400
vn -0.980300690 -0.007828878 -0.197355684
vn -0.327803999 -0.276052463 0.903515122
vn -0.999474795 -0.001154911 0.032385185
vn 0.023971281 -0.792352666 -0.609592184
vn -0.018114942 0.795122384 0.606178393
vn 0.111065073 0.828775233 0.548448869
vn -0.616809382 0.785654078 -0.047894207
vn -0.434954370 0.899310321 -0.045339207
vn -0.487140022 0.805764513 -0.336805804
vn 0.020470545 0.797406715 -0.603094925
vn -0.999733283 -0.001561199 -0.023041836
vn 0.414817234 0.909789020 -0.014512131
vn -0.118428660 0.813208004 0.569795924
vn -0.987438069 0.004968423 0.157928387
vn 0.260320228 0.271498562 0.926564574
vn -0.981468854 0.006183204 0.191521947
vn -0.977697891 0.006848308 0.209904585
vn 0.252979072 -0.283054754 0.925138690
vn 0.997543376 0.006494683 0.069749783
vn 0.999542852 0.002289380 0.030147053
vn 0.994210767 0.004813712 0.107339551
vn 0.994209223 0.004591432 0.107363587
vn 0.995527792 -0.002677620 -0.094431167
vn 0.947786852 -0.010794960 -0.318721748
vn 0.992143870 -0.003784150 -0.125044878
vn 0.947786549 -0.010794993 -0.318722646
vn 0.994416963 0.002934729 0.105481239
vn 0.994938404 -0.002872989 0.100445598
vn 0.994853907 -0.002086831 0.101298321
vn 0.998115169 0.002328013 0.061324462
vn 0.998604435 0.014780546 -0.050702239
vn 0.998476111 0.009278736 -0.054400000
vn 0.998734806 0.002536855 0.050223021
vn 0.978705903 0.008104026 0.205107484
vn 0.978705462 0.008103102 0.205109627
vn 0.066391300 0.035979190 0.997144770
vn 0.846256669 0.019803758 0.532407233
vn 0.058379780 -0.267102510 0.961898150
vn 0.807650402 -0.267755546 0.525364441
vn 0.883042857 -0.016254275 -0.469010780
vn 0.843266906 -0.302663769 -0.444179657
vn 0.139373117 -0.035556559 -0.989601367
vn 0.127997774 -0.335352047 -0.933357153
vn -0.557710201 -0.030296790 -0.829482631
vn -0.530459283 -0.336161308 -0.778208535
vn -0.939078969 -0.013063005 -0.343453123
vn -0.893345483 -0.319760431 -0.315732663
vn -0.961751902 0.009161056 0.273768795
vn -0.914918101 -0.298616607 0.271575018
vn -0.617068343 0.027886578 0.786415284
vn -0.586937544 -0.280797353 0.759379461
vn 0.800139474 -0.330261446 0.500703705
vn 0.066514225 0.031583493 0.997285486
vn 0.071973995 -0.321100144 0.944306328
vn 0.846325584 0.015619163 0.532436895
vn 0.833804802 -0.363253908 -0.415711619
vn 0.883103920 -0.020430917 -0.468732380
vn 0.140124862 -0.387913693 -0.910981882
vn 0.139494416 -0.039952669 -0.989416541
vn -0.522300214 -0.377577401 -0.764616108
vn -0.557702549 -0.034716603 -0.829314551
vn -0.879630780 -0.361427297 -0.309224837
vn -0.939067663 -0.017481898 -0.343287500
vn -0.900876304 -0.340607088 0.269088641
vn -0.961739811 0.004741766 0.273923441
vn -0.577917075 -0.323059306 0.749429476
vn -0.617058954 0.023467177 0.786566932
vn -0.882149832 0.466715590 0.063152443
vn -0.829058485 0.475102307 0.294855603
vn -0.562145076 0.488713449 0.667197180
vn -0.033152410 0.478269617 0.877587084
vn 0.483594175 0.462705966 0.742993851
vn 0.884001773 0.430860985 0.181382679
vn 0.710254813 0.403411967 -0.576885504
vn 0.105016548 0.402898867 -0.909199663
vn -0.312110019 0.434409770 -0.844911526
vn -0.803968347 0.450510001 -0.388169598
vn -0.968225688 -0.192972337 -0.159061919
vn -0.921443608 -0.174703324 0.347016463
vn -0.627724807 -0.159540094 0.761911101
vn -0.035894264 -0.152579776 0.987639111
vn 0.536005181 -0.157125343 0.829463726
vn 0.962484106 -0.172984451 0.209047185
vn 0.778391950 -0.202066942 -0.594369349
vn 0.124358838 -0.222156489 -0.967047762
vn -0.340364014 -0.219726272 -0.914260741
vn -0.755535948 -0.209451948 -0.620721606
vn -0.359240197 0.933234628 0.004428276
vn -0.292186209 0.939555772 0.178499776
vn -0.147024335 0.943886180 0.295740976
vn -0.013790599 0.946200119 0.323288036
vn 0.201716818 0.943442744 0.263108560
vn 0.364141181 0.930794064 0.031993922
vn 0.299294015 0.920547884 -0.251027259
vn 0.052346661 0.919843926 -0.388776258
vn -0.212895408 0.921474681 -0.324899919
vn -0.330216886 0.926616926 -0.179827364
vn 0.392937042 0.633753693 -0.666300786
vn 0.403400198 -0.032657139 -0.914440699
vn 0.999326598 0.002051697 0.036635232
vn 0.999326599 0.002050697 0.036635268
vn 0.368641171 0.929358297 -0.019920919
vn 0.999326599 0.002050697 0.036635268
vn 0.344728966 0.681011522 0.646053594
vn 0.999326599 0.002050697 0.036635268
vn 0.335227016 0.034169598 0.941517544
vn 0.999326599 0.002050697 0.036635268
vn 0.345689204 -0.632239122 0.693377723
vn 0.999326598 0.002051697 0.036635232
vn 0.370001439 -0.927841674 0.046997490
vn 0.999326562 0.002051733 0.036636231
vn 0.393894265 -0.679493820 -0.618979367
vn 0.999326598 0.002051697 0.036635232
vn 0.339782554 0.646988362 -0.682608142
vn 0.350467543 -0.033469658 -0.935976647
vn 0.314974841 0.948831064 -0.022593406
vn 0.290559757 0.695240450 0.657431171
vn 0.280855149 0.034766265 0.959120270
vn 0.291537111 -0.645692977 0.705752572
vn 0.316361683 -0.947535481 0.045736171
vn 0.340762897 -0.693942970 -0.634289998
vn 0.036688344 -0.035962432 -0.998679463
vn 0.025426017 0.681219192 -0.731637841
vn -0.999326599 -0.002050697 -0.036635268
vn -0.000727571 0.999351116 -0.036011344
vn -0.026454948 0.732075242 0.680709906
vn -0.036685343 0.035958440 0.998679717
vn -0.025422020 -0.681219183 0.731637988
vn 0.000733641 -0.999351176 0.036009566
vn 0.026460071 -0.732071844 -0.680713361
vn 0.999326598 0.002051697 0.036635232
vn -0.376263699 0.033088573 0.925921582
vn -0.603241445 0.028280089 0.797057084
vn -0.921201502 0.013340415 0.388857076
vn -0.992326496 -0.005173813 -0.123536867
vn -0.797558793 -0.022301708 -0.602828836
vn -0.614252601 -0.028861222 -0.788581494
vn -0.000727682 0.999351224 -0.036008348
vn -0.000727682 0.999351224 -0.036008348
vn -0.000727682 0.999351224 -0.036008348
vn -0.000727682 0.999351224 -0.036008348
vn -0.000726609 0.999351154 -0.036010309
vn -0.000727682 0.999351224 -0.036008348
vn -0.000727682 0.999351224 -0.036008348
vn -0.000727682 0.999351224 -0.036008348
vn -0.000726756 0.999351298 -0.036006314
vn -0.000727755 0.999351296 -0.036006351
vn -0.000727682 0.999351224 -0.036008348
vn -0.000727682 0.999351224 -0.036008348
vn -0.992326619 -0.005173777 -0.123535881
vn -0.797558292 -0.022301732 -0.602829497
vn -0.389085162 -0.033453908 -0.920594141
vn 0.123642033 -0.035642147 -0.991686586
vn 0.603241445 -0.028280089 -0.797057084
vn 0.921201502 -0.013340415 -0.388857076
vn 0.992326619 0.005173777 0.123535881
vn 0.797558793 0.022301708 0.602828836
vn 0.389085162 0.033453908 0.920594141
vn -0.123642033 0.035642147 0.991686586
vn -0.603240319 0.028280120 0.797057935
vn -0.921200989 0.013340459 0.388858291
vn -0.992326619 -0.005173777 -0.123535881
vn -0.797558793 -0.022301708 -0.602828836
vn -0.389084316 -0.033453921 -0.920594498
vn 0.123643020 -0.035642142 -0.991686463
vn 0.603240783 -0.028280107 -0.797057585
vn 0.921201502 -0.013340415 -0.388857076
vn 0.992326496 0.005173813 0.123536867
vn 0.797558793 0.022301708 0.602828836
vn 0.389085162 0.033453908 0.920594141
vn -0.123642033 0.035642147 0.991686586
vn -0.603240319 0.028280120 0.797057935
vn -0.921200989 0.013340459 0.388858291
vn -0.348167142 -0.034008593 -0.936815380
vn -0.909056334 -0.015664774 -0.416378669
vn -0.999326601 -0.002047699 -0.036635376
vn -0.999326601 -0.002047699 -0.036635376
vn 0.036685342 -0.035957441 -0.998679753
vn 0.036685342 -0.035957441 -0.998679753
vn -0.909055944 -0.015664805 -0.416379519
vn -0.348167142 -0.034008593 -0.936815380
vn 0.965464511 -0.256670036 0.044707619
vn -0.036686342 0.035958438 0.998679680
vn 0.500296324 -0.864438056 0.049501877
vn -0.036686342 0.035958438 0.998679680
vn -0.173704996 -0.984368840 0.029061326
vn -0.036685343 0.035958440 0.998679717
vn -0.706113631 -0.708098401 -0.000442197
vn -0.036684344 0.035959442 0.998679717
vn -0.965085986 -0.260632959 -0.026067231
vn -0.036693337 0.035957425 0.998679459
vn -0.965464800 0.256669127 -0.044706595
vn -0.036687342 0.035958436 0.998679643
vn -0.707145671 0.705199578 -0.051366870
vn -0.036686342 0.035958438 0.998679680
vn -0.259345684 0.964769703 -0.044263273
vn -0.036685343 0.035958440 0.998679717
vn 0.340250240 0.940092493 -0.021351313
vn -0.036685343 0.035958440 0.998679717
vn 0.865076089 0.501452963 0.013721763
vn -0.036682346 0.035960445 0.998679754
vn -0.580074354 -0.031863144 0.813940099
vn -0.833948024 -0.377844455 -0.402199280
vn -0.121174860 0.148776573 0.981418455
vn -0.320868353 0.925548121 -0.201007902
vn -0.943708335 -0.330412942 0.015552058
vn -0.579494347 -0.029725538 0.814433972
vn -0.834225444 -0.377261266 -0.402171412
vn -0.120496881 0.152859188 0.980874391
vn -0.943309422 -0.331798485 0.008780584
vn 0.000785992 -0.999353407 0.035946484
vn -0.692692690 0.025480663 0.720782612
vn -0.036685349 0.035967435 0.998679392
vn 0.000731754 -0.999355209 0.035897494
vn 0.000727682 -0.999351224 0.036008348
vn 0.000727682 -0.999351224 0.036008348
vn -0.040630982 0.839570781 0.541728739
vn -0.021031639 0.850114881 0.526177118
vn 0.000727682 -0.999351224 0.036008348
vn 0.000727682 -0.999351224 0.036008348
vn -0.009972653 0.878491182 0.477654467
vn -0.019603311 0.873799046 0.485891899
vn -0.016348509 0.872494602 0.488350177
vn -0.019794190 0.870784009 0.491267138
vn 0.000727682 -0.999351224 0.036008348
vn 0.000727682 -0.999351224 0.036008348
vn -0.047574559 0.850088068 0.524487310
vn -0.020176595 0.864606970 0.502043517
vn 0.000727682 -0.999351224 0.036008348
vn 0.000727682 -0.999351224 0.036008348
vn -0.003955286 0.884541932 0.466443915
vn -0.019386529 0.877169022 0.479790236
vn 0.000727682 -0.999351224 0.036008348
vn 0.000727682 -0.999351224 0.036008348
vn 0.000727682 -0.999351224 0.036008348
vn 0.000727682 -0.999351224 0.036008348
vn -0.040630982 0.839570781 0.541728739
vn -0.021031639 0.850114881 0.526177118
vn 0.000727682 -0.999351224 0.036008348
vn 0.000727682 -0.999351224 0.036008348
vn -0.009972653 0.878491182 0.477654467
vn -0.019603311 0.873799046 0.485891899
vn 0.000727682 -0.999351224 0.036008348
vn 0.000727682 -0.999351224 0.036008348
vn -0.047574559 0.850088068 0.524487310
vn -0.020176595 0.864606970 0.502043517
vn 0.000727682 -0.999351224 0.036008348
vn 0.000727682 -0.999351224 0.036008348
vn -0.003955286 0.884541932 0.466443915
vn -0.019386529 0.877169022 0.479790236
vn 0.000727682 -0.999351224 0.036008348
vn -0.016348509 0.872494602 0.488350177
vn -0.019794190 0.870784009 0.491267138
vn 0.000727682 -0.999351224 0.036008348
vn -0.997082955 0.002023143 0.076298672
vn -0.783920032 0.021786130 0.620479451
vn -0.864844310 0.017454700 0.501736637
vn -0.567381874 -0.030063857 -0.822905811
vn -0.830395850 -0.020666776 -0.556790460
vn -0.997082955 0.002023143 0.076298672
vn -0.784395838 0.021766133 0.619878540
vn 0.000846079 -0.999351443 0.035999688
vn -0.567382372 -0.030063845 -0.822905468
vn -0.830395850 -0.020666776 -0.556790460
vn 0.000674067 -0.999353637 0.035942381
vn 0.637946481 0.028207248 0.769563928
vn 0.000727682 -0.999351224 0.036008348
vn -0.021031639 0.850114881 0.526177118
vn 0.000727682 -0.999351224 0.036008348
vn -0.019603311 0.873799046 0.485891899
vn -0.019794190 0.870784009 0.491267138
vn 0.000727682 -0.999351224 0.036008348
vn -0.020176595 0.864606970 0.502043517
vn 0.000727682 -0.999351224 0.036008348
vn -0.019386529 0.877169022 0.479790236
vn 0.000727682 -0.999351224 0.036008348
vn 0.000727682 -0.999351224 0.036008348
vn -0.002580630 0.839648749 0.543123668
vn 0.000727682 -0.999351224 0.036008348
vn -0.028624084 0.878452963 0.476970704
vn 0.000727682 -0.999351224 0.036008348
vn 0.005563649 0.850196952 0.526435360
vn 0.000727682 -0.999351224 0.036008348
vn -0.033829159 0.884480718 0.465348737
vn 0.000727682 -0.999351224 0.036008348
vn -0.023024009 0.872480924 0.488105453
vn 0.981122432 -0.006250041 -0.193286599
vn 0.779479743 0.023123459 0.626000508
vn 0.825705799 0.020918796 0.563712993
vn 0.766396222 -0.022573282 -0.641971400
vn 0.780067281 0.023100534 0.625269064
vn 0.000610238 -0.999351926 0.035991042
vn 0.766396222 -0.022573282 -0.641971400
vn 0.981122432 -0.006250041 -0.193286599
vn 0.000729736 -0.999353236 0.035952422
vn 0.030713943 -0.592937975 -0.804662173
vn 0.036034611 -0.242999310 -0.969356922
vn 0.030406259 -0.605070395 -0.795591149
vn 0.033759243 -0.442485127 -0.896140182
vn -0.999326601 -0.002047699 -0.036635376
vn 0.023164207 -0.809533291 -0.586616800
vn 0.999326601 0.002047699 0.036635376
vn 0.999326601 0.002047699 0.036635376
vn 0.999326601 0.002047699 0.036635376
vn 0.999326601 0.002047699 0.036635376
vn 0.999326601 0.002047699 0.036635376
vn 0.999326601 0.002047699 0.036635376
vn -0.999326562 -0.002051733 -0.036636231
vn -0.001370735 -0.995661245 0.093041959
vn 0.999326601 0.002047699 0.036635376
vn -0.000731680 0.999355138 -0.035899492
vn -0.015946347 -0.874971528 0.483911705
vn -0.034282492 -0.303707809 0.952148243
vn 0.999326601 0.002047699 0.036635376
vn -0.016634029 0.915233238 0.402580959
vn 0.999326601 0.002047699 0.036635376
vn -0.034887711 0.362313075 0.931403287
vn 0.999326601 0.002047699 0.036635376
vn 0.999326601 0.002047699 0.036635376
vn 0.999326601 0.002047699 0.036635376
vn 0.999326601 0.002047699 0.036635376
vn 0.026455003 -0.732073778 -0.680711478
vn 0.025425906 0.681222277 -0.731634972
vn 0.000727682 -0.999351224 0.036008348
vn -0.000727682 0.999351224 -0.036008348
vn 0.999326601 0.002047699 0.036635376
vn 0.999326601 0.002047699 0.036635376
vn 0.999326601 0.002047699 0.036635376
vn 0.999326601 0.002047699 0.036635376
vn -0.791342179 0.609242040 -0.051006785
vn -0.866650249 -0.498723120 -0.013877876
vn 0.036686343 -0.035959438 -0.998679644
vn 0.126589510 0.991469118 -0.031049706
vn 0.036686343 -0.035959438 -0.998679644
vn 0.036686343 -0.035959438 -0.998679644
vn 0.964262431 0.263677333 0.025927366
vn 0.036686343 -0.035959438 -0.998679644
vn 0.383100630 -0.922495282 0.047290182
vn 0.036685344 -0.035959440 -0.998679681
vn -0.000727682 0.999351224 -0.036008348
vn -0.000727682 0.999351224 -0.036008348
vn -0.000727682 0.999351224 -0.036008348
vn -0.000727682 0.999351224 -0.036008348
vn -0.000727682 0.999351224 -0.036008348
vn -0.000727682 0.999351224 -0.036008348
vn -0.000727682 0.999351224 -0.036008348
vn -0.000727682 0.999351224 -0.036008348
vn -0.000727682 0.999351224 -0.036008348
vn -0.000727682 0.999351224 -0.036008348
vn 0.000727682 -0.999351224 0.036008348
vn 0.000727682 -0.999351224 0.036008348
vn 0.000727682 -0.999351224 0.036008348
vn 0.000727682 -0.999351224 0.036008348
vn 0.000727682 -0.999351224 0.036008348
vn 0.000727682 -0.999351224 0.036008348
vn 0.000727682 -0.999351224 0.036008348
vn 0.000727682 -0.999351224 0.036008348
vn 0.000727682 -0.999351224 0.036008348
vn 0.000727682 -0.999351224 0.036008348
vn 0.028396916 -0.675463485 -0.736846453
vn -0.007877843 0.987131869 0.159714161
vn -0.389414545 0.318309679 0.864312016
vn -0.001653535 0.999940460 -0.010786194
vn 0.027418667 -0.705147561 -0.708530263
vn -0.282271728 0.306168880 0.909166260
vn 0.018613437 -0.888713956 -0.458084102
vn 0.019857548 -0.869773242 -0.493051909
vn -0.010565347 0.972213651 0.233856772
vn -0.475060924 -0.846016969 0.242017368
vn 0.005143142 0.980767517 -0.195111831
vn -0.334242018 -0.913854784 0.230546538
vn 0.008385089 0.959276786 -0.282343298
vn -0.245493852 -0.953138411 0.176804801
vn 0.006447809 0.973104995 -0.230271783
vn 0.323778864 0.319770841 0.890457105
vn 0.213690072 0.307184993 0.927347795
vn 0.459523324 -0.844101932 0.276279286
vn 0.320201145 -0.912513779 0.254538465
vn -0.006411684 -0.973334862 0.229299228
vn 0.235787770 -0.952152227 0.194448615
vn -0.006775886 -0.970970897 0.239101660
vn -0.036463920 0.166468090 0.985372395
vn -0.009526681 -0.949722087 0.312949195
vn -0.009424960 -0.950616612 0.310224479
vn -0.036649478 0.103510102 0.993952954
vn 0.975777828 -0.090479689 -0.199175944
vn 0.958821062 -0.064359782 -0.276622468
vn 0.993547989 -0.007571610 -0.113159463
vn 0.983905367 -0.167590256 -0.061997865
vn 0.015551391 0.404488025 0.914411063
vn 0.867542455 -0.102452328 -0.486696629
vn 0.829258808 -0.096283930 -0.550508159
vn 0.036680279 -0.081579237 -0.995991659
vn 0.999969948 0.001005117 0.007687241
vn 0.953240678 0.011574343 0.301990470
vn -0.036684401 0.036037391 0.998676905
vn 0.810957400 0.021058802 0.584726108
vn -0.034568359 0.387252414 0.921325456
vn 0.036675825 -0.025593233 -0.998999435
vn -0.837437978 0.019070728 0.546199542
vn -0.038940841 0.042765479 0.998325961
vn -0.864340711 0.056449072 0.499728563
vn 0.797795275 0.028548171 0.602252191
vn -0.038634694 0.096396096 0.994592958
vn 0.826119170 0.056804180 0.560625011
vn -0.036386178 0.184060752 0.982241155
vn -0.999326599 -0.002050697 -0.036635268
vn 0.999326599 0.002050697 0.036635268
vn 0.999326599 0.002050697 0.036635268
vn -0.999326598 -0.002051697 -0.036635232
vn 0.999326598 0.002051697 0.036635232
vn -0.032613100 -0.407918070 0.912435879
vn 0.999326599 0.002050697 0.036635268
vn -0.032646567 -0.406041752 0.913271207
vn -0.032646567 -0.406041752 0.913271207
vn -0.999326599 -0.002050697 -0.036635268
vn 0.999326599 0.002050697 0.036635268
vn 0.999326599 0.002050697 0.036635268
vn -0.999326599 -0.002050697 -0.036635268
vn 0.999326599 0.002050697 0.036635268
vn -0.999326598 -0.002051697 -0.036635232
vn -0.999326598 -0.002051697 -0.036635232
vn -0.000727682 0.999351224 -0.036008348
vn -0.000731532 0.999351072 -0.036012489
vn 0.000727682 -0.999351224 0.036008348
vn 0.000727682 -0.999351224 0.036008348
vn -0.000727645 0.999351188 -0.036009347
vn 0.000727682 -0.999351224 0.036008348
vn -0.000727645 0.999351188 -0.036009347
vn 0.000727682 -0.999351224 0.036008348
vn -0.000724610 0.999351158 -0.036010235
vn 0.000727682 -0.999351224 0.036008348
vn -0.000727682 0.999351224 -0.036008348
vn 0.000727682 -0.999351224 0.036008348
vn -0.000727682 0.999351224 -0.036008348
vn 0.000727682 -0.999351224 0.036008348
vn -0.000727682 0.999351224 -0.036008348
vn 0.000727682 -0.999351224 0.036008348
vn -0.000727682 0.999351224 -0.036008348
vn 0.000727682 -0.999351224 0.036008348
vn -0.000727682 0.999351224 -0.036008348
vn 0.000727682 -0.999351224 0.036008348
vn 0.789144953 0.022694447 0.613787590
vn -0.000727682 0.999351224 -0.036008348
vn -0.000727682 0.999351224 -0.036008348
vn 0.971652247 0.009224458 0.236234670
vn 0.018975597 -0.883446175 -0.468148248
vn 0.018973754 -0.883443861 -0.468152691
vn 0.018974711 -0.883444495 -0.468151455
vn 0.018975571 -0.883446574 -0.468147496
vn -0.008808371 0.982643831 0.185293050
vn 0.000707929 0.997169505 -0.075182962
vn 0.000709855 0.997169659 -0.075180900
vn -0.008806485 0.982643251 0.185296212
vn -0.489865776 0.031030775 0.871245438
vn -0.832055293 0.019355490 0.554354899
vn -0.000727682 0.999351224 -0.036008348
vn -0.489864992 0.031033789 0.871245771
vn 0.424629110 0.032911584 0.904769002
vn -0.036685342 0.035957441 0.998679753
vn -0.036686342 0.035957439 0.998679716
vn 0.424627899 0.032911604 0.904769570
vn -0.986371267 0.005202278 0.164452607
vn -0.000727682 0.999351224 -0.036008348
vn -0.467886676 -0.032166019 -0.883202924
vn -0.000727682 0.999351224 -0.036008348
vn 0.036686342 -0.035957439 -0.998679716
vn 0.531432029 -0.030117247 -0.846565384
vn -0.000727682 0.999351224 -0.036008348
vn -0.467887877 -0.032165997 -0.883202289
vn -0.847100171 -0.019755043 -0.531065946
vn -0.999326599 -0.002050697 -0.036635268
vn 0.999326597 0.002053695 0.036635160
vn 0.847098249 0.019755152 0.531069007
vn -0.000727682 0.999351224 -0.036008348
vn 0.017708518 0.847484238 -0.530525093
vn 0.017709604 0.847482814 -0.530527332
vn 0.467889853 0.032165961 0.883201244
vn -0.000727682 0.999351224 -0.036008348
vn -0.531430854 0.030114276 0.846566227
vn -0.036685342 0.035957441 0.998679753
vn 0.999326710 0.002049590 0.036632308
vn 0.847098249 0.019755152 0.531069007
vn -0.000727682 0.999351224 -0.036008348
vn -0.883783747 0.016202442 0.467614980
vn -0.999326526 -0.002050769 -0.036637265
vn -0.000727682 0.999351224 -0.036008348
vn -0.883783747 0.016202442 0.467614980
vn 0.467888652 0.032165983 0.883201879
vn 0.036685342 -0.035957441 -0.998679753
vn 0.531428960 -0.030114320 -0.846567415
vn 0.883785840 -0.016206295 -0.467610890
vn 0.019491728 0.036017690 0.999161047
vn 0.019502766 0.036017690 0.999160832
vn 0.524166865 0.031049453 0.851049369
vn 0.524164514 0.031049503 0.851050816
vn 0.989688819 -0.004434854 -0.143165545
vn 0.932764063 -0.012300224 -0.360277543
vn 0.932763257 -0.012300300 -0.360279626
vn 0.989688679 -0.004434889 -0.143166516
vn 0.999326562 0.002050733 0.036636267
vn 0.999326562 0.002050733 0.036636267
vn 0.999326599 0.002050697 0.036635268
vn 0.999326599 0.002050697 0.036635268
vn 0.257941910 0.965829051 -0.025302460
vn 0.257938886 0.965829829 -0.025303600
vn 0.666818483 -0.564025834 -0.487060540
vn 0.803348270 -0.593332534 0.050872991
vn 0.257938703 0.965830009 -0.025298606
vn 0.106408732 -0.412254579 -0.904833324
vn 0.257956921 0.965825873 -0.025270753
vn -0.649298109 -0.205911890 -0.732128581
vn 0.257937208 0.965830144 -0.025308680
vn -0.987687513 -0.112265582 -0.108948686
vn 0.257936226 0.965830431 -0.025307725
vn -0.889490475 -0.131096862 0.437744570
vn 0.257939506 0.965830057 -0.025288565
vn -0.573269889 -0.206233672 0.792987583
vn 0.257936914 0.965830432 -0.025300690
vn -0.128819757 -0.321124769 0.938234701
vn 0.257927455 0.965832501 -0.025318135
vn 0.324778213 -0.444988968 0.834568111
vn 0.257938923 0.965829793 -0.025304599
vn 0.665972843 -0.544615515 0.509778494
vn 0.624638461 -0.615098104 -0.481124844
vn 0.772548831 -0.632890073 0.051170884
vn 0.068043452 -0.476410280 -0.876586182
vn -0.639206895 -0.283293335 -0.714954147
vn -0.977340887 -0.177693120 -0.115021503
vn -0.884674851 -0.180378781 0.429899876
vn -0.575108613 -0.253942940 0.777665138
vn -0.140006340 -0.366413009 0.919858539
vn 0.304045064 -0.487676983 0.818368963
vn 0.638055827 -0.585206977 0.500417381
vn 0.812378731 -0.230983712 -0.535431902
vn 0.965464690 -0.256669019 0.044709591
vn 0.204635529 -0.080205943 -0.975546671
vn -0.593174474 0.137637098 -0.793221327
vn -0.958702634 0.252611841 -0.130677150
vn -0.854457786 0.240261537 0.460625972
vn -0.514502219 0.159475105 0.842529025
vn -0.036685343 0.035958440 0.998679717
vn 0.450957507 -0.097191967 0.887237876
vn 0.817772129 -0.204301830 0.538060876
vn -0.865809131 0.497896927 -0.049731261
vn -0.865809520 0.497896153 -0.049732249
vn 0.000729680 -0.999351220 0.036008421
vn 0.000730680 -0.999351218 0.036008458
vn 0.865080512 0.501445293 0.013723203
vn 0.865080085 0.501446030 0.013723161
vn 0.012028971 -0.961546911 -0.274377188
vn 0.012031246 -0.961552634 -0.274357033
vn 0.036685341 -0.035955442 -0.998679825
vn 0.036685341 -0.035955442 -0.998679825
vn -0.029251208 -0.558318869 0.829110612
vn -0.029249542 -0.558306395 0.829119071
vn -0.030108591 0.616501332 0.786777974
vn -0.030108637 0.616499610 0.786779321
vn 0.010642402 0.939327321 -0.342857001
vn 0.010642591 0.939325473 -0.342862059
vn -0.995565548 0.002663235 0.094032693
vn -0.917770923 0.013631855 0.396876183
vn -0.661280878 -0.027492136 -0.749634433
vn -0.860720460 -0.018956969 -0.508724802
vn -0.995565641 0.002663200 0.094031708
vn -0.917770923 0.013631855 0.396876183
vn -0.661280878 -0.027492136 -0.749634433
vn -0.860720900 -0.018956942 -0.508724058
vn -0.000734677 0.999351210 -0.036008604
vn 0.947024258 -0.010873807 -0.320977904
vn 0.921875262 0.014627135 0.387210598
vn -0.000732605 0.999351142 -0.036010528
vn -0.999278887 -0.000479589 -0.037966769
vn 0.000730606 -0.999351146 0.036010455
vn -0.947804906 0.010790016 0.318668222
vn 0.999370035 0.003621833 0.035304611
vn 0.000727608 -0.999351152 0.036010345
vn 0.013928869 0.902508792 -0.430446125
vn -0.014067390 0.943559584 0.330903944
vn -0.032005687 -0.439623112 0.897611918
vn 0.026286406 0.656594648 -0.753785442
vn -0.036514354 -0.042784966 0.998416821
vn 0.036685344 -0.035959440 -0.998679681
vn -0.033909911 0.433006915 0.900752535
vn -0.028453531 0.673725918 0.738433331
vn 0.016568826 -0.916071007 -0.400673664
vn -0.000729570 0.999351112 -0.036011417
vn -0.014062964 -0.900773458 0.434061529
vn -0.999258638 -0.000997610 -0.038486084
vn -0.999284622 -0.002035292 -0.037763772
vn 0.999404111 0.002686122 0.034412328
vn 0.999366520 0.002065892 0.035528725
vn -0.999285452 -0.002036500 -0.037741730
vn -0.999243740 -0.001416261 -0.038857976
vn 0.999326783 0.002049518 0.036630311
vn -0.036684203 0.035766566 0.998686649
vn -0.036685344 0.035959440 0.998679681
vn 0.999326599 0.002050697 0.036635268
vn -0.036684340 0.035953446 0.998679933
vn 0.293286381 0.891593297 0.345028247
vn -0.000731569 0.999351108 -0.036011491
vn -0.033907987 -0.329857646 0.943421529
vn -0.000729570 0.999351112 -0.036011417
vn -0.028848021 0.660910103 0.749910413
vn -0.000733641 0.999351176 -0.036009566
vn -0.014062934 -0.900773849 0.434060718
vn -0.850690791 0.018307742 0.525347508
vn 0.016569825 -0.916071005 -0.400673627
vn -0.999326599 -0.002050697 -0.036635268
vn -0.999326599 -0.002050697 -0.036635268
vn -0.999326562 -0.002050733 -0.036636267
vn -0.999326599 -0.002050697 -0.036635268
vn -0.856752203 0.017945477 0.515415971
vn -0.000729570 0.999351112 -0.036011417
vn -0.999326599 -0.002050697 -0.036635268
vn 0.000731642 -0.999351180 0.036009493
vn -0.000734677 0.999351210 -0.036008604
vn -0.947804906 0.010790016 0.318668222
vn -0.920927255 -0.014707383 -0.389456908
vn -0.000732495 0.999351034 -0.036013525
vn -0.000729607 0.999351148 -0.036010419
vn 0.000727571 -0.999351116 0.036011344
vn -0.032003688 -0.439623108 0.897611991
vn -0.036514354 -0.042784966 0.998416821
vn -0.000729570 0.999351112 -0.036011417
vn 0.999389989 0.003103812 0.034785284
vn 0.999367266 0.002067135 0.035507680
vn -0.999326416 -0.002050877 -0.036640261
vn -0.036685204 0.035768563 0.998686540
vn -0.803528279 0.565742957 0.185141058
vn -0.321416307 0.890331451 0.322492581
vn -0.036688350 0.035970427 0.998679174
vn -0.000727682 0.999351224 -0.036008348
vn -0.722079764 -0.025440029 -0.691341897
vn -0.000731532 0.999351072 -0.036012489
vn -0.000732531 0.999351070 -0.036012526
vn -0.014713200 0.937071188 0.348828195
vn -0.014717550 0.937015621 0.348977248
vn 0.999326599 0.002050697 0.036635268
vn -0.000729643 0.999351184 -0.036009420
vn 0.999326599 0.002050697 0.036635268
vn -0.999326562 -0.002051733 -0.036636231
vn -0.999326599 -0.002050697 -0.036635268
vn -0.999326599 -0.002050697 -0.036635268
vn -0.999326525 -0.002051769 -0.036637229
vn 0.999326599 0.002050697 0.036635268
vn -0.999326599 -0.002050697 -0.036635268
vn -0.999326599 -0.002050697 -0.036635268
vn 0.999326599 0.002050697 0.036635268
vn 0.999326601 0.002047699 0.036635376
vn -0.999326562 -0.002050733 -0.036636267
vn -0.999326599 -0.002050697 -0.036635268
vn -0.999326599 -0.002050697 -0.036635268
vn 0.999326601 0.002047699 0.036635376
vn -0.999326599 -0.002050697 -0.036635268
vn 0.000729643 -0.999351184 0.036009420
vn 0.999596936 0.005218613 0.027905752
vn 0.000729533 -0.999351076 0.036012416
vn 0.000731239 -0.999350784 0.036020479
vn 0.999326638 0.002047663 0.036634377
vn 0.999803039 0.008911857 0.017733087
vn 0.999887019 0.015001544 0.000950028
vn 0.775024907 -0.271942623 -0.570424056
vn 0.034171316 -0.415654989 -0.908880219
vn 0.778783191 -0.627121537 -0.014673764
vn 0.005396353 -0.995789186 -0.091513801
vn 0.761625703 -0.426289203 0.488061271
vn -0.025424019 -0.681219187 0.731637915
vn 0.754552788 0.024182808 0.655793628
vn -0.036685345 0.035961438 0.998679608
vn 0.760973093 0.461425717 0.456077033
vn -0.026454966 0.732074754 0.680710430
vn 0.777133945 0.629307696 0.005886902
vn -0.000729607 0.999351148 -0.036010419
vn 0.793584166 0.380400268 -0.474889258
vn 0.028585243 0.582399698 -0.812399825
vn 0.909849401 -0.183386709 -0.372214162
vn 0.916175123 0.233246382 -0.325912979
vn 0.906561201 -0.421211806 -0.026970411
vn 0.904509358 -0.272403697 0.328114380
vn 0.899975241 0.016355970 0.435634076
vn 0.904091873 0.296635933 0.307611781
vn 0.914451280 0.404248034 0.019036366
vn -0.580074354 -0.031863144 0.813940099
vn -0.833945125 -0.377853404 -0.402196885
vn -0.320868440 0.925548300 -0.201006936
vn -0.121174847 0.148777554 0.981418308
vn -0.943704766 -0.330423063 0.015553575
vn -0.834222550 -0.377270217 -0.402169020
vn -0.579493622 -0.029726548 0.814434451
vn -0.120496868 0.152860168 0.980874240
vn -0.943305863 -0.331808513 0.008784095
vn -0.580075568 -0.031861196 0.813939310
vn -0.833945423 -0.377852555 -0.402197063
vn -0.320870313 0.925547873 -0.201005912
vn -0.121176815 0.148784511 0.981417011
vn -0.943705191 -0.330421993 0.015550495
vn -0.834222848 -0.377269369 -0.402169198
vn -0.579498354 -0.029727657 0.814431043
vn -0.120499777 0.152864050 0.980873277
vn -0.943306606 -0.331806375 0.008784980
vn 0.392937042 0.633753693 -0.666300786
vn 0.403401402 -0.032657119 -0.914440168
vn 0.999326598 0.002051697 0.036635232
vn 0.999326562 0.002050733 0.036636267
vn 0.368641135 0.929358333 -0.019919921
vn 0.999326599 0.002050697 0.036635268
vn 0.344727191 0.681011102 0.646054985
vn 0.999326599 0.002050697 0.036635268
vn 0.335229117 0.034168574 0.941516833
vn 0.999326598 0.002051697 0.036635232
vn 0.345687159 -0.632238086 0.693379687
vn 0.999326598 0.002051697 0.036635232
vn 0.370003545 -0.927840882 0.046996538
vn 0.999326598 0.002051697 0.036635232
vn 0.393895130 -0.679493563 -0.618979098
vn 0.999326598 0.002051697 0.036635232
vn 0.339781418 0.646989140 -0.682607970
vn 0.350468444 -0.033469646 -0.935976310
vn 0.314972758 0.948831753 -0.022593507
vn 0.290556827 0.695241645 0.657431202
vn 0.280856361 0.034766253 0.959119915
vn 0.291535956 -0.645692710 0.705753293
vn 0.316360799 -0.947535778 0.045736149
vn 0.340763800 -0.693942746 -0.634289758
vn 0.036688343 -0.035961432 -0.998679499
vn 0.025424019 0.681219187 -0.731637915
vn -0.999326562 -0.002050733 -0.036636267
vn -0.000730606 0.999351146 -0.036010455
vn -0.026456965 0.732074750 0.680710357
vn -0.036685343 0.035958440 0.998679717
vn -0.025420002 -0.681219704 0.731637573
vn 0.000728681 -0.999351222 0.036008385
vn 0.026460054 -0.732072303 -0.680712868
vn 0.999326598 0.002051697 0.036635232
vn -0.208107659 -0.282972238 0.936278759
vn -0.192059204 -0.675932455 0.711497420
vn 0.208251518 0.378326477 -0.901942561
vn 0.186710111 0.719781327 -0.668621101
vn -0.037600919 0.862217175 0.505141282
vn -0.570999704 -0.215807148 0.792077404
vn -0.665076452 -0.660517839 0.348409957
vn -0.373021399 0.172207472 -0.911701498
vn -0.228231870 0.698638743 -0.678095952
vn -0.439921213 0.816316113 0.374295779
vn -0.910545656 0.408041248 0.066399907
vn -0.203878163 -0.525580046 0.825953576
vn -0.842837552 -0.305261794 0.443215634
vn -0.546948058 0.432617924 -0.716721392
vn -0.160710643 -0.550379395 0.819301294
vn 0.181172843 0.535582830 -0.824819637
vn 0.174225690 0.522477029 -0.834663503
vn -0.915434032 0.200216087 -0.349133287
vn -0.976905252 0.052712141 -0.207068970
vn -0.971859538 0.003855266 -0.235529563
vn -0.979175433 0.038281168 -0.199374081
vn -0.971859293 0.003856228 -0.235530560
vn -0.985220496 -0.134464205 0.106112922
vn 0.203872091 0.525587413 -0.825950387
vn -0.133036930 -0.539069751 0.831688030
vn -0.588074045 0.089465015 -0.803843846
vn -0.935319431 -0.280047516 0.216219684
vn -0.015483893 -0.279179275 0.960114150
vn 0.940300185 0.131378938 0.313966777
vn 0.517174077 0.352026544 -0.780133505
vn -0.545997333 -0.029711934 -0.837259884
vn -0.901723957 -0.340123977 0.266851244
vn 0.016689666 -0.168469634 0.985565542
vn 0.901245176 0.227856068 0.368563082
vn 0.587658617 0.321947405 -0.742298605
vn -0.562192195 0.238019199 -0.792014392
vn -0.921735631 -0.243363684 0.301956194
vn 0.116938370 -0.342188491 0.932326367
vn 0.977584708 0.086361532 0.192015165
vn 0.532164200 0.390550701 -0.751180014
vn -0.356460749 -0.233441719 -0.904677124
vn -0.348337820 -0.250033825 -0.903406802
vn -0.407567042 -0.248669203 -0.878665314
vn -0.384255524 -0.225067516 -0.895372719
vn -0.398256137 -0.204750810 -0.894130390
vn -0.375318362 0.897102609 -0.233115928
vn -0.633081104 0.774014860 -0.010455201
vn -0.909778104 0.052459039 0.411766742
vn -0.513044882 -0.697734965 0.499950865
vn -0.201443579 -0.884378678 0.421063935
vn -0.410011567 -0.291720952 -0.864169776
vn -0.399872008 -0.317659760 -0.859764301
vn -0.482892466 -0.312889616 -0.817872212
vn -0.447247911 -0.279102582 -0.849747642
vn -0.468076846 -0.245391531 -0.848932896
vn -0.390550035 0.859728540 -0.329146635
vn -0.623063527 0.780170221 -0.055913041
vn -0.871704963 0.095810466 0.480573421
vn -0.465478013 -0.644973146 0.606085688
vn -0.162507625 -0.838762600 0.519681223
vn -0.485080192 -0.312784984 -0.816616655
vn -0.484630660 -0.312818903 -0.816870527
vn -0.482984150 -0.312940113 -0.817798751
vn -0.484646637 -0.312817395 -0.816861625
vn -0.485080192 -0.312784984 -0.816616655
vn -0.397990535 0.893694354 -0.207156790
vn -0.649853580 0.759952931 0.012722707
vn -0.871651448 0.095386741 0.480754743
vn -0.465469065 -0.644982547 0.606082556
vn -0.162500397 -0.838768001 0.519674765
vn -0.045241664 -0.617436292 -0.785318799
vn -0.976743139 -0.207064240 0.055652866
vn -0.211650139 -0.906450454 -0.365447389
vn 0.086074230 -0.648982698 -0.755918438
vn -0.954271638 0.133207355 -0.267621827
vn -0.526037133 0.695589923 -0.489325651
vn -0.975263414 0.178596083 -0.130248657
vn 0.258320852 0.013073442 -0.965970715
vn 0.596824059 -0.755625575 -0.269872253
vn -0.762180030 -0.091510491 0.640864597
vn 0.199650928 -0.973941481 0.107598787
vn 0.636590031 -0.701187837 -0.321074367
vn -0.772130352 0.365088667 0.520120164
vn -0.213845364 0.972207547 -0.095302917
vn -0.765648437 0.386165874 0.514449598
vn 0.738042661 0.169876070 -0.653020024
vn -0.461928096 0.869761367 0.173601843
vn -0.267186609 -0.462130337 0.845604439
vn 0.425661671 -0.900381040 -0.090145017
vn 0.423438794 0.231282437 -0.875904117
vn -0.382355461 0.920389702 -0.081774677
vn -0.419018260 -0.230004670 0.878362994
vn 0.477796639 -0.838367032 -0.262394914
vn 0.324613352 0.389794127 -0.861792730
vn -0.013341097 -0.667228237 -0.744733842
vn -0.961368498 0.062107520 -0.268166493
vn -0.963196377 -0.257848629 0.075939612
vn -0.161377979 -0.938145543 -0.306333297
vn 0.119675168 -0.689413422 -0.714413737
vn -0.984341981 0.114798714 -0.133761430
vn 0.253245787 -0.033244258 -0.966830590
vn -0.566622733 0.632646888 -0.527917222
vn -0.789474285 0.353025388 0.502099022
vn -0.753157198 -0.093790149 0.651120298
vn 0.254994607 -0.952435215 0.166867945
vn 0.637607561 -0.736298135 -0.226542831
vn -0.784230687 0.374039130 0.495052480
vn 0.674019287 -0.683033040 -0.281360742
vn 0.724564969 0.169743655 -0.667976569
vn -0.269027502 0.950677118 -0.154393073
vn -0.114777178 -0.707971438 -0.696851952
vn -0.958991808 0.150309983 -0.240294863
vn -0.981574875 -0.144828112 0.124641819
vn -0.273556968 -0.932335671 -0.236467298
vn 0.016180075 -0.742684956 -0.669445488
vn -0.970788158 0.213701764 -0.109095871
vn 0.209499516 -0.122726032 -0.970076427
vn -0.515743405 0.656120346 -0.550921802
vn -0.726235962 0.469210071 0.502417394
vn -0.732359506 0.031583913 0.680185276
vn 0.157363144 -0.962082510 0.222787085
vn 0.545059622 -0.815005470 -0.196662382
vn -0.719042868 0.489018789 0.493799532
vn 0.584788108 -0.769691459 -0.256120921
vn 0.711456826 0.045853218 -0.701232249
vn -0.170984667 0.962685179 -0.209765319
vn 0.138178407 -0.235540481 0.961991377
vn 0.142213514 -0.675247277 0.723751637
vn -0.171619793 0.382125066 -0.908034735
vn -0.218167042 0.762795986 -0.608724425
vn -0.090691024 0.945208829 0.313616658
vn 0.507443659 -0.209144327 0.835918407
vn 0.640479055 -0.657841947 0.396270807
vn 0.438069089 0.173869390 -0.881966501
vn 0.240297848 0.719757768 -0.651310755
vn 0.370739095 0.835850232 0.404854186
vn 0.901561700 0.411754378 0.132833858
vn 0.145003755 -0.524864393 0.838743871
vn 0.809364768 -0.301875386 0.503785593
vn 0.596180865 0.434961972 -0.674815870
vn 0.069903765 -0.539770714 0.838904667
vn -0.107134577 0.529122046 -0.841755334
vn -0.107855044 0.528907745 -0.841798008
vn 0.937114704 0.196990082 -0.288116190
vn 0.989055457 0.050748971 -0.138541849
vn 0.990778830 0.041891458 -0.128850365
vn 0.974700376 -0.142554191 0.172155395
vn -0.144996914 0.524872553 -0.838739946
vn 0.073987534 -0.538643696 0.839278746
vn 0.905746085 -0.020313628 -0.423333658
vn 0.057676369 -0.317772335 0.946411211
vn -0.695870373 0.326701317 -0.639555059
vn 0.901623997 -0.113621000 -0.417330128
vn -0.019231665 -0.221224153 0.975033342
vn -0.775384518 0.308361267 -0.551082733
vn 0.895956802 0.079752872 -0.436922061
vn -0.002960501 -0.362414953 0.932012144
vn -0.644430548 0.358617417 -0.675353846
vn 0.490178819 0.866051737 -0.098382489
vn 0.847530496 0.430834483 0.309957587
vn 0.564443232 -0.612381831 0.553527172
vn 0.173573897 -0.883726314 0.434626165
vn 0.540906156 0.833199138 -0.114890060
vn 0.860026748 0.435364284 0.266105116
vn 0.574624890 -0.610391742 0.545186351
vn 0.173689703 -0.883610000 0.434816345
vn 0.488594606 0.853882307 -0.179332977
vn 0.821648391 0.454089109 0.344524314
vn 0.494733030 -0.573157724 0.653245323
vn 0.127349067 -0.838302328 0.530123969
vn 0.562047635 0.804016964 -0.194059729
vn 0.835219141 0.476638881 0.274270603
vn 0.513945867 -0.559472843 0.650269008
vn 0.127451004 -0.838168451 0.530311124
vn 0.527761693 0.847587210 -0.055349041
vn 0.824164693 0.402513211 0.398416458
vn 0.477597318 -0.590795495 0.650278007
vn 0.127351910 -0.838300790 0.530125718
vn 0.538442339 0.840785664 -0.056207785
vn 0.812345857 0.456928797 0.362367608
vn 0.498777393 -0.563195830 0.658810724
vn 0.127444290 -0.838173881 0.530304155
vn 0.959712383 -0.255727086 0.116429377
vn 0.282852435 -0.903952707 -0.320724186
vn -0.003542203 -0.594828627 -0.803844734
vn 0.966525650 0.214860332 -0.140225551
vn 0.588818711 0.695982578 -0.410975397
vn -0.208622012 -0.038776309 -0.977227330
vn 0.696558510 -0.158159210 0.699851346
vn -0.155775207 -0.978198783 0.137336177
vn -0.631181688 -0.666233263 -0.397168625
vn 0.711682339 0.453389472 0.536606220
vn 0.254541355 0.966147602 -0.042041771
vn -0.704168739 0.107213205 -0.701891527
vn 0.978449311 0.147103635 -0.144905028
vn 0.941771536 -0.306325088 0.138677016
vn 0.228416805 -0.936729848 -0.265260164
vn -0.036461812 -0.639641062 -0.767808471
vn -0.206406131 -0.083277360 -0.974916094
vn 0.632041668 0.633585972 -0.446197429
vn 0.735763864 0.439975909 0.514852150
vn 0.682571074 -0.158905489 0.713334265
vn -0.215889781 -0.957176123 0.192887202
vn -0.669031869 -0.648775935 -0.362610181
vn -0.693272379 0.108476177 -0.712464966
vn 0.313328868 0.944750739 -0.096286357
vn 0.963272947 0.238401067 -0.123572494
vn 0.961835782 -0.194866711 0.192090846
vn 0.333693476 -0.924115598 -0.186169345
vn 0.060256198 -0.693325836 -0.718100603
vn -0.157304428 -0.174220852 -0.972060909
vn 0.581278654 0.662903263 -0.471883874
vn 0.665451343 0.550680322 0.503910403
vn 0.665937679 -0.034678451 0.745200921
vn -0.124294642 -0.958261095 0.257461678
vn -0.583875245 -0.739847302 -0.334238940
vn -0.671435750 -0.016375152 -0.740881831
vn 0.218509932 0.963112547 -0.157059323
vn -0.444229772 0.572277077 -0.689317674
vn 0.021880721 0.680030977 -0.732856811
vn 0.022902138 -0.730979116 -0.682015414
vn -0.443362697 -0.621047498 -0.646319985
vn -0.024097975 -0.681655781 0.731276065
vn -0.025119834 0.732478422 0.680326653
vn -0.490035586 0.618752463 0.614011819
vn -0.489171251 -0.573670768 0.656972858
vn -0.766626823 -0.642073110 -0.005043320
vn -0.767555529 0.638934397 -0.051199079
vn 0.026455003 -0.732073778 -0.680711478
vn 0.025425906 0.681222277 -0.731634972
vn -0.000727682 0.999351224 -0.036008348
vn 0.000727682 -0.999351224 0.036008348
vn 0.999326601 0.002047699 0.036635376
vn 0.999326601 0.002047699 0.036635376
vn 0.999326601 0.002047699 0.036635376
vn 0.999326601 0.002047699 0.036635376
vn -0.620460219 -0.463273831 0.632776797
vn -0.542565564 -0.151958913 0.826154403
vn -0.033321347 -0.367406079 0.929463534
vn -0.336267141 0.081988180 0.938190998
vn -0.041156023 0.123982229 0.991430577
vn -0.556265971 -0.393792123 0.731775876
vn -0.045368214 -0.479977225 0.876107065
vn -0.534409517 -0.354166379 0.767445532
vn -0.024862235 -0.414888672 0.909532440
vn -0.472370050 -0.473732540 0.743265778
vn -0.030237106 -0.519652680 0.853842380
vn -0.423718100 -0.560160641 0.711816710
vn -0.028062250 -0.600618707 0.799042977
vn -0.718117042 -0.438626022 0.540291705
vn -0.931053782 -0.364875421 0.002186844
vn -0.995922753 0.040600908 -0.080557034
vn -0.965168325 0.126227466 0.229165293
vn -0.752075411 -0.247067919 0.611015564
vn -0.847204376 -0.201065916 0.491749165
vn -0.859682801 -0.245408420 0.448018067
vn -0.860086632 -0.312760313 0.403028500
vn -0.940497061 -0.224447313 0.255124836
vn -0.972326008 0.094827590 -0.213517826
vn -0.917877335 -0.206658946 0.338811568
vn -0.941392840 0.322247413 0.099680118
vn -0.886978129 -0.312789444 -0.339753679
vn -0.907270008 -0.378783345 -0.182713741
vn -0.965960020 -0.258448868 -0.011199199
vn -0.301874027 0.478595571 -0.824510977
vn -0.692294104 0.408166140 -0.595087621
vn -0.968426202 -0.069154961 0.239516770
vn -0.874428494 0.137725166 -0.465195215
vn -0.791019653 0.021629224 0.611408281
vn -0.976382035 0.174598968 0.127252981
vn -0.994147636 0.038573041 -0.100908860
vn -0.883392421 0.425695034 -0.195963183
vn -0.981474286 0.066913780 0.179529306
vn -0.956228766 0.168035966 -0.239563064
vn -0.993203877 0.091298199 -0.072185164
vn -0.892469579 -0.213629366 0.397316682
vn -0.925982481 0.334785388 0.174571446
vn -0.967782465 -0.000843374 0.251786397
vn -0.948955998 0.116874143 0.292955540
vn -0.875013757 0.185632608 -0.447092229
vn -0.819170228 0.572479744 -0.035029702
vn -0.513010214 0.665850329 0.541723047
vn -0.035774754 -0.167663548 0.985194956
vn -0.730958829 0.652745773 0.199053123
vn -0.754555711 0.656228516 0.003132708
vn -0.000727682 0.999351224 -0.036008348
vn -0.738151720 0.663552925 0.121776656
vn -0.673917706 0.097506357 -0.732343796
vn -0.916787934 0.342856374 0.204815505
vn -0.934439098 0.240292605 -0.262836519
vn -0.941346386 -0.007172670 0.337365579
vn -0.848952405 0.268242467 -0.455330422
vn -0.739329048 0.155522472 -0.655137634
vn -0.540695985 0.140965391 -0.829322983
vn -0.902607918 -0.416342451 -0.109352229
vn -0.761317724 0.139566797 -0.633179621
vn -0.517654667 0.348062470 -0.781592069
vn -0.710525142 -0.271247937 -0.649290827
vn -0.418476838 0.399673800 -0.815559924
vn 0.063225389 0.599093361 -0.798178987
vn -0.425179070 0.685331343 -0.591222216
vn -0.468202197 -0.045504749 -0.882448877
vn 0.222956636 0.790216221 -0.570831553
vn -0.385572301 0.052523269 -0.921181473
vn -0.157977997 -0.126059028 -0.979363096
vn 0.995303189 0.064215418 -0.072442676
vn 0.998925536 0.001390779 -0.046323214
vn -0.666788349 -0.084814004 -0.740405215
vn -0.525649219 -0.068360159 -0.847950345
vn -0.554676286 -0.084113042 -0.827803850
vn -0.721846142 -0.051481329 -0.690136088
vn -0.887158916 0.042284190 -0.459522692
vn 0.036692471 -0.053590393 -0.997888637
vn 0.034144393 0.313688670 -0.948911787
vn -0.673286514 -0.395473999 -0.624728410
vn -0.014051465 -0.900971939 0.433649768
vn -0.418753547 0.434732579 -0.797278528
vn -0.574694224 0.611202179 -0.544204414
vn -0.768219728 0.496615994 -0.403993817
vn -0.634504412 -0.598528986 -0.489047242
vn 0.050752193 -0.590248151 -0.805624811
vn 0.107731131 -0.498073932 -0.860416389
vn -0.036524522 -0.039930932 0.998534666
vn -0.861537043 -0.147386617 0.485830329
vn -0.792376430 -0.256834776 0.553331267
vn -0.744281350 -0.189384782 0.640451931
vn -0.754081036 -0.436232094 -0.490982028
vn -0.833173704 -0.053871878 0.550381140
vn -0.036619038 0.118831352 0.992238961
vn -0.658947211 -0.598605562 0.455477721
vn -0.730922051 -0.675355370 0.098224642
vn -0.440172523 -0.653382857 -0.615905019
vn -0.794988216 -0.501111944 -0.341877985
vn -0.034882307 -0.256719952 0.965856144
vn -0.933924019 -0.353389620 -0.053867461
vn -0.661263292 -0.255947217 -0.705139618
vn -0.899579261 -0.236397930 0.367250829
vn 0.013520385 -0.231589402 0.972719666
vn -0.809854046 -0.430728357 0.398258089
vn -0.637905739 -0.063559505 0.767487105
vn -0.036389736 0.183319371 0.982379659
vn -0.764757441 -0.131397421 0.630777913
vn -0.695609159 -0.188463242 0.693260056
vn -0.788233633 -0.595333807 -0.155773550
vn -0.904998806 -0.385056073 0.180856246
vn -0.002001094 0.999287778 -0.037681992
vn -0.299410552 0.181142257 0.936771479
vn -0.789214556 -0.202919610 0.579624030
vn -0.658750567 -0.603814140 0.448838696
vn -0.878746528 -0.311344165 0.361758692
vn -0.845723324 -0.222030813 0.485236415
vn -0.838522452 -0.014738322 -0.544667678
vn 0.034346949 0.299050702 -0.953618878
vn -0.000725756 0.999351300 -0.036006277
vn -0.976110435 -0.139425256 0.166640379
vn -0.865037290 0.452849144 -0.215958652
vn -0.415697285 0.670724440 0.614267444
vn -0.745177618 0.583789652 0.322335166
vn -0.898267286 0.432210137 -0.079437275
vn -0.833467711 0.532386361 0.147974111
vn -0.841932065 -0.025953521 -0.538959008
vn -0.532503224 -0.046945514 -0.845125100
vn -0.985941106 0.109681611 -0.126055856
vn -0.936700504 -0.129923431 0.325133924
vn -0.885251882 -0.393687246 0.247668041
vn -0.722553876 -0.477216897 0.500179898
vn -0.883108652 -0.276412093 0.379098224
vn -0.770802376 -0.416919174 0.481707483
vn -0.938989914 -0.109507961 0.326045930
vn -0.882325820 -0.349487596 0.315213527
vn -0.723714421 -0.463061414 0.511675252
vn -0.898292014 -0.247295901 0.363202691
vn -0.817592134 -0.290729946 0.497010262
vn -0.591831883 0.524947785 0.611690154
vn -0.808395312 0.462884163 0.363641679
vn -0.879698304 0.469648417 -0.074573852
vn -0.846139479 0.508894008 0.158350468
vn -0.828969769 -0.017143118 -0.559030621
vn -0.543607259 -0.011912492 -0.839255170
vn -0.982378046 0.142439063 -0.121014409
vn -0.694256166 0.683848061 0.224410793
vn -0.326024320 0.465300570 0.822923765
vn -0.628107138 0.685765230 0.367705687
vn -0.809745994 0.573309085 0.125012473
vn -0.879072669 0.459286726 -0.127620321
vn -0.821648770 0.519900898 0.233658631
vn -0.827842066 -0.145103750 0.541869371
vn -0.706893427 -0.316852810 0.632381198
vn -0.677393179 -0.514793450 0.525477102
vn -0.705726582 -0.609331941 0.361475557
vn -0.933137339 -0.324141266 0.155522175
vn -0.727131061 -0.618616437 0.297647651
vn -0.788683921 -0.262756238 0.555820863
vn -0.780739142 -0.365657109 0.506696428
vn -0.851422471 -0.149885715 0.502607250
vn -0.760604992 0.644962533 0.074184747
vn -0.971521495 0.025384645 0.235587784
vn -0.997097528 0.063919284 0.041362363
vn -0.998833681 -0.041029939 0.025452357
vn -0.924522324 -0.028973469 0.380025014
vn -0.991744268 0.101789585 0.077988375
vn -0.991563655 -0.097587955 0.085311833
vn -0.999476014 -0.032322177 0.001724378
vn -0.959688703 0.049983709 -0.276584929
vn -0.915655566 0.130208823 0.380290082
vn -0.698189276 0.221115836 0.680910803
vn -0.909312803 0.410211829 -0.069831810
vn -0.996381751 0.054256544 -0.065418911
vn -0.945593260 0.236560381 -0.223366453
vn -0.955765743 0.097493134 0.277501232
vn -0.780280745 0.624876882 0.026283843
vn -0.782617668 0.611424144 -0.116919210
vn -0.773099337 0.303365247 0.557034058
vn -0.836050407 0.484616630 0.257228380
vn -0.756827349 0.391181272 0.523631145
vn -0.912532226 0.244666693 0.327754704
vn -0.678515160 0.579098064 0.451954212
vn -0.853354639 0.272029583 0.444731116
vn -0.720204980 0.604716665 0.340033150
vn -0.884919668 0.180398546 0.429387408
vn -0.806718157 0.392390949 0.441854227
vn -0.872160235 0.414439649 0.259954421
vn -0.667400961 0.365987293 0.648559372
vn -0.737216963 0.419681742 0.529507682
vn -0.943787140 0.277497544 -0.179613330
vn -0.931330552 0.180529670 -0.316279056
vn -0.978358497 0.114039086 -0.172654970
vn -0.985597528 0.157474382 -0.061638727
vn -0.747212549 0.160575954 0.644894387
vn -0.956225861 0.289659635 0.041586039
vn -0.964750446 -0.076553323 0.251785953
vn -0.818693623 -0.159284375 0.551696692
vn -0.874605403 -0.171855532 -0.453355341
vn -0.947983080 -0.090448740 0.305200108
vn -0.029938298 0.622763236 0.781837355
vn -0.036628567 0.114613435 0.992734662
vn -0.035892423 0.261925037 0.964420556
vn -0.036673048 0.023183791 0.999058356
vn -0.036397688 0.181646482 0.982690065
vn -0.030406156 0.605074361 0.795588137
vn -0.036660188 0.013789983 0.999232639
vn -0.444611182 -0.275899175 0.852174009
vn -0.733077978 0.031742345 0.679403490
vn -0.873216155 0.157759049 0.461091779
vn -0.900192449 0.402194135 -0.167013272
vn -0.957396712 -0.063508670 -0.281705849
vn -0.559007742 0.085151364 0.824778509
vn -0.967342008 0.208959100 0.143476596
vn -0.683803569 0.568638398 0.457234131
vn -0.821422244 0.549838176 0.151471045
vn -0.852462328 0.511660328 -0.107292537
vn -0.824181996 0.373717652 0.425510463
vn -0.822046724 -0.148155641 0.549808229
vn -0.750528545 -0.282035497 0.597631058
vn -0.716418172 -0.348621756 0.604324312
vn -0.713585195 -0.511098685 0.479139128
vn -0.928627968 -0.370107111 0.025900247
vn -0.685472316 0.582229350 0.437191821
vn -0.604374834 0.262165498 0.752329922
vn -0.943889720 0.123977988 0.306107260
vn -0.724597856 0.066359120 -0.685969689
vn -0.624719042 0.151751817 -0.765961816
vn -0.629633153 -0.047424387 -0.775443757
vn -0.784712439 -0.197538647 -0.587541377
vn -0.855100328 -0.303244523 -0.420530842
vn -0.903096617 -0.392916924 0.173299714
vn -0.929893696 -0.305499120 0.204860935
vn -0.905713329 -0.270262170 -0.326560446
vn -0.980234988 0.034647858 0.194779089
vn -0.972646217 0.057886242 -0.224963372
vn -0.972687222 -0.120142357 -0.198608615
vn -0.916201995 0.371560546 0.150055538
vn -0.917050020 -0.195082564 -0.347795994
vn -0.781147690 -0.371434058 -0.501841635
vn -0.802323646 0.079439964 -0.591579292
vn -0.651616179 0.084183091 -0.753863092
vn -0.673252077 0.253938126 -0.694440112
vn -0.750899770 -0.044548643 -0.658911947
vn -0.788201676 -0.227176919 -0.571951716
vn -0.855324108 -0.234599047 -0.461935014
vn -0.895685542 -0.401318727 -0.191548139
vn -0.924596270 -0.370053204 -0.090456415
vn -0.983659459 -0.128292407 -0.126313609
vn -0.956939402 -0.206568316 -0.203952227
vn -0.841764512 -0.290554856 0.454983936
vn -0.963185522 -0.183631731 0.196349272
vn -0.873737337 0.132696214 -0.467947412
vn -0.231718041 0.399026457 -0.887177906
vn -0.618762632 0.061577386 -0.783160923
vn -0.900313586 0.053339667 0.431961025
vn -0.935995192 0.085785789 0.341399764
vn -0.971440464 -0.014525171 0.236838437
vn -0.993846118 -0.030559187 0.106470791
vn -0.997149794 -0.056206394 -0.050330197
vn -0.979062220 -0.180888563 -0.093362185
vn -0.918579182 -0.305761824 -0.250443593
vn -0.806298691 -0.349874491 -0.476938425
vn -0.000721197 0.999343866 -0.036212115
vn 0.451130256 0.769483888 -0.452079681
vn 0.808481474 0.235545717 -0.539329140
vn 0.748723448 0.382131743 -0.541653514
vn 0.951994081 -0.010330422 -0.305942074
vn 0.258595394 0.462754183 0.847931005
vn -0.000513947 0.999358609 -0.035806506
vn -0.019260042 0.052651454 -0.998427201
vn -0.306281598 0.462912471 -0.831807446
vn -0.946758461 -0.318044073 0.049963834
vn -0.994354168 -0.097047284 0.042914017
vn -0.805992606 0.293122950 0.514251743
vn -0.975287214 0.043445883 0.216627112
vn -0.979072457 -0.065636517 0.192636893
vn -0.862474884 0.344057520 0.371162360
vn -0.564440669 -0.126213182 0.815767714
vn -0.726277185 0.204399838 0.656309497
vn -0.621587467 -0.241121220 0.745311733
vn -0.977682188 -0.166020361 0.128743074
vn -0.946939896 -0.262447293 0.185543126
vn -0.997708255 0.066394539 0.013038555
vn -0.962096313 -0.250874723 0.106923143
vn -0.948569520 0.152410511 -0.277465137
vn -0.960406800 0.146957280 0.236690381
vn -0.971583206 0.207055420 -0.114691445
vn -0.983826046 0.025555736 0.177294152
vn -0.988851976 -0.020792882 0.147442954
vn -0.998285262 -0.051087538 -0.028576190
vn -0.933232187 0.040528910 -0.356980522
vn -0.969102395 -0.051234399 0.241279060
vn -0.991032156 -0.036318287 0.128593340
vn -0.993180825 -0.116114725 0.010450804
vn -0.931212001 -0.329580549 0.155630560
vn -0.975318017 -0.208701354 -0.072100700
vn -0.882969824 -0.168923136 -0.437983177
vn -0.955719473 -0.249721614 -0.155690090
vn -0.879920906 -0.444348705 0.168206502
vn -0.927488737 -0.356827399 0.111529595
vn -0.839340334 -0.429523304 -0.333192939
vn -0.490838123 -0.510429916 -0.706073111
vn -0.894292936 -0.426750781 0.134625090
vn -0.842588147 0.058084067 -0.535417086
vn -0.870108141 0.195983338 -0.452219366
vn -0.873168672 -0.199068130 -0.444913868
vn -0.965575019 -0.172554758 -0.194652867
vn -0.846669416 -0.131257928 -0.515676504
vn -0.818877926 0.152101025 -0.553447577
vn 0.022141628 0.762515100 -0.646591425
vn -0.275833214 0.959814350 -0.051695754
vn -0.529171420 -0.049647559 -0.847061231
vn -0.499063779 0.046899428 -0.865295203
vn -0.123341960 0.003587400 -0.992357744
vn -0.306838172 0.030923503 -0.951259204
vn -0.309085654 0.052113160 -0.949605327
vn -0.358013729 0.046455715 -0.932559937
vn -0.298694876 -0.175023592 -0.938162093
vn 0.033843186 -0.437204556 -0.898725105
vn -0.315089142 -0.160996578 -0.935306866
vn -0.335689104 -0.140013200 -0.931509060
vn -0.423498968 0.181200714 -0.887589390
vn -0.303788534 -0.107582017 -0.946645993
vn 0.034153529 0.313042351 -0.949124872
vn 0.033078019 0.381847319 -0.923633298
vn 0.033462725 0.358744358 -0.932835854
vn -0.299027807 0.225381972 -0.927246104
vn -0.317504580 0.306366835 -0.897401919
vn -0.444730673 0.297421190 -0.844840378
vn -0.252127937 -0.494210230 -0.831978216
vn -0.305980578 -0.443983903 -0.842172298
vn 0.032488071 -0.513459574 -0.857498566
vn -0.384911301 -0.475542666 -0.791013567
vn 0.022729472 0.749260244 -0.661885532
vn -0.335603208 0.631717457 -0.698787193
vn 0.035839554 -0.268508184 -0.962610452
vn -0.604695846 -0.200355859 -0.770843994
vn 0.031050888 -0.579158443 -0.814623434
vn -0.566439640 -0.246077639 -0.786506154
vn -0.784981345 -0.162349290 0.597868711
vn -0.084846820 -0.298633463 0.950588803
vn -0.710685970 -0.368940326 0.599006250
vn -0.047937784 -0.710855786 0.701702231
vn -0.716452563 -0.421618744 0.555817739
vn -0.000817539 0.999351937 -0.035986641
vn -0.451553185 0.022138122 0.891969520
vn -0.000894954 0.999349281 -0.036058481
vn -0.001291749 0.999345431 -0.036153024
vn 0.015195011 0.900482714 -0.434626269
vn -0.921536906 -0.383232557 -0.062470296
vn -0.837555705 0.269247577 0.475401076
vn -0.658781249 -0.272181638 0.701373240
vn -0.801743296 0.597455171 0.015968895
vn 0.574352716 -0.460825565 0.676578714
vn 0.481234326 -0.149861066 0.863686971
vn -0.036616794 -0.008475225 0.999293441
vn 0.272606388 0.069410677 0.959618630
vn 0.482668856 -0.229003261 0.845333237
vn 0.417602208 -0.483855460 0.769085359
vn 0.381015167 -0.554344768 0.739952242
vn 0.678418010 -0.435764692 0.591488071
vn 0.938711718 -0.332892729 0.089458047
vn 0.994910090 -0.030632183 0.095997828
vn 0.667459968 -0.191000836 0.719733195
vn 0.834762576 -0.209627077 0.509144311
vn 0.838116100 -0.305059515 0.452216868
vn 0.873669712 -0.205460642 0.441006984
vn 0.929106783 -0.171767148 -0.327500584
vn 0.929636472 -0.362881471 -0.063977094
vn 0.586800598 0.395606438 -0.706512990
vn 0.860638439 -0.227856550 0.455393093
vn 0.968442790 0.173505109 0.178926071
vn 0.966530556 -0.174643881 0.187931368
vn 0.942911312 0.043259961 0.330222399
vn 0.427784268 0.720575138 0.545684973
vn 0.657569031 0.715110420 0.237107690
vn 0.735161776 0.020288275 -0.677588038
vn 0.747215468 0.657845351 0.094385055
vn 0.778253966 0.103069389 -0.619433181
vn 0.743754005 0.020183358 -0.668148645
vn 0.813199605 -0.259825882 -0.520765700
vn -0.007063224 0.598949334 -0.800755772
vn 0.464499141 0.692053725 -0.552541573
vn 0.527663084 -0.041105290 -0.848458617
vn -0.183793262 0.789382759 -0.585743030
vn 0.693932545 0.215444100 -0.687052737
vn 0.200648719 -0.098178120 -0.974731321
vn -0.987581689 0.060151266 -0.145135222
vn -0.992849582 -0.002690526 -0.119341815
vn 0.832005703 -0.010080052 -0.554675494
vn 0.586596053 -0.065473587 -0.807228766
vn 0.570972468 -0.089219043 -0.816106857
vn 0.699983229 -0.010268334 -0.714085458
vn 0.918243921 0.045983603 -0.393336510
vn 0.036688882 -0.069896643 -0.996879323
vn 0.036208700 -0.216645188 -0.975578696
vn 0.718835592 -0.392621431 -0.573693126
vn 0.474224630 0.436562362 -0.764541892
vn 0.610492737 0.613630721 -0.500755385
vn 0.777395369 0.501598430 -0.379546380
vn 0.034820847 0.261892267 -0.964468739
vn 0.023220135 0.737791973 -0.674628661
vn 0.017596086 0.849400049 -0.527456098
vn 0.644640107 -0.543792235 -0.537335219
vn 0.807626033 -0.159745954 0.567645507
vn 0.022953802 -0.321101011 0.946766742
vn 0.789786603 -0.433067758 -0.434383976
vn 0.790851079 -0.050543129 0.609917997
vn 0.691629156 -0.459074652 0.557583693
vn 0.097561012 -0.805352088 -0.584713488
vn -0.035512612 -0.197189576 0.979721963
vn 0.721813389 -0.245118339 -0.647226723
vn 0.868720963 -0.222852594 0.442335404
vn 0.580251695 -0.061063404 0.812144834
vn 0.003701792 0.061445630 0.998103567
vn 0.050422282 -0.219212904 0.974373284
vn 0.731689766 -0.304770636 0.609708903
vn 0.599404805 -0.035192825 0.799672024
vn 0.766186611 -0.636409682 0.089111135
vn 0.907794730 -0.401216240 0.122205799
vn 0.108415192 0.316559945 0.942356592
vn 0.035491119 0.996418881 -0.076744994
vn 0.974255140 0.138309819 -0.178037400
vn 0.770712677 -0.035435546 -0.636196740
vn 0.034303248 0.302265108 -0.952606473
vn 0.996260180 -0.015795124 -0.084948035
vn 0.781915296 -0.006962185 -0.623345809
vn 0.033463676 0.358685417 -0.932858485
vn 0.997430092 -0.014272610 -0.070210422
vn 0.972758959 0.035948607 0.229014639
vn 0.996673652 0.080020165 -0.015440378
vn 0.903657306 -0.032889527 0.426991513
vn 0.990945345 0.090305440 0.099359199
vn 0.998548139 0.048991015 -0.022394053
vn 0.938541230 0.180659700 0.294112959
vn 0.472591512 0.259404907 0.842238895
vn 0.825743471 -0.055530486 0.561305697
vn 0.937962992 0.324569730 -0.121983259
vn 0.935281672 0.093830944 0.341238844
vn 0.764790324 0.628840828 0.140196194
vn 0.781552299 0.618642238 -0.080360345
vn 0.728989237 0.306443145 0.612100720
vn 0.659640044 -0.013956497 0.751452080
vn 0.714847473 0.394196851 0.577582837
vn 0.883927806 0.294212998 0.363469869
vn 0.641224816 0.581802681 0.500336263
vn 0.819347320 0.275941045 0.502520157
vn 0.852812865 0.177585212 0.491094400
vn 0.780538941 0.417262076 0.465458185
vn 0.849081059 0.417967426 0.323055083
vn 0.616617572 0.368618348 0.695631572
vn 0.694742961 0.422615942 0.582003422
vn 0.950203294 0.052812722 -0.307122965
vn 0.986455671 0.131292563 -0.098323303
vn 0.981835514 0.184953381 0.042323394
vn 0.493558200 0.000989687 0.869712208
vn 0.776746522 -0.156014351 0.610183876
vn 0.923453449 -0.086614018 0.373807089
vn -0.034650444 -0.275777742 0.960596681
vn -0.036690026 0.044036024 0.998355984
vn -0.036631996 0.113018995 0.992917320
vn -0.036681579 0.031329058 0.998835798
vn 0.382145756 -0.274205085 0.882482970
vn 0.472567473 0.028243860 0.880841795
vn 0.893862972 0.427895423 -0.133845033
vn 0.866036901 -0.168700597 0.470659319
vn 0.853542990 0.018972131 0.520676889
vn 0.968592112 -0.002129223 0.248645908
vn 0.912866532 -0.040484739 0.406245837
vn 0.546587833 0.264523912 0.794524286
vn 0.844594875 0.081594589 -0.529151982
vn 0.747371171 0.093392788 -0.657810094
vn 0.681100705 -0.059600494 -0.729759968
vn 0.827383244 -0.193479322 -0.527259632
vn 0.872802308 -0.280298425 -0.399560914
vn 0.926866678 -0.326664359 0.184955555
vn 0.935529016 -0.247623532 -0.251928653
vn 0.967749640 0.033603958 0.249662587
vn 0.958810118 -0.032446485 -0.282188558
vn 0.898519964 0.362039987 0.248171156
vn 0.817310332 -0.368158409 -0.443241703
vn 0.909945038 0.018996464 -0.414293570
vn 0.661038824 0.285628378 -0.693861732
vn 0.838332200 -0.099084614 -0.536079622
vn 0.981014989 -0.015691583 -0.193296058
vn 0.894843128 -0.181870921 0.407650272
vn 0.730292100 0.161821978 -0.663692019
vn 0.800917017 -0.002791323 0.598768853
vn 0.942823488 0.296095802 0.153007016
vn 0.986363086 -0.004938715 0.164509794
vn 0.997979394 0.015542894 -0.061608020
vn 0.951344171 -0.252076242 -0.177205636
vn 0.873021524 -0.305622510 -0.380037236
vn -0.419962921 0.767700098 -0.484012091
vn -0.767778049 0.232315836 -0.597114913
vn -0.722116742 0.359437720 -0.591060010
vn -0.120835006 0.992320459 0.026438768
vn -0.321879669 0.461564743 0.826650752
vn 0.092098947 0.052879638 -0.994344773
vn 0.036599726 0.015349597 -0.999212115
vn 0.547903230 0.433749052 -0.715306794
vn 0.991921541 0.041001811 -0.120043772
vn 0.942328548 -0.209575843 0.260949946
vn 0.998196180 -0.012887568 0.058636984
vn 0.980906890 0.167579006 -0.098686114
vn 0.956281409 0.074458696 0.282810483
vn 0.982525489 0.011887161 0.185748106
vn 0.999841530 -0.017575994 0.002828253
vn 0.961917967 -0.213015584 0.171283935
vn 0.959510064 -0.052501947 0.276738114
vn 0.953660020 -0.130639918 0.271045713
vn 0.983524195 -0.102731742 0.148749279
vn 0.976348711 -0.215895043 0.011511922
vn 0.923868328 -0.367152788 0.108009922
vn 0.853532723 -0.466685360 0.231703832
vn 0.678802374 -0.558784896 -0.476431293
vn 0.889669759 -0.436021486 0.135546977
vn 0.855525450 -0.011036086 -0.517643130
vn 0.859563866 -0.185040137 -0.476350825
vn 0.971766593 -0.194754251 -0.133193355
vn 0.882685352 -0.127714343 -0.452278250
vn 0.856574662 0.155534160 -0.492025379
vn 0.031590275 -0.555919646 -0.830635541
vn 0.030253450 -0.610945343 -0.791094506
vn 0.034520923 -0.390860019 -0.919802561
vn -0.016414027 0.217193204 -0.975990621
vn -0.012279065 0.572015964 -0.820150572
vn 0.027368475 0.623437717 -0.781393870
vn 0.772982892 -0.034376914 -0.633494812
vn 0.195656991 0.004241054 -0.980663222
vn 0.409347942 0.033507561 -0.911762856
vn 0.433350115 0.054635868 -0.899568007
vn 0.473517318 0.048000215 -0.879475599
vn 0.032793374 -0.497741848 -0.866705052
vn 0.392537182 -0.164638459 -0.904880511
vn 0.432625550 -0.152687535 -0.888550308
vn 0.034445374 -0.396398341 -0.917432216
vn 0.460766267 -0.136865395 -0.876904961
vn 0.026160937 0.660303617 -0.750542962
vn 0.491627280 0.219715545 -0.842631412
vn 0.036532845 -0.148583167 -0.988224870
vn 0.405728935 -0.114272044 -0.906821885
vn 0.365194480 0.226743016 -0.902895673
vn 0.381104825 0.307798341 -0.871790854
vn 0.504176156 0.299366462 -0.810053162
vn 0.031992346 -0.537541269 -0.842630330
vn 0.314390280 -0.493049389 -0.811209623
vn 0.032895885 -0.492296633 -0.869805660
vn 0.368638779 -0.442601555 -0.817440710
vn 0.443740210 -0.473844693 -0.760635151
vn 0.383279258 0.633190267 -0.672433711
vn 0.660329972 -0.197762758 -0.724468233
vn 0.623510593 -0.243639337 -0.742882504
vn -0.063466820 -0.138921405 0.988267578
vn 0.685045747 -0.281822777 0.671779910
vn 0.617496848 -0.406155906 0.673598562
vn -0.055441739 0.998451996 -0.004452559
vn 0.160968163 0.176058114 0.971129647
vn -0.000555146 0.999349941 -0.036047023
vn -0.000154479 0.999347725 -0.036112331
vn 0.012984438 0.900478979 -0.434705661
vn 0.934893817 -0.354505907 0.017294859
vn 0.799388957 0.272601806 0.535411571
vn 0.627487320 -0.274653749 0.728577368
vn 0.795970018 0.600729012 0.074541166
vn 0.808874308 0.353245287 0.470042680
vn -0.617575322 -0.480381924 -0.622763140
vn -0.734229560 0.538096537 0.413955396
vn 0.699735476 0.541046900 0.466517432
vn -0.696825555 -0.533634837 -0.479236900
vn 0.732221214 -0.530709348 -0.426848546
vn 0.813571419 0.348468306 0.465479738
vn -0.847125618 0.344515306 0.404582985
vn -0.842351759 0.349727987 0.410041278
vn 0.663483703 -0.477751721 -0.575797420
vn -0.999326635 -0.002051661 -0.036634233
vn 0.999326635 0.002051661 0.036634233
vn -0.185528035 -0.712795518 0.676388866
vn 0.113582349 -0.725980756 0.678270588
vn 0.047829810 -0.505450110 0.861529161
vn -0.141549814 -0.520314888 0.842161544
vn -0.147098965 -0.738578549 0.657923720
vn -0.123053700 -0.516265745 0.847542015
vn 0.066741689 -0.505070325 0.860493762
vn 0.106564634 -0.745565024 0.657857715
vn -0.017337996 -0.853529478 0.520756012
vn -0.017011026 -0.858724731 0.512154723
vn -0.017011981 -0.858725438 0.512153506
vn -0.017337142 -0.853527131 0.520759887
vn 0.999326599 0.002050697 0.036635268
vn -0.999326599 -0.002050697 -0.036635268
vn -0.873916693 0.458645811 -0.160977125
vn -0.724050994 0.482320644 0.493068914
vn -0.372034712 0.493145502 0.786382660
vn -0.510454805 0.438047792 -0.739966232
vn -0.684700608 0.443751037 -0.578160959
vn -0.977783762 -0.183603912 0.101136138
vn -0.799537930 -0.166323288 0.577127076
vn -0.407019723 -0.154394807 0.900276173
vn -0.570627306 -0.215504157 -0.792428190
vn -0.893996555 -0.201605381 -0.400156757
vn -0.355486699 0.929555606 -0.097752658
vn -0.340060072 0.936264725 0.088133489
vn -0.233697058 0.941864928 0.241404522
vn -0.122469322 0.919815999 -0.372746286
vn -0.275842542 0.923535244 -0.266446140
vn -0.522414811 -0.660464478 -0.539323130
vn 0.767951801 -0.022504158 -0.640112173
vn 0.731168278 0.176114414 0.659072577
vn 0.536339961 0.600806849 0.592765195
vn 0.938802628 -0.006472134 -0.344394740
vn 0.999326562 0.002050733 0.036636267
vn 0.952971720 0.302097372 0.024126298
vn 0.952970451 0.302101310 0.024127111
vn 0.917954506 -0.176906808 0.355054229
vn 0.935957861 -0.123610135 0.329702013
vn 0.913524038 0.294843374 0.280252060
vn 0.998047372 0.008565708 0.061871406
vn 0.997746480 0.043888985 0.050751536
vn 0.024901542 -0.771209073 -0.636094709
vn 0.022413902 -0.824632646 -0.565224395
vn 0.832416960 -0.285226066 -0.475108510
vn 0.108636346 -0.984360907 -0.138678581
vn 0.022140116 0.762349621 -0.646786572
vn 0.034107260 0.316232597 -0.948068373
vn 0.625185115 0.062853270 -0.777941539
vn 0.036503243 0.045811750 -0.998282924
vn 0.670511937 0.719260951 -0.181872006
vn 0.980069692 0.197015107 -0.025464602
vn 0.885508987 0.130779367 -0.445836956
vn 0.005528815 0.978723645 -0.205108406
vn 0.990485669 0.088375592 0.105488836
vn 0.956880049 0.007691139 -0.290381506
vn -0.017739229 -0.847042580 0.531228940
vn -0.019840243 -0.809872042 0.586270962
vn -0.017738302 -0.847041376 0.531230891
vn -0.003459118 -0.988737356 0.149621106
vn -0.003459118 -0.988737356 0.149621106
vn 0.035873628 -0.264040617 -0.963844197
vn 0.033154081 -0.478064610 -0.877698716
vn 0.033154081 -0.478064610 -0.877698716
vn 0.036367085 -0.187764083 -0.981540669
vn 0.999326598 0.002051697 0.036635232
vn 0.999326598 0.002051697 0.036635232
vn 0.999326599 0.002050697 0.036635268
vn 0.999326598 0.002051697 0.036635232
vn -0.015148666 0.932402454 0.361104115
vn -0.010107397 0.975176227 0.221199382
vn -0.010107362 0.975176444 0.221198427
vn 0.540334103 0.622241634 0.566440118
vn 0.334373762 0.584162341 0.739559698
vn 0.799841228 0.549720180 0.240960026
vn 0.934633531 0.342996147 -0.093881872
vn 0.799841228 0.549720180 0.240960026
vn 0.036684344 -0.035959442 -0.998679717
vn 0.036685344 -0.035959440 -0.998679681
vn 0.036685344 -0.035959440 -0.998679681
vn 0.036685343 -0.035958440 -0.998679717
vn 0.007647892 0.964888628 -0.262547985
vn 0.007647892 0.964888628 -0.262547985
vn -0.999326599 -0.002050697 -0.036635268
vn -0.999326599 -0.002050697 -0.036635268
vn -0.999326599 -0.002050697 -0.036635268
vn 0.036685344 -0.035959440 -0.998679681
vn 0.036685344 -0.035959440 -0.998679681
vn 0.036685344 -0.035959440 -0.998679681
vn -0.999326599 -0.002050697 -0.036635268
vn -0.999326599 -0.002050697 -0.036635268
vn 0.999326599 0.002050697 0.036635268
vn 0.999326599 0.002050697 0.036635268
vn 0.999326599 0.002050697 0.036635268
vn 0.005636003 -0.995159284 -0.098113378
vn 0.035873628 -0.264040617 -0.963844197
vn 0.996104062 0.013339381 0.087170861
vn 0.995262619 0.019742949 0.095197351
vn 0.035350396 0.213844027 -0.976227986
vn 0.035356630 0.213223945 -0.976363384
vn 0.035350396 0.213844027 -0.976227986
vn -0.036685342 0.035957441 0.998679753
vn 0.586396449 0.809988301 -0.007626020
vn -0.417049833 -0.590686362 0.690767008
vn -0.026678135 -0.644882198 0.763816227
vn 0.346228757 -0.602949879 0.718732977
vn 0.090901397 0.077337401 -0.992852387
vn 0.035967367 0.142856288 -0.989089697
vn 0.035548233 -0.301541174 -0.952790241
vn 0.035612993 -0.294647994 -0.954942027
vn 0.025980234 -0.744573296 -0.667034957
vn 0.025981379 -0.744569524 -0.667039123
vn 0.002692303 -0.999843720 -0.017472471
vn 0.002690195 -0.999843777 -0.017469552
vn 0.035479181 0.200714585 -0.979007090
vn 0.035476168 0.200925341 -0.978963967
vn 0.346228757 -0.602949879 0.718732977
vn 0.541664282 -0.839099979 0.050110185
vn 0.999870898 0.003169863 0.015752420
vn 0.952970451 0.302101310 0.024127111
vn -0.036685344 0.035959440 0.998679681
vn -0.036685344 0.035959440 0.998679681
vn -0.036685344 0.035959440 0.998679681
vn -0.317549204 0.066675089 -0.945894781
vn -0.953409273 0.298188914 -0.045761672
vn 0.007448477 0.869340999 -0.494156602
vn 0.012978823 0.908678104 -0.417295642
vn -0.291444273 0.012067144 0.956511694
vn -0.312844377 0.302225693 0.900437686
vn -0.999326599 -0.002050697 -0.036635268
vn -0.999326599 -0.002050697 -0.036635268
vn -0.992690293 -0.005071647 -0.120583000
vn -0.999326599 -0.002050697 -0.036635268
vn -0.566797147 0.060406828 -0.821639829
vn 0.036503243 0.045811750 -0.998282924
vn -0.850390020 0.099589356 -0.516641823
vn 0.036685343 -0.035958440 -0.998679717
vn 0.036685343 -0.035958440 -0.998679717
vn 0.001129771 -0.999675004 0.025467822
vn 0.001129771 -0.999675004 0.025467822
vn 0.001129771 -0.999675004 0.025467822
vn -0.991630965 -0.040479300 -0.122594678
vn -0.999326599 -0.002050697 -0.036635268
vn -0.999326598 -0.002051697 -0.036635232
vn -0.999326598 -0.002051697 -0.036635232
vn -0.994622433 -0.056923194 -0.086521480
vn -0.995944026 -0.042477366 -0.079316893
vn -0.017739130 -0.847044221 0.531226327
vn -0.003458973 -0.988737951 0.149617179
vn -0.003458973 -0.988737951 0.149617179
vn 0.035879624 -0.264040605 -0.963843977
vn 0.036371088 -0.187762954 -0.981540736
vn 0.033158064 -0.478065399 -0.877698136
vn -0.999326599 -0.002050697 -0.036635268
vn -0.707146103 0.705198999 -0.051368868
vn -0.999326599 -0.002050697 -0.036635268
vn -0.714286682 0.698131077 -0.049066639
vn -0.015152632 0.932402782 0.361103101
vn -0.010114280 0.975176915 0.221196037
vn -0.010114280 0.975176915 0.221196037
vn -0.381644299 0.582078061 0.718006100
vn -0.582368924 0.620456641 0.525242794
vn -0.806606314 0.543673236 0.231960485
vn -0.882588364 0.347306590 -0.316884698
vn -0.933833431 0.348189613 -0.081970214
vn 0.036685344 -0.035959440 -0.998679681
vn 0.036686343 -0.035959438 -0.998679644
vn 0.007643860 0.964888876 -0.262547194
vn 0.007644825 0.964889133 -0.262546220
vn 0.008085227 0.961596478 -0.274348032
vn 0.008085227 0.961596478 -0.274348032
vn 0.997970903 -0.047179786 0.042756817
vn 0.999326598 0.002051697 0.036635232
vn 0.999326562 0.002050733 0.036636267
vn 0.036687342 -0.035959436 -0.998679607
vn 0.036687342 -0.035959436 -0.998679607
vn 0.036687342 -0.035959436 -0.998679607
vn 0.999326599 0.002050697 0.036635268
vn 0.999326598 0.002051697 0.036635232
vn -0.979640605 -0.185841882 -0.075941296
vn -0.696123262 -0.707138479 0.123966031
vn 0.000730680 -0.999351218 0.036008458
vn 0.000730680 -0.999351218 0.036008458
vn 0.000730680 -0.999351218 0.036008458
vn 0.000730680 -0.999351218 0.036008458
vn -0.587579131 0.807578869 -0.050666904
vn -0.035712799 0.144016169 0.988930705
vn 0.914082561 0.015270110 0.405240541
vn -0.033034419 0.416786522 0.908403942
vn 0.000986762 -0.999577885 0.029035800
vn 0.000986762 -0.999577885 0.029035800
vn 0.035420604 0.206771923 -0.977747796
vn 0.035420604 0.206771923 -0.977747796
vn -0.769903360 0.035118826 0.637193443
vn -0.778610449 0.027571996 0.626901551
vn -0.974622040 0.012712738 0.223495559
vn -0.988073235 0.009533279 0.153689295
vn -0.417049833 -0.590686362 0.690767008
vn -0.571490831 -0.820563842 0.008556336
vn -0.205845253 0.228200923 0.951604997
vn -0.036685344 0.035959440 0.998679681
vn -0.036685344 0.035959440 0.998679681
vn 0.999942982 0.010524344 -0.001808563
vn 0.044811696 0.091472923 -0.994798782
vn 0.119947517 0.067439200 -0.990487025
vn 0.999326562 0.002050733 0.036636267
vn 0.031608351 -0.242569658 -0.969618932
vn 0.032100937 -0.251631477 -0.967290613
vn 0.002034683 -0.849929397 -0.526892665
vn -0.381644299 0.582078061 0.718006100
vn 0.014561776 0.558721690 -0.829227368
vn -0.026557948 0.729303766 0.683674405
vn 0.999326599 0.002050697 0.036635268
vn -0.999326562 -0.002050733 -0.036636267
vn -0.645727950 0.055232716 0.761567306
vn -0.975226128 0.020624453 0.220246750
vn -0.790892503 0.017307387 0.611710310
vn -0.995785085 0.001802506 0.091699591
vn -0.900115266 0.009155583 0.435555603
vn -0.971920997 -0.011268870 -0.235037418
vn -0.923536034 -0.017315813 -0.383120550
vn -0.348070643 0.186625832 0.918704319
vn -0.989140463 -0.069670102 0.129411058
vn -0.985454672 -0.016065318 -0.169177406
vn -0.851957182 -0.012986963 -0.523450378
vn 0.036214878 -0.215791485 -0.975767656
vn -0.041998424 -0.000443286 0.999117579
vn -0.036631907 -0.001706657 0.999327369
vn -0.172926081 0.454028482 0.874045026
vn -0.178258144 0.337567581 0.924268447
vn -0.251242309 -0.059988098 -0.966063523
vn -0.252680023 -0.060173342 -0.965676952
vn -0.378729805 0.393598785 -0.837641768
vn -0.019127855 -0.822825471 0.567972155
vn 0.002869349 -0.999752502 -0.022061298
vn -0.034280815 -0.303757211 0.952132545
vn -0.067024869 -0.988452644 0.135900835
vn 0.008965700 -0.903373425 -0.428761088
vn 0.026910760 -0.719738267 -0.693723748
vn 0.026915897 -0.719734336 -0.693727626
vn 0.020971229 0.787380787 -0.616110139
vn 0.016914379 0.860321451 -0.509471200
vn 0.036692105 -0.060732297 -0.997479462
vn 0.036692105 -0.060732297 -0.997479462
vn -0.006030354 -0.975699574 0.219029622
vn -0.003857551 -0.987045396 0.160394843
vn -0.003314586 -0.989321606 0.145711270
vn -0.132296222 -0.964392065 0.229010162
vn -0.209043224 -0.938274688 0.275574928
vn -0.086735972 0.973744863 0.210470454
vn -0.029394321 0.838427865 0.544219339
vn -0.033677828 0.447646242 0.893576323
vn -0.033675849 0.447645070 0.893576985
vn -0.030932624 -0.490026472 0.871158556
vn -0.020201903 -0.802781528 0.595930953
vn 0.002869349 -0.999752502 -0.022061298
vn -0.036631907 -0.001706657 0.999327369
vn -0.645727950 0.055232716 0.761567306
vn 0.032602131 0.761018236 0.647910754
vn 0.035477158 0.200926294 -0.978963736
vn 0.001104788 -0.999675055 0.025466906
vn 0.001104788 -0.999675055 0.025466906
vn 0.001104788 -0.999675055 0.025466906
vn -0.724123171 0.423663730 0.544200953
vn -0.723534738 -0.384451686 0.573318745
vn -0.527458849 0.464942300 -0.711066678
vn -0.526743826 -0.515679757 -0.675733180
vn 0.021874725 0.680030950 -0.732857015
vn 0.022908153 -0.730978660 -0.682015700
vn -0.025127685 0.732482258 0.680322233
vn -0.024090130 -0.681651625 0.731280198
vn 0.660133994 -0.258559109 -0.705244848
vn 0.135116246 -0.073020185 -0.988135442
vn 0.262830647 0.962943125 -0.060502809
vn 0.210241119 0.975210300 -0.069018416
vn 0.246309843 0.962571050 -0.113085963
vn 0.920774432 -0.330679133 -0.206943849
vn 0.877767998 -0.285652505 0.384611477
vn 0.866331886 -0.017357030 -0.499167102
vn 0.811161755 -0.020471577 -0.584463448
vn 0.986779702 -0.094211537 -0.131871170
vn 0.985350837 -0.121787707 -0.119379575
vn 0.534036168 -0.141974830 -0.833455769
vn 0.524024073 -0.063844230 -0.849307180
vn 0.513940660 -0.030515150 -0.857282814
vn 0.167187960 0.985785370 0.016594919
vn 0.147780614 0.988620841 -0.028101995
vn 0.644827056 -0.274714775 0.713253013
vn 0.968989061 -0.008191102 -0.246967823
vn 0.977735571 -0.006841961 -0.209729210
vn 0.968989061 -0.008191102 -0.246967823
vn 0.956888858 0.008033302 0.290343210
vn 0.991088759 0.005519083 0.133088732
vn 0.991368550 -0.003996856 -0.131043591
vn 0.991368550 -0.003996856 -0.131043591
vn 0.423290955 -0.903910076 -0.061411254
vn 0.063646942 -0.997254097 -0.037859383
vn 0.090888545 -0.995651435 -0.020432611
vn 0.474649838 -0.031348473 -0.879616283
vn 0.474648645 -0.031350496 -0.879616854
vn 0.584254166 0.029647201 0.811029046
vn 0.584251925 0.029649257 0.811030585
vn 0.000731605 -0.999351144 0.036010492
vn 0.000731605 -0.999351144 0.036010492
vn 0.000731605 -0.999351144 0.036010492
vn 0.000731605 -0.999351144 0.036010492
vn 0.446943247 -0.031888695 -0.893993761
vn 0.446944047 -0.031887680 -0.893993397
vn 0.012754197 0.998800586 -0.047272828
vn 0.006518559 0.998702619 -0.050503339
vn 0.017017042 0.998839203 -0.045062925
vn 0.030667721 0.998807884 -0.037977660
vn 0.462251972 -0.840871293 0.281529011
vn 0.892232508 0.010824130 0.451446553
vn -0.000733641 0.999351176 -0.036009566
vn 0.000731605 -0.999351144 0.036010492
vn 0.000731605 -0.999351144 0.036010492
vn 0.026448728 -0.732241861 -0.680530912
vn 0.025419377 0.681402910 -0.731466971
vn -0.578608137 -0.462533865 0.671770085
vn -0.579315088 0.508839356 0.636770397
vn -0.014577162 -0.894072113 0.447685785
vn -0.016159056 0.920967450 0.389304303
vn -0.004281738 0.672727766 -0.739877705
vn -0.003282137 -0.721414889 -0.692495333
vn 0.026449195 -0.732229346 -0.680544360
vn 0.025419863 0.681389460 -0.731479483
vn -0.083136860 -0.658764121 0.747741998
vn -0.084133056 0.710748727 0.698396647
vn 0.823791596 0.464929473 -0.324357813
vn 0.659403993 0.706530139 -0.256907641
vn 0.772709999 -0.618655834 -0.142071168
vn 0.561883076 -0.729448685 -0.390117963
vn 0.696334743 0.717530134 -0.016383897
vn 0.565016763 -0.717275418 0.407764677
vn 0.764842973 -0.619486633 0.176781044
vn 0.710898980 0.703066925 0.017875681
vn -0.033548710 -0.353372207 0.934881044
vn -0.034111619 0.419690037 0.907026279
vn 0.032404991 -0.517614457 -0.855000111
vn 0.031696935 0.454784425 -0.890037320
vn -0.864294607 0.306028271 0.399176064
vn -0.863876794 -0.277759080 0.420198499
vn 0.026456676 -0.732028958 -0.680759612
vn 0.025481238 0.681129196 -0.731719704
vn -0.999412231 0.000504345 0.034277371
vn -0.999412955 0.000726584 0.034252258
vn -0.999068131 -0.001808967 -0.043123043
vn -0.163725398 0.678518621 0.716105072
vn -0.327120723 0.270356402 0.905482992
vn -0.122021643 0.694314839 0.709251453
vn -0.317439265 -0.284291197 0.904660615
vn -0.100735644 -0.878260929 0.467450607
vn -0.086409790 -0.890073956 0.447550780
vn -0.999927332 -0.001769169 -0.011924794
vn -0.999583727 -0.006175590 0.028182183
vn -0.999602332 -0.006962959 0.027325716
vn -0.991842168 0.005196382 -0.127366051
vn -0.992263444 0.010697067 -0.123688441
vn -0.809295025 0.587365392 0.006592267
vn 0.507189861 0.807802572 -0.300355537
vn 0.000728497 -0.999351042 0.036013378
vn 0.000728571 -0.999351114 0.036011381
vn 0.078479715 0.813673818 0.575999871
vn -0.921853319 -0.014628999 -0.387262766
vn -0.921852457 -0.014629072 -0.387264817
vn 0.026409454 0.652922742 -0.756963958
vn 0.026408418 0.652923825 -0.756963060
vn 0.033391710 -0.464625963 -0.884877228
vn 0.033391724 -0.464625178 -0.884877639
vn 0.023971281 -0.792352666 -0.609592184
vn 0.020471501 0.797407569 -0.603093763
vn 0.701496070 0.712172018 0.026726030
vn 0.804229358 0.590671630 0.065743176
vn -0.036685344 0.035960439 0.998679644
vn -0.036685344 0.035960439 0.998679644
vn -0.036685344 0.035960439 0.998679644
vn -0.036685344 0.035960439 0.998679644
vn 0.000727608 -0.999351152 0.036010345
vn 0.000735603 -0.999351136 0.036010638
vn 0.000728571 -0.999351114 0.036011381
vn 0.000741672 -0.999351195 0.036008861
vn 0.108683289 0.679141730 0.725916285
vn 0.066890521 0.695881364 0.715034814
vn 0.268812244 0.266530215 0.925581775
vn 0.070184857 -0.878030028 0.473431469
vn 0.263354392 -0.274970529 0.924681390
vn 0.056955666 -0.891495624 0.449434762
vn 0.000735603 -0.999351136 0.036010638
vn 0.000741672 -0.999351195 0.036008861
vn -0.147457598 0.828177002 0.540720917
vn -0.987438410 0.004969346 0.157926224
vn -0.943718529 0.011220447 0.330559282
vn -0.943720317 0.011222261 0.330554116
vn -0.029575785 0.795108354 0.605745804
vn 0.127997774 -0.335352047 -0.933357153
vn 0.139373117 -0.035556559 -0.989601367
vn 0.139494416 -0.039952669 -0.989416541
vn 0.140124862 -0.387913693 -0.910981882
vn 0.124358838 -0.222156489 -0.967047762
vn 0.105016548 0.402898867 -0.909199663
vn 0.052346661 0.919843926 -0.388776258
vn 0.025423850 0.681223846 -0.731633582
vn 0.036685344 -0.035960439 -0.998679644
vn 0.403400198 -0.032657139 -0.914440699
vn -0.000731569 0.999351108 -0.036011491
vn -0.026457929 0.732075695 0.680709302
vn -0.036684343 0.035957443 0.998679789
vn -0.025420928 -0.681221742 0.731635643
vn 0.000730569 -0.999351110 0.036011454
vn 0.026457946 -0.732075236 -0.680709796
vn 0.036685344 -0.035960439 -0.998679644
vn 0.350467543 -0.033469658 -0.935976647
vn -0.982180846 0.107708472 -0.154011917
vn -0.980366680 -0.007817122 -0.197028081
vn -0.986393916 0.158954562 -0.041958193
vn -0.990538026 0.115900828 0.073494331
vn -0.992185644 0.003768175 0.124713468
vn -0.990371579 -0.111757348 0.081697194
vn -0.986158542 -0.163002497 -0.030356489
vn -0.982014300 -0.119949760 -0.145807987
vn 0.036688344 -0.035962432 -0.998679463
vn 0.999326599 0.002050697 0.036635268
vn -0.603240783 0.028280107 0.797057585
vn -0.376262540 0.033088591 0.925922052
vn -0.921201502 0.013340415 0.388857076
vn -0.992326496 -0.005173813 -0.123536867
vn -0.797558793 -0.022301708 -0.602828836
vn -0.614252601 -0.028861222 -0.788581494
vn -0.000727682 0.999351224 -0.036008348
vn -0.000727682 0.999351224 -0.036008348
vn -0.000727682 0.999351224 -0.036008348
vn -0.000727682 0.999351224 -0.036008348
vn -0.000725646 0.999351192 -0.036009273
vn -0.000727682 0.999351224 -0.036008348
vn -0.000727682 0.999351224 -0.036008348
vn -0.000727682 0.999351224 -0.036008348
vn -0.000726756 0.999351298 -0.036006314
vn -0.000727755 0.999351296 -0.036006351
vn -0.000727682 0.999351224 -0.036008348
vn -0.000727682 0.999351224 -0.036008348
vn 0.992326496 0.005173813 0.123536867
vn 0.992326619 0.005173777 0.123535881
vn 0.865076745 0.501451802 0.013722830
vn 0.965464800 -0.256669127 0.044706595
vn 0.500296324 -0.864438056 0.049501877
vn 0.500296324 -0.864438056 0.049501877
vn 0.500296324 -0.864438056 0.049501877
vn -0.173706000 -0.984368635 0.029062283
vn -0.706114108 -0.708097925 -0.000442232
vn -0.965085739 -0.260633876 -0.026067188
vn -0.965465045 0.256668209 -0.044706571
vn -0.707146177 0.705199071 -0.051366870
vn -0.259347536 0.964769156 -0.044264323
vn 0.340249408 0.940092771 -0.021352355
vn -0.315759410 0.927906321 -0.198206597
vn -0.308599761 0.934062109 -0.179705771
vn -0.311705923 0.927179457 -0.207792377
vn -0.300251782 0.930533788 -0.209656237
vn -0.692693679 0.025466636 0.720782157
vn -0.866991488 0.017313292 0.498022097
vn -0.864314715 0.017484898 0.502647343
vn -0.036685342 0.035957441 0.998679753
vn -0.036685343 0.035958440 0.998679717
vn -0.867657747 0.017271003 0.496861899
vn -0.036685342 0.035957441 0.998679753
vn -0.711357113 0.024790468 0.702393401
vn -0.659615761 0.026584304 0.751132693
vn -0.036685342 0.035957441 0.998679753
vn -0.866991488 0.017313292 0.498022097
vn -0.036685342 0.035957441 0.998679753
vn -0.036685342 0.035957441 0.998679753
vn -0.867579384 0.017275983 0.496998544
vn -0.036685342 0.035957441 0.998679753
vn -0.707866138 0.024919607 0.705906895
vn -0.659615761 0.026584304 0.751132693
vn -0.036685342 0.035957441 0.998679753
vn -0.866991917 0.017313265 0.498021352
vn -0.036685342 0.035957441 0.998679753
vn -0.036685342 0.035957441 0.998679753
vn -0.867623811 0.017276158 0.496920977
vn -0.036685349 0.035967435 0.998679392
vn -0.867625624 0.017273045 0.496917919
vn -0.036685342 0.035957441 0.998679753
vn -0.708731712 0.024887704 0.705038979
vn -0.659615761 0.026584304 0.751132693
vn -0.036685342 0.035957441 0.998679753
vn -0.867005607 0.017314396 0.497997479
vn -0.036685342 0.035957441 0.998679753
vn -0.036685342 0.035957441 0.998679753
vn -0.867599935 0.017274677 0.496962713
vn -0.036685342 0.035957441 0.998679753
vn -0.707362162 0.024938147 0.706411254
vn -0.659615761 0.026584304 0.751132693
vn -0.036685342 0.035957441 0.998679753
vn -0.867021929 0.017311362 0.497969167
vn -0.036685342 0.035957441 0.998679753
vn -0.036685342 0.035957441 0.998679753
vn -0.036685342 0.035957441 0.998679753
vn -0.708286844 0.024904111 0.705485317
vn -0.659615761 0.026584304 0.751132693
vn -0.036685342 0.035957441 0.998679753
vn -0.021031639 0.850114881 0.526177118
vn -0.040630982 0.839570781 0.541728739
vn -0.019603311 0.873799046 0.485891899
vn -0.009972653 0.878491182 0.477654467
vn -0.020176595 0.864606970 0.502043517
vn -0.047574559 0.850088068 0.524487310
vn -0.019386529 0.877169022 0.479790236
vn -0.003955286 0.884541932 0.466443915
vn -0.019794190 0.870784009 0.491267138
vn -0.016348509 0.872494602 0.488350177
vn 0.828120213 0.020786710 0.560164999
vn 0.637947559 0.028193226 0.769563548
vn 0.825110794 0.020946691 0.564582512
vn 0.828869802 0.020747322 0.559056705
vn 0.602731826 0.029170955 0.797410435
vn 0.657909400 0.027596222 0.752591304
vn 0.828120213 0.020786710 0.560164999
vn 0.828781624 0.020751961 0.559187245
vn 0.602731826 0.029170955 0.797410435
vn 0.654170589 0.027710528 0.755839247
vn 0.828120695 0.020786685 0.560164287
vn 0.828831609 0.020753329 0.559113104
vn 0.828833174 0.020749249 0.559110936
vn 0.602731826 0.029170955 0.797410435
vn 0.655097513 0.027682299 0.755037045
vn 0.828136091 0.020788875 0.560141444
vn 0.828804749 0.020750745 0.559153016
vn 0.602731826 0.029170955 0.797410435
vn 0.653630965 0.027726930 0.756305348
vn 0.828153973 0.020784938 0.560115151
vn 0.602731826 0.029170955 0.797410435
vn 0.654621094 0.027696817 0.755449608
vn -0.002580630 0.839648749 0.543123668
vn -0.002580630 0.839648749 0.543123668
vn -0.028624084 0.878452963 0.476970704
vn -0.028624084 0.878452963 0.476970704
vn 0.005563649 0.850196952 0.526435360
vn 0.005563649 0.850196952 0.526435360
vn -0.033829159 0.884480718 0.465348737
vn -0.033829159 0.884480718 0.465348737
vn -0.023024009 0.872480924 0.488105453
vn -0.023024009 0.872480924 0.488105453
vn -0.999326601 -0.002047699 -0.036635376
vn -0.999326601 -0.002047699 -0.036635376
vn -0.999326601 -0.002047699 -0.036635376
vn -0.999326601 -0.002047699 -0.036635376
vn -0.999326601 -0.002047699 -0.036635376
vn 0.036034611 -0.242999310 -0.969356922
vn 0.030713927 -0.592938609 -0.804661706
vn 0.033759243 -0.442485127 -0.896140182
vn 0.023164207 -0.809533291 -0.586616800
vn 0.030406259 -0.605070395 -0.795591149
vn 0.034568146 -0.387418155 -0.921255782
vn 0.036685344 -0.035959440 -0.998679681
vn 0.036685344 -0.035959440 -0.998679681
vn 0.034569161 -0.387416974 -0.921256241
vn -0.999326599 -0.002050697 -0.036635268
vn -0.999326599 -0.002050697 -0.036635268
vn -0.999326599 -0.002050697 -0.036635268
vn -0.999326599 -0.002050697 -0.036635268
vn -0.999326562 -0.002050733 -0.036636267
vn -0.999326599 -0.002050697 -0.036635268
vn 0.027972744 -0.688697417 -0.724509071
vn 0.027971730 -0.688697877 -0.724508673
vn -0.034283533 -0.303704786 0.952149170
vn -0.015947419 -0.874970459 0.483913603
vn -0.001370735 -0.995661245 0.093041959
vn -0.000731680 0.999355138 -0.035899492
vn -0.016634059 0.915232871 0.402581793
vn -0.034887726 0.362311873 0.931403754
vn -0.999326601 -0.002047699 -0.036635376
vn -0.999326601 -0.002047699 -0.036635376
vn -0.999326601 -0.002047699 -0.036635376
vn -0.999326601 -0.002047699 -0.036635376
vn 0.025425906 0.681222277 -0.731634972
vn 0.026455003 -0.732073778 -0.680711478
vn -0.000727682 0.999351224 -0.036008348
vn 0.000727682 -0.999351224 0.036008348
vn -0.866649387 -0.498724620 -0.013877790
vn -0.791342557 0.609241550 -0.051006781
vn 0.126589510 0.991469118 -0.031049706
vn 0.126590492 0.991468994 -0.031049666
vn 0.126590492 0.991468994 -0.031049666
vn 0.964263263 0.263674277 0.025927506
vn 0.383100630 -0.922495282 0.047290182
vn -0.883784793 0.016205368 0.467612901
vn -0.883784793 0.016205368 0.467612901
vn -0.999326601 -0.002047699 -0.036635376
vn -0.999326601 -0.002047699 -0.036635376
vn -0.531433493 0.030116213 0.846564502
vn -0.531433922 0.030115204 0.846564269
vn -0.036685341 0.035956442 0.998679789
vn -0.036685341 0.035956442 0.998679789
vn 0.467893054 0.032163904 0.883199623
vn 0.467893054 0.032163904 0.883199623
vn 0.915185159 0.015178092 0.402747751
vn 0.915185159 0.015178092 0.402747751
vn 0.908433816 -0.014391886 -0.417780894
vn 0.908433816 -0.014391886 -0.417780894
vn 0.235554624 -0.034823824 -0.971237005
vn 0.235554624 -0.034823824 -0.971237005
vn -0.467891830 -0.032164925 -0.883200234
vn -0.467891830 -0.032164925 -0.883200234
vn 0.235554624 -0.034823824 -0.971237005
vn 0.235554624 -0.034823824 -0.971237005
vn -0.847099437 -0.019753086 -0.531067190
vn -0.847099437 -0.019753086 -0.531067190
vn -0.982555986 -0.011621803 -0.185603522
vn -0.935721167 -0.068241849 -0.346076506
vn -0.958196037 -0.094443545 -0.270075492
vn -0.966934831 -0.140305906 -0.212958413
vn -0.940318361 -0.304907252 -0.151105750
vn -0.976030559 -0.171606320 -0.133849239
vn -0.931736403 -0.341385805 -0.123786136
vn -0.829150448 -0.105929975 -0.548897418
vn -0.786322772 -0.099595382 -0.609735400
vn -0.997844325 -0.003088563 -0.065552756
vn -0.996837010 -0.003586487 -0.079392147
vn -0.972833438 0.007628664 0.231380436
vn -0.982807409 0.006007560 0.184535920
vn -0.851674402 0.017651938 0.523773922
vn -0.858482422 0.017768368 0.512535088
vn -0.036686190 0.037158636 0.998635749
vn -0.580824158 -0.784471940 0.217363918
vn -0.010163711 -0.943925565 0.330001858
vn -0.007877843 0.987131869 0.159714161
vn -0.001653535 0.999940460 -0.010786194
vn 0.028395899 -0.675464023 -0.736846000
vn 0.027419666 -0.705147559 -0.708530227
vn 0.018614436 -0.888713954 -0.458084065
vn 0.019856533 -0.869773506 -0.493051484
vn -0.010565347 0.972213651 0.233856772
vn 0.018580823 -0.889186200 -0.457168081
vn 0.008385089 0.959276786 -0.282343298
vn 0.005143142 0.980767517 -0.195111831
vn 0.006447844 0.973104770 -0.230272735
vn 0.001141538 0.996223238 -0.086821404
vn -0.084117418 0.404283837 0.910757289
vn -0.010582346 0.972100284 0.234326806
vn 0.018614436 -0.888713954 -0.458084065
vn 0.980498515 -0.136315461 -0.141565384
vn 0.950098430 -0.301033638 -0.081802951
vn 0.939688493 -0.337551107 -0.055179582
vn 0.999980722 0.000505151 -0.006188683
vn 0.966624698 0.010002067 0.256001274
vn 0.818570023 0.021204755 0.574015222
vn 0.566555732 -0.782120412 0.259426798
vn 0.021995407 -0.832594764 -0.553445716
vn 0.021995407 -0.832594764 -0.553445716
vn 0.021995407 -0.832594764 -0.553445716
vn 0.036686343 -0.035959438 -0.998679644
vn 0.036685344 -0.035959440 -0.998679681
vn 0.036685344 -0.035959440 -0.998679681
vn 0.036686343 -0.035959438 -0.998679644
vn 0.999326598 0.002051697 0.036635232
vn -0.999326562 -0.002050733 -0.036636267
vn -0.999326562 -0.002050733 -0.036636267
vn -0.033288758 0.470679645 0.881675978
vn -0.033289716 0.470681987 0.881674691
vn -0.035909599 0.259993422 0.964942445
vn -0.035908607 0.259992485 0.964942734
vn -0.035570850 -0.190923000 0.980960306
vn -0.035570850 -0.190923000 0.980960306
vn -0.032646582 -0.406040920 0.913271576
vn -0.032646582 -0.406040920 0.913271576
vn -0.032613115 -0.407917239 0.912436250
vn -0.999326599 -0.002050697 -0.036635268
vn -0.999326598 -0.002051697 -0.036635232
vn -0.883785030 0.016205352 0.467612454
vn -0.883785030 0.016205352 0.467612454
vn -0.999326638 -0.002047663 -0.036634377
vn -0.999326638 -0.002047663 -0.036634377
vn -0.531430856 0.030116275 0.846566155
vn -0.531430856 0.030116275 0.846566155
vn -0.036685342 0.035957441 0.998679753
vn -0.036685342 0.035957441 0.998679753
vn 0.542374988 0.030646353 0.839577378
vn 0.542374331 0.030646368 0.839577801
vn 0.977583753 0.008292314 0.210383560
vn 0.977583546 0.008292348 0.210384521
vn 0.788553773 -0.021570455 -0.614587392
vn 0.788553773 -0.021570455 -0.614587392
vn 0.122740514 -0.035646833 -0.991798402
vn 0.122741588 -0.035646827 -0.991798269
vn -0.467895026 -0.032163867 -0.883198579
vn -0.467893829 -0.032163889 -0.883199212
vn 0.122741588 -0.035646827 -0.991798269
vn 0.122740514 -0.035646833 -0.991798402
vn -0.847098251 -0.019752154 -0.531069115
vn -0.847098971 -0.019752113 -0.531067969
vn 0.971652016 0.009224492 0.236235620
vn 0.789144447 0.022695469 0.613788202
vn -0.832054056 0.019359555 0.554356614
vn -0.986371429 0.005204242 0.164451571
vn -0.000727682 0.999351224 -0.036008348
vn -0.000727682 0.999351224 -0.036008348
vn -0.000727682 0.999351224 -0.036008348
vn -0.000727682 0.999351224 -0.036008348
vn -0.000727682 0.999351224 -0.036008348
vn -0.000727682 0.999351224 -0.036008348
vn -0.000727682 0.999351224 -0.036008348
vn 0.999326598 0.002052696 0.036635196
vn -0.999326599 -0.002050697 -0.036635268
vn -0.000727682 0.999351224 -0.036008348
vn -0.000727682 0.999351224 -0.036008348
vn -0.531429704 0.030114303 0.846566949
vn -0.847100171 -0.019755043 -0.531065946
vn -0.999326526 -0.002050769 -0.036637265
vn 0.883788581 -0.016207106 -0.467605682
vn 0.999326746 0.002050554 0.036631273
vn -0.036684343 0.035957443 0.998679789
vn 0.965465008 -0.256668173 0.044707570
vn 0.666818483 -0.564025834 -0.487060540
vn 0.812378823 -0.230985708 -0.535430902
vn 0.812378823 -0.230985708 -0.535430902
vn 0.204635521 -0.080206937 -0.975546591
vn -0.593178183 0.137635084 -0.793218902
vn -0.987687513 -0.112265582 -0.108948686
vn -0.958701691 0.252615878 -0.130676263
vn -0.854462506 0.240258276 0.460618918
vn -0.958701691 0.252615878 -0.130676263
vn -0.514502370 0.159479117 0.842528173
vn -0.036684344 0.035958442 0.998679753
vn 0.450962719 -0.097192087 0.887235214
vn 0.817771947 -0.204302782 0.538060792
vn 0.624638461 -0.615098104 -0.481124844
vn -0.977340887 -0.177693120 -0.115021503
vn 0.812378731 -0.230983712 -0.535431902
vn -0.958702634 0.252611841 -0.130677150
vn 0.000730680 -0.999351218 0.036008458
vn 0.000729680 -0.999351220 0.036008421
vn 0.012028971 -0.961546911 -0.274377188
vn 0.012031246 -0.961552634 -0.274357033
vn 0.947024669 -0.010873763 -0.320976693
vn 0.921874906 0.014627166 0.387211446
vn -0.010738260 -0.938387048 0.345419220
vn -0.010738260 -0.938387048 0.345419220
vn 0.000731642 -0.999351180 0.036009493
vn 0.999326599 0.002050697 0.036635268
vn 0.921875262 0.014627135 0.387210598
vn 0.999326599 0.002050697 0.036635268
vn 0.999326562 0.002050733 0.036636267
vn 0.999326562 0.002050733 0.036636267
vn 0.999326562 0.002050733 0.036636267
vn 0.999326599 0.002050697 0.036635268
vn 0.999326599 0.002050697 0.036635268
vn 0.816632303 0.021380371 0.576762136
vn 0.999332349 0.002041055 0.036478619
vn 0.999326955 0.002065328 0.036624741
vn 0.999331760 0.002048625 0.036494346
vn 0.999326222 0.002065048 0.036644751
vn -0.022130898 -0.762752290 0.646311974
vn -0.022130898 -0.762752290 0.646311974
vn -0.032005710 -0.439621929 0.897612497
vn -0.036514354 -0.042784966 0.998416821
vn -0.034938208 -0.251847858 0.967135967
vn -0.034938219 -0.251846919 0.967136211
vn -0.024600635 0.778255623 0.627465532
vn -0.024261596 0.785949417 0.617814608
vn 0.999326599 0.002050697 0.036635268
vn 0.999326599 0.002050697 0.036635268
vn 0.320106470 0.882971373 0.343356088
vn 0.473236273 0.818001277 0.326988289
vn 0.471255784 0.819234539 0.326761007
vn 0.977777456 0.008263994 0.209482586
vn 0.999325899 0.002055378 0.036654099
vn 0.809857230 0.021716398 0.586224927
vn -0.028453531 0.673725918 0.738433331
vn -0.028848021 0.660910103 0.749910413
vn 0.999326599 0.002050697 0.036635268
vn -0.033908973 -0.329858513 0.943421191
vn 0.029127983 -0.651520139 -0.758071942
vn 0.029127983 -0.651520139 -0.758071942
vn 0.036685344 -0.035959440 -0.998679681
vn 0.036685344 -0.035959440 -0.998679681
vn 0.036685344 -0.035959440 -0.998679681
vn 0.026287370 0.656595700 -0.753784492
vn 0.013928914 0.902508218 -0.430447327
vn -0.014067390 0.943559584 0.330903944
vn -0.033909924 0.433006078 0.900752937
vn -0.036685344 0.035959440 0.998679681
vn -0.036685344 0.035959440 0.998679681
vn -0.036685344 0.035959440 0.998679681
vn 0.000730606 -0.999351146 0.036010455
vn 0.000734677 -0.999351210 0.036008604
vn 0.770862366 -0.022375799 -0.636608621
vn 0.770861001 -0.022375860 -0.636610272
vn -0.947805208 0.010789984 0.318667324
vn -0.920927255 -0.014707383 -0.389456908
vn -0.999326599 -0.002050697 -0.036635268
vn -0.999326599 -0.002050697 -0.036635268
vn -0.999326599 -0.002050697 -0.036635268
vn -0.999320824 -0.002060340 -0.036791916
vn -0.999326243 -0.002036067 -0.036645795
vn -0.999321382 -0.002052805 -0.036777188
vn -0.999327262 -0.002046053 -0.036617436
vn -0.999326976 -0.002036347 -0.036625785
vn -0.022130898 -0.762752290 0.646311974
vn -0.022129898 -0.762752288 0.646312010
vn -0.032002697 -0.439622702 0.897612226
vn -0.036514350 -0.042785961 0.998416779
vn -0.916111694 0.384693044 0.112918667
vn -0.348004259 0.881600414 0.318863209
vn -0.990517193 0.004223766 0.137323891
vn 0.000731679 -0.999351216 0.036008494
vn -0.999326599 -0.002050697 -0.036635268
vn 0.000734677 -0.999351210 0.036008604
vn 0.000734677 -0.999351210 0.036008604
vn -0.722080230 -0.025440011 -0.691341411
vn -0.036688352 0.035973425 0.998679066
vn 0.999326599 0.002050697 0.036635268
vn -0.032852329 0.494621042 0.868487622
vn -0.016639324 0.915167982 0.402729063
vn -0.016639296 0.915168339 0.402728253
vn -0.032852314 0.494621823 0.868487178
vn -0.016651287 0.915168314 0.402727813
vn -0.032858332 0.494620646 0.868487620
vn -0.032859309 0.494621809 0.868486921
vn -0.016831320 0.912944878 0.407735646
vn -0.036516828 -0.044027752 0.998362699
vn -0.036553681 0.142345150 0.989141894
vn -0.036553677 0.142346139 0.989141752
vn -0.036517827 -0.044027754 0.998362662
vn -0.036553674 0.142347122 0.989141611
vn -0.036554680 0.142345148 0.989141858
vn -0.000729680 0.999351220 -0.036008421
vn -0.000728718 0.999351258 -0.036007386
vn -0.000728644 0.999351186 -0.036009383
vn -0.036508829 -0.044028729 0.998362948
vn -0.036508829 -0.044028729 0.998362948
vn -0.036685344 0.035960439 0.998679644
vn -0.036684345 0.035960441 0.998679681
vn -0.036684345 0.035960441 0.998679681
vn -0.036685344 0.035959440 0.998679681
vn -0.999326599 -0.002050697 -0.036635268
vn 0.000731275 -0.999350820 0.036019480
vn 0.005395354 -0.995789188 -0.091513837
vn 0.034171316 -0.415654989 -0.908880219
vn 0.034172298 -0.415656145 -0.908879653
vn -0.025424019 -0.681219187 0.731637915
vn -0.036685344 0.035960439 0.998679644
vn -0.026455003 0.732073778 0.680711478
vn -0.000727645 0.999351188 -0.036009347
vn 0.028586159 0.582402633 -0.812397688
vn 0.034172298 -0.415656145 -0.908879653
vn -0.315758371 0.927907114 -0.198204539
vn -0.308595280 0.934065122 -0.179697802
vn -0.311707043 0.927178836 -0.207793470
vn -0.300253792 0.930532898 -0.209657307
vn -0.315759367 0.927906990 -0.198203531
vn -0.308595299 0.934065891 -0.179693776
vn -0.311707928 0.927178544 -0.207793442
vn -0.300252900 0.930533180 -0.209657334
vn 0.025423869 0.681223322 -0.731634070
vn 0.036685344 -0.035960439 -0.998679644
vn 0.403401402 -0.032657119 -0.914440168
vn -0.000730606 0.999351146 -0.036010455
vn -0.026455966 0.732074752 0.680710393
vn -0.036684343 0.035957443 0.998679789
vn -0.025420947 -0.681221218 0.731636131
vn 0.000728571 -0.999351114 0.036011381
vn 0.026457964 -0.732074748 -0.680710320
vn 0.036685344 -0.035960439 -0.998679644
vn 0.350468444 -0.033469646 -0.935976310
vn -0.982180735 0.107709457 -0.154011936
vn -0.980366680 -0.007817122 -0.197028081
vn -0.986393916 0.158954562 -0.041958193
vn -0.990538026 0.115900828 0.073494331
vn -0.992185767 0.003768140 0.124712491
vn -0.990371655 -0.111757397 0.081696207
vn -0.986158380 -0.163003483 -0.030356448
vn -0.982014300 -0.119949760 -0.145807987
vn 0.036688343 -0.035961432 -0.998679499
vn 0.999326599 0.002050697 0.036635268
vn -0.192059204 -0.675932455 0.711497420
vn 0.208251518 0.378326477 -0.901942561
vn -0.913060982 -0.274554332 -0.301561870
vn -0.978635948 0.085801696 -0.186841512
vn -0.877358800 -0.211202784 -0.430853710
vn -0.978559386 0.086571562 -0.186887381
vn -0.147647170 -0.535033581 0.831828937
vn -0.184399807 -0.532437549 0.826139799
vn 0.183152922 0.530375795 -0.827741821
vn 0.168594741 0.520404091 -0.837111340
vn -0.151446651 -0.563886820 0.811847009
vn 0.176631424 0.539991390 -0.822928089
vn 0.901245176 0.227856068 0.368563082
vn 0.940300185 0.131378938 0.313966777
vn 0.977584708 0.086361532 0.192015165
vn -0.905439697 0.011651568 0.424314973
vn -0.634731086 0.772556660 0.016512293
vn -0.498176717 -0.710255631 0.497349875
vn -0.201313684 -0.884494489 0.420882763
vn -0.315745674 0.922831599 -0.220650198
vn -0.864478343 0.046156731 0.500546452
vn -0.621582994 0.783185480 -0.015971426
vn -0.446774139 -0.661170980 0.602698767
vn -0.162391711 -0.838896029 0.519502054
vn -0.301729351 0.898509622 -0.318810067
vn -0.397764305 0.893792449 -0.207168087
vn -0.665341219 0.745971202 0.029120942
vn -0.864224773 0.045614108 0.501033826
vn -0.446774139 -0.661170980 0.602698767
vn -0.162394680 -0.838894504 0.519503590
vn -0.762180030 -0.091510491 0.640864597
vn 0.199650928 -0.973941481 0.107598787
vn 0.738042661 0.169876070 -0.653020024
vn -0.213845364 0.972207547 -0.095302917
vn 0.425661671 -0.900381040 -0.090145017
vn 0.477796639 -0.838367032 -0.262394914
vn -0.753157198 -0.093790149 0.651120298
vn 0.254994607 -0.952435215 0.166867945
vn 0.724564969 0.169743655 -0.667976569
vn -0.269027502 0.950677118 -0.154393073
vn -0.732359506 0.031583913 0.680185276
vn 0.157363144 -0.962082510 0.222787085
vn 0.711456826 0.045853218 -0.701232249
vn -0.170984667 0.962685179 -0.209765319
vn 0.142213514 -0.675247277 0.723751637
vn -0.171619793 0.382125066 -0.908034735
vn 0.933806832 -0.270769954 -0.233855579
vn 0.989330321 0.089834166 -0.114696721
vn 0.907409470 -0.207544604 -0.365422072
vn 0.989253969 0.090604658 -0.114749208
vn -0.107040737 0.529150103 -0.841749636
vn -0.107680413 0.528960221 -0.841787392
vn 0.073043556 -0.538905551 0.839193330
vn 0.069371566 -0.539917179 0.838854592
vn -0.019231665 -0.221224153 0.975033342
vn 0.057676369 -0.317772335 0.946411211
vn -0.002960501 -0.362414953 0.932012144
vn 0.696558510 -0.158159210 0.699851346
vn -0.155775207 -0.978198783 0.137336177
vn -0.704168739 0.107213205 -0.701891527
vn 0.254541355 0.966147602 -0.042041771
vn 0.682571074 -0.158905489 0.713334265
vn -0.215889781 -0.957176123 0.192887202
vn -0.693272379 0.108476177 -0.712464966
vn 0.313328868 0.944750739 -0.096286357
vn 0.665937679 -0.034678451 0.745200921
vn -0.124294642 -0.958261095 0.257461678
vn -0.671435750 -0.016375152 -0.740881831
vn 0.218509932 0.963112547 -0.157059323
vn 0.021880721 0.680030977 -0.732856811
vn 0.022902138 -0.730979116 -0.682015414
vn -0.024097975 -0.681655781 0.731276065
vn -0.025119834 0.732478422 0.680326653
vn -0.999326601 -0.002047699 -0.036635376
vn -0.999326601 -0.002047699 -0.036635376
vn -0.999326601 -0.002047699 -0.036635376
vn -0.999326601 -0.002047699 -0.036635376
vn 0.025425906 0.681222277 -0.731634972
vn 0.026455003 -0.732073778 -0.680711478
vn -0.000727682 0.999351224 -0.036008348
vn 0.000727682 -0.999351224 0.036008348
vn -0.919782318 -0.127584080 0.371110214
vn -0.916855207 -0.148514013 0.370567292
vn -0.906970405 -0.127168691 0.401538054
vn -0.900900392 -0.101451810 0.422002386
vn -0.940808446 -0.142231890 0.307651683
vn -0.943863603 -0.141228525 0.298623513
vn 0.237041325 0.807941695 -0.539482742
vn 0.215247239 0.690031577 -0.691031873
vn 0.330367875 0.702161236 -0.630735021
vn 0.298078381 0.873260400 -0.385442021
vn 0.348200679 0.876555678 -0.332274630
vn -0.206818456 -0.131294887 -0.969529669
vn -0.425162147 -0.050195562 -0.903724269
vn -0.479517547 -0.016294542 -0.877380995
vn -0.090948259 -0.064580716 -0.993759400
vn 0.984145180 0.083252869 -0.156611699
vn 0.972129040 0.152887569 -0.177737224
vn 0.953760164 0.187008396 -0.235307054
vn 0.995022962 0.028783598 -0.095398162
vn -0.786945311 -0.027522358 -0.616408628
vn -0.964612931 0.076936843 -0.252195588
vn -0.030406156 0.605074361 0.795588137
vn 0.011545026 0.930183697 -0.366912800
vn 0.013723871 0.905114973 -0.424945338
vn -0.000727682 0.999351224 -0.036008348
vn 0.021660544 0.991158963 -0.130899701
vn -0.004130969 0.804633229 0.593757780
vn 0.004922889 0.981932213 -0.189168957
vn 0.007827318 0.963562656 -0.267368176
vn 0.031590275 -0.555919646 -0.830635541
vn 0.055568415 0.129298295 -0.990047525
vn 0.745659876 0.398242365 -0.534223145
vn 0.737272461 0.473762770 -0.481641107
vn 0.944333645 0.053524387 -0.324606079
vn 0.976492940 -0.007051422 -0.215434018
vn -0.296258981 0.932070695 0.208506199
vn -0.418390547 0.068971055 0.905644712
vn -0.418924139 0.068984780 0.905396966
vn -0.036690488 0.066374014 0.997120002
vn -0.566441596 0.072130273 0.820939183
vn 0.890631485 -0.123730033 0.437568779
vn 0.867990144 -0.097827213 0.486850024
vn 0.875647908 -0.123516056 0.466888129
vn 0.889990029 -0.144699817 0.432411506
vn 0.916314713 -0.138092416 0.375896038
vn 0.920151599 -0.136891518 0.366853850
vn -0.200207974 0.807045736 -0.555512328
vn -0.286169605 0.700897682 -0.653337123
vn -0.166893368 0.689248540 -0.705041172
vn -0.272628015 0.872090725 -0.406364039
vn -0.326520893 0.875173120 -0.357009966
vn 0.211060388 -0.107842678 -0.971505774
vn 0.228310157 -0.123896497 -0.965672890
vn 0.163732136 -0.064058856 -0.984422801
vn -0.970368579 0.079247915 -0.228264296
vn -0.934728010 0.183137772 -0.304539166
vn -0.957122944 0.148934379 -0.248463723
vn -0.985476319 0.024724402 -0.168003358
vn 0.986216985 0.021627955 -0.164037466
vn -0.000726609 0.999351154 -0.036010309
vn -0.004191556 0.979044662 -0.203602509
vn -0.042649003 0.804554746 0.592345105
vn 0.004409913 0.984501659 -0.175319813
vn -0.706165337 0.395267460 -0.587447149
vn -0.701959765 0.470814696 -0.534402481
vn -0.915007797 -0.176841668 -0.362612403
vn -0.910862240 -0.276611269 -0.306294279
vn 0.276379499 0.933244077 0.229499162
vn 0.351219320 0.070563864 0.933630404
vn 0.350669094 0.070546919 0.933838486
vn 0.504510816 0.074324740 0.860200366
vn 0.131559358 0.545733741 -0.827566807
vn 0.170423630 0.726086417 -0.666148858
vn 0.137891265 0.741938977 -0.656134554
vn 0.119782562 0.543788097 -0.830630269
vn -0.060877490 0.543409915 -0.837257186
vn -0.072848776 0.545304810 -0.835066297
vn -0.095930070 0.741433101 -0.664134307
vn -0.126054724 0.721972883 -0.680342092
vn 0.017607826 0.840073984 -0.542186007
vn 0.019016796 0.838526130 -0.544529422
vn 0.017056304 0.858057315 -0.513270617
vn 0.017053480 0.858054568 -0.513275303
vn -0.617575322 -0.480381924 -0.622763140
vn -0.745895290 -0.403050604 -0.530273918
vn 0.784362091 -0.399913235 -0.474178779
vn 0.668279938 0.564460513 0.484547473
vn -0.704268780 0.561640106 0.434241725
vn -0.745895290 -0.403050604 -0.530273918
vn 0.852304198 0.311671560 0.420045703
vn 0.710017426 -0.547938729 -0.442310303
vn -0.673473927 -0.550774402 -0.493031874
vn -0.881856702 0.308608202 0.356496473
vn -0.881795466 0.308145985 0.357047348
vn -0.999326635 -0.002051661 -0.036634233
vn 0.851835351 0.311597404 0.421050582
vn 0.999326635 0.002051661 0.036634233
f 286/286/286 285/285/285 2/2/2
f 2/2/2 2050/2050/2050 286/286/286
f 3/3/3 6/6/6 5/5/5
f 5/5/5 2051/2051/2051 3/3/3
f 2052/2052/2052 2053/2053/2053 9/9/9
f 9/9/9 8/8/8 2052/2052/2052
f 11/11/11 2054/2054/2054 21/21/21
f 21/21/21 12/12/12 11/11/11
f 2055/2055/2055 2056/2056/2056 2057/2057/2057
f 2057/2057/2057 15/15/15 2055/2055/2055
f 18/18/18 7/7/7 2058/2058/2058
f 2058/2058/2058 2059/2059/2059 18/18/18
f 23/23/23 25/25/25 24/24/24
f 24/24/24 18/18/18 23/23/23
f 18/18/18 2059/2059/2059 2060/2060/2060
f 2060/2060/2060 23/23/23 18/18/18
f 21/21/21 28/28/28 27/27/27
f 19/19/19 27/27/27 28/28/28
f 28/28/28 26/26/26 19/19/19
f 29/29/29 32/32/32 31/31/31
f 31/31/31 30/30/30 29/29/29
f 2061/2061/2061 2062/2062/2062 33/33/33
f 2063/2063/2063 34/34/34 37/37/37
f 37/37/37 2064/2064/2064 2063/2063/2063
f 2065/2065/2065 2066/2066/2066 50/50/50
f 50/50/50 66/66/66 2065/2065/2065
f 21/21/21 22/22/22 39/39/39
f 40/40/40 43/43/43 2067/2067/2067
f 2067/2067/2067 2068/2068/2068 40/40/40
f 2069/2069/2069 40/40/40 2068/2068/2068
f 2068/2068/2068 2070/2070/2070 2069/2069/2069
f 2071/2071/2071 43/43/43 39/39/39
f 39/39/39 2072/2072/2072 2071/2071/2071
f 40/40/40 2069/2069/2069 2073/2073/2073
f 2073/2073/2073 39/39/39 40/40/40
f 43/43/43 2071/2071/2071 2074/2074/2074
f 2074/2074/2074 2067/2067/2067 43/43/43
f 43/43/43 40/40/40 39/39/39
f 39/39/39 2073/2073/2073 28/28/28
f 28/28/28 21/21/21 39/39/39
f 2075/2075/2075 48/48/48 2076/2076/2076
f 22/22/22 21/21/21 2054/2054/2054
f 2054/2054/2054 2076/2076/2076 22/22/22
f 2077/2077/2077 2078/2078/2078 52/52/52
f 52/52/52 2079/2079/2079 2077/2077/2077
f 2080/2080/2080 2077/2077/2077 2079/2079/2079
f 2079/2079/2079 2081/2081/2081 2080/2080/2080
f 2082/2082/2082 2083/2083/2083 2084/2084/2084
f 2084/2084/2084 2085/2085/2085 2082/2082/2082
f 2086/2086/2086 2087/2087/2087 2088/2088/2088
f 2089/2089/2089 2087/2087/2087 2086/2086/2086
f 2090/2090/2090 2091/2091/2091 2092/2092/2092
f 2092/2092/2092 59/59/59 2090/2090/2090
f 2090/2090/2090 59/59/59 57/57/57
f 25/25/25 23/23/23 2093/2093/2093
f 2093/2093/2093 2094/2094/2094 25/25/25
f 2060/2060/2060 2095/2095/2095 2093/2093/2093
f 2093/2093/2093 23/23/23 2060/2060/2060
f 28/28/28 2096/2096/2096 2097/2097/2097
f 2097/2097/2097 26/26/26 28/28/28
f 2096/2096/2096 28/28/28 2073/2073/2073
f 2098/2098/2098 2099/2099/2099 2100/2100/2100
f 2100/2100/2100 2101/2101/2101 2098/2098/2098
f 2102/2102/2102 2092/2092/2092 2091/2091/2091
f 2091/2091/2091 2103/2103/2103 2102/2102/2102
f 60/60/60 2104/2104/2104 2105/2105/2105
f 2105/2105/2105 2106/2106/2106 60/60/60
f 68/68/68 2107/2107/2107 2108/2108/2108
f 2108/2108/2108 2109/2109/2109 68/68/68
f 2110/2110/2110 54/54/54 53/53/53
f 53/53/53 2111/2111/2111 2110/2110/2110
f 2112/2112/2112 33/33/33 2113/2113/2113
f 2113/2113/2113 2114/2114/2114 2112/2112/2112
f 2089/2089/2089 58/58/58 2087/2087/2087
f 2089/2089/2089 70/70/70 69/69/69
f 61/61/61 58/58/58 2089/2089/2089
f 2089/2089/2089 69/69/69 61/61/61
f 52/52/52 2078/2078/2078 2115/2115/2115
f 2100/2100/2100 2116/2116/2116 55/55/55
f 2061/2061/2061 2117/2117/2117 2118/2118/2118
f 2118/2118/2118 2062/2062/2062 2061/2061/2061
f 2119/2119/2119 2120/2120/2120 2121/2121/2121
f 76/76/76 75/75/75 2122/2122/2122
f 2123/2123/2123 78/78/78 77/77/77
f 77/77/77 74/74/74 2123/2123/2123
f 7/7/7 253/253/253 10/10/10
f 2124/2124/2124 2125/2125/2125 72/72/72
f 72/72/72 2126/2126/2126 2124/2124/2124
f 37/37/37 72/72/72 2125/2125/2125
f 2125/2125/2125 2064/2064/2064 37/37/37
f 2127/2127/2127 2128/2128/2128 2129/2129/2129
f 2129/2129/2129 2130/2130/2130 2127/2127/2127
f 2131/2131/2131 2132/2132/2132 84/84/84
f 84/84/84 2115/2115/2115 2131/2131/2131
f 52/52/52 87/87/87 2133/2133/2133
f 2133/2133/2133 2134/2134/2134 52/52/52
f 2135/2135/2135 2136/2136/2136 90/90/90
f 91/91/91 11/11/11 12/12/12
f 12/12/12 20/20/20 91/91/91
f 27/27/27 12/12/12 21/21/21
f 91/91/91 20/20/20 8/8/8
f 8/8/8 30/30/30 91/91/91
f 27/27/27 19/19/19 20/20/20
f 20/20/20 12/12/12 27/27/27
f 4/4/4 2137/2137/2137 2138/2138/2138
f 18/18/18 24/24/24 7/7/7
f 2139/2139/2139 2072/2072/2072 22/22/22
f 2072/2072/2072 39/39/39 22/22/22
f 2140/2140/2140 17/17/17 78/78/78
f 78/78/78 2123/2123/2123 2140/2140/2140
f 2141/2141/2141 2142/2142/2142 2143/2143/2143
f 2143/2143/2143 93/93/93 2141/2141/2141
f 96/96/96 2144/2144/2144 94/94/94
f 94/94/94 97/97/97 96/96/96
f 215/215/215 100/100/100 99/99/99
f 99/99/99 216/216/216 215/215/215
f 2145/2145/2145 105/105/105 104/104/104
f 104/104/104 103/103/103 2145/2145/2145
f 106/106/106 109/109/109 2146/2146/2146
f 2146/2146/2146 2147/2147/2147 106/106/106
f 114/114/114 113/113/113 99/99/99
f 2148/2148/2148 2149/2149/2149 116/116/116
f 116/116/116 112/112/112 2148/2148/2148
f 112/112/112 116/116/116 118/118/118
f 118/118/118 111/111/111 112/112/112
f 119/119/119 121/121/121 120/120/120
f 120/120/120 114/114/114 119/119/119
f 25/25/25 117/117/117 115/115/115
f 115/115/115 24/24/24 25/25/25
f 121/121/121 119/119/119 111/111/111
f 111/111/111 118/118/118 121/121/121
f 122/122/122 124/124/124 123/123/123
f 123/123/123 101/101/101 122/122/122
f 2150/2150/2150 182/182/182 92/92/92
f 92/92/92 2151/2151/2151 2150/2150/2150
f 2152/2152/2152 101/101/101 81/81/81
f 81/81/81 96/96/96 2152/2152/2152
f 131/131/131 123/123/123 124/124/124
f 124/124/124 132/132/132 131/131/131
f 131/131/131 132/132/132 133/133/133
f 133/133/133 128/128/128 131/131/131
f 129/129/129 128/128/128 133/133/133
f 133/133/133 130/130/130 129/129/129
f 113/113/113 114/114/114 134/134/134
f 134/134/134 135/135/135 113/113/113
f 2153/2153/2153 130/130/130 133/133/133
f 133/133/133 132/132/132 2153/2153/2153
f 42/42/42 138/138/138 137/137/137
f 137/137/137 41/41/41 42/42/42
f 41/41/41 137/137/137 2154/2154/2154
f 2154/2154/2154 2155/2155/2155 41/41/41
f 140/140/140 141/141/141 135/135/135
f 135/135/135 138/138/138 140/140/140
f 137/137/137 134/134/134 2156/2156/2156
f 2156/2156/2156 2154/2154/2154 137/137/137
f 261/261/261 140/140/140 138/138/138
f 138/138/138 42/42/42 261/261/261
f 137/137/137 138/138/138 135/135/135
f 135/135/135 134/134/134 137/137/137
f 134/134/134 114/114/114 120/120/120
f 120/120/120 2156/2156/2156 134/134/134
f 136/136/136 145/145/145 2157/2157/2157
f 2157/2157/2157 2158/2158/2158 136/136/136
f 187/187/187 122/122/122 101/101/101
f 187/187/187 216/216/216 113/113/113
f 140/140/140 262/262/262 146/146/146
f 146/146/146 141/141/141 140/140/140
f 140/140/140 261/261/261 262/262/262
f 2159/2159/2159 2160/2160/2160 2161/2161/2161
f 2162/2162/2162 85/85/85 148/148/148
f 2163/2163/2163 2164/2164/2164 2165/2165/2165
f 2165/2165/2165 2166/2166/2166 2163/2163/2163
f 2166/2166/2166 2162/2162/2162 2167/2167/2167
f 2167/2167/2167 2163/2163/2163 2166/2166/2166
f 87/87/87 151/151/151 152/152/152
f 152/152/152 2168/2168/2168 87/87/87
f 2168/2168/2168 152/152/152 2169/2169/2169
f 2169/2169/2169 2170/2170/2170 2168/2168/2168
f 2171/2171/2171 2172/2172/2172 2173/2173/2173
f 2173/2173/2173 153/153/153 2171/2171/2171
f 83/83/83 2153/2153/2153 132/132/132
f 132/132/132 124/124/124 83/83/83
f 2174/2174/2174 2175/2175/2175 2176/2176/2176
f 2174/2174/2174 2177/2177/2177 2175/2175/2175
f 158/158/158 157/157/157 2177/2177/2177
f 2178/2178/2178 160/160/160 2179/2179/2179
f 2179/2179/2179 2180/2180/2180 2178/2178/2178
f 160/160/160 2178/2178/2178 156/156/156
f 2149/2149/2149 2181/2181/2181 2182/2182/2182
f 2182/2182/2182 116/116/116 2149/2149/2149
f 2182/2182/2182 2183/2183/2183 118/118/118
f 118/118/118 116/116/116 2182/2182/2182
f 2184/2184/2184 120/120/120 121/121/121
f 121/121/121 2185/2185/2185 2184/2184/2184
f 2183/2183/2183 2185/2185/2185 121/121/121
f 121/121/121 118/118/118 2183/2183/2183
f 120/120/120 2184/2184/2184 2156/2156/2156
f 149/149/149 2186/2186/2186 2187/2187/2187
f 2187/2187/2187 2101/2101/2101 149/149/149
f 262/262/262 264/264/264 73/73/73
f 73/73/73 146/146/146 262/262/262
f 168/168/168 166/166/166 146/146/146
f 266/266/266 263/263/263 166/166/166
f 166/166/166 168/168/168 266/266/266
f 2188/2188/2188 2189/2189/2189 2180/2180/2180
f 2180/2180/2180 2179/2179/2179 2188/2188/2188
f 160/160/160 59/59/59 2190/2190/2190
f 2190/2190/2190 2191/2191/2191 160/160/160
f 2192/2192/2192 2193/2193/2193 159/159/159
f 159/159/159 2194/2194/2194 2192/2192/2192
f 169/169/169 2195/2195/2195 2196/2196/2196
f 2196/2196/2196 2197/2197/2197 169/169/169
f 2198/2198/2198 2199/2199/2199 154/154/154
f 154/154/154 155/155/155 2198/2198/2198
f 173/173/173 2200/2200/2200 2050/2050/2050
f 2050/2050/2050 2/2/2 173/173/173
f 174/174/174 173/173/173 265/265/265
f 265/265/265 266/266/266 174/174/174
f 167/167/167 173/173/173 174/174/174
f 174/174/174 146/146/146 167/167/167
f 80/80/80 81/81/81 35/35/35
f 35/35/35 36/36/36 80/80/80
f 158/158/158 2177/2177/2177 2174/2174/2174
f 156/156/156 57/57/57 59/59/59
f 59/59/59 160/160/160 156/156/156
f 136/136/136 2128/2128/2128 145/145/145
f 2129/2129/2129 2132/2132/2132 2131/2131/2131
f 2131/2131/2131 2130/2130/2130 2129/2129/2129
f 170/170/170 2201/2201/2201 2177/2177/2177
f 2177/2177/2177 157/157/157 170/170/170
f 151/151/151 87/87/87 84/84/84
f 150/150/150 149/149/149 86/86/86
f 173/173/173 2/2/2 265/265/265
f 168/168/168 146/146/146 174/174/174
f 2200/2200/2200 173/173/173 167/167/167
f 2167/2167/2167 2162/2162/2162 148/148/148
f 2202/2202/2202 2203/2203/2203 2204/2204/2204
f 2204/2204/2204 2205/2205/2205 2202/2202/2202
f 2206/2206/2206 74/74/74 77/77/77
f 77/77/77 176/176/176 2206/2206/2206
f 2207/2207/2207 2208/2208/2208 10/10/10
f 10/10/10 253/253/253 2207/2207/2207
f 115/115/115 253/253/253 24/24/24
f 2209/2209/2209 25/25/25 2094/2094/2094
f 2210/2210/2210 2211/2211/2211 34/34/34
f 34/34/34 2063/2063/2063 2210/2210/2210
f 2127/2127/2127 56/56/56 145/145/145
f 145/145/145 2128/2128/2128 2127/2127/2127
f 57/57/57 156/156/156 145/145/145
f 145/145/145 56/56/56 57/57/57
f 52/52/52 2115/2115/2115 84/84/84
f 84/84/84 87/87/87 52/52/52
f 149/149/149 2100/2100/2100 55/55/55
f 55/55/55 86/86/86 149/149/149
f 2121/2121/2121 2212/2212/2212 2213/2213/2213
f 2213/2213/2213 2119/2119/2119 2121/2121/2121
f 2135/2135/2135 90/90/90 2213/2213/2213
f 2213/2213/2213 2212/2212/2212 2135/2135/2135
f 2/2/2 285/285/285 265/265/265
f 114/114/114 99/99/99 100/100/100
f 2214/2214/2214 2215/2215/2215 2216/2216/2216
f 2216/2216/2216 2217/2217/2217 2214/2214/2214
f 111/111/111 119/119/119 217/217/217
f 2218/2218/2218 95/95/95 2219/2219/2219
f 2148/2148/2148 112/112/112 2220/2220/2220
f 166/166/166 147/147/147 141/141/141
f 141/141/141 146/146/146 166/166/166
f 147/147/147 148/148/148 141/141/141
f 113/113/113 135/135/135 141/141/141
f 141/141/141 148/148/148 113/113/113
f 129/129/129 130/130/130 143/143/143
f 143/143/143 88/88/88 129/129/129
f 176/176/176 105/105/105 2145/2145/2145
f 2145/2145/2145 2206/2206/2206 176/176/176
f 165/165/165 65/65/65 164/164/164
f 44/44/44 45/45/45 139/139/139
f 142/142/142 46/46/46 44/44/44
f 44/44/44 139/139/139 142/142/142
f 46/46/46 142/142/142 164/164/164
f 164/164/164 65/65/65 46/46/46
f 65/65/65 165/165/165 163/163/163
f 163/163/163 64/64/64 65/65/65
f 64/64/64 163/163/163 161/161/161
f 161/161/161 63/63/63 64/64/64
f 162/162/162 62/62/62 63/63/63
f 63/63/63 161/161/161 162/162/162
f 2221/2221/2221 2222/2222/2222 16/16/16
f 16/16/16 102/102/102 2221/2221/2221
f 102/102/102 16/16/16 75/75/75
f 75/75/75 76/76/76 102/102/102
f 48/48/48 2223/2223/2223 2139/2139/2139
f 2139/2139/2139 22/22/22 48/48/48
f 48/48/48 22/22/22 2076/2076/2076
f 82/82/82 83/83/83 124/124/124
f 124/124/124 122/122/122 82/82/82
f 15/15/15 107/107/107 2055/2055/2055
f 108/108/108 2150/2150/2150 2151/2151/2151
f 2151/2151/2151 103/103/103 108/108/108
f 2127/2127/2127 2224/2224/2224 2225/2225/2225
f 2225/2225/2225 56/56/56 2127/2127/2127
f 2062/2062/2062 49/49/49 13/13/13
f 2062/2062/2062 13/13/13 2226/2226/2226
f 2226/2226/2226 33/33/33 2062/2062/2062
f 49/49/49 47/47/47 13/13/13
f 149/149/149 2101/2101/2101 2100/2100/2100
f 179/179/179 31/31/31 175/175/175
f 175/175/175 180/180/180 179/179/179
f 180/180/180 6/6/6 181/181/181
f 181/181/181 179/179/179 180/180/180
f 181/181/181 6/6/6 3/3/3
f 2227/2227/2227 2228/2228/2228 2229/2229/2229
f 2229/2229/2229 71/71/71 2227/2227/2227
f 32/32/32 175/175/175 31/31/31
f 2209/2209/2209 117/117/117 25/25/25
f 2209/2209/2209 2230/2230/2230 117/117/117
f 162/162/162 177/177/177 62/62/62
f 2222/2222/2222 2221/2221/2221 93/93/93
f 93/93/93 2143/2143/2143 2222/2222/2222
f 20/20/20 2052/2052/2052 8/8/8
f 128/128/128 101/101/101 123/123/123
f 123/123/123 131/131/131 128/128/128
f 82/82/82 122/122/122 113/113/113
f 113/113/113 148/148/148 82/82/82
f 148/148/148 85/85/85 82/82/82
f 2147/2147/2147 2146/2146/2146 2231/2231/2231
f 2231/2231/2231 14/14/14 2147/2147/2147
f 252/252/252 106/106/106 2232/2232/2232
f 103/103/103 104/104/104 108/108/108
f 8/8/8 9/9/9 2233/2233/2233
f 108/108/108 2234/2234/2234 2150/2150/2150
f 107/107/107 15/15/15 29/29/29
f 29/29/29 30/30/30 107/107/107
f 30/30/30 2233/2233/2233 107/107/107
f 2234/2234/2234 2235/2235/2235 195/195/195
f 2234/2234/2234 195/195/195 2217/2217/2217
f 2234/2234/2234 2217/2217/2217 2216/2216/2216
f 2234/2234/2234 2216/2216/2216 2150/2150/2150
f 30/30/30 8/8/8 2233/2233/2233
f 2236/2236/2236 190/190/190 192/192/192
f 174/174/174 266/266/266 168/168/168
f 2237/2237/2237 205/205/205 126/126/126
f 126/126/126 182/182/182 2237/2237/2237
f 2238/2238/2238 178/178/178 127/127/127
f 127/127/127 2239/2239/2239 2238/2238/2238
f 210/210/210 178/178/178 2238/2238/2238
f 2238/2238/2238 2240/2240/2240 210/210/210
f 96/96/96 97/97/97 2241/2241/2241
f 2241/2241/2241 2152/2152/2152 96/96/96
f 2242/2242/2242 258/258/258 249/249/249
f 249/249/249 2235/2235/2235 2242/2242/2242
f 2220/2220/2220 112/112/112 110/110/110
f 2239/2239/2239 127/127/127 205/205/205
f 205/205/205 2237/2237/2237 2239/2239/2239
f 257/257/257 258/258/258 110/110/110
f 110/110/110 204/204/204 257/257/257
f 2215/2215/2215 2214/2214/2214 208/208/208
f 208/208/208 189/189/189 2215/2215/2215
f 119/119/119 114/114/114 100/100/100
f 100/100/100 211/211/211 119/119/119
f 215/215/215 214/214/214 211/211/211
f 211/211/211 100/100/100 215/215/215
f 210/210/210 2240/2240/2240 2241/2241/2241
f 2241/2241/2241 97/97/97 210/210/210
f 200/200/200 198/198/198 197/197/197
f 197/197/197 2243/2243/2243 200/200/200
f 2244/2244/2244 2243/2243/2243 197/197/197
f 197/197/197 214/214/214 2244/2244/2244
f 2245/2245/2245 2244/2244/2244 214/214/214
f 214/214/214 215/215/215 2245/2245/2245
f 203/203/203 2245/2245/2245 215/215/215
f 215/215/215 216/216/216 203/203/203
f 256/256/256 257/257/257 204/204/204
f 204/204/204 217/217/217 256/256/256
f 130/130/130 144/144/144 143/143/143
f 88/88/88 143/143/143 171/171/171
f 171/171/171 172/172/172 88/88/88
f 67/67/67 2246/2246/2246 2228/2228/2228
f 2228/2228/2228 2227/2227/2227 67/67/67
f 50/50/50 38/38/38 66/66/66
f 50/50/50 51/51/51 38/38/38
f 187/187/187 113/113/113 122/122/122
f 2247/2247/2247 2248/2248/2248 2249/2249/2249
f 2249/2249/2249 2250/2250/2250 2247/2247/2247
f 219/219/219 125/125/125 2251/2251/2251
f 2251/2251/2251 2252/2252/2252 219/219/219
f 220/220/220 2253/2253/2253 125/125/125
f 125/125/125 219/219/219 220/220/220
f 221/221/221 183/183/183 2253/2253/2253
f 2253/2253/2253 220/220/220 221/221/221
f 222/222/222 184/184/184 206/206/206
f 206/206/206 242/242/242 222/222/222
f 223/223/223 185/185/185 184/184/184
f 184/184/184 222/222/222 223/223/223
f 224/224/224 186/186/186 212/212/212
f 212/212/212 246/246/246 224/224/224
f 2254/2254/2254 2255/2255/2255 2256/2256/2256
f 2256/2256/2256 225/225/225 2254/2254/2254
f 226/226/226 188/188/188 207/207/207
f 207/207/207 243/243/243 226/226/226
f 227/227/227 2257/2257/2257 2258/2258/2258
f 2258/2258/2258 228/228/228 227/227/227
f 228/228/228 2258/2258/2258 2259/2259/2259
f 2259/2259/2259 2260/2260/2260 228/228/228
f 229/229/229 191/191/191 2261/2261/2261
f 2261/2261/2261 230/230/230 229/229/229
f 230/230/230 2261/2261/2261 2262/2262/2262
f 2262/2262/2262 244/244/244 230/230/230
f 232/232/232 194/194/194 2263/2263/2263
f 2263/2263/2263 2264/2264/2264 232/232/232
f 231/231/231 193/193/193 194/194/194
f 194/194/194 232/232/232 231/231/231
f 233/233/233 2265/2265/2265 2266/2266/2266
f 2266/2266/2266 245/245/245 233/233/233
f 234/234/234 2267/2267/2267 2268/2268/2268
f 2268/2268/2268 2269/2269/2269 234/234/234
f 235/235/235 2270/2270/2270 2271/2271/2271
f 2271/2271/2271 236/236/236 235/235/235
f 236/236/236 2271/2271/2271 2272/2272/2272
f 2272/2272/2272 2273/2273/2273 236/236/236
f 237/237/237 2274/2274/2274 2275/2275/2275
f 2275/2275/2275 238/238/238 237/237/237
f 238/238/238 2275/2275/2275 201/201/201
f 201/201/201 239/239/239 238/238/238
f 239/239/239 201/201/201 213/213/213
f 213/213/213 247/247/247 239/239/239
f 240/240/240 202/202/202 2276/2276/2276
f 2276/2276/2276 241/241/241 240/240/240
f 242/242/242 206/206/206 183/183/183
f 183/183/183 221/221/221 242/242/242
f 243/243/243 207/207/207 2257/2257/2257
f 2257/2257/2257 227/227/227 243/243/243
f 244/244/244 2262/2262/2262 193/193/193
f 193/193/193 231/231/231 244/244/244
f 245/245/245 2266/2266/2266 2267/2267/2267
f 2267/2267/2267 234/234/234 245/245/245
f 246/246/246 212/212/212 185/185/185
f 185/185/185 223/223/223 246/246/246
f 247/247/247 213/213/213 202/202/202
f 202/202/202 240/240/240 247/247/247
f 187/187/187 248/248/248 216/216/216
f 218/218/218 225/225/225 2256/2256/2256
f 2256/2256/2256 2277/2277/2277 218/218/218
f 248/248/248 187/187/187 101/101/101
f 216/216/216 99/99/99 113/113/113
f 248/248/248 203/203/203 216/216/216
f 189/189/189 208/208/208 192/192/192
f 192/192/192 190/190/190 189/189/189
f 200/200/200 199/199/199 198/198/198
f 182/182/182 126/126/126 92/92/92
f 111/111/111 217/217/217 204/204/204
f 204/204/204 112/112/112 111/111/111
f 112/112/112 204/204/204 110/110/110
f 2235/2235/2235 249/249/249 209/209/209
f 209/209/209 195/195/195 2235/2235/2235
f 196/196/196 209/209/209 249/249/249
f 249/249/249 250/250/250 196/196/196
f 197/197/197 196/196/196 250/250/250
f 250/250/250 251/251/251 197/197/197
f 214/214/214 197/197/197 251/251/251
f 251/251/251 211/211/211 214/214/214
f 79/79/79 255/255/255 2207/2207/2207
f 253/253/253 79/79/79 2207/2207/2207
f 253/253/253 7/7/7 24/24/24
f 115/115/115 79/79/79 253/253/253
f 119/119/119 256/256/256 217/217/217
f 2220/2220/2220 110/110/110 258/258/258
f 258/258/258 2242/2242/2242 2220/2220/2220
f 250/250/250 249/249/249 258/258/258
f 258/258/258 257/257/257 250/250/250
f 251/251/251 250/250/250 257/257/257
f 257/257/257 256/256/256 251/251/251
f 254/254/254 2278/2278/2278 255/255/255
f 119/119/119 211/211/211 256/256/256
f 2279/2279/2279 98/98/98 109/109/109
f 2279/2279/2279 109/109/109 106/106/106
f 252/252/252 2279/2279/2279 106/106/106
f 79/79/79 254/254/254 255/255/255
f 2136/2136/2136 1/1/1 90/90/90
f 2135/2135/2135 2280/2280/2280 2136/2136/2136
f 73/73/73 167/167/167 146/146/146
f 101/101/101 128/128/128 35/35/35
f 101/101/101 35/35/35 81/81/81
f 129/129/129 88/88/88 89/89/89
f 129/129/129 89/89/89 35/35/35
f 35/35/35 128/128/128 129/129/129
f 286/286/286 259/259/259 260/260/260
f 260/260/260 285/285/285 286/286/286
f 271/271/271 272/272/272 273/273/273
f 273/273/273 262/262/262 271/271/271
f 261/261/261 271/271/271 262/262/262
f 2281/2281/2281 2282/2282/2282 2283/2283/2283
f 269/269/269 268/268/268 275/275/275
f 277/277/277 278/278/278 279/279/279
f 279/279/279 280/280/280 277/277/277
f 268/268/268 278/278/278 276/276/276
f 277/277/277 276/276/276 278/278/278
f 262/262/262 273/273/273 267/267/267
f 267/267/267 264/264/264 262/262/262
f 281/281/281 283/283/283 273/273/273
f 263/263/263 266/266/266 281/281/281
f 283/283/283 281/281/281 266/266/266
f 284/284/284 260/260/260 259/259/259
f 259/259/259 270/270/270 284/284/284
f 283/283/283 266/266/266 265/265/265
f 265/265/265 284/284/284 283/283/283
f 282/282/282 273/273/273 283/283/283
f 283/283/283 284/284/284 282/282/282
f 260/260/260 284/284/284 265/265/265
f 284/284/284 270/270/270 282/282/282
f 268/268/268 276/276/276 275/275/275
f 285/285/285 260/260/260 265/265/265
f 281/281/281 273/273/273 272/272/272
f 272/272/272 274/274/274 281/281/281
f 275/275/275 274/274/274 272/272/272
f 282/282/282 267/267/267 273/273/273
f 2284/2284/2284 288/288/288 289/289/289
f 289/289/289 2285/2285/2285 2284/2284/2284
f 290/290/290 2286/2286/2286 2287/2287/2287
f 2287/2287/2287 287/287/287 290/290/290
f 290/290/290 287/287/287 289/289/289
f 289/289/289 288/288/288 290/290/290
f 293/293/293 289/289/289 287/287/287
f 287/287/287 291/291/291 293/293/293
f 294/294/294 290/290/290 288/288/288
f 288/288/288 292/292/292 294/294/294
f 295/295/295 298/298/298 2288/2288/2288
f 2288/2288/2288 2289/2289/2289 295/295/295
f 2290/2290/2290 302/302/302 301/301/301
f 301/301/301 2291/2291/2291 2290/2290/2290
f 302/302/302 299/299/299 297/297/297
f 303/303/303 302/302/302 297/297/297
f 297/297/297 298/298/298 303/303/303
f 304/304/304 295/295/295 300/300/300
f 300/300/300 301/301/301 304/304/304
f 295/295/295 296/296/296 300/300/300
f 295/295/295 304/304/304 303/303/303
f 303/303/303 298/298/298 295/295/295
f 304/304/304 301/301/301 302/302/302
f 302/302/302 303/303/303 304/304/304
f 2292/2292/2292 308/308/308 307/307/307
f 307/307/307 2293/2293/2293 2292/2292/2292
f 2294/2294/2294 306/306/306 2295/2295/2295
f 2295/2295/2295 2296/2296/2296 2294/2294/2294
f 309/309/309 310/310/310 312/312/312
f 311/311/311 2293/2293/2293 307/307/307
f 2294/2294/2294 313/313/313 305/305/305
f 305/305/305 306/306/306 2294/2294/2294
f 2297/2297/2297 315/315/315 308/308/308
f 308/308/308 2292/2292/2292 2297/2297/2297
f 317/317/317 316/316/316 2298/2298/2298
f 2298/2298/2298 309/309/309 317/317/317
f 315/315/315 2297/2297/2297 2298/2298/2298
f 2298/2298/2298 316/316/316 315/315/315
f 314/314/314 305/305/305 313/313/313
f 309/309/309 312/312/312 317/317/317
f 318/318/318 321/321/321 320/320/320
f 320/320/320 319/319/319 318/318/318
f 323/323/323 332/332/332 322/322/322
f 324/324/324 327/327/327 2299/2299/2299
f 2299/2299/2299 325/325/325 324/324/324
f 328/328/328 2300/2300/2300 2301/2301/2301
f 2301/2301/2301 2302/2302/2302 328/328/328
f 2303/2303/2303 327/327/327 329/329/329
f 327/327/327 2303/2303/2303 2304/2304/2304
f 327/327/327 2304/2304/2304 2305/2305/2305
f 2305/2305/2305 2299/2299/2299 327/327/327
f 326/326/326 335/335/335 2306/2306/2306
f 2306/2306/2306 2307/2307/2307 326/326/326
f 336/336/336 2308/2308/2308 324/324/324
f 324/324/324 325/325/325 336/336/336
f 2309/2309/2309 2310/2310/2310 2311/2311/2311
f 2312/2312/2312 2313/2313/2313 342/342/342
f 342/342/342 341/341/341 2312/2312/2312
f 344/344/344 338/338/338 2314/2314/2314
f 2314/2314/2314 2315/2315/2315 344/344/344
f 332/332/332 345/345/345 2316/2316/2316
f 2316/2316/2316 333/333/333 332/332/332
f 345/345/345 2317/2317/2317 2318/2318/2318
f 2318/2318/2318 2316/2316/2316 345/345/345
f 328/328/328 2319/2319/2319 2320/2320/2320
f 2320/2320/2320 2300/2300/2300 328/328/328
f 346/346/346 2321/2321/2321 2322/2322/2322
f 2322/2322/2322 347/347/347 346/346/346
f 2323/2323/2323 2324/2324/2324 2325/2325/2325
f 2325/2325/2325 2326/2326/2326 2323/2323/2323
f 348/348/348 2327/2327/2327 2328/2328/2328
f 2328/2328/2328 350/350/350 348/348/348
f 2329/2329/2329 2330/2330/2330 2331/2331/2331
f 2331/2331/2331 2332/2332/2332 2329/2329/2329
f 350/350/350 346/346/346 347/347/347
f 347/347/347 348/348/348 350/350/350
f 2333/2333/2333 329/329/329 327/327/327
f 327/327/327 324/324/324 2333/2333/2333
f 2312/2312/2312 341/341/341 352/352/352
f 352/352/352 2334/2334/2334 2312/2312/2312
f 353/353/353 354/354/354 323/323/323
f 323/323/323 352/352/352 353/353/353
f 341/341/341 355/355/355 353/353/353
f 353/353/353 352/352/352 341/341/341
f 354/354/354 356/356/356 332/332/332
f 332/332/332 323/323/323 354/354/354
f 356/356/356 345/345/345 332/332/332
f 2308/2308/2308 2333/2333/2333 324/324/324
f 322/322/322 332/332/332 333/333/333
f 339/339/339 2335/2335/2335 334/334/334
f 334/334/334 330/330/330 331/331/331
f 331/331/331 339/339/339 334/334/334
f 2336/2336/2336 2324/2324/2324 2323/2323/2323
f 343/343/343 351/351/351 2337/2337/2337
f 322/322/322 2334/2334/2334 352/352/352
f 352/352/352 323/323/323 322/322/322
f 340/340/340 351/351/351 343/343/343
f 358/358/358 355/355/355 342/342/342
f 342/342/342 355/355/355 341/341/341
f 356/356/356 359/359/359 345/345/345
f 359/359/359 358/358/358 342/342/342
f 342/342/342 345/345/345 359/359/359
f 344/344/344 349/349/349 357/357/357
f 357/357/357 337/337/337 338/338/338
f 338/338/338 344/344/344 357/357/357
f 211/211/211 251/251/251 256/256/256
f 367/367/367 364/364/364 365/365/365
f 365/365/365 362/362/362 367/367/367
f 366/366/366 361/361/361 360/360/360
f 360/360/360 363/363/363 366/366/366
f 366/366/366 363/363/363 365/365/365
f 365/365/365 364/364/364 366/366/366
f 2338/2338/2338 360/360/360 361/361/361
f 361/361/361 2339/2339/2339 2338/2338/2338
f 2340/2340/2340 2341/2341/2341 367/367/367
f 367/367/367 362/362/362 2340/2340/2340
f 370/370/370 362/362/362 365/365/365
f 365/365/365 371/371/371 370/370/370
f 369/369/369 361/361/361 366/366/366
f 366/366/366 372/372/372 369/369/369
f 371/371/371 363/363/363 360/360/360
f 360/360/360 368/368/368 371/371/371
f 372/372/372 364/364/364 367/367/367
f 367/367/367 373/373/373 372/372/372
f 371/371/371 365/365/365 363/363/363
f 372/372/372 366/366/366 364/364/364
f 377/377/377 375/375/375 374/374/374
f 374/374/374 376/376/376 377/377/377
f 378/378/378 386/386/386 377/377/377
f 377/377/377 376/376/376 378/378/378
f 387/387/387 379/379/379 374/374/374
f 374/374/374 375/375/375 387/387/387
f 2342/2342/2342 376/376/376 374/374/374
f 374/374/374 380/380/380 2342/2342/2342
f 381/381/381 375/375/375 377/377/377
f 377/377/377 2343/2343/2343 381/381/381
f 384/384/384 378/378/378 376/376/376
f 376/376/376 382/382/382 384/384/384
f 383/383/383 377/377/377 386/386/386
f 386/386/386 388/388/388 383/383/383
f 380/380/380 374/374/374 379/379/379
f 379/379/379 389/389/389 380/380/380
f 385/385/385 387/387/387 375/375/375
f 375/375/375 381/381/381 385/385/385
f 388/388/388 386/386/386 378/378/378
f 378/378/378 384/384/384 388/388/388
f 392/392/392 387/387/387 385/385/385
f 385/385/385 391/391/391 392/392/392
f 390/390/390 379/379/379 387/387/387
f 387/387/387 392/392/392 390/390/390
f 393/393/393 389/389/389 379/379/379
f 379/379/379 390/390/390 393/393/393
f 396/396/396 392/392/392 391/391/391
f 391/391/391 395/395/395 396/396/396
f 394/394/394 390/390/390 392/392/392
f 392/392/392 396/396/396 394/394/394
f 397/397/397 393/393/393 390/390/390
f 390/390/390 394/394/394 397/397/397
f 400/400/400 396/396/396 395/395/395
f 395/395/395 2344/2344/2344 400/400/400
f 398/398/398 394/394/394 396/396/396
f 396/396/396 400/400/400 398/398/398
f 2345/2345/2345 397/397/397 394/394/394
f 394/394/394 398/398/398 2345/2345/2345
f 398/398/398 400/400/400 399/399/399
f 399/399/399 401/401/401 398/398/398
f 409/409/409 403/403/403 402/402/402
f 402/402/402 404/404/404 409/409/409
f 407/407/407 405/405/405 408/408/408
f 408/408/408 406/406/406 407/407/407
f 408/408/408 405/405/405 409/409/409
f 409/409/409 404/404/404 408/408/408
f 417/417/417 414/414/414 415/415/415
f 415/415/415 412/412/412 417/417/417
f 416/416/416 411/411/411 410/410/410
f 410/410/410 413/413/413 416/416/416
f 416/416/416 413/413/413 415/415/415
f 415/415/415 414/414/414 416/416/416
f 2346/2346/2346 410/410/410 411/411/411
f 411/411/411 2347/2347/2347 2346/2346/2346
f 2348/2348/2348 2349/2349/2349 417/417/417
f 417/417/417 412/412/412 2348/2348/2348
f 420/420/420 412/412/412 415/415/415
f 415/415/415 421/421/421 420/420/420
f 419/419/419 411/411/411 416/416/416
f 416/416/416 422/422/422 419/419/419
f 421/421/421 413/413/413 410/410/410
f 410/410/410 418/418/418 421/421/421
f 422/422/422 414/414/414 417/417/417
f 417/417/417 423/423/423 422/422/422
f 421/421/421 415/415/415 413/413/413
f 422/422/422 416/416/416 414/414/414
f 424/424/424 427/427/427 426/426/426
f 426/426/426 425/425/425 424/424/424
f 2350/2350/2350 424/424/424 425/425/425
f 425/425/425 2351/2351/2351 2350/2350/2350
f 430/430/430 2352/2352/2352 2353/2353/2353
f 2353/2353/2353 431/431/431 430/430/430
f 425/425/425 426/426/426 430/430/430
f 430/430/430 433/433/433 425/425/425
f 2351/2351/2351 425/425/425 433/433/433
f 433/433/433 2354/2354/2354 2351/2351/2351
f 427/427/427 2355/2355/2355 2356/2356/2356
f 2356/2356/2356 426/426/426 427/427/427
f 426/426/426 2356/2356/2356 2352/2352/2352
f 2352/2352/2352 430/430/430 426/426/426
f 430/430/430 431/431/431 434/434/434
f 434/434/434 433/433/433 430/430/430
f 434/434/434 2357/2357/2357 2354/2354/2354
f 2354/2354/2354 433/433/433 434/434/434
f 428/428/428 435/435/435 436/436/436
f 436/436/436 429/429/429 428/428/428
f 435/435/435 438/438/438 437/437/437
f 437/437/437 436/436/436 435/435/435
f 437/437/437 438/438/438 439/439/439
f 439/439/439 432/432/432 437/437/437
f 443/443/443 441/441/441 440/440/440
f 440/440/440 442/442/442 443/443/443
f 445/445/445 443/443/443 442/442/442
f 442/442/442 444/444/444 445/445/445
f 446/446/446 440/440/440 441/441/441
f 441/441/441 447/447/447 446/446/446
f 450/450/450 442/442/442 440/440/440
f 440/440/440 448/448/448 450/450/450
f 449/449/449 441/441/441 443/443/443
f 443/443/443 451/451/451 449/449/449
f 2358/2358/2358 444/444/444 442/442/442
f 442/442/442 450/450/450 2358/2358/2358
f 451/451/451 443/443/443 445/445/445
f 445/445/445 2359/2359/2359 451/451/451
f 453/453/453 445/445/445 444/444/444
f 444/444/444 452/452/452 453/453/453
f 448/448/448 440/440/440 446/446/446
f 446/446/446 2360/2360/2360 448/448/448
f 2361/2361/2361 447/447/447 441/441/441
f 441/441/441 449/449/449 2361/2361/2361
f 454/454/454 446/446/446 447/447/447
f 447/447/447 455/455/455 454/454/454
f 458/458/458 457/457/457 456/456/456
f 456/456/456 459/459/459 458/458/458
f 2362/2362/2362 456/456/456 457/457/457
f 457/457/457 2363/2363/2363 2362/2362/2362
f 461/461/461 457/457/457 458/458/458
f 458/458/458 2364/2364/2364 461/461/461
f 462/462/462 458/458/458 459/459/459
f 459/459/459 2365/2365/2365 462/462/462
f 463/463/463 459/459/459 456/456/456
f 456/456/456 460/460/460 463/463/463
f 464/464/464 2366/2366/2366 2367/2367/2367
f 2367/2367/2367 2368/2368/2368 464/464/464
f 2369/2369/2369 471/471/471 2370/2370/2370
f 2370/2370/2370 2371/2371/2371 2369/2369/2369
f 2372/2372/2372 475/475/475 2373/2373/2373
f 2373/2373/2373 2374/2374/2374 2372/2372/2372
f 476/476/476 2375/2375/2375 2376/2376/2376
f 2376/2376/2376 2377/2377/2377 476/476/476
f 468/468/468 2375/2375/2375 2368/2368/2368
f 2368/2368/2368 474/474/474 468/468/468
f 481/481/481 480/480/480 467/467/467
f 464/464/464 484/484/484 2378/2378/2378
f 2378/2378/2378 2379/2379/2379 464/464/464
f 482/482/482 481/481/481 467/467/467
f 467/467/467 2380/2380/2380 482/482/482
f 481/481/481 482/482/482 2381/2381/2381
f 2381/2381/2381 485/485/485 481/481/481
f 2368/2368/2368 2375/2375/2375 484/484/484
f 484/484/484 464/464/464 2368/2368/2368
f 2374/2374/2374 2373/2373/2373 2382/2382/2382
f 2382/2382/2382 2383/2383/2383 2374/2374/2374
f 2371/2371/2371 2384/2384/2384 479/479/479
f 479/479/479 2369/2369/2369 2371/2371/2371
f 2385/2385/2385 468/468/468 474/474/474
f 474/474/474 2386/2386/2386 2385/2385/2385
f 2387/2387/2387 2388/2388/2388 2389/2389/2389
f 2389/2389/2389 2390/2390/2390 2387/2387/2387
f 2391/2391/2391 2390/2390/2390 2389/2389/2389
f 2389/2389/2389 477/477/477 2391/2391/2391
f 2388/2388/2388 2387/2387/2387 2392/2392/2392
f 2392/2392/2392 483/483/483 2388/2388/2388
f 2393/2393/2393 485/485/485 2381/2381/2381
f 2381/2381/2381 2394/2394/2394 2393/2393/2393
f 482/482/482 483/483/483 2392/2392/2392
f 2392/2392/2392 2381/2381/2381 482/482/482
f 2395/2395/2395 2396/2396/2396 2397/2397/2397
f 2397/2397/2397 2398/2398/2398 2395/2395/2395
f 466/466/466 2399/2399/2399 2400/2400/2400
f 2400/2400/2400 2401/2401/2401 466/466/466
f 2401/2401/2401 465/465/465 466/466/466
f 2399/2399/2399 2402/2402/2402 2400/2400/2400
f 2375/2375/2375 476/476/476 484/484/484
f 2384/2384/2384 478/478/478 479/479/479
f 2370/2370/2370 471/471/471 475/475/475
f 475/475/475 2372/2372/2372 2370/2370/2370
f 2403/2403/2403 2404/2404/2404 488/488/488
f 488/488/488 2405/2405/2405 2403/2403/2403
f 2406/2406/2406 2407/2407/2407 491/491/491
f 491/491/491 2408/2408/2408 2406/2406/2406
f 2408/2408/2408 2409/2409/2409 2410/2410/2410
f 2410/2410/2410 2406/2406/2406 2408/2408/2408
f 2404/2404/2404 2403/2403/2403 2411/2411/2411
f 2411/2411/2411 486/486/486 2404/2404/2404
f 489/489/489 2412/2412/2412 487/487/487
f 487/487/487 490/490/490 489/489/489
f 2413/2413/2413 489/489/489 490/490/490
f 490/490/490 2414/2414/2414 2413/2413/2413
f 2407/2407/2407 2405/2405/2405 488/488/488
f 488/488/488 491/491/491 2407/2407/2407
f 478/478/478 2384/2384/2384 486/486/486
f 486/486/486 2415/2415/2415 478/478/478
f 486/486/486 2411/2411/2411 2415/2415/2415
f 492/492/492 493/493/493 494/494/494
f 494/494/494 495/495/495 492/492/492
f 500/500/500 501/501/501 502/502/502
f 502/502/502 503/503/503 500/500/500
f 496/496/496 498/498/498 493/493/493
f 493/493/493 503/503/503 496/496/496
f 492/492/492 504/504/504 505/505/505
f 505/505/505 506/506/506 492/492/492
f 493/493/493 492/492/492 506/506/506
f 506/506/506 503/503/503 493/493/493
f 497/497/497 499/499/499 498/498/498
f 498/498/498 496/496/496 497/497/497
f 500/500/500 503/503/503 506/506/506
f 507/507/507 469/469/469 508/508/508
f 473/473/473 508/508/508 469/469/469
f 469/469/469 470/470/470 473/473/473
f 472/472/472 473/473/473 470/470/470
f 511/511/511 512/512/512 510/510/510
f 510/510/510 509/509/509 511/511/511
f 512/512/512 514/514/514 513/513/513
f 513/513/513 510/510/510 512/512/512
f 514/514/514 2416/2416/2416 2417/2417/2417
f 2417/2417/2417 513/513/513 514/514/514
f 516/516/516 518/518/518 517/517/517
f 517/517/517 515/515/515 516/516/516
f 518/518/518 520/520/520 519/519/519
f 519/519/519 517/517/517 518/518/518
f 520/520/520 522/522/522 521/521/521
f 521/521/521 519/519/519 520/520/520
f 522/522/522 524/524/524 523/523/523
f 523/523/523 521/521/521 522/522/522
f 524/524/524 511/511/511 509/509/509
f 509/509/509 523/523/523 524/524/524
f 527/527/527 526/526/526 528/528/528
f 528/528/528 525/525/525 527/527/527
f 525/525/525 528/528/528 530/530/530
f 530/530/530 529/529/529 525/525/525
f 529/529/529 530/530/530 2418/2418/2418
f 2418/2418/2418 2419/2419/2419 529/529/529
f 531/531/531 532/532/532 534/534/534
f 534/534/534 533/533/533 531/531/531
f 533/533/533 534/534/534 536/536/536
f 536/536/536 535/535/535 533/533/533
f 535/535/535 536/536/536 538/538/538
f 538/538/538 537/537/537 535/535/535
f 537/537/537 538/538/538 540/540/540
f 540/540/540 539/539/539 537/537/537
f 539/539/539 540/540/540 526/526/526
f 526/526/526 527/527/527 539/539/539
f 527/527/527 525/525/525 512/512/512
f 512/512/512 511/511/511 527/527/527
f 529/529/529 514/514/514 512/512/512
f 512/512/512 525/525/525 529/529/529
f 2419/2419/2419 2416/2416/2416 514/514/514
f 514/514/514 529/529/529 2419/2419/2419
f 533/533/533 518/518/518 516/516/516
f 516/516/516 531/531/531 533/533/533
f 535/535/535 520/520/520 518/518/518
f 518/518/518 533/533/533 535/535/535
f 537/537/537 522/522/522 520/520/520
f 520/520/520 535/535/535 537/537/537
f 539/539/539 524/524/524 522/522/522
f 522/522/522 537/537/537 539/539/539
f 527/527/527 511/511/511 524/524/524
f 524/524/524 539/539/539 527/527/527
f 552/552/552 542/542/542 541/541/541
f 541/541/541 2040/2040/2040 552/552/552
f 553/553/553 543/543/543 2036/2036/2036
f 2036/2036/2036 2041/2041/2041 553/553/553
f 554/554/554 544/544/544 2037/2037/2037
f 2037/2037/2037 2042/2042/2042 554/554/554
f 555/555/555 545/545/545 544/544/544
f 544/544/544 554/554/554 555/555/555
f 556/556/556 546/546/546 545/545/545
f 545/545/545 555/555/555 556/556/556
f 557/557/557 547/547/547 546/546/546
f 546/546/546 556/556/556 557/557/557
f 2420/2420/2420 2421/2421/2421 547/547/547
f 547/547/547 557/557/557 2420/2420/2420
f 559/559/559 549/549/549 548/548/548
f 548/548/548 558/558/558 559/559/559
f 560/560/560 2039/2039/2039 2038/2038/2038
f 2038/2038/2038 2043/2043/2043 560/560/560
f 551/551/551 2035/2035/2035 550/550/550
f 550/550/550 2044/2044/2044 551/551/551
f 561/561/561 541/541/541 542/542/542
f 542/542/542 2046/2046/2046 561/561/561
f 562/562/562 2036/2036/2036 543/543/543
f 543/543/543 2047/2047/2047 562/562/562
f 563/563/563 2037/2037/2037 544/544/544
f 544/544/544 564/564/564 563/563/563
f 564/564/564 544/544/544 545/545/545
f 545/545/545 565/565/565 564/564/564
f 565/565/565 545/545/545 546/546/546
f 546/546/546 566/566/566 565/565/565
f 566/566/566 546/546/546 547/547/547
f 547/547/547 567/567/567 566/566/566
f 567/567/567 547/547/547 2421/2421/2421
f 2421/2421/2421 2422/2422/2422 567/567/567
f 568/568/568 548/548/548 549/549/549
f 549/549/549 2048/2048/2048 568/568/568
f 569/569/569 2038/2038/2038 2039/2039/2039
f 2039/2039/2039 2049/2049/2049 569/569/569
f 570/570/570 550/550/550 2035/2035/2035
f 2035/2035/2035 2045/2045/2045 570/570/570
f 571/571/571 2423/2423/2423 2424/2424/2424
f 2424/2424/2424 2425/2425/2425 571/571/571
f 575/575/575 2426/2426/2426 2423/2423/2423
f 2423/2423/2423 571/571/571 575/575/575
f 577/577/577 2427/2427/2427 2426/2426/2426
f 2426/2426/2426 575/575/575 577/577/577
f 579/579/579 2428/2428/2428 2427/2427/2427
f 2427/2427/2427 577/577/577 579/579/579
f 581/581/581 2429/2429/2429 2428/2428/2428
f 2428/2428/2428 579/579/579 581/581/581
f 583/583/583 2430/2430/2430 2429/2429/2429
f 2429/2429/2429 581/581/581 583/583/583
f 585/585/585 2431/2431/2431 2430/2430/2430
f 2430/2430/2430 583/583/583 585/585/585
f 2431/2431/2431 585/585/585 572/572/572
f 572/572/572 2432/2432/2432 2431/2431/2431
f 2425/2425/2425 2433/2433/2433 587/587/587
f 587/587/587 571/571/571 2425/2425/2425
f 571/571/571 587/587/587 589/589/589
f 589/589/589 575/575/575 571/571/571
f 575/575/575 589/589/589 590/590/590
f 590/590/590 577/577/577 575/575/575
f 577/577/577 590/590/590 591/591/591
f 591/591/591 579/579/579 577/577/577
f 579/579/579 591/591/591 592/592/592
f 592/592/592 581/581/581 579/579/579
f 581/581/581 592/592/592 593/593/593
f 593/593/593 583/583/583 581/581/581
f 583/583/583 593/593/593 594/594/594
f 594/594/594 585/585/585 583/583/583
f 588/588/588 572/572/572 585/585/585
f 585/585/585 594/594/594 588/588/588
f 597/597/597 2434/2434/2434 2435/2435/2435
f 597/597/597 2436/2436/2436 2434/2434/2434
f 597/597/597 2437/2437/2437 2436/2436/2436
f 597/597/597 2438/2438/2438 2437/2437/2437
f 597/597/597 2439/2439/2439 2438/2438/2438
f 597/597/597 2440/2440/2440 2439/2439/2439
f 597/597/597 2441/2441/2441 2440/2440/2440
f 597/597/597 2435/2435/2435 2441/2441/2441
f 2442/2442/2442 596/596/596 587/587/587
f 587/587/587 2433/2433/2433 2442/2442/2442
f 596/596/596 598/598/598 589/589/589
f 589/589/589 587/587/587 596/596/596
f 598/598/598 599/599/599 590/590/590
f 590/590/590 589/589/589 598/598/598
f 599/599/599 600/600/600 591/591/591
f 591/591/591 590/590/590 599/599/599
f 600/600/600 601/601/601 592/592/592
f 592/592/592 591/591/591 600/600/600
f 601/601/601 602/602/602 593/593/593
f 593/593/593 592/592/592 601/601/601
f 602/602/602 603/603/603 594/594/594
f 594/594/594 593/593/593 602/602/602
f 603/603/603 595/595/595 588/588/588
f 588/588/588 594/594/594 603/603/603
f 604/604/604 2443/2443/2443 574/574/574
f 604/604/604 574/574/574 576/576/576
f 604/604/604 576/576/576 578/578/578
f 604/604/604 578/578/578 580/580/580
f 604/604/604 580/580/580 582/582/582
f 604/604/604 582/582/582 584/584/584
f 604/604/604 584/584/584 586/586/586
f 604/604/604 586/586/586 573/573/573
f 2444/2444/2444 606/606/606 605/605/605
f 605/605/605 2445/2445/2445 2444/2444/2444
f 2446/2446/2446 607/607/607 606/606/606
f 606/606/606 2444/2444/2444 2446/2446/2446
f 2447/2447/2447 608/608/608 607/607/607
f 607/607/607 2446/2446/2446 2447/2447/2447
f 2448/2448/2448 609/609/609 608/608/608
f 608/608/608 2447/2447/2447 2448/2448/2448
f 2449/2449/2449 610/610/610 609/609/609
f 609/609/609 2448/2448/2448 2449/2449/2449
f 2450/2450/2450 612/612/612 611/611/611
f 611/611/611 2451/2451/2451 2450/2450/2450
f 2452/2452/2452 613/613/613 612/612/612
f 612/612/612 2450/2450/2450 2452/2452/2452
f 2453/2453/2453 614/614/614 613/613/613
f 613/613/613 2452/2452/2452 2453/2453/2453
f 2454/2454/2454 615/615/615 614/614/614
f 614/614/614 2453/2453/2453 2454/2454/2454
f 2455/2455/2455 616/616/616 615/615/615
f 615/615/615 2454/2454/2454 2455/2455/2455
f 2456/2456/2456 617/617/617 616/616/616
f 616/616/616 2455/2455/2455 2456/2456/2456
f 2457/2457/2457 618/618/618 617/617/617
f 617/617/617 2456/2456/2456 2457/2457/2457
f 2458/2458/2458 619/619/619 618/618/618
f 618/618/618 2457/2457/2457 2458/2458/2458
f 2459/2459/2459 620/620/620 619/619/619
f 619/619/619 2458/2458/2458 2459/2459/2459
f 2460/2460/2460 621/621/621 620/620/620
f 620/620/620 2459/2459/2459 2460/2460/2460
f 2461/2461/2461 622/622/622 621/621/621
f 621/621/621 2460/2460/2460 2461/2461/2461
f 2451/2451/2451 611/611/611 622/622/622
f 622/622/622 2461/2461/2461 2451/2451/2451
f 636/636/636 624/624/624 623/623/623
f 623/623/623 635/635/635 636/636/636
f 637/637/637 625/625/625 624/624/624
f 624/624/624 636/636/636 637/637/637
f 638/638/638 626/626/626 625/625/625
f 625/625/625 637/637/637 638/638/638
f 639/639/639 627/627/627 626/626/626
f 626/626/626 638/638/638 639/639/639
f 640/640/640 628/628/628 627/627/627
f 627/627/627 639/639/639 640/640/640
f 2462/2462/2462 2463/2463/2463 628/628/628
f 628/628/628 640/640/640 2462/2462/2462
f 642/642/642 630/630/630 629/629/629
f 629/629/629 641/641/641 642/642/642
f 643/643/643 631/631/631 630/630/630
f 630/630/630 642/642/642 643/643/643
f 644/644/644 632/632/632 631/631/631
f 631/631/631 643/643/643 644/644/644
f 645/645/645 633/633/633 632/632/632
f 632/632/632 644/644/644 645/645/645
f 646/646/646 634/634/634 633/633/633
f 633/633/633 645/645/645 646/646/646
f 635/635/635 623/623/623 634/634/634
f 634/634/634 646/646/646 635/635/635
f 650/650/650 648/648/648 653/653/653
f 653/653/653 649/649/649 650/650/650
f 651/651/651 647/647/647 654/654/654
f 654/654/654 652/652/652 651/651/651
f 654/654/654 647/647/647 653/653/653
f 653/653/653 648/648/648 654/654/654
f 655/655/655 673/673/673 2464/2464/2464
f 2464/2464/2464 2465/2465/2465 655/655/655
f 2466/2466/2466 655/655/655 2465/2465/2465
f 2465/2465/2465 2467/2467/2467 2466/2466/2466
f 659/659/659 657/657/657 2468/2468/2468
f 2468/2468/2468 2469/2469/2469 659/659/659
f 661/661/661 659/659/659 2469/2469/2469
f 2469/2469/2469 2470/2470/2470 661/661/661
f 663/663/663 661/661/661 2470/2470/2470
f 2470/2470/2470 2471/2471/2471 663/663/663
f 665/665/665 663/663/663 2471/2471/2471
f 2471/2471/2471 2472/2472/2472 665/665/665
f 667/667/667 665/665/665 2472/2472/2472
f 2472/2472/2472 2473/2473/2473 667/667/667
f 669/669/669 667/667/667 2473/2473/2473
f 2473/2473/2473 2474/2474/2474 669/669/669
f 671/671/671 669/669/669 2474/2474/2474
f 2474/2474/2474 2475/2475/2475 671/671/671
f 673/673/673 671/671/671 2475/2475/2475
f 2475/2475/2475 2464/2464/2464 673/673/673
f 666/666/666 664/664/664 662/662/662
f 660/660/660 668/668/668 666/666/666
f 666/666/666 662/662/662 660/660/660
f 658/658/658 670/670/670 668/668/668
f 668/668/668 660/660/660 658/658/658
f 658/658/658 672/672/672 670/670/670
f 656/656/656 674/674/674 672/672/672
f 672/672/672 658/658/658 656/656/656
f 2476/2476/2476 2477/2477/2477 678/678/678
f 678/678/678 2478/2478/2478 2476/2476/2476
f 2479/2479/2479 2476/2476/2476 2478/2478/2478
f 675/675/675 680/680/680 682/682/682
f 682/682/682 677/677/677 675/675/675
f 679/679/679 683/683/683 680/680/680
f 680/680/680 675/675/675 679/679/679
f 676/676/676 681/681/681 683/683/683
f 683/683/683 679/679/679 676/676/676
f 2480/2480/2480 2481/2481/2481 2482/2482/2482
f 2481/2481/2481 2480/2480/2480 2483/2483/2483
f 2483/2483/2483 2484/2484/2484 2481/2481/2481
f 2481/2481/2481 2485/2485/2485 2482/2482/2482
f 2486/2486/2486 2487/2487/2487 2488/2488/2488
f 2488/2488/2488 2489/2489/2489 2486/2486/2486
f 2485/2485/2485 2490/2490/2490 2482/2482/2482
f 2491/2491/2491 2490/2490/2490 2485/2485/2485
f 2485/2485/2485 2492/2492/2492 2491/2491/2491
f 2490/2490/2490 2493/2493/2493 2482/2482/2482
f 2494/2494/2494 2495/2495/2495 2496/2496/2496
f 2496/2496/2496 2497/2497/2497 2494/2494/2494
f 2493/2493/2493 2498/2498/2498 2482/2482/2482
f 2499/2499/2499 2498/2498/2498 2493/2493/2493
f 2493/2493/2493 2500/2500/2500 2499/2499/2499
f 2501/2501/2501 685/685/685 730/730/730
f 686/686/686 685/685/685 2501/2501/2501
f 2501/2501/2501 2502/2502/2502 686/686/686
f 2498/2498/2498 2503/2503/2503 2482/2482/2482
f 2504/2504/2504 2505/2505/2505 2506/2506/2506
f 2506/2506/2506 2507/2507/2507 2504/2504/2504
f 2508/2508/2508 730/730/730 2482/2482/2482
f 2482/2482/2482 2503/2503/2503 2508/2508/2508
f 2509/2509/2509 2508/2508/2508 2503/2503/2503
f 2503/2503/2503 2510/2510/2510 2509/2509/2509
f 2508/2508/2508 2511/2511/2511 730/730/730
f 2512/2512/2512 2513/2513/2513 2514/2514/2514
f 2514/2514/2514 2515/2515/2515 2512/2512/2512
f 2511/2511/2511 2516/2516/2516 730/730/730
f 2517/2517/2517 2516/2516/2516 2511/2511/2511
f 2511/2511/2511 2518/2518/2518 2517/2517/2517
f 2516/2516/2516 2501/2501/2501 730/730/730
f 2519/2519/2519 2520/2520/2520 2521/2521/2521
f 2521/2521/2521 2522/2522/2522 2519/2519/2519
f 2481/2481/2481 2488/2488/2488 2487/2487/2487
f 2487/2487/2487 2485/2485/2485 2481/2481/2481
f 2490/2490/2490 2496/2496/2496 2495/2495/2495
f 2495/2495/2495 2493/2493/2493 2490/2490/2490
f 2498/2498/2498 2506/2506/2506 2505/2505/2505
f 2505/2505/2505 2503/2503/2503 2498/2498/2498
f 2508/2508/2508 2514/2514/2514 2513/2513/2513
f 2513/2513/2513 2511/2511/2511 2508/2508/2508
f 2516/2516/2516 2521/2521/2521 2520/2520/2520
f 2520/2520/2520 2501/2501/2501 2516/2516/2516
f 729/729/729 728/728/728 733/733/733
f 733/733/733 734/734/734 729/729/729
f 730/730/730 729/729/729 734/734/734
f 734/734/734 2482/2482/2482 730/730/730
f 732/732/732 731/731/731 736/736/736
f 736/736/736 737/737/737 732/732/732
f 728/728/728 732/732/732 737/737/737
f 737/737/737 733/733/733 728/728/728
f 684/684/684 735/735/735 768/768/768
f 768/768/768 687/687/687 684/684/684
f 709/709/709 688/688/688 689/689/689
f 689/689/689 708/708/708 709/709/709
f 711/711/711 691/691/691 2523/2523/2523
f 690/690/690 710/710/710 2524/2524/2524
f 713/713/713 692/692/692 693/693/693
f 693/693/693 712/712/712 713/713/713
f 715/715/715 695/695/695 2525/2525/2525
f 694/694/694 714/714/714 2526/2526/2526
f 717/717/717 698/698/698 699/699/699
f 699/699/699 716/716/716 717/717/717
f 719/719/719 701/701/701 2527/2527/2527
f 700/700/700 718/718/718 2528/2528/2528
f 721/721/721 702/702/702 703/703/703
f 703/703/703 720/720/720 721/721/721
f 723/723/723 705/705/705 2529/2529/2529
f 704/704/704 722/722/722 2530/2530/2530
f 726/726/726 697/697/697 2531/2531/2531
f 696/696/696 725/725/725 2532/2532/2532
f 724/724/724 706/706/706 707/707/707
f 707/707/707 727/727/727 724/724/724
f 2533/2533/2533 2534/2534/2534 2535/2535/2535
f 2533/2533/2533 2484/2484/2484 2483/2483/2483
f 2483/2483/2483 2534/2534/2534 2533/2533/2533
f 2536/2536/2536 2533/2533/2533 2535/2535/2535
f 2486/2486/2486 2489/2489/2489 2537/2537/2537
f 2537/2537/2537 2538/2538/2538 2486/2486/2486
f 2539/2539/2539 2536/2536/2536 2535/2535/2535
f 2491/2491/2491 2492/2492/2492 2536/2536/2536
f 2536/2536/2536 2539/2539/2539 2491/2491/2491
f 2540/2540/2540 2539/2539/2539 2535/2535/2535
f 2494/2494/2494 2497/2497/2497 2541/2541/2541
f 2541/2541/2541 2542/2542/2542 2494/2494/2494
f 2543/2543/2543 2540/2540/2540 2535/2535/2535
f 2499/2499/2499 2500/2500/2500 2540/2540/2540
f 2540/2540/2540 2543/2543/2543 2499/2499/2499
f 739/739/739 2544/2544/2544 762/762/762
f 686/686/686 2502/2502/2502 2544/2544/2544
f 2544/2544/2544 739/739/739 686/686/686
f 2545/2545/2545 2543/2543/2543 2535/2535/2535
f 2504/2504/2504 2507/2507/2507 2546/2546/2546
f 2546/2546/2546 2547/2547/2547 2504/2504/2504
f 2548/2548/2548 2545/2545/2545 2535/2535/2535
f 2535/2535/2535 762/762/762 2548/2548/2548
f 2509/2509/2509 2510/2510/2510 2545/2545/2545
f 2545/2545/2545 2548/2548/2548 2509/2509/2509
f 2549/2549/2549 2548/2548/2548 762/762/762
f 2512/2512/2512 2515/2515/2515 2550/2550/2550
f 2550/2550/2550 2551/2551/2551 2512/2512/2512
f 2552/2552/2552 2549/2549/2549 762/762/762
f 2517/2517/2517 2518/2518/2518 2549/2549/2549
f 2549/2549/2549 2552/2552/2552 2517/2517/2517
f 2544/2544/2544 2552/2552/2552 762/762/762
f 2519/2519/2519 2522/2522/2522 2553/2553/2553
f 2553/2553/2553 2554/2554/2554 2519/2519/2519
f 2533/2533/2533 2536/2536/2536 2538/2538/2538
f 2538/2538/2538 2537/2537/2537 2533/2533/2533
f 2539/2539/2539 2540/2540/2540 2542/2542/2542
f 2542/2542/2542 2541/2541/2541 2539/2539/2539
f 2543/2543/2543 2545/2545/2545 2547/2547/2547
f 2547/2547/2547 2546/2546/2546 2543/2543/2543
f 2548/2548/2548 2549/2549/2549 2551/2551/2551
f 2551/2551/2551 2550/2550/2550 2548/2548/2548
f 2552/2552/2552 2544/2544/2544 2554/2554/2554
f 2554/2554/2554 2553/2553/2553 2552/2552/2552
f 761/761/761 764/764/764 767/767/767
f 767/767/767 760/760/760 761/761/761
f 762/762/762 2535/2535/2535 764/764/764
f 764/764/764 761/761/761 762/762/762
f 760/760/760 767/767/767 766/766/766
f 766/766/766 763/763/763 760/760/760
f 738/738/738 687/687/687 768/768/768
f 768/768/768 765/765/765 738/738/738
f 750/750/750 708/708/708 689/689/689
f 689/689/689 740/740/740 750/750/750
f 2555/2555/2555 751/751/751 2556/2556/2556
f 741/741/741 691/691/691 711/711/711
f 752/752/752 712/712/712 693/693/693
f 693/693/693 742/742/742 752/752/752
f 2557/2557/2557 753/753/753 2558/2558/2558
f 743/743/743 695/695/695 715/715/715
f 754/754/754 716/716/716 699/699/699
f 699/699/699 745/745/745 754/754/754
f 2559/2559/2559 755/755/755 2560/2560/2560
f 746/746/746 701/701/701 719/719/719
f 756/756/756 720/720/720 703/703/703
f 703/703/703 747/747/747 756/756/756
f 2561/2561/2561 757/757/757 2562/2562/2562
f 748/748/748 705/705/705 723/723/723
f 2563/2563/2563 759/759/759 2564/2564/2564
f 744/744/744 697/697/697 726/726/726
f 758/758/758 727/727/727 707/707/707
f 707/707/707 749/749/749 758/758/758
f 773/773/773 2565/2565/2565 2566/2566/2566
f 773/773/773 2567/2567/2567 2568/2568/2568
f 773/773/773 2568/2568/2568 2569/2569/2569
f 2569/2569/2569 2565/2565/2565 773/773/773
f 2570/2570/2570 2571/2571/2571 769/769/769
f 769/769/769 770/770/770 2570/2570/2570
f 2570/2570/2570 770/770/770 772/772/772
f 772/772/772 2572/2572/2572 2570/2570/2570
f 771/771/771 774/774/774 2573/2573/2573
f 2573/2573/2573 2574/2574/2574 771/771/771
f 774/774/774 769/769/769 2571/2571/2571
f 2571/2571/2571 2573/2573/2573 774/774/774
f 780/780/780 778/778/778 777/777/777
f 779/779/779 778/778/778 776/776/776
f 778/778/778 780/780/780 775/775/775
f 775/775/775 776/776/776 778/778/778
f 2575/2575/2575 2576/2576/2576 2577/2577/2577
f 2577/2577/2577 2578/2578/2578 2575/2575/2575
f 2579/2579/2579 2580/2580/2580 2581/2581/2581
f 2582/2582/2582 781/781/781 2583/2583/2583
f 2583/2583/2583 2584/2584/2584 2582/2582/2582
f 2585/2585/2585 2586/2586/2586 2575/2575/2575
f 2575/2575/2575 2578/2578/2578 2585/2585/2585
f 2583/2583/2583 781/781/781 2581/2581/2581
f 2581/2581/2581 2580/2580/2580 2583/2583/2583
f 2587/2587/2587 786/786/786 785/785/785
f 785/785/785 2588/2588/2588 2587/2587/2587
f 2588/2588/2588 785/785/785 782/782/782
f 782/782/782 2589/2589/2589 2588/2588/2588
f 2590/2590/2590 784/784/784 788/788/788
f 788/788/788 2591/2591/2591 2590/2590/2590
f 2591/2591/2591 788/788/788 790/790/790
f 790/790/790 2592/2592/2592 2591/2591/2591
f 2592/2592/2592 790/790/790 786/786/786
f 786/786/786 2587/2587/2587 2592/2592/2592
f 787/787/787 789/789/789 783/783/783
f 792/792/792 793/793/793 794/794/794
f 794/794/794 791/791/791 792/792/792
f 794/794/794 787/787/787 783/783/783
f 783/783/783 791/791/791 794/794/794
f 2593/2593/2593 2594/2594/2594 2595/2595/2595
f 2595/2595/2595 2596/2596/2596 2593/2593/2593
f 796/796/796 2597/2597/2597 2598/2598/2598
f 2598/2598/2598 795/795/795 796/796/796
f 798/798/798 2599/2599/2599 2597/2597/2597
f 2597/2597/2597 796/796/796 798/798/798
f 795/795/795 2598/2598/2598 2600/2600/2600
f 2600/2600/2600 797/797/797 795/795/795
f 802/802/802 801/801/801 799/799/799
f 799/799/799 800/800/800 802/802/802
f 2601/2601/2601 804/804/804 803/803/803
f 803/803/803 2602/2602/2602 2601/2601/2601
f 2602/2602/2602 803/803/803 2603/2603/2603
f 2603/2603/2603 2604/2604/2604 2602/2602/2602
f 2605/2605/2605 806/806/806 809/809/809
f 809/809/809 2606/2606/2606 2605/2605/2605
f 2606/2606/2606 809/809/809 811/811/811
f 811/811/811 2607/2607/2607 2606/2606/2606
f 2607/2607/2607 811/811/811 804/804/804
f 804/804/804 2601/2601/2601 2607/2607/2607
f 805/805/805 807/807/807 812/812/812
f 807/807/807 810/810/810 812/812/812
f 807/807/807 808/808/808 810/810/810
f 2608/2608/2608 2609/2609/2609 2610/2610/2610
f 2610/2610/2610 2611/2611/2611 2608/2608/2608
f 2612/2612/2612 2613/2613/2613 2609/2609/2609
f 2609/2609/2609 2608/2608/2608 2612/2612/2612
f 2614/2614/2614 2615/2615/2615 2613/2613/2613
f 2613/2613/2613 2612/2612/2612 2614/2614/2614
f 2616/2616/2616 2617/2617/2617 2615/2615/2615
f 2615/2615/2615 2614/2614/2614 2616/2616/2616
f 2618/2618/2618 2619/2619/2619 2617/2617/2617
f 2617/2617/2617 2616/2616/2616 2618/2618/2618
f 2620/2620/2620 2621/2621/2621 2619/2619/2619
f 2619/2619/2619 2618/2618/2618 2620/2620/2620
f 2622/2622/2622 2623/2623/2623 2621/2621/2621
f 2621/2621/2621 2620/2620/2620 2622/2622/2622
f 2624/2624/2624 2625/2625/2625 2626/2626/2626
f 2626/2626/2626 2627/2627/2627 2624/2624/2624
f 2628/2628/2628 2629/2629/2629 2625/2625/2625
f 2625/2625/2625 2624/2624/2624 2628/2628/2628
f 2611/2611/2611 2610/2610/2610 2629/2629/2629
f 2629/2629/2629 2628/2628/2628 2611/2611/2611
f 820/820/820 813/813/813 814/814/814
f 820/820/820 814/814/814 815/815/815
f 820/820/820 815/815/815 816/816/816
f 820/820/820 816/816/816 817/817/817
f 820/820/820 817/817/817 818/818/818
f 820/820/820 818/818/818 819/819/819
f 820/820/820 821/821/821 822/822/822
f 820/820/820 822/822/822 813/813/813
f 830/830/830 824/824/824 823/823/823
f 830/830/830 825/825/825 824/824/824
f 830/830/830 826/826/826 825/825/825
f 830/830/830 827/827/827 826/826/826
f 830/830/830 828/828/828 827/827/827
f 830/830/830 829/829/829 828/828/828
f 830/830/830 832/832/832 831/831/831
f 830/830/830 823/823/823 832/832/832
f 2630/2630/2630 2631/2631/2631 2632/2632/2632
f 2632/2632/2632 2633/2633/2633 2630/2630/2630
f 2634/2634/2634 2633/2633/2633 2632/2632/2632
f 2632/2632/2632 2635/2635/2635 2634/2634/2634
f 2636/2636/2636 2634/2634/2634 2635/2635/2635
f 2637/2637/2637 2632/2632/2632 2631/2631/2631
f 2631/2631/2631 2638/2638/2638 2637/2637/2637
f 866/866/866 2637/2637/2637 2638/2638/2638
f 2638/2638/2638 872/872/872 866/866/866
f 2639/2639/2639 2630/2630/2630 2633/2633/2633
f 2633/2633/2633 2640/2640/2640 2639/2639/2639
f 2641/2641/2641 2639/2639/2639 2640/2640/2640
f 2640/2640/2640 2642/2642/2642 2641/2641/2641
f 2643/2643/2643 2641/2641/2641 2642/2642/2642
f 2642/2642/2642 2644/2644/2644 2643/2643/2643
f 869/869/869 2643/2643/2643 2644/2644/2644
f 2644/2644/2644 2645/2645/2645 869/869/869
f 856/856/856 842/842/842 2646/2646/2646
f 2646/2646/2646 2647/2647/2647 856/856/856
f 857/857/857 844/844/844 842/842/842
f 842/842/842 856/856/856 857/857/857
f 854/854/854 846/846/846 844/844/844
f 844/844/844 857/857/857 854/854/854
f 854/854/854 852/852/852 846/846/846
f 2648/2648/2648 834/834/834 836/836/836
f 836/836/836 2649/2649/2649 2648/2648/2648
f 2650/2650/2650 2651/2651/2651 837/837/837
f 837/837/837 833/833/833 2650/2650/2650
f 2651/2651/2651 2652/2652/2652 837/837/837
f 2650/2650/2650 833/833/833 840/840/840
f 840/840/840 2653/2653/2653 2650/2650/2650
f 2648/2648/2648 2654/2654/2654 841/841/841
f 841/841/841 834/834/834 2648/2648/2648
f 2653/2653/2653 840/840/840 2655/2655/2655
f 2656/2656/2656 2657/2657/2657 843/843/843
f 843/843/843 845/845/845 2656/2656/2656
f 2658/2658/2658 847/847/847 2659/2659/2659
f 858/858/858 835/835/835 838/838/838
f 838/838/838 855/855/855 858/858/858
f 855/855/855 838/838/838 2660/2660/2660
f 2660/2660/2660 871/871/871 855/855/855
f 2661/2661/2661 841/841/841 2654/2654/2654
f 2649/2649/2649 836/836/836 843/843/843
f 843/843/843 2657/2657/2657 2649/2649/2649
f 2656/2656/2656 845/845/845 847/847/847
f 847/847/847 2658/2658/2658 2656/2656/2656
f 2652/2652/2652 839/839/839 837/837/837
f 2651/2651/2651 2662/2662/2662 2652/2652/2652
f 861/861/861 2663/2663/2663 859/859/859
f 859/859/859 860/860/860 861/861/861
f 2664/2664/2664 862/862/862 859/859/859
f 859/859/859 2663/2663/2663 2664/2664/2664
f 2664/2664/2664 2665/2665/2665 862/862/862
f 864/864/864 865/865/865 860/860/860
f 860/860/860 859/859/859 864/864/864
f 866/866/866 872/872/872 865/865/865
f 865/865/865 864/864/864 866/866/866
f 867/867/867 2666/2666/2666 2663/2663/2663
f 2663/2663/2663 861/861/861 867/867/867
f 868/868/868 2667/2667/2667 2666/2666/2666
f 2666/2666/2666 867/867/867 868/868/868
f 870/870/870 2668/2668/2668 2667/2667/2667
f 2667/2667/2667 868/868/868 870/870/870
f 869/869/869 2645/2645/2645 2668/2668/2668
f 2668/2668/2668 870/870/870 869/869/869
f 856/856/856 2647/2647/2647 2669/2669/2669
f 2669/2669/2669 850/850/850 856/856/856
f 857/857/857 856/856/856 850/850/850
f 850/850/850 851/851/851 857/857/857
f 854/854/854 857/857/857 851/851/851
f 851/851/851 853/853/853 854/854/854
f 852/852/852 854/854/854 853/853/853
f 858/858/858 855/855/855 849/849/849
f 849/849/849 848/848/848 858/858/858
f 855/855/855 871/871/871 863/863/863
f 863/863/863 849/849/849 855/855/855
f 875/875/875 877/877/877 874/874/874
f 874/874/874 873/873/873 875/875/875
f 2670/2670/2670 2671/2671/2671 2672/2672/2672
f 876/876/876 874/874/874 877/877/877
f 877/877/877 878/878/878 876/876/876
f 875/875/875 879/879/879 877/877/877
f 877/877/877 879/879/879 878/878/878
f 2673/2673/2673 2674/2674/2674 2675/2675/2675
f 2675/2675/2675 2676/2676/2676 2673/2673/2673
f 882/882/882 886/886/886 2677/2677/2677
f 2677/2677/2677 884/884/884 882/882/882
f 2678/2678/2678 889/889/889 880/880/880
f 880/880/880 2679/2679/2679 2678/2678/2678
f 2680/2680/2680 2681/2681/2681 2682/2682/2682
f 2682/2682/2682 2683/2683/2683 2680/2680/2680
f 2683/2683/2683 2682/2682/2682 2684/2684/2684
f 2684/2684/2684 2685/2685/2685 2683/2683/2683
f 888/888/888 2686/2686/2686 2687/2687/2687
f 2687/2687/2687 887/887/887 888/888/888
f 2685/2685/2685 2684/2684/2684 885/885/885
f 885/885/885 2688/2688/2688 2685/2685/2685
f 880/880/880 889/889/889 2689/2689/2689
f 2689/2689/2689 2690/2690/2690 880/880/880
f 891/891/891 893/893/893 881/881/881
f 881/881/881 890/890/890 891/891/891
f 883/883/883 892/892/892 894/894/894
f 894/894/894 895/895/895 883/883/883
f 881/881/881 882/882/882 884/884/884
f 884/884/884 890/890/890 881/881/881
f 2691/2691/2691 2692/2692/2692 2693/2693/2693
f 2693/2693/2693 2694/2694/2694 2691/2691/2691
f 2695/2695/2695 2696/2696/2696 2692/2692/2692
f 2692/2692/2692 2691/2691/2691 2695/2695/2695
f 2697/2697/2697 2698/2698/2698 2696/2696/2696
f 2696/2696/2696 2695/2695/2695 2697/2697/2697
f 2699/2699/2699 2700/2700/2700 2698/2698/2698
f 2698/2698/2698 2697/2697/2697 2699/2699/2699
f 2701/2701/2701 2702/2702/2702 2700/2700/2700
f 2700/2700/2700 2699/2699/2699 2701/2701/2701
f 2703/2703/2703 2704/2704/2704 2702/2702/2702
f 2702/2702/2702 2701/2701/2701 2703/2703/2703
f 2705/2705/2705 2706/2706/2706 2704/2704/2704
f 2704/2704/2704 2703/2703/2703 2705/2705/2705
f 2707/2707/2707 2708/2708/2708 2709/2709/2709
f 2709/2709/2709 2710/2710/2710 2707/2707/2707
f 2711/2711/2711 2712/2712/2712 2708/2708/2708
f 2708/2708/2708 2707/2707/2707 2711/2711/2711
f 2694/2694/2694 2693/2693/2693 2712/2712/2712
f 2712/2712/2712 2711/2711/2711 2694/2694/2694
f 910/910/910 897/897/897 900/900/900
f 911/911/911 901/901/901 898/898/898
f 910/910/910 900/900/900 902/902/902
f 911/911/911 903/903/903 901/901/901
f 910/910/910 902/902/902 904/904/904
f 911/911/911 905/905/905 903/903/903
f 910/910/910 904/904/904 906/906/906
f 911/911/911 907/907/907 905/905/905
f 910/910/910 906/906/906 908/908/908
f 911/911/911 909/909/909 907/907/907
f 911/911/911 915/915/915 913/913/913
f 910/910/910 912/912/912 914/914/914
f 911/911/911 898/898/898 899/899/899
f 911/911/911 899/899/899 915/915/915
f 910/910/910 896/896/896 897/897/897
f 910/910/910 914/914/914 896/896/896
f 916/916/916 919/919/919 2713/2713/2713
f 2713/2713/2713 2714/2714/2714 916/916/916
f 920/920/920 923/923/923 922/922/922
f 922/922/922 921/921/921 920/920/920
f 924/924/924 927/927/927 926/926/926
f 926/926/926 925/925/925 924/924/924
f 928/928/928 931/931/931 2715/2715/2715
f 2715/2715/2715 929/929/929 928/928/928
f 932/932/932 935/935/935 934/934/934
f 934/934/934 933/933/933 932/932/932
f 2715/2715/2715 2716/2716/2716 936/936/936
f 936/936/936 929/929/929 2715/2715/2715
f 2717/2717/2717 2718/2718/2718 917/917/917
f 917/917/917 939/939/939 2717/2717/2717
f 2718/2718/2718 2717/2717/2717 2719/2719/2719
f 2719/2719/2719 2720/2720/2720 2718/2718/2718
f 2721/2721/2721 942/942/942 930/930/930
f 930/930/930 2722/2722/2722 2721/2721/2721
f 937/937/937 948/948/948 2723/2723/2723
f 2723/2723/2723 924/924/924 937/937/937
f 919/919/919 946/946/946 2724/2724/2724
f 2724/2724/2724 2713/2713/2713 919/919/919
f 2716/2716/2716 2725/2725/2725 945/945/945
f 945/945/945 936/936/936 2716/2716/2716
f 926/926/926 950/950/950 949/949/949
f 949/949/949 925/925/925 926/926/926
f 952/952/952 924/924/924 2726/2726/2726
f 918/918/918 927/927/927 2727/2727/2727
f 2727/2727/2727 957/957/957 918/918/918
f 927/927/927 960/960/960 2727/2727/2727
f 2723/2723/2723 2726/2726/2726 924/924/924
f 2719/2719/2719 2721/2721/2721 2722/2722/2722
f 2722/2722/2722 2720/2720/2720 2719/2719/2719
f 933/933/933 934/934/934 931/931/931
f 931/931/931 928/928/928 933/933/933
f 916/916/916 2714/2714/2714 935/935/935
f 935/935/935 932/932/932 916/916/916
f 2728/2728/2728 953/953/953 961/961/961
f 961/961/961 958/958/958 2728/2728/2728
f 944/944/944 943/943/943 938/938/938
f 938/938/938 2729/2729/2729 944/944/944
f 2730/2730/2730 959/959/959 944/944/944
f 944/944/944 2729/2729/2729 2730/2730/2730
f 963/963/963 940/940/940 938/938/938
f 938/938/938 943/943/943 963/963/963
f 965/965/965 2731/2731/2731 941/941/941
f 941/941/941 964/964/964 965/965/965
f 955/955/955 2732/2732/2732 2731/2731/2731
f 2731/2731/2731 965/965/965 955/955/955
f 962/962/962 951/951/951 947/947/947
f 947/947/947 956/956/956 962/962/962
f 954/954/954 2733/2733/2733 951/951/951
f 951/951/951 962/962/962 954/954/954
f 964/964/964 941/941/941 940/940/940
f 940/940/940 963/963/963 964/964/964
f 958/958/958 961/961/961 959/959/959
f 959/959/959 2730/2730/2730 958/958/958
f 956/956/956 947/947/947 2732/2732/2732
f 2732/2732/2732 955/955/955 956/956/956
f 953/953/953 2728/2728/2728 2733/2733/2733
f 2733/2733/2733 954/954/954 953/953/953
f 937/937/937 930/930/930 942/942/942
f 942/942/942 948/948/948 937/937/937
f 939/939/939 917/917/917 918/918/918
f 918/918/918 957/957/957 939/939/939
f 952/952/952 960/960/960 927/927/927
f 952/952/952 927/927/927 924/924/924
f 966/966/966 969/969/969 968/968/968
f 968/968/968 967/967/967 966/966/966
f 970/970/970 973/973/973 972/972/972
f 972/972/972 971/971/971 970/970/970
f 974/974/974 977/977/977 976/976/976
f 976/976/976 975/975/975 974/974/974
f 968/968/968 969/969/969 973/973/973
f 973/973/973 970/970/970 968/968/968
f 976/976/976 977/977/977 971/971/971
f 971/971/971 972/972/972 976/976/976
f 2734/2734/2734 981/981/981 2735/2735/2735
f 2735/2735/2735 2736/2736/2736 2734/2734/2734
f 2737/2737/2737 980/980/980 983/983/983
f 983/983/983 2738/2738/2738 2737/2737/2737
f 2738/2738/2738 983/983/983 985/985/985
f 985/985/985 2739/2739/2739 2738/2738/2738
f 2739/2739/2739 985/985/985 2740/2740/2740
f 2740/2740/2740 2741/2741/2741 2739/2739/2739
f 989/989/989 2742/2742/2742 2743/2743/2743
f 2743/2743/2743 987/987/987 989/989/989
f 2742/2742/2742 989/989/989 991/991/991
f 991/991/991 2744/2744/2744 2742/2742/2742
f 2744/2744/2744 991/991/991 993/993/993
f 993/993/993 2745/2745/2745 2744/2744/2744
f 2745/2745/2745 993/993/993 995/995/995
f 995/995/995 2746/2746/2746 2745/2745/2745
f 2746/2746/2746 995/995/995 997/997/997
f 997/997/997 2747/2747/2747 2746/2746/2746
f 2747/2747/2747 997/997/997 981/981/981
f 981/981/981 2734/2734/2734 2747/2747/2747
f 988/988/988 990/990/990 996/996/996
f 996/996/996 978/978/978 988/988/988
f 2735/2735/2735 981/981/981 999/999/999
f 999/999/999 2748/2748/2748 2735/2735/2735
f 983/983/983 980/980/980 998/998/998
f 998/998/998 1000/1000/1000 983/983/983
f 985/985/985 983/983/983 1000/1000/1000
f 1000/1000/1000 1001/1001/1001 985/985/985
f 985/985/985 1001/1001/1001 2749/2749/2749
f 2749/2749/2749 2740/2740/2740 985/985/985
f 1002/1002/1002 1003/1003/1003 989/989/989
f 989/989/989 987/987/987 1002/1002/1002
f 991/991/991 989/989/989 1003/1003/1003
f 1003/1003/1003 1004/1004/1004 991/991/991
f 993/993/993 991/991/991 1004/1004/1004
f 1004/1004/1004 1005/1005/1005 993/993/993
f 995/995/995 993/993/993 1005/1005/1005
f 1005/1005/1005 1006/1006/1006 995/995/995
f 997/997/997 995/995/995 1006/1006/1006
f 1006/1006/1006 1007/1007/1007 997/997/997
f 981/981/981 997/997/997 1007/1007/1007
f 1007/1007/1007 999/999/999 981/981/981
f 2748/2748/2748 999/999/999 1009/1009/1009
f 1009/1009/1009 2750/2750/2750 2748/2748/2748
f 1000/1000/1000 998/998/998 1008/1008/1008
f 1008/1008/1008 1010/1010/1010 1000/1000/1000
f 1001/1001/1001 1000/1000/1000 1010/1010/1010
f 1010/1010/1010 1011/1011/1011 1001/1001/1001
f 2749/2749/2749 1001/1001/1001 1011/1011/1011
f 1011/1011/1011 2751/2751/2751 2749/2749/2749
f 1003/1003/1003 1002/1002/1002 1012/1012/1012
f 1012/1012/1012 1013/1013/1013 1003/1003/1003
f 1004/1004/1004 1003/1003/1003 1013/1013/1013
f 1013/1013/1013 1014/1014/1014 1004/1004/1004
f 1005/1005/1005 1004/1004/1004 1014/1014/1014
f 1014/1014/1014 1015/1015/1015 1005/1005/1005
f 1006/1006/1006 1005/1005/1005 1015/1015/1015
f 1015/1015/1015 1016/1016/1016 1006/1006/1006
f 1007/1007/1007 1006/1006/1006 1016/1016/1016
f 1016/1016/1016 1017/1017/1017 1007/1007/1007
f 999/999/999 1007/1007/1007 1017/1017/1017
f 1017/1017/1017 1009/1009/1009 999/999/999
f 992/992/992 994/994/994 996/996/996
f 996/996/996 990/990/990 992/992/992
f 979/979/979 986/986/986 988/988/988
f 988/988/988 978/978/978 979/979/979
f 982/982/982 984/984/984 986/986/986
f 986/986/986 979/979/979 982/982/982
f 1018/1018/1018 2752/2752/2752 2753/2753/2753
f 2753/2753/2753 1019/1019/1019 1018/1018/1018
f 1019/1019/1019 1023/1023/1023 1022/1022/1022
f 1022/1022/1022 1018/1018/1018 1019/1019/1019
f 1021/1021/1021 1022/1022/1022 1023/1023/1023
f 1023/1023/1023 1020/1020/1020 1021/1021/1021
f 2754/2754/2754 1027/1027/1027 1026/1026/1026
f 1026/1026/1026 2755/2755/2755 2754/2754/2754
f 1025/1025/1025 1029/1029/1029 1028/1028/1028
f 1028/1028/1028 1024/1024/1024 1025/1025/1025
f 1030/1030/1030 1028/1028/1028 1029/1029/1029
f 1029/1029/1029 1031/1031/1031 1030/1030/1030
f 1032/1032/1032 1030/1030/1030 1031/1031/1031
f 1031/1031/1031 1033/1033/1033 1032/1032/1032
f 1027/1027/1027 1032/1032/1032 1033/1033/1033
f 1033/1033/1033 1026/1026/1026 1027/1027/1027
f 1039/1039/1039 1035/1035/1035 1034/1034/1034
f 1034/1034/1034 1038/1038/1038 1039/1039/1039
f 1041/1041/1041 1037/1037/1037 1036/1036/1036
f 1036/1036/1036 1040/1040/1040 1041/1041/1041
f 1038/1038/1038 1034/1034/1034 1037/1037/1037
f 1037/1037/1037 1041/1041/1041 1038/1038/1038
f 2756/2756/2756 2757/2757/2757 1044/1044/1044
f 1044/1044/1044 1043/1043/1043 2756/2756/2756
f 2758/2758/2758 2759/2759/2759 2760/2760/2760
f 2760/2760/2760 1047/1047/1047 2758/2758/2758
f 2761/2761/2761 2762/2762/2762 2763/2763/2763
f 2763/2763/2763 2764/2764/2764 2761/2761/2761
f 2765/2765/2765 2761/2761/2761 2764/2764/2764
f 2764/2764/2764 2766/2766/2766 2765/2765/2765
f 2765/2765/2765 2766/2766/2766 2767/2767/2767
f 2767/2767/2767 2768/2768/2768 2765/2765/2765
f 2769/2769/2769 2763/2763/2763 2762/2762/2762
f 2770/2770/2770 2768/2768/2768 2767/2767/2767
f 2767/2767/2767 2771/2771/2771 2770/2770/2770
f 2772/2772/2772 2770/2770/2770 2771/2771/2771
f 2771/2771/2771 2773/2773/2773 2772/2772/2772
f 2774/2774/2774 2775/2775/2775 1053/1053/1053
f 1053/1053/1053 2776/2776/2776 2774/2774/2774
f 2776/2776/2776 1053/1053/1053 1055/1055/1055
f 1055/1055/1055 2777/2777/2777 2776/2776/2776
f 2778/2778/2778 2779/2779/2779 2780/2780/2780
f 2780/2780/2780 2781/2781/2781 2778/2778/2778
f 1068/1068/1068 2782/2782/2782 2770/2770/2770
f 2770/2770/2770 2772/2772/2772 1068/1068/1068
f 2783/2783/2783 1071/1071/1071 2782/2782/2782
f 2782/2782/2782 1068/1068/1068 2783/2783/2783
f 2784/2784/2784 2785/2785/2785 2786/2786/2786
f 2786/2786/2786 1073/1073/1073 2784/2784/2784
f 2787/2787/2787 2783/2783/2783 2788/2788/2788
f 2788/2788/2788 2789/2789/2789 2787/2787/2787
f 1050/1050/1050 2758/2758/2758 1047/1047/1047
f 2781/2781/2781 2780/2780/2780 2790/2790/2790
f 2790/2790/2790 2791/2791/2791 2781/2781/2781
f 2779/2779/2779 2778/2778/2778 2759/2759/2759
f 2759/2759/2759 2758/2758/2758 2779/2779/2779
f 2792/2792/2792 1071/1071/1071 2783/2783/2783
f 2783/2783/2783 2787/2787/2787 2792/2792/2792
f 1075/1075/1075 1061/1061/1061 1079/1079/1079
f 1079/1079/1079 2793/2793/2793 1075/1075/1075
f 1081/1081/1081 1059/1059/1059 2794/2794/2794
f 2794/2794/2794 2795/2795/2795 1081/1081/1081
f 2796/2796/2796 1056/1056/1056 2797/2797/2797
f 2797/2797/2797 2798/2798/2798 2796/2796/2796
f 2799/2799/2799 1054/1054/1054 1051/1051/1051
f 1051/1051/1051 2800/2800/2800 2799/2799/2799
f 2800/2800/2800 1051/1051/1051 1052/1052/1052
f 1052/1052/1052 2801/2801/2801 2800/2800/2800
f 2802/2802/2802 2801/2801/2801 1052/1052/1052
f 1052/1052/1052 1057/1057/1057 2802/2802/2802
f 2803/2803/2803 2804/2804/2804 1070/1070/1070
f 1070/1070/1070 2805/2805/2805 2803/2803/2803
f 2806/2806/2806 1047/1047/1047 1089/1089/1089
f 1089/1089/1089 2807/2807/2807 2806/2806/2806
f 2808/2808/2808 2756/2756/2756 1043/1043/1043
f 1043/1043/1043 2809/2809/2809 2808/2808/2808
f 1042/1042/1042 1090/1090/1090 1078/1078/1078
f 1078/1078/1078 1045/1045/1045 1042/1042/1042
f 2789/2789/2789 2757/2757/2757 2787/2787/2787
f 1044/1044/1044 2757/2757/2757 2789/2789/2789
f 2789/2789/2789 2769/2769/2769 1044/1044/1044
f 2762/2762/2762 1044/1044/1044 2769/2769/2769
f 1074/1074/1074 1045/1045/1045 1078/1078/1078
f 2788/2788/2788 2772/2772/2772 2773/2773/2773
f 2773/2773/2773 2789/2789/2789 2788/2788/2788
f 1091/1091/1091 2810/2810/2810 2811/2811/2811
f 2811/2811/2811 1092/1092/1092 1091/1091/1091
f 1085/1085/1085 1048/1048/1048 2812/2812/2812
f 2812/2812/2812 1084/1084/1084 1085/1085/1085
f 1084/1084/1084 2812/2812/2812 2813/2813/2813
f 2813/2813/2813 1083/1083/1083 1084/1084/1084
f 1082/1082/1082 1083/1083/1083 2813/2813/2813
f 2813/2813/2813 2814/2814/2814 1082/1082/1082
f 1085/1085/1085 1086/1086/1086 1048/1048/1048
f 1082/1082/1082 2814/2814/2814 2815/2815/2815
f 2816/2816/2816 1082/1082/1082 2815/2815/2815
f 2815/2815/2815 2817/2817/2817 2816/2816/2816
f 2817/2817/2817 2818/2818/2818 2819/2819/2819
f 2819/2819/2819 2816/2816/2816 2817/2817/2817
f 1096/1096/1096 2820/2820/2820 2821/2821/2821
f 2821/2821/2821 2822/2822/2822 1096/1096/1096
f 1097/1097/1097 1096/1096/1096 2822/2822/2822
f 2822/2822/2822 2823/2823/2823 1097/1097/1097
f 1101/1101/1101 2817/2817/2817 2815/2815/2815
f 2815/2815/2815 2824/2824/2824 1101/1101/1101
f 2824/2824/2824 1103/1103/1103 1088/1088/1088
f 1088/1088/1088 1101/1101/1101 2824/2824/2824
f 1103/1103/1103 2824/2824/2824 2825/2825/2825
f 2825/2825/2825 1104/1104/1104 1103/1103/1103
f 2818/2818/2818 1088/1088/1088 2826/2826/2826
f 1080/1080/1080 2819/2819/2819 2818/2818/2818
f 2818/2818/2818 2826/2826/2826 1080/1080/1080
f 2759/2759/2759 1095/1095/1095 2760/2760/2760
f 2760/2760/2760 2827/2827/2827 1089/1089/1089
f 1089/1089/1089 1047/1047/1047 2760/2760/2760
f 1058/1058/1058 1069/1069/1069 1102/1102/1102
f 1102/1102/1102 1077/1077/1077 1058/1058/1058
f 1088/1088/1088 1103/1103/1103 2828/2828/2828
f 2828/2828/2828 2826/2826/2826 1088/1088/1088
f 2802/2802/2802 1057/1057/1057 1075/1075/1075
f 1075/1075/1075 2793/2793/2793 2802/2802/2802
f 1081/1081/1081 1079/1079/1079 1061/1061/1061
f 1061/1061/1061 1059/1059/1059 1081/1081/1081
f 1098/1098/1098 1060/1060/1060 1076/1076/1076
f 1076/1076/1076 1087/1087/1087 1098/1098/1098
f 2827/2827/2827 2760/2760/2760 2829/2829/2829
f 2829/2829/2829 2830/2830/2830 2827/2827/2827
f 1092/1092/1092 2811/2811/2811 2831/2831/2831
f 2831/2831/2831 1107/1107/1107 1092/1092/1092
f 1108/1108/1108 1109/1109/1109 1093/1093/1093
f 1093/1093/1093 1094/1094/1094 1108/1108/1108
f 2810/2810/2810 1080/1080/1080 2826/2826/2826
f 1080/1080/1080 2810/2810/2810 1091/1091/1091
f 1091/1091/1091 1086/1086/1086 1080/1080/1080
f 1091/1091/1091 1048/1048/1048 1086/1086/1086
f 1094/1094/1094 1106/1106/1106 1108/1108/1108
f 2832/2832/2832 1105/1105/1105 1072/1072/1072
f 1110/1110/1110 2784/2784/2784 1073/1073/1073
f 1073/1073/1073 1111/1111/1111 1110/1110/1110
f 1067/1067/1067 1046/1046/1046 1062/1062/1062
f 1064/1064/1064 1099/1099/1099 1049/1049/1049
f 1067/1067/1067 1062/1062/1062 1063/1063/1063
f 1063/1063/1063 1066/1066/1066 1067/1067/1067
f 1064/1064/1064 1065/1065/1065 1100/1100/1100
f 1100/1100/1100 1099/1099/1099 1064/1064/1064
f 1104/1104/1104 2825/2825/2825 1110/1110/1110
f 1110/1110/1110 1111/1111/1111 1104/1104/1104
f 1102/1102/1102 1069/1069/1069 1072/1072/1072
f 1072/1072/1072 1105/1105/1105 1102/1102/1102
f 2033/2033/2033 2833/2833/2833 1112/1112/1112
f 2834/2834/2834 2835/2835/2835 2836/2836/2836
f 2836/2836/2836 2837/2837/2837 2834/2834/2834
f 2838/2838/2838 2839/2839/2839 2840/2840/2840
f 2840/2840/2840 2841/2841/2841 2838/2838/2838
f 2842/2842/2842 2843/2843/2843 2844/2844/2844
f 2844/2844/2844 2845/2845/2845 2842/2842/2842
f 2839/2839/2839 2846/2846/2846 2847/2847/2847
f 2847/2847/2847 2840/2840/2840 2839/2839/2839
f 2843/2843/2843 2834/2834/2834 2837/2837/2837
f 2837/2837/2837 2844/2844/2844 2843/2843/2843
f 2838/2838/2838 2841/2841/2841 2848/2848/2848
f 2848/2848/2848 2849/2849/2849 2838/2838/2838
f 2848/2848/2848 2850/2850/2850 1113/1113/1113
f 1113/1113/1113 2849/2849/2849 2848/2848/2848
f 2850/2850/2850 2836/2836/2836 2835/2835/2835
f 2835/2835/2835 1113/1113/1113 2850/2850/2850
f 2847/2847/2847 2846/2846/2846 2851/2851/2851
f 2851/2851/2851 2852/2852/2852 2847/2847/2847
f 1117/1117/1117 2034/2034/2034 1124/1124/1124
f 2033/2033/2033 1122/1122/1122 1119/1119/1119
f 2034/2034/2034 1117/1117/1117 1125/1125/1125
f 2853/2853/2853 2854/2854/2854 2855/2855/2855
f 2855/2855/2855 2856/2856/2856 2853/2853/2853
f 2034/2034/2034 1128/1128/1128 1124/1124/1124
f 1122/1122/1122 2033/2033/2033 1112/1112/1112
f 1116/1116/1116 2857/2857/2857 1121/1121/1121
f 1116/1116/1116 1126/1126/1126 2857/2857/2857
f 2857/2857/2857 1120/1120/1120 1121/1121/1121
f 1131/1131/1131 1129/1129/1129 2858/2858/2858
f 2858/2858/2858 1132/1132/1132 1131/1131/1131
f 1130/1130/1130 1134/1134/1134 1123/1123/1123
f 1135/1135/1135 1134/1134/1134 1130/1130/1130
f 1127/1127/1127 1130/1130/1130 1123/1123/1123
f 1116/1116/1116 1121/1121/1121 1115/1115/1115
f 1114/1114/1114 1122/1122/1122 1112/1112/1112
f 1117/1117/1117 1124/1124/1124 1118/1118/1118
f 1134/1134/1134 1133/1133/1133 1123/1123/1123
f 2859/2859/2859 1139/1139/1139 2860/2860/2860
f 2860/2860/2860 2861/2861/2861 2859/2859/2859
f 2862/2862/2862 1141/1141/1141 1139/1139/1139
f 1139/1139/1139 2859/2859/2859 2862/2862/2862
f 2863/2863/2863 1143/1143/1143 1141/1141/1141
f 1141/1141/1141 2862/2862/2862 2863/2863/2863
f 2864/2864/2864 1145/1145/1145 1143/1143/1143
f 1143/1143/1143 2863/2863/2863 2864/2864/2864
f 2865/2865/2865 1147/1147/1147 1145/1145/1145
f 1145/1145/1145 2864/2864/2864 2865/2865/2865
f 2866/2866/2866 1149/1149/1149 1147/1147/1147
f 1147/1147/1147 2865/2865/2865 2866/2866/2866
f 1149/1149/1149 2866/2866/2866 2867/2867/2867
f 2867/2867/2867 1137/1137/1137 1149/1149/1149
f 1138/1138/1138 1136/1136/1136 1150/1150/1150
f 1150/1150/1150 1152/1152/1152 1138/1138/1138
f 1152/1152/1152 1153/1153/1153 1140/1140/1140
f 1140/1140/1140 1138/1138/1138 1152/1152/1152
f 1153/1153/1153 1154/1154/1154 1142/1142/1142
f 1142/1142/1142 1140/1140/1140 1153/1153/1153
f 1144/1144/1144 1142/1142/1142 1154/1154/1154
f 1154/1154/1154 1155/1155/1155 1144/1144/1144
f 1146/1146/1146 1144/1144/1144 1155/1155/1155
f 1155/1155/1155 1156/1156/1156 1146/1146/1146
f 1148/1148/1148 1146/1146/1146 1156/1156/1156
f 1156/1156/1156 1151/1151/1151 1148/1148/1148
f 1151/1151/1151 1150/1150/1150 1136/1136/1136
f 1136/1136/1136 1148/1148/1148 1151/1151/1151
f 1155/1155/1155 1154/1154/1154 1153/1153/1153
f 1155/1155/1155 1153/1153/1153 1152/1152/1152
f 1152/1152/1152 1156/1156/1156 1155/1155/1155
f 1156/1156/1156 1152/1152/1152 1150/1150/1150
f 1150/1150/1150 1151/1151/1151 1156/1156/1156
f 2868/2868/2868 2869/2869/2869 1159/1159/1159
f 1159/1159/1159 2870/2870/2870 2868/2868/2868
f 2871/2871/2871 2868/2868/2868 2870/2870/2870
f 1157/1157/1157 1163/1163/1163 1164/1164/1164
f 1164/1164/1164 1160/1160/1160 1157/1157/1157
f 1161/1161/1161 1165/1165/1165 1163/1163/1163
f 1163/1163/1163 1157/1157/1157 1161/1161/1161
f 1158/1158/1158 1162/1162/1162 1165/1165/1165
f 1165/1165/1165 1161/1161/1161 1158/1158/1158
f 2872/2872/2872 2873/2873/2873 1168/1168/1168
f 1168/1168/1168 2874/2874/2874 2872/2872/2872
f 2875/2875/2875 2872/2872/2872 2874/2874/2874
f 1166/1166/1166 1172/1172/1172 1173/1173/1173
f 1173/1173/1173 1169/1169/1169 1166/1166/1166
f 1170/1170/1170 1174/1174/1174 1172/1172/1172
f 1172/1172/1172 1166/1166/1166 1170/1170/1170
f 1167/1167/1167 1171/1171/1171 1174/1174/1174
f 1174/1174/1174 1170/1170/1170 1167/1167/1167
f 1175/1175/1175 2876/2876/2876 2877/2877/2877
f 2877/2877/2877 2878/2878/2878 1175/1175/1175
f 1179/1179/1179 2879/2879/2879 2876/2876/2876
f 2876/2876/2876 1175/1175/1175 1179/1179/1179
f 1181/1181/1181 2880/2880/2880 2879/2879/2879
f 2879/2879/2879 1179/1179/1179 1181/1181/1181
f 1183/1183/1183 2881/2881/2881 2880/2880/2880
f 2880/2880/2880 1181/1181/1181 1183/1183/1183
f 1185/1185/1185 2882/2882/2882 2881/2881/2881
f 2881/2881/2881 1183/1183/1183 1185/1185/1185
f 1187/1187/1187 2883/2883/2883 2882/2882/2882
f 2882/2882/2882 1185/1185/1185 1187/1187/1187
f 1189/1189/1189 2884/2884/2884 2883/2883/2883
f 2883/2883/2883 1187/1187/1187 1189/1189/1189
f 2884/2884/2884 1189/1189/1189 1176/1176/1176
f 1176/1176/1176 2885/2885/2885 2884/2884/2884
f 2878/2878/2878 2886/2886/2886 1191/1191/1191
f 1191/1191/1191 1175/1175/1175 2878/2878/2878
f 1175/1175/1175 1191/1191/1191 1193/1193/1193
f 1193/1193/1193 1179/1179/1179 1175/1175/1175
f 1179/1179/1179 1193/1193/1193 1194/1194/1194
f 1194/1194/1194 1181/1181/1181 1179/1179/1179
f 1181/1181/1181 1194/1194/1194 1195/1195/1195
f 1195/1195/1195 1183/1183/1183 1181/1181/1181
f 1183/1183/1183 1195/1195/1195 1196/1196/1196
f 1196/1196/1196 1185/1185/1185 1183/1183/1183
f 1185/1185/1185 1196/1196/1196 1197/1197/1197
f 1197/1197/1197 1187/1187/1187 1185/1185/1185
f 1187/1187/1187 1197/1197/1197 1198/1198/1198
f 1198/1198/1198 1189/1189/1189 1187/1187/1187
f 1192/1192/1192 1176/1176/1176 1189/1189/1189
f 1189/1189/1189 1198/1198/1198 1192/1192/1192
f 1201/1201/1201 2887/2887/2887 2888/2888/2888
f 1201/1201/1201 2889/2889/2889 2887/2887/2887
f 1201/1201/1201 2890/2890/2890 2889/2889/2889
f 1201/1201/1201 2891/2891/2891 2890/2890/2890
f 1201/1201/1201 2892/2892/2892 2891/2891/2891
f 1201/1201/1201 2893/2893/2893 2892/2892/2892
f 1201/1201/1201 2894/2894/2894 2893/2893/2893
f 1201/1201/1201 2888/2888/2888 2894/2894/2894
f 2895/2895/2895 1200/1200/1200 1191/1191/1191
f 1191/1191/1191 2886/2886/2886 2895/2895/2895
f 1200/1200/1200 1202/1202/1202 1193/1193/1193
f 1193/1193/1193 1191/1191/1191 1200/1200/1200
f 1202/1202/1202 1203/1203/1203 1194/1194/1194
f 1194/1194/1194 1193/1193/1193 1202/1202/1202
f 1203/1203/1203 1204/1204/1204 1195/1195/1195
f 1195/1195/1195 1194/1194/1194 1203/1203/1203
f 1204/1204/1204 1205/1205/1205 1196/1196/1196
f 1196/1196/1196 1195/1195/1195 1204/1204/1204
f 1205/1205/1205 1206/1206/1206 1197/1197/1197
f 1197/1197/1197 1196/1196/1196 1205/1205/1205
f 1206/1206/1206 1207/1207/1207 1198/1198/1198
f 1198/1198/1198 1197/1197/1197 1206/1206/1206
f 1207/1207/1207 1199/1199/1199 1192/1192/1192
f 1192/1192/1192 1198/1198/1198 1207/1207/1207
f 1208/1208/1208 2896/2896/2896 1178/1178/1178
f 1208/1208/1208 1178/1178/1178 1180/1180/1180
f 1208/1208/1208 1180/1180/1180 1182/1182/1182
f 1208/1208/1208 1182/1182/1182 1184/1184/1184
f 1208/1208/1208 1184/1184/1184 1186/1186/1186
f 1208/1208/1208 1186/1186/1186 1188/1188/1188
f 1208/1208/1208 1188/1188/1188 1190/1190/1190
f 1208/1208/1208 1190/1190/1190 1177/1177/1177
f 1215/1215/1215 2897/2897/2897 1209/1209/1209
f 1209/1209/1209 1214/1214/1214 1215/1215/1215
f 1217/1217/1217 1212/1212/1212 2898/2898/2898
f 2898/2898/2898 1216/1216/1216 1217/1217/1217
f 1218/1218/1218 1213/1213/1213 1212/1212/1212
f 1212/1212/1212 1217/1217/1217 1218/1218/1218
f 1214/1214/1214 1209/1209/1209 1213/1213/1213
f 1213/1213/1213 1218/1218/1218 1214/1214/1214
f 1219/1219/1219 1231/1231/1231 1214/1214/1214
f 1231/1231/1231 2899/2899/2899 1215/1215/1215
f 1226/1226/1226 1217/1217/1217 1216/1216/1216
f 1219/1219/1219 1218/1218/1218 1217/1217/1217
f 1219/1219/1219 1214/1214/1214 1218/1218/1218
f 1220/1220/1220 1210/1210/1210 1215/1215/1215
f 1215/1215/1215 1221/1221/1221 1220/1220/1220
f 1222/1222/1222 1216/1216/1216 1211/1211/1211
f 1211/1211/1211 1232/1232/1232 1222/1222/1222
f 2900/2900/2900 2901/2901/2901 1216/1216/1216
f 1216/1216/1216 1222/1222/1222 2900/2900/2900
f 1221/1221/1221 1215/1215/1215 2899/2899/2899
f 2899/2899/2899 2902/2902/2902 1221/1221/1221
f 1226/1226/1226 1216/1216/1216 2901/2901/2901
f 1231/1231/1231 1219/1219/1219 1226/1226/1226
f 2903/2903/2903 1233/1233/1233 1223/1223/1223
f 1223/1223/1223 2904/2904/2904 2903/2903/2903
f 2905/2905/2905 1224/1224/1224 1225/1225/1225
f 1225/1225/1225 2906/2906/2906 2905/2905/2905
f 2907/2907/2907 2904/2904/2904 1223/1223/1223
f 2905/2905/2905 2908/2908/2908 1224/1224/1224
f 1227/1227/1227 1229/1229/1229 1230/1230/1230
f 1230/1230/1230 1228/1228/1228 1227/1227/1227
f 1231/1231/1231 1226/1226/1226 1229/1229/1229
f 1229/1229/1229 1227/1227/1227 1231/1231/1231
f 1226/1226/1226 1219/1219/1219 1217/1217/1217
f 1231/1231/1231 1215/1215/1215 1214/1214/1214
f 1240/1240/1240 1235/1235/1235 1234/1234/1234
f 1234/1234/1234 1239/1239/1239 1240/1240/1240
f 1241/1241/1241 1236/1236/1236 1235/1235/1235
f 1235/1235/1235 1240/1240/1240 1241/1241/1241
f 2909/2909/2909 2910/2910/2910 1236/1236/1236
f 1236/1236/1236 1241/1241/1241 2909/2909/2909
f 1243/1243/1243 1238/1238/1238 1237/1237/1237
f 1237/1237/1237 1242/1242/1242 1243/1243/1243
f 1239/1239/1239 1234/1234/1234 1238/1238/1238
f 1238/1238/1238 1243/1243/1243 1239/1239/1239
f 1244/1244/1244 1234/1234/1234 1235/1235/1235
f 1235/1235/1235 1245/1245/1245 1244/1244/1244
f 1245/1245/1245 1235/1235/1235 1236/1236/1236
f 1236/1236/1236 1246/1246/1246 1245/1245/1245
f 1246/1246/1246 1236/1236/1236 2910/2910/2910
f 2910/2910/2910 2911/2911/2911 1246/1246/1246
f 1247/1247/1247 1237/1237/1237 1238/1238/1238
f 1238/1238/1238 1248/1248/1248 1247/1247/1247
f 1248/1248/1248 1238/1238/1238 1234/1234/1234
f 1234/1234/1234 1244/1244/1244 1248/1248/1248
f 2912/2912/2912 1256/1256/1256 1255/1255/1255
f 1255/1255/1255 2913/2913/2913 2912/2912/2912
f 2912/2912/2912 2914/2914/2914 1257/1257/1257
f 1257/1257/1257 1256/1256/1256 2912/2912/2912
f 2914/2914/2914 2915/2915/2915 1258/1258/1258
f 1258/1258/1258 1257/1257/1257 2914/2914/2914
f 2916/2916/2916 2913/2913/2913 1255/1255/1255
f 1255/1255/1255 1254/1254/1254 2916/2916/2916
f 2917/2917/2917 1266/1266/1266 1265/1265/1265
f 1265/1265/1265 2918/2918/2918 2917/2917/2917
f 2917/2917/2917 2919/2919/2919 1267/1267/1267
f 1267/1267/1267 1266/1266/1266 2917/2917/2917
f 2919/2919/2919 2920/2920/2920 1268/1268/1268
f 1268/1268/1268 1267/1267/1267 2919/2919/2919
f 2921/2921/2921 2918/2918/2918 1265/1265/1265
f 1265/1265/1265 1264/1264/1264 2921/2921/2921
f 2922/2922/2922 2923/2923/2923 1275/1275/1275
f 1275/1275/1275 1274/1274/1274 2922/2922/2922
f 2924/2924/2924 1276/1276/1276 1275/1275/1275
f 1275/1275/1275 2923/2923/2923 2924/2924/2924
f 2924/2924/2924 2925/2925/2925 1277/1277/1277
f 1277/1277/1277 1276/1276/1276 2924/2924/2924
f 2925/2925/2925 2926/2926/2926 1278/1278/1278
f 1278/1278/1278 1277/1277/1277 2925/2925/2925
f 1252/1252/1252 1250/1250/1250 1249/1249/1249
f 1249/1249/1249 1253/1253/1253 1252/1252/1252
f 1262/1262/1262 1260/1260/1260 1259/1259/1259
f 1259/1259/1259 1263/1263/1263 1262/1262/1262
f 1272/1272/1272 1270/1270/1270 1269/1269/1269
f 1269/1269/1269 1273/1273/1273 1272/1272/1272
f 1250/1250/1250 1252/1252/1252 1251/1251/1251
f 1260/1260/1260 1262/1262/1262 1261/1261/1261
f 1270/1270/1270 1272/1272/1272 1271/1271/1271
f 1279/1279/1279 1281/1281/1281 1280/1280/1280
f 1280/1280/1280 1283/1283/1283 1279/1279/1279
f 1282/1282/1282 1279/1279/1279 1283/1283/1283
f 1283/1283/1283 1285/1285/1285 1282/1282/1282
f 1285/1285/1285 1284/1284/1284 1286/1286/1286
f 1286/1286/1286 1282/1282/1282 1285/1285/1285
f 1280/1280/1280 2927/2927/2927 1291/1291/1291
f 1291/1291/1291 1283/1283/1283 1280/1280/1280
f 1281/1281/1281 2928/2928/2928 1288/1288/1288
f 1288/1288/1288 1280/1280/1280 1281/1281/1281
f 1279/1279/1279 1287/1287/1287 1289/1289/1289
f 1289/1289/1289 1281/1281/1281 1279/1279/1279
f 1283/1283/1283 1291/1291/1291 1293/1293/1293
f 1293/1293/1293 1285/1285/1285 1283/1283/1283
f 1282/1282/1282 1290/1290/1290 1287/1287/1287
f 1287/1287/1287 1279/1279/1279 1282/1282/1282
f 1286/1286/1286 2929/2929/2929 1290/1290/1290
f 1290/1290/1290 1282/1282/1282 1286/1286/1286
f 1284/1284/1284 2930/2930/2930 1294/1294/1294
f 1294/1294/1294 1286/1286/1286 1284/1284/1284
f 1285/1285/1285 1293/1293/1293 1292/1292/1292
f 1292/1292/1292 1284/1284/1284 1285/1285/1285
f 1299/1299/1299 1295/1295/1295 1296/1296/1296
f 1296/1296/1296 1300/1300/1300 1299/1299/1299
f 1300/1300/1300 1296/1296/1296 2931/2931/2931
f 2931/2931/2931 2932/2932/2932 1300/1300/1300
f 1301/1301/1301 1297/1297/1297 1298/1298/1298
f 1298/1298/1298 1302/1302/1302 1301/1301/1301
f 1302/1302/1302 1298/1298/1298 1295/1295/1295
f 1295/1295/1295 1299/1299/1299 1302/1302/1302
f 1303/1303/1303 1306/1306/1306 1305/1305/1305
f 1305/1305/1305 1304/1304/1304 1303/1303/1303
f 1307/1307/1307 1303/1303/1303 1304/1304/1304
f 1304/1304/1304 1308/1308/1308 1307/1307/1307
f 1308/1308/1308 1310/1310/1310 1309/1309/1309
f 1309/1309/1309 1307/1307/1307 1308/1308/1308
f 1305/1305/1305 2933/2933/2933 1311/1311/1311
f 1311/1311/1311 1304/1304/1304 1305/1305/1305
f 1306/1306/1306 2934/2934/2934 1312/1312/1312
f 1312/1312/1312 1305/1305/1305 1306/1306/1306
f 1303/1303/1303 1314/1314/1314 1313/1313/1313
f 1313/1313/1313 1306/1306/1306 1303/1303/1303
f 1304/1304/1304 1311/1311/1311 1315/1315/1315
f 1315/1315/1315 1308/1308/1308 1304/1304/1304
f 1307/1307/1307 1316/1316/1316 1314/1314/1314
f 1314/1314/1314 1303/1303/1303 1307/1307/1307
f 1309/1309/1309 2935/2935/2935 1316/1316/1316
f 1316/1316/1316 1307/1307/1307 1309/1309/1309
f 1310/1310/1310 2936/2936/2936 1317/1317/1317
f 1317/1317/1317 1309/1309/1309 1310/1310/1310
f 1308/1308/1308 1315/1315/1315 1318/1318/1318
f 1318/1318/1318 1310/1310/1310 1308/1308/1308
f 1319/1319/1319 1322/1322/1322 1321/1321/1321
f 1321/1321/1321 1320/1320/1320 1319/1319/1319
f 1323/1323/1323 1319/1319/1319 1320/1320/1320
f 1320/1320/1320 1324/1324/1324 1323/1323/1323
f 1324/1324/1324 1326/1326/1326 1325/1325/1325
f 1325/1325/1325 1323/1323/1323 1324/1324/1324
f 1321/1321/1321 2937/2937/2937 1327/1327/1327
f 1327/1327/1327 1320/1320/1320 1321/1321/1321
f 1322/1322/1322 2938/2938/2938 1328/1328/1328
f 1328/1328/1328 1321/1321/1321 1322/1322/1322
f 1319/1319/1319 1330/1330/1330 1329/1329/1329
f 1329/1329/1329 1322/1322/1322 1319/1319/1319
f 1320/1320/1320 1327/1327/1327 1331/1331/1331
f 1331/1331/1331 1324/1324/1324 1320/1320/1320
f 1323/1323/1323 1332/1332/1332 1330/1330/1330
f 1330/1330/1330 1319/1319/1319 1323/1323/1323
f 1325/1325/1325 2939/2939/2939 1332/1332/1332
f 1332/1332/1332 1323/1323/1323 1325/1325/1325
f 1326/1326/1326 2940/2940/2940 1333/1333/1333
f 1333/1333/1333 1325/1325/1325 1326/1326/1326
f 1324/1324/1324 1331/1331/1331 1334/1334/1334
f 1334/1334/1334 1326/1326/1326 1324/1324/1324
f 1341/1341/1341 1340/1340/1340 1335/1335/1335
f 1335/1335/1335 2941/2941/2941 1341/1341/1341
f 1343/1343/1343 1342/1342/1342 2942/2942/2942
f 2942/2942/2942 1338/1338/1338 1343/1343/1343
f 1344/1344/1344 1343/1343/1343 1338/1338/1338
f 1338/1338/1338 1339/1339/1339 1344/1344/1344
f 1340/1340/1340 1344/1344/1344 1339/1339/1339
f 1339/1339/1339 1335/1335/1335 1340/1340/1340
f 1355/1355/1355 1345/1345/1345 1340/1340/1340
f 2943/2943/2943 1355/1355/1355 1341/1341/1341
f 1343/1343/1343 1352/1352/1352 1342/1342/1342
f 1344/1344/1344 1345/1345/1345 1343/1343/1343
f 1340/1340/1340 1345/1345/1345 1344/1344/1344
f 1346/1346/1346 1347/1347/1347 1341/1341/1341
f 1341/1341/1341 1336/1336/1336 1346/1346/1346
f 1348/1348/1348 1356/1356/1356 1337/1337/1337
f 1337/1337/1337 1342/1342/1342 1348/1348/1348
f 2944/2944/2944 1348/1348/1348 1342/1342/1342
f 1342/1342/1342 2945/2945/2945 2944/2944/2944
f 1347/1347/1347 2946/2946/2946 2943/2943/2943
f 2943/2943/2943 1341/1341/1341 1347/1347/1347
f 1342/1342/1342 1352/1352/1352 2945/2945/2945
f 1345/1345/1345 1355/1355/1355 1352/1352/1352
f 1350/1350/1350 2947/2947/2947 2948/2948/2948
f 2948/2948/2948 1351/1351/1351 1350/1350/1350
f 2949/2949/2949 2950/2950/2950 1349/1349/1349
f 1349/1349/1349 1357/1357/1357 2949/2949/2949
f 1355/1355/1355 1353/1353/1353 1354/1354/1354
f 1354/1354/1354 1352/1352/1352 1355/1355/1355
f 1345/1345/1345 1352/1352/1352 1343/1343/1343
f 1341/1341/1341 1355/1355/1355 1340/1340/1340
f 2951/2951/2951 1361/1361/1361 1358/1358/1358
f 1358/1358/1358 2952/2952/2952 2951/2951/2951
f 1363/1363/1363 1362/1362/1362 1359/1359/1359
f 1359/1359/1359 1360/1360/1360 1363/1363/1363
f 1361/1361/1361 1363/1363/1363 1360/1360/1360
f 1360/1360/1360 1358/1358/1358 1361/1361/1361
f 1364/1364/1364 2953/2953/2953 2952/2952/2952
f 2952/2952/2952 1358/1358/1358 1364/1364/1364
f 1365/1365/1365 1366/1366/1366 1360/1360/1360
f 1360/1360/1360 1359/1359/1359 1365/1365/1365
f 1366/1366/1366 1364/1364/1364 1358/1358/1358
f 1358/1358/1358 1360/1360/1360 1366/1366/1366
f 1368/1368/1368 1372/1372/1372 1373/1373/1373
f 1373/1373/1373 1369/1369/1369 1368/1368/1368
f 1369/1369/1369 1373/1373/1373 1374/1374/1374
f 1374/1374/1374 1370/1370/1370 1369/1369/1369
f 1367/1367/1367 1371/1371/1371 1372/1372/1372
f 1372/1372/1372 1368/1368/1368 1367/1367/1367
f 1376/1376/1376 1380/1380/1380 1381/1381/1381
f 1381/1381/1381 1377/1377/1377 1376/1376/1376
f 1377/1377/1377 1381/1381/1381 1382/1382/1382
f 1382/1382/1382 1378/1378/1378 1377/1377/1377
f 1375/1375/1375 1379/1379/1379 1380/1380/1380
f 1380/1380/1380 1376/1376/1376 1375/1375/1375
f 1383/1383/1383 1387/1387/1387 1388/1388/1388
f 1388/1388/1388 1384/1384/1384 1383/1383/1383
f 1384/1384/1384 1388/1388/1388 1389/1389/1389
f 1389/1389/1389 1385/1385/1385 1384/1384/1384
f 1385/1385/1385 1389/1389/1389 1390/1390/1390
f 1390/1390/1390 1386/1386/1386 1385/1385/1385
f 1393/1393/1393 1394/1394/1394 1391/1391/1391
f 1391/1391/1391 1392/1392/1392 1393/1393/1393
f 1394/1394/1394 1393/1393/1393 1396/1396/1396
f 1396/1396/1396 1395/1395/1395 1394/1394/1394
f 1391/1391/1391 1394/1394/1394 1400/1400/1400
f 1400/1400/1400 2954/2954/2954 1391/1391/1391
f 1392/1392/1392 1391/1391/1391 1397/1397/1397
f 1397/1397/1397 2955/2955/2955 1392/1392/1392
f 1393/1393/1393 1392/1392/1392 1398/1398/1398
f 1398/1398/1398 1399/1399/1399 1393/1393/1393
f 1396/1396/1396 1393/1393/1393 1399/1399/1399
f 1399/1399/1399 2956/2956/2956 1396/1396/1396
f 1395/1395/1395 1396/1396/1396 1402/1402/1402
f 1402/1402/1402 2957/2957/2957 1395/1395/1395
f 1394/1394/1394 1395/1395/1395 1401/1401/1401
f 1401/1401/1401 1400/1400/1400 1394/1394/1394
f 1406/1406/1406 1403/1403/1403 1404/1404/1404
f 1404/1404/1404 1405/1405/1405 1406/1406/1406
f 1403/1403/1403 1406/1406/1406 1407/1407/1407
f 1407/1407/1407 1408/1408/1408 1403/1403/1403
f 1404/1404/1404 1403/1403/1403 1409/1409/1409
f 1409/1409/1409 2958/2958/2958 1404/1404/1404
f 1405/1405/1405 1404/1404/1404 1410/1410/1410
f 1410/1410/1410 2959/2959/2959 1405/1405/1405
f 1406/1406/1406 1405/1405/1405 1411/1411/1411
f 1411/1411/1411 1412/1412/1412 1406/1406/1406
f 1407/1407/1407 1406/1406/1406 1412/1412/1412
f 1412/1412/1412 2960/2960/2960 1407/1407/1407
f 1408/1408/1408 1407/1407/1407 1413/1413/1413
f 1413/1413/1413 2961/2961/2961 1408/1408/1408
f 1403/1403/1403 1408/1408/1408 1414/1414/1414
f 1414/1414/1414 1409/1409/1409 1403/1403/1403
f 1418/1418/1418 1415/1415/1415 1416/1416/1416
f 1416/1416/1416 1417/1417/1417 1418/1418/1418
f 1415/1415/1415 1418/1418/1418 1419/1419/1419
f 1419/1419/1419 1420/1420/1420 1415/1415/1415
f 1416/1416/1416 1415/1415/1415 1421/1421/1421
f 1421/1421/1421 2962/2962/2962 1416/1416/1416
f 1417/1417/1417 1416/1416/1416 1422/1422/1422
f 1422/1422/1422 2963/2963/2963 1417/1417/1417
f 1418/1418/1418 1417/1417/1417 1423/1423/1423
f 1423/1423/1423 1424/1424/1424 1418/1418/1418
f 1419/1419/1419 1418/1418/1418 1424/1424/1424
f 1424/1424/1424 2964/2964/2964 1419/1419/1419
f 1420/1420/1420 1419/1419/1419 1425/1425/1425
f 1425/1425/1425 2965/2965/2965 1420/1420/1420
f 1415/1415/1415 1420/1420/1420 1426/1426/1426
f 1426/1426/1426 1421/1421/1421 1415/1415/1415
f 1427/1427/1427 2966/2966/2966 2967/2967/2967
f 2967/2967/2967 1430/1430/1430 1427/1427/1427
f 2968/2968/2968 2969/2969/2969 1433/1433/1433
f 1433/1433/1433 1434/1434/1434 2968/2968/2968
f 1431/1431/1431 1434/1434/1434 1429/1429/1429
f 1435/1435/1435 1430/1430/1430 1429/1429/1429
f 1429/1429/1429 1434/1434/1434 1435/1435/1435
f 1436/1436/1436 1433/1433/1433 1432/1432/1432
f 1432/1432/1432 1427/1427/1427 1436/1436/1436
f 1428/1428/1428 1427/1427/1427 1432/1432/1432
f 1427/1427/1427 1430/1430/1430 1435/1435/1435
f 1435/1435/1435 1436/1436/1436 1427/1427/1427
f 1436/1436/1436 1435/1435/1435 1434/1434/1434
f 1434/1434/1434 1433/1433/1433 1436/1436/1436
f 2970/2970/2970 2971/2971/2971 2972/2972/2972
f 2972/2972/2972 2973/2973/2973 2970/2970/2970
f 1438/1438/1438 2974/2974/2974 2975/2975/2975
f 2975/2975/2975 1437/1437/1437 1438/1438/1438
f 1439/1439/1439 2976/2976/2976 2974/2974/2974
f 2974/2974/2974 1438/1438/1438 1439/1439/1439
f 1437/1437/1437 2975/2975/2975 2977/2977/2977
f 2977/2977/2977 1440/1440/1440 1437/1437/1437
f 1443/1443/1443 1444/1444/1444 1441/1441/1441
f 1441/1441/1441 1442/1442/1442 1443/1443/1443
f 1799/1799/1799 1446/1446/1446 1445/1445/1445
f 1445/1445/1445 1447/1447/1447 1799/1799/1799
f 1448/1448/1448 1446/1446/1446 1799/1799/1799
f 1799/1799/1799 1449/1449/1449 1448/1448/1448
f 1450/1450/1450 1448/1448/1448 1449/1449/1449
f 1449/1449/1449 1451/1451/1451 1450/1450/1450
f 1452/1452/1452 1450/1450/1450 1451/1451/1451
f 1451/1451/1451 1453/1453/1453 1452/1452/1452
f 1454/1454/1454 1452/1452/1452 1453/1453/1453
f 1453/1453/1453 1455/1455/1455 1454/1454/1454
f 1456/1456/1456 1454/1454/1454 1455/1455/1455
f 1455/1455/1455 1457/1457/1457 1456/1456/1456
f 1650/1650/1650 1456/1456/1456 1457/1457/1457
f 1457/1457/1457 1902/1902/1902 1650/1650/1650
f 1458/1458/1458 1445/1445/1445 1446/1446/1446
f 1446/1446/1446 1746/1746/1746 1458/1458/1458
f 1727/1727/1727 1459/1459/1459 1465/1465/1465
f 1465/1465/1465 1464/1464/1464 1727/1727/1727
f 1463/1463/1463 1460/1460/1460 1727/1727/1727
f 1727/1727/1727 1464/1464/1464 1463/1463/1463
f 1461/1461/1461 1460/1460/1460 1463/1463/1463
f 1463/1463/1463 1462/1462/1462 1461/1461/1461
f 1795/1795/1795 1456/1456/1456 1650/1650/1650
f 1454/1454/1454 1456/1456/1456 1462/1462/1462
f 1463/1463/1463 1452/1452/1452 1454/1454/1454
f 1454/1454/1454 1462/1462/1462 1463/1463/1463
f 1450/1450/1450 1452/1452/1452 1463/1463/1463
f 1464/1464/1464 1450/1450/1450 1463/1463/1463
f 1465/1465/1465 1448/1448/1448 1450/1450/1450
f 1450/1450/1450 1464/1464/1464 1465/1465/1465
f 1459/1459/1459 1746/1746/1746 1465/1465/1465
f 1446/1446/1446 1448/1448/1448 1465/1465/1465
f 1461/1461/1461 1729/1729/1729 1728/1728/1728
f 1728/1728/1728 1460/1460/1460 1461/1461/1461
f 1466/1466/1466 1607/1607/1607 1467/1467/1467
f 1467/1467/1467 1610/1610/1610 1466/1466/1466
f 1742/1742/1742 1741/1741/1741 1738/1738/1738
f 1738/1738/1738 1690/1690/1690 1742/1742/1742
f 1675/1675/1675 1472/1472/1472 1725/1725/1725
f 1725/1725/1725 1724/1724/1724 1675/1675/1675
f 1716/1716/1716 1715/1715/1715 1476/1476/1476
f 1715/1715/1715 1477/1477/1477 1489/1489/1489
f 1489/1489/1489 1488/1488/1488 1715/1715/1715
f 1477/1477/1477 1717/1717/1717 1489/1489/1489
f 1701/1701/1701 1483/1483/1483 1482/1482/1482
f 1482/1482/1482 1702/1702/1702 1701/1701/1701
f 1700/1700/1700 1481/1481/1481 1483/1483/1483
f 1483/1483/1483 1701/1701/1701 1700/1700/1700
f 1483/1483/1483 1498/1498/1498 1500/1500/1500
f 1500/1500/1500 1482/1482/1482 1483/1483/1483
f 1481/1481/1481 1497/1497/1497 1498/1498/1498
f 1498/1498/1498 1483/1483/1483 1481/1481/1481
f 1499/1499/1499 1469/1469/1469 1485/1485/1485
f 1608/1608/1608 1723/1723/1723 1609/1609/1609
f 1617/1617/1617 1475/1475/1475 1486/1486/1486
f 1628/1628/1628 1613/1613/1613 1680/1680/1680
f 1613/1613/1613 1487/1487/1487 1668/1668/1668
f 1486/1486/1486 1723/1723/1723 1608/1608/1608
f 1608/1608/1608 1617/1617/1617 1486/1486/1486
f 1730/1730/1730 1729/1729/1729 1461/1461/1461
f 1461/1461/1461 1731/1731/1731 1730/1730/1730
f 1731/1731/1731 1461/1461/1461 1462/1462/1462
f 1489/1489/1489 1480/1480/1480 1479/1479/1479
f 1479/1479/1479 1488/1488/1488 1489/1489/1489
f 1499/1499/1499 1485/1485/1485 1698/1698/1698
f 1498/1498/1498 1474/1474/1474 1473/1473/1473
f 1473/1473/1473 1500/1500/1500 1498/1498/1498
f 1497/1497/1497 1469/1469/1469 1564/1564/1564
f 1564/1564/1564 1498/1498/1498 1497/1497/1497
f 1613/1613/1613 1654/1654/1654 1487/1487/1487
f 1601/1601/1601 1559/1559/1559 1558/1558/1558
f 1558/1558/1558 1602/1602/1602 1601/1601/1601
f 1560/1560/1560 1474/1474/1474 1564/1564/1564
f 1564/1564/1564 1563/1563/1563 1560/1560/1560
f 1600/1600/1600 1557/1557/1557 1559/1559/1559
f 1559/1559/1559 1601/1601/1601 1600/1600/1600
f 1496/1496/1496 1473/1473/1473 1474/1474/1474
f 1474/1474/1474 1560/1560/1560 1496/1496/1496
f 1556/1556/1556 1557/1557/1557 1600/1600/1600
f 1670/1670/1670 1669/1669/1669 1503/1503/1503
f 1503/1503/1503 1506/1506/1506 1670/1670/1670
f 1703/1703/1703 1695/1695/1695 1502/1502/1502
f 1504/1504/1504 1553/1553/1553 1503/1503/1503
f 1673/1673/1673 1684/1684/1684 1471/1471/1471
f 1512/1512/1512 1502/1502/1502 1501/1501/1501
f 1501/1501/1501 1714/1714/1714 1512/1512/1512
f 1507/1507/1507 1696/1696/1696 1502/1502/1502
f 1502/1502/1502 1512/1512/1512 1507/1507/1507
f 1508/1508/1508 1509/1509/1509 1714/1714/1714
f 1714/1714/1714 1473/1473/1473 1508/1508/1508
f 2978/2978/2978 2979/2979/2979 2980/2980/2980
f 2980/2980/2980 2981/2981/2981 2978/2978/2978
f 2982/2982/2982 2979/2979/2979 2978/2978/2978
f 2978/2978/2978 2983/2983/2983 2982/2982/2982
f 2984/2984/2984 1511/1511/1511 2985/2985/2985
f 2985/2985/2985 2986/2986/2986 2984/2984/2984
f 2987/2987/2987 2988/2988/2988 1511/1511/1511
f 1511/1511/1511 2984/2984/2984 2987/2987/2987
f 1513/1513/1513 2989/2989/2989 2990/2990/2990
f 2989/2989/2989 2991/2991/2991 2990/2990/2990
f 1513/1513/1513 2992/2992/2992 2989/2989/2989
f 1519/1519/1519 1697/1697/1697 1507/1507/1507
f 1519/1519/1519 1507/1507/1507 1527/1527/1527
f 1527/1527/1527 1520/1520/1520 1519/1519/1519
f 1969/1969/1969 1516/1516/1516 1517/1517/1517
f 1517/1517/1517 1521/1521/1521 1969/1969/1969
f 1521/1521/1521 1517/1517/1517 1518/1518/1518
f 1518/1518/1518 1838/1838/1838 1521/1521/1521
f 1838/1838/1838 1518/1518/1518 1519/1519/1519
f 1519/1519/1519 1839/1839/1839 1838/1838/1838
f 1839/1839/1839 1519/1519/1519 1520/1520/1520
f 1520/1520/1520 1522/1522/1522 1839/1839/1839
f 1522/1522/1522 1520/1520/1520 1527/1527/1527
f 1527/1527/1527 1846/1846/1846 1522/1522/1522
f 1687/1687/1687 1686/1686/1686 1516/1516/1516
f 1516/1516/1516 1544/1544/1544 1687/1687/1687
f 1535/1535/1535 1524/1524/1524 1536/1536/1536
f 2993/2993/2993 1514/1514/1514 2994/2994/2994
f 2994/2994/2994 2995/2995/2995 2993/2993/2993
f 2996/2996/2996 1515/1515/1515 1514/1514/1514
f 1514/1514/1514 2993/2993/2993 2996/2996/2996
f 1845/1845/1845 1526/1526/1526 1525/1525/1525
f 1525/1525/1525 1844/1844/1844 1845/1845/1845
f 1846/1846/1846 1527/1527/1527 1526/1526/1526
f 1526/1526/1526 1845/1845/1845 1846/1846/1846
f 1744/1744/1744 1528/1528/1528 1746/1746/1746
f 1529/1529/1529 1528/1528/1528 1745/1745/1745
f 1745/1745/1745 1530/1530/1530 1529/1529/1529
f 1744/1744/1744 1745/1745/1745 1528/1528/1528
f 1459/1459/1459 1744/1744/1744 1746/1746/1746
f 1528/1528/1528 1458/1458/1458 1746/1746/1746
f 1537/1537/1537 1536/1536/1536 1524/1524/1524
f 1548/1548/1548 1551/1551/1551 1545/1545/1545
f 1545/1545/1545 1532/1532/1532 1548/1548/1548
f 1854/1854/1854 1532/1532/1532 1531/1531/1531
f 1743/1743/1743 1689/1689/1689 1688/1688/1688
f 1688/1688/1688 1543/1543/1543 1743/1743/1743
f 1536/1536/1536 1750/1750/1750 1535/1535/1535
f 1532/1532/1532 1750/1750/1750 1536/1536/1536
f 1542/1542/1542 1532/1532/1532 1536/1536/1536
f 1536/1536/1536 1537/1537/1537 1542/1542/1542
f 1742/1742/1742 1690/1690/1690 1689/1689/1689
f 1689/1689/1689 1743/1743/1743 1742/1742/1742
f 1783/1783/1783 1533/1533/1533 1534/1534/1534
f 1783/1783/1783 1534/1534/1534 1849/1849/1849
f 1849/1849/1849 1997/1997/1997 1783/1783/1783
f 1540/1540/1540 1853/1853/1853 1530/1530/1530
f 1530/1530/1530 1745/1745/1745 1540/1540/1540
f 1540/1540/1540 1539/1539/1539 1853/1853/1853
f 1744/1744/1744 1541/1541/1541 1540/1540/1540
f 1540/1540/1540 1745/1745/1745 1744/1744/1744
f 1542/1542/1542 1531/1531/1531 1532/1532/1532
f 1854/1854/1854 1548/1548/1548 1532/1532/1532
f 1740/1740/1740 1739/1739/1739 1543/1543/1543
f 1547/1547/1547 1550/1550/1550 1545/1545/1545
f 1543/1543/1543 1739/1739/1739 1545/1545/1545
f 1859/1859/1859 1849/1849/1849 1534/1534/1534
f 1534/1534/1534 1550/1550/1550 1859/1859/1859
f 1549/1549/1549 1858/1858/1858 1548/1548/1548
f 1854/1854/1854 1549/1549/1549 1548/1548/1548
f 1858/1858/1858 1551/1551/1551 1548/1548/1548
f 1858/1858/1858 1546/1546/1546 1547/1547/1547
f 1550/1550/1550 1547/1547/1547 1546/1546/1546
f 1546/1546/1546 1859/1859/1859 1550/1550/1550
f 1534/1534/1534 1533/1533/1533 1545/1545/1545
f 1545/1545/1545 1550/1550/1550 1534/1534/1534
f 1551/1551/1551 1547/1547/1547 1545/1545/1545
f 1858/1858/1858 1547/1547/1547 1551/1551/1551
f 1545/1545/1545 1739/1739/1739 1532/1532/1532
f 1552/1552/1552 1538/1538/1538 1539/1539/1539
f 1540/1540/1540 1541/1541/1541 1552/1552/1552
f 1476/1476/1476 1715/1715/1715 1488/1488/1488
f 1488/1488/1488 1553/1553/1553 1476/1476/1476
f 1553/1553/1553 1488/1488/1488 1479/1479/1479
f 1553/1553/1553 1504/1504/1504 1476/1476/1476
f 1612/1612/1612 1675/1675/1675 1674/1674/1674
f 1674/1674/1674 1683/1683/1683 1612/1612/1612
f 1683/1683/1683 1674/1674/1674 1471/1471/1471
f 1683/1683/1683 1471/1471/1471 1684/1684/1684
f 1756/1756/1756 1587/1587/1587 1586/1586/1586
f 1586/1586/1586 2997/2997/2997 1756/1756/1756
f 1543/1543/1543 1545/1545/1545 1533/1533/1533
f 1559/1559/1559 1568/1568/1568 1567/1567/1567
f 1567/1567/1567 1558/1558/1558 1559/1559/1559
f 1571/1571/1571 1569/1569/1569 1560/1560/1560
f 1560/1560/1560 1563/1563/1563 1571/1571/1571
f 1557/1557/1557 1566/1566/1566 1568/1568/1568
f 1568/1568/1568 1559/1559/1559 1557/1557/1557
f 1638/1638/1638 1652/1652/1652 1565/1565/1565
f 1565/1565/1565 1556/1556/1556 1638/1638/1638
f 1565/1565/1565 1566/1566/1566 1557/1557/1557
f 1557/1557/1557 1556/1556/1556 1565/1565/1565
f 1755/1755/1755 1496/1496/1496 1560/1560/1560
f 1580/1580/1580 1493/1493/1493 2998/2998/2998
f 2998/2998/2998 1577/1577/1577 1580/1580/1580
f 1469/1469/1469 1604/1604/1604 1564/1564/1564
f 1564/1564/1564 1474/1474/1474 1498/1498/1498
f 1570/1570/1570 1755/1755/1755 1560/1560/1560
f 1560/1560/1560 1569/1569/1569 1570/1570/1570
f 1763/1763/1763 1755/1755/1755 1570/1570/1570
f 1570/1570/1570 1759/1759/1759 1763/1763/1763
f 1592/1592/1592 1597/1597/1597 1596/1596/1596
f 1596/1596/1596 1593/1593/1593 1592/1592/1592
f 1571/1571/1571 1572/1572/1572 1569/1569/1569
f 1591/1591/1591 1598/1598/1598 1597/1597/1597
f 1597/1597/1597 1592/1592/1592 1591/1591/1591
f 1589/1589/1589 1599/1599/1599 1590/1590/1590
f 1599/1599/1599 1598/1598/1598 1591/1591/1591
f 1591/1591/1591 1590/1590/1590 1599/1599/1599
f 1571/1571/1571 1563/1563/1563 1558/1558/1558
f 1558/1558/1558 1567/1567/1567 1571/1571/1571
f 1595/1595/1595 1594/1594/1594 1593/1593/1593
f 1593/1593/1593 1596/1596/1596 1595/1595/1595
f 1576/1576/1576 1585/1585/1585 1584/1584/1584
f 1584/1584/1584 1575/1575/1575 1576/1576/1576
f 1572/1572/1572 1588/1588/1588 1586/1586/1586
f 1586/1586/1586 1569/1569/1569 1572/1572/1572
f 1574/1574/1574 1583/1583/1583 1585/1585/1585
f 1585/1585/1585 1576/1576/1576 1574/1574/1574
f 1655/1655/1655 1582/1582/1582 1573/1573/1573
f 1582/1582/1582 1583/1583/1583 1574/1574/1574
f 1574/1574/1574 1573/1573/1573 1582/1582/1582
f 1661/1661/1661 1660/1660/1660 1659/1659/1659
f 1659/1659/1659 1662/1662/1662 1661/1661/1661
f 1581/1581/1581 1495/1495/1495 1493/1493/1493
f 1493/1493/1493 1580/1580/1580 1581/1581/1581
f 1577/1577/1577 2998/2998/2998 2997/2997/2997
f 2997/2997/2997 1586/1586/1586 1577/1577/1577
f 1579/1579/1579 1492/1492/1492 1495/1495/1495
f 1495/1495/1495 1581/1581/1581 1579/1579/1579
f 1490/1490/1490 1492/1492/1492 1579/1579/1579
f 1579/1579/1579 1578/1578/1578 1490/1490/1490
f 1658/1658/1658 1663/1663/1663 1662/1662/1662
f 1662/1662/1662 1659/1659/1659 1658/1658/1658
f 1588/1588/1588 1577/1577/1577 1586/1586/1586
f 1657/1657/1657 1664/1664/1664 1663/1663/1663
f 1663/1663/1663 1658/1658/1658 1657/1657/1657
f 1657/1657/1657 1666/1666/1666 1665/1665/1665
f 1665/1665/1665 1664/1664/1664 1657/1657/1657
f 1587/1587/1587 1570/1570/1570 1569/1569/1569
f 1569/1569/1569 1586/1586/1586 1587/1587/1587
f 1760/1760/1760 1764/1764/1764 1570/1570/1570
f 1570/1570/1570 1587/1587/1587 1760/1760/1760
f 1588/1588/1588 1572/1572/1572 1575/1575/1575
f 1575/1575/1575 1584/1584/1584 1588/1588/1588
f 1565/1565/1565 1652/1652/1652 1589/1589/1589
f 1589/1589/1589 1590/1590/1590 1565/1565/1565
f 1591/1591/1591 1566/1566/1566 1565/1565/1565
f 1565/1565/1565 1590/1590/1590 1591/1591/1591
f 1592/1592/1592 1568/1568/1568 1566/1566/1566
f 1566/1566/1566 1591/1591/1591 1592/1592/1592
f 1593/1593/1593 1567/1567/1567 1568/1568/1568
f 1568/1568/1568 1592/1592/1592 1593/1593/1593
f 1575/1575/1575 1572/1572/1572 1595/1595/1595
f 1595/1595/1595 1596/1596/1596 1575/1575/1575
f 1571/1571/1571 1567/1567/1567 1593/1593/1593
f 1593/1593/1593 1594/1594/1594 1571/1571/1571
f 1572/1572/1572 1571/1571/1571 1594/1594/1594
f 1594/1594/1594 1595/1595/1595 1572/1572/1572
f 1597/1597/1597 1576/1576/1576 1575/1575/1575
f 1575/1575/1575 1596/1596/1596 1597/1597/1597
f 1598/1598/1598 1574/1574/1574 1576/1576/1576
f 1576/1576/1576 1597/1597/1597 1598/1598/1598
f 1573/1573/1573 1574/1574/1574 1598/1598/1598
f 1598/1598/1598 1599/1599/1599 1573/1573/1573
f 1589/1589/1589 1573/1573/1573 1599/1599/1599
f 1556/1556/1556 1600/1600/1600 1615/1615/1615
f 1615/1615/1615 1622/1622/1622 1556/1556/1556
f 1601/1601/1601 1615/1615/1615 1600/1600/1600
f 1602/1602/1602 1469/1469/1469 1499/1499/1499
f 1499/1499/1499 1601/1601/1601 1602/1602/1602
f 1603/1603/1603 1563/1563/1563 1564/1564/1564
f 1564/1564/1564 1604/1604/1604 1603/1603/1603
f 1603/1603/1603 1604/1604/1604 1469/1469/1469
f 1469/1469/1469 1602/1602/1602 1603/1603/1603
f 1602/1602/1602 1558/1558/1558 1563/1563/1563
f 1563/1563/1563 1603/1603/1603 1602/1602/1602
f 1484/1484/1484 1730/1730/1730 1653/1653/1653
f 1606/1606/1606 1468/1468/1468 1484/1484/1484
f 1484/1484/1484 1605/1605/1605 1606/1606/1606
f 1466/1466/1466 1468/1468/1468 1606/1606/1606
f 1606/1606/1606 1607/1607/1607 1466/1466/1466
f 1605/1605/1605 1653/1653/1653 1618/1618/1618
f 1618/1618/1618 1608/1608/1608 1605/1605/1605
f 1609/1609/1609 1606/1606/1606 1605/1605/1605
f 1605/1605/1605 1608/1608/1608 1609/1609/1609
f 1734/1734/1734 1727/1727/1727 1460/1460/1460
f 1460/1460/1460 1728/1728/1728 1734/1734/1734
f 1607/1607/1607 1606/1606/1606 1609/1609/1609
f 1609/1609/1609 1611/1611/1611 1607/1607/1607
f 1467/1467/1467 1607/1607/1607 1611/1611/1611
f 1611/1611/1611 1612/1612/1612 1467/1467/1467
f 1578/1578/1578 1656/1656/1656 1641/1641/1641
f 1641/1641/1641 1614/1614/1614 1578/1578/1578
f 1491/1491/1491 1789/1789/1789 1614/1614/1614
f 1614/1614/1614 1643/1643/1643 1491/1491/1491
f 1655/1655/1655 1589/1589/1589 1652/1652/1652
f 1652/1652/1652 1639/1639/1639 1655/1655/1655
f 1555/1555/1555 1490/1490/1490 1578/1578/1578
f 1614/1614/1614 1789/1789/1789 1578/1578/1578
f 1680/1680/1680 1613/1613/1613 1668/1668/1668
f 1481/1481/1481 1700/1700/1700 1699/1699/1699
f 1699/1699/1699 1485/1485/1485 1481/1481/1481
f 1634/1634/1634 1613/1613/1613 1628/1628/1628
f 1628/1628/1628 1630/1630/1630 1634/1634/1634
f 1608/1608/1608 1618/1618/1618 1626/1626/1626
f 1626/1626/1626 1635/1635/1635 1608/1608/1608
f 1640/1640/1640 1905/1905/1905 1642/1642/1642
f 1621/1621/1621 1667/1667/1667 1904/1904/1904
f 1904/1904/1904 1649/1649/1649 1621/1621/1621
f 1615/1615/1615 1633/1633/1633 1627/1627/1627
f 1627/1627/1627 1622/1622/1622 1615/1615/1615
f 1615/1615/1615 1698/1698/1698 1633/1633/1633
f 1654/1654/1654 1613/1613/1613 1634/1634/1634
f 1634/1634/1634 1616/1616/1616 1654/1654/1654
f 1620/1620/1620 1616/1616/1616 1634/1634/1634
f 1634/1634/1634 1630/1630/1630 1620/1620/1620
f 1617/1617/1617 1608/1608/1608 1635/1635/1635
f 1619/1619/1619 1617/1617/1617 1635/1635/1635
f 1635/1635/1635 1626/1626/1626 1619/1619/1619
f 1794/1794/1794 1796/1796/1796 1653/1653/1653
f 1653/1653/1653 1636/1636/1636 1794/1794/1794
f 1637/1637/1637 1629/1629/1629 1644/1644/1644
f 1644/1644/1644 1646/1646/1646 1637/1637/1637
f 1903/1903/1903 1645/1645/1645 1632/1632/1632
f 1632/1632/1632 1623/1623/1623 1903/1903/1903
f 1642/1642/1642 1905/1905/1905 2999/2999/2999
f 1648/1648/1648 1625/1625/1625 1642/1642/1642
f 1645/1645/1645 1644/1644/1644 1629/1629/1629
f 1629/1629/1629 1632/1632/1632 1645/1645/1645
f 1633/1633/1633 1698/1698/1698 1624/1624/1624
f 1624/1624/1624 1627/1627/1627 1633/1633/1633
f 1646/1646/1646 1905/1905/1905 1640/1640/1640
f 1640/1640/1640 1651/1651/1651 1646/1646/1646
f 1632/1632/1632 1630/1630/1630 1628/1628/1628
f 1628/1628/1628 1623/1623/1623 1632/1632/1632
f 1647/1647/1647 1631/1631/1631 1621/1621/1621
f 1621/1621/1621 1649/1649/1649 1647/1647/1647
f 1629/1629/1629 1637/1637/1637 1627/1627/1627
f 1627/1627/1627 1624/1624/1624 1629/1629/1629
f 1624/1624/1624 1620/1620/1620 1630/1630/1630
f 1630/1630/1630 1632/1632/1632 1624/1624/1624
f 1623/1623/1623 1619/1619/1619 1626/1626/1626
f 1626/1626/1626 1631/1631/1631 1623/1623/1623
f 1667/1667/1667 1650/1650/1650 1902/1902/1902
f 1902/1902/1902 1904/1904/1904 1667/1667/1667
f 1647/1647/1647 1903/1903/1903 1623/1623/1623
f 1623/1623/1623 1631/1631/1631 1647/1647/1647
f 1651/1651/1651 1640/1640/1640 1639/1639/1639
f 1639/1639/1639 1652/1652/1652 1651/1651/1651
f 1640/1640/1640 1642/1642/1642 1641/1641/1641
f 1641/1641/1641 1639/1639/1639 1640/1640/1640
f 1625/1625/1625 1614/1614/1614 1641/1641/1641
f 1641/1641/1641 1642/1642/1642 1625/1625/1625
f 1632/1632/1632 1629/1629/1629 1624/1624/1624
f 1627/1627/1627 1637/1637/1637 1638/1638/1638
f 1638/1638/1638 1622/1622/1622 1627/1627/1627
f 1614/1614/1614 1625/1625/1625 1648/1648/1648
f 1648/1648/1648 1643/1643/1643 1614/1614/1614
f 1626/1626/1626 1618/1618/1618 1621/1621/1621
f 1621/1621/1621 1631/1631/1631 1626/1626/1626
f 1794/1794/1794 1795/1795/1795 1650/1650/1650
f 1650/1650/1650 1667/1667/1667 1794/1794/1794
f 1651/1651/1651 1637/1637/1637 1646/1646/1646
f 1652/1652/1652 1638/1638/1638 1637/1637/1637
f 1637/1637/1637 1651/1651/1651 1652/1652/1652
f 1556/1556/1556 1622/1622/1622 1638/1638/1638
f 1601/1601/1601 1499/1499/1499 1615/1615/1615
f 1499/1499/1499 1698/1698/1698 1615/1615/1615
f 1653/1653/1653 1605/1605/1605 1484/1484/1484
f 1730/1730/1730 1731/1731/1731 1636/1636/1636
f 1636/1636/1636 1653/1653/1653 1730/1730/1730
f 1654/1654/1654 1478/1478/1478 1487/1487/1487
f 1654/1654/1654 1616/1616/1616 1478/1478/1478
f 1655/1655/1655 1573/1573/1573 1589/1589/1589
f 1656/1656/1656 1639/1639/1639 1641/1641/1641
f 1666/1666/1666 1582/1582/1582 1656/1656/1656
f 1658/1658/1658 1585/1585/1585 1583/1583/1583
f 1583/1583/1583 1657/1657/1657 1658/1658/1658
f 1659/1659/1659 1584/1584/1584 1585/1585/1585
f 1585/1585/1585 1658/1658/1658 1659/1659/1659
f 1580/1580/1580 1577/1577/1577 1661/1661/1661
f 1661/1661/1661 1662/1662/1662 1580/1580/1580
f 1663/1663/1663 1581/1581/1581 1580/1580/1580
f 1580/1580/1580 1662/1662/1662 1663/1663/1663
f 1664/1664/1664 1579/1579/1579 1581/1581/1581
f 1581/1581/1581 1663/1663/1663 1664/1664/1664
f 1656/1656/1656 1578/1578/1578 1665/1665/1665
f 1665/1665/1665 1666/1666/1666 1656/1656/1656
f 1657/1657/1657 1583/1583/1583 1582/1582/1582
f 1582/1582/1582 1666/1666/1666 1657/1657/1657
f 1578/1578/1578 1579/1579/1579 1664/1664/1664
f 1664/1664/1664 1665/1665/1665 1578/1578/1578
f 1577/1577/1577 1588/1588/1588 1660/1660/1660
f 1660/1660/1660 1661/1661/1661 1577/1577/1577
f 1588/1588/1588 1584/1584/1584 1659/1659/1659
f 1659/1659/1659 1660/1660/1660 1588/1588/1588
f 1656/1656/1656 1582/1582/1582 1655/1655/1655
f 1655/1655/1655 1639/1639/1639 1656/1656/1656
f 1680/1680/1680 1617/1617/1617 1619/1619/1619
f 1619/1619/1619 1628/1628/1628 1680/1680/1680
f 1668/1668/1668 1677/1677/1677 1680/1680/1680
f 1718/1718/1718 1677/1677/1677 1668/1668/1668
f 1676/1676/1676 1670/1670/1670 1671/1671/1671
f 1671/1671/1671 1682/1682/1682 1676/1676/1676
f 1672/1672/1672 1686/1686/1686 1685/1685/1685
f 1685/1685/1685 1673/1673/1673 1672/1672/1672
f 1673/1673/1673 1682/1682/1682 1672/1672/1672
f 1674/1674/1674 1681/1681/1681 1676/1676/1676
f 1676/1676/1676 1471/1471/1471 1674/1674/1674
f 1679/1679/1679 1681/1681/1681 1674/1674/1674
f 1679/1679/1679 1674/1674/1674 1675/1675/1675
f 1675/1675/1675 1678/1678/1678 1679/1679/1679
f 1672/1672/1672 1671/1671/1671 1517/1517/1517
f 1517/1517/1517 1516/1516/1516 1672/1672/1672
f 1676/1676/1676 1682/1682/1682 1673/1673/1673
f 1673/1673/1673 1471/1471/1471 1676/1676/1676
f 1677/1677/1677 1475/1475/1475 1617/1617/1617
f 1617/1617/1617 1680/1680/1680 1677/1677/1677
f 1726/1726/1726 1724/1724/1724 1719/1719/1719
f 1719/1719/1719 1677/1677/1677 1726/1726/1726
f 1669/1669/1669 1670/1670/1670 1676/1676/1676
f 1676/1676/1676 1681/1681/1681 1669/1669/1669
f 1679/1679/1679 1504/1504/1504 1669/1669/1669
f 1669/1669/1669 1681/1681/1681 1679/1679/1679
f 1678/1678/1678 1476/1476/1476 1504/1504/1504
f 1504/1504/1504 1679/1679/1679 1678/1678/1678
f 1682/1682/1682 1671/1671/1671 1672/1672/1672
f 1619/1619/1619 1623/1623/1623 1628/1628/1628
f 1685/1685/1685 1505/1505/1505 1684/1684/1684
f 1686/1686/1686 1505/1505/1505 1685/1685/1685
f 1470/1470/1470 1505/1505/1505 1686/1686/1686
f 1686/1686/1686 1687/1687/1687 1470/1470/1470
f 1690/1690/1690 1470/1470/1470 1689/1689/1689
f 1692/1692/1692 1684/1684/1684 1470/1470/1470
f 1692/1692/1692 1691/1691/1691 1683/1683/1683
f 1467/1467/1467 1612/1612/1612 1683/1683/1683
f 1683/1683/1683 1691/1691/1691 1467/1467/1467
f 1610/1610/1610 1467/1467/1467 1691/1691/1691
f 1691/1691/1691 1738/1738/1738 1610/1610/1610
f 1692/1692/1692 1690/1690/1690 1738/1738/1738
f 1738/1738/1738 1691/1691/1691 1692/1692/1692
f 1470/1470/1470 1690/1690/1690 1692/1692/1692
f 1688/1688/1688 1689/1689/1689 1470/1470/1470
f 1687/1687/1687 1688/1688/1688 1470/1470/1470
f 1505/1505/1505 1470/1470/1470 1684/1684/1684
f 1672/1672/1672 1516/1516/1516 1686/1686/1686
f 1740/1740/1740 1543/1543/1543 1688/1688/1688
f 1669/1669/1669 1504/1504/1504 1503/1503/1503
f 1703/1703/1703 1502/1502/1502 1704/1704/1704
f 1693/1693/1693 1478/1478/1478 1616/1616/1616
f 1694/1694/1694 1480/1480/1480 1478/1478/1478
f 1478/1478/1478 1693/1693/1693 1694/1694/1694
f 1479/1479/1479 1480/1480/1480 1694/1694/1694
f 1695/1695/1695 1501/1501/1501 1502/1502/1502
f 1695/1695/1695 1702/1702/1702 1482/1482/1482
f 1696/1696/1696 1705/1705/1705 1704/1704/1704
f 1704/1704/1704 1502/1502/1502 1696/1696/1696
f 1697/1697/1697 1518/1518/1518 1705/1705/1705
f 1705/1705/1705 1696/1696/1696 1697/1697/1697
f 1671/1671/1671 1670/1670/1670 1506/1506/1506
f 1518/1518/1518 1517/1517/1517 1671/1671/1671
f 1671/1671/1671 1506/1506/1506 1518/1518/1518
f 1695/1695/1695 1482/1482/1482 1500/1500/1500
f 1500/1500/1500 1501/1501/1501 1695/1695/1695
f 1519/1519/1519 1518/1518/1518 1697/1697/1697
f 1485/1485/1485 1699/1699/1699 1698/1698/1698
f 1698/1698/1698 1620/1620/1620 1624/1624/1624
f 1699/1699/1699 1620/1620/1620 1698/1698/1698
f 1616/1616/1616 1620/1620/1620 1699/1699/1699
f 1700/1700/1700 1616/1616/1616 1699/1699/1699
f 1693/1693/1693 1616/1616/1616 1700/1700/1700
f 1701/1701/1701 1694/1694/1694 1693/1693/1693
f 1693/1693/1693 1700/1700/1700 1701/1701/1701
f 1702/1702/1702 1479/1479/1479 1694/1694/1694
f 1694/1694/1694 1701/1701/1701 1702/1702/1702
f 1703/1703/1703 1553/1553/1553 1479/1479/1479
f 1479/1479/1479 1702/1702/1702 1703/1703/1703
f 1703/1703/1703 1704/1704/1704 1503/1503/1503
f 1503/1503/1503 1553/1553/1553 1703/1703/1703
f 1705/1705/1705 1503/1503/1503 1704/1704/1704
f 1506/1506/1506 1503/1503/1503 1705/1705/1705
f 1518/1518/1518 1506/1506/1506 1705/1705/1705
f 1789/1789/1789 1555/1555/1555 1578/1578/1578
f 3000/3000/3000 1792/1792/1792 3001/3001/3001
f 1554/1554/1554 1494/1494/1494 1562/1562/1562
f 1554/1554/1554 3002/3002/3002 1494/1494/1494
f 3003/3003/3003 2998/2998/2998 1493/1493/1493
f 3004/3004/3004 1490/1490/1490 1555/1555/1555
f 1555/1555/1555 1711/1711/1711 3004/3004/3004
f 3005/3005/3005 1492/1492/1492 1490/1490/1490
f 1490/1490/1490 3004/3004/3004 3005/3005/3005
f 3003/3003/3003 1493/1493/1493 1495/1495/1495
f 1495/1495/1495 3006/3006/3006 3003/3003/3003
f 3006/3006/3006 1495/1495/1495 1492/1492/1492
f 1492/1492/1492 3005/3005/3005 3006/3006/3006
f 1712/1712/1712 1554/1554/1554 1562/1562/1562
f 1695/1695/1695 1703/1703/1703 1702/1702/1702
f 1713/1713/1713 1844/1844/1844 1525/1525/1525
f 1496/1496/1496 1510/1510/1510 1508/1508/1508
f 1508/1508/1508 1473/1473/1473 1496/1496/1496
f 1510/1510/1510 1757/1757/1757 1713/1713/1713
f 1501/1501/1501 1500/1500/1500 1473/1473/1473
f 1473/1473/1473 1714/1714/1714 1501/1501/1501
f 1714/1714/1714 1509/1509/1509 1512/1512/1512
f 1697/1697/1697 1696/1696/1696 1507/1507/1507
f 1717/1717/1717 1477/1477/1477 1718/1718/1718
f 1715/1715/1715 1716/1716/1716 1718/1718/1718
f 1718/1718/1718 1477/1477/1477 1715/1715/1715
f 1487/1487/1487 1478/1478/1478 1480/1480/1480
f 1480/1480/1480 1717/1717/1717 1487/1487/1487
f 1668/1668/1668 1487/1487/1487 1717/1717/1717
f 1717/1717/1717 1718/1718/1718 1668/1668/1668
f 1717/1717/1717 1480/1480/1480 1489/1489/1489
f 1720/1720/1720 1722/1722/1722 1719/1719/1719
f 1723/1723/1723 1722/1722/1722 1720/1720/1720
f 1720/1720/1720 1721/1721/1721 1723/1723/1723
f 1486/1486/1486 1475/1475/1475 1719/1719/1719
f 1719/1719/1719 1722/1722/1722 1486/1486/1486
f 1723/1723/1723 1486/1486/1486 1722/1722/1722
f 1725/1725/1725 1723/1723/1723 1721/1721/1721
f 1719/1719/1719 1475/1475/1475 1677/1677/1677
f 1716/1716/1716 1476/1476/1476 1678/1678/1678
f 1678/1678/1678 1726/1726/1726 1716/1716/1716
f 1725/1725/1725 1611/1611/1611 1609/1609/1609
f 1609/1609/1609 1723/1723/1723 1725/1725/1725
f 1720/1720/1720 1719/1719/1719 1724/1724/1724
f 1725/1725/1725 1721/1721/1721 1720/1720/1720
f 1720/1720/1720 1724/1724/1724 1725/1725/1725
f 1472/1472/1472 1612/1612/1612 1611/1611/1611
f 1611/1611/1611 1725/1725/1725 1472/1472/1472
f 1726/1726/1726 1677/1677/1677 1718/1718/1718
f 1718/1718/1718 1716/1716/1716 1726/1726/1726
f 1678/1678/1678 1675/1675/1675 1724/1724/1724
f 1724/1724/1724 1726/1726/1726 1678/1678/1678
f 1612/1612/1612 1472/1472/1472 1675/1675/1675
f 1729/1729/1729 1730/1730/1730 1484/1484/1484
f 1484/1484/1484 1468/1468/1468 1729/1729/1729
f 1738/1738/1738 1741/1741/1741 1737/1737/1737
f 1737/1737/1737 1610/1610/1610 1738/1738/1738
f 1728/1728/1728 1729/1729/1729 1732/1732/1732
f 1733/1733/1733 1735/1735/1735 1734/1734/1734
f 1728/1728/1728 1732/1732/1732 1733/1733/1733
f 1733/1733/1733 1734/1734/1734 1728/1728/1728
f 1737/1737/1737 1736/1736/1736 1610/1610/1610
f 1736/1736/1736 1468/1468/1468 1466/1466/1466
f 1733/1733/1733 1736/1736/1736 1735/1735/1735
f 1733/1733/1733 1732/1732/1732 1736/1736/1736
f 1732/1732/1732 1729/1729/1729 1468/1468/1468
f 1732/1732/1732 1468/1468/1468 1736/1736/1736
f 1736/1736/1736 1466/1466/1466 1610/1610/1610
f 1727/1727/1727 1734/1734/1734 1735/1735/1735
f 1544/1544/1544 1751/1751/1751 1750/1750/1750
f 1750/1750/1750 1749/1749/1749 1544/1544/1544
f 1687/1687/1687 1544/1544/1544 1749/1749/1749
f 1737/1737/1737 1727/1727/1727 1735/1735/1735
f 1741/1741/1741 1793/1793/1793 1737/1737/1737
f 1743/1743/1743 1787/1787/1787 1538/1538/1538
f 1538/1538/1538 1742/1742/1742 1743/1743/1743
f 1543/1543/1543 1533/1533/1533 1743/1743/1743
f 1541/1541/1541 1744/1744/1744 1459/1459/1459
f 1746/1746/1746 1446/1446/1446 1465/1465/1465
f 1747/1747/1747 1544/1544/1544 1516/1516/1516
f 1747/1747/1747 1748/1748/1748 1544/1544/1544
f 1687/1687/1687 1749/1749/1749 1740/1740/1740
f 1740/1740/1740 1688/1688/1688 1687/1687/1687
f 1739/1739/1739 1740/1740/1740 1749/1749/1749
f 1749/1749/1749 1750/1750/1750 1739/1739/1739
f 1751/1751/1751 1523/1523/1523 1750/1750/1750
f 1752/1752/1752 1523/1523/1523 1751/1751/1751
f 1739/1739/1739 1750/1750/1750 1532/1532/1532
f 1535/1535/1535 1967/1967/1967 1524/1524/1524
f 1967/1967/1967 1535/1535/1535 1523/1523/1523
f 1523/1523/1523 3007/3007/3007 1967/1967/1967
f 1969/1969/1969 1747/1747/1747 1516/1516/1516
f 1968/1968/1968 1544/1544/1544 1748/1748/1748
f 1748/1748/1748 1970/1970/1970 1968/1968/1968
f 1969/1969/1969 1754/1754/1754 1747/1747/1747
f 1753/1753/1753 1751/1751/1751 1544/1544/1544
f 1544/1544/1544 1968/1968/1968 1753/1753/1753
f 1966/1966/1966 1523/1523/1523 1752/1752/1752
f 1752/1752/1752 1971/1971/1971 1966/1966/1966
f 1971/1971/1971 1752/1752/1752 1751/1751/1751
f 1751/1751/1751 1753/1753/1753 1971/1971/1971
f 1970/1970/1970 1748/1748/1748 1747/1747/1747
f 1747/1747/1747 1754/1754/1754 1970/1970/1970
f 1761/1761/1761 1510/1510/1510 1755/1755/1755
f 1755/1755/1755 1758/1758/1758 1761/1761/1761
f 1766/1766/1766 1984/1984/1984 1871/1871/1871
f 1871/1871/1871 1760/1760/1760 1766/1766/1766
f 1763/1763/1763 1762/1762/1762 1561/1561/1561
f 1561/1561/1561 1758/1758/1758 1763/1763/1763
f 1764/1764/1764 1980/1980/1980 1868/1868/1868
f 1868/1868/1868 1759/1759/1759 1764/1764/1764
f 1761/1761/1761 1977/1977/1977 1943/1943/1943
f 1943/1943/1943 1757/1757/1757 1761/1761/1761
f 1765/1765/1765 1756/1756/1756 3008/3008/3008
f 3008/3008/3008 1982/1982/1982 1765/1765/1765
f 1770/1770/1770 1758/1758/1758 1561/1561/1561
f 1561/1561/1561 1767/1767/1767 1770/1770/1770
f 1771/1771/1771 1759/1759/1759 1868/1868/1868
f 1868/1868/1868 1768/1768/1768 1771/1771/1771
f 1772/1772/1772 1760/1760/1760 1871/1871/1871
f 1871/1871/1871 1769/1769/1769 1772/1772/1772
f 1773/1773/1773 1761/1761/1761 1758/1758/1758
f 1758/1758/1758 1770/1770/1770 1773/1773/1773
f 1989/1989/1989 1977/1977/1977 1761/1761/1761
f 1761/1761/1761 1773/1773/1773 1989/1989/1989
f 1774/1774/1774 1763/1763/1763 1759/1759/1759
f 1759/1759/1759 1771/1771/1771 1774/1774/1774
f 1991/1991/1991 1762/1762/1762 1763/1763/1763
f 1763/1763/1763 1774/1774/1774 1991/1991/1991
f 1776/1776/1776 1764/1764/1764 1760/1760/1760
f 1760/1760/1760 1772/1772/1772 1776/1776/1776
f 1775/1775/1775 1980/1980/1980 1764/1764/1764
f 1764/1764/1764 1776/1776/1776 1775/1775/1775
f 1778/1778/1778 1765/1765/1765 1982/1982/1982
f 1982/1982/1982 1777/1777/1777 1778/1778/1778
f 1782/1782/1782 1766/1766/1766 1765/1765/1765
f 1765/1765/1765 1778/1778/1778 1782/1782/1782
f 1781/1781/1781 1984/1984/1984 1766/1766/1766
f 1766/1766/1766 1782/1782/1782 1781/1781/1781
f 1767/1767/1767 1989/1989/1989 1773/1773/1773
f 1773/1773/1773 1770/1770/1770 1767/1767/1767
f 1768/1768/1768 1991/1991/1991 1774/1774/1774
f 1774/1774/1774 1771/1771/1771 1768/1768/1768
f 1769/1769/1769 1775/1775/1775 1776/1776/1776
f 1776/1776/1776 1772/1772/1772 1769/1769/1769
f 1777/1777/1777 1779/1779/1779 1780/1780/1780
f 1780/1780/1780 1778/1778/1778 1777/1777/1777
f 1780/1780/1780 1779/1779/1779 1781/1781/1781
f 1781/1781/1781 1782/1782/1782 1780/1780/1780
f 1778/1778/1778 1780/1780/1780 1782/1782/1782
f 1761/1761/1761 1757/1757/1757 1510/1510/1510
f 1763/1763/1763 1758/1758/1758 1755/1755/1755
f 1764/1764/1764 1759/1759/1759 1570/1570/1570
f 1766/1766/1766 1760/1760/1760 1587/1587/1587
f 1766/1766/1766 1587/1587/1587 1756/1756/1756
f 1756/1756/1756 1765/1765/1765 1766/1766/1766
f 1784/1784/1784 1785/1785/1785 1783/1783/1783
f 1783/1783/1783 1997/1997/1997 1784/1784/1784
f 1784/1784/1784 1786/1786/1786 1539/1539/1539
f 1539/1539/1539 1785/1785/1785 1784/1784/1784
f 1786/1786/1786 1853/1853/1853 1539/1539/1539
f 1785/1785/1785 1539/1539/1539 1787/1787/1787
f 1785/1785/1785 1787/1787/1787 1533/1533/1533
f 1533/1533/1533 1783/1783/1783 1785/1785/1785
f 1743/1743/1743 1533/1533/1533 1787/1787/1787
f 1539/1539/1539 1538/1538/1538 1787/1787/1787
f 3009/3009/3009 1709/1709/1709 1708/1708/1708
f 1708/1708/1708 3010/3010/3010 3009/3009/3009
f 3011/3011/3011 3012/3012/3012 1710/1710/1710
f 3011/3011/3011 1710/1710/1710 1709/1709/1709
f 1709/1709/1709 3009/3009/3009 3011/3011/3011
f 3010/3010/3010 1792/1792/1792 1707/1707/1707
f 1707/1707/1707 3009/3009/3009 3010/3010/3010
f 1789/1789/1789 3013/3013/3013 1711/1711/1711
f 1711/1711/1711 1555/1555/1555 1789/1789/1789
f 3014/3014/3014 3015/3015/3015 3016/3016/3016
f 3014/3014/3014 3017/3017/3017 3015/3015/3015
f 3013/3013/3013 1789/1789/1789 1491/1491/1491
f 1792/1792/1792 3000/3000/3000 1707/1707/1707
f 1554/1554/1554 1712/1712/1712 1788/1788/1788
f 1554/1554/1554 1788/1788/1788 1790/1790/1790
f 1554/1554/1554 1790/1790/1790 1791/1791/1791
f 1554/1554/1554 1791/1791/1791 1706/1706/1706
f 1713/1713/1713 1757/1757/1757 1943/1943/1943
f 1943/1943/1943 1844/1844/1844 1713/1713/1713
f 1692/1692/1692 1683/1683/1683 1684/1684/1684
f 1673/1673/1673 1685/1685/1685 1684/1684/1684
f 1540/1540/1540 1552/1552/1552 1539/1539/1539
f 1793/1793/1793 1552/1552/1552 1541/1541/1541
f 1541/1541/1541 1459/1459/1459 1793/1793/1793
f 1741/1741/1741 1742/1742/1742 1538/1538/1538
f 1741/1741/1741 1538/1538/1538 1552/1552/1552
f 1552/1552/1552 1793/1793/1793 1741/1741/1741
f 1459/1459/1459 1727/1727/1727 1737/1737/1737
f 1737/1737/1737 1793/1793/1793 1459/1459/1459
f 1796/1796/1796 1621/1621/1621 1618/1618/1618
f 1618/1618/1618 1653/1653/1653 1796/1796/1796
f 1667/1667/1667 1621/1621/1621 1796/1796/1796
f 1796/1796/1796 1794/1794/1794 1667/1667/1667
f 1636/1636/1636 1731/1731/1731 1795/1795/1795
f 1795/1795/1795 1794/1794/1794 1636/1636/1636
f 1731/1731/1731 1462/1462/1462 1456/1456/1456
f 1456/1456/1456 1795/1795/1795 1731/1731/1731
f 1750/1750/1750 1523/1523/1523 1535/1535/1535
f 1737/1737/1737 1735/1735/1735 1736/1736/1736
f 1497/1497/1497 1481/1481/1481 1485/1485/1485
f 1799/1799/1799 1447/1447/1447 1797/1797/1797
f 1797/1797/1797 1798/1798/1798 1799/1799/1799
f 1800/1800/1800 1449/1449/1449 1799/1799/1799
f 1799/1799/1799 1798/1798/1798 1800/1800/1800
f 1801/1801/1801 1451/1451/1451 1449/1449/1449
f 1449/1449/1449 1800/1800/1800 1801/1801/1801
f 1801/1801/1801 1453/1453/1453 1451/1451/1451
f 1802/1802/1802 1455/1455/1455 1453/1453/1453
f 1453/1453/1453 1801/1801/1801 1802/1802/1802
f 1803/1803/1803 1457/1457/1457 1455/1455/1455
f 1455/1455/1455 1802/1802/1802 1803/1803/1803
f 1906/1906/1906 1902/1902/1902 1457/1457/1457
f 1457/1457/1457 1803/1803/1803 1906/1906/1906
f 1804/1804/1804 1960/1960/1960 1798/1798/1798
f 1798/1798/1798 1797/1797/1797 1804/1804/1804
f 1952/1952/1952 1808/1808/1808 1809/1809/1809
f 1809/1809/1809 1805/1805/1805 1952/1952/1952
f 1952/1952/1952 1806/1806/1806 1808/1808/1808
f 1949/1949/1949 1807/1807/1807 1808/1808/1808
f 1808/1808/1808 1806/1806/1806 1949/1949/1949
f 1803/1803/1803 2007/2007/2007 1906/1906/1906
f 1803/1803/1803 1802/1802/1802 1807/1807/1807
f 1808/1808/1808 1807/1807/1807 1802/1802/1802
f 1802/1802/1802 1801/1801/1801 1808/1808/1808
f 1809/1809/1809 1808/1808/1808 1801/1801/1801
f 1801/1801/1801 1800/1800/1800 1809/1809/1809
f 1960/1960/1960 1805/1805/1805 1809/1809/1809
f 1800/1800/1800 1798/1798/1798 1809/1809/1809
f 1806/1806/1806 1948/1948/1948 1949/1949/1949
f 1954/1954/1954 1955/1955/1955 1928/1928/1928
f 1928/1928/1928 1874/1874/1874 1954/1954/1954
f 1958/1958/1958 1811/1811/1811 1928/1928/1928
f 1928/1928/1928 1957/1957/1957 1958/1958/1958
f 1945/1945/1945 1816/1816/1816 1929/1929/1929
f 1929/1929/1929 1815/1815/1815 1945/1945/1945
f 1813/1813/1813 1866/1866/1866 1933/1933/1933
f 1933/1933/1933 1934/1934/1934 1813/1813/1813
f 1814/1814/1814 1875/1875/1875 1876/1876/1876
f 1878/1878/1878 1891/1891/1891 1923/1923/1923
f 1929/1929/1929 1932/1932/1932 1878/1878/1878
f 1878/1878/1878 1815/1815/1815 1929/1929/1929
f 1817/1817/1817 1932/1932/1932 1933/1933/1933
f 1933/1933/1933 1866/1866/1866 1817/1817/1817
f 1972/1972/1972 1872/1872/1872 1866/1866/1866
f 1813/1813/1813 1822/1822/1822 1866/1866/1866
f 1972/1972/1972 1866/1866/1866 1822/1822/1822
f 1915/1915/1915 1824/1824/1824 1863/1863/1863
f 1863/1863/1863 1914/1914/1914 1915/1915/1915
f 1823/1823/1823 1918/1918/1918 1812/1812/1812
f 1829/1829/1829 1944/1944/1944 1930/1930/1930
f 1935/1935/1935 1936/1936/1936 1829/1829/1829
f 1829/1829/1829 1930/1930/1930 1935/1935/1935
f 1825/1825/1825 1813/1813/1813 1944/1944/1944
f 1944/1944/1944 1826/1826/1826 1825/1825/1825
f 3018/3018/3018 3019/3019/3019 3020/3020/3020
f 3020/3020/3020 3021/3021/3021 3018/3018/3018
f 3022/3022/3022 3023/3023/3023 3018/3018/3018
f 3018/3018/3018 3021/3021/3021 3022/3022/3022
f 3024/3024/3024 3025/3025/3025 3026/3026/3026
f 3026/3026/3026 1828/1828/1828 3024/3024/3024
f 3027/3027/3027 3024/3024/3024 1828/1828/1828
f 1828/1828/1828 3028/3028/3028 3027/3027/3027
f 3029/3029/3029 1830/1830/1830 3030/3030/3030
f 3031/3031/3031 1830/1830/1830 3029/3029/3029
f 1936/1936/1936 1835/1835/1835 1836/1836/1836
f 1836/1836/1836 1829/1829/1829 1936/1936/1936
f 1836/1836/1836 1837/1837/1837 1843/1843/1843
f 1843/1843/1843 1829/1829/1829 1836/1836/1836
f 1969/1969/1969 1521/1521/1521 1834/1834/1834
f 1834/1834/1834 1833/1833/1833 1969/1969/1969
f 1521/1521/1521 1838/1838/1838 1835/1835/1835
f 1835/1835/1835 1834/1834/1834 1521/1521/1521
f 1838/1838/1838 1839/1839/1839 1836/1836/1836
f 1836/1836/1836 1835/1835/1835 1838/1838/1838
f 1839/1839/1839 1522/1522/1522 1837/1837/1837
f 1837/1837/1837 1836/1836/1836 1839/1839/1839
f 1522/1522/1522 1846/1846/1846 1843/1843/1843
f 1843/1843/1843 1837/1837/1837 1522/1522/1522
f 1962/1962/1962 1855/1855/1855 1833/1833/1833
f 1833/1833/1833 1927/1927/1927 1962/1962/1962
f 1524/1524/1524 1850/1850/1850 1851/1851/1851
f 3032/3032/3032 3033/3033/3033 3034/3034/3034
f 3034/3034/3034 1831/1831/1831 3032/3032/3032
f 3035/3035/3035 3032/3032/3032 1831/1831/1831
f 1831/1831/1831 1832/1832/1832 3035/3035/3035
f 1845/1845/1845 1844/1844/1844 1841/1841/1841
f 1841/1841/1841 1842/1842/1842 1845/1845/1845
f 1846/1846/1846 1845/1845/1845 1842/1842/1842
f 1842/1842/1842 1843/1843/1843 1846/1846/1846
f 1847/1847/1847 1959/1959/1959 1960/1960/1960
f 1529/1529/1529 1530/1530/1530 1959/1959/1959
f 1959/1959/1959 1847/1847/1847 1529/1529/1529
f 1959/1959/1959 1805/1805/1805 1960/1960/1960
f 1804/1804/1804 1847/1847/1847 1960/1960/1960
f 1851/1851/1851 1537/1537/1537 1524/1524/1524
f 1857/1857/1857 1848/1848/1848 1856/1856/1856
f 1856/1856/1856 1861/1861/1861 1857/1857/1857
f 1848/1848/1848 1854/1854/1854 1531/1531/1531
f 1958/1958/1958 1956/1956/1956 1962/1962/1962
f 1962/1962/1962 1811/1811/1811 1958/1958/1958
f 1963/1963/1963 1851/1851/1851 1850/1850/1850
f 1963/1963/1963 1848/1848/1848 1851/1851/1851
f 1542/1542/1542 1537/1537/1537 1851/1851/1851
f 1851/1851/1851 1848/1848/1848 1542/1542/1542
f 1998/1998/1998 1997/1997/1997 1849/1849/1849
f 1853/1853/1853 1959/1959/1959 1530/1530/1530
f 1862/1862/1862 1959/1959/1959 1853/1853/1853
f 1531/1531/1531 1542/1542/1542 1848/1848/1848
f 1857/1857/1857 1854/1854/1854 1848/1848/1848
f 1859/1859/1859 1860/1860/1860 1998/1998/1998
f 1998/1998/1998 1849/1849/1849 1859/1859/1859
f 1858/1858/1858 1549/1549/1549 1857/1857/1857
f 1549/1549/1549 1854/1854/1854 1857/1857/1857
f 1861/1861/1861 1858/1858/1858 1857/1857/1857
f 1546/1546/1546 1858/1858/1858 1860/1860/1860
f 1546/1546/1546 1860/1860/1860 1859/1859/1859
f 1998/1998/1998 1860/1860/1860 1856/1856/1856
f 1856/1856/1856 1852/1852/1852 1998/1998/1998
f 1860/1860/1860 1861/1861/1861 1856/1856/1856
f 1860/1860/1860 1858/1858/1858 1861/1861/1861
f 1956/1956/1956 1856/1856/1856 1848/1848/1848
f 1914/1914/1914 1863/1863/1863 1816/1816/1816
f 1816/1816/1816 1945/1945/1945 1914/1914/1914
f 1919/1919/1919 1925/1925/1925 1812/1812/1812
f 1812/1812/1812 1925/1925/1925 1823/1823/1823
f 1856/1856/1856 1956/1956/1956 1852/1852/1852
f 1869/1869/1869 1872/1872/1872 1972/1972/1972
f 1972/1972/1972 1867/1867/1867 1869/1869/1869
f 1821/1821/1821 1869/1869/1869 3036/3036/3036
f 1979/1979/1979 1975/1975/1975 1867/1867/1867
f 1867/1867/1867 1972/1972/1972 1979/1979/1979
f 1872/1872/1872 1869/1869/1869 1911/1911/1911
f 1870/1870/1870 1869/1869/1869 1867/1867/1867
f 1911/1911/1911 1869/1869/1869 1821/1821/1821
f 1869/1869/1869 1870/1870/1870 1820/1820/1820
f 1820/1820/1820 3036/3036/3036 1869/1869/1869
f 1819/1819/1819 1910/1910/1910 1911/1911/1911
f 1911/1911/1911 1821/1821/1821 1819/1819/1819
f 1976/1976/1976 1870/1870/1870 1867/1867/1867
f 1867/1867/1867 1981/1981/1981 1976/1976/1976
f 1910/1910/1910 1886/1886/1886 1880/1880/1880
f 1880/1880/1880 1911/1911/1911 1910/1910/1910
f 1911/1911/1911 1817/1817/1817 1872/1872/1872
f 1948/1948/1948 1810/1810/1810 1908/1908/1908
f 1954/1954/1954 1874/1874/1874 1873/1873/1873
f 1873/1873/1873 1810/1810/1810 1954/1954/1954
f 1873/1873/1873 1875/1875/1875 1882/1882/1882
f 1882/1882/1882 1908/1908/1908 1873/1873/1873
f 1873/1873/1873 1876/1876/1876 1875/1875/1875
f 1874/1874/1874 1877/1877/1877 1876/1876/1876
f 1876/1876/1876 1873/1873/1873 1874/1874/1874
f 1928/1928/1928 1925/1925/1925 1877/1877/1877
f 1877/1877/1877 1874/1874/1874 1928/1928/1928
f 1491/1491/1491 1643/1643/1643 1879/1879/1879
f 1879/1879/1879 2001/2001/2001 1491/1491/1491
f 1878/1878/1878 1923/1923/1923 1815/1815/1815
f 1896/1896/1896 1893/1893/1893 1891/1891/1891
f 1891/1891/1891 1878/1878/1878 1896/1896/1896
f 1875/1875/1875 1897/1897/1897 1890/1890/1890
f 1890/1890/1890 1882/1882/1882 1875/1875/1875
f 1905/1905/1905 1900/1900/1900 1901/1901/1901
f 1885/1885/1885 1649/1649/1649 1904/1904/1904
f 1904/1904/1904 1913/1913/1913 1885/1885/1885
f 1878/1878/1878 1932/1932/1932 1896/1896/1896
f 1884/1884/1884 1893/1893/1893 1896/1896/1896
f 1896/1896/1896 1932/1932/1932 1884/1884/1884
f 1875/1875/1875 1881/1881/1881 1897/1897/1897
f 1883/1883/1883 1890/1890/1890 1897/1897/1897
f 1897/1897/1897 1881/1881/1881 1883/1883/1883
f 2006/2006/2006 1898/1898/1898 1908/1908/1908
f 1908/1908/1908 2008/2008/2008 2006/2006/2006
f 1899/1899/1899 1646/1646/1646 1644/1644/1644
f 1644/1644/1644 1892/1892/1892 1899/1899/1899
f 1903/1903/1903 1887/1887/1887 1895/1895/1895
f 1895/1895/1895 1645/1645/1645 1903/1903/1903
f 1901/1901/1901 1889/1889/1889 1648/1648/1648
f 1648/1648/1648 1905/1905/1905 1901/1901/1901
f 1645/1645/1645 1895/1895/1895 1892/1892/1892
f 1892/1892/1892 1644/1644/1644 1645/1645/1645
f 1880/1880/1880 1886/1886/1886 1888/1888/1888
f 1888/1888/1888 1931/1931/1931 1880/1880/1880
f 1646/1646/1646 1899/1899/1899 1907/1907/1907
f 1900/1900/1900 1905/1905/1905 1646/1646/1646
f 1900/1900/1900 1646/1646/1646 1907/1907/1907
f 1895/1895/1895 1887/1887/1887 1891/1891/1891
f 1891/1891/1891 1893/1893/1893 1895/1895/1895
f 1647/1647/1647 1649/1649/1649 1885/1885/1885
f 1885/1885/1885 1894/1894/1894 1647/1647/1647
f 1892/1892/1892 1888/1888/1888 1886/1886/1886
f 1886/1886/1886 1899/1899/1899 1892/1892/1892
f 1888/1888/1888 1895/1895/1895 1893/1893/1893
f 1893/1893/1893 1884/1884/1884 1888/1888/1888
f 1887/1887/1887 1894/1894/1894 1890/1890/1890
f 1890/1890/1890 1883/1883/1883 1887/1887/1887
f 1913/1913/1913 1904/1904/1904 1902/1902/1902
f 1902/1902/1902 1906/1906/1906 1913/1913/1913
f 1647/1647/1647 1894/1894/1894 1887/1887/1887
f 1887/1887/1887 1903/1903/1903 1647/1647/1647
f 1909/1909/1909 1900/1900/1900 1907/1907/1907
f 1900/1900/1900 1909/1909/1909 1912/1912/1912
f 1912/1912/1912 1901/1901/1901 1900/1900/1900
f 1889/1889/1889 1901/1901/1901 1912/1912/1912
f 1912/1912/1912 1879/1879/1879 1889/1889/1889
f 1892/1892/1892 1895/1895/1895 1888/1888/1888
f 1879/1879/1879 1643/1643/1643 1648/1648/1648
f 1648/1648/1648 1889/1889/1889 1879/1879/1879
f 1890/1890/1890 1894/1894/1894 1885/1885/1885
f 1885/1885/1885 1882/1882/1882 1890/1890/1890
f 2006/2006/2006 1913/1913/1913 1906/1906/1906
f 1906/1906/1906 2007/2007/2007 2006/2006/2006
f 1817/1817/1817 1911/1911/1911 1880/1880/1880
f 1931/1931/1931 1817/1817/1817 1880/1880/1880
f 1873/1873/1873 1908/1908/1908 1810/1810/1810
f 1948/1948/1948 1908/1908/1908 1898/1898/1898
f 1898/1898/1898 1949/1949/1949 1948/1948/1948
f 1883/1883/1883 1923/1923/1923 1891/1891/1891
f 1921/1921/1921 1815/1815/1815 1923/1923/1923
f 1920/1920/1920 1924/1924/1924 1916/1916/1916
f 1916/1916/1916 1915/1915/1915 1920/1920/1920
f 1917/1917/1917 1918/1918/1918 1926/1926/1926
f 1926/1926/1926 1927/1927/1927 1917/1917/1917
f 1924/1924/1924 1918/1918/1918 1917/1917/1917
f 1919/1919/1919 1812/1812/1812 1920/1920/1920
f 1920/1920/1920 1922/1922/1922 1919/1919/1919
f 1917/1917/1917 1833/1833/1833 1834/1834/1834
f 1834/1834/1834 1916/1916/1916 1917/1917/1917
f 1920/1920/1920 1812/1812/1812 1918/1918/1918
f 1918/1918/1918 1924/1924/1924 1920/1920/1920
f 1921/1921/1921 1923/1923/1923 1881/1881/1881
f 1881/1881/1881 1814/1814/1814 1921/1921/1921
f 1947/1947/1947 1921/1921/1921 1814/1814/1814
f 1814/1814/1814 1946/1946/1946 1947/1947/1947
f 1914/1914/1914 1922/1922/1922 1920/1920/1920
f 1920/1920/1920 1915/1915/1915 1914/1914/1914
f 1916/1916/1916 1924/1924/1924 1917/1917/1917
f 1887/1887/1887 1883/1883/1883 1891/1891/1891
f 1823/1823/1823 1927/1927/1927 1926/1926/1926
f 1811/1811/1811 1962/1962/1962 1927/1927/1927
f 1927/1927/1927 1823/1823/1823 1811/1811/1811
f 1928/1928/1928 1811/1811/1811 1925/1925/1925
f 1833/1833/1833 1917/1917/1917 1927/1927/1927
f 1930/1930/1930 1944/1944/1944 1813/1813/1813
f 1813/1813/1813 1934/1934/1934 1930/1930/1930
f 1915/1915/1915 1916/1916/1916 1824/1824/1824
f 1835/1835/1835 1824/1824/1824 1916/1916/1916
f 1916/1916/1916 1834/1834/1834 1835/1835/1835
f 1932/1932/1932 1817/1817/1817 1931/1931/1931
f 1884/1884/1884 1931/1931/1931 1888/1888/1888
f 1884/1884/1884 1932/1932/1932 1931/1931/1931
f 1932/1932/1932 1929/1929/1929 1933/1933/1933
f 1934/1934/1934 1933/1933/1933 1929/1929/1929
f 1929/1929/1929 1816/1816/1816 1934/1934/1934
f 1935/1935/1935 1934/1934/1934 1816/1816/1816
f 1816/1816/1816 1863/1863/1863 1935/1935/1935
f 1863/1863/1863 1936/1936/1936 1935/1935/1935
f 1863/1863/1863 1824/1824/1824 1936/1936/1936
f 1824/1824/1824 1835/1835/1835 1936/1936/1936
f 2004/2004/2004 3000/3000/3000 3001/3001/3001
f 3037/3037/3037 1554/1554/1554 1865/1865/1865
f 3036/3036/3036 3038/3038/3038 1821/1821/1821
f 3039/3039/3039 1941/1941/1941 1864/1864/1864
f 1864/1864/1864 1818/1818/1818 3039/3039/3039
f 3040/3040/3040 3039/3039/3039 1818/1818/1818
f 1818/1818/1818 1819/1819/1819 3040/3040/3040
f 3038/3038/3038 3040/3040/3040 1819/1819/1819
f 1819/1819/1819 1821/1821/1821 3038/3038/3038
f 1554/1554/1554 1940/1940/1940 1865/1865/1865
f 1935/1935/1935 1930/1930/1930 1934/1934/1934
f 1844/1844/1844 1942/1942/1942 1841/1841/1841
f 1822/1822/1822 1813/1813/1813 1825/1825/1825
f 1825/1825/1825 1827/1827/1827 1822/1822/1822
f 1973/1973/1973 1827/1827/1827 1942/1942/1942
f 1826/1826/1826 1944/1944/1944 1829/1829/1829
f 1945/1945/1945 1947/1947/1947 1922/1922/1922
f 1922/1922/1922 1914/1914/1914 1945/1945/1945
f 1946/1946/1946 1814/1814/1814 1876/1876/1876
f 1876/1876/1876 1877/1877/1877 1946/1946/1946
f 1919/1919/1919 1946/1946/1946 1877/1877/1877
f 1877/1877/1877 1925/1925/1925 1919/1919/1919
f 1947/1947/1947 1945/1945/1945 1815/1815/1815
f 1815/1815/1815 1921/1921/1921 1947/1947/1947
f 1922/1922/1922 1947/1947/1947 1946/1946/1946
f 1946/1946/1946 1919/1919/1919 1922/1922/1922
f 1955/1955/1955 1957/1957/1957 1928/1928/1928
f 1948/1948/1948 1806/1806/1806 1950/1950/1950
f 1953/1953/1953 1951/1951/1951 1952/1952/1952
f 1806/1806/1806 1952/1952/1952 1951/1951/1951
f 1951/1951/1951 1950/1950/1950 1806/1806/1806
f 1954/1954/1954 1951/1951/1951 1953/1953/1953
f 1950/1950/1950 1951/1951/1951 1954/1954/1954
f 1948/1948/1948 1950/1950/1950 1810/1810/1810
f 1810/1810/1810 1950/1950/1950 1954/1954/1954
f 1855/1855/1855 1962/1962/1962 1963/1963/1963
f 1963/1963/1963 1964/1964/1964 1855/1855/1855
f 1952/1952/1952 1955/1955/1955 1953/1953/1953
f 2005/2005/2005 1957/1957/1957 1955/1955/1955
f 1852/1852/1852 1956/1956/1956 1958/1958/1958
f 1798/1798/1798 1960/1960/1960 1809/1809/1809
f 1961/1961/1961 1833/1833/1833 1855/1855/1855
f 1956/1956/1956 1963/1963/1963 1962/1962/1962
f 1840/1840/1840 1964/1964/1964 1963/1963/1963
f 1840/1840/1840 1965/1965/1965 1964/1964/1964
f 1963/1963/1963 1956/1956/1956 1848/1848/1848
f 1967/1967/1967 1850/1850/1850 1524/1524/1524
f 1967/1967/1967 1966/1966/1966 1840/1840/1840
f 1840/1840/1840 1850/1850/1850 1967/1967/1967
f 1968/1968/1968 1970/1970/1970 1961/1961/1961
f 1961/1961/1961 1855/1855/1855 1968/1968/1968
f 1754/1754/1754 1969/1969/1969 1833/1833/1833
f 1753/1753/1753 1968/1968/1968 1855/1855/1855
f 1855/1855/1855 1964/1964/1964 1753/1753/1753
f 1966/1966/1966 1971/1971/1971 1965/1965/1965
f 1965/1965/1965 1840/1840/1840 1966/1966/1966
f 1971/1971/1971 1753/1753/1753 1964/1964/1964
f 1964/1964/1964 1965/1965/1965 1971/1971/1971
f 1970/1970/1970 1754/1754/1754 1833/1833/1833
f 1833/1833/1833 1961/1961/1961 1970/1970/1970
f 1978/1978/1978 1974/1974/1974 1972/1972/1972
f 1972/1972/1972 1827/1827/1827 1978/1978/1978
f 1985/1985/1985 1976/1976/1976 1871/1871/1871
f 1871/1871/1871 1984/1984/1984 1985/1985/1985
f 1979/1979/1979 1974/1974/1974 1561/1561/1561
f 1561/1561/1561 1762/1762/1762 1979/1979/1979
f 1981/1981/1981 1975/1975/1975 1868/1868/1868
f 1868/1868/1868 1980/1980/1980 1981/1981/1981
f 1978/1978/1978 1973/1973/1973 1943/1943/1943
f 1943/1943/1943 1977/1977/1977 1978/1978/1978
f 1983/1983/1983 1982/1982/1982 3008/3008/3008
f 3008/3008/3008 1820/1820/1820 1983/1983/1983
f 1986/1986/1986 1767/1767/1767 1561/1561/1561
f 1561/1561/1561 1974/1974/1974 1986/1986/1986
f 1987/1987/1987 1768/1768/1768 1868/1868/1868
f 1868/1868/1868 1975/1975/1975 1987/1987/1987
f 1988/1988/1988 1769/1769/1769 1871/1871/1871
f 1871/1871/1871 1976/1976/1976 1988/1988/1988
f 1990/1990/1990 1986/1986/1986 1974/1974/1974
f 1974/1974/1974 1978/1978/1978 1990/1990/1990
f 1989/1989/1989 1990/1990/1990 1978/1978/1978
f 1978/1978/1978 1977/1977/1977 1989/1989/1989
f 1992/1992/1992 1987/1987/1987 1975/1975/1975
f 1975/1975/1975 1979/1979/1979 1992/1992/1992
f 1991/1991/1991 1992/1992/1992 1979/1979/1979
f 1979/1979/1979 1762/1762/1762 1991/1991/1991
f 1993/1993/1993 1988/1988/1988 1976/1976/1976
f 1976/1976/1976 1981/1981/1981 1993/1993/1993
f 1775/1775/1775 1993/1993/1993 1981/1981/1981
f 1981/1981/1981 1980/1980/1980 1775/1775/1775
f 1994/1994/1994 1777/1777/1777 1982/1982/1982
f 1982/1982/1982 1983/1983/1983 1994/1994/1994
f 1996/1996/1996 1994/1994/1994 1983/1983/1983
f 1983/1983/1983 1985/1985/1985 1996/1996/1996
f 1781/1781/1781 1996/1996/1996 1985/1985/1985
f 1985/1985/1985 1984/1984/1984 1781/1781/1781
f 1767/1767/1767 1986/1986/1986 1990/1990/1990
f 1990/1990/1990 1989/1989/1989 1767/1767/1767
f 1768/1768/1768 1987/1987/1987 1992/1992/1992
f 1992/1992/1992 1991/1991/1991 1768/1768/1768
f 1769/1769/1769 1988/1988/1988 1993/1993/1993
f 1993/1993/1993 1775/1775/1775 1769/1769/1769
f 1777/1777/1777 1994/1994/1994 1995/1995/1995
f 1995/1995/1995 1779/1779/1779 1777/1777/1777
f 1995/1995/1995 1996/1996/1996 1781/1781/1781
f 1781/1781/1781 1779/1779/1779 1995/1995/1995
f 1995/1995/1995 1994/1994/1994 1996/1996/1996
f 1973/1973/1973 1978/1978/1978 1827/1827/1827
f 1974/1974/1974 1979/1979/1979 1972/1972/1972
f 1975/1975/1975 1981/1981/1981 1867/1867/1867
f 1976/1976/1976 1985/1985/1985 1870/1870/1870
f 1985/1985/1985 1983/1983/1983 1820/1820/1820
f 1820/1820/1820 1870/1870/1870 1985/1985/1985
f 1784/1784/1784 1997/1997/1997 1998/1998/1998
f 1998/1998/1998 1999/1999/1999 1784/1784/1784
f 1784/1784/1784 1999/1999/1999 1862/1862/1862
f 1862/1862/1862 1786/1786/1786 1784/1784/1784
f 1853/1853/1853 1786/1786/1786 1862/1862/1862
f 1862/1862/1862 1999/1999/1999 1852/1852/1852
f 1998/1998/1998 1852/1852/1852 1999/1999/1999
f 3041/3041/3041 3042/3042/3042 1938/1938/1938
f 1938/1938/1938 1939/1939/1939 3041/3041/3041
f 3043/3043/3043 3041/3041/3041 1939/1939/1939
f 1939/1939/1939 3044/3044/3044 3043/3043/3043
f 3042/3042/3042 3041/3041/3041 1937/1937/1937
f 1937/1937/1937 2004/2004/2004 3042/3042/3042
f 2001/2001/2001 1864/1864/1864 1941/1941/1941
f 1941/1941/1941 3045/3045/3045 2001/2001/2001
f 3046/3046/3046 3047/3047/3047 3016/3016/3016
f 3048/3048/3048 3047/3047/3047 3046/3046/3046
f 2001/2001/2001 3045/3045/3045 1491/1491/1491
f 3000/3000/3000 2004/2004/2004 1937/1937/1937
f 1940/1940/1940 1554/1554/1554 2000/2000/2000
f 2000/2000/2000 1554/1554/1554 2002/2002/2002
f 2002/2002/2002 1554/1554/1554 2003/2003/2003
f 2003/2003/2003 1554/1554/1554 1706/1706/1706
f 1942/1942/1942 1844/1844/1844 1943/1943/1943
f 1943/1943/1943 1973/1973/1973 1942/1942/1942
f 1925/1925/1925 1811/1811/1811 1823/1823/1823
f 1926/1926/1926 1918/1918/1918 1823/1823/1823
f 2005/2005/2005 1805/1805/1805 1959/1959/1959
f 1959/1959/1959 1862/1862/1862 2005/2005/2005
f 1958/1958/1958 1957/1957/1957 1852/1852/1852
f 1852/1852/1852 1957/1957/1957 1862/1862/1862
f 1805/1805/1805 2005/2005/2005 1955/1955/1955
f 1955/1955/1955 1952/1952/1952 1805/1805/1805
f 2008/2008/2008 1908/1908/1908 1882/1882/1882
f 1882/1882/1882 1885/1885/1885 2008/2008/2008
f 1913/1913/1913 2006/2006/2006 2008/2008/2008
f 2008/2008/2008 1885/1885/1885 1913/1913/1913
f 1898/1898/1898 2006/2006/2006 2007/2007/2007
f 2007/2007/2007 1949/1949/1949 1898/1898/1898
f 1949/1949/1949 2007/2007/2007 1803/1803/1803
f 1803/1803/1803 1807/1807/1807 1949/1949/1949
f 1840/1840/1840 1963/1963/1963 1850/1850/1850
f 1953/1953/1953 1955/1955/1955 1954/1954/1954
f 1755/1755/1755 1510/1510/1510 1496/1496/1496
f 1469/1469/1469 1497/1497/1497 1485/1485/1485
f 1822/1822/1822 1827/1827/1827 1972/1972/1972
f 1814/1814/1814 1881/1881/1881 1875/1875/1875
f 1899/1899/1899 1886/1886/1886 1912/1912/1912
f 1907/1907/1907 1899/1899/1899 1912/1912/1912
f 1907/1907/1907 1912/1912/1912 1909/1909/1909
f 1886/1886/1886 1910/1910/1910 1912/1912/1912
f 1817/1817/1817 1866/1866/1866 1872/1872/1872
f 1957/1957/1957 2005/2005/2005 1862/1862/1862
f 1864/1864/1864 1912/1912/1912 1818/1818/1818
f 1912/1912/1912 1910/1910/1910 1819/1819/1819
f 2001/2001/2001 1879/1879/1879 1912/1912/1912
f 1864/1864/1864 2001/2001/2001 1912/1912/1912
f 1912/1912/1912 1819/1819/1819 1818/1818/1818
f 1883/1883/1883 1881/1881/1881 1923/1923/1923
f 3049/3049/3049 3050/3050/3050 3051/3051/3051
f 3051/3051/3051 3052/3052/3052 3049/3049/3049
f 3053/3053/3053 3054/3054/3054 3049/3049/3049
f 3049/3049/3049 3052/3052/3052 3053/3053/3053
f 3055/3055/3055 3056/3056/3056 3054/3054/3054
f 3054/3054/3054 3053/3053/3053 3055/3055/3055
f 3056/3056/3056 3055/3055/3055 3057/3057/3057
f 3056/3056/3056 3057/3057/3057 3058/3058/3058
f 3056/3056/3056 3058/3058/3058 3051/3051/3051
f 3050/3050/3050 3056/3056/3056 3051/3051/3051
f 3058/3058/3058 3057/3057/3057 3059/3059/3059
f 3059/3059/3059 3060/3060/3060 3058/3058/3058
f 2018/2018/2018 3061/3061/3061 3062/3062/3062
f 3062/3062/3062 3063/3063/3063 2018/2018/2018
f 2012/2012/2012 2018/2018/2018 3063/3063/3063
f 3063/3063/3063 3064/3064/3064 2012/2012/2012
f 2011/2011/2011 2012/2012/2012 3064/3064/3064
f 3064/3064/3064 3065/3065/3065 2011/2011/2011
f 2010/2010/2010 2011/2011/2011 3065/3065/3065
f 3065/3065/3065 3066/3066/3066 2010/2010/2010
f 3067/3067/3067 3068/3068/3068 2014/2014/2014
f 2014/2014/2014 2009/2009/2009 3067/3067/3067
f 3069/3069/3069 2013/2013/2013 2014/2014/2014
f 2014/2014/2014 3068/3068/3068 3069/3069/3069
f 3070/3070/3070 2017/2017/2017 2013/2013/2013
f 2013/2013/2013 3069/3069/3069 3070/3070/3070
f 3071/3071/3071 2016/2016/2016 2017/2017/2017
f 2017/2017/2017 3070/3070/3070 3071/3071/3071
f 3072/3072/3072 2019/2019/2019 2016/2016/2016
f 2016/2016/2016 3071/3071/3071 3072/3072/3072
f 3073/3073/3073 2015/2015/2015 2020/2020/2020
f 2020/2020/2020 3074/3074/3074 3073/3073/3073
f 3067/3067/3067 2009/2009/2009 2015/2015/2015
f 2015/2015/2015 3073/3073/3073 3067/3067/3067
f 2024/2024/2024 2026/2026/2026 2025/2025/2025
f 2025/2025/2025 2021/2021/2021 2024/2024/2024
f 2027/2027/2027 2026/2026/2026 2024/2024/2024
f 2024/2024/2024 2023/2023/2023 2027/2027/2027
f 2022/2022/2022 2028/2028/2028 2027/2027/2027
f 2027/2027/2027 2023/2023/2023 2022/2022/2022
f 2025/2025/2025 2032/2032/2032 2029/2029/2029
f 2029/2029/2029 2028/2028/2028 2025/2025/2025
f 2030/2030/2030 2029/2029/2029 2032/2032/2032
f 2032/2032/2032 2031/2031/2031 2030/2030/2030
f 2025/2025/2025 2028/2028/2028 2022/2022/2022
f 2022/2022/2022 2021/2021/2021 2025/2025/2025
f 2041/2041/2041 2036/2036/2036 542/542/542
f 542/542/542 552/552/552 2041/2041/2041
f 2035/2035/2035 551/551/551 2040/2040/2040
f 2040/2040/2040 541/541/541 2035/2035/2035
f 2042/2042/2042 2037/2037/2037 543/543/543
f 543/543/543 553/553/553 2042/2042/2042
f 2043/2043/2043 2038/2038/2038 549/549/549
f 549/549/549 559/559/559 2043/2043/2043
f 2044/2044/2044 550/550/550 2039/2039/2039
f 2039/2039/2039 560/560/560 2044/2044/2044
f 2045/2045/2045 2035/2035/2035 541/541/541
f 541/541/541 561/561/561 2045/2045/2045
f 2046/2046/2046 542/542/542 2036/2036/2036
f 2036/2036/2036 562/562/562 2046/2046/2046
f 2047/2047/2047 543/543/543 2037/2037/2037
f 2037/2037/2037 563/563/563 2047/2047/2047
f 2048/2048/2048 549/549/549 2038/2038/2038
f 2038/2038/2038 569/569/569 2048/2048/2048
f 2049/2049/2049 2039/2039/2039 550/550/550
f 550/550/550 570/570/570 2049/2049/2049
g PV-M4A1_S_BornBeast_Classic_M4A1S_BornBeast04
usemtl M4A1S_BornBeast04
v -4.151163953 -12.717324786 -0.913906353
v -4.243676864 -12.785488479 -1.220004043
v -4.100910389 -12.610174303 -1.703691414
v -3.881359311 -12.378598768 -1.910215925
v -3.845505555 -12.132816992 -1.914927026
v -4.205769296 -12.329543806 -1.489929241
v -4.249303445 -12.372056610 -1.235096334
v -3.945552408 -12.200238670 -0.726344656
v -3.972389360 -12.535114546 -0.703727719
v -4.131020122 -12.305411628 -0.930732237
v -4.216344689 -12.737607584 -1.477058686
v -4.068252356 -12.240046585 -1.716122474
v -3.777211836 -12.308945642 -0.542591003
v -3.735312013 -12.060638762 -0.549803529
v -4.088284122 -12.720026733 -0.943800047
v -4.174323407 -12.784799945 -1.226675760
v -4.041079811 -12.614373837 -1.668229761
v -3.832797824 -12.383140006 -1.860457288
v -3.782196126 -12.119046302 -1.878467671
v -4.141243962 -12.316294602 -1.464179753
v -4.169730706 -12.347725252 -1.241852006
v -3.900623190 -12.207814111 -0.765225083
v -3.922894811 -12.544431660 -0.737640113
v -4.071650475 -12.303316182 -0.967074056
v -4.149046058 -12.738454734 -1.459031772
v -4.014414511 -12.240186457 -1.672136411
v -3.711090545 -12.313465239 -0.573164074
v -3.669593913 -12.055517216 -0.578363502
v -3.900623190 -12.207814111 -0.765225083
v -3.669593913 -12.055517216 -0.578363502
v -3.711090545 -12.313465239 -0.573164074
v -3.922894811 -12.544431660 -0.737640113
v -3.832797824 -12.383140006 -1.860457288
v -3.782196126 -12.119046302 -1.878467671
v -4.014414511 -12.240186457 -1.672136411
v -4.041079811 -12.614373837 -1.668229761
v -4.149046058 -12.738454734 -1.459031772
v -4.141243962 -12.316294602 -1.464179753
v -4.169730706 -12.347725252 -1.241852006
v -4.174323407 -12.784799945 -1.226675760
v -4.088284122 -12.720026733 -0.943800047
v -4.071650475 -12.303316182 -0.967074056
v -3.711090545 -12.313465239 -0.573164074
v -3.669593913 -12.055517216 -0.578363502
v -3.832797824 -12.383140006 -1.860457288
v -3.782196126 -12.119046302 -1.878467671
vt 0.10537499934434891 0.59141600131988525
vt 0.10322699695825577 0.57741901278495789
vt 0.11096499860286713 0.55517399311065674
vt 0.12113799899816513 0.541159987449646
vt 0.13255800306797028 0.53960099816322327
vt 0.12431000173091888 0.56561198830604553
vt 0.12227199971675873 0.57741200923919678
vt 0.12800699472427368 0.60569500923156738
vt 0.11249099671840668 0.60428100824356079
vt 0.12432699650526047 0.59257298707962036
vt 0.10549099743366241 0.56640899181365967
vt 0.12797899544239044 0.55340400338172913
vt 0.12178199738264084 0.61672601103782654
vt 0.13322100043296814 0.61893200874328613
vt 0.10257499665021896 0.59239101409912109
vt 0.10027699917554855 0.57735300064086914
vt 0.10836199671030045 0.55349099636077881
vt 0.12079799920320511 0.53798499703407288
vt 0.13600899279117584 0.53958100080490112
vt 0.12748900055885315 0.56634798645973206
vt 0.12607400119304657 0.57754999399185181
vt 0.13065400719642639 0.60481500625610352
vt 0.11017999798059464 0.60585600137710571
vt 0.12745000422000885 0.59186899662017822
vt 0.1026109978556633 0.56539899110794067
vt 0.1309799998998642 0.55441901087760925
vt 0.12149199843406677 0.62008300423622131
vt 0.13335800170898438 0.62224400043487549
vt 0.24298800528049469 0.61418101191520691
vt 0.23923799395561218 0.62150898575782776
vt 0.2456430047750473 0.6208139955997467
vt 0.25133201479911804 0.6141979992389679
vt 0.2458139955997467 0.58233699202537537
vt 0.23921400308609009 0.58159199357032776
vt 0.24274300038814545 0.58901500701904297
vt 0.25198900699615479 0.58890798687934875
vt 0.25535601377487183 0.59453600645065308
vt 0.244951993227005 0.59490200877189636
vt 0.2460000067949295 0.60038301348686218
vt 0.25678101181983948 0.60023400187492371
vt 0.25550898909568787 0.60758501291275024
vt 0.24521200358867645 0.60761499404907227
vt 0.11969300359487534 0.61940199136734009
vt 0.1365240067243576 0.61912500858306885
vt 0.11837200075387955 0.53939199447631836
vt 0.13310900330543518 0.53624498844146729
vn -0.538094939 -0.625985848 0.564442694
vn -0.695772977 -0.713974622 0.078359451
vn -0.448176969 -0.543002068 -0.710131086
vn 0.022369095 -0.330009244 -0.943712627
vn -0.120931780 0.623065327 -0.772764585
vn -0.799015197 0.576055044 -0.172439265
vn -0.854617070 0.514872256 0.067351485
vn -0.660182900 0.709449792 0.246656707
vn -0.332488853 -0.463342795 0.821440574
vn -0.723925416 0.642762839 0.250575189
vn -0.637241259 -0.654050435 -0.407604717
vn -0.702165835 0.651617391 -0.286980690
vn -0.130411255 -0.241993830 0.961473812
vn -0.186755693 0.753180962 0.630746184
vn 0.136241654 -0.917605678 0.373414021
vn 0.015037146 -0.999780200 0.014609477
vn 0.246615330 -0.831972506 -0.496993590
vn 0.588384677 -0.482825160 -0.648601062
vn 0.234499257 0.726857672 -0.645513767
vn -0.259737626 0.954083397 0.149201999
vn -0.281321371 0.959613588 0.000216664
vn -0.178840201 0.907330017 -0.380484457
vn 0.255484886 -0.770661066 0.583788484
vn -0.154926963 0.965834797 -0.207751730
vn 0.080513933 -0.943589326 -0.321180152
vn -0.221885393 0.938714891 0.263782534
vn 0.375401623 -0.352981230 0.857016845
vn 0.218705348 0.746668331 0.628215229
vn 0.718192735 -0.108651717 -0.687309247
vn 0.671785811 -0.122796777 -0.730496253
vn 0.674907089 -0.114434322 -0.728975451
vn 0.764794521 -0.086855288 -0.638392904
vn 0.694092526 -0.062893918 0.717133126
vn 0.685539242 -0.082016834 0.723401125
vn 0.770184434 -0.047870467 0.636022292
vn 0.855247997 -0.055566070 0.515231284
vn 0.968196252 -0.020909555 0.249316683
vn 0.933854383 -0.012901705 0.357420672
vn 0.995053095 -0.028246826 -0.095244187
vn 0.995367375 -0.013763967 -0.095154302
vn 0.909851104 -0.045561242 -0.412425924
vn 0.868546349 -0.073894483 -0.490068204
vn 0.375401623 -0.352981230 0.857016845
vn 0.218705348 0.746668331 0.628215229
vn 0.588384677 -0.482825160 -0.648601062
vn 0.234499257 0.726857672 -0.645513767
f 3087/3087/3087 3088/3088/3088 3082/3082/3082
f 3082/3082/3082 3083/3083/3083 3087/3087/3087
f 3086/3086/3086 3079/3079/3079 3078/3078/3078
f 3078/3078/3078 3077/3077/3077 3086/3086/3086
f 3081/3081/3081 3080/3080/3080 3085/3085/3085
f 3085/3085/3085 3076/3076/3076 3081/3081/3081
f 3081/3081/3081 3076/3076/3076 3075/3075/3075
f 3075/3075/3075 3084/3084/3084 3081/3081/3081
f 3083/3083/3083 3082/3082/3082 3084/3084/3084
f 3084/3084/3084 3075/3075/3075 3083/3083/3083
f 3086/3086/3086 3077/3077/3077 3085/3085/3085
f 3085/3085/3085 3080/3080/3080 3086/3086/3086
f 3103/3103/3103 3104/3104/3104 3105/3105/3105
f 3105/3105/3105 3106/3106/3106 3103/3103/3103
f 3107/3107/3107 3108/3108/3108 3109/3109/3109
f 3109/3109/3109 3110/3110/3110 3107/3107/3107
f 3111/3111/3111 3112/3112/3112 3113/3113/3113
f 3113/3113/3113 3114/3114/3114 3111/3111/3111
f 3115/3115/3115 3114/3114/3114 3113/3113/3113
f 3113/3113/3113 3116/3116/3116 3115/3115/3115
f 3116/3116/3116 3103/3103/3103 3106/3106/3106
f 3106/3106/3106 3115/3115/3115 3116/3116/3116
f 3111/3111/3111 3110/3110/3110 3109/3109/3109
f 3109/3109/3109 3112/3112/3112 3111/3111/3111
f 3083/3083/3083 3097/3097/3097 3117/3117/3117
f 3117/3117/3117 3087/3087/3087 3083/3083/3083
f 3088/3088/3088 3118/3118/3118 3096/3096/3096
f 3096/3096/3096 3082/3082/3082 3088/3088/3088
f 3087/3087/3087 3101/3101/3101 3102/3102/3102
f 3102/3102/3102 3088/3088/3088 3087/3087/3087
f 3078/3078/3078 3119/3119/3119 3091/3091/3091
f 3091/3091/3091 3077/3077/3077 3078/3078/3078
f 3079/3079/3079 3120/3120/3120 3092/3092/3092
f 3092/3092/3092 3078/3078/3078 3079/3079/3079
f 3086/3086/3086 3100/3100/3100 3093/3093/3093
f 3093/3093/3093 3079/3079/3079 3086/3086/3086
f 3085/3085/3085 3099/3099/3099 3090/3090/3090
f 3090/3090/3090 3076/3076/3076 3085/3085/3085
f 3081/3081/3081 3095/3095/3095 3094/3094/3094
f 3094/3094/3094 3080/3080/3080 3081/3081/3081
f 3084/3084/3084 3098/3098/3098 3095/3095/3095
f 3095/3095/3095 3081/3081/3081 3084/3084/3084
f 3076/3076/3076 3090/3090/3090 3089/3089/3089
f 3089/3089/3089 3075/3075/3075 3076/3076/3076
f 3075/3075/3075 3089/3089/3089 3097/3097/3097
f 3097/3097/3097 3083/3083/3083 3075/3075/3075
f 3082/3082/3082 3096/3096/3096 3098/3098/3098
f 3098/3098/3098 3084/3084/3084 3082/3082/3082
f 3080/3080/3080 3094/3094/3094 3100/3100/3100
f 3100/3100/3100 3086/3086/3086 3080/3080/3080
f 3077/3077/3077 3091/3091/3091 3099/3099/3099
f 3099/3099/3099 3085/3085/3085 3077/3077/3077
g PV-M4A1_S_BornBeast_Classic_M4A1S_BornBeast02
usemtl M4A1S_BornBeast02
v -2.418798923 -6.490852143 -0.353279328
v -3.141782442 -6.760273407 -0.370136782
v -3.657277235 -7.254963967 -0.784608627
v -3.626224058 -13.025516254 -0.575689983
v -3.107713080 -13.024451564 -0.556681418
v -4.393393382 -6.896255329 -0.824566075
v -3.781493326 -6.930664376 -0.717969825
v -4.494188469 -6.611071806 -0.838536692
v -4.393708465 -6.466131789 -0.840064237
v -3.090185860 -7.253801951 -0.763819021
v -2.270809797 -6.606506540 -0.757026048
v -2.270700980 -6.755947935 -0.751641417
v -2.285077763 -6.741856413 -0.360264339
v -2.371185270 -6.892106023 -0.750430222
v -3.005023572 -6.890938023 -0.360408528
v -2.984273687 -6.917890314 -0.379610394
v -4.502388254 -6.752367604 -0.606916768
v -4.502498892 -6.602926276 -0.612303243
v -4.402018888 -6.457986259 -0.613830789
v -2.403725809 -6.845343820 -0.339962170
v -4.376633960 -6.494869516 -0.425055261
v -4.476314831 -6.747667563 -0.419613155
v -3.636708057 -13.015240276 -0.290285602
v -3.118197080 -13.014173810 -0.271277101
v -3.667761234 -7.244687989 -0.499204246
v -3.386740413 -6.679361932 -0.382048245
v -3.639378320 -6.753524116 -0.388658398
v -4.497114164 -6.757537047 -0.750492551
v -4.497224867 -6.608095655 -0.755877252
v -4.396744864 -6.463155638 -0.757404797
v -4.396429845 -6.893280973 -0.741904793
v -3.824409760 -6.461980991 -0.736423024
v -4.401703869 -6.888111594 -0.598330785
v -3.634718559 -6.758093305 -0.515510292
v -3.382080654 -6.683929234 -0.508900207
v -3.137122681 -6.764842596 -0.496988677
v -3.100669859 -7.243525973 -0.478414641
v -2.285186514 -6.592415081 -0.365650745
v -2.385877404 -6.447890998 -0.374553095
v -4.407770164 -6.882165666 -0.433188930
v -4.508454549 -6.746421675 -0.441774914
v -4.508565252 -6.596980284 -0.447159614
v -4.408085248 -6.452040267 -0.448687160
v -2.385562053 -6.878014500 -0.359053144
v -3.772938810 -6.893073917 -0.388540100
v -3.792833645 -6.919549069 -0.409253962
v -3.829683784 -6.456811613 -0.592849016
v -2.318917710 -6.602602077 -0.345586754
v -2.318750486 -6.743239050 -0.340516980
v -4.494077766 -6.760513198 -0.833151991
v -3.786767351 -6.925494997 -0.574395817
v -3.788940926 -6.923364549 -0.515224884
v -2.980380903 -6.921705859 -0.485583091
v -2.371500686 -6.461982456 -0.765928398
v -4.476351908 -6.607032163 -0.424679870
v -4.391181340 -6.849431238 -0.412823655
v -3.778456928 -6.933640527 -0.800629265
v -2.969896904 -6.931981837 -0.770987472
v -4.348156764 -7.096593889 -0.613100228
v -3.743504126 -7.496236245 -0.672710995
v -3.885064984 -7.161789125 -0.689952829
v -3.888589861 -7.158334188 -0.593995613
v -4.344631822 -7.100048890 -0.709059219
v -4.241940019 -7.174518255 -0.702603908
v -4.135912224 -6.519079580 -0.722309933
v -3.649089600 -7.882702429 -0.655328081
v -4.404493760 -6.665877479 -0.630677637
v -4.448189179 -6.805086777 -0.627270510
v -4.245464896 -7.171063318 -0.606646692
v -3.611347089 -6.502321201 -0.607431154
v -4.139437167 -6.515624579 -0.626350942
v -3.972531066 -7.095693855 -0.599334460
v -3.652614558 -7.879247412 -0.559368646
v -3.747029085 -7.492781227 -0.576751560
v -4.400968818 -6.669332480 -0.726636627
v -3.969006124 -7.099148856 -0.695293450
v -4.444664237 -6.808541778 -0.723229500
v -3.610679541 -7.414019472 -0.574578733
v -3.607822147 -6.505776202 -0.703390145
v -3.141782442 -6.760273407 -0.370136782
v -3.667761234 -7.244687989 -0.499204246
v -3.636708057 -13.015240276 -0.290285602
v -3.118197080 -13.014173810 -0.271277101
v -3.100669859 -7.243525973 -0.478414641
v -4.396429845 -6.893280973 -0.741904793
v -4.393393382 -6.896255329 -0.824566075
v -4.497224867 -6.608095655 -0.755877252
v -4.497114164 -6.757537047 -0.750492551
v -4.396744864 -6.463155638 -0.757404797
v -2.285186514 -6.592415081 -0.365650745
v -2.285077763 -6.741856413 -0.360264339
v -2.371185270 -6.892106023 -0.750430222
v -2.385562053 -6.878014500 -0.359053144
v -2.980380903 -6.921705859 -0.485583091
v -2.984273687 -6.917890314 -0.379610394
v -4.508454549 -6.746421675 -0.441774914
v -4.401703869 -6.888111594 -0.598330785
v -4.407770164 -6.882165666 -0.433188930
v -4.508565252 -6.596980284 -0.447159614
v -3.382080654 -6.683929234 -0.508900207
v -3.386740413 -6.679361932 -0.382048245
v -3.788940926 -6.923364549 -0.515224884
v -3.792833645 -6.919549069 -0.409253962
v -3.005023572 -6.890938023 -0.360408528
v -3.639378320 -6.753524116 -0.388658398
v -3.772938810 -6.893073917 -0.388540100
v -4.396429845 -6.893280973 -0.741904793
v -3.824409760 -6.461980991 -0.736423024
v -3.781493326 -6.930664376 -0.717969825
v -3.786767351 -6.925494997 -0.574395817
v -3.829683784 -6.456811613 -0.592849016
v -3.781493326 -6.930664376 -0.717969825
v -3.824409760 -6.461980991 -0.736423024
v -2.980380903 -6.921705859 -0.485583091
v -3.137122681 -6.764842596 -0.496988677
v -3.634718559 -6.758093305 -0.515510292
v -3.788940926 -6.923364549 -0.515224884
v -2.385877404 -6.447890998 -0.374553095
v -4.408085248 -6.452040267 -0.448687160
v -2.385562053 -6.878014500 -0.359053144
v -4.407770164 -6.882165666 -0.433188930
v -2.984273687 -6.917890314 -0.379610394
v -3.792833645 -6.919549069 -0.409253962
v -4.448189179 -6.805086777 -0.627270510
v -4.348156764 -7.096593889 -0.613100228
v -4.404493760 -6.665877479 -0.630677637
v -3.747029085 -7.492781227 -0.576751560
v -3.888589861 -7.158334188 -0.593995613
v -3.972531066 -7.095693855 -0.599334460
v -4.245464896 -7.171063318 -0.606646692
v -3.611347089 -6.502321201 -0.607431154
v -4.139437167 -6.515624579 -0.626350942
v -3.652614558 -7.879247412 -0.559368646
vt 0.82969999313354492 0.26816600561141968
vt 0.66606098413467407 0.24342900514602661
vt 0.83658397197723389 0.34489697217941284
vt 0.88578897714614868 0.34489601850509644
vt 0.83679401874542236 0.33584100008010864
vt 0.6104620099067688 0.22894501686096191
vt 0.82595497369766235 0.34721601009368896
vt 0.63572102785110474 0.22894501686096191
vt 0.64913100004196167 0.22894501686096191
vt 0.78686898946762085 0.33581602573394775
vt 0.82461202144622803 0.22894501686096191
vt 0.83645999431610107 0.22894501686096191
vt 0.84083098173141479 0.28860902786254883
vt 0.76107001304626465 0.33577102422714233
vt 0.65915298461914062 0.24342799186706543
vt 0.77745997905731201 0.34651601314544678
vt 0.62369900941848755 0.24730902910232544
vt 0.63554799556732178 0.24730902910232544
vt 0.64899897575378418 0.24728500843048096
vt 0.83085000514984131 0.29640698432922363
vt 0.6729699969291687 0.26816701889038086
vt 0.66496497392654419 0.28837698698043823
vt 0.83842098712921143 0.37361901998519897
vt 0.83679002523422241 0.34365302324295044
vt 0.77902597188949585 0.37483501434326172
vt 0.75220298767089844 0.28309601545333862
vt 0.6851009726524353 0.24347001314163208
vt 0.60551202297210693 0.28710800409317017
vt 0.60551202297210693 0.27615797519683838
vt 0.61288201808929443 0.26555401086807251
vt 0.61288201808929443 0.2970690131187439
vt 0.69450801610946655 0.23595398664474487
vt 0.80982202291488647 0.35095202922821045
vt 0.68510699272155762 0.23883497714996338
vt 0.76073998212814331 0.36562001705169678
vt 0.66606497764587402 0.2387930154800415
vt 0.77892202138900757 0.35637897253036499
vt 0.84069401025772095 0.27593898773193359
vt 0.81120598316192627 0.26048797369003296
vt 0.80974197387695312 0.35536998510360718
vt 0.66184699535369873 0.28821402788162231
vt 0.66197597980499268 0.27594101428985596
vt 0.64891201257705688 0.26048797369003296
vt 0.76104897260665894 0.34648197889328003
vt 0.69215500354766846 0.24347102642059326
vt 0.82587498426437378 0.35540401935577393
vt 0.69446098804473877 0.247344970703125
vt 0.8376929759979248 0.27712100744247437
vt 0.83770197629928589 0.28837597370147705
vt 0.62387198209762573 0.22894501686096191
vt 0.82595497369766235 0.35095202922821045
vt 0.82595598697662354 0.35252302885055542
vt 0.77746599912643433 0.34361600875854492
vt 0.81120502948760986 0.22894501686096191
vt 0.66497600078582764 0.27712398767471313
vt 0.67181801795959473 0.29640698432922363
vt 0.82595598697662354 0.34489697217941284
vt 0.77748000621795654 0.33580398559570312
vt 0.80652499198913574 0.38844102621078491
vt 0.83208799362182617 0.42163801193237305
vt 0.8115839958190918 0.41643399000167847
vt 0.80448997020721436 0.42241197824478149
vt 0.81010901927947998 0.38355600833892822
vt 0.81853997707366943 0.39516901969909668
vt 0.76162701845169067 0.40145397186279297
vt 0.86915701627731323 0.43411999940872192
vt 0.77942800521850586 0.3884660005569458
vt 0.78647297620773315 0.3826109766960144
vt 0.80850702524185181 0.39789199829101562
vt 0.76803600788116455 0.43900400400161743
vt 0.76977002620697021 0.40560197830200195
vt 0.80062800645828247 0.41624599695205688
vt 0.8676300048828125 0.44005000591278076
vt 0.82949000597000122 0.42827200889587402
vt 0.7746729850769043 0.38090997934341431
vt 0.80980700254440308 0.41425400972366333
vt 0.78569400310516357 0.37659502029418945
vt 0.82500702142715454 0.43933600187301636
vt 0.75926798582077026 0.43760800361633301
vt 0.77180600166320801 0.28961700201034546
vt 0.83454698324203491 0.35251301527023315
vt 0.88578897714614868 0.35251200199127197
vt 0.83832401037216187 0.35674399137496948
vt 0.78686302900314331 0.34362798929214478
vt 0.8098679780960083 0.34720897674560547
vt 0.80986899137496948 0.34488999843597412
vt 0.63572102785110474 0.23591101169586182
vt 0.62387198209762573 0.23591101169586182
vt 0.64912700653076172 0.23591101169586182
vt 0.82461202144622803 0.26048797369003296
vt 0.83645999431610107 0.26048797369003296
vt 0.8498690128326416 0.22894501686096191
vt 0.8498690128326416 0.26048797369003296
vt 0.65795499086380005 0.23879200220108032
vt 0.65795201063156128 0.24266499280929565
vt 0.62369900941848755 0.26048797369003296
vt 0.61028897762298584 0.24730902910232544
vt 0.61028897762298584 0.26048797369003296
vt 0.63554799556732178 0.26048797369003296
vt 0.67549502849578857 0.23881000280380249
vt 0.67548400163650513 0.24344497919082642
vt 0.69335800409317017 0.23883599042892456
vt 0.69335901737213135 0.24270802736282349
vt 0.78275001049041748 0.30027997493743896
vt 0.73197197914123535 0.28899502754211426
vt 0.72126799821853638 0.30032998323440552
vt 0.6104620099067688 0.23591101169586182
vt 0.63579398393630981 0.24433600902557373
vt 0.65669900178909302 0.24433600902557373
vt 0.65669900178909302 0.23795497417449951
vt 0.63579398393630981 0.23795497417449951
vt 0.65793800354003906 0.29990100860595703
vt 0.65481799840927124 0.26555401086807251
vt 0.76843798160552979 0.35251498222351074
vt 0.76335000991821289 0.35763698816299438
vt 0.76317900419235229 0.37383198738098145
vt 0.768576979637146 0.37882900238037109
vt 0.83249402046203613 0.26446300745010376
vt 0.67039597034454346 0.26429402828216553
vt 0.83254402875900269 0.2993130087852478
vt 0.67012298107147217 0.2993130087852478
vt 0.784434974193573 0.30308800935745239
vt 0.71952700614929199 0.30310600996017456
vt 0.78626400232315063 0.38572502136230469
vt 0.80459898710250854 0.39110302925109863
vt 0.7790529727935791 0.38539201021194458
vt 0.83019697666168213 0.42685997486114502
vt 0.80838799476623535 0.42116701602935791
vt 0.80410498380661011 0.414683997631073
vt 0.81247901916503906 0.39561599493026733
vt 0.76590901613235474 0.43798202276229858
vt 0.76780200004577637 0.40314602851867676
vt 0.86795198917388916 0.43790900707244873
vn 0.043737743 0.259594442 0.964726767
vn -0.515288809 -0.856933453 0.011937348
vn -0.982652862 -0.183092286 -0.029505381
vn -0.999312397 -0.006697659 -0.036467433
vn 0.999322258 -0.001714872 0.036770688
vn -0.802908782 -0.596047671 -0.008041251
vn -0.749806521 -0.661646686 -0.003720699
vn -0.953819110 0.296881059 -0.045724631
vn -0.463641837 0.884673217 -0.048882982
vn 0.983100538 -0.178058840 0.042525064
vn 0.953381331 0.300796901 0.024192173
vn 0.949296856 -0.310987280 0.046069410
vn 0.505930825 -0.115626274 0.854789193
vn 0.065095818 -0.997143998 0.038293366
vn -0.731173065 -0.682042962 0.014260010
vn 0.065095818 -0.997143998 0.038293366
vn -0.948838559 -0.314884566 -0.023518074
vn -0.953819896 0.296877930 -0.045728553
vn -0.463641763 0.884673145 -0.048884980
vn 0.106654613 -0.249919975 0.962374563
vn -0.115325066 0.259269585 0.958894891
vn -0.361949578 -0.107930305 0.925928481
vn -0.036685344 0.035959440 0.998679681
vn 0.999322258 -0.001714872 0.036770688
vn -0.036686343 0.035959438 0.998679644
vn -0.036685344 0.035959440 0.998679681
vn 0.518493127 -0.853630841 0.049792217
vn -0.036687341 0.035957437 0.998679679
vn -0.036685343 0.035958440 0.998679717
vn -0.036685343 0.035958440 0.998679717
vn -0.036686342 0.035958438 0.998679680
vn -0.000730606 0.999351146 -0.036010455
vn -0.061951525 -0.997512095 0.033639682
vn 0.520356141 -0.852271271 0.053508581
vn -0.036686344 0.035960437 0.998679608
vn -0.519241954 -0.854429900 0.018366793
vn -0.036686344 0.035960437 0.998679608
vn 0.459887047 0.186877347 0.868090296
vn 0.462344127 0.886574746 -0.014937428
vn -0.061951525 -0.997512095 0.033639682
vn -0.566689317 -0.117830408 0.815462576
vn -0.522973412 0.184856491 0.832061829
vn -0.463642986 0.884672559 -0.048884002
vn 0.065095818 -0.997143998 0.038293366
vn 0.742518804 -0.667078307 0.060599992
vn -0.061951525 -0.997512095 0.033639682
vn -0.000730716 0.999351254 -0.036007459
vn 0.263707650 0.129850703 0.955822719
vn 0.293615884 -0.106586966 0.949962595
vn -0.948839174 -0.314882556 -0.023520171
vn -0.749806521 -0.661646686 -0.003720699
vn -0.410965682 -0.911478557 0.017721417
vn 0.413701358 -0.909150058 0.047930766
vn 0.462343332 0.886575161 -0.014937472
vn -0.333513986 0.128624070 0.933929478
vn -0.175525072 -0.250813850 0.951989160
vn -0.593722376 -0.804638099 0.007160272
vn 0.596038162 -0.801350867 0.050747390
vn -0.803652853 -0.595043291 -0.008097737
vn -0.948634942 -0.315499668 -0.023488447
vn -0.786671176 -0.617336176 -0.006671280
vn -0.036685343 0.035958440 0.998679717
vn -0.803652853 -0.595043291 -0.008097737
vn -0.178949060 -0.983435698 0.028835093
vn -0.265857996 0.962987415 -0.044438324
vn -0.970792189 -0.238389014 -0.027077734
vn -0.036686342 0.035958438 0.998679680
vn -0.999241389 -0.014390526 -0.036187843
vn -0.036684344 0.035959442 0.998679717
vn -0.036685344 0.035959440 0.998679681
vn -0.036685344 0.035959440 0.998679681
vn -0.036687342 0.035958436 0.998679643
vn -0.036684343 0.035957443 0.998679789
vn -0.036685343 0.035958440 0.998679717
vn -0.776928769 0.627508485 -0.051135008
vn -0.185655447 -0.982200224 0.028544259
vn -0.999241365 -0.014389564 -0.036188878
vn -0.036685343 0.035958440 0.998679717
vn -0.023846916 0.999036374 -0.036846270
vn -0.036685344 0.035959440 0.998679681
vn -0.982652862 -0.183092286 -0.029505381
vn -0.999312397 -0.006697659 -0.036467433
vn -0.036685344 0.035959440 0.998679681
vn 0.983100538 -0.178058840 0.042525064
vn -0.061952079 -0.997512466 0.033627659
vn -0.061952042 -0.997512502 0.033626661
vn -0.953820368 0.296877187 -0.045723537
vn -0.948837187 -0.314888563 -0.023519882
vn -0.463641837 0.884673217 -0.048882982
vn 0.953381621 0.300795980 0.024192217
vn 0.949296556 -0.310988194 0.046069432
vn 0.803781466 -0.592746003 0.050867786
vn 0.803782307 -0.592744862 0.050867776
vn -0.723137065 -0.690165659 0.027279074
vn -0.794879418 -0.606722849 -0.007354933
vn -0.948838157 -0.314885780 -0.023518015
vn -0.802909918 -0.596046247 -0.008033333
vn -0.802909918 -0.596046247 -0.008033333
vn -0.953819933 0.296877966 -0.045727554
vn -0.017936933 -0.999215080 0.035319826
vn -0.017936933 -0.999215080 0.035319826
vn 0.737642249 -0.671814224 0.067450428
vn 0.778761104 -0.625234394 0.051118435
vn -0.020842465 -0.167173017 0.985707246
vn -0.036686343 0.035959438 0.998679644
vn -0.050626167 -0.169552712 0.984219929
vn -0.802908782 -0.596047671 -0.008041251
vn -0.995164268 -0.092433597 -0.033228135
vn -0.995164268 -0.092433597 -0.033228135
vn -0.995164268 -0.092433597 -0.033228135
vn -0.995164268 -0.092433597 -0.033228135
vn -0.036686343 0.035959438 0.998679644
vn -0.036686343 0.035959438 0.998679644
vn -0.036686342 0.035958438 0.998679680
vn -0.036686341 0.035956440 0.998679752
vn -0.036686342 0.035958438 0.998679680
vn -0.036685343 0.035958440 0.998679717
vn 0.139479834 0.371111933 0.918052999
vn -0.207850145 0.370398094 0.905319595
vn 0.203269945 -0.418392906 0.885228053
vn -0.265550092 -0.419549584 0.868021483
vn 0.015129428 -0.570043886 0.821474935
vn -0.072550019 -0.577704221 0.813015577
vn -0.036687342 0.035958436 0.998679643
vn -0.036682347 0.035961445 0.998679718
vn -0.776929301 0.627507909 -0.051134005
vn -0.948634942 -0.315499668 -0.023488447
vn -0.786671176 -0.617336176 -0.006671280
vn -0.185655447 -0.982200224 0.028544259
vn -0.178949060 -0.983435698 0.028835093
vn -0.023846916 0.999036374 -0.036846270
vn -0.265857996 0.962987415 -0.044438324
vn -0.970792189 -0.238389014 -0.027077734
f 3200/3200/3200 3169/3169/3169 3168/3168/3168
f 3146/3146/3146 3200/3200/3200 3168/3168/3168
f 3121/3121/3121 3146/3146/3146 3168/3168/3168
f 3201/3201/3201 3123/3123/3123 3124/3124/3124
f 3124/3124/3124 3202/3202/3202 3201/3201/3201
f 3157/3157/3157 3145/3145/3145 3143/3143/3143
f 3143/3143/3143 3203/3203/3203 3157/3157/3157
f 3130/3130/3130 3204/3204/3204 3144/3144/3144
f 3144/3144/3144 3125/3125/3125 3130/3130/3130
f 3205/3205/3205 3206/3206/3206 3177/3177/3177
f 3177/3177/3177 3127/3127/3127 3205/3205/3205
f 3207/3207/3207 3128/3128/3128 3170/3170/3170
f 3170/3170/3170 3208/3208/3208 3207/3207/3207
f 3209/3209/3209 3129/3129/3129 3128/3128/3128
f 3128/3128/3128 3207/3207/3207 3209/3209/3209
f 3201/3201/3201 3171/3171/3171 3127/3127/3127
f 3127/3127/3127 3123/3123/3123 3201/3201/3201
f 3173/3173/3173 3204/3204/3204 3130/3130/3130
f 3130/3130/3130 3178/3178/3178 3173/3173/3173
f 3210/3210/3210 3131/3131/3131 3174/3174/3174
f 3174/3174/3174 3159/3159/3159 3210/3210/3210
f 3211/3211/3211 3132/3132/3132 3131/3131/3131
f 3131/3131/3131 3210/3210/3210 3211/3211/3211
f 3212/3212/3212 3132/3132/3132 3211/3211/3211
f 3211/3211/3211 3213/3213/3213 3212/3212/3212
f 3134/3134/3134 3164/3164/3164 3173/3173/3173
f 3173/3173/3173 3178/3178/3178 3134/3134/3134
f 3135/3135/3135 3156/3156/3156 3214/3214/3214
f 3214/3214/3214 3215/3215/3215 3135/3135/3135
f 3216/3216/3216 3137/3137/3137 3217/3217/3217
f 3217/3217/3217 3218/3218/3218 3216/3216/3216
f 3219/3219/3219 3138/3138/3138 3137/3137/3137
f 3137/3137/3137 3216/3216/3216 3219/3219/3219
f 3139/3139/3139 3138/3138/3138 3219/3219/3219
f 3219/3219/3219 3163/3163/3163 3139/3139/3139
f 3147/3147/3147 3154/3154/3154 3220/3220/3220
f 3220/3220/3220 3221/3221/3221 3147/3147/3147
f 3156/3156/3156 3122/3122/3122 3221/3221/3221
f 3221/3221/3221 3220/3220/3220 3156/3156/3156
f 3222/3222/3222 3154/3154/3154 3165/3165/3165
f 3165/3165/3165 3223/3223/3223 3222/3222/3222
f 3140/3140/3140 3169/3169/3169 3200/3200/3200
f 3200/3200/3200 3224/3224/3224 3140/3140/3140
f 3121/3121/3121 3141/3141/3141 3146/3146/3146
f 3175/3175/3175 3225/3225/3225 3146/3146/3146
f 3146/3146/3146 3141/3141/3141 3175/3175/3175
f 3142/3142/3142 3225/3225/3225 3175/3175/3175
f 3176/3176/3176 3226/3226/3226 3225/3225/3225
f 3225/3225/3225 3142/3142/3142 3176/3176/3176
f 3227/3227/3227 3208/3208/3208 3170/3170/3170
f 3170/3170/3170 3126/3126/3126 3227/3227/3227
f 3152/3152/3152 3174/3174/3174 3129/3129/3129
f 3129/3129/3129 3209/3209/3209 3152/3152/3152
f 3228/3228/3228 3229/3229/3229 3230/3230/3230
f 3230/3230/3230 3231/3231/3231 3228/3228/3228
f 3151/3151/3151 3150/3150/3150 3149/3149/3149
f 3149/3149/3149 3148/3148/3148 3151/3151/3151
f 3151/3151/3151 3232/3232/3232 3233/3233/3233
f 3233/3233/3233 3150/3150/3150 3151/3151/3151
f 3153/3153/3153 3171/3171/3171 3172/3172/3172
f 3172/3172/3172 3160/3160/3160 3153/3153/3153
f 3201/3201/3201 3172/3172/3172 3171/3171/3171
f 3234/3234/3234 3235/3235/3235 3236/3236/3236
f 3236/3236/3236 3237/3237/3237 3234/3234/3234
f 3235/3235/3235 3155/3155/3155 3236/3236/3236
f 3127/3127/3127 3177/3177/3177 3123/3123/3123
f 3234/3234/3234 3237/3237/3237 3145/3145/3145
f 3145/3145/3145 3157/3157/3157 3234/3234/3234
f 3133/3133/3133 3158/3158/3158 3168/3168/3168
f 3168/3168/3168 3169/3169/3169 3133/3133/3133
f 3168/3168/3168 3158/3158/3158 3238/3238/3238
f 3238/3238/3238 3121/3121/3121 3168/3168/3168
f 3121/3121/3121 3238/3238/3238 3239/3239/3239
f 3239/3239/3239 3141/3141/3141 3121/3121/3121
f 3169/3169/3169 3140/3140/3140 3240/3240/3240
f 3240/3240/3240 3133/3133/3133 3169/3169/3169
f 3241/3241/3241 3176/3176/3176 3142/3142/3142
f 3142/3142/3142 3161/3161/3161 3241/3241/3241
f 3161/3161/3161 3142/3142/3142 3175/3175/3175
f 3175/3175/3175 3162/3162/3162 3161/3161/3161
f 3239/3239/3239 3162/3162/3162 3175/3175/3175
f 3175/3175/3175 3141/3141/3141 3239/3239/3239
f 3242/3242/3242 3240/3240/3240 3140/3140/3140
f 3140/3140/3140 3224/3224/3224 3242/3242/3242
f 3243/3243/3243 3226/3226/3226 3176/3176/3176
f 3176/3176/3176 3241/3241/3241 3243/3243/3243
f 3163/3163/3163 3159/3159/3159 3167/3167/3167
f 3167/3167/3167 3139/3139/3139 3163/3163/3163
f 3174/3174/3174 3152/3152/3152 3167/3167/3167
f 3167/3167/3167 3159/3159/3159 3174/3174/3174
f 3164/3164/3164 3136/3136/3136 3173/3173/3173
f 3172/3172/3172 3166/3166/3166 3160/3160/3160
f 3154/3154/3154 3147/3147/3147 3165/3165/3165
f 3135/3135/3135 3122/3122/3122 3156/3156/3156
f 3189/3189/3189 3187/3187/3187 3244/3244/3244
f 3244/3244/3244 3245/3245/3245 3189/3189/3189
f 3246/3246/3246 3195/3195/3195 3197/3197/3197
f 3197/3197/3197 3188/3188/3188 3246/3246/3246
f 3181/3181/3181 3180/3180/3180 3247/3247/3247
f 3247/3247/3247 3248/3248/3248 3181/3181/3181
f 3179/3179/3179 3188/3188/3188 3197/3197/3197
f 3197/3197/3197 3183/3183/3183 3179/3179/3179
f 3196/3196/3196 3249/3249/3249 3250/3250/3250
f 3250/3250/3250 3184/3184/3184 3196/3196/3196
f 3251/3251/3251 3199/3199/3199 3185/3185/3185
f 3185/3185/3185 3252/3252/3252 3251/3251/3251
f 3191/3191/3191 3192/3192/3192 3182/3182/3182
f 3182/3182/3182 3190/3190/3190 3191/3191/3191
f 3252/3252/3252 3185/3185/3185 3195/3195/3195
f 3195/3195/3195 3246/3246/3246 3252/3252/3252
f 3179/3179/3179 3183/3183/3183 3184/3184/3184
f 3184/3184/3184 3250/3250/3250 3179/3179/3179
f 3249/3249/3249 3196/3196/3196 3181/3181/3181
f 3181/3181/3181 3248/3248/3248 3249/3249/3249
f 3182/3182/3182 3198/3198/3198 3190/3190/3190
f 3192/3192/3192 3191/3191/3191 3187/3187/3187
f 3187/3187/3187 3189/3189/3189 3192/3192/3192
f 3247/3247/3247 3180/3180/3180 3186/3186/3186
f 3186/3186/3186 3253/3253/3253 3247/3247/3247
f 3198/3198/3198 3182/3182/3182 3194/3194/3194
f 3194/3194/3194 3193/3193/3193 3198/3198/3198
g PV-M4A1_S_BornBeast_Classic_M4A1S_BornBeast03
usemtl M4A1S_BornBeast03
v -2.768568915 -11.416255318 -1.256472530
v -2.856253674 -11.406057299 -0.971671649
v -3.074683671 -11.398907798 -0.768835062
v -3.365331322 -11.396722668 -0.702316836
v -3.650316627 -11.400087316 -0.789937803
v -3.853277219 -11.408100280 -1.008222595
v -3.919830832 -11.418614345 -1.298677865
v -3.832145771 -11.428812443 -1.583480956
v -3.613715822 -11.435961897 -1.786316212
v -3.323068360 -11.438147059 -1.852835333
v -3.038084864 -11.434782383 -1.765213545
v -2.835124001 -11.426769467 -1.546930075
v -2.769656460 -9.919947375 -1.310387012
v -2.857343216 -9.909749360 -1.025586204
v -3.075773215 -9.902598083 -0.822749682
v -3.366418868 -9.900412949 -0.756231382
v -3.651404173 -9.903777596 -0.843852349
v -3.854364987 -9.911790561 -1.062137149
v -3.920920376 -9.922304630 -1.352592484
v -3.833233538 -9.932502725 -1.637395510
v -3.614803368 -9.939652178 -1.840230758
v -3.324157904 -9.941837344 -1.906749953
v -3.039172410 -9.938472664 -1.819128091
v -2.836211768 -9.930461524 -1.600844566
v -3.365987197 -10.495986869 -0.734771900
v -3.650970505 -10.499349515 -0.822392865
v -3.853933095 -10.507362483 -1.040677731
v -3.920486708 -10.517876549 -1.331133001
v -3.832801646 -10.528074647 -1.615936092
v -3.614371698 -10.535224101 -1.818771348
v -3.366243679 -10.141006708 -0.747562374
v -3.651228984 -10.144371356 -0.835183341
v -3.854189798 -10.152384321 -1.053468141
v -3.920745187 -10.162898390 -1.343923476
v -3.833060125 -10.173096488 -1.628726567
v -3.614628179 -10.180245937 -1.831561750
v -3.369181185 -10.315489781 -0.657681581
v -3.695524534 -10.319342749 -0.758019246
v -3.927940469 -10.328518545 -1.007981246
v -4.004153583 -10.340558534 -1.340590737
v -3.903744273 -10.352236609 -1.666725240
v -3.653614038 -10.360423630 -1.898997066
v -3.365717567 -10.866279385 -0.721429622
v -3.650700874 -10.869644028 -0.809050516
v -3.853663463 -10.877656997 -1.027335381
v -3.920217076 -10.888171062 -1.317790651
v -3.832532015 -10.898369160 -1.602593742
v -3.614102066 -10.905518614 -1.805428998
v -3.365444876 -11.240774979 -0.707935900
v -3.650430182 -11.244137851 -0.795556931
v -3.853390839 -11.252150751 -1.013839948
v -3.919944387 -11.262664881 -1.304296993
v -3.832259326 -11.272862979 -1.589100084
v -3.613829377 -11.280012432 -1.791935340
v -3.368340488 -10.911596821 -0.647349538
v -3.689168891 -10.915382703 -0.745992347
v -3.917656521 -10.924403418 -0.991729708
v -3.992582622 -10.936239935 -1.318718196
v -3.893869238 -10.947720683 -1.639341939
v -3.647964652 -10.955769379 -1.867689384
v -3.368154800 -11.166609224 -0.638161002
v -3.688983203 -11.170395329 -0.736803803
v -3.917472830 -11.179416048 -0.982541236
v -3.992396933 -11.191252561 -1.309529652
v -3.893683549 -11.202733308 -1.630153394
v -3.647778963 -11.210782004 -1.858500839
v -3.148282855 -12.890306918 -0.856247476
v -3.358395647 -12.888727239 -0.808160033
v -3.564415175 -12.891159606 -0.871502913
v -3.711138374 -12.896952256 -1.029303099
v -3.759251739 -12.904553047 -1.239277990
v -3.695862147 -12.911925376 -1.445165619
v -3.537955967 -12.917093816 -1.591798073
v -3.327843160 -12.918673511 -1.639885959
v -3.149121783 -11.735739233 -0.897848475
v -3.359234509 -11.734159617 -0.849762807
v -3.565254102 -11.736591921 -0.913103912
v -3.711977301 -11.742384571 -1.070904099
v -3.760090444 -11.749985361 -1.280878981
v -3.696701074 -11.757357691 -1.486766618
v -3.538794895 -11.762526131 -1.633399073
v -3.328682087 -11.764105826 -1.681486959
v -3.102059036 -11.646362095 -0.811996415
v -3.362992191 -11.644400377 -0.752279103
v -3.618841900 -11.647418804 -0.830941788
v -3.801054495 -11.654612570 -1.026910383
v -3.860805708 -11.664051793 -1.287672676
v -3.782083355 -11.673207289 -1.543358962
v -3.585984640 -11.679625864 -1.725458642
v -3.325049865 -11.681587643 -1.785177672
v -3.102245183 -11.390720140 -0.821207636
v -3.363178338 -11.388758422 -0.761490323
v -3.619028047 -11.391777293 -0.840152992
v -3.801240641 -11.398971058 -1.036121588
v -3.860991855 -11.408410281 -1.296883880
v -3.782269502 -11.417565777 -1.552570167
v -3.586170786 -11.423984353 -1.734669846
v -3.325236012 -11.425946132 -1.794388876
v -2.821445273 -12.632938379 -1.430275020
v -2.781082938 -12.622431719 -1.139495982
v -2.891610530 -12.612711822 -0.867502952
v -3.123414687 -12.606383074 -0.687174723
v -3.414383706 -12.605141208 -0.646828718
v -3.686552195 -12.609319125 -0.757279600
v -3.866991543 -12.617795455 -0.988928834
v -3.907353878 -12.628302116 -1.279707872
v -3.796824492 -12.638023801 -1.551701217
v -3.565020032 -12.644352628 -1.732031657
v -3.274053109 -12.645594402 -1.772375073
v -3.001884603 -12.641416502 -1.661924635
v -3.663222309 -9.401935469 -0.894991943
v -3.663797930 -8.611414844 -0.923475764
v -3.393753282 -9.401383306 -0.885113192
v -3.394328903 -8.610862680 -0.913597013
v -3.655397773 -9.409604753 -1.107998160
v -3.655973393 -8.619084128 -1.136481981
v -3.386504366 -8.618531964 -1.126603230
v -3.630941160 -9.482341276 -0.786607816
v -3.432299176 -9.481934243 -0.779325588
v -3.655297296 -9.642045664 -1.097746850
v -3.630272592 -10.403253590 -0.753425831
v -3.626714571 -10.407001661 -0.850270756
v -3.634669210 -9.768996858 -0.890705407
v -3.533316277 -10.401348579 -0.702514807
v -3.533965246 -9.507657274 -0.734715981
v -3.656868784 -9.937769303 -1.707953685
v -3.590685144 -7.100226713 -1.913069777
v -3.678785933 -9.916289025 -1.111306206
v -3.546409831 -7.071210731 -1.108674680
v -3.783281500 -9.927264787 -1.413863870
v -3.785346775 -7.086069883 -1.516236892
v -3.082135435 -9.915066440 -1.089432961
v -3.225986106 -7.070556017 -1.096927859
v -3.545400358 -8.457556756 -1.058722242
v -3.589669091 -8.498047298 -1.862703956
v -3.784302096 -8.523204154 -1.464454531
v -3.224978410 -8.456900186 -1.046975553
v -3.657874551 -8.556512608 -1.757722745
v -3.679794018 -8.529410314 -1.161277772
v -3.083143519 -8.528189617 -1.139404459
v -3.650316627 -11.400087316 -0.789937803
v -3.365331322 -11.396722668 -0.702316836
v -3.853277219 -11.408100280 -1.008222595
v -3.919830832 -11.418614345 -1.298677865
v -3.832145771 -11.428812443 -1.583480956
v -3.613715822 -11.435961897 -1.786316212
v -3.366418868 -9.900412949 -0.756231382
v -3.651404173 -9.903777596 -0.843852349
v -3.854364987 -9.911790561 -1.062137149
v -3.920920376 -9.922304630 -1.352592484
v -3.833233538 -9.932502725 -1.637395510
v -3.614803368 -9.939652178 -1.840230758
v -3.359234509 -11.734159617 -0.849762807
v -3.149121783 -11.735739233 -0.897848475
v -3.565254102 -11.736591921 -0.913103912
v -3.711977301 -11.742384571 -1.070904099
v -3.760090444 -11.749985361 -1.280878981
v -3.696701074 -11.757357691 -1.486766618
v -3.538794895 -11.762526131 -1.633399073
v -3.328682087 -11.764105826 -1.681486959
v -3.663222309 -9.401935469 -0.894991943
v -3.663797930 -8.611414844 -0.923475764
v -3.655973393 -8.619084128 -1.136481981
v -3.630941160 -9.482341276 -0.786607816
v -3.533965246 -9.507657274 -0.734715981
vt 0.63444501161575317 0.74623799324035645
vt 0.6432880163192749 0.75628599524497986
vt 0.65596997737884521 0.76056699454784393
vt 0.6690940260887146 0.75793300569057465
vt 0.67914301156997681 0.74908998608589172
vt 0.68342298269271851 0.73640701174736023
vt 0.68078899383544922 0.72328400611877441
vt 0.67194598913192749 0.713236004114151
vt 0.65926402807235718 0.70895600318908691
vt 0.64614099264144897 0.7115899920463562
vt 0.63609302043914795 0.72043299674987793
vt 0.63181197643280029 0.73311400413513184
vt 0.6847040057182312 0.68360999226570129
vt 0.67761200666427612 0.69526100158691406
vt 0.66564399003982544 0.70180600881576538
vt 0.832955002784729 0.64288398623466492
vt 0.832955002784729 0.62424701452255249
vt 0.832955002784729 0.60556700825691223
vt 0.832955002784729 0.58685898780822754
vt 0.832955002784729 0.56817600131034851
vt 0.832955002784729 0.54954099655151367
vt 0.66682398319244385 0.6509149968624115
vt 0.678475022315979 0.65800699591636658
vt 0.68502002954483032 0.66997399926185608
vt 0.79505801200866699 0.64288398623466492
vt 0.79505801200866699 0.62424701452255249
vt 0.79505801200866699 0.60556700825691223
vt 0.79505801200866699 0.58685898780822754
vt 0.79505801200866699 0.56817600131034851
vt 0.79505801200866699 0.54954099655151367
vt 0.8185420036315918 0.64288398623466492
vt 0.8185420036315918 0.62424701452255249
vt 0.8185420036315918 0.60556700825691223
vt 0.8185420036315918 0.58685898780822754
vt 0.8185420036315918 0.56817600131034851
vt 0.8185420036315918 0.54954099655151367
vt 0.80680602788925171 0.64288398623466492
vt 0.80680602788925171 0.62424701452255249
vt 0.80680602788925171 0.60556700825691223
vt 0.80680602788925171 0.58685898780822754
vt 0.80680602788925171 0.56817600131034851
vt 0.80680602788925171 0.54954099655151367
vt 0.77287399768829346 0.64288398623466492
vt 0.77287399768829346 0.62424701452255249
vt 0.77287399768829346 0.60556700825691223
vt 0.77287399768829346 0.58685898780822754
vt 0.77287399768829346 0.56817600131034851
vt 0.77287399768829346 0.54954099655151367
vt 0.74635201692581177 0.64288398623466492
vt 0.74635201692581177 0.62424701452255249
vt 0.74635201692581177 0.60556700825691223
vt 0.74635201692581177 0.58685898780822754
vt 0.74635201692581177 0.56817600131034851
vt 0.74635201692581177 0.54954099655151367
vt 0.7677609920501709 0.64288398623466492
vt 0.7677609920501709 0.62424701452255249
vt 0.7677609920501709 0.60556700825691223
vt 0.7677609920501709 0.58685898780822754
vt 0.7677609920501709 0.56817600131034851
vt 0.7677609920501709 0.54954099655151367
vt 0.75238698720932007 0.64288398623466492
vt 0.75238698720932007 0.62424701452255249
vt 0.75238698720932007 0.60556700825691223
vt 0.75238698720932007 0.58685898780822754
vt 0.75238698720932007 0.56817600131034851
vt 0.75238698720932007 0.54954099655151367
vt 0.63943898677825928 0.64315599203109741
vt 0.63943898677825928 0.63024398684501648
vt 0.63943898677825928 0.61733099818229675
vt 0.63943898677825928 0.60441800951957703
vt 0.63943898677825928 0.59150499105453491
vt 0.63943898677825928 0.57859200239181519
vt 0.63943898677825928 0.56567999720573425
vt 0.63943898677825928 0.55276700854301453
vt 0.712677001953125 0.64675998687744141
vt 0.712677001953125 0.63326400518417358
vt 0.712677001953125 0.61919501423835754
vt 0.712677001953125 0.60489299893379211
vt 0.712677001953125 0.5905509889125824
vt 0.712677001953125 0.57634401321411133
vt 0.712677001953125 0.56246501207351685
vt 0.712677001953125 0.54925501346588135
vt 0.71968597173690796 0.64675998687744141
vt 0.71968597173690796 0.63326400518417358
vt 0.71968597173690796 0.61919501423835754
vt 0.71968597173690796 0.60489299893379211
vt 0.71968597173690796 0.5905509889125824
vt 0.71968597173690796 0.57634401321411133
vt 0.71968597173690796 0.56246501207351685
vt 0.71968597173690796 0.54925501346588135
vt 0.73369497060775757 0.64675998687744141
vt 0.73369497060775757 0.63326400518417358
vt 0.73369497060775757 0.61919501423835754
vt 0.73369497060775757 0.60489299893379211
vt 0.73369497060775757 0.5905509889125824
vt 0.73369497060775757 0.57634401321411133
vt 0.73369497060775757 0.56246501207351685
vt 0.73369497060775757 0.54925501346588135
vt 0.59755802154541016 0.40837401151657104
vt 0.59755897521972656 0.43320798873901367
vt 0.58514201641082764 0.45471501350402832
vt 0.56363600492477417 0.46713399887084961
vt 0.53880101442337036 0.46713501214981079
vt 0.51729398965835571 0.45471799373626709
vt 0.50487601757049561 0.43321198225021362
vt 0.50487601757049561 0.408378005027771
vt 0.51729297637939453 0.38687199354171753
vt 0.538798987865448 0.37445598840713501
vt 0.56363201141357422 0.37445402145385742
vt 0.58513897657394409 0.38686901330947876
vt 0.82808297872543335 0.31611102819442749
vt 0.88697397708892822 0.3173450231552124
vt 0.8362240195274353 0.33483397960662842
vt 0.88703197240829468 0.33466500043869019
vt 0.82794100046157837 0.30242198705673218
vt 0.90067297220230103 0.31730002164840698
vt 0.90073198080062866 0.33461898565292358
vt 0.82258599996566772 0.3231239914894104
vt 0.82761001586914062 0.33262801170349121
vt 0.81301498413085938 0.30266302824020386
vt 0.76339900493621826 0.32301700115203857
vt 0.76339197158813477 0.3167949914932251
vt 0.80444198846817017 0.31574499607086182
vt 0.76338601112365723 0.33005201816558838
vt 0.82407999038696289 0.32621502876281738
vt 0.39125499129295349 0.76238200068473816
vt 0.47514501214027405 0.75973300635814667
vt 0.39089199900627136 0.7816769927740097
vt 0.47534701228141785 0.78646999597549438
vt 0.39110499620437622 0.77194100618362427
vt 0.47501799464225769 0.77280800044536591
vt 0.3908030092716217 0.79951100051403046
vt 0.4755299985408783 0.79587599635124207
vt 0.43452098965644836 0.78641000390052795
vt 0.43378099799156189 0.75929500162601471
vt 0.43241199851036072 0.7724120020866394
vt 0.43466499447822571 0.79578199982643127
vt 0.43189400434494019 0.76290400326251984
vt 0.43170800805091858 0.7819100022315979
vt 0.43141099810600281 0.79962900280952454
vt 0.73700898885726929 0.62424701452255249
vt 0.73700898885726929 0.64288398623466492
vt 0.73700898885726929 0.60556700825691223
vt 0.73700898885726929 0.58685898780822754
vt 0.73700898885726929 0.56817600131034851
vt 0.73700898885726929 0.54954099655151367
vt 0.65200799703598022 0.70149001479148865
vt 0.64035600423812866 0.69439798593521118
vt 0.63381099700927734 0.68242999911308289
vt 0.63412797451019287 0.66879299283027649
vt 0.64121997356414795 0.65714201331138611
vt 0.65318799018859863 0.65059798955917358
vt 0.70864701271057129 0.63024398684501648
vt 0.70864701271057129 0.64315599203109741
vt 0.70864701271057129 0.61733099818229675
vt 0.70864701271057129 0.60441800951957703
vt 0.70864701271057129 0.59150499105453491
vt 0.70864701271057129 0.57859200239181519
vt 0.70864701271057129 0.56567999720573425
vt 0.70864701271057129 0.55276700854301453
vt 0.83616602420806885 0.31751501560211182
vt 0.87888699769973755 0.31559497117996216
vt 0.87874698638916016 0.30189597606658936
vt 0.82756799459457397 0.31985998153686523
vt 0.82082498073577881 0.33015602827072144
vn 0.000726682 -0.999351226 0.036008311
vn 0.000726682 -0.999351226 0.036008311
vn 0.000726682 -0.999351226 0.036008311
vn 0.000726682 -0.999351226 0.036008311
vn 0.000727682 -0.999351224 0.036008348
vn 0.000726682 -0.999351226 0.036008311
vn 0.000726682 -0.999351226 0.036008311
vn 0.000726682 -0.999351226 0.036008311
vn 0.000726682 -0.999351226 0.036008311
vn 0.000726682 -0.999351226 0.036008311
vn 0.000725646 -0.999351192 0.036009273
vn 0.000726682 -0.999351226 0.036008311
vn -0.000726682 0.999351226 -0.036008311
vn -0.000725683 0.999351228 -0.036008275
vn -0.000726682 0.999351226 -0.036008311
vn -0.294080006 0.034202238 0.955168654
vn -0.531433493 0.030116213 0.846564502
vn -0.883784794 0.016206367 0.467612865
vn -0.999326639 -0.002046664 -0.036634413
vn -0.847100174 -0.019751046 -0.531066090
vn -0.680690688 -0.026872676 -0.732077897
vn -0.000726682 0.999351226 -0.036008311
vn -0.000726719 0.999351262 -0.036007313
vn -0.000726682 0.999351226 -0.036008311
vn -0.286787477 -0.185408507 0.939881178
vn -0.517488018 -0.196775029 0.832757911
vn -0.860701475 -0.210325119 0.463633816
vn -0.973247118 -0.228104692 -0.027537198
vn -0.824968190 -0.245349992 -0.509147196
vn -0.664019244 -0.245002861 -0.706436155
vn -0.287105088 0.252154633 0.924115095
vn -0.517816453 0.255446528 0.816463834
vn -0.861030567 0.241896317 0.447339394
vn -0.973576133 0.224116739 -0.043831506
vn -0.825296983 0.206871461 -0.525441803
vn -0.664337712 0.192560262 -0.722202153
vn -0.294080006 0.034202238 0.955168654
vn -0.531433493 0.030116213 0.846564502
vn -0.883784794 0.016206367 0.467612865
vn -0.999326639 -0.002046664 -0.036634413
vn -0.847100174 -0.019751046 -0.531066090
vn -0.680690687 -0.026873675 -0.732077861
vn -0.255694150 0.525510841 0.811454779
vn -0.457759731 0.534749946 0.710280595
vn -0.761018703 0.522777235 0.384128230
vn -0.860462184 0.507068441 -0.049864066
vn -0.729445396 0.491829474 -0.475408438
vn -0.591366260 0.472482421 -0.653487803
vn -0.269461006 -0.366636920 0.890487583
vn -0.484417111 -0.382255380 0.786905894
vn -0.805792990 -0.394942259 0.441268930
vn -0.911178018 -0.411590490 -0.018651762
vn -0.772333036 -0.427739407 -0.469617590
vn -0.624086810 -0.422659851 -0.657171441
vn -0.265647013 0.461794138 0.846272910
vn -0.476638257 0.470181959 0.742795327
vn -0.792446081 0.457713809 0.403146719
vn -0.896004402 0.441355090 -0.048803661
vn -0.759565501 0.425486618 -0.491956693
vn -0.614465853 0.406688753 -0.676044358
vn -0.274822476 -0.321401315 0.906186405
vn -0.494615202 -0.336183637 0.801458897
vn -0.822729993 -0.349137928 0.448573367
vn -0.930324784 -0.366135420 -0.020991704
vn -0.788568708 -0.382621989 -0.481414382
vn -0.636453100 -0.378530978 -0.672042968
vn 0.223210292 0.035262198 0.974132303
vn -0.036684343 0.035957443 0.998679789
vn -0.531433493 0.030116213 0.846564502
vn -0.883784794 0.016206367 0.467612865
vn -0.999326639 -0.002046664 -0.036634413
vn -0.847099707 -0.019751072 -0.531066833
vn -0.467893829 -0.032163889 -0.883199212
vn -0.223211502 -0.035262189 -0.974132026
vn 0.148564349 -0.724622391 0.672942066
vn -0.023299805 -0.735893972 0.676695782
vn -0.344984219 -0.739690484 0.577792243
vn -0.574082218 -0.748735288 0.331398665
vn -0.649207171 -0.760603402 0.003537635
vn -0.550229299 -0.772115345 -0.317939637
vn -0.303670987 -0.780184629 -0.546896586
vn -0.147477899 -0.771388055 -0.619040175
vn 0.206502508 -0.349802701 0.913780490
vn -0.033430169 -0.360757524 0.932060316
vn -0.488145307 -0.366125813 0.792253777
vn -0.811986309 -0.378910521 0.443965147
vn -0.918179109 -0.395686229 -0.019481571
vn -0.778269446 -0.411958972 -0.473905554
vn -0.429747209 -0.423365782 -0.797545454
vn -0.205946750 -0.414958544 -0.886225334
vn 0.223209366 0.035262205 0.974132514
vn -0.036685342 0.035957441 0.998679753
vn -0.531432750 0.030116231 0.846564968
vn -0.883784794 0.016206367 0.467612865
vn -0.999326602 -0.002046700 -0.036635412
vn -0.847100174 -0.019751046 -0.531066090
vn -0.467893829 -0.032163889 -0.883199212
vn -0.223210292 -0.035262198 -0.974132303
vn -0.000726682 0.999351226 -0.036008311
vn -0.000726682 0.999351226 -0.036008311
vn -0.000726682 0.999351226 -0.036008311
vn -0.000725683 0.999351228 -0.036008275
vn -0.000727682 0.999351224 -0.036008348
vn -0.000724684 0.999351230 -0.036008238
vn -0.000726682 0.999351226 -0.036008311
vn -0.000728607 0.999351150 -0.036010382
vn -0.000728607 0.999351150 -0.036010382
vn -0.000726682 0.999351226 -0.036008311
vn -0.000726756 0.999351298 -0.036006314
vn -0.000726682 0.999351226 -0.036008311
vn -0.998649985 -0.031587350 0.041236462
vn -0.026454003 0.732073780 0.680711515
vn -0.034026857 0.425262969 0.904429975
vn -0.026454003 0.732073780 0.680711515
vn -0.999326602 -0.002046700 -0.036635412
vn -0.000726682 0.999351226 -0.036008311
vn -0.000726682 0.999351226 -0.036008311
vn -0.864582524 -0.028571066 0.501677938
vn -0.022672765 0.819462805 0.572683732
vn -0.998454776 -0.051197730 0.021606793
vn -0.863469385 0.010882157 0.504283848
vn -0.999237902 -0.014749031 -0.036139760
vn -0.998191336 -0.025658366 0.054366394
vn -0.465150864 0.031537465 0.884669465
vn -0.018921233 0.884196058 0.466732597
vn -0.918813811 -0.014879334 -0.394410681
vn -0.897909493 -0.016502115 -0.439870688
vn -0.595246678 0.028501391 0.803037398
vn -0.501044350 0.053527864 0.863764625
vn -0.999326602 -0.002046700 -0.036635412
vn -0.999490685 0.022305919 0.022821402
vn -0.036684343 0.035957443 0.998679789
vn -0.036685342 0.035957441 0.998679753
vn -0.257913907 -0.363548457 0.895160844
vn -0.851459451 0.010654691 -0.524312198
vn -0.999326602 -0.002046700 -0.036635412
vn -0.029880344 -0.534063407 0.844916234
vn -0.897740081 -0.005485190 -0.440491385
vn -0.688219688 -0.080483133 0.721024359
vn -0.034917379 -0.253726682 0.966645513
vn -0.531433923 0.030117203 0.846564197
vn -0.294080006 0.034202238 0.955168654
vn -0.883784383 0.016205396 0.467613676
vn -0.999326639 -0.002046664 -0.036634413
vn -0.847099707 -0.019751072 -0.531066833
vn -0.680690163 -0.026872693 -0.732078384
vn -0.000726682 0.999351226 -0.036008311
vn -0.000726682 0.999351226 -0.036008311
vn -0.000726682 0.999351226 -0.036008311
vn -0.000726682 0.999351226 -0.036008311
vn -0.000726682 0.999351226 -0.036008311
vn -0.000726682 0.999351226 -0.036008311
vn -0.036684343 0.035957443 0.998679789
vn 0.223210292 0.035262198 0.974132303
vn -0.531432750 0.030117230 0.846564932
vn -0.883784794 0.016206367 0.467612865
vn -0.999326602 -0.002046700 -0.036635412
vn -0.847100174 -0.019751046 -0.531066090
vn -0.467893829 -0.032163889 -0.883199212
vn -0.223210548 -0.035262196 -0.974132244
vn -0.034048502 0.423832546 0.905100366
vn -0.999326639 -0.002046664 -0.036634413
vn -0.999326639 -0.002046664 -0.036634413
vn -0.022668277 0.819551964 0.572556310
vn -0.465150864 0.031537465 0.884669465
f 3302/3302/3302 3303/3303/3303 3394/3394/3394
f 3394/3394/3394 3395/3395/3395 3302/3302/3302
f 3303/3303/3303 3304/3304/3304 3396/3396/3396
f 3396/3396/3396 3394/3394/3394 3303/3303/3303
f 3304/3304/3304 3305/3305/3305 3397/3397/3397
f 3397/3397/3397 3396/3396/3396 3304/3304/3304
f 3305/3305/3305 3306/3306/3306 3398/3398/3398
f 3398/3398/3398 3397/3397/3397 3305/3305/3305
f 3306/3306/3306 3307/3307/3307 3399/3399/3399
f 3399/3399/3399 3398/3398/3398 3306/3306/3306
f 3275/3275/3275 3267/3267/3267 3266/3266/3266
f 3275/3275/3275 3268/3268/3268 3267/3267/3267
f 3275/3275/3275 3400/3400/3400 3268/3268/3268
f 3275/3275/3275 3401/3401/3401 3400/3400/3400
f 3275/3275/3275 3402/3402/3402 3401/3401/3401
f 3275/3275/3275 3403/3403/3403 3402/3402/3402
f 3275/3275/3275 3404/3404/3404 3403/3403/3403
f 3275/3275/3275 3405/3405/3405 3404/3404/3404
f 3275/3275/3275 3277/3277/3277 3276/3276/3276
f 3275/3275/3275 3266/3266/3266 3277/3277/3277
f 3263/3263/3263 3254/3254/3254 3255/3255/3255
f 3263/3263/3263 3255/3255/3255 3256/3256/3256
f 3263/3263/3263 3256/3256/3256 3257/3257/3257
f 3263/3263/3263 3257/3257/3257 3258/3258/3258
f 3263/3263/3263 3258/3258/3258 3259/3259/3259
f 3263/3263/3263 3259/3259/3259 3260/3260/3260
f 3263/3263/3263 3260/3260/3260 3261/3261/3261
f 3263/3263/3263 3261/3261/3261 3262/3262/3262
f 3263/3263/3263 3264/3264/3264 3265/3265/3265
f 3263/3263/3263 3265/3265/3265 3254/3254/3254
f 3284/3284/3284 3269/3269/3269 3270/3270/3270
f 3270/3270/3270 3285/3285/3285 3284/3284/3284
f 3285/3285/3285 3270/3270/3270 3271/3271/3271
f 3271/3271/3271 3286/3286/3286 3285/3285/3285
f 3286/3286/3286 3271/3271/3271 3272/3272/3272
f 3272/3272/3272 3287/3287/3287 3286/3286/3286
f 3287/3287/3287 3272/3272/3272 3273/3273/3273
f 3273/3273/3273 3288/3288/3288 3287/3287/3287
f 3288/3288/3288 3273/3273/3273 3274/3274/3274
f 3274/3274/3274 3289/3289/3289 3288/3288/3288
f 3278/3278/3278 3290/3290/3290 3291/3291/3291
f 3291/3291/3291 3279/3279/3279 3278/3278/3278
f 3279/3279/3279 3291/3291/3291 3292/3292/3292
f 3292/3292/3292 3280/3280/3280 3279/3279/3279
f 3280/3280/3280 3292/3292/3292 3293/3293/3293
f 3293/3293/3293 3281/3281/3281 3280/3280/3280
f 3281/3281/3281 3293/3293/3293 3294/3294/3294
f 3294/3294/3294 3282/3282/3282 3281/3281/3281
f 3282/3282/3282 3294/3294/3294 3295/3295/3295
f 3295/3295/3295 3283/3283/3283 3282/3282/3282
f 3290/3290/3290 3284/3284/3284 3285/3285/3285
f 3285/3285/3285 3291/3291/3291 3290/3290/3290
f 3291/3291/3291 3285/3285/3285 3286/3286/3286
f 3286/3286/3286 3292/3292/3292 3291/3291/3291
f 3292/3292/3292 3286/3286/3286 3287/3287/3287
f 3287/3287/3287 3293/3293/3293 3292/3292/3292
f 3293/3293/3293 3287/3287/3287 3288/3288/3288
f 3288/3288/3288 3294/3294/3294 3293/3293/3293
f 3294/3294/3294 3288/3288/3288 3289/3289/3289
f 3289/3289/3289 3295/3295/3295 3294/3294/3294
f 3296/3296/3296 3278/3278/3278 3279/3279/3279
f 3279/3279/3279 3297/3297/3297 3296/3296/3296
f 3297/3297/3297 3279/3279/3279 3280/3280/3280
f 3280/3280/3280 3298/3298/3298 3297/3297/3297
f 3298/3298/3298 3280/3280/3280 3281/3281/3281
f 3281/3281/3281 3299/3299/3299 3298/3298/3298
f 3299/3299/3299 3281/3281/3281 3282/3282/3282
f 3282/3282/3282 3300/3300/3300 3299/3299/3299
f 3300/3300/3300 3282/3282/3282 3283/3283/3283
f 3283/3283/3283 3301/3301/3301 3300/3300/3300
f 3302/3302/3302 3314/3314/3314 3315/3315/3315
f 3315/3315/3315 3303/3303/3303 3302/3302/3302
f 3303/3303/3303 3315/3315/3315 3316/3316/3316
f 3316/3316/3316 3304/3304/3304 3303/3303/3303
f 3304/3304/3304 3316/3316/3316 3317/3317/3317
f 3317/3317/3317 3305/3305/3305 3304/3304/3304
f 3305/3305/3305 3317/3317/3317 3318/3318/3318
f 3318/3318/3318 3306/3306/3306 3305/3305/3305
f 3306/3306/3306 3318/3318/3318 3319/3319/3319
f 3319/3319/3319 3307/3307/3307 3306/3306/3306
f 3308/3308/3308 3296/3296/3296 3297/3297/3297
f 3297/3297/3297 3309/3309/3309 3308/3308/3308
f 3309/3309/3309 3297/3297/3297 3298/3298/3298
f 3298/3298/3298 3310/3310/3310 3309/3309/3309
f 3310/3310/3310 3298/3298/3298 3299/3299/3299
f 3299/3299/3299 3311/3311/3311 3310/3310/3310
f 3311/3311/3311 3299/3299/3299 3300/3300/3300
f 3300/3300/3300 3312/3312/3312 3311/3311/3311
f 3312/3312/3312 3300/3300/3300 3301/3301/3301
f 3301/3301/3301 3313/3313/3313 3312/3312/3312
f 3308/3308/3308 3309/3309/3309 3315/3315/3315
f 3315/3315/3315 3314/3314/3314 3308/3308/3308
f 3309/3309/3309 3310/3310/3310 3316/3316/3316
f 3316/3316/3316 3315/3315/3315 3309/3309/3309
f 3310/3310/3310 3311/3311/3311 3317/3317/3317
f 3317/3317/3317 3316/3316/3316 3310/3310/3310
f 3311/3311/3311 3312/3312/3312 3318/3318/3318
f 3318/3318/3318 3317/3317/3317 3311/3311/3311
f 3312/3312/3312 3313/3313/3313 3319/3319/3319
f 3319/3319/3319 3318/3318/3318 3312/3312/3312
f 3406/3406/3406 3321/3321/3321 3320/3320/3320
f 3320/3320/3320 3407/3407/3407 3406/3406/3406
f 3408/3408/3408 3322/3322/3322 3321/3321/3321
f 3321/3321/3321 3406/3406/3406 3408/3408/3408
f 3409/3409/3409 3323/3323/3323 3322/3322/3322
f 3322/3322/3322 3408/3408/3408 3409/3409/3409
f 3410/3410/3410 3324/3324/3324 3323/3323/3323
f 3323/3323/3323 3409/3409/3409 3410/3410/3410
f 3411/3411/3411 3325/3325/3325 3324/3324/3324
f 3324/3324/3324 3410/3410/3410 3411/3411/3411
f 3412/3412/3412 3326/3326/3326 3325/3325/3325
f 3325/3325/3325 3411/3411/3411 3412/3412/3412
f 3413/3413/3413 3327/3327/3327 3326/3326/3326
f 3326/3326/3326 3412/3412/3412 3413/3413/3413
f 3337/3337/3337 3329/3329/3329 3328/3328/3328
f 3328/3328/3328 3336/3336/3336 3337/3337/3337
f 3338/3338/3338 3330/3330/3330 3329/3329/3329
f 3329/3329/3329 3337/3337/3337 3338/3338/3338
f 3339/3339/3339 3331/3331/3331 3330/3330/3330
f 3330/3330/3330 3338/3338/3338 3339/3339/3339
f 3340/3340/3340 3332/3332/3332 3331/3331/3331
f 3331/3331/3331 3339/3339/3339 3340/3340/3340
f 3341/3341/3341 3333/3333/3333 3332/3332/3332
f 3332/3332/3332 3340/3340/3340 3341/3341/3341
f 3342/3342/3342 3334/3334/3334 3333/3333/3333
f 3333/3333/3333 3341/3341/3341 3342/3342/3342
f 3343/3343/3343 3335/3335/3335 3334/3334/3334
f 3334/3334/3334 3342/3342/3342 3343/3343/3343
f 3345/3345/3345 3337/3337/3337 3336/3336/3336
f 3336/3336/3336 3344/3344/3344 3345/3345/3345
f 3346/3346/3346 3338/3338/3338 3337/3337/3337
f 3337/3337/3337 3345/3345/3345 3346/3346/3346
f 3347/3347/3347 3339/3339/3339 3338/3338/3338
f 3338/3338/3338 3346/3346/3346 3347/3347/3347
f 3348/3348/3348 3340/3340/3340 3339/3339/3339
f 3339/3339/3339 3347/3347/3347 3348/3348/3348
f 3349/3349/3349 3341/3341/3341 3340/3340/3340
f 3340/3340/3340 3348/3348/3348 3349/3349/3349
f 3350/3350/3350 3342/3342/3342 3341/3341/3341
f 3341/3341/3341 3349/3349/3349 3350/3350/3350
f 3351/3351/3351 3343/3343/3343 3342/3342/3342
f 3342/3342/3342 3350/3350/3350 3351/3351/3351
f 3361/3361/3361 3353/3353/3353 3352/3352/3352
f 3361/3361/3361 3354/3354/3354 3353/3353/3353
f 3361/3361/3361 3355/3355/3355 3354/3354/3354
f 3361/3361/3361 3356/3356/3356 3355/3355/3355
f 3361/3361/3361 3357/3357/3357 3356/3356/3356
f 3361/3361/3361 3358/3358/3358 3357/3357/3357
f 3361/3361/3361 3359/3359/3359 3358/3358/3358
f 3361/3361/3361 3360/3360/3360 3359/3359/3359
f 3361/3361/3361 3363/3363/3363 3362/3362/3362
f 3361/3361/3361 3352/3352/3352 3363/3363/3363
f 3367/3367/3367 3365/3365/3365 3414/3414/3414
f 3414/3414/3414 3366/3366/3366 3367/3367/3367
f 3368/3368/3368 3364/3364/3364 3415/3415/3415
f 3415/3415/3415 3416/3416/3416 3368/3368/3368
f 3370/3370/3370 3369/3369/3369 3365/3365/3365
f 3365/3365/3365 3367/3367/3367 3370/3370/3370
f 3417/3417/3417 3372/3372/3372 3366/3366/3366
f 3366/3366/3366 3414/3414/3414 3417/3417/3417
f 3373/3373/3373 3376/3376/3376 3364/3364/3364
f 3364/3364/3364 3368/3368/3368 3373/3373/3373
f 3376/3376/3376 3375/3375/3375 3374/3374/3374
f 3374/3374/3374 3371/3371/3371 3376/3376/3376
f 3418/3418/3418 3371/3371/3371 3374/3374/3374
f 3374/3374/3374 3377/3377/3377 3418/3418/3418
f 3417/3417/3417 3378/3378/3378 3372/3372/3372
f 3376/3376/3376 3371/3371/3371 3364/3364/3364
f 3392/3392/3392 3384/3384/3384 3389/3389/3389
f 3392/3392/3392 3389/3389/3389 3383/3383/3383
f 3392/3392/3392 3383/3383/3383 3381/3381/3381
f 3389/3389/3389 3384/3384/3384 3391/3391/3391
f 3389/3389/3389 3391/3391/3391 3379/3379/3379
f 3389/3389/3389 3379/3379/3379 3383/3383/3383
f 3385/3385/3385 3393/3393/3393 3392/3392/3392
f 3392/3392/3392 3381/3381/3381 3385/3385/3385
f 3390/3390/3390 3386/3386/3386 3382/3382/3382
f 3382/3382/3382 3387/3387/3387 3390/3390/3390
f 3393/3393/3393 3390/3390/3390 3387/3387/3387
f 3387/3387/3387 3392/3392/3392 3393/3393/3393
f 3392/3392/3392 3387/3387/3387 3382/3382/3382
f 3382/3382/3382 3384/3384/3384 3392/3392/3392
f 3384/3384/3384 3380/3380/3380 3388/3388/3388
f 3388/3388/3388 3391/3391/3391 3384/3384/3384
g PV-M4A1_S_BornBeast_Classic_M4A1S_BornBeast07
usemtl M4A1S_BornBeast07
v -4.062522849 -10.721513295 -1.781046008
v -4.085402131 -10.770216332 -0.999302514
v -4.153310361 -10.819024367 -1.287488808
v -3.896387718 -10.369627545 -0.764285184
v -4.174033815 -10.451188850 -1.301182131
v -4.148145183 -10.441706461 -1.550638034
v -3.932104352 -10.673058062 -0.754701990
v -4.076471508 -10.425220682 -1.014344020
v -4.147763422 -10.795243044 -1.537525711
v -4.036001561 -10.412870586 -1.791403318
v -3.898488191 -10.588154187 -1.975996894
v -3.798487792 -10.594595925 -0.596024125
v -3.757641798 -10.321187111 -0.610739318
v -3.856050347 -10.318832491 -1.977905271
v -3.990038508 -10.725905433 -1.751074441
v -4.011557368 -10.765982231 -1.025797106
v -4.073897733 -10.807764573 -1.294742815
v -3.837540538 -10.369703322 -0.806286976
v -4.087558678 -10.429565984 -1.308585415
v -4.074638607 -10.428430983 -1.531330150
v -3.874811199 -10.679431044 -0.793839697
v -4.004640976 -10.416319815 -1.045254630
v -4.065074403 -10.794565315 -1.523700173
v -3.970221844 -10.396849032 -1.754096170
v -3.845336290 -10.593559256 -1.931268154
v -3.744163846 -10.603669950 -0.638703513
v -3.696196089 -10.325217491 -0.638867816
v -3.787886398 -10.306441366 -1.945514253
v -3.837540538 -10.369703322 -0.806286976
v -3.696196089 -10.325217491 -0.638867816
v -3.744163846 -10.603669950 -0.638703513
v -3.874811199 -10.679431044 -0.793839697
v -4.087558678 -10.429565984 -1.308585415
v -4.004640976 -10.416319815 -1.045254630
v -4.011557368 -10.765982231 -1.025797106
v -4.073897733 -10.807764573 -1.294742815
v -4.065074403 -10.794565315 -1.523700173
v -4.074638607 -10.428430983 -1.531330150
v -3.845336290 -10.593559256 -1.931268154
v -3.787886398 -10.306441366 -1.945514253
v -3.970221844 -10.396849032 -1.754096170
v -3.990038508 -10.725905433 -1.751074441
v -3.744163846 -10.603669950 -0.638703513
v -3.696196089 -10.325217491 -0.638867816
v -3.845336290 -10.593559256 -1.931268154
v -3.787886398 -10.306441366 -1.945514253
vt 0.190187007188797 0.5539110004901886
vt 0.18680000305175781 0.59230899810791016
vt 0.18527600169181824 0.57802298665046692
vt 0.20572000741958618 0.60855001211166382
vt 0.20373900234699249 0.57796299457550049
vt 0.20448100566864014 0.56567099690437317
vt 0.19040900468826294 0.60674500465393066
vt 0.20413500070571899 0.59298399090766907
vt 0.18672700226306915 0.56624099612236023
vt 0.20569999516010284 0.55246099829673767
vt 0.19639599323272705 0.54117700457572937
vt 0.19350999593734741 0.61735799908638
vt 0.20738199353218079 0.61908900737762451
vt 0.21006600558757782 0.53935098648071289
vt 0.18674600124359131 0.5523110032081604
vt 0.18308599293231964 0.59314501285552979
vt 0.18139199912548065 0.5780549943447113
vt 0.20935499668121338 0.60821899771690369
vt 0.20811200141906738 0.57816600799560547
vt 0.20830799639225006 0.56594100594520569
vt 0.18699899315834045 0.60758098959922791
vt 0.20807600021362305 0.59297400712966919
vt 0.18274299800395966 0.56538400053977966
vt 0.20957799255847931 0.55287200212478638
vt 0.19608999788761139 0.53770500421524048
vt 0.19315500557422638 0.62082499265670776
vt 0.20727899670600891 0.62247198820114136
vt 0.21394099295139313 0.53929498791694641
vt 0.25650998950004578 0.57352200150489807
vt 0.25512900948524475 0.57885798811912537
vt 0.26208499073982239 0.57847601175308228
vt 0.2642039954662323 0.57357800006866455
vt 0.25843799114227295 0.55962100625038147
vt 0.25794699788093567 0.56639200448989868
vt 0.26655599474906921 0.5670199990272522
vt 0.267753005027771 0.56022500991821289
vt 0.26757100224494934 0.55454900860786438
vt 0.25855201482772827 0.55414199829101562
vt 0.2629610002040863 0.54283499717712402
vt 0.25586101412773132 0.54151800274848938
vt 0.25798600912094116 0.5480630099773407
vt 0.26609000563621521 0.54859998822212219
vt 0.19005000591278076 0.618243008852005
vt 0.21078300476074219 0.61947700381278992
vt 0.19306699931621552 0.5398620069026947
vt 0.21069100499153137 0.53558400273323059
vn -0.575009935 -0.597323298 -0.559078217
vn -0.597526855 -0.677834598 0.428371235
vn -0.636371039 -0.766188472 0.089370718
vn -0.617770248 0.722370319 0.310710545
vn -0.826398992 0.558796834 0.069359965
vn -0.784175829 0.595322238 -0.175099124
vn -0.503182536 -0.588970537 0.632393107
vn -0.715253003 0.643108694 0.273540396
vn -0.675572735 -0.692033067 -0.254345659
vn -0.737142674 0.588228569 -0.332577553
vn -0.084874645 -0.379381682 -0.921339152
vn -0.134001989 -0.398474526 0.907337599
vn -0.137326921 0.708107596 0.692621793
vn -0.177032178 0.643777382 -0.744453014
vn 0.110421639 -0.919999863 -0.376041637
vn 0.132892365 -0.969843401 0.204312007
vn 0.130559127 -0.991289617 0.017297674
vn -0.103387259 0.981252643 -0.162647857
vn -0.234372344 0.972118091 -0.007484774
vn -0.192541508 0.980787077 0.031376383
vn 0.121955146 -0.938503702 0.323013536
vn -0.141606846 0.988193039 -0.058498027
vn 0.035953504 -0.985424226 -0.166272189
vn -0.275026425 0.957710199 0.084567375
vn 0.488322564 -0.549703371 -0.677766388
vn 0.427091163 -0.606936065 0.670240070
vn 0.354376833 0.721911060 0.594358041
vn 0.163479669 0.738723125 -0.653882667
vn 0.799500296 -0.125226236 -0.587467162
vn 0.774470094 -0.133781275 -0.618303036
vn 0.782449630 -0.124718142 -0.610096682
vn 0.827207713 -0.094296267 -0.553927445
vn 0.994045867 0.011360539 -0.108368594
vn 0.905106681 -0.062331593 -0.420590857
vn 0.931093169 -0.018630580 -0.364305384
vn 0.994970302 0.032469877 -0.094761838
vn 0.982917171 0.011761617 0.183672259
vn 0.965981999 0.030581520 0.256794759
vn 0.773790666 -0.075224927 0.628958835
vn 0.746081712 -0.116756012 0.655538033
vn 0.844050458 -0.049034505 0.534017268
vn 0.910043941 -0.051026516 0.411359113
vn 0.427091163 -0.606936065 0.670240070
vn 0.354376833 0.721911060 0.594358041
vn 0.488322564 -0.549703371 -0.677766388
vn 0.163479669 0.738723125 -0.653882667
f 3430/3430/3430 3431/3431/3431 3422/3422/3422
f 3422/3422/3422 3425/3425/3425 3430/3430/3430
f 3420/3420/3420 3426/3426/3426 3423/3423/3423
f 3423/3423/3423 3421/3421/3421 3420/3420/3420
f 3423/3423/3423 3424/3424/3424 3427/3427/3427
f 3427/3427/3427 3421/3421/3421 3423/3423/3423
f 3428/3428/3428 3432/3432/3432 3429/3429/3429
f 3429/3429/3429 3419/3419/3419 3428/3428/3428
f 3426/3426/3426 3420/3420/3420 3425/3425/3425
f 3425/3425/3425 3422/3422/3422 3426/3426/3426
f 3428/3428/3428 3419/3419/3419 3427/3427/3427
f 3427/3427/3427 3424/3424/3424 3428/3428/3428
f 3447/3447/3447 3448/3448/3448 3449/3449/3449
f 3449/3449/3449 3450/3450/3450 3447/3447/3447
f 3451/3451/3451 3452/3452/3452 3453/3453/3453
f 3453/3453/3453 3454/3454/3454 3451/3451/3451
f 3455/3455/3455 3456/3456/3456 3451/3451/3451
f 3451/3451/3451 3454/3454/3454 3455/3455/3455
f 3457/3457/3457 3458/3458/3458 3459/3459/3459
f 3459/3459/3459 3460/3460/3460 3457/3457/3457
f 3450/3450/3450 3453/3453/3453 3452/3452/3452
f 3452/3452/3452 3447/3447/3447 3450/3450/3450
f 3455/3455/3455 3460/3460/3460 3459/3459/3459
f 3459/3459/3459 3456/3456/3456 3455/3455/3455
f 3425/3425/3425 3439/3439/3439 3461/3461/3461
f 3461/3461/3461 3430/3430/3430 3425/3425/3425
f 3431/3431/3431 3462/3462/3462 3436/3436/3436
f 3436/3436/3436 3422/3422/3422 3431/3431/3431
f 3430/3430/3430 3444/3444/3444 3445/3445/3445
f 3445/3445/3445 3431/3431/3431 3430/3430/3430
f 3421/3421/3421 3435/3435/3435 3434/3434/3434
f 3434/3434/3434 3420/3420/3420 3421/3421/3421
f 3426/3426/3426 3440/3440/3440 3437/3437/3437
f 3437/3437/3437 3423/3423/3423 3426/3426/3426
f 3427/3427/3427 3441/3441/3441 3435/3435/3435
f 3435/3435/3435 3421/3421/3421 3427/3427/3427
f 3423/3423/3423 3437/3437/3437 3438/3438/3438
f 3438/3438/3438 3424/3424/3424 3423/3423/3423
f 3429/3429/3429 3463/3463/3463 3433/3433/3433
f 3433/3433/3433 3419/3419/3419 3429/3429/3429
f 3432/3432/3432 3464/3464/3464 3443/3443/3443
f 3443/3443/3443 3429/3429/3429 3432/3432/3432
f 3428/3428/3428 3442/3442/3442 3446/3446/3446
f 3446/3446/3446 3432/3432/3432 3428/3428/3428
f 3422/3422/3422 3436/3436/3436 3440/3440/3440
f 3440/3440/3440 3426/3426/3426 3422/3422/3422
f 3420/3420/3420 3434/3434/3434 3439/3439/3439
f 3439/3439/3439 3425/3425/3425 3420/3420/3420
f 3424/3424/3424 3438/3438/3438 3442/3442/3442
f 3442/3442/3442 3428/3428/3428 3424/3424/3424
f 3419/3419/3419 3433/3433/3433 3441/3441/3441
f 3441/3441/3441 3427/3427/3427 3419/3419/3419
g PV-M4A1_S_BornBeast_Classic_M4A1S_BornBeast08
usemtl M4A1S_BornBeast08
v -4.082350046 -10.189018646 -1.021103524
v -4.150668334 -10.231906997 -1.308045575
v -4.064360210 -10.129037793 -1.795578018
v -3.885160897 -9.940165721 -2.000594397
v -3.904101475 -9.867800588 -0.781099417
v -4.166930141 -9.918343525 -1.319658753
v -4.137886079 -9.906654453 -1.569303289
v -3.936138455 -10.107911831 -0.773649742
v -4.072713549 -9.903245601 -1.033263026
v -4.143484803 -10.210675288 -1.560673043
v -4.024053964 -9.863982199 -1.803494826
v -3.807904674 -10.034426412 -0.622944287
v -3.771151971 -9.824328720 -0.628869631
v -3.857321119 -9.740255220 -1.996893012
v -4.017739735 -10.190601593 -1.047143806
v -4.065405917 -10.220528066 -1.315010693
v -3.990465800 -10.131155910 -1.767987102
v -3.823629615 -9.948067524 -1.958463556
v -3.848391239 -9.864328303 -0.822368193
v -4.085062050 -9.890790893 -1.326748587
v -4.058765311 -9.888861075 -1.549073713
v -3.878667060 -10.107202042 -0.812655127
v -4.009635999 -9.888153131 -1.063184262
v -4.059074441 -10.203690366 -1.546951755
v -3.964731807 -9.859329280 -1.767931963
v -3.746384443 -10.043188147 -0.651877024
v -3.706243758 -9.828484781 -0.660297074
v -3.789122949 -9.736214925 -1.965884257
v -3.848391239 -9.864328303 -0.822368193
v -3.706243758 -9.828484781 -0.660297074
v -3.746384443 -10.043188147 -0.651877024
v -3.878667060 -10.107202042 -0.812655127
v -4.085062050 -9.890790893 -1.326748587
v -4.009635999 -9.888153131 -1.063184262
v -4.017739735 -10.190601593 -1.047143806
v -4.065405917 -10.220528066 -1.315010693
v -4.059074441 -10.203690366 -1.546951755
v -4.058765311 -9.888861075 -1.549073713
v -3.823629615 -9.948067524 -1.958463556
v -3.789122949 -9.736214925 -1.965884257
v -3.964731807 -9.859329280 -1.767931963
v -3.990465800 -10.131155910 -1.767987102
v -3.746384443 -10.043188147 -0.651877024
v -3.706243758 -9.828484781 -0.660297074
v -3.823629615 -9.948067524 -1.958463556
v -3.789122949 -9.736214925 -1.965884257
vt 0.2151779979467392 0.59345600008964539
vt 0.21309800446033478 0.5792660117149353
vt 0.21665599942207336 0.55531200766563416
vt 0.22482399642467499 0.54117399454116821
vt 0.23121100664138794 0.60831698775291443
vt 0.22876599431037903 0.5782490074634552
vt 0.22882699966430664 0.56590801477432251
vt 0.21903100609779358 0.60754901170730591
vt 0.22959700226783752 0.59312701225280762
vt 0.21366700530052185 0.56730100512504578
vt 0.22996599972248077 0.55278900265693665
vt 0.22248600423336029 0.61744800209999084
vt 0.23322699964046478 0.61851999163627625
vt 0.23486499488353729 0.53936299681663513
vt 0.21180400252342224 0.59408000111579895
vt 0.2089339941740036 0.5795229971408844
vt 0.21332100033760071 0.55351901054382324
vt 0.22423900663852692 0.53745600581169128
vt 0.23467700183391571 0.60781100392341614
vt 0.23299099504947662 0.57818800210952759
vt 0.23297299444675446 0.56597098708152771
vt 0.21573999524116516 0.60858601331710815
vt 0.23316900432109833 0.59285300970077515
vt 0.20959700644016266 0.56655099987983704
vt 0.23345300555229187 0.55344599485397339
vt 0.22230599820613861 0.62089499831199646
vt 0.233241006731987 0.62215501070022583
vt 0.23863300681114197 0.53964701294898987
vt 0.26850700378417969 0.57521998882293701
vt 0.26703399419784546 0.58040100336074829
vt 0.27241998910903931 0.58052301406860352
vt 0.27453199028968811 0.57558700442314148
vt 0.27034398913383484 0.56144601106643677
vt 0.26976799964904785 0.5681689977645874
vt 0.27717700600624084 0.56907901167869568
vt 0.27842500805854797 0.56245198845863342
vt 0.27853098511695862 0.55671998858451843
vt 0.27081200480461121 0.55595400929450989
vt 0.27317601442337036 0.54436400532722473
vt 0.2679780125617981 0.54335600137710571
vt 0.27061000466346741 0.5500519871711731
vt 0.27728700637817383 0.55087798833847046
vt 0.21943099796772003 0.61916100978851318
vt 0.2368679940700531 0.61867201328277588
vt 0.22157500684261322 0.53932100534439087
vt 0.23488999903202057 0.53560099005699158
vn -0.625724259 -0.660058312 0.415682783
vn -0.647415123 -0.757726272 0.081881353
vn -0.573176244 -0.568217030 -0.590422223
vn -0.135651448 -0.303333773 -0.943179361
vn -0.623321383 0.703776846 0.340835158
vn -0.840248232 0.537259476 0.073042210
vn -0.787696915 0.588637732 -0.181766856
vn -0.504512759 -0.625646643 0.595006852
vn -0.730292375 0.616037316 0.295247476
vn -0.651166450 -0.707078813 -0.275720521
vn -0.732254780 0.637792346 -0.238796692
vn -0.219652246 -0.381734551 0.897792639
vn -0.124007131 0.686545506 0.716433877
vn -0.203115584 0.720673339 -0.662852924
vn 0.070538276 -0.975721291 0.207345879
vn 0.129300119 -0.991598302 0.003779741
vn 0.145760470 -0.885035834 -0.442114756
vn 0.438487673 -0.473958451 -0.763604575
vn -0.113595355 0.989060656 -0.094101617
vn -0.310964754 0.950351574 0.011524177
vn -0.235509707 0.971626978 0.021821853
vn 0.162499595 -0.958626275 0.233729644
vn -0.209094640 0.977471048 0.028805945
vn 0.106193133 -0.977766215 -0.180821036
vn -0.215907554 0.952297876 0.215667992
vn 0.316261761 -0.533827602 0.784223558
vn 0.340052746 0.712408092 0.613872007
vn 0.214198641 0.774039894 -0.595802975
vn 0.800321953 -0.136325090 -0.583866630
vn 0.759275211 -0.166622673 -0.629077133
vn 0.775879918 -0.143180449 -0.614418189
vn 0.827169512 -0.101165133 -0.552771394
vn 0.997374742 0.014048968 -0.071036964
vn 0.913893922 -0.063092971 -0.401020170
vn 0.937347422 -0.015798422 -0.348037670
vn 0.995466600 0.056622356 -0.076420914
vn 0.983513008 0.001087929 0.180834123
vn 0.964207367 0.000841726 0.265147969
vn 0.779332000 -0.091717215 0.619862555
vn 0.775337340 -0.104473838 0.622846070
vn 0.855452950 -0.066612563 0.513578638
vn 0.918919685 -0.087070844 0.384714545
vn 0.316261761 -0.533827602 0.784223558
vn 0.340052746 0.712408092 0.613872007
vn 0.438487673 -0.473958451 -0.763604575
vn 0.214198641 0.774039894 -0.595802975
f 3476/3476/3476 3477/3477/3477 3469/3469/3469
f 3469/3469/3469 3472/3472/3472 3476/3476/3476
f 3465/3465/3465 3473/3473/3473 3470/3470/3470
f 3470/3470/3470 3466/3466/3466 3465/3465/3465
f 3470/3470/3470 3471/3471/3471 3474/3474/3474
f 3474/3474/3474 3466/3466/3466 3470/3470/3470
f 3475/3475/3475 3478/3478/3478 3468/3468/3468
f 3468/3468/3468 3467/3467/3467 3475/3475/3475
f 3473/3473/3473 3465/3465/3465 3472/3472/3472
f 3472/3472/3472 3469/3469/3469 3473/3473/3473
f 3475/3475/3475 3467/3467/3467 3474/3474/3474
f 3474/3474/3474 3471/3471/3471 3475/3475/3475
f 3493/3493/3493 3494/3494/3494 3495/3495/3495
f 3495/3495/3495 3496/3496/3496 3493/3493/3493
f 3497/3497/3497 3498/3498/3498 3499/3499/3499
f 3499/3499/3499 3500/3500/3500 3497/3497/3497
f 3501/3501/3501 3502/3502/3502 3497/3497/3497
f 3497/3497/3497 3500/3500/3500 3501/3501/3501
f 3503/3503/3503 3504/3504/3504 3505/3505/3505
f 3505/3505/3505 3506/3506/3506 3503/3503/3503
f 3496/3496/3496 3499/3499/3499 3498/3498/3498
f 3498/3498/3498 3493/3493/3493 3496/3496/3496
f 3501/3501/3501 3506/3506/3506 3505/3505/3505
f 3505/3505/3505 3502/3502/3502 3501/3501/3501
f 3472/3472/3472 3486/3486/3486 3507/3507/3507
f 3507/3507/3507 3476/3476/3476 3472/3472/3472
f 3477/3477/3477 3508/3508/3508 3483/3483/3483
f 3483/3483/3483 3469/3469/3469 3477/3477/3477
f 3476/3476/3476 3490/3490/3490 3491/3491/3491
f 3491/3491/3491 3477/3477/3477 3476/3476/3476
f 3466/3466/3466 3480/3480/3480 3479/3479/3479
f 3479/3479/3479 3465/3465/3465 3466/3466/3466
f 3473/3473/3473 3487/3487/3487 3484/3484/3484
f 3484/3484/3484 3470/3470/3470 3473/3473/3473
f 3474/3474/3474 3488/3488/3488 3480/3480/3480
f 3480/3480/3480 3466/3466/3466 3474/3474/3474
f 3470/3470/3470 3484/3484/3484 3485/3485/3485
f 3485/3485/3485 3471/3471/3471 3470/3470/3470
f 3468/3468/3468 3509/3509/3509 3481/3481/3481
f 3481/3481/3481 3467/3467/3467 3468/3468/3468
f 3478/3478/3478 3510/3510/3510 3482/3482/3482
f 3482/3482/3482 3468/3468/3468 3478/3478/3478
f 3475/3475/3475 3489/3489/3489 3492/3492/3492
f 3492/3492/3492 3478/3478/3478 3475/3475/3475
f 3469/3469/3469 3483/3483/3483 3487/3487/3487
f 3487/3487/3487 3473/3473/3473 3469/3469/3469
f 3465/3465/3465 3479/3479/3479 3486/3486/3486
f 3486/3486/3486 3472/3472/3472 3465/3465/3465
f 3471/3471/3471 3485/3485/3485 3489/3489/3489
f 3489/3489/3489 3475/3475/3475 3471/3471/3471
f 3467/3467/3467 3481/3481/3481 3488/3488/3488
f 3488/3488/3488 3474/3474/3474 3467/3467/3467
g PV-M4A1_S_BornBeast_Classic_M4A1S_BornBeast05
usemtl M4A1S_BornBeast05
v -4.122031381 -12.065894970 -0.973150061
v -4.203922295 -12.131433148 -1.242091173
v -4.062519957 -11.956345887 -1.725941481
v -3.868368110 -11.706540897 -1.932684337
v -3.940300496 -11.585562393 -0.762517356
v -4.216323678 -11.750595686 -1.256260546
v -4.178687921 -11.721711520 -1.509756241
v -3.837963568 -11.515785222 -1.933433754
v -3.965746400 -11.908767286 -0.753468149
v -4.120018560 -11.698929802 -0.989206892
v -4.180137702 -12.094775039 -1.497524169
v -4.042413743 -11.632604335 -1.737273808
v -3.765965626 -11.639000701 -0.565357052
v -3.733877933 -11.441425808 -0.568192777
v -4.058553462 -12.066510714 -1.001873124
v -4.125395797 -12.119983494 -1.249085629
v -4.004093284 -11.958855054 -1.690877854
v -3.810906660 -11.713880407 -1.890812211
v -3.887510636 -11.591947475 -0.807544344
v -4.137752194 -11.732550233 -1.263328908
v -4.106192499 -11.709478281 -1.484320650
v -3.775895494 -11.503946164 -1.896013602
v -3.910379699 -11.912848681 -0.795572789
v -4.059003959 -11.687609002 -1.023222982
v -4.105179390 -12.082798996 -1.477610825
v -3.993571996 -11.626661234 -1.695339781
v -3.691132939 -11.643086929 -0.594627487
v -3.665958264 -11.439384180 -0.599057467
v -3.887510636 -11.591947475 -0.807544344
v -3.665958264 -11.439384180 -0.599057467
v -3.691132939 -11.643086929 -0.594627487
v -3.910379699 -11.912848681 -0.795572789
v -4.137752194 -11.732550233 -1.263328908
v -4.059003959 -11.687609002 -1.023222982
v -4.058553462 -12.066510714 -1.001873124
v -4.125395797 -12.119983494 -1.249085629
v -4.105179390 -12.082798996 -1.477610825
v -4.106192499 -11.709478281 -1.484320650
v -3.810906660 -11.713880407 -1.890812211
v -3.775895494 -11.503946164 -1.896013602
v -3.993571996 -11.626661234 -1.695339781
v -4.004093284 -11.958855054 -1.690877854
v -3.691132939 -11.643086929 -0.594627487
v -3.665958264 -11.439384180 -0.599057467
v -3.810906660 -11.713880407 -1.890812211
v -3.775895494 -11.503946164 -1.896013602
vt 0.13352200388908386 0.59000501036643982
vt 0.13142800331115723 0.57755100727081299
vt 0.13860400021076202 0.55475699901580811
vt 0.14925000071525574 0.54077699780464172
vt 0.15455099940299988 0.60493999719619751
vt 0.14927700161933899 0.57738599181175232
vt 0.15049499273300171 0.56542098522186279
vt 0.1582610011100769 0.53919300436973572
vt 0.13945400714874268 0.60277599096298218
vt 0.15079499781131744 0.59080800414085388
vt 0.13304199278354645 0.56652900576591492
vt 0.15375299751758575 0.55280101299285889
vt 0.15034699440002441 0.61698400974273682
vt 0.15957500040531158 0.61904698610305786
vt 0.1305219978094101 0.59094399213790894
vt 0.12800100445747375 0.57760500907897949
vt 0.13593100011348724 0.5531260073184967
vt 0.14877200126647949 0.53744900226593018
vt 0.15766599774360657 0.60387700796127319
vt 0.15302500128746033 0.5774100124835968
vt 0.15408800542354584 0.56601399183273315
vt 0.16173699498176575 0.53933700919151306
vt 0.13670100271701813 0.60441398620605469
vt 0.15408200025558472 0.59023299813270569
vt 0.12984000146389008 0.56536400318145752
vt 0.15664100646972656 0.55375900864601135
vt 0.14992600679397583 0.62074699997901917
vt 0.15941700339317322 0.62255200743675232
vt 0.25634101033210754 0.61393100023269653
vt 0.25266501307487488 0.62147301435470581
vt 0.25770801305770874 0.62105301022529602
vt 0.26427200436592102 0.61364200711250305
vt 0.25944200158119202 0.60082700848579407
vt 0.25854200124740601 0.60708799958229065
vt 0.26789501309394836 0.60728499293327332
vt 0.26900398731231689 0.60093399882316589
vt 0.2679620087146759 0.59530100226402283
vt 0.25875800848007202 0.59533798694610596
vt 0.25859999656677246 0.58283600211143494
vt 0.25338900089263916 0.58226901292800903
vt 0.25660499930381775 0.58948099613189697
vt 0.26479700207710266 0.58954301476478577
vt 0.1479869931936264 0.61997398734092712
vt 0.16308699548244476 0.61904400587081909
vt 0.1464879959821701 0.53873100876808167
vt 0.15864799916744232 0.53576800227165222
vn -0.536296677 -0.650933922 0.537281029
vn -0.647721006 -0.756289496 0.092106985
vn -0.416703743 -0.559793603 -0.716232583
vn -0.082446979 -0.286784893 -0.954440632
vn -0.690757996 0.683828189 0.235015741
vn -0.839322064 0.540090835 0.061970663
vn -0.803889387 0.569495860 -0.171570157
vn -0.138419556 0.656143157 -0.741832990
vn -0.322293337 -0.532566320 0.782623869
vn -0.770831501 0.590219544 0.239707504
vn -0.575801893 -0.714344589 -0.397698364
vn -0.737315513 0.610073947 -0.290130338
vn -0.177190698 -0.225719448 0.957942685
vn -0.181563954 0.751751444 0.633959223
vn 0.155850927 -0.924359744 0.348237782
vn 0.151392567 -0.988292663 0.018918343
vn 0.270171119 -0.818194762 -0.507508519
vn 0.484282030 -0.443544141 -0.754148202
vn -0.189857480 0.915392521 -0.354979817
vn -0.225610203 0.974072875 -0.016794935
vn -0.221275623 0.961835114 0.160966805
vn 0.218315700 0.766881941 -0.603514991
vn 0.320001217 -0.800528601 0.506708179
vn -0.258849813 0.950560297 -0.171557265
vn 0.220794872 -0.934246009 -0.280060741
vn -0.293095371 0.931213626 0.216647841
vn 0.338503575 -0.331138334 0.880773940
vn 0.234840858 0.761439469 0.604201711
vn 0.751179104 -0.083239687 -0.654829068
vn 0.718567169 -0.103759385 -0.687673770
vn 0.720559002 -0.093539048 -0.687055436
vn 0.789386637 -0.058451475 -0.611107325
vn 0.996337293 0.006812136 -0.085238454
vn 0.881813481 -0.040031475 -0.469896228
vn 0.918174482 -0.007479821 -0.396105632
vn 0.995601009 0.028471707 -0.089263614
vn 0.970777914 0.012896567 0.239632887
vn 0.941752730 0.008595744 0.336196234
vn 0.714946096 -0.063227616 0.696314835
vn 0.704312518 -0.100044521 0.702805073
vn 0.793120923 -0.028887881 0.608378741
vn 0.866753412 -0.020763618 0.498304519
vn 0.338503575 -0.331138334 0.880773940
vn 0.234840858 0.761439469 0.604201711
vn 0.484282030 -0.443544141 -0.754148202
vn 0.218315700 0.766881941 -0.603514991
f 3523/3523/3523 3524/3524/3524 3515/3515/3515
f 3515/3515/3515 3519/3519/3519 3523/3523/3523
f 3511/3511/3511 3520/3520/3520 3516/3516/3516
f 3516/3516/3516 3512/3512/3512 3511/3511/3511
f 3516/3516/3516 3517/3517/3517 3521/3521/3521
f 3521/3521/3521 3512/3512/3512 3516/3516/3516
f 3522/3522/3522 3518/3518/3518 3514/3514/3514
f 3514/3514/3514 3513/3513/3513 3522/3522/3522
f 3519/3519/3519 3515/3515/3515 3520/3520/3520
f 3520/3520/3520 3511/3511/3511 3519/3519/3519
f 3522/3522/3522 3513/3513/3513 3521/3521/3521
f 3521/3521/3521 3517/3517/3517 3522/3522/3522
f 3539/3539/3539 3540/3540/3540 3541/3541/3541
f 3541/3541/3541 3542/3542/3542 3539/3539/3539
f 3543/3543/3543 3544/3544/3544 3545/3545/3545
f 3545/3545/3545 3546/3546/3546 3543/3543/3543
f 3547/3547/3547 3548/3548/3548 3543/3543/3543
f 3543/3543/3543 3546/3546/3546 3547/3547/3547
f 3549/3549/3549 3550/3550/3550 3551/3551/3551
f 3551/3551/3551 3552/3552/3552 3549/3549/3549
f 3544/3544/3544 3539/3539/3539 3542/3542/3542
f 3542/3542/3542 3545/3545/3545 3544/3544/3544
f 3547/3547/3547 3552/3552/3552 3551/3551/3551
f 3551/3551/3551 3548/3548/3548 3547/3547/3547
f 3519/3519/3519 3533/3533/3533 3553/3553/3553
f 3553/3553/3553 3523/3523/3523 3519/3519/3519
f 3524/3524/3524 3554/3554/3554 3529/3529/3529
f 3529/3529/3529 3515/3515/3515 3524/3524/3524
f 3523/3523/3523 3537/3537/3537 3538/3538/3538
f 3538/3538/3538 3524/3524/3524 3523/3523/3523
f 3512/3512/3512 3526/3526/3526 3525/3525/3525
f 3525/3525/3525 3511/3511/3511 3512/3512/3512
f 3520/3520/3520 3534/3534/3534 3530/3530/3530
f 3530/3530/3530 3516/3516/3516 3520/3520/3520
f 3521/3521/3521 3535/3535/3535 3526/3526/3526
f 3526/3526/3526 3512/3512/3512 3521/3521/3521
f 3516/3516/3516 3530/3530/3530 3531/3531/3531
f 3531/3531/3531 3517/3517/3517 3516/3516/3516
f 3514/3514/3514 3555/3555/3555 3527/3527/3527
f 3527/3527/3527 3513/3513/3513 3514/3514/3514
f 3518/3518/3518 3556/3556/3556 3528/3528/3528
f 3528/3528/3528 3514/3514/3514 3518/3518/3518
f 3522/3522/3522 3536/3536/3536 3532/3532/3532
f 3532/3532/3532 3518/3518/3518 3522/3522/3522
f 3511/3511/3511 3525/3525/3525 3533/3533/3533
f 3533/3533/3533 3519/3519/3519 3511/3511/3511
f 3515/3515/3515 3529/3529/3529 3534/3534/3534
f 3534/3534/3534 3520/3520/3520 3515/3515/3515
f 3517/3517/3517 3531/3531/3531 3536/3536/3536
f 3536/3536/3536 3522/3522/3522 3517/3517/3517
f 3513/3513/3513 3527/3527/3527 3535/3535/3535
f 3535/3535/3535 3521/3521/3521 3513/3513/3513
g PV-M4A1_S_BornBeast_Classic_M4A1S_BornBeast06
usemtl M4A1S_BornBeast06
v -4.077933694 -11.413614049 -0.971297183
v -4.160455317 -11.483911825 -1.263810233
v -4.046986648 -11.359675441 -1.756926218
v -3.875224881 -11.135000446 -1.950475317
v -3.922184046 -10.944697099 -0.755761586
v -4.218680284 -11.094378940 -1.279975961
v -4.193194431 -11.081634768 -1.530123273
v -3.871965901 -10.930611920 -1.956755516
v -3.918754001 -11.245400947 -0.744982243
v -4.112677795 -11.047130446 -0.989470719
v -4.147299762 -11.456919591 -1.517154838
v -4.059067316 -11.013889600 -1.770105590
v -3.763656568 -11.059071582 -0.581407381
v -3.759236216 -10.857851516 -0.589128284
v -4.006129494 -11.415020691 -1.001016452
v -4.081065029 -11.473991422 -1.271550208
v -3.983517954 -11.356239376 -1.722153895
v -3.809914254 -11.127816901 -1.913151001
v -3.875589071 -10.941102051 -0.796751729
v -4.138735534 -11.073705584 -1.287622311
v -4.118324868 -11.059327621 -1.508572671
v -3.805222130 -10.914120197 -1.923543829
v -3.864705339 -11.263475890 -0.788295635
v -4.046671345 -11.028505162 -1.022782616
v -4.067621236 -11.448655394 -1.499862441
v -4.006379774 -11.009746297 -1.727541107
v -3.701677003 -11.064456984 -0.612126332
v -3.692200077 -10.847800302 -0.622327193
v -3.875589071 -10.941102051 -0.796751729
v -3.692200077 -10.847800302 -0.622327193
v -3.701677003 -11.064456984 -0.612126332
v -3.864705339 -11.263475890 -0.788295635
v -4.138735534 -11.073705584 -1.287622311
v -4.046671345 -11.028505162 -1.022782616
v -4.006129494 -11.415020691 -1.001016452
v -4.081065029 -11.473991422 -1.271550208
v -4.067621236 -11.448655394 -1.499862441
v -4.118324868 -11.059327621 -1.508572671
v -3.809914254 -11.127816901 -1.913151001
v -3.805222130 -10.914120197 -1.923543829
v -4.006379774 -11.009746297 -1.727541107
v -3.983517954 -11.356239376 -1.722153895
v -3.701677003 -11.064456984 -0.612126332
v -3.692200077 -10.847800302 -0.622327193
v -3.809914254 -11.127816901 -1.913151001
v -3.805222130 -10.914120197 -1.923543829
vt 0.15985099971294403 0.59081900119781494
vt 0.15812100470066071 0.57684001326560974
vt 0.16344200074672699 0.55365198850631714
vt 0.17258800566196442 0.54036000370979309
vt 0.17973199486732483 0.60678499937057495
vt 0.17695200443267822 0.57696801424026489
vt 0.17772200703620911 0.56518200039863586
vt 0.18240399658679962 0.53901800513267517
vt 0.16541300714015961 0.604746013879776
vt 0.17746299505233765 0.5917620062828064
vt 0.15963500738143921 0.56560701131820679
vt 0.17991000413894653 0.55198800563812256
vt 0.1721390038728714 0.61690500378608704
vt 0.18170100450515747 0.61853298544883728
vt 0.15643300116062164 0.59175300598144531
vt 0.15448999404907227 0.57689100503921509
vt 0.1605599969625473 0.55208998918533325
vt 0.17248499393463135 0.53673499822616577
vt 0.18268799781799316 0.60631498694419861
vt 0.18082700669765472 0.5771619975566864
vt 0.18153299391269684 0.56544700264930725
vt 0.18605700135231018 0.53850200772285461
vt 0.16211099922657013 0.60568800568580627
vt 0.18109899759292603 0.59170699119567871
vt 0.15599299967288971 0.56467598676681519
vt 0.18306300044059753 0.55271199345588684
vt 0.17146299779415131 0.62016201019287109
vt 0.18168500065803528 0.62215098738670349
vt 0.24424299597740173 0.57268500328063965
vt 0.24267999827861786 0.57914501428604126
vt 0.24799400568008423 0.57853999733924866
vt 0.25217399001121521 0.57209199666976929
vt 0.24601200222969055 0.55850899219512939
vt 0.24557200074195862 0.56549400091171265
vt 0.25516700744628906 0.56541100144386292
vt 0.25598898530006409 0.55838900804519653
vt 0.25512799620628357 0.55278199911117554
vt 0.24545100331306458 0.55305600166320801
vt 0.24740099906921387 0.54041099548339844
vt 0.24214300513267517 0.53999599814414978
vt 0.24429599940776825 0.54698601365089417
vt 0.25285500288009644 0.54692599177360535
vt 0.16947099566459656 0.61896800994873047
vt 0.18528500199317932 0.61910200119018555
vt 0.16991700232028961 0.53778699040412903
vt 0.18265900015830994 0.53537499904632568
vn -0.516604914 -0.673961681 0.528105118
vn -0.609125538 -0.785465536 0.109590016
vn -0.404163099 -0.640275086 -0.653222782
vn -0.053539643 -0.351740296 -0.934565285
vn -0.693427316 0.644253204 0.322639685
vn -0.866394778 0.493058698 0.079077233
vn -0.846224680 0.489382574 -0.210733213
vn -0.212591535 0.603043064 -0.768858831
vn -0.363610482 -0.516591529 0.775190692
vn -0.791561653 0.536231651 0.293062734
vn -0.587235981 -0.746672756 -0.312463914
vn -0.732322833 0.595251480 -0.330724877
vn -0.117431927 -0.281840503 0.952247695
vn -0.220272846 0.676213456 0.703004435
vn 0.134533334 -0.925840088 0.353158482
vn 0.128627896 -0.990946927 0.038458448
vn 0.291254276 -0.848767425 -0.441321656
vn 0.483699422 -0.386349795 -0.785346233
vn -0.253317332 0.944948525 -0.207129461
vn -0.254560481 0.966977070 -0.012422052
vn -0.292011103 0.955460417 0.042718938
vn 0.183973906 0.699960544 -0.690078864
vn 0.191560129 -0.801818116 0.566032178
vn -0.311246977 0.944722298 -0.103078120
vn 0.149673971 -0.966563346 -0.208213833
vn -0.232292185 0.956503192 0.176470914
vn 0.385024375 -0.377201386 0.842303594
vn 0.197392274 0.755324255 0.624917242
vn 0.752120989 -0.009453791 -0.658957240
vn 0.704686860 -0.064095914 -0.706617395
vn 0.718138043 -0.028235342 -0.695327632
vn 0.784165611 0.026597359 -0.619981351
vn 0.986088803 0.119222281 -0.115822795
vn 0.874516991 0.053070763 -0.482082489
vn 0.902305272 0.086408523 -0.422349101
vn 0.984331791 0.137380259 -0.110533205
vn 0.966239652 0.121685494 0.227098165
vn 0.943123415 0.129673948 0.306109281
vn 0.698239375 0.038086390 0.714850475
vn 0.692878015 0.019841227 0.720781785
vn 0.793035180 0.069660784 0.605179791
vn 0.869705690 0.064987955 0.489273521
vn 0.385024375 -0.377201386 0.842303594
vn 0.197392274 0.755324255 0.624917242
vn 0.483699422 -0.386349795 -0.785346233
vn 0.183973906 0.699960544 -0.690078864
f 3569/3569/3569 3570/3570/3570 3561/3561/3561
f 3561/3561/3561 3565/3565/3565 3569/3569/3569
f 3557/3557/3557 3566/3566/3566 3562/3562/3562
f 3562/3562/3562 3558/3558/3558 3557/3557/3557
f 3562/3562/3562 3563/3563/3563 3567/3567/3567
f 3567/3567/3567 3558/3558/3558 3562/3562/3562
f 3568/3568/3568 3564/3564/3564 3560/3560/3560
f 3560/3560/3560 3559/3559/3559 3568/3568/3568
f 3565/3565/3565 3561/3561/3561 3566/3566/3566
f 3566/3566/3566 3557/3557/3557 3565/3565/3565
f 3568/3568/3568 3559/3559/3559 3567/3567/3567
f 3567/3567/3567 3563/3563/3563 3568/3568/3568
f 3585/3585/3585 3586/3586/3586 3587/3587/3587
f 3587/3587/3587 3588/3588/3588 3585/3585/3585
f 3589/3589/3589 3590/3590/3590 3591/3591/3591
f 3591/3591/3591 3592/3592/3592 3589/3589/3589
f 3593/3593/3593 3594/3594/3594 3589/3589/3589
f 3589/3589/3589 3592/3592/3592 3593/3593/3593
f 3595/3595/3595 3596/3596/3596 3597/3597/3597
f 3597/3597/3597 3598/3598/3598 3595/3595/3595
f 3590/3590/3590 3585/3585/3585 3588/3588/3588
f 3588/3588/3588 3591/3591/3591 3590/3590/3590
f 3593/3593/3593 3598/3598/3598 3597/3597/3597
f 3597/3597/3597 3594/3594/3594 3593/3593/3593
f 3565/3565/3565 3579/3579/3579 3599/3599/3599
f 3599/3599/3599 3569/3569/3569 3565/3565/3565
f 3570/3570/3570 3600/3600/3600 3575/3575/3575
f 3575/3575/3575 3561/3561/3561 3570/3570/3570
f 3569/3569/3569 3583/3583/3583 3584/3584/3584
f 3584/3584/3584 3570/3570/3570 3569/3569/3569
f 3558/3558/3558 3572/3572/3572 3571/3571/3571
f 3571/3571/3571 3557/3557/3557 3558/3558/3558
f 3566/3566/3566 3580/3580/3580 3576/3576/3576
f 3576/3576/3576 3562/3562/3562 3566/3566/3566
f 3567/3567/3567 3581/3581/3581 3572/3572/3572
f 3572/3572/3572 3558/3558/3558 3567/3567/3567
f 3562/3562/3562 3576/3576/3576 3577/3577/3577
f 3577/3577/3577 3563/3563/3563 3562/3562/3562
f 3560/3560/3560 3601/3601/3601 3573/3573/3573
f 3573/3573/3573 3559/3559/3559 3560/3560/3560
f 3564/3564/3564 3602/3602/3602 3574/3574/3574
f 3574/3574/3574 3560/3560/3560 3564/3564/3564
f 3568/3568/3568 3582/3582/3582 3578/3578/3578
f 3578/3578/3578 3564/3564/3564 3568/3568/3568
f 3557/3557/3557 3571/3571/3571 3579/3579/3579
f 3579/3579/3579 3565/3565/3565 3557/3557/3557
f 3561/3561/3561 3575/3575/3575 3580/3580/3580
f 3580/3580/3580 3566/3566/3566 3561/3561/3561
f 3563/3563/3563 3577/3577/3577 3582/3582/3582
f 3582/3582/3582 3568/3568/3568 3563/3563/3563
f 3559/3559/3559 3573/3573/3573 3581/3581/3581
f 3581/3581/3581 3567/3567/3567 3559/3559/3559
g PV-M4A1_S_BornBeast_Classic_M4A1S_BornBeast01
usemtl M4A1S_BornBeast01
v -3.704618855 -13.968702759 -4.664977088
v -3.706552896 -11.325240501 -4.760229488
v -3.808601825 -12.445188651 -1.913922530
v -3.794243769 -13.880852580 -2.225179754
v -3.794978433 -12.877005337 -2.261352016
v -3.638213684 -14.316432564 -6.456917428
v -3.554551871 -15.041473608 -8.698385692
v -3.809492723 -11.224339630 -1.957913676
v -3.624078851 -11.672693130 -6.990451697
v -3.534111488 -12.454346837 -9.400762226
v -2.675497422 -14.314458107 -6.421624253
v -2.591839383 -15.039499158 -8.663092656
v -2.741902593 -13.966728302 -4.629683913
v -2.743827309 -11.323267800 -4.724935907
v -2.845878237 -12.443214179 -1.878629087
v -2.831525730 -13.878879895 -2.189886450
v -2.832256621 -12.875030868 -2.226058638
v -2.846767203 -11.222365089 -1.922618385
v -2.661355262 -11.670720433 -6.955158189
v -2.571391453 -12.452371927 -9.365468929
v -3.554551871 -15.041473608 -8.698385692
v -3.638213684 -14.316432564 -6.456917428
v -3.794978433 -12.877005337 -2.261352016
v -3.704618855 -13.968702759 -4.664977088
v -3.794243769 -13.880852580 -2.225179754
v -3.808601825 -12.445188651 -1.913922530
v -3.534111488 -12.454346837 -9.400762226
v -2.571391453 -12.452371927 -9.365468929
v -2.591839383 -15.039499158 -8.663092656
v -3.554551871 -15.041473608 -8.698385692
v -2.741902593 -13.966728302 -4.629683913
v -2.831525730 -13.878879895 -2.189886450
v -3.794243769 -13.880852580 -2.225179754
v -2.831525730 -13.878879895 -2.189886450
v -2.832256621 -12.875030868 -2.226058638
v -2.845878237 -12.443214179 -1.878629087
v -2.846767203 -11.222365089 -1.922618385
v -3.809492723 -11.224339630 -1.957913676
v -2.591839383 -15.039499158 -8.663092656
v -2.675497422 -14.314458107 -6.421624253
v -2.743827309 -11.323267800 -4.724935907
v -2.846767203 -11.222365089 -1.922618385
v -2.661355262 -11.670720433 -6.955158189
v -2.571391453 -12.452371927 -9.365468929
vt 0.88199102878570557 0.16362500190734863
vt 0.96926301717758179 0.17303597927093506
vt 0.92718601226806641 0.26617801189422607
vt 0.88334298133850098 0.26681101322174072
vt 0.9115939736366272 0.26640301942825317
vt 0.88201099634170532 0.10970598459243774
vt 0.88203698396682739 0.040024995803833008
vt 0.96195799112319946 0.26376098394393921
vt 0.96866798400878906 0.10802501440048218
vt 0.9590650200843811 0.034537017345428467
vt 0.89307302236557007 0.11146801710128784
vt 0.88372498750686646 0.042101025581359863
vt 0.89528101682662964 0.16597402095794678
vt 0.96926301717758179 0.17303597927093506
vt 0.92751002311706543 0.26105600595474243
vt 0.88813400268554688 0.24717098474502563
vt 0.91644102334976196 0.24978601932525635
vt 0.96195697784423828 0.26376098394393921
vt 0.96866798400878906 0.10802501440048218
vt 0.9590650200843811 0.034537017345428467
vt 0.88372498750686646 0.042101025581359863
vt 0.89307302236557007 0.11146801710128784
vt 0.91644197702407837 0.24978601932525635
vt 0.89528101682662964 0.16597402095794678
vt 0.88813400268554688 0.24717098474502563
vt 0.92751002311706543 0.26105600595474243
vt 0.96030700206756592 0.031020998954772949
vt 0.95751899480819702 0.0040670037269592285
vt 0.88251399993896484 0.011825025081634521
vt 0.88530099391937256 0.038778007030487061
vt 0.85489398241043091 0.16361498832702637
vt 0.85486400127410889 0.24481797218322754
vt 0.88195997476577759 0.2448279857635498
vt 0.88373398780822754 0.29390597343444824
vt 0.91198498010635376 0.29349797964096069
vt 0.92757701873779297 0.29327201843261719
vt 0.96193498373031616 0.29277598857879639
vt 0.9615439772605896 0.26568198204040527
vt 0.85493999719619751 0.040014982223510742
vt 0.85491400957107544 0.10969597101211548
vt 0.99624001979827881 0.173878014087677
vt 0.98917800188064575 0.26570302248001099
vt 0.99548202753067017 0.10629498958587646
vt 0.98628497123718262 0.031332015991210938
vn -0.002123375 -0.993534822 0.113507926
vn -0.692513721 0.715270695 -0.093875337
vn -0.034118949 -0.315482046 0.948317972
vn -0.036685344 0.035959440 0.998679681
vn -0.034118932 -0.315483256 0.948317570
vn -0.007154351 -0.968390696 0.249335667
vn -0.009319958 -0.951522406 0.307438203
vn -0.707146140 0.705199035 -0.051367869
vn -0.684497075 0.702989643 -0.193052626
vn -0.710716843 0.660955471 -0.240872235
vn 0.999326601 0.002047699 0.036635376
vn 0.999326601 0.002047699 0.036635376
vn 0.999326601 0.002047699 0.036635376
vn 0.694593268 0.718115043 -0.043022982
vn 0.999326601 0.002047699 0.036635376
vn 0.999326601 0.002047699 0.036635376
vn 0.999326601 0.002047699 0.036635376
vn 0.706115091 0.708096944 0.000442304
vn 0.693909914 0.705816581 -0.142520126
vn 0.723733129 0.663896830 -0.188285309
vn -0.999326599 -0.002050697 -0.036635268
vn -0.999326599 -0.002050697 -0.036635268
vn -0.999326562 -0.002050733 -0.036636267
vn -0.999326599 -0.002050697 -0.036635268
vn -0.999326599 -0.002050697 -0.036635268
vn -0.999326526 -0.002050769 -0.036637265
vn 0.035891031 -0.262101311 -0.964372717
vn 0.035891031 -0.262101311 -0.964372717
vn 0.035892038 -0.262100371 -0.964372935
vn 0.035892038 -0.262100371 -0.964372935
vn -0.002123375 -0.993534822 0.113507926
vn 0.000729607 -0.999351148 0.036010419
vn 0.000729607 -0.999351148 0.036010419
vn -0.036685344 0.035959440 0.998679681
vn -0.034118949 -0.315482046 0.948317972
vn -0.034118949 -0.315482046 0.948317972
vn -0.036686342 0.035958438 0.998679680
vn -0.036685343 0.035958440 0.998679717
vn -0.009319958 -0.951522406 0.307438203
vn -0.007154351 -0.968390696 0.249335667
vn 0.694593268 0.718115043 -0.043022982
vn 0.706115091 0.708096944 0.000442304
vn 0.693909914 0.705816581 -0.142520126
vn 0.723733129 0.663896830 -0.188285309
f 3612/3612/3612 3623/3623/3623 3624/3624/3624
f 3624/3624/3624 3611/3611/3611 3612/3612/3612
f 3625/3625/3625 3604/3604/3604 3626/3626/3626
f 3626/3626/3626 3627/3627/3627 3625/3625/3625
f 3611/3611/3611 3624/3624/3624 3626/3626/3626
f 3626/3626/3626 3604/3604/3604 3611/3611/3611
f 3625/3625/3625 3628/3628/3628 3610/3610/3610
f 3610/3610/3610 3604/3604/3604 3625/3625/3625
f 3629/3629/3629 3630/3630/3630 3631/3631/3631
f 3631/3631/3631 3632/3632/3632 3629/3629/3629
f 3633/3633/3633 3634/3634/3634 3635/3635/3635
f 3635/3635/3635 3603/3603/3603 3633/3633/3633
f 3636/3636/3636 3637/3637/3637 3607/3607/3607
f 3607/3607/3607 3606/3606/3606 3636/3636/3636
f 3638/3638/3638 3639/3639/3639 3640/3640/3640
f 3640/3640/3640 3605/3605/3605 3638/3638/3638
f 3637/3637/3637 3638/3638/3638 3605/3605/3605
f 3605/3605/3605 3607/3607/3607 3637/3637/3637
f 3608/3608/3608 3609/3609/3609 3641/3641/3641
f 3641/3641/3641 3642/3642/3642 3608/3608/3608
f 3642/3642/3642 3633/3633/3633 3603/3603/3603
f 3603/3603/3603 3608/3608/3608 3642/3642/3642
f 3643/3643/3643 3604/3604/3604 3610/3610/3610
f 3610/3610/3610 3644/3644/3644 3643/3643/3643
f 3645/3645/3645 3611/3611/3611 3604/3604/3604
f 3604/3604/3604 3643/3643/3643 3645/3645/3645
f 3612/3612/3612 3611/3611/3611 3645/3645/3645
f 3645/3645/3645 3646/3646/3646 3612/3612/3612
f 3622/3622/3622 3621/3621/3621 3613/3613/3613
f 3613/3613/3613 3614/3614/3614 3622/3622/3622
f 3619/3619/3619 3618/3618/3618 3615/3615/3615
f 3615/3615/3615 3616/3616/3616 3619/3619/3619
f 3621/3621/3621 3616/3616/3616 3615/3615/3615
f 3615/3615/3615 3613/3613/3613 3621/3621/3621
f 3619/3619/3619 3616/3616/3616 3620/3620/3620
f 3620/3620/3620 3617/3617/3617 3619/3619/3619
