# Exported by CF Rez Manager
# Coordinates centered and scaled by 0.14558244492287073 for Blender import.
mtllib PV-M4A1_S_BornBeast_Classic.mtl
o PV-M4A1_S_BornBeast_Classic

g PV-M4A1_S_BornBeast_Classic_Fview-hand2
usemtl Fview-hand2
v -1.7606642113895485 2.1093818551380328 -0.72991510070631638
v -1.6952995851513428 2.0897118088401081 -0.78301294770704022
v -1.6059237185693367 2.1321721520112109 -0.85687712075409528
v -1.6720230767664388 2.0783018047119848 -0.83229624447192407
v -1.6616470010014865 2.1365050157627681 -0.86887106115916968
v -1.6059352421431441 2.0828640292337797 -0.85126418579703333
v -1.6048792385000288 2.0443677954523998 -0.7649291369629968
v -1.7364501283790914 2.1708408228849847 -0.65293808974434331
v -1.6045579668158099 2.047255353139688 -0.68285630219883908
v -1.7647582733706406 2.2001670686804999 -0.70759454565880597
v -1.6058090381842181 2.1198030533305441 -0.64733112917023794
v -1.7654982811826057 2.2015746107438581 -0.76116568353767233
v -1.6068785091364817 2.1781376053550834 -0.80696664827831333
v -1.7610814202966696 2.1984018793143982 -0.81516468181978052
v -1.6692259027725072 2.1725238200138097 -0.85031382069874506
v -1.676394815224816 2.1937649598202138 -0.72821644522738926
v -1.6783584044339379 2.190475604270294 -0.80393867306741795
v -1.60659638983556 2.163365216763514 -0.68295646259894538
v -1.6072181074682015 2.1858284107464501 -0.74559869767418185
v -1.7553008902307861 2.1770899320062864 -0.87347132735835264
v -1.7186507885086366 2.1314415851994735 -0.6393999405540941
v -1.7587415794608263 2.113031634755469 -0.79339108001340253
v -1.7577702671432829 2.1190119530467588 -0.84061380038208278
v -1.7539195885945313 2.131528775613341 -0.87625151102283061
v -1.661262696756924 2.1088789830376697 -0.86986816267954092
v -1.745870164032751 2.1395547365127907 -0.64385039812443423
v -1.6051235938000397 2.077514314222404 -0.64198621492483299
v -1.6054391731164741 2.0601459282446961 -0.81668339860273198
v -1.6063545336238447 2.1624158408876761 -0.83749833972606291
v -1.5440301871354338 2.0810516348665393 -0.84558443493762458
v -1.5440179693704335 2.1332631428904638 -0.85089222080093008
v -1.5429121227996454 2.0402876172951721 -0.76394310779215735
v -1.5435048232404105 2.0569951332569416 -0.81288369971973184
v -1.5444741918226128 2.1652878486922362 -0.83256703110161667
v -1.5447303483729085 2.1662930375400085 -0.68314382751367786
v -1.5438966247498598 2.1201656988098785 -0.64633738363041626
v -1.5453887193005515 2.190079082260731 -0.7456634787285934
v -1.5450292671007058 2.1819353865349123 -0.80369511608727928
v -1.5425719691149711 2.0433448353100814 -0.68633208279369606
v -1.5431707784382365 2.0696918901808044 -0.65013038790709687
v -1.54397534603117 2.1154757431085325 -0.75709912888261133
v -1.6059237185693367 2.1321721520112109 -0.85687712075409528
v -1.6059352421431441 2.0828640292337797 -0.85126418579703333
v -1.8056359994594564 2.1347836992800775 -0.82076028802918199
v -1.6048792385000288 2.0443677954523998 -0.7649291369629968
v -1.8157049650405315 2.139506420805743 -0.76818858154987901
v -1.6054391731164741 2.0601459282446961 -0.81668339860273198
v -1.819148986388299 2.1369437445968784 -0.64888245558449043
v -1.8163795800420957 2.1752467155500677 -0.64768227276923973
v -1.6058090381842181 2.1198030533305441 -0.64733112917023794
v -1.793867792675635 2.1313666125506066 -0.87599644782366437
v -1.8053915053212068 2.1772023909795872 -0.87720057451263145
v -1.5440179693704335 2.1332631428904638 -0.85089222080093008
v -1.5440301871354338 2.0810516348665393 -0.84558443493762458
v -1.5435048232404105 2.0569951332569416 -0.81288369971973184
v -1.5429121227996454 2.0402876172951721 -0.76394310779215735
v -1.6063545336238447 2.1624158408876761 -0.83749833972606291
v -1.5444741918226128 2.1652878486922362 -0.83256703110161667
v -1.5438966247498598 2.1201656988098785 -0.64633738363041626
v -1.5447303483729085 2.1662930375400085 -0.68314382751367786
v -1.5453887193005515 2.190079082260731 -0.7456634787285934
v -1.5450292671007058 2.1819353865349123 -0.80369511608727928
v -1.5425719691149711 2.0433448353100814 -0.68633208279369606
v -1.5431707784382365 2.0696918901808044 -0.65013038790709687
v -1.5438966247498598 2.1201656988098785 -0.64633738363041626
v -1.5444741918226128 2.1652878486922362 -0.83256703110161667
v -1.7606642113895485 2.1093818551380328 -0.72991510070631638
v -1.6977128714154281 2.0643607794934069 -0.73791121572315288
v -1.6952995851513428 2.0897118088401081 -0.78301294770704022
v -1.7417279251828499 2.0667407445802177 -0.6673222182862224
v -1.6389239018358117 2.0221164686216326 -0.733298870597208
v -1.7309372784373107 2.0348807009294756 -0.67637963028960668
v -1.7364501283790914 2.1708408228849847 -0.65293808974434331
v -1.6661847899932802 2.1369323598613099 -0.6446580895777374
v -1.7604193007365831 2.1075358619170412 -0.64826445838277513
v -1.7647582733706406 2.2001670686804999 -0.70759454565880597
v -1.676394815224816 2.1937649598202138 -0.72821644522738926
v -1.6685261580497486 2.1673154423293726 -0.66774819244183137
v -1.7423708850660038 2.0775579094293377 -0.63138431876472845
v -1.6634527311332716 2.0961958322611935 -0.62611015778734425
v -1.7186507885086366 2.1314415851994735 -0.6393999405540941
v -1.773953946430654 2.098767949470286 -0.67528965452938927
v -1.745870164032751 2.1395547365127907 -0.64385039812443423
v -1.7086722066209179 2.007283546558015 -0.66396523332865143
v -1.819148986388299 2.1369437445968784 -0.64888245558449043
v -1.7423708850660038 2.0775579094293377 -0.63138431876472845
v -1.819148986388299 2.1369437445968784 -0.64888245558449043
v -1.7604193007365831 2.1075358619170412 -0.64826445838277513
v -1.7606642113895485 2.1093818551380328 -0.72991510070631638
v -1.8239087777236822 2.1868036105346751 -0.70619273067279154
v -1.7647582733706406 2.2001670686804999 -0.70759454565880597
v -1.7654982811826057 2.2015746107438581 -0.76116568353767233
v -1.8282384481957508 2.20990823718014 -0.73979053879880863
v -1.84867002223263 2.2038801585347567 -0.74089652854653021
v -1.8164742677208501 2.1378012095587349 -0.70595965381032288
v -1.8128496178246085 2.1321177274216629 -0.7390269588571392
v -1.8157049650405315 2.139506420805743 -0.76818858154987901
v -1.8239087777236822 2.1868036105346751 -0.70619273067279154
v -1.8282384481957508 2.20990823718014 -0.73979053879880863
v -1.8290514849212416 2.1915471577961374 -0.76705012534778982
v -1.8290514849212416 2.1915471577961374 -0.76705012534778982
v -1.6977128714154281 2.0643607794934069 -0.73791121572315288
v -1.6952995851513428 2.0897118088401081 -0.78301294770704022
v -1.6389239018358117 2.0221164686216326 -0.733298870597208
v -1.6661847899932802 2.1369323598613099 -0.6446580895777374
v -1.676394815224816 2.1937649598202138 -0.72821644522738926
v -1.6685261580497486 2.1673154423293726 -0.66774819244183137
v -1.60659638983556 2.163365216763514 -0.68295646259894538
v -1.6634527311332716 2.0961958322611935 -0.62611015778734425
v -1.6348787109147218 2.0648680944174069 -0.62631717427855027
v -1.6048792385000288 2.0443677954523998 -0.7649291369629968
v -1.6045579668158099 2.047255353139688 -0.68285630219883908
v -1.6058090381842181 2.1198030533305441 -0.64733112917023794
v -1.6045579668158099 2.047255353139688 -0.68285630219883908
v -1.6051235938000397 2.077514314222404 -0.64198621492483299
v -1.7417279251828499 2.0667407445802177 -0.6673222182862224
v -1.6389239018358117 2.0221164686216326 -0.733298870597208
v -1.7309372784373107 2.0348807009294756 -0.67637963028960668
v -1.6917283879769787 2.0061742290312607 -0.62424277046151677
v -1.7423708850660038 2.0775579094293377 -0.63138431876472845
v -1.7078713876604277 2.0745709435631814 -0.61198691171924313
v -1.6634527311332716 2.0961958322611935 -0.62611015778734425
v -1.6952094791344638 2.0401440585564155 -0.60155491017628748
v -1.6348787109147218 2.0648680944174069 -0.62631717427855027
v -1.7186507885086366 2.1314415851994735 -0.6393999405540941
v -1.7086722066209179 2.007283546558015 -0.66396523332865143
v -1.7581447138729018 2.0589369248625964 -0.6363143214419924
v -1.7528340124065851 2.0291988848512674 -0.65187723110157036
v -1.7423708850660038 2.0775579094293377 -0.63138431876472845
v -1.7367555725041051 2.0029534595712306 -0.63993597763871324
v -1.7289395350214829 2.0013856981804787 -0.61895754581199081
v -1.6917283879769787 2.0061742290312607 -0.62424277046151677
v -1.7496056068434294 2.0628449436039076 -0.61718522797007391
v -1.7289395350214829 2.0013856981804787 -0.61895754581199081
v -1.7274881200747134 2.0130722680799784 -0.60423406298998328
v -1.7303597113645577 2.0307419330355407 -0.59811218175961733
v -1.739882070800097 2.0524129160287821 -0.59923272782892167
v -1.7496056068434294 2.0628449436039076 -0.61718522797007391
v -1.7606642113895485 2.1093818551380328 -0.72991510070631638
v -1.8163795800420957 2.1752467155500677 -0.64768227276923973
v -1.7364501283790914 2.1708408228849847 -0.65293808974434331
v -1.7647582733706406 2.2001670686804999 -0.70759454565880597
v -1.8225258100285637 2.2003192353900523 -0.67747397355642791
v -1.773953946430654 2.098767949470286 -0.67528965452938927
v -1.8436889227448505 2.1941090009755699 -0.67628703982752758
v -1.8164742677208501 2.1378012095587349 -0.70595965381032288
v -1.819148986388299 2.1369437445968784 -0.64888245558449043
v -1.8173050757408871 2.1223340744209982 -0.67840744818303844
v -1.8163795800420957 2.1752467155500677 -0.64768227276923973
v -1.8225258100285637 2.2003192353900523 -0.67747397355642791
v -1.8239087777236822 2.1868036105346751 -0.70619273067279154
v -1.8239087777236822 2.1868036105346751 -0.70619273067279154
v -1.6389239018358117 2.0221164686216326 -0.733298870597208
v -1.6917283879769787 2.0061742290312607 -0.62424277046151677
v -1.6348787109147218 2.0648680944174069 -0.62631717427855027
v -1.6045579668158099 2.047255353139688 -0.68285630219883908
v -1.6917283879769787 2.0061742290312607 -0.62424277046151677
v -1.6045579668158099 2.047255353139688 -0.68285630219883908
v -1.8290514849212416 2.1915471577961374 -0.76705012534778982
v -1.7654982811826057 2.2015746107438581 -0.76116568353767233
v -1.7610814202966696 2.1984018793143982 -0.81516468181978052
v -1.8274068071462819 2.2045154823147852 -0.79716559711086876
v -1.7587415794608263 2.113031634755469 -0.79339108001340253
v -1.8431997956301127 2.1986420694672497 -0.79905161913153899
v -1.8056359994594564 2.1347836992800775 -0.82076028802918199
v -1.8157049650405315 2.139506420805743 -0.76818858154987901
v -1.8290514849212416 2.1915471577961374 -0.76705012534778982
v -1.8274068071462819 2.2045154823147852 -0.79716559711086876
v -1.816793179155012 2.1819153938285476 -0.82180280700836916
v -1.8117763982399013 2.1280128360579567 -0.79667410974607411
v -1.816793179155012 2.1819153938285476 -0.82180280700836916
v -1.816793179155012 2.1819153938285476 -0.82180280700836916
v -1.8053915053212068 2.1772023909795872 -0.87720057451263145
v -1.7610814202966696 2.1984018793143982 -0.81516468181978052
v -1.7553008902307861 2.1770899320062864 -0.87347132735835264
v -1.8135629686947539 2.1938843607054461 -0.85041893860017737
v -1.7577702671432829 2.1190119530467588 -0.84061380038208278
v -1.827908985055452 2.1847476938968562 -0.85383399482040812
v -1.8056359994594564 2.1347836992800775 -0.82076028802918199
v -1.793867792675635 2.1313666125506066 -0.87599644782366437
v -1.8053915053212068 2.1772023909795872 -0.87720057451263145
v -1.8135629686947539 2.1938843607054461 -0.85041893860017737
v -1.816793179155012 2.1819153938285476 -0.82180280700836916
v -1.8000748338106283 2.1224798545715728 -0.84626050774069461
v -1.776875380648171 1.9936038149045625 -0.62947573119158384
v -1.7916051459004771 2.013886415511378 -0.6363416899297849
v -1.8329345127795971 1.9988241326775231 -0.63013507398689739
v -1.7920270753077119 2.0432534797490547 -0.62664793902733629
v -1.8464917891065666 1.9708573909147959 -0.60454939933950025
v -1.8153342669433559 1.9756772992075113 -0.620167191320944
v -1.8590680344392878 1.9878897883549891 -0.61387977586186149
v -1.8357657021419964 2.0284094506263455 -0.61667146574536691
v -1.8597557002352845 2.0110929901498897 -0.60177095983039519
v -1.8680805798625315 1.9985756122303531 -0.5965298423538079
v -1.7685599420211515 1.9899668084050819 -0.61080041748658365
v -1.7844416481394749 1.9822246328654176 -0.608409371372851
v -1.8186858220241875 1.9748148360690636 -0.60387258895828744
v -1.8429197589027706 1.9704045005803439 -0.59431436587022879
v -1.8674045764785809 1.9990795950366256 -0.58534750690488835
v -1.8586438836202348 2.010806983378286 -0.59033225089643226
v -1.7891935256952556 2.0458150452520099 -0.60764695420143022
v -1.8064443156848335 2.0408962841333809 -0.60511309126577895
v -1.7872550662073281 1.9955300566274896 -0.59286859122690427
v -1.7992023743189984 2.0268239179410474 -0.59220007643045036
v -1.7825835759917215 2.033212698330424 -0.5897487571663671
v -1.7714379198699735 2.0028668245103174 -0.59137214930386506
v -1.8190953948281829 1.9850927531992959 -0.59382594162407421
v -1.8360464330605315 2.0244295136774175 -0.59980734458910356
v -1.82974817520275 2.014031362632521 -0.59115596081151878
v -1.8490926458310579 1.9905218836831748 -0.58105937509834371
v -1.823276091870188 1.9981590975144252 -0.58776709295405194
v -1.7919943094833921 2.008723021416261 -0.58960506826676196
v -1.7755562785428278 2.0149043774771056 -0.58763402517970298
v -1.8593301610338451 1.9764511835497049 -0.59872755622023077
v -1.8581614207409518 1.9745296623268918 -0.58750780386599699
v -1.8653840635916157 1.9846193148055247 -0.58298893158421838
v -1.8666655405342865 1.9847389933672346 -0.59725600972885817
v -1.8597557002352845 2.0110929901498897 -0.60177095983039519
v -1.7920270753077119 2.0432534797490547 -0.62664793902733629
v -1.8357657021419964 2.0284094506263455 -0.61667146574536691
v -1.8597557002352845 2.0110929901498897 -0.60177095983039519
v -1.8586438836202348 2.010806983378286 -0.59033225089643226
v -1.8581614207409518 1.9745296623268918 -0.58750780386599699
v -1.8674045764785809 1.9990795950366256 -0.58534750690488835
v -1.8653840635916157 1.9846193148055247 -0.58298893158421838
v -1.7528340124065851 2.0291988848512674 -0.65187723110157036
v -1.7289395350214829 2.0013856981804787 -0.61895754581199081
v -1.739882070800097 2.0524129160287821 -0.59923272782892167
v -1.7496056068434294 2.0628449436039076 -0.61718522797007391
v -1.7581447138729018 2.0589369248625964 -0.6363143214419924
v -1.7274881200747134 2.0130722680799784 -0.60423406298998328
v -1.7303597113645577 2.0307419330355407 -0.59811218175961733
v -1.7367555725041051 2.0029534595712306 -0.63993597763871324
v -1.776875380648171 1.9936038149045625 -0.62947573119158384
v -1.7916051459004771 2.013886415511378 -0.6363416899297849
v -1.7920270753077119 2.0432534797490547 -0.62664793902733629
v -1.7685599420211515 1.9899668084050819 -0.61080041748658365
v -1.7891935256952556 2.0458150452520099 -0.60764695420143022
v -1.7825835759917215 2.033212698330424 -0.5897487571663671
v -1.7714379198699735 2.0028668245103174 -0.59137214930386506
v -1.7755562785428278 2.0149043774771056 -0.58763402517970298
v -1.7920270753077119 2.0432534797490547 -0.62664793902733629
v -1.7581447138729018 2.0589369248625964 -0.6363143214419924
v -2.0381425665081441 2.1309192757457001 -0.64931294306752907
v -2.0391844086509181 2.1321868688645069 -0.68540355814348741
v -2.0529024596582359 2.1409656106938764 -0.6673354664912754
v -2.0416186594890382 2.1461984239083147 -0.68458523905688573
v -2.0391696917976221 2.145628076423971 -0.64892511146396592
v -2.0474976258661193 2.1492914621887942 -0.67837789494201051
v -2.0411432773599261 2.1247393080672423 -0.66748905629277377
v -2.0150690396281354 2.1619093589931082 -0.68130031683970727
v -2.0195558749863474 2.1204458743754593 -0.66946373629088096
v -2.0135340440617036 2.1520196335781208 -0.68787787791421462
v -2.0111758765783594 2.1510733121435326 -0.64855605990152665
v -2.0117492785039532 2.1341061686755016 -0.68947549928833829
v -2.0111932313581895 2.1328319113212402 -0.6481928308677205
v -2.0142794665649753 2.1609666473527249 -0.65808734186324613
v -2.0456360827623996 2.1497201946697224 -0.65541430227074571
v -2.0160552076372138 2.1675225889814271 -0.67068226148140164
v -2.0502900793599372 2.1546817179658531 -0.66752909160049478
v -2.0480843562626228 2.1364591991440158 -0.65567970024130084
v -2.0483235745478039 2.1363350777586696 -0.67908717260804419
v -2.0391696917976221 2.145628076423971 -0.64892511146396592
v -2.0416186594890382 2.1461984239083147 -0.68458523905688573
v -2.0456360827623996 2.1497201946697224 -0.65541430227074571
v -2.0474976258661193 2.1492914621887942 -0.67837789494201051
v -2.0135340440617036 2.1520196335781208 -0.68787787791421462
v -2.0416186594890382 2.1461984239083147 -0.68458523905688573
v -2.0502900793599372 2.1546817179658531 -0.66752909160049478
v -1.9794985440496708 2.1402383759998669 -0.64647015420416065
v -1.9034051929203606 2.1412149641704787 -0.64978593891441461
v -1.9818011762375578 2.1413712960271902 -0.69287688753477894
v -1.907078852714843 2.1461503858777444 -0.69918584895302083
v -1.9873058347232584 2.1658695809121489 -0.64781431661157873
v -1.9895301621445509 2.1644301060539024 -0.69134390403813328
v -1.9121936534264352 2.1717635418190029 -0.69681809512316806
v -1.9748960564386695 2.1676930823384803 -0.6484349343850484
v -1.9780193614551729 2.1677094652506401 -0.69148351781849959
v -1.8948147157425901 2.1733213068565727 -0.6473753860281527
v -1.8983123286504737 2.1739649609309195 -0.69726561632261008
v -1.9072275484684291 2.170501502229742 -0.64771779583420497
v -1.896413576898798 2.1895767655133218 -0.67600708485746863
v -1.9096584671888219 2.1896425748384387 -0.67599296335447123
v -1.977271162187128 2.1803615162616601 -0.67303356352231225
v -1.9882210563923901 2.1768591828536628 -0.67215963212841801
v -1.9793946930471662 2.1276321416075987 -0.67027433955083748
v -1.9027244690362961 2.130159552903848 -0.6780549930863754
v -2.0150690396281354 2.1619093589931082 -0.68130031683970727
v -2.0195558749863474 2.1204458743754593 -0.66946373629088096
v -2.0135340440617036 2.1520196335781208 -0.68787787791421462
v -2.0111758765783594 2.1510733121435326 -0.64855605990152665
v -2.0117492785039532 2.1341061686755016 -0.68947549928833829
v -2.0111932313581895 2.1328319113212402 -0.6481928308677205
v -2.0142794665649753 2.1609666473527249 -0.65808734186324613
v -2.0160552076372138 2.1675225889814271 -0.67068226148140164
v -1.9895301621445509 2.1644301060539024 -0.69134390403813328
v -1.9780193614551729 2.1677094652506401 -0.69148351781849959
v -1.9121936534264352 2.1717635418190029 -0.69681809512316806
v -1.8983123286504737 2.1739649609309195 -0.69726561632261008
v -2.0135340440617036 2.1520196335781208 -0.68787787791421462
v -1.819148986388299 2.1369437445968784 -0.64888245558449043
v -1.8163795800420957 2.1752467155500677 -0.64768227276923973
v -1.8173050757408871 2.1223340744209982 -0.67840744818303844
v -1.9034051929203606 2.1412149641704787 -0.64978593891441461
v -1.907078852714843 2.1461503858777444 -0.69918584895302083
v -1.8948147157425901 2.1733213068565727 -0.6473753860281527
v -1.8983123286504737 2.1739649609309195 -0.69726561632261008
v -1.896413576898798 2.1895767655133218 -0.67600708485746863
v -1.9027244690362961 2.130159552903848 -0.6780549930863754
v -1.8436889227448505 2.1941090009755699 -0.67628703982752758
v -1.8983123286504737 2.1739649609309195 -0.69726561632261008
v -1.8239087777236822 2.1868036105346751 -0.70619273067279154
v -1.8164742677208501 2.1378012095587349 -0.70595965381032288
v -1.8239087777236822 2.1868036105346751 -0.70619273067279154
v -2.061742706827324 2.1449885874967838 -0.71855733880417694
v -2.0607880550984179 2.1462561806155902 -0.75814674148967875
v -2.076075950070067 2.1550346447684827 -0.73894586864838196
v -2.0659314564871702 2.1573229766177895 -0.75735593623715047
v -2.0653985953272604 2.1567526291334458 -0.71817707822331478
v -2.0697279881228514 2.1633602185869227 -0.75069859496859481
v -2.0638372204954858 2.1388083421418482 -0.73860316814976756
v -2.0319839799184369 2.1759911661856695 -0.75142563442133148
v -2.0373188392382779 2.1345274038915432 -0.73880290864952969
v -2.0300084506207918 2.166101440770682 -0.75862774656745591
v -2.0297842268653841 2.1651551193360938 -0.71580612460593085
v -2.028857898137161 2.1475437664407613 -0.76025419314620402
v -2.0306185058413875 2.1462697867629772 -0.71538713683387722
v -2.0324738012243682 2.1750484545452862 -0.72625908638422654
v -2.0690889157103798 2.1637892287443283 -0.72545678359006061
v -2.03360894266351 2.1802912641129071 -0.73997193529629002
v -2.0732453160606221 2.1687510297169368 -0.73893305648217222
v -2.0717228159356678 2.1505282332186222 -0.72596544784819239
v -2.0706498740274379 2.1504041118332755 -0.75162319255752996
v -2.0653985953272604 2.1567526291334458 -0.71817707822331478
v -2.0659314564871702 2.1573229766177895 -0.75735593623715047
v -2.0690889157103798 2.1637892287443283 -0.72545678359006061
v -2.0697279881228514 2.1633602185869227 -0.75069859496859481
v -2.0300084506207918 2.166101440770682 -0.75862774656745591
v -2.0653985953272604 2.1567526291334458 -0.71817707822331478
v -2.0297842268653841 2.1651551193360938 -0.71580612460593085
v -2.0659314564871702 2.1573229766177895 -0.75735593623715047
v -2.0732453160606221 2.1687510297169368 -0.73893305648217222
v -1.999249116526008 2.1547308667023328 -0.71263548225809292
v -1.9195945645755159 2.155046584857006 -0.71267537221953292
v -1.9991717836270841 2.1558637867296562 -0.7626545500993156
v -1.9203030561073089 2.1599820065642721 -0.7647427900145688
v -2.0073774012073371 2.17686556941264 -0.71576230378685923
v -2.0072674413223326 2.1759425728021444 -0.75888440640636656
v -1.9257509297534048 2.1876013750539154 -0.76254288944588733
v -1.9944700266754536 2.1786890708389719 -0.71499508368012044
v -1.9952552957532159 2.1792222096753591 -0.75943572437462625
v -1.9107906930249521 2.1891588624150078 -0.70985500356235776
v -1.911289816492872 2.189802794165832 -0.76241492397680843
v -1.9236819623211532 2.1863393354646545 -0.71072675150801468
v -1.9101106633320808 2.2036455219114508 -0.73986725994174352
v -1.9243539393961833 2.2037110535600899 -0.73914444203920049
v -1.9955492163044222 2.1944308280127434 -0.74046866380459353
v -2.0069825452566379 2.1909282169282687 -0.7400447255815934
v -1.9979014137435047 2.1422479206659792 -0.73766299898462973
v -1.9170300834695491 2.1464613835323041 -0.74095578210356594
v -2.0319839799184369 2.1759911661856695 -0.75142563442133148
v -2.0373188392382779 2.1345274038915432 -0.73880290864952969
v -2.0300084506207918 2.166101440770682 -0.75862774656745591
v -2.0297842268653841 2.1651551193360938 -0.71580612460593085
v -2.028857898137161 2.1475437664407613 -0.76025419314620402
v -2.0306185058413875 2.1462697867629772 -0.71538713683387722
v -2.0324738012243682 2.1750484545452862 -0.72625908638422654
v -2.03360894266351 2.1802912641129071 -0.73997193529629002
v -1.9944700266754536 2.1786890708389719 -0.71499508368012044
v -1.9236819623211532 2.1863393354646545 -0.71072675150801468
v -2.0073774012073371 2.17686556941264 -0.71576230378685923
v -2.0072674413223326 2.1759425728021444 -0.75888440640636656
v -1.9952552957532159 2.1792222096753591 -0.75943572437462625
v -1.9257509297534048 2.1876013750539154 -0.76254288944588733
v -1.9107906930249521 2.1891588624150078 -0.70985500356235776
v -1.911289816492872 2.189802794165832 -0.76241492397680843
v -2.0300084506207918 2.166101440770682 -0.75862774656745591
v -2.0297842268653841 2.1651551193360938 -0.71580612460593085
v -1.8164742677208501 2.1378012095587349 -0.70595965381032288
v -1.8239087777236822 2.1868036105346751 -0.70619273067279154
v -1.8128496178246085 2.1321177274216629 -0.7390269588571392
v -1.9195945645755159 2.155046584857006 -0.71267537221953292
v -1.9203030561073089 2.1599820065642721 -0.7647427900145688
v -1.9107906930249521 2.1891588624150078 -0.70985500356235776
v -1.911289816492872 2.189802794165832 -0.76241492397680843
v -1.9101106633320808 2.2036455219114508 -0.73986725994174352
v -1.9170300834695491 2.1464613835323041 -0.74095578210356594
v -1.84867002223263 2.2038801585347567 -0.74089652854653021
v -1.9107906930249521 2.1891588624150078 -0.70985500356235776
v -1.911289816492872 2.189802794165832 -0.76241492397680843
v -1.8290514849212416 2.1915471577961374 -0.76705012534778982
v -1.8157049650405315 2.139506420805743 -0.76818858154987901
v -1.8239087777236822 2.1868036105346751 -0.70619273067279154
v -1.8290514849212416 2.1915471577961374 -0.76705012534778982
v -2.0482690111200172 2.1403197352077115 -0.79679931580515995
v -2.0430414737586471 2.1415873283265179 -0.83353180066716404
v -2.0597474624997916 2.1503663478323647 -0.81692055166911326
v -2.0455916545260342 2.1555991610468035 -0.83300581200006663
v -2.0493526435726226 2.1550285358859824 -0.79653435170410058
v -2.0525120465311728 2.1586919216508051 -0.82712427711557079
v -2.0480864388362021 2.1341397675292533 -0.81560798363837639
v -2.0199514251282404 2.1713100961315965 -0.82505832941500967
v -2.0264429458142121 2.1298460561609933 -0.81419146915384577
v -2.0172685150047114 2.1614203707166091 -0.83134079442314568
v -2.0217777033193447 2.160473771605544 -0.79306352589888507
v -2.0163756462920008 2.1426166750278139 -0.83259453842764763
v -2.0212473412477299 2.1439725692663973 -0.79264264645583005
v -2.0231953805741241 2.1703673844912132 -0.80104551846363459
v -2.0546525156563256 2.1591206541317334 -0.8036026758525131
v -2.0227683141520592 2.1769233261199155 -0.81494995112893998
v -2.0571563244520052 2.1640821774278645 -0.81647041206726434
v -2.0570012421394419 2.1458596586060272 -0.8044978614283308
v -2.0531791642678505 2.1457355372206806 -0.82826710672217729
v -2.0493526435726226 2.1550285358859824 -0.79653435170410058
v -2.0455916545260342 2.1555991610468035 -0.83300581200006663
v -2.0546525156563256 2.1591206541317334 -0.8036026758525131
v -2.0525120465311728 2.1586919216508051 -0.82712427711557079
v -2.0172685150047114 2.1614203707166091 -0.83134079442314568
v -2.0455916545260342 2.1555991610468035 -0.83300581200006663
v -2.0571563244520052 2.1640821774278645 -0.81647041206726434
v -1.990394013665385 2.1512574116479728 -0.78844753626917585
v -1.9075396568288976 2.1516705942461734 -0.77955230915758511
v -1.9851947993046981 2.1523906093517735 -0.83172338054450501
v -1.9020658204321756 2.1566054606004847 -0.82774417249633003
v -1.9982247680013032 2.1758448306821401 -0.79092695292180448
v -1.9930522105824358 2.1747893823919791 -0.82916476535412076
v -1.9075210525049195 2.1817387915889945 -0.82592105287515483
v -1.9859767362647331 2.1776683321084715 -0.78955076226820953
v -1.981503923568624 2.1773076303644783 -0.82803795420929771
v -1.898412431020535 2.1832965566265639 -0.77658417322754481
v -1.8937123401277682 2.1839402107009112 -0.8245040871663486
v -1.9116662069578321 2.1804767519997332 -0.77787184582661506
v -1.8951225201176607 2.1989772249753332 -0.80218105906271231
v -1.9088182181685571 2.1990430343004497 -0.80268666454089899
v -1.9840554927183971 2.1897622534001484 -0.81203495553474014
v -1.9950291282624673 2.1862593646391963 -0.81261786787968093
v -1.9865978985444199 2.1387764093469603 -0.80958043431377813
v -1.9016141796418713 2.1418644494508485 -0.80393620001129218
v -2.0199514251282404 2.1713100961315965 -0.82505832941500967
v -2.0264429458142121 2.1298460561609933 -0.81419146915384577
v -2.0172685150047114 2.1614203707166091 -0.83134079442314568
v -2.0217777033193447 2.160473771605544 -0.79306352589888507
v -2.0163756462920008 2.1426166750278139 -0.83259453842764763
v -2.0212473412477299 2.1439725692663973 -0.79264264645583005
v -2.0231953805741241 2.1703673844912132 -0.80104551846363459
v -2.0227683141520592 2.1769233261199155 -0.81494995112893998
v -1.9930522105824358 2.1747893823919791 -0.82916476535412076
v -1.981503923568624 2.1773076303644783 -0.82803795420929771
v -1.9075210525049195 2.1817387915889945 -0.82592105287515483
v -1.8937123401277682 2.1839402107009112 -0.8245040871663486
v -2.0172685150047114 2.1614203707166091 -0.83134079442314568
v -1.8157049650405315 2.139506420805743 -0.76818858154987901
v -1.8290514849212416 2.1915471577961374 -0.76705012534778982
v -1.8117763982399013 2.1280128360579567 -0.79667410974607411
v -1.9075396568288976 2.1516705942461734 -0.77955230915758511
v -1.9020658204321756 2.1566054606004847 -0.82774417249633003
v -1.898412431020535 2.1832965566265639 -0.77658417322754481
v -1.8937123401277682 2.1839402107009112 -0.8245040871663486
v -1.8951225201176607 2.1989772249753332 -0.80218105906271231
v -1.9016141796418713 2.1418644494508485 -0.80393620001129218
v -1.8431997956301127 2.1986420694672497 -0.79905161913153899
v -1.8937123401277682 2.1839402107009112 -0.8245040871663486
v -1.816793179155012 2.1819153938285476 -0.82180280700836916
v -1.8056359994594564 2.1347836992800775 -0.82076028802918199
v -1.816793179155012 2.1819153938285476 -0.82180280700836916
v -1.9878457766333393 2.134439380448244 -0.86960756330560884
v -1.9797184638196805 2.1355328704157928 -0.89579799128836335
v -1.9952158656934416 2.1431053856278357 -0.88718446696297837
v -1.9838141918596364 2.1476192944425829 -0.89740261423147483
v -1.9888032051270184 2.1471272517248337 -0.86948222708567424
v -1.9888855362025335 2.1498823577324568 -0.89458602023891287
v -1.9856975325668229 2.1291088251138013 -0.88377855671171812
v -1.9623724307983939 2.1611712949164841 -0.88941115463432785
v -1.9680478603176248 2.1254051762597719 -0.8808865735555732
v -1.9593461737107019 2.1526402405048528 -0.89631262992945171
v -1.9658382497496283 2.1518241493381116 -0.86335670135154396
v -1.9563654555652845 2.1348073017806466 -0.89478896703424859
v -1.9665089772805107 2.1364772481150394 -0.86351653887378121
v -1.9665534055168763 2.1603579805145161 -0.87118495659916662
v -1.9929655755215228 2.1502522228002006 -0.87529227763204909
v -1.9648111244601507 2.166013139650905 -0.88254024110648521
v -1.9937509834375238 2.1545320503445966 -0.88676970507981345
v -1.9941779110213496 2.1392179149458439 -0.87600781520445314
v -1.9891822335185128 2.1391110095020891 -0.89411768415041182
v -1.9888032051270184 2.1471272517248337 -0.86948222708567424
v -1.9838141918596364 2.1476192944425829 -0.89740261423147483
v -1.9929655755215228 2.1502522228002006 -0.87529227763204909
v -1.9888855362025335 2.1498823577324568 -0.89458602023891287
v -1.9593461737107019 2.1526402405048528 -0.89631262992945171
v -1.9888032051270184 2.1471272517248337 -0.86948222708567424
v -1.9658382497496283 2.1518241493381116 -0.86335670135154396
v -1.9838141918596364 2.1476192944425829 -0.89740261423147483
v -1.9937509834375238 2.1545320503445966 -0.88676970507981345
v -1.9400409943039298 2.1425186552313322 -0.85651810242374538
v -1.8824227087525476 2.1415317930310609 -0.84267409042441921
v -1.9307527161387419 2.142214599488705 -0.8923945627706189
v -1.8733131154004927 2.1457888511043195 -0.88185498762488501
v -1.9465436220489931 2.1619365712878822 -0.85873081949733154
v -1.9375305212727949 2.1628454063980365 -0.89235030808205151
v -1.8757634714742955 2.1700919294257464 -0.88662644137231417
v -1.9362294681384753 2.1665807103704759 -0.85574361066425764
v -1.9276688411820133 2.1656740966721402 -0.89175823241336027
v -1.8734334881533958 2.1714356058993292 -0.83813569401533139
v -1.8640559370007608 2.1719909588538995 -0.88410029697499248
v -1.8837194579014693 2.1690034376347889 -0.84109904002613856
v -1.8675671560560314 2.1850367551097101 -0.8627372398402805
v -1.8792656660440543 2.1850936787875535 -0.86442848048952514
v -1.9319056288724299 2.1770879882709457 -0.87643319821287413
v -1.9412602717156888 2.1740665905216061 -0.8778949913179821
v -1.9343312717397543 2.1305094252652275 -0.87429036883766476
v -1.8753708369354143 2.1310886583968442 -0.86217326156013452
v -1.9623724307983939 2.1611712949164841 -0.88941115463432785
v -1.9680478603176248 2.1254051762597719 -0.8808865735555732
v -1.9593461737107019 2.1526402405048528 -0.89631262992945171
v -1.9658382497496283 2.1518241493381116 -0.86335670135154396
v -1.9563654555652845 2.1348073017806466 -0.89478896703424859
v -1.9665089772805107 2.1364772481150394 -0.86351653887378121
v -1.9665534055168763 2.1603579805145161 -0.87118495659916662
v -1.9648111244601507 2.166013139650905 -0.88254024110648521
v -1.9362294681384753 2.1665807103704759 -0.85574361066425764
v -1.8837194579014693 2.1690034376347889 -0.84109904002613856
v -1.9465436220489931 2.1619365712878822 -0.85873081949733154
v -1.9375305212727949 2.1628454063980365 -0.89235030808205151
v -1.9276688411820133 2.1656740966721402 -0.89175823241336027
v -1.8757634714742955 2.1700919294257464 -0.88662644137231417
v -1.8734334881533958 2.1714356058993292 -0.83813569401533139
v -1.8640559370007608 2.1719909588538995 -0.88410029697499248
v -1.9593461737107019 2.1526402405048528 -0.89631262992945171
v -1.9658382497496283 2.1518241493381116 -0.86335670135154396
v -1.8056359994594564 2.1347836992800775 -0.82076028802918199
v -1.793867792675635 2.1313666125506066 -0.87599644782366437
v -1.816793179155012 2.1819153938285476 -0.82180280700836916
v -1.8053915053212068 2.1772023909795872 -0.87720057451263145
v -1.8000748338106283 2.1224798545715728 -0.84626050774069461
v -1.8824227087525476 2.1415317930310609 -0.84267409042441921
v -1.8733131154004927 2.1457888511043195 -0.88185498762488501
v -1.8734334881533958 2.1714356058993292 -0.83813569401533139
v -1.8640559370007608 2.1719909588538995 -0.88410029697499248
v -1.8675671560560314 2.1850367551097101 -0.8627372398402805
v -1.8753708369354143 2.1310886583968442 -0.86217326156013452
v -1.827908985055452 2.1847476938968562 -0.85383399482040812
v -1.8734334881533958 2.1714356058993292 -0.83813569401533139
v -1.8640559370007608 2.1719909588538995 -0.88410029697499248
v -1.8053915053212068 2.1772023909795872 -0.87720057451263145
v -1.816793179155012 2.1819153938285476 -0.82180280700836916
v 1.7606642113895485 2.1093818551380328 -0.72991510070631638
v 1.6952995851513428 2.0897120865165855 -0.78301294770704022
v 1.6059237185693367 2.1321721520112109 -0.85687712075409528
v 1.6720230767664388 2.0783020823884621 -0.83229624447192407
v 1.6616470010014865 2.1365052934392454 -0.86887106115916968
v 1.6059352421431441 2.082864584586734 -0.85126418579703333
v 1.6048792385000288 2.0443683508053545 -0.76492927580123549
v 1.7364501283790914 2.1708408228849847 -0.65293808974434331
v 1.6045579668158099 2.047255353139688 -0.68285630219883908
v 1.7647582733706406 2.2001673463569773 -0.70759454565880597
v 1.6058090381842181 2.1198033310070215 -0.64733112917023794
v 1.7654982811826057 2.2015746107438581 -0.76116568353767233
v 1.6068785091364817 2.1781376053550834 -0.80696664827831333
v 1.7610812814584309 2.198402434667353 -0.81516468181978052
v 1.6692259027725072 2.1725238200138097 -0.85031382069874506
v 1.676394815224816 2.1937649598202138 -0.72821644522738926
v 1.6783584044339379 2.190475604270294 -0.80393867306741795
v 1.60659638983556 2.1633654944399914 -0.68295646259894538
v 1.6072181074682015 2.1858284107464501 -0.74559869767418185
v 1.7553008902307861 2.1770902096827638 -0.87347132735835264
v 1.7186507885086366 2.1314418628759508 -0.6393999405540941
v 1.7587415794608263 2.1130319124319463 -0.79339108001340253
v 1.7577702671432829 2.1190125083997136 -0.84061380038208278
v 1.7539195885945313 2.131528775613341 -0.87625151102283061
v 1.661262696756924 2.108879538390624 -0.86986816267954092
v 1.745870164032751 2.1395547365127907 -0.64385039812443423
v 1.6051235938000397 2.0775148695753587 -0.64198621492483299
v 1.6054391731164741 2.060146205921173 -0.81668339860273198
v 1.6063545336238447 2.1624158408876761 -0.83749833972606291
v 1.5440301871354338 2.0810516348665393 -0.84558443493762458
v 1.5440179693704335 2.1332631428904638 -0.85089222080093008
v 1.5429121227996454 2.0402881726481263 -0.76394310779215735
v 1.5435048232404105 2.0569951332569416 -0.81288369971973184
v 1.5444740529843741 2.1652878486922362 -0.83256703110161667
v 1.5447302095346698 2.1662933152164858 -0.68314382751367786
v 1.5438966247498598 2.1201659764863559 -0.64633738363041626
v 1.5453887193005515 2.190079082260731 -0.7456634787285934
v 1.5450292671007058 2.1819356642113896 -0.80369511608727928
v 1.5425719691149711 2.0433453906630357 -0.68633208279369606
v 1.5431707784382365 2.0696921678572817 -0.65013038790709687
v 1.54397534603117 2.1154757431085325 -0.75709912888261133
v 1.6059352421431441 2.082864584586734 -0.85126418579703333
v 1.6059237185693367 2.1321721520112109 -0.85687712075409528
v 1.8056359994594564 2.1347839769565549 -0.82076028802918199
v 1.6048792385000288 2.0443683508053545 -0.76492927580123549
v 1.8157048262022928 2.139506420805743 -0.7681887203881177
v 1.6054391731164741 2.060146205921173 -0.81668339860273198
v 1.819148986388299 2.1369440222733558 -0.64888245558449043
v 1.8163795800420957 2.175246993226545 -0.64768227276923973
v 1.6058090381842181 2.1198033310070215 -0.64733112917023794
v 1.793867792675635 2.1313666125506066 -0.87599644782366437
v 1.8053915053212068 2.1772023909795872 -0.87720057451263145
v 1.5440179693704335 2.1332631428904638 -0.85089222080093008
v 1.5440301871354338 2.0810516348665393 -0.84558443493762458
v 1.5435048232404105 2.0569951332569416 -0.81288369971973184
v 1.5429121227996454 2.0402881726481263 -0.76394310779215735
v 1.5444740529843741 2.1652878486922362 -0.83256703110161667
v 1.6063545336238447 2.1624158408876761 -0.83749833972606291
v 1.5438966247498598 2.1201659764863559 -0.64633738363041626
v 1.5447302095346698 2.1662933152164858 -0.68314382751367786
v 1.5453887193005515 2.190079082260731 -0.7456634787285934
v 1.5450292671007058 2.1819356642113896 -0.80369511608727928
v 1.5425719691149711 2.0433453906630357 -0.68633208279369606
v 1.5431707784382365 2.0696921678572817 -0.65013038790709687
v 1.5438966247498598 2.1201659764863559 -0.64633738363041626
v 1.5444740529843741 2.1652878486922362 -0.83256703110161667
v 1.7606642113895485 2.1093818551380328 -0.72991510070631638
v 1.6977128714154281 2.0643613348463616 -0.73791121572315288
v 1.6952995851513428 2.0897120865165855 -0.78301294770704022
v 1.7417279251828499 2.0667407445802177 -0.6673222182862224
v 1.6389239018358117 2.0221167462981096 -0.733298870597208
v 1.7309372784373107 2.034880978605953 -0.67637963028960668
v 1.7364501283790914 2.1708408228849847 -0.65293808974434331
v 1.6661846511550416 2.1369323598613099 -0.6446580895777374
v 1.7604193007365831 2.1075358619170412 -0.64826445838277513
v 1.7647582733706406 2.2001673463569773 -0.70759454565880597
v 1.676394815224816 2.1937649598202138 -0.72821644522738926
v 1.6685261580497486 2.1673157200058495 -0.66774819244183137
v 1.7471827407408778 2.0775581871058151 -0.63138431876472845
v 1.6634527311332716 2.0961961099376709 -0.62611015778734425
v 1.7186507885086366 2.1314418628759508 -0.6393999405540941
v 1.773953946430654 2.0987685048232403 -0.67528965452938927
v 1.745870164032751 2.1395547365127907 -0.64385039812443423
v 1.7100029711383069 2.0072977080583563 -0.66411576543487838
v 1.819148986388299 2.1369440222733558 -0.64888245558449043
v 1.7471827407408778 2.0775581871058151 -0.63138431876472845
v 1.819148986388299 2.1369440222733558 -0.64888245558449043
v 1.7604193007365831 2.1075358619170412 -0.64826445838277513
v 1.7606642113895485 2.1093818551380328 -0.72991510070631638
v 1.8239087777236822 2.1868036105346751 -0.70619273067279154
v 1.7647582733706406 2.2001673463569773 -0.70759454565880597
v 1.7654982811826057 2.2015746107438581 -0.76116568353767233
v 1.8282384481957508 2.20990823718014 -0.73979068631443712
v 1.84867002223263 2.2038801585347567 -0.74089667606215881
v 1.8164742677208501 2.1378012095587349 -0.70595965381032288
v 1.8128496178246085 2.1321177274216629 -0.7390269588571392
v 1.8157048262022928 2.139506420805743 -0.7681887203881177
v 1.8239087777236822 2.1868036105346751 -0.70619273067279154
v 1.8282384481957508 2.20990823718014 -0.73979068631443712
v 1.8290514849212416 2.1915471577961374 -0.76705012534778982
v 1.8290514849212416 2.1915471577961374 -0.76705012534778982
v 1.6977128714154281 2.0643613348463616 -0.73791121572315288
v 1.6952995851513428 2.0897120865165855 -0.78301294770704022
v 1.6389239018358117 2.0221167462981096 -0.733298870597208
v 1.6661846511550416 2.1369323598613099 -0.6446580895777374
v 1.676394815224816 2.1937649598202138 -0.72821644522738926
v 1.6685261580497486 2.1673157200058495 -0.66774819244183137
v 1.60659638983556 2.1633654944399914 -0.68295646259894538
v 1.6634527311332716 2.0961961099376709 -0.62611015778734425
v 1.6348787109147218 2.0648683720938843 -0.62631717427855027
v 1.6048792385000288 2.0443683508053545 -0.76492927580123549
v 1.6045579668158099 2.047255353139688 -0.68285630219883908
v 1.6058090381842181 2.1198033310070215 -0.64733112917023794
v 1.6045579668158099 2.047255353139688 -0.68285630219883908
v 1.6051235938000397 2.0775148695753587 -0.64198621492483299
v 1.7417279251828499 2.0667407445802177 -0.6673222182862224
v 1.6389239018358117 2.0221167462981096 -0.733298870597208
v 1.7309372784373107 2.034880978605953 -0.67637963028960668
v 1.6917283879769787 2.0061742290312607 -0.62424277046151677
v 1.7471827407408778 2.0775581871058151 -0.63138431876472845
v 1.7078713876604277 2.0745712212396588 -0.61198691171924313
v 1.6634527311332716 2.0961961099376709 -0.62611015778734425
v 1.6952094791344638 2.0401443362328928 -0.60155491017628748
v 1.6348787109147218 2.0648683720938843 -0.62631717427855027
v 1.7186507885086366 2.1314418628759508 -0.6393999405540941
v 1.7100029711383069 2.0072977080583563 -0.66411576543487838
v 1.7581447138729018 2.0589369248625964 -0.6363143214419924
v 1.7528340124065851 2.0291988848512674 -0.65187723110157036
v 1.7471827407408778 2.0775581871058151 -0.63138431876472845
v 1.7367555725041051 2.0029534595712306 -0.63993583012308475
v 1.7289395350214829 2.0013856981804787 -0.61895740263505716
v 1.6917283879769787 2.0061742290312607 -0.62424277046151677
v 1.7496056068434294 2.0628452212803849 -0.61718522797007391
v 1.7289395350214829 2.0013856981804787 -0.61895740263505716
v 1.7274881200747134 2.0130725457564553 -0.60423406298998328
v 1.7303597113645577 2.0307419330355407 -0.59811218175961733
v 1.739882070800097 2.0524129160287821 -0.59923272782892167
v 1.7496056068434294 2.0628452212803849 -0.61718522797007391
v 1.7606642113895485 2.1093818551380328 -0.72991510070631638
v 1.8163795800420957 2.175246993226545 -0.64768227276923973
v 1.7364501283790914 2.1708408228849847 -0.65293808974434331
v 1.7647582733706406 2.2001673463569773 -0.70759454565880597
v 1.8225258100285637 2.2003192353900523 -0.67747397355642791
v 1.773953946430654 2.0987685048232403 -0.67528965452938927
v 1.8436889227448505 2.1941092786520473 -0.67628703982752758
v 1.8164742677208501 2.1378012095587349 -0.70595965381032288
v 1.819148986388299 2.1369440222733558 -0.64888245558449043
v 1.8173050757408871 2.1223340744209982 -0.67840744818303844
v 1.8163795800420957 2.175246993226545 -0.64768227276923973
v 1.8225258100285637 2.2003192353900523 -0.67747397355642791
v 1.8239087777236822 2.1868036105346751 -0.70619273067279154
v 1.8239087777236822 2.1868036105346751 -0.70619273067279154
v 1.6389239018358117 2.0221167462981096 -0.733298870597208
v 1.6917283879769787 2.0061742290312607 -0.62424277046151677
v 1.6348787109147218 2.0648683720938843 -0.62631717427855027
v 1.6045579668158099 2.047255353139688 -0.68285630219883908
v 1.6917283879769787 2.0061742290312607 -0.62424277046151677
v 1.6045579668158099 2.047255353139688 -0.68285630219883908
v 1.8290514849212416 2.1915471577961374 -0.76705012534778982
v 1.7654982811826057 2.2015746107438581 -0.76116568353767233
v 1.7610812814584309 2.198402434667353 -0.81516468181978052
v 1.8274068071462819 2.2045154823147852 -0.79716559711086876
v 1.7587415794608263 2.1130319124319463 -0.79339108001340253
v 1.8431997956301127 2.1986420694672497 -0.79905161913153899
v 1.8056359994594564 2.1347839769565549 -0.82076028802918199
v 1.8157048262022928 2.139506420805743 -0.7681887203881177
v 1.8290514849212416 2.1915471577961374 -0.76705012534778982
v 1.8274068071462819 2.2045154823147852 -0.79716559711086876
v 1.816793179155012 2.1819153938285476 -0.82180280700836916
v 1.8117763982399013 2.128013113734434 -0.79667410974607411
v 1.816793179155012 2.1819153938285476 -0.82180280700836916
v 1.816793179155012 2.1819153938285476 -0.82180280700836916
v 1.8053915053212068 2.1772023909795872 -0.87720057451263145
v 1.7610812814584309 2.198402434667353 -0.81516468181978052
v 1.7553008902307861 2.1770902096827638 -0.87347132735835264
v 1.8135629686947539 2.1938846383819235 -0.85041893860017737
v 1.7577702671432829 2.1190125083997136 -0.84061380038208278
v 1.827908985055452 2.1847479715733336 -0.85383399482040812
v 1.8056359994594564 2.1347839769565549 -0.82076028802918199
v 1.793867792675635 2.1313666125506066 -0.87599644782366437
v 1.8053915053212068 2.1772023909795872 -0.87720057451263145
v 1.8135629686947539 2.1938846383819235 -0.85041893860017737
v 1.816793179155012 2.1819153938285476 -0.82180280700836916
v 1.8000748338106283 2.1224798545715728 -0.84626066393371302
v 1.776875380648171 1.9936038149045625 -0.62947573119158384
v 1.7916051459004771 2.0138866931878554 -0.6363416899297849
v 1.8329345127795971 1.9988241326775231 -0.63013507398689739
v 1.7920270753077119 2.0432537574255316 -0.62664793902733629
v 1.8490739026688412 1.969635336738264 -0.60454939933950025
v 1.8153342669433559 1.9756772992075113 -0.620167191320944
v 1.861650286839801 1.9866677341784571 -0.61387977586186149
v 1.8357657021419964 2.0284094506263455 -0.61667146574536691
v 1.8623379526357977 2.0098709359733578 -0.60177095983039519
v 1.8706628322630448 1.9973532803773437 -0.5965298423538079
v 1.7685599420211515 1.9899668084050819 -0.61080041748658365
v 1.7844416481394749 1.982224910541895 -0.608409371372851
v 1.8186858220241875 1.9748148360690636 -0.60387258895828744
v 1.8455018724650452 1.9691824464038119 -0.59431436587022879
v 1.8699866900408555 1.9978575408600936 -0.58534750690488835
v 1.861226136020748 2.009584929201754 -0.59033225089643226
v 1.7891935256952556 2.0458153229284872 -0.60764695420143022
v 1.8064443156848335 2.0408962841333809 -0.60511309126577895
v 1.7872550662073281 1.995530334303967 -0.59286859122690427
v 1.7992022354807597 2.0268239179410474 -0.59220007643045036
v 1.7825835759917215 2.0332129760069013 -0.5897487571663671
v 1.7714379198699735 2.0028671021867948 -0.59137214930386506
v 1.8190953948281829 1.985093030875773 -0.59382594162407421
v 1.8360464330605315 2.0244295136774175 -0.59980734458910356
v 1.82974817520275 2.0140316403089984 -0.59115596081151878
v 1.8516748982315712 1.9892995518301657 -0.58105937509834371
v 1.823276091870188 1.9981593751909026 -0.58776709295405194
v 1.7919943094833921 2.0087232990927384 -0.58960506826676196
v 1.7755562785428278 2.014904655153583 -0.58763402517970298
v 1.8619125522725968 1.9752288516966958 -0.59872755622023077
v 1.860743673141465 1.97330760815036 -0.58750780386599699
v 1.8679663159921287 1.9833972606289927 -0.58298893158421838
v 1.8692479317730384 1.9835166615142255 -0.59725600972885817
v 1.8623379526357977 2.0098709359733578 -0.60177095983039519
v 1.7920270753077119 2.0432537574255316 -0.62664793902733629
v 1.8357657021419964 2.0284094506263455 -0.61667146574536691
v 1.8623379526357977 2.0098709359733578 -0.60177095983039519
v 1.861226136020748 2.009584929201754 -0.59033225089643226
v 1.860743673141465 1.97330760815036 -0.58750780386599699
v 1.8699866900408555 1.9978575408600936 -0.58534750690488835
v 1.8679663159921287 1.9833972606289927 -0.58298893158421838
v 1.7528340124065851 2.0291988848512674 -0.65187723110157036
v 1.7289395350214829 2.0013856981804787 -0.61895740263505716
v 1.739882070800097 2.0524129160287821 -0.59923272782892167
v 1.7496056068434294 2.0628452212803849 -0.61718522797007391
v 1.7581447138729018 2.0589369248625964 -0.6363143214419924
v 1.7274881200747134 2.0130725457564553 -0.60423406298998328
v 1.7303597113645577 2.0307419330355407 -0.59811218175961733
v 1.7367555725041051 2.0029534595712306 -0.63993583012308475
v 1.776875380648171 1.9936038149045625 -0.62947573119158384
v 1.7916051459004771 2.0138866931878554 -0.6363416899297849
v 1.7920270753077119 2.0432537574255316 -0.62664793902733629
v 1.7685599420211515 1.9899668084050819 -0.61080041748658365
v 1.7891935256952556 2.0458153229284872 -0.60764695420143022
v 1.7825835759917215 2.0332129760069013 -0.5897487571663671
v 1.7714379198699735 2.0028671021867948 -0.59137214930386506
v 1.7755562785428278 2.014904655153583 -0.58763402517970298
v 1.7920270753077119 2.0432537574255316 -0.62664793902733629
v 1.7581447138729018 2.0589369248625964 -0.6363143214419924
v 2.0381424276699054 2.1309198310986548 -0.64931294306752907
v 2.0391844086509181 2.1321868688645069 -0.68540355814348741
v 2.0529024596582359 2.1409656106938764 -0.6673354664912754
v 2.0416186594890382 2.1461984239083147 -0.68458523905688573
v 2.0391696917976221 2.1456283541004484 -0.64892511146396592
v 2.0474976258661193 2.1492914621887942 -0.67837789494201051
v 2.0411432773599261 2.1247395857437192 -0.66748905629277377
v 2.0150690396281354 2.1619096366695851 -0.68130031683970727
v 2.0195558749863474 2.1204458743754593 -0.66946373629088096
v 2.0135339052234649 2.1520196335781208 -0.68787787791421462
v 2.0111758765783594 2.1510733121435326 -0.64855605990152665
v 2.0117492785039532 2.1341061686755016 -0.68947549928833829
v 2.0111932313581895 2.1328321889977175 -0.6481928308677205
v 2.0142794665649753 2.1609672027056797 -0.65808734186324613
v 2.0456360827623996 2.1497204723461998 -0.65541430227074571
v 2.0160552076372138 2.1675228666579045 -0.67068226148140164
v 2.0502900793599372 2.1546819956423304 -0.66752909160049478
v 2.0480843562626228 2.1364591991440158 -0.65567970024130084
v 2.0483235745478039 2.136335355435147 -0.67908717260804419
v 2.0391696917976221 2.1456283541004484 -0.64892511146396592
v 2.0416186594890382 2.1461984239083147 -0.68458523905688573
v 2.0456360827623996 2.1497204723461998 -0.65541430227074571
v 2.0474976258661193 2.1492914621887942 -0.67837789494201051
v 2.0135339052234649 2.1520196335781208 -0.68787787791421462
v 2.0416186594890382 2.1461984239083147 -0.68458523905688573
v 2.0502900793599372 2.1546819956423304 -0.66752909160049478
v 1.9794985440496708 2.1402386536763438 -0.64647015420416065
v 1.9034051929203606 2.1412152418469557 -0.64978593891441461
v 1.9818011762375578 2.1413715737036672 -0.69287688753477894
v 1.907078852714843 2.1461503858777444 -0.69918584895302083
v 1.9873058347232584 2.1658698585886258 -0.64781431661157873
v 1.9895301621445509 2.1644301060539024 -0.69134390403813328
v 1.9121936534264352 2.1717638194954803 -0.69681809512316806
v 1.9748960564386695 2.1676933600149573 -0.6484349343850484
v 1.9780193614551729 2.1677100206035944 -0.69148351781849959
v 1.8948147157425901 2.1733213068565727 -0.6473753860281527
v 1.8983123286504737 2.1739652386073969 -0.69726561632261008
v 1.9072275484684291 2.170501502229742 -0.64771779583420497
v 1.896413576898798 2.1895770431897992 -0.67600708485746863
v 1.9096584671888219 2.1896425748384387 -0.67599296335447123
v 1.977271162187128 2.1803620716146148 -0.67303356352231225
v 1.9882210563923901 2.1768591828536628 -0.67215963212841801
v 1.9793946930471662 2.1276321416075987 -0.67027433955083748
v 1.9027244690362961 2.1301598305803253 -0.6780549930863754
v 2.0150690396281354 2.1619096366695851 -0.68130031683970727
v 2.0195558749863474 2.1204458743754593 -0.66946373629088096
v 2.0135339052234649 2.1520196335781208 -0.68787787791421462
v 2.0111758765783594 2.1510733121435326 -0.64855605990152665
v 2.0117492785039532 2.1341061686755016 -0.68947549928833829
v 2.0111932313581895 2.1328321889977175 -0.6481928308677205
v 2.0142794665649753 2.1609672027056797 -0.65808734186324613
v 2.0160552076372138 2.1675228666579045 -0.67068226148140164
v 1.9895301621445509 2.1644301060539024 -0.69134390403813328
v 1.9780193614551729 2.1677100206035944 -0.69148351781849959
v 1.9121936534264352 2.1717638194954803 -0.69681809512316806
v 1.8983123286504737 2.1739652386073969 -0.69726561632261008
v 2.0135339052234649 2.1520196335781208 -0.68787787791421462
v 1.819148986388299 2.1369440222733558 -0.64888245558449043
v 1.8163795800420957 2.175246993226545 -0.64768227276923973
v 1.8173050757408871 2.1223340744209982 -0.67840744818303844
v 1.9034051929203606 2.1412152418469557 -0.64978593891441461
v 1.907078852714843 2.1461503858777444 -0.69918584895302083
v 1.8948147157425901 2.1733213068565727 -0.6473753860281527
v 1.8983123286504737 2.1739652386073969 -0.69726561632261008
v 1.896413576898798 2.1895770431897992 -0.67600708485746863
v 1.9027244690362961 2.1301598305803253 -0.6780549930863754
v 1.8436889227448505 2.1941092786520473 -0.67628703982752758
v 1.8983123286504737 2.1739652386073969 -0.69726561632261008
v 1.8239087777236822 2.1868036105346751 -0.70619273067279154
v 1.8164742677208501 2.1378012095587349 -0.70595965381032288
v 1.8239087777236822 2.1868036105346751 -0.70619273067279154
v 2.061742706827324 2.1449888651732607 -0.71855733880417694
v 2.0607880550984179 2.1462564582920676 -0.75814674148967875
v 2.076075950070067 2.1550349224449601 -0.73894586864838196
v 2.0659314564871702 2.1573235319707438 -0.75735593623715047
v 2.0653985953272604 2.1567529068099232 -0.71817707822331478
v 2.0697279881228514 2.1633604962634001 -0.75069859496859481
v 2.0638372204954858 2.1388083421418482 -0.73860316814976756
v 2.0319839799184369 2.1759917215386237 -0.75142563442133148
v 2.0373188392382779 2.1345276815680205 -0.73880290864952969
v 2.0300084506207918 2.1661017184471589 -0.75862774656745591
v 2.0297842268653841 2.1651551193360938 -0.71580612460593085
v 2.028857898137161 2.1475440441172386 -0.76025419314620402
v 2.0306185058413875 2.1462697867629772 -0.71538713683387722
v 2.0324738012243682 2.1750487322217635 -0.72625908638422654
v 2.0690889157103798 2.1637892287443283 -0.72545678359006061
v 2.03360894266351 2.1802912641129071 -0.73997193529629002
v 2.0732453160606221 2.1687510297169368 -0.73893305648217222
v 2.0717228159356678 2.1505282332186222 -0.72596544784819239
v 2.0706498740274379 2.1504041118332755 -0.75162319255752996
v 2.0653985953272604 2.1567529068099232 -0.71817707822331478
v 2.0659314564871702 2.1573235319707438 -0.75735593623715047
v 2.0690889157103798 2.1637892287443283 -0.72545678359006061
v 2.0697279881228514 2.1633604962634001 -0.75069859496859481
v 2.0300084506207918 2.1661017184471589 -0.75862774656745591
v 2.0297842268653841 2.1651551193360938 -0.71580612460593085
v 2.0653985953272604 2.1567529068099232 -0.71817707822331478
v 2.0659314564871702 2.1573235319707438 -0.75735593623715047
v 2.0732453160606221 2.1687510297169368 -0.73893305648217222
v 1.999249116526008 2.1547314220552871 -0.71263548225809292
v 1.9195945645755159 2.1550468625334833 -0.71267537221953292
v 1.9991717836270841 2.1558637867296562 -0.7626546976149442
v 1.9203030561073089 2.1599820065642721 -0.7647427900145688
v 2.0073772623690989 2.17686556941264 -0.71576230378685923
v 2.0072674413223326 2.1759428504786218 -0.75888455392199516
v 1.9257509297534048 2.1876013750539154 -0.76254288944588733
v 1.9944700266754536 2.1786890708389719 -0.71499508368012044
v 1.9952552957532159 2.1792222096753591 -0.75943587189025485
v 1.9107906930249521 2.1891588624150078 -0.70985500356235776
v 1.9112896776546333 2.189802794165832 -0.76241492397680843
v 1.9236819623211532 2.1863393354646545 -0.71072675150801468
v 1.9101106633320808 2.2036455219114508 -0.73986725994174352
v 1.9243539393961833 2.2037113312365673 -0.73914444203920049
v 1.9955492163044222 2.1944308280127434 -0.74046866380459353
v 2.0069825452566379 2.1909282169282687 -0.7400447255815934
v 1.9979014137435047 2.1422481983424566 -0.73766299898462973
v 1.9170300834695491 2.1464613835323041 -0.74095578210356594
v 2.0319839799184369 2.1759917215386237 -0.75142563442133148
v 2.0373188392382779 2.1345276815680205 -0.73880290864952969
v 2.0300084506207918 2.1661017184471589 -0.75862774656745591
v 2.0297842268653841 2.1651551193360938 -0.71580612460593085
v 2.028857898137161 2.1475440441172386 -0.76025419314620402
v 2.0306185058413875 2.1462697867629772 -0.71538713683387722
v 2.0324738012243682 2.1750487322217635 -0.72625908638422654
v 2.03360894266351 2.1802912641129071 -0.73997193529629002
v 1.9944700266754536 2.1786890708389719 -0.71499508368012044
v 1.9236819623211532 2.1863393354646545 -0.71072675150801468
v 2.0073772623690989 2.17686556941264 -0.71576230378685923
v 2.0072674413223326 2.1759428504786218 -0.75888455392199516
v 1.9952552957532159 2.1792222096753591 -0.75943587189025485
v 1.9257509297534048 2.1876013750539154 -0.76254288944588733
v 1.9107906930249521 2.1891588624150078 -0.70985500356235776
v 1.9112896776546333 2.189802794165832 -0.76241492397680843
v 2.0300084506207918 2.1661017184471589 -0.75862774656745591
v 2.0297842268653841 2.1651551193360938 -0.71580612460593085
v 1.8164742677208501 2.1378012095587349 -0.70595965381032288
v 1.8239087777236822 2.1868036105346751 -0.70619273067279154
v 1.8128496178246085 2.1321177274216629 -0.7390269588571392
v 1.9195945645755159 2.1550468625334833 -0.71267537221953292
v 1.9203030561073089 2.1599820065642721 -0.7647427900145688
v 1.9107906930249521 2.1891588624150078 -0.70985500356235776
v 1.9112896776546333 2.189802794165832 -0.76241492397680843
v 1.9101106633320808 2.2036455219114508 -0.73986725994174352
v 1.9170300834695491 2.1464613835323041 -0.74095578210356594
v 1.84867002223263 2.2038801585347567 -0.74089667606215881
v 1.9107906930249521 2.1891588624150078 -0.70985500356235776
v 1.9112896776546333 2.189802794165832 -0.76241492397680843
v 1.8290514849212416 2.1915471577961374 -0.76705012534778982
v 1.8157048262022928 2.139506420805743 -0.7681887203881177
v 1.8239087777236822 2.1868036105346751 -0.70619273067279154
v 1.8290514849212416 2.1915471577961374 -0.76705012534778982
v 2.0482690111200172 2.1403202905606658 -0.79679931580515995
v 2.0430414737586471 2.1415876060029952 -0.83353180066716404
v 2.0597474624997916 2.1503663478323647 -0.81692055166911326
v 2.0455916545260342 2.1555994387232804 -0.83300581200006663
v 2.0493526435726226 2.1550288135624598 -0.79653435170410058
v 2.0525120465311728 2.1586921993272825 -0.82712427711557079
v 2.0480864388362021 2.1341400452057306 -0.81560798363837639
v 2.0199514251282404 2.1713103738080739 -0.82505832941500967
v 2.0264429458142121 2.1298463338374702 -0.81419146915384577
v 2.0172685150047114 2.1614203707166091 -0.83134079442314568
v 2.0217777033193447 2.160473771605544 -0.79306352589888507
v 2.0163756462920008 2.1426169527042913 -0.83259469462066615
v 2.0212473412477299 2.1439725692663973 -0.79264264645583005
v 2.0231953805741241 2.1703676621676906 -0.80104551846363459
v 2.0546525156563256 2.1591212094846881 -0.8036026758525131
v 2.0227683141520592 2.1769236037963928 -0.81494995112893998
v 2.0571563244520052 2.1640824551043414 -0.81647041206726434
v 2.0570012421394419 2.1458599362825042 -0.8044978614283308
v 2.0531791642678505 2.1457360925736353 -0.82826710672217729
v 2.0493526435726226 2.1550288135624598 -0.79653435170410058
v 2.0455916545260342 2.1555994387232804 -0.83300581200006663
v 2.0546525156563256 2.1591212094846881 -0.8036026758525131
v 2.0525120465311728 2.1586921993272825 -0.82712427711557079
v 2.0172685150047114 2.1614203707166091 -0.83134079442314568
v 2.0455916545260342 2.1555994387232804 -0.83300581200006663
v 2.0571563244520052 2.1640824551043414 -0.81647041206726434
v 1.990394013665385 2.1512576893244502 -0.78844753626917585
v 1.9075396568288976 2.1516708719226503 -0.77955230915758511
v 1.9851946604664594 2.1523908870282509 -0.83172338054450501
v 1.9020658204321756 2.156606015953439 -0.82774417249633003
v 1.9982247680013032 2.1758453860350948 -0.79092695292180448
v 1.9930522105824358 2.1747896600684564 -0.82916476535412076
v 1.9075210525049195 2.1817387915889945 -0.82592105287515483
v 1.9859767362647331 2.1776683321084715 -0.78955076226820953
v 1.981503923568624 2.1773076303644783 -0.82803795420929771
v 1.8984121533440579 2.1832965566265639 -0.77658417322754481
v 1.8937123401277682 2.1839402107009112 -0.8245040871663486
v 1.9116662069578321 2.1804767519997332 -0.77787184582661506
v 1.8951223812794222 2.1989772249753332 -0.80218105906271231
v 1.9088182181685571 2.1990430343004497 -0.80268666454089899
v 1.9840554927183971 2.1897625310766258 -0.81203495553474014
v 1.9950289894242286 2.1862599199921511 -0.81261786787968093
v 1.9865978985444199 2.1387764093469603 -0.80958043431377813
v 1.9016140408036328 2.1418644494508485 -0.80393620001129218
v 2.0199514251282404 2.1713103738080739 -0.82505832941500967
v 2.0264429458142121 2.1298463338374702 -0.81419146915384577
v 2.0172685150047114 2.1614203707166091 -0.83134079442314568
v 2.0217777033193447 2.160473771605544 -0.79306352589888507
v 2.0163756462920008 2.1426169527042913 -0.83259469462066615
v 2.0212473412477299 2.1439725692663973 -0.79264264645583005
v 2.0231953805741241 2.1703676621676906 -0.80104551846363459
v 2.0227683141520592 2.1769236037963928 -0.81494995112893998
v 1.9930522105824358 2.1747896600684564 -0.82916476535412076
v 1.981503923568624 2.1773076303644783 -0.82803795420929771
v 1.9075210525049195 2.1817387915889945 -0.82592105287515483
v 1.8937123401277682 2.1839402107009112 -0.8245040871663486
v 2.0172685150047114 2.1614203707166091 -0.83134079442314568
v 1.8157048262022928 2.139506420805743 -0.7681887203881177
v 1.8290514849212416 2.1915471577961374 -0.76705012534778982
v 1.8117763982399013 2.128013113734434 -0.79667410974607411
v 1.9075396568288976 2.1516708719226503 -0.77955230915758511
v 1.9020658204321756 2.156606015953439 -0.82774417249633003
v 1.8984121533440579 2.1832965566265639 -0.77658417322754481
v 1.8937123401277682 2.1839402107009112 -0.8245040871663486
v 1.8951223812794222 2.1989772249753332 -0.80218105906271231
v 1.9016140408036328 2.1418644494508485 -0.80393620001129218
v 1.8431997956301127 2.1986420694672497 -0.79905161913153899
v 1.8937123401277682 2.1839402107009112 -0.8245040871663486
v 1.816793179155012 2.1819153938285476 -0.82180280700836916
v 1.8056359994594564 2.1347839769565549 -0.82076028802918199
v 1.816793179155012 2.1819153938285476 -0.82180280700836916
v 1.9878457766333393 2.1344396581247214 -0.86960756330560884
v 1.9797184638196805 2.1355328704157928 -0.89579799128836335
v 1.9952158656934416 2.1431056633043131 -0.88718446696297837
v 1.9838141918596364 2.1476192944425829 -0.89740261423147483
v 1.9888032051270184 2.147127529401311 -0.86948222708567424
v 1.9888855362025335 2.1498823577324568 -0.89458617643193128
v 1.9856975325668229 2.1291088251138013 -0.88377855671171812
v 1.9623724307983939 2.1611715725929614 -0.88941129347256653
v 1.9680478603176248 2.1254051762597719 -0.88088671239381189
v 1.9593461737107019 2.1526407958578075 -0.89631276876769028
v 1.9658382497496283 2.1518241493381116 -0.86335670135154396
v 1.9563654555652845 2.1348073017806466 -0.89478896703424859
v 1.9665089772805107 2.1364772481150394 -0.86351653887378121
v 1.9665534055168763 2.1603582581909935 -0.87118495659916662
v 1.9929655755215228 2.1502522228002006 -0.87529227763204909
v 1.964810985621912 2.1660136950038598 -0.88254024110648521
v 1.9937509834375238 2.154532328021074 -0.88676984391805214
v 1.9941779110213496 2.1392184702987982 -0.87600795404269183
v 1.9891822335185128 2.1391110095020891 -0.89411782298865039
v 1.9888032051270184 2.147127529401311 -0.86948222708567424
v 1.9838141918596364 2.1476192944425829 -0.89740261423147483
v 1.9929655755215228 2.1502522228002006 -0.87529227763204909
v 1.9888855362025335 2.1498823577324568 -0.89458617643193128
v 1.9593461737107019 2.1526407958578075 -0.89631276876769028
v 1.9658382497496283 2.1518241493381116 -0.86335670135154396
v 1.9888032051270184 2.147127529401311 -0.86948222708567424
v 1.9838141918596364 2.1476192944425829 -0.89740261423147483
v 1.9937509834375238 2.154532328021074 -0.88676984391805214
v 1.9400409943039298 2.142519210584287 -0.85651825861676389
v 1.8824227087525476 2.1415317930310609 -0.84267409042441921
v 1.9307527161387419 2.1422148771651823 -0.8923945627706189
v 1.8733131154004927 2.1457891287807964 -0.88185512646312358
v 1.9465436220489931 2.1619365712878822 -0.85873081949733154
v 1.9375305212727949 2.1628456840745134 -0.89235046427507003
v 1.8757634714742955 2.1700919294257464 -0.88662659756533269
v 1.9362294681384753 2.1665809880469533 -0.85574361066425764
v 1.9276688411820133 2.1656743743486171 -0.89175823241336027
v 1.8734332104769187 2.1714356058993292 -0.83813569401533139
v 1.8640559370007608 2.1719909588538995 -0.88410029697499248
v 1.8837194579014693 2.1690034376347889 -0.84109904002613856
v 1.8675671560560314 2.1850370327861874 -0.8627372398402805
v 1.8792656660440543 2.1850936787875535 -0.86442848048952514
v 1.9319056288724299 2.1770882659474227 -0.87643319821287413
v 1.9412602717156888 2.1740668681980835 -0.8778949913179821
v 1.9343312717397543 2.1305097029417044 -0.87429036883766476
v 1.8753708369354143 2.1310886583968442 -0.86217326156013452
v 1.9623724307983939 2.1611715725929614 -0.88941129347256653
v 1.9680478603176248 2.1254051762597719 -0.88088671239381189
v 1.9593461737107019 2.1526407958578075 -0.89631276876769028
v 1.9658382497496283 2.1518241493381116 -0.86335670135154396
v 1.9563654555652845 2.1348073017806466 -0.89478896703424859
v 1.9665089772805107 2.1364772481150394 -0.86351653887378121
v 1.9665534055168763 2.1603582581909935 -0.87118495659916662
v 1.964810985621912 2.1660136950038598 -0.88254024110648521
v 1.9362294681384753 2.1665809880469533 -0.85574361066425764
v 1.8837194579014693 2.1690034376347889 -0.84109904002613856
v 1.9465436220489931 2.1619365712878822 -0.85873081949733154
v 1.9375305212727949 2.1628456840745134 -0.89235046427507003
v 1.9276688411820133 2.1656743743486171 -0.89175823241336027
v 1.8757634714742955 2.1700919294257464 -0.88662659756533269
v 1.8734332104769187 2.1714356058993292 -0.83813569401533139
v 1.8640559370007608 2.1719909588538995 -0.88410029697499248
v 1.9593461737107019 2.1526407958578075 -0.89631276876769028
v 1.9658382497496283 2.1518241493381116 -0.86335670135154396
v 1.8056359994594564 2.1347839769565549 -0.82076028802918199
v 1.793867792675635 2.1313666125506066 -0.87599644782366437
v 1.816793179155012 2.1819153938285476 -0.82180280700836916
v 1.8053915053212068 2.1772023909795872 -0.87720057451263145
v 1.8000748338106283 2.1224798545715728 -0.84626066393371302
v 1.8824227087525476 2.1415317930310609 -0.84267409042441921
v 1.8733131154004927 2.1457891287807964 -0.88185512646312358
v 1.8734332104769187 2.1714356058993292 -0.83813569401533139
v 1.8640559370007608 2.1719909588538995 -0.88410029697499248
v 1.8675671560560314 2.1850370327861874 -0.8627372398402805
v 1.8753708369354143 2.1310886583968442 -0.86217326156013452
v 1.827908985055452 2.1847479715733336 -0.85383399482040812
v 1.8734332104769187 2.1714356058993292 -0.83813569401533139
v 1.8640559370007608 2.1719909588538995 -0.88410029697499248
v 1.8053915053212068 2.1772023909795872 -0.87720057451263145
v 1.816793179155012 2.1819153938285476 -0.82180280700836916
vt 0.29805201292037964 0.84307500720024109
vt 0.33257699012756348 0.73185500502586365
vt 0.5703129768371582 0.140625
vt 0.3710939884185791 0.6875
vt 0.4726560115814209 0.640625
vt 0.6289060115814209 0.1367189884185791
vt 0.7617189884185791 0.1367189884185791
vt 0.80414199829101562 0.50978699326515198
vt 0.8671879768371582 0.1367189884185791
vt 0.765919029712677 0.57451298832893372
vt 0.9882810115814209 0.1367189884185791
vt 0.71332699060440063 0.61543700098991394
vt 0.53061997890472412 0.50327599048614502
vt 0.66607898473739624 0.64797499775886536
vt 0.54133099317550659 0.6121470034122467
vt 0.6757810115814209 0.5117189884185791
vt 0.6054689884185791 0.57031199336051941
vt 0.68392997980117798 0.38314902782440186
vt 0.60437697172164917 0.44875597953796387
vt 0.58299797773361206 0.70635899901390076
vt 0.83845800161361694 0.4411119818687439
vt 0.38075798749923706 0.80145600438117981
vt 0.4335939884185791 0.7773440033197403
vt 0.48966699838638306 0.75306600332260132
vt 0.4375 0.65625
vt 0.8476560115814209 0.4726560115814209
vt 0.9296879768371582 0.1367189884185791
vt 0.6914060115814209 0.1367189884185791
vt 0.48499199748039246 0.53017398715019226
vt 0.4179689884185791 0.21875
vt 0.40625 0.2695310115814209
vt 0.5117189884185791 0.1835939884185791
vt 0.4570310115814209 0.1953120231628418
vt 0.4179689884185791 0.3085939884185791
vt 0.578125 0.3320310115814209
vt 0.625 0.2851560115814209
vt 0.5078129768371582 0.3476560115814209
vt 0.44531300663948059 0.328125
vt 0.578125 0.1953120231628418
vt 0.6171879768371582 0.2265620231628418
vt 0.5078129768371582 0.265625
vt 0.43961700797080994 0.55260100960731506
vt 0.36718800663948059 0.5898439884185791
vt 0.42707398533821106 0.83658400177955627
vt 0.25356701016426086 0.63857400417327881
vt 0.37036100029945374 0.87893500179052353
vt 0.31116101145744324 0.61079099774360657
vt 0.91536998748779297 0.52941599488258362
vt 0.87567198276519775 0.57641398906707764
vt 0.74806100130081177 0.32877099514007568
vt 0.50975102186203003 0.80336600542068481
vt 0.60470098257064819 0.75846700370311737
vt 0.56975102424621582 0.038558006286621094
vt 0.6328129768371582 0.039062023162841797
vt 0.6914060115814209 0.039062023162841797
vt 0.7617189884185791 0.039062023162841797
vt 0.5078129768371582 0.140625
vt 0.50861597061157227 0.039296984672546387
vt 0.68684899806976318 0.26745998859405518
vt 0.61437201499938965 0.31522399187088013
vt 0.54336100816726685 0.36840999126434326
vt 0.47279098629951477 0.42607098817825317
vt 0.8710939884185791 0.039062023162841797
vt 0.9257810115814209 0.039062023162841797
vt 0.9882810115814209 0.039062023162841797
vt 0.4306110143661499 0.46632301807403564
vt 0.29805201292037964 0.84307500720024109
vt 0.26724499464035034 0.76386800408363342
vt 0.33257699012756348 0.73185500502586365
vt 0.19497799873352051 0.86546500027179718
vt 0.21874900162220001 0.69022101163864136
vt 0.16670900583267212 0.80720700323581696
vt 0.80414199829101562 0.50978699326515198
vt 0.78171199560165405 0.3990669846534729
vt 0.21687799692153931 0.92857500165700912
vt 0.765919029712677 0.57451298832893372
vt 0.6757810115814209 0.5117189884185791
vt 0.7421879768371582 0.4414060115814209
vt 0.92494100332260132 0.41099601984024048
vt 0.82426100969314575 0.34064102172851562
vt 0.83845800161361694 0.4411119818687439
vt 0.24013000726699829 0.89906699955463409
vt 0.8476560115814209 0.4726560115814209
vt 0.12899200618267059 0.76137599349021912
vt 0.25840198993682861 0.96971499919891357
vt 0.18964399397373199 0.90284699946641922
vt 0.91536998748779297 0.52941599488258362
vt 0.9098619818687439 0.46736401319503784
vt 0.29805201292037964 0.84307500720024109
vt 0.024653999134898186 0.033626019954681396
vt 0.765919029712677 0.57451298832893372
vt 0.71332699060440063 0.61543700098991394
vt 0.027483999729156494 0.086260974407196045
vt 0.070785000920295715 0.086933016777038574
vt 0.30487200617790222 0.93151900172233582
vt 0.33577001094818115 0.89929699897766113
vt 0.37036100029945374 0.87893500179052353
vt 0.80934101343154907 0.63410499691963196
vt 0.77863001823425293 0.65760299563407898
vt 0.74997001886367798 0.67804399132728577
vt 0.038029000163078308 0.14453500509262085
vt 0.26724499464035034 0.76386800408363342
vt 0.33257699012756348 0.73185500502586365
vt 0.21874900162220001 0.69022101163864136
vt 0.78171199560165405 0.3990669846534729
vt 0.6757810115814209 0.5117189884185791
vt 0.7421879768371582 0.4414060115814209
vt 0.68392997980117798 0.38314902782440186
vt 0.82426100969314575 0.34064102172851562
vt 0.81703698635101318 0.27284902334213257
vt 0.25356701016426086 0.63857400417327881
vt 0.15231500566005707 0.67707398533821106
vt 0.74806100130081177 0.32877099514007568
vt 0.76625597476959229 0.20119297504425049
vt 0.76689499616622925 0.25590699911117554
vt 0.19497799873352051 0.86546500027179718
vt 0.21874900162220001 0.69022101163864136
vt 0.16670900583267212 0.80720700323581696
vt 0.8867189884185791 0.2304689884185791
vt 0.92494100332260132 0.41099601984024048
vt 0.88558399677276611 0.35246700048446655
vt 0.82426100969314575 0.34064102172851562
vt 0.88413399457931519 0.29361498355865479
vt 0.81703698635101318 0.27284902334213257
vt 0.83845800161361694 0.4411119818687439
vt 0.12899200618267059 0.76137599349021912
vt 0.1340319961309433 0.89974000304937363
vt 0.088416002690792084 0.85240200161933899
vt 0.18964399397373199 0.90284699946641922
vt 0.04792499914765358 0.80389000475406647
vt 0.020286999642848969 0.77654600143432617
vt 0.076636001467704773 0.73520499467849731
vt 0.95506399869918823 0.39450198411941528
vt 0.95250797271728516 0.22720897197723389
vt 0.95424997806549072 0.26518899202346802
vt 0.95357102155685425 0.29568397998809814
vt 0.9538000226020813 0.35740697383880615
vt 0.16469399631023407 0.92632800340652466
vt 0.29805201292037964 0.84307500720024109
vt 0.10071700066328049 0.20609897375106812
vt 0.80414199829101562 0.50978699326515198
vt 0.765919029712677 0.57451298832893372
vt 0.051336999982595444 0.20642197132110596
vt 0.24013000726699829 0.89906699955463409
vt 0.053043000400066376 0.24155300855636597
vt 0.30487200617790222 0.93151900172233582
vt 0.25840198993682861 0.96971499919891357
vt 0.27948400378227234 0.95146400108933449
vt 0.87567198276519775 0.57641398906707764
vt 0.83764398097991943 0.61146700382232666
vt 0.80934101343154907 0.63410499691963196
vt 0.0092369997873902321 0.20194101333618164
vt 0.21874900162220001 0.69022101163864136
vt 0.8867189884185791 0.2304689884185791
vt 0.81703698635101318 0.27284902334213257
vt 0.15231500566005707 0.67707398533821106
vt 0.076636001467704773 0.73520499467849731
vt 0.76625597476959229 0.20119297504425049
vt 0.098332002758979797 0.19580399990081787
vt 0.71332699060440063 0.61543700098991394
vt 0.66607898473739624 0.64797499775886536
vt 0.051336999982595444 0.20642197132110596
vt 0.38075798749923706 0.80145600438117981
vt 0.053043000400066376 0.24155300855636597
vt 0.42707398533821106 0.83658400177955627
vt 0.37036100029945374 0.87893500179052353
vt 0.74997001886367798 0.67804399132728577
vt 0.72259598970413208 0.6961120069026947
vt 0.69635802507400513 0.71260398626327515
vt 0.39191699028015137 0.85681900382041931
vt 0.0092369997873902321 0.20194101333618164
vt 0.37395301461219788 0.21404999494552612
vt 0.29153499007225037 0.21448302268981934
vt 0.66607898473739624 0.64797499775886536
vt 0.58299797773361206 0.70635899901390076
vt 0.32782799005508423 0.21834498643875122
vt 0.4335939884185791 0.7773440033197403
vt 0.32929900288581848 0.24863100051879883
vt 0.42707398533821106 0.83658400177955627
vt 0.50975102186203003 0.80336600542068481
vt 0.60470098257064819 0.75846700370311737
vt 0.66891700029373169 0.73041999340057373
vt 0.69635802507400513 0.71260398626327515
vt 0.45509299635887146 0.81188300251960754
vt 0.83639001846313477 0.75425499677658081
vt 0.88118797540664673 0.74227398633956909
vt 0.8990899920463562 0.78546099364757538
vt 0.91600900888442993 0.72192800045013428
vt 0.88863497972488403 0.84339100122451782
vt 0.86717802286148071 0.80473500490188599
vt 0.91150200366973877 0.82078999280929565
vt 0.94643700122833252 0.78034199774265289
vt 0.94714897871017456 0.8601280003786087
vt 0.91817998886108398 0.84978500008583069
vt 0.79361701011657715 0.76088300347328186
vt 0.80894798040390015 0.77937400341033936
vt 0.83876502513885498 0.81822599470615387
vt 0.86075997352600098 0.85671399533748627
vt 0.90880298614501953 0.88097299635410309
vt 0.78517502546310425 0.92218299955129623
vt 0.711372971534729 0.84404599666595459
vt 0.73206102848052979 0.86009800434112549
vt 0.78565698862075806 0.7974109947681427
vt 0.74821102619171143 0.82497300207614899
vt 0.72829502820968628 0.80328799784183502
vt 0.76354897022247314 0.77388499677181244
vt 0.81455802917480469 0.83623500168323517
vt 0.75502097606658936 0.88568700104951859
vt 0.77739799022674561 0.86775399744510651
vt 0.81554597616195679 0.88165900111198425
vt 0.79466098546981812 0.85166999697685242
vt 0.7664179801940918 0.81469200551509857
vt 0.74569100141525269 0.78800399601459503
vt 0.90164202451705933 0.84620599448680878
vt 0.88079899549484253 0.8678320050239563
vt 0.89519798755645752 0.87458899617195129
vt 0.90978097915649414 0.84796799719333649
vt 0.94770300388336182 0.83639200031757355
vt 0.69214498996734619 0.86588199436664581
vt 0.73221302032470703 0.91765300184488297
vt 0.76644998788833618 0.94183399900794029
vt 0.93524402379989624 0.88578099757432938
vt 0.85388100147247314 0.88924799859523773
vt 0.8167870044708252 0.92342700064182281
vt 0.83801901340484619 0.91066200286149979
vt 0.85024899244308472 0.66264700889587402
vt 0.76669102907180786 0.69574099779129028
vt 0.68645197153091431 0.75744399428367615
vt 0.66286599636077881 0.7890470027923584
vt 0.9005429744720459 0.64025399088859558
vt 0.72138500213623047 0.7255919873714447
vt 0.70486301183700562 0.74065700173377991
vt 0.80742901563644409 0.67902898788452148
vt 0.83639001846313477 0.75425499677658081
vt 0.88118797540664673 0.74227398633956909
vt 0.91600900888442993 0.72192800045013428
vt 0.79361701011657715 0.76088300347328186
vt 0.711372971534729 0.84404599666595459
vt 0.72829502820968628 0.80328799784183502
vt 0.76354897022247314 0.77388499677181244
vt 0.74569100141525269 0.78800399601459503
vt 0.69214498996734619 0.86588199436664581
vt 0.62346702814102173 0.8268049955368042
vt 0.14149700105190277 0.59706899523735046
vt 0.2229750007390976 0.59325098991394043
vt 0.177947998046875 0.62659698724746704
vt 0.2159229964017868 0.62608098983764648
vt 0.14357499778270721 0.63546600937843323
vt 0.041698001325130463 0.64563098549842834
vt 0.17960000038146973 0.59915700554847717
vt 0.04145900160074234 0.57536101341247559
vt 0.17871899902820587 0.55909198522567749
vt 0.26050299406051636 0.54883301258087158
vt 0.1078839972615242 0.57451000809669495
vt 0.22406500577926636 0.54209500551223755
vt 0.14169000089168549 0.54939699172973633
vt 0.086358003318309784 0.57793000340461731
vt 0.086390003561973572 0.64480799436569214
vt 0.063851997256278992 0.57940700650215149
vt 0.063468001782894135 0.65004101395606995
vt 0.16159699857234955 0.61335200071334839
vt 0.20169900357723236 0.60900801420211792
vt 0.10753499716520309 0.63408800959587097
vt 0.26096099615097046 0.60317999124526978
vt 0.16288599371910095 0.64545801281929016
vt 0.19220100343227386 0.64314800500869751
vt 0.021486999467015266 0.57364198565483093
vt 0.023104999214410782 0.6366020143032074
vt 0.16962200403213501 0.64894399046897888
vt 0.14185799658298492 0.50779500603675842
vt 0.13938300311565399 0.38215398788452148
vt 0.22495000064373016 0.50052899122238159
vt 0.22194500267505646 0.37833899259567261
vt 0.10562899708747864 0.52936100959777832
vt 0.020255999639630318 0.52574899792671204
vt 0.007224000059068203 0.39684700965881348
vt 0.10144700109958649 0.50508800148963928
vt 0.022157000377774239 0.50088700652122498
vt 0.086024999618530273 0.36827600002288818
vt 0.0062060002237558365 0.36854898929595947
vt 0.087577998638153076 0.38886398077011108
vt 0.048624999821186066 0.36213397979736328
vt 0.048227999359369278 0.39662402868270874
vt 0.067110002040863037 0.50669598579406738
vt 0.06630299985408783 0.52790799736976624
vt 0.18272300064563751 0.5017319917678833
vt 0.18345099687576294 0.38002097606658936
vt 0.04145900160074234 0.57536101341247559
vt 0.17871899902820587 0.55909198522567749
vt 0.26050299406051636 0.54883301258087158
vt 0.1078839972615242 0.57451000809669495
vt 0.22406500577926636 0.54209500551223755
vt 0.14169000089168549 0.54939699172973633
vt 0.086358003318309784 0.57793000340461731
vt 0.063851997256278992 0.57940700650215149
vt 0.26015499234199524 0.50749200582504272
vt 0.25847500562667847 0.4852060079574585
vt 0.26097100973129272 0.38772201538085938
vt 0.26083201169967651 0.36435598134994507
vt 0.021486999467015266 0.57364198565483093
vt 0.15078599750995636 0.20156502723693848
vt 0.10071700066328049 0.20609897375106812
vt 0.18598200380802155 0.19383800029754639
vt 0.13938300311565399 0.38215398788452148
vt 0.22194500267505646 0.37833899259567261
vt 0.086024999618530273 0.36827600002288818
vt 0.0062060002237558365 0.36854898929595947
vt 0.048624999821186066 0.36213397979736328
vt 0.18345099687576294 0.38002097606658936
vt 0.053043000400066376 0.24155300855636597
vt 0.26083201169967651 0.36435598134994507
vt 0.26207900047302246 0.20344597101211548
vt 0.22888700664043427 0.18604600429534912
vt 0.0092369997873902321 0.20194101333618164
vt 0.14149700105190277 0.59706899523735046
vt 0.2229750007390976 0.59325098991394043
vt 0.177947998046875 0.62659698724746704
vt 0.2159229964017868 0.62608098983764648
vt 0.14357499778270721 0.63546600937843323
vt 0.47256600856781006 0.1225770115852356
vt 0.17960000038146973 0.59915700554847717
vt 0.40237998962402344 0.11879497766494751
vt 0.17871899902820587 0.55909198522567749
vt 0.26050299406051636 0.54883301258087158
vt 0.1078839972615242 0.57451000809669495
vt 0.22406500577926636 0.54209500551223755
vt 0.14169000089168549 0.54939699172973633
vt 0.40981501340866089 0.072412014007568359
vt 0.48611798882484436 0.073702991008758545
vt 0.41011300683021545 0.094964027404785156
vt 0.48846399784088135 0.099386990070343018
vt 0.16159699857234955 0.61335200071334839
vt 0.20169900357723236 0.60900801420211792
vt 0.10753499716520309 0.63408800959587097
vt 0.26096099615097046 0.60317999124526978
vt 0.16288599371910095 0.64545801281929016
vt 0.19220100343227386 0.64314800500869751
vt 0.40717899799346924 0.13780999183654785
vt 0.47651898860931396 0.050346016883850098
vt 0.41340801119804382 0.040655016899108887
vt 0.4544689953327179 0.13264799118041992
vt 0.16962200403213501 0.64894399046897888
vt 0.14185799658298492 0.50779500603675842
vt 0.14023000001907349 0.38723301887512207
vt 0.22495000064373016 0.50052899122238159
vt 0.22388400137424469 0.38997197151184082
vt 0.10814899951219559 0.52936100959777832
vt 0.3657500147819519 0.1398090124130249
vt 0.23167599737644196 0.14586001634597778
vt 0.34529799222946167 0.034380018711090088
vt 0.3399290144443512 0.14190202951431274
vt 0.19247199594974518 0.033743023872375488
vt 0.18602299690246582 0.14410698413848877
vt 0.23537200689315796 0.031763970851898193
vt 0.1841370016336441 0.090249001979827881
vt 0.23150399327278137 0.090005993843078613
vt 0.34329399466514587 0.085385978221893311
vt 0.36443498730659485 0.087302029132843018
vt 0.18272300064563751 0.5017319917678833
vt 0.18538999557495117 0.39165300130844116
vt 0.40237998962402344 0.11879497766494751
vt 0.17871899902820587 0.55909198522567749
vt 0.26050299406051636 0.54883301258087158
vt 0.1078839972615242 0.57451000809669495
vt 0.22406500577926636 0.54209500551223755
vt 0.14169000089168549 0.54939699172973633
vt 0.40981501340866089 0.072412014007568359
vt 0.41011300683021545 0.094964027404785156
vt 0.10396800190210342 0.50508800148963928
vt 0.099597997963428497 0.39461600780487061
vt 0.37227600812911987 0.036516010761260986
vt 0.26015499234199524 0.50749200582504272
vt 0.25847500562667847 0.4852060079574585
vt 0.26291000843048096 0.39935398101806641
vt 0.098044000566005707 0.3706669807434082
vt 0.26277101039886475 0.37598800659179688
vt 0.40717899799346924 0.13780999183654785
vt 0.41340801119804382 0.040655016899108887
vt 0.14601700007915497 0.19347399473190308
vt 0.024653999134898186 0.033626019954681396
vt 0.18598200380802155 0.19383800029754639
vt 0.14023000001907349 0.38723301887512207
vt 0.22388400137424469 0.38997197151184082
vt 0.19247199594974518 0.033743023872375488
vt 0.18602299690246582 0.14410698413848877
vt 0.1841370016336441 0.090249001979827881
vt 0.18538999557495117 0.39165300130844116
vt 0.070785000920295715 0.086933016777038574
vt 0.098044000566005707 0.3706669807434082
vt 0.26277101039886475 0.37598800659179688
vt 0.26207900047302246 0.20344597101211548
vt 0.22888700664043427 0.18604600429534912
vt 0.098332002758979797 0.19580399990081787
vt 0.038029000163078308 0.14453500509262085
vt 0.14149700105190277 0.59706899523735046
vt 0.2229750007390976 0.59325098991394043
vt 0.177947998046875 0.62659698724746704
vt 0.2159229964017868 0.62608098983764648
vt 0.14357499778270721 0.63546600937843323
vt 0.041698001325130463 0.64563098549842834
vt 0.17960000038146973 0.59915700554847717
vt 0.031766001135110855 0.58182299137115479
vt 0.17871899902820587 0.55909198522567749
vt 0.26050299406051636 0.54883301258087158
vt 0.11111500114202499 0.57515698671340942
vt 0.22406500577926636 0.54209500551223755
vt 0.14169000089168549 0.54939699172973633
vt 0.096698001027107239 0.58374598622322083
vt 0.086390003561973572 0.64480799436569214
vt 0.066436998546123505 0.58845499157905579
vt 0.063468001782894135 0.65004101395606995
vt 0.16159699857234955 0.61335200071334839
vt 0.20169900357723236 0.60900801420211792
vt 0.10753499716520309 0.63408800959587097
vt 0.26096099615097046 0.60317999124526978
vt 0.16288599371910095 0.64545801281929016
vt 0.19220100343227386 0.64314800500869751
vt 0.020841000601649284 0.57558101415634155
vt 0.023104999214410782 0.6366020143032074
vt 0.16962200403213501 0.64894399046897888
vt 0.14185799658298492 0.50779500603675842
vt 0.13829100131988525 0.37560099363327026
vt 0.22495000064373016 0.50052899122238159
vt 0.22194500267505646 0.37833899259567261
vt 0.10814899951219559 0.52936100959777832
vt 0.020255999639630318 0.52574899792671204
vt 0.007224000059068203 0.39684700965881348
vt 0.10396800190210342 0.50508800148963928
vt 0.022157000377774239 0.50088700652122498
vt 0.096106000244617462 0.35903501510620117
vt 0.0062060002237558365 0.36854898929595947
vt 0.097659997642040253 0.3829839825630188
vt 0.048624999821186066 0.36213397979736328
vt 0.048227999359369278 0.39662402868270874
vt 0.067110002040863037 0.50669598579406738
vt 0.06630299985408783 0.52790799736976624
vt 0.18272300064563751 0.5017319917678833
vt 0.18345099687576294 0.38002097606658936
vt 0.031766001135110855 0.58182299137115479
vt 0.17871899902820587 0.55909198522567749
vt 0.26050299406051636 0.54883301258087158
vt 0.11111500114202499 0.57515698671340942
vt 0.22406500577926636 0.54209500551223755
vt 0.14169000089168549 0.54939699172973633
vt 0.096698001027107239 0.58374598622322083
vt 0.066436998546123505 0.58845499157905579
vt 0.26015499234199524 0.50749200582504272
vt 0.25847500562667847 0.4852060079574585
vt 0.26097100973129272 0.38772201538085938
vt 0.26083201169967651 0.36763197183609009
vt 0.020841000601649284 0.57558101415634155
vt 0.14601700007915497 0.19347399473190308
vt 0.098332002758979797 0.19580399990081787
vt 0.18598200380802155 0.19383800029754639
vt 0.13829100131988525 0.37560099363327026
vt 0.22194500267505646 0.37833899259567261
vt 0.096106000244617462 0.35903501510620117
vt 0.0062060002237558365 0.36854898929595947
vt 0.048624999821186066 0.36213397979736328
vt 0.18345099687576294 0.38002097606658936
vt 0.053043000400066376 0.24155300855636597
vt 0.26083201169967651 0.36763197183609009
vt 0.26426398754119873 0.2165520191192627
vt 0.22888700664043427 0.18604600429534912
vt 0.0092369997873902321 0.20194101333618164
vt 0.14149700105190277 0.59706899523735046
vt 0.2229750007390976 0.59325098991394043
vt 0.177947998046875 0.62659698724746704
vt 0.2159229964017868 0.62608098983764648
vt 0.14357499778270721 0.63546600937843323
vt 0.31733500957489014 0.58168399333953857
vt 0.17960000038146973 0.59915700554847717
vt 0.317128986120224 0.52110600471496582
vt 0.17871899902820587 0.55909198522567749
vt 0.26050299406051636 0.54883301258087158
vt 0.1078839972615242 0.57451000809669495
vt 0.22406500577926636 0.54209500551223755
vt 0.14169000089168549 0.54939699172973633
vt 0.35583499073982239 0.5233210027217865
vt 0.35586199164390564 0.58097401261329651
vt 0.33643299341201782 0.5245940089225769
vt 0.33610200881958008 0.58548501133918762
vt 0.16159699857234955 0.61335200071334839
vt 0.20169900357723236 0.60900801420211792
vt 0.10753499716520309 0.63408800959587097
vt 0.26096099615097046 0.60317999124526978
vt 0.16288599371910095 0.64545801281929016
vt 0.19220100343227386 0.64314800500869751
vt 0.29991099238395691 0.51962399482727051
vt 0.36961698532104492 0.57073900103569031
vt 0.37439200282096863 0.52037298679351807
vt 0.30130699276924133 0.57390099763870239
vt 0.16962200403213501 0.64894399046897888
vt 0.14185799658298492 0.50779500603675842
vt 0.13829100131988525 0.37560099363327026
vt 0.22495000064373016 0.50052899122238159
vt 0.22052499651908875 0.35988301038742065
vt 0.10814899951219559 0.52936100959777832
vt 0.29884999990463257 0.47833698987960815
vt 0.29151499271392822 0.37098002433776855
vt 0.37101501226425171 0.4605259895324707
vt 0.30048900842666626 0.45690500736236572
vt 0.37524700164794922 0.33080697059631348
vt 0.29205799102783203 0.340503990650177
vt 0.37003400921821594 0.36455798149108887
vt 0.32973998785018921 0.33062398433685303
vt 0.3279779851436615 0.36535102128982544
vt 0.33924099802970886 0.46191197633743286
vt 0.33854600787162781 0.48019802570343018
vt 0.18272300064563751 0.5017319917678833
vt 0.17919200658798218 0.36866301298141479
vt 0.317128986120224 0.52110600471496582
vt 0.17871899902820587 0.55909198522567749
vt 0.26050299406051636 0.54883301258087158
vt 0.1078839972615242 0.57451000809669495
vt 0.22406500577926636 0.54209500551223755
vt 0.14169000089168549 0.54939699172973633
vt 0.35583499073982239 0.5233210027217865
vt 0.33643299341201782 0.5245940089225769
vt 0.10396800190210342 0.50508800148963928
vt 0.097659997642040253 0.3829839825630188
vt 0.3746199905872345 0.48145097494125366
vt 0.26015499234199524 0.50749200582504272
vt 0.25847500562667847 0.4852060079574585
vt 0.26686900854110718 0.37723797559738159
vt 0.096106000244617462 0.34909600019454956
vt 0.27939900755882263 0.33858102560043335
vt 0.29991099238395691 0.51962399482727051
vt 0.37439200282096863 0.52037298679351807
vt 0.14601700007915497 0.19347399473190308
vt 0.20921400189399719 0.19211000204086304
vt 0.37395301461219788 0.21404999494552612
vt 0.29153499007225037 0.21448302268981934
vt 0.18030199408531189 0.17680102586746216
vt 0.13829100131988525 0.37560099363327026
vt 0.22052499651908875 0.35988301038742065
vt 0.37524700164794922 0.33080697059631348
vt 0.29205799102783203 0.340503990650177
vt 0.32973998785018921 0.33062398433685303
vt 0.17919200658798218 0.36866301298141479
vt 0.32929900288581848 0.24863100051879883
vt 0.096106000244617462 0.34909600019454956
vt 0.27939900755882263 0.33858102560043335
vt 0.27857100963592529 0.20311897993087769
vt 0.098332002758979797 0.19580399990081787
vt 0.29805201292037964 0.84307500720024109
vt 0.33257699012756348 0.73185500502586365
vt 0.5703129768371582 0.140625
vt 0.3710939884185791 0.6875
vt 0.4726560115814209 0.640625
vt 0.6289060115814209 0.1367189884185791
vt 0.7617189884185791 0.1367189884185791
vt 0.80414199829101562 0.50978699326515198
vt 0.8671879768371582 0.1367189884185791
vt 0.765919029712677 0.57451298832893372
vt 0.9882810115814209 0.1367189884185791
vt 0.71332699060440063 0.61543700098991394
vt 0.53061997890472412 0.50327599048614502
vt 0.66607898473739624 0.64797499775886536
vt 0.54133099317550659 0.6121470034122467
vt 0.6757810115814209 0.5117189884185791
vt 0.6054689884185791 0.57031199336051941
vt 0.68392997980117798 0.38314902782440186
vt 0.60437697172164917 0.44875597953796387
vt 0.58299797773361206 0.70635899901390076
vt 0.83845800161361694 0.4411119818687439
vt 0.38075798749923706 0.80145600438117981
vt 0.4335939884185791 0.7773440033197403
vt 0.48966699838638306 0.75306600332260132
vt 0.4375 0.65625
vt 0.8476560115814209 0.4726560115814209
vt 0.9296879768371582 0.1367189884185791
vt 0.6914060115814209 0.1367189884185791
vt 0.48499199748039246 0.53017398715019226
vt 0.4179689884185791 0.21875
vt 0.40625 0.2695310115814209
vt 0.5117189884185791 0.1835939884185791
vt 0.4570310115814209 0.1953120231628418
vt 0.4179689884185791 0.3085939884185791
vt 0.578125 0.3320310115814209
vt 0.625 0.2851560115814209
vt 0.5078129768371582 0.3476560115814209
vt 0.44531300663948059 0.328125
vt 0.578125 0.1953120231628418
vt 0.6171879768371582 0.2265620231628418
vt 0.5078129768371582 0.265625
vt 0.36718800663948059 0.5898439884185791
vt 0.43961700797080994 0.55260100960731506
vt 0.42707398533821106 0.83658400177955627
vt 0.25356701016426086 0.63857400417327881
vt 0.37036100029945374 0.87893500179052353
vt 0.31116101145744324 0.61079099774360657
vt 0.91536998748779297 0.52941599488258362
vt 0.87567198276519775 0.57641398906707764
vt 0.74806100130081177 0.32877099514007568
vt 0.50975102186203003 0.80336600542068481
vt 0.60470098257064819 0.75846700370311737
vt 0.56975102424621582 0.038558006286621094
vt 0.6328129768371582 0.039062023162841797
vt 0.6914060115814209 0.039062023162841797
vt 0.7617189884185791 0.039062023162841797
vt 0.50861597061157227 0.039296984672546387
vt 0.5078129768371582 0.140625
vt 0.68684899806976318 0.26745998859405518
vt 0.61437201499938965 0.31522399187088013
vt 0.54336100816726685 0.36840999126434326
vt 0.47279098629951477 0.42607098817825317
vt 0.8710939884185791 0.039062023162841797
vt 0.9257810115814209 0.039062023162841797
vt 0.9882810115814209 0.039062023162841797
vt 0.4306110143661499 0.46632301807403564
vt 0.29805201292037964 0.84307500720024109
vt 0.26724499464035034 0.76386800408363342
vt 0.33257699012756348 0.73185500502586365
vt 0.19497799873352051 0.86546500027179718
vt 0.21874900162220001 0.69022101163864136
vt 0.16670900583267212 0.80720700323581696
vt 0.80414199829101562 0.50978699326515198
vt 0.78171199560165405 0.3990669846534729
vt 0.21687799692153931 0.92857500165700912
vt 0.765919029712677 0.57451298832893372
vt 0.6757810115814209 0.5117189884185791
vt 0.7421879768371582 0.4414060115814209
vt 0.92494100332260132 0.41099601984024048
vt 0.82426100969314575 0.34064102172851562
vt 0.83845800161361694 0.4411119818687439
vt 0.24013000726699829 0.89906699955463409
vt 0.8476560115814209 0.4726560115814209
vt 0.12899200618267059 0.76137599349021912
vt 0.25840198993682861 0.96971499919891357
vt 0.18964399397373199 0.90284699946641922
vt 0.91536998748779297 0.52941599488258362
vt 0.9098619818687439 0.46736401319503784
vt 0.29805201292037964 0.84307500720024109
vt 0.024653999134898186 0.033626019954681396
vt 0.765919029712677 0.57451298832893372
vt 0.71332699060440063 0.61543700098991394
vt 0.027483999729156494 0.086260974407196045
vt 0.070785000920295715 0.086933016777038574
vt 0.30487200617790222 0.93151900172233582
vt 0.33577001094818115 0.89929699897766113
vt 0.37036100029945374 0.87893500179052353
vt 0.80934101343154907 0.63410499691963196
vt 0.77863001823425293 0.65760299563407898
vt 0.74997001886367798 0.67804399132728577
vt 0.038029000163078308 0.14453500509262085
vt 0.26724499464035034 0.76386800408363342
vt 0.33257699012756348 0.73185500502586365
vt 0.21874900162220001 0.69022101163864136
vt 0.78171199560165405 0.3990669846534729
vt 0.6757810115814209 0.5117189884185791
vt 0.7421879768371582 0.4414060115814209
vt 0.68392997980117798 0.38314902782440186
vt 0.82426100969314575 0.34064102172851562
vt 0.81703698635101318 0.27284902334213257
vt 0.25356701016426086 0.63857400417327881
vt 0.15231500566005707 0.67707398533821106
vt 0.74806100130081177 0.32877099514007568
vt 0.76625597476959229 0.20119297504425049
vt 0.76689499616622925 0.25590699911117554
vt 0.19497799873352051 0.86546500027179718
vt 0.21874900162220001 0.69022101163864136
vt 0.16670900583267212 0.80720700323581696
vt 0.8867189884185791 0.2304689884185791
vt 0.92494100332260132 0.41099601984024048
vt 0.88558399677276611 0.35246700048446655
vt 0.82426100969314575 0.34064102172851562
vt 0.88413399457931519 0.29361498355865479
vt 0.81703698635101318 0.27284902334213257
vt 0.83845800161361694 0.4411119818687439
vt 0.12899200618267059 0.76137599349021912
vt 0.1340319961309433 0.89974000304937363
vt 0.088416002690792084 0.85240200161933899
vt 0.18964399397373199 0.90284699946641922
vt 0.04792499914765358 0.80389000475406647
vt 0.020286999642848969 0.77654600143432617
vt 0.076636001467704773 0.73520499467849731
vt 0.95506399869918823 0.39450198411941528
vt 0.95250797271728516 0.22720897197723389
vt 0.95424997806549072 0.26518899202346802
vt 0.95357102155685425 0.29568397998809814
vt 0.9538000226020813 0.35740697383880615
vt 0.16469399631023407 0.92632800340652466
vt 0.29805201292037964 0.84307500720024109
vt 0.10071700066328049 0.20609897375106812
vt 0.80414199829101562 0.50978699326515198
vt 0.765919029712677 0.57451298832893372
vt 0.051336999982595444 0.20642197132110596
vt 0.24013000726699829 0.89906699955463409
vt 0.053043000400066376 0.24155300855636597
vt 0.30487200617790222 0.93151900172233582
vt 0.25840198993682861 0.96971499919891357
vt 0.27948400378227234 0.95146400108933449
vt 0.87567198276519775 0.57641398906707764
vt 0.83764398097991943 0.61146700382232666
vt 0.80934101343154907 0.63410499691963196
vt 0.0092369997873902321 0.20194101333618164
vt 0.21874900162220001 0.69022101163864136
vt 0.8867189884185791 0.2304689884185791
vt 0.81703698635101318 0.27284902334213257
vt 0.15231500566005707 0.67707398533821106
vt 0.076636001467704773 0.73520499467849731
vt 0.76625597476959229 0.20119297504425049
vt 0.098332002758979797 0.19580399990081787
vt 0.71332699060440063 0.61543700098991394
vt 0.66607898473739624 0.64797499775886536
vt 0.051336999982595444 0.20642197132110596
vt 0.38075798749923706 0.80145600438117981
vt 0.053043000400066376 0.24155300855636597
vt 0.42707398533821106 0.83658400177955627
vt 0.37036100029945374 0.87893500179052353
vt 0.74997001886367798 0.67804399132728577
vt 0.72259598970413208 0.6961120069026947
vt 0.69635802507400513 0.71260398626327515
vt 0.39191699028015137 0.85681900382041931
vt 0.0092369997873902321 0.20194101333618164
vt 0.37395301461219788 0.21404999494552612
vt 0.29153499007225037 0.21448302268981934
vt 0.66607898473739624 0.64797499775886536
vt 0.58299797773361206 0.70635899901390076
vt 0.32782799005508423 0.21834498643875122
vt 0.4335939884185791 0.7773440033197403
vt 0.32929900288581848 0.24863100051879883
vt 0.42707398533821106 0.83658400177955627
vt 0.50975102186203003 0.80336600542068481
vt 0.60470098257064819 0.75846700370311737
vt 0.66891700029373169 0.73041999340057373
vt 0.69635802507400513 0.71260398626327515
vt 0.45509299635887146 0.81188300251960754
vt 0.83639001846313477 0.75425499677658081
vt 0.88118797540664673 0.74227398633956909
vt 0.8990899920463562 0.78546099364757538
vt 0.91600900888442993 0.72192800045013428
vt 0.88863497972488403 0.84339100122451782
vt 0.86717802286148071 0.80473500490188599
vt 0.91150200366973877 0.82078999280929565
vt 0.94643700122833252 0.78034199774265289
vt 0.94714897871017456 0.8601280003786087
vt 0.91817998886108398 0.84978500008583069
vt 0.79361701011657715 0.76088300347328186
vt 0.80894798040390015 0.77937400341033936
vt 0.83876502513885498 0.81822599470615387
vt 0.86075997352600098 0.85671399533748627
vt 0.90880298614501953 0.88097299635410309
vt 0.78517502546310425 0.92218299955129623
vt 0.711372971534729 0.84404599666595459
vt 0.73206102848052979 0.86009800434112549
vt 0.78565698862075806 0.7974109947681427
vt 0.74821102619171143 0.82497300207614899
vt 0.72829502820968628 0.80328799784183502
vt 0.76354897022247314 0.77388499677181244
vt 0.81455802917480469 0.83623500168323517
vt 0.75502097606658936 0.88568700104951859
vt 0.77739799022674561 0.86775399744510651
vt 0.81554597616195679 0.88165900111198425
vt 0.79466098546981812 0.85166999697685242
vt 0.7664179801940918 0.81469200551509857
vt 0.74569100141525269 0.78800399601459503
vt 0.90164202451705933 0.84620599448680878
vt 0.88079899549484253 0.8678320050239563
vt 0.89519798755645752 0.87458899617195129
vt 0.90978097915649414 0.84796799719333649
vt 0.94770300388336182 0.83639200031757355
vt 0.69214498996734619 0.86588199436664581
vt 0.73221302032470703 0.91765300184488297
vt 0.76644998788833618 0.94183399900794029
vt 0.93524402379989624 0.88578099757432938
vt 0.85388100147247314 0.88924799859523773
vt 0.8167870044708252 0.92342700064182281
vt 0.83801901340484619 0.91066200286149979
vt 0.85024899244308472 0.66264700889587402
vt 0.76669102907180786 0.69574099779129028
vt 0.68645197153091431 0.75744399428367615
vt 0.66286599636077881 0.7890470027923584
vt 0.9005429744720459 0.64025399088859558
vt 0.72138500213623047 0.7255919873714447
vt 0.70486301183700562 0.74065700173377991
vt 0.80742901563644409 0.67902898788452148
vt 0.83639001846313477 0.75425499677658081
vt 0.88118797540664673 0.74227398633956909
vt 0.91600900888442993 0.72192800045013428
vt 0.79361701011657715 0.76088300347328186
vt 0.711372971534729 0.84404599666595459
vt 0.72829502820968628 0.80328799784183502
vt 0.76354897022247314 0.77388499677181244
vt 0.74569100141525269 0.78800399601459503
vt 0.69214498996734619 0.86588199436664581
vt 0.62346702814102173 0.8268049955368042
vt 0.14149700105190277 0.59706899523735046
vt 0.2229750007390976 0.59325098991394043
vt 0.177947998046875 0.62659698724746704
vt 0.2159229964017868 0.62608098983764648
vt 0.14357499778270721 0.63546600937843323
vt 0.041698001325130463 0.64563098549842834
vt 0.17960000038146973 0.59915700554847717
vt 0.04145900160074234 0.57536101341247559
vt 0.17871899902820587 0.55909198522567749
vt 0.26050299406051636 0.54883301258087158
vt 0.1078839972615242 0.57451000809669495
vt 0.22406500577926636 0.54209500551223755
vt 0.14169000089168549 0.54939699172973633
vt 0.086358003318309784 0.57793000340461731
vt 0.086390003561973572 0.64480799436569214
vt 0.063851997256278992 0.57940700650215149
vt 0.063468001782894135 0.65004101395606995
vt 0.16159699857234955 0.61335200071334839
vt 0.20169900357723236 0.60900801420211792
vt 0.10753499716520309 0.63408800959587097
vt 0.26096099615097046 0.60317999124526978
vt 0.16288599371910095 0.64545801281929016
vt 0.19220100343227386 0.64314800500869751
vt 0.021486999467015266 0.57364198565483093
vt 0.023104999214410782 0.6366020143032074
vt 0.16962200403213501 0.64894399046897888
vt 0.14185799658298492 0.50779500603675842
vt 0.13938300311565399 0.38215398788452148
vt 0.22495000064373016 0.50052899122238159
vt 0.22194500267505646 0.37833899259567261
vt 0.10562899708747864 0.52936100959777832
vt 0.020255999639630318 0.52574899792671204
vt 0.007224000059068203 0.39684700965881348
vt 0.10144700109958649 0.50508800148963928
vt 0.022157000377774239 0.50088700652122498
vt 0.086024999618530273 0.36827600002288818
vt 0.0062060002237558365 0.36854898929595947
vt 0.087577998638153076 0.38886398077011108
vt 0.048624999821186066 0.36213397979736328
vt 0.048227999359369278 0.39662402868270874
vt 0.067110002040863037 0.50669598579406738
vt 0.06630299985408783 0.52790799736976624
vt 0.18272300064563751 0.5017319917678833
vt 0.18345099687576294 0.38002097606658936
vt 0.04145900160074234 0.57536101341247559
vt 0.17871899902820587 0.55909198522567749
vt 0.26050299406051636 0.54883301258087158
vt 0.1078839972615242 0.57451000809669495
vt 0.22406500577926636 0.54209500551223755
vt 0.14169000089168549 0.54939699172973633
vt 0.086358003318309784 0.57793000340461731
vt 0.063851997256278992 0.57940700650215149
vt 0.26015499234199524 0.50749200582504272
vt 0.25847500562667847 0.4852060079574585
vt 0.26097100973129272 0.38772201538085938
vt 0.26083201169967651 0.36435598134994507
vt 0.021486999467015266 0.57364198565483093
vt 0.15078599750995636 0.20156502723693848
vt 0.10071700066328049 0.20609897375106812
vt 0.18598200380802155 0.19383800029754639
vt 0.13938300311565399 0.38215398788452148
vt 0.22194500267505646 0.37833899259567261
vt 0.086024999618530273 0.36827600002288818
vt 0.0062060002237558365 0.36854898929595947
vt 0.048624999821186066 0.36213397979736328
vt 0.18345099687576294 0.38002097606658936
vt 0.053043000400066376 0.24155300855636597
vt 0.26083201169967651 0.36435598134994507
vt 0.26207900047302246 0.20344597101211548
vt 0.22888700664043427 0.18604600429534912
vt 0.0092369997873902321 0.20194101333618164
vt 0.14149700105190277 0.59706899523735046
vt 0.2229750007390976 0.59325098991394043
vt 0.177947998046875 0.62659698724746704
vt 0.2159229964017868 0.62608098983764648
vt 0.14357499778270721 0.63546600937843323
vt 0.47256600856781006 0.1225770115852356
vt 0.17960000038146973 0.59915700554847717
vt 0.40237998962402344 0.11879497766494751
vt 0.17871899902820587 0.55909198522567749
vt 0.26050299406051636 0.54883301258087158
vt 0.1078839972615242 0.57451000809669495
vt 0.22406500577926636 0.54209500551223755
vt 0.14169000089168549 0.54939699172973633
vt 0.40981501340866089 0.072412014007568359
vt 0.48611798882484436 0.073702991008758545
vt 0.41011300683021545 0.094964027404785156
vt 0.48846399784088135 0.099386990070343018
vt 0.16159699857234955 0.61335200071334839
vt 0.20169900357723236 0.60900801420211792
vt 0.10753499716520309 0.63408800959587097
vt 0.26096099615097046 0.60317999124526978
vt 0.16288599371910095 0.64545801281929016
vt 0.19220100343227386 0.64314800500869751
vt 0.40717899799346924 0.13780999183654785
vt 0.41340801119804382 0.040655016899108887
vt 0.47651898860931396 0.050346016883850098
vt 0.4544689953327179 0.13264799118041992
vt 0.16962200403213501 0.64894399046897888
vt 0.14185799658298492 0.50779500603675842
vt 0.14023000001907349 0.38723301887512207
vt 0.22495000064373016 0.50052899122238159
vt 0.22388400137424469 0.38997197151184082
vt 0.10814899951219559 0.52936100959777832
vt 0.3657500147819519 0.1398090124130249
vt 0.23167599737644196 0.14586001634597778
vt 0.34529799222946167 0.034380018711090088
vt 0.3399290144443512 0.14190202951431274
vt 0.19247199594974518 0.033743023872375488
vt 0.18602299690246582 0.14410698413848877
vt 0.23537200689315796 0.031763970851898193
vt 0.1841370016336441 0.090249001979827881
vt 0.23150399327278137 0.090005993843078613
vt 0.34329399466514587 0.085385978221893311
vt 0.36443498730659485 0.087302029132843018
vt 0.18272300064563751 0.5017319917678833
vt 0.18538999557495117 0.39165300130844116
vt 0.40237998962402344 0.11879497766494751
vt 0.17871899902820587 0.55909198522567749
vt 0.26050299406051636 0.54883301258087158
vt 0.1078839972615242 0.57451000809669495
vt 0.22406500577926636 0.54209500551223755
vt 0.14169000089168549 0.54939699172973633
vt 0.40981501340866089 0.072412014007568359
vt 0.41011300683021545 0.094964027404785156
vt 0.10396800190210342 0.50508800148963928
vt 0.099597997963428497 0.39461600780487061
vt 0.37227600812911987 0.036516010761260986
vt 0.26015499234199524 0.50749200582504272
vt 0.25847500562667847 0.4852060079574585
vt 0.26291000843048096 0.39935398101806641
vt 0.098044000566005707 0.3706669807434082
vt 0.26277101039886475 0.37598800659179688
vt 0.40717899799346924 0.13780999183654785
vt 0.41340801119804382 0.040655016899108887
vt 0.14601700007915497 0.19347399473190308
vt 0.024653999134898186 0.033626019954681396
vt 0.18598200380802155 0.19383800029754639
vt 0.14023000001907349 0.38723301887512207
vt 0.22388400137424469 0.38997197151184082
vt 0.19247199594974518 0.033743023872375488
vt 0.18602299690246582 0.14410698413848877
vt 0.1841370016336441 0.090249001979827881
vt 0.18538999557495117 0.39165300130844116
vt 0.070785000920295715 0.086933016777038574
vt 0.098044000566005707 0.3706669807434082
vt 0.26277101039886475 0.37598800659179688
vt 0.26207900047302246 0.20344597101211548
vt 0.22888700664043427 0.18604600429534912
vt 0.098332002758979797 0.19580399990081787
vt 0.038029000163078308 0.14453500509262085
vt 0.14149700105190277 0.59706899523735046
vt 0.2229750007390976 0.59325098991394043
vt 0.177947998046875 0.62659698724746704
vt 0.2159229964017868 0.62608098983764648
vt 0.14357499778270721 0.63546600937843323
vt 0.041698001325130463 0.64563098549842834
vt 0.17960000038146973 0.59915700554847717
vt 0.031766001135110855 0.58182299137115479
vt 0.17871899902820587 0.55909198522567749
vt 0.26050299406051636 0.54883301258087158
vt 0.11111500114202499 0.57515698671340942
vt 0.22406500577926636 0.54209500551223755
vt 0.14169000089168549 0.54939699172973633
vt 0.096698001027107239 0.58374598622322083
vt 0.086390003561973572 0.64480799436569214
vt 0.066436998546123505 0.58845499157905579
vt 0.063468001782894135 0.65004101395606995
vt 0.16159699857234955 0.61335200071334839
vt 0.20169900357723236 0.60900801420211792
vt 0.10753499716520309 0.63408800959587097
vt 0.26096099615097046 0.60317999124526978
vt 0.16288599371910095 0.64545801281929016
vt 0.19220100343227386 0.64314800500869751
vt 0.020841000601649284 0.57558101415634155
vt 0.023104999214410782 0.6366020143032074
vt 0.16962200403213501 0.64894399046897888
vt 0.14185799658298492 0.50779500603675842
vt 0.13829100131988525 0.37560099363327026
vt 0.22495000064373016 0.50052899122238159
vt 0.22194500267505646 0.37833899259567261
vt 0.10814899951219559 0.52936100959777832
vt 0.020255999639630318 0.52574899792671204
vt 0.007224000059068203 0.39684700965881348
vt 0.10396800190210342 0.50508800148963928
vt 0.022157000377774239 0.50088700652122498
vt 0.096106000244617462 0.35903501510620117
vt 0.0062060002237558365 0.36854898929595947
vt 0.097659997642040253 0.3829839825630188
vt 0.048624999821186066 0.36213397979736328
vt 0.048227999359369278 0.39662402868270874
vt 0.067110002040863037 0.50669598579406738
vt 0.06630299985408783 0.52790799736976624
vt 0.18272300064563751 0.5017319917678833
vt 0.18345099687576294 0.38002097606658936
vt 0.031766001135110855 0.58182299137115479
vt 0.17871899902820587 0.55909198522567749
vt 0.26050299406051636 0.54883301258087158
vt 0.11111500114202499 0.57515698671340942
vt 0.22406500577926636 0.54209500551223755
vt 0.14169000089168549 0.54939699172973633
vt 0.096698001027107239 0.58374598622322083
vt 0.066436998546123505 0.58845499157905579
vt 0.26015499234199524 0.50749200582504272
vt 0.25847500562667847 0.4852060079574585
vt 0.26097100973129272 0.38772201538085938
vt 0.26083201169967651 0.36763197183609009
vt 0.020841000601649284 0.57558101415634155
vt 0.14601700007915497 0.19347399473190308
vt 0.098332002758979797 0.19580399990081787
vt 0.18598200380802155 0.19383800029754639
vt 0.13829100131988525 0.37560099363327026
vt 0.22194500267505646 0.37833899259567261
vt 0.096106000244617462 0.35903501510620117
vt 0.0062060002237558365 0.36854898929595947
vt 0.048624999821186066 0.36213397979736328
vt 0.18345099687576294 0.38002097606658936
vt 0.053043000400066376 0.24155300855636597
vt 0.26083201169967651 0.36763197183609009
vt 0.26426398754119873 0.2165520191192627
vt 0.22888700664043427 0.18604600429534912
vt 0.0092369997873902321 0.20194101333618164
vt 0.14149700105190277 0.59706899523735046
vt 0.2229750007390976 0.59325098991394043
vt 0.177947998046875 0.62659698724746704
vt 0.2159229964017868 0.62608098983764648
vt 0.14357499778270721 0.63546600937843323
vt 0.31733500957489014 0.58168399333953857
vt 0.17960000038146973 0.59915700554847717
vt 0.317128986120224 0.52110600471496582
vt 0.17871899902820587 0.55909198522567749
vt 0.26050299406051636 0.54883301258087158
vt 0.1078839972615242 0.57451000809669495
vt 0.22406500577926636 0.54209500551223755
vt 0.14169000089168549 0.54939699172973633
vt 0.35583499073982239 0.5233210027217865
vt 0.35586199164390564 0.58097401261329651
vt 0.33643299341201782 0.5245940089225769
vt 0.33610200881958008 0.58548501133918762
vt 0.16159699857234955 0.61335200071334839
vt 0.20169900357723236 0.60900801420211792
vt 0.10753499716520309 0.63408800959587097
vt 0.26096099615097046 0.60317999124526978
vt 0.16288599371910095 0.64545801281929016
vt 0.19220100343227386 0.64314800500869751
vt 0.29991099238395691 0.51962399482727051
vt 0.37439200282096863 0.52037298679351807
vt 0.36961698532104492 0.57073900103569031
vt 0.30130699276924133 0.57390099763870239
vt 0.16962200403213501 0.64894399046897888
vt 0.14185799658298492 0.50779500603675842
vt 0.13829100131988525 0.37560099363327026
vt 0.22495000064373016 0.50052899122238159
vt 0.22052499651908875 0.35988301038742065
vt 0.10814899951219559 0.52936100959777832
vt 0.29884999990463257 0.47833698987960815
vt 0.29151499271392822 0.37098002433776855
vt 0.37101501226425171 0.4605259895324707
vt 0.30048900842666626 0.45690500736236572
vt 0.37524700164794922 0.33080697059631348
vt 0.29205799102783203 0.340503990650177
vt 0.37003400921821594 0.36455798149108887
vt 0.32973998785018921 0.33062398433685303
vt 0.3279779851436615 0.36535102128982544
vt 0.33924099802970886 0.46191197633743286
vt 0.33854600787162781 0.48019802570343018
vt 0.18272300064563751 0.5017319917678833
vt 0.17919200658798218 0.36866301298141479
vt 0.317128986120224 0.52110600471496582
vt 0.17871899902820587 0.55909198522567749
vt 0.26050299406051636 0.54883301258087158
vt 0.1078839972615242 0.57451000809669495
vt 0.22406500577926636 0.54209500551223755
vt 0.14169000089168549 0.54939699172973633
vt 0.35583499073982239 0.5233210027217865
vt 0.33643299341201782 0.5245940089225769
vt 0.10396800190210342 0.50508800148963928
vt 0.097659997642040253 0.3829839825630188
vt 0.3746199905872345 0.48145097494125366
vt 0.26015499234199524 0.50749200582504272
vt 0.25847500562667847 0.4852060079574585
vt 0.26686900854110718 0.37723797559738159
vt 0.096106000244617462 0.34909600019454956
vt 0.27939900755882263 0.33858102560043335
vt 0.29991099238395691 0.51962399482727051
vt 0.37439200282096863 0.52037298679351807
vt 0.14601700007915497 0.19347399473190308
vt 0.20921400189399719 0.19211000204086304
vt 0.37395301461219788 0.21404999494552612
vt 0.29153499007225037 0.21448302268981934
vt 0.18030199408531189 0.17680102586746216
vt 0.13829100131988525 0.37560099363327026
vt 0.22052499651908875 0.35988301038742065
vt 0.37524700164794922 0.33080697059631348
vt 0.29205799102783203 0.340503990650177
vt 0.32973998785018921 0.33062398433685303
vt 0.17919200658798218 0.36866301298141479
vt 0.32929900288581848 0.24863100051879883
vt 0.096106000244617462 0.34909600019454956
vt 0.27939900755882263 0.33858102560043335
vt 0.27857100963592529 0.20311897993087769
vt 0.098332002758979797 0.19580399990081787
f 42/42 43/43 25/25
f 25/25 24/24 5/5
f 23/23 22/22 44/44
f 1/1 22/22 2/2
f 2/2 4/4 45/45
f 23/23 2/2 22/22
f 22/22 1/1 46/46
f 42/42 25/25 5/5
f 47/47 45/45 4/4
f 15/15 29/29 42/42
f 42/42 5/5 15/15
f 48/48 26/26 49/49
f 16/16 12/12 10/10
f 12/12 16/16 17/17
f 17/17 14/14 12/12
f 16/16 18/18 19/19
f 19/19 17/17 16/16
f 17/17 19/19 13/13
f 13/13 15/15 17/17
f 20/20 15/15 5/5
f 14/14 17/17 15/15
f 15/15 20/20 14/14
f 24/24 20/20 5/5
f 20/20 51/51 52/52
f 4/4 2/2 23/23
f 24/24 4/4 23/23
f 51/51 20/20 24/24
f 23/23 51/51 24/24
f 4/4 24/24 25/25
f 25/25 43/43 4/4
f 49/49 26/26 8/8
f 21/21 8/8 26/26
f 43/43 47/47 4/4
f 15/15 13/13 29/29
f 3/3 53/53 54/54
f 54/54 6/6 3/3
f 28/28 55/55 56/56
f 56/56 7/7 28/28
f 57/57 58/58 53/53
f 53/53 3/3 57/57
f 50/50 59/59 60/60
f 60/60 18/18 50/50
f 18/18 60/60 61/61
f 61/61 19/19 18/18
f 19/19 61/61 62/62
f 62/62 13/13 19/19
f 7/7 56/56 63/63
f 63/63 9/9 7/7
f 27/27 64/64 65/65
f 65/65 11/11 27/27
f 9/9 63/63 64/64
f 64/64 27/27 9/9
f 6/6 54/54 55/55
f 55/55 28/28 6/6
f 13/13 62/62 66/66
f 66/66 29/29 13/13
f 41/41 30/30 31/31
f 41/41 32/32 33/33
f 41/41 31/31 34/34
f 41/41 35/35 40/40
f 41/41 37/37 35/35
f 41/41 38/38 37/37
f 41/41 39/39 32/32
f 35/35 36/36 40/40
f 41/41 40/40 39/39
f 41/41 33/33 30/30
f 41/41 34/34 38/38
f 67/67 69/69 68/68
f 68/68 72/72 70/70
f 82/82 75/75 85/85
f 72/72 68/68 84/84
f 67/67 68/68 70/70
f 76/76 78/78 77/77
f 78/78 76/76 73/73
f 73/73 74/74 78/78
f 74/74 73/73 81/81
f 87/87 88/88 83/83
f 81/81 80/80 74/74
f 75/75 70/70 86/86
f 88/88 79/79 81/81
f 81/81 83/83 88/88
f 70/70 75/75 82/82
f 67/67 70/70 82/82
f 68/68 71/71 84/84
f 89/89 95/95 96/96
f 98/98 91/91 99/99
f 91/91 92/92 99/99
f 99/99 92/92 100/100
f 89/89 96/96 97/97
f 94/94 93/93 101/101
f 94/94 90/90 93/93
f 103/103 111/111 102/102
f 102/102 111/111 104/104
f 108/108 107/107 113/113
f 105/105 113/113 107/107
f 108/108 106/106 107/107
f 104/104 111/111 112/112
f 109/109 113/113 105/105
f 115/115 113/113 110/110
f 110/110 113/113 109/109
f 114/114 115/115 110/110
f 127/127 116/116 128/128
f 116/116 118/118 128/128
f 129/129 116/116 127/127
f 130/130 126/126 131/131
f 126/126 117/117 132/132
f 126/126 132/132 131/131
f 133/133 121/121 120/120
f 134/134 119/119 135/135
f 123/123 136/136 135/135
f 137/137 121/121 133/133
f 125/125 121/121 122/122
f 125/125 120/120 121/121
f 138/138 129/129 127/127
f 123/123 122/122 121/121
f 124/124 123/123 119/119
f 124/124 122/122 123/123
f 119/119 123/123 135/135
f 123/123 121/121 137/137
f 126/126 130/130 128/128
f 123/123 137/137 136/136
f 118/118 126/126 128/128
f 139/139 144/144 148/148
f 149/149 141/141 150/150
f 141/141 142/142 150/150
f 144/144 147/147 148/148
f 150/150 142/142 151/151
f 146/146 139/139 148/148
f 145/145 143/143 152/152
f 145/145 140/140 143/143
f 153/153 156/156 157/157
f 155/155 154/154 158/158
f 167/167 160/160 168/168
f 160/160 161/161 168/168
f 168/168 161/161 169/169
f 165/165 163/163 170/170
f 170/170 163/163 166/166
f 164/164 162/162 171/171
f 164/164 159/159 162/162
f 182/182 174/174 175/175
f 183/183 174/174 182/182
f 182/182 175/175 181/181
f 180/180 177/177 184/184
f 184/184 177/177 179/179
f 178/178 176/176 173/173
f 178/178 172/172 176/176
f 187/187 186/186 185/185
f 188/188 186/186 187/187
f 191/191 190/190 189/189
f 192/192 187/187 191/191
f 218/218 192/192 191/191
f 218/218 191/191 194/194
f 197/197 190/190 196/196
f 189/189 190/190 197/197
f 197/197 198/198 189/189
f 214/214 216/216 217/217
f 194/194 199/199 193/193
f 185/185 195/195 196/196
f 219/219 202/202 201/201
f 205/205 212/212 213/213
f 203/203 196/196 206/206
f 198/198 197/197 207/207
f 197/197 196/196 207/207
f 203/203 211/211 207/207
f 220/220 208/208 202/202
f 220/220 202/202 219/219
f 200/200 208/208 220/220
f 221/221 200/200 220/220
f 185/185 196/196 190/190
f 192/192 188/188 187/187
f 187/187 190/190 191/191
f 187/187 185/185 190/190
f 196/196 195/195 206/206
f 196/196 203/203 207/207
f 205/205 201/201 204/204
f 199/199 222/222 193/193
f 214/214 191/191 189/189
f 208/208 200/200 209/209
f 215/215 189/189 198/198
f 198/198 207/207 210/210
f 209/209 204/204 208/208
f 223/223 198/198 210/210
f 210/210 200/200 224/224
f 206/206 213/213 203/203
f 204/204 202/202 208/208
f 204/204 201/201 202/202
f 212/212 204/204 211/211
f 207/207 211/211 210/210
f 200/200 210/210 209/209
f 211/211 209/209 210/210
f 211/211 204/204 209/209
f 212/212 211/211 203/203
f 205/205 204/204 212/212
f 213/213 212/212 203/203
f 217/217 191/191 214/214
f 217/217 216/216 199/199
f 214/214 189/189 215/215
f 224/224 225/225 210/210
f 225/225 223/223 210/210
f 214/214 215/215 216/216
f 194/194 191/191 217/217
f 194/194 217/217 199/199
f 234/234 227/227 237/237
f 234/234 233/233 227/227
f 237/237 227/227 231/231
f 237/237 231/231 240/240
f 242/242 238/238 229/229
f 242/242 229/229 243/243
f 236/236 230/230 226/226
f 235/235 226/226 234/234
f 234/234 226/226 233/233
f 236/236 226/226 235/235
f 232/232 228/228 241/241
f 239/239 229/229 238/238
f 240/240 231/231 232/232
f 228/228 229/229 239/239
f 241/241 228/228 239/239
f 240/240 232/232 241/241
f 250/250 245/245 252/252
f 252/252 244/244 250/250
f 246/246 262/262 250/250
f 244/244 254/254 263/263
f 258/258 259/259 260/260
f 264/264 255/255 245/245
f 246/246 261/261 265/265
f 261/261 248/248 265/265
f 266/266 247/247 262/262
f 246/246 266/266 262/262
f 246/246 250/250 261/261
f 252/252 245/245 255/255
f 263/263 254/254 257/257
f 251/251 268/268 249/249
f 251/251 267/267 268/268
f 255/255 264/264 253/253
f 252/252 256/256 244/244
f 254/254 244/244 256/256
f 263/263 257/257 258/258
f 246/246 265/265 269/269
f 260/260 259/259 251/251
f 258/258 257/257 259/259
f 246/246 269/269 266/266
f 249/249 260/260 251/251
f 261/261 244/244 248/248
f 261/261 250/250 244/244
f 262/262 245/245 250/250
f 262/262 247/247 245/245
f 286/286 272/272 287/287
f 286/286 271/271 270/270
f 274/274 293/293 270/270
f 277/277 271/271 281/281
f 271/271 277/277 270/270
f 284/284 285/285 274/274
f 275/275 284/284 278/278
f 285/285 275/275 288/288
f 272/272 290/290 296/296
f 296/296 297/297 272/272
f 270/270 277/277 274/274
f 273/273 297/297 298/298
f 297/297 273/273 272/272
f 279/279 281/281 271/271
f 273/273 298/298 299/299
f 282/282 281/281 279/279
f 282/282 276/276 283/283
f 284/284 281/281 283/283
f 284/284 276/276 278/278
f 283/283 281/281 282/282
f 284/284 283/283 276/276
f 282/282 280/280 276/276
f 277/277 281/281 284/284
f 274/274 277/277 284/284
f 294/294 274/274 285/285
f 284/284 275/275 285/285
f 288/288 275/275 300/300
f 289/289 270/270 293/293
f 287/287 271/271 286/286
f 287/287 272/272 273/273
f 286/286 270/270 289/289
f 289/289 272/272 286/286
f 291/291 274/274 294/294
f 293/293 274/274 291/291
f 289/289 292/292 272/272
f 290/290 272/272 292/292
f 295/295 285/285 288/288
f 294/294 285/285 295/295
f 301/301 309/309 303/303
f 309/309 301/301 304/304
f 312/312 305/305 311/311
f 305/305 312/312 313/313
f 306/306 301/301 302/302
f 301/301 306/306 304/304
f 306/306 302/302 310/310
f 306/306 310/310 308/308
f 308/308 310/310 307/307
f 310/310 314/314 307/307
f 303/303 309/309 313/313
f 305/305 313/313 309/309
f 321/321 316/316 323/323
f 323/323 315/315 321/321
f 317/317 333/333 321/321
f 315/315 325/325 334/334
f 329/329 330/330 331/331
f 335/335 326/326 316/316
f 317/317 332/332 336/336
f 332/332 319/319 336/336
f 337/337 318/318 333/333
f 317/317 337/337 333/333
f 317/317 321/321 332/332
f 323/323 316/316 326/326
f 339/339 340/340 328/328
f 322/322 341/341 320/320
f 322/322 338/338 341/341
f 326/326 335/335 324/324
f 323/323 327/327 315/315
f 325/325 315/315 327/327
f 339/339 328/328 329/329
f 317/317 336/336 342/342
f 331/331 330/330 322/322
f 329/329 328/328 330/330
f 317/317 342/342 337/337
f 320/320 331/331 322/322
f 332/332 315/315 319/319
f 332/332 321/321 315/315
f 333/333 316/316 321/321
f 333/333 318/318 316/316
f 359/359 345/345 360/360
f 359/359 344/344 343/343
f 347/347 366/366 343/343
f 369/369 344/344 370/370
f 344/344 369/369 343/343
f 357/357 358/358 371/371
f 348/348 357/357 351/351
f 358/358 348/348 361/361
f 345/345 363/363 372/372
f 372/372 373/373 345/345
f 343/343 369/369 347/347
f 346/346 373/373 374/374
f 373/373 346/346 345/345
f 375/375 370/370 344/344
f 346/346 374/374 376/376
f 355/355 354/354 352/352
f 355/355 349/349 356/356
f 357/357 354/354 356/356
f 357/357 349/349 351/351
f 356/356 354/354 355/355
f 357/357 356/356 349/349
f 355/355 353/353 349/349
f 350/350 354/354 357/357
f 371/371 350/350 357/357
f 367/367 371/371 358/358
f 357/357 348/348 358/358
f 361/361 348/348 377/377
f 362/362 343/343 366/366
f 360/360 344/344 359/359
f 360/360 345/345 346/346
f 359/359 343/343 362/362
f 362/362 345/345 359/359
f 378/378 371/371 367/367
f 366/366 347/347 364/364
f 362/362 365/365 345/345
f 363/363 345/345 365/365
f 368/368 358/358 361/361
f 367/367 358/358 368/368
f 379/379 387/387 381/381
f 387/387 379/379 382/382
f 391/391 383/383 390/390
f 383/383 391/391 392/392
f 389/389 379/379 393/393
f 379/379 389/389 382/382
f 384/384 380/380 388/388
f 384/384 388/388 386/386
f 386/386 388/388 385/385
f 388/388 394/394 385/385
f 381/381 387/387 392/392
f 383/383 392/392 387/387
f 401/401 396/396 403/403
f 403/403 395/395 401/401
f 397/397 413/413 401/401
f 395/395 405/405 414/414
f 409/409 410/410 411/411
f 415/415 406/406 396/396
f 397/397 412/412 416/416
f 412/412 399/399 416/416
f 417/417 398/398 413/413
f 397/397 417/417 413/413
f 397/397 401/401 412/412
f 403/403 396/396 406/406
f 414/414 405/405 408/408
f 402/402 419/419 400/400
f 402/402 418/418 419/419
f 406/406 415/415 404/404
f 403/403 407/407 395/395
f 405/405 395/395 407/407
f 414/414 408/408 409/409
f 397/397 416/416 420/420
f 411/411 410/410 402/402
f 409/409 408/408 410/410
f 397/397 420/420 417/417
f 400/400 411/411 402/402
f 412/412 395/395 399/399
f 412/412 401/401 395/395
f 413/413 396/396 401/401
f 413/413 398/398 396/396
f 437/437 423/423 438/438
f 437/437 422/422 421/421
f 425/425 444/444 421/421
f 428/428 422/422 432/432
f 422/422 428/428 421/421
f 435/435 436/436 425/425
f 426/426 435/435 429/429
f 436/436 426/426 439/439
f 423/423 441/441 447/447
f 447/447 448/448 423/423
f 421/421 428/428 425/425
f 424/424 448/448 449/449
f 448/448 424/424 423/423
f 430/430 432/432 422/422
f 424/424 449/449 450/450
f 433/433 432/432 430/430
f 433/433 427/427 434/434
f 435/435 432/432 434/434
f 435/435 427/427 429/429
f 434/434 432/432 433/433
f 435/435 434/434 427/427
f 433/433 431/431 427/427
f 428/428 432/432 435/435
f 425/425 428/428 435/435
f 445/445 425/425 436/436
f 435/435 426/426 436/436
f 439/439 426/426 451/451
f 440/440 421/421 444/444
f 438/438 422/422 437/437
f 438/438 423/423 424/424
f 437/437 421/421 440/440
f 440/440 423/423 437/437
f 442/442 425/425 445/445
f 444/444 425/425 442/442
f 440/440 443/443 423/423
f 441/441 423/423 443/443
f 446/446 436/436 439/439
f 445/445 436/436 446/446
f 452/452 460/460 454/454
f 460/460 452/452 455/455
f 463/463 456/456 462/462
f 456/456 463/463 464/464
f 457/457 452/452 453/453
f 452/452 457/457 455/455
f 457/457 453/453 461/461
f 457/457 461/461 459/459
f 459/459 461/461 458/458
f 461/461 465/465 458/458
f 454/454 460/460 464/464
f 456/456 464/464 460/460
f 472/472 467/467 474/474
f 474/474 466/466 472/472
f 468/468 484/484 472/472
f 466/466 476/476 485/485
f 480/480 481/481 482/482
f 486/486 477/477 467/467
f 468/468 483/483 487/487
f 483/483 470/470 487/487
f 488/488 469/469 484/484
f 468/468 488/488 484/484
f 468/468 472/472 483/483
f 474/474 467/467 477/477
f 490/490 491/491 479/479
f 473/473 492/492 471/471
f 473/473 489/489 492/492
f 477/477 486/486 475/475
f 474/474 478/478 466/466
f 476/476 466/466 478/478
f 490/490 479/479 480/480
f 468/468 487/487 493/493
f 482/482 481/481 473/473
f 480/480 479/479 481/481
f 468/468 493/493 488/488
f 471/471 482/482 473/473
f 483/483 466/466 470/470
f 483/483 472/472 466/466
f 484/484 467/467 472/472
f 484/484 469/469 467/467
f 510/510 496/496 511/511
f 510/510 495/495 494/494
f 498/498 517/517 494/494
f 520/520 495/495 521/521
f 495/495 520/520 494/494
f 508/508 509/509 522/522
f 499/499 508/508 502/502
f 509/509 499/499 512/512
f 496/496 514/514 523/523
f 523/523 524/524 496/496
f 494/494 520/520 498/498
f 497/497 524/524 525/525
f 524/524 497/497 496/496
f 526/526 521/521 495/495
f 497/497 525/525 527/527
f 506/506 505/505 503/503
f 506/506 500/500 507/507
f 508/508 505/505 507/507
f 508/508 500/500 502/502
f 507/507 505/505 506/506
f 508/508 507/507 500/500
f 506/506 504/504 500/500
f 501/501 505/505 508/508
f 522/522 501/501 508/508
f 518/518 522/522 509/509
f 508/508 499/499 509/509
f 512/512 499/499 528/528
f 513/513 494/494 517/517
f 511/511 495/495 510/510
f 511/511 496/496 497/497
f 510/510 494/494 513/513
f 513/513 496/496 510/510
f 529/529 522/522 518/518
f 517/517 498/498 515/515
f 513/513 516/516 496/496
f 514/514 496/496 516/516
f 519/519 509/509 512/512
f 518/518 509/509 519/519
f 530/530 540/540 534/534
f 540/540 530/530 535/535
f 544/544 536/536 543/543
f 536/536 544/544 531/531
f 542/542 530/530 545/545
f 530/530 542/542 535/535
f 537/537 532/532 541/541
f 537/537 541/541 539/539
f 539/539 541/541 538/538
f 541/541 533/533 538/538
f 534/534 540/540 531/531
f 536/536 531/531 540/540
f 587/587 588/588 570/570
f 569/569 570/570 550/550
f 567/567 568/568 589/589
f 567/567 546/546 547/547
f 549/549 547/547 590/590
f 547/547 568/568 567/567
f 546/546 567/567 591/591
f 570/570 588/588 550/550
f 590/590 592/592 549/549
f 574/574 560/560 588/588
f 550/550 588/588 560/560
f 571/571 593/593 594/594
f 557/557 561/561 555/555
f 561/561 557/557 562/562
f 559/559 562/562 557/557
f 563/563 561/561 564/564
f 562/562 564/564 561/561
f 564/564 562/562 558/558
f 560/560 558/558 562/562
f 560/560 565/565 550/550
f 562/562 559/559 560/560
f 565/565 560/560 559/559
f 565/565 569/569 550/550
f 596/596 565/565 597/597
f 547/547 549/549 568/568
f 549/549 569/569 568/568
f 565/565 596/596 569/569
f 596/596 568/568 569/569
f 569/569 549/549 570/570
f 587/587 570/570 549/549
f 571/571 594/594 553/553
f 553/553 566/566 571/571
f 592/592 587/587 549/549
f 558/558 560/560 574/574
f 598/598 548/548 599/599
f 551/551 599/599 548/548
f 600/600 573/573 601/601
f 552/552 601/601 573/573
f 602/602 603/603 598/598
f 548/548 598/598 603/603
f 604/604 595/595 605/605
f 563/563 605/605 595/595
f 605/605 563/563 606/606
f 564/564 606/606 563/563
f 606/606 564/564 607/607
f 558/558 607/607 564/564
f 601/601 552/552 608/608
f 554/554 608/608 552/552
f 609/609 572/572 610/610
f 556/556 610/610 572/572
f 608/608 554/554 609/609
f 572/572 609/609 554/554
f 599/599 551/551 600/600
f 573/573 600/600 551/551
f 607/607 558/558 611/611
f 574/574 611/611 558/558
f 575/575 586/586 576/576
f 577/577 586/586 578/578
f 576/576 586/586 579/579
f 580/580 586/586 585/585
f 582/582 586/586 580/580
f 583/583 586/586 582/582
f 584/584 586/586 577/577
f 581/581 580/580 585/585
f 585/585 586/586 584/584
f 578/578 586/586 575/575
f 579/579 586/586 583/583
f 614/614 612/612 613/613
f 617/617 613/613 615/615
f 620/620 627/627 630/630
f 613/613 617/617 629/629
f 613/613 612/612 615/615
f 623/623 621/621 622/622
f 621/621 623/623 618/618
f 619/619 618/618 623/623
f 618/618 619/619 626/626
f 633/633 632/632 628/628
f 625/625 626/626 619/619
f 615/615 620/620 631/631
f 624/624 633/633 626/626
f 628/628 626/626 633/633
f 620/620 615/615 627/627
f 615/615 612/612 627/627
f 616/616 613/613 629/629
f 640/640 634/634 641/641
f 636/636 643/643 644/644
f 637/637 636/636 644/644
f 637/637 644/644 645/645
f 641/641 634/634 642/642
f 638/638 639/639 646/646
f 635/635 639/639 638/638
f 656/656 648/648 647/647
f 656/656 647/647 649/649
f 652/652 653/653 658/658
f 658/658 650/650 652/652
f 651/651 653/653 652/652
f 656/656 649/649 657/657
f 658/658 654/654 650/650
f 658/658 660/660 655/655
f 658/658 655/655 654/654
f 660/660 659/659 655/655
f 661/661 672/672 673/673
f 663/663 661/661 673/673
f 661/661 674/674 672/672
f 671/671 675/675 676/676
f 662/662 671/671 677/677
f 677/677 671/671 676/676
f 666/666 678/678 665/665
f 664/664 679/679 680/680
f 681/681 668/668 680/680
f 666/666 682/682 678/678
f 666/666 670/670 667/667
f 665/665 670/670 666/666
f 674/674 683/683 672/672
f 667/667 668/668 666/666
f 668/668 669/669 664/664
f 667/667 669/669 668/668
f 668/668 664/664 680/680
f 666/666 668/668 682/682
f 675/675 671/671 673/673
f 682/682 668/668 681/681
f 671/671 663/663 673/673
f 689/689 684/684 693/693
f 686/686 694/694 695/695
f 687/687 686/686 695/695
f 692/692 689/689 693/693
f 687/687 695/695 696/696
f 684/684 691/691 693/693
f 688/688 690/690 697/697
f 685/685 690/690 688/688
f 701/701 698/698 702/702
f 699/699 700/700 703/703
f 705/705 712/712 713/713
f 706/706 705/705 713/713
f 706/706 713/713 714/714
f 708/708 710/710 715/715
f 708/708 715/715 711/711
f 707/707 709/709 716/716
f 704/704 709/709 707/707
f 719/719 727/727 720/720
f 719/719 728/728 727/727
f 720/720 727/727 726/726
f 722/722 725/725 729/729
f 722/722 729/729 724/724
f 721/721 723/723 718/718
f 717/717 723/723 721/721
f 731/731 732/732 730/730
f 731/731 733/733 732/732
f 735/735 736/736 734/734
f 732/732 737/737 736/736
f 737/737 763/763 736/736
f 736/736 763/763 739/739
f 735/735 742/742 741/741
f 735/735 734/734 742/742
f 743/743 742/742 734/734
f 761/761 759/759 762/762
f 744/744 739/739 738/738
f 740/740 730/730 741/741
f 747/747 764/764 746/746
f 757/757 750/750 758/758
f 741/741 748/748 751/751
f 742/742 743/743 752/752
f 741/741 742/742 752/752
f 756/756 748/748 752/752
f 753/753 765/765 747/747
f 747/747 765/765 764/764
f 753/753 745/745 765/765
f 745/745 766/766 765/765
f 741/741 730/730 735/735
f 733/733 737/737 732/732
f 735/735 732/732 736/736
f 730/730 732/732 735/735
f 740/740 741/741 751/751
f 748/748 741/741 752/752
f 746/746 750/750 749/749
f 767/767 744/744 738/738
f 736/736 759/759 734/734
f 745/745 753/753 754/754
f 734/734 760/760 743/743
f 752/752 743/743 755/755
f 749/749 754/754 753/753
f 743/743 768/768 755/755
f 745/745 755/755 769/769
f 758/758 751/751 748/748
f 747/747 749/749 753/753
f 746/746 749/749 747/747
f 749/749 757/757 756/756
f 756/756 752/752 755/755
f 755/755 745/745 754/754
f 754/754 756/756 755/755
f 749/749 756/756 754/754
f 756/756 757/757 748/748
f 749/749 750/750 757/757
f 757/757 758/758 748/748
f 736/736 762/762 759/759
f 761/761 762/762 744/744
f 734/734 759/759 760/760
f 770/770 769/769 755/755
f 768/768 770/770 755/755
f 760/760 759/759 761/761
f 736/736 739/739 762/762
f 762/762 739/739 744/744
f 772/772 779/779 782/782
f 778/778 779/779 772/772
f 772/772 782/782 776/776
f 776/776 782/782 785/785
f 783/783 787/787 774/774
f 774/774 787/787 788/788
f 775/775 781/781 771/771
f 771/771 780/780 779/779
f 771/771 779/779 778/778
f 771/771 781/781 780/780
f 773/773 777/777 786/786
f 774/774 784/784 783/783
f 776/776 785/785 777/777
f 774/774 773/773 784/784
f 773/773 786/786 784/784
f 777/777 785/785 786/786
f 790/790 795/795 797/797
f 789/789 797/797 795/795
f 807/807 791/791 795/795
f 799/799 789/789 808/808
f 804/804 803/803 805/805
f 800/800 809/809 790/790
f 806/806 791/791 810/810
f 793/793 806/806 810/810
f 792/792 811/811 807/807
f 811/811 791/791 807/807
f 795/795 791/791 806/806
f 790/790 797/797 800/800
f 799/799 808/808 802/802
f 813/813 796/796 794/794
f 812/812 796/796 813/813
f 809/809 800/800 798/798
f 801/801 797/797 789/789
f 789/789 799/799 801/801
f 802/802 808/808 803/803
f 810/810 791/791 814/814
f 804/804 805/805 796/796
f 802/802 803/803 804/804
f 814/814 791/791 811/811
f 805/805 794/794 796/796
f 789/789 806/806 793/793
f 795/795 806/806 789/789
f 790/790 807/807 795/795
f 792/792 807/807 790/790
f 817/817 831/831 832/832
f 816/816 831/831 815/815
f 838/838 819/819 815/815
f 816/816 822/822 826/826
f 822/822 816/816 815/815
f 830/830 829/829 819/819
f 829/829 820/820 823/823
f 820/820 830/830 833/833
f 835/835 817/817 841/841
f 842/842 841/841 817/817
f 822/822 815/815 819/819
f 842/842 818/818 843/843
f 818/818 842/842 817/817
f 826/826 824/824 816/816
f 843/843 818/818 844/844
f 826/826 827/827 824/824
f 821/821 827/827 828/828
f 826/826 829/829 828/828
f 821/821 829/829 823/823
f 826/826 828/828 827/827
f 828/828 829/829 821/821
f 825/825 827/827 821/821
f 826/826 822/822 829/829
f 822/822 819/819 829/829
f 819/819 839/839 830/830
f 820/820 829/829 830/830
f 820/820 833/833 845/845
f 815/815 834/834 838/838
f 816/816 832/832 831/831
f 817/817 832/832 818/818
f 815/815 831/831 834/834
f 817/817 834/834 831/831
f 819/819 836/836 839/839
f 819/819 838/838 836/836
f 837/837 834/834 817/817
f 817/817 835/835 837/837
f 830/830 840/840 833/833
f 830/830 839/839 840/840
f 854/854 846/846 848/848
f 846/846 854/854 849/849
f 850/850 857/857 856/856
f 857/857 850/850 858/858
f 846/846 851/851 847/847
f 851/851 846/846 849/849
f 847/847 851/851 855/855
f 855/855 851/851 853/853
f 855/855 853/853 852/852
f 859/859 855/855 852/852
f 854/854 848/848 858/858
f 858/858 850/850 854/854
f 861/861 866/866 868/868
f 860/860 868/868 866/866
f 878/878 862/862 866/866
f 870/870 860/860 879/879
f 875/875 874/874 876/876
f 871/871 880/880 861/861
f 877/877 862/862 881/881
f 864/864 877/877 881/881
f 863/863 882/882 878/878
f 882/882 862/862 878/878
f 866/866 862/862 877/877
f 861/861 868/868 871/871
f 884/884 885/885 873/873
f 886/886 867/867 865/865
f 883/883 867/867 886/886
f 880/880 871/871 869/869
f 872/872 868/868 860/860
f 860/860 870/870 872/872
f 873/873 885/885 874/874
f 881/881 862/862 887/887
f 875/875 876/876 867/867
f 873/873 874/874 875/875
f 887/887 862/862 882/882
f 876/876 865/865 867/867
f 860/860 877/877 864/864
f 866/866 877/877 860/860
f 861/861 878/878 866/866
f 863/863 878/878 861/861
f 890/890 904/904 905/905
f 889/889 904/904 888/888
f 911/911 892/892 888/888
f 889/889 914/914 915/915
f 914/914 889/889 888/888
f 903/903 902/902 916/916
f 902/902 893/893 896/896
f 893/893 903/903 906/906
f 908/908 890/890 917/917
f 918/918 917/917 890/890
f 914/914 888/888 892/892
f 918/918 891/891 919/919
f 891/891 918/918 890/890
f 915/915 920/920 889/889
f 919/919 891/891 921/921
f 899/899 900/900 897/897
f 894/894 900/900 901/901
f 899/899 902/902 901/901
f 894/894 902/902 896/896
f 899/899 901/901 900/900
f 901/901 902/902 894/894
f 898/898 900/900 894/894
f 899/899 895/895 902/902
f 895/895 916/916 902/902
f 916/916 912/912 903/903
f 893/893 902/902 903/903
f 893/893 906/906 922/922
f 888/888 907/907 911/911
f 889/889 905/905 904/904
f 890/890 905/905 891/891
f 888/888 904/904 907/907
f 890/890 907/907 904/904
f 916/916 923/923 912/912
f 892/892 911/911 909/909
f 910/910 907/907 890/890
f 890/890 908/908 910/910
f 903/903 913/913 906/906
f 903/903 912/912 913/913
f 932/932 924/924 926/926
f 924/924 932/932 927/927
f 928/928 936/936 935/935
f 936/936 928/928 937/937
f 924/924 934/934 938/938
f 934/934 924/924 927/927
f 925/925 929/929 933/933
f 933/933 929/929 931/931
f 933/933 931/931 930/930
f 939/939 933/933 930/930
f 932/932 926/926 937/937
f 937/937 928/928 932/932
f 941/941 946/946 948/948
f 940/940 948/948 946/946
f 958/958 942/942 946/946
f 950/950 940/940 959/959
f 955/955 954/954 956/956
f 951/951 960/960 941/941
f 957/957 942/942 961/961
f 944/944 957/957 961/961
f 943/943 962/962 958/958
f 962/962 942/942 958/958
f 946/946 942/942 957/957
f 941/941 948/948 951/951
f 950/950 959/959 953/953
f 964/964 947/947 945/945
f 963/963 947/947 964/964
f 960/960 951/951 949/949
f 952/952 948/948 940/940
f 940/940 950/950 952/952
f 953/953 959/959 954/954
f 961/961 942/942 965/965
f 955/955 956/956 947/947
f 953/953 954/954 955/955
f 965/965 942/942 962/962
f 956/956 945/945 947/947
f 940/940 957/957 944/944
f 946/946 957/957 940/940
f 941/941 958/958 946/946
f 943/943 958/958 941/941
f 968/968 982/982 983/983
f 967/967 982/982 966/966
f 989/989 970/970 966/966
f 967/967 973/973 977/977
f 973/973 967/967 966/966
f 981/981 980/980 970/970
f 980/980 971/971 974/974
f 971/971 981/981 984/984
f 986/986 968/968 992/992
f 993/993 992/992 968/968
f 973/973 966/966 970/970
f 993/993 969/969 994/994
f 969/969 993/993 968/968
f 977/977 975/975 967/967
f 994/994 969/969 995/995
f 977/977 978/978 975/975
f 972/972 978/978 979/979
f 977/977 980/980 979/979
f 972/972 980/980 974/974
f 977/977 979/979 978/978
f 979/979 980/980 972/972
f 976/976 978/978 972/972
f 977/977 973/973 980/980
f 973/973 970/970 980/980
f 970/970 990/990 981/981
f 971/971 980/980 981/981
f 971/971 984/984 996/996
f 966/966 985/985 989/989
f 967/967 983/983 982/982
f 968/968 983/983 969/969
f 966/966 982/982 985/985
f 968/968 985/985 982/982
f 970/970 987/987 990/990
f 970/970 989/989 987/987
f 988/988 985/985 968/968
f 968/968 986/986 988/988
f 981/981 991/991 984/984
f 981/981 990/990 991/991
f 1005/1005 997/997 999/999
f 997/997 1005/1005 1000/1000
f 1001/1001 1008/1008 1007/1007
f 1008/1008 1001/1001 1009/1009
f 997/997 1002/1002 998/998
f 1002/1002 997/997 1000/1000
f 998/998 1002/1002 1006/1006
f 1006/1006 1002/1002 1004/1004
f 1006/1006 1004/1004 1003/1003
f 1010/1010 1006/1006 1003/1003
f 1005/1005 999/999 1009/1009
f 1009/1009 1001/1001 1005/1005
f 1012/1012 1017/1017 1019/1019
f 1011/1011 1019/1019 1017/1017
f 1029/1029 1013/1013 1017/1017
f 1021/1021 1011/1011 1030/1030
f 1026/1026 1025/1025 1027/1027
f 1022/1022 1031/1031 1012/1012
f 1028/1028 1013/1013 1032/1032
f 1015/1015 1028/1028 1032/1032
f 1014/1014 1033/1033 1029/1029
f 1033/1033 1013/1013 1029/1029
f 1017/1017 1013/1013 1028/1028
f 1012/1012 1019/1019 1022/1022
f 1035/1035 1036/1036 1024/1024
f 1037/1037 1018/1018 1016/1016
f 1034/1034 1018/1018 1037/1037
f 1031/1031 1022/1022 1020/1020
f 1023/1023 1019/1019 1011/1011
f 1011/1011 1021/1021 1023/1023
f 1024/1024 1036/1036 1025/1025
f 1032/1032 1013/1013 1038/1038
f 1026/1026 1027/1027 1018/1018
f 1024/1024 1025/1025 1026/1026
f 1038/1038 1013/1013 1033/1033
f 1027/1027 1016/1016 1018/1018
f 1011/1011 1028/1028 1015/1015
f 1017/1017 1028/1028 1011/1011
f 1012/1012 1029/1029 1017/1017
f 1014/1014 1029/1029 1012/1012
f 1041/1041 1055/1055 1056/1056
f 1040/1040 1055/1055 1039/1039
f 1062/1062 1043/1043 1039/1039
f 1040/1040 1065/1065 1066/1066
f 1065/1065 1040/1040 1039/1039
f 1054/1054 1053/1053 1067/1067
f 1053/1053 1044/1044 1047/1047
f 1044/1044 1054/1054 1057/1057
f 1059/1059 1041/1041 1068/1068
f 1069/1069 1068/1068 1041/1041
f 1065/1065 1039/1039 1043/1043
f 1069/1069 1042/1042 1070/1070
f 1042/1042 1069/1069 1041/1041
f 1066/1066 1071/1071 1040/1040
f 1070/1070 1042/1042 1072/1072
f 1050/1050 1051/1051 1048/1048
f 1045/1045 1051/1051 1052/1052
f 1050/1050 1053/1053 1052/1052
f 1045/1045 1053/1053 1047/1047
f 1050/1050 1052/1052 1051/1051
f 1052/1052 1053/1053 1045/1045
f 1049/1049 1051/1051 1045/1045
f 1050/1050 1046/1046 1053/1053
f 1046/1046 1067/1067 1053/1053
f 1067/1067 1063/1063 1054/1054
f 1044/1044 1053/1053 1054/1054
f 1044/1044 1057/1057 1073/1073
f 1039/1039 1058/1058 1062/1062
f 1040/1040 1056/1056 1055/1055
f 1041/1041 1056/1056 1042/1042
f 1039/1039 1055/1055 1058/1058
f 1041/1041 1058/1058 1055/1055
f 1067/1067 1074/1074 1063/1063
f 1043/1043 1062/1062 1060/1060
f 1061/1061 1058/1058 1041/1041
f 1041/1041 1059/1059 1061/1061
f 1054/1054 1064/1064 1057/1057
f 1054/1054 1063/1063 1064/1064
f 1085/1085 1075/1075 1079/1079
f 1075/1075 1085/1085 1080/1080
f 1081/1081 1089/1089 1088/1088
f 1089/1089 1081/1081 1076/1076
f 1075/1075 1087/1087 1090/1090
f 1087/1087 1075/1075 1080/1080
f 1077/1077 1082/1082 1086/1086
f 1086/1086 1082/1082 1084/1084
f 1086/1086 1084/1084 1083/1083
f 1078/1078 1086/1086 1083/1083
f 1085/1085 1079/1079 1076/1076
f 1076/1076 1081/1081 1085/1085

g PV-M4A1_S_BornBeast_Classic_Fview-arm2
usemtl Fview-hand2
v -1.4755508638515209 2.1384462520154686 -0.84221653165419286
v -1.4684970482990465 2.0763239151642825 -0.8428102039626284
v -1.462556160067531 2.0353302591462001 -0.77234190142670178
v -1.2992580947321071 2.0708606304736974 -0.8588427751820169
v -1.30186492150086 2.1475179425283737 -0.86697864390213197
v -1.5603216048959916 2.1346895669542776 -0.83846369935412446
v -1.5603339614992309 2.0789479578746271 -0.83337996369842848
v -1.5592081222220782 2.048352730577919 -0.7624661726416474
v -1.4718063965553307 2.1096911867337287 -0.65219299915123552
v -1.4766674009666845 2.1819462159175265 -0.7980622404881923
v -1.5601992884077476 2.1153452351642086 -0.65752466519158748
v -1.561339983376435 2.1718090807612778 -0.79558894139545389
v -1.5610389820750579 2.1534285640238653 -0.68162205412012888
v -1.5617020735028146 2.1781337178844016 -0.73839964430800242
v -1.4753510756261141 2.1565213246278674 -0.67649900785435391
v -1.4765620227435547 2.1880045612989334 -0.73291802863122157
v -1.5588654694491084 2.0640397854856656 -0.67041380744258572
v -1.469763114197228 2.0545704622572876 -0.66873276706518636
v -1.3030283859406846 2.2113105033904299 -0.80614600148186677
v -1.3083504721425703 2.1600983530082543 -0.64381836987825736
v -1.2976754776498203 2.0037637195319484 -0.79298374597600507
v -1.3090549373654425 2.1109124078808286 -0.62835038218696138
v -1.3252139034463353 2.0417004352115988 -0.64853742520668389
v -1.1614541315483056 2.0234398747123734 -0.63550779709763294
v -1.1570099195293568 2.0942845850680398 -0.62915312318931793
v -1.15889666177339 2.1540264014794603 -0.63885459263009603
v -1.1796658904066479 2.2230034598489068 -0.78627617563592545
v -1.1723835471133679 2.0126563087170051 -0.79389974861022927
v -1.1690692006804926 1.9912316247591157 -0.69875696244842156
v -1.1843977752560639 2.0758590847413072 -0.86117645507102036
v -1.185329240999117 2.1573501889125635 -0.86289577575403043
v -1.306296082725376 2.2082477318459746 -0.71415070422225591
v -1.1685627187859244 2.2139492629540705 -0.69436008125276516
v -1.3009292906106475 2.0011396768216039 -0.70913131358212833
v -1.4664259982932153 2.0323094167498152 -0.70492980382041182
v -1.5590213847911041 2.0496103273435433 -0.7019692389130725
v -1.2353403017787956 2.030468421705415 -0.62928560090115271
v -1.3048529980729253 2.2035944294396304 -0.74932560627187861
v -1.4766146424360003 2.1819059528283202 -0.76545133361070128
v -1.30186492150086 2.1475179425283737 -0.86697864390213197
v -1.4755508638515209 2.1384462520154686 -0.84221653165419286
v -1.5603216048959916 2.1346895669542776 -0.83846369935412446
v -1.185329240999117 2.1573501889125635 -0.86289577575403043
v -1.0819225902772507 2.0759232280075604 -0.8695876226635838
v -1.0301116999909292 2.157626477007462 -0.84664338889331114
v -1.0425212700181601 2.2102997610131117 -0.77793910427584756
v -1.0858991951084511 2.1497776737005205 -0.64487515231711767
v -1.0337311434532217 2.0193280414367352 -0.79955679074022989
v -1.0348408080755724 2.0929356327413888 -0.64540769241360096
v -1.0846090407758651 2.0370804539825285 -0.64410196433546463
v -1.0276447527476087 1.9997310240523365 -0.7100347969120524
v -1.1614541315483056 2.0234398747123734 -0.63550779709763294
v -1.1570099195293568 2.0942845850680398 -0.62915312318931793
v -1.15889666177339 2.1540264014794603 -0.63885459263009603
v -1.1796658904066479 2.2230034598489068 -0.78627617563592545
v -1.1723835471133679 2.0126563087170051 -0.79389974861022927
v -1.1690692006804926 1.9912316247591157 -0.69875696244842156
v -1.1843977752560639 2.0758590847413072 -0.86117645507102036
v -1.185329240999117 2.1573501889125635 -0.86289577575403043
v -0.66377138803066293 1.9853857018828316 -0.8025838895347438
v -0.66377124919242425 2.08378758119723 -0.86916369745666855
v -0.66377138803066293 2.190705520393486 -0.84710066998706024
v -0.66377152686890151 2.25 -0.75791249534891902
v -0.66377166570714019 1.9708957102686613 -0.70050977568715667
v -0.66377194338361745 2.0115966952796849 -0.60228908678222948
v -0.66765781742586505 2.1408878612802367 -0.58711153350074141
v -0.66377194338361745 2.2153118214281085 -0.66022070637540564
v -1.0345170373030579 2.0787641360466647 -0.86122740870460224
v -1.0814136092943871 2.1577342154806489 -0.86996307597043299
v -1.0974624766520362 2.2126419620990121 -0.77456071870539822
v -1.0381126005883039 2.1511907692934242 -0.64099639807329545
v -1.0812242339368785 2.0198600695672133 -0.79917434345710914
v -1.0824500367458538 2.0928390013272935 -0.64803385457643226
v -1.036632584964374 2.0424254484937903 -0.64772274411580399
v -1.0795052082851255 1.9941072423578805 -0.70901571990172108
v -1.1312395292828357 2.149781283494725 -0.8648087410703873
v -1.1292574051688551 2.0800275640183119 -0.8623453342021522
v -1.1685627187859244 2.2139492629540705 -0.69436008125276516
v -1.0954649414935662 2.2044038563709165 -0.7020823573680065
v -1.040471462262841 2.2024409613529881 -0.70208759851151525
v -0.93962721007336214 2.095481370685139 -0.63127862381686684
v -0.87058503656999209 2.1829547368830262 -0.65642726605988189
v -0.91938112392330951 2.0391338715320524 -0.63140630293207844
v -0.83714168164576996 2.1099058306506699 -0.60661070029776176
v -0.82191772168301569 2.0249904201615339 -0.61813456913635212
v -0.85537301669576093 1.9899218248157617 -0.70812242599690478
v -0.8114916641521519 2.0811252191330198 -0.86882972207361386
v -1.0705538905251233 2.1769483170028709 -0.80276018806565008
v -1.1200656195795238 2.1754608041140546 -0.81423222685427721
v -1.0299879257011795 2.1825165634018702 -0.81201165674281794
v -1.1312395292828357 2.149781283494725 -0.8648087410703873
v -1.0814136092943871 2.1577342154806489 -0.86996307597043299
v -1.185329240999117 2.1573501889125635 -0.86289577575403043
v -0.66377138803066293 2.190705520393486 -0.84710066998706024
v -1.0301116999909292 2.157626477007462 -0.84664338889331114
v 1.4755508638515209 2.1384462520154686 -0.84221653165419286
v 1.4684970482990465 2.0763239151642825 -0.8428102039626284
v 1.462556160067531 2.0353302591462001 -0.77234190142670178
v 1.2992580947321071 2.0708606304736974 -0.8588427751820169
v 1.30186492150086 2.1475179425283737 -0.86697864390213197
v 1.5603216048959916 2.1346895669542776 -0.83846369935412446
v 1.5603339614992309 2.0789479578746271 -0.83337996369842848
v 1.5592081222220782 2.048352730577919 -0.7624661726416474
v 1.4718063965553307 2.1096911867337287 -0.65219299915123552
v 1.4766674009666845 2.1819462159175265 -0.7980622404881923
v 1.5601992884077476 2.1153452351642086 -0.65752466519158748
v 1.561339983376435 2.1718090807612778 -0.79558894139545389
v 1.5610389820750579 2.1534285640238653 -0.68162205412012888
v 1.5617020735028146 2.1781337178844016 -0.73839964430800242
v 1.4753510756261141 2.1565213246278674 -0.67649900785435391
v 1.4765620227435547 2.1880045612989334 -0.73291802863122157
v 1.5588654694491084 2.0640397854856656 -0.67041380744258572
v 1.469763114197228 2.0545704622572876 -0.66873276706518636
v 1.3030283859406846 2.2113105033904299 -0.80614600148186677
v 1.3083504721425703 2.1600983530082543 -0.64381836987825736
v 1.2976754776498203 2.0037637195319484 -0.79298374597600507
v 1.3090549373654425 2.1109124078808286 -0.62835038218696138
v 1.3252139034463353 2.0417004352115988 -0.64853742520668389
v 1.1614541315483056 2.0234398747123734 -0.63550779709763294
v 1.1570099195293568 2.0942845850680398 -0.62915312318931793
v 1.15889666177339 2.1540264014794603 -0.63885459263009603
v 1.1796658904066479 2.2230034598489068 -0.78627617563592545
v 1.1723835471133679 2.0126563087170051 -0.79389974861022927
v 1.1690692006804926 1.9912316247591157 -0.69875696244842156
v 1.1843977752560639 2.0758590847413072 -0.86117645507102036
v 1.185329240999117 2.1573501889125635 -0.86289577575403043
v 1.306296082725376 2.2082477318459746 -0.71415070422225591
v 1.1685627187859244 2.2139492629540705 -0.69436008125276516
v 1.3009292906106475 2.0011396768216039 -0.70913131358212833
v 1.4664259982932153 2.0323094167498152 -0.70492980382041182
v 1.5590213847911041 2.0496103273435433 -0.7019692389130725
v 1.2353403017787956 2.030468421705415 -0.62928560090115271
v 1.3048529980729253 2.2035944294396304 -0.74932560627187861
v 1.4766146424360003 2.1819059528283202 -0.76545133361070128
v 1.30186492150086 2.1475179425283737 -0.86697864390213197
v 1.4755508638515209 2.1384462520154686 -0.84221653165419286
v 1.5603216048959916 2.1346895669542776 -0.83846369935412446
v 1.185329240999117 2.1573501889125635 -0.86289577575403043
v 1.0819225902772507 2.0759232280075604 -0.8695876226635838
v 1.0301116999909292 2.157626477007462 -0.84664338889331114
v 1.0425212700181601 2.2102997610131117 -0.77793910427584756
v 1.0858991951084511 2.1497776737005205 -0.64487515231711767
v 1.0337311434532217 2.0193280414367352 -0.79955679074022989
v 1.0348408080755724 2.0929356327413888 -0.64540769241360096
v 1.0846090407758651 2.0370804539825285 -0.64410196433546463
v 1.0276447527476087 1.9997310240523365 -0.7100347969120524
v 1.1614541315483056 2.0234398747123734 -0.63550779709763294
v 1.1570099195293568 2.0942845850680398 -0.62915312318931793
v 1.15889666177339 2.1540264014794603 -0.63885459263009603
v 1.1796658904066479 2.2230034598489068 -0.78627617563592545
v 1.1723835471133679 2.0126563087170051 -0.79389974861022927
v 1.1690692006804926 1.9912316247591157 -0.69875696244842156
v 1.1843977752560639 2.0758590847413072 -0.86117645507102036
v 1.185329240999117 2.1573501889125635 -0.86289577575403043
v 0.66377138803066293 1.9853857018828316 -0.8025838895347438
v 0.66377124919242425 2.08378758119723 -0.86916369745666855
v 0.66377138803066293 2.190705520393486 -0.84710066998706024
v 0.66377152686890151 2.25 -0.75791249534891902
v 0.66377166570714019 1.9708957102686613 -0.70050977568715667
v 0.66377194338361745 2.0115966952796849 -0.60228908678222948
v 0.66765781742586505 2.1408878612802367 -0.58711153350074141
v 0.66377194338361745 2.2153118214281085 -0.66022070637540564
v 1.0345170373030579 2.0787641360466647 -0.86122740870460224
v 1.0814136092943871 2.1577342154806489 -0.86996307597043299
v 1.0974624766520362 2.2126419620990121 -0.77456071870539822
v 1.0381126005883039 2.1511907692934242 -0.64099639807329545
v 1.0812242339368785 2.0198600695672133 -0.79917434345710914
v 1.0824500367458538 2.0928390013272935 -0.64803385457643226
v 1.036632584964374 2.0424254484937903 -0.64772274411580399
v 1.0795052082851255 1.9941072423578805 -0.70901571990172108
v 1.1312395292828357 2.149781283494725 -0.8648087410703873
v 1.1292574051688551 2.0800275640183119 -0.8623453342021522
v 1.1685627187859244 2.2139492629540705 -0.69436008125276516
v 1.0954649414935662 2.2044038563709165 -0.7020823573680065
v 1.040471462262841 2.2024409613529881 -0.70208759851151525
v 0.93962721007336214 2.095481370685139 -0.63127862381686684
v 0.87058503656999209 2.1829547368830262 -0.65642726605988189
v 0.91938112392330951 2.0391338715320524 -0.63140630293207844
v 0.83714168164576996 2.1099058306506699 -0.60661070029776176
v 0.82191772168301569 2.0249904201615339 -0.61813456913635212
v 0.85537301669576093 1.9899218248157617 -0.70812242599690478
v 0.8114916641521519 2.0811252191330198 -0.86882972207361386
v 1.0705538905251233 2.1769483170028709 -0.80276018806565008
v 1.1200656195795238 2.1754608041140546 -0.81423222685427721
v 1.0299879257011795 2.1825165634018702 -0.81201165674281794
v 1.1312395292828357 2.149781283494725 -0.8648087410703873
v 1.0814136092943871 2.1577342154806489 -0.86996307597043299
v 1.185329240999117 2.1573501889125635 -0.86289577575403043
v 0.66377138803066293 2.190705520393486 -0.84710066998706024
v 1.0301116999909292 2.157626477007462 -0.84664338889331114
vt 0.013640999794006348 0.85504099726676941
vt 0.82815498113632202 0.86599099636077881
vt 0.71774899959564209 0.86705799400806427
vt 0.87573099136352539 0.69409498572349548
vt 0.013408999890089035 0.69642499089241028
vt 0.013810999691486359 0.96606000140309334
vt 0.83224797248840332 0.97216499969363213
vt 0.71250998973846436 0.97645599953830242
vt 0.44125500321388245 0.86990900337696075
vt 0.12009900063276291 0.86236700415611267
vt 0.43638399243354797 0.96832399815320969
vt 0.1107650026679039 0.96035800129175186
vt 0.31957098841667175 0.97109900042414665
vt 0.19844399392604828 0.96629500016570091
vt 0.32474800944328308 0.87198500335216522
vt 0.21209700405597687 0.86778700351715088
vt 0.51572197675704956 0.97423099912703037
vt 0.51160401105880737 0.87134000658988953
vt 0.094633996486663818 0.70234701037406921
vt 0.33761399984359741 0.71246001124382019
vt 0.74527102708816528 0.69088798761367798
vt 0.43981200456619263 0.71508499979972839
vt 0.53567898273468018 0.69924798607826233
vt 0.55259501934051514 0.55006098747253418
vt 0.45601800084114075 0.57188200950622559
vt 0.36161699891090393 0.58294200897216797
vt 0.13363300263881683 0.57381901144981384
vt 0.76904702186584473 0.57830101251602173
vt 0.64982497692108154 0.5659250020980835
vt 0.88992601633071899 0.58032399415969849
vt 0.98155498504638672 0.57367599010467529
vt 0.2161410003900528 0.70436599850654602
vt 0.22995099425315857 0.56911000609397888
vt 0.62248998880386353 0.69079598784446716
vt 0.62220197916030884 0.86764800548553467
vt 0.62046200037002563 0.97809500060975552
vt 0.5438159704208374 0.61881899833679199
vt 0.16214600205421448 0.70489400625228882
vt 0.16615299880504608 0.86507999897003174
vt 0.98151302337646484 0.7038080096244812
vt 0.98193597793579102 0.86426900327205658
vt 0.98133498430252075 0.96790599822998047
vt 0.013305000029504299 0.5626010000705719
vt 0.88804000616073608 0.46272701025009155
vt 0.013081000186502934 0.4150090217590332
vt 0.15146699547767639 0.4246709942817688
vt 0.36975499987602234 0.45892202854156494
vt 0.78077298402786255 0.40650302171707153
vt 0.45310899615287781 0.40571200847625732
vt 0.56174498796463013 0.46471297740936279
vt 0.65615898370742798 0.39085298776626587
vt 0.55259501934051514 0.55006098747253418
vt 0.45601800084114075 0.57188200950622559
vt 0.36161699891090393 0.58294200897216797
vt 0.13363300263881683 0.57381901144981384
vt 0.76904702186584473 0.57830101251602173
vt 0.64982497692108154 0.5659250020980835
vt 0.88992601633071899 0.58032399415969849
vt 0.98155498504638672 0.57367599010467529
vt 0.7100449800491333 0.012853026390075684
vt 0.84500700235366821 0.012853026390075684
vt 0.013387000188231468 0.0067620277404785156
vt 0.1412699967622757 0.012853026390075684
vt 0.59981101751327515 0.012853026390075684
vt 0.47857901453971863 0.012853026390075684
vt 0.37676599621772766 0.012853026390075684
vt 0.28657698631286621 0.012853026390075684
vt 0.8932420015335083 0.40877002477645874
vt 0.013028999790549278 0.45793300867080688
vt 0.13708099722862244 0.47981297969818115
vt 0.3542410135269165 0.40739399194717407
vt 0.78220599889755249 0.46339398622512817
vt 0.45514801144599915 0.46627700328826904
vt 0.53203099966049194 0.40802597999572754
vt 0.65520399808883667 0.45387297868728638
vt 0.012914000079035759 0.50427699089050293
vt 0.89749002456665039 0.51988399028778076
vt 0.22995099425315857 0.56911000609397888
vt 0.23945599794387817 0.45918399095535278
vt 0.24922500550746918 0.40809202194213867
vt 0.42446398735046387 0.29349899291992188
vt 0.32963401079177856 0.23719102144241333
vt 0.50392001867294312 0.27742701768875122
vt 0.41456300020217896 0.19819897413253784
vt 0.49180901050567627 0.19191998243331909
vt 0.62768000364303589 0.22708702087402344
vt 0.85543298721313477 0.17576301097869873
vt 0.071007996797561646 0.44432401657104492
vt 0.072300001978874207 0.48669302463531494
vt 0.080493003129959106 0.42050498723983765
vt 0.9811139702796936 0.51384401321411133
vt 0.98134201765060425 0.46162402629852295
vt 0.013305000029504299 0.5626010000705719
vt 0.98193800449371338 0.015990018844604492
vt 0.98150402307510376 0.4039350152015686
vt 0.013640999794006348 0.85504099726676941
vt 0.82815498113632202 0.86599099636077881
vt 0.71774899959564209 0.86705799400806427
vt 0.87573099136352539 0.69409498572349548
vt 0.013408999890089035 0.69642499089241028
vt 0.013810999691486359 0.96606000140309334
vt 0.83224797248840332 0.97216499969363213
vt 0.71250998973846436 0.97645599953830242
vt 0.44125500321388245 0.86990900337696075
vt 0.12009900063276291 0.86236700415611267
vt 0.43638399243354797 0.96832399815320969
vt 0.1107650026679039 0.96035800129175186
vt 0.31957098841667175 0.97109900042414665
vt 0.19844399392604828 0.96629500016570091
vt 0.32474800944328308 0.87198500335216522
vt 0.21209700405597687 0.86778700351715088
vt 0.51572197675704956 0.97423099912703037
vt 0.51160401105880737 0.87134000658988953
vt 0.094633996486663818 0.70234701037406921
vt 0.33761399984359741 0.71246001124382019
vt 0.74527102708816528 0.69088798761367798
vt 0.43981200456619263 0.71508499979972839
vt 0.53567898273468018 0.69924798607826233
vt 0.55259501934051514 0.55006098747253418
vt 0.45601800084114075 0.57188200950622559
vt 0.36161699891090393 0.58294200897216797
vt 0.13363300263881683 0.57381901144981384
vt 0.76904702186584473 0.57830101251602173
vt 0.64982497692108154 0.5659250020980835
vt 0.88992601633071899 0.58032399415969849
vt 0.98155498504638672 0.57367599010467529
vt 0.2161410003900528 0.70436599850654602
vt 0.22995099425315857 0.56911000609397888
vt 0.62248998880386353 0.69079598784446716
vt 0.62220197916030884 0.86764800548553467
vt 0.62046200037002563 0.97809500060975552
vt 0.5438159704208374 0.61881899833679199
vt 0.16214600205421448 0.70489400625228882
vt 0.16615299880504608 0.86507999897003174
vt 0.98151302337646484 0.7038080096244812
vt 0.98193597793579102 0.86426900327205658
vt 0.98133498430252075 0.96790599822998047
vt 0.013305000029504299 0.5626010000705719
vt 0.88804000616073608 0.46272701025009155
vt 0.013081000186502934 0.4150090217590332
vt 0.15146699547767639 0.4246709942817688
vt 0.36975499987602234 0.45892202854156494
vt 0.78077298402786255 0.40650302171707153
vt 0.45310899615287781 0.40571200847625732
vt 0.56174498796463013 0.46471297740936279
vt 0.65615898370742798 0.39085298776626587
vt 0.55259501934051514 0.55006098747253418
vt 0.45601800084114075 0.57188200950622559
vt 0.36161699891090393 0.58294200897216797
vt 0.13363300263881683 0.57381901144981384
vt 0.76904702186584473 0.57830101251602173
vt 0.64982497692108154 0.5659250020980835
vt 0.88992601633071899 0.58032399415969849
vt 0.98155498504638672 0.57367599010467529
vt 0.7100449800491333 0.012853026390075684
vt 0.84500700235366821 0.012853026390075684
vt 0.013387000188231468 0.0067620277404785156
vt 0.1412699967622757 0.012853026390075684
vt 0.59981101751327515 0.012853026390075684
vt 0.47857901453971863 0.012853026390075684
vt 0.37676599621772766 0.012853026390075684
vt 0.28657698631286621 0.012853026390075684
vt 0.8932420015335083 0.40877002477645874
vt 0.013028999790549278 0.45793300867080688
vt 0.13708099722862244 0.47981297969818115
vt 0.3542410135269165 0.40739399194717407
vt 0.78220599889755249 0.46339398622512817
vt 0.45514801144599915 0.46627700328826904
vt 0.53203099966049194 0.40802597999572754
vt 0.65520399808883667 0.45387297868728638
vt 0.012914000079035759 0.50427699089050293
vt 0.89749002456665039 0.51988399028778076
vt 0.22995099425315857 0.56911000609397888
vt 0.23945599794387817 0.45918399095535278
vt 0.24922500550746918 0.40809202194213867
vt 0.42446398735046387 0.29349899291992188
vt 0.32963401079177856 0.23719102144241333
vt 0.50392001867294312 0.27742701768875122
vt 0.41456300020217896 0.19819897413253784
vt 0.49180901050567627 0.19191998243331909
vt 0.62768000364303589 0.22708702087402344
vt 0.85543298721313477 0.17576301097869873
vt 0.071007996797561646 0.44432401657104492
vt 0.072300001978874207 0.48669302463531494
vt 0.080493003129959106 0.42050498723983765
vt 0.9811139702796936 0.51384401321411133
vt 0.98134201765060425 0.46162402629852295
vt 0.013305000029504299 0.5626010000705719
vt 0.98193800449371338 0.015990018844604492
vt 0.98150402307510376 0.4039350152015686
f 1130/1130 1092/1092 1131/1131
f 1092/1092 1130/1130 1094/1094
f 1094/1094 1093/1093 1092/1092
f 1093/1093 1094/1094 1111/1111
f 1131/1131 1092/1092 1097/1097
f 1131/1131 1097/1097 1132/1132
f 1092/1092 1093/1093 1097/1097
f 1097/1097 1093/1093 1098/1098
f 1096/1096 1100/1100 1091/1091
f 1100/1100 1096/1096 1102/1102
f 1103/1103 1101/1101 1105/1105
f 1099/1099 1105/1105 1101/1101
f 1104/1104 1103/1103 1106/1106
f 1105/1105 1106/1106 1103/1103
f 1104/1104 1106/1106 1129/1129
f 1129/1129 1102/1102 1104/1104
f 1126/1126 1108/1108 1107/1107
f 1101/1101 1107/1107 1099/1099
f 1125/1125 1126/1126 1093/1093
f 1099/1099 1107/1107 1108/1108
f 1109/1109 1129/1129 1128/1128
f 1106/1106 1110/1110 1122/1122
f 1110/1110 1106/1106 1105/1105
f 1112/1112 1105/1105 1099/1099
f 1099/1099 1113/1113 1112/1112
f 1113/1113 1099/1099 1108/1108
f 1124/1124 1113/1113 1125/1125
f 1125/1125 1093/1093 1124/1124
f 1109/1109 1091/1091 1100/1100
f 1091/1091 1109/1109 1095/1095
f 1123/1123 1128/1128 1122/1122
f 1122/1122 1110/1110 1123/1123
f 1116/1116 1110/1110 1112/1112
f 1112/1112 1115/1115 1116/1116
f 1127/1127 1114/1114 1115/1115
f 1127/1127 1112/1112 1113/1113
f 1124/1124 1119/1119 1127/1127
f 1127/1127 1113/1113 1124/1124
f 1111/1111 1118/1118 1119/1119
f 1094/1094 1118/1118 1111/1111
f 1118/1118 1094/1094 1120/1120
f 1094/1094 1121/1121 1120/1120
f 1121/1121 1094/1094 1130/1130
f 1133/1133 1109/1109 1117/1117
f 1109/1109 1133/1133 1095/1095
f 1105/1105 1112/1112 1110/1110
f 1106/1106 1128/1128 1129/1129
f 1128/1128 1117/1117 1109/1109
f 1123/1123 1110/1110 1116/1116
f 1119/1119 1124/1124 1111/1111
f 1124/1124 1093/1093 1111/1111
f 1108/1108 1126/1126 1125/1125
f 1125/1125 1113/1113 1108/1108
f 1098/1098 1093/1093 1126/1126
f 1115/1115 1112/1112 1127/1127
f 1127/1127 1119/1119 1114/1114
f 1123/1123 1117/1117 1128/1128
f 1106/1106 1122/1122 1128/1128
f 1102/1102 1129/1129 1100/1100
f 1109/1109 1100/1100 1129/1129
f 1148/1148 1181/1181 1167/1167
f 1182/1182 1167/1167 1181/1181
f 1159/1159 1179/1179 1178/1178
f 1145/1145 1179/1179 1183/1183
f 1153/1153 1172/1172 1157/1157
f 1172/1172 1153/1153 1170/1170
f 1162/1162 1146/1146 1167/1167
f 1148/1148 1167/1167 1146/1146
f 1172/1172 1156/1156 1157/1157
f 1156/1156 1172/1172 1174/1174
f 1164/1164 1141/1141 1173/1173
f 1175/1175 1173/1173 1176/1176
f 1139/1139 1164/1164 1171/1171
f 1155/1155 1156/1156 1174/1174
f 1141/1141 1138/1138 1176/1176
f 1150/1150 1154/1154 1176/1176
f 1143/1143 1142/1142 1140/1140
f 1140/1140 1163/1163 1143/1143
f 1144/1144 1143/1143 1163/1163
f 1163/1163 1137/1137 1144/1144
f 1160/1160 1145/1145 1168/1168
f 1144/1144 1169/1169 1168/1168
f 1162/1162 1165/1165 1147/1147
f 1147/1147 1146/1146 1162/1162
f 1142/1142 1147/1147 1140/1140
f 1165/1165 1140/1140 1147/1147
f 1177/1177 1151/1151 1150/1150
f 1150/1150 1138/1138 1177/1177
f 1184/1184 1177/1177 1185/1185
f 1177/1177 1184/1184 1151/1151
f 1153/1153 1180/1180 1136/1136
f 1180/1180 1153/1153 1152/1152
f 1158/1158 1134/1134 1182/1182
f 1182/1182 1185/1185 1158/1158
f 1135/1135 1159/1159 1178/1178
f 1160/1160 1136/1136 1178/1178
f 1136/1136 1160/1160 1169/1169
f 1137/1137 1161/1161 1170/1170
f 1134/1134 1158/1158 1138/1138
f 1138/1138 1162/1162 1134/1134
f 1161/1161 1137/1137 1163/1163
f 1163/1163 1139/1139 1161/1161
f 1164/1164 1140/1140 1165/1165
f 1165/1165 1141/1141 1164/1164
f 1139/1139 1163/1163 1140/1140
f 1140/1140 1164/1164 1139/1139
f 1162/1162 1138/1138 1141/1141
f 1141/1141 1165/1165 1162/1162
f 1166/1166 1183/1183 1179/1179
f 1148/1148 1149/1149 1181/1181
f 1167/1167 1134/1134 1162/1162
f 1182/1182 1134/1134 1167/1167
f 1160/1160 1168/1168 1169/1169
f 1136/1136 1169/1169 1170/1170
f 1144/1144 1137/1137 1169/1169
f 1137/1137 1170/1170 1169/1169
f 1153/1153 1136/1136 1170/1170
f 1173/1173 1171/1171 1164/1164
f 1161/1161 1139/1139 1171/1171
f 1161/1161 1171/1171 1172/1172
f 1161/1161 1172/1172 1170/1170
f 1174/1174 1171/1171 1175/1175
f 1154/1154 1155/1155 1175/1175
f 1155/1155 1174/1174 1175/1175
f 1174/1174 1172/1172 1171/1171
f 1154/1154 1175/1175 1176/1176
f 1175/1175 1171/1171 1173/1173
f 1150/1150 1176/1176 1138/1138
f 1176/1176 1173/1173 1141/1141
f 1158/1158 1185/1185 1177/1177
f 1158/1158 1177/1177 1138/1138
f 1159/1159 1166/1166 1179/1179
f 1178/1178 1179/1179 1160/1160
f 1145/1145 1160/1160 1179/1179
f 1178/1178 1136/1136 1180/1180
f 1178/1178 1180/1180 1135/1135
f 1135/1135 1180/1180 1152/1152
f 1187/1187 1225/1225 1226/1226
f 1225/1225 1187/1187 1189/1189
f 1188/1188 1189/1189 1187/1187
f 1189/1189 1188/1188 1206/1206
f 1187/1187 1226/1226 1192/1192
f 1192/1192 1226/1226 1227/1227
f 1188/1188 1187/1187 1192/1192
f 1188/1188 1192/1192 1193/1193
f 1195/1195 1191/1191 1186/1186
f 1191/1191 1195/1195 1197/1197
f 1196/1196 1198/1198 1200/1200
f 1200/1200 1194/1194 1196/1196
f 1198/1198 1199/1199 1201/1201
f 1201/1201 1200/1200 1198/1198
f 1201/1201 1199/1199 1224/1224
f 1197/1197 1224/1224 1199/1199
f 1203/1203 1221/1221 1202/1202
f 1202/1202 1196/1196 1194/1194
f 1221/1221 1220/1220 1188/1188
f 1202/1202 1194/1194 1203/1203
f 1224/1224 1204/1204 1223/1223
f 1205/1205 1201/1201 1217/1217
f 1201/1201 1205/1205 1200/1200
f 1200/1200 1207/1207 1194/1194
f 1208/1208 1194/1194 1207/1207
f 1194/1194 1208/1208 1203/1203
f 1208/1208 1219/1219 1220/1220
f 1188/1188 1220/1220 1219/1219
f 1186/1186 1204/1204 1195/1195
f 1204/1204 1186/1186 1190/1190
f 1223/1223 1218/1218 1217/1217
f 1205/1205 1217/1217 1218/1218
f 1205/1205 1211/1211 1207/1207
f 1210/1210 1207/1207 1211/1211
f 1209/1209 1222/1222 1210/1210
f 1207/1207 1222/1222 1208/1208
f 1214/1214 1219/1219 1222/1222
f 1208/1208 1222/1222 1219/1219
f 1213/1213 1206/1206 1214/1214
f 1213/1213 1189/1189 1206/1206
f 1189/1189 1213/1213 1215/1215
f 1216/1216 1189/1189 1215/1215
f 1189/1189 1216/1216 1225/1225
f 1204/1204 1228/1228 1212/1212
f 1228/1228 1204/1204 1190/1190
f 1207/1207 1200/1200 1205/1205
f 1223/1223 1201/1201 1224/1224
f 1212/1212 1223/1223 1204/1204
f 1205/1205 1218/1218 1211/1211
f 1219/1219 1214/1214 1206/1206
f 1188/1188 1219/1219 1206/1206
f 1221/1221 1203/1203 1220/1220
f 1208/1208 1220/1220 1203/1203
f 1188/1188 1193/1193 1221/1221
f 1207/1207 1210/1210 1222/1222
f 1214/1214 1222/1222 1209/1209
f 1212/1212 1218/1218 1223/1223
f 1217/1217 1201/1201 1223/1223
f 1224/1224 1197/1197 1195/1195
f 1195/1195 1204/1204 1224/1224
f 1276/1276 1243/1243 1262/1262
f 1262/1262 1277/1277 1276/1276
f 1274/1274 1254/1254 1273/1273
f 1274/1274 1240/1240 1278/1278
f 1267/1267 1248/1248 1252/1252
f 1248/1248 1267/1267 1265/1265
f 1241/1241 1257/1257 1262/1262
f 1262/1262 1243/1243 1241/1241
f 1251/1251 1267/1267 1252/1252
f 1267/1267 1251/1251 1269/1269
f 1236/1236 1259/1259 1268/1268
f 1268/1268 1270/1270 1271/1271
f 1259/1259 1234/1234 1266/1266
f 1251/1251 1250/1250 1269/1269
f 1233/1233 1236/1236 1271/1271
f 1249/1249 1245/1245 1271/1271
f 1237/1237 1238/1238 1235/1235
f 1258/1258 1235/1235 1238/1238
f 1238/1238 1239/1239 1258/1258
f 1232/1232 1258/1258 1239/1239
f 1240/1240 1255/1255 1263/1263
f 1264/1264 1239/1239 1263/1263
f 1260/1260 1257/1257 1242/1242
f 1241/1241 1242/1242 1257/1257
f 1242/1242 1237/1237 1235/1235
f 1235/1235 1260/1260 1242/1242
f 1246/1246 1272/1272 1245/1245
f 1233/1233 1245/1245 1272/1272
f 1272/1272 1279/1279 1280/1280
f 1279/1279 1272/1272 1246/1246
f 1275/1275 1248/1248 1231/1231
f 1248/1248 1275/1275 1247/1247
f 1229/1229 1253/1253 1277/1277
f 1280/1280 1277/1277 1253/1253
f 1254/1254 1230/1230 1273/1273
f 1231/1231 1255/1255 1273/1273
f 1255/1255 1231/1231 1264/1264
f 1256/1256 1232/1232 1265/1265
f 1253/1253 1229/1229 1233/1233
f 1257/1257 1233/1233 1229/1229
f 1232/1232 1256/1256 1258/1258
f 1234/1234 1258/1258 1256/1256
f 1235/1235 1259/1259 1260/1260
f 1236/1236 1260/1260 1259/1259
f 1258/1258 1234/1234 1235/1235
f 1259/1259 1235/1235 1234/1234
f 1233/1233 1257/1257 1236/1236
f 1260/1260 1236/1236 1257/1257
f 1278/1278 1261/1261 1274/1274
f 1244/1244 1243/1243 1276/1276
f 1229/1229 1262/1262 1257/1257
f 1229/1229 1277/1277 1262/1262
f 1263/1263 1255/1255 1264/1264
f 1264/1264 1231/1231 1265/1265
f 1232/1232 1239/1239 1264/1264
f 1265/1265 1232/1232 1264/1264
f 1231/1231 1248/1248 1265/1265
f 1266/1266 1268/1268 1259/1259
f 1234/1234 1256/1256 1266/1266
f 1266/1266 1256/1256 1267/1267
f 1267/1267 1256/1256 1265/1265
f 1266/1266 1269/1269 1270/1270
f 1250/1250 1249/1249 1270/1270
f 1269/1269 1250/1250 1270/1270
f 1267/1267 1269/1269 1266/1266
f 1270/1270 1249/1249 1271/1271
f 1266/1266 1270/1270 1268/1268
f 1271/1271 1245/1245 1233/1233
f 1268/1268 1271/1271 1236/1236
f 1280/1280 1253/1253 1272/1272
f 1272/1272 1253/1253 1233/1233
f 1261/1261 1254/1254 1274/1274
f 1274/1274 1273/1273 1255/1255
f 1255/1255 1240/1240 1274/1274
f 1231/1231 1273/1273 1275/1275
f 1275/1275 1273/1273 1230/1230
f 1275/1275 1230/1230 1247/1247

g PV-M4A1_S_BornBeast_Classic_M4A1S_BornBeast
usemtl Fview-hand2
v 0.19785193526620845 -2.1106127255427185 -0.6967406450794803
v 0.19785193526620845 -2.093772271967449 -0.6819960553200094
v 0.26741369352291849 -1.6528586793336504 -0.17229065276186281
v 0.25040718941423223 -1.6717912863270252 -0.16133909249773692
v 0.2504073456072507 -1.6717912863270252 -0.12696531311725168
v 0.27080955535665691 -1.6364046819956424 -0.12696576434152726
v 0.24734355013078563 -1.5682784937717167 -0.71576623464449085
v 0.24734370632380409 -1.5682784937717167 -0.66553606760010697
v 0.24734370632380409 -1.5621030383360144 -0.67000384686772829
v 0.24734355013078563 -1.5621031771742531 -0.71576623464449085
v 0.27080853142464695 -1.6364052373485969 -0.42383674960245982
v 0.2708076636856554 -1.6364058621206707 -0.70734094026114547
v 0.267412825783927 -1.6528590958483664 -0.42383674960245982
v 0.24734370632380409 -1.5401474716631154 -0.67000384686772829
v 0.24734370632380409 -1.5217767083119678 -0.66553606760010697
v 0.24734370632380409 -1.5217767083119678 -0.70035225502802678
v 0.24734370632380409 -1.5401474716631154 -0.70035210968174577
v 0.26258269552589147 -1.5770866693076784 -0.73161069740529838
v 0.27623380914740364 -1.599555729206197 -0.73158492989594537
v 0.2708076636856554 -1.6013846800333953 -0.71425450532976853
v 0.26397284809985988 -1.6570871367297486 -0.69986135121770388
v 0.25376665827466649 -1.6717921193564569 -0.65279585647689642
v 0.26258253933287301 -1.5770868081459171 -0.76380931111705541
v 0.24018860827623997 -1.5639909607050761 -0.73161069740529838
v 0.24018860827623997 -1.5639909607050761 -0.76380931111705541
v 0.27623380914740364 -1.599555729206197 -0.76380931111705541
v 0.2782374531883739 -1.6316036557033822 -0.72729446821020849
v 0.2749421970133118 -1.6437967769165693 -0.76380931111705541
v 0.24734457406279561 -1.5217761182494534 -0.42383674960245982
v 0.24734457406279561 -1.5682779037092023 -0.4238368884406985
v 0.24734530296354848 -1.5682774871944865 -0.17229079160010144
v 0.24734544180178714 -1.5217756670251779 -0.12696559079372896
v 0.26741369352291849 -1.6717912863270252 -0.17229065276186281
v 0.26741369352291849 -1.7140938398399101 -0.15414803534636437
v 0.16352766907257907 -1.7140938398399101 -0.15414772296032744
v 0.16352766907257907 -1.7109197200280639 -0.12840628048656325
v 0.26741384971593696 -1.7109197200280639 -0.12840673171083883
v 0.26741312081518409 -1.7818862609381392 -0.3855476798279146
v 0.25376650208164797 -1.7189902480021177 -0.71042379345521167
v 0.23854920635434851 -1.7251516113565977 -0.73622755477399915
v 0.21480821464206576 -1.7322036220119696 -0.73971279806255863
v 0.21480835348030441 -1.7521816115232036 -0.71231228853200779
v 0.23955679016173728 -1.7457239673674603 -0.70606578262768027
v 0.2368879721194305 -1.7215940203296205 -0.7755442748201119
v 0.2148080584490473 -1.7292661519778896 -0.7755442748201119
v 0.25112883586913665 -1.7015136376173878 -0.7755444223357405
v 0.25376738717541936 -1.6717918416799797 -0.43103900058682293
v 0.25376709214416221 -1.7755177509316045 -0.5203991090287432
v 0.26091358222093053 -1.775517612093366 -0.43564129729524598
v 0.24530816419750573 -1.8683103571474851 -0.38702884086731321
v 0.24530802535926707 -1.7818862609381392 -0.38702899706033167
v 0.23497254242433779 -1.8601947067458724 -0.55340744904173844
v 0.23497268126257642 -1.8698544466185485 -0.54032948570151262
v 0.23497268126257642 -1.8791457792249864 -0.53926339025392589
v 0.23497254242433779 -1.8869108630740268 -0.55483867170217527
v 0.24530802535926707 -1.7818862609381392 -0.41865095048658174
v 0.24530802535926707 -1.8157302335999645 -0.39494794838734759
v 0.24530802535926707 -1.854206960608815 -0.39738396941301046
v 0.23419759944057444 -1.854206960608815 -0.39738396941301046
v 0.23419759944057444 -1.8645524225421466 -0.40698862521450507
v 0.24530802535926707 -1.8645524225421466 -0.40698862521450507
v 0.24053553032504807 -1.5729045144641678 -0.77554456985136899
v 0.25584629889651367 -1.5837047063386136 -0.77554471736699759
v 0.26896123659516807 -1.6027288424408133 -0.77554471736699759
v 0.27081712204066294 -1.6419591139898964 -0.77554456985136899
v 0.27393622720044725 -1.8848821587309814 -0.38604034731773779
v 0.27393681726296149 -1.8420084247043209 -0.15504104289731338
v 0.23419759944057444 -1.8870319994372424 -0.40172976247554132
v 0.24530802535926707 -1.8870319994372424 -0.40172976247554132
v 0.24530802535926707 -1.8870319994372424 -0.39043110661480906
v 0.23419775563359294 -1.8870319994372424 -0.3892792525226908
v 0.26741384971593696 -1.6746701666243982 -0.13476708497085321
v 0.18088298690107499 -2.0715723152849792 -0.85508775617969002
v 0.21480821464206576 -1.5217767083119678 -0.72352912745257747
v 0.23554554518999549 -1.5217767083119678 -0.71722904734291382
v 0.1940708667393562 -1.5217767083119678 -0.71722904734291382
v 0.21480821464206576 -1.5401476105013541 -0.72352912745257747
v 0.23554554518999549 -1.5401474716631154 -0.71722904734291382
v 0.18572040616663921 -1.56685849097644 -0.69659768291128055
v 0.16352766907257907 -1.6746701666243982 -0.13476677258481629
v 0.1635275128795606 -1.6717912863270252 -0.17229037508538553
v 0.17585063874845658 -1.7755177509316045 -0.52039895283572479
v 0.1758509337797137 -1.775517612093366 -0.43564100226398889
v 0.18000686555090087 -1.8249776239038722 -0.56322625414894933
v 0.17585063874845658 -1.7902720905521503 -0.54497458797438714
v 0.19464503227526253 -1.8869108630740268 -0.55483867170217527
v 0.19464503227526253 -1.8601947067458724 -0.55340730152610995
v 0.16282886150793136 -1.8848821587309814 -0.38861147530437967
v 0.16282959040868425 -1.8420084247043209 -0.15504073051127645
v 0.17146628336514272 -2.100033529434632 -0.7402971638703103
v 0.27080853142464695 -1.6013840899708809 -0.4238368884406985
v 0.18227475346956759 -1.5217756670251779 -0.1269654519554903
v 0.1822737295375576 -1.5217761182494534 -0.42130696070137374
v 0.16935300917998433 -1.6717912863270252 -0.12696517427901302
v 0.17921286701888384 -1.6717912863270252 -0.16133891894993863
v 0.1635275128795606 -1.6646731192509399 -0.17229037508538553
v 0.1579915984353856 -1.6467348023036041 -0.12696531311725168
v 0.18227300063680471 -1.5605745681667984 -0.67126328107066724
v 0.17253091233383377 -1.6617738991516058 -0.67555272207841532
v 0.15645615164467777 -1.6482524430902059 -0.70167618176216273
v 0.16352678397880774 -1.6610054989198384 -0.42383645457120273
v 0.18227286179856608 -1.5217767083119678 -0.70035210968174577
v 0.18227300063680471 -1.5217767083119678 -0.66553592225382596
v 0.18227300063680471 -1.5401474716631154 -0.67000355617516616
v 0.18227286179856608 -1.5401474716631154 -0.70035196433546465
v 0.24734370632380409 -1.557671495306342 -0.66553606760010697
v 0.24734370632380409 -1.5445789799832284 -0.66553606760010697
v 0.18227300063680471 -1.5433301647361981 -0.66553577582287105
v 0.18227300063680471 -1.5518706254384975 -0.66553577582287105
v 0.17482500597004427 -1.5725047644655561 -0.70317844621383496
v 0.15424780797560889 -1.6004667857281696 -0.73069498546363643
v 0.16703357756522158 -1.5770868081459171 -0.73161040671273625
v 0.17585020487896083 -1.6717921193564569 -0.65279556578433418
v 0.16171006827138987 -1.6613146916772954 -0.70392062554262613
v 0.18942764746009327 -1.5639909607050761 -0.73161055422836485
v 0.16703357756522158 -1.5770868081459171 -0.76380916360142692
v 0.18942750862185462 -1.5639909607050761 -0.76380916360142692
v 0.15338230775069095 -1.599555729206197 -0.76380916360142692
v 0.15137880254795935 -1.6316036557033822 -0.72729417751764636
v 0.15796917605984484 -1.6559897592915178 -0.76380902476318824
v 0.15137880254795935 -1.6316036557033822 -0.76380902476318824
v 0.1758509337797137 -1.6717918416799797 -0.43103870555556584
v 0.16352678397880774 -1.747325813545799 -0.42383615953994563
v 0.1758509337797137 -1.7508573724030307 -0.43103856671732721
v 0.1822737295375576 -1.5559970020196336 -0.42130696070137374
v 0.18227475346956759 -1.5559964466666789 -0.1269654519554903
v 0.15745993475528372 -1.5885106613883453 -0.12696531311725168
v 0.1635269401718262 -1.7611266121433478 -0.39212946272378407
v 0.1635269401718262 -1.7818862609381392 -0.38811896400757501
v 0.17585107261795233 -1.7818862609381392 -0.38895634948916785
v 0.16352678397880774 -1.7611266121433478 -0.41365994141951917
v 0.17585107261795233 -1.7675919618213356 -0.41865081164834311
v 0.17585107261795233 -1.7675919618213356 -0.3953728975262728
v 0.17585004868594234 -1.7069462390572328 -0.72888292083721307
v 0.17585020487896083 -1.7310346040425992 -0.6919640857727597
v 0.17585107261795233 -1.7818862609381392 -0.41865065545532465
v 0.1910672055750032 -1.7251516113565977 -0.73622740725837055
v 0.19005991679887152 -1.7457239673674603 -0.70606563728139915
v 0.1927281621334439 -1.7215940203296205 -0.77554413598187333
v 0.18844191332051086 -1.7809776340853429 -0.68906481143973863
v 0.17585020487896083 -1.7809774952471042 -0.66682461770023249
v 0.17848728102895794 -1.7015137764556263 -0.77554413598187333
v 0.18431057327234324 -1.8683103571474851 -0.38895621065092917
v 0.18431057327234324 -1.7818862609381392 -0.38895634948916785
v 0.18431057327234324 -1.7818862609381392 -0.41865065545532465
v 0.18160317555447364 -1.8226052255010672 -0.68197319907497289
v 0.17585048255543811 -1.8869108630740268 -0.57958054827683236
v 0.17585048255543811 -1.781610944710911 -0.57846917420866828
v 0.18431000056460883 -1.8869108630740268 -0.57958054827683236
v 0.18431013940284749 -1.8869108630740268 -0.55483852418654678
v 0.18431013940284749 -1.8601947067458724 -0.55340730152610995
v 0.18431013940284749 -1.8698544466185485 -0.54032933818588402
v 0.18431013940284749 -1.8791457792249864 -0.53926324273829729
v 0.19464518846828102 -1.8698544466185485 -0.54032933818588402
v 0.19464518846828102 -1.8791457792249864 -0.53926324273829729
v 0.18431057327234324 -1.8157302335999645 -0.39494765335609044
v 0.18431057327234324 -1.8645524225421466 -0.40698834753802782
v 0.18431057327234324 -1.854206960608815 -0.39738383057477178
v 0.19542099919103587 -1.8645524225421466 -0.40698834753802782
v 0.19542099919103587 -1.854206960608815 -0.39738383057477178
v 0.17376983535636073 -1.5837048451768521 -0.7755442748201119
v 0.18966306504849156 -1.5725589113786267 -0.7755444223357405
v 0.16065474146468789 -1.6027289812790519 -0.7755442748201119
v 0.16184182575986167 -1.6531977223124157 -0.7755442748201119
v 0.15575618130978144 -1.6307207139247348 -0.7755442748201119
v 0.17585048255543811 -1.8869110019122652 -0.61657174084176702
v 0.16990213176859553 -2.0825807992269487 -0.81226584352560272
v 0.17585034371719946 -1.9138019555828707 -0.63195762090033825
v 0.19542099919103587 -1.8870319994372424 -0.40172960628252286
v 0.18431057327234324 -1.8870319994372424 -0.40172960628252286
v 0.18431057327234324 -1.8870319994372424 -0.38898649474173308
v 0.19542099919103587 -1.8870319994372424 -0.3892792525226908
v 0.17505445351418095 -2.0731265399474634 -0.71408577565221576
v 0.17585034371719946 -1.9628155330370216 -0.660001023064271
v 0.24734544180178714 -1.5682774871944865 -0.12696559079372896
v 0.1940708667393562 -1.5401474716631154 -0.71722889982728522
v 0.2148080584490473 -1.5673416827564759 -0.77554456985136899
v 0.1492112252567119 -1.6105859066229542 -0.12696531311725168
v 0.26830845390663038 -1.6013836387466054 -0.17229079160010144
v 0.27080955535665691 -1.6013836387466054 -0.12696576434152726
v 0.27080939916363844 -1.6364048208338811 -0.17229065276186281
v 0.18227431960007182 -1.5559967243431563 -0.26015228009411379
v 0.16945897746562827 -1.5694054437547784 -0.24597824960153425
v 0.14921079138721616 -1.6105860801707526 -0.2307926784117646
v 0.15137677203871922 -1.6302256861848547 -0.23301367371532977
v 0.16352737404132195 -1.6646734663465366 -0.25638358552528057
v 0.16759044038563709 -1.667020943285505 -0.49933710525974784
v 0.18227359069931895 -1.5575395989796315 -0.48602883531378366
v 0.15608184375329739 -1.5884330855225037 -0.48078189530856336
v 0.15117587310740341 -1.5996938732536463 -0.4803856162659178
v 0.15049308400453909 -1.6024139226060123 -0.48320496966847282
v 0.15133498172888779 -1.5993805847681495 -0.4858676788282793
v 0.17122970300649579 -1.5696484106724029 -0.50229899346904927
v 0.18227343450630049 -1.5581458014391045 -0.51046804452819994
v 0.18227343450630049 -1.5582386842207565 -0.51420952680225918
v 0.1557820919960681 -1.5884060120659684 -0.51014689432743976
v 0.14984727793749317 -1.6056925876115564 -0.50819274611854559
v 0.15785402709567065 -1.5888845180554501 -0.50450731978333829
v 0.15839195585129129 -1.5873116543594281 -0.50106138940978939
v 0.15755529927045134 -1.5895109561882055 -0.49745879743871219
v 0.15033949420304074 -1.6105129818381072 -0.49092885327019586
v 0.15553634831367075 -1.6483430350409203 -0.49479143719791113
v 0.16044292637685881 -1.6529201152542499 -0.49802730531639383
v 0.16464340786787043 -1.5854139786041019 -0.7134897604485031
v 0.17102764130493134 -1.5693824313167233 -0.1269654519554903
v 0.15767102094235991 -1.5880031729165471 -0.23526278376222007
v 0.17168174295673616 -1.5688338814358465 -0.48327121286308511
v 0.15666213552648386 -1.5872979787929218 -0.49233837377845491
v 0.16970517237230121 -1.5688708818264447 -0.51222058225980527
v 0.15155554362575135 -1.6299922296865772 -0.12696531311725168
v 0.14934095223594354 -1.630113157792435 -0.70845479172413028
v 0.15603016121896271 -1.6471368778427129 -0.23954247246837729
v 0.14934414551543232 -1.6299996575323448 -0.49017298318946606
v 0.14934371164593657 -1.6300105563340781 -0.5124373434598859
v 0.15581513549686504 -1.6483335246215731 -0.51858893607332135
v 0.16610301427071975 -1.6612602670877477 -0.5227841764208242
v 0.15894560803743818 -1.6033051946789783 -0.72394840157849816
v 0.1759034840530399 -1.6610054989198384 -0.42383645457120273
v 0.19100517959188962 -1.5584643310681103 -0.42130696070137374
v 0.18857148410672403 -1.5594348103562219 -0.26015241893235247
v 0.1793967409111861 -1.5694054437547784 -0.24765579732949275
v 0.15508416952519175 -1.6105860801707526 -0.2307926784117646
v 0.1576739365453714 -1.6302256861848547 -0.23301367371532977
v 0.18064874943770512 -1.6619248163170102 -0.25638358552528057
v 0.16795787578420465 -1.6574020218549899 -0.49154189351292216
v 0.19047453984379772 -1.5600069280281084 -0.48602883531378366
v 0.1616337766592558 -1.5884330855225037 -0.48040411646121695
v 0.15533079830136043 -1.5996938732536463 -0.4803856162659178
v 0.15383537163294131 -1.6024139226060123 -0.48320512586149128
v 0.15467713051905138 -1.5993805847681495 -0.4858676788282793
v 0.17564739692186368 -1.5696484106724029 -0.50335591691549564
v 0.18857061636773251 -1.5581458014391045 -0.51046820072121835
v 0.18857061636773251 -1.5582386842207565 -0.51420952680225918
v 0.16207927385750012 -1.5884060120659684 -0.51014689432743976
v 0.15612844133714182 -1.6021719969751775 -0.50778773762164542
v 0.16185900699189371 -1.5888845180554501 -0.50450731978333829
v 0.16239707458575298 -1.5873116543594281 -0.50106138940978939
v 0.16156026181189456 -1.5895109561882055 -0.49745879743871219
v 0.15516381060983309 -1.6105129818381072 -0.49092885327019586
v 0.16036066472046309 -1.6483430350409203 -0.49479143719791113
v 0.16674009088351102 -1.6529201152542499 -0.49802730531639383
v 0.16354426024209687 -1.5880031729165471 -0.23602285369966883
v 0.17723367586269453 -1.5688338814358465 -0.48327121286308511
v 0.16107969060361313 -1.5872979787929218 -0.49233837377845491
v 0.17600233687895342 -1.5688708818264447 -0.51222058225980527
v 0.16232734308039473 -1.6471368778427129 -0.23954247246837729
v 0.15416846192222466 -1.6299996575323448 -0.49017298318946606
v 0.16166071127755244 -1.6574020218549899 -0.49154189351292216
v 0.17012007309370469 -1.5710988537515018 -0.67178941562638261
v 0.15687105236608126 -1.5881738051118388 -0.68385616258686643
v 0.15012578744421018 -1.6053685391625647 -0.6964455509112879
v 0.23056095739147014 -1.5621030383360144 -0.67000384686772829
v 0.21603051178551527 -1.5645608916747038 -0.71576608712886225
v 0.18024358474778646 -1.5618986337391729 -0.68219200949491576
v 0.20597062275429148 -1.5561395541811598 -0.66764031621507991
v 0.1473458814562095 -1.6053550024342971 -0.7123115618006024
v 0.15288281983239449 -1.583989185889592 -0.70154544820570086
v 0.16505336247702226 -1.5695584434937624 -0.69116498385079883
v 0.23176681955842035 -2.1106127255427185 -0.69674079042576131
v 0.2317685550364034 -2.093772271967449 -0.6819960553200094
v 0.21481024515130592 -1.7809776340853429 -0.70021220412414364
v 0.21481024515130592 -1.8143709378245343 -0.70361868708313824
v 0.21481024515130592 -1.8869108630740268 -0.59514812420283714
v 0.21481024515130592 -2.0676389585651163 -0.87043826719696704
v 0.21481024515130592 -2.0726031892069003 -0.69527812415829315
v 0.21481024515130592 -1.9486634736957074 -0.62844661010242564
v 0.24873517786103957 -2.0715723152849792 -0.85508791237270843
v 0.24961216695020519 -1.8249776239038722 -0.56322625414894933
v 0.25376854994566794 -1.7902720905521503 -0.54497473549001563
v 0.25815231526646759 -2.100033529434632 -0.74029731138593879
v 0.24117682414933811 -1.7809774952471042 -0.68906495678601976
v 0.25376839375264948 -1.7809774952471042 -0.66682476304651361
v 0.24801731474813818 -1.8226052255010672 -0.68197319907497289
v 0.25376854994566794 -1.8869108630740268 -0.57958054827683236
v 0.25376854994566794 -1.781610944710911 -0.57846932172429688
v 0.24530903193649725 -1.8869108630740268 -0.57958069579246085
v 0.24530903193649725 -1.8869108630740268 -0.55483867170217527
v 0.24530903193649725 -1.8601947067458724 -0.55340730152610995
v 0.2453088930982586 -1.8698544466185485 -0.54032948570151262
v 0.24530903193649725 -1.8791457792249864 -0.53926339025392589
v 0.25376854994566794 -1.8869110019122652 -0.61657188835739551
v 0.25971617183175766 -2.0825807992269487 -0.81226599104123121
v 0.25377014658541236 -1.9383085707621479 -0.64597925039383775
v 0.25456589795019224 -2.0731265399474634 -0.71408577565221576
v 0.21481024515130592 -2.093772271967449 -0.6819960553200094
v 0.21481024515130592 -2.1106127255427185 -0.69674079042576131
v 0.17064781459356493 -1.7012674774202745 -0.50365145146122614
v 0.17064781459356493 -1.6766032114210185 -0.57823376529765991
v 0.17064781459356493 -1.6766032114210185 -0.50365145146122614
v 0.17064781459356493 -1.7012674774202745 -0.57823376529765991
v 0.17573868306377119 -1.7054381086899779 -0.50365145146122614
v 0.17573868306377119 -1.6704897472588704 -0.57823376529765991
v 0.17573868306377119 -1.6704897472588704 -0.50365145146122614
v 0.17573868306377119 -1.7054381086899779 -0.57823376529765991
v 0.14974668963359664 -1.6952720951800917 -0.41419859907589268
v 0.16383731305431168 -1.6953435968729926 -0.41419859907589268
v 0.16383731305431168 -1.6953435968729926 -0.42269362496459623
v 0.14974668963359664 -1.6952720951800917 -0.42269362496459623
v 0.16383731305431168 -1.6748516976214234 -0.42269362496459623
v 0.16383731305431168 -1.6748516976214234 -0.41419859907589268
v 0.14974668963359664 -1.6748254571943197 -0.41419859907589268
v 0.14974653344057817 -1.6748254571943197 -0.4226934861263576
v 0.1462445471281773 -1.6850488803158847 -0.4226934861263576
v 0.1462445471281773 -1.6850487414776461 -0.41419859907589268
v 0.32470459850758149 -1.6452630475548735 -0.71060082305621841
v 0.30698592365377814 -1.6529374700340802 -0.71617051424063816
v 0.25834448474352872 -1.6526146711292362 -0.57958113833934655
v 0.26062271611097432 -1.6493379498590328 -0.5449751693595114
v 0.32089689039368968 -1.5959621790754113 -0.71300875537072583
v 0.25298458247639288 -1.5780645417319978 -0.73178234051651525
v 0.26212541443214232 -1.6426891948677982 -0.723627975939796
v 0.25963056070285467 -1.5903833115511563 -0.57989734242785507
v 0.33293888618411432 -1.6116552387369794 -0.7079915470941619
v 0.33298869440222734 -1.6293857148410673 -0.70799795317726677
v 0.26866032206769014 -1.632502216783877 -0.52039940406000029
v 0.26876644654635251 -1.6108318238531498 -0.52039954289823898
v 0.26725894095117153 -1.5977365317652634 -0.5449751693595114
v 0.26587925330944079 -1.6291845382332741 -0.43071231421129696
v 0.26587998221019371 -1.6291839134612003 -0.18319813188521966
v 0.25289883250925127 -1.5807377331788217 -0.18319813188521966
v 0.2528981036084984 -1.5807381844030974 -0.43071231421129696
v 0.24628924725609361 -1.552066422064543 -0.41108605402288423
v 0.25646720085450309 -1.5736416066731211 -0.39419674674239213
v 0.33134856357958298 -1.5665112565415951 -0.45968103418752787
v 0.33134856357958298 -1.5665112565415951 -0.46612946295518115
v 0.33171235447438618 -1.5927287753356645 -0.46612946295518115
v 0.33171235447438618 -1.5927287753356645 -0.45968103418752787
v 0.28055294526811514 -1.6397433251202802 -0.41442047993602332
v 0.28459985431240825 -1.6149152647089857 -0.41442047993602332
v 0.28577921573055753 -1.6150571920984382 -0.42439723957185987
v 0.28055294526811514 -1.6397433251202802 -0.42425907816963071
v 0.2638226077708688 -1.5876742998387625 -0.40987014343841227
v 0.27622827297263775 -1.5810329726932952 -0.41501547120772608
v 0.24592484894399635 -1.6399382540073344 -0.42439694454060278
v 0.2459247101057577 -1.6399383928455731 -0.48408138604990403
v 0.24628895222483649 -1.550446526915181 -0.47888437574625553
v 0.25961818674483567 -1.6717918416799797 -0.42439694454060278
v 0.26710404954118588 -1.6463709766992412 -0.41411343917126531
v 0.26710404954118588 -1.6463709766992412 -0.42439708337884141
v 0.26890649961958324 -1.6019747078380664 -0.17138629518490475
v 0.26890649961958324 -1.6019747078380664 -0.18257037478919727
v 0.27099488705046493 -1.6234578774039841 -0.18257037478919727
v 0.27099488705046493 -1.6234578774039841 -0.17138629518490475
v 0.26710477844193875 -1.646370490765406 -0.18225809288093048
v 0.27099415814971206 -1.6234582939187001 -0.41259893959981264
v 0.28024357896285984 -1.6306456024376292 -0.18225809288093048
v 0.28024357896285984 -1.6306454635993906 -0.17138629518490475
v 0.27921999404846748 -1.6408632637722904 -0.17138629518490475
v 0.26710477844193875 -1.646370490765406 -0.17138629518490475
v 0.27921999404846748 -1.6408632637722904 -0.18225809288093048
v 0.24628997615684647 -1.5520660055498272 -0.17138643402314341
v 0.25799539334724186 -1.577118845069484 -0.19535862611232568
v 0.25053748910119827 -1.5920547156870548 -0.20266353061938516
v 0.24978161902046847 -1.5874947819961978 -0.38967785710583364
v 0.2570993313550427 -1.6140366616252959 -0.19572463841894716
v 0.25419525191735609 -1.6062447819961976 -0.40082335703456329
v 0.25961891564558853 -1.6717914251652637 -0.17138615634666612
v 0.26256754480309963 -1.6239049365324132 -0.20734952943092982
v 0.26256697209536523 -1.6239052836280097 -0.38781921225034571
v 0.15521884261667504 -1.7273869764178624 -0.34931614068571282
v 0.15521868642365655 -1.7273869764178624 -0.4022343526991079
v 0.16093004033713626 -1.6639962134184381 -0.34931614068571282
v 0.15521884261667504 -1.7081335836741041 -0.34931614068571282
v 0.16093004033713626 -1.6992619590630826 -0.4022343526991079
v 0.16093004033713626 -1.6992619590630826 -0.34931614068571282
v 0.15521868642365655 -1.7081335836741041 -0.4022343526991079
v 0.16093004033713626 -1.6639962134184381 -0.4022343526991079
v 0.16783602787501598 -1.7273869764178624 -0.34931614068571282
v 0.16783602787501598 -1.7273869764178624 -0.4022343526991079
v 0.16830670685879409 -1.6579400894488492 -0.34931614068571282
v 0.16785437187729663 -1.7036977019494739 -0.34931614068571282
v 0.16785437187729663 -1.7036977019494739 -0.4022343526991079
v 0.16830670685879409 -1.6579400894488492 -0.4022343526991079
v 0.14088129538853419 -1.6553231274886755 -0.39249896334115147
v 0.14088129538853419 -1.6553231274886755 -0.42215658130274697
v 0.14088129538853419 -1.6287846146868643 -0.39249896334115147
v 0.14088129538853419 -1.6287846146868643 -0.42215658130274697
v 0.14088129538853419 -1.6215992499032761 -0.4007938018445123
v 0.14088129538853419 -1.6645332397255075 -0.40061240968572576
v 0.15078134689752071 -1.6553231274886755 -0.39249896334115147
v 0.15078134689752071 -1.6553231274886755 -0.42215658130274697
v 0.15078134689752071 -1.6287846146868643 -0.39249896334115147
v 0.15078134689752071 -1.6287846146868643 -0.42215658130274697
v 0.15078134689752071 -1.6215992499032761 -0.4007938018445123
v 0.15078134689752071 -1.6644386214658726 -0.41409523400722331
v 0.14088129538853419 -1.6215262904088694 -0.4135110200537952
v 0.14088129538853419 -1.6644386214658726 -0.41409523400722331
v 0.15078134689752071 -1.6215262904088694 -0.4135110200537952
v 0.15078134689752071 -1.6645332397255075 -0.40061240968572576
v 0.14088129538853419 -1.6911187492710993 -0.40061240968572576
v 0.15078134689752071 -1.6910241310114644 -0.41409523400722331
v 0.14088129538853419 -1.6910241310114644 -0.41409523400722331
v 0.15078134689752071 -1.6911187492710993 -0.40061240968572576
v 0.15685619667454651 -1.7080315375687019 -0.40061240968572576
v 0.16226153375527816 -1.70345570689952 -0.41409523400722331
v 0.1568132609492463 -1.7079474015960845 -0.41409523400722331
v 0.1623044868353582 -1.7035400511294954 -0.40061240968572576
v 0.15685619667454651 -1.7247241284198171 -0.40061240968572576
v 0.16226153375527816 -1.7248687284453634 -0.41409523400722331
v 0.1568132609492463 -1.7246399924471998 -0.41409523400722331
v 0.1623044868353582 -1.7249530032562195 -0.40061240968572576
v 0.17800714369017229 -1.6797190885917546 -0.14318290364441119
v 0.17800714369017229 -1.6797190885917546 -0.52374531883738706
v 0.17800714369017229 -1.656907896563661 -0.14318290364441119
v 0.18865839684411428 -1.646256851667077 -0.52374531883738706
v 0.24291537392840018 -1.646256851667077 -0.14318290364441119
v 0.24291537392840018 -1.646256851667077 -0.52374531883738706
v 0.18865839684411428 -1.646256851667077 -0.14318290364441119
v 0.17800714369017229 -1.656907896563661 -0.52374531883738706
v 0.1587752708734036 -1.7273869764178624 -0.41355513590412385
v 0.1587752708734036 -1.7273869764178624 -0.43813221148951215
v 0.16748429855219485 -1.6723546918994368 -0.41355527474236253
v 0.1587752708734036 -1.7062692638056116 -0.41355513590412385
v 0.16628615926226914 -1.6973975697754708 -0.43813221148951215
v 0.16628615926226914 -1.6973975697754708 -0.41355513590412385
v 0.1587752708734036 -1.7062692638056116 -0.43813221148951215
v 0.16748429855219485 -1.6723546918994368 -0.43813221148951215
v 0.18394006607774571 -1.7273869764178624 -0.41355513590412385
v 0.18393992723950706 -1.7273869764178624 -0.43813221148951215
v 0.18441058886850537 -1.6710251769261955 -0.41355513590412385
v 0.18395841008002636 -1.7018335209192201 -0.41355513590412385
v 0.18395841008002636 -1.7018335209192201 -0.43813221148951215
v 0.18441058886850537 -1.6710251769261955 -0.43813221148951215
v 0.20897588055838889 -1.8693774678496919 -0.50469586211141493
v 0.20897588055838889 -1.8445059163601427 -0.5223379676766069
v 0.20897588055838889 -1.8413793486450314 -0.50778074364537384
v 0.20897603675140736 -1.8693774678496919 -0.49398230529788206
v 0.22061200011292176 -1.8693774678496919 -0.50469586211141493
v 0.22061200011292176 -1.8693774678496919 -0.49398230529788206
v 0.20897588055838889 -1.8153403758258562 -0.50621647056536778
v 0.20897603675140736 -1.7735527733400962 -0.48072089325745976
v 0.22061200011292176 -1.7735527733400962 -0.48072089325745976
v 0.20897588055838889 -1.8078258255784463 -0.52488099827470347
v 0.20897588055838889 -1.7735529121783349 -0.52404783000460942
v 0.22061200011292176 -1.8445059163601427 -0.5223379676766069
v 0.22061200011292176 -1.8413793486450314 -0.50778074364537384
v 0.22061200011292176 -1.8153403758258562 -0.50621647056536778
v 0.22061200011292176 -1.8078258255784463 -0.52488099827470347
v 0.22061200011292176 -1.7735529121783349 -0.52404783000460942
v 0.16577473125544939 -1.7368750428084569 -0.57963295971191986
v 0.16577473125544939 -1.7368750428084569 -0.62424670131914839
v 0.16577473125544939 -1.7044942863436858 -0.57963295971191986
v 0.16577473125544939 -1.7044942863436858 -0.62424670131914839
v 0.16577473125544939 -1.6860366449647073 -0.59776569358030496
v 0.16577473125544939 -1.6860366449647073 -0.60611397178945825
v 0.16577473125544939 -1.755191971632571 -0.59097936724935529
v 0.16577473125544939 -1.755191971632571 -0.61290015060477931
v 0.17677828643994692 -1.7368750428084569 -0.57963295971191986
v 0.17677828643994692 -1.7368750428084569 -0.62424670131914839
v 0.17677828643994692 -1.7044942863436858 -0.57963295971191986
v 0.17677828643994692 -1.7044942863436858 -0.62424670131914839
v 0.17677828643994692 -1.6860366449647073 -0.59776569358030496
v 0.17677828643994692 -1.6860366449647073 -0.60611397178945825
v 0.17677828643994692 -1.755191971632571 -0.59097936724935529
v 0.17677828643994692 -1.755191971632571 -0.61290015060477931
v 0.16102481478978964 -1.7538998735646441 -0.60851986925603063
v 0.16102481478978964 -1.7538998735646441 -0.59546257545858272
v 0.16102481478978964 -1.790997103834342 -0.59547073220510294
v 0.16102481478978964 -1.790997103834342 -0.60850938696901313
v 0.17596695048287939 -1.7251752832762863 -0.60851986925603063
v 0.17596695048287939 -1.7251752832762863 -0.59546257545858272
v 0.17596754054539362 -1.790997103834342 -0.59547073220510294
v 0.17596754054539362 -1.790997103834342 -0.60850938696901313
v 0.19970825458119909 -1.4865419583041002 0.58317186831840973
v 0.20152016301460393 -1.460355886371083 0.5916230907428216
v 0.19153089058250972 -1.6015664887068977 0.59162336841929886
v 0.19153073438949125 -1.601566349868659 0.58317214599488709
v 0.20061101551841273 -1.4493437579253494 0.54380012060414995
v 0.20519102868953362 -1.4485573087225587 0.54379998176591127
v 0.20120789846111697 -1.4384022287239655 0.56376144952674667
v 0.19699604958931649 -1.4397762066431321 0.56376172720322404
v 0.20120789846111697 -1.4384022287239655 0.57767609547998233
v 0.20519102868953362 -1.4485573087225587 0.59162295190458292
v 0.20061129319489002 -1.4493436190871107 0.59162295190458292
v 0.19699618842755512 -1.4397762066431321 0.57767609547998233
v 0.19970795954994197 -1.4865419583041002 0.53905240819552869
v 0.19463454998824503 -1.559192711177589 0.47883382127260982
v 0.19485481685385148 -1.5536445616136336 0.46031280023769106
v 0.20151988533812665 -1.4603560599188814 0.53566045118725203
v 0.20290873630360776 -1.5920363890395541 0.57429913300147906
v 0.20303233704555931 -1.5670669565917619 0.5742988553250018
v 0.20332568488903122 -1.5264617005462822 0.5742988553250018
v 0.20312886433097554 -1.5212006337502799 0.55789025809102977
v 0.1997080983881806 -1.4865419583041002 0.55746957822794274
v 0.22901443825123058 -1.5670669565917619 0.57429871648676312
v 0.22421646640022067 -1.4620079572822506 0.53566045118725203
v 0.22421662259323913 -1.4620078184440122 0.5916230907428216
v 0.23086143804945233 -1.4384022287239655 0.56376144952674667
v 0.22687815162801719 -1.4485573087225587 0.54379998176591127
v 0.22687830782103566 -1.4485573087225587 0.5916230907428216
v 0.23086143804945233 -1.4384020551761671 0.57767609547998233
v 0.23233865955382943 -1.4865419583041002 0.58317186831840973
v 0.23052675112042459 -1.460355886371083 0.59162295190458292
v 0.24051617974553727 -1.6015664887068977 0.59162336841929886
v 0.24051617974553727 -1.601566349868659 0.58317214599488709
v 0.2314356209401385 -1.4493437579253494 0.54380012060414995
v 0.23505072570747337 -1.4397762066431321 0.56376144952674667
v 0.2314356209401385 -1.4493436190871107 0.59162295190458292
v 0.23505072570747337 -1.4397762066431321 0.57767609547998233
v 0.23233865955382943 -1.4865419583041002 0.53905240819552869
v 0.23741206911552637 -1.559192711177589 0.47883382127260982
v 0.23719164605690146 -1.5536445616136336 0.46031266139945243
v 0.23052675112042459 -1.4603560599188814 0.53566045118725203
v 0.2287212292459973 -1.5264617005462822 0.57429871648676312
v 0.22891791096581432 -1.5212006337502799 0.55789011925279108
v 0.23233865955382943 -1.4865419583041002 0.55746943938970417
v 0.20750055072501328 -1.4620079572822506 0.53566045118725203
v 0.20750055072501328 -1.4620078184440122 0.5916230907428216
v 0.21603023410903799 -1.5978173356201535 0.51671305792146194
v 0.23577193829288204 -1.6091319925878893 0.51671291908322337
v 0.21603110184802951 -1.5978170232341165 0.74485704983552292
v 0.2357726671936349 -1.6091315413636136 0.74485704983552292
v 0.23577193829288204 -1.637818124684143 0.51671305792146194
v 0.2357726671936349 -1.6378178470076656 0.74485704983552292
v 0.21603037294727664 -1.6491328163614385 0.51671305792146194
v 0.21603110184802951 -1.6491325386849611 0.74485704983552292
v 0.20094905191994772 -1.6442326595667878 0.51671305792146194
v 0.20094978082070059 -1.6442321736329524 0.74485704983552292
v 0.19162828560691747 -1.6314037980588563 0.51671305792146194
v 0.19162901450767034 -1.6314033121250211 0.74485704983552292
v 0.19162828560691747 -1.6155463539227355 0.51671305792146194
v 0.19162901450767034 -1.61554590269846 0.74485704983552292
v 0.20094905191994772 -1.6027176312530429 0.51671305792146194
v 0.20094978082070059 -1.6027171800287672 0.74485704983552292
v 0.23232309231632164 -1.611637883957149 0.75059120792969969
v 0.21603139687928663 -1.6026946188149878 0.8397778379924361
v 0.21603110184802951 -1.6023003876363622 0.75059120792969969
v 0.23201983489356662 -1.6118581508227554 0.8397778379924361
v 0.23232309231632164 -1.6353114697045708 0.75059120792969969
v 0.23201983489356662 -1.6350907863242483 0.8397778379924361
v 0.21603110184802951 -1.6446490354444767 0.75059120792969969
v 0.21603139687928663 -1.644254318332016 0.8397778379924361
v 0.20358510413793487 -1.6406050246484154 0.75059120792969969
v 0.20381731109206455 -1.6402857661186567 0.83977797683067468
v 0.19589311862153991 -1.6300179841798454 0.75059120792969969
v 0.19626857192838909 -1.6298958065298401 0.83977797683067468
v 0.19589311862153991 -1.6169315777392321 0.75059120792969969
v 0.19626857192838909 -1.6170531306171638 0.83977797683067468
v 0.20358510413793487 -1.606344363722864 0.75059120792969969
v 0.20381731109206455 -1.6066632057379067 0.83977797683067468
v 0.13681605101935035 -1.6093988396825603 -0.11988390346484708
v 0.14239229797185102 -1.5885881331255078 -0.11988390346484708
v 0.16769975814378829 -1.5559066183262773 -0.11988390346484708
v 0.21603051178551527 -1.5375582773506702 -0.11988390346484708
v 0.25698737567035729 -1.5485327112146123 -0.11988390346484708
v 0.29245691849454919 -1.5989934690492542 -0.11988390346484708
v 0.27197857332602737 -1.6754198931130679 -0.11988390346484708
v 0.21603066797853376 -1.70138555934224 -0.11988390346484708
v 0.18514679598368744 -1.693110175547069 -0.11988390346484708
v 0.14239229797185102 -1.6503557035674024 -0.11988390346484708
v 0.14889880451020646 -1.6295448234625516 -0.056765784056557148
v 0.15285631908359357 -1.594629505532241 -0.056765784056557148
v 0.17374128674353986 -1.5663706481154098 -0.056765784056557148
v 0.21603051178551527 -1.549641161002375 -0.056765784056557148
v 0.25094598590884437 -1.5589966021655062 -0.056765784056557148
v 0.28118361796714902 -1.6020141726074006 -0.056765784056557148
v 0.26372594164721391 -1.6671672787890344 -0.056765784056557148
v 0.21603066797853376 -1.6893026062714158 -0.056765784056557148
v 0.19118818574520036 -1.6826461457579365 -0.056765784056557148
v 0.16292932832836909 -1.66176119545277 -0.056765784056557148
v 0.16381650467329512 -1.6093988396825603 -0.13021603692726913
v 0.17584831320795932 -1.5846413785156155 -0.13021603692726913
v 0.19864695773023544 -1.5692166237502245 -0.13021603692726913
v 0.21603051178551527 -1.5645587049724452 -0.13021603692726913
v 0.24348707508557063 -1.571915743238115 -0.13021603692726913
v 0.26726520602669024 -1.6057435412451384 -0.13021603692726913
v 0.25353691569927267 -1.6569782181315336 -0.13021603692726913
v 0.21603066797853376 -1.6743850623013457 -0.13021603692726913
v 0.18120005872857495 -1.6596541863431304 -0.13021603692726913
v 0.1657753039631838 -1.636855559175634 -0.13021603692726913
v 0.15339891627498856 -1.5308981723334265 -0.54822544194525336
v 0.15339905511322721 -1.5377022526041426 -0.53179908209412496
v 0.16980852008619077 -1.5377022526041426 -0.53179908209412496
v 0.16980852008619077 -1.5308981723334265 -0.54822558946088185
v 0.15339891627498856 -1.5144718038049081 -0.55502938337773067
v 0.16980838124795214 -1.5144718038049081 -0.55502953089335927
v 0.15339891627498856 -1.4980454352763899 -0.54822558946088185
v 0.16980838124795214 -1.4980452964381512 -0.54822558946088185
v 0.15339905511322721 -1.4912413550056738 -0.53179908209412496
v 0.16980852008619077 -1.4912413550056738 -0.53179922093236354
v 0.15339905511322721 -1.4980452964381512 -0.51537273092038649
v 0.16980852008619077 -1.4980452964381512 -0.51537286975862506
v 0.15339905511322721 -1.5144718038049081 -0.50856863329489055
v 0.16980852008619077 -1.5144718038049081 -0.50856878948790907
v 0.15339905511322721 -1.5308980334951878 -0.51537257472736797
v 0.16980852008619077 -1.5308980334951878 -0.51537273092038649
v 0.14878117381251654 -1.5336115227407778 -0.55093880970738451
v 0.14878117381251654 -1.5415394985533055 -0.53179908209412496
v 0.14878103497427791 -1.5144718038049081 -0.55886693303554069
v 0.14878103497427791 -1.4953319460307999 -0.55093895722301311
v 0.14878117381251654 -1.4874039702182722 -0.53179922093236354
v 0.14878117381251654 -1.4953319460307999 -0.51265936315825522
v 0.14878133000553501 -1.5144718038049081 -0.50473123115270913
v 0.14878117381251654 -1.5336115227407778 -0.51265936315825522
v 0.14217130220549171 -1.5415394985533055 -0.53179894325588628
v 0.14217130220549171 -1.5336115227407778 -0.55093880970738451
v 0.13775346077449524 -1.5144718038049081 -0.53179908209412496
v 0.14217115468986313 -1.5144718038049081 -0.55886693303554069
v 0.14217130220549171 -1.4953319460307999 -0.55093895722301311
v 0.14217130220549171 -1.4874039702182722 -0.53179908209412496
v 0.14217130220549171 -1.4953319460307999 -0.51265936315825522
v 0.14217144972112025 -1.5144718038049081 -0.50473123115270913
v 0.14217130220549171 -1.5336115227407778 -0.5126592069652367
v 0.16980852008619077 -1.5144718038049081 -0.53179908209412496
v 0.2056963478138531 -1.5632157226900556 -0.16234084509910274
v 0.18197048946958239 -1.5718512181667059 -0.16234084509910274
v 0.16574095885389958 -1.5911927384824425 -0.16234067155130444
v 0.16135658611580589 -1.6160577645747756 -0.16234084509910274
v 0.16999211630201574 -1.6397836576286058 -0.16234067155130444
v 0.18933360190819276 -1.6560131535347289 -0.16234084509910274
v 0.25853840705335274 -1.6075554843881028 -0.26665633093112329
v 0.24990289422192274 -1.583829626043832 -0.26665633093112329
v 0.23056125242272726 -1.5676000954281493 -0.26665633093112329
v 0.2056963478138531 -1.5632157226900556 -0.26665633093112329
v 0.18197048946958239 -1.5718512181667059 -0.26665633093112329
v 0.16574095885389958 -1.5911927384824425 -0.26665633093112329
v 0.16135658611580589 -1.6160577645747756 -0.26665633093112329
v 0.16999211630201574 -1.6397836576286058 -0.26665633093112329
v 0.18933360190819276 -1.6560131535347289 -0.26665633093112329
v 0.21419864535530556 -1.6603975262728228 -0.26665633093112329
v 0.2379245210543561 -1.6517619960866128 -0.26665633093112329
v 0.25415405167003891 -1.6324205104804359 -0.26665633093112329
v 0.24956645446013215 -1.6083404410798283 -0.26665633093112329
v 0.24252535996127339 -1.5889953109698869 -0.26665633093112329
v 0.22675514094857988 -1.5757624648970654 -0.26665633093112329
v 0.20648132186035834 -1.572187692638056 -0.26665633093112329
v 0.18713619175041699 -1.579228769782135 -0.26665633093112329
v 0.17390332832281558 -1.5949989887948286 -0.26665633093112329
v 0.17032855606380634 -1.6152728078830501 -0.26665633093112329
v 0.17736949436964664 -1.6346179727025512 -0.26665633093112329
v 0.19313986957535861 -1.6478506452275743 -0.26665633093112329
v 0.21341367130880032 -1.6514255910343818 -0.26665633093112329
v 0.23275866258050304 -1.6443844791807434 -0.26665633093112329
v 0.24599152600810445 -1.6286142601680498 -0.26665633093112329
v 0.24956645446013215 -1.6083404410798283 -0.20518400000370235
v 0.24252535996127339 -1.5889953109698869 -0.20518400000370235
v 0.22675514094857988 -1.5757624648970654 -0.20518400000370235
v 0.20648132186035834 -1.572187692638056 -0.20518400000370235
v 0.18713619175041699 -1.579228769782135 -0.20518400000370235
v 0.17390332832281558 -1.5949989887948286 -0.20518400000370235
v 0.17032855606380634 -1.6152728078830501 -0.20518400000370235
v 0.17736949436964664 -1.6346179727025512 -0.20518400000370235
v 0.19313986957535861 -1.6478506452275743 -0.20518400000370235
v 0.21341367130880032 -1.6514255910343818 -0.20518400000370235
v 0.23275866258050304 -1.6443844791807434 -0.20518400000370235
v 0.24599152600810445 -1.6286142601680498 -0.20518400000370235
v 0.19748724192285408 -1.5744053211143343 -0.24009654116924012
v 0.19139519355901644 -1.568322748460284 -0.53971847596802647
v 0.19139519355901644 -1.544337748543587 -0.24009654116924012
v 0.19139519355901644 -1.544337748543587 -0.53971847596802647
v 0.23378967534066275 -1.5744053211143343 -0.24009654116924012
v 0.23378953650242412 -1.5744053211143343 -0.53971847596802647
v 0.19139519355901644 -1.568322748460284 -0.24009654116924012
v 0.19748724192285408 -1.5744053211143343 -0.53971847596802647
v 0.25449762424633976 -1.4897156616012306 -0.61195168151618762
v 0.25449762424633976 -1.460094870482435 -0.61195168151618762
v 0.23465312770156072 -1.4897156616012306 -0.58821431695288939
v 0.23465312770156072 -1.460094870482435 -0.58821431695288939
v 0.20417384768889868 -1.4897156616012306 -0.58289691654155795
v 0.20417384768889868 -1.460094870482435 -0.58289691654155795
v 0.18575402237517055 -1.4897156616012306 -0.59353156984859223
v 0.18575402237517055 -1.460094870482435 -0.59353171736422083
v 0.17511923890728753 -1.4897156616012306 -0.61195139082362549
v 0.17511923890728753 -1.4600950093206737 -0.61195139082362549
v 0.17511908271426904 -1.4897156616012306 -0.63322084061462758
v 0.17511908271426904 -1.4600950093206737 -0.63322084061462758
v 0.18575374469869324 -1.4897158004394693 -0.65164080476659436
v 0.18575374469869324 -1.4600950093206737 -0.65164080476659436
v 0.20417355265764156 -1.4897158004394693 -0.66227531164267384
v 0.20417355265764156 -1.4600950093206737 -0.66227531164267384
v 0.22544285927171012 -1.4897158004394693 -0.66227531164267384
v 0.22544285927171012 -1.4600950093206737 -0.66227545698895496
v 0.24918022383500835 -1.4897156616012306 -0.64243096803689215
v 0.24918022383500835 -1.4600950093206737 -0.64243096803689215
v 0.179317689889059 -1.5461384457892213 -0.66082501933322468
v 0.17561086511032087 -1.5758139738836017 -0.65439726444704427
v 0.18530548809045588 -1.5458583743523195 -0.66285909714997493
v 0.19252389637484102 -1.5554229753219659 -0.66389375224455149
v 0.17086327418515837 -1.5655954101003893 -0.65464591722441068
v 0.1803792644164999 -1.5456539697554781 -0.65774085585328135
v 0.17669399427431104 -1.5753125942943038 -0.6513231450459277
v 0.18633795865212135 -1.5454146126320583 -0.65975877420066198
v 0.17195936736968179 -1.5650968072758642 -0.65157602154283534
v 0.20111938908398233 -1.556587932272856 -0.80112020475863432
v 0.20112112456196535 -1.5565899801368759 -1.3202887210591692
v 0.21603037294727664 -1.5565899801368759 -1.3202887210591692
v 0.21603051178551527 -1.556587932272856 -0.80112020475863432
v 0.20111938908398233 -1.556587932272856 -0.83804718463819683
v 0.21603051178551527 -1.556587932272856 -0.83804718463819683
v 0.20111938908398233 -1.556587932272856 -0.86499683217418832
v 0.21603051178551527 -1.556587932272856 -0.86499683217418832
v 0.20111938908398233 -1.556587932272856 -0.90440570176250512
v 0.21603051178551527 -1.556587932272856 -0.90440570176250512
v 0.20111938908398233 -1.556587932272856 -0.93034908445437492
v 0.21603051178551527 -1.556587932272856 -0.93034908445437492
v 0.20111938908398233 -1.556587932272856 -1.1289050337191802
v 0.21603037294727664 -1.556587932272856 -1.1289050337191802
v 0.20111938908398233 -1.556587932272856 -0.97039647110220906
v 0.21603051178551527 -1.556587932272856 -0.97039647110220906
v 0.20111938908398233 -1.556587932272856 -0.99698593753760201
v 0.21603037294727664 -1.556587932272856 -0.99698593753760201
v 0.20111938908398233 -1.556587932272856 -1.0368999874119997
v 0.21603037294727664 -1.556587932272856 -1.0368999874119997
v 0.20111938908398233 -1.556587932272856 -1.0627961998122908
v 0.21603037294727664 -1.556587932272856 -1.0627961998122908
v 0.20111938908398233 -1.556587932272856 -1.1026924783921421
v 0.21603037294727664 -1.556587932272856 -1.1026924783921421
v 0.21603051178551527 -1.544404737993732 -0.83804718463819683
v 0.20661467598857453 -1.5480228972023169 -0.83804718463819683
v 0.20661467598857453 -1.5480228972023169 -0.85913917746673896
v 0.21603051178551527 -1.544404737993732 -0.85682965543125933
v 0.21603051178551527 -1.544404737993732 -0.90440570176250512
v 0.20661467598857453 -1.5480228972023169 -0.90440570176250512
v 0.20661467598857453 -1.5480228972023169 -0.92522458242085759
v 0.21603051178551527 -1.544404737993732 -0.9229830390579733
v 0.21603051178551527 -1.544404737993732 -0.97039647110220906
v 0.20661467598857453 -1.5480228972023169 -0.97039647110220906
v 0.20661467598857453 -1.5480228972023169 -0.99142789574914336
v 0.21603037294727664 -1.544404737993732 -0.98930707223475878
v 0.21603037294727664 -1.544404737993732 -1.0368999874119997
v 0.20661467598857453 -1.5480228972023169 -1.0368999874119997
v 0.20661467598857453 -1.5480228972023169 -1.0577848335884872
v 0.21603037294727664 -1.544404737993732 -1.0555456157661001
v 0.20661467598857453 -1.5480228972023169 -1.1026924783921421
v 0.20661467598857453 -1.5480228972023169 -1.1236735394680089
v 0.21603037294727664 -1.544404737993732 -1.1214359529949258
v 0.21603037294727664 -1.544404737993732 -1.1026924783921421
v 0.16122703268437255 -1.6212929033297112 -1.3204292253566754
v 0.1745914974074273 -1.5900295170095353 -1.3204292253566754
v 0.19905604460039578 -1.5746666493890191 -1.3202887210591692
v 0.19493621077125567 -1.6753631082734632 -1.3204292253566754
v 0.16723681939181448 -1.6547390350187061 -1.3204292253566754
v 0.16122703268437255 -1.6212929033297112 -0.80077124352319617
v 0.1745914974074273 -1.5900295170095353 -0.80077124352319617
v 0.19905429176763292 -1.5746647750727976 -0.80112020475863432
v 0.19493634960949432 -1.6753632471117019 -0.80077124352319617
v 0.16723695823005311 -1.6547390350187061 -0.80077124352319617
v 0.23094151300358942 -1.556587932272856 -0.80112020475863432
v 0.23093962133258791 -1.5565899801368759 -1.3202887210591692
v 0.23094151300358942 -1.556587932272856 -0.83804718463819683
v 0.23094151300358942 -1.556587932272856 -0.86499683217418832
v 0.23094151300358942 -1.556587932272856 -0.90440570176250512
v 0.23094151300358942 -1.556587932272856 -0.93034908445437492
v 0.23094151300358942 -1.556587932272856 -1.1289050337191802
v 0.23094151300358942 -1.556587932272856 -0.97039647110220906
v 0.23094151300358942 -1.556587932272856 -0.99698593753760201
v 0.23094151300358942 -1.556587932272856 -1.0368999874119997
v 0.23094151300358942 -1.556587932272856 -1.0627961998122908
v 0.23094151300358942 -1.556587932272856 -1.1026924783921421
v 0.22544634758245602 -1.5480228972023169 -0.83804718463819683
v 0.22544634758245602 -1.5480228972023169 -0.85913917746673896
v 0.22544620874421739 -1.5480228972023169 -0.90440570176250512
v 0.22544620874421739 -1.5480228972023169 -0.92522458242085759
v 0.22544620874421739 -1.5480228972023169 -0.97039647110220906
v 0.22544620874421739 -1.5480228972023169 -0.99142789574914336
v 0.22544620874421739 -1.5480228972023169 -1.0368999874119997
v 0.22544620874421739 -1.5480228972023169 -1.0577848335884872
v 0.22544620874421739 -1.5480228972023169 -1.1026924783921421
v 0.22544620874421739 -1.5480228972023169 -1.1236735394680089
v 0.2708360561054578 -1.6380159691742087 -1.3204292253566754
v 0.25746924848712599 -1.5900295170095353 -1.3204292253566754
v 0.23300470129415751 -1.5746666493890191 -1.3202887210591692
v 0.23712453512329762 -1.6753631082734632 -1.3204292253566754
v 0.25746940468014445 -1.5900295170095353 -0.80077124352319617
v 0.23300674915817748 -1.5746647750727976 -0.80112020475863432
v 0.23712469131631608 -1.6753632471117019 -0.80077124352319617
v 0.27083619494369648 -1.6380159691742087 -0.80077124352319617
v 0.21603051178551527 -1.5746627272087774 -0.80112223526787452
v 0.19449697864853008 -1.7624856302423004 -0.87260876009122601
v 0.19449697864853008 -1.761917712427133 -1.0386236988543069
v 0.19449697864853008 -1.6743871448749252 -0.79518990294281533
v 0.19449697864853008 -1.8752073549094126 -1.2906814666686413
v 0.19449697864853008 -1.6743871448749252 -1.2958409732930765
v 0.19449697864853008 -1.7163355220410332 -0.85471433338208103
v 0.23756390608426184 -1.7624856302423004 -0.87260876009122601
v 0.23756390608426184 -1.761917712427133 -1.0386236988543069
v 0.23756390608426184 -1.6743871448749252 -0.79518990294281533
v 0.23756376724602321 -1.6743871448749252 -1.2958409732930765
v 0.23756376724602321 -1.8752073549094126 -1.2906814666686413
v 0.23756390608426184 -1.7163355220410332 -0.85471433338208103
v 0.19115660004590918 -1.7762415840887675 -1.0040124713761831
v 0.19115687772238646 -1.776241236993171 -0.89524114582272762
v 0.24090430204166258 -1.776241236993171 -0.89524114582272762
v 0.19115630501465206 -1.8557189784467518 -1.0939512923063253
v 0.19115687772238646 -1.7505178434904303 -0.89671415011560596
v 0.19115687772238646 -1.7383404804173292 -0.91149585822394419
v 0.24090430204166258 -1.7383404804173292 -0.91149601441696271
v 0.19115630501465206 -1.7993453777048003 -1.093945183423825
v 0.24090430204166258 -1.7505178434904303 -0.89671415011560596
v 0.19115644385289071 -1.7383406192555679 -1.0168744110944712
v 0.24090430204166258 -1.7762415840887675 -1.0040126449239815
v 0.24090430204166258 -1.8557189784467518 -1.0939512923063253
v 0.24090430204166258 -1.7993453777048003 -1.093945183423825
v 0.24090430204166258 -1.7383404804173292 -1.0168744110944712
v 0.18427418029903905 -1.6974008324740788 -0.85926277820869057
v 0.18427418029903905 -1.6974008324740788 -0.88292444122236891
v 0.18427418029903905 -1.6699330059219137 -0.85926277820869057
v 0.18427418029903905 -1.6699330059219137 -0.88292444122236891
v 0.24778670443375286 -1.6974008324740788 -0.85926277820869057
v 0.24778670443375286 -1.6974008324740788 -0.88292444122236891
v 0.24778670443375286 -1.6699330059219137 -0.85926277820869057
v 0.24778670443375286 -1.6699330059219137 -0.88292444122236891
v 0.20459428458506804 -1.7444601923002163 -0.96305154647286084
v 0.20222580836250478 -1.7444600534619779 -0.94589742260693788
v 0.20459428458506804 -1.7929584716316456 -0.96305140763462216
v 0.21603037294727664 -1.7444601923002163 -0.96778851627276719
v 0.21603037294727664 -1.7929584716316456 -0.9677883774345285
v 0.22983507637028713 -1.7929584716316456 -0.95733351096914643
v 0.22983507637028713 -1.7444601923002163 -0.95733366716216495
v 0.22174856464400949 -1.7929583327934069 -0.93781061584940306
v 0.22174856464400949 -1.7444600534619779 -0.93781091088066015
v 0.20222580836250478 -1.7929584716316456 -0.94589728376869919
v 0.15205213329581616 -1.6271575693682119 -0.8017326636162363
v 0.16062358963489246 -1.5951683020268532 -0.8017326636162363
v 0.18404124444415648 -1.5717506298628092 -0.8017326636162363
v 0.21603051178551527 -1.563179173523733 -0.8017326636162363
v 0.24801964028863543 -1.5717506298628092 -0.8017326636162363
v 0.27143731245267932 -1.5951683020268532 -0.8017326636162363
v 0.26986864861337623 -1.6490064041451544 -0.8017326636162363
v 0.21603051178551527 -1.6911358263744523 -0.8017326636162363
v 0.18404140063717495 -1.6825643700353761 -0.8017326636162363
v 0.16062358963489246 -1.6591466631617724 -0.8017326636162363
v 0.15205213329581616 -1.6271575693682119 -0.77379495640016516
v 0.16062358963489246 -1.5951683020268532 -0.77379495640016516
v 0.18404140063717495 -1.5717506298628092 -0.77379495640016516
v 0.21603051178551527 -1.563179173523733 -0.77379495640016516
v 0.24801964028863543 -1.5717506298628092 -0.77379495640016516
v 0.27143731245267932 -1.5951683020268532 -0.77379495640016516
v 0.26986864861337623 -1.6490064041451544 -0.77379495640016516
v 0.21603051178551527 -1.6911358263744523 -0.77379495640016516
v 0.18404140063717495 -1.6825643700353761 -0.77379495640016516
v 0.16062358963489246 -1.6591466631617724 -0.77379495640016516
v 0.182051432162711 -1.9295206656090278 -1.2678597229344108
v 0.182051432162711 -1.9352460074750508 -1.3108558428684349
v 0.1661392684057853 -1.8552686566197147 -1.2635000634027957
v 0.1661392684057853 -1.8552686566197147 -1.2992647242580022
v 0.1858731108743662 -1.9021494010518385 -1.2130192434426701
v 0.17875529089387759 -1.8335936473175527 -1.2121010367514073
v 0.19464140512627801 -1.8080258220612111 -1.160095078739793
v 0.19819797222124522 -1.9703182820341467 -1.2940525979411215
v 0.19484973190336119 -1.9700966962052733 -1.3205783376249776
v 0.15487060160459981 -1.7311027041986535 -1.2962043129636041
v 0.15487060160459981 -1.7311027041986535 -1.3083476606682376
v 0.15716978019130057 -1.6256996984433456 -1.3202267297856152
v 0.15716978019130057 -1.6256996984433456 -1.3345887125437572
v 0.18288968538329536 -1.5727058022351106 -1.3202166640133137
v 0.18300398396325784 -1.5725057710427863 -1.3487045351047859
v 0.26592147748876799 -1.8552687954579532 -1.2635000634027957
v 0.25330545500067569 -1.8335936473175527 -1.2121010367514073
v 0.27719014428995348 -1.7311027041986535 -1.2962043129636041
v 0.27489094834847289 -1.6256998372815843 -1.3202267297856152
v 0.21603037294727664 -1.5332726186002514 -1.320215206211808
v 0.24917104315647809 -1.5727058022351106 -1.3202166640133137
v 0.21603037294727664 -1.585514289231521 -1.3098711326608625
v 0.21603037294727664 -1.827701144212204 -1.2121010367514073
v 0.21603037294727664 -1.7311027041986535 -1.2602849168914303
v 0.21603037294727664 -1.6256996984433456 -1.2978562103269733
v 0.21603037294727664 -1.8248165715470468 -1.2312444001910414
v 0.25000931373184226 -1.9295206656090278 -1.2678597229344108
v 0.25000931373184226 -1.9352461463132895 -1.3108558428684349
v 0.26592147748876799 -1.8552686566197147 -1.2992647242580022
v 0.24618763502018709 -1.9021495398900772 -1.2130192434426701
v 0.23741934076827528 -1.8080258220612111 -1.160095078739793
v 0.23386277367330807 -1.9703182820341467 -1.2940525979411215
v 0.2372110139911921 -1.970096835043512 -1.3205783376249776
v 0.21603037294727664 -1.9886932452420136 -1.30435953226323
v 0.27719014428995348 -1.7311027041986535 -1.3083476606682376
v 0.27489094834847289 -1.6256996984433456 -1.3345887125437572
v 0.21603037294727664 -1.533309167766574 -1.3507032503882843
v 0.24905676193129545 -1.5725057710427863 -1.3487045351047859
v 0.21603037294727664 -1.8080258220612111 -1.160095078739793
v 0.21603037294727664 -1.9884717982513787 -1.3257177821239288
v 0.20210671986330914 -1.5566006012621321 -1.3216237201428367
v 0.21603037294727664 -1.5368856755035663 -1.3216237201428367
v 0.20210671986330914 -1.5566006012621321 -1.1750481305893961
v 0.22995402603124415 -1.5566006012621321 -1.3216237201428367
v 0.21603037294727664 -1.5352229834671425 -1.1866568816561365
v 0.22995416486948281 -1.5566006012621321 -1.1750481305893961
v 0.21603037294727664 -1.5306802310083174 -1.1564263824123422
v 0.19443365105692922 -1.8832624024198579 -0.39540420554908673
v 0.23518508641291974 -1.8832624024198579 -0.39540420554908673
v 0.23518451370518534 -1.8832626800963352 -0.55535694616963815
v 0.19443307834919482 -1.8832626800963352 -0.55535679865400955
v 0.23518451370518534 -1.8729907330103648 -0.54650349201309889
v 0.23518451370518534 -1.8688969487057498 -0.55484726231819137
v 0.23518451370518534 -1.8729907330103648 -0.56319117146152242
v 0.19443365105692922 -1.8688964627719147 -0.39595712883448075
v 0.19443365105692922 -1.8729903859147681 -0.38756968522594537
v 0.19443365105692922 -1.8729903859147681 -0.40434427741175905
v 0.23518508641291974 -1.8729903859147681 -0.40434441624999767
v 0.23518508641291974 -1.8688964627719147 -0.39595726767271938
v 0.19443307834919482 -1.8729907330103648 -0.5465033444974704
v 0.23518508641291974 -1.8729903859147681 -0.38756998025720246
v 0.19443307834919482 -1.8688969487057498 -0.55484726231819137
v 0.19443307834919482 -1.8729908718486035 -0.56319117146152242
v 0.18217022563064955 -1.6232140080378084 0.82649587789269474
v 0.18670657417571737 -1.6062837955412563 0.82649587789269474
v 0.18670671301395603 -1.6062837955412563 1.3507032503882843
v 0.18217022563064955 -1.6232140080378084 1.3507032503882843
v 0.19910043812720174 -1.5938900877827904 0.82649587789269474
v 0.1991005943202202 -1.5938899489445517 1.3507032503882843
v 0.21603066797853376 -1.5893537218829428 0.82649587789269474
v 0.21603080681677239 -1.5893535830447041 1.3507032503882843
v 0.23296103666810442 -1.5938900877827904 0.82649587789269474
v 0.23296103666810442 -1.5938899489445517 1.3507032503882843
v 0.24762306621473276 -1.6147490059182112 0.82649587789269474
v 0.24762306621473276 -1.6147488323704131 1.3507032503882843
v 0.23915789054733735 -1.6463412653161718 0.82649587789269474
v 0.23915802938557601 -1.6463412653161718 1.3507032503882843
v 0.21603066797853376 -1.6570747801265093 0.82649587789269474
v 0.21603080681677239 -1.6570747801265093 1.3507032503882843
v 0.19910043812720174 -1.6525382406788633 0.82649587789269474
v 0.1991005943202202 -1.6525381018406249 1.3507032503882843
v 0.18670657417571737 -1.6401445676299573 0.82649587789269474
v 0.18670671301395603 -1.6401444287917186 1.3507032503882843
v 0.22848888345362894 -1.3884268146620584 -0.62264325850106539
v 0.22848888345362894 -1.3884268146620584 -0.62972933658924424
v 0.23173842713861795 -1.396028832999813 -0.62972933658924424
v 0.23173842713861795 -1.396028832999813 -0.62264325850106539
v 0.23173842713861795 -1.4362911238862859 -0.62098856701814342
v 0.19787841866022951 -1.4362912627245246 -0.62098856701814342
v 0.19787841866022951 -1.4272887483640226 -0.61579112718369411
v 0.23173842713861795 -1.4272887483640226 -0.6157912746993226
v 0.19787841866022951 -1.412923988841108 -0.62972933658924424
v 0.19787841866022951 -1.4272887483640226 -0.63658117287535843
v 0.23173842713861795 -1.4272887483640226 -0.63658146790661552
v 0.23173842713861795 -1.412923988841108 -0.62972933658924424
v 0.20696015759065675 -1.383255888592495 -0.62264325850106539
v 0.20112796234521851 -1.3884268146620584 -0.62264325850106539
v 0.20112796234521851 -1.3884266758238197 -0.62972933658924424
v 0.20696000139763826 -1.383255888592495 -0.62972933658924424
v 0.22265670556297054 -1.383255888592495 -0.62264325850106539
v 0.21480835348030441 -1.3814586623028267 -0.62264325850106539
v 0.21480835348030441 -1.3814586623028267 -0.62972933658924424
v 0.22265670556297054 -1.383255888592495 -0.62972933658924424
v 0.19787841866022951 -1.396028832999813 -0.62264325850106539
v 0.19787841866022951 -1.396028832999813 -0.62972933658924424
v 0.21989179410474327 -1.3889015720190967 -0.62972933658924424
v 0.22361304070552041 -1.3926229227485529 -0.62972933658924424
v 0.21480835348030441 -1.3875396383171323 -0.62972933658924424
v 0.20972505169410419 -1.3889015720190967 -0.62972933658924424
v 0.20600382244810689 -1.3926230962963511 -0.62972933658924424
v 0.21989179410474327 -1.3889015720190967 -0.62264325850106539
v 0.22361304070552041 -1.3926229227485529 -0.62264325850106539
v 0.19787841866022951 -1.412923988841108 -0.62264325850106539
v 0.23173842713861795 -1.412923988841108 -0.62264325850106539
v 0.20600382244810689 -1.4027896998687517 -0.62972933658924424
v 0.20464174990790396 -1.397706241889533 -0.62972933658924424
v 0.19787841866022951 -1.4362912627245246 -0.63138358986397558
v 0.23173842713861795 -1.4362912627245246 -0.63138373737960407
v 0.20972505169410419 -1.406510911759969 -0.62972933658924424
v 0.21480835348030441 -1.407872984300172 -0.62972933658924424
v 0.21989179410474327 -1.406510911759969 -0.62264325850106539
v 0.21480849231854304 -1.407872984300172 -0.62264325850106539
v 0.20464174990790396 -1.397706241889533 -0.62264325850106539
v 0.20600382244810689 -1.4027896998687517 -0.62264325850106539
v 0.2249750958909435 -1.397706241889533 -0.62972933658924424
v 0.22361304070552041 -1.4027896998687517 -0.62972933658924424
v 0.22497525208396196 -1.397706241889533 -0.62264325850106539
v 0.21989179410474327 -1.406510911759969 -0.62972933658924424
v 0.22361304070552041 -1.4027896998687517 -0.62264325850106539
v 0.20972505169410419 -1.406510911759969 -0.62264325850106539
v 0.21480849231854304 -1.3875396383171323 -0.62264325850106539
v 0.20972505169410419 -1.3889015720190967 -0.62264325850106539
v 0.20600382244810689 -1.3926229227485529 -0.62264325850106539
v 0.27042972864529052 -1.6288354294822074 -0.18375178407136655
v 0.27042899974453766 -1.6288357071586848 -0.41448234972611842
v 0.27565789077873443 -1.6291299053863684 -0.41448234972611842
v 0.27565861967948729 -1.6291294888716523 -0.18375178407136655
v 0.27894774961726926 -1.635937907837326 -0.41448234972611842
v 0.27301090504945419 -1.6415786972160156 -0.41448234972611842
v 0.27301163395020706 -1.6415782112821804 -0.18375178407136655
v 0.27894847851802212 -1.6359374913226101 -0.18375178407136655
v 0.27301090504945419 -1.6924626340020399 -0.40222925039383778
v 0.27301163395020706 -1.6924622174873241 -0.19600474456540853
v 0.27301163395020706 -1.6802092569932821 -0.18375178407136655
v 0.27301090504945419 -1.6802095346697594 -0.41448234972611842
v 0.33625205249196127 -1.6205842035405602 -0.74564601114269424
v 0.33303687127103632 -1.6330068937813427 -0.7465075674938958
v 0.33061844799212137 -1.6330068937813427 -0.73748160248714822
v 0.33383366392260599 -1.6205842035405602 -0.73661975544338454
v 0.31825313265345789 -1.6437651912172782 -0.75046872223235228
v 0.31583457053630437 -1.6437651912172782 -0.74144260970997622
v 0.29586209984505651 -1.6375539155160062 -0.75646861237659591
v 0.29344353772790299 -1.6375539155160062 -0.74744220482296275
v 0.28825470152555455 -1.6205843423787989 -0.75850661888163018
v 0.28583627824663965 -1.6205843423787989 -0.74948065387488272
v 0.29147002158471819 -1.6081616868475759 -0.75764535322299087
v 0.28905147682234444 -1.6081616868475759 -0.74861895000805256
v 0.30025403926715621 -1.5990677127973683 -0.75529157649894385
v 0.29783561598824132 -1.5990677127973683 -0.74626546397656779
v 0.31225337700875794 -1.5957391354450321 -0.75207638660062903
v 0.30983495372984299 -1.5957391354450321 -0.74305042159388146
v 0.32425271475035961 -1.5990677127973683 -0.7488613442179427
v 0.32183429147144466 -1.5990677127973683 -0.739835088518633
v 0.33303687127103632 -1.6081616868475759 -0.7465075674938958
v 0.33061844799212137 -1.6081616868475759 -0.73748160248714822
v 0.324534556374804 -1.6302138155154509 -0.73346789313667049
v 0.32702694572535573 -1.6205842035405602 -0.73280025041790309
v 0.31307474402856733 -1.6385533425768748 -0.73653851771899881
v 0.2957181245915842 -1.6337385018798698 -0.74118914748924924
v 0.28982116130781921 -1.6205843423787989 -0.74276944770842857
v 0.29231353330359111 -1.6109548345325873 -0.74210151429709903
v 0.2991225770413386 -1.6039054270941897 -0.74027707571265666
v 0.30842397542007821 -1.6013252572672563 -0.73778470371688476
v 0.31772554734661612 -1.6039054270941897 -0.73529262241367499
v 0.324534556374804 -1.6109546956943486 -0.73346818382923262
v 0.3181551475665359 -1.6302138155154509 -0.70965904857394613
v 0.32064736336928934 -1.6205842035405602 -0.70899126267824519
v 0.30669533522029924 -1.6385532037386361 -0.71272952780999344
v 0.28933855959029764 -1.6337385018798698 -0.71738015974959135
v 0.28344173514477128 -1.6205842035405602 -0.71896045563007571
v 0.28593396830230455 -1.6109548345325873 -0.71829252655744102
v 0.29274313352351089 -1.6039054270941897 -0.71646808797299877
v 0.30204456661181012 -1.6013252572672563 -0.7139758591541604
v 0.31134596499054973 -1.6039054270941897 -0.7114836346740171
v 0.3181551475665359 -1.6109546956943486 -0.70965934143585585
v 0.21349374626293741 -1.4620842488943848 0.55971917420866835
v 0.21349374626293741 -1.4465297845045419 0.55971917420866835
v 0.21603051178551527 -1.4465297845045419 0.56411271027051246
v 0.21603051178551527 -1.4620842488943848 0.56411271027051246
v 0.21856729466287297 -1.4620842488943848 0.55971917420866835
v 0.21856729466287297 -1.4465297845045419 0.55971917420866835
v 0.18345381985645978 -1.4278611784219462 -0.62081445085080067
v 0.24616316478062633 -1.4278610395837075 -0.62081445085080067
v 0.24616302594238768 -1.431944306891745 -0.62643466179930651
v 0.18345381985645978 -1.431944306891745 -0.62643451428367802
v 0.18345381985645978 -1.4212543525787815 -0.62296091605238457
v 0.24616302594238768 -1.4212543525787815 -0.62296121108364166
v 0.18345381985645978 -1.4212543525787815 -0.62990782182240923
v 0.24616302594238768 -1.4212543525787815 -0.62990796499934287
v 0.18345381985645978 -1.4278611784219462 -0.63205443453962162
v 0.24616302594238768 -1.4278611784219462 -0.63205458205525022
v 0.16213939081483236 -1.6110251561004596 -0.53774306815384021
v 0.17660197923165066 -1.5807036831007948 -0.53774306815384021
v 0.19262960433878751 -1.6671810931937794 -0.53774306815384021
v 0.1682614282382168 -1.6440564738419503 -0.53774306815384021
v 0.16213939081483236 -1.6110251561004596 -0.47965916253700036
v 0.17660197923165066 -1.5807036831007948 -0.47965916253700036
v 0.19262960433878751 -1.6671810931937794 -0.47965916253700036
v 0.1682614282382168 -1.6440564738419503 -0.47965916253700036
v 0.25988111165926503 -1.5263783976030967 -0.62027433973161639
v 0.25988270829900945 -1.5263776687023438 -0.13465292522912936
v 0.25988270829900945 -1.5099669194756729 -0.13465292522912936
v 0.25988111165926503 -1.5099677872146642 -0.62027433973161639
v 0.2412865931317649 -1.4441272582039515 -0.13465292522912936
v 0.247513297232306 -1.49593231728425 -0.13465292522912936
v 0.18210675920081007 -1.49593231728425 -0.13465264755265208
v 0.18958139345461009 -1.4441272582039515 -0.13465278639089073
v 0.247513297232306 -1.4441272582039515 -0.13465292522912936
v 0.24751315839406735 -1.4523807402669766 -0.15994512187220589
v 0.24751315839406735 -1.4798969866548686 -0.15994512187220589
v 0.24751315839406735 -1.4175447683900504 -0.15559525043641487
v 0.24751315839406735 -1.4384824425163412 -0.17479644000244354
v 0.24751185678558008 -1.3841432037756596 -0.57879091447194264
v 0.24751213446205736 -1.438483171417094 -0.51116771983183917
v 0.24751315839406735 -1.4959324561224887 -0.17479626645464524
v 0.24751185678558008 -1.4505249936597204 -0.57879076695631404
v 0.2475119956238187 -1.4523813303294908 -0.52858039520767419
v 0.2475098089215601 -1.4588843398797104 -0.57896139047421591
v 0.2475119956238187 -1.4798977155556214 -0.52858039520767419
v 0.24128645429352624 -1.4175447683900504 -0.15559525043641487
v 0.24128513533025914 -1.3841432037756596 -0.57879091447194264
v 0.18955853720957355 -1.4250473438393771 -0.16368774956173396
v 0.18953465703252703 -1.4251018031384846 -0.57879061944068555
v 0.24133041395083646 -1.4251018031384846 -0.57879076695631404
v 0.24130915434554431 -1.4250473438393771 -0.16368788839997261
v 0.24751156175432296 -1.4588845134275088 -0.66626732860303739
v 0.24751156175432296 -1.4505017035451881 -0.67001127200181132
v 0.24751156175432296 -1.4907594821889052 -0.66626718217208258
v 0.24751156175432296 -1.5216348850511943 -0.69991914697323387
v 0.23107792157305576 -1.4505015647069495 -0.67993999455616716
v 0.23196101954472165 -1.5216348850511943 -0.70925287513744983
v 0.24751170059256161 -1.4959331850232416 -0.62027433973161639
v 0.24751213446205736 -1.4959330461850029 -0.51116758099360049
v 0.24751185678558008 -1.4907593433506665 -0.57896124295858731
v 0.18210530139930434 -1.4505249936597204 -0.57879061944068555
v 0.24751185678558008 -1.5216347462129556 -0.62027433973161639
v 0.18210557907578162 -1.4798977155556214 -0.52858011753119694
v 0.18210557907578162 -1.4959330461850029 -0.51116742480058197
v 0.18210544023754296 -1.4523813303294908 -0.52858011753119694
v 0.18210557907578162 -1.438483171417094 -0.51116742480058197
v 0.18210660300779161 -1.4384824425163412 -0.17479612761640662
v 0.18210675920081007 -1.4523807402669766 -0.15994498303396723
v 0.18210675920081007 -1.479897125493107 -0.1599448441957286
v 0.18210660300779161 -1.4959324561224887 -0.17479598877816796
v 0.18210530139930434 -1.4907593433506665 -0.57896109544295882
v 0.18210500636804722 -1.4907594821889052 -0.66626703682580146
v 0.247513297232306 -1.54027485574707 -0.13465278639089073
v 0.24751185678558008 -1.5402757234860616 -0.62027433973161639
v 0.16973733077932679 -1.5099669194756729 -0.13465250871441345
v 0.16973733077932679 -1.5263776687023438 -0.13465250871441345
v 0.16973589033260089 -1.526378571150895 -0.62027404903905425
v 0.16973589033260089 -1.5099677872146642 -0.6202741922159879
v 0.18210675920081007 -1.4441272582039515 -0.13465278639089073
v 0.18210675920081007 -1.4175449072282889 -0.15559497275993758
v 0.18210530139930434 -1.3841432037756596 -0.57879076695631404
v 0.18210733190854447 -1.4588843398797104 -0.57896124295858731
v 0.1895812372615916 -1.4175449072282889 -0.15559497275993758
v 0.18957993565310433 -1.3841432037756596 -0.57879076695631404
v 0.18210500636804722 -1.4588845134275088 -0.66626718217208258
v 0.18210500636804722 -1.4505015647069495 -0.67001098076691235
v 0.18210500636804722 -1.5216348850511943 -0.69991885628067163
v 0.19765539238463006 -1.5216348850511943 -0.70925272762182134
v 0.19853878538755307 -1.4505017035451881 -0.67993984893871762
v 0.18210530139930434 -1.4959331850232416 -0.6202741922159879
v 0.18210675920081007 -1.54027485574707 -0.13465264755265208
v 0.18210530139930434 -1.5216347462129556 -0.6202741922159879
v 0.18210530139930434 -1.5402757234860616 -0.62027404903905425
v 0.21480835348030441 -1.4505017035451881 -0.68255654772992536
v 0.21480821464206576 -1.5216348850511943 -0.71202680240379901
v 0.25122420038430426 -1.401493263105867 -0.66642222760573921
v 0.25122420038430426 -1.4505015647069495 -0.66642222760573921
v 0.25122420038430426 -1.3821746163899467 -0.64199436733265824
v 0.24120157206537615 -1.3821746163899467 -0.64199436733265824
v 0.24120157206537615 -1.401493263105867 -0.66642222760573921
v 0.17839250657630457 -1.4014934366536653 -0.66642208225945809
v 0.17839250657630457 -1.3821746163899467 -0.64199407664009611
v 0.25122449541556136 -1.3836134317665592 -0.57879091447194264
v 0.24120186709663327 -1.3836134317665592 -0.57879091447194264
v 0.24120157206537615 -1.3793062183795912 -0.63251141626341867
v 0.25122420038430426 -1.3793062183795912 -0.63251141626341867
v 0.18966306504849156 -1.3793062183795912 -0.63251127308648514
v 0.17839250657630457 -1.3793062183795912 -0.63251127308648514
v 0.17839250657630457 -1.4505017035451881 -0.66642208225945809
v 0.24120157206537615 -1.4369261352802774 -0.66642222760573921
v 0.18966306504849156 -1.3836134317665592 -0.57879076695631404
v 0.17839280160756169 -1.3836134317665592 -0.57879061944068555
v 0.24120186709663327 -1.4369258576038 -0.57879076695631404
v 0.18966306504849156 -1.4369258576038 -0.57879076695631404
v 0.25122449541556136 -1.4505248548214817 -0.57879076695631404
v 0.17839280160756169 -1.4505249936597204 -0.57879048060244687
v 0.18966306504849156 -1.3821746163899467 -0.64199422198637723
v 0.18966306504849156 -1.4014934366536653 -0.66642222760573921
v 0.18841527373347131 -1.4369259964420387 -0.66642208225945809
v 0.27370402024631757 -1.4524290906835839 -0.61147912387749281
v 0.25129363685840533 -1.4524290906835839 -0.61147897636186432
v 0.27370402024631757 -1.4239448640958761 -0.58990627782549698
v 0.25129363685840533 -1.4239448640958761 -0.58990627782549698
v 0.27370402024631757 -1.4003478476370657 -0.59968068072851199
v 0.25129363685840533 -1.4003478476370657 -0.59968068072851199
v 0.27370388140807889 -1.3905737050557481 -0.62327770586471232
v 0.25129363685840533 -1.3905737050557481 -0.62327770586471232
v 0.27370388140807889 -1.4003479864753043 -0.64687458131593656
v 0.25129349802016671 -1.4003479864753043 -0.64687458131593656
v 0.27370388140807889 -1.4239451417723534 -0.65664884104201804
v 0.25129349802016671 -1.4239451417723534 -0.65664884104201804
v 0.27370388140807889 -1.4475420193929252 -0.64687458131593656
v 0.25129349802016671 -1.4475420193929252 -0.64687443596965555
v 0.28361396397980737 -1.4419504828793941 -0.6158195152648015
v 0.28361382514156874 -1.4388612279409179 -0.63819393521021039
v 0.28361396397980737 -1.4239448640958761 -0.60218295362617713
v 0.28361396397980737 -1.4090287779273116 -0.60836147218051928
v 0.28361396397980737 -1.4028504068885981 -0.62327770586471232
v 0.28361382514156874 -1.4090289167655503 -0.63819393521021039
v 0.28361382514156874 -1.4239450029341147 -0.6443723105876189
v 0.179317689889059 -1.5461384457892213 -0.61203379131825986
v 0.17561086511032087 -1.5758139738836017 -0.60560603643207944
v 0.19252389637484102 -1.5554229753219659 -0.61510252422958656
v 0.18530548809045588 -1.5458583743523195 -0.61406772378872887
v 0.17086327418515837 -1.5655954101003893 -0.60585469137879333
v 0.17669399427431104 -1.5753125942943038 -0.60253206237724388
v 0.1803792644164999 -1.5456539697554781 -0.60894962566896893
v 0.18633795865212135 -1.5454146126320583 -0.61096754401634956
v 0.17195936736968179 -1.5650968072758642 -0.60278479135852292
v 0.179317689889059 -1.5461384457892213 -0.53004685674855656
v 0.17561086511032087 -1.5758139738836017 -0.52361909752368119
v 0.19252389637484102 -1.5554229753219659 -0.53311558965988337
v 0.18530548809045588 -1.5458583743523195 -0.53208078488033073
v 0.17086327418515837 -1.5655954101003893 -0.52386775680909003
v 0.17669399427431104 -1.5753125942943038 -0.52054497595321703
v 0.1803792644164999 -1.5456539697554781 -0.52696254792233199
v 0.18633795865212135 -1.5454146126320583 -0.52898061378534122
v 0.17195936736968179 -1.5650968072758642 -0.52079785245012467
v 0.15339905511322721 -1.5308981723334265 -0.18411078504693659
v 0.15339905511322721 -1.5377022526041426 -0.16768427768017963
v 0.16980852008619077 -1.5377022526041426 -0.16768427768017963
v 0.16980852008619077 -1.5308981723334265 -0.18411078504693659
v 0.15339891627498856 -1.5144718038049081 -0.19091472647941399
v 0.16980852008619077 -1.5144718038049081 -0.19091472647941399
v 0.15339905511322721 -1.4980454352763899 -0.18411078504693659
v 0.16980852008619077 -1.4980452964381512 -0.18411078504693659
v 0.15339905511322721 -1.4912413550056738 -0.16768427768017963
v 0.16980852008619077 -1.4912413550056738 -0.16768441651841828
v 0.15339905511322721 -1.4980452964381512 -0.15125794386122099
v 0.16980867627920926 -1.4980452964381512 -0.15125808269945965
v 0.15339905511322721 -1.5144718038049081 -0.1444538288809453
v 0.16980867627920926 -1.5144718038049081 -0.1444538288809453
v 0.15339905511322721 -1.5308980334951878 -0.15125777031342269
v 0.16980867627920926 -1.5308980334951878 -0.15125794386122099
v 0.14878117381251654 -1.5336115227407778 -0.18682399661604934
v 0.14878117381251654 -1.5415394985533055 -0.16768427768017963
v 0.14878117381251654 -1.5144718038049081 -0.19475214597637527
v 0.14878117381251654 -1.4953319460307999 -0.18682417016384764
v 0.14878117381251654 -1.4874039702182722 -0.16768441651841828
v 0.14878133000553501 -1.4953319460307999 -0.14854455874430994
v 0.14878133000553501 -1.5144718038049081 -0.14061644409354365
v 0.14878133000553501 -1.5336115227407778 -0.14854455874430994
v 0.14217130220549171 -1.5415394985533055 -0.167684138841941
v 0.14217130220549171 -1.5336115227407778 -0.18682399661604934
v 0.13775346077449524 -1.5144718038049081 -0.16768427768017963
v 0.14217130220549171 -1.5144718038049081 -0.19475214597637527
v 0.14217130220549171 -1.4953319460307999 -0.18682417016384764
v 0.14217130220549171 -1.4874039702182722 -0.16768427768017963
v 0.14217144972112025 -1.4953319460307999 -0.14854455874430994
v 0.14217144972112025 -1.5144718038049081 -0.14061644409354365
v 0.14217144972112025 -1.5336115227407778 -0.14854441990607131
v 0.16980852008619077 -1.5144718038049081 -0.16768427768017963
v 0.15653185319429763 -1.6835519958459599 0.29668020416625784
v 0.15785388825743202 -1.6964563853557129 0.30562520478640198
v 0.1610310798653084 -1.7114275208858991 0.29585501909488576
v 0.16104388769282318 -1.707440642025039 0.28098259755237442
v 0.15889187763908352 -1.6893200998894848 0.27839909560771348
v 0.13337753981417891 -1.687242663324676 0.29480609620194115
v 0.13469957487731327 -1.7001471916726676 0.30375123566032391
v 0.13787676648518965 -1.7151183272028538 0.29398091113056901
v 0.1378894354744658 -1.7111314483419937 0.27910835074981905
v 0.13573758161374461 -1.6930109062064396 0.27652498764339678
v 0.12763111189066212 -1.7014490084172995 0.28758754907931738
v 0.15742892176372694 -1.7127836233818403 0.32942853486783524
v 0.13487820762610678 -1.7163913350129676 0.3276234295081239
v 0.13805553807222179 -1.7313624011240343 0.31785324381660762
v 0.1357570883862739 -1.7056937793064382 0.30160625429241555
v 0.13681692743573179 -1.7106878601695308 0.29834695722116189
v 0.13697430057923313 -1.7262678013761645 0.32117821137473923
v 0.1268149773369715 -1.7071211752379225 0.29068627972758088
v 0.12644447014237398 -1.7118974883237041 0.30801030688804271
v 0.12841798628555878 -1.7226823732823395 0.32465354074532071
v 0.12750430919183187 -1.7168914997676774 0.30475114865502773
v 0.12947782533501667 -1.7276764541454321 0.32139438251230568
v 0.12647504058704509 -1.7021790892952016 0.29496263631601066
v 0.16060611337160333 -1.7277547589120266 0.31965834917631902
v 0.1359582823488468 -1.7214805894886496 0.32430228000155498
v 0.14591291464039971 -1.7555209488390346 0.37977051658931832
v 0.14245023690431455 -1.7434935310636674 0.38385159719509732
v 0.15310411063001089 -1.7357809974879534 0.38328409589464585
v 0.16315119183371993 -1.7430420985307211 0.37885217105981706
v 0.15870684097653262 -1.7552420228176018 0.37668067158832796
v 0.16972395024407763 -1.7723929186944762 0.45455316532672341
v 0.16626127250799244 -1.7603653620808706 0.45863438477074103
v 0.17691512887890898 -1.752652967343395 0.45806688347028957
v 0.18696221008261801 -1.7599140683861627 0.45363495863546077
v 0.18251773774197191 -1.7721138538348047 0.45146345916397168
v 0.13770235962528485 -1.7287736927454243 0.31965966813958613
v 0.13555152101918375 -1.7178135245105026 0.32662809817529531
v 0.14623757050668551 -1.7112832679559493 0.32755893914627443
v 0.15542963377249411 -1.7182074780126508 0.32116613244797731
v 0.14971786334429846 -1.7277631586254645 0.31698425528094382
v 0.19818327272272893 -1.7913253868496122 0.42986529682689834
v 0.17162582585612285 -1.7792350059330206 0.43567428873170344
v 0.16376176769771028 -1.770677711094286 0.4541324160445171
v 0.17483840386007327 -1.7715658593068824 0.47306148266280634
v 0.19623582345884927 -1.7803616782396052 0.48140010727567906
v 0.2099099321636366 -1.7593576047256834 0.41832304927646763
v 0.18796936002051104 -1.7472895767655132 0.42508634581458243
v 0.1801470574623702 -1.738781014148542 0.44350330758963857
v 0.1912081263872254 -1.7396634005742349 0.46241737967815444
v 0.21262040167753615 -1.7484661614188897 0.47077127649727785
v 0.1957760606315844 -1.7877226039759568 0.51649605375446361
v 0.16781506330098095 -1.7734530874847509 0.5200204624424053
v 0.16084821255023629 -1.7629197774145358 0.53755503779176861
v 0.1719319988818894 -1.7633254627478494 0.55649896010159261
v 0.19252070309535224 -1.7732249762586612 0.56569574386751498
v 0.20851846062640111 -1.7577154954581384 0.50087494701007229
v 0.18711260660462756 -1.7434916567474459 0.50608887822405535
v 0.18019233608294752 -1.7330351936423194 0.52357874766057566
v 0.1912608328535701 -1.7334347700931327 0.54250670357295583
v 0.21186394153429211 -1.7433415031923538 0.55171987025103808
v 0.18849068025183405 -1.7793890469587947 0.59459034157909063
v 0.16963950188542329 -1.7653078645383073 0.60052123345742381
v 0.16273905052230944 -1.7548342549107085 0.61799694139360273
v 0.17382281949918271 -1.75524014850138 0.63694086370342673
v 0.19441152371264558 -1.7651395925930726 0.6461376474693491
v 0.20706817374032066 -1.7506883368474835 0.58116746066712699
v 0.18820883862738963 -1.7365889666177339 0.58710779354568798
v 0.18131755058802621 -1.7261325035126074 0.60457364396692315
v 0.1923869150976403 -1.7265321493825401 0.62350229407049651
v 0.21298915603937082 -1.7364388824817614 0.63271490539562414
v 0.18183291812986743 -1.7909817622089719 0.46877117283139297
v 0.16370876620010849 -1.7776221221147099 0.46140948348472871
v 0.17805315121150248 -1.7867843351592105 0.47587205454676718
v 0.18755779141683496 -1.7963399463529046 0.46417236443371584
v 0.16693283306830656 -1.7815409008195158 0.45375109682208525
v 0.17190346762384834 -1.7886191519019914 0.4342091287993084
v 0.16739622304455595 -1.7832417386620065 0.44452557354076383
v 0.19166657025122316 -1.8016073997078843 0.45306745733500925
v 0.1868515733611997 -1.7851529858551602 0.46731941078902695
v 0.16873224606023357 -1.7717996629007566 0.45994321284642453
v 0.18307182379761458 -1.7809500052758531 0.47445527974053908
v 0.19260178462671951 -1.79053192631577 0.46272018587663388
v 0.17194145723689691 -1.7756941449138 0.45236084011943789
v 0.17696754031399656 -1.7828232107916187 0.432782565897256
v 0.17243032402993722 -1.7774133788229109 0.44314850647078752
v 0.19673298583664847 -1.7958196500535915 0.45160347752764268
v 0.14924369604977444 -1.6973782712602994 0.28317145180369385
v 0.14641663712497477 -1.6919221367390045 0.3002849307752542
v 0.15324692311323462 -1.7050002128852992 0.30726766114954357
v 0.15605754706153496 -1.7103040418588034 0.29031738652750755
v 0.16443915946404739 -1.6893301656617863 0.27661787042504865
v 0.16023487727625293 -1.6844196654183565 0.29426191972558158
v 0.17024294493490338 -1.695923593614922 0.30114461714892898
v 0.17423409307160165 -1.7003473964127902 0.28410416709089464
v 0.17574159866678268 -1.7812473967830253 0.5521824792621951
v 0.15999932084961596 -1.7726497694359651 0.5375192175261988
v 0.15724155956067878 -1.7682563722123597 0.54510172909142407
v 0.17239655162838743 -1.7766065203990395 0.55922518775557806
v 0.18117371417279252 -1.7869063739709772 0.54758901613670563
v 0.15991343204423572 -1.7749088758360376 0.5284030987769277
v 0.18460843335857105 -1.79285982706309 0.53660232979820321
v 0.16379203443373436 -1.7809264027752838 0.51818515976578916
v 0.16492905018909768 -1.7669264407244023 0.53548384894769874
v 0.16218145880114107 -1.7625617830161959 0.5429912490258183
v 0.17733455919784818 -1.7708969366731027 0.55716343991173589
v 0.1806775757270033 -1.7755456574175716 0.55008616069693095
v 0.16486934974648138 -1.7692029713234245 0.52638036447814407
v 0.18613516804980404 -1.781225252083962 0.54549228105672565
v 0.18959144187213184 -1.7872000168457063 0.5344935157914612
v 0.16877504294729515 -1.7752561102708826 0.51611341556876478
v 0.17678323255219855 -1.7726289437001685 0.63498116196498688
v 0.16303763950929012 -1.7645402279168525 0.61817729226559937
v 0.15970394249690389 -1.7595148390309461 0.62510795830039778
v 0.17293302258250232 -1.7673744023013827 0.64129760763203059
v 0.18240897533677528 -1.7787980125768932 0.63138622345181483
v 0.16379816067101446 -1.767444723869255 0.60927762233037208
v 0.18669958019944577 -1.7856476664994436 0.62125603020749842
v 0.1684473326397592 -1.7743191604174033 0.59996157651745563
v 0.16839797564592177 -1.7591617039709588 0.61629533994079932
v 0.16508088715783317 -1.7541709552255935 0.62315450428269692
v 0.1783037021679128 -1.7620119141720521 0.63939135861546803
v 0.18215509226263751 -1.7672764519240203 0.6330413140946729
v 0.16918223814645397 -1.7620838323796688 0.6074121917559705
v 0.18780499290073807 -1.7734671795659731 0.62944956886098957
v 0.19211758626945355 -1.7803397417978997 0.61931090648411602
v 0.1738619718824799 -1.768998254340546 0.59805296725083623
v 0.2755294827627699 -1.6835519958459599 0.29668020416625784
v 0.27420730886139688 -1.6964563853557129 0.30562520478640198
v 0.2710301172535205 -1.7114275208858991 0.29585501909488576
v 0.25752530442597793 -1.7042391016610607 0.2858960133988156
v 0.27137441873057422 -1.6893200998894848 0.28026022219671715
v 0.29868377878810876 -1.687242663324676 0.29480609620194115
v 0.29736176107975426 -1.7001471916726676 0.30375109682208529
v 0.29418455211709804 -1.7151183272028538 0.29398091113056901
v 0.29417174428958326 -1.7111314483419937 0.27910835074981905
v 0.2963235981503044 -1.6930109062064396 0.27652498764339678
v 0.30443022406640541 -1.7014490084172995 0.28758754907931738
v 0.27463239683856072 -1.7127836233818403 0.32942853486783524
v 0.29718297213794226 -1.7163913350129676 0.3276234295081239
v 0.29400579788484571 -1.7313624011240343 0.31785324381660762
v 0.29630423021601376 -1.7056937793064382 0.30160611545417693
v 0.29524440852133571 -1.7106878601695308 0.29834695722116189
v 0.29508703537783437 -1.7262678013761645 0.32117807253650055
v 0.30524634994270611 -1.7071211752379225 0.29068614088934219
v 0.30364335834889866 -1.7226823732823395 0.32465354074532071
v 0.30258350194466094 -1.7276764541454321 0.32139424367406705
v 0.30558629537002241 -1.7021790892952016 0.29496263631601066
v 0.27145520523068434 -1.7277547589120266 0.31965834917631902
v 0.29610291476998207 -1.7214805894886496 0.32430228000155498
v 0.28614840396188795 -1.7516411836792873 0.37977051658931832
v 0.28177234416333302 -1.741452470117383 0.38245995211006356
v 0.27335447762575504 -1.7552420228176018 0.37668067158832796
v 0.26693574288639144 -1.772040894340398 0.45793804158482926
v 0.26255968308783645 -1.7618521807784937 0.4606274076864551
v 0.25414195538849715 -1.7756417334787125 0.45484819658383885
v 0.29435896765439273 -1.7248939275856772 0.31965952930134744
v 0.2888687657002908 -1.7162795008117409 0.32549531698621059
v 0.28234347261276904 -1.7277631586254645 0.31698425528094382
v 0.23387790704132011 -1.7913253868496122 0.42986529682689834
v 0.26679686993818924 -1.7760166661421666 0.44490321354987161
v 0.25722293209699426 -1.7715658593068824 0.47306148266280634
v 0.23582551249821823 -1.7803616782396052 0.48140010727567906
v 0.22215138643865109 -1.7593576047256834 0.41832304927646763
v 0.25043252739278449 -1.7416028319298329 0.43429493083078952
v 0.2408531922150623 -1.7396634005742349 0.46241737967815444
v 0.21944093427953135 -1.7484661614188897 0.47077127649727785
v 0.23628525797070327 -1.7877226039759568 0.51649605375446361
v 0.2701590982086165 -1.7680780344948233 0.52878768069796755
v 0.2601293370751781 -1.7633254627478494 0.55649896010159261
v 0.23954063286171526 -1.7732249762586612 0.56569574386751498
v 0.22354285797588658 -1.7577154954581384 0.50087494701007229
v 0.25083826479043758 -1.7368309616676878 0.51483374352319622
v 0.24080050310349743 -1.7334347700931327 0.54250670357295583
v 0.22019737706799555 -1.7433415031923538 0.55171987025103808
v 0.24357077718869227 -1.7793890469587947 0.59459034157909063
v 0.26949494813928992 -1.759075346586523 0.60925901800639393
v 0.25823851645788481 -1.75524014850138 0.63694086370342673
v 0.23764979488964211 -1.7651395925930726 0.6461376474693491
v 0.22499316221674684 -1.7506883368474835 0.58116746066712699
v 0.2497276109456365 -1.729928271537976 0.59584071875630562
v 0.2396744208594272 -1.7265321493825401 0.62350229407049651
v 0.2190721799176967 -1.7364388824817614 0.63271490539562414
v 0.2683525524021792 -1.7776221221147099 0.46140948348472871
v 0.25400816739078519 -1.7867843351592105 0.47587205454676718
v 0.24736597250632639 -1.7936607848618189 0.46647166450387545
v 0.26489672980412698 -1.7823914238694403 0.44913833518142454
v 0.26015786833321919 -1.7886191519019914 0.4342091287993084
v 0.24039476570584434 -1.8016073997078843 0.45306745733500925
v 0.26332908989683396 -1.7717996629007566 0.45994321284642453
v 0.24898951215945295 -1.7809500052758531 0.47445527974053908
v 0.24233464828571799 -1.7878424213759054 0.46501976362327074
v 0.2598754366462605 -1.7765538312874747 0.44775460387599336
v 0.25509363945005248 -1.7828232107916187 0.432782565897256
v 0.23532819392740056 -1.7958196500535915 0.45160347752764268
v 0.27210495083275177 -1.7737793573455609 0.5329611581515632
v 0.27481975904160888 -1.7682563722123597 0.54510172909142407
v 0.25966478432868006 -1.7766065203990395 0.55922518775557806
v 0.25360374895639926 -1.7840769895056803 0.54988581711856965
v 0.24745288524371664 -1.79285982706309 0.53660232979820321
v 0.26826928416855333 -1.7809264027752838 0.51818515976578916
v 0.26716213598927796 -1.7680647754430328 0.53093203729380212
v 0.26987985980114659 -1.7625617830161959 0.5429912490258183
v 0.25472677675921934 -1.7708969366731027 0.55716343991173589
v 0.24865496406866383 -1.7783853853316476 0.54778922087682824
v 0.24246989408493569 -1.7872000168457063 0.5344935157914612
v 0.26328629300977235 -1.7752561102708826 0.51611341556876478
v 0.26864343586691519 -1.7659925453121732 0.61372738787886638
v 0.27235739346016363 -1.7595148390309461 0.62510795830039778
v 0.25912845221280384 -1.7673744023013827 0.64129760763203059
v 0.25246529275431001 -1.7757133740098519 0.63318362328928146
v 0.24536189459586039 -1.7856476664994436 0.62125603020749842
v 0.2636139859625285 -1.7743191604174033 0.59996157651745563
v 0.26327129847999897 -1.7606227681753137 0.61185376584838491
v 0.26698044879923433 -1.7541709552255935 0.62315450428269692
v 0.25375777262739335 -1.7620119141720521 0.63939135861546803
v 0.24708121527887048 -1.7703718504545565 0.63124544147783124
v 0.23994374968761395 -1.7803397417978997 0.61931090648411602
v 0.25819934671980777 -1.768998254340546 0.59805296725083623
v 0.14974668963359664 -1.6952720951800917 -0.40053889483836452
v 0.16383731305431168 -1.6953435968729926 -0.4005387560001259
v 0.16383731305431168 -1.6953435968729926 -0.39204373011142229
v 0.14974668963359664 -1.6952720951800917 -0.39204386894966098
v 0.16383731305431168 -1.6748516976214234 -0.39204373011142229
v 0.16383731305431168 -1.6748516976214234 -0.4005387560001259
v 0.14974668963359664 -1.6748254571943197 -0.40053889483836452
v 0.14974653344057817 -1.6748254571943197 -0.39204386894966098
v 0.1462445471281773 -1.6850488803158847 -0.39204386894966098
v 0.1462445471281773 -1.6850487414776461 -0.40053889483836452
v 0.1842740414608004 -1.6974008324740788 -1.1782296782470099
v 0.1842740414608004 -1.6974008324740788 -1.201891358615468
v 0.1842740414608004 -1.6699330059219137 -1.201891358615468
v 0.1842740414608004 -1.6699330059219137 -1.1782296782470099
v 0.24778670443375286 -1.6974008324740788 -1.1782296782470099
v 0.24778670443375286 -1.6974008324740788 -1.201891358615468
v 0.24778670443375286 -1.6699330059219137 -1.201891358615468
v 0.24778670443375286 -1.6699330059219137 -1.1782296782470099
v 0.1935713614662799 -1.6056329218784999 0.67621972863603463
v 0.18396729572729947 -1.5975146682599126 0.65421220175232364
v 0.21603066797853376 -1.5980199700294522 0.67548444132418362
v 0.18375110723495316 -1.5999583948078202 0.64655624475885654
v 0.21603066797853376 -1.5944207275308822 0.65053895847255727
v 0.17411208896939451 -1.5866907350466588 0.59671206754202633
v 0.21603066797853376 -1.5784844232752127 0.60151031706951352
v 0.17411208896939451 -1.5800515946034501 0.58922702042032815
v 0.21603066797853376 -1.5703169515010265 0.59324527672312133
v 0.17761655701531107 -1.5707845586887745 0.5402092083998985
v 0.21603066797853376 -1.5626172257528272 0.54265206720881454
v 0.17761655701531107 -1.5657771146452129 0.53685723680435105
v 0.21603066797853376 -1.5576097817092653 0.53930051212798291
v 0.18848035415783501 -1.6256354857579736 0.68147878227757652
v 0.15425464575886205 -1.6385333498705101 0.61723152618396626
v 0.13836198877446562 -1.6128740302149032 0.54354285334794528
v 0.14578582558770226 -1.5939688437736603 0.52388016547666871
v 0.15212899761568466 -1.5848772299735097 0.52957753143760522
v 0.14684668856917013 -1.6039961231735829 0.56555121326108804
v 0.15248872749200754 -1.6108051669113306 0.59763700788786311
v 0.16007531743049294 -1.6134838771781406 0.6262574000781197
v 0.1393192003333969 -1.6346474758282628 0.50765150259997738
v 0.1333836573740691 -1.6756937515387904 0.54148471529830788
v 0.1410476930175473 -1.6047784766483337 0.48338021823519939
v 0.13213878166206033 -1.6201387410518755 0.2495283780731844
v 0.16392728023295206 -1.7483768190123232 0.64814969122375721
v 0.16779906219397739 -1.7451614642436 0.57309679385483447
v 0.13052252233907261 -1.6772162516637448 0.49784230336340263
v 0.13816807514203153 -1.6896229060879642 0.30320226926473121
v 0.12878529152327761 -1.6542056185058414 0.27656129384280181
v 0.13382419110528196 -1.6051399767121994 0.39446147655392383
v 0.12902491764578478 -1.6862919684855711 0.44148855648957697
v 0.11551180923348334 -1.6360600854873315 0.3797726685820173
v 0.1297580703197167 -1.6186810089652479 0.33101941282532116
v 0.12746281391325756 -1.6790041410818646 0.38262683567291189
v 0.12162525604085177 -1.64897002852663 0.35798422843888433
v 0.1239293894171941 -1.6193738811951937 0.28950837611093733
v 0.11778696880489896 -1.6696124978480074 0.33108320899597737
v 0.12062481372536316 -1.650401242509677 0.31192485102656992
v 0.1474916095424447 -1.5838689172653679 0.46806344490991247
v 0.14173659100291189 -1.5841245531722685 0.26026605803068142
v 0.12955410826976085 -1.605092355196345 0.40712470404315465
v 0.12074142049104308 -1.6170692705624059 0.34517820582120967
v 0.1174003043102794 -1.6754857024381846 0.3895981813116326
v 0.11403458772910623 -1.6492808873429508 0.3628398181589309
v 0.16123824387214294 -1.5318138799363936 -0.072367800543135186
v 0.21603051178551527 -1.4979735170687731 -0.074762343645003587
v 0.13951792123984399 -1.5609568592569008 -0.069831225923135454
v 0.12181887464202874 -1.6123177748117816 -0.05863197824127124
v 0.13649271411633163 -1.6685274075938963 -0.058491473943764957
v 0.1291600159293739 -1.5841337512055786 -0.063058835480389555
v 0.14464882718711877 -1.6796045470448744 0.27428219473636467
v 0.11833334066090703 -1.6173657249114675 0.26286851139491701
v 0.11194009141572427 -1.6503915238329721 0.28419899360788747
v 0.14310216053125063 -1.5841337512055786 0.22478650149852739
v 0.1199459554801304 -1.6836971512244607 0.31517088904603319
v 0.12862412636038334 -1.7281127533103664 0.36418238392660457
v 0.1384010109969141 -1.739735596458329 0.4167603554814262
v 0.1514651425776152 -1.7408730287284084 0.47210322113969533
v 0.13257465563488877 -1.7070712628911304 0.47080230684361446
v 0.17473009267915224 -1.7572884984551931 0.63576559801331733
v 0.1747474127494229 -1.7580360729511642 0.50878719939207362
v 0.17749630574586678 -1.7600697060516812 0.45032935901161986
v 0.17795037620534732 -1.7028588413115955 0.33708879584670037
v 0.16355503756037149 -1.7386786903666624 0.3483683614496193
v 0.17128954228735072 -1.6993791385364969 0.27270346512476001
v 0.15815626058641569 -1.7336169258622318 0.3055902869693834
v 0.16884099111065037 -1.7542988252433833 0.41632551411799767
v 0.14862715014152245 -1.7640004248450103 0.31268249129484244
v 0.1962149977230529 -1.742851057114349 0.32034559845759975
v 0.19404422715231665 -1.7692839140165533 0.33181794095487388
v 0.20133207191080291 -1.787950784621166 0.65285033746947874
v 0.19925956410346596 -1.7924944048189826 0.5703118376259031
v 0.1983399169654774 -1.7922700422253364 0.5132757008091493
v 0.19995807663685655 -1.7988938757527346 0.42056882720563055
v 0.20163154599155494 -1.808959023282247 0.37921669085537313
v 0.21603066797853376 -1.801073011327349 0.5703118376259031
v 0.21603066797853376 -1.833200249168359 0.36802764778404917
v 0.20985753808332885 -1.7681078847161313 0.77048200702706604
v 0.21603066797853376 -1.7019604190693396 0.87041763236374881
v 0.20054112782003602 -1.7108480794969243 0.31118296889838337
v 0.19795776471361373 -1.742851057114349 0.34192397634566651
v 0.19418922633779898 -1.7684081918263153 0.36272610964148266
v 0.19921633334690864 -1.6402441146470639 0.72299558077886406
v 0.21603066797853376 -1.6435704011684626 0.73359254818149677
v 0.21603066797853376 -1.665936686060826 0.69428008439513733
v 0.21603066797853376 -1.7037045050231674 0.73720192587148758
v 0.19785629131594584 -1.7197047789972917 0.73807299698073114
v 0.18660496193981085 -1.7247941723112123 0.67866661375387127
v 0.19559263796355775 -1.7048068806379895 0.69414194034768795
v 0.20904444929349847 -1.7323685618394771 0.83050136107753281
v 0.20660697046632986 -1.711686801296564 0.8224015382351253
v 0.21603066797853376 -1.7092114543398056 0.82214899147903453
v 0.17279151170776588 -1.7124629070505759 0.64241969827673973
v 0.19128426180634103 -1.696050214088564 0.66057446403811937
v 0.19105221104522979 -1.6718482100048686 0.6719723892394811
v 0.17866110650373845 -1.6680714628181941 0.66052364924277629
v 0.21603066797853376 -1.7105696394093266 0.74492494173421919
v 0.17838377712204992 -1.7418074100744729 0.69719527089191535
v 0.20532962396125859 -1.7837054583790728 0.70007824691732834
v 0.19055707917667072 -1.72716629303754 0.69826585255008822
v 0.21603066797853376 -1.6953488033069417 0.71118919347941589
v 0.19602822558251898 -1.7098881519149496 0.71072713982121338
v 0.19990450243152036 -1.7099789521230218 0.72439992956273358
v 0.21603066797853376 -1.7021066157346301 0.72291685949755369
v 0.19721515368467429 -1.7078888812784965 0.70230021408856402
v 0.19966065042012451 -1.7135343911573 0.71492935679020797
v 0.17719523502537038 -1.6887700922071023 0.6479306044831793
v 0.13174133984916614 -1.7090271465780076 0.41916919892187482
v 0.21603051178551527 -1.7123224027530697 -0.058491473943764957
v 0.17694891863523862 -1.5196825070298428 -0.054232749811642791
v 0.17084230961112334 -1.5368462107342322 0.1577047239247904
v 0.1559770382379021 -1.5513954515667432 0.14865864906691448
v 0.12530747174179049 -1.6145683426601776 0.18047551402543888
v 0.13433940245410469 -1.5841337512055786 0.15652272458010688
v 0.13775884075624262 -1.6681478932685667 0.20288678250712239
v 0.21603066797853376 -1.7123224027530697 0.19980658676371768
v 0.12249525115374577 -1.6352651671519833 -0.058491473943764957
v 0.12571888415244808 -1.63485129036259 0.20655926217657633
v 0.12675106836024636 -1.6360640423771329 0.26089631421499931
v 0.16363452245199436 -1.5341373725696366 0.12216324553820181
v 0.14675453468827113 -1.5576629220451057 0.12319175921006596
v 0.12537356742077427 -1.6145683426601776 0.13930497809132594
v 0.13298636307680345 -1.5841337512055786 0.12895215773134616
v 0.137538287536769 -1.6682370274177754 0.14084698498880963
v 0.16665506981712228 -1.702024492916473 0.14020513581156505
v 0.12540166480931955 -1.6349441731442418 0.14708283505832132
v 0.12446614672517618 -1.633130529232854 0.13061134410224418
v 0.17051081596158438 -1.5362784664668629 0.065432066912626319
v 0.15661876593168789 -1.547887356371842 0.054417335249918083
v 0.12421618583128007 -1.6146585875152952 0.080740648781833291
v 0.13218900639488926 -1.5837177918426055 0.061967914020255574
v 0.1235667439378597 -1.6351524999213249 0.04182998285810547
v 0.17181320541395084 -1.5341373725696366 -0.033951954101929478
v 0.15420820436803612 -1.5475594898712877 -0.046519938559451461
v 0.12226523090187469 -1.6192208814562095 -0.0057015658176554108
v 0.13114779770157925 -1.5824583554703191 -0.037359044478218133
v 0.16210008223851669 -1.5341373725696366 0.03171457588620448
v 0.1420657591119536 -1.5609568592569008 0.031845639183483064
v 0.12348958458673409 -1.6141617201687533 0.044972655808899344
v 0.13039921662837817 -1.5841337512055786 0.03565772070189209
v 0.1364928616319602 -1.6683787812594295 0.048016614772018358
v 0.16665506981712228 -1.702024492916473 0.048299358845013948
v 0.12387915600697523 -1.6350612137794176 0.050448019426246347
v 0.18616807271236235 -1.5327680110219049 0.13603054765206027
v 0.17581948691866114 -1.5396405385442717 0.12274657439785856
v 0.15108342419524728 -1.5595780567089415 0.12226195952587667
v 0.13750393375009487 -1.5841337512055786 0.12703396862626043
v 0.12918156188853325 -1.6145683426601776 0.13650967841361578
v 0.13087060715812934 -1.6318913285338497 0.14413960323733749
v 0.12969794468499454 -1.6308668411709062 0.13006994439065747
v 0.1295593494132696 -1.6146472374892864 0.084007651375331588
v 0.13694066701592197 -1.5841337512055786 0.064084988902196785
v 0.16168327249133185 -1.5491617872739019 0.057319332114025068
v 0.1742765949274061 -1.5405339626099368 0.068617432621802782
v 0.16405992281519519 -1.5535564687512149 0.15003953418845348
v 0.13768678371038715 -1.5841337512055786 0.16125037486324434
v 0.13220487734104411 -1.6150328954066757 0.18586500619218543
v 0.1310968440679974 -1.6313084161889089 0.20783400546467307
v 0.13093379591149154 -1.6329714206113695 0.25845387192079927
v 0.14184214277383991 -1.5828047221661727 0.45291987228733221
v 0.13447232271282514 -1.6109942645923616 0.47518112605216245
v 0.13289945033941322 -1.6370260525326872 0.49953612987484197
v 0.15026190098241937 -1.5899547179084668 0.42666097969814715
v 0.14183398602731967 -1.6141167365794331 0.46320931299137164
v 0.13680542121670428 -1.6618660183229452 0.54253849752960492
v 0.14009893323639339 -1.6411542687204852 0.48683576315677429
v 0.14279687259925544 -1.6866767586639688 0.53717309379726286
v 0.14265463282376614 -1.6022529396683063 0.35329225958307803
v 0.18816269226782081 -1.518378815968989 -0.038323345464710099
v 0.15485473933583488 -1.556740341949326 0.1848955681908637
v 0.13468079700553687 -1.594970596375026 0.29553471927833735
v 0.13964937501966876 -1.5751914926406478 0.36909073217733529
v 0.15992596219527319 -1.5613792051788513 0.41718922680059312
v 0.14296982165765451 -1.5618553856278357 0.35797388499010546
v 0.15102066931138083 -1.5562167135322855 0.26511456700055719
v 0.17742176696649556 -1.5290897348559878 0.40360682075242921
v 0.17460822741518373 -1.5386892883522123 0.16964404883773881
v 0.18017472098141973 -1.5267024807616481 0.32416427479234428
v 0.17610932909660734 -1.5321139093701002 0.22842371625536609
v 0.18759404555190051 -1.5158300930031081 -0.037312741925630832
v 0.14633510436933192 -1.5482066149016007 0.35606735829706571
v 0.15838409413602816 -1.5294746638726242 0.17074774341582794
v 0.15913310907872499 -1.5583417716129486 0.3365882839963939
v 0.180370968831741 -1.5226551378478592 0.22294994927776349
v 0.14007418532035534 -1.5497417840158312 0.26653050877735346
v 0.17658292368339698 -1.5226581922891094 0.32945255388312039
v 0.1766475528834851 -1.518989530671218 0.22668546150756114
v 0.13478750286932359 -1.5505072339350274 0.18653830223048259
v 0.11994435884038601 -1.5906028495160098 0.29838333283968627
v 0.12929409895834298 -1.5715434832107547 0.37141287113775162
v 0.14489543860850765 -1.5573637603503907 0.44339293118991774
v 0.18134856357958301 -1.5164207108702936 0.15776511855859993
v 0.18291721006410624 -1.5220255064356152 0.15762579438612209
v 0.18275983692060488 -1.5205888777612611 0.042257118699289331
v 0.18154422136739004 -1.5156252718915506 0.041873022712084665
v 0.16790240990786695 -1.526666382819601 0.019171235216041554
v 0.16629620767979089 -1.5211171919688558 0.019268491402210673
v 0.21603051178551527 -1.5094597086803518 -0.03840720376085021
v 0.21603066797853376 -1.5041906239760681 0.19539305799550905
v 0.21603066797853376 -1.5003846513401593 0.20454687132657159
v 0.21603066797853376 -1.5027955079350681 0.14118345946015989
v 0.21603066797853376 -1.5067945004322496 0.30711653572678116
v 0.21603051178551527 -1.5022398078849013 -0.037130724994770423
v 0.21603066797853376 -1.513222572043162 0.36975104684031934
v 0.17800962542368803 -1.5444651326275414 0.48739361519964014
v 0.18138873989489018 -1.5162570900060532 0.13392471866744909
v 0.17837008420076381 -1.5235603631638088 0.13841433079043386
v 0.15078323856852222 -1.5609907704966892 0.43938723974772165
v 0.13704825797348005 -1.6000715132627541 0.32195535841554102
v 0.17575964763780622 -1.5218018727427216 0.047936158012724987
v 0.17758729685651717 -1.5341372337313979 0.027794061703415605
v 0.15030107072049642 -1.5600219225578817 0.028532056360920183
v 0.13593993834656615 -1.5840175435998349 0.032985848218335161
v 0.12892883290725421 -1.6141617201687533 0.042000892729874471
v 0.12897149095607713 -1.6335405185515655 0.046266142259212842
v 0.12888399683356258 -1.6326958267076641 0.040010646578933239
v 0.12718052974192748 -1.6183253748169648 -0.0029689516046923622
v 0.13568895352066004 -1.5825655038809916 -0.033375567154204852
v 0.16192160568274166 -1.5534083977697026 -0.04068428971282699
v 0.17501557880736102 -1.5381299785078406 -0.032474298728056614
v 0.17568146435467061 -1.5382595492940538 0.02791151885330722
v 0.1773348542291053 -1.5245779780339395 0.40656317278696474
v 0.13398723926178782 -1.6136342737001501 0.36558985657084359
v 0.15769679279040794 -1.7425760879827175 0.51972334861171021
v 0.16775392241163872 -1.7581766466677897 0.54155135765285622
v 0.18707824414056354 -1.7826489688021221 0.57018174619629503
v 0.18618117557113423 -1.7773465282110046 0.59652838455230217
v 0.18043386255384611 -1.7570335914490454 0.5945160631214168
v 0.13605989458475334 -1.7068221870910056 0.50730676725342794
v 0.13013934615519893 -1.6877938511320869 0.48073173999485375
v 0.15251363160106404 -1.750264533124027 0.55584933598298403
v 0.123985141647399 -1.6084382873285117 0.3829532443719606
v 0.11835095576243482 -1.6807713436024265 0.44942441137214756
v 0.12054386235484463 -1.7020645477483214 0.48187896036075728
v 0.13714870743913796 -1.5821493015511008 0.36191335059246904
v 0.13301518936610163 -1.7269680320327585 0.51763424963485538
v 0.17263297579401587 -1.7698413495447032 0.58234911291621394
v 0.14706171429126783 -1.7119718362004972 0.57319203688654319
v 0.16736187793527177 -1.7424850795172873 0.61573540532435389
v 0.18293482516563403 -1.7552139080742766 0.62999089915345696
v 0.18755881534884497 -1.7726216546926399 0.64669050133562389
v 0.19055286196517196 -1.7720375622226705 0.67207207509482647
v 0.18596890925902956 -1.7526151339233649 0.67944841187566762
v 0.17368903150147075 -1.7393024905728836 0.6570811551156337
v 0.15892275179240167 -1.7229676858627501 0.63317112784780372
v 0.1356454277328456 -1.6999928729704163 0.57629923666736393
v 0.14343263024877961 -1.719800993896671 0.60753700733251015
v 0.12664450133469826 -1.6188874614261093 0.31749906746983048
v 0.12422710198779334 -1.6557003509830672 0.35185681103375249
v 0.12562658275592054 -1.7115635129406495 0.37952012182592648
v 0.15954932876339559 -1.7605523077692027 0.44934693963498501
v 0.19024771287141543 -1.7847609066692336 0.47665621291862043
v 0.15475675424891289 -1.5611622704309724 0.23989834958357784
v 0.13155980017475105 -1.5855014814040063 0.27669242655919968
v 0.11929651358671003 -1.6191339687188193 0.3033118820541395
v 0.11267994303467069 -1.6482153732804885 0.32717283000460945
v 0.11325630395022557 -1.6839917659668602 0.36454259973676267
v 0.11376831334216962 -1.7122122346107069 0.40490926226913515
v 0.1300862144967484 -1.740944252744832 0.44862602208083346
v 0.15222129033482229 -1.7672234851359783 0.48559975573725883
v 0.21603051178551527 -1.5360349094867243 -0.058527433047573386
v 0.17724124254670057 -1.54470258072518 -0.040794180178712579
v 0.16929200712888076 -1.5318138799363936 -0.072367800543135186
v 0.14637528068463912 -1.5609568592569008 -0.069831225923135454
v 0.13601738405155897 -1.5841337512055786 -0.063058835480389555
v 0.1815804755024556 -1.521264256373138 -0.054232749811642791
v 0.12870375876763476 -1.6123116659292813 -0.058491335105526315
v 0.1968709910458592 -1.7108480794969243 0.293368356821678
v 0.1487529375857326 -1.734579769047218 0.35450292902404124
v 0.12007028512283481 -1.6716069785652272 0.41611677082619858
v 0.12526816316547482 -1.6684533373935804 0.42180337682364027
v 0.11851794345396216 -1.6408586126912958 0.36897237257889254
v 0.12671786866643095 -1.6302175641478942 0.38611771492622138
v 0.13033326846502294 -1.6195974801785276 0.40709166054235768
v 0.12494889595832631 -1.6173125498660674 0.41736832812844205
v 0.12875238686071933 -1.6097133082930857 0.4315793243020602
v 0.12904704499006844 -1.6161505085181886 0.41765745876041516
v 0.13392915281369575 -1.6093451092842055 0.43173426777638529
v 0.12595195884556931 -1.661733983157996 0.45251786616734263
v 0.12813788013909741 -1.6508353896819123 0.47267072244014685
v 0.12056293525787815 -1.6665600697523311 0.43412561759876489
v 0.14461592252456049 -1.6289122764472961 0.58923576722936266
v 0.13929138929871879 -1.6139880335322114 0.54170685648013595
v 0.14766586888672095 -1.5948612612620952 0.51853836424489586
v 0.15516889556032337 -1.5817537514092082 0.5084030339857496
v 0.15100990934788605 -1.5778802339701998 0.5106161155097122
v 0.14144936071933017 -1.617815283128192 0.52279583883287017
v 0.14273572303252333 -1.6228818375518561 0.53724667806374338
v 0.14393125042808458 -1.6234544064480181 0.56879975036884689
v 0.14030289528634923 -1.6319211787551577 0.55170237663296906
v 0.13914304064072922 -1.6315922709678137 0.52978273435431888
v 0.1367575307017625 -1.6495593274305484 0.56314306401183267
v 0.14692631229903164 -1.694215605603141 0.58571843929159173
v 0.18985697000353574 -1.7454183844042082 0.7169629204716057
v 0.18964326324470518 -1.7579686669863031 0.69096143397686394
v 0.1461785989648221 -1.6877730253962906 0.59507099956127119
v 0.15800674915817747 -1.7180616978620762 0.63883628333737508
v 0.16888786637097208 -1.7309876767179382 0.66697698941312156
v 0.1803473836859516 -1.6518723724863338 0.68108392632687709
v 0.19398424903322306 -1.6604442453401258 0.69524931413910107
v 0.16920072098697328 -1.6320409961551063 0.66096362762103456
v 0.20689186653202443 -1.7933530499058676 0.66212056666364305
v 0.21100953101368575 -1.8104391777444155 0.65552255704863227
v 0.19309400089226708 -1.7668348769060176 0.69430451992513842
v 0.19385946816624305 -1.74926802166617 0.74765575105007986
v 0.20472895767655133 -1.774490903318604 0.74295010662776728
v 0.21184794042728855 -1.792992278742755 0.73349105742904908
v 0.21603066797853376 -1.7806161687310369 0.73605623272620913
v 0.21603066797853376 -1.8016255875171465 0.65476352839797336
v 0.16666919660790416 -1.6990252398661969 0.20001067897452227
v 0.17352742379169081 -1.7001686421805378 -0.058491473943764957
v 0.19503811803841931 -1.7082701310818091 0.27321668067390231
v 0.19454779344387324 -1.710641696455182 0.20200599272117395
v 0.19454066062936298 -1.7121412882707605 0.13245941989681542
v 0.19454066062936298 -1.7126846317176883 0.057609087518072109
v 0.19479294706375636 -1.7094558790589358 0.23551369916900686
v 0.21603066797853376 -1.7123224027530697 0.16472861983683731
v 0.19454414894010888 -1.711391422943852 0.15999617963446669
v 0.19454066062936298 -1.7124278503953188 0.079633205571300839
v 0.19454066062936298 -1.7122429178614469 -0.038475512174262351
v 0.19454066062936298 -1.7125403787877385 0.011762549125596773
v 0.21603066797853376 -1.723296107716259 0.21208641245693702
v 0.21603066797853376 -1.7245643256071397 0.13703726372045755
v 0.21603066797853376 -1.7280247992861864 0.061357234027586235
v 0.20944102336740114 -1.7225365237126455 0.21264447275716081
v 0.20943402939112954 -1.7235567070901912 0.13783502823969773
v 0.20943402939112954 -1.7253597992954421 0.062223168121999933
v 0.20968617698728426 -1.7219853359052346 0.22978794078826797
v 0.20943751770187544 -1.7239208103710313 0.15501140093336319
v 0.21603066797853376 -1.7265451307578532 0.077457471533533134
v 0.20943402939112954 -1.724942520969202 0.076591676277358078
v 0.21603051178551527 -1.7279128262467212 -0.039522699589223928
v 0.20943402939112954 -1.727738861933702 -0.039090843247926221
v 0.21603066797853376 -1.736515312932134 -0.012854997806355829
v 0.20943402939112954 -1.7324001475387683 -0.013437771313058015
v 0.21603066797853376 -1.7233880186302404 -0.00049957469219562495
v 0.20198733633285634 -1.7212416488799456 -0.004834173921735959
v 0.19606854073606481 -1.7050559564381143 0.68355538581295339
v 0.21603066797853376 -1.6862528161022738 0.6760947742212563
v 0.19630642270319901 -1.6981804091840569 0.6750122524745602
v 0.21603066797853376 -1.6875438728834111 0.66608939655347954
v 0.18472592521802231 -1.7198502120522698 0.66100291884257034
v 0.13601738405155897 -1.5841337512055786 -0.058481130494986086
v 0.18215814670388766 -1.519169152642462 -0.047968923837044632
v 0.15307993542170725 -1.5609568592569008 -0.05848758647308297
v 0.1781504073976716 -1.5450259349829785 -0.058490779752571748
v 0.1859063105681816 -1.5210353815367357 -0.049641091583255741
v 0.14766383837748082 -1.6665311913986933 0.60463098415948258
v 0.15714430337450966 -1.5386125802253623 0.42497819082667987
v 0.16401492187109518 -1.5603563491652119 0.49900479593555686
v 0.16013151220758354 -1.5426818942904164 0.42149703025007546
v 0.23848995713600779 -1.6056329218784999 0.67621972863603463
v 0.24809417906800668 -1.5975146682599126 0.65421220175232364
v 0.21603066797853376 -1.5906865342643517 0.65871222674320662
v 0.24831022872211433 -1.5999583948078202 0.64655624475885654
v 0.25794922963289318 -1.5833711821798344 0.59296954398117718
v 0.25444477894175643 -1.5707845586887745 0.5402092083998985
v 0.25444477894175643 -1.5657771146452129 0.53685723680435105
v 0.24358098179923249 -1.6256354857579736 0.68147878227757652
v 0.27780667284342564 -1.6385333498705101 0.61723152618396626
v 0.29323462088830554 -1.613431049228337 0.54262485491404067
v 0.27993233834138287 -1.5848772299735097 0.52957753143760522
v 0.28239354115257953 -1.6074005756233374 0.58159411057447563
v 0.27198615736481319 -1.6134838771781406 0.6262574000781197
v 0.2877916065805623 -1.5943236448925113 0.47572183157255593
v 0.27206840166642909 -1.7326119452718174 0.63648491892772452
v 0.26426227376309014 -1.7451614642436 0.57309679385483447
v 0.29389323478286628 -1.6896229060879642 0.30320226926473121
v 0.30303538570188282 -1.6097769309159435 0.40331977269403568
v 0.3045101254727442 -1.6233865145493218 0.37426759358160078
v 0.30962968139400998 -1.6772449217600245 0.38611250849227224
v 0.29872980366421881 -1.5931304343600576 0.24927999646425286
v 0.27082295324668593 -1.5318138799363936 -0.072367800543135186
v 0.29254310233118658 -1.5609568592569008 -0.069831225923135454
v 0.28204021519001399 -1.6874221811672407 -0.058491473943764957
v 0.30657159564010905 -1.5982256935895609 -0.060845406860830398
v 0.28741235257693026 -1.6796045470448744 0.27428219473636467
v 0.26101535064985554 -1.7498867542766805 0.62575050166883561
v 0.2626416497129751 -1.7611864514242026 0.50992150780178347
v 0.25411080355870175 -1.7028588413115955 0.33708879584670037
v 0.26850629839669604 -1.7386786903666624 0.3483683614496193
v 0.26077163747669829 -1.6993791385364969 0.27270346512476001
v 0.27390507537065184 -1.7336169258622318 0.3055902869693834
v 0.26305465876337708 -1.757742221819077 0.42521754795009969
v 0.28343416846076525 -1.7640004248450103 0.31268249129484244
v 0.23584618204099617 -1.742851057114349 0.32034559845759975
v 0.23801710880475085 -1.7692839140165533 0.33181794095487388
v 0.22794949689650257 -1.7906520213921957 0.65748545206656095
v 0.23280175449882173 -1.7924944048189826 0.5703118376259031
v 0.23372140163681027 -1.7922700422253364 0.5132757008091493
v 0.23210325932021095 -1.7988938757527346 0.42056882720563055
v 0.23042978996551258 -1.808959023282247 0.37921669085537313
v 0.21603066797853376 -1.8003489699128281 0.50807523690431455
v 0.21603066797853376 -1.8077859095848365 0.42063588607489488
v 0.22220379787373865 -1.7681078847161313 0.77048200702706604
v 0.23152019078225167 -1.7108480794969243 0.31118296889838337
v 0.2341034150504353 -1.742851057114349 0.34192397634566651
v 0.23787195342625006 -1.7684081918263153 0.36272610964148266
v 0.21603066797853376 -1.7108480794969243 0.29641217694655836
v 0.21603066797853376 -1.742851057114349 0.32402536713458241
v 0.21603066797853376 -1.7684081918263153 0.34461785469004824
v 0.23284500261015889 -1.6402441146470639 0.72299558077886406
v 0.23420518347936031 -1.7197047789972917 0.73807299698073114
v 0.21603066797853376 -1.6934894121959212 0.69609372830652516
v 0.22301702550180766 -1.7323685618394771 0.83050136107753281
v 0.22545436549073763 -1.711686801296564 0.8224015382351253
v 0.2517999799147348 -1.7190185015836814 0.66318698317465663
v 0.21603066797853376 -1.6782228288939036 0.66821806442834741
v 0.21603066797853376 -1.7077537916722973 0.73008563311162411
v 0.2267316946410291 -1.7837054583790728 0.70007824691732834
v 0.24150439561863543 -1.72716629303754 0.69826585255008822
v 0.23215683352554717 -1.7099789521230218 0.72439992956273358
v 0.21603066797853376 -1.7076911756266695 0.71892192801885235
v 0.21603066797853376 -1.7010656760404075 0.70053016538410984
v 0.23543971574259021 -1.7088884471776038 0.70651367695488865
v 0.23240068553694301 -1.7135343911573 0.71492935679020797
v 0.24979923412199623 -1.6924238981334587 0.65425246484152999
v 0.29370677502836928 -1.724950087653208 0.44563621003078507
v 0.25511227848359025 -1.5196825070298428 -0.054232749811642791
v 0.30956591993291338 -1.6352651671519833 -0.058491612782003599
v 0.30078613681675387 -1.6443616402904866 0.26811805461711191
v 0.28495361414446951 -1.688204812318469 0.14052599098106802
v 0.21603066797853376 -1.7131487679494704 0.12624974083528787
v 0.30509394026623621 -1.633410357702838 0.09130734944844196
v 0.28547640953207809 -1.6882756892392961 0.048158021518075814
v 0.21603066797853376 -1.7165988981797382 0.051792181833664387
v 0.30365338941164055 -1.6330798532757493 0.20719659911106503
v 0.2939040294559207 -1.5968994066053681 0.46405046446018766
v 0.29916186826287444 -1.6370260525326872 0.49953612987484197
v 0.28179941761986832 -1.5899547179084668 0.42666097969814715
v 0.29022719373672939 -1.6141167365794331 0.46320931299137164
v 0.29196237668850439 -1.6411542687204852 0.48683576315677429
v 0.28940669445591144 -1.6022529396683063 0.35329225958307803
v 0.24389848749622822 -1.518378815968989 -0.038323345464710099
v 0.28983775247733695 -1.5536237358778371 0.18571679637243449
v 0.29241193490522904 -1.5751914926406478 0.36909073217733529
v 0.27213537376179431 -1.5613792051788513 0.41718922680059312
v 0.2808694443878807 -1.5540868308228295 0.3505023051775556
v 0.2810405104526682 -1.5562167135322855 0.26511456700055719
v 0.25463956899057194 -1.5290897348559878 0.40360682075242921
v 0.26978930255999201 -1.5340820455315376 0.17019600025546236
v 0.25188645878262927 -1.5267024807616481 0.32416427479234428
v 0.25595185066744169 -1.5321139093701002 0.22842371625536609
v 0.24446713421214852 -1.5158300930031081 -0.037312741925630832
v 0.28572621423295574 -1.5482066149016007 0.35606735829706571
v 0.27292820952356273 -1.5583417716129486 0.3365882839963939
v 0.25169021093230803 -1.5226551378478592 0.22294994927776349
v 0.2919871246045424 -1.5497417840158312 0.26653050877735346
v 0.25547841227367052 -1.5226581922891094 0.32945255388312039
v 0.25541376571880259 -1.518989530671218 0.22668546150756114
v 0.3121169684392916 -1.5906028495160098 0.29838333283968627
v 0.30276721964394471 -1.5715434832107547 0.37141287113775162
v 0.28716587999378007 -1.5573637603503907 0.44339293118991774
v 0.25071277237748452 -1.5164207108702936 0.15776497972036127
v 0.250516958396659 -1.5156252718915506 0.041873022712084665
v 0.26576497208425814 -1.5211171919688558 0.019268491402210673
v 0.21603066797853376 -1.5337285633759536 0.48489251374961356
v 0.21603066797853376 -1.5093950447707041 0.29657434000929289
v 0.21603066797853376 -1.5114046588559358 0.37943140419143384
v 0.21603066797853376 -1.5026512550051185 0.029917106629618453
v 0.25405171053337949 -1.5444651326275414 0.48739361519964014
v 0.25067243986915883 -1.5162570900060532 0.13392451041009112
v 0.28127809738854531 -1.5609907704966892 0.43938723974772165
v 0.24930134284344416 -1.5205888777612611 0.042256979861050689
v 0.28580061417408836 -1.5538633706777343 0.07418567902080167
v 0.30132246893263015 -1.5994807565573299 0.086366235373391553
v 0.26415876985618209 -1.526666382819601 0.019171235216041554
v 0.2547264817279622 -1.5245779780339395 0.40656317278696474
v 0.29498103238263079 -1.7055577872516878 0.46837576152773897
v 0.26430739619064897 -1.7581766466677897 0.54155135765285622
v 0.24498307446172415 -1.7826489688021221 0.57018174619629503
v 0.24588016038593327 -1.7773465282110046 0.59652838455230217
v 0.25162745604844161 -1.7570335914490454 0.5945160631214168
v 0.30022085692812067 -1.6944674581680388 0.49378864330975553
v 0.27954770435600346 -1.750264533124027 0.55584933598298403
v 0.30807618563227857 -1.6120771334346544 0.3881340626660274
v 0.30949604958931648 -1.6976437993917033 0.47459050818497694
v 0.294912481002301 -1.5821493015511008 0.36191335059246904
v 0.25942836016305165 -1.7698413495447032 0.58234911291621394
v 0.28713210759223023 -1.6993242280131138 0.55518249592278368
v 0.2491265107914335 -1.7552139080742766 0.62999089915345696
v 0.24450265944646118 -1.7726216546926399 0.64669050133562389
v 0.29834473580934362 -1.6863990127675643 0.56124667251021387
v 0.30744638067223623 -1.6355985871820835 0.34019682865695294
v 0.29929813799410215 -1.7297867953727992 0.39430590830752482
v 0.27730442551513612 -1.5611622704309724 0.23989834958357784
v 0.30205824217831645 -1.5902361083086356 0.2861135034996492
v 0.31607302521117298 -1.6336745668709749 0.31524239073893412
v 0.31880501465206212 -1.6839917659668602 0.36454259973676267
v 0.31013415013411771 -1.7265783130968888 0.42676767688454398
v 0.2798400282674654 -1.7672234851359783 0.48559975573725883
v 0.25481993721734847 -1.54470258072518 -0.040794319016951221
v 0.2627691726351683 -1.5318138799363936 -0.072367800543135186
v 0.28568574288639142 -1.5609568592569008 -0.069831225923135454
v 0.29970052591924795 -1.5982226044387511 -0.060775085292957942
v 0.25048070426159347 -1.521264256373138 -0.054232749811642791
v 0.23519032755642849 -1.7108480794969243 0.293368356821678
v 0.21603066797853376 -1.7072255815933817 0.27372968796568659
v 0.28330824217831641 -1.734579769047218 0.35450292902404124
v 0.30939209445813287 -1.6700301232698442 0.41895996969624044
v 0.30777889825378518 -1.6606639568527777 0.45046125533833026
v 0.31149837466701963 -1.6665600697523311 0.43412561759876489
v 0.2806439363787655 -1.5883075757547709 0.51347062969620338
v 0.28366345981188346 -1.5859245562267099 0.51724827933142914
v 0.29061182772210881 -1.617815283128192 0.52279583883287017
v 0.28932559556976434 -1.6228818375518561 0.53724667806374338
v 0.28778780588377945 -1.626183341447657 0.57901782821822412
v 0.29175842331593843 -1.6319211787551577 0.55170237663296906
v 0.29283021980869944 -1.6331199081075978 0.51871718789626742
v 0.29527977756262991 -1.6557127075863065 0.5528408501898382
v 0.24794102313600408 -1.7436128625297809 0.70707916510087987
v 0.28588287583048405 -1.6877730253962906 0.59507099956127119
v 0.26861401951510283 -1.7245246872900071 0.6529067057943676
v 0.24605020251871076 -1.6630590553076008 0.67720742386573785
v 0.26286059761531438 -1.6320409961551063 0.66096362762103456
v 0.22105180494338175 -1.8104391777444155 0.65552255704863227
v 0.24155986149497313 -1.7665503973550389 0.68091343296982398
v 0.23820185043604464 -1.74926802166617 0.74765575105007986
v 0.22733251711875482 -1.774490903318604 0.74295010662776728
v 0.2202135343680176 -1.792992278742755 0.73349105742904908
v 0.21603066797853376 -1.7702581419371082 0.77326446416770178
v 0.21603066797853376 -1.7346891041601489 0.83224100420772418
v 0.21603066797853376 -1.7890203249925489 0.70162698746938612
v 0.21603066797853376 -1.7982715333480193 0.65131520306480783
v 0.21603066797853376 -1.8171331940014477 0.64986198322093602
v 0.21603066797853376 -1.7974589131372443 0.72906586624879444
v 0.28483627847803672 -1.6866605840091671 0.20144876545038198
v 0.23702321791864819 -1.7082701310818091 0.27321668067390231
v 0.23751354251319426 -1.710641696455182 0.20200599272117395
v 0.23752051913468605 -1.7121412882707605 0.13245941989681542
v 0.23752051913468605 -1.7126846317176883 0.057609087518072109
v 0.21603066797853376 -1.7097740268827852 0.23862499467786752
v 0.23726837153853131 -1.7094558790589358 0.23551369916900686
v 0.23751703082394016 -1.711391422943852 0.15999617963446669
v 0.21603066797853376 -1.7144937633863202 0.087708245788110636
v 0.23752051913468605 -1.7124278503953188 0.079633205571300839
v 0.21603051178551527 -1.7124168821744661 -0.039889093701001674
v 0.23752051913468605 -1.7122429178614469 -0.038475512174262351
v 0.21603066797853376 -1.7127179528949623 0.019848765820617294
v 0.23752051913468605 -1.7125403787877385 0.011762549125596773
v 0.22262015639664789 -1.7225365237126455 0.21264447275716081
v 0.2226271503729195 -1.7235567070901912 0.13783502823969773
v 0.2226271503729195 -1.7253597992954421 0.062223168121999933
v 0.21603066797853376 -1.7223034143099647 0.22994885430685472
v 0.22237500277676478 -1.7219853359052346 0.22978794078826797
v 0.21603066797853376 -1.7248518595993683 0.1555554385714841
v 0.2226236620621736 -1.7239208103710313 0.15501140093336319
v 0.2226271503729195 -1.724942520969202 0.076591676277358078
v 0.2226271503729195 -1.727738861933702 -0.039090843247926221
v 0.2226271503729195 -1.7324001475387683 -0.013437771313058015
v 0.23007384343119269 -1.7212416488799456 -0.004834173921735959
v 0.21603066797853376 -1.6965371892106027 0.68792781846252382
v 0.23623081602637555 -1.7049314879571711 0.68884873249944001
v 0.23575489589908866 -1.6981804091840569 0.6750122524745602
v 0.29604380438987998 -1.5841337512055786 -0.058481130494986086
v 0.24990303306016137 -1.519169152642462 -0.047968923837044632
v 0.27898108814932332 -1.5609568592569008 -0.05848758647308297
v 0.25391077236637744 -1.5450259349829785 -0.058490779752571748
v 0.24615486919586743 -1.5210353815367357 -0.049641091583255741
v 0.28439749757958671 -1.6665311913986933 0.60463098415948258
v 0.27491701522777801 -1.5386125802253623 0.42497819082667987
v 0.26804639673119252 -1.5603563491652119 0.49900479593555686
v 0.27192966755646553 -1.5426818942904164 0.42149703025007546
v 0.25618638316206865 -1.8984778238309357 -1.1852215719450496
v 0.24965249945853088 -1.9035164023495132 -1.1821674083713904
v 0.24965263829676951 -1.9153034911337901 -1.1674000873755315
v 0.18240824643602241 -1.9153036299720287 -1.1673999485372928
v 0.1758745189255031 -1.918887183749632 -1.1612786400146613
v 0.25618638316206865 -1.9188873225878706 -1.1612786400146613
v 0.23374033570160516 -1.889107700524068 -1.1911639526876305
v 0.19832041019294813 -1.8891075616858295 -1.1911640915258692
v 0.17587436273248463 -1.8984778238309357 -1.1852214331068109
v 0.18240824643602241 -1.9035164023495132 -1.1821674083713904
v 0.19832041019294813 -1.8708979548201861 -1.201191370925792
v 0.23374033570160516 -1.8708979548201861 -1.2011915444735901
v 0.24965263829676951 -1.894600557759484 -1.1701436003902279
v 0.18240824643602241 -1.894600349502126 -1.1701436003902279
v 0.18240824643602241 -1.9039485363672881 -1.1574268160504408
v 0.24965263829676951 -1.9039486752055268 -1.1574268160504408
v 0.25618638316206865 -1.8895621874982644 -1.1731979375116854
v 0.25618652200030728 -1.9075232739167378 -1.1508690695246364
v 0.1758745189255031 -1.9075232739167378 -1.1508690695246364
v 0.1758745189255031 -1.889562048660026 -1.1731976251256486
v 0.19832041019294813 -1.8799068904492251 -1.1787000621995309
v 0.19832041019294813 -1.859467124956266 -1.1899209686466234
v 0.23374033570160516 -1.8594672637945047 -1.1899211074848619
v 0.23374033570160516 -1.8799070292874636 -1.1787003398760081
v 0.25122449541556136 -1.4505248548214817 -0.57879076695631404
v 0.17839280160756169 -1.4505249936597204 -0.57879048060244687
v 0.13681605101935035 -1.6295448234625516 -0.11988390346484708
v 0.1524652985392366 -1.5711410952856089 -0.11988390346484708
v 0.18514679598368744 -1.5458336264362815 -0.11988390346484708
v 0.16769991433680675 -1.6830371836570732 -0.11988390346484708
v 0.1524652985392366 -1.6678026025690627 -0.11988390346484708
v 0.14889880451020646 -1.6093988396825603 -0.056765784056557148
v 0.16292932832836909 -1.5771826065305805 -0.056765784056557148
v 0.19118818574520036 -1.5562976562254141 -0.056765784056557148
v 0.17374128674353986 -1.6725731538679407 -0.056765784056557148
v 0.15285631908359357 -1.6443142964511095 -0.056765784056557148
v 0.16381650467329512 -1.6295448234625516 -0.13021603692726913
v 0.1657753039631838 -1.602088277517276 -0.13021603692726913
v 0.18120005872857495 -1.5792896156402201 -0.13021603692726913
v 0.19864695773023544 -1.6697270393948873 -0.13021603692726913
v 0.17584831320795932 -1.6543024581772945 -0.13021603692726913
v 0.19785193526620845 -2.1106127255427185 -0.6967406450794803
v 0.25040718941423223 -1.6717912863270252 -0.16133909249773692
v 0.24734355013078563 -1.5682784937717167 -0.71576623464449085
v 0.24734355013078563 -1.5621031771742531 -0.71576623464449085
v 0.267412825783927 -1.6528590958483664 -0.42383674960245982
v 0.24734370632380409 -1.5401474716631154 -0.67000384686772829
v 0.24734370632380409 -1.5401474716631154 -0.70035210968174577
v 0.24734370632380409 -1.5217767083119678 -0.70035225502802678
v 0.2708076636856554 -1.6013846800333953 -0.71425450532976853
v 0.27623380914740364 -1.599555729206197 -0.73158492989594537
v 0.27623380914740364 -1.599555729206197 -0.76380931111705541
v 0.26741369352291849 -1.7140938398399101 -0.15414803534636437
v 0.26741312081518409 -1.7818862609381392 -0.3855476798279146
v 0.16352766907257907 -1.7140938398399101 -0.15414772296032744
v 0.16352766907257907 -1.7109197200280639 -0.12840628048656325
v 0.23419775563359294 -1.8870319994372424 -0.3892792525226908
v 0.24530802535926707 -1.8870319994372424 -0.39043110661480906
v 0.21480835348030441 -1.7521816115232036 -0.71231228853200779
v 0.21480821464206576 -1.7322036220119696 -0.73971279806255863
v 0.2368879721194305 -1.7215940203296205 -0.7755442748201119
v 0.2148080584490473 -1.7292661519778896 -0.7755442748201119
v 0.24117682414933811 -1.7809774952471042 -0.68906495678601976
v 0.25376839375264948 -1.7809774952471042 -0.66682476304651361
v 0.25112883586913665 -1.7015136376173878 -0.7755444223357405
v 0.21481024515130592 -1.7809776340853429 -0.70021220412414364
v 0.26091358222093053 -1.775517612093366 -0.43564129729524598
v 0.25376738717541936 -1.6717918416799797 -0.43103900058682293
v 0.2453088930982586 -1.8698544466185485 -0.54032948570151262
v 0.24530903193649725 -1.8601947067458724 -0.55340730152610995
v 0.23497268126257642 -1.8698544466185485 -0.54032948570151262
v 0.24530903193649725 -1.8791457792249864 -0.53926339025392589
v 0.23497268126257642 -1.8791457792249864 -0.53926339025392589
v 0.24530903193649725 -1.8869108630740268 -0.55483867170217527
v 0.24530903193649725 -1.8791457792249864 -0.53926339025392589
v 0.23497268126257642 -1.8791457792249864 -0.53926339025392589
v 0.23497254242433779 -1.8869108630740268 -0.55483867170217527
v 0.24530802535926707 -1.7818862609381392 -0.38702899706033167
v 0.24530802535926707 -1.8157302335999645 -0.39494794838734759
v 0.24530802535926707 -1.7818862609381392 -0.41865095048658174
v 0.24530816419750573 -1.8683103571474851 -0.38702884086731321
v 0.24530802535926707 -1.854206960608815 -0.39738396941301046
v 0.24530802535926707 -1.8645524225421466 -0.40698862521450507
v 0.23419759944057444 -1.8645524225421466 -0.40698862521450507
v 0.25584629889651367 -1.5837047063386136 -0.77554471736699759
v 0.24053553032504807 -1.5729045144641678 -0.77554456985136899
v 0.26896123659516807 -1.6027288424408133 -0.77554471736699759
v 0.27081712204066294 -1.6419591139898964 -0.77554456985136899
v 0.26896123659516807 -1.6027288424408133 -0.77554471736699759
v 0.25376854994566794 -1.8869110019122652 -0.61657188835739551
v 0.25376854994566794 -1.8869108630740268 -0.57958054827683236
v 0.24530903193649725 -1.8869108630740268 -0.57958069579246085
v 0.21481024515130592 -1.8869108630740268 -0.59514812420283714
v 0.23419759944057444 -1.8870319994372424 -0.40172976247554132
v 0.24530802535926707 -1.8870319994372424 -0.40172976247554132
v 0.23419759944057444 -1.8870319994372424 -0.40172976247554132
v 0.23419775563359294 -1.8870319994372424 -0.3892792525226908
v 0.23419759944057444 -1.854206960608815 -0.39738396941301046
v 0.24530802535926707 -1.8870319994372424 -0.40172976247554132
v 0.24530802535926707 -1.8870319994372424 -0.39043110661480906
v 0.23419775563359294 -1.8870319994372424 -0.3892792525226908
v 0.23497254242433779 -1.8869108630740268 -0.55483867170217527
v 0.23497254242433779 -1.8601947067458724 -0.55340744904173844
v 0.26741369352291849 -1.7140938398399101 -0.15414803534636437
v 0.26741384971593696 -1.6746701666243982 -0.13476708497085321
v 0.26741384971593696 -1.7109197200280639 -0.12840673171083883
v 0.24961216695020519 -1.8249776239038722 -0.56322625414894933
v 0.24530903193649725 -1.8869108630740268 -0.55483867170217527
v 0.27393681726296149 -1.8420084247043209 -0.15504104289731338
v 0.27393622720044725 -1.8848821587309814 -0.38604034731773779
v 0.18088298690107499 -2.0715723152849792 -0.85508775617969002
v 0.21481024515130592 -2.0676389585651163 -0.87043826719696704
v 0.24873517786103957 -2.0715723152849792 -0.85508791237270843
v 0.21480821464206576 -1.5217767083119678 -0.72352912745257747
v 0.23554554518999549 -1.5217767083119678 -0.71722904734291382
v 0.1635275128795606 -1.6717912863270252 -0.17229037508538553
v 0.16352766907257907 -1.6746701666243982 -0.13476677258481629
v 0.26741369352291849 -1.6717912863270252 -0.17229065276186281
v 0.26091358222093053 -1.775517612093366 -0.43564129729524598
v 0.1758509337797137 -1.775517612093366 -0.43564100226398889
v 0.17585063874845658 -1.7755177509316045 -0.52039895283572479
v 0.25376709214416221 -1.7755177509316045 -0.5203991090287432
v 0.25376854994566794 -1.7902720905521503 -0.54497473549001563
v 0.17585063874845658 -1.7902720905521503 -0.54497458797438714
v 0.19464503227526253 -1.8869108630740268 -0.55483867170217527
v 0.23497254242433779 -1.8869108630740268 -0.55483867170217527
v 0.25815231526646759 -2.100033529434632 -0.74029731138593879
v 0.21481024515130592 -2.1106127255427185 -0.69674079042576131
v 0.26741369352291849 -1.6717912863270252 -0.17229065276186281
v 0.26741369352291849 -1.6528586793336504 -0.17229065276186281
v 0.25376854994566794 -1.781610944710911 -0.57846932172429688
v 0.24734370632380409 -1.5217767083119678 -0.70035225502802678
v 0.18227475346956759 -1.5217756670251779 -0.1269654519554903
v 0.24734544180178714 -1.5217756670251779 -0.12696559079372896
v 0.24734457406279561 -1.5217761182494534 -0.42383674960245982
v 0.17921286701888384 -1.6717912863270252 -0.16133891894993863
v 0.18227286179856608 -1.5217767083119678 -0.70035210968174577
v 0.18227300063680471 -1.5433301647361981 -0.66553577582287105
v 0.24734370632380409 -1.5445789799832284 -0.66553606760010697
v 0.18942764746009327 -1.5639909607050761 -0.73161055422836485
v 0.18942750862185462 -1.5639909607050761 -0.76380916360142692
v 0.1822737295375576 -1.5559970020196336 -0.42130696070137374
v 0.1822737295375576 -1.5217761182494534 -0.42130696070137374
v 0.16352737404132195 -1.6646734663465366 -0.25638358552528057
v 0.17585107261795233 -1.7818862609381392 -0.41865065545532465
v 0.1927281621334439 -1.7215940203296205 -0.77554413598187333
v 0.2148080584490473 -1.7292661519778896 -0.7755442748201119
v 0.17848728102895794 -1.7015137764556263 -0.77554413598187333
v 0.18431057327234324 -1.7818862609381392 -0.38895634948916785
v 0.17585107261795233 -1.7818862609381392 -0.38895634948916785
v 0.18431000056460883 -1.8869108630740268 -0.57958054827683236
v 0.17585048255543811 -1.781610944710911 -0.57846917420866828
v 0.17585048255543811 -1.8869108630740268 -0.57958054827683236
v 0.18000686555090087 -1.8249776239038722 -0.56322625414894933
v 0.18431013940284749 -1.8869108630740268 -0.55483852418654678
v 0.18431013940284749 -1.8791457792249864 -0.53926324273829729
v 0.18431013940284749 -1.8698544466185485 -0.54032933818588402
v 0.18431013940284749 -1.8601947067458724 -0.55340730152610995
v 0.18431000056460883 -1.8869108630740268 -0.57958054827683236
v 0.19464518846828102 -1.8698544466185485 -0.54032933818588402
v 0.18431013940284749 -1.8791457792249864 -0.53926324273829729
v 0.19464518846828102 -1.8791457792249864 -0.53926324273829729
v 0.18431013940284749 -1.8869108630740268 -0.55483852418654678
v 0.19464503227526253 -1.8869108630740268 -0.55483867170217527
v 0.19464518846828102 -1.8791457792249864 -0.53926324273829729
v 0.18431057327234324 -1.8157302335999645 -0.39494765335609044
v 0.18431057327234324 -1.7818862609381392 -0.38895634948916785
v 0.18431057327234324 -1.7818862609381392 -0.41865065545532465
v 0.18431057327234324 -1.8683103571474851 -0.38895621065092917
v 0.18431057327234324 -1.854206960608815 -0.39738383057477178
v 0.19542099919103587 -1.8645524225421466 -0.40698834753802782
v 0.18431057327234324 -1.8645524225421466 -0.40698834753802782
v 0.18966306504849156 -1.5725589113786267 -0.7755444223357405
v 0.17376983535636073 -1.5837048451768521 -0.7755442748201119
v 0.16065474146468789 -1.6027289812790519 -0.7755442748201119
v 0.16184182575986167 -1.6531977223124157 -0.7755442748201119
v 0.15575618130978144 -1.6307207139247348 -0.7755442748201119
v 0.17585048255543811 -1.8869108630740268 -0.57958054827683236
v 0.17585048255543811 -1.8869110019122652 -0.61657174084176702
v 0.19542099919103587 -1.8870319994372424 -0.40172960628252286
v 0.18431057327234324 -1.8870319994372424 -0.40172960628252286
v 0.23419775563359294 -1.8870319994372424 -0.3892792525226908
v 0.19542099919103587 -1.8870319994372424 -0.3892792525226908
v 0.19542099919103587 -1.8870319994372424 -0.3892792525226908
v 0.19542099919103587 -1.8870319994372424 -0.40172960628252286
v 0.19542099919103587 -1.854206960608815 -0.39738383057477178
v 0.19542099919103587 -1.8870319994372424 -0.3892792525226908
v 0.18431057327234324 -1.8870319994372424 -0.38898649474173308
v 0.18431057327234324 -1.8870319994372424 -0.40172960628252286
v 0.19464503227526253 -1.8869108630740268 -0.55483867170217527
v 0.19464503227526253 -1.8601947067458724 -0.55340730152610995
v 0.17146628336514272 -2.100033529434632 -0.7402971638703103
v 0.18431057327234324 -1.8870319994372424 -0.38898649474173308
v 0.24734544180178714 -1.5682774871944865 -0.12696559079372896
v 0.24734544180178714 -1.5217756670251779 -0.12696559079372896
v 0.18227475346956759 -1.5217756670251779 -0.1269654519554903
v 0.18227475346956759 -1.5559964466666789 -0.1269654519554903
v 0.1940708667393562 -1.5217767083119678 -0.71722904734291382
v 0.23056095739147014 -1.5621030383360144 -0.67000384686772829
v 0.24734370632380409 -1.5621030383360144 -0.67000384686772829
v 0.2148080584490473 -1.5673416827564759 -0.77554456985136899
v 0.16282959040868425 -1.8420084247043209 -0.15504073051127645
v 0.27393681726296149 -1.8420084247043209 -0.15504104289731338
v 0.25971617183175766 -2.0825807992269487 -0.81226599104123121
v 0.16990213176859553 -2.0825807992269487 -0.81226584352560272
v 0.17122970300649579 -1.5696484106724029 -0.50229899346904927
v 0.17168174295673616 -1.5688338814358465 -0.48327121286308511
v 0.18227359069931895 -1.5575395989796315 -0.48602883531378366
v 0.18227343450630049 -1.5581458014391045 -0.51046804452819994
v 0.1635275128795606 -1.6717912863270252 -0.17229037508538553
v 0.1635275128795606 -1.6646731192509399 -0.17229037508538553
v 0.18572040616663921 -1.56685849097644 -0.69659768291128055
v 0.18227300063680471 -1.5217767083119678 -0.66553592225382596
v 0.24734370632380409 -1.5217767083119678 -0.66553606760010697
v 0.25376854994566794 -1.7902720905521503 -0.54497473549001563
v 0.26741312081518409 -1.7818862609381392 -0.3855476798279146
v 0.24530802535926707 -1.7818862609381392 -0.38702899706033167
v 0.26741369352291849 -1.6528586793336504 -0.17229065276186281
v 0.27393622720044725 -1.8848821587309814 -0.38604034731773779
v 0.16282886150793136 -1.8848821587309814 -0.38861147530437967
v 0.19542099919103587 -1.8870319994372424 -0.3892792525226908
v 0.18966306504849156 -1.5725589113786267 -0.7755444223357405
v 0.18227300063680471 -1.5401474716631154 -0.67000355617516616
v 0.24734370632380409 -1.5621030383360144 -0.67000384686772829
v 0.24734370632380409 -1.557671495306342 -0.66553606760010697
v 0.18227300063680471 -1.5518706254384975 -0.66553577582287105
v 0.18227300063680471 -1.5605745681667984 -0.67126328107066724
v 0.15049308400453909 -1.6024139226060123 -0.48320496966847282
v 0.16945897746562827 -1.5694054437547784 -0.24597824960153425
v 0.14921079138721616 -1.6105860801707526 -0.2307926784117646
v 0.15767102094235991 -1.5880031729165471 -0.23526278376222007
v 0.15137677203871922 -1.6302256861848547 -0.23301367371532977
v 0.15603016121896271 -1.6471368778427129 -0.23954247246837729
v 0.18024358474778646 -1.5618986337391729 -0.68219200949491576
v 0.15033949420304074 -1.6105129818381072 -0.49092885327019586
v 0.14934414551543232 -1.6299996575323448 -0.49017298318946606
v 0.15553634831367075 -1.6483430350409203 -0.49479143719791113
v 0.16282959040868425 -1.8420084247043209 -0.15504073051127645
v 0.1759034840530399 -1.6610054989198384 -0.42383645457120273
v 0.16352678397880774 -1.6610054989198384 -0.42383645457120273
v 0.16352737404132195 -1.6646734663465366 -0.25638358552528057
v 0.18064874943770512 -1.6619248163170102 -0.25638358552528057
v 0.18227359069931895 -1.5575395989796315 -0.48602883531378366
v 0.19047453984379772 -1.5600069280281084 -0.48602883531378366
v 0.18227431960007182 -1.5559967243431563 -0.26015228009411379
v 0.16674009088351102 -1.6529201152542499 -0.49802730531639383
v 0.16044292637685881 -1.6529201152542499 -0.49802730531639383
v 0.16166071127755244 -1.6574020218549899 -0.49154189351292216
v 0.15608184375329739 -1.5884330855225037 -0.48078189530856336
v 0.15117587310740341 -1.5996938732536463 -0.4803856162659178
v 0.15049308400453909 -1.6024139226060123 -0.48320496966847282
v 0.15383537163294131 -1.6024139226060123 -0.48320512586149128
v 0.15133498172888779 -1.5993805847681495 -0.4858676788282793
v 0.15666213552648386 -1.5872979787929218 -0.49233837377845491
v 0.18227343450630049 -1.5582386842207565 -0.51420952680225918
v 0.18857061636773251 -1.5582386842207565 -0.51420952680225918
v 0.18227343450630049 -1.5582386842207565 -0.51420952680225918
v 0.16970517237230121 -1.5688708818264447 -0.51222058225980527
v 0.1557820919960681 -1.5884060120659684 -0.51014689432743976
v 0.14984727793749317 -1.6056925876115564 -0.50819274611854559
v 0.15612844133714182 -1.6021719969751775 -0.50778773762164542
v 0.14984727793749317 -1.6056925876115564 -0.50819274611854559
v 0.15785402709567065 -1.5888845180554501 -0.50450731978333829
v 0.15839195585129129 -1.5873116543594281 -0.50106138940978939
v 0.16239707458575298 -1.5873116543594281 -0.50106138940978939
v 0.15839195585129129 -1.5873116543594281 -0.50106138940978939
v 0.15755529927045134 -1.5895109561882055 -0.49745879743871219
v 0.16044292637685881 -1.6529201152542499 -0.49802730531639383
v 0.16352678397880774 -1.6610054989198384 -0.42383645457120273
v 0.18227300063680471 -1.5605745681667984 -0.67126328107066724
v 0.20597062275429148 -1.5561395541811598 -0.66764031621507991
v 0.23176681955842035 -2.1106127255427185 -0.69674079042576131
v 0.25376854994566794 -1.781610944710911 -0.57846932172429688
v 0.24530903193649725 -1.8869108630740268 -0.57958069579246085
v 0.25376854994566794 -1.8869108630740268 -0.57958054827683236
v 0.17573868306377119 -1.6704897472588704 -0.57823376529765991
v 0.17573868306377119 -1.6704897472588704 -0.50365145146122614
v 0.17573868306377119 -1.7054381086899779 -0.57823376529765991
v 0.17573868306377119 -1.7054381086899779 -0.50365145146122614
v 0.16383731305431168 -1.6953435968729926 -0.42269362496459623
v 0.16383731305431168 -1.6953435968729926 -0.41419859907589268
v 0.16383731305431168 -1.6748516976214234 -0.42269362496459623
v 0.16383731305431168 -1.6748516976214234 -0.41419859907589268
v 0.32470459850758149 -1.6452630475548735 -0.71060082305621841
v 0.30698592365377814 -1.6529374700340802 -0.71617051424063816
v 0.32089689039368968 -1.5959621790754113 -0.71300875537072583
v 0.26212541443214232 -1.6426891948677982 -0.723627975939796
v 0.25298458247639288 -1.5780645417319978 -0.73178234051651525
v 0.33298869440222734 -1.6293857148410673 -0.70799795317726677
v 0.33293888618411432 -1.6116552387369794 -0.7079915470941619
v 0.33171235447438618 -1.5927287753356645 -0.46612946295518115
v 0.28055294526811514 -1.6397433251202802 -0.42425907816963071
v 0.28577921573055753 -1.6150571920984382 -0.42439723957185987
v 0.28459985431240825 -1.6149152647089857 -0.41442047993602332
v 0.28577921573055753 -1.6150571920984382 -0.42439723957185987
v 0.24592484894399635 -1.6399382540073344 -0.42439694454060278
v 0.2459247101057577 -1.6399383928455731 -0.48408138604990403
v 0.24628895222483649 -1.550446526915181 -0.47888437574625553
v 0.33134856357958298 -1.5665112565415951 -0.46612946295518115
v 0.24628924725609361 -1.552066422064543 -0.41108605402288423
v 0.26710404954118588 -1.6463709766992412 -0.42439708337884141
v 0.26710404954118588 -1.6463709766992412 -0.41411343917126531
v 0.25961818674483567 -1.6717918416799797 -0.42439694454060278
v 0.26890649961958324 -1.6019747078380664 -0.17138629518490475
v 0.27099488705046493 -1.6234578774039841 -0.17138629518490475
v 0.27099415814971206 -1.6234582939187001 -0.41259893959981264
v 0.27099488705046493 -1.6234578774039841 -0.18257037478919727
v 0.28459985431240825 -1.6149152647089857 -0.41442047993602332
v 0.26710404954118588 -1.6463709766992412 -0.41411343917126531
v 0.28055294526811514 -1.6397433251202802 -0.41442047993602332
v 0.26710404954118588 -1.6463709766992412 -0.41411343917126531
v 0.26710404954118588 -1.6463709766992412 -0.42439708337884141
v 0.27099488705046493 -1.6234578774039841 -0.18257037478919727
v 0.27099488705046493 -1.6234578774039841 -0.17138629518490475
v 0.27099488705046493 -1.6234578774039841 -0.17138629518490475
v 0.26710477844193875 -1.646370490765406 -0.17138629518490475
v 0.27921999404846748 -1.6408632637722904 -0.17138629518490475
v 0.28024357896285984 -1.6306454635993906 -0.17138629518490475
v 0.26710477844193875 -1.646370490765406 -0.17138629518490475
v 0.26710477844193875 -1.646370490765406 -0.18225809288093048
v 0.27921999404846748 -1.6408632637722904 -0.18225809288093048
v 0.26710477844193875 -1.646370490765406 -0.18225809288093048
v 0.27099488705046493 -1.6234578774039841 -0.18257037478919727
v 0.28024357896285984 -1.6306456024376292 -0.18225809288093048
v 0.27622827297263775 -1.5810329726932952 -0.41501547120772608
v 0.24628997615684647 -1.5520660055498272 -0.17138643402314341
v 0.25961818674483567 -1.6717918416799797 -0.42439694454060278
v 0.25961891564558853 -1.6717914251652637 -0.17138615634666612
v 0.25961891564558853 -1.6717914251652637 -0.17138615634666612
v 0.16783602787501598 -1.7273869764178624 -0.34931614068571282
v 0.16783602787501598 -1.7273869764178624 -0.4022343526991079
v 0.16830670685879409 -1.6579400894488492 -0.34931614068571282
v 0.16830670685879409 -1.6579400894488492 -0.4022343526991079
v 0.15078134689752071 -1.6287846146868643 -0.39249896334115147
v 0.15078134689752071 -1.6287846146868643 -0.42215658130274697
v 0.16226153375527816 -1.7248687284453634 -0.41409523400722331
v 0.1623044868353582 -1.7249530032562195 -0.40061240968572576
v 0.18394006607774571 -1.7273869764178624 -0.41355513590412385
v 0.18393992723950706 -1.7273869764178624 -0.43813221148951215
v 0.18441058886850537 -1.6710251769261955 -0.41355513590412385
v 0.18441058886850537 -1.6710251769261955 -0.43813221148951215
v 0.22061200011292176 -1.8693774678496919 -0.50469586211141493
v 0.22061200011292176 -1.8445059163601427 -0.5223379676766069
v 0.22061200011292176 -1.8153403758258562 -0.50621647056536778
v 0.22061200011292176 -1.7735527733400962 -0.48072089325745976
v 0.22061200011292176 -1.8078258255784463 -0.52488099827470347
v 0.22061200011292176 -1.8693774678496919 -0.49398230529788206
v 0.22061200011292176 -1.8413793486450314 -0.50778074364537384
v 0.22061200011292176 -1.7735529121783349 -0.52404783000460942
v 0.17677828643994692 -1.6860366449647073 -0.59776569358030496
v 0.17677828643994692 -1.6860366449647073 -0.60611397178945825
v 0.17677828643994692 -1.755191971632571 -0.59097936724935529
v 0.17677828643994692 -1.755191971632571 -0.61290015060477931
v 0.17596695048287939 -1.7251752832762863 -0.60851986925603063
v 0.17596695048287939 -1.7251752832762863 -0.59546257545858272
v 0.17596754054539362 -1.790997103834342 -0.59547073220510294
v 0.17596754054539362 -1.790997103834342 -0.60850938696901313
v 0.19153073438949125 -1.601566349868659 0.58317214599488709
v 0.19153089058250972 -1.6015664887068977 0.59162336841929886
v 0.20152016301460393 -1.460355886371083 0.5916230907428216
v 0.20061101551841273 -1.4493437579253494 0.54380012060414995
v 0.20120789846111697 -1.4384022287239655 0.56376144952674667
v 0.20519102868953362 -1.4485573087225587 0.54379998176591127
v 0.20120789846111697 -1.4384022287239655 0.57767609547998233
v 0.20061129319489002 -1.4493436190871107 0.59162295190458292
v 0.20519102868953362 -1.4485573087225587 0.59162295190458292
v 0.20151988533812665 -1.4603560599188814 0.53566045118725203
v 0.19485481685385148 -1.5536445616136336 0.46031280023769106
v 0.19463454998824503 -1.559192711177589 0.47883382127260982
v 0.20312886433097554 -1.5212006337502799 0.55789025809102977
v 0.20332568488903122 -1.5264617005462822 0.5742988553250018
v 0.19970825458119909 -1.4865419583041002 0.58317186831840973
v 0.2287212292459973 -1.5264617005462822 0.57429871648676312
v 0.20152016301460393 -1.460355886371083 0.5916230907428216
v 0.20750055072501328 -1.4620078184440122 0.5916230907428216
v 0.20750055072501328 -1.4620079572822506 0.53566045118725203
v 0.19699604958931649 -1.4397762066431321 0.56376172720322404
v 0.19699618842755512 -1.4397762066431321 0.57767609547998233
v 0.23233865955382943 -1.4865419583041002 0.55746943938970417
v 0.1997080983881806 -1.4865419583041002 0.55746957822794274
v 0.19970795954994197 -1.4865419583041002 0.53905240819552869
v 0.23233865955382943 -1.4865419583041002 0.53905240819552869
v 0.23741206911552637 -1.559192711177589 0.47883382127260982
v 0.22891791096581432 -1.5212006337502799 0.55789011925279108
v 0.24051617974553727 -1.601566349868659 0.58317214599488709
v 0.23233865955382943 -1.4865419583041002 0.58317186831840973
v 0.20750055072501328 -1.4620078184440122 0.5916230907428216
v 0.22421662259323913 -1.4620078184440122 0.5916230907428216
v 0.22421646640022067 -1.4620079572822506 0.53566045118725203
v 0.20750055072501328 -1.4620079572822506 0.53566045118725203
v 0.24051617974553727 -1.6015664887068977 0.59162336841929886
v 0.22421662259323913 -1.4620078184440122 0.5916230907428216
v 0.20750055072501328 -1.4620078184440122 0.5916230907428216
v 0.23052675112042459 -1.460355886371083 0.59162295190458292
v 0.2314356209401385 -1.4493437579253494 0.54380012060414995
v 0.22687815162801719 -1.4485573087225587 0.54379998176591127
v 0.23505072570747337 -1.4397762066431321 0.56376144952674667
v 0.2314356209401385 -1.4493436190871107 0.59162295190458292
v 0.23505072570747337 -1.4397762066431321 0.57767609547998233
v 0.22687830782103566 -1.4485573087225587 0.5916230907428216
v 0.22421662259323913 -1.4620078184440122 0.5916230907428216
v 0.23052675112042459 -1.460355886371083 0.59162295190458292
v 0.23052675112042459 -1.4603560599188814 0.53566045118725203
v 0.22421646640022067 -1.4620079572822506 0.53566045118725203
v 0.23086143804945233 -1.4384022287239655 0.56376144952674667
v 0.23086143804945233 -1.4384020551761671 0.57767609547998233
v 0.23719164605690146 -1.5536445616136336 0.46031266139945243
v 0.21603110184802951 -1.6491325386849611 0.74485704983552292
v 0.21603037294727664 -1.6491328163614385 0.51671305792146194
v 0.21603139687928663 -1.644254318332016 0.8397778379924361
v 0.21603110184802951 -1.6446490354444767 0.75059120792969969
v 0.21603066797853376 -1.6893026062714158 -0.056765784056557148
v 0.21603066797853376 -1.70138555934224 -0.11988390346484708
v 0.21603066797853376 -1.6743850623013457 -0.13021603692726913
v 0.16980852008619077 -1.5308981723334265 -0.54822558946088185
v 0.16980852008619077 -1.5377022526041426 -0.53179908209412496
v 0.15339905511322721 -1.5377022526041426 -0.53179908209412496
v 0.16980838124795214 -1.5144718038049081 -0.55502953089335927
v 0.16980838124795214 -1.4980452964381512 -0.54822558946088185
v 0.16980852008619077 -1.4912413550056738 -0.53179922093236354
v 0.16980852008619077 -1.4980452964381512 -0.51537286975862506
v 0.16980852008619077 -1.5144718038049081 -0.50856878948790907
v 0.16980852008619077 -1.5308980334951878 -0.51537273092038649
v 0.16980852008619077 -1.5377022526041426 -0.53179908209412496
v 0.14878117381251654 -1.5415394985533055 -0.53179908209412496
v 0.14217130220549171 -1.5336115227407778 -0.55093880970738451
v 0.14217130220549171 -1.5415394985533055 -0.53179894325588628
v 0.14217115468986313 -1.5144718038049081 -0.55886693303554069
v 0.14217130220549171 -1.4953319460307999 -0.55093895722301311
v 0.14217130220549171 -1.4874039702182722 -0.53179908209412496
v 0.14217130220549171 -1.4953319460307999 -0.51265936315825522
v 0.14217144972112025 -1.5144718038049081 -0.50473123115270913
v 0.14217130220549171 -1.5336115227407778 -0.5126592069652367
v 0.14217130220549171 -1.5415394985533055 -0.53179894325588628
v 0.16980852008619077 -1.5377022526041426 -0.53179908209412496
v 0.18197048946958239 -1.5718512181667059 -0.26665633093112329
v 0.2056963478138531 -1.5632157226900556 -0.26665633093112329
v 0.16574095885389958 -1.5911927384824425 -0.26665633093112329
v 0.16135658611580589 -1.6160577645747756 -0.26665633093112329
v 0.16999211630201574 -1.6397836576286058 -0.26665633093112329
v 0.18933360190819276 -1.6560131535347289 -0.26665633093112329
v 0.24252535996127339 -1.5889953109698869 -0.26665633093112329
v 0.24956645446013215 -1.6083404410798283 -0.26665633093112329
v 0.22675514094857988 -1.5757624648970654 -0.26665633093112329
v 0.20648132186035834 -1.572187692638056 -0.26665633093112329
v 0.18713619175041699 -1.579228769782135 -0.26665633093112329
v 0.17390332832281558 -1.5949989887948286 -0.26665633093112329
v 0.17032855606380634 -1.6152728078830501 -0.26665633093112329
v 0.17736949436964664 -1.6346179727025512 -0.26665633093112329
v 0.19313986957535861 -1.6478506452275743 -0.26665633093112329
v 0.21341367130880032 -1.6514255910343818 -0.26665633093112329
v 0.23275866258050304 -1.6443844791807434 -0.26665633093112329
v 0.24599152600810445 -1.6286142601680498 -0.26665633093112329
v 0.17032855606380634 -1.6152728078830501 -0.20518400000370235
v 0.17032855606380634 -1.6152728078830501 -0.26665633093112329
v 0.24918022383500835 -1.4600950093206737 -0.64243096803689215
v 0.25449762424633976 -1.460094870482435 -0.61195168151618762
v 0.23465312770156072 -1.4897156616012306 -0.58821431695288939
v 0.23465312770156072 -1.460094870482435 -0.58821431695288939
v 0.23465312770156072 -1.460094870482435 -0.58821431695288939
v 0.20417384768889868 -1.460094870482435 -0.58289691654155795
v 0.18575402237517055 -1.460094870482435 -0.59353171736422083
v 0.17511923890728753 -1.4600950093206737 -0.61195139082362549
v 0.17511908271426904 -1.4600950093206737 -0.63322084061462758
v 0.18575374469869324 -1.4600950093206737 -0.65164080476659436
v 0.20417355265764156 -1.4600950093206737 -0.66227531164267384
v 0.22544285927171012 -1.4600950093206737 -0.66227545698895496
v 0.179317689889059 -1.5461384457892213 -0.66082501933322468
v 0.18530548809045588 -1.5458583743523195 -0.66285909714997493
v 0.17561086511032087 -1.5758139738836017 -0.65439726444704427
v 0.17086327418515837 -1.5655954101003893 -0.65464591722441068
v 0.20111938908398233 -1.556587932272856 -0.80112020475863432
v 0.20111938908398233 -1.556587932272856 -0.83804718463819683
v 0.19905429176763292 -1.5746647750727976 -0.80112020475863432
v 0.21603051178551527 -1.556587932272856 -0.80112020475863432
v 0.21603051178551527 -1.556587932272856 -0.83804718463819683
v 0.20111938908398233 -1.556587932272856 -0.86499683217418832
v 0.21603051178551527 -1.544404737993732 -0.85682965543125933
v 0.20661467598857453 -1.5480228972023169 -0.85913917746673896
v 0.20661467598857453 -1.5480228972023169 -0.83804718463819683
v 0.21603051178551527 -1.544404737993732 -0.83804718463819683
v 0.20111938908398233 -1.556587932272856 -0.90440570176250512
v 0.21603051178551527 -1.556587932272856 -0.90440570176250512
v 0.21603051178551527 -1.556587932272856 -0.86499683217418832
v 0.20111938908398233 -1.556587932272856 -0.93034908445437492
v 0.21603051178551527 -1.544404737993732 -0.9229830390579733
v 0.20661467598857453 -1.5480228972023169 -0.92522458242085759
v 0.20661467598857453 -1.5480228972023169 -0.90440570176250512
v 0.21603051178551527 -1.544404737993732 -0.90440570176250512
v 0.20111938908398233 -1.556587932272856 -0.97039647110220906
v 0.21603051178551527 -1.556587932272856 -0.97039647110220906
v 0.21603051178551527 -1.556587932272856 -0.93034908445437492
v 0.20111938908398233 -1.556587932272856 -1.1289050337191802
v 0.21603037294727664 -1.556587932272856 -1.1289050337191802
v 0.20111938908398233 -1.556587932272856 -0.99698593753760201
v 0.21603037294727664 -1.544404737993732 -0.98930707223475878
v 0.20661467598857453 -1.5480228972023169 -0.99142789574914336
v 0.20661467598857453 -1.5480228972023169 -0.97039647110220906
v 0.21603051178551527 -1.544404737993732 -0.97039647110220906
v 0.20111938908398233 -1.556587932272856 -1.0368999874119997
v 0.21603037294727664 -1.556587932272856 -1.0368999874119997
v 0.21603037294727664 -1.556587932272856 -0.99698593753760201
v 0.20111938908398233 -1.556587932272856 -1.0627961998122908
v 0.21603037294727664 -1.544404737993732 -1.0555456157661001
v 0.20661467598857453 -1.5480228972023169 -1.0577848335884872
v 0.20661467598857453 -1.5480228972023169 -1.0368999874119997
v 0.21603037294727664 -1.544404737993732 -1.0368999874119997
v 0.20111938908398233 -1.556587932272856 -1.1026924783921421
v 0.21603037294727664 -1.556587932272856 -1.1026924783921421
v 0.21603037294727664 -1.556587932272856 -1.0627961998122908
v 0.21603037294727664 -1.544404737993732 -1.1214359529949258
v 0.20661467598857453 -1.5480228972023169 -1.1236735394680089
v 0.20661467598857453 -1.5480228972023169 -1.1026924783921421
v 0.21603037294727664 -1.544404737993732 -1.1026924783921421
v 0.20111938908398233 -1.556587932272856 -0.86499683217418832
v 0.21603051178551527 -1.544404737993732 -0.85682965543125933
v 0.20111938908398233 -1.556587932272856 -0.93034908445437492
v 0.21603051178551527 -1.544404737993732 -0.9229830390579733
v 0.20111938908398233 -1.556587932272856 -0.99698593753760201
v 0.21603037294727664 -1.544404737993732 -0.98930707223475878
v 0.20111938908398233 -1.556587932272856 -1.0627961998122908
v 0.21603037294727664 -1.544404737993732 -1.0555456157661001
v 0.20111938908398233 -1.556587932272856 -1.1289050337191802
v 0.21603037294727664 -1.544404737993732 -1.1214359529949258
v 0.23094151300358942 -1.556587932272856 -0.83804718463819683
v 0.23094151300358942 -1.556587932272856 -0.80112020475863432
v 0.23300674915817748 -1.5746647750727976 -0.80112020475863432
v 0.23094151300358942 -1.556587932272856 -0.86499683217418832
v 0.22544634758245602 -1.5480228972023169 -0.83804718463819683
v 0.22544634758245602 -1.5480228972023169 -0.85913917746673896
v 0.23094151300358942 -1.556587932272856 -0.90440570176250512
v 0.23094151300358942 -1.556587932272856 -0.93034908445437492
v 0.22544620874421739 -1.5480228972023169 -0.90440570176250512
v 0.22544620874421739 -1.5480228972023169 -0.92522458242085759
v 0.23094151300358942 -1.556587932272856 -0.97039647110220906
v 0.23094151300358942 -1.556587932272856 -1.1289050337191802
v 0.23094151300358942 -1.556587932272856 -0.99698593753760201
v 0.22544620874421739 -1.5480228972023169 -0.97039647110220906
v 0.22544620874421739 -1.5480228972023169 -0.99142789574914336
v 0.23094151300358942 -1.556587932272856 -1.0368999874119997
v 0.23094151300358942 -1.556587932272856 -1.0627961998122908
v 0.22544620874421739 -1.5480228972023169 -1.0368999874119997
v 0.22544620874421739 -1.5480228972023169 -1.0577848335884872
v 0.23094151300358942 -1.556587932272856 -1.1026924783921421
v 0.22544620874421739 -1.5480228972023169 -1.1026924783921421
v 0.22544620874421739 -1.5480228972023169 -1.1236735394680089
v 0.21603051178551527 -1.544404737993732 -0.85682965543125933
v 0.23094151300358942 -1.556587932272856 -0.86499683217418832
v 0.21603051178551527 -1.544404737993732 -0.9229830390579733
v 0.23094151300358942 -1.556587932272856 -0.93034908445437492
v 0.21603037294727664 -1.544404737993732 -0.98930707223475878
v 0.23094151300358942 -1.556587932272856 -0.99698593753760201
v 0.21603037294727664 -1.544404737993732 -1.0555456157661001
v 0.23094151300358942 -1.556587932272856 -1.0627961998122908
v 0.21603037294727664 -1.544404737993732 -1.1214359529949258
v 0.23094151300358942 -1.556587932272856 -1.1289050337191802
v 0.19449697864853008 -1.7163355220410332 -0.85471433338208103
v 0.19449697864853008 -1.6743871448749252 -0.79518990294281533
v 0.19449697864853008 -1.8752073549094126 -1.2906814666686413
v 0.19449697864853008 -1.761917712427133 -1.0386236988543069
v 0.19449697864853008 -1.7624856302423004 -0.87260876009122601
v 0.23756390608426184 -1.761917712427133 -1.0386236988543069
v 0.23756390608426184 -1.7624856302423004 -0.87260876009122601
v 0.23756376724602321 -1.8752073549094126 -1.2906814666686413
v 0.23756390608426184 -1.7163355220410332 -0.85471433338208103
v 0.23756390608426184 -1.6743871448749252 -0.79518990294281533
v 0.24090430204166258 -1.7762415840887675 -1.0040126449239815
v 0.24090430204166258 -1.776241236993171 -0.89524114582272762
v 0.19115687772238646 -1.776241236993171 -0.89524114582272762
v 0.19115660004590918 -1.7762415840887675 -1.0040124713761831
v 0.19115687772238646 -1.7505178434904303 -0.89671415011560596
v 0.19115687772238646 -1.7383404804173292 -0.91149585822394419
v 0.19115687772238646 -1.776241236993171 -0.89524114582272762
v 0.19115630501465206 -1.8557189784467518 -1.0939512923063253
v 0.19115644385289071 -1.7383406192555679 -1.0168744110944712
v 0.19115630501465206 -1.7993453777048003 -1.093945183423825
v 0.19115630501465206 -1.8557189784467518 -1.0939512923063253
v 0.24090430204166258 -1.8557189784467518 -1.0939512923063253
v 0.24090430204166258 -1.7383404804173292 -0.91149601441696271
v 0.24090430204166258 -1.7505178434904303 -0.89671415011560596
v 0.24090430204166258 -1.776241236993171 -0.89524114582272762
v 0.24090430204166258 -1.8557189784467518 -1.0939512923063253
v 0.24090430204166258 -1.7993453777048003 -1.093945183423825
v 0.24090430204166258 -1.7383404804173292 -1.0168744110944712
v 0.18427418029903905 -1.6699330059219137 -0.88292444122236891
v 0.18427418029903905 -1.6974008324740788 -0.88292444122236891
v 0.18427418029903905 -1.6974008324740788 -0.85926277820869057
v 0.18427418029903905 -1.6699330059219137 -0.85926277820869057
v 0.24778670443375286 -1.6974008324740788 -0.88292444122236891
v 0.24778670443375286 -1.6974008324740788 -0.85926277820869057
v 0.24778670443375286 -1.6699330059219137 -0.88292444122236891
v 0.24778670443375286 -1.6699330059219137 -0.85926277820869057
v 0.20222580836250478 -1.7929584716316456 -0.94589728376869919
v 0.20459428458506804 -1.7929584716316456 -0.96305140763462216
v 0.21603037294727664 -1.7444601923002163 -0.96778851627276719
v 0.21603037294727664 -1.7929584716316456 -0.9677883774345285
v 0.21603037294727664 -1.7929584716316456 -0.9677883774345285
v 0.22983507637028713 -1.7929584716316456 -0.95733351096914643
v 0.22174856464400949 -1.7929583327934069 -0.93781061584940306
v 0.16062358963489246 -1.5951683020268532 -0.77379495640016516
v 0.16062358963489246 -1.5951683020268532 -0.8017326636162363
v 0.15205213329581616 -1.6271575693682119 -0.8017326636162363
v 0.15205213329581616 -1.6271575693682119 -0.77379495640016516
v 0.18404140063717495 -1.5717506298628092 -0.77379495640016516
v 0.18404124444415648 -1.5717506298628092 -0.8017326636162363
v 0.21603051178551527 -1.563179173523733 -0.77379495640016516
v 0.21603051178551527 -1.563179173523733 -0.8017326636162363
v 0.24801964028863543 -1.5717506298628092 -0.77379495640016516
v 0.24801964028863543 -1.5717506298628092 -0.8017326636162363
v 0.27143731245267932 -1.5951683020268532 -0.77379495640016516
v 0.27143731245267932 -1.5951683020268532 -0.8017326636162363
v 0.26986864861337623 -1.6490064041451544 -0.77379495640016516
v 0.26986864861337623 -1.6490064041451544 -0.8017326636162363
v 0.21603051178551527 -1.6911358263744523 -0.77379495640016516
v 0.21603051178551527 -1.6911358263744523 -0.8017326636162363
v 0.18404140063717495 -1.6825643700353761 -0.77379495640016516
v 0.18404140063717495 -1.6825643700353761 -0.8017326636162363
v 0.21603051178551527 -1.6911358263744523 -0.8017326636162363
v 0.21603051178551527 -1.6911358263744523 -0.77379495640016516
v 0.16062358963489246 -1.6591466631617724 -0.77379495640016516
v 0.16062358963489246 -1.6591466631617724 -0.8017326636162363
v 0.1661392684057853 -1.8552686566197147 -1.2992647242580022
v 0.182051432162711 -1.9352460074750508 -1.3108558428684349
v 0.182051432162711 -1.9295206656090278 -1.2678597229344108
v 0.1661392684057853 -1.8552686566197147 -1.2635000634027957
v 0.17875529089387759 -1.8335936473175527 -1.2121010367514073
v 0.1858731108743662 -1.9021494010518385 -1.2130192434426701
v 0.19464140512627801 -1.8080258220612111 -1.160095078739793
v 0.19819797222124522 -1.9703182820341467 -1.2940525979411215
v 0.19484973190336119 -1.9700966962052733 -1.3205783376249776
v 0.15487060160459981 -1.7311027041986535 -1.3083476606682376
v 0.15487060160459981 -1.7311027041986535 -1.2962043129636041
v 0.15716978019130057 -1.6256996984433456 -1.3345887125437572
v 0.15716978019130057 -1.6256996984433456 -1.3202267297856152
v 0.18300398396325784 -1.5725057710427863 -1.3487045351047859
v 0.18288968538329536 -1.5727058022351106 -1.3202166640133137
v 0.21603037294727664 -1.5332726186002514 -1.320215206211808
v 0.1661392684057853 -1.8552686566197147 -1.2635000634027957
v 0.21603037294727664 -1.8248165715470468 -1.2312444001910414
v 0.25000931373184226 -1.9352461463132895 -1.3108558428684349
v 0.26592147748876799 -1.8552686566197147 -1.2992647242580022
v 0.25000931373184226 -1.9295206656090278 -1.2678597229344108
v 0.24618763502018709 -1.9021495398900772 -1.2130192434426701
v 0.21603037294727664 -1.8080258220612111 -1.160095078739793
v 0.23386277367330807 -1.9703182820341467 -1.2940525979411215
v 0.2372110139911921 -1.970096835043512 -1.3205783376249776
v 0.21603037294727664 -1.9886932452420136 -1.30435953226323
v 0.27489094834847289 -1.6256996984433456 -1.3345887125437572
v 0.27719014428995348 -1.7311027041986535 -1.3083476606682376
v 0.24905676193129545 -1.5725057710427863 -1.3487045351047859
v 0.21603037294727664 -1.533309167766574 -1.3507032503882843
v 0.19464140512627801 -1.8080258220612111 -1.160095078739793
v 0.21603037294727664 -1.9884717982513787 -1.3257177821239288
v 0.23741934076827528 -1.8080258220612111 -1.160095078739793
v 0.26592147748876799 -1.8552687954579532 -1.2635000634027957
v 0.25330545500067569 -1.8335936473175527 -1.2121010367514073
v 0.23741934076827528 -1.8080258220612111 -1.160095078739793
v 0.27719014428995348 -1.7311027041986535 -1.2962043129636041
v 0.27489094834847289 -1.6256998372815843 -1.3202267297856152
v 0.24917104315647809 -1.5727058022351106 -1.3202166640133137
v 0.26592147748876799 -1.8552687954579532 -1.2635000634027957
v 0.20210671986330914 -1.5566006012621321 -1.1750481305893961
v 0.22995416486948281 -1.5566006012621321 -1.1750481305893961
v 0.21603037294727664 -1.5306802310083174 -1.1564263824123422
v 0.19443365105692922 -1.8832624024198579 -0.39540420554908673
v 0.19443307834919482 -1.8832626800963352 -0.55535679865400955
v 0.23518451370518534 -1.8832626800963352 -0.55535694616963815
v 0.23518508641291974 -1.8832624024198579 -0.39540420554908673
v 0.23518451370518534 -1.8688969487057498 -0.55484726231819137
v 0.19443365105692922 -1.8688964627719147 -0.39595712883448075
v 0.19443365105692922 -1.8729903859147681 -0.38756968522594537
v 0.19443365105692922 -1.8688964627719147 -0.39595712883448075
v 0.23518508641291974 -1.8688964627719147 -0.39595726767271938
v 0.23518508641291974 -1.8729903859147681 -0.40434441624999767
v 0.19443365105692922 -1.8729903859147681 -0.40434427741175905
v 0.23518451370518534 -1.8729907330103648 -0.54650349201309889
v 0.19443307834919482 -1.8729907330103648 -0.5465033444974704
v 0.23518508641291974 -1.8729903859147681 -0.38756998025720246
v 0.23518508641291974 -1.8688964627719147 -0.39595726767271938
v 0.19443307834919482 -1.8688969487057498 -0.55484726231819137
v 0.19443307834919482 -1.8729907330103648 -0.5465033444974704
v 0.19443307834919482 -1.8832626800963352 -0.55535679865400955
v 0.18670671301395603 -1.6062837955412563 1.3507032503882843
v 0.18670657417571737 -1.6062837955412563 0.82649587789269474
v 0.18217022563064955 -1.6232140080378084 0.82649587789269474
v 0.18217022563064955 -1.6232140080378084 1.3507032503882843
v 0.1991005943202202 -1.5938899489445517 1.3507032503882843
v 0.19910043812720174 -1.5938900877827904 0.82649587789269474
v 0.21603080681677239 -1.5893535830447041 1.3507032503882843
v 0.21603066797853376 -1.5893537218829428 0.82649587789269474
v 0.23296103666810442 -1.5938899489445517 1.3507032503882843
v 0.23296103666810442 -1.5938900877827904 0.82649587789269474
v 0.24762306621473276 -1.6147488323704131 1.3507032503882843
v 0.24762306621473276 -1.6147490059182112 0.82649587789269474
v 0.23915802938557601 -1.6463412653161718 1.3507032503882843
v 0.23915789054733735 -1.6463412653161718 0.82649587789269474
v 0.21603080681677239 -1.6570747801265093 1.3507032503882843
v 0.21603066797853376 -1.6570747801265093 0.82649587789269474
v 0.1991005943202202 -1.6525381018406249 1.3507032503882843
v 0.19910043812720174 -1.6525382406788633 0.82649587789269474
v 0.21603066797853376 -1.6570747801265093 0.82649587789269474
v 0.21603080681677239 -1.6570747801265093 1.3507032503882843
v 0.18670671301395603 -1.6401444287917186 1.3507032503882843
v 0.18670657417571737 -1.6401445676299573 0.82649587789269474
v 0.23173842713861795 -1.396028832999813 -0.62972933658924424
v 0.22848888345362894 -1.3884268146620584 -0.62972933658924424
v 0.20112796234521851 -1.3884266758238197 -0.62972933658924424
v 0.19787841866022951 -1.396028832999813 -0.62972933658924424
v 0.21989179410474327 -1.3889015720190967 -0.62972933658924424
v 0.22265670556297054 -1.383255888592495 -0.62972933658924424
v 0.21480835348030441 -1.3875396383171323 -0.62972933658924424
v 0.21480835348030441 -1.3814586623028267 -0.62972933658924424
v 0.20972505169410419 -1.3889015720190967 -0.62972933658924424
v 0.20696000139763826 -1.383255888592495 -0.62972933658924424
v 0.20600382244810689 -1.4027896998687517 -0.62972933658924424
v 0.23173842713861795 -1.412923988841108 -0.62972933658924424
v 0.19787841866022951 -1.412923988841108 -0.62972933658924424
v 0.20972505169410419 -1.406510911759969 -0.62972933658924424
v 0.22361304070552041 -1.4027896998687517 -0.62972933658924424
v 0.21989179410474327 -1.406510911759969 -0.62972933658924424
v 0.22361304070552041 -1.3926229227485529 -0.62972933658924424
v 0.2249750958909435 -1.397706241889533 -0.62972933658924424
v 0.20600382244810689 -1.3926230962963511 -0.62972933658924424
v 0.20464174990790396 -1.397706241889533 -0.62972933658924424
v 0.21480835348030441 -1.407872984300172 -0.62972933658924424
v 0.33625205249196127 -1.6205842035405602 -0.74564601114269424
v 0.33061844799212137 -1.6330068937813427 -0.73748160248714822
v 0.33303687127103632 -1.6330068937813427 -0.7465075674938958
v 0.33303687127103632 -1.6330068937813427 -0.7465075674938958
v 0.31825313265345789 -1.6437651912172782 -0.75046872223235228
v 0.29586209984505651 -1.6375539155160062 -0.75646861237659591
v 0.28583627824663965 -1.6205843423787989 -0.74948065387488272
v 0.28825470152555455 -1.6205843423787989 -0.75850661888163018
v 0.29147002158471819 -1.6081616868475759 -0.75764535322299087
v 0.28825470152555455 -1.6205843423787989 -0.75850661888163018
v 0.30025403926715621 -1.5990677127973683 -0.75529157649894385
v 0.31225337700875794 -1.5957391354450321 -0.75207638660062903
v 0.32425271475035961 -1.5990677127973683 -0.7488613442179427
v 0.33303687127103632 -1.6081616868475759 -0.7465075674938958
v 0.324534556374804 -1.6302138155154509 -0.73346789313667049
v 0.28982116130781921 -1.6205843423787989 -0.74276944770842857
v 0.3181551475665359 -1.6302138155154509 -0.70965904857394613
v 0.28344173514477128 -1.6205842035405602 -0.71896045563007571
v 0.21603051178551527 -1.4620842488943848 0.56411271027051246
v 0.21603051178551527 -1.4465297845045419 0.56411271027051246
v 0.18345381985645978 -1.4278611784219462 -0.62081445085080067
v 0.24616316478062633 -1.4278610395837075 -0.62081445085080067
v 0.25988111165926503 -1.5263783976030967 -0.62027433973161639
v 0.25988111165926503 -1.5099677872146642 -0.62027433973161639
v 0.2412865931317649 -1.4441272582039515 -0.13465292522912936
v 0.18958139345461009 -1.4441272582039515 -0.13465278639089073
v 0.18210675920081007 -1.49593231728425 -0.13465264755265208
v 0.247513297232306 -1.4441272582039515 -0.13465292522912936
v 0.247513297232306 -1.49593231728425 -0.13465292522912936
v 0.24751315839406735 -1.4798969866548686 -0.15994512187220589
v 0.24751315839406735 -1.4523807402669766 -0.15994512187220589
v 0.24751315839406735 -1.4175447683900504 -0.15559525043641487
v 0.24751315839406735 -1.4384824425163412 -0.17479644000244354
v 0.24751213446205736 -1.438483171417094 -0.51116771983183917
v 0.24751185678558008 -1.3841432037756596 -0.57879091447194264
v 0.24751315839406735 -1.4959324561224887 -0.17479626645464524
v 0.24751185678558008 -1.4505249936597204 -0.57879076695631404
v 0.2475119956238187 -1.4523813303294908 -0.52858039520767419
v 0.2475098089215601 -1.4588843398797104 -0.57896139047421591
v 0.2475119956238187 -1.4798977155556214 -0.52858039520767419
v 0.2412865931317649 -1.4441272582039515 -0.13465292522912936
v 0.247513297232306 -1.4441272582039515 -0.13465292522912936
v 0.24128645429352624 -1.4175447683900504 -0.15559525043641487
v 0.24128513533025914 -1.3841432037756596 -0.57879091447194264
v 0.18955853720957355 -1.4250473438393771 -0.16368774956173396
v 0.24130915434554431 -1.4250473438393771 -0.16368788839997261
v 0.24133041395083646 -1.4251018031384846 -0.57879076695631404
v 0.18953465703252703 -1.4251018031384846 -0.57879061944068555
v 0.24751156175432296 -1.4505017035451881 -0.67001127200181132
v 0.24751156175432296 -1.4907594821889052 -0.66626718217208258
v 0.23107792157305576 -1.4505015647069495 -0.67993999455616716
v 0.24751156175432296 -1.4505017035451881 -0.67001127200181132
v 0.24751156175432296 -1.5216348850511943 -0.69991914697323387
v 0.24751170059256161 -1.4959331850232416 -0.62027433973161639
v 0.24751185678558008 -1.4907593433506665 -0.57896124295858731
v 0.24751213446205736 -1.4959330461850029 -0.51116758099360049
v 0.24751185678558008 -1.4505249936597204 -0.57879076695631404
v 0.18210530139930434 -1.4505249936597204 -0.57879061944068555
v 0.24751185678558008 -1.5216347462129556 -0.62027433973161639
v 0.18210557907578162 -1.4959330461850029 -0.51116742480058197
v 0.24751213446205736 -1.438483171417094 -0.51116771983183917
v 0.18210557907578162 -1.438483171417094 -0.51116742480058197
v 0.18210557907578162 -1.438483171417094 -0.51116742480058197
v 0.24751315839406735 -1.4384824425163412 -0.17479644000244354
v 0.18210660300779161 -1.4384824425163412 -0.17479612761640662
v 0.18210660300779161 -1.4384824425163412 -0.17479612761640662
v 0.18210675920081007 -1.4523807402669766 -0.15994498303396723
v 0.18210675920081007 -1.479897125493107 -0.1599448441957286
v 0.18210660300779161 -1.4959324561224887 -0.17479598877816796
v 0.18210530139930434 -1.4907593433506665 -0.57896109544295882
v 0.24751185678558008 -1.4907593433506665 -0.57896124295858731
v 0.18210500636804722 -1.4907594821889052 -0.66626703682580146
v 0.25988270829900945 -1.5099669194756729 -0.13465292522912936
v 0.25988270829900945 -1.5263776687023438 -0.13465292522912936
v 0.24751185678558008 -1.5402757234860616 -0.62027433973161639
v 0.247513297232306 -1.54027485574707 -0.13465278639089073
v 0.16973589033260089 -1.5099677872146642 -0.6202741922159879
v 0.16973589033260089 -1.526378571150895 -0.62027404903905425
v 0.18210675920081007 -1.4441272582039515 -0.13465278639089073
v 0.18210675920081007 -1.4175449072282889 -0.15559497275993758
v 0.18210530139930434 -1.3841432037756596 -0.57879076695631404
v 0.18210530139930434 -1.4505249936597204 -0.57879061944068555
v 0.18210544023754296 -1.4523813303294908 -0.52858011753119694
v 0.18210733190854447 -1.4588843398797104 -0.57896124295858731
v 0.18210530139930434 -1.4907593433506665 -0.57896109544295882
v 0.18210557907578162 -1.4798977155556214 -0.52858011753119694
v 0.18210675920081007 -1.4441272582039515 -0.13465278639089073
v 0.18958139345461009 -1.4441272582039515 -0.13465278639089073
v 0.1895812372615916 -1.4175449072282889 -0.15559497275993758
v 0.18957993565310433 -1.3841432037756596 -0.57879076695631404
v 0.18210500636804722 -1.4505015647069495 -0.67001098076691235
v 0.19853878538755307 -1.4505017035451881 -0.67993984893871762
v 0.18210530139930434 -1.4959331850232416 -0.6202741922159879
v 0.18210675920081007 -1.54027485574707 -0.13465264755265208
v 0.18210530139930434 -1.5216347462129556 -0.6202741922159879
v 0.16973733077932679 -1.5099669194756729 -0.13465250871441345
v 0.16973733077932679 -1.5263776687023438 -0.13465250871441345
v 0.18210530139930434 -1.5402757234860616 -0.62027404903905425
v 0.21480835348030441 -1.4505017035451881 -0.68255654772992536
v 0.25122420038430426 -1.4505015647069495 -0.66642222760573921
v 0.25122420038430426 -1.3821746163899467 -0.64199436733265824
v 0.25122420038430426 -1.401493263105867 -0.66642222760573921
v 0.24120157206537615 -1.401493263105867 -0.66642222760573921
v 0.24120157206537615 -1.3821746163899467 -0.64199436733265824
v 0.17839250657630457 -1.4014934366536653 -0.66642208225945809
v 0.17839250657630457 -1.3821746163899467 -0.64199407664009611
v 0.18966306504849156 -1.3821746163899467 -0.64199422198637723
v 0.18966306504849156 -1.4014934366536653 -0.66642222760573921
v 0.25122449541556136 -1.3836134317665592 -0.57879091447194264
v 0.25122420038430426 -1.3793062183795912 -0.63251141626341867
v 0.24120157206537615 -1.3793062183795912 -0.63251141626341867
v 0.24120186709663327 -1.3836134317665592 -0.57879091447194264
v 0.17839250657630457 -1.3793062183795912 -0.63251127308648514
v 0.18966306504849156 -1.3793062183795912 -0.63251127308648514
v 0.18841527373347131 -1.4369259964420387 -0.66642208225945809
v 0.17839250657630457 -1.4505017035451881 -0.66642208225945809
v 0.24120157206537615 -1.4369261352802774 -0.66642222760573921
v 0.17839280160756169 -1.3836134317665592 -0.57879061944068555
v 0.18966306504849156 -1.3836134317665592 -0.57879076695631404
v 0.24120186709663327 -1.4369258576038 -0.57879076695631404
v 0.24120157206537615 -1.4369261352802774 -0.66642222760573921
v 0.18841527373347131 -1.4369259964420387 -0.66642208225945809
v 0.18966306504849156 -1.4369258576038 -0.57879076695631404
v 0.24120186709663327 -1.4369258576038 -0.57879076695631404
v 0.18966306504849156 -1.4369258576038 -0.57879076695631404
v 0.27370402024631757 -1.4239448640958761 -0.58990627782549698
v 0.25129363685840533 -1.4524290906835839 -0.61147897636186432
v 0.27370402024631757 -1.4524290906835839 -0.61147912387749281
v 0.27370402024631757 -1.4003478476370657 -0.59968068072851199
v 0.27370388140807889 -1.3905737050557481 -0.62327770586471232
v 0.27370388140807889 -1.4003479864753043 -0.64687458131593656
v 0.27370388140807889 -1.4239451417723534 -0.65664884104201804
v 0.27370388140807889 -1.4475420193929252 -0.64687458131593656
v 0.27370402024631757 -1.4524290906835839 -0.61147912387749281
v 0.179317689889059 -1.5461384457892213 -0.61203379131825986
v 0.18530548809045588 -1.5458583743523195 -0.61406772378872887
v 0.17561086511032087 -1.5758139738836017 -0.60560603643207944
v 0.17086327418515837 -1.5655954101003893 -0.60585469137879333
v 0.179317689889059 -1.5461384457892213 -0.53004685674855656
v 0.18530548809045588 -1.5458583743523195 -0.53208078488033073
v 0.17561086511032087 -1.5758139738836017 -0.52361909752368119
v 0.17086327418515837 -1.5655954101003893 -0.52386775680909003
v 0.16980852008619077 -1.5308981723334265 -0.18411078504693659
v 0.16980852008619077 -1.5377022526041426 -0.16768427768017963
v 0.15339905511322721 -1.5377022526041426 -0.16768427768017963
v 0.16980852008619077 -1.5144718038049081 -0.19091472647941399
v 0.16980852008619077 -1.4980452964381512 -0.18411078504693659
v 0.16980852008619077 -1.4912413550056738 -0.16768441651841828
v 0.16980867627920926 -1.4980452964381512 -0.15125808269945965
v 0.16980867627920926 -1.5144718038049081 -0.1444538288809453
v 0.16980867627920926 -1.5308980334951878 -0.15125794386122099
v 0.16980852008619077 -1.5377022526041426 -0.16768427768017963
v 0.14878117381251654 -1.5415394985533055 -0.16768427768017963
v 0.14217130220549171 -1.5336115227407778 -0.18682399661604934
v 0.14217130220549171 -1.5415394985533055 -0.167684138841941
v 0.14217130220549171 -1.5144718038049081 -0.19475214597637527
v 0.14217130220549171 -1.4953319460307999 -0.18682417016384764
v 0.14217130220549171 -1.4874039702182722 -0.16768427768017963
v 0.14217144972112025 -1.4953319460307999 -0.14854455874430994
v 0.14217144972112025 -1.5144718038049081 -0.14061644409354365
v 0.14217144972112025 -1.5336115227407778 -0.14854441990607131
v 0.14217130220549171 -1.5415394985533055 -0.167684138841941
v 0.16980852008619077 -1.5377022526041426 -0.16768427768017963
v 0.15785388825743202 -1.6964563853557129 0.30562520478640198
v 0.1610310798653084 -1.7114275208858991 0.29585501909488576
v 0.1357570883862739 -1.7056937793064382 0.30160625429241555
v 0.13697430057923313 -1.7262678013761645 0.32117821137473923
v 0.13681692743573179 -1.7106878601695308 0.29834695722116189
v 0.1359582823488468 -1.7214805894886496 0.32430228000155498
v 0.12841798628555878 -1.7226823732823395 0.32465354074532071
v 0.12644447014237398 -1.7118974883237041 0.30801030688804271
v 0.12750430919183187 -1.7168914997676774 0.30475114865502773
v 0.12947782533501667 -1.7276764541454321 0.32139438251230568
v 0.12647504058704509 -1.7021790892952016 0.29496263631601066
v 0.1268149773369715 -1.7071211752379225 0.29068627972758088
v 0.18696221008261801 -1.7599140683861627 0.45363495863546077
v 0.16315119183371993 -1.7430420985307211 0.37885217105981706
v 0.15542963377249411 -1.7182074780126508 0.32116613244797731
v 0.16376176769771028 -1.770677711094286 0.4541324160445171
v 0.17162582585612285 -1.7792350059330206 0.43567428873170344
v 0.17483840386007327 -1.7715658593068824 0.47306148266280634
v 0.19623582345884927 -1.7803616782396052 0.48140010727567906
v 0.19818327272272893 -1.7913253868496122 0.42986529682689834
v 0.16084821255023629 -1.7629197774145358 0.53755503779176861
v 0.16781506330098095 -1.7734530874847509 0.5200204624424053
v 0.1719319988818894 -1.7633254627478494 0.55649896010159261
v 0.19252070309535224 -1.7732249762586612 0.56569574386751498
v 0.1957760606315844 -1.7877226039759568 0.51649605375446361
v 0.18849068025183405 -1.7793890469587947 0.59459034157909063
v 0.16963950188542329 -1.7653078645383073 0.60052123345742381
v 0.16273905052230944 -1.7548342549107085 0.61799694139360273
v 0.17382281949918271 -1.75524014850138 0.63694086370342673
v 0.19441152371264558 -1.7651395925930726 0.6461376474693491
v 0.16873224606023357 -1.7717996629007566 0.45994321284642453
v 0.18307182379761458 -1.7809500052758531 0.47445527974053908
v 0.19673298583664847 -1.7958196500535915 0.45160347752764268
v 0.17696754031399656 -1.7828232107916187 0.432782565897256
v 0.15324692311323462 -1.7050002128852992 0.30726766114954357
v 0.17024294493490338 -1.695923593614922 0.30114461714892898
v 0.16218145880114107 -1.7625617830161959 0.5429912490258183
v 0.17733455919784818 -1.7708969366731027 0.55716343991173589
v 0.18959144187213184 -1.7872000168457063 0.5344935157914612
v 0.16877504294729515 -1.7752561102708826 0.51611341556876478
v 0.16508088715783317 -1.7541709552255935 0.62315450428269692
v 0.1783037021679128 -1.7620119141720521 0.63939135861546803
v 0.19211758626945355 -1.7803397417978997 0.61931090648411602
v 0.1738619718824799 -1.768998254340546 0.59805296725083623
v 0.27420730886139688 -1.6964563853557129 0.30562520478640198
v 0.2710301172535205 -1.7114275208858991 0.29585501909488576
v 0.29630423021601376 -1.7056937793064382 0.30160611545417693
v 0.29508703537783437 -1.7262678013761645 0.32117807253650055
v 0.29524440852133571 -1.7106878601695308 0.29834695722116189
v 0.29610291476998207 -1.7214805894886496 0.32430228000155498
v 0.30524634994270611 -1.7071211752379225 0.29068614088934219
v 0.30258350194466094 -1.7276764541454321 0.32139424367406705
v 0.30364335834889866 -1.7226823732823395 0.32465354074532071
v 0.30558629537002241 -1.7021790892952016 0.29496263631601066
v 0.26255968308783645 -1.7618521807784937 0.4606274076864551
v 0.28177234416333302 -1.741452470117383 0.38245995211006356
v 0.2888687657002908 -1.7162795008117409 0.32549531698621059
v 0.26332908989683396 -1.7717996629007566 0.45994321284642453
v 0.24898951215945295 -1.7809500052758531 0.47445527974053908
v 0.23532819392740056 -1.7958196500535915 0.45160347752764268
v 0.25509363945005248 -1.7828232107916187 0.432782565897256
v 0.26987985980114659 -1.7625617830161959 0.5429912490258183
v 0.25472677675921934 -1.7708969366731027 0.55716343991173589
v 0.24246989408493569 -1.7872000168457063 0.5344935157914612
v 0.26328629300977235 -1.7752561102708826 0.51611341556876478
v 0.26698044879923433 -1.7541709552255935 0.62315450428269692
v 0.25375777262739335 -1.7620119141720521 0.63939135861546803
v 0.23994374968761395 -1.7803397417978997 0.61931090648411602
v 0.25819934671980777 -1.768998254340546 0.59805296725083623
v 0.16383731305431168 -1.6953435968729926 -0.4005387560001259
v 0.16383731305431168 -1.6953435968729926 -0.39204373011142229
v 0.16383731305431168 -1.6748516976214234 -0.39204373011142229
v 0.16383731305431168 -1.6748516976214234 -0.4005387560001259
v 0.1842740414608004 -1.6699330059219137 -1.201891358615468
v 0.1842740414608004 -1.6974008324740788 -1.201891358615468
v 0.1842740414608004 -1.6974008324740788 -1.1782296782470099
v 0.1842740414608004 -1.6699330059219137 -1.1782296782470099
v 0.24778670443375286 -1.6974008324740788 -1.201891358615468
v 0.24778670443375286 -1.6974008324740788 -1.1782296782470099
v 0.24778670443375286 -1.6699330059219137 -1.201891358615468
v 0.24778670443375286 -1.6699330059219137 -1.1782296782470099
v 0.15815626058641569 -1.7336169258622318 0.3055902869693834
v 0.16355503756037149 -1.7386786903666624 0.3483683614496193
v 0.17795037620534732 -1.7028588413115955 0.33708879584670037
v 0.17128954228735072 -1.6993791385364969 0.27270346512476001
v 0.16884099111065037 -1.7542988252433833 0.41632551411799767
v 0.14862715014152245 -1.7640004248450103 0.31268249129484244
v 0.1962149977230529 -1.742851057114349 0.32034559845759975
v 0.17128954228735072 -1.6993791385364969 0.27270346512476001
v 0.1968709910458592 -1.7108480794969243 0.293368356821678
v 0.19404422715231665 -1.7692839140165533 0.33181794095487388
v 0.14862715014152245 -1.7640004248450103 0.31268249129484244
v 0.19418922633779898 -1.7684081918263153 0.36272610964148266
v 0.16884099111065037 -1.7542988252433833 0.41632551411799767
v 0.17749630574586678 -1.7600697060516812 0.45032935901161986
v 0.19404422715231665 -1.7692839140165533 0.33181794095487388
v 0.19795776471361373 -1.742851057114349 0.34192397634566651
v 0.1968709910458592 -1.7108480794969243 0.293368356821678
v 0.20054112782003602 -1.7108480794969243 0.31118296889838337
v 0.19418922633779898 -1.7684081918263153 0.36272610964148266
v 0.13649271411633163 -1.6685274075938963 -0.058491473943764957
v 0.12249525115374577 -1.6352651671519833 -0.058491473943764957
v 0.21603051178551527 -1.5022398078849013 -0.037130724994770423
v 0.21603051178551527 -1.5360349094867243 -0.058527433047573386
v 0.21603051178551527 -1.4979735170687731 -0.074762343645003587
v 0.17352742379169081 -1.7001686421805378 -0.058491473943764957
v 0.12870375876763476 -1.6123116659292813 -0.058491335105526315
v 0.16929200712888076 -1.5318138799363936 -0.072367800543135186
v 0.14637528068463912 -1.5609568592569008 -0.069831225923135454
v 0.13601738405155897 -1.5841337512055786 -0.063058835480389555
v 0.21603066797853376 -1.7702581419371082 0.77326446416770178
v 0.21603051178551527 -1.7123224027530697 -0.058491473943764957
v 0.15307993542170725 -1.5609568592569008 -0.05848758647308297
v 0.1815804755024556 -1.521264256373138 -0.054232749811642791
v 0.13601738405155897 -1.5841337512055786 -0.058481130494986086
v 0.12870375876763476 -1.6123116659292813 -0.058491335105526315
v 0.1859063105681816 -1.5210353815367357 -0.049641091583255741
v 0.1781504073976716 -1.5450259349829785 -0.058490779752571748
v 0.17724124254670057 -1.54470258072518 -0.040794180178712579
v 0.21603051178551527 -1.5360349094867243 -0.058527433047573386
v 0.15307993542170725 -1.5609568592569008 -0.05848758647308297
v 0.27390507537065184 -1.7336169258622318 0.3055902869693834
v 0.26077163747669829 -1.6993791385364969 0.27270346512476001
v 0.25411080355870175 -1.7028588413115955 0.33708879584670037
v 0.26850629839669604 -1.7386786903666624 0.3483683614496193
v 0.26305465876337708 -1.757742221819077 0.42521754795009969
v 0.28343416846076525 -1.7640004248450103 0.31268249129484244
v 0.23584618204099617 -1.742851057114349 0.32034559845759975
v 0.23519032755642849 -1.7108480794969243 0.293368356821678
v 0.26077163747669829 -1.6993791385364969 0.27270346512476001
v 0.23801710880475085 -1.7692839140165533 0.33181794095487388
v 0.28343416846076525 -1.7640004248450103 0.31268249129484244
v 0.23787195342625006 -1.7684081918263153 0.36272610964148266
v 0.26305465876337708 -1.757742221819077 0.42521754795009969
v 0.23801710880475085 -1.7692839140165533 0.33181794095487388
v 0.2341034150504353 -1.742851057114349 0.34192397634566651
v 0.23152019078225167 -1.7108480794969243 0.31118296889838337
v 0.23519032755642849 -1.7108480794969243 0.293368356821678
v 0.23787195342625006 -1.7684081918263153 0.36272610964148266
v 0.30956591993291338 -1.6352651671519833 -0.058491612782003599
v 0.28204021519001399 -1.6874221811672407 -0.058491473943764957
v 0.29970052591924795 -1.5982226044387511 -0.060775085292957942
v 0.2627691726351683 -1.5318138799363936 -0.072367800543135186
v 0.28568574288639142 -1.5609568592569008 -0.069831225923135454
v 0.27898108814932332 -1.5609568592569008 -0.05848758647308297
v 0.25048070426159347 -1.521264256373138 -0.054232749811642791
v 0.29604380438987998 -1.5841337512055786 -0.058481130494986086
v 0.29970052591924795 -1.5982226044387511 -0.060775085292957942
v 0.24615486919586743 -1.5210353815367357 -0.049641091583255741
v 0.25481993721734847 -1.54470258072518 -0.040794319016951221
v 0.25391077236637744 -1.5450259349829785 -0.058490779752571748
v 0.27898108814932332 -1.5609568592569008 -0.05848758647308297
v 0.24965263829676951 -1.9153034911337901 -1.1674000873755315
v 0.24965249945853088 -1.9035164023495132 -1.1821674083713904
v 0.25618638316206865 -1.8984778238309357 -1.1852215719450496
v 0.25618638316206865 -1.9188873225878706 -1.1612786400146613
v 0.1758745189255031 -1.918887183749632 -1.1612786400146613
v 0.18240824643602241 -1.9153036299720287 -1.1673999485372928
v 0.17587436273248463 -1.8984778238309357 -1.1852214331068109
v 0.18240824643602241 -1.9035164023495132 -1.1821674083713904
v 0.19832041019294813 -1.8891075616858295 -1.1911640915258692
v 0.23374033570160516 -1.889107700524068 -1.1911639526876305
v 0.19832041019294813 -1.8708979548201861 -1.201191370925792
v 0.23374033570160516 -1.8708979548201861 -1.2011915444735901
v 0.24965249945853088 -1.9035164023495132 -1.1821674083713904
v 0.24965263829676951 -1.894600557759484 -1.1701436003902279
v 0.18240824643602241 -1.894600349502126 -1.1701436003902279
v 0.18240824643602241 -1.9039485363672881 -1.1574268160504408
v 0.24965263829676951 -1.9039486752055268 -1.1574268160504408
v 0.24965263829676951 -1.894600557759484 -1.1701436003902279
v 0.25618638316206865 -1.8895621874982644 -1.1731979375116854
v 0.25618652200030728 -1.9075232739167378 -1.1508690695246364
v 0.1758745189255031 -1.9075232739167378 -1.1508690695246364
v 0.1758745189255031 -1.889562048660026 -1.1731976251256486
v 0.19832041019294813 -1.8799068904492251 -1.1787000621995309
v 0.19832041019294813 -1.859467124956266 -1.1899209686466234
v 0.23374033570160516 -1.8799070292874636 -1.1787003398760081
v 0.23374033570160516 -1.8594672637945047 -1.1899211074848619
vt 0.38155299425125122 0.27471500635147095
vt 0.45305201411247253 0.16800099611282349
vt 0.32308900356292725 0.12568497657775879
vt 0.027617000043392181 0.36013901233673096
vt 0.34882000088691711 0.11627197265625
vt 0.3459320068359375 0.13651198148727417
vt 0.58083200454711914 0.6140730082988739
vt 0.065595999360084534 0.17212098836898804
vt 0.063217997550964355 0.17528897523880005
vt 0.57651299238204956 0.61365801095962524
vt 0.19173699617385864 0.13457697629928589
vt 0.044339001178741455 0.13231498003005981
vt 0.19221900403499603 0.12586599588394165
vt 0.57424598932266235 0.63278400897979736
vt 0.065310999751091003 0.19632697105407715
vt 0.34482100605964661 0.23575997352600098
vt 0.53395199775695801 0.64169299602508545
vt 0.59504002332687378 0.62760800123214722
vt 0.031252000480890274 0.1516609787940979
vt 0.040692999958992004 0.15060597658157349
vt 0.048011001199483871 0.12063002586364746
vt 0.072434999048709869 0.11236697435379028
vt 0.62120002508163452 0.62593299150466919
vt 0.59347802400588989 0.60643100738525391
vt 0.61991000175476074 0.60537400841712952
vt 0.01421700045466423 0.15161502361297607
vt 0.033282000571489334 0.13509601354598999
vt 0.014394000172615051 0.12848097085952759
vt 0.19084100425243378 0.19837898015975952
vt 0.19106000661849976 0.17418801784515381
vt 0.32152199745178223 0.17431598901748657
vt 0.34506899118423462 0.19847398996353149
vt 0.32232999801635742 0.11579298973083496
vt 0.027503000572323799 0.30917602777481079
vt 0.026260999962687492 0.48597598075866699
vt 0.0055379997938871384 0.48858600854873657
vt 0.027503000572323799 0.32182997465133667
vt 0.20956499874591827 0.056775987148284912
vt 0.042332001030445099 0.087264001369476318
vt 0.027184000238776207 0.081296026706695557
vt 0.514382004737854 0.46184700727462769
vt 0.49462398886680603 0.44754397869110107
vt 0.043476998805999756 0.070792019367218018
vt 0.58059298992156982 0.4719269871711731
vt 0.56845599412918091 0.46780401468276978
vt 0.58847802877426147 0.48288702964782715
vt 0.18678699433803558 0.11535000801086426
vt 0.14223699271678925 0.06045299768447876
vt 0.18561699986457825 0.06176602840423584
vt 0.19528700411319733 0.012826979160308838
vt 0.19811800122261047 0.0574989914894104
vt 0.36645200848579407 0.033464014530181885
vt 0.35607698559761047 0.0097420215606689453
vt 0.35537898540496826 0.0054500102996826172
vt 0.3694939911365509 0.021018028259277344
vt 0.36140099167823792 0.13025599718093872
vt 0.36140099167823792 0.14959597587585449
vt 0.35617798566818237 0.15958899259567261
vt 0.36675000190734863 0.16764098405838013
vt 0.37029200792312622 0.18983602523803711
vt 0.35218700766563416 0.15526098012924194
vt 0.58314400911331177 0.55347800254821777
vt 0.59150099754333496 0.54749700427055359
vt 0.59862500429153442 0.53701001405715942
vt 0.59949898719787598 0.5154779851436615
vt 0.209524005651474 0.0033389925956726074
vt 0.23619599640369415 0.37419897317886353
vt 0.3668380081653595 0.18568402528762817
vt 0.35440999269485474 0.14589202404022217
vt 0.35912299156188965 0.14590698480606079
vt 0.33922800421714783 0.39210498332977295
vt 0.027503000572323799 0.33978599309921265
vt 0.592631995677948 0.1935889720916748
vt 0.49988999962806702 0.65638399124145508
vt 0.35333600640296936 0.22979998588562012
vt 0.35332900285720825 0.20885902643203735
vt 0.49989399313926697 0.64168798923492432
vt 0.51735901832580566 0.64169299602508545
vt 0.56328999996185303 0.56151598691940308
vt 0.010683000087738037 0.51785001158714294
vt 0.041018001735210419 0.52043101191520691
vt 0.32580199837684631 0.4355120062828064
vt 0.25780200958251953 0.4356200098991394
vt 0.39197900891304016 0.050306022167205811
vt 0.34618601202964783 0.42426902055740356
vt 0.38192400336265564 0.021000027656555176
vt 0.38512200117111206 0.033464014530181885
vt 0.21401999890804291 0.34669500589370728
vt 0.026215000078082085 0.38203102350234985
vt 0.40200099349021912 0.26089400053024292
vt 0.19141300022602081 0.15293502807617188
vt 0.0042400001548230648 0.65638399124145508
vt 0.20392400026321411 0.2029380202293396
vt 0.0042400001548230648 0.52125799655914307
vt 0.038091998547315598 0.37727600336074829
vt 0.040954001247882843 0.52687999606132507
vt 0.0042400001548230648 0.5426659882068634
vt 0.53533798456192017 0.61782601475715637
vt 0.44774800539016724 0.53102099895477295
vt 0.46873798966407776 0.54692500829696655
vt 0.24394899606704712 0.52792999148368835
vt 0.34480899572372437 0.20290499925613403
vt 0.43777599930763245 0.65638399124145508
vt 0.44137299060821533 0.6416890025138855
vt 0.46583199501037598 0.64168199896812439
vt 0.57446402311325073 0.62220200896263123
vt 0.065394997596740723 0.1844789981842041
vt 0.43776699900627136 0.63905000686645508
vt 0.53538602590560913 0.62383800745010376
vt 0.46985799074172974 0.61638200283050537
vt 0.49251100420951843 0.58781701326370239
vt 0.49289599061012268 0.60929399728775024
vt 0.43067198991775513 0.52165800333023071
vt 0.4714449942111969 0.53567099571228027
vt 0.59202498197555542 0.56459298729896545
vt 0.51854801177978516 0.60893100500106812
vt 0.61962801218032837 0.56364798545837402
vt 0.51867097616195679 0.58862298727035522
vt 0.48912999033927917 0.56235200166702271
vt 0.51931500434875488 0.54392299056053162
vt 0.51865500211715698 0.56355699896812439
vt 0.25268098711967468 0.5182659924030304
vt 0.24333499372005463 0.45971202850341797
vt 0.25375500321388245 0.45525002479553223
vt 0.24041500687599182 0.62739399075508118
vt 0.0042400001548230648 0.62771999835968018
vt 0.0042400001548230648 0.59351000189781189
vt 0.21829499304294586 0.44788497686386108
vt 0.21351400017738342 0.43027198314666748
vt 0.22233399748802185 0.42848098278045654
vt 0.2359129935503006 0.44976997375488281
vt 0.24365900456905365 0.44114798307418823
vt 0.22543999552726746 0.43893098831176758
vt 0.49408501386642456 0.49783599376678467
vt 0.46475300192832947 0.47573798894882202
vt 0.39558300375938416 0.13008099794387817
vt 0.50406497716903687 0.4798930287361145
vt 0.47951799631118774 0.46213001012802124
vt 0.55637699365615845 0.4720960259437561
vt 0.46390300989151001 0.43370801210403442
vt 0.4439769983291626 0.43351399898529053
vt 0.54864501953125 0.48316198587417603
vt 0.23121200501918793 0.35977399349212646
vt 0.22908599674701691 0.42688000202178955
vt 0.38995799422264099 0.13025599718093872
vt 0.45609501004219055 0.39778399467468262
vt 0.37370601296424866 0.34729999303817749
vt 0.37292000651359558 0.4322509765625
vt 0.38509801030158997 0.013369977474212646
vt 0.38510900735855103 0.020995020866394043
vt 0.38935500383377075 0.033464014530181885
vt 0.39041799306869507 0.027188003063201904
vt 0.390951007604599 0.023411989212036133
vt 0.39514300227165222 0.010914981365203857
vt 0.39591500163078308 0.0066360235214233398
vt 0.38995799422264099 0.14959597587585449
vt 0.39942499995231628 0.15489101409912109
vt 0.39525300264358521 0.15938502550125122
vt 0.38135999441146851 0.18991297483444214
vt 0.38489800691604614 0.16764098405838013
vt 0.54649502038955688 0.54779499769210815
vt 0.55524897575378418 0.55385100841522217
vt 0.53923499584197998 0.53740799427032471
vt 0.53970098495483398 0.50972199440002441
vt 0.53644800186157227 0.52207300066947937
vt 0.40336298942565918 0.34681099653244019
vt 0.55695301294326782 0.18557101488113403
vt 0.41527000069618225 0.32473897933959961
vt 0.38489198684692383 0.18558198213577271
vt 0.39713999629020691 0.14512801170349121
vt 0.23124100267887115 0.34479200839996338
vt 0.24019700288772583 0.34475702047348022
vt 0.47723600268363953 0.19363898038864136
vt 0.43681898713111877 0.2846829891204834
vt 0.34503999352455139 0.17452198266983032
vt 0.48242700099945068 0.64168301224708557
vt 0.56905597448348999 0.55662199854850769
vt 0.0042400001548230648 0.57399299740791321
vt 0.32178300619125366 0.15371400117874146
vt 0.34533798694610596 0.15394502878189087
vt 0.32245901226997375 0.13499701023101807
vt 0.11125300079584122 0.62843000888824463
vt 0.10102400183677673 0.61215999722480774
vt 0.089207999408245087 0.5741649866104126
vt 0.091107003390789032 0.55789700150489807
vt 0.10766100138425827 0.53098198771476746
vt 0.3063029944896698 0.52675899863243103
vt 0.29148301482200623 0.62661498785018921
vt 0.288673996925354 0.5954819917678833
vt 0.28832700848579407 0.58559399843215942
vt 0.28744098544120789 0.54313600063323975
vt 0.29274600744247437 0.58586001396179199
vt 0.27742499113082886 0.58104801177978516
vt 0.27522501349449158 0.5970819890499115
vt 0.31566700339317322 0.62779399752616882
vt 0.31221500039100647 0.59571701288223267
vt 0.31108298897743225 0.581045001745224
vt 0.30678099393844604 0.59571999311447144
vt 0.30390799045562744 0.59681999683380127
vt 0.30118098855018616 0.59468600153923035
vt 0.29639101028442383 0.5759899914264679
vt 0.30096900463104248 0.54493099451065063
vt 0.30461600422859192 0.53938600420951843
vt 0.47839099168777466 0.60248398780822754
vt 0.0042400001548230648 0.61296901106834412
vt 0.092904999852180481 0.59403699636459351
vt 0.28917700052261353 0.61577001214027405
vt 0.29798701405525208 0.59649801254272461
vt 0.31390100717544556 0.6149120032787323
vt 0.0042400001548230648 0.55768799781799316
vt 0.47347399592399597 0.56205099821090698
vt 0.096608996391296387 0.54346498847007751
vt 0.29660099744796753 0.56001299619674683
vt 0.31535100936889648 0.56161400675773621
vt 0.32096299529075623 0.54575300216674805
vt 0.32496199011802673 0.53191399574279785
vt 0.48660299181938171 0.5865899920463562
vt 0.24378499388694763 0.53491601347923279
vt 0.24016200006008148 0.62336799502372742
vt 0.11551699787378311 0.62311100959777832
vt 0.10579899698495865 0.60938999056816101
vt 0.095545001327991486 0.57555100321769714
vt 0.097272999584674835 0.56164100766181946
vt 0.1128930002450943 0.53624498844146729
vt 0.28942999243736267 0.54010400176048279
vt 0.28493699431419373 0.62134701013565063
vt 0.28299599885940552 0.59576201438903809
vt 0.28337100148200989 0.5830560028553009
vt 0.28965801000595093 0.54520699381828308
vt 0.28765299916267395 0.54838201403617859
vt 0.27988499402999878 0.58423000574111938
vt 0.2791450023651123 0.60121598839759827
vt 0.31300899386405945 0.62715798616409302
vt 0.30920401215553284 0.59600800275802612
vt 0.29096299409866333 0.5613740086555481
vt 0.28911200165748596 0.57507500052452087
vt 0.30386701226234436 0.60227799415588379
vt 0.29860401153564453 0.59698399901390076
vt 0.29229500889778137 0.5761449933052063
vt 0.29377299547195435 0.54818201065063477
vt 0.29412400722503662 0.54428198933601379
vt 0.098281003534793854 0.59375900030136108
vt 0.28444400429725647 0.61544999480247498
vt 0.28343600034713745 0.56143999099731445
vt 0.31041499972343445 0.61473599076271057
vt 0.1018889993429184 0.54947599768638611
vt 0.29185500741004944 0.55910700559616089
vt 0.29935300350189209 0.53546398878097534
vt 0.44241800904273987 0.61333999037742615
vt 0.45194900035858154 0.59576299786567688
vt 0.46261098980903625 0.58114099502563477
vt 0.56461101770401001 0.61817899346351624
vt 0.5787619948387146 0.58741301298141479
vt 0.55091398954391479 0.5563490092754364
vt 0.53692901134490967 0.57706400752067566
vt 0.47495898604393005 0.58144998550415039
vt 0.46620899438858032 0.5975939929485321
vt 0.45827201008796692 0.61149001121520996
vt 0.46350398659706116 0.15546602010726929
vt 0.45305201411247253 0.16800099611282349
vt 0.48536801338195801 0.42889201641082764
vt 0.48568901419639587 0.40675902366638184
vt 0.36866798996925354 0.33816301822662354
vt 0.61988300085067749 0.20576399564743042
vt 0.44104799628257751 0.18689697980880737
vt 0.39455199241638184 0.28842300176620483
vt 0.592631995677948 0.1935889720916748
vt 0.35141101479530334 0.39667600393295288
vt 0.34618601202964783 0.42426902055740356
vt 0.50077497959136963 0.17315202951431274
vt 0.46390300989151001 0.43370801210403442
vt 0.4439769983291626 0.43351399898529053
vt 0.45609501004219055 0.39778399467468262
vt 0.37370601296424866 0.34729999303817749
vt 0.37292098999023438 0.4322509765625
vt 0.36677899956703186 0.34726399183273315
vt 0.34686499834060669 0.34632301330566406
vt 0.34469300508499146 0.36777400970458984
vt 0.33453500270843506 0.35949802398681641
vt 0.33403199911117554 0.35197800397872925
vt 0.40336298942565918 0.34681099653244019
vt 0.55695301294326782 0.18557101488113403
vt 0.4260450005531311 0.3047109842300415
vt 0.47723600268363953 0.19363898038864136
vt 0.4414060115814209 0.16471397876739502
vt 0.45099499821662903 0.14773201942443848
vt 0.32384198904037476 0.36417901515960693
vt 0.25484201312065125 0.34136098623275757
vt 0.32384198904037476 0.34136098623275757
vt 0.25484201312065125 0.36417901515960693
vt 0.32856899499893188 0.36913102865219116
vt 0.25014799833297729 0.33461201190948486
vt 0.32856899499893188 0.33679801225662231
vt 0.25014799833297729 0.36694502830505371
vt 0.41743698716163635 0.15549999475479126
vt 0.40400400757789612 0.15549999475479126
vt 0.43859699368476868 0.15549999475479126
vt 0.42517000436782837 0.15549999475479126
vt 0.43859699368476868 0.1745150089263916
vt 0.40400400757789612 0.1745150089263916
vt 0.41743698716163635 0.1745150089263916
vt 0.42517000436782837 0.1745150089263916
vt 0.42517000436782837 0.1652519702911377
vt 0.41743698716163635 0.16481399536132812
vt 0.0049319998361170292 0.81958900392055511
vt 0.015364999882876873 0.82523199915885925
vt 0.57569599151611328 0.67802000045776367
vt 0.58467197418212891 0.67503100633621216
vt 0.53776997327804565 0.65367999672889709
vt 0.54047602415084839 0.63410601019859314
vt 0.53746497631072998 0.68695399165153503
vt 0.57761299610137939 0.652538001537323
vt 0.0056199999526143074 0.8034680038690567
vt 0.0023189999628812075 0.81142899394035339
vt 0.59079200029373169 0.66933798789978027
vt 0.59127199649810791 0.66346800327301025
vt 0.58546501398086548 0.65860000252723694
vt 0.20621199905872345 0.83840300142765045
vt 0.3232719898223877 0.83840300142765045
vt 0.3232719898223877 0.86131499707698822
vt 0.20621199905872345 0.86131499707698822
vt 0.10321500152349472 0.051182985305786133
vt 0.10883700102567673 0.041608989238739014
vt 0.060141000896692276 0.038020014762878418
vt 0.058641001582145691 0.038942992687225342
vt 0.050606999546289444 0.030065000057220459
vt 0.05909699946641922 0.030318021774291992
vt 0.083627998828887939 0.015774011611938477
vt 0.079483002424240112 0.022181987762451172
vt 0.074952997267246246 0.018644988536834717
vt 0.081623002886772156 0.014204025268554688
vt 0.10155899822711945 0.036122977733612061
vt 0.096446000039577484 0.037701010704040527
vt 0.078511998057365417 0.004382014274597168
vt 0.0058120000176131725 0.0058550238609313965
vt 0.068783000111579895 0.054759979248046875
vt 0.092129997909069061 0.004414975643157959
vt 0.0971670001745224 0.013791024684906006
vt 0.082999996840953827 0.009895026683807373
vt 0.13922600448131561 0.026037991046905518
vt 0.18741799890995026 0.029576003551483154
vt 0.18529100716114044 0.021831989288330078
vt 0.15043500065803528 0.026117980480194092
vt 0.18274800479412079 0.013581991195678711
vt 0.099578000605106354 0.022041022777557373
vt 0.18643699586391449 0.018525004386901855
vt 0.18945799767971039 0.017409026622772217
vt 0.18832799792289734 0.014814019203186035
vt 0.18810400366783142 0.012158989906311035
vt 0.18558299541473389 0.015641987323760986
vt 0.11222600191831589 0.035028994083404541
vt 0.18229000270366669 0.04000699520111084
vt 0.1783829927444458 0.034721970558166504
vt 0.11072999984025955 0.03614199161529541
vt 0.18011100590229034 0.027333974838256836
vt 0.10634899884462357 0.029653012752532959
vt 0.18361799418926239 0.0047529935836791992
vt 0.17566199600696564 0.024236977100372314
vt 0.10945799946784973 0.023478984832763672
vt 0.092949002981185913 0.28877401351928711
vt 0.14212800562381744 0.28903001546859741
vt 0.092730000615119934 0.34857600927352905
vt 0.093731999397277832 0.30630302429199219
vt 0.14255200326442719 0.3160560131072998
vt 0.092238999903202057 0.31579297780990601
vt 0.1411609947681427 0.30655002593994141
vt 0.14171500504016876 0.34883302450180054
vt 0.081137001514434814 0.29019200801849365
vt 0.15392500162124634 0.29057401418685913
vt 0.086101002991199493 0.35449600219726562
vt 0.084261000156402588 0.31246501207351685
vt 0.15056499838829041 0.31281298398971558
vt 0.14827999472618103 0.35482197999954224
vt 0.16207100450992584 0.31229597330093384
vt 0.18830299377441406 0.31253200769424438
vt 0.16107200086116791 0.33650398254394531
vt 0.18885800242424011 0.33673697710037231
vt 0.16939100623130798 0.34154701232910156
vt 0.16824600100517273 0.30284899473190308
vt 0.15389999747276306 0.31048101186752319
vt 0.19651100039482117 0.31088000535964966
vt 0.15758700668811798 0.34587901830673218
vt 0.19214500486850739 0.34616398811340332
vt 0.16791300475597382 0.34997302293777466
vt 0.19197200238704681 0.30045199394226074
vt 0.1801609992980957 0.34169197082519531
vt 0.1823589950799942 0.30306899547576904
vt 0.18145300447940826 0.35014498233795166
vt 0.15869100391864777 0.30003702640533447
vt 0.17002899944782257 0.27863198518753052
vt 0.18853199481964111 0.27550500631332397
vt 0.18107399344444275 0.27882397174835205
vt 0.16265499591827393 0.27514797449111938
vt 0.16906599700450897 0.25726401805877686
vt 0.18898099660873413 0.2596290111541748
vt 0.18253800272941589 0.25750201940536499
vt 0.16257199645042419 0.25923299789428711
vt 0.16985900700092316 0.24139702320098877
vt 0.18230800330638885 0.23657900094985962
vt 0.18212899565696716 0.24162298440933228
vt 0.16983099281787872 0.23634898662567139
vt 0.64205002784729004 0.49257999658584595
vt 0.85908997058868408 0.49257999658584595
vt 0.64205002784729004 0.50558900833129883
vt 0.85908997058868408 0.51418000459671021
vt 0.64205002784729004 0.54512399435043335
vt 0.85908997058868408 0.54512301087379456
vt 0.64205002784729004 0.51418000459671021
vt 0.85908997058868408 0.50558900833129883
vt 0.21626900136470795 0.27268701791763306
vt 0.23968799412250519 0.27263301610946655
vt 0.21682299673557281 0.32537698745727539
vt 0.21785199642181396 0.29179900884628296
vt 0.2403859943151474 0.30195999145507812
vt 0.21570399403572083 0.30201500654220581
vt 0.23819200694561005 0.29175299406051636
vt 0.23936900496482849 0.32532697916030884
vt 0.19269600510597229 0.27714097499847412
vt 0.26328200101852417 0.27698099613189697
vt 0.20167499780654907 0.32882601022720337
vt 0.19761200249195099 0.3009369969367981
vt 0.25847199559211731 0.30080097913742065
vt 0.25453299283981323 0.32870900630950928
vt 0.30643698573112488 0.13235098123550415
vt 0.31016701459884644 0.14313000440597534
vt 0.30460500717163086 0.14335501194000244
vt 0.30239701271057129 0.13125902414321899
vt 0.30643698573112488 0.13235098123550415
vt 0.30239701271057129 0.13125902414321899
vt 0.30329498648643494 0.15389901399612427
vt 0.2942039966583252 0.17065298557281494
vt 0.2942039966583252 0.17065298557281494
vt 0.31050300598144531 0.15686202049255371
vt 0.31075099110603333 0.16993200778961182
vt 0.31016600131988525 0.14313000440597534
vt 0.30460500717163086 0.14335501194000244
vt 0.30329498648643494 0.15389901399612427
vt 0.31050300598144531 0.15686202049255371
vt 0.31075099110603333 0.16993200778961182
vt 0.27454298734664917 0.27437597513198853
vt 0.31512001156806946 0.27413499355316162
vt 0.27483099699020386 0.30279302597045898
vt 0.3151710033416748 0.30255502462387085
vt 0.290802001953125 0.31975799798965454
vt 0.2993989884853363 0.31970500946044922
vt 0.28419101238250732 0.25753498077392578
vt 0.30527201294898987 0.25740998983383179
vt 0.26520800590515137 0.27266901731491089
vt 0.32443401217460632 0.27231699228286743
vt 0.26624199748039246 0.3057209849357605
vt 0.32379299402236938 0.30538201332092285
vt 0.29130101203918457 0.32994002103805542
vt 0.29902800917625427 0.32989102602005005
vt 0.2845270037651062 0.24734902381896973
vt 0.30481499433517456 0.24722802639007568
vt 0.35375499725341797 0.30677801370620728
vt 0.34167000651359558 0.30677801370620728
vt 0.34167799353599548 0.27244400978088379
vt 0.35374599695205688 0.27244400978088379
vt 0.36759299039840698 0.3333590030670166
vt 0.32783499360084534 0.33336001634597778
vt 0.34167799353599548 0.25861400365829468
vt 0.367576003074646 0.27244001626968384
vt 0.94866400957107544 0.46396702527999878
vt 0.87153398990631104 0.42637097835540771
vt 0.87567400932312012 0.35957002639770508
vt 0.99722599983215332 0.61786800622940063
vt 0.96728301048278809 0.48159497976303101
vt 0.98617899417877197 0.4281420111656189
vt 0.97271901369094849 0.43581998348236084
vt 0.96469897031784058 0.37351399660110474
vt 0.96288597583770752 0.43581998348236084
vt 0.95303201675415039 0.4281420111656189
vt 0.94467300176620483 0.4816020131111145
vt 0.96294099092483521 0.38252902030944824
vt 0.9680820107460022 0.46396100521087646
vt 0.99405002593994141 0.48404401540756226
vt 0.96463102102279663 0.27092099189758301
vt 0.96863400936126709 0.35002601146697998
vt 0.9892280101776123 0.61248999834060669
vt 0.98929899930953979 0.59856900572776794
vt 0.98921799659729004 0.57591500878334045
vt 0.98931902647018433 0.56630000472068787
vt 0.96081501245498657 0.46396398544311523
vt 0.97490400075912476 0.59856998920440674
vt 0.98365801572799683 0.34921902418136597
vt 0.95303601026535034 0.41969400644302368
vt 0.98877197504043579 0.37417000532150269
vt 0.98617899417877197 0.4281420111656189
vt 0.95303201675415039 0.4281420111656189
vt 0.9904710054397583 0.3831779956817627
vt 0.94866400957107544 0.46396702527999878
vt 0.94467097520828247 0.47637802362442017
vt 0.94465601444244385 0.40944898128509521
vt 0.9486510157585144 0.40944802761077881
vt 0.96728301048278809 0.48159497976303101
vt 0.957846999168396 0.48643398284912109
vt 0.94467300176620483 0.4816020131111145
vt 0.95126801729202271 0.48643499612808228
vt 0.9680820107460022 0.46396100521087646
vt 0.98837900161743164 0.42952102422714233
vt 0.99713701009750366 0.43214297294616699
vt 0.97113001346588135 0.47636997699737549
vt 0.9528539776802063 0.44501501321792603
vt 0.96061301231384277 0.44749802350997925
vt 0.96081501245498657 0.46396398544311523
vt 0.99193799495697021 0.41969799995422363
vt 0.95303601026535034 0.41969400644302368
vt 0.75748699903488159 0.34212601184844971
vt 0.75748699903488159 0.35176801681518555
vt 0.65589499473571777 0.34212601184844971
vt 0.65589499473571777 0.35176801681518555
vt 0.75748699903488159 0.3646090030670166
vt 0.65589499473571777 0.3646090030670166
vt 0.75748699903488159 0.31002497673034668
vt 0.65589499473571777 0.31002497673034668
vt 0.75748699903488159 0.31642997264862061
vt 0.65589499473571777 0.31642997264862061
vt 0.75748699903488159 0.32284599542617798
vt 0.65589499473571777 0.32284599542617798
vt 0.75748699903488159 0.32926899194717407
vt 0.65589499473571777 0.32926899194717407
vt 0.75748699903488159 0.3356969952583313
vt 0.65589499473571777 0.3356969952583313
vt 0.65271300077438354 0.35176801681518555
vt 0.61304700374603271 0.34212601184844971
vt 0.65271300077438354 0.34212601184844971
vt 0.61304700374603271 0.35176801681518555
vt 0.65271300077438354 0.3646090030670166
vt 0.61304700374603271 0.3646090030670166
vt 0.65271300077438354 0.31002497673034668
vt 0.61304700374603271 0.31002497673034668
vt 0.65271300077438354 0.31642997264862061
vt 0.61304700374603271 0.31642997264862061
vt 0.65271300077438354 0.32284599542617798
vt 0.61304700374603271 0.32284599542617798
vt 0.65271300077438354 0.32926899194717407
vt 0.61304700374603271 0.32926899194717407
vt 0.65271300077438354 0.3356969952583313
vt 0.61304700374603271 0.3356969952583313
vt 0.92591398954391479 0.39032602310180664
vt 0.92428100109100342 0.40292000770568848
vt 0.92212498188018799 0.42779600620269775
vt 0.92131698131561279 0.45894497632980347
vt 0.92208898067474365 0.48401302099227905
vt 0.92558300495147705 0.52145400643348694
vt 0.93427801132202148 0.57118299603462219
vt 0.94640201330184937 0.30892801284790039
vt 0.93976497650146484 0.32844197750091553
vt 0.93018501996994019 0.3656730055809021
vt 0.8852660059928894 0.36962801218032837
vt 0.88124001026153564 0.39678102731704712
vt 0.87879002094268799 0.42413997650146484
vt 0.87782299518585205 0.45932000875473022
vt 0.87865102291107178 0.48637998104095459
vt 0.8824620246887207 0.52680200338363647
vt 0.89189398288726807 0.57966798543930054
vt 0.90229398012161255 0.29996001720428467
vt 0.89769601821899414 0.31743001937866211
vt 0.89093500375747681 0.34297102689743042
vt 0.9445040225982666 0.39592999219894409
vt 0.9419410228729248 0.4197080135345459
vt 0.94070601463317871 0.44364500045776367
vt 0.94045597314834595 0.45886200666427612
vt 0.94120901823043823 0.48298501968383789
vt 0.94454300403594971 0.51903599500656128
vt 0.95255601406097412 0.56632000207901001
vt 0.96323198080062866 0.3215789794921875
vt 0.95335501432418823 0.34939700365066528
vt 0.94834399223327637 0.3723750114440918
vt 0.12628799676895142 0.73737099766731262
vt 0.23636800050735474 0.73737099766731262
vt 0.23636800050735474 0.71792000532150269
vt 0.12628799676895142 0.71792000532150269
vt 0.14896999299526215 0.73737099766731262
vt 0.14896999299526215 0.71792000532150269
vt 0.17218199372291565 0.73737099766731262
vt 0.17218199372291565 0.71792000532150269
vt 0.19565199315547943 0.73737099766731262
vt 0.19565199315547943 0.71792000532150269
vt 0.21295000612735748 0.73737099766731262
vt 0.21295000612735748 0.71792000532150269
vt 0.22280600666999817 0.73737099766731262
vt 0.22280600666999817 0.71792000532150269
vt 0.22915400564670563 0.73737099766731262
vt 0.22915400564670563 0.71792000532150269
vt 0.12628799676895142 0.74412700533866882
vt 0.23636800050735474 0.74412700533866882
vt 0.14896999299526215 0.74412700533866882
vt 0.17218199372291565 0.74412700533866882
vt 0.19565199315547943 0.74412700533866882
vt 0.21295000612735748 0.74412700533866882
vt 0.22280600666999817 0.74412700533866882
vt 0.22915400564670563 0.74412700533866882
vt 0.2363550066947937 0.75184200704097748
vt 0.12628799676895142 0.75192999839782715
vt 0.17735399305820465 0.86684200167655945
vt 0.14896999299526215 0.75192999839782715
vt 0.17218199372291565 0.75192999839782715
vt 0.19565199315547943 0.75192999839782715
vt 0.21295000612735748 0.75192999839782715
vt 0.22280600666999817 0.75192999839782715
vt 0.22915400564670563 0.75192999839782715
vt 0.18319499492645264 0.71792000532150269
vt 0.4021579921245575 0.13985598087310791
vt 0.4021579921245575 0.11359202861785889
vt 0.4021579921245575 0.087327003479003906
vt 0.4021579921245575 0.061062991619110107
vt 0.4021579921245575 0.034798979759216309
vt 0.4021579921245575 0.0085359811782836914
vt 0.61183500289916992 0.34313499927520752
vt 0.60529202222824097 0.360725998878479
vt 0.59083098173141479 0.37268799543380737
vt 0.57232499122619629 0.37581700086593628
vt 0.5547339916229248 0.36927402019500732
vt 0.54277199506759644 0.35481202602386475
vt 0.53964298963546753 0.33630698919296265
vt 0.54618501663208008 0.31871598958969116
vt 0.56064701080322266 0.30675399303436279
vt 0.57915300130844116 0.30362498760223389
vt 0.59674400091171265 0.31016802787780762
vt 0.6087070107460022 0.3246300220489502
vt 0.55549699068069458 0.085179984569549561
vt 0.55549699068069458 0.098830997943878174
vt 0.55549699068069458 0.11248099803924561
vt 0.55549699068069458 0.12613201141357422
vt 0.55549699068069458 0.13978397846221924
vt 0.55549699068069458 0.15343499183654785
vt 0.55549699068069458 0.00327301025390625
vt 0.55549699068069458 0.016924023628234863
vt 0.55549699068069458 0.030575990676879883
vt 0.55549699068069458 0.044227004051208496
vt 0.55549699068069458 0.057878017425537109
vt 0.55549699068069458 0.071528971195220947
vt 0.51473301649093628 0.085179984569549561
vt 0.51473301649093628 0.098830997943878174
vt 0.51473301649093628 0.11248099803924561
vt 0.51473301649093628 0.12613201141357422
vt 0.51473301649093628 0.13978397846221924
vt 0.51473301649093628 0.15343499183654785
vt 0.51473301649093628 0.00327301025390625
vt 0.51473301649093628 0.016924023628234863
vt 0.51473301649093628 0.030575990676879883
vt 0.51473301649093628 0.044227004051208496
vt 0.51473301649093628 0.057878017425537109
vt 0.51473301649093628 0.071528971195220947
vt 0.60477501153945923 0.46693801879882812
vt 0.81055498123168945 0.47285002470016479
vt 0.60477501153945923 0.48932301998138428
vt 0.81055599451065063 0.48932301998138428
vt 0.60477501153945923 0.4420049786567688
vt 0.81055498123168945 0.44200402498245239
vt 0.60477501153945923 0.47285002470016479
vt 0.81055498123168945 0.46693700551986694
vt 0.28036698698997498 0.92013999819755554
vt 0.19161500036716461 0.90833000093698502
vt 0.081591002643108368 0.92013999819755554
vt 0.20524400472640991 0.91721499711275101
vt 0.1014690026640892 0.92013999819755554
vt 0.22138899564743042 0.91520199924707413
vt 0.12134599685668945 0.92013999819755554
vt 0.2290160059928894 0.90702100098133087
vt 0.14122399687767029 0.92013999819755554
vt 0.23153099417686462 0.8961229994893074
vt 0.16110199689865112 0.92013999819755554
vt 0.22825999557971954 0.88542799651622772
vt 0.18097899854183197 0.92013999819755554
vt 0.22008000314235687 0.87780100107192993
vt 0.20085699856281281 0.92013999819755554
vt 0.20918199419975281 0.87528599798679352
vt 0.22073499858379364 0.92013999819755554
vt 0.19848600029945374 0.8785569965839386
vt 0.25055098533630371 0.92013999819755554
vt 0.18960200250148773 0.8921860009431839
vt 0.87557697296142578 0.54165700078010559
vt 0.87557697296142578 0.44341301918029785
vt 0.87557697296142578 0.56025499105453491
vt 0.85928201675415039 0.46611702442169189
vt 0.87557697296142578 0.47659599781036377
vt 0.86586201190948486 0.54165700078010559
vt 0.86586201190948486 0.44341301918029785
vt 0.86586201190948486 0.56025499105453491
vt 0.86586201190948486 0.47659599781036377
vt 0.57107901573181152 0.092782974243164062
vt 0.82187199592590332 0.077540993690490723
vt 0.82187199592590332 0.08417898416519165
vt 0.56509298086166382 0.092914998531341553
vt 0.61254298686981201 0.14335697889328003
vt 0.60108500719070435 0.14335000514984131
vt 0.58825099468231201 0.14098900556564331
vt 0.59970498085021973 0.14128798246383667
vt 0.61290597915649414 0.13243800401687622
vt 0.60144901275634766 0.13252997398376465
vt 0.58822000026702881 0.12903100252151489
vt 0.59967702627182007 0.12900698184967041
vt 0.58837300539016724 0.09147799015045166
vt 0.5998309850692749 0.091588020324707031
vt 0.61294502019882202 0.12143898010253906
vt 0.60149198770523071 0.12173199653625488
vt 0.58829498291015625 0.11587697267532349
vt 0.59975099563598633 0.11606401205062866
vt 0.61288899183273315 0.11032497882843018
vt 0.60143202543258667 0.11031699180603027
vt 0.58828902244567871 0.10381197929382324
vt 0.59974497556686401 0.10394901037216187
vt 0.61290699243545532 0.099133014678955078
vt 0.60145300626754761 0.099425971508026123
vt 0.60107797384262085 0.15271002054214478
vt 0.60831600427627563 0.14993500709533691
vt 0.59226298332214355 0.14906901121139526
vt 0.59941202402114868 0.1525539755821228
vt 0.6015239953994751 0.14188998937606812
vt 0.60873699188232422 0.13905102014541626
vt 0.59245800971984863 0.13669097423553467
vt 0.59970200061798096 0.13994497060775757
vt 0.60173100233078003 0.13108998537063599
vt 0.60889297723770142 0.12812602519989014
vt 0.59238797426223755 0.12378901243209839
vt 0.59957098960876465 0.12712597846984863
vt 0.60142499208450317 0.11967897415161133
vt 0.60866200923919678 0.11690300703048706
vt 0.59241902828216553 0.11148500442504883
vt 0.59961497783660889 0.11483997106552124
vt 0.60885500907897949 0.1058189868927002
vt 0.59252101182937622 0.099229991436004639
vt 0.59972602128982544 0.10256701707839966
vt 0.60169202089309692 0.108784019947052
vt 0.82187199592590332 0.036839008331298828
vt 0.82187199592590332 0.053937971591949463
vt 0.82187199592590332 0.068430006504058838
vt 0.82187199592590332 0.0023829936981201172
vt 0.82187199592590332 0.019748985767364502
vt 0.56009101867675781 0.036839008331298828
vt 0.56009101867675781 0.053937971591949463
vt 0.57174897193908691 0.085509002208709717
vt 0.56009101867675781 0.0023829936981201172
vt 0.56009101867675781 0.019748985767364502
vt 0.57107901573181152 0.092782974243164062
vt 0.82187199592590332 0.077540993690490723
vt 0.61254298686981201 0.14335697889328003
vt 0.58825099468231201 0.14098900556564331
vt 0.61290597915649414 0.13243800401687622
vt 0.58822000026702881 0.12903100252151489
vt 0.58837300539016724 0.09147799015045166
vt 0.61294502019882202 0.12143898010253906
vt 0.58829498291015625 0.11587697267532349
vt 0.61288899183273315 0.11032497882843018
vt 0.58828902244567871 0.10381197929382324
vt 0.61290699243545532 0.099133014678955078
vt 0.60831600427627563 0.14993500709533691
vt 0.59226298332214355 0.14906901121139526
vt 0.60873699188232422 0.13905102014541626
vt 0.59245800971984863 0.13669097423553467
vt 0.60889297723770142 0.12812602519989014
vt 0.59238797426223755 0.12378901243209839
vt 0.60866200923919678 0.11690300703048706
vt 0.59241902828216553 0.11148500442504883
vt 0.60885500907897949 0.1058189868927002
vt 0.59252101182937622 0.099229991436004639
vt 0.82187199592590332 0.028294026851654053
vt 0.82187199592590332 0.053937971591949463
vt 0.82187199592590332 0.068430006504058838
vt 0.82187199592590332 0.0023829936981201172
vt 0.56009101867675781 0.053937971591949463
vt 0.57174897193908691 0.085509002208709717
vt 0.56009101867675781 0.0023829936981201172
vt 0.56009101867675781 0.028294026851654053
vt 0.5652809739112854 0.085651993751525879
vt 0.66096597909927368 0.22405397891998291
vt 0.71341401338577271 0.22405397891998291
vt 0.62232297658920288 0.22405397891998291
vt 0.80071800947189331 0.22405397891998291
vt 0.76977598667144775 0.20678800344467163
vt 0.64532899856567383 0.22405397891998291
vt 0.6459689736366272 0.18101602792739868
vt 0.69453299045562744 0.18118202686309814
vt 0.6233220100402832 0.20678800344467163
vt 0.76977598667144775 0.20678800344467163
vt 0.76826697587966919 0.14804202318191528
vt 0.64073401689529419 0.19451802968978882
vt 0.75164198875427246 0.13474100828170776
vt 0.61132901906967163 0.16233599185943604
vt 0.71059602499008179 0.13474202156066895
vt 0.70054000616073608 0.16233599185943604
vt 0.61886602640151978 0.16233599185943604
vt 0.62446898221969604 0.16233599185943604
vt 0.71672999858856201 0.1490439772605896
vt 0.68404901027679443 0.16233599185943604
vt 0.71115100383758545 0.14444899559020996
vt 0.65529501438140869 0.16233599185943604
vt 0.75164198875427246 0.13474100828170776
vt 0.78558099269866943 0.10474997758865356
vt 0.78557902574539185 0.12602299451828003
vt 0.75649499893188477 0.1490439772605896
vt 0.58591002225875854 0.17077499628067017
vt 0.58591002225875854 0.17949700355529785
vt 0.58591002225875854 0.16065102815628052
vt 0.58591002225875854 0.1896209716796875
vt 0.5743979811668396 0.17598402500152588
vt 0.58429300785064697 0.17598402500152588
vt 0.5743979811668396 0.18747198581695557
vt 0.58429300785064697 0.18747198581695557
vt 0.67502802610397339 0.14017999172210693
vt 0.66900700330734253 0.14017999172210693
vt 0.69270598888397217 0.13787597417831421
vt 0.64692801237106323 0.14017999172210693
vt 0.69283598661422729 0.1330609917640686
vt 0.68711698055267334 0.1294969916343689
vt 0.65294897556304932 0.14017999172210693
vt 0.68114602565765381 0.13515198230743408
vt 0.66097801923751831 0.14017999172210693
vt 0.68680101633071899 0.14112299680709839
vt 0.54863601922988892 0.33815300464630127
vt 0.55131798982620239 0.35189199447631836
vt 0.56051099300384521 0.36244899034500122
vt 0.5737529993057251 0.36699599027633667
vt 0.58749401569366455 0.36431300640106201
vt 0.59805101156234741 0.35511898994445801
vt 0.59895402193069458 0.33237200975418091
vt 0.57747697830200195 0.31304901838302612
vt 0.56374102830886841 0.31572800874710083
vt 0.55318301916122437 0.32491600513458252
vt 0.60216701030731201 0.28033101558685303
vt 0.6035730242729187 0.28870302438735962
vt 0.60060298442840576 0.2966579794883728
vt 0.59405398368835449 0.30206197500228882
vt 0.58568000793457031 0.30346900224685669
vt 0.57772499322891235 0.30049902200698853
vt 0.57236397266387939 0.28777599334716797
vt 0.58043897151947021 0.27222597599029541
vt 0.5888100266456604 0.27081799507141113
vt 0.596763014793396 0.27378600835800171
vt 0.80386698246002197 0.14727598428726196
vt 0.81297200918197632 0.12679600715637207
vt 0.76266598701477051 0.10769999027252197
vt 0.80857300758361816 0.14625197649002075
vt 0.80197000503540039 0.16875100135803223
vt 0.78351598978042603 0.10268098115921021
vt 0.79791301488876343 0.20656299591064453
vt 0.79864197969436646 0.13011497259140015
vt 0.81631499528884888 0.11812299489974976
vt 0.58645600080490112 0.12761098146438599
vt 0.80500400066375732 0.1763160228729248
vt 0.58420401811599731 0.15912598371505737
vt 0.80482697486877441 0.20262700319290161
vt 0.5752900242805481 0.17384099960327148
vt 0.81070899963378906 0.21612602472305298
vt 0.76266598701477051 0.10769999027252197
vt 0.78351598978042603 0.10268098115921021
vt 0.58645600080490112 0.12761098146438599
vt 0.58420401811599731 0.15912598371505737
vt 0.56577497720718384 0.18458002805709839
vt 0.57528901100158691 0.17384099960327148
vt 0.56577497720718384 0.16902899742126465
vt 0.78445601463317871 0.088582992553710938
vt 0.56577497720718384 0.12411099672317505
vt 0.56577497720718384 0.15680199861526489
vt 0.77763998508453369 0.087581992149353027
vt 0.83188199996948242 0.083962976932525635
vt 0.84631699323654175 0.08306199312210083
vt 0.84061300754547119 0.10992497205734253
vt 0.81279301643371582 0.091264009475708008
vt 0.80537998676300049 0.096737027168273926
vt 0.84147500991821289 0.069881021976470947
vt 0.85032498836517334 0.070912003517150879
vt 0.84508299827575684 0.061419010162353516
vt 0.84084302186965942 0.15159600973129272
vt 0.84763097763061523 0.18717098236083984
vt 0.85110598802566528 0.22420501708984375
vt 0.85131698846817017 0.20710098743438721
vt 0.80541598796844482 0.088698983192443848
vt 0.85219597816467285 0.061598002910614014
vt 0.75554901361465454 0.091840982437133789
vt 0.75532698631286621 0.1046760082244873
vt 0.67764502763748169 0.090297996997833252
vt 0.75546002388000488 0.11751300096511841
vt 0.68302297592163086 0.10442501306533813
vt 0.67754602432250977 0.11851298809051514
vt 0.66643202304840088 0.1043660044670105
vt 0.23201900720596313 0.87550099939107895
vt 0.22854100167751312 0.86523699760437012
vt 0.32242199778556824 0.86523699760437012
vt 0.32242199778556824 0.86523699760437012
vt 0.31722599267959595 0.87126600742340088
vt 0.015243000350892544 0.90340500324964523
vt 0.32702100276947021 0.8712649941444397
vt 0.053162999451160431 0.91247300058603287
vt 0.055165000259876251 0.91247300058603287
vt 0.23726600408554077 0.88153000175952911
vt 0.23378799855709076 0.87126600742340088
vt 0.22886499762535095 0.87366899847984314
vt 0.31722599267959595 0.87126600742340088
vt 0.22394299507141113 0.87126600742340088
vt 0.32212299108505249 0.87366899847984314
vt 0.32702100276947021 0.8712649941444397
vt 0.6378750205039978 0.50702899694442749
vt 0.63544100522994995 0.49961000680923462
vt 0.63120198249816895 0.54874700307846069
vt 0.63346201181411743 0.54127201437950134
vt 0.62962400913238525 0.49440097808837891
vt 0.62550699710845947 0.5540899932384491
vt 0.62198102474212646 0.49279999732971191
vt 0.61790400743484497 0.55586901307106018
vt 0.61456102132797241 0.49523299932479858
vt 0.61042898893356323 0.55360901355743408
vt 0.60855197906494141 0.50487300753593445
vt 0.60419601202011108 0.54411199688911438
vt 0.61309397220611572 0.51871800422668457
vt 0.60841399431228638 0.53016498684883118
vt 0.62364500761032104 0.52292400598526001
vt 0.61886501312255859 0.52571401000022888
vt 0.6310650110244751 0.52048999071121216
vt 0.62633997201919556 0.52797400951385498
vt 0.63627302646636963 0.51467201113700867
vt 0.63168299198150635 0.53366899490356445
vt 0.063610002398490906 0.9857379999011755
vt 0.051972001791000366 0.97891600057482719
vt 0.055838000029325485 0.96987099945545197
vt 0.070083998143672943 0.97090099938213825
vt 0.015550999902188778 0.91605299711227417
vt 0.055838000029325485 0.91605299711227417
vt 0.055838000029325485 0.92842099815607071
vt 0.015550999902188778 0.92842099815607071
vt 0.015550999902188778 0.94976900145411491
vt 0.015550999902188778 0.92842099815607071
vt 0.055838000029325485 0.92842099815607071
vt 0.055838000029325485 0.94976900145411491
vt 0.019913999363780022 0.99619799992069602
vt 0.0076529998332262039 0.98566799983382225
vt 0.019416999071836472 0.97891600057482719
vt 0.024321999400854111 0.98720499966293573
vt 0.051297999918460846 0.99625200009904802
vt 0.035604998469352722 0.99944500002311543
vt 0.0356610007584095 0.98919800017029047
vt 0.046994000673294067 0.98720700014382601
vt 0.0012189999688416719 0.97087400034070015
vt 0.015550999902188778 0.96987099945545197
vt 0.040451999753713608 0.97662200033664703
vt 0.046169999986886978 0.97392299957573414
vt 0.035548999905586243 0.97794000059366226
vt 0.030642999336123466 0.97662900015711784
vt 0.025218000635504723 0.97392299957573414
vt 0.037978000938892365 0.97234500013291836
vt 0.039758998900651932 0.97056199982762337
vt 0.00085200002649798989 0.94415900111198425
vt 0.070479996502399445 0.94416899979114532
vt 0.02704400010406971 0.96323100104928017
vt 0.023598000407218933 0.96787500008940697
vt 0.015550999902188778 0.91605299711227417
vt 0.055838000029325485 0.91605299711227417
vt 0.030632000416517258 0.95963799953460693
vt 0.035693999379873276 0.95577900111675262
vt 0.037973001599311829 0.96391300112009048
vt 0.035539001226425171 0.96326199918985367
vt 0.030673999339342117 0.96813400089740753
vt 0.031325001269578934 0.96569899842143059
vt 0.047791000455617905 0.96787500008940697
vt 0.044032998383045197 0.9632209986448288
vt 0.040408998727798462 0.96812700107693672
vt 0.041742000728845596 0.95739899948239326
vt 0.03975600004196167 0.96569399908185005
vt 0.033105000853538513 0.96391599997878075
vt 0.035544998943805695 0.97299900092184544
vt 0.033110000193119049 0.97234899923205376
vt 0.031328000128269196 0.97056799940764904
vt 0.28805699944496155 0.15872198343276978
vt 0.19912099838256836 0.15872198343276978
vt 0.19912099838256836 0.15670400857925415
vt 0.28805598616600037 0.15670400857925415
vt 0.19912099838256836 0.15379101037979126
vt 0.19912099838256836 0.15063798427581787
vt 0.28805598616600037 0.15063798427581787
vt 0.28805598616600037 0.15379202365875244
vt 0.20384399592876434 0.1310269832611084
vt 0.28333300352096558 0.1310269832611084
vt 0.28805598616600037 0.13574999570846558
vt 0.19912099838256836 0.13574999570846558
vt 0.055702999234199524 0.8492559939622879
vt 0.043940998613834381 0.8492559939622879
vt 0.021376999095082283 0.85143700242042542
vt 0.021376999095082283 0.89304299652576447
vt 0.030817000195384026 0.8602290004491806
vt 0.021376999095082283 0.85837000608444214
vt 0.0298909991979599 0.88020499795675278
vt 0.021376999095082283 0.86530500650405884
vt 0.043942999094724655 0.89314600080251694
vt 0.021376999095082283 0.85143700242042542
vt 0.05570400133728981 0.89314600080251694
vt 0.021376999095082283 0.85837000608444214
vt 0.06588900089263916 0.88726600259542465
vt 0.021376999095082283 0.86530500650405884
vt 0.071768999099731445 0.877080999314785
vt 0.021376999095082283 0.8722430020570755
vt 0.071768999099731445 0.86532099545001984
vt 0.021376999095082283 0.87918099761009216
vt 0.065888002514839172 0.85513600707054138
vt 0.021376999095082283 0.88611400127410889
vt 0.016834000125527382 0.85143700242042542
vt 0.016834000125527382 0.89304299652576447
vt 0.016834000125527382 0.85837000608444214
vt 0.016834000125527382 0.86530500650405884
vt 0.016834000125527382 0.85143700242042542
vt 0.016834000125527382 0.85837000608444214
vt 0.016834000125527382 0.86530500650405884
vt 0.016834000125527382 0.8722430020570755
vt 0.016834000125527382 0.87918099761009216
vt 0.016834000125527382 0.88611400127410889
vt 0.0017229999648407102 0.85143700242042542
vt 0.0017229999648407102 0.89304299652576447
vt 0.0017229999648407102 0.85837000608444214
vt 0.0017229999648407102 0.86530500650405884
vt 0.0017229999648407102 0.85143700242042542
vt 0.0017229999648407102 0.85837000608444214
vt 0.0017229999648407102 0.86530500650405884
vt 0.0017229999648407102 0.8722430020570755
vt 0.0017229999648407102 0.87918099761009216
vt 0.0017229999648407102 0.88611400127410889
vt 0.83655500411987305 0.37838298082351685
vt 0.83655500411987305 0.39828002452850342
vt 0.84953498840332031 0.39828002452850342
vt 0.84953498840332031 0.37838298082351685
vt 0.84304499626159668 0.37838298082351685
vt 0.84304499626159668 0.39828002452850342
vt 0.30278700590133667 0.71078300476074219
vt 0.30278700590133667 0.7553820013999939
vt 0.32206600904464722 0.7553820013999939
vt 0.32206600904464722 0.71078300476074219
vt 0.30748599767684937 0.71078300476074219
vt 0.30748599767684937 0.7553820013999939
vt 0.31242701411247253 0.71078300476074219
vt 0.31242701411247253 0.7553820013999939
vt 0.31712600588798523 0.71078300476074219
vt 0.31712600588798523 0.7553820013999939
vt 0.88165801763534546 0.61430901288986206
vt 0.88165801763534546 0.64006701111793518
vt 0.88165801763534546 0.56279298663139343
vt 0.88165801763534546 0.58855101466178894
vt 0.83712202310562134 0.61430901288986206
vt 0.83712202310562134 0.64006701111793518
vt 0.83712202310562134 0.56279298663139343
vt 0.83712202310562134 0.58855101466178894
vt 0.34167799353599548 0.72598400712013245
vt 0.0068109999410808086 0.67755201458930969
vt 0.0068140001967549324 0.69165301322937012
vt 0.34216499328613281 0.73993700742721558
vt 0.003203999949619174 0.76124699413776398
vt 0.1529420018196106 0.82637499272823334
vt 0.0068100001662969589 0.70772799849510193
vt 0.003203999949619174 0.76124699413776398
vt 0.13817000389099121 0.82637499272823334
vt 0.092157997190952301 0.99729999992996454
vt 0.12461899966001511 0.99729999992996454
vt 0.024213999509811401 0.78811000287532806
vt 0.075323998928070068 0.99729899992235005
vt 0.30316799879074097 0.83478899300098419
vt 0.30203500390052795 0.95261599868535995
vt 0.15875299274921417 0.99729999992996454
vt 0.1001489982008934 0.7122730016708374
vt 0.31716299057006836 0.99730199994519353
vt 0.23844300210475922 0.75164900720119476
vt 0.3116619884967804 0.99730199994519353
vt 0.015948999673128128 0.78051699697971344
vt 0.30199098587036133 0.8271850049495697
vt 0.021880000829696655 0.77587099373340607
vt 0.30430799722671509 0.79931800067424774
vt 0.30430799722671509 0.79931800067424774
vt 0.021880000829696655 0.77587099373340607
vt 0.45064499974250793 0.74452400207519531
vt 0.040879998356103897 0.71262699365615845
vt 0.29958298802375793 0.7513670027256012
vt 0.4897339940071106 0.67163100838661194
vt 0.034524001181125641 0.72328901290893555
vt 0.54522198438644409 0.69248899817466736
vt 0.33102399110794067 0.75429600477218628
vt 0.30595898628234863 0.99730199994519353
vt 0.25431099534034729 0.75165000557899475
vt 0.10040300339460373 0.75455799698829651
vt 0.33021101355552673 0.73104101419448853
vt 0.3116619884967804 0.95176900178194046
vt 0.33032301068305969 0.70772799849510193
vt 0.31716299057006836 0.95176900178194046
vt 0.33031401038169861 0.75950799882411957
vt 0.041303999722003937 0.75950799882411957
vt 0.026287000626325607 0.74514898657798767
vt 0.02628600038588047 0.72150599956512451
vt 0.041303001344203949 0.70772698521614075
vt 0.25431099534034729 0.71914699673652649
vt 0.44407001137733459 0.71406900882720947
vt 0.16512399911880493 0.82637499272823334
vt 0.32964301109313965 0.71476200222969055
vt 0.0068140001967549324 0.69165301322937012
vt 0.0068109999410808086 0.67755201458930969
vt 0.34167799353599548 0.72598400712013245
vt 0.34216499328613281 0.73993700742721558
vt 0.13817000389099121 0.84502500295639038
vt 0.024213999509811401 0.78811000287532806
vt 0.30316799879074097 0.83478899300098419
vt 0.23844300210475922 0.71914899349212646
vt 0.015948999673128128 0.78051699697971344
vt 0.30199098587036133 0.8271850049495697
vt 0.45064499974250793 0.74452400207519531
vt 0.041429001837968826 0.75491200387477875
vt 0.4897339940071106 0.67163100838661194
vt 0.50929898023605347 0.67737999558448792
vt 0.034651000052690506 0.74432599544525146
vt 0.33102399110794067 0.75429600477218628
vt 0.0068080001510679722 0.66257798671722412
vt 0.33021101355552673 0.73104101419448853
vt 0.32964301109313965 0.71476200222969055
vt 0.49419999122619629 0.76356199383735657
vt 0.5277249813079834 0.68383499979972839
vt 0.98438197374343872 0.72404798865318298
vt 0.9976230263710022 0.62117299437522888
vt 0.97015297412872314 0.73574599623680115
vt 0.87929701805114746 0.73174700140953064
vt 0.90766602754592896 0.70860499143600464
vt 0.7934730052947998 0.70814201235771179
vt 0.76469600200653076 0.73151201009750366
vt 0.93209397792816162 0.73471701145172119
vt 0.80301499366760254 0.72995701432228088
vt 0.86716902256011963 0.73510000109672546
vt 0.96414798498153687 0.7372870147228241
vt 0.86716902256011963 0.73510000109672546
vt 0.75297600030899048 0.73463800549507141
vt 0.7934730052947998 0.64961698651313782
vt 0.90766602754592896 0.65007901191711426
vt 0.80301499366760254 0.72995701432228088
vt 0.68882298469543457 0.72949498891830444
vt 0.97052001953125 0.77688999474048615
vt 0.80301499366760254 0.65005099773406982
vt 0.96622800827026367 0.77106499671936035
vt 0.9974219799041748 0.77106499671936035
vt 0.87929701805114746 0.73174700140953064
vt 0.90766602754592896 0.70860499143600464
vt 0.90766602754592896 0.65007901191711426
vt 0.10648100078105927 0.84629300236701965
vt 0.18698599934577942 0.90193700045347214
vt 0.13301800191402435 0.86117100715637207
vt 0.09137599915266037 0.90193700045347214
vt 0.13276199996471405 0.8829519972205162
vt 0.10731100291013718 0.90193700045347214
vt 0.11720000207424164 0.89807599782943726
vt 0.12324599921703339 0.90193700045347214
vt 0.095504000782966614 0.89854100346565247
vt 0.13918100297451019 0.90193700045347214
vt 0.079815000295639038 0.88343100249767303
vt 0.155116006731987 0.90193700045347214
vt 0.080071002244949341 0.8616500049829483
vt 0.17104999721050262 0.90193700045347214
vt 0.10665000230073929 0.85772299766540527
vt 0.091343000531196594 0.86654500663280487
vt 0.12169799953699112 0.86590699851512909
vt 0.1214900016784668 0.87805700302124023
vt 0.11243300139904022 0.88668099790811539
vt 0.099932000041007996 0.88707700371742249
vt 0.091135002672672272 0.87869500368833542
vt 0.87557697296142578 0.54165700078010559
vt 0.87557697296142578 0.44341301918029785
vt 0.85928201675415039 0.46611702442169189
vt 0.87557697296142578 0.56025499105453491
vt 0.87557697296142578 0.47659599781036377
vt 0.86586201190948486 0.44341301918029785
vt 0.86586201190948486 0.54165700078010559
vt 0.86586201190948486 0.56025499105453491
vt 0.86586201190948486 0.47659599781036377
vt 0.87557697296142578 0.54165700078010559
vt 0.87557697296142578 0.44341301918029785
vt 0.85928201675415039 0.46611702442169189
vt 0.87557697296142578 0.56025499105453491
vt 0.87557697296142578 0.47659599781036377
vt 0.86586201190948486 0.44341301918029785
vt 0.86586201190948486 0.54165700078010559
vt 0.86586201190948486 0.56025499105453491
vt 0.86586201190948486 0.47659599781036377
vt 0.12628799676895142 0.73737099766731262
vt 0.23636800050735474 0.73737099766731262
vt 0.23636800050735474 0.71792000532150269
vt 0.12628799676895142 0.71792000532150269
vt 0.14896999299526215 0.73737099766731262
vt 0.14896999299526215 0.71792000532150269
vt 0.17218199372291565 0.73737099766731262
vt 0.17218199372291565 0.71792000532150269
vt 0.19565199315547943 0.73737099766731262
vt 0.19565199315547943 0.71792000532150269
vt 0.21295000612735748 0.73737099766731262
vt 0.21295000612735748 0.71792000532150269
vt 0.22280600666999817 0.73737099766731262
vt 0.22280600666999817 0.71792000532150269
vt 0.22915400564670563 0.73737099766731262
vt 0.22915400564670563 0.71792000532150269
vt 0.12628799676895142 0.74412700533866882
vt 0.23636800050735474 0.74412700533866882
vt 0.14896999299526215 0.74412700533866882
vt 0.17218199372291565 0.74412700533866882
vt 0.19565199315547943 0.74412700533866882
vt 0.21295000612735748 0.74412700533866882
vt 0.22280600666999817 0.74412700533866882
vt 0.22915400564670563 0.74412700533866882
vt 0.2363550066947937 0.75184200704097748
vt 0.12628799676895142 0.75192999839782715
vt 0.17735399305820465 0.86684200167655945
vt 0.14896999299526215 0.75192999839782715
vt 0.17218199372291565 0.75192999839782715
vt 0.19565199315547943 0.75192999839782715
vt 0.21295000612735748 0.75192999839782715
vt 0.22280600666999817 0.75192999839782715
vt 0.22915400564670563 0.75192999839782715
vt 0.18319499492645264 0.71792000532150269
vt 0.41832900047302246 0.99098000023514032
vt 0.40203800797462463 0.97823699936270714
vt 0.48422399163246155 0.98149799928069115
vt 0.46577998995780945 0.99247500021010637
vt 0.44234201312065125 0.99887300003319979
vt 0.42865899205207825 0.96854899823665619
vt 0.42108801007270813 0.95619700103998184
vt 0.46604698896408081 0.95834799855947495
vt 0.45725500583648682 0.96919099986553192
vt 0.44332200288772583 0.97528799995779991
vt 0.44339698553085327 0.95928100124001503
vt 0.38111400604248047 0.95884599909186363
vt 0.39512598514556885 0.9380199983716011
vt 0.49359101057052612 0.94275199994444847
vt 0.42565900087356567 0.94315800070762634
vt 0.46094000339508057 0.94191600009799004
vt 0.4577920138835907 0.91179800033569336
vt 0.44806501269340515 0.95406600087881088
vt 0.43960601091384888 0.93559800088405609
vt 0.43881401419639587 0.91379500180482864
vt 0.44622901082038879 0.93530000001192093
vt 0.44544100761413574 0.91346299648284912
vt 0.43749099969863892 0.95341800153255463
vt 0.50557297468185425 0.96479599922895432
vt 0.42732098698616028 0.91291499882936478
vt 0.40094000101089478 0.8654790073633194
vt 0.40094000101089478 0.87738200277090073
vt 0.40094000101089478 0.88921699672937393
vt 0.40094000101089478 0.84176099300384521
vt 0.40094000101089478 0.85357099771499634
vt 0.32885301113128662 0.8654790073633194
vt 0.32885301113128662 0.87738200277090073
vt 0.32885301113128662 0.88921699672937393
vt 0.32885301113128662 0.84176099300384521
vt 0.32885301113128662 0.85357099771499634
vt 0.45840001106262207 0.8654790073633194
vt 0.45840001106262207 0.87738200277090073
vt 0.45840001106262207 0.88921699672937393
vt 0.45840001106262207 0.84176099300384521
vt 0.45840001106262207 0.85357099771499634
vt 0.40425398945808411 0.81751799583435059
vt 0.39840200543403625 0.83400499820709229
vt 0.38641500473022461 0.83858299255371094
vt 0.37609899044036865 0.83081899583339691
vt 0.3732529878616333 0.81664599478244781
vt 0.38159200549125671 0.97552100010216236
vt 0.36525401473045349 0.97552100010216236
vt 0.35245400667190552 0.97552100010216236
vt 0.33955499529838562 0.97552100010216236
vt 0.32508200407028198 0.97552100010216236
vt 0.36965200304985046 0.81673100590705872
vt 0.36313900351524353 0.83411599695682526
vt 0.35094800591468811 0.8377079963684082
vt 0.34130799770355225 0.8291189968585968
vt 0.33949100971221924 0.81476999819278717
vt 0.38138100504875183 0.95160700008273125
vt 0.36443299055099487 0.95160700008273125
vt 0.3517490029335022 0.95160700008273125
vt 0.3388420045375824 0.95160700008273125
vt 0.32435598969459534 0.95160700008273125
vt 0.3369860053062439 0.8164370059967041
vt 0.33222100138664246 0.82989400625228882
vt 0.3209879994392395 0.8357200026512146
vt 0.30986899137496948 0.82915200293064117
vt 0.30534899234771729 0.81538699567317963
vt 0.38045299053192139 0.92647700011730194
vt 0.36617499589920044 0.92647700011730194
vt 0.35353100299835205 0.92647700011730194
vt 0.34062600135803223 0.92647700011730194
vt 0.32613599300384521 0.92647700011730194
vt 0.51690298318862915 0.98214600048959255
vt 0.53892302513122559 0.99063799995929003
vt 0.51709097623825073 0.99119600001722574
vt 0.51457500457763672 0.97363400086760521
vt 0.54046499729156494 0.98158000037074089
vt 0.54605197906494141 0.96119099855422974
vt 0.54449701309204102 0.97324899956583977
vt 0.51597297191619873 0.96116499975323677
vt 0.50884097814559937 0.98255299963057041
vt 0.53933697938919067 0.99835400003939867
vt 0.50955498218536377 0.99130100011825562
vt 0.50728702545166016 0.97345300018787384
vt 0.54832202196121216 0.98337900079786777
vt 0.55392700433731079 0.96211300045251846
vt 0.55170601606369019 0.97464000061154366
vt 0.51617497205734253 0.95343900099396706
vt 0.35708498954772949 0.99289900017902255
vt 0.36972001194953918 0.99294999986886978
vt 0.33329498767852783 0.99247500021010637
vt 0.34578299522399902 0.99289500014856458
vt 0.35708799958229065 0.98117700032889843
vt 0.36985498666763306 0.98223300091922283
vt 0.33378699421882629 0.97934800013899803
vt 0.34607899188995361 0.97876700013875961
vt 0.51690298318862915 0.98214600048959255
vt 0.54046499729156494 0.98158000037074089
vt 0.53892302513122559 0.99063799995929003
vt 0.51709097623825073 0.99119600001722574
vt 0.51457500457763672 0.97363400086760521
vt 0.54449701309204102 0.97324899956583977
vt 0.51597297191619873 0.96116499975323677
vt 0.54605197906494141 0.96119099855422974
vt 0.54832202196121216 0.98337900079786777
vt 0.53933697938919067 0.99835400003939867
vt 0.50955498218536377 0.99130100011825562
vt 0.50884097814559937 0.98255299963057041
vt 0.55170601606369019 0.97464000061154366
vt 0.50728702545166016 0.97345300018787384
vt 0.51617497205734253 0.95343900099396706
vt 0.55392700433731079 0.96211300045251846
vt 0.51690298318862915 0.98214600048959255
vt 0.54046499729156494 0.98158000037074089
vt 0.53892302513122559 0.99063799995929003
vt 0.51709097623825073 0.99119600001722574
vt 0.51457500457763672 0.97363400086760521
vt 0.54449701309204102 0.97324899956583977
vt 0.51597297191619873 0.96116499975323677
vt 0.54605197906494141 0.96119099855422974
vt 0.54832202196121216 0.98337900079786777
vt 0.53933697938919067 0.99835400003939867
vt 0.50955498218536377 0.99130100011825562
vt 0.50884097814559937 0.98255299963057041
vt 0.55170601606369019 0.97464000061154366
vt 0.50728702545166016 0.97345300018787384
vt 0.51617497205734253 0.95343900099396706
vt 0.55392700433731079 0.96211300045251846
vt 0.41832900047302246 0.99098000023514032
vt 0.40203800797462463 0.97823699936270714
vt 0.48422399163246155 0.98149799928069115
vt 0.46577998995780945 0.99247500021010637
vt 0.44234201312065125 0.99887300003319979
vt 0.42865899205207825 0.96854899823665619
vt 0.42108801007270813 0.95619700103998184
vt 0.46604698896408081 0.95834799855947495
vt 0.45725500583648682 0.96919099986553192
vt 0.44332200288772583 0.97528799995779991
vt 0.44339698553085327 0.95928100124001503
vt 0.38111400604248047 0.95884599909186363
vt 0.39512598514556885 0.9380199983716011
vt 0.49359101057052612 0.94275199994444847
vt 0.42565900087356567 0.94315800070762634
vt 0.46094000339508057 0.94191600009799004
vt 0.4577920138835907 0.91179800033569336
vt 0.44806501269340515 0.95406600087881088
vt 0.43881401419639587 0.91379500180482864
vt 0.44544100761413574 0.91346299648284912
vt 0.43749099969863892 0.95341800153255463
vt 0.50557297468185425 0.96479599922895432
vt 0.42732098698616028 0.91291499882936478
vt 0.40094000101089478 0.8654790073633194
vt 0.40094000101089478 0.84176099300384521
vt 0.40094000101089478 0.85357099771499634
vt 0.32885301113128662 0.8654790073633194
vt 0.32885301113128662 0.84176099300384521
vt 0.32885301113128662 0.85357099771499634
vt 0.45840001106262207 0.8654790073633194
vt 0.45840001106262207 0.84176099300384521
vt 0.45840001106262207 0.85357099771499634
vt 0.38159200549125671 0.95370899885892868
vt 0.35885399580001831 0.95370899885892868
vt 0.33955499529838562 0.95370899885892868
vt 0.32508200407028198 0.95370899885892868
vt 0.38159200549125671 0.97552100010216236
vt 0.35885399580001831 0.97552100010216236
vt 0.33955499529838562 0.97552100010216236
vt 0.32508200407028198 0.97552100010216236
vt 0.38138100504875183 0.92940700054168701
vt 0.35809099674224854 0.92940700054168701
vt 0.3388420045375824 0.92940700054168701
vt 0.32435598969459534 0.92940700054168701
vt 0.38138100504875183 0.95160700008273125
vt 0.35809099674224854 0.95160700008273125
vt 0.3388420045375824 0.95160700008273125
vt 0.32435598969459534 0.95160700008273125
vt 0.38045299053192139 0.90489699691534042
vt 0.35985299944877625 0.90489699691534042
vt 0.34062600135803223 0.90489699691534042
vt 0.32613599300384521 0.90489699691534042
vt 0.38045299053192139 0.92647700011730194
vt 0.35985299944877625 0.92647700011730194
vt 0.34062600135803223 0.92647700011730194
vt 0.32613599300384521 0.92647700011730194
vt 0.53892302513122559 0.99063799995929003
vt 0.51709097623825073 0.99119600001722574
vt 0.51573902368545532 0.97788999974727631
vt 0.54248100519180298 0.97741499915719032
vt 0.54605197906494141 0.96119099855422974
vt 0.51597297191619873 0.96116499975323677
vt 0.53933697938919067 0.99835400003939867
vt 0.50955498218536377 0.99130100011825562
vt 0.50806397199630737 0.9780030008405447
vt 0.55001401901245117 0.97901000082492828
vt 0.55392700433731079 0.96211300045251846
vt 0.51617497205734253 0.95343900099396706
vt 0.54248100519180298 0.97741499915719032
vt 0.53892302513122559 0.99063799995929003
vt 0.51709097623825073 0.99119600001722574
vt 0.51573902368545532 0.97788999974727631
vt 0.51597297191619873 0.96116499975323677
vt 0.54605197906494141 0.96119099855422974
vt 0.55001401901245117 0.97901000082492828
vt 0.53933697938919067 0.99835400003939867
vt 0.50955498218536377 0.99130100011825562
vt 0.50806397199630737 0.9780030008405447
vt 0.51617497205734253 0.95343900099396706
vt 0.55392700433731079 0.96211300045251846
vt 0.54248100519180298 0.97741499915719032
vt 0.53892302513122559 0.99063799995929003
vt 0.51709097623825073 0.99119600001722574
vt 0.51573902368545532 0.97788999974727631
vt 0.51597297191619873 0.96116499975323677
vt 0.54605197906494141 0.96119099855422974
vt 0.55001401901245117 0.97901000082492828
vt 0.53933697938919067 0.99835400003939867
vt 0.50955498218536377 0.99130100011825562
vt 0.50806397199630737 0.9780030008405447
vt 0.51617497205734253 0.95343900099396706
vt 0.55392700433731079 0.96211300045251846
vt 0.41743698716163635 0.15549999475479126
vt 0.40400400757789612 0.15549999475479126
vt 0.43859699368476868 0.15549999475479126
vt 0.42517000436782837 0.15549999475479126
vt 0.43859699368476868 0.1745150089263916
vt 0.40400400757789612 0.1745150089263916
vt 0.41743698716163635 0.1745150089263916
vt 0.42517000436782837 0.1745150089263916
vt 0.42517000436782837 0.1652519702911377
vt 0.41743698716163635 0.16481399536132812
vt 0.58591002225875854 0.17077499628067017
vt 0.58591002225875854 0.17949700355529785
vt 0.58591002225875854 0.1896209716796875
vt 0.58591002225875854 0.16065102815628052
vt 0.5743979811668396 0.17598402500152588
vt 0.58429300785064697 0.17598402500152588
vt 0.58429300785064697 0.18747198581695557
vt 0.5743979811668396 0.18747198581695557
vt 0.52830302715301514 0.92881499975919724
vt 0.54306799173355103 0.93057899922132492
vt 0.52384001016616821 0.94244199991226196
vt 0.54753398895263672 0.93104699999094009
vt 0.53913801908493042 0.94901600107550621
vt 0.5781090259552002 0.93678999692201614
vt 0.56805902719497681 0.96040999889373779
vt 0.58317601680755615 0.93982100114226341
vt 0.57493400573730469 0.96381700038909912
vt 0.61149799823760986 0.9489860013127327
vt 0.60494601726531982 0.97171800024807453
vt 0.61475300788879395 0.95101900026202202
vt 0.60863298177719116 0.97347900085151196
vt 0.52470499277114868 0.91639599949121475
vt 0.56657499074935913 0.90102399885654449
vt 0.61234700679779053 0.91367299854755402
vt 0.62386798858642578 0.92561499774456024
vt 0.62026000022888184 0.93241400271654129
vt 0.59914702177047729 0.92022900283336639
vt 0.57962799072265625 0.91744899749755859
vt 0.56223201751708984 0.91689900308847427
vt 0.63291800022125244 0.90096200257539749
vt 0.61275702714920044 0.87664099782705307
vt 0.64819097518920898 0.91799899935722351
vt 0.79961502552032471 0.89767199754714966
vt 0.55029100179672241 0.82999700307846069
vt 0.59459102153778076 0.82874499261379242
vt 0.64108002185821533 0.87353500723838806
vt 0.76696699857711792 0.8506540060043335
vt 0.78407102823257446 0.87347400188446045
vt 0.70413100719451904 0.91476099938154221
vt 0.67690098285675049 0.86508500576019287
vt 0.71516197919845581 0.89285899698734283
vt 0.74606901407241821 0.90283600240945816
vt 0.71375197172164917 0.86725699901580811
vt 0.72877299785614014 0.88530299812555313
vt 0.77250200510025024 0.89964699745178223
vt 0.74732601642608643 0.86959999799728394
vt 0.75870800018310547 0.88106799870729446
vt 0.65734702348709106 0.93103999644517899
vt 0.79088300466537476 0.92282100021839142
vt 0.69640398025512695 0.91452699899673462
vt 0.73644000291824341 0.90297000110149384
vt 0.70795702934265137 0.87191200256347656
vt 0.72440797090530396 0.88540899753570557
vt 0.9939039945602417 0.96019800007343292
vt 0.99639099836349487 0.99698300007730722
vt 0.99307197332382202 0.93904700130224228
vt 0.9863629937171936 0.90680000185966492
vt 0.57697999477386475 0.68354499340057373
vt 0.98908698558807373 0.92404899746179581
vt 0.78624999523162842 0.85510100424289703
vt 0.78864800930023193 0.89900100231170654
vt 0.77554202079772949 0.88001500070095062
vt 0.81238502264022827 0.9225270003080368
vt 0.75683999061584473 0.86052499711513519
vt 0.72654598951339722 0.83552399277687073
vt 0.69572699069976807 0.82639600336551666
vt 0.65797698497772217 0.82981200516223907
vt 0.65947198867797852 0.85242800414562225
vt 0.55695098638534546 0.82160300016403198
vt 0.63531702756881714 0.81312400102615356
vt 0.67505300045013428 0.80103999376296997
vt 0.75857901573181152 0.81968300044536591
vt 0.73718500137329102 0.81783099472522736
vt 0.78999298810958862 0.83586899936199188
vt 0.842507004737854 0.76731699705123901
vt 0.69643497467041016 0.80686500668525696
vt 0.96701502799987793 0.80379100143909454
vt 0.85779100656509399 0.77571700513362885
vt 0.86475801467895508 0.75521300733089447
vt 0.54716998338699341 0.79666000604629517
vt 0.59688502550125122 0.79180300235748291
vt 0.63167101144790649 0.78792400658130646
vt 0.68595200777053833 0.77206400036811829
vt 0.70994800329208374 0.76262299716472626
vt 0.59579700231552124 0.78074300289154053
vt 0.71414101123809814 0.7454490065574646
vt 0.47710099816322327 0.80116899311542511
vt 0.40926599502563477 0.82248400151729584
vt 0.76525801420211792 0.81231999397277832
vt 0.74195200204849243 0.79706099629402161
vt 0.72467201948165894 0.78494599461555481
vt 0.49893701076507568 0.90910500288009644
vt 0.48766499757766724 0.90598700195550919
vt 0.50431501865386963 0.88562099635601044
vt 0.48297598958015442 0.84875200688838959
vt 0.48866298794746399 0.83545100688934326
vt 0.52435201406478882 0.8442700058221817
vt 0.51116597652435303 0.8524480015039444
vt 0.43763598799705505 0.8127949982881546
vt 0.43873900175094604 0.82586400210857391
vt 0.43691998720169067 0.83127599954605103
vt 0.54573202133178711 0.85679499804973602
vt 0.52954798936843872 0.86607199907302856
vt 0.52502900362014771 0.88291300088167191
vt 0.53531402349472046 0.88565299659967422
vt 0.4800490140914917 0.84496000409126282
vt 0.5191270112991333 0.82928499579429626
vt 0.51865297555923462 0.79821799695491791
vt 0.51313000917434692 0.83892999589443207
vt 0.49574699997901917 0.85919000208377838
vt 0.50312298536300659 0.84668900072574615
vt 0.49435800313949585 0.84306199848651886
vt 0.4891430139541626 0.8523000031709671
vt 0.50683897733688354 0.8497609943151474
vt 0.49992099404335022 0.84459899365901947
vt 0.54137301445007324 0.87164400517940521
vt 0.6900860071182251 0.85161399841308594
vt 0.63069701194763184 0.6550849974155426
vt 0.98326700925827026 0.97142799943685532
vt 0.85333102941513062 0.95627399906516075
vt 0.8595619797706604 0.94435299932956696
vt 0.84139001369476318 0.90089300274848938
vt 0.85429298877716064 0.92086700350046158
vt 0.82902002334594727 0.86645199358463287
vt 0.83521902561187744 0.81029100716114044
vt 0.56725102663040161 0.70565900206565857
vt 0.82604098320007324 0.88790500164031982
vt 0.7927669882774353 0.88660600036382675
vt 0.87295800447463989 0.95585900172591209
vt 0.87395197153091431 0.93916900083422661
vt 0.86561501026153564 0.90273100137710571
vt 0.87067699432373047 0.92156100273132324
vt 0.86691099405288696 0.868585005402565
vt 0.86879998445510864 0.84189499914646149
vt 0.86192798614501953 0.88989199697971344
vt 0.87259000539779663 0.89095000177621841
vt 0.90915197134017944 0.95918900147080421
vt 0.91635400056838989 0.94837699830532074
vt 0.90206599235534668 0.90313299745321274
vt 0.91267800331115723 0.9225040003657341
vt 0.92654800415039062 0.89188800007104874
vt 0.9704660177230835 0.96368100121617317
vt 0.9793739914894104 0.95027799904346466
vt 0.95512199401855469 0.90207500010728836
vt 0.97376102209091187 0.92510899901390076
vt 0.92820602655410767 0.9563629999756813
vt 0.92962402105331421 0.93748199939727783
vt 0.92300599813461304 0.90469499677419662
vt 0.92798197269439697 0.92268200218677521
vt 0.92279702425003052 0.87072600424289703
vt 0.92377901077270508 0.8437969982624054
vt 0.92073100805282593 0.89195200055837631
vt 0.86749500036239624 0.96705000102519989
vt 0.87641799449920654 0.95976300165057182
vt 0.87594497203826904 0.9398920014500618
vt 0.87323898077011108 0.92251499742269516
vt 0.8682519793510437 0.90316600352525711
vt 0.8643680214881897 0.89266599714756012
vt 0.87229198217391968 0.89407899975776672
vt 0.89918398857116699 0.90477599948644638
vt 0.91032099723815918 0.92374599725008011
vt 0.91380298137664795 0.94909700006246567
vt 0.90712302923202515 0.95758000016212463
vt 0.85650497674942017 0.9452739991247654
vt 0.85088998079299927 0.92152100056409836
vt 0.83678197860717773 0.90244100242853165
vt 0.82452297210693359 0.89176899939775467
vt 0.79484599828720093 0.88932199776172638
vt 0.66670399904251099 0.93051800131797791
vt 0.6536790132522583 0.91336499899625778
vt 0.6384660005569458 0.89873900264501572
vt 0.68311202526092529 0.92794399708509445
vt 0.66193801164627075 0.9113909974694252
vt 0.61188602447509766 0.88482099771499634
vt 0.64678001403808594 0.89571800082921982
vt 0.61648398637771606 0.8684999942779541
vt 0.73110800981521606 0.91756799817085266
vt 0.97261399030685425 0.97743099927902222
vt 0.83645600080490112 0.94033600017428398
vt 0.76784700155258179 0.91636499762535095
vt 0.71977198123931885 0.93201400339603424
vt 0.68877601623535156 0.94630699977278709
vt 0.72552502155303955 0.94126600027084351
vt 0.78754597902297974 0.94113700091838837
vt 0.69742602109909058 0.96855299919843674
vt 0.8485180139541626 0.95646199956536293
vt 0.74710202217102051 0.97076399996876717
vt 0.80668401718139648 0.96391300112009048
vt 0.97073197364807129 0.97888300009071827
vt 0.72627997398376465 0.94965900108218193
vt 0.84051799774169922 0.96019300073385239
vt 0.73978501558303833 0.94691300019621849
vt 0.81022900342941284 0.9708660002797842
vt 0.78231102228164673 0.94553900137543678
vt 0.74188399314880371 0.97189800068736076
vt 0.80580002069473267 0.97208200022578239
vt 0.83215397596359253 0.94536200165748596
vt 0.76446700096130371 0.92140500247478485
vt 0.71762001514434814 0.93478599935770035
vt 0.67212402820587158 0.94615599885582924
vt 0.8506770133972168 0.97287699952721596
vt 0.85252100229263306 0.96869999915361404
vt 0.92214399576187134 0.9701519999653101
vt 0.92213302850723267 0.97413999959826469
vt 0.93804800510406494 0.96595500037074089
vt 0.93720102310180664 0.96721300110220909
vt 0.97370302677154541 0.99539100006222725
vt 0.82654398679733276 0.99527599988505244
vt 0.81917500495910645 0.99735599989071488
vt 0.86079001426696777 0.99502599984407425
vt 0.75450897216796875 0.99708899995312095
vt 0.96973800659179688 0.99757299991324544
vt 0.71536999940872192 0.99528300017118454
vt 0.64543598890304565 0.96067000180482864
vt 0.86633598804473877 0.9727379996329546
vt 0.86406302452087402 0.96759599819779396
vt 0.67492902278900146 0.94416899979114532
vt 0.7509009838104248 0.91534599661827087
vt 0.91943597793579102 0.96787299960851669
vt 0.93307900428771973 0.96303499862551689
vt 0.93339699506759644 0.94075199961662292
vt 0.93125498294830322 0.92386499792337418
vt 0.92638999223709106 0.90529400110244751
vt 0.92391902208328247 0.89411699771881104
vt 0.92732799053192139 0.89511100202798843
vt 0.95288801193237305 0.90392299741506577
vt 0.97051101922988892 0.92642699927091599
vt 0.97362399101257324 0.94990399852395058
vt 0.96890002489089966 0.96149900183081627
vt 0.9340900182723999 0.9608209989964962
vt 0.69416797161102295 0.97120399959385395
vt 0.72364199161529541 0.90928900241851807
vt 0.62989199161529541 0.82700900733470917
vt 0.61611300706863403 0.81728999316692352
vt 0.59732800722122192 0.80077700316905975
vt 0.5813789963722229 0.80547000467777252
vt 0.58198297023773193 0.81844300031661987
vt 0.63467997312545776 0.85666300356388092
vt 0.65090501308441162 0.86725300550460815
vt 0.60821902751922607 0.82759800553321838
vt 0.7119860053062439 0.91090899705886841
vt 0.67085301876068115 0.87077100574970245
vt 0.65230298042297363 0.85860200226306915
vt 0.72355401515960693 0.92838799953460693
vt 0.63103699684143066 0.84393000602722168
vt 0.59148299694061279 0.81279100477695465
vt 0.59525400400161743 0.85231600701808929
vt 0.56970202922821045 0.83041299879550934
vt 0.56149297952651978 0.81862899661064148
vt 0.55097901821136475 0.80910499393939972
vt 0.53527700901031494 0.80938200652599335
vt 0.52961397171020508 0.82159499824047089
vt 0.54225599765777588 0.8338250070810318
vt 0.55684000253677368 0.8469569981098175
vt 0.59259700775146484 0.86198499798774719
vt 0.57450801134109497 0.8497609943151474
vt 0.75428199768066406 0.90178699791431427
vt 0.73222100734710693 0.88126900047063828
vt 0.71819597482681274 0.84451399743556976
vt 0.67487400770187378 0.81036399304866791
vt 0.65536701679229736 0.78951799869537354
vt 0.80225199460983276 0.93947900086641312
vt 0.77982598543167114 0.92034199833869934
vt 0.76373898983001709 0.89950399845838547
vt 0.74877899885177612 0.8830299973487854
vt 0.72687000036239624 0.86207699775695801
vt 0.70260101556777954 0.84751899540424347
vt 0.67673099040985107 0.83038100600242615
vt 0.65393197536468506 0.81354899704456329
vt 0.62878900766372681 0.77309499680995941
vt 0.92443001270294189 0.74696600437164307
vt 0.92038500308990479 0.77331900596618652
vt 0.89449101686477661 0.76311799883842468
vt 0.87871700525283813 0.75138199329376221
vt 0.98392999172210693 0.97392800077795982
vt 0.57115799188613892 0.72109100222587585
vt 0.77644497156143188 0.81818099319934845
vt 0.73339897394180298 0.82512199878692627
vt 0.69209897518157959 0.87448400259017944
vt 0.68776899576187134 0.87693700194358826
vt 0.72182899713516235 0.89097800105810165
vt 0.71087098121643066 0.89874199777841568
vt 0.69670200347900391 0.90581899881362915
vt 0.69016802310943604 0.90647000074386597
vt 0.68214201927185059 0.91090100258588791
vt 0.69040197134017944 0.90833999961614609
vt 0.68147397041320801 0.91291899979114532
vt 0.66828399896621704 0.88183899968862534
vt 0.6564980149269104 0.88844399899244308
vt 0.67976701259613037 0.87861999869346619
vt 0.58457398414611816 0.90577299892902374
vt 0.61327898502349854 0.913223996758461
vt 0.62729901075363159 0.92505499720573425
vt 0.63344597816467285 0.93342600017786026
vt 0.63186901807785034 0.93551900237798691
vt 0.624409019947052 0.91088800132274628
vt 0.61560100317001343 0.90813499689102173
vt 0.59687197208404541 0.90813499689102173
vt 0.60689902305603027 0.90271399915218353
vt 0.61994802951812744 0.90275599807500839
vt 0.5997999906539917 0.89236900210380554
vt 0.58449101448059082 0.86669500172138214
vt 0.50626802444458008 0.82405799627304077
vt 0.52272802591323853 0.81732399761676788
vt 0.57865101099014282 0.87062600255012512
vt 0.55331897735595703 0.85010600090026855
vt 0.53658002614974976 0.83943699300289154
vt 0.5252150297164917 0.8983599990606308
vt 0.51367497444152832 0.89464300125837326
vt 0.53995299339294434 0.90846499800682068
vt 0.54111099243164062 0.79169400036334991
vt 0.54451000690460205 0.78097599744796753
vt 0.52138602733612061 0.81114000082015991
vt 0.48847600817680359 0.81788100302219391
vt 0.49297699332237244 0.80273699760437012
vt 0.50009697675704956 0.79507000744342804
vt 0.49761798977851868 0.79994599521160126
vt 0.5468829870223999 0.78542500734329224
vt 0.83278501033782959 0.84104299545288086
vt 0.98709899187088013 0.84442999958992004
vt 0.78906697034835815 0.8206309974193573
vt 0.83223700523376465 0.82278800010681152
vt 0.8740609884262085 0.82441599667072296
vt 0.91913598775863647 0.8259039968252182
vt 0.8120269775390625 0.82122999429702759
vt 0.85386097431182861 0.81121200323104858
vt 0.85748898983001709 0.8237839937210083
vt 0.90576499700546265 0.82547900080680847
vt 0.97772800922393799 0.82828100025653839
vt 0.94689899682998657 0.82716099917888641
vt 0.82714599370956421 0.80735599994659424
vt 0.87192100286483765 0.80931800603866577
vt 0.91729402542114258 0.80999499559402466
vt 0.82643699645996094 0.81113700568675995
vt 0.871101975440979 0.81317399442195892
vt 0.91661697626113892 0.81418800354003906
vt 0.81697702407836914 0.81026600301265717
vt 0.86166298389434814 0.81252400577068329
vt 0.9080970287322998 0.81005099415779114
vt 0.90863901376724243 0.81401500105857849
vt 0.97898197174072266 0.81200799345970154
vt 0.97755897045135498 0.81543199717998505
vt 0.96275901794433594 0.80812600255012512
vt 0.96287500858306885 0.81266400218009949
vt 0.95365101099014282 0.81256599724292755
vt 0.95738601684570312 0.82049700617790222
vt 0.5168120265007019 0.85539600253105164
vt 0.51144099235534668 0.87048999965190887
vt 0.52073997259140015 0.86110199987888336
vt 0.51470601558685303 0.87203699350357056
vt 0.5332760214805603 0.85108399391174316
vt 0.5757489800453186 0.74003198742866516
vt 0.9789620041847229 0.97437399998307228
vt 0.58691900968551636 0.755731001496315
vt 0.60352897644042969 0.7666659951210022
vt 0.93920201063156128 0.76048900187015533
vt 0.57358098030090332 0.88367000222206116
vt 0.68308001756668091 0.95814700052142143
vt 0.6385759711265564 0.94820600003004074
vt 0.68561798334121704 0.95669500157237053
vt 0.52830302715301514 0.92881499975919724
vt 0.54306799173355103 0.93057899922132492
vt 0.53367799520492554 0.9475179985165596
vt 0.54753398895263672 0.93104699999094009
vt 0.5806419849395752 0.93830600008368492
vt 0.61149799823760986 0.9489860013127327
vt 0.61475300788879395 0.95101900026202202
vt 0.52470499277114868 0.91639599949121475
vt 0.56657499074935913 0.90102399885654449
vt 0.61281299591064453 0.9134489968419075
vt 0.62026000022888184 0.93241400271654129
vt 0.58938801288604736 0.91883900016546249
vt 0.56223201751708984 0.91689900308847427
vt 0.65276902914047241 0.92451900243759155
vt 0.55597400665283203 0.84013499319553375
vt 0.59459102153778076 0.82874499261379242
vt 0.76696699857711792 0.8506540060043335
vt 0.69893497228622437 0.91134899854660034
vt 0.71832901239395142 0.90254499763250351
vt 0.71085500717163086 0.86958500742912292
vt 0.79814797639846802 0.91580300033092499
vt 0.9939039945602417 0.96019800007343292
vt 0.99307197332382202 0.93904700130224228
vt 0.98668599128723145 0.85847300291061401
vt 0.98772501945495605 0.91542399674654007
vt 0.78624999523162842 0.85510100424289703
vt 0.56332701444625854 0.82600800693035126
vt 0.63531702756881714 0.81312400102615356
vt 0.75857901573181152 0.81968300044536591
vt 0.73718500137329102 0.81783099472522736
vt 0.7899940013885498 0.83586899936199188
vt 0.842507004737854 0.76731699705123901
vt 0.6856989860534668 0.80628299713134766
vt 0.96701502799987793 0.80379100143909454
vt 0.85779100656509399 0.77571700513362885
vt 0.86475801467895508 0.75521300733089447
vt 0.54413998126983643 0.79417699575424194
vt 0.59688502550125122 0.79180300235748291
vt 0.63167101144790649 0.78792400658130646
vt 0.68595200777053833 0.77206400036811829
vt 0.70994800329208374 0.76262299716472626
vt 0.63265198469161987 0.77591300010681152
vt 0.68320000171661377 0.76174600422382355
vt 0.47710099816322327 0.80116899311542511
vt 0.76525801420211792 0.81231999397277832
vt 0.74195200204849243 0.79706099629402161
vt 0.72467297315597534 0.78494599461555481
vt 0.77624297142028809 0.80623799562454224
vt 0.75559902191162109 0.79058299958705902
vt 0.73982799053192139 0.77774299681186676
vt 0.49893701076507568 0.90910500288009644
vt 0.48866298794746399 0.83545100688934326
vt 0.5035099983215332 0.8636229932308197
vt 0.43763598799705505 0.8127949982881546
vt 0.43873998522758484 0.82586400210857391
vt 0.53104501962661743 0.8499390035867691
vt 0.51350301504135132 0.87404300272464752
vt 0.48640599846839905 0.84891599416732788
vt 0.51865297555923462 0.79821799695491791
vt 0.51313000917434692 0.83892999589443207
vt 0.49435800313949585 0.84306199848651886
vt 0.49221199750900269 0.85256600379943848
vt 0.50149399042129517 0.86046500504016876
vt 0.50498098134994507 0.84822499752044678
vt 0.49992099404335022 0.84459899365901947
vt 0.53545999526977539 0.86885799467563629
vt 0.67403101921081543 0.84071299433708191
vt 0.98326802253723145 0.97142799943685532
vt 0.56725102663040161 0.70565900206565857
vt 0.78893798589706421 0.88071899861097336
vt 0.86785602569580078 0.85524000227451324
vt 0.87942802906036377 0.81226100027561188
vt 0.89621299505233765 0.8925819993019104
vt 0.92328798770904541 0.85726100206375122
vt 0.92426401376724243 0.81353700160980225
vt 0.82528197765350342 0.88983699679374695
vt 0.66019099950790405 0.92194099724292755
vt 0.6384660005569458 0.89873900264501572
vt 0.68311202526092529 0.92794399708509445
vt 0.66193801164627075 0.9113909974694252
vt 0.64678001403808594 0.89571800082921982
vt 0.73110800981521606 0.91756799817085266
vt 0.97261399030685425 0.97743099927902222
vt 0.83430498838424683 0.94284899905323982
vt 0.71977198123931885 0.93201400339603424
vt 0.68877601623535156 0.94630699977278709
vt 0.73073601722717285 0.94767000153660774
vt 0.78754597902297974 0.94113700091838837
vt 0.69742602109909058 0.96855299919843674
vt 0.84451800584793091 0.95832699909806252
vt 0.74710202217102051 0.97076399996876717
vt 0.80668401718139648 0.96391300112009048
vt 0.97073197364807129 0.97888300009071827
vt 0.72627997398376465 0.94965900108218193
vt 0.73978501558303833 0.94691300019621849
vt 0.81022900342941284 0.9708660002797842
vt 0.78231000900268555 0.94553900137543678
vt 0.74188399314880371 0.97189800068736076
vt 0.80580002069473267 0.97208200022578239
vt 0.76446700096130371 0.92140500247478485
vt 0.71762001514434814 0.93478599935770035
vt 0.67212402820587158 0.94615599885582924
vt 0.85252100229263306 0.96869999915361404
vt 0.92213201522827148 0.97413999959826469
vt 0.93720102310180664 0.96721300110220909
vt 0.64325797557830811 0.98392800055444241
vt 0.76252400875091553 0.99555099988356233
vt 0.70761102437973022 0.99639500002376735
vt 0.92854702472686768 0.9971429998986423
vt 0.64543598890304565 0.96067000180482864
vt 0.86577898263931274 0.96732300147414207
vt 0.67492902278900146 0.94416899979114532
vt 0.91943597793579102 0.96787299960851669
vt 0.90287601947784424 0.94356200098991394
vt 0.89786100387573242 0.91319999843835831
vt 0.93358397483825684 0.96192799881100655
vt 0.69416797161102295 0.97120399959385395
vt 0.66079097986221313 0.85240200161933899
vt 0.61611300706863403 0.81728999316692352
vt 0.59732800722122192 0.80077700316905975
vt 0.5813789963722229 0.80547000467777252
vt 0.58198297023773193 0.81844300031661987
vt 0.64311397075653076 0.86354599893093109
vt 0.60821902751922607 0.82759800553321838
vt 0.7119860053062439 0.91090899705886841
vt 0.65626102685928345 0.86101900041103363
vt 0.72355401515960693 0.92838799953460693
vt 0.59148299694061279 0.81279100477695465
vt 0.60586899518966675 0.8604079931974411
vt 0.56149297952651978 0.81862899661064148
vt 0.55097901821136475 0.80910499393939972
vt 0.60065102577209473 0.87048999965190887
vt 0.73979097604751587 0.89281199872493744
vt 0.70904898643493652 0.83320699632167816
vt 0.80225300788879395 0.93947900086641312
vt 0.77383601665496826 0.91835299879312515
vt 0.75625902414321899 0.89126700162887573
vt 0.72687000036239624 0.86207699775695801
vt 0.68966597318649292 0.83894999325275421
vt 0.65393197536468506 0.81354899704456329
vt 0.92443001270294189 0.74696600437164307
vt 0.92038500308990479 0.77331900596618652
vt 0.89449101686477661 0.76311799883842468
vt 0.57115799188613892 0.72109100222587585
vt 0.98392999172210693 0.97392800077795982
vt 0.77644497156143188 0.81818099319934845
vt 0.78929001092910767 0.80816799402236938
vt 0.73339897394180298 0.82512199878692627
vt 0.68993401527404785 0.87571000307798386
vt 0.66965901851654053 0.88226500153541565
vt 0.67976701259613037 0.87861999869346619
vt 0.63037300109863281 0.92924000322818756
vt 0.62786799669265747 0.93056699633598328
vt 0.624409019947052 0.91088800132274628
vt 0.61560100317001343 0.90813499689102173
vt 0.59072297811508179 0.90695399791002274
vt 0.60689902305603027 0.90271399915218353
vt 0.62643301486968994 0.90185900032520294
vt 0.60584300756454468 0.88859499990940094
vt 0.51269799470901489 0.82667100429534912
vt 0.57865101099014282 0.87062600255012512
vt 0.54495000839233398 0.84477099776268005
vt 0.52480798959732056 0.8903919979929924
vt 0.53995299339294434 0.90846499800682068
vt 0.54451000690460205 0.78097599744796753
vt 0.52952802181243896 0.81234100461006165
vt 0.48847600817680359 0.81788100302219391
vt 0.49297699332237244 0.80273699760437012
vt 0.50009697675704956 0.79507000744342804
vt 0.47578001022338867 0.79731999337673187
vt 0.43597400188446045 0.80865299701690674
vt 0.5163159966468811 0.79117999970912933
vt 0.54822301864624023 0.78634700179100037
vt 0.54787802696228027 0.77605299651622772
vt 0.50694799423217773 0.79138299822807312
vt 0.83090299367904663 0.85374699532985687
vt 0.78906697034835815 0.8206309974193573
vt 0.83223700523376465 0.82278800010681152
vt 0.8740609884262085 0.82441599667072296
vt 0.91913598775863647 0.8259039968252182
vt 0.80895900726318359 0.80866199731826782
vt 0.8120269775390625 0.82122999429702759
vt 0.85748898983001709 0.8237839937210083
vt 0.90036100149154663 0.81297400593757629
vt 0.90576499700546265 0.82547900080680847
vt 0.98542600870132446 0.81739999353885651
vt 0.97772800922393799 0.82828100025653839
vt 0.9416239857673645 0.81465399265289307
vt 0.94689899682998657 0.82716099917888641
vt 0.82643699645996094 0.81113700568675995
vt 0.871101975440979 0.81317399442195892
vt 0.91661697626113892 0.81418800354003906
vt 0.81682199239730835 0.80659200251102448
vt 0.81697702407836914 0.81026600301265717
vt 0.86136800050735474 0.80865299701690674
vt 0.86166298389434814 0.81252400577068329
vt 0.90863901376724243 0.81401500105857849
vt 0.97755897045135498 0.81543199717998505
vt 0.96287500858306885 0.81266400218009949
vt 0.95738601684570312 0.82049700617790222
vt 0.50725400447845459 0.86443699896335602
vt 0.51398897171020508 0.85392199456691742
vt 0.52073997259140015 0.86110199987888336
vt 0.5757489800453186 0.74003198742866516
vt 0.9789620041847229 0.97437399998307228
vt 0.58691900968551636 0.755731001496315
vt 0.60352897644042969 0.7666659951210022
vt 0.93920201063156128 0.76048900187015533
vt 0.57358098030090332 0.88367000222206116
vt 0.68308001756668091 0.95814700052142143
vt 0.6385759711265564 0.94820600003004074
vt 0.68561798334121704 0.95669500157237053
vt 0.56321197748184204 0.10961902141571045
vt 0.68112200498580933 0.1273840069770813
vt 0.68970602750778198 0.12723398208618164
vt 0.71996200084686279 0.12670600414276123
vt 0.56321197748184204 0.14896601438522339
vt 0.56321197748184204 0.12101501226425171
vt 0.56321197748184204 0.10111898183822632
vt 0.56321197748184204 0.16888302564620972
vt 0.56321197748184204 0.16036200523376465
vt 0.72849500179290771 0.12655699253082275
vt 0.56321197748184204 0.17574697732925415
vt 0.56321197748184204 0.094281017780303955
vt 0.61825501918792725 0.12484800815582275
vt 0.64126002788543701 0.12486499547958374
vt 0.6412699818611145 0.11948698759078979
vt 0.61825001239776611 0.11947298049926758
vt 0.61601102352142334 0.12685000896453857
vt 0.61601799726486206 0.11691397428512573
vt 0.64350599050521851 0.11693000793457031
vt 0.64350098371505737 0.12686902284622192
vt 0.63581401109695435 0.1306689977645874
vt 0.63580799102783203 0.13765901327133179
vt 0.62368601560592651 0.13764899969100952
vt 0.62369197607040405 0.13065999746322632
vt 0.93209397792816162 0.6947920024394989
vt 0.68882298469543457 0.64958900213241577
vt 0.92783999443054199 0.37817800045013428
vt 0.92304497957229614 0.41514098644256592
vt 0.92159098386764526 0.44007599353790283
vt 0.93605601787567139 0.34091001749038696
vt 0.93286502361297607 0.35351800918579102
vt 0.88274502754211426 0.38525998592376709
vt 0.87963598966598511 0.41254597902297974
vt 0.87809997797012329 0.4399150013923645
vt 0.89384597539901733 0.33199799060821533
vt 0.88745599985122681 0.35822898149490356
vt 0.94720000028610229 0.37862199544906616
vt 0.94369101524353027 0.40224498510360718
vt 0.9414830207824707 0.42606598138809204
vt 0.95823800563812256 0.3339189887046814
vt 0.95191097259521484 0.35544097423553467
vt 0.46350398659706116 0.15546602010726929
vt 0.32898199558258057 0.11660200357437134
vt 0.039519999176263809 0.17165201902389526
vt 0.039459999650716782 0.1748579740524292
vt 0.19221900403499603 0.12586599588394165
vt 0.063014999032020569 0.18678498268127441
vt 0.047244999557733536 0.1867859959602356
vt 0.047244999557733536 0.19632399082183838
vt 0.58088201284408569 0.64831799268722534
vt 0.59623801708221436 0.64919200539588928
vt 0.62360101938247681 0.64715299010276794
vt 0.3319070041179657 0.093859970569610596
vt 0.21191200613975525 0.058669984340667725
vt 0.078891001641750336 0.30917602777481079
vt 0.078891001641750336 0.32182997465133667
vt 0.18888199329376221 0.0034719705581665039
vt 0.19447100162506104 0.0031049847602844238
vt 0.034294001758098602 0.060459017753601074
vt 0.021320000290870667 0.069535017013549805
vt 0.0067540002055466175 0.084695994853973389
vt 0.0039599998854100704 0.073472976684570312
vt 0.055564001202583313 0.054138004779815674
vt 0.06722799688577652 0.055872976779937744
vt 0.0079169999808073044 0.096441984176635742
vt 0.042920999228954315 0.047646999359130859
vt 0.18561699986457825 0.06176602840423584
vt 0.18678699433803558 0.11535000801086426
vt 0.3610990047454834 0.026817977428436279
vt 0.36178401112556458 0.033464014530181885
vt 0.36549800634384155 0.0262870192527771
vt 0.36061900854110718 0.022836029529571533
vt 0.36501899361610413 0.022306978702545166
vt 0.35973000526428223 0.015428006649017334
vt 0.36061900854110718 0.022836029529571533
vt 0.36501899361610413 0.022306978702545166
vt 0.36412999033927917 0.014900028705596924
vt 0.36038500070571899 0.18976998329162598
vt 0.35713401436805725 0.17564100027084351
vt 0.34719398617744446 0.18971997499465942
vt 0.36051800847053528 0.15372097492218018
vt 0.36140099167823792 0.16779297590255737
vt 0.36140099167823792 0.17440199851989746
vt 0.36680600047111511 0.17434102296829224
vt 0.63329201936721802 0.62453499436378479
vt 0.63170498609542847 0.60766500234603882
vt 0.63548898696899414 0.64434599876403809
vt 0.0079399999231100082 0.12902498245239258
vt 0.0069209998473525047 0.14997798204421997
vt 0.36367401480674744 0.0019990205764770508
vt 0.36368998885154724 0.013400018215179443
vt 0.36629799008369446 0.013396024703979492
vt 0.37569200992584229 0.0085849761962890625
vt 0.36680600047111511 0.18517601490020752
vt 0.36140099167823792 0.18517601490020752
vt 0.37029200792312622 0.18479901552200317
vt 0.3676849901676178 0.18414700031280518
vt 0.3676849901676178 0.19152498245239258
vt 0.36152699589729309 0.18568402528762817
vt 0.36152699589729309 0.1913599967956543
vt 0.3668380081653595 0.1913599967956543
vt 0.36244300007820129 0.0015050172805786133
vt 0.36235898733139038 0.013943016529083252
vt 0.3319070041179657 0.093859970569610596
vt 0.34189298748970032 0.1143149733543396
vt 0.34519499540328979 0.095492005348205566
vt 0.35923498868942261 0.050306022167205811
vt 0.36630898714065552 0.021022021770477295
vt 0.33156400918960571 0.02737802267074585
vt 0.21162700653076172 0.0050590038299560547
vt 0.4221000075340271 0.20831298828125
vt 0.41080299019813538 0.19459998607635498
vt 0.39303600788116455 0.19446200132369995
vt 0.35651201009750366 0.21932798624038696
vt 0.5173569917678833 0.65638399124145508
vt 0.078891001641750336 0.35814601182937622
vt 0.078891001641750336 0.33978599309921265
vt 0.027503000572323799 0.35814601182937622
vt 0.35640400648117065 0.12175601720809937
vt 0.39558300375938416 0.12175601720809937
vt 0.39558300375938416 0.082069993019104004
vt 0.35640400648117065 0.082069993019104004
vt 0.35640400648117065 0.068651974201202393
vt 0.39558300375938416 0.068651974201202393
vt 0.38512200117111206 0.021928012371063232
vt 0.36645200848579407 0.021928012371063232
vt 0.36486300826072693 0.24320900440216064
vt 0.37428900599479675 0.2712550163269043
vt 0.034049998968839645 0.36013501882553101
vt 0.034109000116586685 0.37824702262878418
vt 0.11251199990510941 0.056551992893218994
vt 0.53395199775695801 0.65638399124145508
vt 0.055305998772382736 0.2029610276222229
vt 0.055311001837253571 0.23581600189208984
vt 0.20520800352096558 0.23579299449920654
vt 0.032242998480796814 0.52227699756622314
vt 0.46583199501037598 0.65638399124145508
vt 0.53526502847671509 0.62961700558662415
vt 0.57420700788497925 0.629364013671875
vt 0.49340400099754333 0.63025099039077759
vt 0.51998698711395264 0.62929999828338623
vt 0.2409529983997345 0.62843000888824463
vt 0.24100400507450104 0.65638399124145508
vt 0.10882800072431564 0.52792999148368835
vt 0.24521699547767639 0.42978900671005249
vt 0.53525400161743164 0.48847299814224243
vt 0.54137700796127319 0.47103101015090942
vt 0.53157597780227661 0.50553798675537109
vt 0.39141899347305298 0.14399701356887817
vt 0.39724001288414001 0.14399701356887817
vt 0.36740699410438538 0.34085100889205933
vt 0.3715440034866333 0.39358001947402954
vt 0.37164199352264404 0.34085899591445923
vt 0.35141000151634216 0.39667600393295288
vt 0.34686499834060669 0.34632301330566406
vt 0.33403199911117554 0.35197800397872925
vt 0.33453500270843506 0.35949802398681641
vt 0.34469300508499146 0.36777400970458984
vt 0.36677899956703186 0.34726399183273315
vt 0.38624599575996399 0.026601016521453857
vt 0.390951007604599 0.023411989212036133
vt 0.38677799701690674 0.022825002670288086
vt 0.39193901419639587 0.016385972499847412
vt 0.38776600360870361 0.015798985958099365
vt 0.38677799701690674 0.022825002670288086
vt 0.39419299364089966 0.17609500885009766
vt 0.39159101247787476 0.19079500436782837
vt 0.40448799729347229 0.19079399108886719
vt 0.39159199595451355 0.15325897932052612
vt 0.38995799422264099 0.16748702526092529
vt 0.38495901226997375 0.17415398359298706
vt 0.38995799422264099 0.17409199476242065
vt 0.53124302625656128 0.62464600801467896
vt 0.53039199113845825 0.60832801461219788
vt 0.529774010181427 0.58820098638534546
vt 0.5294029712677002 0.54578700661659241
vt 0.52876102924346924 0.56442001461982727
vt 0.387704998254776 0.013365983963012695
vt 0.38768899440765381 0.0019649863243103027
vt 0.38495901226997375 0.18492799997329712
vt 0.38995799422264099 0.18492799997329712
vt 0.36849001049995422 0.18346500396728516
vt 0.38315799832344055 0.18346500396728516
vt 0.38387399911880493 0.1844019889831543
vt 0.38135999441146851 0.1850699782371521
vt 0.38387399911880493 0.19149601459503174
vt 0.38489198684692383 0.19136697053909302
vt 0.38999399542808533 0.19136697053909302
vt 0.38999399542808533 0.18558198213577271
vt 0.38892099261283875 0.0025680065155029297
vt 0.38878801465034485 0.015006005764007568
vt 0.50077497959136963 0.17315202951431274
vt 0.39160498976707458 0.14512801170349121
vt 0.029485000297427177 0.23333299160003662
vt 0.050322998315095901 0.23333197832107544
vt 0.050322998315095901 0.20417302846908569
vt 0.034988000988960266 0.20417302846908569
vt 0.48242500424385071 0.65638399124145508
vt 0.53985399007797241 0.59788200259208679
vt 0.5390089750289917 0.61153501272201538
vt 0.63035297393798828 0.58484899997711182
vt 0.078891001641750336 0.24676799774169922
vt 0.027503000572323799 0.24676799774169922
vt 0.37930500507354736 0.21116197109222412
vt 0.41778001189231873 0.22949200868606567
vt 0.30595898628234863 0.61490699648857117
vt 0.29063001275062561 0.61572599411010742
vt 0.29302600026130676 0.62843000888824463
vt 0.31271898746490479 0.62763801217079163
vt 0.037424001842737198 0.35994702577590942
vt 0.04480300098657608 0.35967499017715454
vt 0.46480399370193481 0.6267009973526001
vt 0.32723599672317505 0.20291000604629517
vt 0.32724499702453613 0.23576498031616211
vt 0.12984800338745117 0.052486002445220947
vt 0.35482901334762573 0.14525300264358521
vt 0.3598330020904541 0.14525300264358521
vt 0.32308900356292725 0.12568497657775879
vt 0.33760601282119751 0.37494802474975586
vt 0.33834201097488403 0.42291301488876343
vt 0.33922800421714783 0.40884101390838623
vt 0.63179397583007812 0.56342700123786926
vt 0.53530699014663696 0.63322100043296814
vt 0.5746229887008667 0.61819198727607727
vt 0.065493002533912659 0.17764502763748169
vt 0.43771499395370483 0.63255000114440918
vt 0.4422450065612793 0.62614598870277405
vt 0.29059100151062012 0.58332899212837219
vt 0.10003899782896042 0.61257299780845642
vt 0.088119000196456909 0.57398700714111328
vt 0.091599002480506897 0.59412801265716553
vt 0.090025998651981354 0.55738601088523865
vt 0.095311000943183899 0.54260998964309692
vt 0.45146000385284424 0.6247900128364563
vt 0.29734200239181519 0.57643699645996094
vt 0.297434002161026 0.56059899926185608
vt 0.30183500051498413 0.54490900039672852
vt 0.23584200441837311 0.42215698957443237
vt 0.24178500473499298 0.53473600745201111
vt 0.24213999509811401 0.52934199571609497
vt 0.10955899953842163 0.52931299805641174
vt 0.11506800353527069 0.53505301475524902
vt 0.29081600904464722 0.62732499837875366
vt 0.28356200456619263 0.62349799275398254
vt 0.11204099655151367 0.62728598713874817
vt 0.29351198673248291 0.54138201475143433
vt 0.3023580014705658 0.53950598835945129
vt 0.29727700352668762 0.5367330014705658
vt 0.28756898641586304 0.59543699026107788
vt 0.28732898831367493 0.58492699265480042
vt 0.29005798697471619 0.58260399103164673
vt 0.28821799159049988 0.58009800314903259
vt 0.2854979932308197 0.54633000493049622
vt 0.28053799271583557 0.55869400501251221
vt 0.27275699377059937 0.5994110107421875
vt 0.27668499946594238 0.60355600714683533
vt 0.31517300009727478 0.62726500630378723
vt 0.3131909966468811 0.61471599340438843
vt 0.31130298972129822 0.59540000557899475
vt 0.31071498990058899 0.58586901426315308
vt 0.30878999829292297 0.5913270115852356
vt 0.28755998611450195 0.55558100342750549
vt 0.28589498996734619 0.57318601012229919
vt 0.28453698754310608 0.57648199796676636
vt 0.28775501251220703 0.57837399840354919
vt 0.30379900336265564 0.59798699617385864
vt 0.30067399144172668 0.59569498896598816
vt 0.30224499106407166 0.54056200385093689
vt 0.24380399286746979 0.52961200475692749
vt 0.54168397188186646 0.55738899111747742
vt 0.54960602521896362 0.62108498811721802
vt 0.3670240044593811 0.26779597997665405
vt 0.3715440034866333 0.39358001947402954
vt 0.36740699410438538 0.34085100889205933
vt 0.37164199352264404 0.34085899591445923
vt 0.25484201312065125 0.33400100469589233
vt 0.32384198904037476 0.33400100469589233
vt 0.25484201312065125 0.37026798725128174
vt 0.32384198904037476 0.37026798725128174
vt 0.42517000436782837 0.14277797937393188
vt 0.41743698716163635 0.14277797937393188
vt 0.42517000436782837 0.18728697299957275
vt 0.41743698716163635 0.18728697299957275
vt 0.53678399324417114 0.66887998580932617
vt 0.53645801544189453 0.67432200908660889
vt 0.016564000397920609 0.7979079931974411
vt 0.047247998416423798 0.8261830061674118
vt 0.065269000828266144 0.79827700555324554
vt 0.53714299201965332 0.66402199864387512
vt 0.53754699230194092 0.65921899676322937
vt 0.057165000587701797 0.030224978923797607
vt 0.081623002886772156 0.014204025268554688
vt 0.074952997267246246 0.018644988536834717
vt 0.079483002424240112 0.022181987762451172
vt 0.074952997267246246 0.018644988536834717
vt 0.078511998057365417 0.004382014274597168
vt 0.060005001723766327 0.001573026180267334
vt 0.0064320000819861889 0.051699995994567871
vt 0.050420001149177551 0.043464004993438721
vt 0.091886997222900391 0.047188997268676758
vt 0.082999996840953827 0.009895026683807373
vt 0.085676997900009155 0.011904001235961914
vt 0.089101001620292664 0.004073023796081543
vt 0.19146700203418732 0.029254019260406494
vt 0.19226199388504028 0.019906997680664062
vt 0.099578000605106354 0.022041022777557373
vt 0.18529100716114044 0.021831989288330078
vt 0.094517998397350311 0.025545001029968262
vt 0.0971670001745224 0.013791024684906006
vt 0.094194002449512482 0.017171025276184082
vt 0.085676997900009155 0.011904001235961914
vt 0.082999996840953827 0.009895026683807373
vt 0.18529100716114044 0.021831989288330078
vt 0.19226199388504028 0.019906997680664062
vt 0.19226199388504028 0.019906997680664062
vt 0.18810400366783142 0.012158989906311035
vt 0.18832799792289734 0.014814019203186035
vt 0.18945799767971039 0.017409026622772217
vt 0.18810400366783142 0.012158989906311035
vt 0.18274800479412079 0.013581991195678711
vt 0.18558299541473389 0.015641987323760986
vt 0.18274800479412079 0.013581991195678711
vt 0.18529100716114044 0.021831989288330078
vt 0.18643699586391449 0.018525004386901855
vt 0.083129003643989563 0.032450973987579346
vt 0.19111000001430511 0.050620019435882568
vt 0.089101001620292664 0.004073023796081543
vt 0.18361799418926239 0.0047529935836791992
vt 0.17478799819946289 0.034600973129272461
vt 0.093111000955104828 0.27709698677062988
vt 0.14208799600601196 0.277351975440979
vt 0.092687003314495087 0.35740900039672852
vt 0.14166399836540222 0.357666015625
vt 0.15171100199222565 0.33563798666000366
vt 0.19822999835014343 0.33606100082397461
vt 0.1869329959154129 0.24078702926635742
vt 0.16507700085639954 0.24044597148895264
vt 0.21655100584030151 0.24939602613449097
vt 0.23929800093173981 0.24934297800064087
vt 0.21675699949264526 0.34109097719192505
vt 0.23950299620628357 0.34104102849960327
vt 0.31072899699211121 0.13095599412918091
vt 0.31442299485206604 0.14235401153564453
vt 0.2990649938583374 0.15255200862884521
vt 0.29032701253890991 0.16866302490234375
vt 0.31500500440597534 0.15673398971557617
vt 0.29802599549293518 0.13204997777938843
vt 0.30021300911903381 0.14344298839569092
vt 0.31521600484848022 0.16988497972488403
vt 0.28198701143264771 0.32612502574920654
vt 0.30828401446342468 0.32596701383590698
vt 0.27418899536132812 0.25327301025390625
vt 0.31522199511528015 0.2530289888381958
vt 0.35375499725341797 0.33674502372741699
vt 0.34167000651359558 0.33674502372741699
vt 0.32784798741340637 0.27244102954864502
vt 0.35374501347541809 0.25861400365829468
vt 0.9486510157585144 0.40944802761077881
vt 0.94465601444244385 0.40944898128509521
vt 0.94467097520828247 0.47637802362442017
vt 0.96794599294662476 0.35906898975372314
vt 0.96757400035858154 0.37408697605133057
vt 0.97098898887634277 0.35949897766113281
vt 0.9658210277557373 0.38308501243591309
vt 0.96110701560974121 0.39378601312637329
vt 0.96406799554824829 0.39462298154830933
vt 0.97113001346588135 0.47636997699737549
vt 0.99713701009750366 0.43214297294616699
vt 0.98837900161743164 0.42952102422714233
vt 0.96061301231384277 0.44749802350997925
vt 0.9528539776802063 0.44501501321792603
vt 0.99447500705718994 0.553600013256073
vt 0.97500401735305786 0.57591098546981812
vt 0.95852798223495483 0.40060102939605713
vt 0.96142399311065674 0.40318500995635986
vt 0.97242200374603271 0.34917199611663818
vt 0.957846999168396 0.48643398284912109
vt 0.95126801729202271 0.48643499612808228
vt 0.97301799058914185 0.54696300625801086
vt 0.99122202396392822 0.54696199297904968
vt 0.99122202396392822 0.53668799996376038
vt 0.97301799058914185 0.53668901324272156
vt 0.97018498182296753 0.48404598236083984
vt 0.97492802143096924 0.56630098819732666
vt 0.96696901321411133 0.61785298585891724
vt 0.96973299980163574 0.55358999967575073
vt 0.95305001735687256 0.40755897760391235
vt 0.95303601026535034 0.41969400644302368
vt 0.99193799495697021 0.41969799995422363
vt 0.99194800853729248 0.40756499767303467
vt 0.85251498222351074 0.35977202653884888
vt 0.86079698801040649 0.42568302154541016
vt 0.86885601282119751 0.42561298608779907
vt 0.85781997442245483 0.42649000883102417
vt 0.98848199844360352 0.35915201902389526
vt 0.98546600341796875 0.35955798625946045
vt 0.99162298440933228 0.37361997365951538
vt 0.99511301517486572 0.3939099907875061
vt 0.99332600831985474 0.38264501094818115
vt 0.99217599630355835 0.39472299814224243
vt 0.99436897039413452 0.40349298715591431
vt 0.99766802787780762 0.40073400735855103
vt 0.9878690242767334 0.35010498762130737
vt 0.99193799495697021 0.41969799995422363
vt 0.97271901369094849 0.43581998348236084
vt 0.96288597583770752 0.43581998348236084
vt 0.99254697561264038 0.27103900909423828
vt 0.65589499473571777 0.37421602010726929
vt 0.75748699903488159 0.37421602010726929
vt 0.61304700374603271 0.37421602010726929
vt 0.65271300077438354 0.37421602010726929
vt 0.90059399604797363 0.61736398935317993
vt 0.94499802589416504 0.60979700088500977
vt 0.9622269868850708 0.59763699769973755
vt 0.12628799676895142 0.71792000532150269
vt 0.10438799858093262 0.71792000532150269
vt 0.10438799858093262 0.73737099766731262
vt 0.14896999299526215 0.71792000532150269
vt 0.17218199372291565 0.71792000532150269
vt 0.19565199315547943 0.71792000532150269
vt 0.21295000612735748 0.71792000532150269
vt 0.22280600666999817 0.71792000532150269
vt 0.22915400564670563 0.71792000532150269
vt 0.23636800050735474 0.71792000532150269
vt 0.10438799858093262 0.74412700533866882
vt 0.18626099824905396 0.84592099487781525
vt 0.16885900497436523 0.84575000405311584
vt 0.19844600558280945 0.85834699869155884
vt 0.19827499985694885 0.87574899941682816
vt 0.18584899604320526 0.88793399930000305
vt 0.16844600439071655 0.88776399940252304
vt 0.15626199543476105 0.87533800303936005
vt 0.15643200278282166 0.85793499648571014
vt 0.10438799858093262 0.75192999839782715
vt 0.10438799858093262 0.71792000532150269
vt 0.51066899299621582 0.11359202861785889
vt 0.51066899299621582 0.13985598087310791
vt 0.51066899299621582 0.087327003479003906
vt 0.51066899299621582 0.061062991619110107
vt 0.51066899299621582 0.034798979759216309
vt 0.51066899299621582 0.0085359811782836914
vt 0.59983599185943604 0.35684698820114136
vt 0.60517102479934692 0.34250497817993164
vt 0.58804398775100708 0.36660099029541016
vt 0.57295501232147217 0.3691520094871521
vt 0.55861300230026245 0.36381697654724121
vt 0.54885900020599365 0.35202497243881226
vt 0.5463070273399353 0.33693701028823853
vt 0.55164200067520142 0.32259398698806763
vt 0.56343400478363037 0.31284099817276001
vt 0.57852298021316528 0.31028997898101807
vt 0.59286600351333618 0.31562501192092896
vt 0.60262000560760498 0.32741600275039673
vt 0.51473301649093628 0.16708600521087646
vt 0.55549699068069458 0.16708600521087646
vt 0.25055098533630371 0.94782200083136559
vt 0.28036698698997498 0.94782200083136559
vt 0.31018400192260742 0.92013999819755554
vt 0.31018400192260742 0.94782200083136559
vt 0.081591002643108368 0.94782200083136559
vt 0.1014690026640892 0.94782200083136559
vt 0.12134599685668945 0.94782200083136559
vt 0.14122399687767029 0.94782200083136559
vt 0.16110199689865112 0.94782200083136559
vt 0.18097899854183197 0.94782200083136559
vt 0.20085699856281281 0.94782200083136559
vt 0.22073499858379364 0.94782200083136559
vt 0.84171199798583984 0.49045801162719727
vt 0.85277801752090454 0.48710298538208008
vt 0.8138740062713623 0.44200402498245239
vt 0.81254702806472778 0.46254998445510864
vt 0.56009101867675781 0.077540993690490723
vt 0.57812702655792236 0.077540993690490723
vt 0.56009101867675781 0.068430006504058838
vt 0.56009101867675781 0.084160983562469482
vt 0.57629901170730591 0.084160983562469482
vt 0.59208697080612183 0.077540993690490723
vt 0.58772099018096924 0.087823987007141113
vt 0.58966302871704102 0.082338988780975342
vt 0.57817798852920532 0.082315981388092041
vt 0.57817602157592773 0.08776402473449707
vt 0.6119920015335083 0.077540993690490723
vt 0.61011701822280884 0.084170997142791748
vt 0.59214800596237183 0.084170997142791748
vt 0.62572699785232544 0.077540993690490723
vt 0.62226897478103638 0.087821006774902344
vt 0.6236569881439209 0.08233797550201416
vt 0.61200201511383057 0.082319974899291992
vt 0.61193698644638062 0.087774991989135742
vt 0.64604997634887695 0.077540993690490723
vt 0.64437401294708252 0.084186971187591553
vt 0.62574601173400879 0.084186971187591553
vt 0.72614401578903198 0.077540993690490723
vt 0.72611498832702637 0.08417898416519165
vt 0.65950500965118408 0.077540993690490723
vt 0.65496200323104858 0.08781200647354126
vt 0.65676301717758179 0.082336008548736572
vt 0.6460760235786438 0.082333981990814209
vt 0.64606499671936035 0.087800025939941406
vt 0.67962998151779175 0.077540993690490723
vt 0.67804700136184692 0.084186017513275146
vt 0.65951299667358398 0.084186017513275146
vt 0.69271200895309448 0.077540993690490723
vt 0.68926197290420532 0.087799012660980225
vt 0.69008797407150269 0.082333028316497803
vt 0.67963099479675293 0.082334995269775391
vt 0.67964500188827515 0.087805986404418945
vt 0.71286499500274658 0.077540993690490723
vt 0.71087700128555298 0.084182977676391602
vt 0.69273102283477783 0.084182977676391602
vt 0.72150200605392456 0.087782025337219238
vt 0.72307902574539185 0.082329988479614258
vt 0.71285200119018555 0.082334995269775391
vt 0.71288102865219116 0.08780902624130249
vt 0.58825099468231201 0.14098900556564331
vt 0.59941202402114868 0.1525539755821228
vt 0.58822000026702881 0.12903100252151489
vt 0.59970200061798096 0.13994497060775757
vt 0.58829498291015625 0.11587697267532349
vt 0.59957098960876465 0.12712597846984863
vt 0.58828902244567871 0.10381197929382324
vt 0.59961497783660889 0.11483997106552124
vt 0.58837300539016724 0.09147799015045166
vt 0.59972602128982544 0.10256701707839966
vt 0.57812702655792236 0.077540993690490723
vt 0.56009101867675781 0.077540993690490723
vt 0.56009101867675781 0.068430006504058838
vt 0.59208697080612183 0.077540993690490723
vt 0.57817798852920532 0.082315981388092041
vt 0.58966302871704102 0.082338988780975342
vt 0.6119920015335083 0.077540993690490723
vt 0.62572699785232544 0.077540993690490723
vt 0.61200201511383057 0.082319974899291992
vt 0.6236569881439209 0.08233797550201416
vt 0.64604997634887695 0.077540993690490723
vt 0.72614401578903198 0.077540993690490723
vt 0.65950500965118408 0.077540993690490723
vt 0.6460760235786438 0.082333981990814209
vt 0.65676301717758179 0.082336008548736572
vt 0.67962998151779175 0.077540993690490723
vt 0.69271200895309448 0.077540993690490723
vt 0.67963099479675293 0.082334995269775391
vt 0.69008797407150269 0.082333028316497803
vt 0.71286499500274658 0.077540993690490723
vt 0.71285200119018555 0.082334995269775391
vt 0.72307902574539185 0.082329988479614258
vt 0.59941202402114868 0.1525539755821228
vt 0.58825099468231201 0.14098900556564331
vt 0.59970200061798096 0.13994497060775757
vt 0.58822000026702881 0.12903100252151489
vt 0.59957098960876465 0.12712597846984863
vt 0.58829498291015625 0.11587697267532349
vt 0.59961497783660889 0.11483997106552124
vt 0.58828902244567871 0.10381197929382324
vt 0.59972602128982544 0.10256701707839966
vt 0.58837300539016724 0.09147799015045166
vt 0.64073401689529419 0.19451802968978882
vt 0.6233220100402832 0.20678800344467163
vt 0.76826697587966919 0.14804202318191528
vt 0.69453299045562744 0.18118202686309814
vt 0.6459689736366272 0.18101602792739868
vt 0.71341401338577271 0.21044802665710449
vt 0.66096597909927368 0.21044802665710449
vt 0.80071800947189331 0.21044802665710449
vt 0.64532899856567383 0.21044802665710449
vt 0.62232297658920288 0.21044802665710449
vt 0.64437800645828247 0.14309900999069214
vt 0.612559974193573 0.14309900999069214
vt 0.612559974193573 0.15765100717544556
vt 0.64437800645828247 0.15765100717544556
vt 0.71115100383758545 0.14444899559020996
vt 0.71672999858856201 0.1490439772605896
vt 0.71059602499008179 0.13474202156066895
vt 0.78558099269866943 0.10474997758865356
vt 0.75649601221084595 0.1490439772605896
vt 0.78557902574539185 0.12602299451828003
vt 0.67948800325393677 0.15765100717544556
vt 0.67948800325393677 0.14309900999069214
vt 0.62446898221969604 0.17688798904418945
vt 0.61886602640151978 0.17688798904418945
vt 0.61132901906967163 0.17688798904418945
vt 0.70054000616073608 0.17688798904418945
vt 0.68404901027679443 0.17688798904418945
vt 0.65529501438140869 0.17688798904418945
vt 0.58429300785064697 0.18747198581695557
vt 0.58429300785064697 0.17598402500152588
vt 0.5743979811668396 0.17598402500152588
vt 0.5743979811668396 0.18747198581695557
vt 0.60931897163391113 0.17949700355529785
vt 0.60931897163391113 0.17077499628067017
vt 0.60931897163391113 0.1896209716796875
vt 0.60931897163391113 0.16065102815628052
vt 0.66900700330734253 0.12445402145385742
vt 0.67502802610397339 0.12445402145385742
vt 0.67904198169708252 0.14017999172210693
vt 0.67904198169708252 0.12445402145385742
vt 0.64692801237106323 0.12445402145385742
vt 0.65294897556304932 0.12445402145385742
vt 0.66097801923751831 0.12445402145385742
vt 0.0024939998984336853 0.28310197591781616
vt 0.023330999538302422 0.28310197591781616
vt 0.023330999538302422 0.25839602947235107
vt 0.0024939998984336853 0.25839602947235107
vt 0.0024939998984336853 0.30780899524688721
vt 0.023330999538302422 0.30780899524688721
vt 0.0024939998984336853 0.3325120210647583
vt 0.023330999538302422 0.3325120210647583
vt 0.0024939998984336853 0.35721302032470703
vt 0.023330999538302422 0.35721302032470703
vt 0.0024939998984336853 0.3819119930267334
vt 0.023330999538302422 0.3819119930267334
vt 0.0024939998984336853 0.42512702941894531
vt 0.023330999538302422 0.42512702941894531
vt 0.0024939998984336853 0.48069202899932861
vt 0.023330999538302422 0.48069202899932861
vt 0.0024939998984336853 0.20898497104644775
vt 0.023330999538302422 0.20898497104644775
vt 0.023330999538302422 0.18428099155426025
vt 0.0024939998984336853 0.18428099155426025
vt 0.0024939998984336853 0.23369002342224121
vt 0.023330999538302422 0.23369002342224121
vt 0.84061300754547119 0.10992497205734253
vt 0.84631699323654175 0.08306199312210083
vt 0.83188199996948242 0.083962976932525635
vt 0.82871401309967041 0.10911500453948975
vt 0.81036198139190674 0.11410099267959595
vt 0.81279301643371582 0.091264009475708008
vt 0.79130899906158447 0.12030398845672607
vt 0.84147500991821289 0.069881021976470947
vt 0.85032498836517334 0.070912003517150879
vt 0.84084302186965942 0.15159600973129272
vt 0.83680099248886108 0.15134799480438232
vt 0.84763097763061523 0.18717098236083984
vt 0.84284800291061401 0.18691402673721313
vt 0.85131698846817017 0.20710098743438721
vt 0.84183299541473389 0.20653700828552246
vt 0.84095197916030884 0.22369301319122314
vt 0.58518999814987183 0.089950978755950928
vt 0.56577497720718384 0.095448970794677734
vt 0.82942301034927368 0.12725597620010376
vt 0.83272802829742432 0.14692598581314087
vt 0.78001999855041504 0.14665901660919189
vt 0.78080397844314575 0.16820299625396729
vt 0.79040801525115967 0.20636999607086182
vt 0.78612601757049561 0.1297919750213623
vt 0.82656997442245483 0.11840999126434326
vt 0.79257500171661377 0.12256097793579102
vt 0.83332502841949463 0.20342200994491577
vt 0.83461499214172363 0.17714202404022217
vt 0.82669901847839355 0.21657097339630127
vt 0.8184400200843811 0.22584998607635498
vt 0.80537998676300049 0.096737027168273926
vt 0.82157200574874878 0.1136469841003418
vt 0.78290200233459473 0.20617598295211792
vt 0.82871401309967041 0.10911500453948975
vt 0.81036198139190674 0.11410099267959595
vt 0.79130899906158447 0.12030398845672607
vt 0.83680099248886108 0.15134799480438232
vt 0.84284800291061401 0.18691402673721313
vt 0.84183299541473389 0.20653700828552246
vt 0.58518999814987183 0.089950978755950928
vt 0.66627800464630127 0.10647100210189819
vt 0.65889900922775269 0.11936599016189575
vt 0.67736899852752686 0.12137597799301147
vt 0.055165000259876251 0.90340500324964523
vt 0.015243999660015106 0.90340500324964523
vt 0.015243999660015106 0.91247300058603287
vt 0.055165000259876251 0.91247300058603287
vt 0.32212299108505249 0.87366899847984314
vt 0.23234300315380096 0.88393300026655197
vt 0.22742100059986115 0.88153000175952911
vt 0.053162999451160431 0.91247300058603287
vt 0.053162999451160431 0.90340500324964523
vt 0.051162000745534897 0.90340500324964523
vt 0.051162000745534897 0.91247300058603287
vt 0.017234999686479568 0.90340500324964523
vt 0.017234999686479568 0.91247300058603287
vt 0.055165000259876251 0.90340500324964523
vt 0.053162999451160431 0.90340500324964523
vt 0.015243000350892544 0.91247300058603287
vt 0.32070401310920715 0.88153000175952911
vt 0.32589998841285706 0.87550099939107895
vt 0.61149698495864868 0.40033501386642456
vt 0.75627100467681885 0.40033501386642456
vt 0.75627100467681885 0.39549398422241211
vt 0.61149698495864868 0.39549398422241211
vt 0.61149698495864868 0.40517598390579224
vt 0.75627100467681885 0.40517598390579224
vt 0.61149698495864868 0.41001600027084351
vt 0.75627100467681885 0.41001600027084351
vt 0.61149698495864868 0.41485697031021118
vt 0.75627100467681885 0.41485697031021118
vt 0.61149698495864868 0.42211800813674927
vt 0.75627100467681885 0.42211800813674927
vt 0.61149698495864868 0.43179899454116821
vt 0.75627100467681885 0.43179899454116821
vt 0.61149698495864868 0.43905997276306152
vt 0.75627100467681885 0.43905997276306152
vt 0.61149698495864868 0.38581401109695435
vt 0.75627100467681885 0.38581401109695435
vt 0.75627100467681885 0.38097298145294189
vt 0.61149698495864868 0.38097298145294189
vt 0.61149698495864868 0.39065402746200562
vt 0.75627100467681885 0.39065402746200562
vt 0.060109999030828476 0.96878699958324432
vt 0.055411998182535172 0.97974199987947941
vt 0.015915000811219215 0.97975599952042103
vt 0.011199000291526318 0.96877400018274784
vt 0.041742000728845596 0.97835199907422066
vt 0.045031998306512833 0.98506900016218424
vt 0.035693999379873276 0.97997199930250645
vt 0.035693999379873276 0.98671900015324354
vt 0.029645999893546104 0.97835100069642067
vt 0.026356000453233719 0.98506900016218424
vt 0.025218000635504723 0.96182699874043465
vt 0.060079999268054962 0.94427499920129776
vt 0.011245000176131725 0.94427400082349777
vt 0.029645999893546104 0.95739899948239326
vt 0.046169999986886978 0.96182699874043465
vt 0.04044099897146225 0.95963200181722641
vt 0.044038999825716019 0.97302900068461895
vt 0.045350000262260437 0.96812399849295616
vt 0.027049999684095383 0.9730409998446703
vt 0.025732999667525291 0.96813699975609779
vt 0.035535998642444611 0.95832100138068199
vt 0.027068000286817551 0.89304299652576447
vt 0.021376999095082283 0.899959996342659
vt 0.027068000286817551 0.899959996342659
vt 0.027068000286817551 0.85143700242042542
vt 0.027068000286817551 0.85837000608444214
vt 0.027068000286817551 0.86530500650405884
vt 0.021376999095082283 0.8722430020570755
vt 0.027068000286817551 0.8722430020570755
vt 0.027068000286817551 0.85837000608444214
vt 0.027068000286817551 0.85143700242042542
vt 0.027068000286817551 0.86530500650405884
vt 0.027068000286817551 0.8722430020570755
vt 0.027068000286817551 0.87918099761009216
vt 0.027068000286817551 0.88611400127410889
vt 0.016834000125527382 0.899959996342659
vt 0.016834000125527382 0.8722430020570755
vt 0.0017229999648407102 0.899959996342659
vt 0.0017229999648407102 0.8722430020570755
vt 0.83006501197814941 0.37838298082351685
vt 0.83006501197814941 0.39828002452850342
vt 0.3270060122013092 0.71078300476074219
vt 0.3270060122013092 0.7553820013999939
vt 0.42404401302337646 0.67755201458930969
vt 0.42405399680137634 0.69165301322937012
vt 0.13817000389099121 0.82815000414848328
vt 0.13817000389099121 0.84324899315834045
vt 0.1529420018196106 0.84502500295639038
vt 0.0068100001662969589 0.75224100053310394
vt 0.0068100001662969589 0.70772799849510193
vt 0.02628600038588047 0.72150599956512451
vt 0.026287000626325607 0.74514898657798767
vt 0.024807000532746315 0.77507999539375305
vt 0.041303999722003937 0.75950799882411957
vt 0.33031401038169861 0.75950799882411957
vt 0.38841399550437927 0.80378000438213348
vt 0.041303001344203949 0.70772698521614075
vt 0.38842698931694031 0.74674499034881592
vt 0.34528499841690063 0.74515101313591003
vt 0.3885749876499176 0.73956200480461121
vt 0.34528899192810059 0.72150701284408569
vt 0.0026620000135153532 0.78029599785804749
vt 0.0019769999198615551 0.78438800573348999
vt 0.02489900030195713 0.78401799499988556
vt 0.30385199189186096 0.83069799840450287
vt 0.1303739994764328 0.84325599670410156
vt 0.1303739994764328 0.82814399898052216
vt 0.012010999955236912 0.82813699543476105
vt 0.012010999955236912 0.84326200187206268
vt 0.45499300956726074 0.75426100194454193
vt 0.44407001137733459 0.71406900882720947
vt 0.51079297065734863 0.77176100015640259
vt 0.53046298027038574 0.78057999908924103
vt 0.56391799449920654 0.70061799883842468
vt 0.42406898736953735 0.70772799849510193
vt 0.3885749876499176 0.71217399835586548
vt 0.33032301068305969 0.70772799849510193
vt 0.0042799999937415123 0.82637499272823334
vt 0.0042799999937415123 0.84502500295639038
vt 0.42407301068305969 0.67164298892021179
vt 0.30595898628234863 0.95176900178194046
vt 0.321958988904953 0.99730199994519353
vt 0.321958988904953 0.95176900178194046
vt 0.30203500390052795 0.99627400003373623
vt 0.077500000596046448 0.95261599868535995
vt 0.077500000596046448 0.99627400003373623
vt 0.075323998928070068 0.95176700130105019
vt 0.092157997190952301 0.95176700130105019
vt 0.12461899966001511 0.95176700130105019
vt 0.15875299274921417 0.95176700130105019
vt 0.2561190128326416 0.71880599856376648
vt 0.25622600317001343 0.7513670027256012
vt 0.29958298802375793 0.71880599856376648
vt 0.15694400668144226 0.82284800708293915
vt 0.16162300109863281 0.82284800708293915
vt 0.4240419864654541 0.66257700324058533
vt 0.0068080001510679722 0.66257798671722412
vt 0.42405399680137634 0.69165301322937012
vt 0.42404401302337646 0.67755201458930969
vt 0.0068100001662969589 0.75224100053310394
vt 0.024807000532746315 0.77507999539375305
vt 0.38841399550437927 0.80378000438213348
vt 0.38842698931694031 0.74674499034881592
vt 0.34528499841690063 0.74515101313591003
vt 0.3885749876499176 0.73956200480461121
vt 0.3885749876499176 0.71217399835586548
vt 0.34528899192810059 0.72150701284408569
vt 0.0019769999198615551 0.78438800573348999
vt 0.0026620000135153532 0.78029599785804749
vt 0.02489900030195713 0.78401799499988556
vt 0.30385199189186096 0.83069799840450287
vt 0.45499300956726074 0.75426100194454193
vt 0.47673600912094116 0.75743800401687622
vt 0.42406898736953735 0.70772799849510193
vt 0.16512399911880493 0.84502500295639038
vt 0.42407301068305969 0.67164298892021179
vt 0.15694400668144226 0.84855200350284576
vt 0.16162300109863281 0.84855200350284576
vt 0.4240419864654541 0.66257700324058533
vt 0.032896000891923904 0.73381799459457397
vt 0.98438197374343872 0.69480600953102112
vt 0.9976230263710022 0.72247499227523804
vt 0.9976230263710022 0.69364398717880249
vt 0.98795098066329956 0.69364500045776367
vt 0.98795098066329956 0.72247499227523804
vt 0.91936099529266357 0.69364601373672485
vt 0.91936099529266357 0.72247600555419922
vt 0.92903399467468262 0.72247600555419922
vt 0.92903399467468262 0.69364500045776367
vt 0.9976239800453186 0.7359749972820282
vt 0.9976230263710022 0.72936499118804932
vt 0.98795098066329956 0.72936499118804932
vt 0.98795098066329956 0.7359749972820282
vt 0.91936099529266357 0.72936499118804932
vt 0.92903399467468262 0.72936499118804932
vt 0.92903298139572144 0.65182599425315857
vt 0.91936099529266357 0.62117400765419006
vt 0.98795002698898315 0.65182599425315857
vt 0.91936200857162476 0.7359749972820282
vt 0.92903399467468262 0.7359749972820282
vt 0.9314039945602417 0.68955200910568237
vt 0.98665201663970947 0.68955200910568237
vt 0.98665201663970947 0.6562730073928833
vt 0.9314039945602417 0.6562730073928833
vt 0.80301499366760254 0.65005099773406982
vt 0.99313002824783325 0.77688999474048615
vt 0.09137599915266037 0.91591899842023849
vt 0.067473001778125763 0.90193700045347214
vt 0.067473001778125763 0.91591899842023849
vt 0.10731100291013718 0.91591899842023849
vt 0.12324599921703339 0.91591899842023849
vt 0.13918100297451019 0.91591899842023849
vt 0.155116006731987 0.91591899842023849
vt 0.17104999721050262 0.91591899842023849
vt 0.18698599934577942 0.91591899842023849
vt 0.84171199798583984 0.49045801162719727
vt 0.85277801752090454 0.48710298538208008
vt 0.8138740062713623 0.44200402498245239
vt 0.81254702806472778 0.46254998445510864
vt 0.84171199798583984 0.49045801162719727
vt 0.85277801752090454 0.48710298538208008
vt 0.8138740062713623 0.44200402498245239
vt 0.81254702806472778 0.46254998445510864
vt 0.12628799676895142 0.71792000532150269
vt 0.10438799858093262 0.71792000532150269
vt 0.10438799858093262 0.73737099766731262
vt 0.14896999299526215 0.71792000532150269
vt 0.17218199372291565 0.71792000532150269
vt 0.19565199315547943 0.71792000532150269
vt 0.21295000612735748 0.71792000532150269
vt 0.22280600666999817 0.71792000532150269
vt 0.22915400564670563 0.71792000532150269
vt 0.23636800050735474 0.71792000532150269
vt 0.10438799858093262 0.74412700533866882
vt 0.18626099824905396 0.84592099487781525
vt 0.16885900497436523 0.84575000405311584
vt 0.19844600558280945 0.85834699869155884
vt 0.19827499985694885 0.87574899941682816
vt 0.18584899604320526 0.88793399930000305
vt 0.16844600439071655 0.88776399940252304
vt 0.15626199543476105 0.87533800303936005
vt 0.15643200278282166 0.85793499648571014
vt 0.10438799858093262 0.75192999839782715
vt 0.10438799858093262 0.71792000532150269
vt 0.40332800149917603 0.97914299927651882
vt 0.4816649854183197 0.98271800018846989
vt 0.42357701063156128 0.94963400065898895
vt 0.49018898606300354 0.93690899759531021
vt 0.46364301443099976 0.95142500102519989
vt 0.39883801341056824 0.93236400187015533
vt 0.43567299842834473 0.9123620018362999
vt 0.4365600049495697 0.93417800217866898
vt 0.44961100816726685 0.93348000198602676
vt 0.44943401217460632 0.91164600104093552
vt 0.4353410005569458 0.9519600011408329
vt 0.45094901323318481 0.95221000164747238
vt 0.32885301113128662 0.90099500119686127
vt 0.40094000101089478 0.90099500119686127
vt 0.45840001106262207 0.90099500119686127
vt 0.35245400667190552 0.95370899885892868
vt 0.36525401473045349 0.95370899885892868
vt 0.33955499529838562 0.95370899885892868
vt 0.32508200407028198 0.95370899885892868
vt 0.38159200549125671 0.95370899885892868
vt 0.3517490029335022 0.92940700054168701
vt 0.36443299055099487 0.92940700054168701
vt 0.3388420045375824 0.92940700054168701
vt 0.32435598969459534 0.92940700054168701
vt 0.38138100504875183 0.92940700054168701
vt 0.38045299053192139 0.90489699691534042
vt 0.36617499589920044 0.90489699691534042
vt 0.35353100299835205 0.90489699691534042
vt 0.34062600135803223 0.90489699691534042
vt 0.32613599300384521 0.90489699691534042
vt 0.54632598161697388 0.99188300035893917
vt 0.51727497577667236 0.99891900003422052
vt 0.50805097818374634 0.96023600175976753
vt 0.54601198434829712 0.95346299931406975
vt 0.38106200098991394 0.99309299979358912
vt 0.38102999329566956 0.97995699942111969
vt 0.54632598161697388 0.99188300035893917
vt 0.51727497577667236 0.99891900003422052
vt 0.50805097818374634 0.96023600175976753
vt 0.54601198434829712 0.95346299931406975
vt 0.54632598161697388 0.99188300035893917
vt 0.51727497577667236 0.99891900003422052
vt 0.50805097818374634 0.96023600175976753
vt 0.54601198434829712 0.95346299931406975
vt 0.40332800149917603 0.97914299927651882
vt 0.4816649854183197 0.98271800018846989
vt 0.42357701063156128 0.94963400065898895
vt 0.49018898606300354 0.93690899759531021
vt 0.46364301443099976 0.95142500102519989
vt 0.39883801341056824 0.93236400187015533
vt 0.45094901323318481 0.95221000164747238
vt 0.44943401217460632 0.91164600104093552
vt 0.43567299842834473 0.9123620018362999
vt 0.4353410005569458 0.9519600011408329
vt 0.32885301113128662 0.88624399900436401
vt 0.40094000101089478 0.88624399900436401
vt 0.45840001106262207 0.88624399900436401
vt 0.54632598161697388 0.99188300035893917
vt 0.51727497577667236 0.99891900003422052
vt 0.50805097818374634 0.96023600175976753
vt 0.54601198434829712 0.95346299931406975
vt 0.54632598161697388 0.99188300035893917
vt 0.51727497577667236 0.99891900003422052
vt 0.50805097818374634 0.96023600175976753
vt 0.54601198434829712 0.95346299931406975
vt 0.54632598161697388 0.99188300035893917
vt 0.51727497577667236 0.99891900003422052
vt 0.50805097818374634 0.96023600175976753
vt 0.54601198434829712 0.95346299931406975
vt 0.41743698716163635 0.14277797937393188
vt 0.42517000436782837 0.14277797937393188
vt 0.42517000436782837 0.18728697299957275
vt 0.41743698716163635 0.18728697299957275
vt 0.58429300785064697 0.18747198581695557
vt 0.58429300785064697 0.17598402500152588
vt 0.5743979811668396 0.17598402500152588
vt 0.5743979811668396 0.18747198581695557
vt 0.60931897163391113 0.17949700355529785
vt 0.60931897163391113 0.17077499628067017
vt 0.60931897163391113 0.1896209716796875
vt 0.60931897163391113 0.16065102815628052
vt 0.80179697275161743 0.76892000436782837
vt 0.770160973072052 0.76127299666404724
vt 0.77330201864242554 0.79124900698661804
vt 0.82102197408676147 0.80044400691986084
vt 0.72099101543426514 0.74305400252342224
vt 0.80049097537994385 0.74448901414871216
vt 0.81132900714874268 0.76408800482749939
vt 0.84422701597213745 0.80416600406169891
vt 0.82017797231674194 0.79414999485015869
vt 0.80752098560333252 0.74278700351715088
vt 0.84466898441314697 0.74297600984573364
vt 0.92329001426696777 0.77782399952411652
vt 0.88754099607467651 0.80629399418830872
vt 0.8610680103302002 0.80310699343681335
vt 0.94599699974060059 0.77313800156116486
vt 0.84567797183990479 0.76494200527667999
vt 0.85692000389099121 0.80708299577236176
vt 0.84656602144241333 0.7982490062713623
vt 0.84716600179672241 0.74012899398803711
vt 0.98627400398254395 0.87251600623130798
vt 0.98619997501373291 0.8933510035276413
vt 0.96973901987075806 0.99757299991324544
vt 0.95650398731231689 0.74094998836517334
vt 0.97259801626205444 0.76747800409793854
vt 0.60211300849914551 0.66276299953460693
vt 0.99041801691055298 0.90701500326395035
vt 0.99609601497650146 0.96385800093412399
vt 0.99660801887512207 0.94062700122594833
vt 0.99316197633743286 0.9246629998087883
vt 0.47578099370002747 0.79731999337673187
vt 0.99491900205612183 0.82051700353622437
vt 0.90024900436401367 0.75519099831581116
vt 0.93595999479293823 0.76393400132656097
vt 0.87985897064208984 0.74824899435043335
vt 0.85941201448440552 0.74063101410865784
vt 0.98098701238632202 0.97568099945783615
vt 0.88133698701858521 0.77875499427318573
vt 0.88417202234268188 0.79173800349235535
vt 0.90953701734542847 0.77120399475097656
vt 0.85974901914596558 0.78423500061035156
vt 0.80179697275161743 0.76892000436782837
vt 0.82102197408676147 0.80044400691986084
vt 0.77330201864242554 0.79124900698661804
vt 0.770160973072052 0.76127299666404724
vt 0.72099101543426514 0.74305400252342224
vt 0.80049097537994385 0.74448901414871216
vt 0.81132900714874268 0.76408800482749939
vt 0.82017797231674194 0.79414999485015869
vt 0.84422701597213745 0.80416600406169891
vt 0.80752098560333252 0.74278700351715088
vt 0.84466898441314697 0.74297600984573364
vt 0.92329001426696777 0.77782399952411652
vt 0.87430500984191895 0.80470000207424164
vt 0.94599699974060059 0.77313800156116486
vt 0.84567797183990479 0.76494200527667999
vt 0.84656602144241333 0.7982490062713623
vt 0.85692000389099121 0.80708299577236176
vt 0.84716600179672241 0.74012899398803711
vt 0.98619997501373291 0.8933510035276413
vt 0.58954697847366333 0.67315399646759033
vt 0.99178999662399292 0.91583900153636932
vt 0.99609601497650146 0.96385800093412399
vt 0.99660801887512207 0.94062700122594833
vt 0.90024900436401367 0.75519099831581116
vt 0.93595999479293823 0.76393400132656097
vt 0.87985897064208984 0.74824899435043335
vt 0.86906498670578003 0.74600601196289062
vt 0.98098701238632202 0.97568099945783615
vt 0.88417202234268188 0.79173800349235535
vt 0.88133698701858521 0.77875499427318573
vt 0.85974901914596558 0.78423500061035156
vt 0.64457899332046509 0.092706024646759033
vt 0.64462101459503174 0.099210023880004883
vt 0.64687800407409668 0.10119897127151489
vt 0.64679598808288574 0.090260028839111328
vt 0.61930900812149048 0.090461015701293945
vt 0.62156099081039429 0.092872977256774902
vt 0.61938697099685669 0.1013990044593811
vt 0.62161499261856079 0.099377989768981934
vt 0.62709897756576538 0.10514700412750244
vt 0.63922101259231567 0.10505998134613037
vt 0.62714999914169312 0.112263023853302
vt 0.63927298784255981 0.11217498779296875
vt 0.75848501920700073 0.12603402137756348
vt 0.75836700201034546 0.11926400661468506
vt 0.72837698459625244 0.11978697776794434
vt 0.71984398365020752 0.11993598937988281
vt 0.68958801031112671 0.1204649806022644
vt 0.68100398778915405 0.12061399221420288
vt 0.55797600746154785 0.10961902141571045
vt 0.55797600746154785 0.12101501226425171
vt 0.55797600746154785 0.14896601438522339
vt 0.55797600746154785 0.16036200523376465
vt 0.55797600746154785 0.16888302564620972
vt 0.55797600746154785 0.17574697732925415
vt 0.55797600746154785 0.10111898183822632
vt 0.55797600746154785 0.094281017780303955
f 1566/1566 1565/1565 1282/1282
f 1282/1282 3330/3330 1566/1566
f 1283/1283 1286/1286 1285/1285
f 1285/1285 3331/3331 1283/1283
f 3332/3332 3333/3333 1289/1289
f 1289/1289 1288/1288 3332/3332
f 1291/1291 3334/3334 1301/1301
f 1301/1301 1292/1292 1291/1291
f 3335/3335 3336/3336 3337/3337
f 3337/3337 1295/1295 3335/3335
f 1298/1298 1287/1287 3338/3338
f 3338/3338 3339/3339 1298/1298
f 1303/1303 1305/1305 1304/1304
f 1304/1304 1298/1298 1303/1303
f 1298/1298 3339/3339 3340/3340
f 3340/3340 1303/1303 1298/1298
f 1301/1301 1308/1308 1307/1307
f 1299/1299 1307/1307 1308/1308
f 1308/1308 1306/1306 1299/1299
f 1309/1309 1312/1312 1311/1311
f 1311/1311 1310/1310 1309/1309
f 3341/3341 3342/3342 1313/1313
f 3343/3343 1314/1314 1317/1317
f 1317/1317 3344/3344 3343/3343
f 3345/3345 3346/3346 1330/1330
f 1330/1330 1346/1346 3345/3345
f 1301/1301 1302/1302 1319/1319
f 1320/1320 1323/1323 3347/3347
f 3347/3347 3348/3348 1320/1320
f 3349/3349 1320/1320 3348/3348
f 3348/3348 3350/3350 3349/3349
f 3351/3351 1323/1323 1319/1319
f 1319/1319 3352/3352 3351/3351
f 1320/1320 3349/3349 3353/3353
f 3353/3353 1319/1319 1320/1320
f 1323/1323 3351/3351 3354/3354
f 3354/3354 3347/3347 1323/1323
f 1323/1323 1320/1320 1319/1319
f 1319/1319 3353/3353 1308/1308
f 1308/1308 1301/1301 1319/1319
f 3355/3355 1328/1328 3356/3356
f 1302/1302 1301/1301 3334/3334
f 3334/3334 3356/3356 1302/1302
f 3357/3357 3358/3358 1332/1332
f 1332/1332 3359/3359 3357/3357
f 3360/3360 3357/3357 3359/3359
f 3359/3359 3361/3361 3360/3360
f 3362/3362 3363/3363 3364/3364
f 3364/3364 3365/3365 3362/3362
f 3366/3366 3367/3367 3368/3368
f 3369/3369 3367/3367 3366/3366
f 3370/3370 3371/3371 3372/3372
f 3372/3372 1339/1339 3370/3370
f 3370/3370 1339/1339 1337/1337
f 1305/1305 1303/1303 3373/3373
f 3373/3373 3374/3374 1305/1305
f 3340/3340 3375/3375 3373/3373
f 3373/3373 1303/1303 3340/3340
f 1308/1308 3376/3376 3377/3377
f 3377/3377 1306/1306 1308/1308
f 3376/3376 1308/1308 3353/3353
f 3378/3378 3379/3379 3380/3380
f 3380/3380 3381/3381 3378/3378
f 3382/3382 3372/3372 3371/3371
f 3371/3371 3383/3383 3382/3382
f 1340/1340 3384/3384 3385/3385
f 3385/3385 3386/3386 1340/1340
f 1348/1348 3387/3387 3388/3388
f 3388/3388 3389/3389 1348/1348
f 3390/3390 1334/1334 1333/1333
f 1333/1333 3391/3391 3390/3390
f 3392/3392 1313/1313 3393/3393
f 3393/3393 3394/3394 3392/3392
f 3369/3369 1338/1338 3367/3367
f 3369/3369 1350/1350 1349/1349
f 1341/1341 1338/1338 3369/3369
f 3369/3369 1349/1349 1341/1341
f 1332/1332 3358/3358 3395/3395
f 3380/3380 3396/3396 1335/1335
f 3341/3341 3397/3397 3398/3398
f 3398/3398 3342/3342 3341/3341
f 3399/3399 3400/3400 3401/3401
f 1356/1356 1355/1355 3402/3402
f 3403/3403 1358/1358 1357/1357
f 1357/1357 1354/1354 3403/3403
f 1287/1287 1533/1533 1290/1290
f 3404/3404 3405/3405 1352/1352
f 1352/1352 3406/3406 3404/3404
f 1317/1317 1352/1352 3405/3405
f 3405/3405 3344/3344 1317/1317
f 3407/3407 3408/3408 3409/3409
f 3409/3409 3410/3410 3407/3407
f 3411/3411 3412/3412 1364/1364
f 1364/1364 3395/3395 3411/3411
f 1332/1332 1367/1367 3413/3413
f 3413/3413 3414/3414 1332/1332
f 3415/3415 3416/3416 1370/1370
f 1371/1371 1291/1291 1292/1292
f 1292/1292 1300/1300 1371/1371
f 1307/1307 1292/1292 1301/1301
f 1371/1371 1300/1300 1288/1288
f 1288/1288 1310/1310 1371/1371
f 1307/1307 1299/1299 1300/1300
f 1300/1300 1292/1292 1307/1307
f 1284/1284 3417/3417 3418/3418
f 1298/1298 1304/1304 1287/1287
f 3419/3419 3352/3352 1302/1302
f 3352/3352 1319/1319 1302/1302
f 3420/3420 1297/1297 1358/1358
f 1358/1358 3403/3403 3420/3420
f 3421/3421 3422/3422 3423/3423
f 3423/3423 1373/1373 3421/3421
f 1376/1376 3424/3424 1374/1374
f 1374/1374 1377/1377 1376/1376
f 1495/1495 1380/1380 1379/1379
f 1379/1379 1496/1496 1495/1495
f 3425/3425 1385/1385 1384/1384
f 1384/1384 1383/1383 3425/3425
f 1386/1386 1389/1389 3426/3426
f 3426/3426 3427/3427 1386/1386
f 1394/1394 1393/1393 1379/1379
f 3428/3428 3429/3429 1396/1396
f 1396/1396 1392/1392 3428/3428
f 1392/1392 1396/1396 1398/1398
f 1398/1398 1391/1391 1392/1392
f 1399/1399 1401/1401 1400/1400
f 1400/1400 1394/1394 1399/1399
f 1305/1305 1397/1397 1395/1395
f 1395/1395 1304/1304 1305/1305
f 1401/1401 1399/1399 1391/1391
f 1391/1391 1398/1398 1401/1401
f 1402/1402 1404/1404 1403/1403
f 1403/1403 1381/1381 1402/1402
f 3430/3430 1462/1462 1372/1372
f 1372/1372 3431/3431 3430/3430
f 3432/3432 1381/1381 1361/1361
f 1361/1361 1376/1376 3432/3432
f 1411/1411 1403/1403 1404/1404
f 1404/1404 1412/1412 1411/1411
f 1411/1411 1412/1412 1413/1413
f 1413/1413 1408/1408 1411/1411
f 1409/1409 1408/1408 1413/1413
f 1413/1413 1410/1410 1409/1409
f 1393/1393 1394/1394 1414/1414
f 1414/1414 1415/1415 1393/1393
f 3433/3433 1410/1410 1413/1413
f 1413/1413 1412/1412 3433/3433
f 1322/1322 1418/1418 1417/1417
f 1417/1417 1321/1321 1322/1322
f 1321/1321 1417/1417 3434/3434
f 3434/3434 3435/3435 1321/1321
f 1420/1420 1421/1421 1415/1415
f 1415/1415 1418/1418 1420/1420
f 1417/1417 1414/1414 3436/3436
f 3436/3436 3434/3434 1417/1417
f 1541/1541 1420/1420 1418/1418
f 1418/1418 1322/1322 1541/1541
f 1417/1417 1418/1418 1415/1415
f 1415/1415 1414/1414 1417/1417
f 1414/1414 1394/1394 1400/1400
f 1400/1400 3436/3436 1414/1414
f 1416/1416 1425/1425 3437/3437
f 3437/3437 3438/3438 1416/1416
f 1467/1467 1402/1402 1381/1381
f 1467/1467 1496/1496 1393/1393
f 1420/1420 1542/1542 1426/1426
f 1426/1426 1421/1421 1420/1420
f 1420/1420 1541/1541 1542/1542
f 3439/3439 3440/3440 3441/3441
f 3442/3442 1365/1365 1428/1428
f 3443/3443 3444/3444 3445/3445
f 3445/3445 3446/3446 3443/3443
f 3446/3446 3442/3442 3447/3447
f 3447/3447 3443/3443 3446/3446
f 1367/1367 1431/1431 1432/1432
f 1432/1432 3448/3448 1367/1367
f 3448/3448 1432/1432 3449/3449
f 3449/3449 3450/3450 3448/3448
f 3451/3451 3452/3452 3453/3453
f 3453/3453 1433/1433 3451/3451
f 1363/1363 3433/3433 1412/1412
f 1412/1412 1404/1404 1363/1363
f 3454/3454 3455/3455 3456/3456
f 3454/3454 3457/3457 3455/3455
f 1438/1438 1437/1437 3457/3457
f 3458/3458 1440/1440 3459/3459
f 3459/3459 3460/3460 3458/3458
f 1440/1440 3458/3458 1436/1436
f 3429/3429 3461/3461 3462/3462
f 3462/3462 1396/1396 3429/3429
f 3462/3462 3463/3463 1398/1398
f 1398/1398 1396/1396 3462/3462
f 3464/3464 1400/1400 1401/1401
f 1401/1401 3465/3465 3464/3464
f 3463/3463 3465/3465 1401/1401
f 1401/1401 1398/1398 3463/3463
f 1400/1400 3464/3464 3436/3436
f 1429/1429 3466/3466 3467/3467
f 3467/3467 3381/3381 1429/1429
f 1542/1542 1544/1544 1353/1353
f 1353/1353 1426/1426 1542/1542
f 1448/1448 1446/1446 1426/1426
f 1546/1546 1543/1543 1446/1446
f 1446/1446 1448/1448 1546/1546
f 3468/3468 3469/3469 3460/3460
f 3460/3460 3459/3459 3468/3468
f 1440/1440 1339/1339 3470/3470
f 3470/3470 3471/3471 1440/1440
f 3472/3472 3473/3473 1439/1439
f 1439/1439 3474/3474 3472/3472
f 1449/1449 3475/3475 3476/3476
f 3476/3476 3477/3477 1449/1449
f 3478/3478 3479/3479 1434/1434
f 1434/1434 1435/1435 3478/3478
f 1453/1453 3480/3480 3330/3330
f 3330/3330 1282/1282 1453/1453
f 1454/1454 1453/1453 1545/1545
f 1545/1545 1546/1546 1454/1454
f 1447/1447 1453/1453 1454/1454
f 1454/1454 1426/1426 1447/1447
f 1360/1360 1361/1361 1315/1315
f 1315/1315 1316/1316 1360/1360
f 1438/1438 3457/3457 3454/3454
f 1436/1436 1337/1337 1339/1339
f 1339/1339 1440/1440 1436/1436
f 1416/1416 3408/3408 1425/1425
f 3409/3409 3412/3412 3411/3411
f 3411/3411 3410/3410 3409/3409
f 1450/1450 3481/3481 3457/3457
f 3457/3457 1437/1437 1450/1450
f 1431/1431 1367/1367 1364/1364
f 1430/1430 1429/1429 1366/1366
f 1453/1453 1282/1282 1545/1545
f 1448/1448 1426/1426 1454/1454
f 3480/3480 1453/1453 1447/1447
f 3447/3447 3442/3442 1428/1428
f 3482/3482 3483/3483 3484/3484
f 3484/3484 3485/3485 3482/3482
f 3486/3486 1354/1354 1357/1357
f 1357/1357 1456/1456 3486/3486
f 3487/3487 3488/3488 1290/1290
f 1290/1290 1533/1533 3487/3487
f 1395/1395 1533/1533 1304/1304
f 3489/3489 1305/1305 3374/3374
f 3490/3490 3491/3491 1314/1314
f 1314/1314 3343/3343 3490/3490
f 3407/3407 1336/1336 1425/1425
f 1425/1425 3408/3408 3407/3407
f 1337/1337 1436/1436 1425/1425
f 1425/1425 1336/1336 1337/1337
f 1332/1332 3395/3395 1364/1364
f 1364/1364 1367/1367 1332/1332
f 1429/1429 3380/3380 1335/1335
f 1335/1335 1366/1366 1429/1429
f 3401/3401 3492/3492 3493/3493
f 3493/3493 3399/3399 3401/3401
f 3415/3415 1370/1370 3493/3493
f 3493/3493 3492/3492 3415/3415
f 1282/1282 1565/1565 1545/1545
f 1394/1394 1379/1379 1380/1380
f 3494/3494 3495/3495 3496/3496
f 3496/3496 3497/3497 3494/3494
f 1391/1391 1399/1399 1497/1497
f 3498/3498 1375/1375 3499/3499
f 3428/3428 1392/1392 3500/3500
f 1446/1446 1427/1427 1421/1421
f 1421/1421 1426/1426 1446/1446
f 1427/1427 1428/1428 1421/1421
f 1393/1393 1415/1415 1421/1421
f 1421/1421 1428/1428 1393/1393
f 1409/1409 1410/1410 1423/1423
f 1423/1423 1368/1368 1409/1409
f 1456/1456 1385/1385 3425/3425
f 3425/3425 3486/3486 1456/1456
f 1445/1445 1345/1345 1444/1444
f 1324/1324 1325/1325 1419/1419
f 1422/1422 1326/1326 1324/1324
f 1324/1324 1419/1419 1422/1422
f 1326/1326 1422/1422 1444/1444
f 1444/1444 1345/1345 1326/1326
f 1345/1345 1445/1445 1443/1443
f 1443/1443 1344/1344 1345/1345
f 1344/1344 1443/1443 1441/1441
f 1441/1441 1343/1343 1344/1344
f 1442/1442 1342/1342 1343/1343
f 1343/1343 1441/1441 1442/1442
f 3501/3501 3502/3502 1296/1296
f 1296/1296 1382/1382 3501/3501
f 1382/1382 1296/1296 1355/1355
f 1355/1355 1356/1356 1382/1382
f 1328/1328 3503/3503 3419/3419
f 3419/3419 1302/1302 1328/1328
f 1328/1328 1302/1302 3356/3356
f 1362/1362 1363/1363 1404/1404
f 1404/1404 1402/1402 1362/1362
f 1295/1295 1387/1387 3335/3335
f 1388/1388 3430/3430 3431/3431
f 3431/3431 1383/1383 1388/1388
f 3407/3407 3504/3504 3505/3505
f 3505/3505 1336/1336 3407/3407
f 3342/3342 1329/1329 1293/1293
f 3342/3342 1293/1293 3506/3506
f 3506/3506 1313/1313 3342/3342
f 1329/1329 1327/1327 1293/1293
f 1429/1429 3381/3381 3380/3380
f 1459/1459 1311/1311 1455/1455
f 1455/1455 1460/1460 1459/1459
f 1460/1460 1286/1286 1461/1461
f 1461/1461 1459/1459 1460/1460
f 1461/1461 1286/1286 1283/1283
f 3507/3507 3508/3508 3509/3509
f 3509/3509 1351/1351 3507/3507
f 1312/1312 1455/1455 1311/1311
f 3489/3489 1397/1397 1305/1305
f 3489/3489 3510/3510 1397/1397
f 1442/1442 1457/1457 1342/1342
f 3502/3502 3501/3501 1373/1373
f 1373/1373 3423/3423 3502/3502
f 1300/1300 3332/3332 1288/1288
f 1408/1408 1381/1381 1403/1403
f 1403/1403 1411/1411 1408/1408
f 1362/1362 1402/1402 1393/1393
f 1393/1393 1428/1428 1362/1362
f 1428/1428 1365/1365 1362/1362
f 3427/3427 3426/3426 3511/3511
f 3511/3511 1294/1294 3427/3427
f 1532/1532 1386/1386 3512/3512
f 1383/1383 1384/1384 1388/1388
f 1288/1288 1289/1289 3513/3513
f 1388/1388 3514/3514 3430/3430
f 1387/1387 1295/1295 1309/1309
f 1309/1309 1310/1310 1387/1387
f 1310/1310 3513/3513 1387/1387
f 3514/3514 3515/3515 1475/1475
f 3514/3514 1475/1475 3497/3497
f 3514/3514 3497/3497 3496/3496
f 3514/3514 3496/3496 3430/3430
f 1310/1310 1288/1288 3513/3513
f 3516/3516 1470/1470 1472/1472
f 1454/1454 1546/1546 1448/1448
f 3517/3517 1485/1485 1406/1406
f 1406/1406 1462/1462 3517/3517
f 3518/3518 1458/1458 1407/1407
f 1407/1407 3519/3519 3518/3518
f 1490/1490 1458/1458 3518/3518
f 3518/3518 3520/3520 1490/1490
f 1376/1376 1377/1377 3521/3521
f 3521/3521 3432/3432 1376/1376
f 3522/3522 1538/1538 1529/1529
f 1529/1529 3515/3515 3522/3522
f 3500/3500 1392/1392 1390/1390
f 3519/3519 1407/1407 1485/1485
f 1485/1485 3517/3517 3519/3519
f 1537/1537 1538/1538 1390/1390
f 1390/1390 1484/1484 1537/1537
f 3495/3495 3494/3494 1488/1488
f 1488/1488 1469/1469 3495/3495
f 1399/1399 1394/1394 1380/1380
f 1380/1380 1491/1491 1399/1399
f 1495/1495 1494/1494 1491/1491
f 1491/1491 1380/1380 1495/1495
f 1490/1490 3520/3520 3521/3521
f 3521/3521 1377/1377 1490/1490
f 1480/1480 1478/1478 1477/1477
f 1477/1477 3523/3523 1480/1480
f 3524/3524 3523/3523 1477/1477
f 1477/1477 1494/1494 3524/3524
f 3525/3525 3524/3524 1494/1494
f 1494/1494 1495/1495 3525/3525
f 1483/1483 3525/3525 1495/1495
f 1495/1495 1496/1496 1483/1483
f 1536/1536 1537/1537 1484/1484
f 1484/1484 1497/1497 1536/1536
f 1410/1410 1424/1424 1423/1423
f 1368/1368 1423/1423 1451/1451
f 1451/1451 1452/1452 1368/1368
f 1347/1347 3526/3526 3508/3508
f 3508/3508 3507/3507 1347/1347
f 1330/1330 1318/1318 1346/1346
f 1330/1330 1331/1331 1318/1318
f 1467/1467 1393/1393 1402/1402
f 3527/3527 3528/3528 3529/3529
f 3529/3529 3530/3530 3527/3527
f 1499/1499 1405/1405 3531/3531
f 3531/3531 3532/3532 1499/1499
f 1500/1500 3533/3533 1405/1405
f 1405/1405 1499/1499 1500/1500
f 1501/1501 1463/1463 3533/3533
f 3533/3533 1500/1500 1501/1501
f 1502/1502 1464/1464 1486/1486
f 1486/1486 1522/1522 1502/1502
f 1503/1503 1465/1465 1464/1464
f 1464/1464 1502/1502 1503/1503
f 1504/1504 1466/1466 1492/1492
f 1492/1492 1526/1526 1504/1504
f 3534/3534 3535/3535 3536/3536
f 3536/3536 1505/1505 3534/3534
f 1506/1506 1468/1468 1487/1487
f 1487/1487 1523/1523 1506/1506
f 1507/1507 3537/3537 3538/3538
f 3538/3538 1508/1508 1507/1507
f 1508/1508 3538/3538 3539/3539
f 3539/3539 3540/3540 1508/1508
f 1509/1509 1471/1471 3541/3541
f 3541/3541 1510/1510 1509/1509
f 1510/1510 3541/3541 3542/3542
f 3542/3542 1524/1524 1510/1510
f 1512/1512 1474/1474 3543/3543
f 3543/3543 3544/3544 1512/1512
f 1511/1511 1473/1473 1474/1474
f 1474/1474 1512/1512 1511/1511
f 1513/1513 3545/3545 3546/3546
f 3546/3546 1525/1525 1513/1513
f 1514/1514 3547/3547 3548/3548
f 3548/3548 3549/3549 1514/1514
f 1515/1515 3550/3550 3551/3551
f 3551/3551 1516/1516 1515/1515
f 1516/1516 3551/3551 3552/3552
f 3552/3552 3553/3553 1516/1516
f 1517/1517 3554/3554 3555/3555
f 3555/3555 1518/1518 1517/1517
f 1518/1518 3555/3555 1481/1481
f 1481/1481 1519/1519 1518/1518
f 1519/1519 1481/1481 1493/1493
f 1493/1493 1527/1527 1519/1519
f 1520/1520 1482/1482 3556/3556
f 3556/3556 1521/1521 1520/1520
f 1522/1522 1486/1486 1463/1463
f 1463/1463 1501/1501 1522/1522
f 1523/1523 1487/1487 3537/3537
f 3537/3537 1507/1507 1523/1523
f 1524/1524 3542/3542 1473/1473
f 1473/1473 1511/1511 1524/1524
f 1525/1525 3546/3546 3547/3547
f 3547/3547 1514/1514 1525/1525
f 1526/1526 1492/1492 1465/1465
f 1465/1465 1503/1503 1526/1526
f 1527/1527 1493/1493 1482/1482
f 1482/1482 1520/1520 1527/1527
f 1467/1467 1528/1528 1496/1496
f 1498/1498 1505/1505 3536/3536
f 3536/3536 3557/3557 1498/1498
f 1528/1528 1467/1467 1381/1381
f 1496/1496 1379/1379 1393/1393
f 1528/1528 1483/1483 1496/1496
f 1469/1469 1488/1488 1472/1472
f 1472/1472 1470/1470 1469/1469
f 1480/1480 1479/1479 1478/1478
f 1462/1462 1406/1406 1372/1372
f 1391/1391 1497/1497 1484/1484
f 1484/1484 1392/1392 1391/1391
f 1392/1392 1484/1484 1390/1390
f 3515/3515 1529/1529 1489/1489
f 1489/1489 1475/1475 3515/3515
f 1476/1476 1489/1489 1529/1529
f 1529/1529 1530/1530 1476/1476
f 1477/1477 1476/1476 1530/1530
f 1530/1530 1531/1531 1477/1477
f 1494/1494 1477/1477 1531/1531
f 1531/1531 1491/1491 1494/1494
f 1359/1359 1535/1535 3487/3487
f 1533/1533 1359/1359 3487/3487
f 1533/1533 1287/1287 1304/1304
f 1395/1395 1359/1359 1533/1533
f 1399/1399 1536/1536 1497/1497
f 3500/3500 1390/1390 1538/1538
f 1538/1538 3522/3522 3500/3500
f 1530/1530 1529/1529 1538/1538
f 1538/1538 1537/1537 1530/1530
f 1531/1531 1530/1530 1537/1537
f 1537/1537 1536/1536 1531/1531
f 1534/1534 3558/3558 1535/1535
f 1399/1399 1491/1491 1536/1536
f 3559/3559 1378/1378 1389/1389
f 3559/3559 1389/1389 1386/1386
f 1532/1532 3559/3559 1386/1386
f 1359/1359 1534/1534 1535/1535
f 3416/3416 1281/1281 1370/1370
f 3415/3415 3560/3560 3416/3416
f 1353/1353 1447/1447 1426/1426
f 1381/1381 1408/1408 1315/1315
f 1381/1381 1315/1315 1361/1361
f 1409/1409 1368/1368 1369/1369
f 1409/1409 1369/1369 1315/1315
f 1315/1315 1408/1408 1409/1409
f 1566/1566 1539/1539 1540/1540
f 1540/1540 1565/1565 1566/1566
f 1551/1551 1552/1552 1553/1553
f 1553/1553 1542/1542 1551/1551
f 1541/1541 1551/1551 1542/1542
f 3561/3561 3562/3562 3563/3563
f 1549/1549 1548/1548 1555/1555
f 1557/1557 1558/1558 1559/1559
f 1559/1559 1560/1560 1557/1557
f 1548/1548 1558/1558 1556/1556
f 1557/1557 1556/1556 1558/1558
f 1542/1542 1553/1553 1547/1547
f 1547/1547 1544/1544 1542/1542
f 1561/1561 1563/1563 1553/1553
f 1543/1543 1546/1546 1561/1561
f 1563/1563 1561/1561 1546/1546
f 1564/1564 1540/1540 1539/1539
f 1539/1539 1550/1550 1564/1564
f 1563/1563 1546/1546 1545/1545
f 1545/1545 1564/1564 1563/1563
f 1562/1562 1553/1553 1563/1563
f 1563/1563 1564/1564 1562/1562
f 1540/1540 1564/1564 1545/1545
f 1564/1564 1550/1550 1562/1562
f 1548/1548 1556/1556 1555/1555
f 1565/1565 1540/1540 1545/1545
f 1561/1561 1553/1553 1552/1552
f 1552/1552 1554/1554 1561/1561
f 1555/1555 1554/1554 1552/1552
f 1562/1562 1547/1547 1553/1553
f 3564/3564 1568/1568 1569/1569
f 1569/1569 3565/3565 3564/3564
f 1570/1570 3566/3566 3567/3567
f 3567/3567 1567/1567 1570/1570
f 1570/1570 1567/1567 1569/1569
f 1569/1569 1568/1568 1570/1570
f 1573/1573 1569/1569 1567/1567
f 1567/1567 1571/1571 1573/1573
f 1574/1574 1570/1570 1568/1568
f 1568/1568 1572/1572 1574/1574
f 1575/1575 1578/1578 3568/3568
f 3568/3568 3569/3569 1575/1575
f 3570/3570 1582/1582 1581/1581
f 1581/1581 3571/3571 3570/3570
f 1582/1582 1579/1579 1577/1577
f 1583/1583 1582/1582 1577/1577
f 1577/1577 1578/1578 1583/1583
f 1584/1584 1575/1575 1580/1580
f 1580/1580 1581/1581 1584/1584
f 1575/1575 1576/1576 1580/1580
f 1575/1575 1584/1584 1583/1583
f 1583/1583 1578/1578 1575/1575
f 1584/1584 1581/1581 1582/1582
f 1582/1582 1583/1583 1584/1584
f 3572/3572 1588/1588 1587/1587
f 1587/1587 3573/3573 3572/3572
f 3574/3574 1586/1586 3575/3575
f 3575/3575 3576/3576 3574/3574
f 1589/1589 1590/1590 1592/1592
f 1591/1591 3573/3573 1587/1587
f 3574/3574 1593/1593 1585/1585
f 1585/1585 1586/1586 3574/3574
f 3577/3577 1595/1595 1588/1588
f 1588/1588 3572/3572 3577/3577
f 1597/1597 1596/1596 3578/3578
f 3578/3578 1589/1589 1597/1597
f 1595/1595 3577/3577 3578/3578
f 3578/3578 1596/1596 1595/1595
f 1594/1594 1585/1585 1593/1593
f 1589/1589 1592/1592 1597/1597
f 1598/1598 1601/1601 1600/1600
f 1600/1600 1599/1599 1598/1598
f 1603/1603 1612/1612 1602/1602
f 1604/1604 1607/1607 3579/3579
f 3579/3579 1605/1605 1604/1604
f 1608/1608 3580/3580 3581/3581
f 3581/3581 3582/3582 1608/1608
f 3583/3583 1607/1607 1609/1609
f 1607/1607 3583/3583 3584/3584
f 1607/1607 3584/3584 3585/3585
f 3585/3585 3579/3579 1607/1607
f 1606/1606 1615/1615 3586/3586
f 3586/3586 3587/3587 1606/1606
f 1616/1616 3588/3588 1604/1604
f 1604/1604 1605/1605 1616/1616
f 3589/3589 3590/3590 3591/3591
f 3592/3592 3593/3593 1622/1622
f 1622/1622 1621/1621 3592/3592
f 1624/1624 1618/1618 3594/3594
f 3594/3594 3595/3595 1624/1624
f 1612/1612 1625/1625 3596/3596
f 3596/3596 1613/1613 1612/1612
f 1625/1625 3597/3597 3598/3598
f 3598/3598 3596/3596 1625/1625
f 1608/1608 3599/3599 3600/3600
f 3600/3600 3580/3580 1608/1608
f 1626/1626 3601/3601 3602/3602
f 3602/3602 1627/1627 1626/1626
f 3603/3603 3604/3604 3605/3605
f 3605/3605 3606/3606 3603/3603
f 1628/1628 3607/3607 3608/3608
f 3608/3608 1630/1630 1628/1628
f 3609/3609 3610/3610 3611/3611
f 3611/3611 3612/3612 3609/3609
f 1630/1630 1626/1626 1627/1627
f 1627/1627 1628/1628 1630/1630
f 3613/3613 1609/1609 1607/1607
f 1607/1607 1604/1604 3613/3613
f 3592/3592 1621/1621 1632/1632
f 1632/1632 3614/3614 3592/3592
f 1633/1633 1634/1634 1603/1603
f 1603/1603 1632/1632 1633/1633
f 1621/1621 1635/1635 1633/1633
f 1633/1633 1632/1632 1621/1621
f 1634/1634 1636/1636 1612/1612
f 1612/1612 1603/1603 1634/1634
f 1636/1636 1625/1625 1612/1612
f 3588/3588 3613/3613 1604/1604
f 1602/1602 1612/1612 1613/1613
f 1619/1619 3615/3615 1614/1614
f 1614/1614 1610/1610 1611/1611
f 1611/1611 1619/1619 1614/1614
f 3616/3616 3604/3604 3603/3603
f 1623/1623 1631/1631 3617/3617
f 1602/1602 3614/3614 1632/1632
f 1632/1632 1603/1603 1602/1602
f 1620/1620 1631/1631 1623/1623
f 1638/1638 1635/1635 1622/1622
f 1622/1622 1635/1635 1621/1621
f 1636/1636 1639/1639 1625/1625
f 1639/1639 1638/1638 1622/1622
f 1622/1622 1625/1625 1639/1639
f 1624/1624 1629/1629 1637/1637
f 1637/1637 1617/1617 1618/1618
f 1618/1618 1624/1624 1637/1637
f 1491/1491 1531/1531 1536/1536
f 1647/1647 1644/1644 1645/1645
f 1645/1645 1642/1642 1647/1647
f 1646/1646 1641/1641 1640/1640
f 1640/1640 1643/1643 1646/1646
f 1646/1646 1643/1643 1645/1645
f 1645/1645 1644/1644 1646/1646
f 3618/3618 1640/1640 1641/1641
f 1641/1641 3619/3619 3618/3618
f 3620/3620 3621/3621 1647/1647
f 1647/1647 1642/1642 3620/3620
f 1650/1650 1642/1642 1645/1645
f 1645/1645 1651/1651 1650/1650
f 1649/1649 1641/1641 1646/1646
f 1646/1646 1652/1652 1649/1649
f 1651/1651 1643/1643 1640/1640
f 1640/1640 1648/1648 1651/1651
f 1652/1652 1644/1644 1647/1647
f 1647/1647 1653/1653 1652/1652
f 1651/1651 1645/1645 1643/1643
f 1652/1652 1646/1646 1644/1644
f 1657/1657 1655/1655 1654/1654
f 1654/1654 1656/1656 1657/1657
f 1658/1658 1666/1666 1657/1657
f 1657/1657 1656/1656 1658/1658
f 1667/1667 1659/1659 1654/1654
f 1654/1654 1655/1655 1667/1667
f 3622/3622 1656/1656 1654/1654
f 1654/1654 1660/1660 3622/3622
f 1661/1661 1655/1655 1657/1657
f 1657/1657 3623/3623 1661/1661
f 1664/1664 1658/1658 1656/1656
f 1656/1656 1662/1662 1664/1664
f 1663/1663 1657/1657 1666/1666
f 1666/1666 1668/1668 1663/1663
f 1660/1660 1654/1654 1659/1659
f 1659/1659 1669/1669 1660/1660
f 1665/1665 1667/1667 1655/1655
f 1655/1655 1661/1661 1665/1665
f 1668/1668 1666/1666 1658/1658
f 1658/1658 1664/1664 1668/1668
f 1672/1672 1667/1667 1665/1665
f 1665/1665 1671/1671 1672/1672
f 1670/1670 1659/1659 1667/1667
f 1667/1667 1672/1672 1670/1670
f 1673/1673 1669/1669 1659/1659
f 1659/1659 1670/1670 1673/1673
f 1676/1676 1672/1672 1671/1671
f 1671/1671 1675/1675 1676/1676
f 1674/1674 1670/1670 1672/1672
f 1672/1672 1676/1676 1674/1674
f 1677/1677 1673/1673 1670/1670
f 1670/1670 1674/1674 1677/1677
f 1680/1680 1676/1676 1675/1675
f 1675/1675 3624/3624 1680/1680
f 1678/1678 1674/1674 1676/1676
f 1676/1676 1680/1680 1678/1678
f 3625/3625 1677/1677 1674/1674
f 1674/1674 1678/1678 3625/3625
f 1678/1678 1680/1680 1679/1679
f 1679/1679 1681/1681 1678/1678
f 1689/1689 1683/1683 1682/1682
f 1682/1682 1684/1684 1689/1689
f 1687/1687 1685/1685 1688/1688
f 1688/1688 1686/1686 1687/1687
f 1688/1688 1685/1685 1689/1689
f 1689/1689 1684/1684 1688/1688
f 1697/1697 1694/1694 1695/1695
f 1695/1695 1692/1692 1697/1697
f 1696/1696 1691/1691 1690/1690
f 1690/1690 1693/1693 1696/1696
f 1696/1696 1693/1693 1695/1695
f 1695/1695 1694/1694 1696/1696
f 3626/3626 1690/1690 1691/1691
f 1691/1691 3627/3627 3626/3626
f 3628/3628 3629/3629 1697/1697
f 1697/1697 1692/1692 3628/3628
f 1700/1700 1692/1692 1695/1695
f 1695/1695 1701/1701 1700/1700
f 1699/1699 1691/1691 1696/1696
f 1696/1696 1702/1702 1699/1699
f 1701/1701 1693/1693 1690/1690
f 1690/1690 1698/1698 1701/1701
f 1702/1702 1694/1694 1697/1697
f 1697/1697 1703/1703 1702/1702
f 1701/1701 1695/1695 1693/1693
f 1702/1702 1696/1696 1694/1694
f 1704/1704 1707/1707 1706/1706
f 1706/1706 1705/1705 1704/1704
f 3630/3630 1704/1704 1705/1705
f 1705/1705 3631/3631 3630/3630
f 1710/1710 3632/3632 3633/3633
f 3633/3633 1711/1711 1710/1710
f 1705/1705 1706/1706 1710/1710
f 1710/1710 1713/1713 1705/1705
f 3631/3631 1705/1705 1713/1713
f 1713/1713 3634/3634 3631/3631
f 1707/1707 3635/3635 3636/3636
f 3636/3636 1706/1706 1707/1707
f 1706/1706 3636/3636 3632/3632
f 3632/3632 1710/1710 1706/1706
f 1710/1710 1711/1711 1714/1714
f 1714/1714 1713/1713 1710/1710
f 1714/1714 3637/3637 3634/3634
f 3634/3634 1713/1713 1714/1714
f 1708/1708 1715/1715 1716/1716
f 1716/1716 1709/1709 1708/1708
f 1715/1715 1718/1718 1717/1717
f 1717/1717 1716/1716 1715/1715
f 1717/1717 1718/1718 1719/1719
f 1719/1719 1712/1712 1717/1717
f 1723/1723 1721/1721 1720/1720
f 1720/1720 1722/1722 1723/1723
f 1725/1725 1723/1723 1722/1722
f 1722/1722 1724/1724 1725/1725
f 1726/1726 1720/1720 1721/1721
f 1721/1721 1727/1727 1726/1726
f 1730/1730 1722/1722 1720/1720
f 1720/1720 1728/1728 1730/1730
f 1729/1729 1721/1721 1723/1723
f 1723/1723 1731/1731 1729/1729
f 3638/3638 1724/1724 1722/1722
f 1722/1722 1730/1730 3638/3638
f 1731/1731 1723/1723 1725/1725
f 1725/1725 3639/3639 1731/1731
f 1733/1733 1725/1725 1724/1724
f 1724/1724 1732/1732 1733/1733
f 1728/1728 1720/1720 1726/1726
f 1726/1726 3640/3640 1728/1728
f 3641/3641 1727/1727 1721/1721
f 1721/1721 1729/1729 3641/3641
f 1734/1734 1726/1726 1727/1727
f 1727/1727 1735/1735 1734/1734
f 1738/1738 1737/1737 1736/1736
f 1736/1736 1739/1739 1738/1738
f 3642/3642 1736/1736 1737/1737
f 1737/1737 3643/3643 3642/3642
f 1741/1741 1737/1737 1738/1738
f 1738/1738 3644/3644 1741/1741
f 1742/1742 1738/1738 1739/1739
f 1739/1739 3645/3645 1742/1742
f 1743/1743 1739/1739 1736/1736
f 1736/1736 1740/1740 1743/1743
f 1744/1744 3646/3646 3647/3647
f 3647/3647 3648/3648 1744/1744
f 3649/3649 1751/1751 3650/3650
f 3650/3650 3651/3651 3649/3649
f 3652/3652 1755/1755 3653/3653
f 3653/3653 3654/3654 3652/3652
f 1756/1756 3655/3655 3656/3656
f 3656/3656 3657/3657 1756/1756
f 1748/1748 3655/3655 3648/3648
f 3648/3648 1754/1754 1748/1748
f 1761/1761 1760/1760 1747/1747
f 1744/1744 1764/1764 3658/3658
f 3658/3658 3659/3659 1744/1744
f 1762/1762 1761/1761 1747/1747
f 1747/1747 3660/3660 1762/1762
f 1761/1761 1762/1762 3661/3661
f 3661/3661 1765/1765 1761/1761
f 3648/3648 3655/3655 1764/1764
f 1764/1764 1744/1744 3648/3648
f 3654/3654 3653/3653 3662/3662
f 3662/3662 3663/3663 3654/3654
f 3651/3651 3664/3664 1759/1759
f 1759/1759 3649/3649 3651/3651
f 3665/3665 1748/1748 1754/1754
f 1754/1754 3666/3666 3665/3665
f 3667/3667 3668/3668 3669/3669
f 3669/3669 3670/3670 3667/3667
f 3671/3671 3670/3670 3669/3669
f 3669/3669 1757/1757 3671/3671
f 3668/3668 3667/3667 3672/3672
f 3672/3672 1763/1763 3668/3668
f 3673/3673 1765/1765 3661/3661
f 3661/3661 3674/3674 3673/3673
f 1762/1762 1763/1763 3672/3672
f 3672/3672 3661/3661 1762/1762
f 3675/3675 3676/3676 3677/3677
f 3677/3677 3678/3678 3675/3675
f 1746/1746 3679/3679 3680/3680
f 3680/3680 3681/3681 1746/1746
f 3681/3681 1745/1745 1746/1746
f 3679/3679 3682/3682 3680/3680
f 3655/3655 1756/1756 1764/1764
f 3664/3664 1758/1758 1759/1759
f 3650/3650 1751/1751 1755/1755
f 1755/1755 3652/3652 3650/3650
f 3683/3683 3684/3684 1768/1768
f 1768/1768 3685/3685 3683/3683
f 3686/3686 3687/3687 1771/1771
f 1771/1771 3688/3688 3686/3686
f 3688/3688 3689/3689 3690/3690
f 3690/3690 3686/3686 3688/3688
f 3684/3684 3683/3683 3691/3691
f 3691/3691 1766/1766 3684/3684
f 1769/1769 3692/3692 1767/1767
f 1767/1767 1770/1770 1769/1769
f 3693/3693 1769/1769 1770/1770
f 1770/1770 3694/3694 3693/3693
f 3687/3687 3685/3685 1768/1768
f 1768/1768 1771/1771 3687/3687
f 1758/1758 3664/3664 1766/1766
f 1766/1766 3695/3695 1758/1758
f 1766/1766 3691/3691 3695/3695
f 1772/1772 1773/1773 1774/1774
f 1774/1774 1775/1775 1772/1772
f 1780/1780 1781/1781 1782/1782
f 1782/1782 1783/1783 1780/1780
f 1776/1776 1778/1778 1773/1773
f 1773/1773 1783/1783 1776/1776
f 1772/1772 1784/1784 1785/1785
f 1785/1785 1786/1786 1772/1772
f 1773/1773 1772/1772 1786/1786
f 1786/1786 1783/1783 1773/1773
f 1777/1777 1779/1779 1778/1778
f 1778/1778 1776/1776 1777/1777
f 1780/1780 1783/1783 1786/1786
f 1787/1787 1749/1749 1788/1788
f 1753/1753 1788/1788 1749/1749
f 1749/1749 1750/1750 1753/1753
f 1752/1752 1753/1753 1750/1750
f 1791/1791 1792/1792 1790/1790
f 1790/1790 1789/1789 1791/1791
f 1792/1792 1794/1794 1793/1793
f 1793/1793 1790/1790 1792/1792
f 1794/1794 3696/3696 3697/3697
f 3697/3697 1793/1793 1794/1794
f 1796/1796 1798/1798 1797/1797
f 1797/1797 1795/1795 1796/1796
f 1798/1798 1800/1800 1799/1799
f 1799/1799 1797/1797 1798/1798
f 1800/1800 1802/1802 1801/1801
f 1801/1801 1799/1799 1800/1800
f 1802/1802 1804/1804 1803/1803
f 1803/1803 1801/1801 1802/1802
f 1804/1804 1791/1791 1789/1789
f 1789/1789 1803/1803 1804/1804
f 1807/1807 1806/1806 1808/1808
f 1808/1808 1805/1805 1807/1807
f 1805/1805 1808/1808 1810/1810
f 1810/1810 1809/1809 1805/1805
f 1809/1809 1810/1810 3698/3698
f 3698/3698 3699/3699 1809/1809
f 1811/1811 1812/1812 1814/1814
f 1814/1814 1813/1813 1811/1811
f 1813/1813 1814/1814 1816/1816
f 1816/1816 1815/1815 1813/1813
f 1815/1815 1816/1816 1818/1818
f 1818/1818 1817/1817 1815/1815
f 1817/1817 1818/1818 1820/1820
f 1820/1820 1819/1819 1817/1817
f 1819/1819 1820/1820 1806/1806
f 1806/1806 1807/1807 1819/1819
f 1807/1807 1805/1805 1792/1792
f 1792/1792 1791/1791 1807/1807
f 1809/1809 1794/1794 1792/1792
f 1792/1792 1805/1805 1809/1809
f 3699/3699 3696/3696 1794/1794
f 1794/1794 1809/1809 3699/3699
f 1813/1813 1798/1798 1796/1796
f 1796/1796 1811/1811 1813/1813
f 1815/1815 1800/1800 1798/1798
f 1798/1798 1813/1813 1815/1815
f 1817/1817 1802/1802 1800/1800
f 1800/1800 1815/1815 1817/1817
f 1819/1819 1804/1804 1802/1802
f 1802/1802 1817/1817 1819/1819
f 1807/1807 1791/1791 1804/1804
f 1804/1804 1819/1819 1807/1807
f 1832/1832 1822/1822 1821/1821
f 1821/1821 3320/3320 1832/1832
f 1833/1833 1823/1823 3316/3316
f 3316/3316 3321/3321 1833/1833
f 1834/1834 1824/1824 3317/3317
f 3317/3317 3322/3322 1834/1834
f 1835/1835 1825/1825 1824/1824
f 1824/1824 1834/1834 1835/1835
f 1836/1836 1826/1826 1825/1825
f 1825/1825 1835/1835 1836/1836
f 1837/1837 1827/1827 1826/1826
f 1826/1826 1836/1836 1837/1837
f 3700/3700 3701/3701 1827/1827
f 1827/1827 1837/1837 3700/3700
f 1839/1839 1829/1829 1828/1828
f 1828/1828 1838/1838 1839/1839
f 1840/1840 3319/3319 3318/3318
f 3318/3318 3323/3323 1840/1840
f 1831/1831 3315/3315 1830/1830
f 1830/1830 3324/3324 1831/1831
f 1841/1841 1821/1821 1822/1822
f 1822/1822 3326/3326 1841/1841
f 1842/1842 3316/3316 1823/1823
f 1823/1823 3327/3327 1842/1842
f 1843/1843 3317/3317 1824/1824
f 1824/1824 1844/1844 1843/1843
f 1844/1844 1824/1824 1825/1825
f 1825/1825 1845/1845 1844/1844
f 1845/1845 1825/1825 1826/1826
f 1826/1826 1846/1846 1845/1845
f 1846/1846 1826/1826 1827/1827
f 1827/1827 1847/1847 1846/1846
f 1847/1847 1827/1827 3701/3701
f 3701/3701 3702/3702 1847/1847
f 1848/1848 1828/1828 1829/1829
f 1829/1829 3328/3328 1848/1848
f 1849/1849 3318/3318 3319/3319
f 3319/3319 3329/3329 1849/1849
f 1850/1850 1830/1830 3315/3315
f 3315/3315 3325/3325 1850/1850
f 1851/1851 3703/3703 3704/3704
f 3704/3704 3705/3705 1851/1851
f 1855/1855 3706/3706 3703/3703
f 3703/3703 1851/1851 1855/1855
f 1857/1857 3707/3707 3706/3706
f 3706/3706 1855/1855 1857/1857
f 1859/1859 3708/3708 3707/3707
f 3707/3707 1857/1857 1859/1859
f 1861/1861 3709/3709 3708/3708
f 3708/3708 1859/1859 1861/1861
f 1863/1863 3710/3710 3709/3709
f 3709/3709 1861/1861 1863/1863
f 1865/1865 3711/3711 3710/3710
f 3710/3710 1863/1863 1865/1865
f 3711/3711 1865/1865 1852/1852
f 1852/1852 3712/3712 3711/3711
f 3705/3705 3713/3713 1867/1867
f 1867/1867 1851/1851 3705/3705
f 1851/1851 1867/1867 1869/1869
f 1869/1869 1855/1855 1851/1851
f 1855/1855 1869/1869 1870/1870
f 1870/1870 1857/1857 1855/1855
f 1857/1857 1870/1870 1871/1871
f 1871/1871 1859/1859 1857/1857
f 1859/1859 1871/1871 1872/1872
f 1872/1872 1861/1861 1859/1859
f 1861/1861 1872/1872 1873/1873
f 1873/1873 1863/1863 1861/1861
f 1863/1863 1873/1873 1874/1874
f 1874/1874 1865/1865 1863/1863
f 1868/1868 1852/1852 1865/1865
f 1865/1865 1874/1874 1868/1868
f 1877/1877 3714/3714 3715/3715
f 1877/1877 3716/3716 3714/3714
f 1877/1877 3717/3717 3716/3716
f 1877/1877 3718/3718 3717/3717
f 1877/1877 3719/3719 3718/3718
f 1877/1877 3720/3720 3719/3719
f 1877/1877 3721/3721 3720/3720
f 1877/1877 3715/3715 3721/3721
f 3722/3722 1876/1876 1867/1867
f 1867/1867 3713/3713 3722/3722
f 1876/1876 1878/1878 1869/1869
f 1869/1869 1867/1867 1876/1876
f 1878/1878 1879/1879 1870/1870
f 1870/1870 1869/1869 1878/1878
f 1879/1879 1880/1880 1871/1871
f 1871/1871 1870/1870 1879/1879
f 1880/1880 1881/1881 1872/1872
f 1872/1872 1871/1871 1880/1880
f 1881/1881 1882/1882 1873/1873
f 1873/1873 1872/1872 1881/1881
f 1882/1882 1883/1883 1874/1874
f 1874/1874 1873/1873 1882/1882
f 1883/1883 1875/1875 1868/1868
f 1868/1868 1874/1874 1883/1883
f 1884/1884 3723/3723 1854/1854
f 1884/1884 1854/1854 1856/1856
f 1884/1884 1856/1856 1858/1858
f 1884/1884 1858/1858 1860/1860
f 1884/1884 1860/1860 1862/1862
f 1884/1884 1862/1862 1864/1864
f 1884/1884 1864/1864 1866/1866
f 1884/1884 1866/1866 1853/1853
f 3724/3724 1886/1886 1885/1885
f 1885/1885 3725/3725 3724/3724
f 3726/3726 1887/1887 1886/1886
f 1886/1886 3724/3724 3726/3726
f 3727/3727 1888/1888 1887/1887
f 1887/1887 3726/3726 3727/3727
f 3728/3728 1889/1889 1888/1888
f 1888/1888 3727/3727 3728/3728
f 3729/3729 1890/1890 1889/1889
f 1889/1889 3728/3728 3729/3729
f 3730/3730 1892/1892 1891/1891
f 1891/1891 3731/3731 3730/3730
f 3732/3732 1893/1893 1892/1892
f 1892/1892 3730/3730 3732/3732
f 3733/3733 1894/1894 1893/1893
f 1893/1893 3732/3732 3733/3733
f 3734/3734 1895/1895 1894/1894
f 1894/1894 3733/3733 3734/3734
f 3735/3735 1896/1896 1895/1895
f 1895/1895 3734/3734 3735/3735
f 3736/3736 1897/1897 1896/1896
f 1896/1896 3735/3735 3736/3736
f 3737/3737 1898/1898 1897/1897
f 1897/1897 3736/3736 3737/3737
f 3738/3738 1899/1899 1898/1898
f 1898/1898 3737/3737 3738/3738
f 3739/3739 1900/1900 1899/1899
f 1899/1899 3738/3738 3739/3739
f 3740/3740 1901/1901 1900/1900
f 1900/1900 3739/3739 3740/3740
f 3741/3741 1902/1902 1901/1901
f 1901/1901 3740/3740 3741/3741
f 3731/3731 1891/1891 1902/1902
f 1902/1902 3741/3741 3731/3731
f 1916/1916 1904/1904 1903/1903
f 1903/1903 1915/1915 1916/1916
f 1917/1917 1905/1905 1904/1904
f 1904/1904 1916/1916 1917/1917
f 1918/1918 1906/1906 1905/1905
f 1905/1905 1917/1917 1918/1918
f 1919/1919 1907/1907 1906/1906
f 1906/1906 1918/1918 1919/1919
f 1920/1920 1908/1908 1907/1907
f 1907/1907 1919/1919 1920/1920
f 3742/3742 3743/3743 1908/1908
f 1908/1908 1920/1920 3742/3742
f 1922/1922 1910/1910 1909/1909
f 1909/1909 1921/1921 1922/1922
f 1923/1923 1911/1911 1910/1910
f 1910/1910 1922/1922 1923/1923
f 1924/1924 1912/1912 1911/1911
f 1911/1911 1923/1923 1924/1924
f 1925/1925 1913/1913 1912/1912
f 1912/1912 1924/1924 1925/1925
f 1926/1926 1914/1914 1913/1913
f 1913/1913 1925/1925 1926/1926
f 1915/1915 1903/1903 1914/1914
f 1914/1914 1926/1926 1915/1915
f 1930/1930 1928/1928 1933/1933
f 1933/1933 1929/1929 1930/1930
f 1931/1931 1927/1927 1934/1934
f 1934/1934 1932/1932 1931/1931
f 1934/1934 1927/1927 1933/1933
f 1933/1933 1928/1928 1934/1934
f 1935/1935 1953/1953 3744/3744
f 3744/3744 3745/3745 1935/1935
f 3746/3746 1935/1935 3745/3745
f 3745/3745 3747/3747 3746/3746
f 1939/1939 1937/1937 3748/3748
f 3748/3748 3749/3749 1939/1939
f 1941/1941 1939/1939 3749/3749
f 3749/3749 3750/3750 1941/1941
f 1943/1943 1941/1941 3750/3750
f 3750/3750 3751/3751 1943/1943
f 1945/1945 1943/1943 3751/3751
f 3751/3751 3752/3752 1945/1945
f 1947/1947 1945/1945 3752/3752
f 3752/3752 3753/3753 1947/1947
f 1949/1949 1947/1947 3753/3753
f 3753/3753 3754/3754 1949/1949
f 1951/1951 1949/1949 3754/3754
f 3754/3754 3755/3755 1951/1951
f 1953/1953 1951/1951 3755/3755
f 3755/3755 3744/3744 1953/1953
f 1946/1946 1944/1944 1942/1942
f 1940/1940 1948/1948 1946/1946
f 1946/1946 1942/1942 1940/1940
f 1938/1938 1950/1950 1948/1948
f 1948/1948 1940/1940 1938/1938
f 1938/1938 1952/1952 1950/1950
f 1936/1936 1954/1954 1952/1952
f 1952/1952 1938/1938 1936/1936
f 3756/3756 3757/3757 1958/1958
f 1958/1958 3758/3758 3756/3756
f 3759/3759 3756/3756 3758/3758
f 1955/1955 1960/1960 1962/1962
f 1962/1962 1957/1957 1955/1955
f 1959/1959 1963/1963 1960/1960
f 1960/1960 1955/1955 1959/1959
f 1956/1956 1961/1961 1963/1963
f 1963/1963 1959/1959 1956/1956
f 3760/3760 3761/3761 3762/3762
f 3761/3761 3760/3760 3763/3763
f 3763/3763 3764/3764 3761/3761
f 3761/3761 3765/3765 3762/3762
f 3766/3766 3767/3767 3768/3768
f 3768/3768 3769/3769 3766/3766
f 3765/3765 3770/3770 3762/3762
f 3771/3771 3770/3770 3765/3765
f 3765/3765 3772/3772 3771/3771
f 3770/3770 3773/3773 3762/3762
f 3774/3774 3775/3775 3776/3776
f 3776/3776 3777/3777 3774/3774
f 3773/3773 3778/3778 3762/3762
f 3779/3779 3778/3778 3773/3773
f 3773/3773 3780/3780 3779/3779
f 3781/3781 1965/1965 2010/2010
f 1966/1966 1965/1965 3781/3781
f 3781/3781 3782/3782 1966/1966
f 3778/3778 3783/3783 3762/3762
f 3784/3784 3785/3785 3786/3786
f 3786/3786 3787/3787 3784/3784
f 3788/3788 2010/2010 3762/3762
f 3762/3762 3783/3783 3788/3788
f 3789/3789 3788/3788 3783/3783
f 3783/3783 3790/3790 3789/3789
f 3788/3788 3791/3791 2010/2010
f 3792/3792 3793/3793 3794/3794
f 3794/3794 3795/3795 3792/3792
f 3791/3791 3796/3796 2010/2010
f 3797/3797 3796/3796 3791/3791
f 3791/3791 3798/3798 3797/3797
f 3796/3796 3781/3781 2010/2010
f 3799/3799 3800/3800 3801/3801
f 3801/3801 3802/3802 3799/3799
f 3761/3761 3768/3768 3767/3767
f 3767/3767 3765/3765 3761/3761
f 3770/3770 3776/3776 3775/3775
f 3775/3775 3773/3773 3770/3770
f 3778/3778 3786/3786 3785/3785
f 3785/3785 3783/3783 3778/3778
f 3788/3788 3794/3794 3793/3793
f 3793/3793 3791/3791 3788/3788
f 3796/3796 3801/3801 3800/3800
f 3800/3800 3781/3781 3796/3796
f 2009/2009 2008/2008 2013/2013
f 2013/2013 2014/2014 2009/2009
f 2010/2010 2009/2009 2014/2014
f 2014/2014 3762/3762 2010/2010
f 2012/2012 2011/2011 2016/2016
f 2016/2016 2017/2017 2012/2012
f 2008/2008 2012/2012 2017/2017
f 2017/2017 2013/2013 2008/2008
f 1964/1964 2015/2015 2048/2048
f 2048/2048 1967/1967 1964/1964
f 1989/1989 1968/1968 1969/1969
f 1969/1969 1988/1988 1989/1989
f 1991/1991 1971/1971 3803/3803
f 1970/1970 1990/1990 3804/3804
f 1993/1993 1972/1972 1973/1973
f 1973/1973 1992/1992 1993/1993
f 1995/1995 1975/1975 3805/3805
f 1974/1974 1994/1994 3806/3806
f 1997/1997 1978/1978 1979/1979
f 1979/1979 1996/1996 1997/1997
f 1999/1999 1981/1981 3807/3807
f 1980/1980 1998/1998 3808/3808
f 2001/2001 1982/1982 1983/1983
f 1983/1983 2000/2000 2001/2001
f 2003/2003 1985/1985 3809/3809
f 1984/1984 2002/2002 3810/3810
f 2006/2006 1977/1977 3811/3811
f 1976/1976 2005/2005 3812/3812
f 2004/2004 1986/1986 1987/1987
f 1987/1987 2007/2007 2004/2004
f 3813/3813 3814/3814 3815/3815
f 3813/3813 3764/3764 3763/3763
f 3763/3763 3814/3814 3813/3813
f 3816/3816 3813/3813 3815/3815
f 3766/3766 3769/3769 3817/3817
f 3817/3817 3818/3818 3766/3766
f 3819/3819 3816/3816 3815/3815
f 3771/3771 3772/3772 3816/3816
f 3816/3816 3819/3819 3771/3771
f 3820/3820 3819/3819 3815/3815
f 3774/3774 3777/3777 3821/3821
f 3821/3821 3822/3822 3774/3774
f 3823/3823 3820/3820 3815/3815
f 3779/3779 3780/3780 3820/3820
f 3820/3820 3823/3823 3779/3779
f 2019/2019 3824/3824 2042/2042
f 1966/1966 3782/3782 3824/3824
f 3824/3824 2019/2019 1966/1966
f 3825/3825 3823/3823 3815/3815
f 3784/3784 3787/3787 3826/3826
f 3826/3826 3827/3827 3784/3784
f 3828/3828 3825/3825 3815/3815
f 3815/3815 2042/2042 3828/3828
f 3789/3789 3790/3790 3825/3825
f 3825/3825 3828/3828 3789/3789
f 3829/3829 3828/3828 2042/2042
f 3792/3792 3795/3795 3830/3830
f 3830/3830 3831/3831 3792/3792
f 3832/3832 3829/3829 2042/2042
f 3797/3797 3798/3798 3829/3829
f 3829/3829 3832/3832 3797/3797
f 3824/3824 3832/3832 2042/2042
f 3799/3799 3802/3802 3833/3833
f 3833/3833 3834/3834 3799/3799
f 3813/3813 3816/3816 3818/3818
f 3818/3818 3817/3817 3813/3813
f 3819/3819 3820/3820 3822/3822
f 3822/3822 3821/3821 3819/3819
f 3823/3823 3825/3825 3827/3827
f 3827/3827 3826/3826 3823/3823
f 3828/3828 3829/3829 3831/3831
f 3831/3831 3830/3830 3828/3828
f 3832/3832 3824/3824 3834/3834
f 3834/3834 3833/3833 3832/3832
f 2041/2041 2044/2044 2047/2047
f 2047/2047 2040/2040 2041/2041
f 2042/2042 3815/3815 2044/2044
f 2044/2044 2041/2041 2042/2042
f 2040/2040 2047/2047 2046/2046
f 2046/2046 2043/2043 2040/2040
f 2018/2018 1967/1967 2048/2048
f 2048/2048 2045/2045 2018/2018
f 2030/2030 1988/1988 1969/1969
f 1969/1969 2020/2020 2030/2030
f 3835/3835 2031/2031 3836/3836
f 2021/2021 1971/1971 1991/1991
f 2032/2032 1992/1992 1973/1973
f 1973/1973 2022/2022 2032/2032
f 3837/3837 2033/2033 3838/3838
f 2023/2023 1975/1975 1995/1995
f 2034/2034 1996/1996 1979/1979
f 1979/1979 2025/2025 2034/2034
f 3839/3839 2035/2035 3840/3840
f 2026/2026 1981/1981 1999/1999
f 2036/2036 2000/2000 1983/1983
f 1983/1983 2027/2027 2036/2036
f 3841/3841 2037/2037 3842/3842
f 2028/2028 1985/1985 2003/2003
f 3843/3843 2039/2039 3844/3844
f 2024/2024 1977/1977 2006/2006
f 2038/2038 2007/2007 1987/1987
f 1987/1987 2029/2029 2038/2038
f 2053/2053 3845/3845 3846/3846
f 2053/2053 3847/3847 3848/3848
f 2053/2053 3848/3848 3849/3849
f 3849/3849 3845/3845 2053/2053
f 3850/3850 3851/3851 2049/2049
f 2049/2049 2050/2050 3850/3850
f 3850/3850 2050/2050 2052/2052
f 2052/2052 3852/3852 3850/3850
f 2051/2051 2054/2054 3853/3853
f 3853/3853 3854/3854 2051/2051
f 2054/2054 2049/2049 3851/3851
f 3851/3851 3853/3853 2054/2054
f 2060/2060 2058/2058 2057/2057
f 2059/2059 2058/2058 2056/2056
f 2058/2058 2060/2060 2055/2055
f 2055/2055 2056/2056 2058/2058
f 3855/3855 3856/3856 3857/3857
f 3857/3857 3858/3858 3855/3855
f 3859/3859 3860/3860 3861/3861
f 3862/3862 2061/2061 3863/3863
f 3863/3863 3864/3864 3862/3862
f 3865/3865 3866/3866 3855/3855
f 3855/3855 3858/3858 3865/3865
f 3863/3863 2061/2061 3861/3861
f 3861/3861 3860/3860 3863/3863
f 3867/3867 2066/2066 2065/2065
f 2065/2065 3868/3868 3867/3867
f 3868/3868 2065/2065 2062/2062
f 2062/2062 3869/3869 3868/3868
f 3870/3870 2064/2064 2068/2068
f 2068/2068 3871/3871 3870/3870
f 3871/3871 2068/2068 2070/2070
f 2070/2070 3872/3872 3871/3871
f 3872/3872 2070/2070 2066/2066
f 2066/2066 3867/3867 3872/3872
f 2067/2067 2069/2069 2063/2063
f 2072/2072 2073/2073 2074/2074
f 2074/2074 2071/2071 2072/2072
f 2074/2074 2067/2067 2063/2063
f 2063/2063 2071/2071 2074/2074
f 3873/3873 3874/3874 3875/3875
f 3875/3875 3876/3876 3873/3873
f 2076/2076 3877/3877 3878/3878
f 3878/3878 2075/2075 2076/2076
f 2078/2078 3879/3879 3877/3877
f 3877/3877 2076/2076 2078/2078
f 2075/2075 3878/3878 3880/3880
f 3880/3880 2077/2077 2075/2075
f 2082/2082 2081/2081 2079/2079
f 2079/2079 2080/2080 2082/2082
f 3881/3881 2084/2084 2083/2083
f 2083/2083 3882/3882 3881/3881
f 3882/3882 2083/2083 3883/3883
f 3883/3883 3884/3884 3882/3882
f 3885/3885 2086/2086 2089/2089
f 2089/2089 3886/3886 3885/3885
f 3886/3886 2089/2089 2091/2091
f 2091/2091 3887/3887 3886/3886
f 3887/3887 2091/2091 2084/2084
f 2084/2084 3881/3881 3887/3887
f 2085/2085 2087/2087 2092/2092
f 2087/2087 2090/2090 2092/2092
f 2087/2087 2088/2088 2090/2090
f 3888/3888 3889/3889 3890/3890
f 3890/3890 3891/3891 3888/3888
f 3892/3892 3893/3893 3889/3889
f 3889/3889 3888/3888 3892/3892
f 3894/3894 3895/3895 3893/3893
f 3893/3893 3892/3892 3894/3894
f 3896/3896 3897/3897 3895/3895
f 3895/3895 3894/3894 3896/3896
f 3898/3898 3899/3899 3897/3897
f 3897/3897 3896/3896 3898/3898
f 3900/3900 3901/3901 3899/3899
f 3899/3899 3898/3898 3900/3900
f 3902/3902 3903/3903 3901/3901
f 3901/3901 3900/3900 3902/3902
f 3904/3904 3905/3905 3906/3906
f 3906/3906 3907/3907 3904/3904
f 3908/3908 3909/3909 3905/3905
f 3905/3905 3904/3904 3908/3908
f 3891/3891 3890/3890 3909/3909
f 3909/3909 3908/3908 3891/3891
f 2100/2100 2093/2093 2094/2094
f 2100/2100 2094/2094 2095/2095
f 2100/2100 2095/2095 2096/2096
f 2100/2100 2096/2096 2097/2097
f 2100/2100 2097/2097 2098/2098
f 2100/2100 2098/2098 2099/2099
f 2100/2100 2101/2101 2102/2102
f 2100/2100 2102/2102 2093/2093
f 2110/2110 2104/2104 2103/2103
f 2110/2110 2105/2105 2104/2104
f 2110/2110 2106/2106 2105/2105
f 2110/2110 2107/2107 2106/2106
f 2110/2110 2108/2108 2107/2107
f 2110/2110 2109/2109 2108/2108
f 2110/2110 2112/2112 2111/2111
f 2110/2110 2103/2103 2112/2112
f 3910/3910 3911/3911 3912/3912
f 3912/3912 3913/3913 3910/3910
f 3914/3914 3913/3913 3912/3912
f 3912/3912 3915/3915 3914/3914
f 3916/3916 3914/3914 3915/3915
f 3917/3917 3912/3912 3911/3911
f 3911/3911 3918/3918 3917/3917
f 2146/2146 3917/3917 3918/3918
f 3918/3918 2152/2152 2146/2146
f 3919/3919 3910/3910 3913/3913
f 3913/3913 3920/3920 3919/3919
f 3921/3921 3919/3919 3920/3920
f 3920/3920 3922/3922 3921/3921
f 3923/3923 3921/3921 3922/3922
f 3922/3922 3924/3924 3923/3923
f 2149/2149 3923/3923 3924/3924
f 3924/3924 3925/3925 2149/2149
f 2136/2136 2122/2122 3926/3926
f 3926/3926 3927/3927 2136/2136
f 2137/2137 2124/2124 2122/2122
f 2122/2122 2136/2136 2137/2137
f 2134/2134 2126/2126 2124/2124
f 2124/2124 2137/2137 2134/2134
f 2134/2134 2132/2132 2126/2126
f 3928/3928 2114/2114 2116/2116
f 2116/2116 3929/3929 3928/3928
f 3930/3930 3931/3931 2117/2117
f 2117/2117 2113/2113 3930/3930
f 3931/3931 3932/3932 2117/2117
f 3930/3930 2113/2113 2120/2120
f 2120/2120 3933/3933 3930/3930
f 3928/3928 3934/3934 2121/2121
f 2121/2121 2114/2114 3928/3928
f 3933/3933 2120/2120 3935/3935
f 3936/3936 3937/3937 2123/2123
f 2123/2123 2125/2125 3936/3936
f 3938/3938 2127/2127 3939/3939
f 2138/2138 2115/2115 2118/2118
f 2118/2118 2135/2135 2138/2138
f 2135/2135 2118/2118 3940/3940
f 3940/3940 2151/2151 2135/2135
f 3941/3941 2121/2121 3934/3934
f 3929/3929 2116/2116 2123/2123
f 2123/2123 3937/3937 3929/3929
f 3936/3936 2125/2125 2127/2127
f 2127/2127 3938/3938 3936/3936
f 3932/3932 2119/2119 2117/2117
f 3931/3931 3942/3942 3932/3932
f 2141/2141 3943/3943 2139/2139
f 2139/2139 2140/2140 2141/2141
f 3944/3944 2142/2142 2139/2139
f 2139/2139 3943/3943 3944/3944
f 3944/3944 3945/3945 2142/2142
f 2144/2144 2145/2145 2140/2140
f 2140/2140 2139/2139 2144/2144
f 2146/2146 2152/2152 2145/2145
f 2145/2145 2144/2144 2146/2146
f 2147/2147 3946/3946 3943/3943
f 3943/3943 2141/2141 2147/2147
f 2148/2148 3947/3947 3946/3946
f 3946/3946 2147/2147 2148/2148
f 2150/2150 3948/3948 3947/3947
f 3947/3947 2148/2148 2150/2150
f 2149/2149 3925/3925 3948/3948
f 3948/3948 2150/2150 2149/2149
f 2136/2136 3927/3927 3949/3949
f 3949/3949 2130/2130 2136/2136
f 2137/2137 2136/2136 2130/2130
f 2130/2130 2131/2131 2137/2137
f 2134/2134 2137/2137 2131/2131
f 2131/2131 2133/2133 2134/2134
f 2132/2132 2134/2134 2133/2133
f 2138/2138 2135/2135 2129/2129
f 2129/2129 2128/2128 2138/2138
f 2135/2135 2151/2151 2143/2143
f 2143/2143 2129/2129 2135/2135
f 2155/2155 2157/2157 2154/2154
f 2154/2154 2153/2153 2155/2155
f 3950/3950 3951/3951 3952/3952
f 2156/2156 2154/2154 2157/2157
f 2157/2157 2158/2158 2156/2156
f 2155/2155 2159/2159 2157/2157
f 2157/2157 2159/2159 2158/2158
f 3953/3953 3954/3954 3955/3955
f 3955/3955 3956/3956 3953/3953
f 2162/2162 2166/2166 3957/3957
f 3957/3957 2164/2164 2162/2162
f 3958/3958 2169/2169 2160/2160
f 2160/2160 3959/3959 3958/3958
f 3960/3960 3961/3961 3962/3962
f 3962/3962 3963/3963 3960/3960
f 3963/3963 3962/3962 3964/3964
f 3964/3964 3965/3965 3963/3963
f 2168/2168 3966/3966 3967/3967
f 3967/3967 2167/2167 2168/2168
f 3965/3965 3964/3964 2165/2165
f 2165/2165 3968/3968 3965/3965
f 2160/2160 2169/2169 3969/3969
f 3969/3969 3970/3970 2160/2160
f 2171/2171 2173/2173 2161/2161
f 2161/2161 2170/2170 2171/2171
f 2163/2163 2172/2172 2174/2174
f 2174/2174 2175/2175 2163/2163
f 2161/2161 2162/2162 2164/2164
f 2164/2164 2170/2170 2161/2161
f 3971/3971 3972/3972 3973/3973
f 3973/3973 3974/3974 3971/3971
f 3975/3975 3976/3976 3972/3972
f 3972/3972 3971/3971 3975/3975
f 3977/3977 3978/3978 3976/3976
f 3976/3976 3975/3975 3977/3977
f 3979/3979 3980/3980 3978/3978
f 3978/3978 3977/3977 3979/3979
f 3981/3981 3982/3982 3980/3980
f 3980/3980 3979/3979 3981/3981
f 3983/3983 3984/3984 3982/3982
f 3982/3982 3981/3981 3983/3983
f 3985/3985 3986/3986 3984/3984
f 3984/3984 3983/3983 3985/3985
f 3987/3987 3988/3988 3989/3989
f 3989/3989 3990/3990 3987/3987
f 3991/3991 3992/3992 3988/3988
f 3988/3988 3987/3987 3991/3991
f 3974/3974 3973/3973 3992/3992
f 3992/3992 3991/3991 3974/3974
f 2190/2190 2177/2177 2180/2180
f 2191/2191 2181/2181 2178/2178
f 2190/2190 2180/2180 2182/2182
f 2191/2191 2183/2183 2181/2181
f 2190/2190 2182/2182 2184/2184
f 2191/2191 2185/2185 2183/2183
f 2190/2190 2184/2184 2186/2186
f 2191/2191 2187/2187 2185/2185
f 2190/2190 2186/2186 2188/2188
f 2191/2191 2189/2189 2187/2187
f 2191/2191 2195/2195 2193/2193
f 2190/2190 2192/2192 2194/2194
f 2191/2191 2178/2178 2179/2179
f 2191/2191 2179/2179 2195/2195
f 2190/2190 2176/2176 2177/2177
f 2190/2190 2194/2194 2176/2176
f 2196/2196 2199/2199 3993/3993
f 3993/3993 3994/3994 2196/2196
f 2200/2200 2203/2203 2202/2202
f 2202/2202 2201/2201 2200/2200
f 2204/2204 2207/2207 2206/2206
f 2206/2206 2205/2205 2204/2204
f 2208/2208 2211/2211 3995/3995
f 3995/3995 2209/2209 2208/2208
f 2212/2212 2215/2215 2214/2214
f 2214/2214 2213/2213 2212/2212
f 3995/3995 3996/3996 2216/2216
f 2216/2216 2209/2209 3995/3995
f 3997/3997 3998/3998 2197/2197
f 2197/2197 2219/2219 3997/3997
f 3998/3998 3997/3997 3999/3999
f 3999/3999 4000/4000 3998/3998
f 4001/4001 2222/2222 2210/2210
f 2210/2210 4002/4002 4001/4001
f 2217/2217 2228/2228 4003/4003
f 4003/4003 2204/2204 2217/2217
f 2199/2199 2226/2226 4004/4004
f 4004/4004 3993/3993 2199/2199
f 3996/3996 4005/4005 2225/2225
f 2225/2225 2216/2216 3996/3996
f 2206/2206 2230/2230 2229/2229
f 2229/2229 2205/2205 2206/2206
f 2232/2232 2204/2204 4006/4006
f 2198/2198 2207/2207 4007/4007
f 4007/4007 2237/2237 2198/2198
f 2207/2207 2240/2240 4007/4007
f 4003/4003 4006/4006 2204/2204
f 3999/3999 4001/4001 4002/4002
f 4002/4002 4000/4000 3999/3999
f 2213/2213 2214/2214 2211/2211
f 2211/2211 2208/2208 2213/2213
f 2196/2196 3994/3994 2215/2215
f 2215/2215 2212/2212 2196/2196
f 4008/4008 2233/2233 2241/2241
f 2241/2241 2238/2238 4008/4008
f 2224/2224 2223/2223 2218/2218
f 2218/2218 4009/4009 2224/2224
f 4010/4010 2239/2239 2224/2224
f 2224/2224 4009/4009 4010/4010
f 2243/2243 2220/2220 2218/2218
f 2218/2218 2223/2223 2243/2243
f 2245/2245 4011/4011 2221/2221
f 2221/2221 2244/2244 2245/2245
f 2235/2235 4012/4012 4011/4011
f 4011/4011 2245/2245 2235/2235
f 2242/2242 2231/2231 2227/2227
f 2227/2227 2236/2236 2242/2242
f 2234/2234 4013/4013 2231/2231
f 2231/2231 2242/2242 2234/2234
f 2244/2244 2221/2221 2220/2220
f 2220/2220 2243/2243 2244/2244
f 2238/2238 2241/2241 2239/2239
f 2239/2239 4010/4010 2238/2238
f 2236/2236 2227/2227 4012/4012
f 4012/4012 2235/2235 2236/2236
f 2233/2233 4008/4008 4013/4013
f 4013/4013 2234/2234 2233/2233
f 2217/2217 2210/2210 2222/2222
f 2222/2222 2228/2228 2217/2217
f 2219/2219 2197/2197 2198/2198
f 2198/2198 2237/2237 2219/2219
f 2232/2232 2240/2240 2207/2207
f 2232/2232 2207/2207 2204/2204
f 2246/2246 2249/2249 2248/2248
f 2248/2248 2247/2247 2246/2246
f 2250/2250 2253/2253 2252/2252
f 2252/2252 2251/2251 2250/2250
f 2254/2254 2257/2257 2256/2256
f 2256/2256 2255/2255 2254/2254
f 2248/2248 2249/2249 2253/2253
f 2253/2253 2250/2250 2248/2248
f 2256/2256 2257/2257 2251/2251
f 2251/2251 2252/2252 2256/2256
f 4014/4014 2261/2261 4015/4015
f 4015/4015 4016/4016 4014/4014
f 4017/4017 2260/2260 2263/2263
f 2263/2263 4018/4018 4017/4017
f 4018/4018 2263/2263 2265/2265
f 2265/2265 4019/4019 4018/4018
f 4019/4019 2265/2265 4020/4020
f 4020/4020 4021/4021 4019/4019
f 2269/2269 4022/4022 4023/4023
f 4023/4023 2267/2267 2269/2269
f 4022/4022 2269/2269 2271/2271
f 2271/2271 4024/4024 4022/4022
f 4024/4024 2271/2271 2273/2273
f 2273/2273 4025/4025 4024/4024
f 4025/4025 2273/2273 2275/2275
f 2275/2275 4026/4026 4025/4025
f 4026/4026 2275/2275 2277/2277
f 2277/2277 4027/4027 4026/4026
f 4027/4027 2277/2277 2261/2261
f 2261/2261 4014/4014 4027/4027
f 2268/2268 2270/2270 2276/2276
f 2276/2276 2258/2258 2268/2268
f 4015/4015 2261/2261 2279/2279
f 2279/2279 4028/4028 4015/4015
f 2263/2263 2260/2260 2278/2278
f 2278/2278 2280/2280 2263/2263
f 2265/2265 2263/2263 2280/2280
f 2280/2280 2281/2281 2265/2265
f 2265/2265 2281/2281 4029/4029
f 4029/4029 4020/4020 2265/2265
f 2282/2282 2283/2283 2269/2269
f 2269/2269 2267/2267 2282/2282
f 2271/2271 2269/2269 2283/2283
f 2283/2283 2284/2284 2271/2271
f 2273/2273 2271/2271 2284/2284
f 2284/2284 2285/2285 2273/2273
f 2275/2275 2273/2273 2285/2285
f 2285/2285 2286/2286 2275/2275
f 2277/2277 2275/2275 2286/2286
f 2286/2286 2287/2287 2277/2277
f 2261/2261 2277/2277 2287/2287
f 2287/2287 2279/2279 2261/2261
f 4028/4028 2279/2279 2289/2289
f 2289/2289 4030/4030 4028/4028
f 2280/2280 2278/2278 2288/2288
f 2288/2288 2290/2290 2280/2280
f 2281/2281 2280/2280 2290/2290
f 2290/2290 2291/2291 2281/2281
f 4029/4029 2281/2281 2291/2291
f 2291/2291 4031/4031 4029/4029
f 2283/2283 2282/2282 2292/2292
f 2292/2292 2293/2293 2283/2283
f 2284/2284 2283/2283 2293/2293
f 2293/2293 2294/2294 2284/2284
f 2285/2285 2284/2284 2294/2294
f 2294/2294 2295/2295 2285/2285
f 2286/2286 2285/2285 2295/2295
f 2295/2295 2296/2296 2286/2286
f 2287/2287 2286/2286 2296/2296
f 2296/2296 2297/2297 2287/2287
f 2279/2279 2287/2287 2297/2297
f 2297/2297 2289/2289 2279/2279
f 2272/2272 2274/2274 2276/2276
f 2276/2276 2270/2270 2272/2272
f 2259/2259 2266/2266 2268/2268
f 2268/2268 2258/2258 2259/2259
f 2262/2262 2264/2264 2266/2266
f 2266/2266 2259/2259 2262/2262
f 2298/2298 4032/4032 4033/4033
f 4033/4033 2299/2299 2298/2298
f 2299/2299 2303/2303 2302/2302
f 2302/2302 2298/2298 2299/2299
f 2301/2301 2302/2302 2303/2303
f 2303/2303 2300/2300 2301/2301
f 4034/4034 2307/2307 2306/2306
f 2306/2306 4035/4035 4034/4034
f 2305/2305 2309/2309 2308/2308
f 2308/2308 2304/2304 2305/2305
f 2310/2310 2308/2308 2309/2309
f 2309/2309 2311/2311 2310/2310
f 2312/2312 2310/2310 2311/2311
f 2311/2311 2313/2313 2312/2312
f 2307/2307 2312/2312 2313/2313
f 2313/2313 2306/2306 2307/2307
f 2319/2319 2315/2315 2314/2314
f 2314/2314 2318/2318 2319/2319
f 2321/2321 2317/2317 2316/2316
f 2316/2316 2320/2320 2321/2321
f 2318/2318 2314/2314 2317/2317
f 2317/2317 2321/2321 2318/2318
f 4036/4036 4037/4037 2324/2324
f 2324/2324 2323/2323 4036/4036
f 4038/4038 4039/4039 4040/4040
f 4040/4040 2327/2327 4038/4038
f 4041/4041 4042/4042 4043/4043
f 4043/4043 4044/4044 4041/4041
f 4045/4045 4041/4041 4044/4044
f 4044/4044 4046/4046 4045/4045
f 4045/4045 4046/4046 4047/4047
f 4047/4047 4048/4048 4045/4045
f 4049/4049 4043/4043 4042/4042
f 4050/4050 4048/4048 4047/4047
f 4047/4047 4051/4051 4050/4050
f 4052/4052 4050/4050 4051/4051
f 4051/4051 4053/4053 4052/4052
f 4054/4054 4055/4055 2333/2333
f 2333/2333 4056/4056 4054/4054
f 4056/4056 2333/2333 2335/2335
f 2335/2335 4057/4057 4056/4056
f 4058/4058 4059/4059 4060/4060
f 4060/4060 4061/4061 4058/4058
f 2348/2348 4062/4062 4050/4050
f 4050/4050 4052/4052 2348/2348
f 4063/4063 2351/2351 4062/4062
f 4062/4062 2348/2348 4063/4063
f 4064/4064 4065/4065 4066/4066
f 4066/4066 2353/2353 4064/4064
f 4067/4067 4063/4063 4068/4068
f 4068/4068 4069/4069 4067/4067
f 2330/2330 4038/4038 2327/2327
f 4061/4061 4060/4060 4070/4070
f 4070/4070 4071/4071 4061/4061
f 4059/4059 4058/4058 4039/4039
f 4039/4039 4038/4038 4059/4059
f 4072/4072 2351/2351 4063/4063
f 4063/4063 4067/4067 4072/4072
f 2355/2355 2341/2341 2359/2359
f 2359/2359 4073/4073 2355/2355
f 2361/2361 2339/2339 4074/4074
f 4074/4074 4075/4075 2361/2361
f 4076/4076 2336/2336 4077/4077
f 4077/4077 4078/4078 4076/4076
f 4079/4079 2334/2334 2331/2331
f 2331/2331 4080/4080 4079/4079
f 4080/4080 2331/2331 2332/2332
f 2332/2332 4081/4081 4080/4080
f 4082/4082 4081/4081 2332/2332
f 2332/2332 2337/2337 4082/4082
f 4083/4083 4084/4084 2350/2350
f 2350/2350 4085/4085 4083/4083
f 4086/4086 2327/2327 2369/2369
f 2369/2369 4087/4087 4086/4086
f 4088/4088 4036/4036 2323/2323
f 2323/2323 4089/4089 4088/4088
f 2322/2322 2370/2370 2358/2358
f 2358/2358 2325/2325 2322/2322
f 4069/4069 4037/4037 4067/4067
f 2324/2324 4037/4037 4069/4069
f 4069/4069 4049/4049 2324/2324
f 4042/4042 2324/2324 4049/4049
f 2354/2354 2325/2325 2358/2358
f 4068/4068 4052/4052 4053/4053
f 4053/4053 4069/4069 4068/4068
f 2371/2371 4090/4090 4091/4091
f 4091/4091 2372/2372 2371/2371
f 2365/2365 2328/2328 4092/4092
f 4092/4092 2364/2364 2365/2365
f 2364/2364 4092/4092 4093/4093
f 4093/4093 2363/2363 2364/2364
f 2362/2362 2363/2363 4093/4093
f 4093/4093 4094/4094 2362/2362
f 2365/2365 2366/2366 2328/2328
f 2362/2362 4094/4094 4095/4095
f 4096/4096 2362/2362 4095/4095
f 4095/4095 4097/4097 4096/4096
f 4097/4097 4098/4098 4099/4099
f 4099/4099 4096/4096 4097/4097
f 2376/2376 4100/4100 4101/4101
f 4101/4101 4102/4102 2376/2376
f 2377/2377 2376/2376 4102/4102
f 4102/4102 4103/4103 2377/2377
f 2381/2381 4097/4097 4095/4095
f 4095/4095 4104/4104 2381/2381
f 4104/4104 2383/2383 2368/2368
f 2368/2368 2381/2381 4104/4104
f 2383/2383 4104/4104 4105/4105
f 4105/4105 2384/2384 2383/2383
f 4098/4098 2368/2368 4106/4106
f 2360/2360 4099/4099 4098/4098
f 4098/4098 4106/4106 2360/2360
f 4039/4039 2375/2375 4040/4040
f 4040/4040 4107/4107 2369/2369
f 2369/2369 2327/2327 4040/4040
f 2338/2338 2349/2349 2382/2382
f 2382/2382 2357/2357 2338/2338
f 2368/2368 2383/2383 4108/4108
f 4108/4108 4106/4106 2368/2368
f 4082/4082 2337/2337 2355/2355
f 2355/2355 4073/4073 4082/4082
f 2361/2361 2359/2359 2341/2341
f 2341/2341 2339/2339 2361/2361
f 2378/2378 2340/2340 2356/2356
f 2356/2356 2367/2367 2378/2378
f 4107/4107 4040/4040 4109/4109
f 4109/4109 4110/4110 4107/4107
f 2372/2372 4091/4091 4111/4111
f 4111/4111 2387/2387 2372/2372
f 2388/2388 2389/2389 2373/2373
f 2373/2373 2374/2374 2388/2388
f 4090/4090 2360/2360 4106/4106
f 2360/2360 4090/4090 2371/2371
f 2371/2371 2366/2366 2360/2360
f 2371/2371 2328/2328 2366/2366
f 2374/2374 2386/2386 2388/2388
f 4112/4112 2385/2385 2352/2352
f 2390/2390 4064/4064 2353/2353
f 2353/2353 2391/2391 2390/2390
f 2347/2347 2326/2326 2342/2342
f 2344/2344 2379/2379 2329/2329
f 2347/2347 2342/2342 2343/2343
f 2343/2343 2346/2346 2347/2347
f 2344/2344 2345/2345 2380/2380
f 2380/2380 2379/2379 2344/2344
f 2384/2384 4105/4105 2390/2390
f 2390/2390 2391/2391 2384/2384
f 2382/2382 2349/2349 2352/2352
f 2352/2352 2385/2385 2382/2382
f 3313/3313 4113/4113 2392/2392
f 4114/4114 4115/4115 4116/4116
f 4116/4116 4117/4117 4114/4114
f 4118/4118 4119/4119 4120/4120
f 4120/4120 4121/4121 4118/4118
f 4122/4122 4123/4123 4124/4124
f 4124/4124 4125/4125 4122/4122
f 4119/4119 4126/4126 4127/4127
f 4127/4127 4120/4120 4119/4119
f 4123/4123 4114/4114 4117/4117
f 4117/4117 4124/4124 4123/4123
f 4118/4118 4121/4121 4128/4128
f 4128/4128 4129/4129 4118/4118
f 4128/4128 4130/4130 2393/2393
f 2393/2393 4129/4129 4128/4128
f 4130/4130 4116/4116 4115/4115
f 4115/4115 2393/2393 4130/4130
f 4127/4127 4126/4126 4131/4131
f 4131/4131 4132/4132 4127/4127
f 2397/2397 3314/3314 2404/2404
f 3313/3313 2402/2402 2399/2399
f 3314/3314 2397/2397 2405/2405
f 4133/4133 4134/4134 4135/4135
f 4135/4135 4136/4136 4133/4133
f 3314/3314 2408/2408 2404/2404
f 2402/2402 3313/3313 2392/2392
f 2396/2396 4137/4137 2401/2401
f 2396/2396 2406/2406 4137/4137
f 4137/4137 2400/2400 2401/2401
f 2411/2411 2409/2409 4138/4138
f 4138/4138 2412/2412 2411/2411
f 2410/2410 2414/2414 2403/2403
f 2415/2415 2414/2414 2410/2410
f 2407/2407 2410/2410 2403/2403
f 2396/2396 2401/2401 2395/2395
f 2394/2394 2402/2402 2392/2392
f 2397/2397 2404/2404 2398/2398
f 2414/2414 2413/2413 2403/2403
f 4139/4139 2419/2419 4140/4140
f 4140/4140 4141/4141 4139/4139
f 4142/4142 2421/2421 2419/2419
f 2419/2419 4139/4139 4142/4142
f 4143/4143 2423/2423 2421/2421
f 2421/2421 4142/4142 4143/4143
f 4144/4144 2425/2425 2423/2423
f 2423/2423 4143/4143 4144/4144
f 4145/4145 2427/2427 2425/2425
f 2425/2425 4144/4144 4145/4145
f 4146/4146 2429/2429 2427/2427
f 2427/2427 4145/4145 4146/4146
f 2429/2429 4146/4146 4147/4147
f 4147/4147 2417/2417 2429/2429
f 2418/2418 2416/2416 2430/2430
f 2430/2430 2432/2432 2418/2418
f 2432/2432 2433/2433 2420/2420
f 2420/2420 2418/2418 2432/2432
f 2433/2433 2434/2434 2422/2422
f 2422/2422 2420/2420 2433/2433
f 2424/2424 2422/2422 2434/2434
f 2434/2434 2435/2435 2424/2424
f 2426/2426 2424/2424 2435/2435
f 2435/2435 2436/2436 2426/2426
f 2428/2428 2426/2426 2436/2436
f 2436/2436 2431/2431 2428/2428
f 2431/2431 2430/2430 2416/2416
f 2416/2416 2428/2428 2431/2431
f 2435/2435 2434/2434 2433/2433
f 2435/2435 2433/2433 2432/2432
f 2432/2432 2436/2436 2435/2435
f 2436/2436 2432/2432 2430/2430
f 2430/2430 2431/2431 2436/2436
f 4148/4148 4149/4149 2439/2439
f 2439/2439 4150/4150 4148/4148
f 4151/4151 4148/4148 4150/4150
f 2437/2437 2443/2443 2444/2444
f 2444/2444 2440/2440 2437/2437
f 2441/2441 2445/2445 2443/2443
f 2443/2443 2437/2437 2441/2441
f 2438/2438 2442/2442 2445/2445
f 2445/2445 2441/2441 2438/2438
f 4152/4152 4153/4153 2448/2448
f 2448/2448 4154/4154 4152/4152
f 4155/4155 4152/4152 4154/4154
f 2446/2446 2452/2452 2453/2453
f 2453/2453 2449/2449 2446/2446
f 2450/2450 2454/2454 2452/2452
f 2452/2452 2446/2446 2450/2450
f 2447/2447 2451/2451 2454/2454
f 2454/2454 2450/2450 2447/2447
f 2455/2455 4156/4156 4157/4157
f 4157/4157 4158/4158 2455/2455
f 2459/2459 4159/4159 4156/4156
f 4156/4156 2455/2455 2459/2459
f 2461/2461 4160/4160 4159/4159
f 4159/4159 2459/2459 2461/2461
f 2463/2463 4161/4161 4160/4160
f 4160/4160 2461/2461 2463/2463
f 2465/2465 4162/4162 4161/4161
f 4161/4161 2463/2463 2465/2465
f 2467/2467 4163/4163 4162/4162
f 4162/4162 2465/2465 2467/2467
f 2469/2469 4164/4164 4163/4163
f 4163/4163 2467/2467 2469/2469
f 4164/4164 2469/2469 2456/2456
f 2456/2456 4165/4165 4164/4164
f 4158/4158 4166/4166 2471/2471
f 2471/2471 2455/2455 4158/4158
f 2455/2455 2471/2471 2473/2473
f 2473/2473 2459/2459 2455/2455
f 2459/2459 2473/2473 2474/2474
f 2474/2474 2461/2461 2459/2459
f 2461/2461 2474/2474 2475/2475
f 2475/2475 2463/2463 2461/2461
f 2463/2463 2475/2475 2476/2476
f 2476/2476 2465/2465 2463/2463
f 2465/2465 2476/2476 2477/2477
f 2477/2477 2467/2467 2465/2465
f 2467/2467 2477/2477 2478/2478
f 2478/2478 2469/2469 2467/2467
f 2472/2472 2456/2456 2469/2469
f 2469/2469 2478/2478 2472/2472
f 2481/2481 4167/4167 4168/4168
f 2481/2481 4169/4169 4167/4167
f 2481/2481 4170/4170 4169/4169
f 2481/2481 4171/4171 4170/4170
f 2481/2481 4172/4172 4171/4171
f 2481/2481 4173/4173 4172/4172
f 2481/2481 4174/4174 4173/4173
f 2481/2481 4168/4168 4174/4174
f 4175/4175 2480/2480 2471/2471
f 2471/2471 4166/4166 4175/4175
f 2480/2480 2482/2482 2473/2473
f 2473/2473 2471/2471 2480/2480
f 2482/2482 2483/2483 2474/2474
f 2474/2474 2473/2473 2482/2482
f 2483/2483 2484/2484 2475/2475
f 2475/2475 2474/2474 2483/2483
f 2484/2484 2485/2485 2476/2476
f 2476/2476 2475/2475 2484/2484
f 2485/2485 2486/2486 2477/2477
f 2477/2477 2476/2476 2485/2485
f 2486/2486 2487/2487 2478/2478
f 2478/2478 2477/2477 2486/2486
f 2487/2487 2479/2479 2472/2472
f 2472/2472 2478/2478 2487/2487
f 2488/2488 4176/4176 2458/2458
f 2488/2488 2458/2458 2460/2460
f 2488/2488 2460/2460 2462/2462
f 2488/2488 2462/2462 2464/2464
f 2488/2488 2464/2464 2466/2466
f 2488/2488 2466/2466 2468/2468
f 2488/2488 2468/2468 2470/2470
f 2488/2488 2470/2470 2457/2457
f 2495/2495 4177/4177 2489/2489
f 2489/2489 2494/2494 2495/2495
f 2497/2497 2492/2492 4178/4178
f 4178/4178 2496/2496 2497/2497
f 2498/2498 2493/2493 2492/2492
f 2492/2492 2497/2497 2498/2498
f 2494/2494 2489/2489 2493/2493
f 2493/2493 2498/2498 2494/2494
f 2499/2499 2511/2511 2494/2494
f 2511/2511 4179/4179 2495/2495
f 2506/2506 2497/2497 2496/2496
f 2499/2499 2498/2498 2497/2497
f 2499/2499 2494/2494 2498/2498
f 2500/2500 2490/2490 2495/2495
f 2495/2495 2501/2501 2500/2500
f 2502/2502 2496/2496 2491/2491
f 2491/2491 2512/2512 2502/2502
f 4180/4180 4181/4181 2496/2496
f 2496/2496 2502/2502 4180/4180
f 2501/2501 2495/2495 4179/4179
f 4179/4179 4182/4182 2501/2501
f 2506/2506 2496/2496 4181/4181
f 2511/2511 2499/2499 2506/2506
f 4183/4183 2513/2513 2503/2503
f 2503/2503 4184/4184 4183/4183
f 4185/4185 2504/2504 2505/2505
f 2505/2505 4186/4186 4185/4185
f 4187/4187 4184/4184 2503/2503
f 4185/4185 4188/4188 2504/2504
f 2507/2507 2509/2509 2510/2510
f 2510/2510 2508/2508 2507/2507
f 2511/2511 2506/2506 2509/2509
f 2509/2509 2507/2507 2511/2511
f 2506/2506 2499/2499 2497/2497
f 2511/2511 2495/2495 2494/2494
f 2520/2520 2515/2515 2514/2514
f 2514/2514 2519/2519 2520/2520
f 2521/2521 2516/2516 2515/2515
f 2515/2515 2520/2520 2521/2521
f 4189/4189 4190/4190 2516/2516
f 2516/2516 2521/2521 4189/4189
f 2523/2523 2518/2518 2517/2517
f 2517/2517 2522/2522 2523/2523
f 2519/2519 2514/2514 2518/2518
f 2518/2518 2523/2523 2519/2519
f 2524/2524 2514/2514 2515/2515
f 2515/2515 2525/2525 2524/2524
f 2525/2525 2515/2515 2516/2516
f 2516/2516 2526/2526 2525/2525
f 2526/2526 2516/2516 4190/4190
f 4190/4190 4191/4191 2526/2526
f 2527/2527 2517/2517 2518/2518
f 2518/2518 2528/2528 2527/2527
f 2528/2528 2518/2518 2514/2514
f 2514/2514 2524/2524 2528/2528
f 4192/4192 2536/2536 2535/2535
f 2535/2535 4193/4193 4192/4192
f 4192/4192 4194/4194 2537/2537
f 2537/2537 2536/2536 4192/4192
f 4194/4194 4195/4195 2538/2538
f 2538/2538 2537/2537 4194/4194
f 4196/4196 4193/4193 2535/2535
f 2535/2535 2534/2534 4196/4196
f 4197/4197 2546/2546 2545/2545
f 2545/2545 4198/4198 4197/4197
f 4197/4197 4199/4199 2547/2547
f 2547/2547 2546/2546 4197/4197
f 4199/4199 4200/4200 2548/2548
f 2548/2548 2547/2547 4199/4199
f 4201/4201 4198/4198 2545/2545
f 2545/2545 2544/2544 4201/4201
f 4202/4202 4203/4203 2555/2555
f 2555/2555 2554/2554 4202/4202
f 4204/4204 2556/2556 2555/2555
f 2555/2555 4203/4203 4204/4204
f 4204/4204 4205/4205 2557/2557
f 2557/2557 2556/2556 4204/4204
f 4205/4205 4206/4206 2558/2558
f 2558/2558 2557/2557 4205/4205
f 2532/2532 2530/2530 2529/2529
f 2529/2529 2533/2533 2532/2532
f 2542/2542 2540/2540 2539/2539
f 2539/2539 2543/2543 2542/2542
f 2552/2552 2550/2550 2549/2549
f 2549/2549 2553/2553 2552/2552
f 2530/2530 2532/2532 2531/2531
f 2540/2540 2542/2542 2541/2541
f 2550/2550 2552/2552 2551/2551
f 2559/2559 2561/2561 2560/2560
f 2560/2560 2563/2563 2559/2559
f 2562/2562 2559/2559 2563/2563
f 2563/2563 2565/2565 2562/2562
f 2565/2565 2564/2564 2566/2566
f 2566/2566 2562/2562 2565/2565
f 2560/2560 4207/4207 2571/2571
f 2571/2571 2563/2563 2560/2560
f 2561/2561 4208/4208 2568/2568
f 2568/2568 2560/2560 2561/2561
f 2559/2559 2567/2567 2569/2569
f 2569/2569 2561/2561 2559/2559
f 2563/2563 2571/2571 2573/2573
f 2573/2573 2565/2565 2563/2563
f 2562/2562 2570/2570 2567/2567
f 2567/2567 2559/2559 2562/2562
f 2566/2566 4209/4209 2570/2570
f 2570/2570 2562/2562 2566/2566
f 2564/2564 4210/4210 2574/2574
f 2574/2574 2566/2566 2564/2564
f 2565/2565 2573/2573 2572/2572
f 2572/2572 2564/2564 2565/2565
f 2579/2579 2575/2575 2576/2576
f 2576/2576 2580/2580 2579/2579
f 2580/2580 2576/2576 4211/4211
f 4211/4211 4212/4212 2580/2580
f 2581/2581 2577/2577 2578/2578
f 2578/2578 2582/2582 2581/2581
f 2582/2582 2578/2578 2575/2575
f 2575/2575 2579/2579 2582/2582
f 2583/2583 2586/2586 2585/2585
f 2585/2585 2584/2584 2583/2583
f 2587/2587 2583/2583 2584/2584
f 2584/2584 2588/2588 2587/2587
f 2588/2588 2590/2590 2589/2589
f 2589/2589 2587/2587 2588/2588
f 2585/2585 4213/4213 2591/2591
f 2591/2591 2584/2584 2585/2585
f 2586/2586 4214/4214 2592/2592
f 2592/2592 2585/2585 2586/2586
f 2583/2583 2594/2594 2593/2593
f 2593/2593 2586/2586 2583/2583
f 2584/2584 2591/2591 2595/2595
f 2595/2595 2588/2588 2584/2584
f 2587/2587 2596/2596 2594/2594
f 2594/2594 2583/2583 2587/2587
f 2589/2589 4215/4215 2596/2596
f 2596/2596 2587/2587 2589/2589
f 2590/2590 4216/4216 2597/2597
f 2597/2597 2589/2589 2590/2590
f 2588/2588 2595/2595 2598/2598
f 2598/2598 2590/2590 2588/2588
f 2599/2599 2602/2602 2601/2601
f 2601/2601 2600/2600 2599/2599
f 2603/2603 2599/2599 2600/2600
f 2600/2600 2604/2604 2603/2603
f 2604/2604 2606/2606 2605/2605
f 2605/2605 2603/2603 2604/2604
f 2601/2601 4217/4217 2607/2607
f 2607/2607 2600/2600 2601/2601
f 2602/2602 4218/4218 2608/2608
f 2608/2608 2601/2601 2602/2602
f 2599/2599 2610/2610 2609/2609
f 2609/2609 2602/2602 2599/2599
f 2600/2600 2607/2607 2611/2611
f 2611/2611 2604/2604 2600/2600
f 2603/2603 2612/2612 2610/2610
f 2610/2610 2599/2599 2603/2603
f 2605/2605 4219/4219 2612/2612
f 2612/2612 2603/2603 2605/2605
f 2606/2606 4220/4220 2613/2613
f 2613/2613 2605/2605 2606/2606
f 2604/2604 2611/2611 2614/2614
f 2614/2614 2606/2606 2604/2604
f 2621/2621 2620/2620 2615/2615
f 2615/2615 4221/4221 2621/2621
f 2623/2623 2622/2622 4222/4222
f 4222/4222 2618/2618 2623/2623
f 2624/2624 2623/2623 2618/2618
f 2618/2618 2619/2619 2624/2624
f 2620/2620 2624/2624 2619/2619
f 2619/2619 2615/2615 2620/2620
f 2635/2635 2625/2625 2620/2620
f 4223/4223 2635/2635 2621/2621
f 2623/2623 2632/2632 2622/2622
f 2624/2624 2625/2625 2623/2623
f 2620/2620 2625/2625 2624/2624
f 2626/2626 2627/2627 2621/2621
f 2621/2621 2616/2616 2626/2626
f 2628/2628 2636/2636 2617/2617
f 2617/2617 2622/2622 2628/2628
f 4224/4224 2628/2628 2622/2622
f 2622/2622 4225/4225 4224/4224
f 2627/2627 4226/4226 4223/4223
f 4223/4223 2621/2621 2627/2627
f 2622/2622 2632/2632 4225/4225
f 2625/2625 2635/2635 2632/2632
f 2630/2630 4227/4227 4228/4228
f 4228/4228 2631/2631 2630/2630
f 4229/4229 4230/4230 2629/2629
f 2629/2629 2637/2637 4229/4229
f 2635/2635 2633/2633 2634/2634
f 2634/2634 2632/2632 2635/2635
f 2625/2625 2632/2632 2623/2623
f 2621/2621 2635/2635 2620/2620
f 4231/4231 2641/2641 2638/2638
f 2638/2638 4232/4232 4231/4231
f 2643/2643 2642/2642 2639/2639
f 2639/2639 2640/2640 2643/2643
f 2641/2641 2643/2643 2640/2640
f 2640/2640 2638/2638 2641/2641
f 2644/2644 4233/4233 4232/4232
f 4232/4232 2638/2638 2644/2644
f 2645/2645 2646/2646 2640/2640
f 2640/2640 2639/2639 2645/2645
f 2646/2646 2644/2644 2638/2638
f 2638/2638 2640/2640 2646/2646
f 2648/2648 2652/2652 2653/2653
f 2653/2653 2649/2649 2648/2648
f 2649/2649 2653/2653 2654/2654
f 2654/2654 2650/2650 2649/2649
f 2647/2647 2651/2651 2652/2652
f 2652/2652 2648/2648 2647/2647
f 2656/2656 2660/2660 2661/2661
f 2661/2661 2657/2657 2656/2656
f 2657/2657 2661/2661 2662/2662
f 2662/2662 2658/2658 2657/2657
f 2655/2655 2659/2659 2660/2660
f 2660/2660 2656/2656 2655/2655
f 2663/2663 2667/2667 2668/2668
f 2668/2668 2664/2664 2663/2663
f 2664/2664 2668/2668 2669/2669
f 2669/2669 2665/2665 2664/2664
f 2665/2665 2669/2669 2670/2670
f 2670/2670 2666/2666 2665/2665
f 2673/2673 2674/2674 2671/2671
f 2671/2671 2672/2672 2673/2673
f 2674/2674 2673/2673 2676/2676
f 2676/2676 2675/2675 2674/2674
f 2671/2671 2674/2674 2680/2680
f 2680/2680 4234/4234 2671/2671
f 2672/2672 2671/2671 2677/2677
f 2677/2677 4235/4235 2672/2672
f 2673/2673 2672/2672 2678/2678
f 2678/2678 2679/2679 2673/2673
f 2676/2676 2673/2673 2679/2679
f 2679/2679 4236/4236 2676/2676
f 2675/2675 2676/2676 2682/2682
f 2682/2682 4237/4237 2675/2675
f 2674/2674 2675/2675 2681/2681
f 2681/2681 2680/2680 2674/2674
f 2686/2686 2683/2683 2684/2684
f 2684/2684 2685/2685 2686/2686
f 2683/2683 2686/2686 2687/2687
f 2687/2687 2688/2688 2683/2683
f 2684/2684 2683/2683 2689/2689
f 2689/2689 4238/4238 2684/2684
f 2685/2685 2684/2684 2690/2690
f 2690/2690 4239/4239 2685/2685
f 2686/2686 2685/2685 2691/2691
f 2691/2691 2692/2692 2686/2686
f 2687/2687 2686/2686 2692/2692
f 2692/2692 4240/4240 2687/2687
f 2688/2688 2687/2687 2693/2693
f 2693/2693 4241/4241 2688/2688
f 2683/2683 2688/2688 2694/2694
f 2694/2694 2689/2689 2683/2683
f 2698/2698 2695/2695 2696/2696
f 2696/2696 2697/2697 2698/2698
f 2695/2695 2698/2698 2699/2699
f 2699/2699 2700/2700 2695/2695
f 2696/2696 2695/2695 2701/2701
f 2701/2701 4242/4242 2696/2696
f 2697/2697 2696/2696 2702/2702
f 2702/2702 4243/4243 2697/2697
f 2698/2698 2697/2697 2703/2703
f 2703/2703 2704/2704 2698/2698
f 2699/2699 2698/2698 2704/2704
f 2704/2704 4244/4244 2699/2699
f 2700/2700 2699/2699 2705/2705
f 2705/2705 4245/4245 2700/2700
f 2695/2695 2700/2700 2706/2706
f 2706/2706 2701/2701 2695/2695
f 2707/2707 4246/4246 4247/4247
f 4247/4247 2710/2710 2707/2707
f 4248/4248 4249/4249 2713/2713
f 2713/2713 2714/2714 4248/4248
f 2711/2711 2714/2714 2709/2709
f 2715/2715 2710/2710 2709/2709
f 2709/2709 2714/2714 2715/2715
f 2716/2716 2713/2713 2712/2712
f 2712/2712 2707/2707 2716/2716
f 2708/2708 2707/2707 2712/2712
f 2707/2707 2710/2710 2715/2715
f 2715/2715 2716/2716 2707/2707
f 2716/2716 2715/2715 2714/2714
f 2714/2714 2713/2713 2716/2716
f 4250/4250 4251/4251 4252/4252
f 4252/4252 4253/4253 4250/4250
f 2718/2718 4254/4254 4255/4255
f 4255/4255 2717/2717 2718/2718
f 2719/2719 4256/4256 4254/4254
f 4254/4254 2718/2718 2719/2719
f 2717/2717 4255/4255 4257/4257
f 4257/4257 2720/2720 2717/2717
f 2723/2723 2724/2724 2721/2721
f 2721/2721 2722/2722 2723/2723
f 3079/3079 2726/2726 2725/2725
f 2725/2725 2727/2727 3079/3079
f 2728/2728 2726/2726 3079/3079
f 3079/3079 2729/2729 2728/2728
f 2730/2730 2728/2728 2729/2729
f 2729/2729 2731/2731 2730/2730
f 2732/2732 2730/2730 2731/2731
f 2731/2731 2733/2733 2732/2732
f 2734/2734 2732/2732 2733/2733
f 2733/2733 2735/2735 2734/2734
f 2736/2736 2734/2734 2735/2735
f 2735/2735 2737/2737 2736/2736
f 2930/2930 2736/2736 2737/2737
f 2737/2737 3182/3182 2930/2930
f 2738/2738 2725/2725 2726/2726
f 2726/2726 3026/3026 2738/2738
f 3007/3007 2739/2739 2745/2745
f 2745/2745 2744/2744 3007/3007
f 2743/2743 2740/2740 3007/3007
f 3007/3007 2744/2744 2743/2743
f 2741/2741 2740/2740 2743/2743
f 2743/2743 2742/2742 2741/2741
f 3075/3075 2736/2736 2930/2930
f 2734/2734 2736/2736 2742/2742
f 2743/2743 2732/2732 2734/2734
f 2734/2734 2742/2742 2743/2743
f 2730/2730 2732/2732 2743/2743
f 2744/2744 2730/2730 2743/2743
f 2745/2745 2728/2728 2730/2730
f 2730/2730 2744/2744 2745/2745
f 2739/2739 3026/3026 2745/2745
f 2726/2726 2728/2728 2745/2745
f 2741/2741 3009/3009 3008/3008
f 3008/3008 2740/2740 2741/2741
f 2746/2746 2887/2887 2747/2747
f 2747/2747 2890/2890 2746/2746
f 3022/3022 3021/3021 3018/3018
f 3018/3018 2970/2970 3022/3022
f 2955/2955 2752/2752 3005/3005
f 3005/3005 3004/3004 2955/2955
f 2996/2996 2995/2995 2756/2756
f 2995/2995 2757/2757 2769/2769
f 2769/2769 2768/2768 2995/2995
f 2757/2757 2997/2997 2769/2769
f 2981/2981 2763/2763 2762/2762
f 2762/2762 2982/2982 2981/2981
f 2980/2980 2761/2761 2763/2763
f 2763/2763 2981/2981 2980/2980
f 2763/2763 2778/2778 2780/2780
f 2780/2780 2762/2762 2763/2763
f 2761/2761 2777/2777 2778/2778
f 2778/2778 2763/2763 2761/2761
f 2779/2779 2749/2749 2765/2765
f 2888/2888 3003/3003 2889/2889
f 2897/2897 2755/2755 2766/2766
f 2908/2908 2893/2893 2960/2960
f 2893/2893 2767/2767 2948/2948
f 2766/2766 3003/3003 2888/2888
f 2888/2888 2897/2897 2766/2766
f 3010/3010 3009/3009 2741/2741
f 2741/2741 3011/3011 3010/3010
f 3011/3011 2741/2741 2742/2742
f 2769/2769 2760/2760 2759/2759
f 2759/2759 2768/2768 2769/2769
f 2779/2779 2765/2765 2978/2978
f 2778/2778 2754/2754 2753/2753
f 2753/2753 2780/2780 2778/2778
f 2777/2777 2749/2749 2844/2844
f 2844/2844 2778/2778 2777/2777
f 2893/2893 2934/2934 2767/2767
f 2881/2881 2839/2839 2838/2838
f 2838/2838 2882/2882 2881/2881
f 2840/2840 2754/2754 2844/2844
f 2844/2844 2843/2843 2840/2840
f 2880/2880 2837/2837 2839/2839
f 2839/2839 2881/2881 2880/2880
f 2776/2776 2753/2753 2754/2754
f 2754/2754 2840/2840 2776/2776
f 2836/2836 2837/2837 2880/2880
f 2950/2950 2949/2949 2783/2783
f 2783/2783 2786/2786 2950/2950
f 2983/2983 2975/2975 2782/2782
f 2784/2784 2833/2833 2783/2783
f 2953/2953 2964/2964 2751/2751
f 2792/2792 2782/2782 2781/2781
f 2781/2781 2994/2994 2792/2792
f 2787/2787 2976/2976 2782/2782
f 2782/2782 2792/2792 2787/2787
f 2788/2788 2789/2789 2994/2994
f 2994/2994 2753/2753 2788/2788
f 4258/4258 4259/4259 4260/4260
f 4260/4260 4261/4261 4258/4258
f 4262/4262 4259/4259 4258/4258
f 4258/4258 4263/4263 4262/4262
f 4264/4264 2791/2791 4265/4265
f 4265/4265 4266/4266 4264/4264
f 4267/4267 4268/4268 2791/2791
f 2791/2791 4264/4264 4267/4267
f 2793/2793 4269/4269 4270/4270
f 4269/4269 4271/4271 4270/4270
f 2793/2793 4272/4272 4269/4269
f 2799/2799 2977/2977 2787/2787
f 2799/2799 2787/2787 2807/2807
f 2807/2807 2800/2800 2799/2799
f 3249/3249 2796/2796 2797/2797
f 2797/2797 2801/2801 3249/3249
f 2801/2801 2797/2797 2798/2798
f 2798/2798 3118/3118 2801/2801
f 3118/3118 2798/2798 2799/2799
f 2799/2799 3119/3119 3118/3118
f 3119/3119 2799/2799 2800/2800
f 2800/2800 2802/2802 3119/3119
f 2802/2802 2800/2800 2807/2807
f 2807/2807 3126/3126 2802/2802
f 2967/2967 2966/2966 2796/2796
f 2796/2796 2824/2824 2967/2967
f 2815/2815 2804/2804 2816/2816
f 4273/4273 2794/2794 4274/4274
f 4274/4274 4275/4275 4273/4273
f 4276/4276 2795/2795 2794/2794
f 2794/2794 4273/4273 4276/4276
f 3125/3125 2806/2806 2805/2805
f 2805/2805 3124/3124 3125/3125
f 3126/3126 2807/2807 2806/2806
f 2806/2806 3125/3125 3126/3126
f 3024/3024 2808/2808 3026/3026
f 2809/2809 2808/2808 3025/3025
f 3025/3025 2810/2810 2809/2809
f 3024/3024 3025/3025 2808/2808
f 2739/2739 3024/3024 3026/3026
f 2808/2808 2738/2738 3026/3026
f 2817/2817 2816/2816 2804/2804
f 2828/2828 2831/2831 2825/2825
f 2825/2825 2812/2812 2828/2828
f 3134/3134 2812/2812 2811/2811
f 3023/3023 2969/2969 2968/2968
f 2968/2968 2823/2823 3023/3023
f 2816/2816 3030/3030 2815/2815
f 2812/2812 3030/3030 2816/2816
f 2822/2822 2812/2812 2816/2816
f 2816/2816 2817/2817 2822/2822
f 3022/3022 2970/2970 2969/2969
f 2969/2969 3023/3023 3022/3022
f 3063/3063 2813/2813 2814/2814
f 3063/3063 2814/2814 3129/3129
f 3129/3129 3277/3277 3063/3063
f 2820/2820 3133/3133 2810/2810
f 2810/2810 3025/3025 2820/2820
f 2820/2820 2819/2819 3133/3133
f 3024/3024 2821/2821 2820/2820
f 2820/2820 3025/3025 3024/3024
f 2822/2822 2811/2811 2812/2812
f 3134/3134 2828/2828 2812/2812
f 3020/3020 3019/3019 2823/2823
f 2827/2827 2830/2830 2825/2825
f 2823/2823 3019/3019 2825/2825
f 3139/3139 3129/3129 2814/2814
f 2814/2814 2830/2830 3139/3139
f 2829/2829 3138/3138 2828/2828
f 3134/3134 2829/2829 2828/2828
f 3138/3138 2831/2831 2828/2828
f 3138/3138 2826/2826 2827/2827
f 2830/2830 2827/2827 2826/2826
f 2826/2826 3139/3139 2830/2830
f 2814/2814 2813/2813 2825/2825
f 2825/2825 2830/2830 2814/2814
f 2831/2831 2827/2827 2825/2825
f 3138/3138 2827/2827 2831/2831
f 2825/2825 3019/3019 2812/2812
f 2832/2832 2818/2818 2819/2819
f 2820/2820 2821/2821 2832/2832
f 2756/2756 2995/2995 2768/2768
f 2768/2768 2833/2833 2756/2756
f 2833/2833 2768/2768 2759/2759
f 2833/2833 2784/2784 2756/2756
f 2892/2892 2955/2955 2954/2954
f 2954/2954 2963/2963 2892/2892
f 2963/2963 2954/2954 2751/2751
f 2963/2963 2751/2751 2964/2964
f 3036/3036 2867/2867 2866/2866
f 2866/2866 4277/4277 3036/3036
f 2823/2823 2825/2825 2813/2813
f 2839/2839 2848/2848 2847/2847
f 2847/2847 2838/2838 2839/2839
f 2851/2851 2849/2849 2840/2840
f 2840/2840 2843/2843 2851/2851
f 2837/2837 2846/2846 2848/2848
f 2848/2848 2839/2839 2837/2837
f 2918/2918 2932/2932 2845/2845
f 2845/2845 2836/2836 2918/2918
f 2845/2845 2846/2846 2837/2837
f 2837/2837 2836/2836 2845/2845
f 3035/3035 2776/2776 2840/2840
f 2860/2860 2773/2773 4278/4278
f 4278/4278 2857/2857 2860/2860
f 2749/2749 2884/2884 2844/2844
f 2844/2844 2754/2754 2778/2778
f 2850/2850 3035/3035 2840/2840
f 2840/2840 2849/2849 2850/2850
f 3043/3043 3035/3035 2850/2850
f 2850/2850 3039/3039 3043/3043
f 2872/2872 2877/2877 2876/2876
f 2876/2876 2873/2873 2872/2872
f 2851/2851 2852/2852 2849/2849
f 2871/2871 2878/2878 2877/2877
f 2877/2877 2872/2872 2871/2871
f 2869/2869 2879/2879 2870/2870
f 2879/2879 2878/2878 2871/2871
f 2871/2871 2870/2870 2879/2879
f 2851/2851 2843/2843 2838/2838
f 2838/2838 2847/2847 2851/2851
f 2875/2875 2874/2874 2873/2873
f 2873/2873 2876/2876 2875/2875
f 2856/2856 2865/2865 2864/2864
f 2864/2864 2855/2855 2856/2856
f 2852/2852 2868/2868 2866/2866
f 2866/2866 2849/2849 2852/2852
f 2854/2854 2863/2863 2865/2865
f 2865/2865 2856/2856 2854/2854
f 2935/2935 2862/2862 2853/2853
f 2862/2862 2863/2863 2854/2854
f 2854/2854 2853/2853 2862/2862
f 2941/2941 2940/2940 2939/2939
f 2939/2939 2942/2942 2941/2941
f 2861/2861 2775/2775 2773/2773
f 2773/2773 2860/2860 2861/2861
f 2857/2857 4278/4278 4277/4277
f 4277/4277 2866/2866 2857/2857
f 2859/2859 2772/2772 2775/2775
f 2775/2775 2861/2861 2859/2859
f 2770/2770 2772/2772 2859/2859
f 2859/2859 2858/2858 2770/2770
f 2938/2938 2943/2943 2942/2942
f 2942/2942 2939/2939 2938/2938
f 2868/2868 2857/2857 2866/2866
f 2937/2937 2944/2944 2943/2943
f 2943/2943 2938/2938 2937/2937
f 2937/2937 2946/2946 2945/2945
f 2945/2945 2944/2944 2937/2937
f 2867/2867 2850/2850 2849/2849
f 2849/2849 2866/2866 2867/2867
f 3040/3040 3044/3044 2850/2850
f 2850/2850 2867/2867 3040/3040
f 2868/2868 2852/2852 2855/2855
f 2855/2855 2864/2864 2868/2868
f 2845/2845 2932/2932 2869/2869
f 2869/2869 2870/2870 2845/2845
f 2871/2871 2846/2846 2845/2845
f 2845/2845 2870/2870 2871/2871
f 2872/2872 2848/2848 2846/2846
f 2846/2846 2871/2871 2872/2872
f 2873/2873 2847/2847 2848/2848
f 2848/2848 2872/2872 2873/2873
f 2855/2855 2852/2852 2875/2875
f 2875/2875 2876/2876 2855/2855
f 2851/2851 2847/2847 2873/2873
f 2873/2873 2874/2874 2851/2851
f 2852/2852 2851/2851 2874/2874
f 2874/2874 2875/2875 2852/2852
f 2877/2877 2856/2856 2855/2855
f 2855/2855 2876/2876 2877/2877
f 2878/2878 2854/2854 2856/2856
f 2856/2856 2877/2877 2878/2878
f 2853/2853 2854/2854 2878/2878
f 2878/2878 2879/2879 2853/2853
f 2869/2869 2853/2853 2879/2879
f 2836/2836 2880/2880 2895/2895
f 2895/2895 2902/2902 2836/2836
f 2881/2881 2895/2895 2880/2880
f 2882/2882 2749/2749 2779/2779
f 2779/2779 2881/2881 2882/2882
f 2883/2883 2843/2843 2844/2844
f 2844/2844 2884/2884 2883/2883
f 2883/2883 2884/2884 2749/2749
f 2749/2749 2882/2882 2883/2883
f 2882/2882 2838/2838 2843/2843
f 2843/2843 2883/2883 2882/2882
f 2764/2764 3010/3010 2933/2933
f 2886/2886 2748/2748 2764/2764
f 2764/2764 2885/2885 2886/2886
f 2746/2746 2748/2748 2886/2886
f 2886/2886 2887/2887 2746/2746
f 2885/2885 2933/2933 2898/2898
f 2898/2898 2888/2888 2885/2885
f 2889/2889 2886/2886 2885/2885
f 2885/2885 2888/2888 2889/2889
f 3014/3014 3007/3007 2740/2740
f 2740/2740 3008/3008 3014/3014
f 2887/2887 2886/2886 2889/2889
f 2889/2889 2891/2891 2887/2887
f 2747/2747 2887/2887 2891/2891
f 2891/2891 2892/2892 2747/2747
f 2858/2858 2936/2936 2921/2921
f 2921/2921 2894/2894 2858/2858
f 2771/2771 3069/3069 2894/2894
f 2894/2894 2923/2923 2771/2771
f 2935/2935 2869/2869 2932/2932
f 2932/2932 2919/2919 2935/2935
f 2835/2835 2770/2770 2858/2858
f 2894/2894 3069/3069 2858/2858
f 2960/2960 2893/2893 2948/2948
f 2761/2761 2980/2980 2979/2979
f 2979/2979 2765/2765 2761/2761
f 2914/2914 2893/2893 2908/2908
f 2908/2908 2910/2910 2914/2914
f 2888/2888 2898/2898 2906/2906
f 2906/2906 2915/2915 2888/2888
f 2920/2920 3185/3185 2922/2922
f 2901/2901 2947/2947 3184/3184
f 3184/3184 2929/2929 2901/2901
f 2895/2895 2913/2913 2907/2907
f 2907/2907 2902/2902 2895/2895
f 2895/2895 2978/2978 2913/2913
f 2934/2934 2893/2893 2914/2914
f 2914/2914 2896/2896 2934/2934
f 2900/2900 2896/2896 2914/2914
f 2914/2914 2910/2910 2900/2900
f 2897/2897 2888/2888 2915/2915
f 2899/2899 2897/2897 2915/2915
f 2915/2915 2906/2906 2899/2899
f 3074/3074 3076/3076 2933/2933
f 2933/2933 2916/2916 3074/3074
f 2917/2917 2909/2909 2924/2924
f 2924/2924 2926/2926 2917/2917
f 3183/3183 2925/2925 2912/2912
f 2912/2912 2903/2903 3183/3183
f 2922/2922 3185/3185 4279/4279
f 2928/2928 2905/2905 2922/2922
f 2925/2925 2924/2924 2909/2909
f 2909/2909 2912/2912 2925/2925
f 2913/2913 2978/2978 2904/2904
f 2904/2904 2907/2907 2913/2913
f 2926/2926 3185/3185 2920/2920
f 2920/2920 2931/2931 2926/2926
f 2912/2912 2910/2910 2908/2908
f 2908/2908 2903/2903 2912/2912
f 2927/2927 2911/2911 2901/2901
f 2901/2901 2929/2929 2927/2927
f 2909/2909 2917/2917 2907/2907
f 2907/2907 2904/2904 2909/2909
f 2904/2904 2900/2900 2910/2910
f 2910/2910 2912/2912 2904/2904
f 2903/2903 2899/2899 2906/2906
f 2906/2906 2911/2911 2903/2903
f 2947/2947 2930/2930 3182/3182
f 3182/3182 3184/3184 2947/2947
f 2927/2927 3183/3183 2903/2903
f 2903/2903 2911/2911 2927/2927
f 2931/2931 2920/2920 2919/2919
f 2919/2919 2932/2932 2931/2931
f 2920/2920 2922/2922 2921/2921
f 2921/2921 2919/2919 2920/2920
f 2905/2905 2894/2894 2921/2921
f 2921/2921 2922/2922 2905/2905
f 2912/2912 2909/2909 2904/2904
f 2907/2907 2917/2917 2918/2918
f 2918/2918 2902/2902 2907/2907
f 2894/2894 2905/2905 2928/2928
f 2928/2928 2923/2923 2894/2894
f 2906/2906 2898/2898 2901/2901
f 2901/2901 2911/2911 2906/2906
f 3074/3074 3075/3075 2930/2930
f 2930/2930 2947/2947 3074/3074
f 2931/2931 2917/2917 2926/2926
f 2932/2932 2918/2918 2917/2917
f 2917/2917 2931/2931 2932/2932
f 2836/2836 2902/2902 2918/2918
f 2881/2881 2779/2779 2895/2895
f 2779/2779 2978/2978 2895/2895
f 2933/2933 2885/2885 2764/2764
f 3010/3010 3011/3011 2916/2916
f 2916/2916 2933/2933 3010/3010
f 2934/2934 2758/2758 2767/2767
f 2934/2934 2896/2896 2758/2758
f 2935/2935 2853/2853 2869/2869
f 2936/2936 2919/2919 2921/2921
f 2946/2946 2862/2862 2936/2936
f 2938/2938 2865/2865 2863/2863
f 2863/2863 2937/2937 2938/2938
f 2939/2939 2864/2864 2865/2865
f 2865/2865 2938/2938 2939/2939
f 2860/2860 2857/2857 2941/2941
f 2941/2941 2942/2942 2860/2860
f 2943/2943 2861/2861 2860/2860
f 2860/2860 2942/2942 2943/2943
f 2944/2944 2859/2859 2861/2861
f 2861/2861 2943/2943 2944/2944
f 2936/2936 2858/2858 2945/2945
f 2945/2945 2946/2946 2936/2936
f 2937/2937 2863/2863 2862/2862
f 2862/2862 2946/2946 2937/2937
f 2858/2858 2859/2859 2944/2944
f 2944/2944 2945/2945 2858/2858
f 2857/2857 2868/2868 2940/2940
f 2940/2940 2941/2941 2857/2857
f 2868/2868 2864/2864 2939/2939
f 2939/2939 2940/2940 2868/2868
f 2936/2936 2862/2862 2935/2935
f 2935/2935 2919/2919 2936/2936
f 2960/2960 2897/2897 2899/2899
f 2899/2899 2908/2908 2960/2960
f 2948/2948 2957/2957 2960/2960
f 2998/2998 2957/2957 2948/2948
f 2956/2956 2950/2950 2951/2951
f 2951/2951 2962/2962 2956/2956
f 2952/2952 2966/2966 2965/2965
f 2965/2965 2953/2953 2952/2952
f 2953/2953 2962/2962 2952/2952
f 2954/2954 2961/2961 2956/2956
f 2956/2956 2751/2751 2954/2954
f 2959/2959 2961/2961 2954/2954
f 2959/2959 2954/2954 2955/2955
f 2955/2955 2958/2958 2959/2959
f 2952/2952 2951/2951 2797/2797
f 2797/2797 2796/2796 2952/2952
f 2956/2956 2962/2962 2953/2953
f 2953/2953 2751/2751 2956/2956
f 2957/2957 2755/2755 2897/2897
f 2897/2897 2960/2960 2957/2957
f 3006/3006 3004/3004 2999/2999
f 2999/2999 2957/2957 3006/3006
f 2949/2949 2950/2950 2956/2956
f 2956/2956 2961/2961 2949/2949
f 2959/2959 2784/2784 2949/2949
f 2949/2949 2961/2961 2959/2959
f 2958/2958 2756/2756 2784/2784
f 2784/2784 2959/2959 2958/2958
f 2962/2962 2951/2951 2952/2952
f 2899/2899 2903/2903 2908/2908
f 2965/2965 2785/2785 2964/2964
f 2966/2966 2785/2785 2965/2965
f 2750/2750 2785/2785 2966/2966
f 2966/2966 2967/2967 2750/2750
f 2970/2970 2750/2750 2969/2969
f 2972/2972 2964/2964 2750/2750
f 2972/2972 2971/2971 2963/2963
f 2747/2747 2892/2892 2963/2963
f 2963/2963 2971/2971 2747/2747
f 2890/2890 2747/2747 2971/2971
f 2971/2971 3018/3018 2890/2890
f 2972/2972 2970/2970 3018/3018
f 3018/3018 2971/2971 2972/2972
f 2750/2750 2970/2970 2972/2972
f 2968/2968 2969/2969 2750/2750
f 2967/2967 2968/2968 2750/2750
f 2785/2785 2750/2750 2964/2964
f 2952/2952 2796/2796 2966/2966
f 3020/3020 2823/2823 2968/2968
f 2949/2949 2784/2784 2783/2783
f 2983/2983 2782/2782 2984/2984
f 2973/2973 2758/2758 2896/2896
f 2974/2974 2760/2760 2758/2758
f 2758/2758 2973/2973 2974/2974
f 2759/2759 2760/2760 2974/2974
f 2975/2975 2781/2781 2782/2782
f 2975/2975 2982/2982 2762/2762
f 2976/2976 2985/2985 2984/2984
f 2984/2984 2782/2782 2976/2976
f 2977/2977 2798/2798 2985/2985
f 2985/2985 2976/2976 2977/2977
f 2951/2951 2950/2950 2786/2786
f 2798/2798 2797/2797 2951/2951
f 2951/2951 2786/2786 2798/2798
f 2975/2975 2762/2762 2780/2780
f 2780/2780 2781/2781 2975/2975
f 2799/2799 2798/2798 2977/2977
f 2765/2765 2979/2979 2978/2978
f 2978/2978 2900/2900 2904/2904
f 2979/2979 2900/2900 2978/2978
f 2896/2896 2900/2900 2979/2979
f 2980/2980 2896/2896 2979/2979
f 2973/2973 2896/2896 2980/2980
f 2981/2981 2974/2974 2973/2973
f 2973/2973 2980/2980 2981/2981
f 2982/2982 2759/2759 2974/2974
f 2974/2974 2981/2981 2982/2982
f 2983/2983 2833/2833 2759/2759
f 2759/2759 2982/2982 2983/2983
f 2983/2983 2984/2984 2783/2783
f 2783/2783 2833/2833 2983/2983
f 2985/2985 2783/2783 2984/2984
f 2786/2786 2783/2783 2985/2985
f 2798/2798 2786/2786 2985/2985
f 3069/3069 2835/2835 2858/2858
f 4280/4280 3072/3072 4281/4281
f 2834/2834 2774/2774 2842/2842
f 2834/2834 4282/4282 2774/2774
f 4283/4283 4278/4278 2773/2773
f 4284/4284 2770/2770 2835/2835
f 2835/2835 2991/2991 4284/4284
f 4285/4285 2772/2772 2770/2770
f 2770/2770 4284/4284 4285/4285
f 4283/4283 2773/2773 2775/2775
f 2775/2775 4286/4286 4283/4283
f 4286/4286 2775/2775 2772/2772
f 2772/2772 4285/4285 4286/4286
f 2992/2992 2834/2834 2842/2842
f 2975/2975 2983/2983 2982/2982
f 2993/2993 3124/3124 2805/2805
f 2776/2776 2790/2790 2788/2788
f 2788/2788 2753/2753 2776/2776
f 2790/2790 3037/3037 2993/2993
f 2781/2781 2780/2780 2753/2753
f 2753/2753 2994/2994 2781/2781
f 2994/2994 2789/2789 2792/2792
f 2977/2977 2976/2976 2787/2787
f 2997/2997 2757/2757 2998/2998
f 2995/2995 2996/2996 2998/2998
f 2998/2998 2757/2757 2995/2995
f 2767/2767 2758/2758 2760/2760
f 2760/2760 2997/2997 2767/2767
f 2948/2948 2767/2767 2997/2997
f 2997/2997 2998/2998 2948/2948
f 2997/2997 2760/2760 2769/2769
f 3000/3000 3002/3002 2999/2999
f 3003/3003 3002/3002 3000/3000
f 3000/3000 3001/3001 3003/3003
f 2766/2766 2755/2755 2999/2999
f 2999/2999 3002/3002 2766/2766
f 3003/3003 2766/2766 3002/3002
f 3005/3005 3003/3003 3001/3001
f 2999/2999 2755/2755 2957/2957
f 2996/2996 2756/2756 2958/2958
f 2958/2958 3006/3006 2996/2996
f 3005/3005 2891/2891 2889/2889
f 2889/2889 3003/3003 3005/3005
f 3000/3000 2999/2999 3004/3004
f 3005/3005 3001/3001 3000/3000
f 3000/3000 3004/3004 3005/3005
f 2752/2752 2892/2892 2891/2891
f 2891/2891 3005/3005 2752/2752
f 3006/3006 2957/2957 2998/2998
f 2998/2998 2996/2996 3006/3006
f 2958/2958 2955/2955 3004/3004
f 3004/3004 3006/3006 2958/2958
f 2892/2892 2752/2752 2955/2955
f 3009/3009 3010/3010 2764/2764
f 2764/2764 2748/2748 3009/3009
f 3018/3018 3021/3021 3017/3017
f 3017/3017 2890/2890 3018/3018
f 3008/3008 3009/3009 3012/3012
f 3013/3013 3015/3015 3014/3014
f 3008/3008 3012/3012 3013/3013
f 3013/3013 3014/3014 3008/3008
f 3017/3017 3016/3016 2890/2890
f 3016/3016 2748/2748 2746/2746
f 3013/3013 3016/3016 3015/3015
f 3013/3013 3012/3012 3016/3016
f 3012/3012 3009/3009 2748/2748
f 3012/3012 2748/2748 3016/3016
f 3016/3016 2746/2746 2890/2890
f 3007/3007 3014/3014 3015/3015
f 2824/2824 3031/3031 3030/3030
f 3030/3030 3029/3029 2824/2824
f 2967/2967 2824/2824 3029/3029
f 3017/3017 3007/3007 3015/3015
f 3021/3021 3073/3073 3017/3017
f 3023/3023 3067/3067 2818/2818
f 2818/2818 3022/3022 3023/3023
f 2823/2823 2813/2813 3023/3023
f 2821/2821 3024/3024 2739/2739
f 3026/3026 2726/2726 2745/2745
f 3027/3027 2824/2824 2796/2796
f 3027/3027 3028/3028 2824/2824
f 2967/2967 3029/3029 3020/3020
f 3020/3020 2968/2968 2967/2967
f 3019/3019 3020/3020 3029/3029
f 3029/3029 3030/3030 3019/3019
f 3031/3031 2803/2803 3030/3030
f 3032/3032 2803/2803 3031/3031
f 3019/3019 3030/3030 2812/2812
f 2815/2815 3247/3247 2804/2804
f 3247/3247 2815/2815 2803/2803
f 2803/2803 4287/4287 3247/3247
f 3249/3249 3027/3027 2796/2796
f 3248/3248 2824/2824 3028/3028
f 3028/3028 3250/3250 3248/3248
f 3249/3249 3034/3034 3027/3027
f 3033/3033 3031/3031 2824/2824
f 2824/2824 3248/3248 3033/3033
f 3246/3246 2803/2803 3032/3032
f 3032/3032 3251/3251 3246/3246
f 3251/3251 3032/3032 3031/3031
f 3031/3031 3033/3033 3251/3251
f 3250/3250 3028/3028 3027/3027
f 3027/3027 3034/3034 3250/3250
f 3041/3041 2790/2790 3035/3035
f 3035/3035 3038/3038 3041/3041
f 3046/3046 3264/3264 3151/3151
f 3151/3151 3040/3040 3046/3046
f 3043/3043 3042/3042 2841/2841
f 2841/2841 3038/3038 3043/3043
f 3044/3044 3260/3260 3148/3148
f 3148/3148 3039/3039 3044/3044
f 3041/3041 3257/3257 3223/3223
f 3223/3223 3037/3037 3041/3041
f 3045/3045 3036/3036 4288/4288
f 4288/4288 3262/3262 3045/3045
f 3050/3050 3038/3038 2841/2841
f 2841/2841 3047/3047 3050/3050
f 3051/3051 3039/3039 3148/3148
f 3148/3148 3048/3048 3051/3051
f 3052/3052 3040/3040 3151/3151
f 3151/3151 3049/3049 3052/3052
f 3053/3053 3041/3041 3038/3038
f 3038/3038 3050/3050 3053/3053
f 3269/3269 3257/3257 3041/3041
f 3041/3041 3053/3053 3269/3269
f 3054/3054 3043/3043 3039/3039
f 3039/3039 3051/3051 3054/3054
f 3271/3271 3042/3042 3043/3043
f 3043/3043 3054/3054 3271/3271
f 3056/3056 3044/3044 3040/3040
f 3040/3040 3052/3052 3056/3056
f 3055/3055 3260/3260 3044/3044
f 3044/3044 3056/3056 3055/3055
f 3058/3058 3045/3045 3262/3262
f 3262/3262 3057/3057 3058/3058
f 3062/3062 3046/3046 3045/3045
f 3045/3045 3058/3058 3062/3062
f 3061/3061 3264/3264 3046/3046
f 3046/3046 3062/3062 3061/3061
f 3047/3047 3269/3269 3053/3053
f 3053/3053 3050/3050 3047/3047
f 3048/3048 3271/3271 3054/3054
f 3054/3054 3051/3051 3048/3048
f 3049/3049 3055/3055 3056/3056
f 3056/3056 3052/3052 3049/3049
f 3057/3057 3059/3059 3060/3060
f 3060/3060 3058/3058 3057/3057
f 3060/3060 3059/3059 3061/3061
f 3061/3061 3062/3062 3060/3060
f 3058/3058 3060/3060 3062/3062
f 3041/3041 3037/3037 2790/2790
f 3043/3043 3038/3038 3035/3035
f 3044/3044 3039/3039 2850/2850
f 3046/3046 3040/3040 2867/2867
f 3046/3046 2867/2867 3036/3036
f 3036/3036 3045/3045 3046/3046
f 3064/3064 3065/3065 3063/3063
f 3063/3063 3277/3277 3064/3064
f 3064/3064 3066/3066 2819/2819
f 2819/2819 3065/3065 3064/3064
f 3066/3066 3133/3133 2819/2819
f 3065/3065 2819/2819 3067/3067
f 3065/3065 3067/3067 2813/2813
f 2813/2813 3063/3063 3065/3065
f 3023/3023 2813/2813 3067/3067
f 2819/2819 2818/2818 3067/3067
f 4289/4289 2989/2989 2988/2988
f 2988/2988 4290/4290 4289/4289
f 4291/4291 4292/4292 2990/2990
f 4291/4291 2990/2990 2989/2989
f 2989/2989 4289/4289 4291/4291
f 4290/4290 3072/3072 2987/2987
f 2987/2987 4289/4289 4290/4290
f 3069/3069 4293/4293 2991/2991
f 2991/2991 2835/2835 3069/3069
f 4294/4294 4295/4295 4296/4296
f 4294/4294 4297/4297 4295/4295
f 4293/4293 3069/3069 2771/2771
f 3072/3072 4280/4280 2987/2987
f 2834/2834 2992/2992 3068/3068
f 2834/2834 3068/3068 3070/3070
f 2834/2834 3070/3070 3071/3071
f 2834/2834 3071/3071 2986/2986
f 2993/2993 3037/3037 3223/3223
f 3223/3223 3124/3124 2993/2993
f 2972/2972 2963/2963 2964/2964
f 2953/2953 2965/2965 2964/2964
f 2820/2820 2832/2832 2819/2819
f 3073/3073 2832/2832 2821/2821
f 2821/2821 2739/2739 3073/3073
f 3021/3021 3022/3022 2818/2818
f 3021/3021 2818/2818 2832/2832
f 2832/2832 3073/3073 3021/3021
f 2739/2739 3007/3007 3017/3017
f 3017/3017 3073/3073 2739/2739
f 3076/3076 2901/2901 2898/2898
f 2898/2898 2933/2933 3076/3076
f 2947/2947 2901/2901 3076/3076
f 3076/3076 3074/3074 2947/2947
f 2916/2916 3011/3011 3075/3075
f 3075/3075 3074/3074 2916/2916
f 3011/3011 2742/2742 2736/2736
f 2736/2736 3075/3075 3011/3011
f 3030/3030 2803/2803 2815/2815
f 3017/3017 3015/3015 3016/3016
f 2777/2777 2761/2761 2765/2765
f 3079/3079 2727/2727 3077/3077
f 3077/3077 3078/3078 3079/3079
f 3080/3080 2729/2729 3079/3079
f 3079/3079 3078/3078 3080/3080
f 3081/3081 2731/2731 2729/2729
f 2729/2729 3080/3080 3081/3081
f 3081/3081 2733/2733 2731/2731
f 3082/3082 2735/2735 2733/2733
f 2733/2733 3081/3081 3082/3082
f 3083/3083 2737/2737 2735/2735
f 2735/2735 3082/3082 3083/3083
f 3186/3186 3182/3182 2737/2737
f 2737/2737 3083/3083 3186/3186
f 3084/3084 3240/3240 3078/3078
f 3078/3078 3077/3077 3084/3084
f 3232/3232 3088/3088 3089/3089
f 3089/3089 3085/3085 3232/3232
f 3232/3232 3086/3086 3088/3088
f 3229/3229 3087/3087 3088/3088
f 3088/3088 3086/3086 3229/3229
f 3083/3083 3287/3287 3186/3186
f 3083/3083 3082/3082 3087/3087
f 3088/3088 3087/3087 3082/3082
f 3082/3082 3081/3081 3088/3088
f 3089/3089 3088/3088 3081/3081
f 3081/3081 3080/3080 3089/3089
f 3240/3240 3085/3085 3089/3089
f 3080/3080 3078/3078 3089/3089
f 3086/3086 3228/3228 3229/3229
f 3234/3234 3235/3235 3208/3208
f 3208/3208 3154/3154 3234/3234
f 3238/3238 3091/3091 3208/3208
f 3208/3208 3237/3237 3238/3238
f 3225/3225 3096/3096 3209/3209
f 3209/3209 3095/3095 3225/3225
f 3093/3093 3146/3146 3213/3213
f 3213/3213 3214/3214 3093/3093
f 3094/3094 3155/3155 3156/3156
f 3158/3158 3171/3171 3203/3203
f 3209/3209 3212/3212 3158/3158
f 3158/3158 3095/3095 3209/3209
f 3097/3097 3212/3212 3213/3213
f 3213/3213 3146/3146 3097/3097
f 3252/3252 3152/3152 3146/3146
f 3093/3093 3102/3102 3146/3146
f 3252/3252 3146/3146 3102/3102
f 3195/3195 3104/3104 3143/3143
f 3143/3143 3194/3194 3195/3195
f 3103/3103 3198/3198 3092/3092
f 3109/3109 3224/3224 3210/3210
f 3215/3215 3216/3216 3109/3109
f 3109/3109 3210/3210 3215/3215
f 3105/3105 3093/3093 3224/3224
f 3224/3224 3106/3106 3105/3105
f 4298/4298 4299/4299 4300/4300
f 4300/4300 4301/4301 4298/4298
f 4302/4302 4303/4303 4298/4298
f 4298/4298 4301/4301 4302/4302
f 4304/4304 4305/4305 4306/4306
f 4306/4306 3108/3108 4304/4304
f 4307/4307 4304/4304 3108/3108
f 3108/3108 4308/4308 4307/4307
f 4309/4309 3110/3110 4310/4310
f 4311/4311 3110/3110 4309/4309
f 3216/3216 3115/3115 3116/3116
f 3116/3116 3109/3109 3216/3216
f 3116/3116 3117/3117 3123/3123
f 3123/3123 3109/3109 3116/3116
f 3249/3249 2801/2801 3114/3114
f 3114/3114 3113/3113 3249/3249
f 2801/2801 3118/3118 3115/3115
f 3115/3115 3114/3114 2801/2801
f 3118/3118 3119/3119 3116/3116
f 3116/3116 3115/3115 3118/3118
f 3119/3119 2802/2802 3117/3117
f 3117/3117 3116/3116 3119/3119
f 2802/2802 3126/3126 3123/3123
f 3123/3123 3117/3117 2802/2802
f 3242/3242 3135/3135 3113/3113
f 3113/3113 3207/3207 3242/3242
f 2804/2804 3130/3130 3131/3131
f 4312/4312 4313/4313 4314/4314
f 4314/4314 3111/3111 4312/4312
f 4315/4315 4312/4312 3111/3111
f 3111/3111 3112/3112 4315/4315
f 3125/3125 3124/3124 3121/3121
f 3121/3121 3122/3122 3125/3125
f 3126/3126 3125/3125 3122/3122
f 3122/3122 3123/3123 3126/3126
f 3127/3127 3239/3239 3240/3240
f 2809/2809 2810/2810 3239/3239
f 3239/3239 3127/3127 2809/2809
f 3239/3239 3085/3085 3240/3240
f 3084/3084 3127/3127 3240/3240
f 3131/3131 2817/2817 2804/2804
f 3137/3137 3128/3128 3136/3136
f 3136/3136 3141/3141 3137/3137
f 3128/3128 3134/3134 2811/2811
f 3238/3238 3236/3236 3242/3242
f 3242/3242 3091/3091 3238/3238
f 3243/3243 3131/3131 3130/3130
f 3243/3243 3128/3128 3131/3131
f 2822/2822 2817/2817 3131/3131
f 3131/3131 3128/3128 2822/2822
f 3278/3278 3277/3277 3129/3129
f 3133/3133 3239/3239 2810/2810
f 3142/3142 3239/3239 3133/3133
f 2811/2811 2822/2822 3128/3128
f 3137/3137 3134/3134 3128/3128
f 3139/3139 3140/3140 3278/3278
f 3278/3278 3129/3129 3139/3139
f 3138/3138 2829/2829 3137/3137
f 2829/2829 3134/3134 3137/3137
f 3141/3141 3138/3138 3137/3137
f 2826/2826 3138/3138 3140/3140
f 2826/2826 3140/3140 3139/3139
f 3278/3278 3140/3140 3136/3136
f 3136/3136 3132/3132 3278/3278
f 3140/3140 3141/3141 3136/3136
f 3140/3140 3138/3138 3141/3141
f 3236/3236 3136/3136 3128/3128
f 3194/3194 3143/3143 3096/3096
f 3096/3096 3225/3225 3194/3194
f 3199/3199 3205/3205 3092/3092
f 3092/3092 3205/3205 3103/3103
f 3136/3136 3236/3236 3132/3132
f 3149/3149 3152/3152 3252/3252
f 3252/3252 3147/3147 3149/3149
f 3101/3101 3149/3149 4316/4316
f 3259/3259 3255/3255 3147/3147
f 3147/3147 3252/3252 3259/3259
f 3152/3152 3149/3149 3191/3191
f 3150/3150 3149/3149 3147/3147
f 3191/3191 3149/3149 3101/3101
f 3149/3149 3150/3150 3100/3100
f 3100/3100 4316/4316 3149/3149
f 3099/3099 3190/3190 3191/3191
f 3191/3191 3101/3101 3099/3099
f 3256/3256 3150/3150 3147/3147
f 3147/3147 3261/3261 3256/3256
f 3190/3190 3166/3166 3160/3160
f 3160/3160 3191/3191 3190/3190
f 3191/3191 3097/3097 3152/3152
f 3228/3228 3090/3090 3188/3188
f 3234/3234 3154/3154 3153/3153
f 3153/3153 3090/3090 3234/3234
f 3153/3153 3155/3155 3162/3162
f 3162/3162 3188/3188 3153/3153
f 3153/3153 3156/3156 3155/3155
f 3154/3154 3157/3157 3156/3156
f 3156/3156 3153/3153 3154/3154
f 3208/3208 3205/3205 3157/3157
f 3157/3157 3154/3154 3208/3208
f 2771/2771 2923/2923 3159/3159
f 3159/3159 3281/3281 2771/2771
f 3158/3158 3203/3203 3095/3095
f 3176/3176 3173/3173 3171/3171
f 3171/3171 3158/3158 3176/3176
f 3155/3155 3177/3177 3170/3170
f 3170/3170 3162/3162 3155/3155
f 3185/3185 3180/3180 3181/3181
f 3165/3165 2929/2929 3184/3184
f 3184/3184 3193/3193 3165/3165
f 3158/3158 3212/3212 3176/3176
f 3164/3164 3173/3173 3176/3176
f 3176/3176 3212/3212 3164/3164
f 3155/3155 3161/3161 3177/3177
f 3163/3163 3170/3170 3177/3177
f 3177/3177 3161/3161 3163/3163
f 3286/3286 3178/3178 3188/3188
f 3188/3188 3288/3288 3286/3286
f 3179/3179 2926/2926 2924/2924
f 2924/2924 3172/3172 3179/3179
f 3183/3183 3167/3167 3175/3175
f 3175/3175 2925/2925 3183/3183
f 3181/3181 3169/3169 2928/2928
f 2928/2928 3185/3185 3181/3181
f 2925/2925 3175/3175 3172/3172
f 3172/3172 2924/2924 2925/2925
f 3160/3160 3166/3166 3168/3168
f 3168/3168 3211/3211 3160/3160
f 2926/2926 3179/3179 3187/3187
f 3180/3180 3185/3185 2926/2926
f 3180/3180 2926/2926 3187/3187
f 3175/3175 3167/3167 3171/3171
f 3171/3171 3173/3173 3175/3175
f 2927/2927 2929/2929 3165/3165
f 3165/3165 3174/3174 2927/2927
f 3172/3172 3168/3168 3166/3166
f 3166/3166 3179/3179 3172/3172
f 3168/3168 3175/3175 3173/3173
f 3173/3173 3164/3164 3168/3168
f 3167/3167 3174/3174 3170/3170
f 3170/3170 3163/3163 3167/3167
f 3193/3193 3184/3184 3182/3182
f 3182/3182 3186/3186 3193/3193
f 2927/2927 3174/3174 3167/3167
f 3167/3167 3183/3183 2927/2927
f 3189/3189 3180/3180 3187/3187
f 3180/3180 3189/3189 3192/3192
f 3192/3192 3181/3181 3180/3180
f 3169/3169 3181/3181 3192/3192
f 3192/3192 3159/3159 3169/3169
f 3172/3172 3175/3175 3168/3168
f 3159/3159 2923/2923 2928/2928
f 2928/2928 3169/3169 3159/3159
f 3170/3170 3174/3174 3165/3165
f 3165/3165 3162/3162 3170/3170
f 3286/3286 3193/3193 3186/3186
f 3186/3186 3287/3287 3286/3286
f 3097/3097 3191/3191 3160/3160
f 3211/3211 3097/3097 3160/3160
f 3153/3153 3188/3188 3090/3090
f 3228/3228 3188/3188 3178/3178
f 3178/3178 3229/3229 3228/3228
f 3163/3163 3203/3203 3171/3171
f 3201/3201 3095/3095 3203/3203
f 3200/3200 3204/3204 3196/3196
f 3196/3196 3195/3195 3200/3200
f 3197/3197 3198/3198 3206/3206
f 3206/3206 3207/3207 3197/3197
f 3204/3204 3198/3198 3197/3197
f 3199/3199 3092/3092 3200/3200
f 3200/3200 3202/3202 3199/3199
f 3197/3197 3113/3113 3114/3114
f 3114/3114 3196/3196 3197/3197
f 3200/3200 3092/3092 3198/3198
f 3198/3198 3204/3204 3200/3200
f 3201/3201 3203/3203 3161/3161
f 3161/3161 3094/3094 3201/3201
f 3227/3227 3201/3201 3094/3094
f 3094/3094 3226/3226 3227/3227
f 3194/3194 3202/3202 3200/3200
f 3200/3200 3195/3195 3194/3194
f 3196/3196 3204/3204 3197/3197
f 3167/3167 3163/3163 3171/3171
f 3103/3103 3207/3207 3206/3206
f 3091/3091 3242/3242 3207/3207
f 3207/3207 3103/3103 3091/3091
f 3208/3208 3091/3091 3205/3205
f 3113/3113 3197/3197 3207/3207
f 3210/3210 3224/3224 3093/3093
f 3093/3093 3214/3214 3210/3210
f 3195/3195 3196/3196 3104/3104
f 3115/3115 3104/3104 3196/3196
f 3196/3196 3114/3114 3115/3115
f 3212/3212 3097/3097 3211/3211
f 3164/3164 3211/3211 3168/3168
f 3164/3164 3212/3212 3211/3211
f 3212/3212 3209/3209 3213/3213
f 3214/3214 3213/3213 3209/3209
f 3209/3209 3096/3096 3214/3214
f 3215/3215 3214/3214 3096/3096
f 3096/3096 3143/3143 3215/3215
f 3143/3143 3216/3216 3215/3215
f 3143/3143 3104/3104 3216/3216
f 3104/3104 3115/3115 3216/3216
f 3284/3284 4280/4280 4281/4281
f 4317/4317 2834/2834 3145/3145
f 4316/4316 4318/4318 3101/3101
f 4319/4319 3221/3221 3144/3144
f 3144/3144 3098/3098 4319/4319
f 4320/4320 4319/4319 3098/3098
f 3098/3098 3099/3099 4320/4320
f 4318/4318 4320/4320 3099/3099
f 3099/3099 3101/3101 4318/4318
f 2834/2834 3220/3220 3145/3145
f 3215/3215 3210/3210 3214/3214
f 3124/3124 3222/3222 3121/3121
f 3102/3102 3093/3093 3105/3105
f 3105/3105 3107/3107 3102/3102
f 3253/3253 3107/3107 3222/3222
f 3106/3106 3224/3224 3109/3109
f 3225/3225 3227/3227 3202/3202
f 3202/3202 3194/3194 3225/3225
f 3226/3226 3094/3094 3156/3156
f 3156/3156 3157/3157 3226/3226
f 3199/3199 3226/3226 3157/3157
f 3157/3157 3205/3205 3199/3199
f 3227/3227 3225/3225 3095/3095
f 3095/3095 3201/3201 3227/3227
f 3202/3202 3227/3227 3226/3226
f 3226/3226 3199/3199 3202/3202
f 3235/3235 3237/3237 3208/3208
f 3228/3228 3086/3086 3230/3230
f 3233/3233 3231/3231 3232/3232
f 3086/3086 3232/3232 3231/3231
f 3231/3231 3230/3230 3086/3086
f 3234/3234 3231/3231 3233/3233
f 3230/3230 3231/3231 3234/3234
f 3228/3228 3230/3230 3090/3090
f 3090/3090 3230/3230 3234/3234
f 3135/3135 3242/3242 3243/3243
f 3243/3243 3244/3244 3135/3135
f 3232/3232 3235/3235 3233/3233
f 3285/3285 3237/3237 3235/3235
f 3132/3132 3236/3236 3238/3238
f 3078/3078 3240/3240 3089/3089
f 3241/3241 3113/3113 3135/3135
f 3236/3236 3243/3243 3242/3242
f 3120/3120 3244/3244 3243/3243
f 3120/3120 3245/3245 3244/3244
f 3243/3243 3236/3236 3128/3128
f 3247/3247 3130/3130 2804/2804
f 3247/3247 3246/3246 3120/3120
f 3120/3120 3130/3130 3247/3247
f 3248/3248 3250/3250 3241/3241
f 3241/3241 3135/3135 3248/3248
f 3034/3034 3249/3249 3113/3113
f 3033/3033 3248/3248 3135/3135
f 3135/3135 3244/3244 3033/3033
f 3246/3246 3251/3251 3245/3245
f 3245/3245 3120/3120 3246/3246
f 3251/3251 3033/3033 3244/3244
f 3244/3244 3245/3245 3251/3251
f 3250/3250 3034/3034 3113/3113
f 3113/3113 3241/3241 3250/3250
f 3258/3258 3254/3254 3252/3252
f 3252/3252 3107/3107 3258/3258
f 3265/3265 3256/3256 3151/3151
f 3151/3151 3264/3264 3265/3265
f 3259/3259 3254/3254 2841/2841
f 2841/2841 3042/3042 3259/3259
f 3261/3261 3255/3255 3148/3148
f 3148/3148 3260/3260 3261/3261
f 3258/3258 3253/3253 3223/3223
f 3223/3223 3257/3257 3258/3258
f 3263/3263 3262/3262 4288/4288
f 4288/4288 3100/3100 3263/3263
f 3266/3266 3047/3047 2841/2841
f 2841/2841 3254/3254 3266/3266
f 3267/3267 3048/3048 3148/3148
f 3148/3148 3255/3255 3267/3267
f 3268/3268 3049/3049 3151/3151
f 3151/3151 3256/3256 3268/3268
f 3270/3270 3266/3266 3254/3254
f 3254/3254 3258/3258 3270/3270
f 3269/3269 3270/3270 3258/3258
f 3258/3258 3257/3257 3269/3269
f 3272/3272 3267/3267 3255/3255
f 3255/3255 3259/3259 3272/3272
f 3271/3271 3272/3272 3259/3259
f 3259/3259 3042/3042 3271/3271
f 3273/3273 3268/3268 3256/3256
f 3256/3256 3261/3261 3273/3273
f 3055/3055 3273/3273 3261/3261
f 3261/3261 3260/3260 3055/3055
f 3274/3274 3057/3057 3262/3262
f 3262/3262 3263/3263 3274/3274
f 3276/3276 3274/3274 3263/3263
f 3263/3263 3265/3265 3276/3276
f 3061/3061 3276/3276 3265/3265
f 3265/3265 3264/3264 3061/3061
f 3047/3047 3266/3266 3270/3270
f 3270/3270 3269/3269 3047/3047
f 3048/3048 3267/3267 3272/3272
f 3272/3272 3271/3271 3048/3048
f 3049/3049 3268/3268 3273/3273
f 3273/3273 3055/3055 3049/3049
f 3057/3057 3274/3274 3275/3275
f 3275/3275 3059/3059 3057/3057
f 3275/3275 3276/3276 3061/3061
f 3061/3061 3059/3059 3275/3275
f 3275/3275 3274/3274 3276/3276
f 3253/3253 3258/3258 3107/3107
f 3254/3254 3259/3259 3252/3252
f 3255/3255 3261/3261 3147/3147
f 3256/3256 3265/3265 3150/3150
f 3265/3265 3263/3263 3100/3100
f 3100/3100 3150/3150 3265/3265
f 3064/3064 3277/3277 3278/3278
f 3278/3278 3279/3279 3064/3064
f 3064/3064 3279/3279 3142/3142
f 3142/3142 3066/3066 3064/3064
f 3133/3133 3066/3066 3142/3142
f 3142/3142 3279/3279 3132/3132
f 3278/3278 3132/3132 3279/3279
f 4321/4321 4322/4322 3218/3218
f 3218/3218 3219/3219 4321/4321
f 4323/4323 4321/4321 3219/3219
f 3219/3219 4324/4324 4323/4323
f 4322/4322 4321/4321 3217/3217
f 3217/3217 3284/3284 4322/4322
f 3281/3281 3144/3144 3221/3221
f 3221/3221 4325/4325 3281/3281
f 4326/4326 4327/4327 4296/4296
f 4328/4328 4327/4327 4326/4326
f 3281/3281 4325/4325 2771/2771
f 4280/4280 3284/3284 3217/3217
f 3220/3220 2834/2834 3280/3280
f 3280/3280 2834/2834 3282/3282
f 3282/3282 2834/2834 3283/3283
f 3283/3283 2834/2834 2986/2986
f 3222/3222 3124/3124 3223/3223
f 3223/3223 3253/3253 3222/3222
f 3205/3205 3091/3091 3103/3103
f 3206/3206 3198/3198 3103/3103
f 3285/3285 3085/3085 3239/3239
f 3239/3239 3142/3142 3285/3285
f 3238/3238 3237/3237 3132/3132
f 3132/3132 3237/3237 3142/3142
f 3085/3085 3285/3285 3235/3235
f 3235/3235 3232/3232 3085/3085
f 3288/3288 3188/3188 3162/3162
f 3162/3162 3165/3165 3288/3288
f 3193/3193 3286/3286 3288/3288
f 3288/3288 3165/3165 3193/3193
f 3178/3178 3286/3286 3287/3287
f 3287/3287 3229/3229 3178/3178
f 3229/3229 3287/3287 3083/3083
f 3083/3083 3087/3087 3229/3229
f 3120/3120 3243/3243 3130/3130
f 3233/3233 3235/3235 3234/3234
f 3035/3035 2790/2790 2776/2776
f 2749/2749 2777/2777 2765/2765
f 3102/3102 3107/3107 3252/3252
f 3094/3094 3161/3161 3155/3155
f 3179/3179 3166/3166 3192/3192
f 3187/3187 3179/3179 3192/3192
f 3187/3187 3192/3192 3189/3189
f 3166/3166 3190/3190 3192/3192
f 3097/3097 3146/3146 3152/3152
f 3237/3237 3285/3285 3142/3142
f 3144/3144 3192/3192 3098/3098
f 3192/3192 3190/3190 3099/3099
f 3281/3281 3159/3159 3192/3192
f 3144/3144 3281/3281 3192/3192
f 3192/3192 3099/3099 3098/3098
f 3163/3163 3161/3161 3203/3203
f 4329/4329 4330/4330 4331/4331
f 4331/4331 4332/4332 4329/4329
f 4333/4333 4334/4334 4329/4329
f 4329/4329 4332/4332 4333/4333
f 4335/4335 4336/4336 4334/4334
f 4334/4334 4333/4333 4335/4335
f 4336/4336 4335/4335 4337/4337
f 4336/4336 4337/4337 4338/4338
f 4336/4336 4338/4338 4331/4331
f 4330/4330 4336/4336 4331/4331
f 4338/4338 4337/4337 4339/4339
f 4339/4339 4340/4340 4338/4338
f 3298/3298 4341/4341 4342/4342
f 4342/4342 4343/4343 3298/3298
f 3292/3292 3298/3298 4343/4343
f 4343/4343 4344/4344 3292/3292
f 3291/3291 3292/3292 4344/4344
f 4344/4344 4345/4345 3291/3291
f 3290/3290 3291/3291 4345/4345
f 4345/4345 4346/4346 3290/3290
f 4347/4347 4348/4348 3294/3294
f 3294/3294 3289/3289 4347/4347
f 4349/4349 3293/3293 3294/3294
f 3294/3294 4348/4348 4349/4349
f 4350/4350 3297/3297 3293/3293
f 3293/3293 4349/4349 4350/4350
f 4351/4351 3296/3296 3297/3297
f 3297/3297 4350/4350 4351/4351
f 4352/4352 3299/3299 3296/3296
f 3296/3296 4351/4351 4352/4352
f 4353/4353 3295/3295 3300/3300
f 3300/3300 4354/4354 4353/4353
f 4347/4347 3289/3289 3295/3295
f 3295/3295 4353/4353 4347/4347
f 3304/3304 3306/3306 3305/3305
f 3305/3305 3301/3301 3304/3304
f 3307/3307 3306/3306 3304/3304
f 3304/3304 3303/3303 3307/3307
f 3302/3302 3308/3308 3307/3307
f 3307/3307 3303/3303 3302/3302
f 3305/3305 3312/3312 3309/3309
f 3309/3309 3308/3308 3305/3305
f 3310/3310 3309/3309 3312/3312
f 3312/3312 3311/3311 3310/3310
f 3305/3305 3308/3308 3302/3302
f 3302/3302 3301/3301 3305/3305
f 3321/3321 3316/3316 1822/1822
f 1822/1822 1832/1832 3321/3321
f 3315/3315 1831/1831 3320/3320
f 3320/3320 1821/1821 3315/3315
f 3322/3322 3317/3317 1823/1823
f 1823/1823 1833/1833 3322/3322
f 3323/3323 3318/3318 1829/1829
f 1829/1829 1839/1839 3323/3323
f 3324/3324 1830/1830 3319/3319
f 3319/3319 1840/1840 3324/3324
f 3325/3325 3315/3315 1821/1821
f 1821/1821 1841/1841 3325/3325
f 3326/3326 1822/1822 3316/3316
f 3316/3316 1842/1842 3326/3326
f 3327/3327 1823/1823 3317/3317
f 3317/3317 1843/1843 3327/3327
f 3328/3328 1829/1829 3318/3318
f 3318/3318 1849/1849 3328/3328
f 3329/3329 3319/3319 1830/1830
f 1830/1830 1850/1850 3329/3329

g PV-M4A1_S_BornBeast_Classic_M4A1S_BornBeast04
usemtl Fview-hand2
v 0.15385866174747362 -1.5867763635303418 -0.2570736462808938
v 0.14574854752062674 -1.6105862190089912 -0.2526179453976975
v 0.15553883004718649 -1.6482430020899783 -0.26765881243324197
v 0.17212649389944779 -1.6643359505883963 -0.28630836296758405
v 0.17495166115324595 -1.6641158225610286 -0.30550979550053037
v 0.14800857372403031 -1.6304751090805762 -0.28897454308335663
v 0.14533218899771749 -1.6105862190089912 -0.28494077160739506
v 0.17053164169738078 -1.5712783715940666 -0.29690748236291575
v 0.16844747147799785 -1.5703775196826344 -0.27069884921611931
v 0.15544915789980321 -1.5869897579031353 -0.28928130617163739
v 0.14715444087990123 -1.6305869432818028 -0.25707801968541105
v 0.15811228357432566 -1.6482667434287861 -0.29659086175969135
v 0.18418362305788444 -1.5577287313702224 -0.28789330559036796
v 0.18747408931371332 -1.5577140145169261 -0.30729858736720123
v 0.15868209306049461 -1.5892966593668607 -0.25694320775568913
v 0.15114442624635085 -1.611303630897617 -0.25268653148758691
v 0.16031101269536854 -1.6456593613070787 -0.26722775441181645
v 0.17605969442629263 -1.6606054365351899 -0.28581104439676636
v 0.18000119053789637 -1.6614138221796864 -0.30647881698713619
v 0.15312229843927308 -1.6286137048150953 -0.2899329087351466
v 0.15152949410122604 -1.611273051775556 -0.28685500382267948
v 0.1739270523068436 -1.574462105953939 -0.29642283278137421
v 0.17221326779859941 -1.5731915972321209 -0.27006397666036647
v 0.15998083800909668 -1.5899896357254852 -0.28954377986179114
v 0.15246033507220513 -1.6293756490687656 -0.25695733454647102
v 0.1624416243055774 -1.6449893973865091 -0.29645313422695796
v 0.1892579003585729 -1.5603164331716022 -0.28762267515369394
v 0.19252419140609814 -1.5601164019792779 -0.3077750802022225
v 0.1739270523068436 -1.574462105953939 -0.29642283278137421
v 0.19252419140609814 -1.5601164019792779 -0.3077750802022225
v 0.1892579003585729 -1.5603164331716022 -0.28762267515369394
v 0.17221326779859941 -1.5731915972321209 -0.27006397666036647
v 0.17605969442629263 -1.6606054365351899 -0.28581104439676636
v 0.18000119053789637 -1.6614138221796864 -0.30647881698713619
v 0.1624416243055774 -1.6449893973865091 -0.29645313422695796
v 0.16031101269536854 -1.6456593613070787 -0.26722775441181645
v 0.15246033507220513 -1.6293756490687656 -0.25695733454647102
v 0.15312229843927308 -1.6286137048150953 -0.2899329087351466
v 0.15152949410122604 -1.611273051775556 -0.28685500382267948
v 0.15114442624635085 -1.611303630897617 -0.25268653148758691
v 0.15868209306049461 -1.5892966593668607 -0.25694320775568913
v 0.15998083800909668 -1.5899896357254852 -0.28954377986179114
v 0.1892579003585729 -1.5603164331716022 -0.28762267515369394
v 0.19252419140609814 -1.5601164019792779 -0.3077750802022225
v 0.17605969442629263 -1.6606054365351899 -0.28581104439676636
v 0.18000119053789637 -1.6614138221796864 -0.30647881698713619
vt 0.10537499934434891 0.59141600131988525
vt 0.10322699695825577 0.57741901278495789
vt 0.11096499860286713 0.55517399311065674
vt 0.12113799899816513 0.541159987449646
vt 0.13255800306797028 0.53960099816322327
vt 0.12431000173091888 0.56561198830604553
vt 0.12227199971675873 0.57741200923919678
vt 0.12800699472427368 0.60569500923156738
vt 0.11249099671840668 0.60428100824356079
vt 0.12432699650526047 0.59257298707962036
vt 0.10549099743366241 0.56640899181365967
vt 0.12797899544239044 0.55340400338172913
vt 0.12178199738264084 0.61672601103782654
vt 0.13322100043296814 0.61893200874328613
vt 0.10257499665021896 0.59239101409912109
vt 0.10027699917554855 0.57735300064086914
vt 0.10836199671030045 0.55349099636077881
vt 0.12079799920320511 0.53798499703407288
vt 0.13600899279117584 0.53958100080490112
vt 0.12748900055885315 0.56634798645973206
vt 0.12607400119304657 0.57754999399185181
vt 0.13065400719642639 0.60481500625610352
vt 0.11017999798059464 0.60585600137710571
vt 0.12745000422000885 0.59186899662017822
vt 0.1026109978556633 0.56539899110794067
vt 0.1309799998998642 0.55441901087760925
vt 0.12149199843406677 0.62008300423622131
vt 0.13335800170898438 0.62224400043487549
vt 0.24298800528049469 0.61418101191520691
vt 0.23923799395561218 0.62150898575782776
vt 0.2456430047750473 0.6208139955997467
vt 0.25133201479911804 0.6141979992389679
vt 0.2458139955997467 0.58233699202537537
vt 0.23921400308609009 0.58159199357032776
vt 0.24274300038814545 0.58901500701904297
vt 0.25198900699615479 0.58890798687934875
vt 0.25535601377487183 0.59453600645065308
vt 0.244951993227005 0.59490200877189636
vt 0.2460000067949295 0.60038301348686218
vt 0.25678101181983948 0.60023400187492371
vt 0.25550898909568787 0.60758501291275024
vt 0.24521200358867645 0.60761499404907227
vt 0.11969300359487534 0.61940199136734009
vt 0.1365240067243576 0.61912500858306885
vt 0.11837200075387955 0.53939199447631836
vt 0.13310900330543518 0.53624498844146729
f 4367/4367 4368/4368 4362/4362
f 4362/4362 4363/4363 4367/4367
f 4366/4366 4359/4359 4358/4358
f 4358/4358 4357/4357 4366/4366
f 4361/4361 4360/4360 4365/4365
f 4365/4365 4356/4356 4361/4361
f 4361/4361 4356/4356 4355/4355
f 4355/4355 4364/4364 4361/4361
f 4363/4363 4362/4362 4364/4364
f 4364/4364 4355/4355 4363/4363
f 4366/4366 4357/4357 4365/4365
f 4365/4365 4360/4360 4366/4366
f 4383/4383 4384/4384 4385/4385
f 4385/4385 4386/4386 4383/4383
f 4387/4387 4388/4388 4389/4389
f 4389/4389 4390/4390 4387/4387
f 4391/4391 4392/4392 4393/4393
f 4393/4393 4394/4394 4391/4391
f 4395/4395 4394/4394 4393/4393
f 4393/4393 4396/4396 4395/4395
f 4396/4396 4383/4383 4386/4386
f 4386/4386 4395/4395 4396/4396
f 4391/4391 4390/4390 4389/4389
f 4389/4389 4392/4392 4391/4391
f 4363/4363 4377/4377 4397/4397
f 4397/4397 4367/4367 4363/4363
f 4368/4368 4398/4398 4376/4376
f 4376/4376 4362/4362 4368/4368
f 4367/4367 4381/4381 4382/4382
f 4382/4382 4368/4368 4367/4367
f 4358/4358 4399/4399 4371/4371
f 4371/4371 4357/4357 4358/4358
f 4359/4359 4400/4400 4372/4372
f 4372/4372 4358/4358 4359/4359
f 4366/4366 4380/4380 4373/4373
f 4373/4373 4359/4359 4366/4366
f 4365/4365 4379/4379 4370/4370
f 4370/4370 4356/4356 4365/4365
f 4361/4361 4375/4375 4374/4374
f 4374/4374 4360/4360 4361/4361
f 4364/4364 4378/4378 4375/4375
f 4375/4375 4361/4361 4364/4364
f 4356/4356 4370/4370 4369/4369
f 4369/4369 4355/4355 4356/4356
f 4355/4355 4369/4369 4377/4377
f 4377/4377 4363/4363 4355/4355
f 4362/4362 4376/4376 4378/4378
f 4378/4378 4364/4364 4362/4362
f 4360/4360 4374/4374 4380/4380
f 4380/4380 4366/4366 4360/4360
f 4357/4357 4371/4371 4379/4379
f 4379/4379 4365/4365 4357/4357

g PV-M4A1_S_BornBeast_Classic_M4A1S_BornBeast02
usemtl Fview-hand2
v 0.29171621649139112 -1.5305061278570595 -0.74155019199014438
v 0.23517694702117931 -1.5305061278570595 -0.72060277315497867
v 0.19366351534717891 -1.5627578688885722 -0.68317352642299933
v 0.19576281893457387 -1.5627571399878193 -0.23202924118423465
v 0.23630084256299091 -1.5627571399878193 -0.23202941473203295
v 0.13613327059387595 -1.5627580077268108 -0.71133514066974646
v 0.18420779826618808 -1.5562912349568769 -0.70831386657321305
v 0.12826919508068352 -1.5627580077268108 -0.73364681223933115
v 0.13613312307824738 -1.5627580077268108 -0.74496206360827621
v 0.23799963254146173 -1.5627578688885722 -0.68317352642299933
v 0.30209652682262211 -1.5627578688885722 -0.73364754114008413
v 0.30209652682262211 -1.5627578688885722 -0.72196425997136227
v 0.30209652682262211 -1.5321395597346894 -0.72196425997136227
v 0.29423276369546664 -1.5627578688885722 -0.7113355767085896
v 0.2458615213523955 -1.5305061278570595 -0.71036556166083853
v 0.24742232347643545 -1.5321395597346894 -0.70831401408884165
v 0.12826934259631209 -1.5450591173220141 -0.7219635310706094
v 0.12826919508068352 -1.5450592561602527 -0.73364681223933115
v 0.13613312307824738 -1.5450592561602527 -0.74496206360827621
v 0.29287447449726672 -1.5305061278570595 -0.71383377123299463
v 0.13864951408930445 -1.5305062666952982 -0.74154975812064861
v 0.13084192838445974 -1.5305061278570595 -0.7218020795538479
v 0.19576281893457387 -1.5404293132875599 -0.23202924118423465
v 0.23630084256299091 -1.5404293132875599 -0.23202955357027158
v 0.19366351534717891 -1.5404300421883128 -0.68317352642299933
v 0.21603037294727664 -1.5305061278570595 -0.72696763865774894
v 0.19627454197265071 -1.5305061278570595 -0.72121014272339534
v 0.12826934259631209 -1.5562913737951154 -0.7219635310706094
v 0.12826919508068352 -1.5562913737951154 -0.73364681223933115
v 0.13613312307824738 -1.5562913737951154 -0.74496206360827621
v 0.13613327059387595 -1.5562912349568769 -0.71133499532346534
v 0.18087920355907197 -1.5562913737951154 -0.74496221112390482
v 0.13613327059387595 -1.5450591173220141 -0.71133499532346534
v 0.19627454197265071 -1.5404300421883128 -0.72120999520776674
v 0.21603037294727664 -1.5404300421883128 -0.72696763865774894
v 0.23517694702117931 -1.5404300421883128 -0.72060262563935007
v 0.23799963254146173 -1.5404300421883128 -0.68317352642299933
v 0.30209652682262211 -1.5321396985729281 -0.73364754114008413
v 0.29423259014766834 -1.5321396985729281 -0.74496250181646695
v 0.13613327059387595 -1.5321396985729281 -0.71133499532346534
v 0.12826934259631209 -1.5321396985729281 -0.7219635310706094
v 0.12826919508068352 -1.5321396985729281 -0.73364681223933115
v 0.13613312307824738 -1.5321396985729281 -0.74496206360827621
v 0.29423276369546664 -1.5321395597346894 -0.7113355767085896
v 0.18582463897430013 -1.5305061278570595 -0.7103215954954859
v 0.18420779826618808 -1.5321396985729281 -0.70831386657321305
v 0.18087920355907197 -1.5450592561602527 -0.74496221112390482
v 0.29951871724574552 -1.5305061278570595 -0.73279762984614871
v 0.29952378484145598 -1.5305061278570595 -0.72180266527766723
v 0.12826934259631209 -1.5627580077268108 -0.7219635310706094
v 0.18420779826618808 -1.5450591173220141 -0.70831386657321305
v 0.18420779826618808 -1.5404300421883128 -0.70831386657321305
v 0.24742232347643545 -1.5404300421883128 -0.70831401408884165
v 0.29423259014766834 -1.5627578688885722 -0.74496250181646695
v 0.13084703068972986 -1.5305062666952982 -0.7327969052840908
v 0.13749199366157161 -1.5305062666952982 -0.71383260629339851
v 0.18420779826618808 -1.5627578688885722 -0.70831386657321305
v 0.24742232347643545 -1.5627578688885722 -0.70831401408884165
v 0.14023840492449977 -1.5469506841948399 -0.69509556380588933
v 0.18721291723204683 -1.5544576330486841 -0.66402550430965457
v 0.17616451729646776 -1.5544576330486841 -0.69019511306465509
v 0.17616451729646776 -1.5469506841948399 -0.69019511306465509
v 0.14023840492449977 -1.5544577718869228 -0.69509556380588933
v 0.14826276918420503 -1.5544576330486841 -0.68925712517840709
v 0.15658948841811413 -1.5544577718869228 -0.74048205735592754
v 0.19457238516689282 -1.5544576330486841 -0.63379662014505822
v 0.13585841426831322 -1.5469506841948399 -0.72877781161317079
v 0.13243431620779086 -1.5469506841948399 -0.71790148865830428
v 0.14826276918420503 -1.5469506841948399 -0.68925712517840709
v 0.19787711705174224 -1.5469506841948399 -0.741437511743401
v 0.15658948841811413 -1.5469506841948399 -0.74048205735592754
v 0.16960543445261636 -1.5469506841948399 -0.6951057543156709
v 0.19457238516689282 -1.5469505106470418 -0.63379662014505822
v 0.18721291723204683 -1.5469505106470418 -0.66402550430965457
v 0.13585841426831322 -1.5544577718869228 -0.72877781161317079
v 0.16960543445261636 -1.5544577718869228 -0.6951057543156709
v 0.13243431620779086 -1.5544577718869228 -0.71790148865830428
v 0.19787741208299936 -1.5469505106470418 -0.67016122163824032
v 0.19787711705174224 -1.5544577718869228 -0.741437511743401
v 0.23517694702117931 -1.5305061278570595 -0.72060277315497867
v 0.19366351534717891 -1.5404300421883128 -0.68317352642299933
v 0.19576281893457387 -1.5404293132875599 -0.23202924118423465
v 0.23630084256299091 -1.5404293132875599 -0.23202955357027158
v 0.23799963254146173 -1.5404300421883128 -0.68317352642299933
v 0.13613327059387595 -1.5562912349568769 -0.71133499532346534
v 0.13613327059387595 -1.5627580077268108 -0.71133514066974646
v 0.12826919508068352 -1.5562913737951154 -0.73364681223933115
v 0.12826934259631209 -1.5562913737951154 -0.7219635310706094
v 0.13613312307824738 -1.5562913737951154 -0.74496206360827621
v 0.30209652682262211 -1.5321396985729281 -0.73364754114008413
v 0.30209652682262211 -1.5321395597346894 -0.72196425997136227
v 0.29423276369546664 -1.5627578688885722 -0.7113355767085896
v 0.29423276369546664 -1.5321395597346894 -0.7113355767085896
v 0.24742232347643545 -1.5404300421883128 -0.70831401408884165
v 0.24742232347643545 -1.5321395597346894 -0.70831401408884165
v 0.12826934259631209 -1.5321396985729281 -0.7219635310706094
v 0.13613327059387595 -1.5450591173220141 -0.71133499532346534
v 0.13613327059387595 -1.5321396985729281 -0.71133499532346534
v 0.12826919508068352 -1.5321396985729281 -0.73364681223933115
v 0.21603037294727664 -1.5404300421883128 -0.72696763865774894
v 0.21603037294727664 -1.5305061278570595 -0.72696763865774894
v 0.18420779826618808 -1.5404300421883128 -0.70831386657321305
v 0.18420779826618808 -1.5321396985729281 -0.70831386657321305
v 0.2458615213523955 -1.5305061278570595 -0.71036556166083853
v 0.19627454197265071 -1.5305061278570595 -0.72121014272339534
v 0.18582463897430013 -1.5305061278570595 -0.7103215954954859
v 0.13613327059387595 -1.5562912349568769 -0.71133499532346534
v 0.18087920355907197 -1.5562913737951154 -0.74496221112390482
v 0.18420779826618808 -1.5562912349568769 -0.70831386657321305
v 0.18420779826618808 -1.5450591173220141 -0.70831386657321305
v 0.18087920355907197 -1.5450592561602527 -0.74496221112390482
v 0.18420779826618808 -1.5562912349568769 -0.70831386657321305
v 0.18087920355907197 -1.5562913737951154 -0.74496221112390482
v 0.24742232347643545 -1.5404300421883128 -0.70831401408884165
v 0.23517694702117931 -1.5404300421883128 -0.72060262563935007
v 0.19627454197265071 -1.5404300421883128 -0.72120999520776674
v 0.18420779826618808 -1.5404300421883128 -0.70831386657321305
v 0.29423259014766834 -1.5321396985729281 -0.74496250181646695
v 0.13613312307824738 -1.5321396985729281 -0.74496206360827621
v 0.29423276369546664 -1.5321395597346894 -0.7113355767085896
v 0.13613327059387595 -1.5321396985729281 -0.71133499532346534
v 0.24742232347643545 -1.5321395597346894 -0.70831401408884165
v 0.18420779826618808 -1.5321396985729281 -0.70831386657321305
v 0.13243431620779086 -1.5469506841948399 -0.71790148865830428
v 0.14023840492449977 -1.5469506841948399 -0.69509556380588933
v 0.13585841426831322 -1.5469506841948399 -0.72877781161317079
v 0.18721291723204683 -1.5469505106470418 -0.66402550430965457
v 0.17616451729646776 -1.5469506841948399 -0.69019511306465509
v 0.16960543445261636 -1.5469506841948399 -0.6951057543156709
v 0.14826276918420503 -1.5469506841948399 -0.68925712517840709
v 0.19787711705174224 -1.5469506841948399 -0.741437511743401
v 0.15658948841811413 -1.5469506841948399 -0.74048205735592754
v 0.19457238516689282 -1.5469505106470418 -0.63379662014505822
vt 0.82969999313354492 0.26816600561141968
vt 0.66606098413467407 0.24342900514602661
vt 0.83658397197723389 0.34489697217941284
vt 0.88578897714614868 0.34489601850509644
vt 0.83679401874542236 0.33584100008010864
vt 0.6104620099067688 0.22894501686096191
vt 0.82595497369766235 0.34721601009368896
vt 0.63572102785110474 0.22894501686096191
vt 0.64913100004196167 0.22894501686096191
vt 0.78686898946762085 0.33581602573394775
vt 0.82461202144622803 0.22894501686096191
vt 0.83645999431610107 0.22894501686096191
vt 0.84083098173141479 0.28860902786254883
vt 0.76107001304626465 0.33577102422714233
vt 0.65915298461914062 0.24342799186706543
vt 0.77745997905731201 0.34651601314544678
vt 0.62369900941848755 0.24730902910232544
vt 0.63554799556732178 0.24730902910232544
vt 0.64899897575378418 0.24728500843048096
vt 0.83085000514984131 0.29640698432922363
vt 0.6729699969291687 0.26816701889038086
vt 0.66496497392654419 0.28837698698043823
vt 0.83842098712921143 0.37361901998519897
vt 0.83679002523422241 0.34365302324295044
vt 0.77902597188949585 0.37483501434326172
vt 0.75220298767089844 0.28309601545333862
vt 0.6851009726524353 0.24347001314163208
vt 0.60551202297210693 0.28710800409317017
vt 0.60551202297210693 0.27615797519683838
vt 0.61288201808929443 0.26555401086807251
vt 0.61288201808929443 0.2970690131187439
vt 0.69450801610946655 0.23595398664474487
vt 0.80982202291488647 0.35095202922821045
vt 0.68510699272155762 0.23883497714996338
vt 0.76073998212814331 0.36562001705169678
vt 0.66606497764587402 0.2387930154800415
vt 0.77892202138900757 0.35637897253036499
vt 0.84069401025772095 0.27593898773193359
vt 0.81120598316192627 0.26048797369003296
vt 0.80974197387695312 0.35536998510360718
vt 0.66184699535369873 0.28821402788162231
vt 0.66197597980499268 0.27594101428985596
vt 0.64891201257705688 0.26048797369003296
vt 0.76104897260665894 0.34648197889328003
vt 0.69215500354766846 0.24347102642059326
vt 0.82587498426437378 0.35540401935577393
vt 0.69446098804473877 0.247344970703125
vt 0.8376929759979248 0.27712100744247437
vt 0.83770197629928589 0.28837597370147705
vt 0.62387198209762573 0.22894501686096191
vt 0.82595497369766235 0.35095202922821045
vt 0.82595598697662354 0.35252302885055542
vt 0.77746599912643433 0.34361600875854492
vt 0.81120502948760986 0.22894501686096191
vt 0.66497600078582764 0.27712398767471313
vt 0.67181801795959473 0.29640698432922363
vt 0.82595598697662354 0.34489697217941284
vt 0.77748000621795654 0.33580398559570312
vt 0.80652499198913574 0.38844102621078491
vt 0.83208799362182617 0.42163801193237305
vt 0.8115839958190918 0.41643399000167847
vt 0.80448997020721436 0.42241197824478149
vt 0.81010901927947998 0.38355600833892822
vt 0.81853997707366943 0.39516901969909668
vt 0.76162701845169067 0.40145397186279297
vt 0.86915701627731323 0.43411999940872192
vt 0.77942800521850586 0.3884660005569458
vt 0.78647297620773315 0.3826109766960144
vt 0.80850702524185181 0.39789199829101562
vt 0.76803600788116455 0.43900400400161743
vt 0.76977002620697021 0.40560197830200195
vt 0.80062800645828247 0.41624599695205688
vt 0.8676300048828125 0.44005000591278076
vt 0.82949000597000122 0.42827200889587402
vt 0.7746729850769043 0.38090997934341431
vt 0.80980700254440308 0.41425400972366333
vt 0.78569400310516357 0.37659502029418945
vt 0.82500702142715454 0.43933600187301636
vt 0.75926798582077026 0.43760800361633301
vt 0.77180600166320801 0.28961700201034546
vt 0.83454698324203491 0.35251301527023315
vt 0.88578897714614868 0.35251200199127197
vt 0.83832401037216187 0.35674399137496948
vt 0.78686302900314331 0.34362798929214478
vt 0.8098679780960083 0.34720897674560547
vt 0.80986899137496948 0.34488999843597412
vt 0.63572102785110474 0.23591101169586182
vt 0.62387198209762573 0.23591101169586182
vt 0.64912700653076172 0.23591101169586182
vt 0.82461202144622803 0.26048797369003296
vt 0.83645999431610107 0.26048797369003296
vt 0.8498690128326416 0.22894501686096191
vt 0.8498690128326416 0.26048797369003296
vt 0.65795499086380005 0.23879200220108032
vt 0.65795201063156128 0.24266499280929565
vt 0.62369900941848755 0.26048797369003296
vt 0.61028897762298584 0.24730902910232544
vt 0.61028897762298584 0.26048797369003296
vt 0.63554799556732178 0.26048797369003296
vt 0.67549502849578857 0.23881000280380249
vt 0.67548400163650513 0.24344497919082642
vt 0.69335800409317017 0.23883599042892456
vt 0.69335901737213135 0.24270802736282349
vt 0.78275001049041748 0.30027997493743896
vt 0.73197197914123535 0.28899502754211426
vt 0.72126799821853638 0.30032998323440552
vt 0.6104620099067688 0.23591101169586182
vt 0.63579398393630981 0.24433600902557373
vt 0.65669900178909302 0.24433600902557373
vt 0.65669900178909302 0.23795497417449951
vt 0.63579398393630981 0.23795497417449951
vt 0.65793800354003906 0.29990100860595703
vt 0.65481799840927124 0.26555401086807251
vt 0.76843798160552979 0.35251498222351074
vt 0.76335000991821289 0.35763698816299438
vt 0.76317900419235229 0.37383198738098145
vt 0.768576979637146 0.37882900238037109
vt 0.83249402046203613 0.26446300745010376
vt 0.67039597034454346 0.26429402828216553
vt 0.83254402875900269 0.2993130087852478
vt 0.67012298107147217 0.2993130087852478
vt 0.784434974193573 0.30308800935745239
vt 0.71952700614929199 0.30310600996017456
vt 0.78626400232315063 0.38572502136230469
vt 0.80459898710250854 0.39110302925109863
vt 0.7790529727935791 0.38539201021194458
vt 0.83019697666168213 0.42685997486114502
vt 0.80838799476623535 0.42116701602935791
vt 0.80410498380661011 0.414683997631073
vt 0.81247901916503906 0.39561599493026733
vt 0.76590901613235474 0.43798202276229858
vt 0.76780200004577637 0.40314602851867676
vt 0.86795198917388916 0.43790900707244873
f 4480/4480 4449/4449 4448/4448
f 4426/4426 4480/4480 4448/4448
f 4401/4401 4426/4426 4448/4448
f 4481/4481 4403/4403 4404/4404
f 4404/4404 4482/4482 4481/4481
f 4437/4437 4425/4425 4423/4423
f 4423/4423 4483/4483 4437/4437
f 4410/4410 4484/4484 4424/4424
f 4424/4424 4405/4405 4410/4410
f 4485/4485 4486/4486 4457/4457
f 4457/4457 4407/4407 4485/4485
f 4487/4487 4408/4408 4450/4450
f 4450/4450 4488/4488 4487/4487
f 4489/4489 4409/4409 4408/4408
f 4408/4408 4487/4487 4489/4489
f 4481/4481 4451/4451 4407/4407
f 4407/4407 4403/4403 4481/4481
f 4453/4453 4484/4484 4410/4410
f 4410/4410 4458/4458 4453/4453
f 4490/4490 4411/4411 4454/4454
f 4454/4454 4439/4439 4490/4490
f 4491/4491 4412/4412 4411/4411
f 4411/4411 4490/4490 4491/4491
f 4492/4492 4412/4412 4491/4491
f 4491/4491 4493/4493 4492/4492
f 4414/4414 4444/4444 4453/4453
f 4453/4453 4458/4458 4414/4414
f 4415/4415 4436/4436 4494/4494
f 4494/4494 4495/4495 4415/4415
f 4496/4496 4417/4417 4497/4497
f 4497/4497 4498/4498 4496/4496
f 4499/4499 4418/4418 4417/4417
f 4417/4417 4496/4496 4499/4499
f 4419/4419 4418/4418 4499/4499
f 4499/4499 4443/4443 4419/4419
f 4427/4427 4434/4434 4500/4500
f 4500/4500 4501/4501 4427/4427
f 4436/4436 4402/4402 4501/4501
f 4501/4501 4500/4500 4436/4436
f 4502/4502 4434/4434 4445/4445
f 4445/4445 4503/4503 4502/4502
f 4420/4420 4449/4449 4480/4480
f 4480/4480 4504/4504 4420/4420
f 4401/4401 4421/4421 4426/4426
f 4455/4455 4505/4505 4426/4426
f 4426/4426 4421/4421 4455/4455
f 4422/4422 4505/4505 4455/4455
f 4456/4456 4506/4506 4505/4505
f 4505/4505 4422/4422 4456/4456
f 4507/4507 4488/4488 4450/4450
f 4450/4450 4406/4406 4507/4507
f 4432/4432 4454/4454 4409/4409
f 4409/4409 4489/4489 4432/4432
f 4508/4508 4509/4509 4510/4510
f 4510/4510 4511/4511 4508/4508
f 4431/4431 4430/4430 4429/4429
f 4429/4429 4428/4428 4431/4431
f 4431/4431 4512/4512 4513/4513
f 4513/4513 4430/4430 4431/4431
f 4433/4433 4451/4451 4452/4452
f 4452/4452 4440/4440 4433/4433
f 4481/4481 4452/4452 4451/4451
f 4514/4514 4515/4515 4516/4516
f 4516/4516 4517/4517 4514/4514
f 4515/4515 4435/4435 4516/4516
f 4407/4407 4457/4457 4403/4403
f 4514/4514 4517/4517 4425/4425
f 4425/4425 4437/4437 4514/4514
f 4413/4413 4438/4438 4448/4448
f 4448/4448 4449/4449 4413/4413
f 4448/4448 4438/4438 4518/4518
f 4518/4518 4401/4401 4448/4448
f 4401/4401 4518/4518 4519/4519
f 4519/4519 4421/4421 4401/4401
f 4449/4449 4420/4420 4520/4520
f 4520/4520 4413/4413 4449/4449
f 4521/4521 4456/4456 4422/4422
f 4422/4422 4441/4441 4521/4521
f 4441/4441 4422/4422 4455/4455
f 4455/4455 4442/4442 4441/4441
f 4519/4519 4442/4442 4455/4455
f 4455/4455 4421/4421 4519/4519
f 4522/4522 4520/4520 4420/4420
f 4420/4420 4504/4504 4522/4522
f 4523/4523 4506/4506 4456/4456
f 4456/4456 4521/4521 4523/4523
f 4443/4443 4439/4439 4447/4447
f 4447/4447 4419/4419 4443/4443
f 4454/4454 4432/4432 4447/4447
f 4447/4447 4439/4439 4454/4454
f 4444/4444 4416/4416 4453/4453
f 4452/4452 4446/4446 4440/4440
f 4434/4434 4427/4427 4445/4445
f 4415/4415 4402/4402 4436/4436
f 4469/4469 4467/4467 4524/4524
f 4524/4524 4525/4525 4469/4469
f 4526/4526 4475/4475 4477/4477
f 4477/4477 4468/4468 4526/4526
f 4461/4461 4460/4460 4527/4527
f 4527/4527 4528/4528 4461/4461
f 4459/4459 4468/4468 4477/4477
f 4477/4477 4463/4463 4459/4459
f 4476/4476 4529/4529 4530/4530
f 4530/4530 4464/4464 4476/4476
f 4531/4531 4479/4479 4465/4465
f 4465/4465 4532/4532 4531/4531
f 4471/4471 4472/4472 4462/4462
f 4462/4462 4470/4470 4471/4471
f 4532/4532 4465/4465 4475/4475
f 4475/4475 4526/4526 4532/4532
f 4459/4459 4463/4463 4464/4464
f 4464/4464 4530/4530 4459/4459
f 4529/4529 4476/4476 4461/4461
f 4461/4461 4528/4528 4529/4529
f 4462/4462 4478/4478 4470/4470
f 4472/4472 4471/4471 4467/4467
f 4467/4467 4469/4469 4472/4472
f 4527/4527 4460/4460 4466/4466
f 4466/4466 4533/4533 4527/4527
f 4478/4478 4462/4462 4474/4474
f 4474/4474 4473/4473 4478/4478

g PV-M4A1_S_BornBeast_Classic_M4A1S_BornBeast03
usemtl Fview-hand2
v 0.26103426735987056 -1.6138130279324023 -0.35954404134047396
v 0.25500497387989934 -1.591311236919124 -0.35954404134047396
v 0.23853247634659208 -1.5748386005475781 -0.35954404134047396
v 0.21603051178551527 -1.5688092723580471 -0.35954404134047396
v 0.19352856457921833 -1.5748386005475781 -0.35954404134047396
v 0.17705606704591104 -1.591311236919124 -0.35954404134047396
v 0.17102675621116001 -1.6138130279324023 -0.35954404134047396
v 0.17705606704591104 -1.6363149924934792 -0.35954404134047396
v 0.19352856457921833 -1.6527875247363462 -0.35954404134047396
v 0.21603051178551527 -1.6588169223449964 -0.35954404134047396
v 0.23853232015357359 -1.6527875247363462 -0.35954404134047396
v 0.25500483504166072 -1.6363149924934792 -0.35954404134047396
v 0.26103442355288903 -1.6138130279324023 -0.47652492400920404
v 0.25500497387989934 -1.591311236919124 -0.47652492400920404
v 0.23853247634659208 -1.5748386005475781 -0.47652506284744267
v 0.21603066797853376 -1.5688092723580471 -0.47652506284744267
v 0.19352872077223679 -1.5748386005475781 -0.47652506284744267
v 0.17705620588414966 -1.591311236919124 -0.47652506284744267
v 0.17102675621116001 -1.6138130279324023 -0.47652506284744267
v 0.17705620588414966 -1.6363149924934792 -0.47652506284744267
v 0.19352872077223679 -1.6527875247363462 -0.47652506284744267
v 0.21603051178551527 -1.6588169223449964 -0.47652506284744267
v 0.23853247634659208 -1.6527875247363462 -0.47652506284744267
v 0.25500497387989934 -1.6363149924934792 -0.47652492400920404
v 0.21603051178551527 -1.5688092723580471 -0.42996328191382033
v 0.19352872077223679 -1.5748386005475781 -0.42996343810683879
v 0.17705606704591104 -1.591311236919124 -0.42996343810683879
v 0.17102675621116001 -1.6138130279324023 -0.42996343810683879
v 0.17705606704591104 -1.6363149924934792 -0.42996343810683879
v 0.19352856457921833 -1.6527875247363462 -0.42996343810683879
v 0.21603066797853376 -1.5688092723580471 -0.45771551859784487
v 0.19352872077223679 -1.5748386005475781 -0.45771551859784487
v 0.17705620588414966 -1.591311236919124 -0.45771551859784487
v 0.17102675621116001 -1.6138130279324023 -0.45771551859784487
v 0.17705606704591104 -1.6363149924934792 -0.45771551859784487
v 0.19352872077223679 -1.6527875247363462 -0.45771551859784487
v 0.21603066797853376 -1.5622780092262638 -0.44383948702973175
v 0.19026315862546442 -1.569182400124399 -0.44383948702973175
v 0.17140004017053037 -1.5880455185793332 -0.44383948702973175
v 0.16449564927239507 -1.6138130279324023 -0.44383948702973175
v 0.17139988397751191 -1.6395805372854717 -0.44383948702973175
v 0.19026300243244593 -1.6584436557404059 -0.44383948702973175
v 0.21603051178551527 -1.5688092723580471 -0.40101392987188006
v 0.19352872077223679 -1.5748386005475781 -0.40101392987188006
v 0.17705606704591104 -1.591311236919124 -0.40101392987188006
v 0.17102675621116001 -1.6138130279324023 -0.40101392987188006
v 0.17705606704591104 -1.6363149924934792 -0.40101392987188006
v 0.19352856457921833 -1.6527875247363462 -0.40101392987188006
v 0.21603051178551527 -1.5688092723580471 -0.37173598242863254
v 0.19352856457921833 -1.5748386005475781 -0.37173612126687117
v 0.17705606704591104 -1.5913110980808853 -0.37173612126687117
v 0.17102675621116001 -1.6138130279324023 -0.37173612126687117
v 0.17705606704591104 -1.6363149924934792 -0.37173612126687117
v 0.19352856457921833 -1.6527875247363462 -0.37173612126687117
v 0.21603051178551527 -1.5631489067877089 -0.39726736264733054
v 0.19069845121316853 -1.5699366735653846 -0.397267518840349
v 0.17215415741849732 -1.5884809847148356 -0.397267518840349
v 0.16536637328604195 -1.6138130279324023 -0.397267518840349
v 0.17215400122547886 -1.6391451405690887 -0.397267518840349
v 0.19069845121316853 -1.6576895558472187 -0.397267518840349
v 0.21603051178551527 -1.5631489067877089 -0.3773305733834138
v 0.19069845121316853 -1.5699366735653846 -0.37733071222165249
v 0.17215400122547886 -1.5884809847148356 -0.37733071222165249
v 0.16536637328604195 -1.6138130279324023 -0.37733071222165249
v 0.17215400122547886 -1.6391451405690887 -0.37733071222165249
v 0.19069845121316853 -1.6576895558472187 -0.37733071222165249
v 0.23229732046827362 -1.5856378899734727 -0.24334827155648772
v 0.21603037294727664 -1.5812791675999682 -0.24334827155648772
v 0.19976342542627967 -1.5856378899734727 -0.24334827155648772
v 0.18785521763356702 -1.5975461151209651 -0.24334827155648772
v 0.1834964779052827 -1.6138130279324023 -0.24334827155648772
v 0.18785521763356702 -1.6300799754533994 -0.24334827155648772
v 0.19976342542627967 -1.6419882006008919 -0.24334827155648772
v 0.21603037294727664 -1.646346957683956 -0.24334827155648772
v 0.23229745930651224 -1.5856378899734727 -0.33361200867461316
v 0.21603051178551527 -1.5812793064382067 -0.33361200867461316
v 0.1997635642645183 -1.5856378899734727 -0.33361200867461316
v 0.18785535647180565 -1.5975461151209651 -0.33361200867461316
v 0.18349663409830116 -1.6138130279324023 -0.33361200867461316
v 0.18785535647180565 -1.6300799754533994 -0.33361200867461316
v 0.1997635642645183 -1.6419882006008919 -0.33361200867461316
v 0.21603051178551527 -1.646346957683956 -0.33361200867461316
v 0.23623197879662419 -1.578823015029702 -0.34034621860173231
v 0.21603051178551527 -1.5734101286197442 -0.34034621860173231
v 0.19582906212918622 -1.578823015029702 -0.34034639214953061
v 0.18104049888281498 -1.5936115782760734 -0.34034639214953061
v 0.17562745627983864 -1.6138130279324023 -0.34034639214953061
v 0.18104049888281498 -1.6340145122982912 -0.34034639214953061
v 0.19582892329094756 -1.6488030755446623 -0.34034639214953061
v 0.21603051178551527 -1.6542161007928589 -0.34034639214953061
v 0.23623197879662419 -1.578823015029702 -0.36033222602124781
v 0.21603051178551527 -1.5734101286197442 -0.36033222602124781
v 0.19582906212918622 -1.578823015029702 -0.36033236485948644
v 0.18104049888281498 -1.5936115782760734 -0.36033236485948644
v 0.17562745627983864 -1.6138130279324023 -0.36033236485948644
v 0.18104049888281498 -1.6340145122982912 -0.36033236485948644
v 0.19582892329094756 -1.6488030755446623 -0.36033236485948644
v 0.21603051178551527 -1.6542161007928589 -0.36033236485948644
v 0.25621375164986104 -1.6306406042610382 -0.26503949022301121
v 0.26019906858053637 -1.6080385026203403 -0.26503949022301121
v 0.25234955372762158 -1.5864719259825582 -0.26503949022301121
v 0.23476829402051475 -1.5717194953877938 -0.26503949022301121
v 0.21216617502503715 -1.56773400490932 -0.26503949022301121
v 0.19059944219423655 -1.5755836759552533 -0.26503949022301121
v 0.17584699424469222 -1.5931649356623603 -0.26503962906124989
v 0.17186167731401691 -1.6157670373030579 -0.26503962906124989
v 0.17971133100517034 -1.6373336486503998 -0.26503949022301121
v 0.19729260806705701 -1.6520862527929625 -0.26503949022301121
v 0.21989457086951611 -1.6560715350140782 -0.26503949022301121
v 0.24146130370031674 -1.6482218986777046 -0.26503949022301121
v 0.19253991483662442 -1.5773851021016407 -0.515852573227915
v 0.19253991483662442 -1.5773851021016407 -0.57765522635723632
v 0.21360743742560584 -1.5773851021016407 -0.515852573227915
v 0.21360743742560584 -1.5773851021016407 -0.57765522635723632
v 0.19253991483662442 -1.594049057566036 -0.515852573227915
v 0.19253991483662442 -1.594049057566036 -0.57765522635723632
v 0.21360743742560584 -1.594049057566036 -0.57765522635723632
v 0.19535767159943501 -1.56924675164801 -0.50926787472903401
v 0.2108878219427357 -1.56924675164801 -0.50926787472903401
v 0.19253991483662442 -1.5939024790955891 -0.49767514212407693
v 0.19535751540641655 -1.56924675164801 -0.43727124086212993
v 0.19535751540641655 -1.5768238832314878 -0.43725084899582928
v 0.19472278168890239 -1.5781636722343886 -0.48717937044263482
v 0.2030735372928765 -1.5655469208455435 -0.43727124086212993
v 0.20307367613111513 -1.5655469208455435 -0.50713974485234092
v 0.19062332237128307 -1.6423406414696859 -0.47630233160310037
v 0.19565756219490296 -1.6505631278959343 -0.69842605235335442
v 0.19062332237128307 -1.5956635727336508 -0.47630217541008185
v 0.20142146638170888 -1.5878449320340542 -0.69842605235335442
v 0.18159692783373474 -1.6190022112303475 -0.47630233160310037
v 0.18159720551021202 -1.6190022112303475 -0.69842605235335442
v 0.23727041940255128 -1.5956635727336508 -0.47630217541008185
v 0.22647270926162122 -1.5878449320340542 -0.6984259070070733
v 0.20142146638170888 -1.5878449320340542 -0.5900419574942104
v 0.19565742335666433 -1.6505631278959343 -0.5891448802473912
v 0.18159706667197337 -1.6190022112303475 -0.58607134873944133
v 0.22647257042338259 -1.5878449320340542 -0.5900419574942104
v 0.19062332237128307 -1.6423406414696859 -0.58428854427181198
v 0.1906234612095217 -1.5956635727336508 -0.58472791523277623
v 0.23727055824078994 -1.5956635727336508 -0.58472776771714763
v 0.19352856457921833 -1.5748386005475781 -0.35954404134047396
v 0.21603051178551527 -1.5688092723580471 -0.35954404134047396
v 0.17705606704591104 -1.591311236919124 -0.35954404134047396
v 0.17102675621116001 -1.6138130279324023 -0.35954404134047396
v 0.17705606704591104 -1.6363149924934792 -0.35954404134047396
v 0.19352856457921833 -1.6527875247363462 -0.35954404134047396
v 0.21603066797853376 -1.5688092723580471 -0.47652506284744267
v 0.19352872077223679 -1.5748386005475781 -0.47652506284744267
v 0.17705620588414966 -1.591311236919124 -0.47652506284744267
v 0.17102675621116001 -1.6138130279324023 -0.47652506284744267
v 0.17705620588414966 -1.6363149924934792 -0.47652506284744267
v 0.19352872077223679 -1.6527875247363462 -0.47652506284744267
v 0.21603051178551527 -1.5812793064382067 -0.33361200867461316
v 0.23229745930651224 -1.5856378899734727 -0.33361200867461316
v 0.1997635642645183 -1.5856378899734727 -0.33361200867461316
v 0.18785535647180565 -1.5975461151209651 -0.33361200867461316
v 0.18349663409830116 -1.6138130279324023 -0.33361200867461316
v 0.18785535647180565 -1.6300799754533994 -0.33361200867461316
v 0.1997635642645183 -1.6419882006008919 -0.33361200867461316
v 0.21603051178551527 -1.646346957683956 -0.33361200867461316
v 0.19253991483662442 -1.5773851021016407 -0.515852573227915
v 0.19253991483662442 -1.5773851021016407 -0.57765522635723632
v 0.19253991483662442 -1.594049057566036 -0.57765522635723632
v 0.19535767159943501 -1.56924675164801 -0.50926787472903401
v 0.20307367613111513 -1.5655469208455435 -0.50713974485234092
vt 0.63444501161575317 0.74623799324035645
vt 0.6432880163192749 0.75628599524497986
vt 0.65596997737884521 0.76056699454784393
vt 0.6690940260887146 0.75793300569057465
vt 0.67914301156997681 0.74908998608589172
vt 0.68342298269271851 0.73640701174736023
vt 0.68078899383544922 0.72328400611877441
vt 0.67194598913192749 0.713236004114151
vt 0.65926402807235718 0.70895600318908691
vt 0.64614099264144897 0.7115899920463562
vt 0.63609302043914795 0.72043299674987793
vt 0.63181197643280029 0.73311400413513184
vt 0.6847040057182312 0.68360999226570129
vt 0.67761200666427612 0.69526100158691406
vt 0.66564399003982544 0.70180600881576538
vt 0.832955002784729 0.64288398623466492
vt 0.832955002784729 0.62424701452255249
vt 0.832955002784729 0.60556700825691223
vt 0.832955002784729 0.58685898780822754
vt 0.832955002784729 0.56817600131034851
vt 0.832955002784729 0.54954099655151367
vt 0.66682398319244385 0.6509149968624115
vt 0.678475022315979 0.65800699591636658
vt 0.68502002954483032 0.66997399926185608
vt 0.79505801200866699 0.64288398623466492
vt 0.79505801200866699 0.62424701452255249
vt 0.79505801200866699 0.60556700825691223
vt 0.79505801200866699 0.58685898780822754
vt 0.79505801200866699 0.56817600131034851
vt 0.79505801200866699 0.54954099655151367
vt 0.8185420036315918 0.64288398623466492
vt 0.8185420036315918 0.62424701452255249
vt 0.8185420036315918 0.60556700825691223
vt 0.8185420036315918 0.58685898780822754
vt 0.8185420036315918 0.56817600131034851
vt 0.8185420036315918 0.54954099655151367
vt 0.80680602788925171 0.64288398623466492
vt 0.80680602788925171 0.62424701452255249
vt 0.80680602788925171 0.60556700825691223
vt 0.80680602788925171 0.58685898780822754
vt 0.80680602788925171 0.56817600131034851
vt 0.80680602788925171 0.54954099655151367
vt 0.77287399768829346 0.64288398623466492
vt 0.77287399768829346 0.62424701452255249
vt 0.77287399768829346 0.60556700825691223
vt 0.77287399768829346 0.58685898780822754
vt 0.77287399768829346 0.56817600131034851
vt 0.77287399768829346 0.54954099655151367
vt 0.74635201692581177 0.64288398623466492
vt 0.74635201692581177 0.62424701452255249
vt 0.74635201692581177 0.60556700825691223
vt 0.74635201692581177 0.58685898780822754
vt 0.74635201692581177 0.56817600131034851
vt 0.74635201692581177 0.54954099655151367
vt 0.7677609920501709 0.64288398623466492
vt 0.7677609920501709 0.62424701452255249
vt 0.7677609920501709 0.60556700825691223
vt 0.7677609920501709 0.58685898780822754
vt 0.7677609920501709 0.56817600131034851
vt 0.7677609920501709 0.54954099655151367
vt 0.75238698720932007 0.64288398623466492
vt 0.75238698720932007 0.62424701452255249
vt 0.75238698720932007 0.60556700825691223
vt 0.75238698720932007 0.58685898780822754
vt 0.75238698720932007 0.56817600131034851
vt 0.75238698720932007 0.54954099655151367
vt 0.63943898677825928 0.64315599203109741
vt 0.63943898677825928 0.63024398684501648
vt 0.63943898677825928 0.61733099818229675
vt 0.63943898677825928 0.60441800951957703
vt 0.63943898677825928 0.59150499105453491
vt 0.63943898677825928 0.57859200239181519
vt 0.63943898677825928 0.56567999720573425
vt 0.63943898677825928 0.55276700854301453
vt 0.712677001953125 0.64675998687744141
vt 0.712677001953125 0.63326400518417358
vt 0.712677001953125 0.61919501423835754
vt 0.712677001953125 0.60489299893379211
vt 0.712677001953125 0.5905509889125824
vt 0.712677001953125 0.57634401321411133
vt 0.712677001953125 0.56246501207351685
vt 0.712677001953125 0.54925501346588135
vt 0.71968597173690796 0.64675998687744141
vt 0.71968597173690796 0.63326400518417358
vt 0.71968597173690796 0.61919501423835754
vt 0.71968597173690796 0.60489299893379211
vt 0.71968597173690796 0.5905509889125824
vt 0.71968597173690796 0.57634401321411133
vt 0.71968597173690796 0.56246501207351685
vt 0.71968597173690796 0.54925501346588135
vt 0.73369497060775757 0.64675998687744141
vt 0.73369497060775757 0.63326400518417358
vt 0.73369497060775757 0.61919501423835754
vt 0.73369497060775757 0.60489299893379211
vt 0.73369497060775757 0.5905509889125824
vt 0.73369497060775757 0.57634401321411133
vt 0.73369497060775757 0.56246501207351685
vt 0.73369497060775757 0.54925501346588135
vt 0.59755802154541016 0.40837401151657104
vt 0.59755897521972656 0.43320798873901367
vt 0.58514201641082764 0.45471501350402832
vt 0.56363600492477417 0.46713399887084961
vt 0.53880101442337036 0.46713501214981079
vt 0.51729398965835571 0.45471799373626709
vt 0.50487601757049561 0.43321198225021362
vt 0.50487601757049561 0.408378005027771
vt 0.51729297637939453 0.38687199354171753
vt 0.538798987865448 0.37445598840713501
vt 0.56363201141357422 0.37445402145385742
vt 0.58513897657394409 0.38686901330947876
vt 0.82808297872543335 0.31611102819442749
vt 0.88697397708892822 0.3173450231552124
vt 0.8362240195274353 0.33483397960662842
vt 0.88703197240829468 0.33466500043869019
vt 0.82794100046157837 0.30242198705673218
vt 0.90067297220230103 0.31730002164840698
vt 0.90073198080062866 0.33461898565292358
vt 0.82258599996566772 0.3231239914894104
vt 0.82761001586914062 0.33262801170349121
vt 0.81301498413085938 0.30266302824020386
vt 0.76339900493621826 0.32301700115203857
vt 0.76339197158813477 0.3167949914932251
vt 0.80444198846817017 0.31574499607086182
vt 0.76338601112365723 0.33005201816558838
vt 0.82407999038696289 0.32621502876281738
vt 0.39125499129295349 0.76238200068473816
vt 0.47514501214027405 0.75973300635814667
vt 0.39089199900627136 0.7816769927740097
vt 0.47534701228141785 0.78646999597549438
vt 0.39110499620437622 0.77194100618362427
vt 0.47501799464225769 0.77280800044536591
vt 0.3908030092716217 0.79951100051403046
vt 0.4755299985408783 0.79587599635124207
vt 0.43452098965644836 0.78641000390052795
vt 0.43378099799156189 0.75929500162601471
vt 0.43241199851036072 0.7724120020866394
vt 0.43466499447822571 0.79578199982643127
vt 0.43189400434494019 0.76290400326251984
vt 0.43170800805091858 0.7819100022315979
vt 0.43141099810600281 0.79962900280952454
vt 0.73700898885726929 0.62424701452255249
vt 0.73700898885726929 0.64288398623466492
vt 0.73700898885726929 0.60556700825691223
vt 0.73700898885726929 0.58685898780822754
vt 0.73700898885726929 0.56817600131034851
vt 0.73700898885726929 0.54954099655151367
vt 0.65200799703598022 0.70149001479148865
vt 0.64035600423812866 0.69439798593521118
vt 0.63381099700927734 0.68242999911308289
vt 0.63412797451019287 0.66879299283027649
vt 0.64121997356414795 0.65714201331138611
vt 0.65318799018859863 0.65059798955917358
vt 0.70864701271057129 0.63024398684501648
vt 0.70864701271057129 0.64315599203109741
vt 0.70864701271057129 0.61733099818229675
vt 0.70864701271057129 0.60441800951957703
vt 0.70864701271057129 0.59150499105453491
vt 0.70864701271057129 0.57859200239181519
vt 0.70864701271057129 0.56567999720573425
vt 0.70864701271057129 0.55276700854301453
vt 0.83616602420806885 0.31751501560211182
vt 0.87888699769973755 0.31559497117996216
vt 0.87874698638916016 0.30189597606658936
vt 0.82756799459457397 0.31985998153686523
vt 0.82082498073577881 0.33015602827072144
f 4582/4582 4583/4583 4674/4674
f 4674/4674 4675/4675 4582/4582
f 4583/4583 4584/4584 4676/4676
f 4676/4676 4674/4674 4583/4583
f 4584/4584 4585/4585 4677/4677
f 4677/4677 4676/4676 4584/4584
f 4585/4585 4586/4586 4678/4678
f 4678/4678 4677/4677 4585/4585
f 4586/4586 4587/4587 4679/4679
f 4679/4679 4678/4678 4586/4586
f 4555/4555 4547/4547 4546/4546
f 4555/4555 4548/4548 4547/4547
f 4555/4555 4680/4680 4548/4548
f 4555/4555 4681/4681 4680/4680
f 4555/4555 4682/4682 4681/4681
f 4555/4555 4683/4683 4682/4682
f 4555/4555 4684/4684 4683/4683
f 4555/4555 4685/4685 4684/4684
f 4555/4555 4557/4557 4556/4556
f 4555/4555 4546/4546 4557/4557
f 4543/4543 4534/4534 4535/4535
f 4543/4543 4535/4535 4536/4536
f 4543/4543 4536/4536 4537/4537
f 4543/4543 4537/4537 4538/4538
f 4543/4543 4538/4538 4539/4539
f 4543/4543 4539/4539 4540/4540
f 4543/4543 4540/4540 4541/4541
f 4543/4543 4541/4541 4542/4542
f 4543/4543 4544/4544 4545/4545
f 4543/4543 4545/4545 4534/4534
f 4564/4564 4549/4549 4550/4550
f 4550/4550 4565/4565 4564/4564
f 4565/4565 4550/4550 4551/4551
f 4551/4551 4566/4566 4565/4565
f 4566/4566 4551/4551 4552/4552
f 4552/4552 4567/4567 4566/4566
f 4567/4567 4552/4552 4553/4553
f 4553/4553 4568/4568 4567/4567
f 4568/4568 4553/4553 4554/4554
f 4554/4554 4569/4569 4568/4568
f 4558/4558 4570/4570 4571/4571
f 4571/4571 4559/4559 4558/4558
f 4559/4559 4571/4571 4572/4572
f 4572/4572 4560/4560 4559/4559
f 4560/4560 4572/4572 4573/4573
f 4573/4573 4561/4561 4560/4560
f 4561/4561 4573/4573 4574/4574
f 4574/4574 4562/4562 4561/4561
f 4562/4562 4574/4574 4575/4575
f 4575/4575 4563/4563 4562/4562
f 4570/4570 4564/4564 4565/4565
f 4565/4565 4571/4571 4570/4570
f 4571/4571 4565/4565 4566/4566
f 4566/4566 4572/4572 4571/4571
f 4572/4572 4566/4566 4567/4567
f 4567/4567 4573/4573 4572/4572
f 4573/4573 4567/4567 4568/4568
f 4568/4568 4574/4574 4573/4573
f 4574/4574 4568/4568 4569/4569
f 4569/4569 4575/4575 4574/4574
f 4576/4576 4558/4558 4559/4559
f 4559/4559 4577/4577 4576/4576
f 4577/4577 4559/4559 4560/4560
f 4560/4560 4578/4578 4577/4577
f 4578/4578 4560/4560 4561/4561
f 4561/4561 4579/4579 4578/4578
f 4579/4579 4561/4561 4562/4562
f 4562/4562 4580/4580 4579/4579
f 4580/4580 4562/4562 4563/4563
f 4563/4563 4581/4581 4580/4580
f 4582/4582 4594/4594 4595/4595
f 4595/4595 4583/4583 4582/4582
f 4583/4583 4595/4595 4596/4596
f 4596/4596 4584/4584 4583/4583
f 4584/4584 4596/4596 4597/4597
f 4597/4597 4585/4585 4584/4584
f 4585/4585 4597/4597 4598/4598
f 4598/4598 4586/4586 4585/4585
f 4586/4586 4598/4598 4599/4599
f 4599/4599 4587/4587 4586/4586
f 4588/4588 4576/4576 4577/4577
f 4577/4577 4589/4589 4588/4588
f 4589/4589 4577/4577 4578/4578
f 4578/4578 4590/4590 4589/4589
f 4590/4590 4578/4578 4579/4579
f 4579/4579 4591/4591 4590/4590
f 4591/4591 4579/4579 4580/4580
f 4580/4580 4592/4592 4591/4591
f 4592/4592 4580/4580 4581/4581
f 4581/4581 4593/4593 4592/4592
f 4588/4588 4589/4589 4595/4595
f 4595/4595 4594/4594 4588/4588
f 4589/4589 4590/4590 4596/4596
f 4596/4596 4595/4595 4589/4589
f 4590/4590 4591/4591 4597/4597
f 4597/4597 4596/4596 4590/4590
f 4591/4591 4592/4592 4598/4598
f 4598/4598 4597/4597 4591/4591
f 4592/4592 4593/4593 4599/4599
f 4599/4599 4598/4598 4592/4592
f 4686/4686 4601/4601 4600/4600
f 4600/4600 4687/4687 4686/4686
f 4688/4688 4602/4602 4601/4601
f 4601/4601 4686/4686 4688/4688
f 4689/4689 4603/4603 4602/4602
f 4602/4602 4688/4688 4689/4689
f 4690/4690 4604/4604 4603/4603
f 4603/4603 4689/4689 4690/4690
f 4691/4691 4605/4605 4604/4604
f 4604/4604 4690/4690 4691/4691
f 4692/4692 4606/4606 4605/4605
f 4605/4605 4691/4691 4692/4692
f 4693/4693 4607/4607 4606/4606
f 4606/4606 4692/4692 4693/4693
f 4617/4617 4609/4609 4608/4608
f 4608/4608 4616/4616 4617/4617
f 4618/4618 4610/4610 4609/4609
f 4609/4609 4617/4617 4618/4618
f 4619/4619 4611/4611 4610/4610
f 4610/4610 4618/4618 4619/4619
f 4620/4620 4612/4612 4611/4611
f 4611/4611 4619/4619 4620/4620
f 4621/4621 4613/4613 4612/4612
f 4612/4612 4620/4620 4621/4621
f 4622/4622 4614/4614 4613/4613
f 4613/4613 4621/4621 4622/4622
f 4623/4623 4615/4615 4614/4614
f 4614/4614 4622/4622 4623/4623
f 4625/4625 4617/4617 4616/4616
f 4616/4616 4624/4624 4625/4625
f 4626/4626 4618/4618 4617/4617
f 4617/4617 4625/4625 4626/4626
f 4627/4627 4619/4619 4618/4618
f 4618/4618 4626/4626 4627/4627
f 4628/4628 4620/4620 4619/4619
f 4619/4619 4627/4627 4628/4628
f 4629/4629 4621/4621 4620/4620
f 4620/4620 4628/4628 4629/4629
f 4630/4630 4622/4622 4621/4621
f 4621/4621 4629/4629 4630/4630
f 4631/4631 4623/4623 4622/4622
f 4622/4622 4630/4630 4631/4631
f 4641/4641 4633/4633 4632/4632
f 4641/4641 4634/4634 4633/4633
f 4641/4641 4635/4635 4634/4634
f 4641/4641 4636/4636 4635/4635
f 4641/4641 4637/4637 4636/4636
f 4641/4641 4638/4638 4637/4637
f 4641/4641 4639/4639 4638/4638
f 4641/4641 4640/4640 4639/4639
f 4641/4641 4643/4643 4642/4642
f 4641/4641 4632/4632 4643/4643
f 4647/4647 4645/4645 4694/4694
f 4694/4694 4646/4646 4647/4647
f 4648/4648 4644/4644 4695/4695
f 4695/4695 4696/4696 4648/4648
f 4650/4650 4649/4649 4645/4645
f 4645/4645 4647/4647 4650/4650
f 4697/4697 4652/4652 4646/4646
f 4646/4646 4694/4694 4697/4697
f 4653/4653 4656/4656 4644/4644
f 4644/4644 4648/4648 4653/4653
f 4656/4656 4655/4655 4654/4654
f 4654/4654 4651/4651 4656/4656
f 4698/4698 4651/4651 4654/4654
f 4654/4654 4657/4657 4698/4698
f 4697/4697 4658/4658 4652/4652
f 4656/4656 4651/4651 4644/4644
f 4672/4672 4664/4664 4669/4669
f 4672/4672 4669/4669 4663/4663
f 4672/4672 4663/4663 4661/4661
f 4669/4669 4664/4664 4671/4671
f 4669/4669 4671/4671 4659/4659
f 4669/4669 4659/4659 4663/4663
f 4665/4665 4673/4673 4672/4672
f 4672/4672 4661/4661 4665/4665
f 4670/4670 4666/4666 4662/4662
f 4662/4662 4667/4667 4670/4670
f 4673/4673 4670/4670 4667/4667
f 4667/4667 4672/4672 4673/4673
f 4672/4672 4667/4667 4662/4662
f 4662/4662 4664/4664 4672/4672
f 4664/4664 4660/4660 4668/4668
f 4668/4668 4671/4671 4664/4664

g PV-M4A1_S_BornBeast_Classic_M4A1S_BornBeast07
usemtl Fview-hand2
v 0.15861673495965362 -1.6490828345955271 -0.41533764534049616
v 0.15906018429387797 -1.5881579081335142 -0.40933702195680466
v 0.15292547788121741 -1.6105863578472297 -0.40634078863821904
v 0.17455451437160888 -1.5692368594235067 -0.439942384444934
v 0.15132712001362467 -1.6105620264459077 -0.43510045293661387
v 0.15263591337974849 -1.6300735888944218 -0.43654114262944815
v 0.17174477551707987 -1.5692391849640039 -0.41622612329390946
v 0.159769595629002 -1.5883879283853852 -0.43631549578209433
v 0.15264669069802314 -1.6300447799599036 -0.40890070543709056
v 0.16070715289977544 -1.6490999116988803 -0.43946356606941539
v 0.17088729320044355 -1.6643895421485124 -0.42628922295940186
v 0.18264380286265935 -1.5570207604818243 -0.42189830746931212
v 0.18583453119880339 -1.5575179055048436 -0.44328467207333622
v 0.17423831028310041 -1.6639034694750248 -0.44732035257507907
v 0.16436113237393024 -1.6469643713311994 -0.41490627493303367
v 0.16475055627854282 -1.5904249283131895 -0.40973795208044472
v 0.15910676452294256 -1.61134833681046 -0.40723582669840819
v 0.17902885428834295 -1.5726829633448538 -0.44005128568836926
v 0.15806105226426656 -1.6113267821739106 -0.43680464025161192
v 0.15843242719785561 -1.6287404641269758 -0.43751917124678591
v 0.17610497304686995 -1.5724750530824865 -0.41583538042602974
v 0.16529081057466072 -1.5909806283633563 -0.43709333701408931
v 0.15914242859549388 -1.6292011294027919 -0.40891002495385942
v 0.16595234007223292 -1.6463325185071371 -0.44060580561350765
v 0.17516436133484636 -1.6610670736786766 -0.42573834753802781
v 0.18676160618255933 -1.560532048956214 -0.42130680450835528
v 0.19055083145593182 -1.5599000920034729 -0.44304562733595337
v 0.17965499738984111 -1.6615366940208849 -0.4481928294214888
v 0.17902885428834295 -1.5726829633448538 -0.44005128568836926
v 0.19055083145593182 -1.5599000920034729 -0.44304562733595337
v 0.18676160618255933 -1.560532048956214 -0.42130680450835528
v 0.17610497304686995 -1.5724750530824865 -0.41583538042602974
v 0.15806105226426656 -1.6113267821739106 -0.43680464025161192
v 0.16529081057466072 -1.5909806283633563 -0.43709333701408931
v 0.16475055627854282 -1.5904249283131895 -0.40973795208044472
v 0.15910676452294256 -1.61134833681046 -0.40723582669840819
v 0.15914242859549388 -1.6292011294027919 -0.40891002495385942
v 0.15843242719785561 -1.6287404641269758 -0.43751917124678591
v 0.17516436133484636 -1.6610670736786766 -0.42573834753802781
v 0.17965499738984111 -1.6615366940208849 -0.4481928294214888
v 0.16595234007223292 -1.6463325185071371 -0.44060580561350765
v 0.16436113237393024 -1.6469643713311994 -0.41490627493303367
v 0.18676160618255933 -1.560532048956214 -0.42130680450835528
v 0.19055083145593182 -1.5599000920034729 -0.44304562733595337
v 0.17516436133484636 -1.6610670736786766 -0.42573834753802781
v 0.17965499738984111 -1.6615366940208849 -0.4481928294214888
vt 0.190187007188797 0.5539110004901886
vt 0.18680000305175781 0.59230899810791016
vt 0.18527600169181824 0.57802298665046692
vt 0.20572000741958618 0.60855001211166382
vt 0.20373900234699249 0.57796299457550049
vt 0.20448100566864014 0.56567099690437317
vt 0.19040900468826294 0.60674500465393066
vt 0.20413500070571899 0.59298399090766907
vt 0.18672700226306915 0.56624099612236023
vt 0.20569999516010284 0.55246099829673767
vt 0.19639599323272705 0.54117700457572937
vt 0.19350999593734741 0.61735799908638
vt 0.20738199353218079 0.61908900737762451
vt 0.21006600558757782 0.53935098648071289
vt 0.18674600124359131 0.5523110032081604
vt 0.18308599293231964 0.59314501285552979
vt 0.18139199912548065 0.5780549943447113
vt 0.20935499668121338 0.60821899771690369
vt 0.20811200141906738 0.57816600799560547
vt 0.20830799639225006 0.56594100594520569
vt 0.18699899315834045 0.60758098959922791
vt 0.20807600021362305 0.59297400712966919
vt 0.18274299800395966 0.56538400053977966
vt 0.20957799255847931 0.55287200212478638
vt 0.19608999788761139 0.53770500421524048
vt 0.19315500557422638 0.62082499265670776
vt 0.20727899670600891 0.62247198820114136
vt 0.21394099295139313 0.53929498791694641
vt 0.25650998950004578 0.57352200150489807
vt 0.25512900948524475 0.57885798811912537
vt 0.26208499073982239 0.57847601175308228
vt 0.2642039954662323 0.57357800006866455
vt 0.25843799114227295 0.55962100625038147
vt 0.25794699788093567 0.56639200448989868
vt 0.26655599474906921 0.5670199990272522
vt 0.267753005027771 0.56022500991821289
vt 0.26757100224494934 0.55454900860786438
vt 0.25855201482772827 0.55414199829101562
vt 0.2629610002040863 0.54283499717712402
vt 0.25586101412773132 0.54151800274848938
vt 0.25798600912094116 0.5480630099773407
vt 0.26609000563621521 0.54859998822212219
vt 0.19005000591278076 0.618243008852005
vt 0.21078300476074219 0.61947700381278992
vt 0.19306699931621552 0.5398620069026947
vt 0.21069100499153137 0.53558400273323059
f 4710/4710 4711/4711 4702/4702
f 4702/4702 4705/4705 4710/4710
f 4700/4700 4706/4706 4703/4703
f 4703/4703 4701/4701 4700/4700
f 4703/4703 4704/4704 4707/4707
f 4707/4707 4701/4701 4703/4703
f 4708/4708 4712/4712 4709/4709
f 4709/4709 4699/4699 4708/4708
f 4706/4706 4700/4700 4705/4705
f 4705/4705 4702/4702 4706/4706
f 4708/4708 4699/4699 4707/4707
f 4707/4707 4704/4704 4708/4708
f 4727/4727 4728/4728 4729/4729
f 4729/4729 4730/4730 4727/4727
f 4731/4731 4732/4732 4733/4733
f 4733/4733 4734/4734 4731/4731
f 4735/4735 4736/4736 4731/4731
f 4731/4731 4734/4734 4735/4735
f 4737/4737 4738/4738 4739/4739
f 4739/4739 4740/4740 4737/4737
f 4730/4730 4733/4733 4732/4732
f 4732/4732 4727/4727 4730/4730
f 4735/4735 4740/4740 4739/4739
f 4739/4739 4736/4736 4735/4735
f 4705/4705 4719/4719 4741/4741
f 4741/4741 4710/4710 4705/4705
f 4711/4711 4742/4742 4716/4716
f 4716/4716 4702/4702 4711/4711
f 4710/4710 4724/4724 4725/4725
f 4725/4725 4711/4711 4710/4710
f 4701/4701 4715/4715 4714/4714
f 4714/4714 4700/4700 4701/4701
f 4706/4706 4720/4720 4717/4717
f 4717/4717 4703/4703 4706/4706
f 4707/4707 4721/4721 4715/4715
f 4715/4715 4701/4701 4707/4707
f 4703/4703 4717/4717 4718/4718
f 4718/4718 4704/4704 4703/4703
f 4709/4709 4743/4743 4713/4713
f 4713/4713 4699/4699 4709/4709
f 4712/4712 4744/4744 4723/4723
f 4723/4723 4709/4709 4712/4712
f 4708/4708 4722/4722 4726/4726
f 4726/4726 4712/4712 4708/4708
f 4702/4702 4716/4716 4720/4720
f 4720/4720 4706/4706 4702/4702
f 4700/4700 4714/4714 4719/4719
f 4719/4719 4705/4705 4700/4700
f 4704/4704 4718/4718 4722/4722
f 4722/4722 4708/4708 4704/4704
f 4699/4699 4713/4713 4721/4721
f 4721/4721 4707/4707 4699/4699

g PV-M4A1_S_BornBeast_Classic_M4A1S_BornBeast08
usemtl Fview-hand2
v 0.15932906189778914 -1.5882349286464013 -0.45477709405087402
v 0.15316684815909751 -1.6105484897176401 -0.45223958227276345
v 0.15852647274975612 -1.6485469884134862 -0.46163809799943356
v 0.17196110284766483 -1.6645265754900527 -0.47695148714265351
v 0.17398440985418281 -1.5691169031853194 -0.47917190973848428
v 0.15191411073182562 -1.610527108628889 -0.47675567316182799
v 0.15346908164984255 -1.6300562341145914 -0.4783690082044143
v 0.1714659883338856 -1.5691183609868251 -0.46040530121418666
v 0.16009235982428632 -1.5884084764447044 -0.47712342094643251
v 0.15300801721409041 -1.6302208962656215 -0.45460762462583093
v 0.16169318207061498 -1.6485356036779175 -0.48235316236484099
v 0.18192113247574496 -1.5575205434313779 -0.4657116466307662
v 0.18480730178064669 -1.5574979822175983 -0.48213029228226001
v 0.17417730823199684 -1.663755953846467 -0.4925481583570438
v 0.16429881135955957 -1.590456375174242 -0.45472308597604205
v 0.1598057109258289 -1.6113043597983698 -0.45314277707947287
v 0.16437451290917943 -1.6466119304624054 -0.46139089651553045
v 0.17688456711162778 -1.6614378411949715 -0.47621250326269859
v 0.17821649439926546 -1.5724868543327712 -0.47955595366134945
v 0.15829018742236628 -1.6112375438960231 -0.47892222652106547
v 0.15970729196941116 -1.6286545926763754 -0.47969687447357168
v 0.17584161426294481 -1.5723245177222385 -0.46056718660044393
v 0.16493399630134933 -1.5908814978609656 -0.47838240609444332
v 0.15963886207254019 -1.6293725946275155 -0.45510959427764314
v 0.16642737510574845 -1.6459177392691926 -0.48261303283802021
v 0.1866401921428664 -1.5599789868325815 -0.46510544417129307
v 0.18978447908818449 -1.5601478488403304 -0.48189051864412424
v 0.17959137476698314 -1.6615205887852025 -0.4927725035959104
v 0.17821649439926546 -1.5724868543327712 -0.47955595366134945
v 0.18978447908818449 -1.5601478488403304 -0.48189051864412424
v 0.1866401921428664 -1.5599789868325815 -0.46510544417129307
v 0.17584161426294481 -1.5723245177222385 -0.46056718660044393
v 0.15829018742236628 -1.6112375438960231 -0.47892222652106547
v 0.16493399630134933 -1.5908814978609656 -0.47838240609444332
v 0.16429881135955957 -1.590456375174242 -0.45472308597604205
v 0.1598057109258289 -1.6113043597983698 -0.45314277707947287
v 0.15963886207254019 -1.6293725946275155 -0.45510959427764314
v 0.15970729196941116 -1.6286545926763754 -0.47969687447357168
v 0.17688456711162778 -1.6614378411949715 -0.47621250326269859
v 0.17959137476698314 -1.6615205887852025 -0.4927725035959104
v 0.16642737510574845 -1.6459177392691926 -0.48261303283802021
v 0.16437451290917943 -1.6466119304624054 -0.46139089651553045
v 0.1866401921428664 -1.5599789868325815 -0.46510544417129307
v 0.18978447908818449 -1.5601478488403304 -0.48189051864412424
v 0.17688456711162778 -1.6614378411949715 -0.47621250326269859
v 0.17959137476698314 -1.6615205887852025 -0.4927725035959104
vt 0.2151779979467392 0.59345600008964539
vt 0.21309800446033478 0.5792660117149353
vt 0.21665599942207336 0.55531200766563416
vt 0.22482399642467499 0.54117399454116821
vt 0.23121100664138794 0.60831698775291443
vt 0.22876599431037903 0.5782490074634552
vt 0.22882699966430664 0.56590801477432251
vt 0.21903100609779358 0.60754901170730591
vt 0.22959700226783752 0.59312701225280762
vt 0.21366700530052185 0.56730100512504578
vt 0.22996599972248077 0.55278900265693665
vt 0.22248600423336029 0.61744800209999084
vt 0.23322699964046478 0.61851999163627625
vt 0.23486499488353729 0.53936299681663513
vt 0.21180400252342224 0.59408000111579895
vt 0.2089339941740036 0.5795229971408844
vt 0.21332100033760071 0.55351901054382324
vt 0.22423900663852692 0.53745600581169128
vt 0.23467700183391571 0.60781100392341614
vt 0.23299099504947662 0.57818800210952759
vt 0.23297299444675446 0.56597098708152771
vt 0.21573999524116516 0.60858601331710815
vt 0.23316900432109833 0.59285300970077515
vt 0.20959700644016266 0.56655099987983704
vt 0.23345300555229187 0.55344599485397339
vt 0.22230599820613861 0.62089499831199646
vt 0.233241006731987 0.62215501070022583
vt 0.23863300681114197 0.53964701294898987
vt 0.26850700378417969 0.57521998882293701
vt 0.26703399419784546 0.58040100336074829
vt 0.27241998910903931 0.58052301406860352
vt 0.27453199028968811 0.57558700442314148
vt 0.27034398913383484 0.56144601106643677
vt 0.26976799964904785 0.5681689977645874
vt 0.27717700600624084 0.56907901167869568
vt 0.27842500805854797 0.56245198845863342
vt 0.27853098511695862 0.55671998858451843
vt 0.27081200480461121 0.55595400929450989
vt 0.27317601442337036 0.54436400532722473
vt 0.2679780125617981 0.54335600137710571
vt 0.27061000466346741 0.5500519871711731
vt 0.27728700637817383 0.55087798833847046
vt 0.21943099796772003 0.61916100978851318
vt 0.2368679940700531 0.61867201328277588
vt 0.22157500684261322 0.53932100534439087
vt 0.23488999903202057 0.53560099005699158
f 4756/4756 4757/4757 4749/4749
f 4749/4749 4752/4752 4756/4756
f 4745/4745 4753/4753 4750/4750
f 4750/4750 4746/4746 4745/4745
f 4750/4750 4751/4751 4754/4754
f 4754/4754 4746/4746 4750/4750
f 4755/4755 4758/4758 4748/4748
f 4748/4748 4747/4747 4755/4755
f 4753/4753 4745/4745 4752/4752
f 4752/4752 4749/4749 4753/4753
f 4755/4755 4747/4747 4754/4754
f 4754/4754 4751/4751 4755/4755
f 4773/4773 4774/4774 4775/4775
f 4775/4775 4776/4776 4773/4773
f 4777/4777 4778/4778 4779/4779
f 4779/4779 4780/4780 4777/4777
f 4781/4781 4782/4782 4777/4777
f 4777/4777 4780/4780 4781/4781
f 4783/4783 4784/4784 4785/4785
f 4785/4785 4786/4786 4783/4783
f 4776/4776 4779/4779 4778/4778
f 4778/4778 4773/4773 4776/4776
f 4781/4781 4786/4786 4785/4785
f 4785/4785 4782/4782 4781/4781
f 4752/4752 4766/4766 4787/4787
f 4787/4787 4756/4756 4752/4752
f 4757/4757 4788/4788 4763/4763
f 4763/4763 4749/4749 4757/4757
f 4756/4756 4770/4770 4771/4771
f 4771/4771 4757/4757 4756/4756
f 4746/4746 4760/4760 4759/4759
f 4759/4759 4745/4745 4746/4746
f 4753/4753 4767/4767 4764/4764
f 4764/4764 4750/4750 4753/4753
f 4754/4754 4768/4768 4760/4760
f 4760/4760 4746/4746 4754/4754
f 4750/4750 4764/4764 4765/4765
f 4765/4765 4751/4751 4750/4750
f 4748/4748 4789/4789 4761/4761
f 4761/4761 4747/4747 4748/4748
f 4758/4758 4790/4790 4762/4762
f 4762/4762 4748/4748 4758/4758
f 4755/4755 4769/4769 4772/4772
f 4772/4772 4758/4758 4755/4755
f 4749/4749 4763/4763 4767/4767
f 4767/4767 4753/4753 4749/4749
f 4745/4745 4759/4759 4766/4766
f 4766/4766 4752/4752 4745/4745
f 4751/4751 4765/4765 4769/4769
f 4769/4769 4755/4755 4751/4751
f 4747/4747 4761/4761 4768/4768
f 4768/4768 4754/4754 4747/4747

g PV-M4A1_S_BornBeast_Classic_M4A1S_BornBeast05
usemtl Fview-hand2
v 0.156067873155534 -1.5896523282247033 -0.30810117651523428
v 0.14889385839795483 -1.6105860801707526 -0.30374533503518159
v 0.15857713135208082 -1.6482523042519672 -0.31876902083869402
v 0.17318400740840842 -1.6642382778875113 -0.33884395415006008
v 0.17093649400126251 -1.5723890080840879 -0.34500181183901429
v 0.14794597503318233 -1.6105862190089912 -0.33352103491874263
v 0.15016348202600163 -1.6303921532329873 -0.33648727917778143
v 0.17558625603252148 -1.6638480035986871 -0.35373820800559796
v 0.16892396431301915 -1.5725179888077867 -0.31974251985849605
v 0.15623777645007283 -1.589880022936077 -0.33679824212278114
v 0.15002561565502956 -1.6304816344777924 -0.30732479308474503
v 0.16016630854114333 -1.6482846535615709 -0.34407694091229679
v 0.18510370406536875 -1.557655216522861 -0.34026485939388779
v 0.18763248638922467 -1.5574133950207054 -0.35569731968152357
v 0.1609416853944024 -1.5920771380625958 -0.30813029783578955
v 0.15500673249758884 -1.6113247343098906 -0.30465451724093245
v 0.16323883347186305 -1.6456909470063699 -0.3184711433976864
v 0.17778906352682447 -1.6611564855043623 -0.33814983237596652
v 0.17492823220047501 -1.5760715188162837 -0.34462694859467935
v 0.15406320518255376 -1.6113122388684129 -0.33494541111853637
v 0.15589842108527074 -1.6285809389907755 -0.33736675000046279
v 0.18054130599577561 -1.6610729048846995 -0.35455377852894404
v 0.17312562592905922 -1.575973394891123 -0.31953915654844434
v 0.16090602132185111 -1.5926772316395685 -0.33777437906911739
v 0.15593700076083356 -1.6291090796505718 -0.30819957811687215
v 0.16410067183823679 -1.6451360105665156 -0.34442021845734055
v 0.19086193323917014 -1.5601650300723624 -0.3400239056307236
v 0.19284738947087821 -1.5600105725318727 -0.35593969653663388
v 0.17492823220047501 -1.5760715188162837 -0.34462694859467935
v 0.19284738947087821 -1.5600105725318727 -0.35593969653663388
v 0.19086193323917014 -1.5601650300723624 -0.3400239056307236
v 0.17312562592905922 -1.575973394891123 -0.31953915654844434
v 0.15406320518255376 -1.6113122388684129 -0.33494541111853637
v 0.16090602132185111 -1.5926772316395685 -0.33777437906911739
v 0.1609416853944024 -1.5920771380625958 -0.30813029783578955
v 0.15500673249758884 -1.6113247343098906 -0.30465451724093245
v 0.15593700076083356 -1.6291090796505718 -0.30819957811687215
v 0.15589842108527074 -1.6285809389907755 -0.33736675000046279
v 0.17778906352682447 -1.6611564855043623 -0.33814983237596652
v 0.18054130599577561 -1.6610729048846995 -0.35455377852894404
v 0.16410067183823679 -1.6451360105665156 -0.34442021845734055
v 0.16323883347186305 -1.6456909470063699 -0.3184711433976864
v 0.19086193323917014 -1.5601650300723624 -0.3400239056307236
v 0.19284738947087821 -1.5600105725318727 -0.35593969653663388
v 0.17778906352682447 -1.6611564855043623 -0.33814983237596652
v 0.18054130599577561 -1.6610729048846995 -0.35455377852894404
vt 0.13352200388908386 0.59000501036643982
vt 0.13142800331115723 0.57755100727081299
vt 0.13860400021076202 0.55475699901580811
vt 0.14925000071525574 0.54077699780464172
vt 0.15455099940299988 0.60493999719619751
vt 0.14927700161933899 0.57738599181175232
vt 0.15049499273300171 0.56542098522186279
vt 0.1582610011100769 0.53919300436973572
vt 0.13945400714874268 0.60277599096298218
vt 0.15079499781131744 0.59080800414085388
vt 0.13304199278354645 0.56652900576591492
vt 0.15375299751758575 0.55280101299285889
vt 0.15034699440002441 0.61698400974273682
vt 0.15957500040531158 0.61904698610305786
vt 0.1305219978094101 0.59094399213790894
vt 0.12800100445747375 0.57760500907897949
vt 0.13593100011348724 0.5531260073184967
vt 0.14877200126647949 0.53744900226593018
vt 0.15766599774360657 0.60387700796127319
vt 0.15302500128746033 0.5774100124835968
vt 0.15408800542354584 0.56601399183273315
vt 0.16173699498176575 0.53933700919151306
vt 0.13670100271701813 0.60441398620605469
vt 0.15408200025558472 0.59023299813270569
vt 0.12984000146389008 0.56536400318145752
vt 0.15664100646972656 0.55375900864601135
vt 0.14992600679397583 0.62074699997901917
vt 0.15941700339317322 0.62255200743675232
vt 0.25634101033210754 0.61393100023269653
vt 0.25266501307487488 0.62147301435470581
vt 0.25770801305770874 0.62105301022529602
vt 0.26427200436592102 0.61364200711250305
vt 0.25944200158119202 0.60082700848579407
vt 0.25854200124740601 0.60708799958229065
vt 0.26789501309394836 0.60728499293327332
vt 0.26900398731231689 0.60093399882316589
vt 0.2679620087146759 0.59530100226402283
vt 0.25875800848007202 0.59533798694610596
vt 0.25859999656677246 0.58283600211143494
vt 0.25338900089263916 0.58226901292800903
vt 0.25660499930381775 0.58948099613189697
vt 0.26479700207710266 0.58954301476478577
vt 0.1479869931936264 0.61997398734092712
vt 0.16308699548244476 0.61904400587081909
vt 0.1464879959821701 0.53873100876808167
vt 0.15864799916744232 0.53576800227165222
f 4803/4803 4804/4804 4795/4795
f 4795/4795 4799/4799 4803/4803
f 4791/4791 4800/4800 4796/4796
f 4796/4796 4792/4792 4791/4791
f 4796/4796 4797/4797 4801/4801
f 4801/4801 4792/4792 4796/4796
f 4802/4802 4798/4798 4794/4794
f 4794/4794 4793/4793 4802/4802
f 4799/4799 4795/4795 4800/4800
f 4800/4800 4791/4791 4799/4799
f 4802/4802 4793/4793 4801/4801
f 4801/4801 4797/4797 4802/4802
f 4819/4819 4820/4820 4821/4821
f 4821/4821 4822/4822 4819/4819
f 4823/4823 4824/4824 4825/4825
f 4825/4825 4826/4826 4823/4823
f 4827/4827 4828/4828 4823/4823
f 4823/4823 4826/4826 4827/4827
f 4829/4829 4830/4830 4831/4831
f 4831/4831 4832/4832 4829/4829
f 4824/4824 4819/4819 4822/4822
f 4822/4822 4825/4825 4824/4824
f 4827/4827 4832/4832 4831/4831
f 4831/4831 4828/4828 4827/4827
f 4799/4799 4813/4813 4833/4833
f 4833/4833 4803/4803 4799/4799
f 4804/4804 4834/4834 4809/4809
f 4809/4809 4795/4795 4804/4804
f 4803/4803 4817/4817 4818/4818
f 4818/4818 4804/4804 4803/4803
f 4792/4792 4806/4806 4805/4805
f 4805/4805 4791/4791 4792/4792
f 4800/4800 4814/4814 4810/4810
f 4810/4810 4796/4796 4800/4800
f 4801/4801 4815/4815 4806/4806
f 4806/4806 4792/4792 4801/4801
f 4796/4796 4810/4810 4811/4811
f 4811/4811 4797/4797 4796/4796
f 4794/4794 4835/4835 4807/4807
f 4807/4807 4793/4793 4794/4794
f 4798/4798 4836/4836 4808/4808
f 4808/4808 4794/4794 4798/4798
f 4802/4802 4816/4816 4812/4812
f 4812/4812 4798/4798 4802/4802
f 4791/4791 4805/4805 4813/4813
f 4813/4813 4799/4799 4791/4791
f 4795/4795 4809/4809 4814/4814
f 4814/4814 4800/4800 4795/4795
f 4797/4797 4811/4811 4816/4816
f 4816/4816 4802/4802 4797/4797
f 4793/4793 4807/4807 4815/4815
f 4815/4815 4801/4801 4793/4793

g PV-M4A1_S_BornBeast_Classic_M4A1S_BornBeast06
usemtl Fview-hand2
v 0.15962051807025956 -1.5878016839227171 -0.35902242607789381
v 0.15232902880800894 -1.6105862190089912 -0.35436131402062582
v 0.15979668644031714 -1.6490381981018036 -0.36544230623272622
v 0.17268917057110647 -1.66400114217591 -0.38351928787090633
v 0.17247282588574167 -1.5701134146431766 -0.39501943272546869
v 0.14779908417669849 -1.6105863578472297 -0.38482415905678852
v 0.14907497288026406 -1.6301415502122374 -0.38652149123375362
v 0.17295834320627473 -1.6639263083652815 -0.39949507425069003
v 0.17272337684215203 -1.5701269513714442 -0.37151047441951734
v 0.15691443931565707 -1.588090536878213 -0.38768993649538963
v 0.15263534067201409 -1.6303155145252566 -0.35718080626141946
v 0.15887106925806696 -1.6490604816391057 -0.3924784326366122
v 0.18533082606900816 -1.5572849696499611 -0.38558974781422334
v 0.18568604370257516 -1.5573347778680739 -0.40132213340688677
v 0.16514143798466116 -1.5903303100535546 -0.35899212463231006
v 0.15850696597722683 -1.6113898147342542 -0.35515314320516406
v 0.16485216851444937 -1.6464973194964059 -0.36560915508601494
v 0.17789636813051535 -1.6612558936832305 -0.38397144930460553
v 0.17599404129419452 -1.5734351542122595 -0.39541279616510272
v 0.15402229996649369 -1.6113540291782442 -0.38645526539392111
v 0.15498576792355381 -1.6286119693371122 -0.38819831006095923
v 0.17826715300159016 -1.6614799091812802 -0.40068549066359127
v 0.17681643224601395 -1.5737122059174709 -0.370217994546434
v 0.16197561375757363 -1.5908265873375824 -0.38923413009513197
v 0.15890716720011402 -1.6291714180197223 -0.3577728819301107
v 0.16310721482162988 -1.6458787257241341 -0.39267919272968937
v 0.19008117640416367 -1.5598746151866818 -0.38525216263696394
v 0.19082656419787597 -1.5600890508462653 -0.40219650192429801
v 0.17599404129419452 -1.5734351542122595 -0.39541279616510272
v 0.19082656419787597 -1.5600890508462653 -0.40219650192429801
v 0.19008117640416367 -1.5598746151866818 -0.38525216263696394
v 0.17681643224601395 -1.5737122059174709 -0.370217994546434
v 0.15402229996649369 -1.6113540291782442 -0.38645526539392111
v 0.16197561375757363 -1.5908265873375824 -0.38923413009513197
v 0.16514143798466116 -1.5903303100535546 -0.35899212463231006
v 0.15850696597722683 -1.6113898147342542 -0.35515314320516406
v 0.15890716720011402 -1.6291714180197223 -0.3577728819301107
v 0.15498576792355381 -1.6286119693371122 -0.38819831006095923
v 0.17789636813051535 -1.6612558936832305 -0.38397144930460553
v 0.17826715300159016 -1.6614799091812802 -0.40068549066359127
v 0.16310721482162988 -1.6458787257241341 -0.39267919272968937
v 0.16485216851444937 -1.6464973194964059 -0.36560915508601494
v 0.19008117640416367 -1.5598746151866818 -0.38525216263696394
v 0.19082656419787597 -1.5600890508462653 -0.40219650192429801
v 0.17789636813051535 -1.6612558936832305 -0.38397144930460553
v 0.17826715300159016 -1.6614799091812802 -0.40068549066359127
vt 0.15985099971294403 0.59081900119781494
vt 0.15812100470066071 0.57684001326560974
vt 0.16344200074672699 0.55365198850631714
vt 0.17258800566196442 0.54036000370979309
vt 0.17973199486732483 0.60678499937057495
vt 0.17695200443267822 0.57696801424026489
vt 0.17772200703620911 0.56518200039863586
vt 0.18240399658679962 0.53901800513267517
vt 0.16541300714015961 0.604746013879776
vt 0.17746299505233765 0.5917620062828064
vt 0.15963500738143921 0.56560701131820679
vt 0.17991000413894653 0.55198800563812256
vt 0.1721390038728714 0.61690500378608704
vt 0.18170100450515747 0.61853298544883728
vt 0.15643300116062164 0.59175300598144531
vt 0.15448999404907227 0.57689100503921509
vt 0.1605599969625473 0.55208998918533325
vt 0.17248499393463135 0.53673499822616577
vt 0.18268799781799316 0.60631498694419861
vt 0.18082700669765472 0.5771619975566864
vt 0.18153299391269684 0.56544700264930725
vt 0.18605700135231018 0.53850200772285461
vt 0.16211099922657013 0.60568800568580627
vt 0.18109899759292603 0.59170699119567871
vt 0.15599299967288971 0.56467598676681519
vt 0.18306300044059753 0.55271199345588684
vt 0.17146299779415131 0.62016201019287109
vt 0.18168500065803528 0.62215098738670349
vt 0.24424299597740173 0.57268500328063965
vt 0.24267999827861786 0.57914501428604126
vt 0.24799400568008423 0.57853999733924866
vt 0.25217399001121521 0.57209199666976929
vt 0.24601200222969055 0.55850899219512939
vt 0.24557200074195862 0.56549400091171265
vt 0.25516700744628906 0.56541100144386292
vt 0.25598898530006409 0.55838900804519653
vt 0.25512799620628357 0.55278199911117554
vt 0.24545100331306458 0.55305600166320801
vt 0.24740099906921387 0.54041099548339844
vt 0.24214300513267517 0.53999599814414978
vt 0.24429599940776825 0.54698601365089417
vt 0.25285500288009644 0.54692599177360535
vt 0.16947099566459656 0.61896800994873047
vt 0.18528500199317932 0.61910200119018555
vt 0.16991700232028961 0.53778699040412903
vt 0.18265900015830994 0.53537499904632568
f 4849/4849 4850/4850 4841/4841
f 4841/4841 4845/4845 4849/4849
f 4837/4837 4846/4846 4842/4842
f 4842/4842 4838/4838 4837/4837
f 4842/4842 4843/4843 4847/4847
f 4847/4847 4838/4838 4842/4842
f 4848/4848 4844/4844 4840/4840
f 4840/4840 4839/4839 4848/4848
f 4845/4845 4841/4841 4846/4846
f 4846/4846 4837/4837 4845/4845
f 4848/4848 4839/4839 4847/4847
f 4847/4847 4843/4843 4848/4848
f 4865/4865 4866/4866 4867/4867
f 4867/4867 4868/4868 4865/4865
f 4869/4869 4870/4870 4871/4871
f 4871/4871 4872/4872 4869/4869
f 4873/4873 4874/4874 4869/4869
f 4869/4869 4872/4872 4873/4873
f 4875/4875 4876/4876 4877/4877
f 4877/4877 4878/4878 4875/4875
f 4870/4870 4865/4865 4868/4868
f 4868/4868 4871/4871 4870/4870
f 4873/4873 4878/4878 4877/4877
f 4877/4877 4874/4874 4873/4873
f 4845/4845 4859/4859 4879/4879
f 4879/4879 4849/4849 4845/4845
f 4850/4850 4880/4880 4855/4855
f 4855/4855 4841/4841 4850/4850
f 4849/4849 4863/4863 4864/4864
f 4864/4864 4850/4850 4849/4849
f 4838/4838 4852/4852 4851/4851
f 4851/4851 4837/4837 4838/4838
f 4846/4846 4860/4860 4856/4856
f 4856/4856 4842/4842 4846/4846
f 4847/4847 4861/4861 4852/4852
f 4852/4852 4838/4838 4847/4847
f 4842/4842 4856/4856 4857/4857
f 4857/4857 4843/4843 4842/4842
f 4840/4840 4881/4881 4853/4853
f 4853/4853 4839/4839 4840/4840
f 4844/4844 4882/4882 4854/4854
f 4854/4854 4840/4840 4844/4844
f 4848/4848 4862/4862 4858/4858
f 4858/4858 4844/4844 4848/4848
f 4837/4837 4851/4851 4859/4859
f 4859/4859 4845/4845 4837/4837
f 4841/4841 4855/4855 4860/4860
f 4860/4860 4846/4846 4841/4841
f 4843/4843 4857/4857 4862/4862
f 4862/4862 4848/4848 4843/4843
f 4839/4839 4853/4853 4861/4861
f 4861/4861 4847/4847 4839/4839

g PV-M4A1_S_BornBeast_Classic_M4A1S_BornBeast01
usemtl Fview-hand2
v 0.1777864429550701 -1.8842521108040216 -0.16989569314527847
v 0.17778571405431723 -1.8842523884804987 -0.37656075005970047
v 0.17778587024733569 -1.6650207702005009 -0.28111543103719566
v 0.17778630411683144 -1.6933812572080185 -0.16989610965999441
v 0.17778600908557435 -1.6933813960462571 -0.24837657604540567
v 0.1777864429550701 -2.0252369274542437 -0.14778303100535545
v 0.17778673798632721 -2.20240597411685 -0.097474231622907942
v 0.17778571405431723 -1.6650209090387396 -0.37656102773617772
v 0.17778587024733569 -2.0594797823756887 -0.35570183192427945
v 0.17778614792381298 -2.25 -0.3014474580569681
v 0.25305315121150246 -2.0252369274542437 -0.1477831698435941
v 0.25305315121150246 -2.20240597411685 -0.097474370461146584
v 0.25305315121150246 -1.8842521108040216 -0.16989583198351713
v 0.25305315121150246 -1.8842523884804987 -0.37656075005970047
v 0.25305315121150246 -1.6650207702005009 -0.28111556987543435
v 0.25305315121150246 -1.6933812572080185 -0.16989610965999441
v 0.25305315121150246 -1.6933813960462571 -0.2483767148836443
v 0.25305315121150246 -1.6650207702005009 -0.37656116657441635
v 0.25305315121150246 -2.0594797823756887 -0.35570183192427945
v 0.25305315121150246 -2.25 -0.3014476316047664
v 0.17778673798632721 -2.20240597411685 -0.097474231622907942
v 0.1777864429550701 -2.0252369274542437 -0.14778303100535545
v 0.17778600908557435 -1.6933813960462571 -0.24837657604540567
v 0.1777864429550701 -1.8842521108040216 -0.16989569314527847
v 0.17778630411683144 -1.6933812572080185 -0.16989610965999441
v 0.17778587024733569 -1.6650207702005009 -0.28111543103719566
v 0.17778614792381298 -2.25 -0.3014474580569681
v 0.25305315121150246 -2.25 -0.3014476316047664
v 0.25305315121150246 -2.20240597411685 -0.097474370461146584
v 0.17778673798632721 -2.20240597411685 -0.097474231622907942
v 0.25305315121150246 -1.8842521108040216 -0.16989583198351713
v 0.25305315121150246 -1.6933812572080185 -0.16989610965999441
v 0.17778630411683144 -1.6933812572080185 -0.16989610965999441
v 0.25305315121150246 -1.6933812572080185 -0.16989610965999441
v 0.25305315121150246 -1.6933813960462571 -0.2483767148836443
v 0.25305315121150246 -1.6650207702005009 -0.28111556987543435
v 0.25305315121150246 -1.6650207702005009 -0.37656116657441635
v 0.17778571405431723 -1.6650209090387396 -0.37656102773617772
v 0.25305315121150246 -2.20240597411685 -0.097474370461146584
v 0.25305315121150246 -2.0252369274542437 -0.1477831698435941
v 0.25305315121150246 -1.8842523884804987 -0.37656075005970047
v 0.25305315121150246 -1.6650207702005009 -0.37656116657441635
v 0.25305315121150246 -2.0594797823756887 -0.35570183192427945
v 0.25305315121150246 -2.25 -0.3014476316047664
vt 0.88199102878570557 0.16362500190734863
vt 0.96926301717758179 0.17303597927093506
vt 0.92718601226806641 0.26617801189422607
vt 0.88334298133850098 0.26681101322174072
vt 0.9115939736366272 0.26640301942825317
vt 0.88201099634170532 0.10970598459243774
vt 0.88203698396682739 0.040024995803833008
vt 0.96195799112319946 0.26376098394393921
vt 0.96866798400878906 0.10802501440048218
vt 0.9590650200843811 0.034537017345428467
vt 0.89307302236557007 0.11146801710128784
vt 0.88372498750686646 0.042101025581359863
vt 0.89528101682662964 0.16597402095794678
vt 0.96926301717758179 0.17303597927093506
vt 0.92751002311706543 0.26105600595474243
vt 0.88813400268554688 0.24717098474502563
vt 0.91644102334976196 0.24978601932525635
vt 0.96195697784423828 0.26376098394393921
vt 0.96866798400878906 0.10802501440048218
vt 0.9590650200843811 0.034537017345428467
vt 0.88372498750686646 0.042101025581359863
vt 0.89307302236557007 0.11146801710128784
vt 0.91644197702407837 0.24978601932525635
vt 0.89528101682662964 0.16597402095794678
vt 0.88813400268554688 0.24717098474502563
vt 0.92751002311706543 0.26105600595474243
vt 0.96030700206756592 0.031020998954772949
vt 0.95751899480819702 0.0040670037269592285
vt 0.88251399993896484 0.011825025081634521
vt 0.88530099391937256 0.038778007030487061
vt 0.85489398241043091 0.16361498832702637
vt 0.85486400127410889 0.24481797218322754
vt 0.88195997476577759 0.2448279857635498
vt 0.88373398780822754 0.29390597343444824
vt 0.91198498010635376 0.29349797964096069
vt 0.92757701873779297 0.29327201843261719
vt 0.96193498373031616 0.29277598857879639
vt 0.9615439772605896 0.26568198204040527
vt 0.85493999719619751 0.040014982223510742
vt 0.85491400957107544 0.10969597101211548
vt 0.99624001979827881 0.173878014087677
vt 0.98917800188064575 0.26570302248001099
vt 0.99548202753067017 0.10629498958587646
vt 0.98628497123718262 0.031332015991210938
f 4892/4892 4903/4903 4904/4904
f 4904/4904 4891/4891 4892/4892
f 4905/4905 4884/4884 4906/4906
f 4906/4906 4907/4907 4905/4905
f 4891/4891 4904/4904 4906/4906
f 4906/4906 4884/4884 4891/4891
f 4905/4905 4908/4908 4890/4890
f 4890/4890 4884/4884 4905/4905
f 4909/4909 4910/4910 4911/4911
f 4911/4911 4912/4912 4909/4909
f 4913/4913 4914/4914 4915/4915
f 4915/4915 4883/4883 4913/4913
f 4916/4916 4917/4917 4887/4887
f 4887/4887 4886/4886 4916/4916
f 4918/4918 4919/4919 4920/4920
f 4920/4920 4885/4885 4918/4918
f 4917/4917 4918/4918 4885/4885
f 4885/4885 4887/4887 4917/4917
f 4888/4888 4889/4889 4921/4921
f 4921/4921 4922/4922 4888/4888
f 4922/4922 4913/4913 4883/4883
f 4883/4883 4888/4888 4922/4922
f 4923/4923 4884/4884 4890/4890
f 4890/4890 4924/4924 4923/4923
f 4925/4925 4891/4891 4884/4884
f 4884/4884 4923/4923 4925/4925
f 4892/4892 4891/4891 4925/4925
f 4925/4925 4926/4926 4892/4892
f 4902/4902 4901/4901 4893/4893
f 4893/4893 4894/4894 4902/4902
f 4899/4899 4898/4898 4895/4895
f 4895/4895 4896/4896 4899/4899
f 4901/4901 4896/4896 4895/4895
f 4895/4895 4893/4893 4901/4901
f 4899/4899 4896/4896 4900/4900
f 4900/4900 4897/4897 4899/4899
